a beau mentir qui vient de loin	long ways, long lies
a cappella	a cappella
a contrario	au contraire, on the contrary
a divinis	from priestly authority, from divine offic
a fortiori	a fortiori
a giorno	that produces a glow comparable to that of; in a way that produces a glow compar
a latere	a latere (being sent by the pope to repres
a posteriori	a posteriori
a priori	intuitively known, a priori; at first glance; preconceived idea
a privatif	alpha privative
a tempo	return to normal tempo from a deviation
a'ec	with
a-t-il	the interrogative form of avoir in the thi; a form of avoir (when used as a past
abaisse-langue	a tongue depressor
abandon scolaire	the action of dropping out of school, usua
abandonner à son sort	to leave someone to their fate
abat-chauvée	pulled wool of low quality, generally deta
abat-foin	trapdoor in the loft of a barn, used for t
abat-jour	lampshade; eyeshade; skylight
abat-son	any of the inclined louvre-boards, covered
abat-vent	chimney cowl; louver boarding (of window, opening), abat; wind screen
abat-voix	abatvoix
abattre ses cartes	to show one's hand, to show one's cards, t; to show one's cards (to reveal one's
abattre son jeu	to show one's hand, to show one's cards, t; to show one's cards (to reveal one's
abeille charpentière	carpenter bee
abeille mère	queen bee
abeille ouvrière	worker bee
abeille à miel	honey bee
aberration chromatique	chromatic aberration
aberration sphérique	spherical aberration
ablatif absolu	ablative absolute
abominable homme des neiges	abominable snowman (manlike or apelike ani
abondance de biens ne nuit pas	plenty is no plague, you can never have to
abonder dans le sens	to agree profusely with, to express the sa
abri anti-atomique	fallout shelter
abri anti-aérien	bomb shelter; air-raid shelter
abri de jardin	garden shed
abri de nuit	night shelter, homeless shelter
abri fiscal	tax shelter
abri sous roche	a rock shelter
abri-sous-roche	rock shelter
abu-markub	shoebill
abus d'autorité	abuse of authority
abus de confiance	breach of trust; con game; embezzlement
abus de faiblesse	abuse of a vulnerable person
abus de langage	malapropism (improper use of language, whe
abus de position dominante	monopolization
abus de pouvoir	abuse of power
abus sexuel	sexual abuse
abîme de science	a fount of knowledge (a very knowledgeable
acacia blanc	black locust, Robinia pseudoacacia
accent aigu	acute accent
accent circonflexe	circumflex (diacritic)
accent grave	grave accent
accent tonique	stress
accident de décompression	caisson disease, decompression sickness
accident de la route	traffic collision, road accident
accident de parcours	mishap, setback
accident de travail	work accident, work-related accident, work
accident vasculaire cérébral	cerebrovascular accident, stroke
accord de confidentialité	non-disclosure agreement
accord de non-divulgation	non-disclosure agreement
accord de principe	agreement in principle
accord parfait	tonic chord
accorder ses violons	to reach an agreement, to settle on someth
accotement non stabilisé	soft shoulder
accotement stabilisé	hard shoulder
accroche-cœur	kiss curl
accusatif absolu	accusative absolute
accuser le coup	to be visibly shaken, to be visibly affect
accuser réception	to confirm receipt, to acknowledge receipt
accusé de réception	receipt, acknowledgment of receipt
accélérateur de particules	particle accelerator (device that accelera
acharnement thérapeutique	Providing medical care to keep patients al
achat-vente	buying and selling
acheter chat en poche	to purchase without seeing the object in q
achevé d'imprimer	a colophon, printer notice at the end or b
achillée millefeuille	common yarrow (Achillea millefolium)
acide abiétique	abietic acid
acide acétique	acetic acid
acide acétylsalicylique	acetylsalicylic acid (acetate ester of sal
acide adénylique	adenylic acid
acide aminé	amino acid
acide anisique	anisic acid
acide antimonique	antimonic acid
acide arachidonique	arachidonic acid
acide arachique	arachidic acid
acide ascorbique	ascorbic acid
acide aspartique	aspartic acid
acide azotique	nitric acid
acide benzoïque	benzoic acid
acide bombique	bombic acid
acide bombycique	bombycic acid
acide brassique	brassic acid
acide bromhydrique	hydrobromic acid
acide bromique	bromic acid
acide caprique	capric acid
acide caproïque	caproic acid
acide caprylique	caprylic acid
acide carbonique	carbonic acid
acide carboxylique	carboxylic acid
acide carminique	carminic acid
acide catalpique	catalpic acid
acide chaulmoogrique	chaulmoogric acid
acide chlorhydrique	hydrochloric acid
acide chlorique	chloric acid
acide chloroformique	chloroformic acid
acide cholique	cholic acid
acide citrique	citric acid
acide clupanodonique	clupanodonic acid
acide croconique	croconic acid
acide crotonique	crotonic acid
acide crépénynique	crepenynic acid
acide cyanique	cyanic acid
acide cyanurique	cyanuric acid
acide cérotique	cerotic acid
acide cétylique	cetylic acid
acide dithionique	dithionic acid
acide diénoïque	dienoic acid
acide docosahexaénoïque	docosahexaenoic acid
acide docosénoïque	docosenoic acid
acide dotriacontanoïque	dotriacontanoic acid
acide désoxyribonucléique	deoxyribonucleic acid, DNA
acide eicosatriénoïque	eicosatrienoic acid
acide eicosénoïque	eicosenoic acid
acide esculique	esculic acid
acide filicique	filicic acid
acide fluoborique	fluoboric acid
acide fluorhydrique	hydrofluoric acid
acide folique	folic acid
acide fulminique	fulminic acid
acide férulique	ferulic acid
acide gadoléique	gadoleic acid
acide gallique	gallic acid
acide glaucique	glaucic acid
acide gluconique	gluconic acid
acide glutarique	glutaric acid
acide glycocholique	glycocholic acid
acide glycérique	glyceric acid
acide glycérophosphorique	glycerophosphoric acid
acide gondoïque	gondoic acid
acide gorlique	gorlic acid
acide gras	fatty acid
acide hentriacontanoïque	hentriacontanoic acid
acide heptacosanoïque	heptacosanoic acid
acide hexacosanoïque	hexacosanoic acid
acide hexanoïque	hexanoic acid
acide hexatriacontanoïque	hexatriacontanoic acid
acide hexaénoïque	hexaenoic acid
acide hippurique	hippuric acid
acide hircique	hircic acid
acide hyaluronique	hyaluronic acid
acide hydnocarpique	hydnocarpic acid
acide hydrazoïque	hydrazoic acid
acide hydriodique	hydriodic acid
acide hydroferrocyanique	hydroferrocyanic acid
acide hydrosulfureux	hydrosulfurous acid
acide hydrosulfurique	hydrosulfuric acid
acide hyperiodique	periodic acid
acide hypoazoteux	hyponitrous acid
acide hypoazotique	hyponitric acid
acide hyponitreux	hyponitrous acid
acide hypophosphoreux	hypophosphorous acid
acide hypophosphorique	hypophosphoric acid
acide hyposulfureux	hyposulfurous acid
acide hénéicosanoïque	heneicosanoic acid
acide icosanoïque	eicosanoic acid
acide icosénoïque	eicosenoic acid
acide idonique	idonic acid
acide indigotique	indigotic acid
acide iodhydrique	hydroiodic acid
acide isopalmitique	isopalmitic acid
acide itaconique	itaconic acid
acide jalapique	jalapic acid
acide kinovique	kinovic acid, quinovic acid
acide lactique	lactic acid
acide lactobacillique	lactobacillic acid
acide lactucique	lactucic acid
acide lacéroïque	lacceroic acid
acide leucique	leucic acid
acide lichénique	lichenic acid
acide lignocérique	lignoceric acid
acide limonoïque	limonoic acid
acide linolénique	linolenic acid
acide lysergique	lysergic acid
acide malique	malic acid
acide malvalique	malvalic acid
acide margaritique	margaritic acid
acide monothionique	monothionic acid
acide montanique	montanic acid
acide moringique	moringic acid
acide moroctique	moroctic acid
acide moroxylique	moroxylic acid
acide muriatique	muriatic acid
acide myristoléique	myristoleic acid
acide myronique	myronic acid
acide méconique	meconic acid
acide méfénamique	mefenamic acid
acide mélassique	melassic acid
acide mélissique	melissic acid
acide ménisperminique	menispermic acid
acide métapectique	metapectic acid
acide métaphosphorique	metaphosphoric acid
acide métastannique	metastannic acid
acide méthionique	methionic acid
acide naphtalénique	naphthalenic acid
acide narcotinique	narcotinic acid
acide nervonique	nervonic acid
acide nitranilique	nitranilic acid
acide nitreux	nitrous acid
acide nitrique	nitric acid
acide nucléique	nucleic acid
acide octacosanoïque	octacosanoic acid
acide octadécatriénoïque	octadecatrienoic acid
acide octadécylique	octadecylic acid
acide octanoïque	octanoic acid
acide oléique	oleic acid (fatty acid with 18 carbon atom
acide opianique	opianic acid
acide orthophosphorique	orthophosphoric acid
acide osmique	osmic acid
acide oxalique	oxalic acid
acide oxalovinique	oxalovinic acid
acide oxamique	oxamic acid
acide palmitoléique	palmitoleic acid
acide parabanique	parabanic acid
acide paralactique	paralactic acid
acide paullinique	paullinic acid
acide pectosique	pectosic acid
acide pentathionique	pentathionic acid
acide pentatriacontanoïque	pentatriacontanoic acid
acide permanganique	permanganic acid
acide perrhénique	perrhenic acid
acide pertechnétique	pertechnetic acid
acide phaséolique	phaseolic acid
acide phosphoglycérique	phosphoglyceric acid
acide phytanique	phytanic acid
acide phytomonique	phytomonic acid
acide picrique	picric acid
acide pimarique	pimaric acid
acide pinique	pinic acid
acide pinoléique	pinoleic acid
acide pinolénique	pinolenic acid
acide pneumique	pneumic acid
acide pristanique	pristanic acid
acide punicique	punicic acid
acide purpurique	purpuric acid
acide pyrophosphorique	pyrophosphoric acid
acide pyrotartrique	pyrotartaric acid
acide pyruvique	pyruvic acid
acide pétrosélinique	petroselinic acid
acide quinique	quinic acid
acide rhizocarpique	rhizocarpic acid
acide ribonucléique	ribonucleic acid (derivative of DNA, used
acide ricinique	ricinic acid
acide ricinoléique	ricinoleic acid
acide ricinostéarique	ricinostearic acid
acide rosolique	rosolic acid
acide ruménique	rumenic acid
acide salicyleux	salicylous acid
acide salicylique	salicylic acid
acide sapiénique	sapienic acid
acide silicique	silicic acid
acide sorbique	sorbic acid
acide strychninique	strychnic acid
acide stéaridonique	stearidonic acid
acide stéarique	stearic acid
acide subérique	suberic acid
acide sulfhydrique	sulfhydric acid (hydrogen sulfide)
acide sulfurique	sulphuric acid (H₂SO₄)
acide sébacique	sebacic acid
acide tanacétique	malic acid
acide tantalique	tantalic acid
acide taririque	tariric acid
acide tartralique	tartralic acid
acide tartramique	tartramic acid
acide tartrique	tartaric acid
acide taurocholique	taurocholic acid
acide triacontanoïque	triacontanoic acid
acide trichloracétique	trichloroacetic acid
acide trichosanique	trichosanic acid
acide tritriacontanoïque	tritriacontanoic acid
acide tuberculostéarique	tuberculostearic acid
acide tétracosanoïque	tetracosanoic acid
acide tétradécénoïque	tetradecenoic acid
acide tétratriacontanoïque	tetratriacontanoic acid
acide urique	uric acid, urate
acide ursolique	ursolic acid
acide urushinique	urushinic acid
acide vaccénique	vaccenic acid
acide vulpinique	vulpinic acid
acide vulpique	vulpic acid
acide zoonique	zoonic acid
acide éicosanoïque	eicosanoic acid
acide élaïdique	elaidic acid
acide éléostéarique	eleostearic acid
acide érucique	erucic acid
acide éthionique	ethionic acid
acido-basique	acid-base
acier inoxydable	stainless steel
acolyte des illustres	follower (someone who follows someone else
acore odorant	sweet flag, Acorus calamus
acte d'accusation	bill of indictment (official legal documen
acte de contrition	act of contrition
acte de décès	death certificate (official document certi
acte de foi	act of faith; leap of faith
acte de guerre	act of war
acte de naissance	birth certificate (official document certi
acte manqué	a mistake which was unconsciously delibera
actif circulant	current asset (asset which can reasonably
actif corporel	tangible asset (any asset of a business th
actif financier	financial asset (non-physical asset whose
actif immobilisé	fixed asset (asset or property which canno
actif incorporel	intangible asset (any valuable property of
action de grâce	thanksgiving (expression of gratitude to G
action directe	direct action (form of political activism
adjectif possessif	a possessive adjective, adjective serving
adjudant de première classe	(DRC) Military rank in between adjudant an
adjudant-chef	chief warrant officer, chief adjutant, ser
adjudant-chef major	sous-officier rank senior to that of adjud
adjudant-major	Military rank used in some Francophone cou
adjutant-chef	Senior non-commissioned officer or sub-off
administrateur de bases de données	database administrator
admirateur secret	secret admirer
adn poubelle	junk DNA
adresse de courrier électronique	e-mail address
adresse de messagerie	e-mail address
adresse e-mail	e-mail address
adresse ip	IP address
adresser la parole	to speak to, to talk to, to address, to ac
adverbe interrogatif	interrogative adverb
advienne que pourra	come what may; whatever happens, happens
adénosine triphosphate	adenosine triphosphate
affaire d'état	affair of state, state matter, government; matter of paramount importance
affaire de cœur	matter of the heart, affair of the heart (
affaire de vie ou de mort	matter of life and death, matter of life o
affaires courantes	day-to-day running of a country
affaires étrangères	foreign affairs (policy)
affaires étudiantes	student affairs
afficher complet	to be sold out; to be full
afficheur à cristaux liquides	liquid crystal display
affinité élective	elective affinity
afin de	in order to, so, so that
afin que	so that
afro-asiatique	Afroasiatic
afro-cubain	Afro-Cuban
after-dinner	digestive (an alcoholic drink after a meal
agastache fenouil	anise hyssop (Agastache foeniculum) (Pursh
agence de presse	news agency
agence de rencontres	dating agency
agence de voyages	travel agency
agenda de ministre	a very busy schedule
agent d'assurance	insurance agent
agent d'entretien	cleaner
agent d'influence	agent of influence
agent de bord	flight attendant
agent de change	foreign exchange dealer, foreign exchange
agent de liaison	liaison agent, liaison officer
agent de maîtrise	supervisor, manager
agent de police	police officer
agent de quartier	community policeman
agent de sécurité	security guard
agent double	double agent
agent immobilier	estate agent, realtor, real estate agent
agent orange	Agent Orange (potent herbicide and defolia
agent provocateur	agent provocateur; instigator, troublemake
agent secret	secret agent
agent triple	triple agent
agent économique	actor, decision maker in a model of some a
aggraver son cas	to make one's case worse, to make things w
agiter le chiffon rouge	to provoke, to stir
agneau pascal	Paschal Lamb
agression sexuelle	sexual assault
agriculture de subsistance	subsistence farming
agrile du frêne	Agrilus planipennis, emerald ash borer
agératum du mexique	flossflower (Ageratum houstonianum Mill.)
ah bon	really? for real? is that so?
aide de camp	aide-de-camp, ADC
aide-comptable	assistant accountant, accounting assistant
aide-mémoire	aide-mémoire, memory-aid, crib
aide-soignant	nursing auxiliary (UK), nurse's aide (US)
aide-soignante	nursing auxiliary (UK), nurse's aide (US)
aigle des steppes	steppe eagle (Aquila nipalensis)
aigle impérial	eastern imperial eagle (Aquila heliaca)
aigle royal	golden eagle (Aquila chrysaetos)
aigre-doux	bittersweet, sweet and sour
aiguille d'adam	Adam's needle and thread
aiguille des heures	hour hand (the hand of a clock or watch fa
aiguille des minutes	minute hand (the hand of a clock or watch
aiguille des secondes	second hand (on a clock or watch, the hand
aiguille à tricoter	knitting needle
aiguillette baronne	tri-tip
aiguilleur du ciel	air traffic controller, ATC
aiguise-crayon	pencil sharpener
ail des ours	ramsons (Allium ursinum L.)
ail sauvage	ramsons (Allium ursinum, a wild relative o
aileron avant	front wing
aimable comme une porte de prison	very unpleasant, like a bear with a sore h
aimer bien	to like (as a friend)
aimer mieux	to like better; to prefer
ainsi donc	thus, and so
ainsi que	as, just as, like; as well as
ainsi soit-il	so be it
ainsi va la vie	such is life, that's life
air comprimé	compressed air
air conditionné	air conditioning
air de famille	family likeness, family resemblance
air du temps	air du temps
air hockey	air hockey
aire d'autoroute	rest area, truck stop (rest area along a r
aire de broca	Broca's area
aire de distribution	range (of a species)
aire de jeux	playground
aire de lancement	launch pad
aire de repos	rest area, truck stop (rest area along a r
aire de restauration	food court
aire de répartition	range (of a species)
aire de wernicke	Wernicke's area
aire urbaine	metropolitan area
ajonc de le gall	western gorse (Ulex gallii Planch.)
ajonc de provence	a species of gorse, Ulex parviflorus
ajonc nain	dwarf gorse (Ulex minor Roth)
ajouter foi	to lend credence to, to give credence to,
ajouter une corde à son arc	to add another string to one's bow
alarme incendie	fire alarm
album live	live album
album studio	studio album
alchimille des champs	field parsley-piert (Aphanes arvensis)
alchémille commune	lady's mantle (Alchemilla vulgaris)
alchémille des champs	field parsley-piert (Aphanes arvensis)
alea jacta est	the die is cast
alerte amber	amber alert
alerte rouge	red alert
algue verte	green alga
algèbre abstraite	abstract algebra
algèbre linéaire	linear algebra
all dressed	deluxe, with pepperoni, mushrooms and gree
all-dressed	all-dressed; synonym of toute garnie
allahu akbar	Allahu akbar
aller au charbon	to do the menial work, to get one's hands
aller au ciel	to go to heaven, to die
aller au lit	to go to bed
aller aux nouvelles	to find out what's going on, to go to see
aller aux putes	to whore (to hire a prostitute)
aller bon train	to be flying around, to be rife
aller chercher	to fetch, to go and get; to pick up (someone)
aller comme un gant	to fit like a glove; to go smoothly
aller de l'avant	to move on, to move forward, to forge ahea
aller de pair	to go hand in hand
aller de soi	to be self-evident, to be obvious, to be s
aller droit au cœur	to touch deeply, to go straight to (someon
aller droit dans le mur	to be riding for a fall, to be heading for
aller et venir	to walk back and forth
aller le droit chemin	to draw a straight furrow
aller loin	to go a long way, to go far (to attain suc
aller plus vite que la musique	to be hasty, to get ahead of oneself
aller sans dire	to go without saying
aller se faire	to go fuck oneself
aller se faire cuire un œuf	to get lost, go to hell
aller se faire enculer	to go fuck oneself. (Usually used in the i
aller se faire foutre	to go fuck oneself
aller se faire mettre	to get lost, to go to hell, to go fuck one
aller se faire voir	to get lost, go to hell
aller se faire voir chez les grecs	to get lost, go to hell
aller simple	a one-way trip; a one-way ticket
aller son chemin	to go one's own way, to plough one's own f
aller son petit bonhomme de chemin	to live one's life, to follow one's path i
aller tout seul	to work itself out, to be plain sailing
aller trop loin	to go too far
aller vite en besogne	to be hasty, to get ahead of oneself
aller voir ailleurs	to look for another sexual partner; to che; to take one's business elsewhere
aller à canossa	to go to Canossa; make amends, to mend one
aller à dame	to touch down (score a try)
aller à l'essentiel	to cut to the chase, to get to the point,
aller à vau-l'eau	to go downhill, to go down the drain, to g
allez savoir	who knows? go figure
allez savoir pourquoi	go figure!
allez voir là-bas si j'y suis	get lost! (go away)
allez vous faire foutre	fuck you, go fuck yourself
allez-y	go ahead; go on
allier l'utile à l'agréable	mix business with pleasure
allocation familiale	child benefit, family allowance
allongement compensatoire	compensatory lengthening
allonger la sauce	to water down a sauce; to pad one's text (to increase the size of
allonger le pas	to lengthen one's stride, to walk faster
allons-y	let's go; let's go there; come with me, follow me
allume-cigare	cigar lighter (device in a motor car that
allume-feu	firelighter (small block of flammable subs
allées et venues	comings and goings, toing and froing, back
allégement fiscal	tax break
alors même que	even though, even if
alors que	while, whereas, though; expresses a sense; when, while
alouette des champs	skylark (Alauda arvensis)
alouette hausse-col	horned lark
aloé véra	aloe vera
alpha privatif	alpha privative
alpha-test	alpha test
alphabet latin	Latin alphabet, Roman alphabet
alphabet phonétique international	International Phonetic Alphabet; IPA
alphabet radio	spelling alphabet
alternance consonantique	consonant alternation
alternance de code	code-switching
alternance vocalique	apophony, umlaut, ablaut, vowel alternatio
alvéole pulmonaire	pulmonary alveolus
amanite des césars	Caesar's agaric, Caesar's mushroom (Amanit
amanite phalloïde	death cap (Amanita phalloides)
amanite tue-mouches	fly agaric, fly fungus (Amanita muscaria)
amas d'étoiles	star cluster
amas globulaire	globular cluster
amas ouvert	open cluster (star cluster)
amas stellaire	star cluster
ambre gris	ambergris (fatty substance used in perfume
ambre jaune	amber (fossil resin)
ami avec bénéfices	friend with benefits
ami-ami	friendship
amiral d'escadre	Military rank sometimes used in Francophon
amiral de la flotte	Highest rank in the navy; admiral of the f
amnésie antérograde	anterograde amnesia
amnésie rétrograde	retrograde amnesia
amour courtois	courtly love
amour de soi	self-love
amour de vacances	vacation romance, holiday romance, holiday
amour du prochain	love of one's neighbour
amour libre	free love
amour platonique	Platonic love
amour-propre	self-esteem; quality of self-love; positiv
ams tram gram	eeny, meeny, miny, moe
amuse-bouche	snack, appetizer
amuse-gueule	snack, appetizer
amuser la galerie	to clown around, to entertain the audience
an de grâce	year of grace, year of the Christian Era
analyse complexe	complex analysis (the branch of mathematic
analyse mathématique	mathematical analysis
ancien combattant	war veteran (person who has served in the
ancien coréen	Old Korean
ancien français	Old French (French language from 9th to th
ancien grec	ancient Greek (man)
ancien occitan	the Old Occitan language
ancien régime	former government
ancre de miséricorde	sheet anchor
andain de neige	snow pile
andromède gauffrée	Elphidium macellum
anesthésie générale	general anesthesia
anesthésie locale	local anesthesia
ange de la mort	angel of death
ange déchu	fallen angel
ange gardien	guardian angel
angine blanche	sore throat
angine de cœur	angina pectoris
angine de poitrine	angina pectoris (intermittent chest pain)
angine pultacée	pultaceous angina
anglais américain	American English
anglais britannique	British English
anglais sud-africain	South African English
angle aigu	acute angle
angle complémentaire	complementary angle
angle droit	right angle (angle of 90 degrees)
angle mort	blind spot (in driving, the part of the ro
angle obtus	obtuse angle
angle plat	straight angle (an angle that is equal to
angle solide	solid angle (three-dimensional analog of a
angle sphérique	spherical angle
angle supplémentaire	supplementary angle
anglo-arabe	Anglo-Arabian, Anglo-Arab (thoroughbred ho
anguille commune	European eel (Anguilla anguilla)
anguille d'europe	European eel (Anguilla anguilla)
anguille de verre	glass eel
anguille des sables	sand lance
angélique des pyrénées	Epikeros pyrenaeus (L.) Raf
animal de compagnie	companion animal, pet (animal kept as a co
animal domestique	domesticated animal
animal-garou	wereanimal, werecreature
anis étoile	star anise
anneau gastrique	gastric band
annoncer la couleur	to set the rhythm, to set the tone; to sho
annuaire téléphonique	telephone directory, phone book
année académique	academic year
année bissextile	leap year
année civile	calendar year; civil year
année fiscale	fiscal year, financial year
année sabbatique	gap year, sabbatical year, sabbatical
année scolaire	school year
année-homme	man-year (one person's working time)
années d'or	golden years, golden age, golden era
années folles	the Roaring Twenties
anorexie mentale	anorexia nervosa
antennaire des carpates	Carpathian catsfoot (Antennaria carpatica)
antennaire dioïque	mountain cudweed (Antennaria dioica) (L.)
antenne de police	police box (small police station)
antenne parabolique	satellite dish
anti-antifa	anti-Antifa
anti-arabe	anti-Arab
anti-atomique	antiatomic (protecting against such radiat
anti-avortement	anti-abortion, pro-life
anti-coco	anti-commie
anti-corrida	antibullfighting
anti-guerre	anti-war
anti-inflammatoire	anti-inflammatory (preventing or counterac; anti-inflammatory (agent that preven
anti-sous-marin	antisubmarine
anti-sémitisme	anti-Semitism (Prejudice or hostility agai
anti-taurin	antibullfighting
anti-trigonométrique	clockwise
anti-tsiganisme	antigypsyism, antiziganism
anti-âge	antiaging
antilope cheval	roan antelope
anxiété sociale	social anxiety
anémone de mer	sea anemone (polyp)
anémone des bois	wood anemone (Anemone nemorosa)
anémone fausse-renoncule	yellow anemone (Anemone ranunculoides)
anémone hépatique	common hepatica (Hepatica nobilis)
anémone sylvie	wood anemone (Anemone nemorosa)
aphasie de broca	Broca's aphasia
aphasie de wernicke	Wernicke's aphasia
apnée du sommeil	sleep apnea
apparat critique	critical apparatus
appareil de golgi	Golgi apparatus
appareil dentaire	braces (device for straightening the teeth
appareil photo	camera (for still pictures)
appareil photo numérique	digital camera
appareil reproducteur	organs of generation, genitalia, reproduct
appel aux armes	call to arms
appel d'air	in-draught, air suction; knock-on effect, domino effect, unintended
appel d'offres	invitation to tender, request for tender(s
appel de fonds	capital call, call for capital, call for f
appel de note	footnote callout
appel de phares	flash of one's headlights
appel du pied	discreet appeal, veiled request
appel du vide	a sudden impulse to fall or jump from a he
appel en absence	missed call
appel à l'aide	cry for help; cry for help (acting out as a means of dis
appel à la prière	call to prayer
appel à témoins	appeal for witnesses
appeler aux armes	to call to arms
appeler de ses vœux	to wish, to call for
appeler un chat un chat	to call a spade a spade (to call something
appellation contrôlée	a synonym of the official term “appellatio
appellation d'origine contrôlée	French governmental certification granted
appendice vermiculaire	vermiform appendix
application web	web application
apporter de l'eau au moulin de	to add grist for the mill, to bring grist
apporter sa pierre à l'édifice	to make a contribution, to contribute one'
apprenti-sorcier	sorcerer's apprentice (person who experime
apprentissage profond	deep learning
apprécier à sa juste valeur	to fully appreciate, to appreciate someone
appui de fenêtre	windowsill
appui-bras	armrest
appui-main	maulstick
appui-pied	footstool
appui-tête	headrest (part of a seat)
appuyer sur le champignon	to step on it, to floor it, to put the ped
après coup	after the fact, afterwards, looking back
après la lettre	lettered. “Épreuve, gravure après la lettr
après moi le déluge	used to indicate indifference to events th
après que	after
après quoi	after which, afterwards, thereafter, where
après réflexion	on second thought; all things considered
après ski	a place “after skiing”. Typically a bar or
après toi	after you
après tout	after all
après vous	after you
après-après-demain	in three days
après-dîner	afternoon (the time after the midday meal)
après-rasage	aftershave, a lotion for use after finishi
après-shampooing	hair conditioner
après-ski	snowboot (a water-resistant type of footwe; après-ski
apéritif dinatoire	an aperitif taken in the afternoon, combin
apéritif géant	a public drinking party
ara rouge	scarlet macaw (Ara macao)
arabe andalou	Andalusian Arabic
arabe classique	Classical Arabic
arabe espagnol	Andalusian Arabic
arabe égyptien	the Egyptian Arabic language
arabette des dames	thale cress (Arabidopsis thaliana)
araignée de mer	spider crab
araignée des jardins	European garden spider (Araneus diadematus
araignée porte-croix	European garden spider (Araneus diadematus
araignée sauteuse	jumping spider
araignée violoniste	fiddleback spider
araignée-loup	wolf spider
arbalète à jalet	stone bow (bullet-shooting crossbow)
arbitrage vidéo	VAR decision
arbitre de chaise	chair umpire
arbitre de touche	touch judge
arbre aux papillons	butterfly bush (Buddleja davidii Franch.)
arbre aux quarante écus	ginkgo
arbre de décision	decision tree (visualization of a complex
arbre de judas	Judas tree
arbre de judée	Judas tree
arbre de mai	maypole
arbre de noël	a Christmas tree (usually conifer), tree s
arbre du voyageur	traveller's palm
arbre généalogique	family tree
arbre à cames	camshaft
arbre à chat	cat tree; scratching post
arbre à pain	breadfruit (tree)
arbre à palabres	the talking tree. (The baobab tree, a symb
arbre à perruque	smoke tree (shrub of genus Cotinus)
arc de cercle	circular arc
arc de courbe	arc (of a circle)
arc de triomphe	triumphal arch (monumental arch commemorat
arc long anglais	longbow
arc à poulies	compound bow
arc-boutant	flying buttress
arc-boutement	load amplied on a slide joint, parallel to
arc-bouter	to buttress; to press, lean, brace [with à or contre ‘[; to stand firm (in oppos
arc-doubleau	transverse arch (in Gothic architecture)
arcade sourcilière	supraorbital ridge, brow ridge
arche de noé	Noah's ark
archer cracheur	archerfish
architecte d'intérieur	interior designer
architecture d'intérieur	interior design
argent blanc	coin, cash, change (an amount of money)
argent de poche	pocket money
argent sale	dirty money, ill-gotten gains
argile smectique	fuller's earth
argument d'autorité	argument from authority, appeal to authori
argument de vente	selling point
arme biologique	biological weapon
arme blanche	weapon with a blade; cold weapon
arme chimique	chemical weapon
arme d'hast	polearm
arme de destruction massive	weapon of mass destruction (chemical, biol
arme de guerre	weapon of war (weapon the use of which is
arme de jet	missile
arme de poing	handgun (small gun with a relatively short
arme du crime	murder weapon
arme à double tranchant	double-edged sword
arme à feu	firearm
arme à impulsion électrique	an electroshock stun weapon
armoire à glace	wardrobe with a mirror; muscleman, bruiser, bull, hulk (a bulky ma
armoire à pharmacie	medicine cabinet, medicine chest, medicine
armé jusqu'aux dents	armed to the teeth
armée de l'air	air force, air corps or flying corps
armée de l'espace	space force, aerospace force
armée de mer	navy
armée de métier	standing army
armée de terre	land force, ground forces, ground troops
arménien ancien	Old Armenian (the oldest attested form of
arménien classique	Old Armenian
arnica des montagnes	Arnica montana L
arrache-clou	nail puller
arracher la gueule	to hurt, to kill, to be too much to ask; to be very spicy, to be very hot, to bl
arracher les mots de la bouche	to take the words out of someone's mouth (; to worm something out of, to drag so
arracheur de dents	toothpuller (person who would extract teet
arranger les bidons	to make things right, to patch things up
arrangé avec le gars des vues	Falsely set up in advance; staged; too con
arriver après la bataille	to come a day after the fair, to close the
arriver comme les carabiniers	to come a day after the fair, to close the
arriver à bon port	to arrive safe and sound, to reach one's d
arriver à la cheville	to hold a candle to, to measure up to
arriver à la fumée des cierges	to come a day after the fair
arriver à ses fins	to get one's way, to have one's way, to ac
arrière-arrière-petite-fille	great-great-granddaughter
arrière-automne	late autumn (near the onset of winter)
arrière-ban	an assembly of feudal lords
arrière-bec	the downstream part of the cutwater of a b
arrière-boutique	a room at the back of a shop
arrière-bras	upper arm
arrière-cerveau	hindbrain
arrière-chambre	backroom
arrière-chœur	a choir placed behind the altar in a churc
arrière-cour	backyard (of a house); rear courtyard (of a mansion etc.)
arrière-cousin	second cousin; distant cousin
arrière-cuisine	back kitchen; scullery
arrière-faix	afterbirth, secundines (placenta and other
arrière-fleur	second flowering
arrière-foin	second crop
arrière-fond	a deeply-held feeling etc.
arrière-gorge	pharynx
arrière-goût	aftertaste
arrière-grand-mère	great-grandmother
arrière-grand-oncle	great-granduncle
arrière-grand-parent	great grandparent
arrière-grand-tante	great-grandaunt
arrière-main	hindquarters (of an animal); backhand
arrière-neveu	grandnephew
arrière-nièce	grandniece
arrière-pays	hinterland (land immediately next to a coa
arrière-pensée	ulterior motive; doubt, reservation
arrière-petit-enfant	great-grandchild (grandchild of someone’s
arrière-petit-neveu	great-grandnephew
arrière-petite-fille	great-granddaughter
arrière-petite-nièce	great-grandniece
arrière-point	a type of needlepoint with overlapping sti
arrière-port	an inner port
arrière-rang	Last row of attacking soldiers; rearguard
arrière-saison	autumn (especially late autumn); the beginnings of old age; the last months befo
arrière-salle	back of house; an inner room (behind another one)
arrière-scène	backstage
arrière-train	the rear of a train, or 4x4 vehicle; hindquarters (of an animal); caboose, poste
arrière-voussure	an arch behind a door or window
arrière-été	late summer (near the onset of autumn)
arrondir les angles	to smooth things out, to smooth things ove
arrondir ses fins de mois	to gain a little extra money, to supplemen
arroseur arrosé	the biter bit; one who receives the same c
arrêt cardiaque	cardiac arrest
arrêt de bus	bus stop (a stop for public transport buss
arrêt de jeu	time-out
arrêt de mort	death sentence
arrêt de travail	a work stoppage (because of sickness, a st
arrêt idaho	rolling stop
arrêt maladie	sick leave, sick day
arrêt sur image	freeze-frame, freeze-frame shot
arrête-bœuf	restharrow
arrêter les frais	to cut one's losses, to call it a day, not
arrêter son char	to give it a rest, to give it a break
arrêts de jeu	injury time
art abstrait	abstract art
art brut	outsider art (art created by people with n
art de la guerre	art of war
art de vivre	the knowledge of how to enjoy life, or the
art déco	Art Deco
art figuratif	figurative art
art martial	martial art
art pariétal	cave painting
art plastique	plastic art
art premier	tribal art, primitive art
art visuel	visual art
article de foi	article of faith; dogma
article de presse	news article, newspaper article, press art
article défini	definite article
article indéfini	indefinite article
article zéro	zero article
artillerie lourde	heavy artillery; big guns, heavy artillery
artillerie légère	light artillery
arts de la scène	performing arts (arts involving performanc
arts du spectacle	performing arts (arts involving performanc
artère fémorale	femoral artery
artère subclavière	subclavian artery
as de la gâchette	gunslinger (person in the Old West who car
as des as	ace of aces
as-tu besoin d'aide	do you need help?
as-tu des frères et sœurs	do you have any brothers or sisters? (info
ascenseur social	the social ladder, social mobility (that w
ascenseur spatial	space elevator
asile de fous	lunatic asylum
asile politique	political asylum
asphodèle blanc	white asphodel (Asphodelus albus)
assemblée générale	general meeting, general assembly
assemblée nationale	National Assembly
assiette anglaise	a personal deli platter; a meal consisting
assignation à résidence	house arrest
assigner à résidence	to put under house arrest
assimilation progressive	progressive assimilation
assimilation régressive	regressive assimilation
assistance médicale à la procréation	assisted reproductive technology
assistance publique	social welfare, welfare services
assistant numérique personnel	personal digital assistant
assistante maternelle	childminder
association caritative	charitable organization
association libre	free association
association sans but lucratif	non-profit organization, nonprofit
assortiment matrimonial	assortative mating; positive assortative mating
assouplissement quantitatif	quantitative easing
assurance au tiers	third-party insurance
assurance automobile	car insurance
assurance habitation	home insurance
assurance maladie	health insurance
assurance non-vie	non-life insurance
assurance responsabilité civile	liability insurance (insurance against a p
assurance santé	health insurance
assurance tous risques	fully comprehensive car insurance, fully c
assurance voyage	travel insurance
assurance-chômage	unemployment insurance
assurance-crédit	credit insurance (insurance against non-pa
assurer ses arrières	to cover one's back, to cover one's rear (
assyro-babylonien	Assyro-Babylonian; Assyro-Babylonian (language)
astre de la nuit	the moon
astre du jour	the sun
atelier de misère	sweatshop
atome-gramme	gram atom
atomes crochus	affinity, sympathy, chemistry
attache parisienne	brass fastener, paper fastener
attacher le grelot	to bell the cat, to take one for the team
attacher pierre avec paul	to fasten a button in the wrong buttonhole
attacher sa tuque	to brace oneself; to get ready; to hold on
attaché de presse	press secretary, press officer, press atta
attaché-case	attaché case
attaque cérébrale	stroke
attaque par dictionnaire	dictionary attack (attack that uses a list
atteindre des sommets	to go through the roof, to go through the
attendre au tournant	to be ready and waiting for (someone), to
attendre cent sept ans	to wait for ages
attendre comme le messie	to wait for (something or someone) like th
attendre famille	to be expecting a baby
attendre le déluge	to wait till doomsday, to wait for somethi
attendre son heure	to bide one's time
attendre sous l'orme	to wait for someone till doomsday, to wait
attendre un heureux événement	to be pregnant
attendu que	given that
attentat à la pudeur	indecent exposure; indecent assault
attentat-suicide	suicide attack
attention les yeux	prepare to be amazed! you won't believe yo
attirer l'attention	to attract attention, to draw attention, t; to draw (someone's) attention
attracteur étrange	strange attractor
attrape-couillon	an obvious ruse that only tricks imbeciles; seductive make-up
attrape-mouche	flypaper; flytrap
attrape-nigaud	sucker trap
attrape-rêves	dreamcatcher (ritual object)
attrape-touriste	tourist trap
attraper froid	to catch a cold
attraper la mort	to catch one's death, to catch a cold
attrapeur de rêves	dreamcatcher
au bas mot	at least, at the very least, at the lowest
au beau fixe	excellent, consistently good, stable, set
au beau milieu de	slap bang in the middle of, smack bang in
au berceau	in (its) infancy, at an early stage
au besoin	if need be
au black	off the books, cash in hand, undeclared
au bord de	by, beside, next to, on the side of, on th; on the verge of, on the brink of
au bord du gouffre	on the brink of the abyss, on the verge of
au boulot	get to work! let's get to work!
au bout de	at the end of; (of time) after
au bout du compte	all things considered, after all, in the e
au bout du fil	on (receiving end of) the phone
au bout du rouleau	exhausted, on one's last legs, at the end; broke, ruined
au carré	with hospital corners; in which the hair is typically cut straigh
au cas où	in case (+ conditional or subjunctive); just in case
au cas par cas	on a case-by-case basis, individually
au chant du coq	at cockcrow, at the crack of dawn (early i
au chaud	in the warm, warm as toast, warm and cosy
au choix	as one wants, as one prefers
au chômage	unemployed
au clair	clear (free of doubt, who has understood t
au coin	on the naughty step, in the corner (of a s
au coin de la rue	around the corner
au coin du feu	by the fireside
au complet	in its entirety, all together, out in forc
au comptant	immediately, straightaway, on the nail; fo
au compte de	for, on behalf of
au compte-goutte	in dribs and drabs
au compte-gouttes	in dribs and drabs
au contraire	on the contrary, quite the contrary, quite
au courant	up to date, abreast; aware, informed, in t
au cours de	during, throughout, in the course of
au dedans	inside
au dehors	outside
au demeurant	moreover; for that matter, as it happens
au diable	to hell with
au diable-vauvert	far away
au dire de	according to
au dodo	to bed! off to bed! sleepy time!
au doigt et à l'œil	slavishly, strictly
au doigt mouillé	by the seat of one's pants, as a rule of t
au débotté	as soon as one arrives, as soon as one get; off the cuff, without preparation; u
au début	initially, at first
au départ	originally, initially
au détour de	during, in the course of
au détriment de	to the detriment of, at the expense of (so
au fait	au fait; by the way
au feeling	by ear, by the seat of one's pants, by gue
au feu	fire! (A cry of distress indicating that s
au figuré	figuratively, in the figurative sense
au fil de	in the course of, over the course of
au fil de l'eau	as one goes along
au final	in the end, after all, eventually, finally
au fond	deep down, in the end; deep down, at bottom, at heart
au four	in the oven; baked (cooked in an oven)
au fur et à mesure	in keeping with (progressively, in sequenc; bit by bit, gradually; as one goes a
au galop	at a gallop; at a gallop, quickly
au goût de	in line with someone's tastes
au goût du jour	in fashion, in line with current tastes
au grand dam de	to the great displeasure of
au grand galop	at full gallop; at full tilt, at full pelt, at top speed
au grand jamais	never ever
au grand jour	in broad daylight, in the open
au grand maximum	tops, at most
au grand regret de	to the great displeasure of
au grand soleil	in broad daylight, in the open
au gré de	in the course of, over the course of
au hasard	randomly, at random (by using random selec; to and fro, here and there, hither a
au jour d'aujourd'hui	as of today, as things currently stand; at
au jour le jour	from day to day, one day at a time, hand-t
au jugé	by ear, by the seat of one's pants, by gue
au juste	exactly, precisely
au large	offshore, out to sea
au large de	off the coast of
au lendemain de	after, (soon) following
au lieu de	instead of
au lit	in bed; to bed! off to bed! sleepy time!
au long de	during; throughout
au maximum	at most, a maximum; to the maximum, maximally (as much as poss
au meurtre	murder! murderer!
au mieux	at best; best-case scenario
au milieu de	in the middle of
au milieu de nulle part	in the sticks, in the middle of nowhere
au minimum	at least
au moins	at least, at a minimum
au moment où	as, when, as soon as
au monde	in the world, on the face of the earth
au motif que	arguing that, on the grounds that, on the
au moyen de	by means of (by using the thing specified)
au même titre que	as well as
au naturel	naturally; in the nude; most simply, most plainly (in the plainest
au nez et à la barbe	right under someone's nose
au noir	off the books, cash in hand, undeclared
au nom de	on behalf of (speaking or acting for); in the name of
au nom de la loi	in the name of the law
au nom du ciel	in heaven's name!
au nombre de	numbering; among
au pair	working for food and housing
au parfum	in the know, in the picture; up to speed
au pas	at a walking pace, at foot pace; very slow
au pas de charge	on the double, at a run; With the fast and determined pace on which
au pas de course	on the double, at a run
au pas de gymnastique	on the double, at a run
au passage	by the way; at the same time, while one is at it
au petit bonheur	haphazardly, without planning; in a shot-i
au petit pied	small-time, minor, petty
au pied	to heel!
au pied de la lettre	to the letter, literally
au pied du mur	cornered, up against the wall, up against
au pied levé	at a moment's notice, at the last minute,
au pif	randomly, approximately
au pire	at worst, worst-case scenario
au plaisir	see you!
au plus	at most, tops, at the very most, at the ou
au plus haut point	intensely, very much, really, thoroughly,
au plus juste	as tightly as possible, as accurately as p
au plus tard	at the latest, at a push, no later than
au plus tôt	at the earliest, at the soonest, no sooner; as soon as possible
au plus vite	ASAP
au poil	perfect
au point	ready, functional
au point de	to the point of, so much so that
au possible	extremely
au pouvoir	in power
au premier abord	at first, at first sight, at first glance,
au premier chef	primarily, most of all, first and foremost
au prix de	at the cost of, at the expense of (somethi
au prix fort	over the odds, too much
au profit de	to the benefit of, for the benefit of, in
au propre	in neat; literally, in the literal sense
au préalable	beforehand, first
au préjudice de	to the detriment of, at the expense of (so
au péril de sa vie	at the risk of one's life, risking life an
au quart de tour	in no time, straight off
au quotidien	on a daily basis, daily, every day
au rabais	discounted; third-rate, cheap
au radar	on autopilot (in a state of mind where one
au ralenti	in slow motion, at a slower pace, slowly
au ras de	near, close to; next to; approximately, about, around, nearly
au ras des pâquerettes	very close to the ground; very basic, lowbrow, unrefined (almost to
au regard de	given, in view of, in light of
au reste	besides, moreover
au revoir	goodbye
au risque de	at the risk of
au saut du lit	as soon as one wakes up, as soon as one ge
au secours	help! (a cry of distress)
au sein de	within, inside, in the midst
au sens large	in every sense of the word
au son de	to the sound of, accompanied by the sound
au sortir de	at the end of
au sujet de	about
au surplus	moreover, furthermore
au taquet	on fire, full on, on top of it, raring to
au temps de	in the age of, in the era of, at a time wh
au temps pour moi	my bad, my mistake, silly me, I stand corr
au total	in total, in all, all told
au train où vont les choses	the way things are going
au travail	get to work! let's get to work!
au travers de	by way of, by means of, with, using, throu
au violon	in the clink; in jail
au vol	while an object is still moving through th; on the fly
au volant	behind the wheel, at the wheel (driving a; drive-in
au voleur	stop thief!
au vu de	in view of, in light of, considering that,; in full view of (someone)
au vu et au su de	in front of, in the full knowledge of
au-dedans	inside, within
au-dehors	outside
au-dessus de	above
au-dessus de la mêlée	above the fray
au-dessus de tout soupçon	above suspicion, beyond suspicion
au-dessus du lot	superior to the others
au-devant	in front (of)
au-deçà	beneath; below
auberge de jeunesse	youth hostel (inexpensive supervised lodgi
auberge espagnole	potlatch, potluck (shared meal consisting; hodgepodge; melting pot
aucun rapport avec la choucroute	what does that have to do with the price o
audio-description	audio description; alternative form of aud
auditeur libre	unregistered student, auditor (one who aud
aulne glutineux	black alder, European alder (Alnus glutino
aulne noir	black alder, European alder (Alnus glutino
aulne poisseux	black alder, European alder (Alnus glutino
auprès de	near to, by, close to; compared to, in comparison to; to (directed at)
auquel cas	in which case; then
aurore boréale	northern lights, aurora borealis (the auro
aurore polaire	polar lights; aurora
aussi sec	at once, right away
aussitôt que	once, as soon as
autant dire	in other words; suffice to say; needless to say
autant en emporte le vent	these are empty promises; these are idle t
autant pisser dans un violon	said when something completely fails despi
autant pour moi	my bad, my mistake, silly me, I stand corr; same for me; I'll have the same; I'l
autant que	as much as, as far as; as well as; just as well, might as well/may as well
autant que faire se peut	insofar as possible, if possible, if at al
autant que possible	as much as possible
auto-détruire	Pre-1990 spelling of autodétruire
auto-entreprise	sole trader (organization)
auto-patrouille	Pre-1990 spelling of autopatrouille
auto-persuasion	self-persuasion
auto-sacrifice	self-sacrifice
auto-stop	hitchhiking
auto-stoppeur	Pre-1990 spelling of autostoppeur
auto-tamponneuse	bumper car, dodgem
auto-victimisation	self-victimization, victim playing
auto-école	driving school
autobus scolaire	school bus
autobus à plate-forme	a type of urban bus with a small platform
autoroute de l'information	information superhighway (“Internet”)
autour des palombes	northern goshawk (Astur gentilis)
autre chose	something else (some other thing)
autre paire de manches	another kettle of fish, a horse of a diffe
autre part	somewhere else
autrement dit	in other words (a phrase indicating that t
aux abois	cornered; extremely alarmed, usually from being corn
aux abonnés absents	unavailable or impossible to get in touch
aux abords de	near, close to
aux aguets	ready, attentive, alert; on the alert
aux alentours de	at approximately; near; around
aux armes	to arms!
aux aurores	at cockcrow, at the crack of dawn (early i
aux commandes	at the helm, in the driver's seat
aux côtés de	next to, beside, alongside
aux dernières nouvelles	last I heard, the last I heard
aux dépens de	at the expense of (someone)
aux frais de la maison	for free, on the house
aux frais de la princesse	for free, at the company's or at the taxpa
aux grands maux les grands remèdes	desperate times call for desperate measure
aux normes	conform to standards, up to standard, in o
aux ordres de	at someone's disposal, at someone's beck a
aux petits oignons	with the utmost attention, with the utmost
aux pommes	good, cool, nice; a place planted with apple trees
aux portes de la mort	at death's door
aux trousses	hot on someone's heels, after (someone)
aux yeux de	in the eyes of
avaler la pilule	to swallow a bitter pill
avaler son extrait de naissance	to bite the dust; to buy the farm
avaler tout rond	to swallow something whole, without chewin
avaler une couleuvre	to believe a lie, to swallow a story; to submit to humiliation
avaleur de sabre	sword swallower
avance sur salaire	advance on one's salary
avant jésus-christ	BC, before Christ
avant l'heure	prematurely; avant la lettre
avant la lettre	before lettering, before letters; proof en; avant la lettre (before the term was
avant longtemps	before long, soon
avant notre ère	before the Common Era, before Christ
avant peu	before long
avant que	before
avant que de	before
avant tout	first and foremost, chiefly; first of all, before all else, first
avant toutes choses	first of all, first
avant-avant-hier	the day before the day before yesterday; t
avant-bec	a pointed breakwater on the pier of a brid
avant-bras	forearm
avant-coureur	messenger, scout (person who runs ahead of; predictive; that predicts; foreshado
avant-gardisme	avant-gardism
avant-goût	foretaste, taster
avant-hier	two days ago; the day before yesterday
avant-main	forehand
avant-midi	morning (time from sunrise to noon)
avant-midis	(post-1990) plural of avant-midi
avant-mur	a wall erected in front of another wall; the outer part of a fortification
avant-port	outer harbour
avant-première	a preview (of a film)
avant-projet	draft (first stages of a project)
avant-propos	foreword
avant-salle	anteroom
avant-scène	proscenium
avant-toit	eaves
avant-train	limber
avant-veille	the day before the eve; the day before yes
avantage absolu	absolute advantage
avantage comparatif	comparative advantage
avantage concurrentiel	competitive advantage
avec armes et bagages	bag and baggage
avec brio	brilliantly; with verve; with panache
avec des bouts de ficelle	on a shoestring
avec des pieds de plomb	reluctantly
avec des si on mettrait paris en bouteille	if wishes were horses, beggars would ride;
avec l'énergie du désespoir	with an energy born of despair; desperatel
avec la meilleure volonté du monde	with the best will in the world (used to i
avec le temps	with time; over time; eventually
avec les moyens du bord	with what's available, with what's at hand
avec ma bite et mon couteau	improvised with resources at hand. jury-ri
avec pas de	without
avec plaisir	with pleasure; my pleasure
avec tambour et trompette	noisily, with clamour, with great fanfare
avec tout le respect que je vous dois	with due respect, with all due respect
avertissement préventif	trigger warning
aveuglement volontaire	wilful ignorance (wilful blindness)
avez-vous besoin d'aide	do you need help?
avez-vous des frères et sœurs	do you have any brothers or sisters? (form
aviation d'affaires	business aviation
avion de chasse	fighter plane; a hottie, a bombshell (a very attractive w
avion de combat	warplane
avion de ligne	airliner
avion ravitailleur	tanker aircraft
avion renifleur	sniffer plane
avion à réaction	jet-propelled plane, jet plane, jet
avion-citerne	waterbomber; airtanker
avis de crédit	credit advice
avis de débit	debit advice
avis de décès	death notice, obituary
avis de passage	notice of non-delivery, notice of passage
avis de recherche	wanted notice; all-points bulletin (broadc; wanted poster (printed public announ
avocat du diable	devil's advocate
avoir accès	to have access
avoir affaire à	to have to deal with
avoir beau	may well, well might (+ infinitive); whate
avoir beau jeu	for it to be easy for someone to do someth
avoir besoin de	to need
avoir bon	to be very happy; to be stoked, psyched; to be right
avoir bon dos	to be a convenient excuse, to be a good ex
avoir bon fond	to be a good person at heart, to be basica
avoir bonne conscience	to have a clear conscience, to have a clea
avoir bonne mine	to look well
avoir bonne presse	to get a good press, to be well thought of
avoir charge d'âme	to have the task of leading people spiritu; to be responsible for someone
avoir chaud	to be hot; to have a near miss
avoir chaud aux fesses	to have a narrow escape, to have a close c
avoir confiance	to have faith in, to be confident about; to believe in, to have faith in, to tru
avoir connaissance	to be aware of, to be privy to
avoir conscience	to be aware of (something), to be aware th
avoir cours	to be legal tender; to have a class, to have a lecture, to hav; to be current
avoir d'autres chats à fouetter	to have other things to handle; to have ot
avoir dans la peau	to be infatuated with someone; to have a c; to have an innate ability in somethi
avoir dans le sang	to have an innate ability in something, to
avoir de beaux jours devant soi	to have fine days ahead; to have one's bes
avoir de la bouteille	to be experienced, to have experience with
avoir de la chance	to be lucky, to be fortunate
avoir de la chance dans son malheur	to have been lucky in one's misfortune (us
avoir de la chatte	to be damn lucky, to be jammy, to be a jam
avoir de la conversation	to talk easily, always having something to
avoir de la gueule	to look nice, great; to be impressive
avoir de la merde dans les yeux	to be fucking blind, to not notice the obv
avoir de la suite dans les idées	to be single-minded, to have a one-track m
avoir de la veine	to be lucky, to be jammy, to be fortunate
avoir des antennes	to be very perceptive, intuitive
avoir des casseroles au cul	to be compromised by involvement in dubiou
avoir des cornes	to have been cuckolded, to have been cheat
avoir des couilles au cul	to be fearless, brave or daring
avoir des fourmis dans les jambes	to have pins and needles in one's legs
avoir des gaz	to be bloated, to want to fart, to have wi
avoir des lettres	to be well-read
avoir des vues sur	to have designs on, to have one's eye on,
avoir des yeux derrière la tête	to have eyes in the back of one's head
avoir des étoiles dans les yeux	to have stars in one's eyes
avoir deux de qi	to have a room-temperature IQ
avoir deux de tension	to be slow
avoir deux mains gauches	to be all thumbs, to be very clumsy
avoir droit	to be entitled to, to deserve; to be eligible to, to qualify for, to have
avoir droit de cité	to have citizenship; to have one's rightful place; to belong; t
avoir du biceps	to have well-developed muscles, to be well
avoir du bol	to be lucky, to be jammy, to be fortunate
avoir du bon	to have a silver lining (not to be all bad
avoir du chien	to have a certain something, to have sex-a
avoir du cul	to be damn lucky, to be jammy, to be a jam
avoir du cœur au ventre	to have guts; to be gutsy
avoir du mal	to have a hard time, to have difficulty
avoir du monde au balcon	to be stacked, to have big breasts, also t
avoir du métier	to be experienced
avoir du pain sur la planche	to have bread on the table (to have enough; to have a lot on one's plate, to hav
avoir du plomb dans l'aile	to be in bad shape
avoir du pot	to be lucky, to be jammy, to be fortunate
avoir du sang sur les mains	to have blood on one's hands
avoir du sens	to make sense
avoir en horreur	to hate, to loathe, to abhor
avoir en travers de la gorge	to have something sticking in one's craw
avoir en tête	to have in mind; to remember
avoir envie	to want; to want, to desire (sexually); to feel like, to want to
avoir faim	to be hungry
avoir fait son temps	to have seen one's day, to have had one's
avoir foi	to have faith in, to believe in
avoir force de loi	to be legally binding, to have the force o
avoir fort à faire	to have a lot to do; to have one's work cu
avoir froid	to be cold
avoir gardé les cochons ensemble	to know each other well, to be on familiar
avoir honte	to be ashamed, to feel ashamed
avoir horreur	to hate, to loathe, to have a horror of
avoir hâte	can't wait; to look forward, to be eager
avoir intérêt	to be well-advised to, to do well to, had
avoir l'air	to seem, look, appear
avoir l'alcool triste	to be a sad drunk, to get sad when one dri
avoir l'esprit ailleurs	used to say that someone's mind is elsewhe
avoir l'esprit mal tourné	to have one's mind in the gutter, to have
avoir l'estomac dans les talons	to be starving, to be ravenous (to be extr
avoir l'estomac noué	to have a knot in one's stomach
avoir l'œil américain	to pay attention to every detail, to be ve
avoir la barre	to have an erection
avoir la berlue	to see things
avoir la boule au ventre	to have a knot in one's stomach
avoir la conscience tranquille	to have a clear conscience, to have a clea
avoir la cote	to be popular
avoir la cuisse légère	to be easy; to open one's legs for everybo
avoir la dalle	to be hungry, to feel like eating
avoir la dent	to be starving
avoir la dent creuse	to be hungry
avoir la flemme	to be lazy
avoir la gorge nouée	to have a lump in one's throat
avoir la gorge serrée	to have a lump in one's throat
avoir la grosse tête	to have a big head, to be big-headed, to b
avoir la gueule de bois	to be hungover
avoir la gueule de l'emploi	to look the part
avoir la gâchette facile	to be quick on the trigger, to be trigger-
avoir la haine	to be pissed off, to be hacked off, to be
avoir la langue bien pendue	to be a chatterbox, to talk a lot, to be v; to have a sharp tongue, to be sharp-
avoir la larme à l'œil	to have a tear in one's eye, to be welling
avoir la main heureuse	to be consistently successful; to win often; to be lucky at cards
avoir la main leste	to be quick to lash out
avoir la main lourde	to be a bit too generous with
avoir la main verte	to have a green thumb, to have green finge
avoir la moutarde qui monte au nez	to lose one's temper
avoir la mémoire courte	to have a short memory, to forget things e
avoir la paix	to have some peace and quiet
avoir la parole	to have the floor
avoir la patate	to feel great, to be in great form, to be
avoir la peau de	to have someone's hide
avoir la peau dure	to be thick-skinned, to be resilient
avoir la pelote à terre	to be very tired
avoir la poisse	to have chronic bad luck
avoir la pêche	to feel great, to be in great form, to be; to have the sole fishing rights in a
avoir la ref	to get the reference, to know what is bein
avoir la science infuse	to have innate knowledge, to know everythi
avoir la tête ailleurs	used to say that someone's mind is elsewhe
avoir la tête comme un seau	to have a headache, to be hungover
avoir la tête dans le cul	to be knackered; to feel like shit
avoir la tête dans les nuages	to have one's head in the clouds
avoir la tête de l'emploi	to look the part
avoir la tête qui tourne	to be dizzy; to be light-headed
avoir la tête sur les épaules	to have one's head screwed on
avoir la vie dure	to die hard, to be well-ingrained, to have
avoir le bourdon	to be down in the dumps, to have the blues
avoir le bras long	to be well-connected, to have influential
avoir le béguin	to have a crush
avoir le cafard	to have the blues, to feel blue
avoir le compas dans l'œil	to be able to size things up immediately,
avoir le couteau entre les dents	to be ready for a fight, to be in a fighti
avoir le couteau sous la gorge	to be pressured, to be compelled to do som
avoir le cuir dur	to be pachydermic or pachydermatous; to be thick-skinned (insensitive to critic
avoir le cuir solide	to be thick-skinned; to have a strong stom
avoir le cuir épais	to be thick-skinned (not to be easily offe
avoir le cul bordé de nouilles	to be extremely lucky
avoir le cul dans le beurre	to have it easy, to be rolling in money, t
avoir le cul entre deux chaises	to fall between two stools, to have a foot
avoir le cœur au bord des lèvres	to feel nauseous, to feel like one is goin
avoir le cœur bien accroché	to have a strong stomach, to not be easily
avoir le cœur gros	to have a heavy heart, to be sad at heart
avoir le cœur sec	to be hardhearted, to be heartless, to hav
avoir le cœur serré	to have a lump in one's throat, to have a
avoir le cœur sur la main	to be open-handed, to be generous
avoir le dernier mot	to have the last word
avoir le dessus	to have the upper hand
avoir le diable au corps	to have the devil in one, to be a real han
avoir le feu au cul	to be horny, to be hot to trot, to be gagg
avoir le feu aux fesses	to be horny, to be hot to trot, to be gagg
avoir le gros cou	to be arrogant, haughty, boastful
avoir le melon	to be cocksure
avoir le moral dans les chaussettes	to have one's heart in one's boots, to be
avoir le moral en berne	to be feeling low, to be down in the dumps
avoir le moral à zéro	to be really down, to be feeling very low,
avoir le mot pour rire	to make jokes; to be funny, to make people
avoir le motton	to be on the verge of tears
avoir le nez creux	to have flair, to be intuitive
avoir le physique de l'emploi	to look the part
avoir le pied marin	to have sea legs; to be a good sailor
avoir le respire court et le discours égaré	to be dying
avoir le seum	to be pissed off, to be cheesed off
avoir le tournis	to be dizzy, to feel dizzy
avoir le vent en poupe	to gather steam, to have wind at one's bac
avoir les boules	to have the jitters, to have the willies,; to be pissed off, to be cheesed off
avoir les bouteilles	to be pumped
avoir les cartes en main	to hold the cards, to hold all the aces (t; to have everything one needs to do s
avoir les chevilles qui enflent	to have a big head, to be big-headed
avoir les chocottes	to have the jitters, to have the willies,
avoir les coudées franches	to be unrestrained, to be unencumbered, to
avoir les crocs	to be hungry
avoir les dents du fond qui baignent	to feel like one is going to throw up (usu
avoir les dents longues	to aim high, to set one's sights high, to
avoir les dents qui rayent le parquet	to be unscrupulously ambitious
avoir les doigts de pied en éventail	to put one's feet up, to relax
avoir les foies	to have the jitters, to have the willies,
avoir les grelots	to have the heebie-jeebies
avoir les jambes en coton	to be weak and shaky on one's legs; to be
avoir les jetons	to have the jitters, to have the willies,
avoir les mains liées	to have one's hands tied
avoir les mains moites et les pieds poites	to be sweating heavily
avoir les nerfs à vif	to be on edge
avoir les oreilles qui sifflent	to have ears that are burning
avoir les pieds sur terre	to have one's feet firmly on the ground, t
avoir les reins solides	to be in a strong enough position, to be o
avoir les yeux plus gros que le ventre	to have eyes bigger than one's stomach (to; to bite off more than one can chew (
avoir les épaules solides	to be in a strong enough position, to be o
avoir lieu	to take place, happen
avoir lieu de	have reason to
avoir maille à partir	to have scores to settle with, to have a b
avoir mal	to have a pain, to have an ache
avoir mal aux cheveux	to have a hangover
avoir mangé du lion	to be full of energy
avoir mauvaise mine	not to look well, to look rough, to look u
avoir mauvaise presse	to have a bad reputation, to get a bad pre
avoir par-dessus la tête	to be snowed under with something
avoir part	to take part (participate or join in)
avoir partie gagnée	to be in a position where victory is assur
avoir peur	to fear, be afraid
avoir pied	when standing in a body of water, to be ab
avoir pignon sur rue	to be well established; to make oneself heard, to get oneself know
avoir piscine	to be absent without providing a serious r
avoir pitié	to pity, to feel sorry for, to take pity o; to have mercy on
avoir plus d'un tour dans son sac	to have more than one trick up one's sleev
avoir plus d'une corde à son arc	to have more than one string to one's bow,
avoir quartier libre	to be off duty, to have leave from barrack; to have free time (to have some time
avoir quelqu'un dans le nez	to get up someone's nose, to dislike someo
avoir raison	to be right; to be correct
avoir raison de	to get the better of (someone); to overcome (something)
avoir recours	to have recourse, to resort, to turn
avoir rendez-vous	to have an appointment or date
avoir réponse à tout	to have an answer for everything, to alway; to have an answer for everything, to
avoir ses entrées	to have privileged access to, to have an i
avoir ses règles	to menstruate
avoir soif	to be thirsty
avoir soin	to take care, to make sure
avoir sommeil	to be sleepy
avoir son compte	to have had enough, to have had it
avoir son mot à dire	to have a say in the matter
avoir son rond de serviette	to be a regular (somewhere, especially in
avoir sur la conscience	to have on one's conscience
avoir sur le cœur	to have (something) weighing on one's hear
avoir sur le dos	to have (someone) on one's back or breathi
avoir sur les bras	to have something on one's hands
avoir tort	to be wrong; to be incorrect
avoir tout pour soi	to have everything going for one, to have
avoir toute honte bue	to have lost any sense of shame, to have b
avoir toute sa tête	to have one's wits about one, to have all
avoir trait à	to relate to, to have to do with, to be co
avoir tôt fait de	to waste no time in doing something
avoir un balai dans le cul	to have a stick up one's ass, to have a po
avoir un chat dans la gorge	to have a frog in one's throat (be unable
avoir un cheveu sur la langue	to lisp, to have a lisp
avoir un coup dans l'aile	to have had one too many, to be the worse
avoir un cœur d'artichaut	to be a hopeless romantic, to fall in love; to be a soft touch, to be mellow, se
avoir un cœur de pierre	to be stonehearted, to be heartless, to ha
avoir un grain	to be crazy, to be strangely behaved
avoir un métro de retard	to be running late; to be slow to catch on, to lag behind
avoir un petit creux	to be peckish, to be a little hungry
avoir un pied dans la tombe	to have one foot in the grave
avoir un poil dans la main	to be bone-idle, to be extremely lazy
avoir un polichinelle dans le tiroir	to have a bun in the oven (to be pregnant;
avoir un ticket	to have something going with, to make an i
avoir un train de retard	to be slow to catch on, to lag behind
avoir un train à prendre	to be in a hurry
avoir un verre dans le nez	to be slightly inebriated (tipsy), or rath
avoir un œil qui dit merde à l'autre	to be cross-eyed, to be squint-eyed, to sq
avoir un œuf à peler	to have a score to settle
avoir une araignée au plafond	to have bats in one's belfry
avoir une brioche au four	to have a bun in the oven
avoir une brique dans le ventre	to be interested in the building trade, in
avoir une case de vide	to be crazy; to have a screw loose
avoir une case en moins	to have a screw loose, to be a few sandwic
avoir une dent contre	to have it in for, have a bone to pick wit
avoir une idée derrière la tête	to have something in mind, to have an ulte
avoir une longueur d'avance	to have a head start, to have an edge
avoir une sainte horreur	to hate, to loathe, to have a horror of, t
avoir une touche	to make an impression on, to be sexually a
avoir une tête et des jambes	to have a combination of intelligence and
avoir vent	to get wind of
avoir ville gagnée	to have it in the bag, to be in a position
avoir à cœur	to have one's heart set on
avoir à l'usure	to wear (someone) down (to eventually pers
avoir à l'œil	to keep an eye on, to keep tabs on
avoir à la bonne	to be well-disposed towards, to look kindl
avoir à voir	to have to do with
avoir été bercé trop près du mur	to have been dropped on one's head as a ch
axe de pédalier	bottom bracket
axe de rotation	axis of rotation
axe de révolution	axis of revolution
axe de symétrie	axis of symmetry
axe des x	x-axis
axe des y	y-axis
axe des z	z-axis
axe du mal	axis of evil (states supposedly sponsoring
axe paradigmatique	paradigmatic axis, vertical axis
axe syntagmatique	syntagmatic axis, horizontal axis
ayant droit	one who holds, but did not generate, a giv
azote liquide	liquid nitrogen
aéro-car	flying coach
aéro-omnibus	flying bus
b'jour	good day; good afternoon; goodbye
b-a ba	basics, fundamentals, ABC
baba au rhum	baba au rhum
baby blues	baby blues
baby-boomer	baby boomer
baby-foot	table football, foosball (game); foosball table (furniture)
bac de tri	sorting bin (any of various containers des
bac à sable	sandbox, sandpit
bachi-bouzouk	bashi-bazouk (an irregular soldier in the
badiane chinoise	star anise
baguette de batterie	drumstick
baguette de coudrier	divining rod, dowsing rod, dowser
baguette de direction	conductor's baton
baguette de sourcier	divining rod, dowsing rod, dowser
baguette magique	magic wand
baie de genièvre	juniper berry
baie vitrée	bay window
bailleur de fonds	backer, funder, sponsor (one who supports
bailleur social	an agent who deals with lease contracts fo
bain de bouche	mouth bath (act of soaking or washing one'; mouthwash, gargling fluid (liquid us
bain de foule	walkabout
bain de glace	ice bath; polar bear plunge, polar bear swim
bain de minuit	midnight swim, midnight bath (where skinny
bain de pieds	footbath (the act of soaking or washing th
bain de sang	bloodbath, bloodshed
bain de soleil	a sunbath
bain de vapeur	steam bath
bain turc	Turkish bath
bain-douche	showerbath; for use with either a bath or a shower
bain-marie	double boiler, bain-marie (hot water bath
baise-en-ville	overnight bag
baiser comme un lapin	to have sex quickly, in a short space of t
baiser de la mort	kiss of death
baisse de régime	slowdown, downturn
baisse de tension	drop in blood pressure
baisser d'un ton	to lower one's voice, to keep it down
baisser de rideau	final curtain (the last time the curtain i; final curtain (the end to something
baisser la garde	to lower one's guard
baisser le rideau	to draw the curtains, to ring down the cur; to close down, to close up shop
baisser les bras	to give up; to stop trying
bal des débutantes	coming-out party (celebratory social gathe
bal masqué	masked ball, masquerade
bal musette	bal musette
balai-brosse	a broom that has short, stiff bristles
balance clients	the outstanding balance of accounts receiv
balance commerciale	balance of trade, trade balance
balance des paiements	balance of payments
balance âgée	aging balance, accounts receivable aging r
balancer son porc	to denounce someone guilty of sexual haras
balayer d'un revers de la main	to brush aside (to disregard, dismiss or i
balayer devant sa porte	to put one's own house in order first, to
baleine bleue	the blue whale
baleine boréale	bowhead whale
baleine de cuvier	Cuvier's beaked whale (Ziphius cavirostris
baleine de minke	minke whale
baleine du groenland	bowhead whale
baleine grise	gray whale
baleine pilote	pilot whale
baleine pygmée	pygmy right whale
baleine à bec	beaked whale
baleine à bosse	humpback whale
baleine à fanons	baleen whale
ball-trap	skeet, trap shooting
balle de break	break point
balle de match	match point
balle de molle	softball (“sport”); softball (“ball”)
balle de set	set point
balle molle	softball (“sport”): a variant of baseball; softball (“ball”): ball used in the s
balle perdue	stray bullet
balle rapide	fastball
ballet à ski	ski ballet
ballet-féerie	fairy ballet
ballon d'essai	ballon d'essai, trial balloon
ballon de baudruche	inflatable balloon
ballon de rugby	rugby ball
ballon dirigeable	blimp, airship
ballon rond	football (soccer)
ballon-chasseur	dodgeball, a sport/game
ballon-panier	basketball
ballon-sonde	weather balloon, sounding balloon
ballon-volant	volleyball
ballote faux-dictame	false dittany (Ballota pseudodictamnus (L.
balto-slave	Balto-Slavic (of or pertaining to the Balt
banane gros michel	Gros Michel banana
banane plantain	plantain (starchy fruit of genus Musa)
banc d'essai	test bench, test bed, testing ground
banc d'église	pew (long bench in a church)
banc d'œuvre	churchwarden's pew
banc de fidèle	pew (long bench in a church)
banc de l'œuvre	pew (enclosed compartment in a church)
banc de neige	snowdrift
banc de sable	sandbank
banc de touche	dugout (shelter)
banc des accusés	dock (part of a courtroom where the accuse
banc solaire	tanning bed
bande d'arrêt d'urgence	hard shoulder
bande de	you (bunch of)
bande de circulation	traffic lane, taxiway
bande dessinée	comic book, graphic novel
bande organisée	organized gang
bande passante	bandwidth
bande sonore	soundtrack
bande transporteuse	conveyor belt
bande-vidéo	videotape
bander comme un taureau	to have a strong boner, to have a raging b
bandit de grand chemin	highwayman, highway robber
bandit manchot	one-armed bandit
banked slalom	banked slalom: synonym of slalom incliné
banque centrale	central bank
banque d'affaires	merchant bank
banque d'investissement	investment bank
banque de sperme	sperm bank
banque du sang	blood bank (place where human blood or blo
banque universelle	universal bank; universal banking
banquette arrière	rearseat
banquette de tir	fire step, firing platform
baptême du feu	baptism of fire
bar commun	European seabass
bar européen	European seabass
bar laitier	ice cream parlour
bar-tabac	a bar (or cafe) that has a licence to sell
baraque à frites	a chip stall, a French fry stand (a small
barbe de trois jours	stubble (short, coarse hair on the face); designer stubble (fashionable short gr
barbe à papa	cotton candy, candy floss, fairy floss (su
baron de la drogue	drug baron, druglord (person who controls
baroud d'honneur	last stand; valiant final fight
barre chocolatée	candy bar, chocolate bar (kind of candy in
barre d'espace	space bar (key, in the shape of a bar, nea
barre d'outils	toolbar
barre de chocolat	candy bar, chocolate bar (kind of candy in
barre de céréales	cereal bar, granola bar (snack composed of
barre de fraction	the fraction bar; the fraction slash ⟨⁄⟩
barre de menu	menu bar
barre de mesure	bar line
barre de recherche	search box, search bar, search field
barre de reprise	repeat sign
barre de traction	pull-up bar
barre des tâches	taskbar
barre fixe	horizontal bar
barre inscrite	the bar diacritics ⟨̵⟩, ⟨̶⟩, ⟨̷⟩, and ⟨̸⟩
barre oblique	the slash mark ⟨/⟩
barre oblique inverse	backslash (\)
barre oblique inversée	the backslash ⟨\⟩
barre russe	Russian bar
barre transversale	crossbar (the top of the goal structure)
barre verticale	the pipe mark ⟨'⟩; pole dance
barre énergétique	energy bar, breakfast bar (supplemental sn
barres asymétriques	uneven bars
barres parallèles	parallel bars
barrière de sécurité	guardrail
barrière hémato-encéphalique	blood-brain barrier
barrière linguistique	language barrier (conceptual barrier to ef
barrière nadar	police barrier, crush barrier, crowd contr
bas allemand	Low German
bas autofixant	hold-up stocking, hold-ups (UK), thigh-hig
bas clergé	lower clergy
bas couture	seamed stocking
bas de gamme	low-end
bas de laine	a nest egg (a small saving, a small reserv
bas de plafond	stupid, dumb, dim-witted
bas du corps	lower body
bas du front	stupid, dumb, dim-witted
bas les masques	no more pretending now! drop the act!
bas les pattes	hands off! paws off! mitts off!
bas monde	this world, the earthly world
bas peuple	the little people, the populace, the plebs
bas résille	fishnet stocking
bas saxon	Low German (language); Low Saxon (language or language group)
bas à jour	openwork stocking(s), open-worked stocking
bas-bleu	bluestocking
bas-culotte	pantyhose; tights
bas-latin	Low Latin
bas-mât	lower-mast (when it is multiple sections)
bas-ventre	groin; lower abdomen
base aérienne	air base
base d'aviation	air base
base de données	database
base de données relationnelle	relational database
base-ball	baseball (ball game)
base-sur-balles	a walk
basse chiffrée	figured bass
basse continue	basso continuo
basse saison	low season (in the tourist industry, the p
basse-courier	someone responsible for the poultry in a f
basse-fosse	dungeon
basse-taille	bas-relief; the baritone voice or part
basse-terrien	resident or native of Basse-Terre; of Basse-Terre
bassin versant	catchment basin, drainage basin, watershed
bat-flanc	partition; bunk
bataille d'eau	water fight
bataille navale	naval battle (battle taking place at sea); battleship (guessing game played on g
bataille rangée	pitched battle, set-piece battle
batara luisant	glossy antshrike (a passerine bird of the
bateau de plaisance	pleasure craft, pleasure boat
bateau pilote	pilot boat
bateau à vapeur	steamboat
bateau-citerne	tanker (ship)
bateau-feu	lightship, lightvessel
bateau-lavoir	a boat, moored on a riverbank, that functi
bateau-mouche	a tourist sightseeing-boat, used especiall
bateau-phare	lightship, lightvessel
bateau-pompe	fireship
batteur d'estrade	scout
battre de l'aile	to go into decline, to wane (be in difficu
battre des ailes	to flutter (to flap its wings while on the
battre en brèche	to reduce to rubble, to give a pounding; to tackle (an urgent issue), to strike
battre en retraite	to retreat, to beat a retreat
battre froid	to give the cold shoulder to, to cold-shou
battre l'estrade	to reconnoitre the terrain, to scout; to get the lay of the land
battre la campagne	to comb the countryside, to travel all rou; to be off one's rocker
battre la chamade	to beat wildly, to pound furiously
battre la mesure	to beat time, to keep time
battre le fer pendant qu'il est chaud	to strike while the iron is hot, to make h
battre le pavé	to take to the streets, to demonstrate
battre monnaie	to mint coins, to coin, to issue money, to
battre sa coulpe	to beat one's breast, to admit one's guilt
battre son plein	to be in full swing
battre à plate couture	to wipe the floor with, to beat hollow, to
bavard comme une pie	Who never stop talking, especially gossipp
bayer aux corneilles	to gawk, to stand gaping, to daydream, to
be-bop	Influenced by bebop; bebop
beach volley	beach volleyball
beau comme le jour	very beautiful
beau comme un cœur	pretty as a picture, cute as a button
beau comme un dieu	Extremely good-looking and attractive; lik
beau gosse	good-looking guy, hot guy, handsome man, h
beau joueur	good loser, good sport
beau monde	beau monde, beautiful people, smart set, h
beau parleur	sweet-talker, smooth talker, charmer, pers
beau rôle	the better part, the easy position, the pl
beau sexe	(the) fair sex (womankind)
beau-fils	a stepson, a son of the present spouse of; a son-in-law, the husband of one's da
beau-neveu	stepnephew; nephew-in-law
beau-parent	in-law
beaucoup de bruit pour rien	much ado about nothing
beaux jours	time when the weather is good, warm days,
beaux-parents	in-laws, parents-in-law
bec bunsen	Bunsen burner
bec de gaz	gaslight (lamp)
bec et ongles	tooth and nail, hammer and tongs
bec sucré	sweet tooth (liking for foods that are swe; sweet tooth (someone with a liking f
bec verseur	pouring spout, pouring lip, pourer, dispen
bec-croche	white ibis
bec-croisé	crossbill
bec-de-cane	a type of latch
bec-de-lièvre	cleft lip; harelip
bec-en-sabot	Balaeniceps, a monotypic genus of wading b
bec-en-sabot du nil	shoebill
bel esprit	wit, genius, bel esprit
bel et bien	well and truly
bel étage	piano nobile (main storey of a building)
bel-enfant	stepchild; son- or daughter-in-law ('child-in-law')
belgo-canadien	of Belgium and Canada
belgo-hollandais	of Belgium and Holland
belgo-luxembourgeois	of Belgium and Luxembourg
belle infidèle	an elegant but unfaithful and inaccurate t
belle lurette	a long time; ages
belle saison	summer
belle société	beautiful people, smart set, high society
belle-de-jour	a cultivated species of bindweed, Convolvu
belle-de-nuit	marvel of Peru; marsh warbler, reed warbler; prostitute
belle-famille	in-laws
belle-fille	daughter-in-law (wife of one's child); stepdaughter (daughter of one's spouse an
belle-nièce	stepniece; niece-in-law
belle-âge	a long time
ben voyons	I'll bet! well, well! come on! yeah, right; come on! good grief! sheesh! (used t
benne à ordures	waste bin; garbage truck
berger allemand	German shepherd (large-sized breed of dog
berger australien	Australian Shepherd
bernache du canada	Canada goose, Branta canadensis
bernache nonnette	barnacle goose, Branta leucopsis
bernard-l'ermite	hermit crab
besoin en fonds de roulement	working capital requirement
best of	best of (compilation)
betterave à sucre	sugar beet
beurre blanc	beurre blanc
beurre clarifié	clarified butter
beurre corporel	body butter
beurre d'arachide	peanut butter
beurre d'arachides	peanut butter; alternative form of beurre
beurre de cacahouète	peanut butter
beurre de cacahuète	peanut butter
beurre de cacao	cocoa butter
beurre de karité	shea butter
beurre de pinottes	peanut butter
beurre de tourage	a type of butter with 84% solid fat, used
beurre noir	melted butter that is cooked over low heat
beurre sec	a type of butter with 84% solid fat, used
beurré comme un petit lu	pissed as a newt; drunk as a skunk (very d
bi-curieux	a bi-curious person; bi-curious
biais cognitif	cognitive bias
biais de confirmation	confirmation bias
biais de sélection	selection bias (bias introduced by the sel
biais des survivants	survivorship bias, survivor bias
bicarbonate de soude	baking soda, sodium bicarbonate
bichon maltais	Maltese (dog)
bichon à poil frisé	Bichon Frisé
bien commun	common good; common good (good that is rivalrous and no
bien cuit	well done
bien d'autres	many other; many others
bien dans sa peau	comfortable in one's own skin, comfortable
bien dans ses baskets	comfortable in one's own skin, comfortable
bien dans ses bottes	comfortable in one's own skin, comfortable
bien dans ses pompes	comfortable in one's own skin, comfortable
bien de consommation	consumer good (good that consumers or end-
bien de production	capital good
bien de sa personne	good-looking, attractive
bien dit	well said!
bien en chair	plump, portly, pudgy, well-padded
bien en cour	well-connected at court, in royal favour; well thought of
bien entendu	well understood; of course, obviously
bien essayé	nice try, good try
bien fait	good-looking, attractive; an exclamation that a bad thing happened t; good
bien fait de sa personne	good-looking, attractive
bien joué	well done! way to go! good job! good show!
bien le bonjour	greetings!
bien le bonsoir	good evening
bien lui en prit	good for him/her, it was the right choice
bien mal acquis ne profite jamais	ill-gotten gains never prosper
bien né	noble, highborn, well-born
bien portant	healthy; portly, pudgy, well-padded
bien porter son nom	to have a fitting name, to be aptly named,
bien privé	private good (good that is rivalrous and e
bien public	item of public property; public good (good that is non-rivalrous an
bien que	although
bien sûr	of course
bien tard venu pour néant tenu	what comes too late doesn't count any more
bien tenté	nice try
bien trouvé	ingenious, clever, original
bien vu	well spotted! good thinking! good point! g
bien vu l'aveugle	no shit, Sherlock!
bien à toi	best, regards, all the best (used at the e
bien à vous	best, regards, all the best (used at the e
bien élevé	well-mannered, well-brought-up
bien-aimé	beloved, well-loved; beloved
bien-dire	elegant language
bien-fonds	real estate
bien-fondé	soundness, correctness; compliance, conformity
bien-jugé	res judicata
bien-pensance	right-mindedness; orthodoxy, conformism; political correctne
bien-pensant	right-minded, right-thinking; bien pensant; self-righteous, bien pensant, confor
bienvenue au club	welcome to the club, join the club (an exp
big air	big air; synonym of grand saut
big brother	Big Brother
big mac	Big Mac
bihoreau gris	black-crowned night heron (Nycticorax nyct
bijoux de famille	family jewels, crown jewels
bilan de santé	checkup
bilan médical	checkup
bilan sanguin	blood test, blood work
bile jaune	yellow bile
bile noire	black bile
billard électrique	pinball
bille en tête	unhesitatingly, audaciously, boldly; rashly, recklessly, without thinking, on a
billet d'humeur	short opinion piece; op-ed
billet d'écrou	(written order to turn oneself in to priso
billet de banque	a banknote, physical unit of paper currenc
billet de logement	billet (written order to quarter soldiers)
billet de rentrée	a ticket enabling a pupil to join a class
billet doux	billet-doux
billet à gratter	a scratch-off, scratch card (lottery ticke
billet à ordre	promissory note
binge-watcher	binge-watcher; to binge-watch
binocles-ciseaux	scissors-glasses
biologie du développement	developmental biology
biscuit chinois	fortune cookie
biscuit sablé	shortbread
biscuit soda	saltine; soda biscuit
bison d'amérique	American bison (Bison bison)
bison d'europe	European bison (Bison bonasus)
bisphénol a	bisphenol A
bit le moins significatif	least significant bit (bit of the smallest
bit le plus significatif	most significant bit (bit of the largest o
bite d'amarrage	bollard
bite à cul	in direct contact or nearly so; extremely
bitte d'amarrage	bollard (post to secure mooring lines)
bière blonde	lager
bière brune	dark beer
bière de garde	a strong pale ale traditionally brewed in
bière de table	small beer, table beer
bière à la pression	draft beer
bla-bla	blah, chit-chat, meaningless talk intended
bla-bla-bla	blah blah blah
black bloc	black bloc
black friday	Black Friday
black-bottom	the Black Bottom (dance)
blague de cul	dirty joke, sexual joke
blague à part	all kidding aside, jokes aside
blaireau eurasiatique	the Eurasian badger
blaireau européen	the European badger
blanc cassé	off-white (of a very pale colour that is a; off-white (a very pale colour that i
blanc comme neige	Beyond moral reproach; squeaky clean; clea
blanc comme un cachet d'aspirine	very white, pasty
blanc comme un cul	very white, untanned
blanc comme un linge	pale with fright; white as a sheet; white
blanc comme un navet	very white, untanned; pasty
blanc d'œuf	egg white
blanc de blancs	champagne made exclusively from white grap
blanc de hotot	Blanc de Hotot
blanc de noirs	champagne made exclusively from black grap
blanc de peur	scared to death, white as a sheet, terrifi
blanc de poulet	chicken breast
blanc-bec	greenhorn
blanc-bleu	innocent; trusted person
blanc-manger	blancmange
blanc-russien	White Russian (Belarusian)
blanc-seing	blank signature; a document so signed, a blank check etc.; carte blanche, license
blanc-étoc	the total cutting-down of a forest, wood e
blanchiment d'argent	money laundering
blanchir sous le harnais	to acquire experience
blanchisseuse de fin	laundress who launders delicate fabrics (c
bleu bite	rookie
bleu canard	teal
bleu ciel	sky blue (of a pale blue colour)
bleu d'auvergne	bleu d'Auvergne
bleu de chartres	Chartres blue (blue used for the windows o
bleu de gascogne	a race of pigeons from Southeastern France
bleu de prusse	Prussian blue, Berlin blue
bleu de travail	boilersuit, overalls, dungarees
bleu marine	navy blue (of a dark blue colour)
bleu nuit	of a midnight blue colour
bleu pétrole	of a dark blue green colour
bloc de brouillon	notebook
bloc de béton	breeze-block (concrete masonry unit)
bloc de départ	starting block
bloc moteur	engine block, cylinder block
bloc noir	black bloc
bloc opératoire	operating theatre
bloc-cylindres	cylinder block; engine block
bloc-heater	block heater: synonym of chauffe-bloc mote
bloc-moteur	engine block
bloc-notes	notebook (book), notepad
blond platine	platinum blond
blond vénitien	strawberry blonde
bloody mary	bloody mary
blouses blanches	medical workers; doctors and nurses collec
blue-jean	a pair of jeans
blé d'inde	corn, maize
blé dur	durum wheat (Triticum durum)
blé noir	buckwheat
blé tendre	common wheat (Triticum aestivum)
boa constricteur	boa constrictor (Boa constrictor)
boat-people	boat person, boat people
bobine d'allumage	ignition coil, spark coil
bobine de ruhmkorff	Ruhmkorff coil
boire au goulot	to drink directly from the bottle
boire comme un trou	to drink like a fish
boire du petit-lait	to jubilate, to exult, to take great delig
boire la tasse	to swallow involuntarily a mouthful of wat; to go under, to lose a lot of money
boire le calice jusqu'à la lie	to go through an unmitigatedly unpleasant
boire le vin de l'étrier	to have one for the road
boire les paroles	to lap up everything said by
boire un coup	to have a drink
boire à sa soif	to drink one's fill, to drink as much as o
bois d'aigle	agarwood, eaglewood
bois d'ébène	black slaves
bois d'œuvre	dimensional lumber, construction lumber; softwood lumber
bois de chauffage	firewood
bois de joli cœur	Pittosporum senacia Putt
bois de justice	scaffold (elevated platform on which a cri; guillotine
bois de lousteau	Chassalia gaertneroides
bois mort	dead wood (wood that is dead); dead wood, dead weight (matters or things
boit-sans-soif	soak (drunkard)
boite à ordures	rubbish bin, garbage can
boite à outils	toolbox (storage case for tools); toolbox
bol alimentaire	bolus (round mass of chewed food in the mo
bol breton	a small ceramic bowl with an engraved name
bolet satan	Satan's bolete, a large poisonous mushroom
bombardier d'eau	waterbomber (“firefighting aircraft”)
bombardier à eau	waterbomber (“firefighting aircraft”)
bombe atomique	atomic bomb (nuclear weapon)
bombe cyclonique	a bomb cyclone
bombe météorologique	a bomb cyclone, a meteorological bomb, a w
bombe sale	dirty bomb (device containing conventional
bombe sexuelle	sex bomb
bombe à retardement	time bomb (bomb that has a mechanism such; time bomb (situation that threatens t
bomber la poitrine	to swagger, to strut, to puff up (to throw
bomber le torse	to swagger, to strut, to puff up (to throw
bombyx chinois du chêne	Antheraea pernyi
bombyx du chêne	Lasiocampa quercus
bombyx du mûrier	Bombyx mori
bombyx laineux	Eriogaster lanestris
bombyx neustrien	Malacosoma neustria
bon an mal an	year in, year out
bon anniversaire	happy birthday
bon appétit	bon appétit, enjoy your meal
bon après-midi	have a good afternoon (a phrase uttered up
bon chic bon genre	posh, bourgeois; taste, style
bon comme le bon pain	kindhearted, kind
bon comme le pain	kindhearted, kind
bon courage	good luck!, Godspeed!
bon d'achat	voucher
bon de commande	order form, purchase order, sales order
bon de livraison	delivery form, delivery note, delivery sli; packing slip; bill of lading
bon de travail	work order
bon dieu	good God, for God's sake, bloody hell, gos
bon débarras	good riddance
bon enfant	good-natured, friendly; Simple-minded, naive
bon gré mal gré	willy-nilly
bon génie	bonus genius (good spirit or angel, seen a
bon lui semble	one sees fit
bon marché	cheap, inexpensive
bon matin	a phrase uttered upon a meeting: good morn
bon mot	bon mot (clever saying, phrase, or wittici
bon parti	catch of the day, good catch, real catch (
bon perdant	good loser, good sport
bon plan	good deal; good idea
bon pour le service	good to go; out of the woods; fit for duty, able-bodied
bon prince	magnanimous, generous, sporting, indulgent
bon public	easily entertained, easy to please
bon rétablissement	get well soon (a phrase indicating hope th
bon samaritain	Good Samaritan; Good Samaritan (a person who gives help or
bon sang	bloody hell, gosh
bon sang de bonsoir	good heavens! heavens above! good Lord! fo
bon sang mais c'est bien sûr	but of course! that's obvious, I can see t
bon sauvage	noble savage (stock character embodying th
bon sens	common sense (ordinary understanding)
bon vent	Godspeed! safe journey! farewell! goodbye!; good riddance!
bon vieux temps	good old days
bon vivant	a bon vivant, who enjoys the good things i
bon vouloir	goodwill, pleasure (the will or desire of
bon voyage	bon voyage, have a good journey, have a go
bon à marier	nubile, eligible, marriageable, ready to b
bon à prendre	worthwhile, worth taking, welcome
bon à rien	a good-for-nothing person
bon à tirer	Ready for press; Forthcoming book or manuscript
bon à valoir	redeemable voucher, coupon
bon élève	good pupil, good student; person or entity that has a good track rec
bon-papa	pops; grandpa
bondrée apivore	European honey buzzard (Pernis apivorus)
bongare fascié	banded krait
bongare indien	common krait
bonheur-du-jour	bonheur du jour (lady's writing desk)
bonhomme de neige	snowman
bonjour les dégâts	what a mess!; it's a recipe for disaster! there'll be tr
bonne action	good deed, good turn
bonne année	Happy New Year!
bonne après-midi	have a good afternoon (a phrase uttered up
bonne chance	good luck!
bonne continuation	all the best, best of luck (used to wish s
bonne femme	a woman, often elderly; an old wife
bonne fille	kind-spirited
bonne foi	good faith
bonne fée	fairy godmother
bonne fête	happy birthday; happy name day
bonne humeur	good mood, good spirits
bonne journée	have a nice day (a phrase uttered upon a f
bonne matinée	Have a good morning (a phrase uttered upon
bonne merde	break a leg! Good luck!
bonne nouvelle	good news
bonne nuit	good night (a phrase uttered upon a farewe
bonne parole	word, gospel, message
bonne poire	a sucker
bonne pomme	a sucker, a naive person
bonne pratique	best practice
bonne route	safe travels!
bonne soirée	Have a good evening (a phrase uttered upon
bonne sœur	nun; sister
bonne volonté	willingness, readiness, can-do attitude
bonne à tout faire	maid-of-all-work
bonne âme	kind soul, good soul, Good Samaritan (pers
bonne étoile	lucky star
bonne-main	tip
bonne-maman	granny, grandma
bonnes manières	good manners
bonnes vacances	have a good holiday! enjoy your vacation!
bonnes œuvres	charity in a general sense; the good deeds, especially charitable acts
bonnet d'âne	dunce cap, dunce hat (conical hat one pupi; donkey ears
bonnet de bain	swim cap
bonnet de douche	shower cap
bonnet de nuit	nightcap (clothing); wet blanket; killjoy
bonnet phrygien	Phrygian cap, liberty cap
bonnet rouge	a French revolutionary during the French R; any revolutionary
bonté divine	good heavens! good grief! goodness me!
bonus-malus	merit-rating used to compute no-claim disc
bordel de merde	fucking hell
borne d'incendie	fire hydrant
borne kilométrique	kilometre marker, mile marker, milepost, m
borne électrique	an electric charging post for a plug-in el
borne-abreuvoir	a combination drinking fountain and fire h
borne-fontaine	fire hydrant
boson de higgs	Higgs boson
botte secrète	secret weapon
botte à botte	side by side
botter en touche	to kick into touch; to kick into touch; to avoid a question
botter le cul	to kick someone's ass; to give a kick up the arse (to treat someo
botter les fesses	to give a kick up the backside (to treat s
bouc émissaire	scapegoat (someone punished for someone el
bouche bée	open-mouthed, agape; open-mouthed
bouche d'incendie	fire hydrant
bouche d'égout	manhole
bouche à feu	cannon
bouche à oreille	word of mouth; rumour
bouche à pipe	dicksucking lips; mouth that looks ideal f
bouche-trou	a second fiddle, a stopgap, a stand-in, a
bouche-à-bouche	mouth-to-mouth resuscitation, mouth-to-mou
bouche-à-oreille	Word of mouth: informal transmission of in
bouchée de pain	very low price
bouchée à la reine	a kind of filled vol-au-vent, served hot
boucle d'oreille	earring
boucle infinie	infinite loop
boucler la boucle	to come full circle
bouclier humain	human shield (civilian deliberately placed
bouclier thermique	heat shield (shield designed of a substanc
boudin blanc	white pudding; a kind of sausage made with
boudin noir	black pudding, blood sausage
boue rouge	red mud
bouffe de rue	street food
bouffer du curé	to be vehemently anticlerical, to sharply
bouffer la chatte	to eat pussy
bouffer la minette	to eat pussy
bouffée d'air frais	breath of fresh air
bouffée d'oxygène	breath of fresh air
bouffée de chaleur	hot flash, hot flush (feeling of intense h
bougie à boule	a urological tool used to assess urethral
boui-boui	low quality drinking establishment or café
bouillon de culture	growth medium, culture medium
bouillon-blanc	common mullein (Verbascum thapsus L.)
boule de berlin	Berliner (doughnut with a sweet filling)
boule de cristal	crystal ball
boule de démolition	wrecking ball (heavy ball used in demoliti
boule de feu	fireball
boule de geisha	Ben Wa ball, geisha ball
boule de mammouth	gobstopper, jawbreaker (type of candy)
boule de neige	snowball; (type of) viburnum
boule de poils	hairball; furball
boule de quille	bowling ball
boule disco	disco ball (suspended rotating mirrored sp
boule puante	stinkbomb
boule quies	earplug
boule à facettes	disco ball (suspended rotating mirrored sp
boule à thé	tea ball, tea strainer, tea infuser
boule à zéro	closely shaven head, buzzcut
boule-de-neige	horse mushroom; guelder rose
boulet de canon	cannonball; powerful shot
boulevard urbain	urban boulevard, stroad, arterial road; urban boulevard
boulier compteur	abacus (a calculating frame)
bouquet garni	bouquet garni
bouquet parfait	sweet william (Dianthus barbatus)
bouquet tout fait	sweet william (Dianthus barbatus)
bourrage de crâne	the pro-war propaganda used during World W; brainwashing
bourre-cochon	stodge, stodgy meal; place where such meals are served
bourre-pif	thump, punch on the nose
bourreau de travail	workaholic, workhorse
bourreau des cœurs	heartbreaker
bourrer le crâne	to fill someone's head with nonsense; to b
bourré comme un coing	pissed as a newt, drunk as a skunk (very d
bourse d'excellence	merit scholarship, fellowship
bourse d'études	scholarship, stipend, student allowance
bourse-à-pasteur	shepherd's purse
bout chaud	hot end
bout de chou	sweet little thing, little one, little tot
bout du monde	the ends of the earth (an extremely remote; the maximum possible; an insurmounta
bout froid	cold end
bout à bout	end to end
boute-en-train	a teaser, a gomer; a funny person, a jolly fellow
bouteille de gaz	gas cylinder
bouteille de klein	Klein bottle
bouteille à l'encre	quagmire, mare's nest, muddle
bouteille à la mer	message in a bottle; desperate cry for help, SOS; hopeless atte
bouton d'or	buttercup
bouton de fièvre	cold sore
bouton de manchette	cufflink (button or stud used to hold a sl
bouton-poussoir	push-button
bouton-pression	snap fastener, snap button
bouvreuil pivoine	a Eurasian bullfinch (Pyrrhula pyrrhula)
bouée de sauvetage	life-buoy, life belt, life preserver
box-calf	box calf
boxe anglaise	boxing (sport where two opponents punch ea
boîte automatique	boîte de vitesses automatique — automatic
boîte aux lettres	mailbox, letterbox (box or slot into which; mailbox, letterbox (box in which pos
boîte crânienne	cranium, neurocranium, braincase
boîte cvt	boîte de vitesses à variation continue — c
boîte d'allumettes	matchbox
boîte d'envoi	outbox
boîte de conserve	can, tin (of food)
boîte de dépôt	dropbox
boîte de nuit	nightclub
boîte de pandore	Pandora's box (source of unforeseen troubl
boîte de pétri	Petri dish
boîte de réception	inbox
boîte de vitesses	gearbox
boîte de vitesses automatique	automatic transmission
boîte de vitesses manuelle	manual transmission
boîte de vitesses à variation continue	continuously variable transmission
boîte manuelle	boîte de vitesses manuelle — manual transm
boîte noire	black box (data recorder of an aircraft); black box (theoretical construct)
boîte postale	post office box (uniquely addressable lock
boîte vocale	answering machine (machine used in coordin; voicebox (larynx)
boîte à caca	shitbox (colon)
boîte à camembert	mouth
boîte à cigare	cigar box (all meanings)
boîte à gants	glove box
boîte à lait	milk can
boîte à livres	public bookcase
boîte à musique	music box
boîte à onglets	mitre box, miter box (US)
boîte à rythmes	drum machine
boîte à secret	puzzle box
boîte à suggestions	suggestion box
bracelet électronique	ankle monitor
bracelet-montre	wristwatch
brain-trust	brain trust
branle-bas	the taking down of hammocks in a ship; commotion; hoo-ha
branle-bas de combat	the hurried taking down of hammocks in a s; flurry, uproar, bustle, commotion
branlette espagnole	tit fuck, titwank, titjob (mammary interco
bras armé	armed wing of an organization; strong arm, enforcer
bras cassé	a lame duck, a good-for-nothing, an incomp
bras d'honneur	bras d'honneur
bras de fer	arm wrestling; tug of war, power struggle
bras de levier	lever arm (distance between the point of a
bras de mer	sound (long narrow inlet)
bras droit	right-hand man, right-hand woman
bras mort	oxbow lake
bras séculier	secular arm (temporal justice, as opposed
brasser de l'air	to talk a lot and do nothing, to be perfor
brasser du vent	to talk a lot and do nothing, to be perfor
brebis galeuse	black sheep; bad apple (person who is not
brebis égarée	lost sheep, stray sheep
bric-à-brac	miscellaneous items, bric-a-brac; storeroom
brigadier-chef	Military rank in some Francophone countrie
briller de mille feux	to dazzle, to glitter, to sparkle, to shin
briller par son absence	to be conspicuous by one's absence
brique crue	mudbrick
brise-bise	brise-bise (net curtain for the lower half
brise-glace	icebreaker (ship)
brise-lames	breakwater (construction in or around a ha
brise-épée	sword-breaker
briser la glace	to break the ice
briser le cœur	to break someone's heart
briseur de grève	strikebreaker
britanno-colombien	British Columbian (resident or native of B; of British Columbia; British Columbi
bromure de sodium	sodium bromide
broncho-pneumonie	bronchopneumonia
bronchopneumopathie chronique obstructive	chronic obstructive pulmonary disease
brosse de toilettes	toilet brush
brosse à cheveux	hairbrush
brosse à dents	toothbrush
brosse à reluire	shoe brush; flattery
brouillard de la guerre	fog of war
brouiller les cartes	to muddy the waters, to cloud the issue, t
brouiller les pistes	to cover one's tracks; to muddy the waters
broute-minou	cunnilingus, carpet munching, muff diving,
broyer du noir	to brood (to have negative thoughts)
bruit de couloir	rumor
bruit de fond	background noise
bruits de bottes	signs that a war is brewing, threat of imp
brunelle à feuilles hastées	hyssop-leaved mountain ironwort (Prunella
brut de décoffrage	plain, unsurfaced, exposed; rough around the edges
brûle-gueule	a small tobacco pipe
brûle-parfum	perfume burner
brûler la chandelle par les deux bouts	to burn the candle at both ends (to do thi
brûler la politesse	to give someone the slip, to slip away fro
brûler les lèvres	to be on someone's lips, to be nagging [wi
brûler les étapes	to jump the gun, to cut corners, to go too
brûler ses vaisseaux	to burn one's boats (to cut oneself off fr
brûlure au deuxième degré	second-degree burn (serious burn that caus
brûlure au premier degré	first-degree burn (mild burn that causes r
brûlure indienne	Indian sunburn
brûlures d'estomac	heartburn, pyrosis (burning sensation due
bucco-dentaire	orodental (of the mouth and teeth)
buddleia de david	butterfly bush
buddleia du père david	butterfly bush
bugle petit-pin	yellow bugle (Ajuga chamaepitys)
bull terrier	bull terrier
bull-finch	bullfinch (hedge)
bull-terrier	bull terrier
bulletin de confession	confession certificate
bulletin de paie	payslip, pay stub
bulletin de salaire	payslip, pay stub
bulletin de vote	ballot
bulletin info	news bulletin
bulletin scolaire	report card, school report
bureau d'études	engineering consultancy
bureau de change	bureau de change, currency exchange (place
bureau de poste	post office (place)
bureau de tabac	tobacconist's
bureau de vote	polling station
burger smashé	smash burger
bus accordéon	articulated bus
bus scolaire	school bus
buse bondrée	European honey buzzard (Pernis apivorus)
buse à queue courte	short-tailed hawk
but cadré	shot on goal
but contre son camp	own goal
but en argent	silver goal
but en or	golden goal
butor étoilé	the Eurasian bittern
bâiller comme une carpe	to yawn a lot
bâtiment précieux	capital ship
bâtir des châteaux en espagne	to chase rainbows, to build castles in the
bâtir à chaux et à sable	to build solidly
bâton de chaise	pole used to carry a sedan chair
bâton de comptage	tally stick
bâton de vieillesse	young person who supports an elderly perso
bâton-du-diable	marsh thistle (Cirsium palustre)
bébé cadum	baby of an idealised appearance; puerile, childish, babyish or immature per
bébé-boumeur	baby boomer
bébé-éprouvette	test tube baby, embaby
bécasse des bois	Eurasian woodcock (Scolopax rusticola)
béni-oui-oui	yes man
bénéfice du doute	benefit of the doubt
béret vert	Beret of the legionnaires of the French Fo; a soldier wearing this beret
bétaille à feu	firefly, lightning bug
bétaille à mille pattes	centipede, millipede
béton armé	reinforced concrete
bêche-de-mer	sea cucumber
bêta-bloquant	beta blocker
bêta-test	beta test
bête comme chou	very simple, very plain; easy as pie
bête comme ses pieds	Very stupid; dumb as an ox; dumb as a door
bête de foire	freak show, circus freak, exhibit
bête de scène	showman
bête de sexe	sex machine, sex god (someone with conside
bête de somme	beast of burden (animal that carries or pu
bête et méchant	stupid, mindless
bête noire	bête noire, pet hate, pet peeve
bête à bon dieu	ladybug
bête à cornes	Horned cattle (goats, oxen, cows)
bête à manger du foin	Very stupid; dumb as a rock; dumb as a doo
bête-puante	skunk
bûche de noël	a Yule log (log-shaped Christmas cake)
bœuf bourguignon	beef bourguignon
bœuf musqué	musk ox (Ovibos moschatus)
bœuf-garou	werecow
c'en est assez	enough is enough
c'est	it is (used to define the preceding word); it is (used to introduce a focus); th
c'est au fruit que l'on connaît l'arbre	the proof of the pudding is in the eating
c'est bien le diable si	I'll be damned if…
c'est carré comme en corée	expression of affirmation or agreement, si
c'est cela	yeah, right! my eye! tell it to the marine
c'est celui qui dit qui l'est	I know you are but what am I? takes one to
c'est combien	how much is it?
c'est comme si c'était fait	consider it done; it's as good as done
c'est d'un chic	very classy!
c'est dans le besoin qu'on reconnaît ses vrais amis	a friend in need is a friend indeed (if a
c'est dans les vieux pots qu'on fait la meilleure soupe	tried and tested methods are the best ones
c'est de l'hébreu	it's all Greek to me (a phrase indicating
c'est de la merde	that's shite
c'est de la moutarde après dîner	it's like closing the stable door after th
c'est dire	it goes to show!
c'est du beau	that's just great! lovely! what a mess!
c'est du chinois	it's all Greek to me (a phrase indicating
c'est du propre	that's just great! lovely! what a mess!
c'est du russe	it's all Greek to me (a phrase indicating
c'est en forgeant qu'on devient forgeron	practice makes perfect
c'est kif-kif	it's all the same, it makes no difference
c'est l'hôpital qui se moque de la charité	that's the pot calling the kettle black
c'est l'intention qui compte	it's the thought that counts
c'est la fin des haricots	game over, the goose is cooked; it's the e
c'est la meilleure	that's rich!, that's a good one! (an expre
c'est la merde	this is messed up, this is bad, we're scre
c'est la moindre des choses	that's the least one can do, it's nothing
c'est la poêle qui se moque du chaudron	that's the pot calling the kettle black
c'est la vie	that's life, such is life
c'est le bouquet	that takes the biscuit! that takes the cak
c'est le cas de le dire	you can say that again!
c'est le chat qui se mord la queue	it's a vicious circle
c'est le geste qui compte	it's the thought that counts
c'est le moins qu'on puisse dire	to say the least! that's the least you can
c'est le moment ou jamais	it's now or never
c'est le monde à l'envers	the world's turned upside down
c'est le métier qui rentre	practice makes perfect, you'll get better,
c'est le pompon	that takes the biscuit! that takes the cak
c'est le serpent qui se mord la queue	it's a vicious circle
c'est là que le bât blesse	therein lies the rub
c'est moi	used in a phone call for identification
c'est moi qui te le dis	take it from me, I'm telling you, I can te
c'est moi qui te remercie	used as a response to merci (“thank you”)
c'est moi qui vous le dis	take it from me, I'm telling you, I can te
c'est moi qui vous remercie	used as a response to merci (“thank you”)
c'est mort	indicates a strongly negative response; said when an gathering, party, etc. fail
c'est parti	let's go!; we're off! here we go!; off we
c'est parti mon kiki	we're ready; let's go!; we're off!; here w
c'est pas demain la veille	that'll be the day! don't hold your breath
c'est pas plus mal	it's just as well; that's not a bad thing;
c'est pour un ami	asking for a friend
c'est pourquoi	that is why, this is why, which is why, fo
c'est quand le jeu devient dur que les durs commencent à jouer	when the going gets tough, the tough get g
c'est reparti	here we go again (an expression of frustra
c'est rien de le dire	and how! and it's an understatement!
c'est selon	it depends; maybe
c'est toujours ça de gagné	that's something at least
c'est toujours ça de pris	that's something at least
c'est un prêté pour un rendu	it's only fair, it's deserved, tit for tat
c'est un prêté rendu	it's only fair, it's deserved, tit for tat
c'est vite dit	that's easy to say, it's easier said than; that's putting it a bit strongly, tha
c'est ça	Confirmation of a question: that's right;
c'que	ce que
c'qui	ce qui
c'était le bon temps	those were the days
c-level	C-level
cabane à caca	outhouse
cabane à sucre	sugar shack
cabernet sauvignon	Cabernet Sauvignon
cabine d'essayage	fitting room
cabine de douche	shower unit; stall
cabine de pilotage	cockpit (the compartment in an aircraft in
cabine de signalisation	signal box
cabinet d'aisance	water closet
cabinet de conseil	consulting firm, consultancy
cabinet de curiosités	cabinet of curiosities
cabinet fantôme	Shadow Cabinet
cabinet médical	doctors' surgery; doctor's office
caca boudin	a childish expression with a large range o
caca d'oie	a greenish yellow colour
caca pour merde	one is as bad as the other; it's over and done with
cache-cache	hide and seek
cache-col	muffler; scarf
cache-cou	neckerchief; neckwarmer; neckscarf
cache-misère	outer garment that is used to hide dilapid; anything that is used to disguise a
cache-nez	scarf, muffler
cache-oreilles	earmuff
cache-pot	cachepot
cache-sexe	cache-sexe
cache-œil	eyepatch
cacher la poussière sous le tapis	to sweep something under the rug
cacher sa joie	to contain one's excitement, to show littl
cacher son jeu	to keep one's cards close to one's chest
cadavre exquis	exquisite corpse
cadeau du ciel	godsend
cadeau empoisonné	poisoned chalice, more of a curse than a b
cadence rompue	deceptive cadence, interrupted cadence
cadet des soucis de	the least of (someone's) concerns, the lea
cadrage satellitaire	satellite-framing
cadrage verbal	verb-framing
cadran lunaire	moondial (instrument for telling time)
cadran solaire	sundial
cafetière à piston	cafetière, French press
café allongé	coffee, americano
café arrosé	caffè corretto
café au lait	white coffee, coffee with milk; light brown, café au lait
café complet	evening snack. White coffee is served, tog
café crème	coffee with cream
café du commerce	place where people engage in water-cooler
café glacé	iced coffee
café instantané	instant coffee
café noir	black coffee; afterparty
café russe	Russian coffee (coffee with vodka); café au lait
café soluble	instant coffee
café turc	Turkish coffee
café à la russe	Russian coffee (coffee with vodka)
café-chicorée	chicory coffee
café-théâtre	a café or restaurant that stages cabaret o
café-vélo	a cycling café, a type of café specializin
cage d'escalier	stairwell
cage de chasteté	chastity cage
cage dorée	gilded cage
cage thoracique	rib cage (part of skeleton)
cage à lapins	rabbit cage
cagoules noires	black bloc
cahier de textes	homework notebook
cahier des charges	specifications, specs, requirements; brief
cahin-caha	hobbling along
caille des blés	common quail
caille-lait	bedstraw (plant of the genus Galium)
caisse claire	snare drum, snare, side drum
caisse d'épargne	savings bank, thrift
caisse de résonance	sound box (resonant chamber of a musical i; echo chamber
caisse enregistreuse	cash register (machine)
caisse noire	slush fund (money stored for illegal or di
caisse à outils	toolbox
caisse à savon	soapbox car
caisson hyperbare	hyperbaric chamber
cake-walk	cakewalk (the dance)
calcul biliaire	gallstone
calcul différentiel	differential calculus
calcul intégral	integral calculus
calcul matriciel	matrix calculus
calcul mental	mental calculation, mental arithmetic (pra
calcul rénal	kidney stone
calcul vectoriel	vector calculus
calculateur quantique	quantum computer
cale-nuque	neckroll
cale-porte	doorstop, doorstopper (object used to halt
calendrier de l'avent	Advent calendar
calendrier grégorien	Gregorian calendar
calendrier républicain	French Republican Calendar
calife à la place du calife	someone who has taken over the role of som
call-girl	call girl
calmar colossal	colossal squid
calmar commun	common squid
calmar géant	giant squid
calmar loliginidé	European common squid (Alloteuthis subulat
calme avant la tempête	calm before the storm
calme olympien	total composure
calme plat	a dead calm, a flat calm, a clock calm
calmer le jeu	to defuse the situation, to calm things do
calmer les esprits	to calm things down, to let cooler heads p
calmer sa joie	to calm down
calmer ses ardeurs	to curb one's enthusiasm
calmer son jeu	to calm down
calotte glaciaire	ice cap (ice pack for the head)
calumet de la paix	peace pipe
camion autonome	self-driving truck
camion benne	dump truck
camion de déménagement	removal van
camion plateau	flatbed truck, flatbed lorry
camion poubelle	garbage truck
camion-balai	broom wagon
camion-citerne	tanker, tank truck
camisole de force	straitjacket
camp d'extermination	death camp, extermination camp
camp de base	base camp (encampment used temporarily for
camp de concentration	concentration camp
camp de la mort	death camp, extermination camp
camp de réfugiés	refugee camp (temporary settlement built t
camp de travail	labor camp; workcamp
camp de vacances	summer camp
campagne électorale	election campaign
campagnol de richardson	water vole, North American vole (Microtus
campagnol terrestre	European water vole (Arvicola amphibius)
campanule de scheuchzer	Campanula Scheuchzeri Vill
camper sur ses positions	to stick to one's guns, to hold the line,
camping-car	motor home
caméra cachée	candid camera, hidden camera
caméra de surveillance	surveillance camera, CCTV camera (mounted
caméra thermique	thermal camera, thermographic camera, ther
caméra-piéton	body camera, bodycam
canado-américain	of Canada and the United States of America
canado-belge	of Canada and Belgium
canal banalisé	citizens' band
canal déférent	vas deferens
canal nommé	named pipe
canal éjaculateur	ejaculatory duct
canapé-lit	sofa bed, settee bed
canard boiteux	lame duck (person or thing that is helples
canard brun	mottled duck (Anas fulvigula)
canard d'amérique	American wigeon
canard de barbarie	Muscovy duck
canard mandarin	mandarin duck
canard siffleur	Eurasian wigeon (Mareca penelope)
cancer vert	(oncology) chloroma
candidature spontanée	speculative application
canne blanche	cane (white stick used by blind people)
canne des tranchées	trench stick
canne à pêche	fishing rod (rod used for angling)
canne à sucre	sugar cane (species of grass (Saccharum of
canon automoteur	self-propelled gun
canon de beauté	canon of beauty, aesthetic canon, beauty s; very attractive person
canon à eau	water cannon
canon à neige	snow cannon (machine that spurts out snow
canot automobile	motorboat
canot de sauvetage	life raft, safety raft
cap glacé	ice cap; iced capp, frappuccino
cap-verdien	Cape Verdean
capacité juridique	legal capacity
capacité électrique	capacitance (property of an element of an
capitaine d'industrie	captain of industry
capitaine de corvette	Lowest senior officer rank in Francophone
capitaine de frégate	Intermediate senior officer rank in some F
capitaine de vaisseau	Naval military officer in command of a cap
capitaine de vaisseau-major	Military rank used in some Francophone nav
capital confiance	trust capital
capital culturel	cultural capital (the social assets of a p
capital social	share capital, capital stock; social capital
capital sympathie	likeability seen as an asset; aura of vuln
capital-risqueur	venture capitalist
capitaux propres	equity
caporal-chef	chief corporal, master corporal
capote anglaise	French letter, rubber johnny, condom
capsule temporelle	time capsule (sealed container, buried at
capteur de rêves	dreamcatcher
capteur pollinique	pollen counter
capture d'écran	screenshot, screen capture
capuchon du clitoris	clitoral hood
car-ferry	car ferry
caractère chinois	Chinese character (hanzi)
caractère de cochon	a nasty character, a bad temper
caractère sexuel primaire	primary sex characteristic
caractère sexuel secondaire	secondary sex characteristic
carbure de calcium	calcium carbide
cardon de mer	seaside eryngo (Eryngium maritimum)
cardon de tours	wild artichoke (Cynara cardunculus)
cardère à foulon	fuller's teasel (Dispacus fullonum)
caresser dans le sens du poil	to butter up, to soft-soap
carnet d'adresses	address book; professional network, contac
carnet de bord	logbook
carnet de chèques	chequebook/checkbook
carnet de commandes	order book, backlog
carnet de textes	homework notebook
carnet de tickets	bundle of tickets
carnet de timbres	stamp booklet
carottes vichy	a dish consisting of sliced carrots cooked
carrefour giratoire	roundabout; traffic circle; rotary
carrer dans l'oignon	to sodomize
carré d'agneau	rack of lamb
carré latin	Latin square (n-by-n arrangement of n diff
carré parfait	square number, perfect square
carte bancaire	bank card
carte blanche	carte blanche (unlimited discretionary pow
carte bleue	a brand of bank cards widely used in Franc; any bank card; blue card (EU work pe
carte cadeau	gift card
carte d'embarquement	boarding pass
carte d'identité	ID card
carte de banque	bank card
carte de crédit	credit card (payment card, usually issued
carte de débit	debit card
carte de fidélité	loyalty card (card used in a company's loy
carte de membre	membership card (card issued to and held b
carte de paiement	payment card
carte de réduction	discount card (card that entitles the hold
carte de séjour	residence permit
carte de visite	visiting card, calling card; business card (small card with a person’s
carte de vœux	greeting card
carte graphique	graphics card (circuit board that generate
carte grise	motor vehicle registration
carte heuristique	mind map
carte mentale	mind map
carte mère	motherboard (primary circuit board of a co
carte mémoire	memory card; flashcard
carte postale	postcard
carte routière	road map (map with a visual representation
carte réseau	network card (card that allows a computer
carte sim	a SIM card
carte soleil	any socialized health insurance card, gove
carte thermique	heat map (two-dimensional data visualizati
carte verte	green card (US work permit); green card (motor insurance certificate)
carte vierge	blank map, blank card
carte à gratter	scratch card
carte à jouer	playing card
carte-lettre	lettercard
carton jaune	yellow card
carton rouge	red card
carton-pierre	carton-pierre (papier-mâché made to resemb
cas d'espèce	special case, specific case, individual ca
cas d'utilisation	use case
cas d'école	a theoretical case used for study of a the; a real-life case that matches the th
cas de conscience	crisis of conscience, moral dilemma, matte; twinge of conscience, misgiving, scr
cas de figure	hypothesis, eventuality
cas direct	direct case
cas grammatical	grammatical case
cas oblique	oblique case
cas régime	objective case, object case
cas social	problem case; socially disadvantaged person; problem person; dropout
cas sujet	subjective case, subject case
case à cocher	checkbox
caserne de pompiers	fire station
casier judiciaire	criminal record, rap sheet (a record of pa
casque bleu	United Nations peacekeeper; a blue helmet
casse-bonbons	irritating, annoying as hell; ball-buster; pain; pain in the arse (someo
casse-briques	breakout
casse-burnes	irritating, annoying as fuck; ball-buster; pain; pain in the arse (someo
casse-couilles	irritating; ball-buster; pain; pain in the arse (figur
casse-croûte	snack, light meal taken between larger one; snack, the food that makes up that m
casse-cœur	heartbreaker; lady-killer, man-killer
casse-gueule	dangerous, risky, dodgy; a dangerous, slippery place, passage or ob; jawbreaker
casse-noisette	nutcracker
casse-noix	nutcracker (tool)
casse-pied	annoying; an annoying person; pain, pain in the ass, pain in the neck
casse-pipe	a difficult, risky or life-threatening sit; a dangerous mission or battle; a war
casse-toi	get lost
casse-vitesse	speed bump
casser du sucre sur le dos de	to badmouth, to slag off, to backbite, to
casser la baraque	to bring down the house
casser la croûte	to grab something to eat, to grab a bite
casser la figure	to duff up, to beat up; to fail, to fall flat on one's face
casser la graine	to grab something to eat, to grab a bite
casser la gueule	to duff up, to beat up; to fail, to fall flat on one's face
casser le marché	to offer a product or service at a signifi
casser les couilles	to piss off, to annoy a lot
casser les pieds	to annoy
casser sa pipe	to kick the bucket; to snuff it
casser sa tirelire	to dip into one's savings, to break the ba
cassican flûteur	Australian magpie
castor commun	European beaver (Castor fiber)
castor d'eurasie	European beaver (Castor fiber)
castor d'europe	European beaver (Castor fiber)
castration chimique	chemical castration
catalogue raisonné	catalogue raisonné
cataplasme sur une jambe de bois	something as useful as tits on a bull, as
catharanthe rose	rosy periwinkle (Catharanthus roseus) (L.)
cause perdue	lost cause, sinking ship
cause première	first cause (initial cause from which all
cause toujours	carry on, keep going, keep talking, fascin
cavalier législatif	rider
cave à vin	wine cellar, wine vault
cavité abdominale	abdominal cavity (hollow portion of the to
cavité cotyloïde	cotyloid cavity
cavité oculaire	eye socket
caïque à queue courte	short-tailed parrot
ce dernier	the latter; the second of two items
ce disant	upon saying this, thereupon
ce faisant	in doing so, by so doing, thereby
ce fut un plaisir	it was a pleasure
ce me semble	methinks
ce n'est pas du jeu	that's not fair game
ce n'est pas en cassant le thermomètre qu'on fait tomber la fièvre	don't shoot the messenger (the bearer of b
ce n'est pas le pérou	it's nothing to write home about
ce n'est pas pour dire	not to be rude, but…, I don't mean to be r
ce n'est pas à un vieux singe qu'on apprend à faire des grimaces	don't try to teach grandma how to suck egg
ce n'est que justice	it's only fair! fair's fair!
ce n'est que partie remise	let's take a rain check! we'll do it anoth
ce nonobstant	this notwithstanding, in spite of that, de
ce pourquoi	which is why; that's why
ce qu'il fallait démontrer	quod erat demonstrandum
ce qu'il ne faut pas entendre	nonsense! rubbish!
ce que	what (relative pronoun - direct object); what (in indirect questions)
ce qui	what (that which; those which; the thing t; what (in indirect questions, subject
ce qui est fait est fait	what's done is done; it's no use crying ov
ce qui est fait n'est plus à faire	once one has done something, one does not
ce qui ne tue pas rend plus fort	what doesn't kill you makes you stronger
ceci dit	that said, that being said, then again
ceci explique cela	that explains it, that clears things up
ceci étant	that being so, that being said, then again
ceci étant dit	that being so, that being said, then again
ceindre la tiare	to become pope; to become high priest
ceinture d'astéroïdes	asteroid belt
ceinture de chasteté	chastity belt
ceinture de radiations de van allen	Van Allen radiation belt
ceinture de sécurité	seatbelt, safety belt
ceinture de van allen	Van Allen belt
ceinture fléchée	ceinture fléchée
ceinture noire	black belt (the belt itself); black belt (someone who has attained a bla
ceinture scapulaire	shoulder girdle
cela dit	that said, that being said, having said th
cela fait zir	astonishing!
cela m'en touche une sans faire bouger l'autre	I don't give a fuck; it's like water off a
cela s'entend	of course
cela étant	that being so, that being said, then again
cela étant dit	that being so, that being said, then again
cellule de dégrisement	drunk tank
cellule sanguine	blood cell
cellule souche	stem cell
censé tel	so presumed; supposed (to be) (presumed to
cent pour cent	one hundred percent
cent sept ans	a long time
centrale d'achats	group purchasing organization, GPO (entity
centrale nucléaire	nuclear power plant
centrale thermique	thermal power station
centrale à charbon	coal plant (power station)
centrale à gaz	gas plant (power station)
centrale électrique	power station
centre aéré	an outdoor centre for recreation
centre commercial	mall; shopping center, especially one with
centre d'appels	call center
centre d'intérêt	interest, area of interest, center of inte
centre de coûts	cost centre
centre de distribution	distribution center (building housing good
centre de gravité	center of gravity
centre de jeunesse	youth center
centre de masse	center of mass
centre de profits	profit centre
centre de réflexion	think tank
centre-asiatique	Central Asian (resident or native of Centr; Central Asian
cercle antarctique	Antarctic Circle
cercle d'amis	circle of friends, social circle
cercle de réflexion	think tank associated with a particular mo
cercle familial	family circle (the social circle comprisin
cercle polaire	polar circle
cercle trigonométrique	unit circle (circle of radius 1 with centr
cercle unité	unit circle (circle of radius 1)
cercle vertueux	virtuous circle
cercle vicieux	vicious circle
cerf axis	chital (Axis axis)
cerf rouge	red deer, Cervus elaphus
cerf-volant	stag beetle; kite (toy); kite
cerfeuil des alpes	baldmoney (Meum athamanticum Jacq.)
cerise de terre	physalis, the plant Physalis pruinosa
cerise sur le gâteau	the icing on the cake
cerisier du japon	Japanese cherry (Prunus serrulata)
cerisier à grappes	bird cherry (Prunus padus)
certificat d'authenticité	certificate of authenticity
certificat de bonne vie et mœurs	criminal record extract
certificat de conformité	certificate of conformity, certificate of
certificat de travail	a proof of employment
certificat médical	medical certificate, doctor's certificate; aegrotat, sick note (note from a doct
cerveau brûlé	hothead (one who reacts quickly and withou; impulsive, foolish
cerveau reptilien	reptilian brain, lizard brain
ces jours-ci	these days, currently
cesoird'hui	this evening
chabot commun	European bullhead (Cottus gobio)
chacal doré	golden jackal
chacal à chabraque	black-backed jackal
chacal à flancs rayés	side-striped jackal
chacun est l'artisan de sa fortune	every man is the architect of his own fort
chacun pour soi	every man for himself
chagrin d'amour	heartache; lovesickness; love disappointme
chair de poule	goosebumps
chair à canon	cannon fodder
chair à saucisse	sausage meat
chais pas	dunno
chaise de bureau	office chair, desk chair
chaise longue	chaise longue (reclining chair with a long
chaise percée	commode (chair containing a chamber pot)
chaise pliante	folding chair
chaise roulante	wheelchair
chaise à bascule	rocking chair (chair with a curved base wh
chaise à porteurs	sedan chair
chaise électrique	electric chair (chair-like device used for
chaises musicales	musical chairs (game); musical chairs, reshuffling
chambre basse	lower house
chambre d'ami	guest room (room in a home set aside for t
chambre d'enregistrement	rubber stamp committee
chambre d'hôte	bed and breakfast
chambre de combustion	combustion chamber (enclosed space, within
chambre de commerce	chamber of commerce
chambre de rhétorique	chamber of rhetoric
chambre des communes	House of Commons
chambre forte	strongroom, vault
chambre haute	upper house
chambre magmatique	magma chamber
chambre noire	darkroom
chambre opératoire	operating room, operating theatre
chambre stérile	white room, cleanroom
chambre à air	inner tube
chambre à bain	bathroom
chambre à coucher	bedroom (room in a house where a bed is ke
chambre à gaz	gas chamber
chameau de bactriane	Bactrian camel (Camelus bactrianus)
champ clos	champ clos (field officially set aside for; arena, place where disputes are sett
champ d'action	field of action, range; room for maneuver
champ d'application	scope of application, field of application
champ d'honneur	field of honor, battlefield
champ de bataille	battlefield; a messy place, a bloody mess, a war zone,
champ de courses	racecourse
champ de foire	fairground; mess, messy situation
champ de force	force field, field; force field
champ de glace	ice field
champ de mines	minefield
champ de tir	outdoors shooting range, outdoors firing r
champ de vision	field of view, field of vision, visual fie
champ gravitationnel	gravitational field
champ lexical	semantic field (a group of words which all
champ libre	free rein, free hand, carte blanche
champ magnétique	magnetic field
champ sémantique	semantic field
champ vectoriel	vector field
champ'	champagne, champers
champignon chinois	Chinese mushroom
champignon de paris	button mushroom, champignon (Agaricus bisp
champion du monde	world champion
chance de cocu	luck of the devil, luck of the Irish
changement climatique	climate change
changement de paradigme	paradigm shift (change in thinking from an
changer d'air	to have a change of scenery, to get a chan
changer d'avis	to change one's mind
changer d'avis comme de chemise	to flip-flop, to chop and change
changer de bord	to change sides, to box the compass; to switch teams (to change one's sexual or
changer de cheval au milieu du gué	to change horses in midstream
changer de crémerie	to take one's business elsewhere, to take
changer de disque	to change the record
changer de mains	to change hands
changer de refrain	to change one's tune, to start singing a d
changer de registre	to change one's attitudes; to change one's
changer la donne	to change the game, to make a big differen
changer son fusil d'épaule	to change tack, change one's tune (change
chanson de geste	chanson de geste
chanson française	a specific style of lyric-driven French po; a song belonging to this genre
chanson à boire	drinking song
chant du cygne	swan song
chant grégorien	Gregorian chant
chanter comme un rossignol	to sing very well, to be a very good singe
chanter comme une casserole	to be unable to carry a tune in a bucket (
chanter comme une seringue	(singing) To sing very badly; to be unable
chanter la marseillaise en breton	to be drunk
chanter la messe en breton	to read someone the riot act, to chew some
chanter la pomme	to seduce someone (or attempt to do so) by
chanter les louanges	to sing the praises of
chanterelle orangée	a false chanterelle, Hygrophoropsis aurant
chantier naval	dockyard, shipyard
chanvre de manille	Manila hemp (the fibre of the abaca)
chapeau bas	hats off
chapeau claque	opera hat
chapeau de fer	a chapel de fer helmet: a kettle hat
chapeau melon	bowler hat
chapel de fer	a chapel de fer (helmet)
chapelet thaï	(set of) anal beads
chaque chose en son temps	one step at a time; everything in its own
char d'assaut	tank
char de combat	main battle tank
char de guerre	a tank; synonym of char
char de l'état	ship of state
char à faux	scythed chariot (war chariot with scythe b
char-à-bancs	charabanc
charbon actif	activated carbon
charbon de bois	charcoal (substance)
charbon du maïs	corn smut (a plant disease caused by the p
charbonnier est maître chez soi	an Englishman's home is his castle, a man'
charbonnier est maître en sa demeure	an Englishman's home is his castle, a man'
chardon bleu des pyrénées	Eryngium bourgatii Gouan)
chardon macaque	milkweed thistle
chardonneret gris	Lawrence's goldfinch (Spinus lawrencei)
chardonneret jaune	American goldfinch (Spinus tristis)
chardonneret mineur	lesser goldfinch (Spinus psaltria)
chardonneret élégant	European goldfinch, Eurasian goldfinch (Ca
charge creuse	shaped charge
charge d'exploitation	operating cost
charge de la preuve	burden of proof (duty of a party in a lega; burden of proof (obligation of the p
charge directe	direct cost
charge indirecte	indirect cost
charge ponctuelle	point charge
charge utile	payload (all meanings)
charge virale	viral load
charger la barque	to be too ambitious, to bite off more than
charger la mule	to overdo it
chargeur automatique	autoloader
chargeuse-pelleteuse	backhoe loader, loader excavator
chargé d'affaires	chargé d'affaires
chargé de clientèle	customer service manager; account manager
chargé de communication	communications manager, communications off
chargé de cours	lecturer (at university)
chariot à mât rétractable	reachtruck
chariot élévateur	forklift
charité bien ordonnée commence par soi-même	charity begins at home
charme commun	common hornbeam, European hornbeam (Carpin
charmeur de serpents	snake charmer
charrette des condamnés	tumbril
charrette à bras	handcart (cart designed to be pulled or pu
chassalie bois de corail	Chassalia corallioides (Cordem.) Verdc
chasse au trésor	treasure hunt
chasse aux sorcières	witch-hunt
chasse aux œufs	Easter egg hunt
chasse d'eau	flush (of a toilet etc.)
chasse gardée	private hunting ground; preserve (activity with restricted access)
chasse patate	a pointless chase, wild-goose chase; a group chasing a breakaway that fails to
chasse à courre	hunting with hounds
chasse à l'homme	manhunt
chasse à la baleine	whaling
chasse-café	chasse-café, pousse-café (small glass of a
chasseur de chars	tank destroyer
chasseur de primes	bounty hunter
chasseur de têtes	headhunter, talent scout (recruiter); headhunter (savage who cuts off the heads
chassé-croisé	chassé-croisé (a figure between two partne; any movement of people; (specificall
chat bai	bay cat
chat de gouttière	alley cat; moggy
chat de jungle	jungle cat (Felis chaus)
chat de margueritte	sand cat
chat de pallas	Pallas' cat, manul (Otocolobus manul)
chat de schrödinger	Schrödinger's cat
chat des marais	jungle cat (Felis chaus)
chat des sables	sand cat (Felis margarita)
chat domestique	domestic cat
chat du désert	sand cat
chat forestier	European wildcat (Felis silvestris silvest
chat forestier européen	European wildcat (Felis silvestris silvest
chat haret	feral cat
chat perché	off-ground tag, off-ground touch
chat sauvage	wildcat; raccoon (Procyon lotor)
chat sauvage d'europe	European wildcat (Felis silvestris silvest
chat sauvage européen	European wildcat (Felis silvestris silvest
chat sylvestre	European wildcat (Felis silvestris silvest
chat à neuf queues	cat-o'-nine-tails
chat à tête plate	flat-headed cat (Prionailurus planiceps)
chat échaudé craint l'eau froide	once bitten, twice shy
chat-chouage	raccoon
chat-garou	a werecat
chat-huant	owl
chat-tigre	wildcat; (often specifically) margay, onci
chaud bouillant	boiling hot
chaud boulette	enthusiastic
chaud comme la braise	hot as blazes; red-hot; on fire
chaud comme une baraque à frites	champing at the bit; hot to trot, up for it, gagging for it
chaud lapin	salty dog, horndog, man bent on sex, randy
chaud-froid	chaud-froid
chaude lapine	hornball, woman bent on sex, female sex ad
chaude-pisse	the clap (gonorrhea)
chauffage au sol	underfloor heating
chauffage central	central heating
chauffage d'appoint	space heater
chauffe-biberon	bottle warmer
chauffe-bloc	block heater: synonym of chauffe-bloc mote
chauffe-bloc moteur	block heater (A heating device used to hea
chauffe-eau	water heater (appliance for heating water)
chauffe-moteur	block heater: synonym of chauffe-bloc mote
chauffer à blanc	to make white-hot, to bring to a white hea; to ignite
chausse-pied	shoehorn (tool used to assist the foot)
chausse-trape	caltrop (small, metal object with spikes a; trap, snare (for animals); pitfall,
chausson marseillais	a martial art originating from Marseille
chauve-souriceau	baby bat
chauve-souris	bat (a small flying mammal of the order Ch; a charge depicting the animal of the
chauve-souris bourdon	bumblebee bat, Kitti's hog-nosed bat (Cras
chauve-souris de mer	ogcocephalid
chauve-souris vampire	vampire bat (Desmodus rotundus)
chauve-souris-garou	werebat
chaux vive	quicklime (calcium oxide, which is produce
chaux éteinte	slaked lime (calcium hydroxide, a soft whi
chaîne alimentaire	food chain
chaîne d'approvisionnement	supply chain
chaîne de blocs	blockchain
chaîne de caractères	string (sequence of characters in computin
chaîne de commandement	chain of command
chaîne de lettres	chain letter (a letter or e-mail that trie
chaîne de production	supply chain
chaîne de trottoir	a sidewalk's curb
chaîne de télévision	television channel
chaîne de valeur	value chain
chaîne du froid	cold chain
chaîne humaine	human chain (form of demonstration in whic
chaîne latérale	sidechain
chaîne logistique	supply chain
chaînon manquant	missing link
chef d'accusation	charge (of a crime, as in a court); count
chef d'entreprise	business executive, head of a company
chef d'escadron	Military rank that replaces the rank of co
chef d'escadrons	Military rank that replaces the rank of co
chef d'orchestre	conductor
chef d'état	chief of state
chef de bande	band chief
chef de cabinet	chief of staff (head of political departme
chef de chœur	choirmaster
chef de corps	commanding officer
chef de famille	head of household, head of the family
chef de file	leader; party leader; lead ship; name ship; class leader
chef de gare	stationmaster
chef de guerre	war chief, war leader, warlord
chef de partie	chef de partie, line cook
chef de produit	product manager
chef de projet	project manager
chef de rayon	department manager; floorwalker, shop-walk
chemin de croix	Way of the Cross; Via Crucis; painful, strenuous experience
chemin de damas	road to Damascus
chemin de fer	railroad, railway; chemin de fer
chemin de halage	towing path, towpath (path alongside a can
chemin de ronde	wallwalk
chemin de terre	dirt road, dirt track
chemin des écoliers	the scenic route, the long way round
chemin faisant	on the way
chemin méchant	a muddy road
cheminée de fée	fairy chimney, hoodoo
chemise brune	brownshirt (uniformed member of the German
chemise de nuit	nightgown, nightie
chemise noire	blackshirt, squadrista (uniformed member o
chercher chaussure à son pied	to look for the right fit for one; to look for one's special someone, to look
chercher des noises	to try and pick a fight, to try to pick a
chercher des poux	to try and pick a fight, to try to pick a
chercher la corde à tourner le vent	to go on a wild-goose chase
chercher la merde	to look for trouble, to ask for trouble, t; to fuck with, to try and pick a figh
chercher la petite bête	to nitpick, to split hairs
chercher le poil dans l'œuf	to split hairs
chercher midi à quatorze heures	to complicate things needlessly; to seek a
chercher misère	to give (someone) a hard time, to make (so
chercher querelle	to try and pick a fight, to try to pick a
chercher ses mots	to fumble for words, to grasp for words, t
chercher une aiguille dans une botte de foin	to look for a needle in a haystack
cherchez l'erreur	used to draw one's interlocutor's attentio
cherchez la femme	a cliche in detective fiction, used to sug
cheval d'arçons	pommel horse (apparatus for gymnastic exer
cheval de bataille	war-horse, battle-charger; hobbyhorse, favourite theme
cheval de bât	packhorse
cheval de frise	cheval de frise
cheval de main	led horse
cheval de przewalski	Przewalski's horse
cheval de trait	draft horse, draught horse
cheval de troie	Trojan horse (a wooden horse used by the G; Trojan horse (malware)
cheval du diable	praying mantis; locust
cheval fiscal	tax horsepower
cheval qui boit dans son blanc	horse that has a white nose and the rest o
cheval à bascule	rocking horse (a child’s toy consisting of
cheval-garou	werehorse
cheval-jupon	hobby horse; a horse costume used in festi
cheval-vapeur	metric horsepower
chevalier d'industrie	knight of industry, sharper, crook (profes
chevalier de la manchette	gay man, homosexual man
chevalier errant	knight-errant (a knight in a medieval roma
chevalier servant	cicisbeo, knight in shining armor, escort,
cheveux blancs	silver-haired person
cheveux en bataille	tousled hairs, dishevelled hairs, scruffy
cheville ouvrière	linchpin (central cohesive source of stabi
chevillé au corps	deeply attached; strongly rooted; intimately linked to an object or person a
chevêche des terriers	burrowing owl (Athene cunicularia, syn. Sp
chevêchette d'europe	Eurasian pygmy owl (Glaucidium passerinum)
chewing-gum	chewing gum
chez soi	at home (at one's abode); at home (comfortable)
chez-soi	home, nest
chiant comme la pluie	dull as dishwater, like watching paint dry
chich taouk	shish taouk, grilled skewered chicken cube
chien chaud	hot dog
chien d'aveugle	guide dog, seeing-eye dog
chien d'eau	water dog
chien d'eau portugais	Portuguese Water Dog
chien de berger	sheepdog
chien de chasse	hunting dog, hound
chien de garde	a guard dog
chien de jean de nivelle	a disobedient animal or a person
chien de la casse	junkyard dog
chien de poche	a dog who always insist to follow its mast; someone whose behaviour reminds of s
chien de prairie	prairie dog (burrowing rodent)
chien de terre	salamander
chien de traîneau	sled dog (any dog, such as a husky, that p
chien errant	stray dog
chien guide d'aveugle	guide dog, seeing-eye dog
chien hargneux a toujours l'oreille déchirée	an aggressive person will inevitably get t
chien policier	police dog
chien qui aboie ne mord pas	barking dogs seldom bite, one's bark is wo
chien tayau	mutt
chien à perdrix	bird-dog, a dog that specializes in bird h
chien-garou	weredog
chien-loup	wolf dog
chiens écrasés	dead donkey
chier comme tout le monde	to be imperfect, like everyone else (liter
chier dans son froc	to shit oneself (to be very afraid)
chier une pendule	to overreact, to lose one's temper for not
chiffe molle	pansy
chiffre arabe	Arabic numeral
chiffre d'affaires	revenue, turnover, net sales
chiffre romain	Roman numeral (a numeral represented by le
chili con carne	chili con carne
chimie inorganique	inorganic chemistry (chemistry of the elem
chimie nucléaire	nuclear chemistry
chimie organique	organic chemistry (chemistry of carbon-con
chimie quantique	quantum chemistry
chimiste inorganique	inorganic chemist (chemist whose field is
chimiste organique	organic chemist (chemist whose field is or
chinois classique	Classical Chinese
chinois simplifié	Simplified Chinese
chinois traditionnel	Traditional Chinese
chinqui-chinque	Cajun music
chirurgie de réassignation sexuelle	sex reassignment surgery
chirurgie de réattribution sexuelle	sex reassignment surgery
chirurgie esthétique	cosmetic surgery, esthetic surgery
chirurgie plastique	plastic surgery
chirurgien plasticien	plastic surgeon
chirurgien-dentiste	surgeon-dentist
chlorure de baryum	barium chloride
chlorure de calcium	calcium chloride
chlorure de potassium	potassium chloride
chlorure de sodium	sodium chloride
choc anaphylactique	anaphylactic shock
choc culturel	culture shock
choc pétrolier	oil crisis, oil shock
choc septique	septic shock
choc terminal	termination shock
chocolat au lait	milk chocolate; chocolate milk
chocolat blanc	white chocolate
chocolat chaud	hot chocolate
chocolat dubaï	Dubai chocolate (chocolate bar with a fill
chocolat noir	dark chocolate
choisir c'est renoncer	to choose is to forsake; one can't have on
choix de vie	lifestyle choice, life choice
choix défensif	fielder's choice
chokbar de bz	shocked
chose du passé	thing of the past
chose faite	matter which has been taken care of, done
chose jugée	res judicata (something decided on by a co
chou chinois	Chinese cabbage
chou de bruxelles	Brussels sprout
chou de chien	annual mercury; dog's mercury; an unidentified type of cabbage
chou de chine	taro; Chinese cabbage
chou de siam	kohlrabi
chou frisé	curly kale
chou rave	kohlrabi
chou rouge	red cabbage
chou vert et vert chou	tomayto, tomahto; same difference; six of
chou à la crème	cream puff
chou-fleur	cauliflower
chou-rave	kohlrabi (cabbage cultivar)
chouette boréale	boreal owl, Tengmalm's owl, Richardson's o
chouette cendrée	great grey owl, Lapland owl (Strix nebulos
chouette des terriers	burrowing owl (Athene cunicularia, syn. Sp
chouette effraie	barn owl (Tyto alba); screech owl
chouette hulotte	tawny owl, brown owl (Strix aluco)
chouette lapone	great grey owl, Lapland owl (Strix nebulos
chouette rayée	barred owl (Strix varia)
chouette épervière	northern hawk owl (Surnia ulula)
chow chow	chowchow: fruit ketchup
chow mein	chow mein
chow-chow	Chow Chow (“dog”)
chromo-luminarisme	chromoluminarism
chromodynamique quantique	quantum chromodynamics
chromosome y	Y chromosome
chronique scandaleuse	chronique scandaleuse
chrysanthème comestible	garland chrysanthemum, chrysanthemum green
chrysanthème des jardins	Garland chrysanthemum, chrysanthemum green
chum de fille	Non-romantic girlfriend, female friend (es
chute d'eau	waterfall
chute de tension	drop in blood pressure
chute libre	freefall
château d'eau	water tower
château de cartes	house of cards; house of cards (something built on a shaky
château de sable	sandcastle
château gonflable	inflatable castle
château la pompe	tap water, council pop
château-fort	castle (fortified building)
châteaux en espagne	castles in the air; pipe dreams
chèque en blanc	blank check (a signed cheque with the valu
chèque en bois	bounced cheque, rubber cheque
chèque sans provision	bounced cheque
chèvre des montagnes rocheuses	mountain goat (Oreamnos americanus)
chèvre du tibet	cashmere goat (Capra hircus angorensis or
chénopode blanc	white goosefoot (Chenopodium album)
chêne angoumois	Pyrenean oak (Quercus pyrenaica)
chêne des pyrénées	Pyrenean oak (Quercus pyrenaica)
chêne noir	Pyrenean oak (Quercus pyrenaica)
chêne tauzin	Pyrenean oak (Quercus pyrenaica)
chêne vert	holm oak (evergreen tree, Quercus ilex)
chêne zéen	zean oak (Quercus canariensis)
chêne-liège	cork oak
chômage conjoncturel	cyclical unemployment, demand-deficient un
chômage frictionnel	frictional unemployment
chômage partiel	partial unemployment, part-time work
chômage structurel	structural unemployment
chômage technique	layoff (temporary); furlough
ci-devant	former, one-time; former aristocrat
ci-gît	here lies (a phrase written on gravestones
ci-inclus	attached; included; herein
ci-joint	herewith; enclosed; attached
cidre brut	brut cider
cidre de glace	ice cider (alcoholic beverage made from fe
cidre mousseux	sparkling cider (a bubbly fizzy alcoholic
cigale de mer	slipper lobster, any member of the family
cigales de mer	slipper lobster
cigarette russe	rolled biscuit, cigarette cookie
cigarette électronique	electronic cigarette
cigogne blanche	white stork (large wading bird, Ciconia ci
cinq cents	five hundred
cinq sur cinq	loud and clear
cinq à sept	quick early evening tryst; early evening get-together similar to a ha
cinq-centenaire	quincentennial
cinq-centième	five-hundredth
cinq-cents	five hundred
cinquante et un	fifty-one
cinquante et unième	fifty-first
cinquante-cinq	fifty-five
cinquante-cinquième	fifty-fifth
cinquante-deux	fifty-two
cinquante-deuxième	fifty-second
cinquante-huit	fifty-eight
cinquante-huitième	fifty-eighth
cinquante-neuf	fifty-nine
cinquante-neuvième	fifty-ninth
cinquante-quatre	fifty-four
cinquante-quatrième	fifty-fourth
cinquante-sept	fifty-seven
cinquante-sixième	fifty-sixth
cinquante-trois	fifty-three
cinquante-troisième	fifty-third
cinquième roue du carrosse	fifth wheel (anything superfluous or unnec
ciné-club	film society
ciné-parc	a drive-in theatre, a movie theatre where
cinéma bis	low-budget cinema, including B-movies, Z-m
cinéma d'auteur	artistic filmmaking
circaète jean-le-blanc	short-toed snake eagle
circonstance aggravante	aggravating circumstance, aggravating fact
circonstance atténuante	extenuating circumstance
circuit court	short food supply chain
circuit imprimé	printed circuit board
circuit intégré	integrated circuit
circuit électrique	electric circuit (paths that can carry an
circulation alternée	Road space rationing (traffic management v
circum-aural	circumaural
circée de paris	broad-leaved enchanter's nightshade (Circa
cire d'abeille	beeswax
cire orthodontique	orthodontic wax, dental wax, tooth wax, br
cire perdue	lost wax, cire perdue
cire-pompes	brown noser (one who brownnoses)
cirer le banc	to warm the bench
cirer les pompes	to suck up, to flatter
cirse des marais	marsh thistle (Cirsium palustre)
ciseaux à ongles	nail scissors
citoyen du monde	citizen of the world (person who takes the
citoyen-soldat	citizen-soldier
citrinelle de californie	Lawrence's goldfinch (Spinus lawrencei)
citron vert	lime (citrus)
citrouille-lanterne	jack-o-lantern
cité universitaire	hall of residence, residence hall
cité-dortoir	dormitory town, bedroom community
clair comme de l'eau de roche	crystal clear
clair comme le jour	plain as the nose on one's face, clear as
clair de lune	moonlight
clair de terre	Earthshine (reflected Earthlight)
clair et net	crystal clear, clear-cut, cut-and-dried, l
clair-obscur	chiaroscuro
claire-voie	clerestory (high section of wall that cont
clameur de haro	hue and cry; clameur de haro
clap de fin	wrap, final curtain, end of the road
claque-merde	gob; piehole (mouth)
claqué au sol	spurious, fallacious
clarinette basse	bass clarinet
classe abstraite	abstract class
classe affaires	business class
classe anonyme	anonymous class
classe concrète	concrete class
classe dérivée	derived class
classe externe	outer class
classe fille	subclass
classe finale	final class
classe générique	generic class
classe interne	nested class
classe lexicale	part of speech
classe locale	local class
classe membre	member class
classe moyenne	middle class
classe mère	superclass
classe nominale	noun class
classe ouvrière	working class (social class doing physical
classe sociale	social class
classe statique	static class
classe verte	field trip
classe wrapper	wrapper class
classe économique	economy class (the least expensive class o
clause du grand-père	grandfather clause
clause grand-père	grandfather clause
clavier virtuel	virtual keyboard
clef d'ut	C clef
clef de fa	F clef, bass clef
clef de sol	G clef, treble clef
clef de voûte	keystone (of a vault); boss
clic-clac	sofa-bed; flip-flop, thong
cligner des yeux	to wink
climato-sceptique	climate change skeptic, climate denier; climate change skeptic
clin d'œil	a wink; an instant, a blink of an eye; an allusion, as an artistic tool
clino-rhombique	clinorhombic
cloche de plongée	diving bell
clochette d'irlande	bells of Ireland (Moluccella laevis) L
cloison nasale	nasal septum (bony and cartilaginous parti
clopin-clopant	hobbling, limping
clou de girofle	clove (spice)
clouer au pilori	to pillory (to blame and criticize harshly
clouer au sol	to pin down (a person); to ground (an airc
clouer le bec	to shut (someone) up
cloué au lit	bedridden
clé anglaise	monkey wrench (a wrench)
clé d'activation	product key, activation key
clé de bras	armlock (wrestling move in which the oppon
clé de contact	ignition key
clé de distribution	distribution key, allocation criterion
clé de lecture	a way of approaching a work of art, a situ
clé de produit	product key, activation key
clé de répartition	distribution key, allocation key, basis of
clé de tri	sortkey
clé en main	ready for use, ready to use, turnkey (read
clé primaire	primary key
clé publique	public key
clé suédoise	plumber wrench, Swedish wrench
clé usb	USB flash drive
clé à cliquet	ratchet wrench (a type of wrench)
clé à douille	socket wrench (a type of wrench)
clé à molette	adjustable spanner, monkey wrench
clé étrangère	foreign key
clés de la ville	keys to the city
coca-colonisation	Cocacolonization
coche d'eau	horse-drawn boat, towboat, track-boat
cocher toutes les cases	to tick all the boxes, to check all the bo
cochléaire des pyrénées	Cochlearia pyrenaica DC
cochon d'inde	guinea pig (Cavia porcellus)
cochon de lait	piglet; suckling pig; social gathering at which a suckling pig i
cochon de mer	porpoise; triggerfish; sea pig (sea cucumber in the genus Scotopl
cochon marron	wild boar
cochon vietnamien	Vietnamese pot-bellied pig, potbelly pig
cochon-garou	werepig
cocktail de crevettes	prawn cocktail
cocktail molotov	Molotov cocktail
cocktail météo	a combination or rapid succession of sever
coco-fesse	coco-de-mer (Lodoicea maldivica)
cocotte-minute	pressure cooker (cooking vessel)
code civil	civil code
code couleur	colour code
code d'accès	access code
code d'honneur	code of honour
code de conduite	code of conduct
code de la route	rules of the road, traffic code, traffic r
code génétique	genetic code (the set of rules by which th
code hérité	legacy code (source code that relates to a
code machine	machine code
code postal	postcode, zip code
code pénal	penal code, criminal code
code secret	password
code source	source code
code typographique	style guide
code vestimentaire	dress code
code-barres	barcode
coefficient de remplissage	occupancy rate; delivery ratio
coffre au trésor	treasure chest
coffre-fort	safe (a box, usually made of metal, in whi
coiffer au poteau	to pip to the post (to overcome at the las
coiffure à la garçonne	bob haircut
coin de rue	street corner
coin-coin	quack (sound made by a duck)
coincer la bulle	to rest; to loaf around
coincé du cul	uptight, stuck up, not at ease, unconfiden; a tightass, an uptight person
coitus interruptus	coitus interruptus
col blanc	white collar; white-collar worker
col bleu	blue collar; blue-collar worker
col claudine	Peter Pan collar
col danton	Danton collar
col de l'utérus	cervix
col du fémur	neck of the femur, collum femoris
col mao	mandarin collar
col romain	clerical collar, Roman collar
col roulé	turtleneck (high, close-fitting collar rol; turtleneck sweater, turtleneck (swea
col utérin	cervix
cold-cream	cold cream
colin d'alaska	Alaska pollock (Gadus chalcogrammus)
colin-maillard	blind man's buff
colin-tampon	used only in the expression comme de colin
colique néphrétique	renal colic
collecte de sang	blood drive (activity, usually charitable,
coller au cul	to tailgate; to follow (someone) everywhere, to breathe
coller au train	to tailgate; to follow (someone) everywhere, to breathe
coller aux basques	to follow everywhere, to stay close to (so
coller aux fesses	to follow everywhere, to stay close to (so
collet monté	Medici collar; prim, prim and proper, prissy, starchy, st
collier de perles	pearl necklace (necklace made of pearls)
collision frontale	head-on collision
collège classique	classical college
collège électoral	electoral college (body of electors empowe
colombo-britannique	of British Columbia; British Columbian; British Columbian (resident or native of
colonel-major	Military rank used in some Francophone cou
colonie de vacances	camp; summer camp
colonne d'air	air column
colonne d'eau	water column (volume of water under the su; water column (notional column of wat
colonne de direction	steering column
colonne vertébrale	vertebral column, backbone
colonne volcanique	eruption column
colonne éruptive	eruption column
colosse aux pieds d'argile	a colossus with feet of clay, a giant with
colère noire	great anger, rage, fury
coma artificiel	medically induced coma
combat de coqs	cockfight (contest, in a cockpit, between; cockfight
combat rapproché	close combat
combat à mort	fight to the death, fight to the finish, d
combattre le feu par le feu	to fight fire with fire
combattre le mal par le mal	to fight fire with fire
combien ça coûte	how much does it cost?
combinaison ailée	wingsuit
combiné nordique	Nordic combined
comble de malheur	to make matters worse, to add insult to in
comice agricole	agricultural show
coming out	coming-out (the act of coming out of the c
comique de répétition	type of humour based on running jokes and
comique de situation	situation comedy
comité d'entreprise	works council
comité de direction	management team, executive team, executive; management meeting
comité de lecture	selection panel, review panel, selection c
comité exécutif	executive committee, the equivalent of the
comité restreint	select committee; cenacle; small group
commandant de bord	captain
commandant en chef	commander-in-chief
comme c'est pas permis	like crazy, like you wouldn't believe, lik
comme chien et chat	like cats and dogs, not get along, fight a
comme ci comme ça	comme ci comme ça, so-so
comme cul et chemise	as thick as thieves, very close, inseparab
comme d'hab	as usual, per yoozh
comme de colin-tampon	completely
comme des petits pains	like hot cakes (used to describe something
comme des sardines	packed like sardines
comme deux gouttes d'eau	like two peas in a pod; exactly alike
comme deux ronds de flan	dumbfounded, gobsmacked
comme dirait l'autre	as they say
comme harengs en caque	packed like sardines
comme il faut	properly (the way it should be done); proper, decent; properly, really (intensif
comme il se doit	as expected
comme jamais	like never before
comme la vérole sur le bas clergé	like a rash, like a shot
comme larrons en foire	as thick as thieves
comme les doigts de la main	like two peas in a pod (very close)
comme marée en carême	opportunely
comme on dit	as the saying goes
comme on fait son lit on se couche	as you make your bed, so you must lie in i
comme par enchantement	as if by magic
comme par hasard	what do you know; what a coincidence; surp
comme par magie	as if by magic
comme pas deux	like no one else, like you've never seen b
comme pas possible	like crazy, like you wouldn't believe, lik
comme pas un	like no other
comme personne	like nobody else, like no other, better th
comme pour	as if
comme prévu	according to plan
comme qui dirait	so to speak, as it were, how shall I put i
comme quoi	it goes to show (this recent fact or resul
comme s'il en pleuvait	in plenty, aplenty, galore, abundantly, in
comme si	as if; as though (as to suggest that)
comme si c'était hier	vividly
comme si de rien n'était	as if it were nothing, as if nothing had h
comme si sa vie en dépendait	like one's life depended on it, as if ther
comme suit	as follows
comme sur des roulettes	like a charm, smoothly, swimmingly, withou
comme tout	very, extremely, as all get-out
comme un cheveu sur la soupe	out of the blue (unexpectedly)
comme un chien dans un jeu de quilles	very suddenly and incongruously
comme un coq en pâte	in clover, very comfortably, with one's ev
comme un dingue	like crazy
comme un dératé	Very fast; Very hard and for extended periods of time
comme un manche	very clumsily, very badly, very poorly, li
comme un pet sur une toile cirée	like grease through a goose, as fast as gr
comme un pied	very clumsily, very badly, very poorly, li
comme un poisson dans l'eau	like a duck takes to water, in one's eleme
comme un rat mort	very much, to death
comme un seul homme	as one man, in concert, unanimously
comme un voleur	on the sly, surreptitiously, stealthily, l
comme un éléphant dans un magasin de porcelaine	like a bull in a china shop
comme une fleur	candidly, ingenuously, as if nothing had h
comme une traînée de poudre	like wildfire
comme ça	like that/this, that/this way, so, thus; large, big; just like that (suddenly an
comment allez-vous	how are you
comment cela	how so? what do you mean?
comment donc	an affirmative expression of certainty, us
comment les cannes sont	how are you?, how are things?
comment les zaricos	how are you
comment sont les haricots	how are you?; how are things?
comment sont les z-haricots	how are you?; how are things?
comment sont les zaricos	how are you?, how are things?
comment vas-tu	How are you? (informal singular)
comment ça	what do you mean? how do you mean? say wha
comment ça plume	how are you?
comment ça se plume	how are you?
comment ça va	how are you
commentaire en bloc	block comment
commerce extérieur	foreign trade
commerce équitable	fair trade
commis de cuisine	kitchenhand (person who is employed to ass
commissaire aux comptes	auditor
commissaire-priseur	auctioneer
commission scolaire	school board; school district; school divi
commun des mortels	the ordinary people, the common people, ho
communauté européenne	European community
communauté internationale	international community
communiqué de presse	press release
compagnie aérienne	airline (company that flies airplanes)
compagnie d'assurances	insurance company, insurance carrier
compagnon d'infortune	companion in misfortune, companion in adve
compagnon de route	fellow traveller (one who sympathizes with
comparaison n'est pas raison	comparisons don't prove anything; one shouldn't compare things that aren't c
comparer des pommes et des poires	to mix apples and oranges, to compare appl
compatibilité ascendante	forward compatibility (compatibility with
compatibilité descendante	backward compatibility (compatibility with
complexe d'infériorité	inferiority complex, complex of inferiorit
complexe d'électre	Electra complex
complexe d'œdipe	Oedipus complex
complexe militaro-industriel	military-industrial complex
complément alimentaire	dietary supplement, food supplement
complément circonstanciel	circumstantial complement (a syntactic ele
complément d'agent	agent
complément d'objet	object (of a transitive verb)
complément d'objet direct	direct object
complément d'objet indirect	indirect object
complément du nom	possessive phrase
composé organique volatil	volatile organic compound
compromis de vente	sales agreement, sales and purchase agreem
compréhension à l'audition	listening comprehension; listening comprehension skills; listening comprehension
compréhension à la lecture	reading comprehension; reading comprehension skills; reading comprehension exerc
comptabilité analytique	management accounting
comptabilité clients	accounts receivable
comptabilité d'engagement	accrual basis accounting
comptabilité d'exercice	accrual basis accounting
comptabilité de caisse	cash basis accounting
comptabilité de gestion	management accounting
comptabilité de trésorerie	cash basis accounting
comptabilité financière	financial accounting (field of accounting
comptabilité fournisseurs	accounts payable
comptabilité générale	financial accounting (field of accounting
compte bancaire	bank account (fund deposited by a customer
compte client	customer account; account receivable
compte courant	current account, checking account (account
compte d'apothicaire	precise and complex calculations
compte d'épargne	savings account
compte de pertes et profits	P&L statement
compte de régularisation	adjusting entry; adjustment account
compte de résultat	income statement, P&L statement
compte de tiers	third-party behalf; third-party account
compte en t	T-account
compte fournisseur	supplier account; account payable
compte rendu	proceedings (published record); summary, minutes; account, report, review
compte tenu de	given, considering, in light of, in view o
compte à rebours	countdown (to an event)
compte à rendre	explanation, account that is owed to someo
compte à régler	account to settle
compte à vue	current account
compte-goutte	dropper, eyedropper (device for dispensing
compte-gouttes	dropper (utensil for dropping liquid)
compte-minute	timer (device that times backwards)
compter les moutons	to count sheep (to attempt to go to sleep
compter pour du beurre	to not count for anything, to count for no
compter sur les doigts d'une main	to count on the fingers of one hand
comptes annuels	annual accounts
compteur de vitesse	speedometer
comédie de situation	sitcom, situation comedy (episodic comedy
comédie musicale	musical
comédie romantique	romantic comedy
con comme la lune	Very stupid; thick as two short planks; du; Extremely easy or simple; easy as pi
con comme un balai	thick as a brick; dumb as a post (very stu
con comme un manche	Very stupid; thick as a brick; dumb as a p
con comme une chaise	thick as a brick; dumb as a post (very stu
con tinh	the lustful ghost of a virgin woman (in Vi
conception assistée par ordinateur	computer-aided design
concombre d'âne	squirting cucumber (Ecballium elaterium)
concombre de mer	sea cucumber
concordance des temps	sequence of tenses, consecutio temporum, t
concours complet	eventing
concours d'entrée	entrance examination
concours de beauté	beauty pageant
concours de bites	dick-measuring contest
concours de circonstances	combination of factors, combination of cir
concurrence déloyale	unfair competition
condition nécessaire	necessary condition
condition sine qua non	a sine qua non, an indispensable condition
condition suffisante	sufficient condition
condition yoda	Yoda condition
conditionnel passé	past conditional, conditional perfect
conditionnel présent	present conditional
conditions commerciales	commercial conditions
conducteur du dimanche	Sunday driver (person who drives poorly)
conducteur fantôme	wrong-way driver, ghost driver
conduit auditif	ear canal (tube or meatus running from the
conduite forcée	penstock
confiance en soi	self-confidence
confiture de lait	dulce de leche (sweat dairy spread)
conflit armé	armed conflict
conflit d'intérêts	conflict of interest
conflit de modification	edit conflict
conflit horaire	scheduling conflict, timetable clash
conformément à	in accordance with, in keeping with
conférence de presse	press conference
congé de maternité	maternity leave
congé de paternité	paternity leave
congé maladie	sick leave
congé parental	parental leave, family leave
congé sans solde	unpaid leave, leave without pay (leave not
conjoint de fait	common law spouse
conjonction de coordination	coordinating conjunction
conjonction de subordination	subordinating conjunction
conjonctivite granuleuse	granular conjunctivitis (trachoma)
conjonctivite égyptienne	Egyptian conjunctivitis (trachoma)
connaître comme sa poche	to know like the back of one's hand, to kn
connaître de vue	to know by sight
connaître la chanson	to know the score; to know the drill
connaître la musique	to know the score; to know the drill
connaître sur le bout des doigts	to know backwards, to know inside and out,
conscience de classe	class consciousness
conscience professionnelle	conscientiousness; work ethic (characteris
conseil communal	city council, municipal council
conseil d'administration	board of directors
conseil d'ami	piece of friendly advice
conseil de guerre	council of war; court martial, court of inquiry, military
conseil municipal	city council, town council
conseiller aux études	academic advisor
conseiller municipal	town councillor
conseiller principal d'éducation	guidance counselor
consentement éclairé	informed consent
console de jeu	video game console
consommation des siècles	end times
constante d'avogadro	Avogadro's number
constat amiable	amicable agreement
constructeur par défaut	empty constructor
construction sociale	social construct (social convention or per
contact visuel	eye contact
conte de bonne femme	old wives' tale; cock-and-bull story
conte de fées	fairy tale (folktale or literary story fea; fairy tale (delightful and ideal sit
conte moral	cautionary tale (a story told in folklore
conter fleurette	to woo
continuer sur une lancée	to keep going on a specific path or course
continuum dialectal	dialect continuum
contracture de dupuytren	Dupuytren's contracture
contrairement à	unlike; as opposed to
contrat d'assurance	insurance policy, insurance contract (lega
contrat de bail	tenancy agreement, lease agreement, lease
contrat de travail	employment contract, work contract
contrat social	social contract
contrat à durée déterminée	fixed-term contract
contrat à durée indéterminée	open-ended contract, permanent contract
contrat-cadre	master service agreement, MSA, framework a
contre nature	against nature, unnatural; unholy, pervert
contre toute attente	very unexpectedly, against expectations, a
contre vents et marées	through thick and thin, against all odds,
contre-allée	sidepath; side aisle (of church)
contre-argument	counterargument, counterpoint
contre-attaquer	to counterattack
contre-courant	countercurrent
contre-espionnage	counterespionage
contre-exemple	counterexample
contre-expertise	expert investigation by a third party when
contre-fenêtre	a secondary window placed inside or outsid
contre-filet	sirloin (cut of meat); striploin
contre-indication	a contraindication
contre-indiquer	to contraindicate
contre-interrogatoire	cross-examination
contre-intuitif	counterintuitive
contre-jour	backlighting
contre-manifestation	counterdemonstration, counterprotest
contre-mesure	countermeasure
contre-mine	countermine
contre-mot	countersign
contre-pied	Pre-1990 spelling of contrepied
contre-plongée	worm's-eye view
contre-porte	a secondary door placed inside or outside; a storm door (an exterior door placed
contre-pouvoir	counterpower (political or other kind of p
contre-propagande	counterpropaganda
contre-publicité	counteradvertising
contre-révolution	counterrevolution
contre-sujet	countersubject
contre-terrorisme	counter-terrorism
contre-terroriste	counter-terrorist
contre-torpilleur	destroyer: a type of warship; torpedo-boat destroyer
contre-transfert	countertransference
contrôle d'identité	identity check
contrôle de gestion	management auditing, management control
contrôle des naissances	birth control
contrôle parental	parental control, v-chip (feature included
contrôle qualité	quality control
contrôle technique	vehicle inspection (procedure mandated by
contrôleur aérien	air traffic controller, ATC
contrôleur de gestion	management accountant, comptroller
contrôleur des travaux finis	Monday-morning quarterback
convention collective	collective agreement
convergence évolutive	convergent evolution
convoler en justes noces	to marry someone by the book
coordination main-œil	hand-eye coordination
coordination œil-main	eye-hand coordination
copain comme cochon	very close friends; thick as thieves
copains comme cochons	thick as thieves
copie cachée	blind carbon copy (copy of an email messag
copie carbone	carbon copy (copy produced in an alternate; carbon copy (duplicate copy of an em
copie carbone invisible	blind carbon copy (copy of an email messag
copie conforme	replica, exact copy, carbon copy, dead rin
coq au vin	a French braise of chicken cooked with win
coq de bruyère	grouse
coq de combat	gamecock, fighting cock (rooster used in c
coq-à-l'âne	satire, incoherent story
coquille saint-jacques	scallop (mollusc); scallop shell (used as a symbol of pilgrim
coquille vide	empty shell
coquilles saint-jacques	scallop
cor anglais	cor anglais, English horn
cor d'harmonie	French horn
cor de basset	basset horn (alto instrument of the clarin
cor de chasse	hunting horn
cor des alpes	alphorn
corbeau de nuit	black-crowned night heron (Nycticorax nyct
corbeau freux	rook (bird)
corde raide	tightrope
corde vocale	vocal cord
corde à linge	clothesline
corde à sauter	skipping rope, skip rope, jump rope (item; jump rope (the activity itself)
corde à vide	open string
cordeau à tracer	chalk line, chalk box
cordon bleu	blue ribbon; cordon bleu (skilfull chef); cordon bleu (schnitzel)
cordon ombilical	umbilical cord
cordon sanitaire	cordon sanitaire (a barrier (physical or a; the agreement amongst Belgian politi
cordon spermatique	spermatic cord
coris de montpellier	Montpellier coris (Coris monspeliensis)
cormoran huppé	European shag (Phalacrocorax aristotelis)
corne d'abondance	cornucopia
corne de brume	foghorn
corne à boire	drinking horn
corned-beef	corned beef
corneille mantelée	hooded crow
corneille noire	carrion crow (Corvus corone)
cornet de glace	ice cream cone
cornet à pistons	cornet (musical instrument of the brass fa
cornouiller mâle	European cornel (Cornus mas)
cornouiller sauvage	European cornel (Cornus mas)
coronille des jardins	scorpion senna (Hippocrepis emerus)
corps calleux	corpus callosum
corps caverneux	corpus cavernosum
corps commutatif	field
corps composé	chemical compound
corps constitué	constitutional body
corps consulaire	each and all consuls in a country
corps céleste	celestial body
corps d'armée	corps
corps de ballet	chorus line, ballet personnel
corps de doctrine	body of doctrine
corps de garde	guards, corps de garde (body of soldiers s; guardhouse, guardroom, gatehouse, co
corps de logis	main building, principal building, corps d
corps de métier	profession, trade (practitioners of a prof
corps diplomatique	diplomatic corps
corps du délit	corpus delicti, piece of evidence
corps et biens	completely, utterly
corps et âme	body and soul, completely
corps fini	finite field
corps franc	military or paramilitary corps of an auton
corps gras	fatty substance
corps pur	pure substance
corps simple	elementary substance
corps social	society
corps spongieux	corpus spongiosum
corps à corps	hand-to-hand combat, melee
corps étranger	foreign body
corps-à-corps	hand-to-hand combat
correcteur liquide	correction fluid, Tippex (UK), whiteout (U
correcteur orthographique	spell checker
correspondant de guerre	war correspondent
corridor humanitaire	humanitarian corridor
corriger le tir	to make adjustments, to adjust tactics, to
cortex préfrontal	prefrontal cortex
cosinus hyperbolique	hyperbolic cosine
cosom hockey	cosom hockey; alternative form of hockey c
costard-cravate	suit and tie
costume de bain	swimsuit
costume trois pièces	three-piece suit; man's genitals
costume-cravate	suit and tie
cot cot codet	cackle (the cry of a hen, especially one t
coton hydrophile	cotton wool (absorbent cotton)
coton ouaté	sweatshirt, hoodie
coton-ouaté	sweatshirt, hoodie
coton-tige	cotton swab, cotton bud (small wad of cott
cotte de mailles	coat of mail, chain mail
cotte-hardie	cotehardie, coat-hardy
cou-de-pied	instep
couche d'ozone	ozone layer, ozone shield
couche-couche	couche-couche
couche-culotte	nappy, diaper
couche-tard	night owl (one who stays up late at night
couche-tôt	day lark (person who goes to bed early)
coucher de soleil	sunset
coucher sous les ponts	to sleep rough, to sleep on the streets; t
coucher sur le papier	to write down
couci-couci	not bad, so-so
couci-couça	so-so (neither well nor badly)
coude à coude	elbow to elbow (in close proximity, side b; neck and neck, nip and tuck (so even
coudre la peau du renard à celle du lion	to combine cunning with strength, to be cu
couille dans le potage	a fly in the ointment
couille dans le pâté	turd in the punchbowl (fly in the ointment
couille de mammouth	gobstopper, jawbreaker (type of candy)
couille molle	pansy, chickenshit (person with little cou
couler de source	to be obvious, self-evident
couler un bronze	to defecate
couleuvre d'esculape	Aesculapian snake (Zamenis longissimus, sy
couleuvre à collier	grass snake (Natrix natrix)
couloir humanitaire	humanitarian corridor
coulée de boue	mudslide
coulée verte	greenway (corridor of land for recreationa
country alternative	alternative country
coup bas	blow below the belt, low blow (unfair or i; low blow, cheap shot (any attack tha
coup d'arrêt	stop, halt
coup d'envoi	kick-off; unveiling, opening (of an event, for examp
coup d'essai	first try, first attempt, dummy run
coup d'un soir	one-night stand
coup d'éclat	a great feat, a great deed, a grand gestur
coup d'épée dans l'eau	something completely useless
coup d'état	coup d'état
coup d'œil	glance, look; sight
coup dans le nez	one too many
coup de balai	clean sweep
coup de bambou	energy slump; moment of madness, rash action, something; rip-off, highway robber
coup de barre	hard steering, change of direction; sudden turn, abrupt change of course, sudd
coup de blues	a bout of depression
coup de bol	fluke, lucky break, stroke of luck
coup de boule	headbutt
coup de bourre	a rush; a hurry
coup de chaleur	heat stroke; heat burst
coup de chance	fluke, lucky break, stroke of luck
coup de circuit	home run
coup de collier	sudden effort
coup de com	publicity stunt
coup de cœur	a sudden desire, impulse; top choice, select choice, favorite, top p
coup de dent	bite
coup de feu	gunshot; action stations, all hands on deck, all ha; sudden rush of customers, o
coup de fil	telephone call, ring, call, bell
coup de filet	haul (fish or birds caught all at once in; raid during which the police made num
coup de folie	moment of madness, rash action, something
coup de force	power move, power play, show of force, cou
coup de foudre	lightning strike, thunderbolt; love at first sight
coup de fouet	lash, whiplash; boost; wake-up call
coup de froid	cold snap; cold (illness); cooling (e.g. in relationships)
coup de fusil	rip-off, highway robbery, daylight robbery
coup de glotte	glottal stop (plosive sound articulated wi
coup de grisou	firedamp explosion, gas blast
coup de grâce	finishing blow, coup de grâce
coup de gueule	a roar, a bellow, a shout, a yell; a rant,
coup de génie	stroke of genius
coup de jarnac	a treacherous move in a confrontation
coup de jeune	facelift; shot in the arm
coup de l'étrier	stirrup cup; one for the road
coup de langue	an act of licking; slander; harsh ridicule; a way of separating a note while pla
coup de main	helping hand (assistance); dexterity, skill; surprise attack, coup de main
coup de massue	blow, hammer blow, shock
coup de maître	a masterstroke
coup de mou	lapse, slump
coup de pied	kick; hop, skip, and a jump
coup de pied au cul	kick up the arse, kick in the butt (forcef
coup de pied au derrière	kick in the pants, kick up the backside (f
coup de pied de but	goal kick
coup de pied de coin	corner kick, corner
coup de pied de l'âne	cheap shot (cowardly shot directed at some
coup de poignard dans le dos	stab in the back (act of betrayal)
coup de poing	punch (a hit with the fist); lightning, ad hoc, shock; knuckleduster, brass knuc
coup de poker	crapshoot, roll of the dice (venture with
coup de pompe	energy slump
coup de pot	fluke, lucky break, stroke of luck
coup de pouce	helping hand
coup de pute	dirty trick, low blow, rotten move, dick m
coup de sang	fit of anger, apoplexy
coup de semonce	warning shot (shot fired in the air as a w; warning shot (action intended to act
coup de sifflet final	final whistle
coup de soleil	sunburn
coup de sonde	probe, quick survey
coup de théâtre	coup de théâtre, twist, plot twist
coup de tonnerre	thunderclap (sudden, loud thunder caused b; bolt from the blue, thunderclap, thu
coup de téléphone	phone call, telephone call
coup de tête	headbutt; header; whim, impulse
coup de vieux	sudden aging
coup droit	forehand
coup du chapeau	hat trick
coup du lapin	rabbit punch (chopping punch to the back o; whiplash (injury to the upper spine
coup du sort	twist of fate
coup en flèche	line drive
coup forcé	a disadvantageous move that one is neverth
coup fourré	counter-thrust where one fencer parries hi; dirty trick, cheap trick, low blow,
coup franc	free kick (kick played without interferenc
coup monté	a setup, a frameup, a stitch-up
coup sur coup	in a row, in rapid succession, one after t
coup sûr	hit; base hit
coup turc	coup Turc; a complex move involving severa
coupe au bol	bowl cut
coupe choux	a straight razor; ellipsis of rasoir coupe; a machete; synonym of machette; a Mo
coupe claire	heavy felling; drastic cuts
coupe de la ligue	league cup
coupe du monde	a World Cup
coupe menstruelle	menstrual cup
coupe rase	clearcutting
coupe réglée	periodic felling; regular exaction
coupe sombre	light felling, thinning of the trees; drastic cuts
coupe-bordure	strimmer, grass trimmer, edge trimmer, edg
coupe-boulons	bolt cutter
coupe-bourse	cutpurse
coupe-coupe	machete (sword-like tool)
coupe-faim	appetite suppressant, anorectic
coupe-feu	firebreak
coupe-gorge	no-go zone, deathtrap, cutthroat area, dan
coupe-herbe	grass trimmer, edge trimmer, edger, edger/
coupe-jarret	cut-throat, bandit
coupe-ongles	nail clipper
coupe-papier	paperknife
coupe-tifs	hairdresser
coupe-tube	pipe cutter, pipecutter
coupe-vent	windbreaker, windcheater
couper court	to shut down, to cut off
couper dans son élan	to stop someone in their tracks, to bring
couper l'herbe sous le pied	to beat to the punch, cut the ground from
couper la parole	to cut off, to interrupt
couper la poire en deux	to split the difference, to meet halfway
couper la route	to cut off, to cut in on (to brusquely get
couper le cordon	to cut the cord, to cut the umbilical cord
couper le souffle	to take (someone's) breath away
couper les ailes	to clip the wings
couper les cheveux en quatre	to split hairs
couper les ponts	to burn one's bridges; to cut ties
couper les vivres	to stop supporting (someone) financially,
couple produit-marché	product-market fit
coups et blessures	assault and battery, battery
coupure de courant	power cut, blackout
coupure de dedekind	Dedekind cut
coupé-cabriolet	retractable hardtop
couque de dinant	a form of honey biscuit, named after the t
cour d'appel	appellate court, court of appeals (court h
cour d'assises	circuit court, Crown Court, court of assiz
cour d'honneur	cour d'honneur
cour de cassation	court of cassation
cour de récréation	schoolyard, school playground (open-air sp
cour des comptes	court of auditors, court of audit
cour des grands	the big boys
cour des miracles	ill-famed slum
cour du roi pétaud	bedlam (place or situation of chaotic upro
cour suprême	supreme court
courageux mais pas téméraire	none too brave, rather cowardly
courant alternatif	alternating current; domestic electricity supply
courant continu	direct current
courant d'air	through-draught, draft (current of air)
courant de foucault	eddy current
courant de pensée	school of thought
courant parasite	stray voltage
courant vagabond	stray voltage
courant électrique	electric current
courbe d'apprentissage	learning curve (a visualization of the pro
courbe d'offre	supply curve
courbe de bézier	Bézier curve
courbe de demande	demand curve
courbe de gauss	bell curve
courbe elliptique	elliptic curve
courbe logistique	logistic curve
courber l'échine	to bend the knee, to submit oneself, to be
coureur de dot	dowry-seeker
coureur de fond	long-distance runner
coureur de jupons	womanizer, skirt chaser
coureuse de fond	long-distance runner
courez-venez	the Louisiana Creole language
courir après	to chase, to pursue, to chase after (someb
courir comme un dératé	to run like a bat out of hell (to run very
courir comme un lapin	to run like the wind; to be fit as a fiddl
courir la galipote	to go adventuring, to gallivant; to try to pick up sexual partners (usually
courir la gueuse	to chase skirt, to gallivant
courir la prétentaine	to chase skirt, to gallivant
courir le cotillon	to philander, to womanize, to chase skirt
courir le guilledou	to frequent disreputable places, especiall
courir le risque	to run the risk
courir les filles	to chase skirt
courir les jupons	to chase skirt
courir les rues	to abound, to be found in large amounts, t
courir sur le haricot	to get someone's goat, to exasperate, to a
courir à sa perte	to be riding for a fall, to be heading for
couronne de lauriers	laurel wreath
couronne du gland	corona glandis
couronner le tout	to top it off, to cap it all off
courriel indésirable	spam
courrier des lecteurs	letters to the editor
courrier électronique	electronic mail
cours d'eau	watercourse, waterway, stream, run
cours du soir	evening class
cours en ligne ouvert et massif	massive open online course
cours magistral	lecture
cours particulier	private lesson, one-on-one lesson
course automobile	auto racing, motor racing; car race
course aux armements	arms race
course aux flambeaux	torch race
course camarguaise	spectacle in which a participant (raseteur
course contre la montre	race against time (situation in which some
course d'obstacles	obstacle course, obstacle race, assault co
course d'orientation	orienteering race
course de fond	long-distance race
course sur luge	sledge racing (a disabled sport analogue o
course à l'espace	space race
course à pied	footrace; running
course-poursuite	a chase
court de tennis	a tennis court
court sur pattes	short-legged
court-bouillon	a court bouillon, a short broth
court-circuit	short circuit (an unintentional connection
court-circuit magnétique	keeper (for a magnet)
court-courrier	short-haul; short-range aircraft, short-haul plane
courte échelle	leg up
couru d'avance	foregone, predictable
cousin germain	first cousin, cousin-german
cousin issu de germain	second cousin
coussin péteur	whoopee cushion
cousu de fil blanc	blatantly obvious, poorly concealed (e.g a
cousu main	handstitched
couteau d'office	paring knife
couteau de chasse	hunting knife
couteau de chef	chef's knife, cook's knife
couteau de cuisine	kitchen knife
couteau de lancer	throwing knife (knife designed and weighte
couteau suisse	Swiss Army knife; a very versatile person
couteau à beurre	butter knife
couteau à cran d'arrêt	switchblade
couteau à fromage	cheese knife
couteau à fruit	fruit knife
couteau à huîtres	oyster knife
couteau à pain	bread knife
couteau à palette	palette knife
couteau à poisson	fish-knife
couteau à tartiner	spreading knife
couteau à viande	steak knife
couverture chauffante	electric blanket (blanket with an integrat
couvre-chef	headgear, head covering, hat
couvre-visage	face mask
couvrir ses arrières	to cover one's back, to cover one's rear (
cow-boy	cowboy
coyote-garou	werecoyote
coït interrompu	coitus interruptus
coût d'opportunité	opportunity cost
coût de la vie	cost of living
coût de revient	production costs
coût direct	direct cost (cost that can be directly att
coût fixe	fixed cost, overhead (cost of business whi
coût historique	historical cost (the original nominal mone
coût indirect	indirect cost (any cost that is not direct
coût marginal	marginal cost
coût variable	variable cost (cost that changes with the
coûte que coûte	at all costs, by hook or by crook, by any
coûter bonbon	to be expensive, to cost an arm and a leg
coûter la peau des fesses	to be expensive, cost an arm and a leg
coûter la peau du cul	to be expensive, cost an arm and a leg
coûter la peau du dos	to cost an arm and a leg: to cost too much
coûter la vie	to cost (someone) their life, to take (som
coûter les yeux de la tête	to cost an arm and a leg, to cost the eart
coûter un bras	to be expensive, cost an arm and a leg
coûter un os	to be expensive, to cost an arm and a leg
coûter un pont	to be expensive, to cost an arm and a leg
coûter une blinde	to be expensive, cost an arm and a leg
cracher au bassinet	to cough up money, to pony up money (to gi
cracher dans la soupe	to bite the hand that feeds one (to treat
cracher le morceau	to fess up, to own up, to spit it out, to
cracher son venin	to badmouth
cracheur de feu	fire-breather (performer pretending to bel
craie de tailleur	tailor's chalk
cran d'arrêt	safety catch
cranson des pyrénées	Cochlearia pyrenaica DC
crapaud buffle	cane toad
crapaud commun	European toad (Bufo bufo)
crapaud-buffle	cane toad
crapaudine à feuilles d'hysope	hyssop-leaved mountain ironwort (Sideritis
craqueur catalytique	catalytic cracker
cravate de notaire	mammary intercourse, titfuck, French fuck
crayon de couleur	colored pencil
crazy carpet	crazy carpet
cresson alénois	cress, garden cress
cresson de fontaine	common watercress, Nasturtium officinale
creuser sa tombe	to dig one's own grave
creux de la vague	low ebb
crever de chaud	to be roasting, to be boiling
crever de faim	to be starving, to be ravenous (to be extr
crever de froid	to be freezing
crever de soif	to be parched (to be extremely thirsty)
crever l'abcès	to air out an issue, to clear the air
crever la dalle	to be starving (to be very hungry)
crever la gueule ouverte	to die a pitiful death
crever le plafond	to go through the roof; to break new ground, to trailblaze, to be
crever les yeux	to be plain as the nose on one's face, to
crevette bigeard	a death flight victim during the Algerian
crevette grise	a caridean shrimp of species Crangon crang
crevette nordique	pink shrimp, Pandalus borealis
crevette rose	any shrimp that is pink when cooked, espec
cri de guerre	battle cry, war cry
cri de ralliement	rallying cry, rallying call
cri du cœur	cry from the heart, heartfelt appeal, sinc
crier au loup	to cry wolf (to raise a false alarm; to co
crier au scandale	to cry foul, to be outraged, to cry out ag
crier comme un putois	to squeal like a stuck pig, to scream like
crier dans le désert	to be a voice crying in the wilderness
crier famine	to rumble, to poor-mouth, to cry poor, to
crier grâce	to cry for mercy
crier haro sur le baudet	to accuse an innocent
crier misère	to cry poor, to cry poverty (to complain l
crier pour la pirogue	to call for help
crier sur les toits	to shout from the rooftops
crier vengeance	to cry out for revenge
crier victoire	to cry victory, to claim victory, to decla
crieur de journaux	newspaper seller (shouting the headlines t
crieur public	town crier
crime contre l'humanité	crime against humanity
crime contre la paix	crime against peace, crime of aggression
crime d'honneur	honour killing
crime de guerre	war crime
crime de sang	blood crime, murder, homicide
crime organisé	organized crime
crime passionnel	crime of passion, crime passionnel
criminel de guerre	war criminal
crise cardiaque	heart attack
crise d'adolescence	teenage crisis, adolescence identity crisi
crise d'identité	identity crisis
crise de foi	religious crisis, crisis of faith
crise de foie	upset stomach; indigestion; bilious attack
crise de la quarantaine	mid-life crisis
crise de nerfs	nervous breakdown
crise existentielle	existential crisis
crise identitaire	identity crisis
crisser patience	to leave someone alone, to quit bothering
crisser son camp	fuck off, get lost
cristal de roche	quartz
cristal liquide	liquid crystal (phase of matter)
critique des sources	source criticism
croc-en-jambe	action of tripping someone
croche-pied	trip (action of tripping someone)
crocodile marin	saltwater crocodile
croire dur comme fer	to firmly believe in, to be firmly convinc
croire sur parole	to take someone's word for it, to take som
croiser le fer	to cross swords (to place or hold two swor; to cross swords, to lock horns, to d
croiser les doigts	cross one's fingers (to wish for luck)
croisette glabre	Cruciata glabra (L.) Ehrend
croiseur lourd	heavy cruiser
croissance exponentielle	exponential growth
croisée d'ogives	ribbed vault
croix celtique	Celtic cross
croix de lorraine	cross of Lorraine
croix gammée	swastika, in particular with relation to N
croque gallois	Welsh rarebit (a Welsh cheese and toast di
croque-madame	croque-madame
croque-mitaine	bogeyman (menacing, ghost-like monster in
croque-mort	undertaker; mortician
croquer la pomme	to give in to temptation; to make love
croquer la vie à pleines dents	to live life to the fullest
croquer le marmot	to wait around for a long time
croqueuse de diamants	gold digger, fortune hunter (woman who cul
cross-country	cross country running (sport)
crosse de fougère	fiddlehead (tete de violin)
crotte de nez	a boogie, booger
croyance limitante	limiting belief
croyez-le ou non	believe it or not (you may not believe the
cryptographie quantique	quantum cryptography (the science of explo
crâne d'œuf	bald-headed person, egghead, bald head, ba
crème anglaise	crème anglaise, a sweet, creamy dessert si
crème brûlée	crème brûlée
crème chantilly	whipped cream
crème de cassis	crème de cassis
crème de la crème	crème de la crème (the best of something)
crème de menthe	crème de menthe
crème de tartre	cream of tartar
crème de violette	a brandy liqueur with violet flavoring
crème fleurette	whipping cream
crème fouettée	whipped cream
crème fraîche	crème fraîche, slightly sour thick soured; fresh liquid cream (also called crème
crème glacée	ice cream
crème hydratante	moisturising cream
crème pâtissière	confectioner's cream, pastry cream
crème solaire	sunscreen, sun cream (a form of sunblock)
crème à glace	ice cream
crève-cœur	heartbreak
crève-la-faim	down-and-out
créance client	account receivable (amount recorded as bei
créance douteuse	bad debt; non-performing loan
créateur de contenu	content creator
crédit conso	consumer credit
crédit hypothécaire	mortgage
crédit immobilier	home loan (loan taken for the purpose of p
crédit social	social credit
crédit à la consommation	consumer credit
créole haïtien	Haitian Creole
créole jamaïcain	Jamaican Creole
créole mauricien	Mauritian Creole
crépide verdâtre	smooth hawksbeard (Crepis capillaris)
crêpage de chignons	catfight, hairpulling contest (acrimonious
crêpe mexicaine	tortilla (Mexican flatbread)
crêpe suzette	crêpe Suzette
cube parfait	perfect cube
cucul la praline	mushy, slushy, hokey, kitschy, cheesy, cor
cueille-essaim	a canvas net with a long handle and closea
cueillir le jour	to seize the day
cuiller à pot	ladle
cuillère en bois	wooden spoon (implement); wooden spoon (prize for coming last)
cuillère à café	teaspoon (small spoon); teaspoon (unit of measure)
cuillère à caviar	caviar spoon
cuillère à dessert	dessertspoon
cuillère à glace	ice cream scoop, ice cream spoon
cuillère à miel	honey dipper, honey drizzler
cuillère à moutarde	mustard spoon
cuillère à pamplemousse	grapefruit spoon
cuillère à pomme parisienne	melon baller
cuillère à sel	saltspoon
cuillère à soda	soda spoon
cuillère à soupe	soupspoon
cuillère à sucre	sugar spoon
cuillère à table	tablespoon
cuillère à thé	tea spoon
cuillère à œuf	egg spoon
cuir chevelu	scalp (part of head where the hair grows)
cuisine américaine	open-plan kitchen
cuisine de rue	street food
cuisine fantôme	dark kitchen, ghost kitchen
cuisine interne	in-house arrangements, house rules; inner
cuisse de grenouille	frog legs (the hind legs of a frog used as
cul par-dessus tête	upside-down, arse over tit
cul sec	in one go; bottoms up (a toast used when drinking alc
cul serré	tight-assed
cul-bénit	a Holy Joe, a Holy Mary, a zealot, a bigot
cul-de-basse-fosse	oubliette
cul-de-jatte	legless cripple, someone with both legs am
cul-de-poule	mixing bowl
cul-rond	(round) bag; (type of) fishing boat
cul-terreux	yokel, peasant, country bumpkin, clodhoppe
culte de la personnalité	cult of personality, personality cult
culture du viol	rape culture
culture générale	general knowledge (wide body of informatio; trivia
culture populaire	popular culture, pop culture
cumul des mandats	dual mandate
cure de désintoxication	drug rehabilitation
cure de jouvence	youth therapy; rejuvenation, overhaul, makeover
cure-dent	toothpick
curling en fauteuil roulant	wheelchair curling
curriculum vitæ	résumé, curriculum vitae
cycle de l'eau	water cycle
cycle de production	production cycle, production run, producti
cycle de vente	sales cycle
cycle des quintes	cycle of fifths
cycle du carbone	carbon cycle
cycle menstruel	menstrual cycle
cyclone tropical	tropical cyclone
cygne noir	black swan
cynoglosse de bourbon	Cynoglossum borbonicum Bory
cyprès chauve	bald cypress (Taxodium distichum)
cyprès commun	Mediterranean cypress (Cupressus sempervir
câble coaxial	coaxial cable (a transmission line)
câble de démarrage	jumper cable (insulated electrical wire wi
câline de bine	expression of suprise, excitement: holy sm
cèdre de l'atlas	Atlas cedar (Cedrus atlantica)
cécité nocturne	night blindness
céder aux sirènes	to succumb to temptation, to give in to te
céder la parole	to give the floor to, to call on, to give
céder le pas	to give way, to yield
cédez-le-passage	yield sign, give way sign
céleri rémoulade	céleri rémoulade
céleri-rave	celeriac
céphalo-rachidien	cephalorachidian, cerebrospinal
céphalée de tension	tension headache
cérémonie d'ouverture	opening ceremony
cérémonie de clôture	closing ceremony
cérémonie du thé	tea ceremony
côte à côte	side by side, cheek by jowl
côté obscur	dark side of the Force, dark side
côté obscur de la force	dark side of the Force
côté sombre	the darkside (the side of something that i
cœlé-syrien	Coele-Syrian
cœur battant	beating heart
cœur brisé	broken heart
cœur d'artichaut	artichoke heart; hopeless romantic; soft touch
cœur d'or	heart of gold, kindheartedness, goodhearte
cœur de métier	core business
cœur de pierre	heart of stone (an unemotional person, or
cœur à l'ouvrage	enthusiasm, zealousness
cœur à prendre	a person who is single
d'abord	first, at first, right away; primarily; for one thing
d'abord et avant tout	first and foremost (primarily; most import
d'abord que	as soon as; as long as, since
d'acc	agreed, alright, OK
d'accord	in agreement; sure!, OK!, of course!, naturally!
d'acier	of steel, rock solid (extremely resistant)
d'actualité	current, topical
d'affilée	in a row; consecutively; on end; straight
d'ailleurs	furthermore, moreover; by the way, by the by, about that
d'airain	iron, unbreakable
d'année en année	from year to year
d'aplomb	plumb, perfectly vertical, straight, level; balanced, steady; right as rain, up
d'apparat	ceremonial; formal; stately
d'application	that applies in a given case
d'après	according to (in the opinion of); after, following a model; correspondingly,; ju
d'arrache-pied	flat-out, hammer and tongs
d'attaque	ready for action
d'aucuns	certain people, some
d'autant moins	even less; all the less
d'autant moins que	all the less … that, even less so because
d'autant plus	even more; all the more
d'autant plus que	all the more reason that, even more so bec
d'autant que	because of the fact that, since, as
d'autre	else (besides, other than)
d'autre part	besides, additionally, furthermore, what's; for another thing
d'autre que	else, besides, other than
d'avance	in advance
d'avec	from
d'aventure	by chance
d'emblée	straightaway, at once
d'enfer	terrific, awesome; helluva; a hell of a, hellish, huge
d'entre	of, among
d'entrée de jeu	right from the start, from the get-go, str
d'esprit	witty, of wit
d'exception	exceptional
d'expérience	from experience
d'habitude	usually; of habit (who needs habits to function pro
d'heure en heure	from one hour to the next, by the hour, fr
d'homme à homme	man-to-man (directly, forthrightly and hon; one-on-one, one-to-one
d'ici	hence; by (at or before a time in the future)
d'ici là	by then
d'ici peu	soon, shortly, in a moment
d'ici à ce que	until
d'importance	important, significant
d'jà	already, before; again (following a question); for a start, firstly
d'occasion	used; secondhand (previously owned); secondhand (dealing in such goods)
d'office	ex officio; automatically; surely
d'opérette	amateur, petty
d'or	golden, gold
d'ordinaire	ordinarily, usually
d'ores et déjà	right now, already, from now on
d'origine	original (first in a series or copies/vers
d'où	from where; whence; from which place or so; wherefore; hence
d'un autre côté	on the other hand (from another point of v
d'un certain âge	middle-aged; elderly
d'un commun accord	by mutual agreement, by common consent, co
d'un coup	suddenly; in one go
d'un coup d'un seul	in one fell swoop
d'un côté	in a way, in a sense; on the one hand
d'un instant à l'autre	any minute now, any time now, momentarily,
d'un iota	not a bit, not at all (used with a negatio
d'un jour à l'autre	any day now
d'un moment à l'autre	any minute now, any time now, any moment n
d'un poil	by the skin of one's teeth (barely, closel
d'un seul coup	in one fell swoop
d'un seul tenant	whole, in one piece, unsegmented
d'une façon ou d'une autre	one way or another
d'une manière ou d'une autre	one way or another
d'une minute à l'autre	any minute now, any moment now, imminently
d'une part	on one hand; for one thing, first, firstly
d'une seule voix	with one voice, in unison, in chorus, unan
d'une traite	in one go, in one sitting, without stoppin
d'urgence	as a matter of urgency, urgently
d'usage	customary, usual
d'y	thence; from there
d'ève ni d'adam	never ever
d'égal à égal	as equals, between equals
d'époque	period, antique; authentic
dal segno	dal segno
dame blanche	a type of dessert resembling the sundae; a kind of female spirit or supernatural
dame d'honneur	maid of honor/matron of honor, lady-in-wai
dame de compagnie	dame de compagnie, lady-in-waiting
dame de nage	oarlock, rowlock (usually U-shaped pivot a
dame nature	Mother Nature
dame patronnesse	patroness
dame-jeanne	demijohn (bottle)
damer le pion	to trounce, to dominate
danger public	danger to the public, danger to everybody,
dano-norvégien	Dano-Norwegian
dans ce cas	in that case, if that's the case
dans ces eaux-là	approximately, in that ballpark
dans l'absolu	in absolute terms, per se, in and of itsel
dans l'air	in the air, in the wind, in the offing
dans l'air du temps	in the spirit of the times, in the spirit
dans l'ensemble	for the most part, on the whole, by and la
dans l'espoir de	in the hope of
dans l'espoir que	in the hope that
dans l'idée de	with an eye towards
dans l'immédiat	right now, at the moment, for the moment,
dans l'ordre	in order, in sequence
dans l'âme	at bottom, at heart, deep down
dans la dèche	broke
dans la foulée	while you're at it, at the same time; within the bounds (with de (“of”)); in the
dans la joie et la bonne humeur	joyfully, cheerfully, merrily
dans la lancée	while we're at it
dans la merde	in the shit, up shit creek, in deep shit
dans la mesure de	according to, as far as … permits
dans la mesure du possible	as much as possible, insofar as possible,
dans la mesure où	inasmuch as, insofar as, given that
dans la mouise	in the soup, in a fix, in a pickle, in tro
dans la même veine	in the same vein
dans la nature	in the wind (at whereabouts unknown)
dans la poche	in the bag (virtually assured of success)
dans la pratique	in practice, for all practical purposes
dans la réalité	in reality, in practice
dans la sauce	in the soup, in a fix, in a pickle, in tro
dans le bain	at ease; accustomed; in danger; in a pickle
dans le besoin	in need, indigent, poor, penniless
dans le cadre de	within the scope of, within the framework
dans le cas contraire	otherwise, if not
dans le cas de	in the case of, when it comes to, as for,
dans le coin	nearby, around here
dans le collimateur	in the crosshairs
dans le coup	in the loop; fashionable, hip, with it
dans le courant de	in the course of
dans le dos de	behind someone's back
dans le doute	in doubt; if in doubt; when in doubt; since X was in doubt, to be on the safe si
dans le désordre	in no particular order
dans le détail	in detail
dans le feu de l'action	in the heat of the moment
dans le flou	in the dark
dans le fond	back there, in the back; in the background; when you look at it closely, all thi
dans le meilleur des cas	at best
dans le mille	in the bullseye, right on target
dans le même ordre d'idées	on a similar note, similarly, likewise, in
dans le même registre	similarly, in the same vein, along the sam
dans le même temps	at the same time, at once, in the same bre; on the other hand, at the same time,
dans le passé	in the past
dans le pire des cas	at worst, worst case scenario, worst comes
dans le plus simple appareil	in one's birthday suit, naked as a jaybird
dans le pétrin	in the soup, in a fix, in a pickle, in tro
dans le rouge	in the red, overdrawn
dans le sac	in the bag (virtually assured of success)
dans le temps	in the old days, back in the day, in the p
dans le vent	in vain (without result)
dans le vide	in vain (without result); into space
dans les bras de morphée	asleep; in the arms of Morpheus
dans les choux	in the soup, in a fix, in a pickle, in tro
dans les clous	on a pedestrian crossing; abiding by the rules
dans les cordes	on the ropes; exhausted; wiped out
dans les dents	in your face! (an exclamation that a bad t
dans les faits	in practice
dans les grandes largeurs	big time, completely, thoroughly
dans les grandes lignes	broadly, broadly speaking, for the most pa
dans les moindres détails	in great detail, in minute detail, in ever
dans les parages	around, around here
dans les plus brefs délais	as soon as possible
dans les pommes	unconscious
dans les règles	by the book, according to the rules
dans les temps	in time, on time, on schedule (within the
dans les tuyaux	in the pipeline
dans sa barbe	under one's breath
dans son bon droit	within one's rights
dans son coin	alone
dans son ensemble	as a whole, in its entirety
dans son monde	in a world of one's own
dans son élément	in one's element
dans ta face	in your face! (an exclamation that a bad t
dans ta gueule	in your face! (an exclamation that a bad t
dans tes rêves	in your dreams, you wish!
dans ton cul	up yours!; in your face! (an exclamation t
dans tous les cas	in any case, in any event, at any rate
dans tous les sens du terme	in every sense of the word
dans tous ses états	in a flap, in a state, beside oneself, ver
dans toute sa splendeur	in all one's glory, in all one's splendour
dans un autre registre	on another note, on a different note
dans un cas comme dans l'autre	either way
dans un coin	somewhere, in an indefinite or unknown pla
dans un deuxième temps	secondly, afterwards, then
dans un premier temps	first, initially, at first
dans un second temps	secondly, afterwards, then
dans un sens	in a way, in a sense
dans une certaine mesure	up to a point, to some extent, to an exten
dans une large mesure	to a great extent
dans une moindre mesure	to a lesser extent
danse de salon	ballroom (dance)
danse du ventre	belly dance
danse macabre	danse macabre
danseur noble	danseur noble (male ballet dancer)
dare-dare	double-quick
dark kitchen	dark kitchen: synonym of cuisine fantôme (
data scientifique	data scientist
date butoir	deadline, closing date; cutoff date
date de naissance	birthdate, date of birth
date de péremption	expiry date; expiration date; use-by date
date limite	deadline; cutoff date
datif éthique	ethical dative
datura fastueux	Datura sp
dature inoffensive	Datura innoxia Mill
de a à z	from A to Z, from soup to nuts; on all counts
de bac à sable	very basic; childish
de bas en haut	upwards
de bas étage	gutter; inferior, mediocre, third-rate, lo
de base	originally, initially; basic; usually
de basse extraction	low-born, of low birth
de bon aloi	of good quality, of genuine worth, wholeso; proper, appropriate, in order, suita
de bon augure	auspicious
de bon cœur	with good grace, willingly, cheerfully, gl
de bon goût	in good taste
de bon gré	with good grace, willingly, cheerfully, gl
de bon matin	early in the morning, bright and early
de bon poil	in a good mood
de bon ton	polite, tasteful, civil
de bonne famille	coming from a family that is considered to
de bonne grâce	with good grace, willingly, cheerfully
de bonne guerre	fair and square, only fair, deserved, unde
de bonne heure	in advance; ahead of time; early in the morning
de bonne maison	coming from a family that is considered to
de bouche	catering; food; suitable for direct consumption, without c
de bout en bout	from start to finish, from one end to the
de bric et de broc	in a random fashion
de but en blanc	very bluntly, point-blank, directly, all o
de bz	af (used as an intensifier)
de cape et d'épée	cloak-and-dagger
de caractère	distinguished, full of character
de ce fait	consequently, as a result, thereby, becaus
de ce pas	straightaway, at once, forthwith
de cette façon	that way, this way, as a result
de cette manière	like that, in this way, in such a manner
de charybde en scylla	between Scylla and Charybdis; between a ro
de choc	shock (relational)
de choix	of choice, choice, select, excellent, prom
de circonstance	appropriate, suitable, suited to the occas
de commun	in common
de compte à demi	fifty-fifty, half and half (with the expen
de comptoir	cracker-barrel
de concert	hand in hand, together, in concert
de confiance	trustworthy, reliable; trusted
de conserve	hand in hand, hand in glove, together, in
de corvée	on fatigue duty
de couleur	of color, colored (of skin color other tha
de coutume	ordinarily, usually; customary, usual
de cujus	deceased; testator
de cœur	kindhearted (having an innately kind dispo; favourite, beloved
de dernière minute	last-minute
de derrière les fagots	very special, that one has been keeping pr
de deux	next, secondly, second
de deux choses l'une	it's one of those two things; there are tw
de dingue	mad; crazy (in a positive sense)
de droit	de jure; by right, by rights; ex officio
de face	full-face
de facto	de facto
de fait	de facto (according to actual practice); indeed
de façon que	in order to, so that
de façon à	in order to
de fer	iron, Eisenfarbe (a grey tincture); strong, resilient, iron
de fil en aiguille	one thing leading to another
de fond	in-depth; background; long-distance, endurance
de fond en comble	from top to bottom, from wall to wall, tho
de force	by force, forcibly, against someone's will
de fortune	makeshift, temporary, jury-rigged
de fou	like crazy; like hell
de fraîche date	recently, not too long ago
de front	directly; point-blank; abreast, side by side; simultaneously, at once, at the sa
de gaieté de cœur	cheerfully, gladly, happily, lightheartedl
de garde	on guard; on call (for work etc.)
de grand matin	early in the morning, at the crack of dawn
de grâce	please, pray, for the love of God, for God
de gré ou de force	willingly or not, one way or another, by h
de gré à gré	by mutual agreement, by mutual consent; by
de guerre lasse	out of resignation, because one is tired o
de guingois	awry
de haut en bas	downwards; from top to bottom, thoroughly
de haut rang	high-ranking, high-level
de haute lutte	after a long, hard-fought struggle, after
de haute voltige	acrobatic; very complex and delicate
de haute volée	first-rate, first-class, high-level
de jour	during the day, by day
de jour en jour	day by day, a little more each day, increa
de justesse	narrowly, only just; by the skin of one's
de l'	some; the singular prevocalic partitive ar
de l'autre côté de	across (on the other side of)
de l'aveu de	by someone's own admission, as someone him
de l'avis de	in the opinion of, according to; of the same opinion as, of a mind with
de l'eau a coulé sous les ponts	it was a long time ago, and much has chang
de la	of the; some; the feminine partitive article
de la dernière chance	last-ditch, last-gasp, as a last resort
de la dernière heure	late (of a person who joined a movement ve
de la fesse gauche	Distant and unspecified, indirect, dubious
de la main à la main	from hand to hand, hand-to-hand
de la mort qui tue	killer, awesome, that kicks ass
de la onzième heure	late (of a person who joined an endeavour
de la part de	coming from (someone); from (someone); on behalf of (someone)
de la pire espèce	of the first water, of the worst kind, of
de la première heure	early, who was there right from the start,
de la religion	Protestant
de la sorte	like that, in this way, in such a manner; this way (as a consequence)
de la tête aux pieds	head to toe
de le	“of the”, some
de les	“of the”, some
de leur côté	for their part
de loin	from far; by far, easily, hands down (without doubt)
de loin en loin	here and there; now and then
de long en large	back and forth, to and fro
de longtemps	before long
de longue date	long-standing
de longue haleine	long-term, lengthy
de longue main	for a long time
de luxe	luxurious
de main d'homme	by man
de main de maître	masterfully
de main en main	from hand to hand
de mal en pis	from bad to worse, worse and worse
de malade	unbelievable, incredible
de malheur	pesky, damn, bloody
de manière générale	generally speaking, generally
de manière que	in such a way that; so as to, in order to
de manière à	in order to
de marbre	impassive, cold, unmoved, stony-faced, exp
de mauvais aloi	of bad quality, of doubtful worth; improper, inappropriate, unsuitable; unsav
de mauvais augure	inauspicious, which doesn't augur well
de mauvais goût	in bad taste
de mauvais poil	in a bad mood, crabby, ratty, grouchy
de mauvaise grâce	with bad grace, grudgingly, reluctantly, u
de merde	shit, shitty, crappy, lousy; fucking (as an intensifier), pesky, damned
de mes couilles	pesky, damned, bloody, fucking (as an inte
de mes deux	pesky, damned, bloody, fucking (as an inte
de mieux en mieux	better and better
de mise	proper, appropriate, conventional; require
de moins en moins	less and less
de mère en fille	from mother to daughter
de mémoire	from memory; if memory serves
de mémoire d'homme	in living memory, within living memory
de même	likewise; thus, that way
de même que	just like, in the same way as, so too does; as well as, as does
de naissance	by birth, by nature, natural-born
de nos jours	currently; nowadays
de nouveau	again; once again
de nuit	at night; night
de pacotille	tacky, ticky-tacky, cheap, shoddy, rubbish
de par	by the will of; in the name of; by virtue; on account of; thanks to
de par le monde	around the world
de parole	of one's word
de part en part	from end to end, right through, through an
de part et d'autre	on either side
de passage	passing through, passing by
de peu	slightly, just, by a small margin, by a li
de peur que	lest, for fear that
de pied en cap	from head to toe, from top to toe
de pied ferme	resolutely, standing firm
de pire en pire	worse and worse
de pis en pis	worse and worse
de plain-pied	on one level; walk-in; on an equal footing
de plein fouet	With a direct or harsh hit, harshly
de plein gré	willingly
de plus	moreover, furthermore
de plus belle	even more, even harder than before, with e
de plus en plus	more and more (used to express a progressi
de poche	pocket; pocket-size; paperback
de poids	weighty, that carries weight
de pointe	cutting-edge, state-of-the-art
de premier choix	top-class, first-class, first-rate, of pri
de premier ordre	top, top-notch, first-rate, first-class
de premier plan	major, leading, high-profile, top, first-r
de première	bigtime, total
de première main	straight from the horse's mouth, firsthand
de première nécessité	essential
de prime abord	at first sight, at first glance, at first
de proche en proche	gradually, progressively, little by little
de propos délibéré	deliberately, intentionally; by design; voluntarily
de près	closely
de près ou de loin	directly or indirectly, in any way whatsoe
de prédilection	preferred
de préférence	preferably, ideally
de père en fils	from father to son
de quel bois quelqu'un se chauffe	what someone is made of, what someone is c
de quel droit	by what right …?
de quoi	What is necessary to; what was that; something
de quoi je me mêle	mind your own business! that's none of you
de race	pedigree, purebred; (of horse) thoroughbre
de rang	in a row
de renom	renowned
de retour	back
de rien	you're welcome, it's nothing; insignificant, unimportant, of little acco
de rien du tout	tiny, paltry, insignificant
de rigueur	absolutely necessary
de règle	customary, usual
de rêve	dream; ideal; idealized
de sac et de corde	villainous, scoundrelly
de sang froid	cold-blooded; cold-bloodedly; in cold bloo
de second ordre	second-rate, second-class, inferior; middl
de seconde main	secondhand
de seconde zone	second-rate, second-class, inferior
de secours	backup, emergency
de service	on duty
de son choix	of one's choosing, of one's choice
de son propre chef	of one's own accord, off one's own bat, on
de son état	by trade, by profession
de sorte que	so much so that, in such a way that; so as to, in order to
de souche	pureblooded, native (of many generations s
de source sûre	from good hands, from a reliable source
de stock	in stock
de suite	consecutively, in a row; straightaway, immediately
de surcroît	besides, moreover, furthermore
de table	table
de taille	major, significant, important, big, sizabl; large or strong enough
de temps en temps	from time to time, once in a while
de temps à autre	now and then, from time to time
de toujours	lifelong, very old
de tous bords	from all sides, of all persuasions, of all
de tous côtés	from all sides, from all quarters, from ev
de tous les diables	a hell of a, hellish, huge
de tous les instants	perpetual, constant, round-the-clock (of s
de tous les jours	everyday, day-to-day, daily
de tous les temps	of all time, ever, in history
de tout cœur	with all one's heart, wholeheartedly; sympathetic to someone's loss, commiserati
de tout poil	of all kinds
de tout repos	relaxing, restful
de tout son long	with one's body fully stretched out, with
de tout temps	from time immemorial, since the dawn of ti
de toute beauté	magnificent, splendid, superb, exquisite,
de toute façon	anyway, anyhow
de toute manière	anyway, anyhow
de toute éternité	from time immemorial, since the dawn of ti
de toute évidence	evidently, clearly
de toutes parts	from all sides, from all quarters, from ev
de toutes pièces	from scratch, ex nihilo, entirely, complet
de toutes ses forces	with all one's might
de travers	wrongly, the wrong way; askew; askance
de traviole	awry
de trop	too many, too much, more than is desirable; unnecessary; unwanted; in the way
de tête	in one's head (only with one's mind or mem; if memory serves; off the top of one
de un	first, first up
de valeur	valuable, precious; regrettable, too bad, unfortunate
de visu	with one's own eyes
de vive voix	in person, personally, viva voce
degré celsius	degree Celsius
degré d'arc	degree of arc, arcdegree (unit of measurem
degré fléchi	o-grade
degré plein	e-grade, full-grade
degré zéro	zero-grade, null grade
demain est un autre jour	tomorrow is another day
demande en mariage	proposal (asking someone to be one's spous
demander conseil	to ask for advice, to seek advice from
demander en mariage	to propose (to ask for someone's hand in m
demander l'impossible	to ask the impossible
demander la lune	to ask for the moon, to ask the impossible
demander la main de	to ask for someone's hand in marriage
demander la parole	to ask for the right to speak, to ask for
demander pardon	to ask for forgiveness, to apologise to; to beg (someone's) pardon (to enquire w
demander raison	to ask (someone) what the reason is, to ho
demander à voir	to refuse to believe something before seei
demandeur d'asile	asylum seeker
demandeur d'emploi	a jobseeker, an unemployed person
demandeuse d'emploi	a female jobseeker, an unemployed woman
demi d'ouverture	fly-half
demi de mêlée	scrum-half
demi-bouteille	half-size bottle (generally, 375 ml, half
demi-brassard	a brassard that covers only half (especial
demi-caractère	demi-caractère
demi-circulaire	semicircular
demi-clef	half hitch
demi-deuil	half-mourning; marbled white, Melanargia galathea
demi-dieu	demigod, in mythological or figurative sen
demi-douche	half-shower
demi-douzaine	half dozen
demi-droite	ray, half-line
demi-fille	demigirl
demi-garçon	demiboy
demi-grand axe	semimajor axis (half of the major axis of
demi-kilomètre	half of a kilometre (UK) / kilometer (US)
demi-litre	half-litre (500 ml)
demi-longueur	half-length; half-wavelength
demi-lune	half-moon; half-pipe
demi-mesure	half-measure, inadequate measure
demi-millimètre	half of a millimetre (UK) / millimeter (US
demi-molle	semi, semi-hard-on
demi-monde	demimonde
demi-mort	halfdead or almost dead
demi-mot	hint, that which is written between the li
demi-mètre	half of a metre (UK) / meter (US)
demi-obscurité	semidarkness
demi-pause	a half rest
demi-pension	half board; hotel accommodation with bed,
demi-pensionnaire	day boarder (a school student who stays fo
demi-petit axe	semiminor axis (half of the minor axis of
demi-plan	half-plane
demi-portion	half-portion; two-bit person
demi-saison	the temperate period between the extremes
demi-sang	warmblood (referring to horses)
demi-sec	medium dry (sparkling wine)
demi-sommeil	halfsleep
demi-soupir	an eighth rest
demi-tasse	demitasse (“coffee cup”); demitasse (“serving of coffee in such a cu
demi-teinte	halftone, a medium shade, neither particul; something medium, mitigated, nuanced
demi-ton	semitone (musical interval)
demi-tour	U-turn, about-turn
demi-vie	half-life
demi-vierge	demi-vierge, half-virgin
demi-volée	half volley
demoiselle d'honneur	maid of honour, bridesmaid
demoiselle en détresse	damsel in distress
denier de la veuve	widow's mite (very small gift or donation
deniers publics	public purse, public money, public funds
densité de population	population density
dent de lait	milk tooth (tooth of the first set of teet
dent de sagesse	wisdom tooth
dent-de-lion	dandelion (plant, wild flower of the genus
dento-facial	dentofacial
dents du bonheur	upper front teeth with a gap (diastema) be
depuis le temps	after all this time
depuis lors	since then, ever since
depuis peu	for a short while, a short while ago, rece
depuis que	since, ever since
depuis que le monde est monde	from time immemorial, since the dawn of ti
depuis toujours	from time immemorial, since the dawn of ti
der des ders	the war to end all wars (World War One)
dermatose nodulaire contagieuse	lumpy skin disease
dernier cri	the dernier cri, the very latest thing, th; up-to-date (state of the art)
dernier en date	latest (most recent)
dernier mot	last word (the final statement uttered by; last word (concluding remark; final a
dernier souffle	last gasp
dernier soupir	last gasp
dernier-né	lastborn
dernière demeure	resting place
dernière ligne droite	home stretch, home straight
dernière-née	lastborn
derrière les barreaux	behind bars, in prison
derviche tourneur	Whirling Dervish
des familles	good old, nice little, plain old
des fois	sometimes
des fois que	if, in case
des hauts et des bas	ups and downs
des masses	much
des pieds à la tête	head to toe
des vertes et des pas mûres	harsh words, shocking remarks; ugly sights
descendre dans l'arène	to enter the fray, to enter the arena, to
descente aux enfers	harrowing of hell, descent into hell; highway to hell, road to hell
descente de lit	beside rug
despotisme éclairé	enlightened absolutism
dessein intelligent	intelligent design
desselle-toi que je te monte	prepare for a fight!
dessin animé	animated cartoon
dessin assisté par ordinateur	computer-aided drawing
dessous de bras	underarm, armpit
dessous de verre	coaster (for cups)
dessous-de-bras	dress shield
dessous-de-table	bribe
dessus du panier	the best of the bunch, the pick of the lit
destruction mutuelle assurée	mutual assured destruction, mutually assur
dette fournisseur	account payable (amount of money that is o
dette publique	national debt, domestic debt
deux avis valent mieux qu'un	two heads are better than one
deux cents	two hundred
deux de tension	unenergetic person, slug; sluggish, unenergetic
deux ou trois	one or two
deux paires	two pair
deux points	colon (punctuation mark)
deux précautions valent mieux qu'une	better safe than sorry; a belt-and-braces/
deux têtes valent mieux qu'une	two heads are better than one
deux-centième	two-hundredth
deux-chevaux	2CV
deuxième but	second base; second baseman
deuxième chance	second chance (opportunity to redeem onese
deuxième classe	second class (the second-most (least, if t; second-class passenger, soldier etc.
deuxième ligne	second row
deuxième personne	second person (the form of a verb used whe
deuxième poteau	far post
devant de la scène	prominent position
devant l'éternel	used after a noun for emphasis: great, exc
devenir chèvre	to get worked up, lose patience; to become furious, become enraged
devine quoi	guess what, what do you know
devoir conjugal	marital duty, conjugal duty (obligation of
devoir de diligence	duty of care (legal obligation imposed on
devoir de mémoire	duty of remembrance, duty never to forget,
devoir sur table	written test
devoir surveillé	test, examination
devoir une fière chandelle	to owe (someone) one
dhoul-hidja	Dhu'l-Hijja (the twelfth and final month o
dhoul-qaada	Dhu'l-Qa'da (the eleventh month of the Isl
diable de tasmanie	Tasmanian devil (Sarcophilus harrisii)
diable en boîte	jack-in-the-box
diable vauvert	a million miles away, to the ends of the e
diabète insipide	diabetes insipidus
diabète sucré	diabetes mellitus
diagonale principale	main diagonal, leading diagonal
diagramme de l'œil	eye pattern
diagramme de phase	phase diagram
dialogue de sourds	a dialogue where both participants speak p
diamant mandarin	zebra finch
diarrhée verbale	verbal diarrhea, piffle
dictature du prolétariat	dictatorship of the proletariat
dictionnaire visuel	picture dictionary, visual dictionary
dictée musicale	ear training exercise that consists in tra
dieu merci	thank God! thank goodness!
dieu sait	God knows …
dieu soit loué	thank God! thank heavens! thank goodness!
dieux du ciel	ye gods! good heavens!
diffusion en continu	streaming
digne de ce nom	worth one's salt, decent, to speak of
digne de foi	trustworthy; credible
dilemme cornélien	an impossible choice between two fundament
dim up	hold-ups
dimorphisme sexuel	sexual dimorphism
dindon de la farce	the sucker, the patsy, the fall guy; the b
dinosaure non-avien	non-avian dinosaur
diode électroluminescente	light-emitting diode, LED
dioxyde de carbone	carbon dioxide (CO₂)
dire adieu	to farewell, to bid farewell, to take one'; to kiss goodbye
dire au revoir	to farewell, to bid farewell, to take one'; to kiss goodbye
dire du mal	to speak ill of, to cast aspersions on, to
dire que	to think that
dire quelque chose	to ring a bell; to say something
dire quoi	to keep updated, to keep informed
dire ses quatre vérités	to give someone a piece of one's mind; to
dire tout et son contraire	to keep contradicting oneself, to make con
directeur artistique	art director (person who supervises and un
directeur commercial	sales manager, sales director
directeur de conscience	spiritual adviser; father confessor
directeur sportif	sporting director
direction assistée	power steering
dis donc	wow; my; so; listen up
dis-moi qui tu fréquentes et je te dirai qui tu es	birds of a feather flock together
discours de haine	hate speech
discours direct	direct speech
discours indirect	reported speech, indirect speech
discours indirect libre	free indirect speech
discours rapporté	reported speech
discrimination positive	reverse discrimination, affirmative action
discuter du sexe des anges	to count angels on pinheads
diseuse de bonne aventure	fortune-teller (one who predicts the futur
dislocation à droite	right dislocation
dislocation à gauche	left dislocation
dispositif intra-utérin	intrauterine device (contraceptive device)
dispositif à couplage de charge	charge-coupled device
disque compact	compact disc (CD)
disque d'accrétion	accretion disk
disque de frein	brake disc, brake disk
disque de glace	ice circle (revolving floating circular di
disque dur	hard drive (device used for storing large
dissonance cognitive	cognitive dissonance
dissuasion nucléaire	nuclear deterrence
distance de freinage	braking distance
distance focale	focal length
distance matrimoniale	mating distance
distanciation sociale	social distancing
distributeur automatique de billets	automated teller machine
distributeur de billets	ATM, cash machine, hole-in-the-wall (autom
distribution complémentaire	complementary distribution
dites donc	wow; my
divers et varié	many and varied, many and various, various
dividende de la paix	peace dividend (economic benefit gained fr
diviser pour mieux régner	to divide and conquer; to divide and rule
division du travail	division of labour
division euclidienne	Euclidean division
dix mille	ten thousand
dix-huit-cents	eighteen hundred
dix-huitième	eighteenth
dix-huitièmement	eighteenthly
dix-mille	ten thousand
dix-neuf-cents	nineteen hundred
dix-neuvièmement	nineteenthly
dix-neuvièmiste	a specialist in nineteenth-century culture
dix-sept-cents	seventeen hundred
dix-septièmement	seventeenthly
diéthylamide de l'acide lysergique	lysergic acid diethylamide
djoumada ier	Jumada I (the fifth month of the Islamic c
djoumada ii	Jumada II (the sixth month of the Islamic
doigt d'honneur	one finger salute, the finger (insulting g
doigt de pied	toe (digit of the foot)
doigts de fée	deft touch, nimble fingers
dollar américain	American dollar, US dollar
dollar australien	Australian dollar
dollar canadien	Canadian dollar
domaine public	public domain
dommage collatéral	collateral damage (damage to civilian prop; collateral damage (unintended victim
dommages et intérêts	damages
dompte-venin	swallow-wort, Vincetoxicum
don d'organes	organ donation
don de sang	blood donation
don du ciel	godsend
don-juanisme	Don Juanism
donnant donnant	fair's fair, give and take
donner accès	to give (someone) access; to grant (someon
donner carrière	to give free rein to; to give free express
donner chasse	to give chase
donner chaud	to make someone hot, to make someone sweat
donner corps	to give shape
donner de l'urticaire	to bring (someone) out in a rash, to get o
donner de la confiture à des cochons	to cast pearls before swine
donner de sa personne	to give of oneself, not to spare oneself,
donner des ailes	to give someone wings, to inspire someone,
donner droit	to give the right to, to entitle to
donner du grain à moudre	to add grist for the mill, to bring grist
donner du monsieur	to sir, to call (someone) ‘sir’ obsequious
donner du mou	to give (someone) more slack; to cut (someone) some slack, to give (some
donner en mariage	to bestow, to give in marriage, to marry o
donner en pâture	to serve (something/someone) up to (someon
donner envie	to make someone want to do something
donner et retenir ne vaut	a gift is a gift; giving is giving, taking
donner foi	to believe
donner l'assaut	to storm, to attack
donner l'exemple	to set an example
donner l'éveil	to alert
donner la main	to hold hands, to join hands; to shake hands; to hold hands
donner la parole	to give the floor to, to call on, to give
donner la réplique	to play opposite in a movie or a play
donner le bon dieu sans confession	to trust (someone) because of their appear
donner le bras	to give one's arm
donner le change	to set a hunter on the wrong track (to esc; to deceive, to pull the wool over (s
donner le jour	to give birth; to create, to engender, to bring into exis
donner le la	to give the tuning note; to set the pace, to set the tone
donner le mot	(informal) synonym of passer le mot
donner le sein	to breastfeed, to nurse
donner le temps au temps	to let time do its work, to leave it to ti
donner le ton	to set the tone, to set the pace
donner lecture	to read out, to read (something) out loud
donner libre cours	to give free rein to; to give free express
donner lieu	to give rise to, to lead to, to cause, to
donner naissance	to give birth; to give rise
donner prise	to give rise; to provide an opportunity for, to expose o
donner raison	to prove right, to bear out; to agree with
donner sa langue au chat	to give up trying to guess something, e.g.
donner sa main à couper	to bet one's boots that, to bet one's bott
donner sa parole	to give one's word, to make a promise
donner son corps à la science	to donate one's body to science
donner suite	to follow up (on), to pursue, to act on
donner sur	to look out onto
donner tort	to rule against; to prove wrong
donner un coup de canif dans le contrat	to have a bit on the side (an affair)
donner une leçon	to teach (someone) a lesson
donneur d'ordre	principal (one on behalf of whom an agent
donneur d'organes	organ donor
donneur de leçons	someone prone to pontificating, to lecturi
donneur de sang	blood donor
dont acte	used at the end of contracts, agreements,; Take note; heed this; govern yourselv
dorer la pilule	to gild the pill, to sweeten the pill, to
dormir comme un bienheureux	to sleep like a baby, to sleep the sleep o
dormir comme un bébé	to sleep like a baby
dormir comme un loir	sleep like a log
dormir comme un sabot	to sleep like a log
dormir comme une marmotte	to sleep like a mouse
dormir comme une masse	to sleep like a log
dormir comme une pierre	to sleep like a log
dormir comme une souche	to sleep like a log
dormir du sommeil du juste	to sleep the sleep of the just, to sleep l
dormir sous les ponts	to sleep rough, to sleep on the streets; t
dormir sur ses deux oreilles	to sleep soundly, to sleep without a worry
dormir à poings fermés	to sleep like a baby, to sleep the sleep o
dorso-ventral	dorsoventral
dos crawlé	backstroke
dos d'âne	speed bump; sleeping policeman
dos à dos	back-to-back
dos-à-dos	back to back; a move in square dancing in which two danc
dose de cheval	elephant dose (big dose, strong dose)
double bémol	double flat (accidental that indicates tha
double croche	sixteenth note, semiquaver
double datif	double dative
double dièse	double sharp (accidental that indicates th
double emploi	unnecessary duplication
double faute	double fault
double jeu	double play; double game, double-dealing
double menton	double chin
double nationalité	dual citizenship (status of being a citize
double paire	two pair
double pénétration	double penetration
double sens	double meaning; two-way
double vie	double life (existence or life that has tw
double vitrage	double glazing
double vé	double-u, The name of the Latin script let
double-bécassine	great snipe
double-clic	double-click
double-fond	false bottom
double-hélice	double helix
double-six	a domino with six on both sides
douce-amère	bittersweet nightshade (Solanum dulcamara)
doucement les basses	easy! calm down! hold your horses!
douche dorée	golden shower
douche froide	let-down, disappointment; rude awakening,
douche écossaise	a shower which alternates between hot and; bit of a blow, quite a shock
doux comme un agneau	very gentle; meek as a lamb
doux jésus	sweet Jesus!
doux rêveur	a dreamer (someone whose beliefs are far f
doux-amer	bittersweet (both bitter and sweet)
douze coups de minuit	the twelve strokes of midnight
douze-cents	twelve hundred
dragon de komodo	Komodo dragon
drague de rue	street pickup, day game
dragueur de mines	minesweeper
drame de la solitude	Late discovery of the body of an elderly p
drame familial	intrafamilial homicide, familial homicide
drapeau blanc	white flag (flag with a white color, used
drapeau jaune complet	full-course yellow
drapeau rouge	red flag
drelin-drelin	ding dong (onomatopoeia for the sound of a
dresser le couvert	to set the table, to lay the table
dressing-room	dressing room (small walk-in room off a be
drogue douce	soft drug, recreational drug
drogue dure	hard drug
droit au but	straight to the point
droit au travail	right to work
droit aérien	aviation law
droit canon	canon law
droit chemin	right track, straight and narrow (path of
droit civil	civil law
droit comme un cierge	bolt upright, ramrod straight, straight as
droit comme un i	bolt upright, ramrod straight, straight as; self-assured, sure of oneself
droit commercial	commercial law, trade law
droit commun	common law
droit d'accise	excise tax
droit d'asile	right of asylum
droit d'aubaine	in feudalism and the Ancien Régime, the ri
droit d'auteur	copyright (right of an author's creations); royalty (payment for intellectual pr
droit dans ses bottes	self-assured and unapologetic because one
droit de conquête	right of conquest
droit de cuissage	droit de seigneur, droit du seigneur, ius
droit de douane	tariff
droit de justice	right to dispense justice, prerogative to
droit de l'homme	human right
droit de la famille	family law (the area of private law pertai
droit de la guerre	law of war
droit de passage	wayleave, right of way
droit de regard	right of access, right of inspection
droit de vote	voting rights, suffrage, franchise (right
droit des affaires	business law
droit des gens	law of nations
droit des personnes	law of persons
droit des sociétés	company law, corporate law
droit divin	divine law
droit du sang	jus sanguinis
droit du sol	jus soli, birthright citizenship
droit du travail	labour law, employment law
droit international	international law
droit maritime	admiralty law
droit naturel	natural law
droit positif	positive law (law explicitly made, as comp
droit privé	private law
droit public	public law
droit pénal	criminal law
droit romain	Roman law
droit social	social law
droit voisin	related right
droit à l'image	right of publicity (right of an individual
droit à l'oubli	right to be forgotten
droits de l'homme	human rights
droits de la femme	women's rights
droits de succession	inheritance tax, estate tax, death duty
droits des animaux	animal rights
droits humains	human rights
droits-de-l'hommisme	human-rightism
droits-de-l'hommiste	human-rightist
drone suicide	kamikaze drone
drôle d'oiseau	strange bird (unusual person, especially a
drôle de	funny, weird, strange, odd
du balai	hop it! shoo! begone! push off! on your bi
du bon pied	on the right foot
du bout des lèvres	grudgingly, reluctantly
du calme	quiet! calm down!
du coin	local, from the neighbourhood, just down t; local, from around somewhere
du coin de l'œil	out of the corner of one's eye
du coup	as a result; filler word
du côté de	around, near; in the vicinity of
du côté du manche	on the winning side
du dernier bateau	up-to-date, aware of the latest developmen
du dernier chic	very stylish, very smart, very elegant
du dernier commun	vulgar, ordinary; nondescript; uninteresti
du diable	a hell of a, hellish, huge
du dimanche	amateur, weekend
du fait de	because of, on account of, due to; of someone's making
du feu de dieu	terrific, awesome; extremely well
du fil à retordre	a hard time, some difficulties
du fond du cœur	from the bottom of one's heart
du jour au lendemain	from one day to the next, overnight (very
du matin au soir	all day long; every waking hour
du moins	at least
du moment que	as long as; provided (that)
du même acabit	of that kind, of the same ilk, of the same
du même coup	at the same time, in the same breath, in t
du même tonneau	of the same ilk, of the same stripe
du nerf	go on! give it some welly! put some welly
du pain et des jeux	bread and circuses
du plus bel effet	striking, stunning; splendid; successful
du premier coup	first time, first try (on one's first try)
du propre	a fine mess
du ressort de	within the competence of, under the jurisd
du reste	furthermore; besides; on top of that
du siècle	of the century (biggest, greatest in livin; of a lifetime, once-in-a-lifetime
du tac au tac	right back (forcefully, immediately and in
du temps de	in someone's day, in someone's time
du tonnerre	terrific, awesome; extremely well
du tout	at all; not at all; entirely, absolutely
du tout au tout	completely, radically, entirely, utterly
du vent	hop it! shoo! begone! push off! be off wit
du vivant de	during the lifetime of (someone), in (some
duffel-coat	duffel coat
dune de sable	sand dune
dur comme fer	steadfastly, like a rock, firmly, unshakea
dur d'oreille	hard of hearing
dur de la feuille	hard of hearing
dur en affaires	uncompromising
dur à cuire	hard-boiled, tough, resilient, badass; tough guy
durcir le ton	to get tough, to become more severe
dure-mère	dura mater
durée de vie	lifetime, lifespan
dysfonction érectile	erectile dysfunction
dysphorie de genre	gender dysphoria
dès l'abord	right from the start, from the get-go, str
dès lors	thence, thenceforth; from that moment/time; as a result, therefore
dès lors que	from the moment that, since; since, given that
dès que	once, as soon as
dès que possible	as soon as possible
dès à présent	here and now, right now, as of now, alread
dé à coudre	thimble (a protective cap for the finger)
débarrasser le plancher	to sling one's hook, to buzz off, to beat
débile mental	person with mental retardation; retard
débit de boissons	watering hole, bar
débit de tabac	tobacconist's (shop that sells tobacco pro
débit sanguin	blood flow
déblayer le terrain	to clear the way, to clear the ground
débrancher la prise	to pull the plug (to cease to support; to
début de la fin	beginning of the end
début du fou	bishop's opening
début ouvert	open game
décalage horaire	timezone difference; jet lag
décalage vers le rouge	redshift
déchet radioactif	radioactive waste
déclaration d'impôts	tax declaration, tax return
déclaration d'intention	declaration of intent, letter of intent (l
déclaration de guerre	declaration of war
déclaration fiscale	tax declaration, tax return
déclaration sur l'honneur	sworn statement, signed statement, affidav
déclarer forfait	to forfeit, to withdraw; to give up
déclarer sa flamme	to profess one's love, to declare one's lo
décrocher la lune	to do the impossible
décrocher la timbale	to hit the jackpot; to win the lottery
défaillance de marché	market failure
défendre la veuve et l'orphelin	to protect the weak and defenceless, to be
défilé de mode	fashion show
déformation plastique	plastic deformation (non-reversible change
déformation professionnelle	job conditioning (tendency to look at thin; instance of giving in to job conditi
déformation élastique	elastic deformation (reversible change of
défrayer la chronique	to make waves, to hit the headlines, to ge
dégât collatéral	collateral damage (damage to civilian prop; collateral damage (unintended victim
dégât des eaux	water damage; an incident, such as a burst pipe or overf
déjà-vu	déjà vu
délai de livraison	lead time (the time required before someth
délices de capoue	wallowing in pleasure, voluptuous idleness
délit d'initié	insider dealing, insider trading
délit d'opinion	thoughtcrime
délit de faciès	the pseudo-crime of looking like a crimina
délit de fuite	hit and run
délégué de classe	class president, class representative, cla
délégué du personnel	staff representative, workers' representat
délégué syndical	shop steward, workers' representative (loc
démarrage en côte	hill start
démineur éditorial	sensitivity reader
démocrate-chrétien	Christian Democratic
démocratie directe	direct democracy
démocratie indirecte	indirect democracy, representative democra
démocratie participative	participatory democracy (political system)
démocratie représentative	representative democracy
démon de midi	mid-life crisis; in particular, urge to le
démonstration de force	a show of force, a show of strength
démonte-pneu	tire iron
déménager à la cloche de bois	to do a moonlight flit, to levant (to move
démêler le vrai du faux	to separate fact from fiction, to separate
déni de grossesse	denial of pregnancy
déni de justice	denial of justice (failure by the justice
dénominateur commun	common denominator (any integer that is a; common denominator (trait or attribut
départ de feu	start of fire, fire outbreak
dépasser l'entendement	to be beyond comprehension, to be mind-bog
dépasser les bornes	to cross the line, to go too far, to overs
dépendance fonctionnelle	functional dependency
dépenses d'investissement	capital expenditure, CAPEX
dépenses de fonctionnement	operating expense, OPEX
déplacer des montagnes	to move mountains (to do seemingly impossi
dépose-minute	kiss and ride
déposer le bilan	to file for bankruptcy, to declare bankrup
déposer les armes	to lay down one's arms, to lay down one's; to give up, to surrender
dépouiller le vieil homme	to take off the old self, to abandon one's
dépouilles opimes	spolia opima
dépression hivernale	seasonal affective disorder (depression as
dépression postpartum	postpartum depression
dépression périnatale	postpartum depression
dépôt de bilan	bankruptcy application, liquidation, state
dépôt à vue	demand deposit (bank deposit that may be w
dérivation inverse	back-formation
dérivation régressive	back-formation
dérive des continents	continental drift (the slow movement of co
dérivée partielle	partial derivative
dérivée première	first derivative, first-order derivative
dérivée seconde	second derivative, second-order derivative
désert alimentaire	food desert
désespoir des singes	monkey puzzle, araucaria
désespoir du singe	monkey puzzle, araucaria
déshabiller pierre pour habiller paul	to rob Peter to pay Paul
désobéissance civile	civil disobedience
détecteur de mensonges	lie detector, polygraph (device to discern
détecteur de métaux	metal detector (hand-held device that uses
détective privé	private detective, private investigator
détention provisoire	remand, custody
détention préventive	remand, custody, pre-trial detention, prev
déterminant possessif	possessive determiner
déterrer la hache de guerre	to take up the hatchet, to go on the warpa
détournement de fonds	embezzlement, misappropriation
détournement de mineur	statutory rape
détroit de béring	The Bering Strait
détroit de gibraltar	The Strait of Gibraltar
développement durable	sustainable development
développement personnel	personal development, self-improvement, se
développé couché	bench press
déverser sa bile	to vent one's spleen
dévorer des yeux	to stare hungrily at, to eye intensely, gr
dévorer du regard	to stare hungrily at, to eye intensely, gr
dîner aux chandelles	candlelight dinner, candlelit dinner; to have a candlelit dinner
e caduc	schwa
e caudé	e caudata
e dans l'a	Name of the ligature æ / Æ
e dans l'o	Name of the ligature œ / Œ
e muet	the schwa of the French language
e-mailer	to e-mail
easy listening	easy listening
eau bénite	holy water
eau de cologne	cologne (a type of perfume consisting of 2
eau de javel	bleach
eau de mer	seawater
eau de parfum	eau de parfum
eau de rose	rosewater
eau de source	springwater (water originating from a spri
eau de surface	surface water
eau de toilette	eau de toilette, toilet water
eau de vaisselle	dishwater
eau douce	fresh water (water with little salt); soft water
eau du robinet	tap water
eau dure	hard water
eau gazeuse	sparkling water, soda water
eau lourde	heavy water
eau micellaire	micellar water
eau minérale	mineral water
eau oxygénée	hydrogen peroxide
eau plate	still water
eau potable	drinking water
eau pétillante	sparkling water, soda water
eau régale	aqua regia
eau salée	saltwater
eau souterraine	groundwater
eau tonique	tonic water
eau à ressort	sparkling water
eaux internationales	international waters
eaux territoriales	territorial waters
eaux usées	wastewater (water containing waste product
effet boule de neige	snowball effect
effet bœuf	a very surprising, unexpected effect
effet de commerce	negotiable instrument
effet de manche	arm waving, grandstanding
effet de serre	greenhouse effect (process by which a plan
effet de seuil	threshold effect
effet de souffle	blast effect (injuries resulting from a bl
effet de surprise	element of surprise, effect of surprise, n
effet domino	domino effect
effet joule	Joule heating (process by which the passag
effet matilda	Matilda effect
effet papillon	butterfly effect
effet personnel	personal effect
effet photoélectrique	photoelectric effect
effet secondaire	side effect
effet spécial	special effect
effeuiller la marguerite	to play “she loves me, she loves me not”
effondrement gravitationnel	gravitational collapse
effort de guerre	war effort
eh bien	well (used to introduce a statement that m
elle-même	herself, itself
elles-mêmes	themselves
emballage cadeau	gift wrap, gift-wrapping
embarras du choix	embarrassment of riches (overabundance of
embolie pulmonaire	pulmonary embolism
emboîter le pas	to follow in someone's footsteps, to follo
empereur-dieu	God Emperor
emploi absolu	absolute construction (use of a syntagmic
emploi aidé	state-subsidised job
emploi du temps	timetable; schedule
emploi-cravate	tie-job
employer la manière forte	to use strong-arm tactics
employer les grands moyens	to bring out the big guns, to resort to dr
employé de bureau	office worker
employé de maison	cleaner, housemaid
emporte-pièce	cookie cutter
empreinte carbone	carbon footprint
empreinte digitale	fingerprint
empreinte écologique	ecological footprint
emprunt savant	learned borrowing
empêcheur de tourner en rond	spoilsport, killjoy
en abondance	in abundance, abundantly, aplenty
en ami	as a friend
en amont	upstream, uphill (higher up than, on a riv; before, ahead of, prior to
en apparence	to all appearances, ostensibly, seemingly,
en appeler à	to appeal from the present judgment to
en arrière	backward; behind
en attendant	meanwhile, in the meantime
en attendant que	while
en attente	pending; on hold
en aucun cas	under no circumstances, on no account
en aucune façon	under no circumstances, on no account
en aucune manière	under no circumstances, on no account; by
en aval	downstream, downhill (lower than, on a riv
en avance	early, ahead of time, in advance
en avance sur son temps	ahead of one's time
en avant	forward (towards the front); forward! let's go!
en avant la musique	off we go! let's go!
en avant toute	forward ho! let's go! off we go!
en avoir après	to have it in for
en avoir assez	to be fed up, to have had enough, to have
en avoir dans le ventre	to have guts, to be gutsy
en avoir gros sur la patate	to be very sad, to have something weighing; to have cardiac issues
en avoir gros sur le cœur	to have a heavy heart, to be sad at heart,
en avoir jusque-là	to have had it up to here (with); to have
en avoir le cœur net	to be certain, to be sure of it
en avoir marre	to be fed up (with), to have had it, to be
en avoir par-dessus la tête	to be fed up, to have had it
en avoir plein le cul	to be sick to death of, to be fed up to th
en avoir plein le dos	to be extenuated by or after a hard manual; to be sick to death of, to be fed up
en avoir plein les bottes	to be sick and tired (of), to be fed up to; to be tired, after a long walk
en avoir plein les couilles	to be fed up
en avoir plus qu'assez	to be sick and tired (of), to be fed up to
en avoir pour son argent	to get one's money's worth, to get good va
en avoir ras la casquette	to be sick and tired (of), to be fed up to
en avoir ras le bol	to be sick and tired (of), to be fed up to
en avoir ras le cul	to be sick and tired (of), to be fed up to
en avoir sa claque	to be fed up, have had it
en avoir sa dose	to be fed up (with), have had enough (of),
en avoir sous la pédale	to have some gas left in the tank, to have
en avoir sous le capot	to have plenty of power under the bonnet;; to have plenty of energy in store, to
en avoir vu d'autres	to have seen it all before, to have surviv
en banc	en banc
en bandoulière	strung across the shoulder; on one's sleeve
en bas	below, down below, downstairs; down, downhill, downstairs, in a downwards
en bas de	at the bottom of
en bas âge	very young
en baver	to go through hell, to suffer, to have a h
en baver des ronds de chapeau	to go through hell, to suffer, to have a h
en beauté	brilliantly, with a flourish
en berne	at half-mast (lowered position of a flag)
en bien	positively, favorably
en bon père de famille	in a prudent, mature and reasonable manner
en bonne et due forme	in due form, in form, by the book, accordi
en bonne intelligence	on good terms
en bonne part	favorably; in a good sense; in a good way
en bonne voie	well underway, on track, coming along nice
en boucher un coin	to astonish, to knock for a loop
en boucle	on a loop, on repeat, endlessly
en bras de chemise	in one's shirt sleeves, in shirt sleeves,
en bref	in short, in brief, in a nutshell
en buste	half-length
en béton	watertight, rock solid
en cachette	on the sly, secretly
en carafe	broken, broken-down, out of order; high and dry, stranded; speechless
en carton	of poor quality; lacking sustenance; pathetic; bogus
en cas de	in case of, in the event of
en cas que	in case
en cascade	cascading
en catastrophe	hurriedly, hastily, in a hurry
en catimini	secretly, on the sly
en cause	involved, implicated, party to
en cavale	on the run, on the lam
en ce cas	in that case, if that's the case
en ce compris	including (being part of the group or topi
en ce moment	at the moment; right now
en ce qui concerne	concerning, as to, as far as … is concerne
en ce sens que	in the sense that, in that, inasmuch as
en ce temps-là	at the time, back then, in those days
en chair et en os	in the flesh (with one's own body and pres
en chaleur	on heat, in estrus
en chantier	under construction; in the works, underway
en charge de	in charge of
en charmante compagnie	on a date with someone attractive
en charpie	damaged, in pieces
en chef	in chief, general
en chemin	on the road, on one's way, along the way
en cheveux	bareheaded
en cheville	in cahoots
en chien	on the prowl, eager for sex, sexually frus
en chien de fusil	curled up; in the fetal position
en chier	to go through hell, to suffer, to have a h
en chœur	in chorus
en ciboire	a lot
en civil	undercover, plainclothes (wearing ordinary
en clair	simply put, in brief
en cloque	knocked up, up the duff
en coin	from the corner, from the side (such as fr
en coller une	to hang one on, to belt (someone) one, to
en colère	angry
en commun	in common; together; communally; common, communal
en compagnie de	in the company of, accompanied by, with
en compote	pureed; tired, hurting, wobbly
en conclusion	in conclusion; in summary
en connaissance de cause	knowingly, knowing all the facts, with ful
en connaître un rayon	to know a fair bit about something, to kno
en conséquence	consequently, as a result, hence, therefor; accordingly
en conséquence de	as a consequence of, due to
en continu	nonstop
en contrepartie	in return, in exchange
en coulisse	backstage; behind the scenes
en coup de vent	briefly, quickly, hurriedly
en couple	in a relationship
en cours	in progress, underway, ongoing
en cours de	in the process of; during, in the course of
en cours de route	in midstream, along the way, halfway throu
en crabe	moving sideways; crablike (in the sense “moving sideways”)
en creux	counter-relief, hollow, in intaglio, en cr; by contrast, implicitly
en câlisse	a lot; pissed; extremely angry; disgruntled
en d'autres termes	in other words, to put it another way
en danger	in danger, endangered
en danseuse	Riding out of the saddle, standing up, and
en dehors	played “out in front of” the ensemble by p
en dehors de	outside of; apart from, aside from
en demi-teinte	moderate, average
en dents de scie	jagged, serrated; uneven, chequered, inconsistent
en dernière analyse	in the last analysis, in the final analysi
en dernière extrémité	as a last resort, in extremis
en dessous de	below
en dessous de la ceinture	salacious, dirty; below the belt, unfair, dirty
en dessous de tout	lousy, shit, shitty, crappy (completely wo
en deuspi	fast
en deux coups de cuillère à pot	in two shakes, in a flash, in a jiffy
en deux temps trois mouvements	in two shakes, in a flash, in a jiffy, in
en devenir	in the making, budding, up-and-coming
en deçà	on this side; below
en diable	utmostly
en diagonale	cursorily, superficially
en difficulté	beleaguered, in difficulty, in distress, i
en dire long	to speak volumes, to say it all, to be ver
en direct	directly; live (in real time)
en double aveugle	double-blind (describing an experiment in
en double file	next to a car already parked on the side o
en douce	on the sly, secretly
en douceur	gently, smoothly, softly, slowly
en droite ligne	as the crow flies; directly; in line with
en dur	hard
en définitive	ultimately, in the end, eventually; at the
en délicatesse	on chilly terms, on the verge of having a
en dépit de	despite, in spite of; against
en désespoir de cause	in desperation, out of desperation, as a l
en détail	in detail
en effet	indeed
en entier	in full, in its entirety
en face	opposite, in front of
en face de	opposite, across
en faire des caisses	to overdo it, to go over the top, to go ov
en faire des tonnes	to overdo it, to go over the top, to go ov
en faire à sa guise	to never listen to anyone else, to be pig-
en fait	actually; in fact (really)
en fait de	with respect to, in regard to, in respect
en famille	with one's family; as a family; pregnant
en fanfare	with great fanfare
en faveur de	in favor of
en feu	blazing, burning, alight, on fire; on fire, ablaze
en filigrane	between the lines, indirectly, subtly
en fin de compte	ultimately, at the end of the day, when al; on second thought, all things consid
en finir	to put an end to something, usually someth; to get rid of someone, to kill someo
en flèche	sweptwing; rapid; rapidly
en foi de quoi	in witness whereof (words announcing the c
en fonction de	as a function of, in terms of; according to, depending on, based on
en force	in force, in droves, in large numbers
en forme	in form, on form; in the shape of
en foutre une	to beat the crap out of
en français dans le texte	in a French translation, a translator's no; textually, word for word, verbatim,
en friche	without culture; simple-minded, uncultivated
en froid	on bad terms (with)
en gang	with a group of friends
en garde	of a ready defensive position; on guard; the ready position, ready to attack or
en garçon	like a boy or young man; like a bachelor
en grande pompe	sumptuously, lavishly, in state, with grea
en gros	in bulk; in a nutshell, in summary, in short
en guise de	by way of, as
en général	in general, on the whole
en hausse	on the rise, increasing
en haut	above; upstairs; up
en haut de	at the top of
en herbe	budding, in the making
en huit	a week … (not of this week, but of next we
en imposer	to be impressive
en instance	pending, in the process
en interne	internally, within the company, in house,
en jeter	to be impressive; to look great
en jeu	at stake, on the line
en l'absence de	while … is absent; in the absence of, for want of
en l'air	up in the air, up; empty, not backed by action
en l'espace de	in the space of, in the span of
en l'espèce	in this instance, in the present case, in
en l'hommage de	in tribute to, in homage to, in honour of
en l'honneur de	in honour of; on the occasion of
en l'occurrence	as a matter of fact, as it happens, in thi
en l'état	as is, as it is; as it is, given the current circumstances
en la matière	in this matter, in this field, in this are
en la personne de	in the person of
en liberté	free-roaming, free-ranging; at liberty; at large, on the loose
en lice	in the game, in the running
en lieu et place de	in place of, in lieu of
en lieu sûr	in a secure location, in a safe place, saf
en ligne	online
en ligne directe	straight, direct, lineal
en long et en large	in detail, in minute detail, at length, at
en main propre	personally, in person
en mal	negatively, unfavorably
en mal de	lacking (something), missing (something),
en mal de copie	short of copy (short of news to report, sh
en manque	experiencing withdrawal symptoms; in need; frustrated, especially sexually
en marche	up, functional, in operation, operational,; underway
en marge de	on the fringes of, outside the jurisdictio
en masse	en masse; in large amounts, massively; in sufficient amounts
en matière de	with respect to, in regard to, in respect
en mauvaise part	unfavorably
en mesure de	capable of, ready to, in the way of, in a
en mettre plein la vue	to sock it to someone, to blow someone awa
en mettre une	to beat the crap out of
en moins de deux	in no time, in two shakes, in a flash, in
en moins de rien	in no time, in less than no time
en moins de temps qu'il ne faut pour le dire	before you can say Jack Robinson, before y
en mouvement	in motion, moving
en moyenne	on average
en mémoire de	in memory of
en même temps	at the same time, at once, simultaneously; on the other hand, at the same time,
en nage	covered in or wet with sweat
en nature	in kind
en nombre	in force, in droves, in large numbers
en or	golden (made of gold); golden, wonderful
en ordre	orderly, tidy; in order
en ordre de bataille	ready for battle, at the ready
en ordre de marche	ready for action, raring to go
en ordre dispersé	at sixes and sevens, in disarray, in disor
en ostie	a lot; pissed; extremely angry; disgruntled
en outre	besides, moreover, furthermore
en paix	in peace
en panne	broken, broken-down, out of order
en parallèle	in parallel
en particulier	in particular, especially, particularly
en partie	in part, partly
en partie double	double-entry
en partie simple	single-entry
en passant	in passing; incidentally, by the way; en passant
en passe de	on the brink (of); on the verge (of), on t
en permanence	constantly; all the time
en personne	in person, in the flesh (with one's own bo; personified, incarnate
en perspective	in the offing, in sight, on the horizon
en perte de vitesse	losing momentum, losing speed
en pied	full-length, en pied
en place	in place
en placer une	to get a word in edgewise (US), to get a w
en plein air	in the open air, alfresco, outside, outdoo
en plein essor	on the rise; booming, fast-growing
en plus	moreover, what is more, on top of that
en plus de	in addition to
en pointe	pointed, sharp; state-of-the-art, leading-edge, cutting-ed
en pratique	in practice, for all practical purposes, i
en premier lieu	first of all, firstly, first; first and foremost
en premières noces	by way of first marriage
en prendre de la graine	to learn, to take a lesson
en prendre pour son grade	to be given a dressing-down, to get a seve; to take a beating, to take a thrashi
en prendre pour son rhume	to be given a dressing-down, to get a seve
en prendre un coup	to take a hit, to take a knock (to suffer
en prime	as a bonus; on top of that; to boot, into
en primeur	either before a wine is bottled or while i; as first, early
en principe	in principle, in theory, theoretically
en prise	in gear (of a vehicle); in touch
en privé	in private
en profil	Portrayed sideways
en profondeur	in depth, completely, thoroughly, from top
en proie à	in the grip of; prey to; affected by
en présence	present; involved
en présence de	in the presence of, before (someone)
en présentiel	onsite, face-to-face
en public	in public
en puissance	potential, possible; would-be, in the maki
en pure perte	to no avail, fruitlessly, unsuccessfully,
en pétard	angry; in disorder, like blown up
en qualité de	as, in one's capacity as
en quantité	in plenty, aplenty, galore, abundantly, in
en quatrième vitesse	at full tilt, full throttle, full bore
en quel honneur	what for, on what occasion
en quelque sorte	in a way, kind of, sort of, somewhat, so t
en question	in question, under discussion, under consi
en quinze	two weeks … (not of this week, but of two
en rade	broken down
en raison de	due to; because of; by reason of; on accou; with regard to; in consideration of
en rajouter	to put on an act, melodramatize
en rajouter une couche	to go one step further; to overdo it, to l
en rang	in a row (consecutively)
en rang d'oignon	lined up in a row, in line
en regard de	in front of, in comparison with, compared
en remettre une couche	to bring something up once more; to go one
en rester là	to call it quits, to leave it at that, to
en retard	late, overdue; backward, unsophisticated
en retour	in return, in exchange, in turn, back
en retrait	quiet, reserved, withdrawn, in the backgro; indented
en retraite	retired; in retirement
en revanche	however; on the other hand
en revenir	to believe; to be able to believe (somethi; to get over something
en rien	not at all
en rogne	angry, mad
en roue libre	unbridled, footloose and fancy free, freew
en route	on one's way, on the way; let's go
en route mauvaise troupe	off we go! let's go!
en rupture de ban	at odds with society; separated from society
en rut	rutting
en règle	valid, in order (in compliance with the la
en règle générale	as a rule, in general
en réalité	in reality, in practice, in truth, actuall
en réserve	in reserve, in store
en résumé	in a nutshell
en sacrament	a lot; pissed; extremely angry; disgruntled
en sah	For real?; For real!
en sautoir	saltirewise; crosswise, crossed diagonally; (of jewelry
en second lieu	secondly, second
en secret	on the sly, secretly
en sens inverse	backwards; opposite (with movement)
en signe de	as a sign of, as a mark of, as a gesture o
en silence	in silence, silently
en situation de handicap	disabled; handicapped
en soi	per se, in and of itself, as such
en somme	in summary; after all
en son temps	in one's own time; in good time
en son âme et conscience	in all conscience, in good conscience
en souffrance	pending, outstanding, held up; undelivered; unclaimed
en sous-main	in a hole-and-corner manner, on the sly
en stand-by	on stand-by
en substance	in substance, in essence, essentially, bas
en suffisance	enough, sufficiently, in sufficient quanti
en surface	on the surface, on the face of it
en sus	in addition
en sus de	in addition to, over and above
en suspens	dangling, in mid-air; pending, outstanding, on hold, in abeyance
en série	in series; serially
en tabarnak	a lot; pissed; extremely angry; unhappy; frustrat; very, as fuck
en tailleur	cross-legged
en tant que	in that, inasmuch as, insofar as; as (a); in the capacity of
en tant que tel	in essence, essentially, by nature, indepe; as such; per se
en tapinois	stealthily
en temps de	in times of
en temps et en heure	in good time, in due time, in due course
en temps et lieu	in time and place
en temps normal	usually, normally, in normal circumstances
en temps utile	in good time, in due time, in due course
en temps voulu	in good time, in due time, in due course
en tenue	dressed (in a specified way); in uniform
en termes de	in terms of
en théorie	in principle, in theory, theoretically
en titre	current
en tort	at fault, in the wrong
en tout	in total, in all, all told
en tout bien tout honneur	with the most honorable of intentions, wit
en tout cas	anyway, anyhow, at any rate
en tout et pour tout	altogether, in all, all told
en tout genre	of all kinds, of every stripe, of all sort
en tout point	in every respect, perfectly, totally, enti
en tout état de cause	at any rate, in any case, anyway
en toute franchise	in all honesty, to tell the truth, to be f
en toute honnêteté	in all honesty, to tell the truth, to be c
en toute logique	logically
en toute modestie	in all modesty, if I do say so myself
en toutes lettres	in full, integrally, without resorting to; explicitly, plainly, clearly
en train de	in the middle of, in the process of (doing
en travaux	under construction; under repair
en travers	across (it)
en trombe	like a whirlwind, quickly and violently; b
en trompe-l'œil	deceptive, disingenuous
en trop	in excess, left, extra, too much, too many; useless, disposable, unnecessary; no
en tête	ahead; in the lead
en un clin d'œil	in the blink of an eye, in the twinkling o
en un mot	in a word, in short, in a nutshell
en un mot comme en cent	in short, in other words, to make it abund
en un rien de temps	in no time, in two shakes, in a flash, in
en un sens	in a way, kind of, sort of
en un seul morceau	in one piece, all in one piece
en un tournemain	in a flash, in a jiffy, in the twinkling o
en un éclair	in a flash
en urgence	in a hurry, hurriedly
en usage	used, in use
en vadrouille	wandering about; moving about
en vain	in vain
en valdrague	ruined, abandoned; in disorder or confusion
en vase clos	in isolation
en veille	on stand-by
en venir au fait	to get to the point, to cut to the chase
en venir aux mains	to come to blows
en venir à	to come to the point of; to end up (doing
en vertu de	by virtue of, by right of, due to
en veux-tu en voilà	in plenty, aplenty, galore, abundantly, in
en vie	living, alive
en vif	real(ly) quick, quickly
en vigueur	in force (of law, rule); current (regime, conditions, etc.)
en ville	downtown; in town
en vitesse	quickly, rapidly, fast
en vogue	in fashion, fashionable
en voie de	in the process of
en voir de toutes les couleurs	to go through hell, to be put through the
en vouloir	to be angry; to be a go-getter, to have a go-getter att
en vouloir pour exemple	to invoke something as an example of what
en vouloir pour preuve	to invoke something as evidence of what ha
en vrac	loose, in bulk, unpackaged; higgledy-piggledy, in disorder; in rough
en vrai	in real life; actually, in reality, in fact; to be honest, to tell the truth
en vrai de vrai	actually, in reality, in fact, to be perfe
en vue	in sight; on the horizon, in sight, in the offing; high-profile, prominent, in f
en vue de	in order to, with the aim of
en vérité	in truth, in reality, in practice, in actu
en âge de	old enough to; of an age when it is approp
en échange	in return, in exchange
en écraser	to sleep deeply
en état	in shape
en état d'alerte	in a state of alert, on alert
en état d'arrestation	under arrest
en état d'ivresse	under the influence, intoxicated, drunk
en état de	in a state of; in a condition to (do something), in a fit
en état de marche	in working order, functional, working
en être	to have arrived at something; to be somewh; to be game, to be in; to be part of
en être de sa poche	to have to pay out of one's own pocket
en être pour ses frais	to get nothing for one's trouble, to get l
en-avant	knock-on
en-but	in-goal
en-tête	header, heading, letterhead; header
enceinte acoustique	speaker system
encens d'eau	Peucedanum sylvestre
enchevêtrement quantique	quantum entanglement
encore et encore	again and again, over and over, time after
encore et toujours	still, as always, yet again
encore heureux	and a good job too! and a good thing too!
encore que	though, although
encore une fois	once again, once more
encre de chine	India ink
enculer les mouches	to split hairs; to nitpick
enculeur de mouches	nitpicker
encéphalopathie spongiforme bovine	bovine spongiform encephalopathy
enfant chéri	golden boy (a favored youth, held in high
enfant de chienne	son of a bitch
enfant de chœur	altar boy; choirboy (piously innocent person)
enfant de pute	son of a whore; a son of a bitch
enfant des rues	street urchin (child who lives, or spends
enfant du pays	native son, native daughter (person born i
enfant gâté	spoilt/spoiled child
enfant prodige	child prodigy, whiz kid, wunderkind
enfant sauvage	feral child
enfant soldat	child soldier
enfant terrible	enfant terrible, wild child
enfant trouvé	foundling
enfant unique	only child
enfoncer des portes ouvertes	to state the obvious as though it were new
enfoncer le clou	to ram something home, to drive a lesson h
engueuler comme du poisson pourri	to give (someone) a rollicking, to give (s
enlever les mots de la bouche	to take the words out of (someone's) mouth
enlever une épine du pied	to get out of a tight spot, to help out of
enlève ta soutadère que je te monte	prepare for a fight!
ennemi du peuple	enemy of the people
ennemi juré	sworn enemy; nemesis; archenemy; mortal en
ennuyeux comme la pluie	dull as dishwater, extremely boring
enquête de satisfaction	satisfaction survey
enregistreur de données de vol	flight data recorder, FDR
enregistreur phonique	cockpit voice recorder, cockpit recorder
enseigne de vaisseau	Intermediate junior naval officer rank; sh
enseigne de vaisseau de deuxième classe	Lowest naval officer rank in some Francoph
enseigne de vaisseau de première classe	Intermediate naval officer rank in some Fr
enseignement primaire	primary education
enseignement secondaire	secondary education
enseignement spécialisé	special education
enseignement supérieur	higher education
enseignement tertiaire	higher education
ensemble fermé	closed set
ensemble ouvert	open set
ensemble vide	empty set (the unique set that contains no
entendre des voix	to hear things, to hear voices
entendre dire	to hear that
entendre les mouches voler	to be immersed in complete silence
entendre parler	to hear (of)
entendre parler du pays	to get an earful, to be scolded
entendre raison	to see sense, to see reason, to listen to
entente de confidentialité	non-disclosure agreement
entente de non-divulgation	non-disclosure agreement
enterrement de vie de garçon	bachelor party
enterrement de vie de jeune fille	bachelorette party
enterrer la hache de guerre	to bury the hatchet
entier naturel	natural number
entr'apercevoir	Pre-1990 spelling of entrapercevoir
entr'ouïr	to hear poorly
entre autres	among other things, inter alia
entre chien et loup	between a dog and a wolf; at dusk, at twilight; gloaming; golden hour (used in s
entre couilles	between men
entre de bonnes mains	in good hands, in safe hands
entre deux âges	middle-aged
entre guillemets	quote unquote
entre l'arbre et l'écorce	in a bad situation; between a rock and a h
entre la peste et le choléra	between the devil and the deep blue sea, b
entre la poire et le fromage	blithely, lightly, rather carelessly
entre le marteau et l'enclume	between the hammer and the anvil; between a rock and a hard place; between t
entre le zist et le zest	so-so, neither good nor bad
entre nous	between ourselves, between you and me
entre nous soit dit	between ourselves, between you and me
entre parenthèses	in brackets (between brackets); by the way; as an aside
entre quatre yeux	one-to-one, describing a meeting between j
entre vifs	inter vivos
entre-deux	interspace, gap (between two things); half-time, intervening period; jump ball,
entre-déchirer	to tear each other to bits
entre-dévorer	to devour each other
entre-frapper	to hit each other
entre-heurter	to hit one another
entre-louer	to praise one another
entre-manger	to eat one another
entre-regarder	to look at each other
entre-tuer	to kill each other
entre-égorger	to cut or slit each other's throats
entrepôt de données	data warehouse
entrer comme dans un moulin	to walk in like one owns the place; to wal
entrer comme dans une écurie	to walk in like one owns the place; to wal
entrer dans la danse	to join the party, to join in, to get invo
entrer dans la ronde	to join the party, to join in, to get invo
entrer dans le jeu de	to play someone's game, to play along with
entrer dans le vif du sujet	to get to the crux of the matter, to get t
entrer en action	to go into action
entrer en fonction	to take up one's post, to start one's new
entrer en jeu	to come into play; to step in
entrer en lice	to throw one's hat in the ring, to enter t
entrer en ligne de compte	to come into account, to enter the equatio
entrer en religion	to take one's vows, to take orders (to ent
entrer en scène	to come on (to appear on a stage); to enter the picture, to enter the scene,
entrer en service	to take up one's post, to start one's new
entrer en vigueur	to come into force, to come into effect
entrer par une oreille et sortir par l'autre	to go in one ear and out the other
entretien d'embauche	job interview
entrée de gamme	low-end
entrée de service	service entrance
entrée des artistes	stagedoor; anus
entrée en fonction	taking of office, assuming of one's post,
entrée en matière	an introduction, a way in, a lead-in
entrée en vigueur	coming into force, coming into effect
entéro-rénal	enterorenal
envers du décor	(figuratively) what's behind the scenes
envers et contre tous	despite all opposition; against all opposi
envers et contre tout	despite all opposition; against all opposi
envoyer ad patres	to kill
envoyer balader	to send someone packing
envoyer bouler	to send someone packing
envoyer chier	to send someone packing, to tell someone t
envoyer des fleurs	to say nice things to, to compliment
envoyer du lourd	to rock, to rule, to be sick, to be wicked
envoyer du pâté	to kick ass, to kick butt, to rock, to rul
envoyer du steak	to kick ass, to kick butt, to rock, to rul
envoyer par le fond	to sink (a ship), to send (a ship) to the
envoyer paître	to send someone packing
envoyer promener	to send someone packing, to reject, to dis
envoyer son gantelet	throw down the gauntlet
envoyer sur les roses	to send someone packing
envoyé spécial	special correspondent; special envoy
erreur de jeunesse	youthful error, youthful mistake (mistake
escadron de la mort	death squad (armed group that carries out
escalade de glace	ice climbing; ice climb
escalade sur glace	ice climbing; ice climb
escalier mécanique	escalator (mechanical device)
escalier roulant	escalator
espace aérien	airspace (controlled portion of atmosphere
espace de nom	namespace
espace des phases	phase space
espace euclidien	Euclidean space (ordinary n-dimensional sp
espace insécable	non-breaking space
espace interstellaire	interstellar space
espace public	public space; public sphere
espace vectoriel	vector space
espace vital	lebensraum; personal space
espace-temps	spacetime (four dimensional continuum)
esprit chagrin	a gloomy Gus, a Debbie Downer, a pessimist
esprit combattant	fighting spirit
esprit critique	ability to think critically, critical thin; critical mind, analytical mind; crit
esprit d'équipe	team spirit
esprit de clan	clannishness, clan mind
esprit de clocher	parochialism
esprit de contradiction	contrariness, argumentativeness, quarrelso
esprit de corps	esprit de corps, spirit of the group, comm
esprit de l'escalier	l'esprit de l'escalier, staircase wit
esprit de parti	partisanship, partisanry
esprit de sel	spirit of salt, spirits of salts (a name f
esprit de suite	tenacity, obstinacy, consistency, persever
esprit de système	doctrinalism
esprit doux	smooth breathing
esprit du temps	zeitgeist, air du temps
esprit fort	esprit fort; freethinker
esprit frappeur	poltergeist (a disruptive ghost)
esprit pyroacétique	pyroacetic spirit
esprit rude	rough breathing
esprit-de-vin	spirits of wine
espèce chimique	chemical species
espèce de	you
espèce en voie de disparition	endangered species (species which is in da; dying breed (group of people or thin
espèce envahissante	invasive species
espèce invasive	invasive species
espèces sonnantes et trébuchantes	cash, spot cash, hard cash
espérance de vie	life expectancy (years of expected life ac; mean time to breakdown
essai de pénalité	penalty try
essence de térébenthine	turpentine
essuie-glace	windscreen wiper
essuie-mains	hand towel
essuie-tout	paper towel, kitchen towel, kitchen paper
essuyer les plâtres	to face teething problems, to deal with te
est-asiatique	East Asian
est-ce que	used to introduce a yes-or-no question; used after a preposed interrogative to i
est-il	is he; is it
est-nord-est	east-northeast (compass point)
est-quart-nord-est	east by north (compass point)
est-quart-sud-est	east by south (compass point)
est-sud-est	east-southeast (compass point)
estime de soi	self-esteem
estimer à sa juste valeur	to fully appreciate, to appreciate someone
estomac sur pattes	walking stomach, stomach on legs (person w
estomac à pattes	walking stomach, stomach on legs (person w
estragon du mexique	Mexican tarragon (Tagetes lucida)
et ainsi de suite	and so on, and so forth
et alors	and then? (asking for further explanation); so what?
et cetera	et cetera
et comment	and how!; yes please! do I ever!
et compagnie	and company; and whatnot, and the like
et cétéra	et cetera
et des brouettes	or thereabouts, and change (approximative)
et des poussières	or thereabouts; and change
et encore	if that, and even then!
et encore moins	much less, let alone
et j'en passe	and many more, and that's not all, and I c
et le tour est joué	and Bob's your uncle! there you have it! t
et moi donc	what about me then?, and what about me?, s
et pas qu'un peu	and then some! and how!
et patati et patata	blah blah blah; yada yada
et patin-couffin	and so forth, et cetera
et plus si affinités	… and more, if we get along; … and more, i
et plus vite que ça	and be quick about it! make it snappy! sna
et pour cause	and with good reason, and rightly so, and
et puis quoi encore	what more do you want – jam on it? oh yeah
et qu'elles durent toujours	bless you (said after the third sneeze)
et que ça saute	and make it snappy! snap it up! chop-chop!
et quelques	or thereabouts; and change, and a bit over
et tout et tout	and all that jazz, and all
et tout le bataclan	and all that jazz, and the whole kit and c
et tout le saint-frusquin	and all that jazz, and the whole kit and c
et tout le tintouin	and all that jazz, and the whole kit and c
et tout le tralala	and all that jazz, and the whole kit and c
et tout le tremblement	and all that jazz, and the whole kit and c
et toutes ses dents	and still going strong, and still fighting
et voilà le travail	Bob's your uncle!; ta-da! shazaam!
eu égard à	given, in view of, in light of
eucalyptus citronné	lemon eucalyptus (“Corymbia citriodora”)
euphorbe des jardins	petty spurge (Euphorbia peplus); caper spurge
euphorbe réveille-matin	sun spurge (Euphorbia helioscopia)
euphorbe épurge	caper spurge (Euphorbia lathyris)
euphraise des alpes	Euphrasia alpina Lam. (eyebright)
euplère de goudot	falanouc
eux-autres	they
ex aequo	equal; in an equal state; jointly
ex-femme	ex-wife
ex-libris	ex libris
ex-mari	ex-husband
examen blanc	a mock exam
examen d'admission	entrance examination
examen d'entrée	entrance examination
examen de conscience	examination of conscience; soul-searching, self-reflection
examen de passage	resit, retake exam (examination taken a se
examen médical	a medical test
exception faite de	except for, with the exception of
exception qui confirme la règle	exception that proves the rule
excité comme une puce	extremely excited
excuse-moi	excuse me?
excusez du peu	no less! if you please! would you believe!
excusez-moi	excuse me
excès de vitesse	speeding, of driving too fast
excès de zèle	overzealousness, overdoing it, overkill
excédent brut d'exploitation	gross operating surplus, GOS
exercice comptable	accounting period
exercice d'incendie	fire drill, fire practice (organized pract
exercice de style	stylistic exercise, exercise in style
exercice fiscal	fiscal year, accounting year, financial ye
exhausteur de goût	flavor enhancer, flavour enhancer
exode des cerveaux	brain drain
exploration de données	data mining
exploser de rire	to burst out laughing
exploser en vol	to blow, to come to grief (to fail suddenl
explosion cambrienne	Cambrian explosion
exposition universelle	World Exposition, world's fair, universal
expression-valise	portmanteau of idioms, idiom blend; malaph; catch-all term, catch-all phrase
expressionnisme abstrait	Abstract Expressionism
expérience de mort imminente	near-death experience
expérience de pensée	thought experiment
expérience utilisateur	user experience
extinction des feux	moment where lights are turned off, in par
extinction massive	mass extinction
extra-atmosphérique	extra-atmospheric
extra-parlementaire	extraparliamentary
extra-sensoriel	extrasensorial
extra-utérin	extrauterine
extrait de compte	bank statement, account statement
extrême droite	far right
extrême gauche	far left
extrême-onction	Anointing of the Sick, extreme unction, la
extrême-oriental	Far Eastern
eye-liner	eyeliner
face cachée	the hidden side of a celestial body; the hidden side, the hidden face (of somet
face de rat	ratface
face à	facing towards; versus, against; faced with
face-à-face	face-to-face interview; head-on collision
facteur de production	factor of production
facteur premier	prime factor
faculté de droit	law school
faible d'esprit	feeble-minded, dim-witted
faim de loup	ravenous hunger
fair-play	fair play
faire abstraction	to forget; to ignore, to set aside, to dis
faire acte de présence	to put in an appearance
faire aller	to pull someone's leg, to fool, usually as
faire allusion	to allude
faire amende honorable	to make amends, to mend one's ways, to eat
faire ami-ami	to try and be friends with
faire appel	to appeal; to call on, to call upon, to call in; to a
faire attention	to pay attention, to be careful
faire au mieux	to do as best one can given the circumstan
faire autorité	to be an authority, to be authoritative; t
faire avancer le schmilblick	to get things done, to keep things going,
faire avancer les choses	to get things done, to keep things going,
faire avec	to put up with it, to make do
faire bande à part	to keep to oneself, not to join in; to for
faire banqueroute	to go bankrupt
faire barrage	to stand in the way of, to block
faire beau	to embellish; to be good, to be sunny; to be nice to
faire bien	to look stylish
faire bien de	to do well to, had better
faire bleu	play truant, skip class
faire bloc	to stand together
faire bobo	to hurt
faire bombance	to feast, to have a feast, to gourmandise,
faire bon	for the weather to be nice, for it to be n
faire bon accueil	to welcome, to reserve a warm welcome to
faire bon marché	to treat (something or someone) as if it w
faire bon ménage	to get along well, to make good bedfellows
faire bon vivre	to be good to live (somewhere), to be a go
faire bon voyage	to have a good journey, to have a good tri
faire bonne chère	to feast, to have a feast, to gourmandise,
faire bonne contenance	to put on a brave face, to put a brave fac
faire bonne figure	to put on a brave face, to put up a good f; to put one's best foot forward, to s
faire bonne impression	to make a good impression
faire bonne mesure	to be generous; to do more than necessary
faire bonne mine à mauvais jeu	to grin and bear it, to put a brave face o
faire bonne route	to have a pleasant journey
faire bouger les lignes	to bring about change, to shake things up,
faire bouillir la marmite	to put food on the table, to pay the bills
faire boule de neige	to snowball
faire bourse commune	to pool resources, to share the expenses
faire buisson creux	to not find what one was looking for, to c
faire caca	to poo (defecate)
faire cadeau	to give for free, to gift
faire campagne	to campaign
faire carrière	to have a career, to make a career (in som
faire cas	to have a high opinion (of), to esteem [wi
faire cause commune	to make common cause
faire cavalier seul	to go it alone, to go solo
faire cavalière seule	to go it alone, to go solo
faire chambre à part	to sleep in separate rooms (of a couple)
faire chanter	to make someone sing; to force someone to confess; to blackmail
faire chaud	to be hot (of the weather)
faire chaud au cœur	to gladden (someone's) heart, to to warm t
faire chaudière ensemble	to marry
faire chier	to piss off, to annoy, to irritate; to have a (fucking) nightmare of a time; t
faire chiquer poteau	to prevent a young man from dancing with a
faire chou blanc	to fail; to miss the mark; to draw a blank
faire comme chez soi	to make oneself at home
faire comme si	to pretend, to do as if
faire concurrence	to compete with, to challenge
faire confiance	to trust; to have trust
faire connaissance	to get to know each other; to get to know, to meet, to get acquainted
faire connaître	to introduce; to announce oneself, to declare oneself, t; to make a name for one
faire contre mauvaise fortune bon cœur	to grin and bear it, to make the best of a
faire copain-copain	to try and be buddies with, to be all pall
faire corps	to be at one, to be in harmony or unity
faire cortège	to accompany
faire crac-crac	to make whoopee
faire crédit	to give credit to, to allow (someone) to p
faire cul sec	to finish one's drink in one go; to down;
faire d'une pierre deux coups	to kill two birds with one stone
faire date	to make history, to go down in history, to
faire de l'effet	to have an effect
faire de l'esprit	to (try to be) witty, to make quips
faire de l'ombre	to block (someone's) light; to outshine, to eclipse, to overshadow
faire de la figuration	to make up the numbers
faire de la merde	to fuck around; to fuck up
faire de la peine	to upset, to hurt, to pain, to hurt (someo; to look pitiful, to be pathetic [wit
faire de nécessité vertu	to make a virtue of necessity; to do what
faire de son mieux	to do as best one can, to do one's best, t
faire de vieux os	to live long, to make it to old age, to gr; to stay long, to stay for long, to s
faire demi-tour	to go back (or to drive back, etc.) before
faire des avances	to put the make on, to put the moves on
faire des cachotteries	to keep secrets
faire des courbettes	to bow and scrape
faire des façons	to make a fuss; to stand on ceremony, to p
faire des folies	to spend money extravagantly, to splash ou
faire des gorges chaudes	to make fun of, to laugh at, to poke fun a
faire des histoires	to kick up a fuss, to make a fuss
faire des manières	to put on airs; to stand on ceremony; to make a fuss, be f
faire des merveilles	to work wonders, to do wonders
faire des misères	to give (someone) a hard time, to make (so
faire des pieds et des mains	to bend over backwards, to go out of one's
faire des ravages	to wreak havoc; to break many hearts (to be very attractiv
faire des ronds de jambe	to bow and scrape, to kowtow (to behave in
faire des salamalecs	to grovel, kowtow; to drown (someone) in c
faire des siennes	to disobey, to get up to mischief, to mess
faire des vagues	to make waves; to rock the boat
faire difficulté	to object to (doing something), to be relu; to be problematic
faire diligence	to make haste, to be quick, to hurry
faire diversion	to create a diversion
faire dodo	to sleep, to go night-night
faire don	to make a gift of something to someone
faire droit	to comply with, to agree to, to grant
faire du bien	to do someone good, to feel good (to someo
faire du boudin	to sulk
faire du bruit	to make a lot of noise, to be noisy; to make waves, to cause a stir
faire du chiffre	to make a lot of sales, to make profit, to; to do a lot of whatever one is requi
faire du mal	to do someone harm
faire du pied	to play footsie
faire du sur place	to tread water, to be at a standstill, to
faire durer le plaisir	to draw out the pleasure, to prolong the p; to play hard to get
faire débat	to be debated, to cause controversy, to be
faire défaut	to be lacking; to default
faire désordre	to look disjointed and disorganised, to lo
faire effet	to take effect, to become active, effectiv
faire en sorte	to see to it, make sure
faire envie	to whet (someone's) appetite; to make (someone) green with envy, to arou
faire erreur	to be mistaken, to be wrong
faire escale	to make a stopover, to stop off (somewhere
faire exception	to be the/an exception, to be the odd one
faire exprès	to do (something) deliberately; to do (som
faire face	to be in front of, face, front; to oppose oneself (to something), to stand; to s
faire faillite	to go bankrupt
faire faim	it's hungry in here
faire fausse route	to be on the wrong track, to bark up the w
faire faux bond	to stand (someone) up, to leave (someone)
faire feu	to fire (to shoot a weapon)
faire feu de tout bois	to use all available means, to use everyth
faire fi de	to turn one's nose up at, to thumb one's n; to pay no heed to (to disregard)
faire florès	to flourish, to be successful, to gain a r
faire flèche de tout bois	to catch as catch can (to use all availabl
faire foi	to prove, to serve as proof (of/that), to; to be reliable; to be valid; to preva
faire fond	to base one's argument; to build on
faire fort	to outdo oneself, to do very well, to perf
faire fortune	to make a fortune, to make a pile
faire frais	to be cool or chilly (of the weather)
faire froid	to be cold
faire froid dans le dos	to be chilling, to give the creeps, to sen
faire front	to face, to confront, to face up to, to st
faire fureur	to be all the rage, to be red hot
faire fête	to welcome enthusiastically, to greet with
faire gaffe	to pay attention to, to watch out for, to
faire genre	to put on airs; to pretend that, to act like
faire grand bruit	to cause a sensation, to cause a big stir,
faire grand cas	to have a high opinion of, to esteem
faire grise mine	to look glum, to have a long face; to behave coldly towards, to treat coldly;
faire grocerie	to go grocery shopping
faire grâce	to spare (someone something), to let (some
faire grève	to strike; to be on strike
faire halte	to halt, to stop (somewhere)
faire honneur	to be worthy of, to be a credit to, to do; to do justice to; to honour
faire honte	to embarrass, to disgrace, to make (someon
faire illusion	to be deceptive, to deceive, to look the p
faire irruption	to barge in, to burst in
faire jeu égal	to be on a level playing field, to be on a
faire joli	to look nice, to look pretty, to make pret
faire joujou	to play around
faire jour	to be daylight
faire justice	to do justice; [with de]; take the law into one's own hands
faire l'affaire	to do the trick, to do the job, to do, to
faire l'amour	to make love, to have sex
faire l'armée	to serve in the army; to get military trai
faire l'article	to advertise oneself or one's product
faire l'aumône	to grant, concede
faire l'autruche	to bury one's head in the sand, to ignore
faire l'effet	to have the effect (of), to come (as); to give (to someone) the impression of be
faire l'enfant	to act like a child, to be childish, to la
faire l'expérience	to try; to experience
faire l'impasse	to give something a miss, to forgo
faire l'impossible	to do the impossible; to do one's utmost,
faire l'innocent	to come the innocent, to act all innocent,
faire l'objet	to be subject
faire l'unanimité	to win unanimous support, to be approved u
faire l'école buissonnière	to play truant, to play hooky, to skip cla
faire l'économie de	to do without, to forgo
faire l'éloge de	to extol
faire la belle	to play the decider, to play a tiebreaker
faire la bringue	to party, to live it up, to whoop it up
faire la chasse	to hunt down, to chase, to track down
faire la classe	to teach
faire la connaissance	to get to know
faire la conversation	to make conversation
faire la cour	to woo; to court
faire la course	to race each other; to race
faire la couverture	to hit the headlines (to appear on the fro
faire la différence	to tell the difference between, to disting; to make a difference, to make a big
faire la file	to line up, queue (to put oneself at the e
faire la fine bouche	to be finicky, to be choosy, to turn up on
faire la fine gueule	to be finicky, to be choosy, to turn up on
faire la force de	to be someone's strength
faire la fête	to party, have a party, live it up
faire la grasse matinée	to sleep in, to have a lie in
faire la grimace	to pout
faire la gueule	to sulk, to pout, to be in a huff
faire la java	to party
faire la lecture	to read
faire la lessive	to do the laundry, to do the washing
faire la leçon	to preach to, to lecture
faire la loi	to call the shots, to call the tune, to ru
faire la lumière	to clear up, to clarify, to shed light on
faire la manche	to beg, to panhandle
faire la mijaurée	to put on airs
faire la morale	to lecture
faire la moue	to pout
faire la navette	to commute, to shuttle (to go back and for
faire la noce	to party
faire la paire	to make quite a duo, to be two of a kind
faire la paix	to make peace
faire la part belle	to give top billing, to feature prominentl
faire la part des choses	to put things into perspective
faire la part du feu	in the event of a fire, to give up some it; to compromise; to make sacrifices fo
faire la peau	to do in, to bump off
faire la plonge	to wash up, do the washing-up (professiona
faire la pluie et le beau temps	to call the shots, to call the tune, to ru
faire la queue	to line up, queue (to put oneself at the e
faire la ronde	to walk the beat, to patrol
faire la roue	to cartwheel (to perform a cartwheel)
faire la soudure	to bridge the gap, to ensure the transitio
faire la sourde oreille	to turn a deaf ear
faire la tournée des grands-ducs	to paint the town red, to go out on the to
faire la tronche	to sulk
faire la tête	to sulk, to pout, to be in a huff
faire la tête au carré	to rearrange (someone's) face
faire la une	to hit the headlines (to appear prominentl
faire la vaisselle	to do the dishes, to do the washing-up, to
faire le beau	to sit up and beg, to sit pretty
faire le bien	to do good, to do right
faire le bon apôtre	to pose as a paragon of virtue; to play th
faire le bonheur	to delight someone, to make someone happy,
faire le café	to do the trick, to do the job, to do, to
faire le canard	to suck up to; flatter too much
faire le con	to fool around
faire le coup	to use the … technique, to use the old … t
faire le coup de feu	to participate in war operations, to fight
faire le coup de poing	to fight, to fistfight
faire le difficile	to be choosy, to be nitpicky, to be partic
faire le dos rond	to hunker down; to ride the storm out; to
faire le déplacement	to make the trip, to travel (in order to t
faire le grand saut	to snuff it, to kick the bucket (to die)
faire le gros dos	to arch one's back; to weather the storm, lie low
faire le jeu de	to play into someone's hands
faire le joli cœur	to be flirty, to play Romeo
faire le lien	to put two and two together, to connect th; to liaise
faire le lit de	to pave the way for, to be a breeding grou
faire le mal	to do evil
faire le malin	to get wise, get cute, to act smart, to tr
faire le mort	to play dead, to play possum (to act as th; to lie low; not to keep in touch; no
faire le mur	to play truant, to play hooky, to skip cla
faire le ménage	to do the housework, the household chores; to clean up; to clear out
faire le nécessaire	to take the necessary steps, to see to it,
faire le pied de grue	to wait around
faire le pitre	to clown around
faire le plaisir	to do (someone) the courtesy
faire le plein	to fill up (with petrol)
faire le plus grand bien	to do a power of good
faire le poids	to hold a candle (to), to measure up (to),
faire le point	to review, to take stock of, to get a fix
faire le pont	to take a long weekend; to take an extra d
faire le premier pas	to make the first move
faire le rapprochement	to put two and two together, to connect th
faire le sale boulot	to do the dirty work
faire le tour du monde	to travel around the world, to go round th; to span the globe, to make news arou
faire le tour du propriétaire	to look around a property, to visit a plac
faire le trottoir	to walk the streets (to prostitute oneself
faire le vide	to clear out
faire les affaires	to be convenient for, to suit, to turn out
faire les boutiques	to go shopping
faire les cent pas	to pace up and down (while waiting)
faire les courses	to do the shopping, to do the shopping err
faire les délices	to delight
faire les foins	to make hay
faire les frais	to bear the brunt
faire les gros titres	to hit the headlines (to appear on the fro
faire les gros yeux	to look disapprovingly at someone, to give
faire les magasins	to go shopping
faire les poches	to pick (someone's) pocket, to pickpocket
faire les poussières	to do the dusting
faire les quatre cents coups	to do one crazy thing after the other, to
faire les yeux doux	to make eyes, to make cow eyes, to look wi
faire litière de	to pay no heed to, to disregard, to ignore
faire loi	to serve as law; to take the place of law,
faire long feu	to fizzle out, to fail
faire machine arrière	to go astern; to backpedal, retreat, do a U-turn
faire maigre	to practice abstinence (to temporarily abs
faire main basse	to help oneself to, to get hold of, to wal
faire maison nette	to dismiss all one's servants; to clean house
faire mal	to hurt, to cause pain, to be painful
faire marche	to walk towards, to march to
faire marche arrière	to turn back, go backwards; to backpedal
faire marcher	to pull someone's leg, to fool, usually as
faire mauvais	to be bad
faire mauvais genre	to make a bad impression, to give a bad im
faire mention	to mention
faire mentir	to refute, to disprove, to belie
faire mieux de	had better
faire mine	to pretend
faire minette	to eat pussy; to perform cunnilingus
faire moche	to be bad
faire moitié moitié	to go fifty-fifty, to go halves
faire montre	to evince, to show, to demonstrate, to dis
faire mouche	to hit the bullseye; to come off; to hit home, to hit the nail
faire mumuse	to play around
faire mystère	to make a secret
faire métier de	to make a profession of
faire naufrage	to go down, to be shipwrecked
faire noir	to be dark, especially when it's night
faire noir comme chez le loup	to be dark to the point where one can't se
faire nuit	to be night-time
faire obstacle	to stand in the way of, to be a hindrance
faire office de	to act as; to serve as
faire parler de soi	to set tongues wagging, to make waves, to
faire parler la poudre	to let guns do the talking; to settle the
faire part	to inform, to tell
faire partie	to be part
faire partie intégrante	to be an integral part, to be part and par
faire passer un chameau par le chas d'une aiguille	to get a camel through the eye of a needle
faire peau neuve	to get a facelift, to get a makeover
faire peine à voir	to be a sorry sight, to look pitiful
faire pencher la balance	to tip the scales (to turn to one side a b
faire peu de cas	to neglect, to disregard, to consider triv
faire peur	to frighten
faire peur à voir	to look a fright, to look terrible
faire pipi	to wee (urinate)
faire pitié	to be pathetic, to look pitiful, to inspir
faire pièce	to thwart, to stymie, to foil
faire place	to give way; to make way
faire place nette	to make a clean sweep, to clear up, to get
faire plaisir	to please, to do something nice for, to ch; to indulge oneself, to give oneself
faire pleurer dans les chaumières	to elicit sympathy by being overdramatic a
faire pleurer le colosse	to pee, urinate
faire pleurer margot	to elicit sympathy by being overdramatic a
faire polémique	to be controversial, to be a source of con
faire popo	to poop
faire pression	to put pressure, to pressure, to lobby
faire preuve	to show, to demonstrate, to display
faire profil bas	to keep a low profile, to lie low
faire présent	to give for free, to gift, to present
faire pschitt	to peter out
faire pâle figure	to pale in comparison (with), not to hold
faire pénitence	to do penance, to expiate one's sins, to a
faire péter	Cause something to break or explode; blow; to pass, to hand something (for the s
faire que fou	to act like a madman, to act crazy
faire que sage	to act wisely
faire rage	to rage (to move with great violence)
faire recette	to be a success and a source of revenue, t
faire relâche	to moor, to make a stopover, to stop off (
faire rinque de	to have just done
faire ripaille	to feast, to gourmandise, to make a pig of
faire route	to advance, move, travel
faire réflexion	to reflect that, to ponder over the fact t
faire référence	to refer; to allude
faire régime	to be on a diet
faire sa diva	to act like a diva
faire sa fête	to haul over the coals, to dress down; to kick (someone's) ass, to beat severely
faire sa valise	pack one's bags
faire saillie	to protrude, to stick out
faire salle comble	to sell out, to have a full house (for an
faire sans	to do without, to make do without somethin
faire sauter	make jump; blow up; toss up
faire sauter la banque	break the bank
faire savoir	to inform, to let know
faire scandale	to cause a scandal
faire semblant	to pretend
faire sens	to make sense
faire sensation	to make a splash, to cause a stir, to caus
faire ses adieux	to bid farewell, to bid adieu, to say good
faire ses armes	to win one's spurs, to earn one's stripes
faire ses besoins	to do one's business, to relieve oneself
faire ses choux gras	to have a field day
faire ses classes	to attend school (somewhere); to do one's basic training (somewhere); to learn t
faire ses comptes	to do one's accounts, to do one's sums (to
faire ses dents	to teethe; to cut one's teeth
faire ses délices	to delight, to take great delight, to take
faire ses gammes	to play one's scales, to do one's scales; to practise, to train (in general)
faire ses griffes	to sharpen one's claws; to scratch things,
faire ses nuits	to sleep through the night (to sleep all n
faire ses premiers pas	to make one's debut, to take one's first s
faire ses premières armes	to start out, to cut one's teeth, to get s
faire ses preuves	to prove oneself, to prove one's worth, to
faire ses valises	to pack one's bags, to up sticks, to depar
faire sien	to make (something) one's own, to endorse
faire signe	to signal; to gesticulate; to indicate usi; to give a heads up, to let know
faire silence	to be quiet
faire simple	to keep it simple, to make it simple
faire soif	it's thirsty in here
faire soleil	to be sunny
faire son affaire	to assume responsibility; to kill; to do one's thing
faire son apparition	to appear
faire son beurre	to earn one's corn, to make a living; to make money hand over fist, to make a bu
faire son chemin	to make progress, to gain some acceptance,
faire son compte	to manage to
faire son entrée	to enter, to make one's entrance, to make
faire son intéressant	to show off, to grandstand
faire son lit	to make the bed, to make one's bed (to arr
faire son marché	to see what's on offer, to weigh one's opt
faire son maximum	to do as best one can, to do one's best, t
faire son poids	to be heavy
faire son possible	to do what one can
faire son profit	to take advantage of, to make the most of,
faire son retour	to make a comeback, to make one's comeback
faire son âge	to look one's age (to look as old as one a
faire souche	to hive off, to spread, to produce offspri
faire style	to pretend that, to act like
faire suite à	to follow on from
faire surface	to surface, to emerge
faire table rase	to start again from scratch, to start agai
faire tache	to not belong; to stand out awkwardly, to
faire tache d'encre	to spread, to slowly gain ground
faire tache d'huile	to spread, to slowly gain ground
faire tapisserie	to sit on the sidelines, not to partake in
faire tilt	to click (to make sense suddenly)
faire tourner en bourrique	to drive nuts, to drive crazy, to drive ma
faire tourner le monde	to make the world go round
faire tout un foin de	to make a meal of, make a big thing out of
faire tout un fromage de	to make a meal of, to make a big thing out
faire tout un plat de	to make a meal of, make a big thing out of
faire toute une histoire de	to make a big thing out of, to make a meal
faire tête	(intransitive) to stand up to, to express
faire un bide	to flop, to bomb, to tank
faire un bien fou	to do a power of good
faire un caca nerveux	to have a shit fit, to throw a tantrum, to
faire un carton	to be a hit, to be a huge success
faire un dessin	to spell it out
faire un enfant dans le dos	to trick someone into making one pregnant,; to do something behind someone's bac
faire un flop	to flop, to bomb, to tank
faire un four	to flop, to bomb, to tank
faire un malheur	to be all the rage, to be a huge success,
faire un saut	to make a stop, to stop off, to pop over
faire un sort	to make short work of, to eat voraciously
faire un tabac	to be a hit
faire un tour	to take a walk, to take a stroll, to go fo
faire une belle jambe	to do a fat lot of good
faire une carte de france	to make a map of France; to have a wet dream
faire une croix	to forsake, to kiss goodbye to (to give up
faire une fleur	to do (someone) a kindness, to do (someone
faire une joke	to make a joke
faire une machine	to do a load of laundry, to put a load on,
faire une montagne d'une taupinière	to make a mountain out of a molehill, to s
faire une scène	to make a scene, to cause a scene, to rais; to blow up at, to lay into
faire usage	to make use of, to use; to exercise
faire valoir	to assert, affirm
faire violence	to force someone, to use violence on someo; to force oneself (to do something)
faire voile	to set sail, to sail
faire vœu	to take a vow
faire échec	to thwart, to foil, to stymie, to cause to
faire écho	to echo
faire école	to found a school of thought, to attract a
faire époque	to make history, to go down in history (to
faire équipe	to work as a team, to team up, to pair up,
faire étalage	to make a display (of), to flaunt
faire étape	to make a stopover, to stop off (somewhere
faire état	to cite, to mention, to give an account of; to give (something) some thought, to
faire œuvre utile	to make a real contribution, to do somethi
faire-part	announcement (of birth, marriage, death, e
faire-valoir	a sidekick, a foil, a stooge
fais de beaux rêves	sweet dreams
faiseur d'anges	angel maker, jack-knife barber (non-physic
faiseur d'opinion	opinionmaker
fait accompli	fait accompli; done deal
fait d'armes	prowess, feat of arms
fait de langue	linguistic feature characteristic of a giv
fait de société	social reality, social phenomenon
fait divers	miscellaneous news story, minor news item
fait maison	homemade (made at home; self-made)
fait que	So, therefore, in that case
fait-main	handmade (made by hand)
fait-tout	stewpot (large cooking pot with handles an
faites de beaux rêves	sweet dreams
faites vos jeux	place your bets, faites vos jeux (call mad
faits et gestes	actions, movements, doings, comings and go
fake news	disinformation or propaganda presented as
famille d'accueil	foster family; host family
famille nombreuse	large family
famille nucléaire	nuclear family (a family unit consisting o
famille recomposée	blended family (a stepfamily in which both
far breton	far breton
farce ou friandise	trick or treat
farces et attrapes	jokes and novelties, items for use in prac
fard à paupières	eye shadow
fardeau de l'homme blanc	white man's burden
farine de poisson	fishmeal (ground dried fish)
fast-food	fast food; fast food restaurant
fat bike	fat bike
fauché comme les blés	broke, skint (lacking money; bankrupt)
faucille et marteau	hammer and sickle
faucon crécerelle	common kestrel (Falco tinnunculus)
faucon hobereau	Eurasian hobby (Falco subbuteo)
faucon pèlerin	peregrine falcon (Falco peregrinus)
faujasie à feuilles de saule	Faujasia salicifolia (Pers.) C. Jeffrey
fausse alarme	false alarm
fausse alerte	false alarm
fausse analogie	false analogy
fausse barbe	mole; double-crosser
fausse bonne idée	a good idea in theory but not in practice,
fausse chanterelle	a false chanterelle, Hygrophoropsis aurant
fausse couche	miscarriage
fausse couleur	false colour
fausse girolle	a false chanterelle, Hygrophoropsis aurant
fausse manip	error, mistake, slip up
fausse manœuvre	error, mistake, slip up
fausse modestie	false modesty, humblebragging
fausse note	false note, wrong note, bum note (incorrec; fault, flaw, slip up, mistake
fausse patte	proleg; southpaw
fausse piste	wrong track, false lead, red herring
fausse-braie	faussebraye
fausser compagnie	to give (someone) the slip, to slip away f
faute avouée est à moitié pardonnée	a fault confessed is half redressed
faute d'orthographe	misspelling
faute de	through lack of; for want of; because of a
faute de frappe	typing error, typo (typographical error)
faute de goût	lack of taste; something done in bad taste
faute de grives on mange des merles	beggars can't be choosers, half a loaf is
faute de mieux	for want of something better, faute de mie
faute de quoi	failing that; otherwise
faute directe	unforced error
fauteuil roulant	wheelchair
fauteuil à bascule	rocking chair (chair with a curved base wh
fauteur de troubles	troublemaker
fauvette des jardins	garden warbler (Sylvia borin)
fauvette grisette	common whitethroat
faux anglicisme	pseudo-anglicism
faux bonhomme	one who has a false visage of joviality an
faux contact	faulty contact (due to an open)
faux cul	hypocrite, phony
faux doryphore	false potato beetle (Leptinotarsa juncta)
faux départ	false start
faux frais	ancillary or incidental costs
faux frère	traitor, backstabber, snake in the grass
faux jeton	hypocrite, phony, two-faced person, two-ti
faux jumeau	fraternal twin
faux négatif	false negative
faux pas	stumble, misstep, false step; faux pas, blunder
faux plan	instance of failing to follow through with
faux plat	false flat
faux positif	false positive
faux souvenir	false memory
faux séné	bladder senna
faux témoignage	perjury
faux témoin	false witness (a deceptive or misleading w
faux-acacia	black locust, Robinia pseudoacacia
faux-ami	false friend
faux-bourdon	drone (bee); a musical style in which a countermelody s
faux-débutant	false beginner
faux-filet	sirloin
faux-fuyant	prevarication, pretext
faux-indigo bleu	blue false indigo (Baptisia australis (L.)
faux-monnayage	counterfeiting
faux-monnayeur	counterfeiter (a person who counterfeits)
faux-nez	false nose; sock puppet
faux-palais	retainer (a device that holds teeth in pos
faux-semblant	false display (of emotions or situations)
façon de parler	façon de parler; so to speak, in a manner of speaking, if o
femme au foyer	housewife (female head of household)
femme d'affaires	businesswoman
femme d'ouvrage	cleaning lady
femme d'état	stateswoman
femme de chambre	chambermaid
femme de charge	housekeeper
femme de dieu	a godly woman
femme de lettres	woman of letters, a literary woman
femme de ménage	cleaning lady, cleaning woman
femme de petite vertu	loose woman, strumpet (promiscuous woman); woman of easy virtue, prostitute (wom
femme de réconfort	comfort woman
femme du monde	woman of the world
femme fatale	femme fatale
femme fontaine	squirter (a woman who ejaculates liquid on
femme galante	courtesan
femme politique	female politician
femme-renarde	fox spirit
fendre le cœur	to break (someone's) heart
fendre son biscuit	to beat
fendre son garganna	to beat someone, to win
fenouil de montagne	baldmoney (Meum athamanticum Jacq.)
fenêtre d'opportunité	window of opportunity
fenêtre de lancement	launch window
fenêtre de tir	launch window
fenêtre nationale	guillotine
fenêtre à guillotine	sash window
fenêtre à la française	casement window
fer de lance	spearhead, arrowhead; spearhead; fer-de-lance (snake)
fer à cheval	horseshoe (U-shaped shoe of a horse, now t; horseshoe whip snake (Hemorrhois hip
fer à friser	curling iron
fer à lisser	hair straighteners (pair of metal tongs wi
fer à repasser	clothes iron, smoothing iron
fer à souder	soldering iron (tool)
fer-blanc	tin, tinplate
ferme piscicole	fish farm
ferme ta gueule	shut up; shut the fuck up; shut your mouth
ferme éolienne	wind farm, wind park
fermentation homolactique	homolactic fermentation
fermer boutique	to close up shop, to shut up shop, to clos
fermer la marche	to bring up the rear
fermer le ban	to bring up the rear
fermer les yeux	to shut one's eyes; to turn a blind eye; to pass away, to die
fermer sa gueule	to shut one's mouth; to shut up (refrain f
fermer à clef	to lock
fermeture éclair	zip fastener
ferry-boat	ferryboat
ferré à glace	equipped with spiked horseshoes so as to b; thoroughly versed in, very experienc
feu antibrouillard	fog light, fog lamp
feu arrière	taillight, rear light
feu avant	headlight, headlamp
feu bactérien	fire blight (a bacterial plant disease, ca
feu d'artifice	firework
feu de bengale	flare (type of pyrotechnic that produces a
feu de camp	campfire (fire at a campground)
feu de circulation	traffic light
feu de forêt	forest fire, wildfire
feu de joie	bonfire
feu de paille	flash in the pan
feu de plancher	trousers that are too short at the level o
feu de signalisation	traffic signal; traffic light
feu follet	atmospheric ghost light; will-o'-the-wisp
feu grégeois	Greek fire
feu orange	yellow light, amber light
feu rouge	red light
feu sacré	fire in the belly
feu sauvage	cold sore
feu tricolore	traffic light
feu vert	green light (green traffic light); green light, go-ahead
feuille d'acanthe	an acanthus decorative pattern
feuille de boucher	cleaver (butchers' knife)
feuille de calcul	spreadsheet
feuille de chou	ear; a rag (low-quality newspaper)
feuille de match	game sheet
feuille de pompe	cheat sheet
feuille de rose	anilingus
feuille de route	marching order, movement order (towards a; road map, action plan
feuille de soins	treatment form, medical claim form
feuille de temps	timesheet (document that allows for the re
feuille volante	flyer
feuille-caillou-ciseaux	rock paper scissors
feuille-morte	of the colour of dying leaves: russet, feu
feux croisés	crossfire
feux de croisement	low-beam, dipped headlights (main light on
feux de détresse	hazard lights
feux de la rampe	footlights (stage lights located at the fr
feux de position	park lights, parking lights
feux de route	high-beam (automobile's headlights adjuste
fibre de carbone	carbon fiber
fibre optique	optical fiber
fibrillation atriale	atrial fibrillation
fibrillation auriculaire	auricular fibrillation
ficelles du métier	the tricks of the trade
fiche de paie	payslip, pay stub
fiche de salaire	payslip, pay stub
fiche s	an indicator used by French law enforcemen
fiche technique	data sheet, spec sheet, specification shee
ficher la paix	minced oath of foutre la paix
ficher le camp	to get the hell out; to get out of here; t
fidèle au poste	always there, always there when needed, re
fier comme un paon	proud as a peacock
fier comme un pou	proud as a peacock
fier-à-bras	braggart
fifty-fifty	fifty-fifty
figue de barbarie	prickly pear, the edible fruit of Opuntia
figuier commun	common fig (Ficus carica)
figuier de barbarie	prickly pear, the plant Opuntia ficus-indi
figuier étrangleur	strangler fig
figure d'autorité	authority figure
figure de proue	figurehead
figure de style	figure of speech (word or phrase)
figure paternelle	father figure
figure étymologique	figura etymologica (multiword figure of sp
fil barbelé	barbed wire
fil conducteur	fairlead; power cable; throughline, common thread, central theme
fil d'ariane	breadcrumbs; a distance line, penetration line, cave li; a beacon, a breadcrumb
fil de fer	wire; wirewalking; larva of the click beetle
fil de fer barbelé	barbed wire
fil dentaire	dental floss (floss used to clean the area
fil rouge	common thread, central theme, governing pr
fil rss	RSS feed
fil à plomb	plumb line
fil-de-fériste	tightrope walker (high wire artist)
file d'attente	queue
file indienne	single file, Indian file
filer doux	to behave, to toe the line, to lie low, to
filer droit	to keep it on the straight and narrow, to
filer entre les doigts	to slip through someone's fingers, to slip
filer par le bout	to slip the anchor
filer un mauvais coton	to go through a spell of poor health, to b; to be headed for trouble, to be circ
filer à l'anglaise	to take French leave
filet américain	Belgian steak tartare, often made with may
filet de pêche	fishing net, fishnet
filet de sécurité	safety net
filet japonais	mist net
filet mignon	filet mignon
filet à cheveux	hairnet (net designed to keep hair up)
filet à papillons	butterfly net
fille au pair	au pair
fille de comptoir	a barmaid
fille de cuisine	kitchen maid
fille de joie	lady of the night (female prostitute)
fille de laiterie	milkmaid
fille de rue	a prostitute
fille de salle	waitress; female helper in a hospital
fille de trottoir	a prostitute
fille des rues	prostitute, streetwalker
fille du port	a prostitute who works in harbours, harbou
fille manquée	tomgirl (boy who behaves and/or looks like
fille publique	hooker, streetwalker (prostitute)
fille soumise	a prostitute
fille unique	only child
fille à maman	mama's girl, mommy's girl
fille à papa	rich kid, spoiled brat, daddy's girl
fille-mère	single mother, unmarried mother
film biographique	biopic
film d'action	action movie, action film
film d'auteur	film of a movie director or a screenwriter
film d'exploitation	exploitation film
film d'horreur	horror movie
film d'épouvante	horror movie
film de boules	a porn movie, a skin flick, a blue movie,
film de cul	a porn movie, a skin flick, a blue movie,
film de guerre	war film
film muet	silent film
film noir	film noir
film x	an X-rated movie, an adult movie, a blue m
fils de pute	son of a prostitute: whoreson, son of a wh; objectionable person: son of a bitch
fils du ciel	Son of Heaven (Emperor of China); Citizen of the Chinese Empire
fils prodigue	prodigal son (someone who returns home fro
fils unique	only child
fils à maman	mama's boy
fils à papa	rich kid, daddy's boy, spoiled brat
filtre à particules	diesel particulate filter
fin comme du gros sel	unsubtle, subtle as a sledgehammer
fin de non-recevoir	inadmissibility; downright refusal
fin de race	end of a bloodline; last of the line; decadent, effete; decadence
fin de semaine	the end of the working week (Thursday and; the weekend (Saturday and Sunday)
fin de semaine folle	Thanksgiving Weekend or Black Friday Weeke
fin de vie	end of life
fin des temps	end times
fin du monde	end of the world
fin en soi	end in itself (something that is desired f
fin fond	the very bottom or back of something; the
fin mot	the real story, the whole story, the truth
fin prêt	all ready, good and ready, ready and waiti
fin-de-siècle	fin de siècle
financement participatif	crowdfunding
fine fleur	crème de la crème, cream (of)
fini-parti	a work arrangement by which the employee c
finir dans le décor	to go off track, to come off the road
finir ses jours	to end one's days, to spend the rest of on
finir sous les ponts	to end up homeless
finno-ougrien	Finno-Ugric
fiole erlenmeyer	Erlenmeyer flask
fission nucléaire	nuclear fission
fixe-chaussette	sock garter
fièvre acheteuse	buying spree, buying frenzy
fièvre aphteuse	foot-and-mouth disease
fièvre de cheval	a strong, raging fever
fièvre de lait	milk fever
fièvre jaune	yellow fever
fièvre quarte	quartan fever
fièvre tierce	tertian fever
flairer le vent	to see which way the wind is blowing
flamant rose	greater flamingo (Phoenicopterus roseus)
flambant neuf	brand new
flamme olympique	Olympic flame
flamme rouge	a red flag indicating to riders that the f
flanquer une tripotée	to beat up; to get into a fight, have a bust-up
flash-ball	flash-ball
fleur bleue	mushy, slushy, cheesy, corny, sappy, soppy
fleur d'oranger	orange blossom
fleur de coin	a mint coin; brilliant uncirculated, mint (in mint cond
fleur de l'âge	prime of life
fleur de lis	fleur-de-lis
fleur de sel	fleur de sel
fleur des morts	Aztec marigold (Tagetes erecta)
fleur la fête des mères	tree marigold
flip-flap	flip (frontflip or backflip)
flocon d'avoine	flake of oat; oatmeal
flore intestinale	intestinal flora, gut flora (the microorga
flou artistique	soft focus; intentional vagueness
flux de travaux	workflow (a process and/or procedure in wh
flux de trésorerie	cash flow
flux poussé	push flow, push system
flux rss	RSS feed
flux tendu	just-in-time manufacturing (way of organiz
flux tiré	pull flow, pull system (way of working wit
fluxion de poitrine	pneumonia
flèche du parthe	Parthian shot; parting shot
flûte de pan	panpipes, pan flute
flûte octaviante	a particular organ stop
flûte traversière	side-blown flute, transverse flute (any ty; Western concert flute
flûte à bec	recorder (musical instrument)
fn-fal	FN-FAL; the NATO standard assault rifle
foi du charbonnier	blind faith, unquestioning faith, uncritic
foi punique	Punic faith, treachery
foie gras	foie gras (fattened liver of geese or duck
foire aux questions	frequently asked questions (webpage contai
foire d'empoigne	a free-for-all, a rat race, a rough-and-tu
folie des grandeurs	delusions of grandeur, megalomania
folie du pourquoi	a medical condition in which a patient has
folie à deux	folie à deux
folie à trois	folie à trois
foncer dans le tas	to rush in, to barge in there, to go scorc
fonction de transfert	transfer function
fonction exponentielle	exponential function
fonction générique	generic function
fonction impaire	odd function
fonction paire	even function
fonction publique	civil service
fonction trigonométrique	trigonometric function
fonction virtuelle	virtual function
fond d'écran	background, wallpaper (image used to cover
fond de court	baseline
fond de teint	foundation
fond diffus cosmologique	cosmic microwave background
fond marin	seafloor, seabed
fond perdu	bleed
fondre comme neige au soleil	to shrink at a rate of knots, to melt away
fondre en larmes	to burst into tears
fondre sur	to swoop down on; to pounce on; to set upon; to fall upon, as a predator u; to m
fonds commercial	goodwill (the value of a business entity n
fonds communs	mutual fund
fonds d'investissement	investment fund
fonds de commerce	business assets, goodwill; stock-in-trade (technique, skill or abilit
fonds de pension	pension fund
fonds de placement	investment fund
fonds de roulement	working capital
fondu enchaîné	lap dissolve; A dissolve between two image
fondue bourguignonne	dice of beef cooked in a caquelon of boili
fondue savoyarde	cheese fondue (served with bread)
fondé de pouvoir	attorney-in-fact, proxy, authorised repres
fontaine de jouvence	fountain of youth
fontaine de lave	lava fountain
fontaine wallace	a type of large cast-iron drinking fountai
fonts baptismaux	baptismal font
food truck	food truck; alternative form of foodtruck
food-court	food court
football américain	American football
football association	association football
football australien	Australian rules football
football canadien	Canadian football
football de règles internationales	international rules football
football gaélique	Gaelic football
football international	international rules football
football nord-américain	gridiron football, North American football
football touch	touch football
for intérieur	heart of hearts, innermost part of the sel
force de caractère	strength of character
force de frappe	strike force; force de frappe
force de l'âge	acme, prime of life
force de la nature	force of nature (a thing or person that ex
force de proposition	person who shows initiative
force est	one must…
force majeure	force majeure
force motrice	motive power (power that enables something; driving force, motive power
force opérationnelle	task force
force tranquille	quiet strength, gentle strength; person who displays that kind of strength
forcer la main	to twist (someone's) arm, to force (someon
forcer la note	to exaggerate, to overdo it
forcer le passage	to force one's way through
forcer le trait	to exaggerate, to caricature (often on pur
forces armées	armed forces
forces aériennes	air force, air corps or flying corps
forces de l'ordre	the law enforcement agencies, the law enfo
forces militaires	armed forces
forces navales	navy or naval forces
forces spatiales	space forces, aerospace forces
forces spéciales	special forces
forces terrestres	ground forces, infantry
forces vives	lifeblood; movers and shakers of an organi
formation continue	continuing education, further education; l
forme canonique	canonical form (standard or normal present; dictionary form (standard or normal
forme fruste	forme fruste, unfinished form
formule de politesse	polite expression, courtesy (customary phr
formule magique	magic formula, magic spell, magic word; magic bullet
formule quadratique	the quadratic formula
fort comme un bœuf	strong as an ox
fort comme un turc	strong as an ox
fort de café	brazen, rich
fort en thème	good at translation (especially into Latin; person who is good at translation (e
fort et clair	loud and clear
forte partie	strong opponent, worthy opponent
forêt amazonienne	the Amazon Rainforest (an enormous jungle
forêt galerie	gallery forest
forêt noire	Black Forest gâteau, Black Forest cake
forêt primaire	primeval forest; climax forest
forêt primitive	primeval forest
forêt secondaire	secondary forest
forêt tropicale	tropical forest; tropical rainforest, rainforest
forêt vierge	virgin forest
fosse aux lions	lion's den
fosse commune	mass grave
fosse d'aisances	a cesspit
fosse septique	septic tank, cesspit (domestic sewage syst
fosse à purin	cesspit
fossile vivant	living fossil
fou comme un balai	very agitated out of excitation or anxious
fou de bassan	northern gannet (Morus bassanus)
fou de joie	elated, thrilled
fou de la gâchette	trigger-happy (with firearms); a trigger-happy man (with firearms)
fou de rage	livid, furious, beside oneself with anger,
fou du roi	court jester
fou du volant	car buff, petrolhead (car enthusiast); speeder (someone who speeds, who drives t
fou furieux	berserk, raving lunatic; an excessively dogmatic, uncontrollable, u
fou rire	uncontrollable laughter, hysterical laught
fou à lier	stark raving mad, crazy, barking
foudre de guerre	powerful warrior; very effective and rapid
foudroyer du regard	to look daggers at, to stare daggers at, t
fouette-cul	a person in charge of administering discip
fouille-merde	muckraker (a scandal-mongering person who
fouler aux pieds	to ride roughshod over, to trample underfo
foulque d'amérique	American coot
four crématoire	cremation furnace, crematorium furnace
four micro-onde	microwave oven
four à chaux	limekiln (furnace used to produce lime fro
four à micro-ondes	microwave oven, microwave (oven)
fourche à vanner	winnowing fork
fourchette sternale	suprasternal notch
fourchette vulvaire	fourchette
fourchette à découper	carving fork
fourchette à fondue	fondue fork
fourchette à gâteau	pastry fork
fourchette à poisson	fish fork
fourchette à salade	salad fork
fourmi-lion	antlion (any insect of the family Myrmeleo
fourmilier géant	giant anteater
fourmilier nain	silky anteater, pygmy anteater
fourre-tout	catch-all; ragbag, hodgepodge; holdall (UK), carryall (US)
fourrer la paume	to bribe
fourrer les pieds	to set foot (somewhere)
fourrer son nez	to stick one's nose
foutage de gueule	piss-take (form of mockery)
fouteur de merde	shit-stirrer, troublemaker
foutre en l'air	to screw up, mess up, fuck up, botch up so; to kill oneself
foutre la merde	to stir shit, to mess things up, to fuck t
foutre la paix	to leave alone, to leave be
foutre la pression	to put pressure on, to pressure
foutre la trouille	to scare shitless
foutre le bordel	to wreak havoc, to wreck or fuck up
foutre le camp	to fuck off, GTFO; to get the hell out; to; to unravel, collapse
foutre les boules	to scare (someone) stiff, to make (someone; to piss off, to anger
foutre les chocottes	to scare (someone) stiff, to make (someone
foutre les jetons	to scare (someone) stiff, to make (someone
foutre les pieds	to set foot (somewhere)
foutre sur la gueule	to hit
foutu pour foutu	things being as they are, one might as wel
fox-terrier	fox terrier
fox-trot	foxtrot (dance)
fracturation hydraulique	hydraulic fracturing, fracking
fracture ouverte	open fracture, compound fracture, effracti
fragment d'okazaki	Okazaki fragment
frais comme l'œil	fit as a fiddle, in fine fettle, fresh as
frais comme un gardon	fit as a fiddle; fresh as a daisy
frais d'inscription	tuition, tuition fees
frais de port	shipping costs, delivery costs, shipping,
frais de scolarité	tuition, tuition fees
frais et dispos	fresh as a daisy, refreshed and ready to g
frais généraux	overhead (expense of a business not direct
fraise des bois	wild strawberry, woodland strawberry (Frag
franc belge	Belgian franc (the former currency of Belg
franc cfa	CFA franc
franc comme l'or	always frank, sincere and honest, straight
franc comme l'osier	always frank, sincere and honest, straight
franc du collier	hard-working, diligent; bold, daring; bluntly sincere
franc français	French franc
franc suisse	Swiss franc
franc-alleu	allodium
franc-bord	freeboard
franc-comtois	of Franche-Comté; the dialect spoken in Franche-Comté
franc-jeu	fair play
franc-maçonnerie	freemasonry
franc-maçonnique	Masonic
franc-parler	freedom of speech
franchir le cap	to get over it; to move on
franchir le pas	to take the plunge; to go for it
franchir le rubicon	to cross the Rubicon
francique ripuaire	Ripuarian
franco-marocain	of France and Morocco
français cassé	the Louisiana Creole language, Kouri-Vini
français de papier	a newly-naturalized Frenchman
frapper les grands coups	to make waves
frapper un ennemi à terre	to kick someone when they are down
frapper un grand coup	make a splash, hit hard
frapper à la bonne porte	to come to the right place
frapper à la mauvaise porte	to come to the wrong place
frappé au coin du bon sens	commonsense
fraude fiscale	tax evasion
fraude à l'assurance	insurance fraud
free party	free open-air rave
frein moteur	engine braking
frein à disque	disc brake
frein à main	handbrake, parking brake (hand-operated br
frelon asiatique	Asian hornet (Vespa velutina)
frelon européen	European hornet (Vespa crabro)
french tacos	French tacos
french touch	style of French house music popular in the; French touch (distinctively French s
frigo américain	American-style fridge; side-by-side refrig
frise chronologique	timeline (graphical representation of a ch
fritillaire damier	snake's head fritillary (Fritillaria melea
fritillaire des pyrénées	Pyrenean fritillary (Fritillaria pyrenaica
fritillaire pintade	snake's head fritillary (Fritillaria melea
froid de canard	bitter cold; brass monkeys weather, bust a
fromage blanc	fromage blanc, sour cream, junket, cottage
fromage de chèvre	goat cheese
fromage frais	fromage frais
fromage à la pie	soft cow's-milk cheese with herbs
froncer les sourcils	to knit one's brows, furrow one's brow
front chaud	warm front
front froid	cold front
front intérieur	home front
frontière linguistique	language border
frou-frou	a frou-frou; a rustling sound, as of silk
fruit de la passion	passion fruit
fruit de mer	a piece of seafood
fruit du dragon	dragon fruit
fruit défendu	forbidden fruit
fruit sec	dried fruit; dry fruit; lazybones
fruit à coque	nut (a seed possessing a hard shell)
fruit à pain	breadfruit (the large round fruit of the t
fruits de mer	seafood
frère d'armes	brother-in-arms, comrade in arms
frère de lait	foster brother
frère de sang	blood brother (unrelated male considered t
frère germain	brother-german
frère lai	lay brother (monk who is not (or not yet); a monk of lesser status, mainly emplo
frère siamois	Siamese twin
frères ennemis	warring brothers, enemy brothers
frêne commun	common ash, European ash (Fraxinus excelsi
frôler la mort	to cheat death (to escape death by a whisk
fuir comme la peste	to avoid like the plague
fuite de données	data leak
fuite de mémoire	memory leak
fuite des cerveaux	brain drain
fuite en avant	Reckless sequence of actions taken to esca
fumage de moquette	nonsense, crackpottery
fumer comme un dragon	to be a heavy smoker, to smoke like a chim
fumer comme un pompier	Be a heavy smoker; smoke like a chimney
fumer comme un sapeur	to be a heavy smoker, to smoke like a chim
fumer comme un turc	to be a heavy smoker, to smoke like a chim
fumer comme une cheminée	Be a heavy smoker; smoke like a chimney
fumer comme une locomotive	to smoke like a chimney
fumer la moquette	used as a jocular explanation of why someo
fumer à la chaîne	to chain-smoke
fumeur blanc	white smoker (kind of hydrothermal vent th
fumeur noir	black smoker (kind of hydrothermal vent fo
fumée liquide	liquid smoke; fog
funérailles d'état	state funeral
fuseau horaire	time zone (range of longitudes where a com
fusil d'assaut	assault rifle
fusil de chasse	shotgun
fusil de précision	sniper rifle
fusil à canon scié	sawn-off shotgun, sawed-off shotgun
fusil à deux coups	double-barrelled shotgun
fusil-mitrailleur	light machine gun, LMG
fusiller du regard	to look daggers at, to stare daggers at, t
fusée de détresse	distress rocket, maroon
fute-fute	clever, bright
futur antérieur	future perfect (verb tense)
futur simple	simple future (verb tense)
fève tonka	tonka bean
fée des dents	tooth fairy
fée du logis	perfect housewife; perfect househusband (p
fée marraine	fairy godmother (fictional benevolent woma; fairy godmother (generous benefactor
fée verte	green fairy, absinthe
féminisme radical	radical feminism
férule commune	giant fennel (Ferula communis)
fête champêtre	fête champêtre
fête des mères	Mother's Day
fête des pères	Father's Day
fête des rois	Epiphany
fête du personnel	office party, staff party
fête du slip	free-for-all, pandemonium, shambles, bedla
fête du travail	May Day (as International Workers' Day); Labour Day (first Monday in September)
fête foraine	travelling funfair, carnival
fête votive	feast day
fêtes de fin d'année	Christmas and New Year, year-end celebrati
gagne-denier	day labourer
gagne-pain	livelihood; breadwinner
gagne-petit	(travelling) grinder, knife-grinder; low-wage earner
gagner au change	to be better off for it, to come out bette
gagner du temps	to save time, to gain time; to buy time, to play for time, to stall fo
gagner du terrain	to gain ground
gagner sa croûte	to earn a living
gagner sa vie	to earn a living, to make a living
gagner ses éperons	to win one's spurs, to earn one's stripes,
gagner son bifteck	to bring home the bacon
gagner son pain	to earn one's corn, to earn a living, to m
gai comme un pinson	happy as a clam, happy as a lark (very hap
gaieté de cœur	lightheartedness, cheerfulness, high spiri
gaillard d'arrière	aftcastle
gaillard d'avant	forecastle
gaillet gratteron	cleavers (Galium aparine L.)
gain de cause	winning of the case (in a trial); upper hand in a debate, victory
gain de temps	timesaver
gainier du canada	eastern redbud (Cercis canadensis)
gainier rouge	eastern redbud (Cercis canadensis)
gainier silicastre	Judas tree (Cercis siliquastrum)
galerie marchande	shopping arcade
galette des rois	king cake (cake distributed among friends
galinsoga à petites fleurs	Galinsoga parviflora
gallinule poule-d'eau	common moorhen
ganglion lymphatique	lymph node
gant de boxe	boxing glove
gant de toilette	washing mitt
garage à bites	a promiscuous person; a cum dumpster; a sl
garde alternée	joint custody, shared custody
garde au sol	ride height, ground clearance
garde des reins	garde de rein: armor protecting the loins,
garde du corps	bodyguard
garde forestier	forest ranger, park ranger, park warden
garde rapprochée	security detail, bodyguards; close collaborators, inner circle, entoura
garde suisse	Swiss Guard
garde à vous	stand at attention!
garde à vue	custody
garde-barrière	level crossing guard
garde-boue	mudguard
garde-chasse	gamekeeper
garde-chiourme	prison guard
garde-collet	plate on shoulder-armor to protect neck
garde-corps	guardrail
garde-côte	coast guard (maritime law enforcement)
garde-dame	chaperone
garde-feu	firescreen; firebreak
garde-fou	parapet; safeguard, guardrail
garde-française	a guard stationed to watch over the royal
garde-frein	brakeman
garde-frontière	border guard (person assigned to watch, pr
garde-magasin	≈ quartermaster
garde-malade	someone who looks after an ill person
garde-manger	pantry, larder
garde-meuble	self-storage center
garde-queue	an item of horse armor covering the root o
garde-robe	an armoire; a wardrobe (a piece of furnitu
garde-voie	lineman
garden-party	garden party
garder contact	to stay in touch, to keep in touch, to rem
garder espoir	to keep hope alive, not to give up hope; t
garder l'œil	to remain vigilant; to keep an eye on
garder la boutique	to hold the fort (to assume or take respon
garder la tête froide	to keep a cool head
garder la tête haute	to hold one's head high, to stand tall
garder la tête hors de l'eau	to keep one's head above water
garder la tête sur les épaules	to keep a cool head, to remain level-heade
garder le cap	to stay the course
garder le silence	to keep silent, to remain silent
garder les pieds sur terre	to keep one's feet on the ground, to keep
garder pied	to remain able to touch the bottom in a bo
garder pour soi	to keep to oneself, to keep under one's ha
garder rancune	to hold a grudge, to bear a grudge
garder ses distances	to keep one's distance
garder son calme	to keep one's cool, to stay calm
garder son sang-froid	to keep one's cool; to keep a cool head
garder son sérieux	to keep a straight face
garder un pied	to keep a foothold, to remain involved
garder à l'esprit	to bear in mind, to keep in mind
garder à l'œil	to keep an eye on, to keep tabs on
gardien d'urgence	emergency goalie
gardien de but	goaltender, goalkeeper, goalie
gardien de la paix	peacekeeper; peace officer
gardien de nuit	nightwatchman
gardien de phare	lighthouse keeper
gardien de prison	prison guard (armed person working to prov
gardienne d'enfants	childminder; babysitter
gardienne de la paix	peacekeeper
gare ferroviaire	railway station
gare routière	bus station (major bus stop, one that serv
garçon au pair	au pair
garçon d'honneur	usher (male escort at a wedding)
garçon de café	waiter (in a café)
garçon de salle	waiter; male helper in a hospital
garçon manqué	tomboy (girl who behaves and/or looks like
gastro-entérite	gastroenteritis
gastro-entérologie	gastroenterology
gastro-entérologue	gastroenterologist
gastro-intestinal	gastrointestinal
gastro-œsophagien	gastro-esophageal; gastro-oesophageal; gas
gauche caviar	gauche caviar, champagne socialist
gay-friendly	gay-friendly
gaz carbonique	carbon dioxide
gaz d'échappement	exhaust gas, exhaust
gaz de houille	coal gas
gaz de pétrole liquéfié	liquefied petroleum gas, LPG
gaz hilarant	laughing gas (nitrous oxide)
gaz lacrymogène	tear gas
gaz naturel	natural gas; automobile fuel sold in petroleum stations
gaz naturel liquéfié	liquified natural gas
gaz noble	noble gas
gaz rare	noble gas
gaz à effet de serre	greenhouse gas
gaélique irlandais	Irish (the language)
gaélique écossais	Scots Gaelic, Scottish Gaelic
geai bleu	blue jay
geai des chênes	Eurasian jay
gel douche	shower gel
gel du cerveau	brain freeze, ice cream headache
gel hydroalcoolique	alcogel (hand sanitizer containing alcohol
geler à pierre fendre	to be extremely cold
gelée blanche	hoarfrost
gelée royale	royal jelly
genre humain	humankind, mankind
genre type	type genus
gens de peu	the little people, the lower orders (the l
gens du livre	People of the Book
gens du voyage	travellers, gypsies
genévrier sabine	savin juniper (Juniperus sabina L.)
genêt scorpion	a type of broom, Genista scorpius
gestation pour autrui	surrogacy, surrogate motherhood
geste barrière	safety precaution, protective measure
geste commercial	commercial gesture; gesture of goodwill; d
geste-barrière	protective measure, safety precaution
gestion de versions	version control
gestion des risques	risk management
gestionnaire de paquets	package manager
ghost kitchen	dark kitchen: synonym of cuisine fantôme (
gibier de potence	gallows bird (someone destined for or dese
gigantisme abyssal	deep-sea gigantism
gigantisme insulaire	insular gigantism, island gigantism
gilet de sauvetage	life jacket, life vest
gilet jaune	yellow high-visibility safety vest; motorway patroller, who wears such a vest; a
gilet pare-balles	bulletproof vest
ginkgo-biloba	ginkgo
glace carbonique	dry ice, cardice
glace sèche	dry ice, cardice
glace à l'eau	freeze pop, Mr Freeze or popsicle
glacer le sang	to make someone's blood run cold, to make
gland du clitoris	clitoral glans
gland du pénis	glans penis
glande lacrymale	lacrimal gland
glande mammaire	mammary gland
glande pinéale	pineal gland
glande prostatique	prostate gland (gland in male mammals surr
glande salivaire	salivary gland
glande sudoripare	sudoriferous gland, sudoriparous gland, sw
glande surrénale	adrenal gland
glande thyroïde	thyroid gland (large butterfly-shaped endo
glissement de terrain	landslide
glissement sémantique	semantic shift, semantic drift
glissière de sécurité	guardrail
globe oculaire	eyeball
globule blanc	white blood cell, leukocyte
globule rouge	red blood cell
gloubi-boulga	something unorganized, shapeless, having n; Gibberish, gobbledygook
glycine tubéreuse	American groundnut (Apios americana)
gobe-mouche	flytrap (plant); a naive, gullible person
gobemouche gris	spotted flycatcher (Muscicapa striata)
gobemouche noir	European pied flycatcher (Ficedula hypoleu
gode-ceinture	strap-on dildo
goglu des prés	bobolink
gomme à mâcher	chewing gum (flavoured preparation of chic
gorfou des snares	Snares penguin
gorfou du fiordland	Fiordland penguin
gorge profonde	deepthroating
gorge-bleue à miroir	bluethroat
gorge-de-pigeon	iridescent (like the colours of a pigeon's
gosse de riche	rich kid
goulot d'étranglement	bottleneck
goutte d'eau dans l'océan	a drop in the ocean, a drop in the bucket
goutte de sang	summer pheasant's-eye (Adonis aestivalis); Asiatic witchweed (Striga asiatica (L
goutte saturnine	saturnine gout
gouvernement de coalition	coalition government
gouvernement minoritaire	minority government
gouverneur général	governor general
gouverneure générale	female governor general
goéland argenté	European herring gull (Larus argentatus)
goéland d'arménie	Armenian gull (Larus armenicus)
goéland de la véga	Vega gull (Larus vegae)
goéland hudsonien	American herring gull (Larus smithsonianus
goéland leucophée	yellow-legged gull (Larus michahellis)
goéland pontique	Caspian gull (Larus cachinnans)
goûter le ciel	to taste like heaven
grain de beauté	mole; beauty spot
grain de sel	two cents (one's opinion or thoughts)
graines de paradis	grains of paradise
graisse viscérale	visceral fat
graisser la patte	to bribe, grease someone's palm
graisser sa caloquinte	to beat
grammaire comparée	comparative linguistics
grammaire de dépendance	dependency grammar
grammaire générative	generative grammar
grammaire universelle	universal grammar
grand air	open air
grand amiral	(DRC) Highest rank in the navy, grand admi
grand axe	major axis (longest diameter of an ellipse
grand bien te fasse	good for you
grand bien vous fasse	good for you
grand blanc	a white person who is wealthy enough to ow
grand brûlé	person with severe burns, badly burned per
grand campagnol	European water vole (Arvicola amphibius)
grand changement vocalique	Great Vowel Shift
grand chelem	grand slam (the winning of all the major o; grand slam
grand chemin	main road (major road linking two cities u
grand clerc	rocket scientist
grand dauphin	bottlenose dolphin; especially the common
grand de ce monde	influential figure, influential person
grand dieu	good heavens! good grief! goodness me!
grand ensemble	housing estate, new town
grand frère	big brother, older brother
grand jour	big day (a day on which something signific
grand largue	broad reach
grand livre	ledger
grand magasin	department store
grand max	tops, at most
grand maximum	absolute maximum; tops, at most
grand monde	a lot of people; smart set, high society; adult
grand mot	strong word, strong term
grand mât	mainmast (the tallest mast of a sailing sh
grand méchant loup	Big Bad Wolf (evil fictional wolf that app; bogeyman, Big Bad Wolf
grand n'importe quoi	mess, chaotic and/or nonsensical situation
grand ouvert	wide open
grand pingouin	great auk (Pinguinus impennis)
grand pont	kick/pass around a player's legs (overplay
grand pontife	pontifex maximus
grand prieur	grand prior
grand prix	Grand Prix (literal translation Grand Priz
grand prématuré	very premature infant, baby born very prem
grand prêtre	high priest (clergyman with a higher funct
grand public	general public; mainstream, aimed at all audiences
grand reporter	international correspondent, special corre
grand requin blanc	great white shark (Carcharodon carcharias)
grand roseau	giant cane, giant reed (Arundo donax)
grand saut	big air
grand seigneur	true gentleman, dignified man
grand singe	great ape
grand turc	Grand Turk, a sultan of the Ottoman Empire
grand âge	extreme old age
grand écart	the splits
grand écran	big screen
grand électeur	elector (official selected by a state as a; a person electing the Sénat (the Fre
grand œillet d'inde	Aztec marigold (Tagetes erecta)
grand œuvre	magnum opus (most renowned achievement of
grand-angle	wide-angle; wide-angle lens
grand-angulaire	grand-angle
grand-bi	penny farthing (bicycle with the front whe
grand-duc d'amérique	great horned owl (Bubo virginianus)
grand-ducal	grand duke
grand-estois	resident or native of Grand Est
grand-fraternel	big-brotherly, big-brotherish
grand-maman	granny, grandma
grand-maternel	grandmotherly
grand-messe	sung mass, High Mass
grand-oncle	great-uncle
grand-papa	gramps; grandpa
grand-parent	grandparent (parent of someone’s parent)
grand-paternel	grandfatherly
grand-peur	great fear
grand-rabbin	Chief Rabbi
grand-rue	main street
grand-russien	Great Russian
grande aiguille	minute hand (the hand of a clock or watch
grande camomille	feverfew (Tanacetum parthenium)
grande chélidoine	greater celandine (Chelidonium majus)
grande distinction	high honours
grande distribution	large retailers, supermarkets
grande finale	big final; grand final; grand finale
grande férule	giant fennel (Ferula communis)
grande gueule	bigmouth, blowhard
grande jacobée	common ragwort
grande marée	springs; spring tide
grande muette	army, armed forces
grande musique	music of high artistic value; art music
grande parure	full dress
grande personne	grownup
grande profondeur	deep end (part of a swimming pool with rel; deep end (situation where expertise
grande prêtresse	high priestess
grande puissance	great power (state that has the ability to
grande raie	barndoor skate (Dipturus laevis)
grande roue	Ferris wheel (an amusement ride consisting
grande surface	hypermarket
grande sœur	big sister, older sister
grande éclaire	greater celandine (Chelidonium majus)
grande école	grande école
grandes lèvres	labia majora
grandeur d'âme	magnanimity
grandeur nature	full-size, life-size; full-scale; true to
grands airs	supercilious attitude
grands dieux	good heavens! good grief! goodness me!
grands lacs	Great Lakes (a group of five lakes on the
granny-smith	Granny Smith
grape-fruit	grapefruit
graphe pondéré	weighted graph
gras-double	a tripe dish from Lyon, France
grasse matinée	sleep-in, lie-in (period spent lying in be
gratin dauphinois	gratin dauphinois(French dish based on pot
gratte-cul	rosehip
gratte-papier	pencil pusher; journo
gravir les échelons	to work one's way up, to rise through the
gravé dans le marbre	carved in stone, cast in concrete
grec ancien	Ancient Greek (language)
grec antique	ancient Greek (of or relating to Ancient G
grec classique	Classical Greek (the form of the Ancient G
grec de l'antiquité	ancient Greek (man)
grec moderne	Modern Greek
grec mycénien	Mycenaean Greek
grec-orthodoxe	Greek Orthodox
greffe des charlatans	a fraudulent apparent graft, the scion bei
grenade à fragmentation	fragmentation grenade
grenier d'abondance	public granary
grenier à blé	wheat granary (storage facility for wheat); breadbasket, food bowl, granary (reg
grenouille de bénitier	a Holy Mary, a zealot, a God botherer, a J
grenouille-taureau	bullfrog
griffer la glace	to ice-skate
grill-room	grill room, grill (restaurant)
grille d'analyse	analysis grid, evaluation grid, evaluation
grille de départ	starting grid
grille-pain	toaster
griller la politesse	to get a jump on, to beat to the punch
grimper au plafond	to get one's kicks, to get one's rocks off
grimper au rideau	to get one's kicks, to get one's rocks off
grimpereau des bois	Eurasian treecreeper (Certhia familiaris)
grincer des dents	to gnash one's teeth, to grind one's teeth; to grit one's teeth; to cringe
grippe aviaire	avian influenza (strain of influenza)
grippe porcine	swine flu, swine influenza
grippe-sou	a penny pincher, scrooge; a skinflint; someone who likes sordid gains
gros baume	Indian borage
gros bleu	plonk
gros bon sens	horse sense
gros bonnet	bigwig (a person of consequence)
gros bras	heavy; butch person
gros chien	rich person; important person, bigshot, bigwig
gros comme le bras	very big (of a lie, a flattery, etc.)
gros comme une maison	ludicrously obvious, self-evident, plain a
gros intestin	large intestine
gros lard	fat-ass, fatso
gros lot	jackpot (large cash prize)
gros michel	Gros Michel
gros mot	dirty word, swear word
gros orteil	big toe (the largest of the toes of the fo
gros plan	close-up
gros plein de soupe	a fat person, fatty; (especially) one that
gros poisson	big fish
gros qui tache	plonk
gros rouge	plonk
gros sabots	tactlessness
gros sous	big bucks, big money
gros tas	fat-ass, fatso (of a man or a woman)
gros temps	dirty weather
gros thym	Indian borage (Coleus amboinicus)
gros titre	headline (on the front page)
gros œuvre	structural works, structural frame, struct
gros-cul	a large lorry (UK) or truck (US); battleship; low-quality tobacco, especially th
gros-grain	grosgrain
gros-porteur	jumbo jet
groseille blanche	white currant
groseille de chine	Chinese gooseberry, kiwifruit
groseille rouge	redcurrant
groseille à maquereau	gooseberry (fruit)
gross bière	a tallboy, a beer can larger than 335mL
grosse caisse	bass drum
grosse commission	number two, big jobs (the act of defecatio
grosse légume	big cheese, bigwig
grosse menthe	Indian borage
grosse vache	an overweight woman
grossier merle	a rude and ill-mannered person, an impolit
grossir le trait	to exaggerate, to caricature (often on pur
grossir les rangs	to swell the ranks
grosso modo	more or less
groupe de discussion	focus group
groupe de parole	support group
groupe de pression	pressure group, advocacy group, lobby
groupe de réflexion	think tank, focus group
groupe de travail	working group, task force; workgroup
groupe nominal	noun phrase
groupe sanguin	blood type (blood classification)
groupe électrogène	generator
grue canadienne	sandhill crane
grue de sibérie	Siberian crane (Grus leucogeranus)
grue royale	grey crowned crane
grâce à	thanks to
grève de la faim	hunger strike (fast undertaken as a means
grève du sexe	sex strike, sex boycott (strike involving
grève du zèle	work-to-rule (labor protest in which emplo
grève générale	general strike
grève sauvage	wildcat strike
gréco-bactrien	Greco-Bactrian
gréco-latin	Greco-Latin
gréco-romain	Greco-Roman
gréco-égyptien	Greco-Egyptian
guerre asymétrique	asymmetric warfare
guerre chaude	hot war (conflict in which actual fighting
guerre civile	civil war
guerre commerciale	trade war
guerre d'attrition	war of attrition
guerre d'usure	war of attrition
guerre de conquête	war of conquest (military conflict where o
guerre de position	war of position, static war, stalled war
guerre de religion	religious war, war of religion
guerre de succession	war of succession (war prompted by a succe
guerre de tranchées	trench warfare
guerre des nerfs	war of nerves
guerre froide	cold war (period of hostile relations betw
guerre mondiale	world war
guerre ouverte	overt war, open war
guerre psychologique	psychological war, war of nerves
guerre sainte	holy war
guerre sale	dirty war
guerre totale	total war
guerre-éclair	blitzkrieg
guest-star	guest star
guet-apens	ambush; trap
gueule cassée	disfigured veteran of World War I
gueule d'enterrement	long face (gloomy expression)
gueule de bois	hangover
gueule ferrée	iron stomach
gueule jusque par terre	long face (gloomy expression)
gueule noire	miner (someone who works in a mine)
gueule-de-loup	snapdragon (any plant of the genus Antirrh
gueuler comme un veau	to scream one's head off, squeal like a st
gueux comme un rat d'église	poor as a church mouse
gui blanc	European mistletoe (Viscum album)
gui des feuillus	European mistletoe (Viscum album)
guichet automatique	autoteller / automated teller (“automated
guichet automatique bancaire	automatic teller machine
guide de conversation	phrase book (book of everyday expressions
guide de voyage	travel guide, guide book (book designed to
guide touristique	tour guide, tourist guide (person who prov
guitare acoustique	acoustic guitar
guitare basse	bass guitar
guitare classique	classical guitar
guitare rythmique	rhythm guitar
guitare solo	lead guitar
guitare électrique	electric guitar
gutta-percha	gutta-percha
guêpe solitaire	solitary wasp
guêpier d'europe	European bee-eater (Merops apiaster)
gymnastique acrobatique	acrobatic gymnastics
gymnastique artistique	artistic gymnastics
gymnastique aérobique	aerobic gymnastics
gymnastique rythmique	rhythmic gymnastics
gâteau de riz	rice pudding
gâteau de voyage	any dense, bready cake, such as pound cake
gâteau mille crêpes	thousand crêpe cake
gâteau sec	biscuit, cookie, cracker
gâteau sous la cerise	a substantial benefit in addition to somet; a solid underpinning of a more obvio
gâté pourri	spoiled brat
géante bleue	blue giant
géante rouge	red giant (star)
génie civil	civil engineering (technical design and co
génie du mal	evil genius
génie génétique	genetic engineering (practice or science o
génitif absolu	genitive absolute
général d'armée	army general, most senior functional rank
général d'armée aérienne	army general in Francophone air forces, us
général de brigade	brigadier general, brigade general, or gen
général de brigade aérienne	brigadier general, brigade general, or gen
général de corps d'armée	general of army corps or army corps genera
général de corps d'armée aérien	army corps general, corps general, or gene
général de division	general of division, divisional general, m
général de division aérienne	divisional general or general of division
général-major	général de division, major general
génération de forces	force generation
génération spontanée	spontaneous generation
générique de début	opening credits
générique de fin	closing credits, end credits
génétiquement modifié	genetically modified
géométrie analytique	analytic geometry (subbranch of geometry t
géométrie différentielle	differential geometry
géométrie euclidienne	Euclidean geometry
géométrie non euclidienne	non-Euclidean geometry
géométrie synthétique	synthetic geometry (geometry without the u
géranium herbe à robert	herb Robert (Geranium robertianum)
géranium mou	dovesfoot geranium (Geranium molle)
géranium sanguin	bloody cranesbill (Geranium sanguineum L.)
gêner aux entournures	to embarrass, to inconvenience, to constra
gîte touristique	bed and breakfast
h aspiré	aspirated h
h muet	mute h, silent h
habillage écologique	greenwashing
habillé comme l'as de pique	badly dressed
habillé comme la chienne à jacques	Dressed very poorly and with little fashio
habillé comme un sac	badly dressed
habit vert	the clothing worn by the members of the In
habitation à loyer modéré	a form of low-income housing in France, Al
hachis parmentier	a French dish similar to shepherd's pie
haie d'honneur	guard of honour (group of people arranged
hale-bas	boom vang
half-track	half-track
halte-chaleur	warming centre
halte-garderie	a part-time nursery or daycare centre for
hand spinner	fidget spinner
handicap moteur	motor disability, motor impairment
handicapé mental	mentally handicapped person; mentally challenged, mentally handicapped
handicapé moteur	person with a motor disability, person wit
happy end	happy ending
hara-kiri	hara-kiri (suicide by ripping open the sto
harcèlement sexuel	sexual harassment
hareng saur	kipper (cured herring)
harfang des neiges	snowy owl (Bubo scandiacus)
haricot blanc	navy bean; white pea bean
haricot coco	navy bean
haricot d'espagne	runner bean (Phaseolus coccineus)
haricot de baria	lima bean
haricot de lima	lima bean (Phaseolus lunatus)
haricot de mouton	a traditional French dish composed of dice
haricot du tonkin	lima bean
haricot rouge	kidney bean
haricot vert	green bean
harmonie vocalique	vowel harmony
has-been	out of fashion; has-been
hausse-col	gorget, neckpiece
hausser le ton	to raise one's voice
hausser les épaules	to shrug
haut allemand	High German
haut clergé	higher clergy
haut comme trois pommes	very short; knee-high to a grasshopper
haut de gamme	upscale, upmarket, high-end
haut du corps	upper body
haut du panier	the best of the bunch, the pick of the lit
haut débit	broadband
haut en couleur	interesting, colorful
haut et fort	loud and clear, loudly
haut fait	feat, achievement, deed, prowess
haut fourneau	blast furnace (furnace where iron ore is s
haut la main	hands down, with flying colours, by a long
haut les cœurs	chin up!
haut les mains	hands up! stick 'em up! reach for the sky!
haut lieu	hotspot (for), centre (of), capital (of),
haut mal	falling sickness
haut placé	high-ranking, high-level
haut potentiel	high (intellectual) potential; intellectually gifted person
haut sur cravate	prim, prim and proper, snooty, stuffy and
haut-commissaire	high commissioner
haut-de-chausses	breeches
haut-de-forme	Pre-1990 spelling of hauteforme
haut-le-cœur	retching, gagging
haut-parleur de graves	woofer
haut-relief	high relief
haut-savoyard	of Haute-Savoie
hautbois baryton	bass oboe, baritone oboe
hautbois d'amour	oboe d'amore
haute bourgeoisie	upper middle class
haute couture	haute couture, high fashion
haute finance	high finance
haute main	overall control; ease
haute mer	open sea, open water; high sea; international waters, high seas
haute montagne	high mountains
haute noblesse	the high nobility
haute saison	high season, peak season (in the tourist i
haute société	high society
haute trahison	high treason (criminal disloyalty to one's
haute voltige	acrobatics
haute école	Very academic, high-level, equitation styl; a school of higher education, academ
haute-contre	the highest of the male modal voices. Only
haute-fidélité	high fidelity
hautes sphères	higher spheres, higher circles, upper eche
hauteur de vanité	vanity height
hauteur de vue	perspective, distance; magnanimity, high-m
havre de paix	haven of peace, oasis of calm, harbor of r
herbe au diable	jimsonweed
herbe aux deniers	moneywort
herbe aux mamelles	nipplewort
herbe aux ours	Adam's needle and thread
herbe aux sorcières	broad-leaved enchanter's nightshade (Circa; common vervain (Verbena officinalis)
herbe aux écus	moneywort
herbe des sorcières	broad-leaved enchanter's nightshade (Circa
herbe du diable	jimsonweed
herbe sensible	the sensitive plant
herbe à chat	catnip
herbe à robert	herb Robert
herbe à soie	Adam's needle and thread
herbes de provence	herbes de Provence
hernie discale	slipped disc
heroic fantasy	heroic fantasy
herpès génital	genital herpes
hespérie des graminées	European skipper (Thymelicus lineola)
hespérie du dactyle	European skipper (Thymelicus lineola)
hespérie européenne	European skipper (Thymelicus lineola)
heure avancée	daylight saving time; summer time
heure avancée de l'est	Eastern Daylight Time
heure avancée des rocheuses	Mountain Daylight Time
heure bleue	blue hour
heure creuse	off-peak hour
heure d'affluence	rush hour
heure d'hiver	daylight saving time, winter time
heure d'or	golden hour
heure d'été	daylight saving time, summer time
heure de gloire	moment in the sun, 15 minutes of fame, glo
heure de pointe	peak hour
heure de vérité	moment of truth, day of reckoning
heure dorée	golden hour
heure du berger	the right time for a tryst; a romantic win
heure du mystère	dusk, twilight
heure normale	standard time
heure normale de l'est	Eastern Standard Time
heure normale des rocheuses	Mountain Standard Time
heure verte	a “happy hour” when absinthe was drunk
heure-lumière	light hour (astronomical distance)
heures perdues	spare time, free time
heures supplémentaires	overtime (worktime)
hibou des marais	short-eared owl (Asio flammeus)
hibou grand-duc	Eurasian eagle owl (Bubo bubo)
hibou moyen-duc	long-eared owl
hibou petit-duc	Eurasian scops owl (Otus scops)
hip hop	hip-hop (cultural genre); hip-hop (music genre)
hippobrome à longues fleurs	star of Bethlehem (Hippobroma longiflora)
hippopotame amphibie	common hippopotamus (Hippopotamus amphibiu
hippopotame commun	common hippopotamus (Hippopotamus amphibiu
hippopotame nain	pygmy hippopotamus (Choeropsis liberiensis
hirondelle de rochers	the Eurasian crag martin
hispano-arabe	Hispano-Arabic
hisser les voiles	to set sail, to depart, to sail away, to s
histoire ancienne	ancient history (period of history general; water under the bridge, ancient hist
histoire d'amour	love story
histoire de	resulting in; in order to
histoire de l'art	art history
histoire des idées	history of ideas
histoire du soir	bedtime story
histoire farce	joke
histoire militaire	military history
histoire que	so that, in order to
hiver nucléaire	nuclear winter
ho mon dieu	oh my God!
hockey cosom	cosom hockey
hockey d'antan	pond hockey
hockey sur gazon	field hockey
hockey sur glace	ice hockey
hockey sur luge	sledge hockey
hockey sur table	table hockey, especially rod hockey
hockey-balle	ball hockey
hold-up	hold-up (robbery)
homard américain	American lobster (Homarus americanus)
homard breton	European lobster (Homarus gammarus)
homard canadien	American lobster (Homarus americanus)
homard européen	European lobster (Homarus gammarus)
homard à l'américaine	a dish consisting of lobster cooked with a
homicide involontaire	manslaughter
homicide volontaire	second-degree murder
homme au foyer	househusband
homme blanc	white man
homme d'action	man of action; go-getter
homme d'affaires	a businessman
homme d'armes	soldier, man-at-arms
homme d'église	man of God, ecclesiastic, clergyman
homme d'état	statesman
homme de bien	good man, mensch (man of strength, integri
homme de dieu	a man of God, a godly man; a minister; a priest
homme de guerre	a man of war, a military man
homme de la rue	man in the street
homme de la situation	the man that is needed at a particular mom
homme de lettres	homme de lettres, man of letters
homme de loi	man of law, lawman, lawyer, jurist
homme de main	henchman, crony
homme de néandertal	Neanderthal (A Homo neanderthalensis speci
homme de paille	straw man, figurehead, front man
homme de science	scientist; scholar, learned man, savant
homme des bois	woodsman (man who lives in the woods)
homme des cavernes	caveman (early human or closely related sp; caveman (brutish or savage person)
homme du moment	man of the moment, man of the hour
homme du monde	man of the world (worldly man)
homme fait	grown man, mature man
homme fort	strong man; strongman; influential person; mainstay
homme politique	a (male) politician
homme trans-identifié	a trans woman
homme à femmes	lady's man
homme à tout faire	handyman
homme-animal	wereman, werehuman
homme-grenouille	frogman
homme-mort	dead man's switch
homme-médecine	medicine man (shamanistic healer)
homme-orchestre	one-man band
homme-sandwich	sandwich board man
honnête homme	gentleman, respectable man, decent man, go
honte à toi	shame on you
honte à vous	shame on you
hoplostèthe orange	orange roughy
horizon des événements	event horizon
horloge atomique	atomic clock
horloge biologique	circadian rhythm, body clock, biological c; biological clock (the progression fr
horloge circadienne	circadian rhythm, body clock, biological c
horloge interne	circadian rhythm, body clock, biological c
hormone de croissance	growth hormone
horribile auditu	horribile auditu (horrible to hear)
hors antenne	off the air, off air
hors catégorie	hors categorie (the toughest category of c
hors compétition	out of competition
hors concours	not competing; in a class of one's own, unrivalled, peerl
hors contexte	out of context
hors contrat	off-contract
hors d'affaire	Eventually safe from peril
hors d'atteinte	out of reach; unassailable, beyond reach,
hors d'haleine	breathless, out of breath
hors d'usage	out of use; out of order
hors d'âge	very old, ancient, ageless; outdated, behind the times
hors d'état de	not in a condition to (do something), not
hors de	out of, outside
hors de cause	innocent, uninvolved
hors de combat	hors de combat
hors de contrôle	out of hand, out of control
hors de danger	out of danger, in the clear, safe, out of
hors de portée	out of reach
hors de prix	outrageously expensive, prohibitively expe
hors de proportion	out of proportion, disproportionate
hors de propos	beside the point, irrelevant, out of place
hors de question	out of the question!
hors de saison	at an inopportune moment, inopportunely
hors de soi	furious, enraged, beside oneself with ange
hors des clous	out of the limits of the crosswalk, outsid; out of the box; off the books (not a
hors des gonds	beside oneself, unhinged
hors des sentiers battus	off the beaten track
hors du commun	out of the ordinary, out of the common, ex
hors du coup	out of the loop, old-fashioned
hors du temps	special, unforgettable (that is not part o
hors ligne	offline
hors mariage	out of wedlock
hors norme	abnormal, unusual, out of the ordinary; extraordinary, exceptional
hors pair	peerless, unparalleled
hors saison	off-season
hors service	out-of-order
hors sujet	off-topic
hors taxes	tax not included, tax excluded, excluding; duty-free
hors-bord	outboard (situated outside the hull of a v; outboard motor; speedboat, outboard
hors-d'œuvre	appetizer, starter, hors d'oeuvre (small,; stand-alone (standing apart from the
hors-piste	off-piste
hors-sol	soilless; out of touch
hors-série	extra (special issue)
hors-texte	hors-texte
hostie de	fucking (as an intensifier)
hotte aspirante	hood (metal covering that leads to a vent
house music	house music, house
housse de couette	duvet cover
housse mortuaire	body bag
houx commun	European holly (Ilex aquifolium)
houx verticillé	American winterberry, (Ilex verticillata)
hubertie tomenteuse	Hubertia tomentosa Bory
huile d'olive	olive oil
huile de chauffage	heating oil
huile de coco	coconut oil
huile de coude	elbow grease (effort or hard work)
huile de foie de morue	cod liver oil
huile de lin	linseed oil
huile de palme	palm oil
huile de poisson	fish oil
huile de ricin	castor oil
huile de sésame	sesame oil
huile de tournesol	sunflower oil
huile essentielle	essential oil
huile minérale	mineral oil (any mixture of aliphatic and
huile moteur	motor oil (oil for lubricating an internal
huile végétale	vegetable oil (any oil produced from plant
huis clos	closed door; an enclosed space such as a room or cell; a work of fiction (film,
huissier de justice	huissier de justice; collector
huit cents	eight hundred
huit-centième	eight-hundredth
huit-cents	eight hundred
huitante et un	eighty-one
huitante-neuf	eighty-nine
huitième art	television
huitième de finale	round of 16, round of sixteen, last 16, la
humeur vitrée	vitreous humour
humour noir	black humor
huron-wendat	of the Wendat, their language, and their c
hydrocarbure aromatique polycyclique	polycyclic aromatic hydrocarbon
hydrogène sulfuré	hydrogen sulphide (UK) / hydrogen sulfide
hydroxyde de sodium	sodium hydroxide
hydrure d'hélium	helium hydride
hygiène de vie	lifestyle, manner of living (way of approa
hyène rayée	striped hyena (Hyaena hyaena)
hyène tachetée	spotted hyena (Crocuta crocuta)
hyène-garou	werehyena
hélas non	hell no, absolutely not, definitely not
héliotrope argenté	velvetleaf soldierbush (Heliotropium arbor
hémisphère cérébral	cerebral hemisphere
hémorragie cérébrale	cerebral hemorrhage
hémorragie interne	internal bleeding
hépatique à trois lobes	common hepatica (Hepatica nobilis Mill.)
hérisser le poil	to rub (someone) the wrong way, to get (so
hérisson commun	European hedgehog (Erinaceus europaeus)
hérisson d'europe	European hedgehog (Erinaceus europaeus)
hérisson de mer	sea urchin
hérisson tchèque	Czech hedgehog (antitank obstacle)
héritage multiple	multiple inheritance
héritier apparent	heir apparent
héritier présomptif	heir presumptive
héron bihoreau	black-crowned night heron (Nycticorax nyct
héros de guerre	war hero
héroï-comique	heroicomic
hêtre commun	common beech, European beech (Fagus sylvat
hôpital de campagne	field hospital (large mobile medical unit
hôpital militaire	military hospital (hospital operated by th
hôpital psychiatrique	mental hospital (facility designed to trea
hôte de marque	distinguished guest
hôtel de ville	town hall, city hall
hôtel particulier	a grand urban mansion
hôtesse de l'air	air hostess, female flight attendant
i grec	wye, The name of the Latin script letter Y
ibéro-américain	Ibero-American
ice tea	iced tea
ici et là	here and there, hither and thither
ici-bas	down here, here below; yonder
identité remarquable	polynomial identity
identité trigonométrique	trigonometric identity
idiot du village	village idiot
idiot utile	useful idiot
idée de cheval	foolish idea
idée directrice	guiding idea
idée fixe	idée fixe
idée maîtresse	main idea, key idea
idée mère	idée mère
idée noire	blue devils
idée reçue	received, or accepted, idea; conventional; catchphrase; platitude
idée-force	crux (e.g. of an argument), the central an
il est inconscient	he's unconscious
il est interdit d'interdire	it is forbidden to forbid
il est quelle heure	what time is it?
il faut battre le fer pendant qu'il est chaud	one must strike while the iron is hot
il faut ce qu'il faut	it takes what it takes; you gotta do what
il faut de tout pour faire un monde	it takes all kinds to make a world, it tak
il faut le dire vite	that's putting it a bit strongly, that's t
il faut le faire	it takes some beating! that's something! i
il faut le voir pour le croire	seeing is believing
il faut que jeunesse se passe	youth must have its fling; boys will be bo
il faut se méfier de l'eau qui dort	still waters run deep
il n'en est pas question	out of the question! it's out of the quest
il n'en est rien	not at all
il n'en reste pas moins que	nevertheless …; the fact remains that …
il n'est pire aveugle que celui qui ne veut pas voir	there are none so blind as those who will
il n'est pire sourd que celui qui ne veut pas entendre	there are none so deaf as those who will n
il n'est si bon charretier qui ne verse	even Homer nods, it's a good horse that ne
il n'y a pas de fumée sans feu	there's no smoke without fire
il n'y a pas de mais qui tienne	but me no buts; there'll be no “but”
il n'y a pas de petits profits	every little helps, light gains make heavy
il n'y a pas de quoi	don't mention it, not at all, think nothin
il n'y a pas de quoi fouetter un chat	there's nothing to get worked up about, th
il n'y a pas de sot métier	all work is noble, no profession is withou
il n'y a pas le feu au lac	where's the fire? what's the rush?
il n'y a pas loin du capitole à la roche tarpéienne	glory and fame are fleeting; there's a fin
il n'y a pas mort d'homme	It’s not that bad; said to de-dramatize an
il n'y a pas un chat	there is no one, there isn't a soul
il n'y a pas à dire	what can I say, there's no doubt about it,
il n'y a plus de jeunesse	youth isn't what it used to be! the youth
il n'y a plus de saisons	seasons don't count for anything anymore!
il n'y a qu'un pas	there's a fine line between… (said of thin
il n'y a que le premier pas qui coûte	the first step is always the hardest
il n'y a que ça de vrai	there's nothing like it; that's all that m
il n'y a si bon charretier qui ne verse	even Homer nods, it's a good horse that ne
il n'y a si bon cheval qui ne bronche	even Homer nods, it's a good horse that ne
il ne fallait pas	you shouldn't have (said on receiving a gi
il ne faut jamais dire jamais	never say never
il ne faut pas abuser des bonnes choses	enough is as good as a feast; you can have
il ne faut pas réveiller le chat qui dort	one must let sleeping dogs lie
il ne faut pas vendre la peau de l'ours avant de l'avoir tué	don't count your chickens before they're h
il ne manquait plus que ça	great, that's just what we needed; that ta
il suffit	enough is enough
il vaut mieux s'adresser au bon dieu qu'à ses saints	It is more expedient to go and speak to th
il y a	there is, there are; ago
il y a de ça	that's partly right, that's part of it, th; … ago; … earlier
il y a loin de la coupe aux lèvres	there's many a slip twixt cup and lip
il y a plus dans deux têtes que dans une	two heads are better than one
il y a plusieurs façons de plumer un canard	there's more than one way to skin a cat
il y a quelque chose de pourri au royaume du danemark	something is rotten in the state of Denmar
il y a un temps pour tout	there is a time and place for everything;
il y a à boire et à manger	it's a mixed bag
il y en a des qui	some, certain (people)
il était une fois	there was once…; once upon a time, there w
illico presto	pronto, right away
illusion d'optique	optical illusion
illustre inconnu	a completely unknown person
ils vécurent heureux et eurent beaucoup d'enfants	they lived happily ever after (used at the
image clé	keyframe
image corporelle	body image
image d'épinal	Épinal print (prints on popular subjects r; idyllic view, idealized view, rose-c
image de marque	brand image; public image
image de soi	self-image
image par seconde	frame per second
image satellite	satellite image
imaginaire pur	imaginary number (number of the form ai)
imbécile heureux	happy idiot, fool
immeuble de bureaux	office building, office block (commercial
immeuble de rapport	investment property, revenue house
immobilisation corporelle	long-term tangible asset, property, plant
immobilisation financière	financial asset, long-term investment
immobilisation incorporelle	intangible asset (any valuable property of
immortelle bleue	common sea lavender (Limonium vulgare)
immortelle faux-arnica	Helichrysum arnicoides (Lam.) Cordem
immunité diplomatique	diplomatic immunity
immunité grégaire	herd immunity
import-export	international trade
impossible n'est pas français	there's no such word as can't; nothing is
impuissance apprise	learned helplessness
impôt progressif	progressive tax
impôt proportionnel	flat tax
impôt sur la fortune	wealth tax
impôt sur le revenu	income tax
in fine	ultimately, in the end
in memoriam	in memoriam
in-dix-huit	a page size formed from a sheet folded int; Printed in this size; a book made in
in-folio	a book size resulting from a sheet of pape; said with reference to a book printe
in-octavo	a page size formed from a sheet of paper f; Printed in this size; a book made in
in-quarto	a page size formed from a sheet of paper f; Printed in this size; a book made in
in-seize	a page size formed from a sheet of paper f; Printed in this size; a book made in
in-soixante-quatre	a page size formed from a sheet of paper f; Printed in this size; a book made in
in-trente-deux	a page size formed from a sheet of paper f; Printed in this size; a book made in
in-vingt	a page size formed from a sheet folded int; Printed in this size; a book made in
incapacité de travail	inability to work, unfitness for work, ind
incarvillée de delavay	hardy gloxinia (Incarvillea delavayi) Bure
incendie criminel	arson
incessamment sous peu	imminently, very soon
inconnu au bataillon	unknown, unheard of; a complete stranger, a completely unknown
incrustation d'image	picture-in-picture
indemnité de licenciement	severance pay, severance allowance
indice de masse corporelle	body mass index
indice des prix à la consommation	consumer price index
indie folk	indie folk
indo-aryen	Indo-Aryan
indo-européen	Indo-European
indo-européen commun	Proto-Indo-European (reconstructed languag
indo-iranien	Indo-Iranian
induire en erreur	to mislead, to throw off
industrie lourde	heavy industry
industrie légère	light industry
infarctus du myocarde	myocardial infarction
infection sexuellement transmissible	sexually transmitted disease
infirmité motrice cérébrale	cerebral palsy
infirmière praticienne spécialisée	nurse practitioner
informatique en nuage	cloud computing
infra-son	infrasound
infra-sonore	infrasonic
infériorité numérique	numerical disadvantage; penalty kill
ingénieur civil	civil engineer
ingénieur du son	sound engineer
ingénieur européen	European Engineer
innocent comme l'agneau qui vient de naître	innocent as the child unborn, clean as a w
innocent comme l'enfant qui vient de naître	innocent as the child unborn
innu-aimun	Innu-aimun; Innu (language)
inspecteur des travaux finis	Monday-morning quarterback
inspection du travail	health and safety inspectorate
instant de vérité	moment of truth
instinct de survie	survival instinct, instinct of self-preser
institut de beauté	salon (beauty salon)
instrument de mesure	measuring instrument, measuring tool
instrument de musique	musical instrument
instrument de percussion	percussion instrument
instrument à cordes	string instrument
instrument à cordes frappées	struck string instrument
instrument à cordes frottées	bowed string instrument
instrument à cordes pincées	plucked string instrument
instrument à percussion	percussion instrument
instrument à vent	wind instrument
insémination artificielle	artificial insemination
intelligence artificielle	artificial intelligence
intelligence artificielle générative	generative artificial intelligence
intelligence émotionnelle	emotional intelligence
interaction faible	weak interaction
interaction fondamentale	fundamental interaction
interaction forte	strong interaction
interaction gravitationnelle	gravitational interaction
interaction nucléaire faible	weak nuclear interaction
interaction nucléaire forte	strong nuclear interaction
interaction électromagnétique	electromagnetic interaction
interaction élémentaire	fundamental interaction
interface de programmation	application programming interface
interface graphique	graphical user interface, GUI
interprète de conférence	conference interpreter
interprétation consécutive	consecutive interpreting, consecutive inte
interprétation de conférence	conference interpreting
interprétation de liaison	liaison interpreting
interprétation simultanée	simultaneous interpreting, simultaneous in
interrogative directe	direct question
interrogative indirecte	indirect question
interruption volontaire de grossesse	induced abortion
intervalle de confiance	confidence interval
intestin grêle	small intestine
intoxication alimentaire	food poisoning
intra-atomique	intraatomic
intra-utérin	intrauterine
intradermo-réaction	intradermal reaction
intrication quantique	quantum entanglement
intégrale définie	definite integral
intégrale indéfinie	indefinite integral
intégrité référentielle	referential integrity
intérêt général	general interest; public interest, public
intérêts composés	compound interest
intérêts simples	simple interest
inventaire intermittent	periodic inventory
inventaire permanent	perpetual inventory, continuous inventory
inversement proportionnel	inversely proportional (proportional to th
inversion accusatoire	reverse accusation, DARVO, victim-blaming
investissement direct étranger	foreign direct investment
investisseur providentiel	angel investor, business angel, angel
invite de commande	command prompt
inégalité triangulaire	triangle inequality
ipso facto	ipso facto
iris d'eau	yellow iris, yellow flag
iron ring	iron ring; synonym of anneau de fer martel
ironie du sort	twist of fate, quirk of fate, irony (condi
ironie socratique	Socratic irony (practice of asking someone
irréductible gaulois	an indomitable person, especially a member
irréel du passé	past hypothetical clause
irréel du présent	present hypothetical clause
ischio-jambier	hamstring; hamstring (muscle)
islamo-gauchisme	Islamo-leftism
issue de secours	emergency exit, fire exit
ivre mort	dead drunk
j'adoube	j'adoube
j'ai	I've, I have; compound of je and ai
j'ai besoin de ton aide	I need your help
j'ai besoin de votre aide	I need your help
j'ai faim	I'm hungry
j'ai peur	I'm scared
j'ai une question	I have a question
j'aime	a like
j'en passe et des meilleurs	and that's the least of it, and that's not
j'sais pas quoi	something (literally, “I don't know what”)
j'suis	I am, I'm
j't'ai cassé	emphasising a successfully delivered insul
j't'à	the 't' is epenthetic
jacaranda à feuilles de mimosa	Jacaranda mimosifolia D. Don
jacinthe du cap	(Galtonia candicans)
jack-strap	jockstrap
jacques a dit	Simon says (children's game)
jaguar-garou	werejaguar
jaloux comme un tigre	extremely jealous
jamais au grand jamais	never ever
jamais de la vie	not on your life! not in this lifetime! no
jamais deux sans trois	all things come in threes, things always c
jambe de bois	a peg-leg, a wooden leg; a knee blow to the thigh
jambes par-dessus tête	upside-down, head over heels
jambon beurre	a French ham sandwich made from a baguette
jardin botanique	botanical garden (a place where a variety
jardin d'enfants	a part-time crèche/nursery for toddlers
jardin d'éden	Garden of Eden; paradise, heavenly place
jardin de poupée	a beautiful minuscule garden
jardin potager	vegetable garden, kitchen garden
jardin public	public garden
jardin secret	private world, thoughts or memories that o
jardin zoologique	zoological garden
jardin à la française	French formal garden; formal garden
jaseur d'amérique	cedar waxwing
jasione pérenne	Shepherd's Scabious (Jasione laevis Vill.)
jaune citron	citron, lemon (of a greenish yellow colour; citron, lemon (colour)
jaune d'œuf	egg yolk
jaune moutarde	mustard yellow
jaune paille	straw (of a pale, yellowish beige colour,; straw (colour)
jaï-alaï	jai alai
je m'appelle	my name is …, I am …, I'm …
je n'ai pas d'argent	I have no money
je ne comprends pas	I don't understand
je ne dis pas	all right so far, OK, why not?, I can let
je ne parle pas anglais	I don't speak English
je ne parle pas français	I don't speak French
je ne pense pas	I don't think so; I think not
je ne sais pas	I don't know
je ne sais quoi	a certain something, je ne sais quoi (inta
je ne te dis pas	and that's not the half of it!
je ne te le fais pas dire	tell me about it
je ne vous dis pas	and that's not the half of it!
je ne vous le fais pas dire	tell me about it!
je pense bien	I think so
je suis enceinte	I'm pregnant
je suis français	I am French
je suis française	I am French
je t'aime	I love you
je t'en prie	I beg you, please; go ahead, please, help yourself (response; you're welcome, do
je te dis merde	break a leg! good luck!
je te ferai dire	I'll have you know
je te garde un p'tit de ma chienne	you will answer for that!
je vois	I see, right
je vous aime	I love you
je vous en prie	I beg you, I entreat you; please do, go ahead, be my guest; you're welcome (afte
je vous prie d'agréer l'expression de ma haute considération	“I ask that you accept the expression of m
je-m'en-fichisme	couldn't care less attitude
je-m'en-foutisme	don't-give-a-damn, couldn't-care-less atti
je-sais-tout	know-it-all, smart aleck
jean-foutre	good-for-nothing, layabout, blackguard
jet bleu	blue jet
jet d'eau	jet, spurt of water springing from a fount; fountain issuing such jet; garden ho
jet-lag	jet lag
jeter aux lions	to throw to the lions
jeter aux orties	to toss out, to discard, to throw to the w
jeter aux oubliettes	to toss on the ash heap of history, to for
jeter comme un malpropre	to drop like a bad habit, to dump
jeter comme une merde	to drop like a bad habit, to dump (to end
jeter de l'huile sur le feu	add fuel to the fire
jeter des fleurs	to say nice things to, to compliment; to toot one's own horn, to blow one's own
jeter des perles aux pourceaux	to cast pearls before swine
jeter du lest	to climb down, to back down, to ease up, t
jeter en pâture	to serve (something/someone) up to (someon
jeter l'ancre	to drop anchor
jeter l'argent par les fenêtres	to throw money away
jeter l'éponge	to throw in the towel, to pack it in, to c
jeter la pierre	to criticise, to blame, to accuse
jeter le bébé avec l'eau du bain	throw the baby out with the bathwater
jeter le gant	throw down the gauntlet
jeter le manche après la cognée	to throw in the towel, to give up
jeter les bases	to lay the foundations
jeter les hauts cris	to complain loudly, to protest vocally, to
jeter sa gourme	to have one's fling, to have one's youthfu
jeter son dévolu	to fix one's choice, to set one's sights
jeter un coup d'œil	to take a look, to have a look, to glance
jeter un froid	to cast a chill
jeter un œil	to have a look
jeton de présence	directors' fees
jeton non fongible	non-fungible token
jeu bac à sable	sandbox game
jeu d'adresse	game of skill
jeu d'arcade	arcade game
jeu d'enfant	child's play (something very easy)
jeu de cartes	card game; deck of cards, card deck
jeu de dames	draughts; checkers (game); box containing checkers and a checkerboard
jeu de hasard	gambling game, game of chance, form of gam
jeu de jambes	footwork
jeu de l'oie	Game of the Goose, a racing board game sim
jeu de la biscotte	soggy biscuit (supposed game where men mas
jeu de massacre	funfair attraction that involves rocking f; attack meant to morally or political
jeu de mots	pun, play on words
jeu de paume	jeu de paume
jeu de piste	paperchase, hare and hounds; treasure hunt
jeu de pouvoir	power game, power play
jeu de rôle	role-playing game (type of game in which t
jeu de rôle en ligne massivement multijoueur	massively multiplayer online role-playing
jeu de société	board game
jeu de taquin	15 puzzle
jeu du chat et de la souris	a game of cat and mouse
jeu décisif	tiebreak
jeu télévisé	game show
jeu vidéo	video game; video game industry
jeu à boire	drinking game
jeu à somme nulle	zero-sum game
jeudi gras	Fat Thursday
jeune au pair	an au pair
jeune femme	damsel, lass, maiden, young woman
jeune fille	a girl; a maiden (unmarried woman/girl)
jeune homme	young man, youth
jeune marié	newlywed
jeune premier	young actor playing young-lover roles; leading man
jeunes années	teenage years, youth, young days
jeunes gens	young people; youths
jeunesse dorée	jeunesse dorée
jeûne intermittent	intermittent fasting
job étudiant	student job
joie de vivre	joie de vivre, zest for life
joie maligne	schadenfreude
joindre l'utile à l'agréable	to make something enjoyable as well as use
joindre le geste à la parole	to suit the action to the word, to match w
joindre les deux bouts	to make ends meet
joint de culasse	cylinder head gasket
joint-venture	joint venture (a cooperative business part
joli cœur	a gallant, flirty man
jolie laide	unconventionally attractive; a woman who is unconventionally attractive
jouer au chat et à la souris	to play cat and mouse
jouer au docteur	to play doctor (to pretend to be doctor an; to play doctor (to engage in sexual
jouer avec le feu	to play with fire; to cut it fine (to achieve something at th
jouer cartes sur table	to play it straight, to play fair (to be u
jouer de la harpe	to steal, to pickpocket; to be in prison; incarcerated, behind bars
jouer des coudes	to elbow one's way through, to jostle for; to elbow one's way to the top
jouer des tours	to play tricks on (to deceive or mislead)
jouer franc jeu	to play it straight, to play fair
jouer gros jeu	to play big, to play for high stakes
jouer la belle	to play the decider, to play a tiebreaker
jouer la carte de	to play the … card
jouer la comédie	to put on an act; to dive (to imitate a foul)
jouer la montre	to run out the clock, to play for time, to
jouer le jeu	to play the game, to play by the rules, to; to play along, to go along, to play
jouer les gros bras	to act tough
jouer petit bras	to play it safe; to be unambitious
jouer serré	to play a close game, to play a tight game
jouer sur du velours	to play it safe, not to take any risk; to be onto a sure thing, to have it made,
jouer sur les mots	to argue semantics, to play on semantics,
jouer sur tous les tableaux	to play the field, to play several sides a
joueur contre joueur	player versus player
joueur contre l'environnement	player versus environment
joueur de deuxième but	second baseman
joueur de premier but	first baseman
joueur de troisième but	third baseman
joueur-animateur en direct	streamer (“one who streams to a live audie
jour après jour	day after day, day in, day out
jour avec	good day
jour de congé	day off
jour de l'an	New Year's Day
jour de paie	payday
jour du seigneur	Sunday, Lord's Day
jour et nuit	day and night (all the time, unceasingly)
jour fixe	fixed day
jour férié	bank holiday; public holiday
jour ouvrable	workday, business day; weekday
jour pour jour	to the day
jour sans	bad day
jour-amende	one of the days specified in a financial p
jour-homme	man-day (one person's working time)
jour-lumière	light day (astronomical distance)
journal de bord	logbook
journal de caisse	cashbook (book used to record amounts of m
journal de classe	homework notebook
journal intime	diary, journal (daily log of experiences)
journal parlé	radio news
journal télévisé	news broadcast, newscast, newsbreak (news
journalisme d'enquête	investigative journalism (form of journali
journalisme d'investigation	investigative journalism (form of journali
journaliste reporter d'images	video journalist
journée portes ouvertes	open house, open day, open doors day (an e
jours heureux	halcyon days (period of calm and happiness
joyeuses fêtes	merry Christmas and a happy New Year; happ
joyeux anniversaire	happy birthday
joyeux noël	Merry Christmas; Happy Christmas
judaïsme conservateur	Conservative Judaism
judaïsme libéral	Reform Judaism; Liberal Judaism
judaïsme orthodoxe	Orthodox Judaism
judaïsme rabbinique	Rabbinic Judaism
judaïsme reconstructionniste	Reconstructionist Judaism
judaïsme réformé	Reform Judaism
judéo-araméen	Judeo-Aramaic
judéo-bolchévisme	Judeo-Bolshevism
judéo-christianisme	Judeo-Christianity
judéo-chrétien	Judeo-Christian
juge d'instruction	examining magistrate, investigating magist
juge de ligne	line umpire, line judge
juge de paix	Justice of the Peace
juge de touche	linesman
jugement de valeur	value judgment
jugement dernier	Last Judgment, Final Judgment
juger sur pièces	to judge on results, to judge on performan
juke-box	jukebox (a coin-operated machine)
julienne des dames	dame's rocket (Hesperis matronalis) L
julio-claudien	Julio-Claudian
jump scare	jump scare
junior majeur	major junior (relating to the top-level co
jupe-crayon	pencil skirt
jurer comme un charretier	to swear like a trooper, to swear like a s
jurer fidélité	to pledge one's loyalty, to swear loyalty,
jurer ses grands dieux	to swear to God that, to swear on one's li
jus de chaussette	bad coffee
jus de vaisselle	bad coffee
jusqu'alors	until then, up to that point
jusqu'au bout	all the way, to the bitter end
jusqu'au sang	hard enough to draw blood, until you draw
jusqu'au-boutisme	extremism, hardline view
jusqu'au-boutiste	extremist, hardline
jusqu'aujourd'hui	until today
jusqu'ici	up to here (literal meaning); hitherto, heretofore, so far, up to now
jusqu'où	where to (to what place); how far (in dist; how far (to what extent)
jusqu'à	until; to (used together with depuis to indicate; up to
jusqu'à ce que	until (up to a given moment in time)
jusqu'à ce que mort s'en suive	to the death
jusqu'à ce que mort s'ensuive	to the death
jusqu'à l'os	to the bone, to the core
jusqu'à la moelle	to the bone, to the core
jusqu'à nouvel ordre	until further notice
jusqu'à pas d'heure	until all hours, very late
jusqu'à plus soif	until one has quenched one's thirst, until; to one's heart's content, at will, a
jusqu'à preuve du contraire	until proven otherwise; unless I'm much mi
jusqu'à présent	up to now, so far, thus far, to date, as y
juste ciel	good heavens!
juste milieu	balance, golden mean, happy medium, middle
juste prix	fair value
justice immanente	poetic justice
justice originelle	original justice
justice sociale	social justice
k-way	windbreaker, raincoat
kafta kebab	kafta kebab
kaki-lima	kaki-lima
karatchaï-balkar	Karachay-Balkar; Karachay-Balkar (language of Karachays and
kayak de neige	snow kayaking; snow kayak
kayak sur neige	snow kayaking; snow kayak
ketmie d'afrique	flower-of-an-hour (Hibiscus trionum) L
khmer rouge	Khmer Rouge
kif-kif	same, alike
kif-kif bourricot	all the same
kilomètre zéro	kilometre zero
kino-congolais	of Congo-Kinshasa, DRC Congolese
kir breton	a cocktail made with a measure of crème de
knock-out	knockout
kouign-amann	kouign-amann
kung-fu	kung fu
kyrie eleison	kyrie
l'a	him/her/it
l'affaire est dans le sac	it's in the bag
l'air de rien	(with a) poker face (without revealing one; Describes an apparent lack of merit
l'air de-ne-pas-y-toucher	poker face (without revealing one's though
l'amour est aveugle	love is blind (a person who is in love can
l'appétit vient en mangeant	appetite comes with eating
l'argent est bon serviteur et mauvais maître	one should see money as a tool and not as
l'argent est le nerf de la guerre	money is crucial to wage a war, money is k; money is of the essence
l'argent n'a pas d'odeur	money does not smell
l'argent ne fait pas le bonheur	money can't buy happiness
l'argent ne pousse pas dans les arbres	money doesn't grow on trees
l'argent ne tombe pas du ciel	money doesn't grow on trees
l'arme au pied	at the ready; at rest; sitting by, standing idly by, not doing an
l'art pour l'art	art for art's sake
l'autre jour	the other day (recently, lately)
l'avenir appartient à ceux qui se lèvent tôt	the early bird gets the worm
l'avenir le dira	time will tell
l'avoir belle	to be at an advantage
l'avoir dans l'os	to be fucked, to be screwed
l'avoir dans le cul	to get fucked over, to be fucked, to be sc
l'avoir mauvaise	not to be happy, not to be pleased, to be
l'emporter	to prevail (over), to beat, to get the bet
l'ennemi de mon ennemi est mon ami	the enemy of my enemy is my friend
l'entendre de cette oreille	to agree, to be in agreement
l'erreur est humaine	to err is human
l'espace d'un instant	for a moment, just for a minute
l'espace de	in the space of, in the span of
l'espoir fait vivre	we all live in hope
l'exception confirme la règle	the exception proves the rule
l'habit ne fait pas le moine	you can't judge a book by its cover (it is
l'herbe est toujours plus verte ailleurs	the grass is always greener on the other s
l'herbe est toujours plus verte dans le pré du voisin	the grass is always greener on the other s
l'heure est grave	we are at a critical time, the situation i
l'homme est un loup pour l'homme	man is a wolf to man
l'honneur est sauf	someone's honor is intact
l'occasion fait le larron	opportunity makes the thief
l'oisiveté est la mère de tous les vices	idle hands are the devil's workshop (one w
l'un	one; some
l'un après l'autre	one after the other, one after another
l'un dans l'autre	all in all, all things considered
l'un l'autre	each other, one another
l'union fait la force	many hands make light work; united we stan
l'échapper belle	to have a narrow escape, to have a close c
la balle est dans le camp de quelqu'un	the ball is in someone's court
la bave du crapaud n'atteint pas la blanche colombe	sticks and stones may break my bones, but
la belle affaire	big deal!, so what?
la bonne blague	that's a laugh! yeah, right! give me a bre
la boucler	to shut up (refrain from speech)
la bémol majeur	A-flat major
la carotte et le bâton	carrot and stick
la chatte à ta mère	fuck you, go fuck yourself, eat shit
la coupe est pleine	that's the last straw; enough is enough
la critique est aisée mais l'art est difficile	it's easy to criticize; those who say it c
la croix et la bannière	painful and strenuous experience; hassle;
la curiosité est un vilain défaut	curiosity killed the cat
la faim fait sortir le loup du bois	desperate times call for desperate measure
la faire	to fool
la faire longue	to stay long, to stay for long; to stay up
la faute à pas de chance	it's nobody's fault, it's just ill luck
la faute à qui	who's to blame? whose fault is it?
la ferme	shut up
la fermer	to shut it, to shut up (refrain from speec
la fin justifie les moyens	the end justifies the means
la fleur au fusil	in a jolly manner, merrily, light-heartedl; boldly, bravely and enthusiastically
la foi transporte les montagnes	faith will move mountains
la fortune sourit aux audacieux	fortune favors the bold
la foudre ne tombe jamais deux fois au même endroit	lightning never strikes twice in the same
la goutte d'eau qui fait déborder le vase	the straw that broke the camel's back
la gueule enfarinée	with cockeyed optimism, with naive overcon
la honte	what a disgrace! how disgraceful!; that's pathetic! how awful!
la leur	theirs
la main sur le cœur	in all sincerity, open-heartedly, with han
la majeur	a major
la marque à la pomme	Apple (technology company)
la messe est dite	the die is cast
la mettre en sourdine	to shut up (refrain from speech)
la mettre en veilleuse	to shut up (refrain from speech)
la mienne	mine
la montagne a accouché d'une souris	it was much ado about nothing
la mort dans l'âme	with great distress, with a heavy heart
la musique adoucit les mœurs	music soothes the savage beast, music has
la nuit des temps	the mists of time, time immemorial
la nuit porte conseil	sleep on it! (it's better to examine thing
la nécessité est la mère de l'invention	necessity is the mother of invention
la nôtre	ours (the one belonging to us)
la perfection n'est pas de ce monde	perfection does not exist
la pièce est tombée	the penny has dropped
la plume est plus forte que l'épée	the pen is mightier than the sword
la plus grande distinction	highest honours, first-class honours
la pomme ne tombe jamais loin de l'arbre	the apple does not fall far from the tree
la queue entre les jambes	with one's tail between one's legs
la raison du plus fort est toujours la meilleure	might makes right, might is right
la roue tourne	the Wheel of Fortune goes round and round
la sienne	his, hers, its
la tienne	yours
la tête haute	with one's head held high (proudly, with p
la tête la première	headfirst, headlong
la vache	exclamation of surprise or astonishment: c
la vengeance est un plat qui se mange froid	revenge is a dish best served cold (reveng
la vie n'est pas un long fleuve tranquille	life is not all beer and skittles
la vérité est dans le vin	in wine, there is truth (things said under
la vérité finit toujours par triompher	a lie has no legs
la vérité sort de la bouche des enfants	out of the mouths of babes comes truth
la vôtre	yours (the one belonging to you)
laboratoire d'idées	think tank (a group which performs researc
labre capitaine	hogfish (Lachnolaimus maximus)
lac salé	salt lake
laid comme le péché	ugly as sin (extremely ugly)
laid comme les sept péchés capitaux	ugly as sin; looking like the back end of
laid comme un pou	ugly as sin; looking like the back end of
laine de fer	steel wool (abrasive)
laine de verre	glass wool (insulating material)
laisse-moi rire	yeah, right! that's a laugh! give me a bre
laisser aller	to let oneself go, to neglect oneself; to give in
laisser au hasard	to leave to chance
laisser béton	to forget it, to drop it
laisser couler	to let it go; let something slide
laisser de côté	to set aside, to put aside, to disregard (
laisser en paix	to leave alone
laisser en plan	to leave in the lurch, to leave high and d
laisser entendre	insinuate, hint
laisser faire	to let someone do as they please; not to intervene; to let oneself be pushed aro
laisser la parole	to give the floor to, to let (someone) spe
laisser le temps au temps	to let time do its work, to leave it to ti
laisser passer	to let someone through, to let someone pas; to let things go hang, to overlook
laisser pisser	to let it go; let something slide
laisser pour compte	to leave out, to leave on the sidelines
laisser pour mort	to leave for dead
laisser sa peau	to perish, not to make it
laisser sur sa faim	to underwhelm, to leave someone dissatisfi
laisser tomber	to physically drop (an object); to drop, to forget about, to leave; to giv; to l
laisser tomber comme une vieille chaussette	to drop like a bad habit, to drop like a h
laisser tranquille	to leave alone, to leave in peace, to leav
laisser à désirer	to leave a lot to be desired, to leave muc
laisser à penser	to lead (someone) to believe that, to make
laisser-aller	self-indulgence
laisser-faire	laissez faire
laissez les bons temps rouler	make merry!, let the good times roll!
laissez-moi rire	yeah, right! that's a laugh! give me a bre
lait d'amande	almond milk (milky liquid made from almond
lait d'âne	sow thistle (Sonchus)
lait de chaux	whitewash
lait de coco	coconut milk
lait de poule	eggnog
lait de soja	soy milk (milky liquid made from soy beans
lait en poudre	milk powder
lait entier	whole milk
lait frappé	milkshake
lait écrémé	skim milk
laiteron rude	prickly sow-thistle (Sonchus asper)
laitue de plumier	Cicerbita plumieri (L.) Gren. & Godr
laitue romaine	romaine lettuce
lame de fond	groundswell (broad undulation of the open; groundswell
lampe davy	a safety lamp for use in flammable atmosph
lampe de bureau	desklamp
lampe de chevet	bedside lamp
lampe de poche	torch, flashlight
lampe solaire	sunlamp
lampe soleil	sunlamp
lampe torche	flashlight
lampe à alcool	spirit lamp
lampe à huile	oil lamp
lampe à pied	floor lamp
lampe à pétrole	kerosene lamp
lampe à souder	blowtorch
lamproie de rivière	European river lamprey (Lampetra fluviatil
lamproie fluviatile	European river lamprey (Lampetra fluviatil
lamproie marine	sea lamprey
lance d'incendie	fire hose
lance et compte	he shoots, he scores
lance-flamme	flamethrower
lance-missile	missile launcher
lance-pierre	slingshot
lance-roquette	rocket launcher
lancer de nain	dwarf tossing
lancer du disque	discus throw
lancer du javelot	javelin throw
lancer du marteau	hammer throw (athletic throwing event wher
lancer du poids	shot put
lanceur d'alerte	whistle-blower
lanceur de disque	discus thrower
lanceur de javelot	javelin thrower
lanceur de marteau	hammer thrower
lanceur de poids	shot putter
lanceur de relève	relief pitcher, reliever
lanceur partant	starting pitcher
langage corporel	body language (nonverbal communication by
langage d'assemblage	assembly language
langage de balisage	markup language
langage de programmation	programming language
langage formel	formal language
langage machine	machine language
langage naturel	natural language
langage orienté objet	object-oriented language
langue a	an A language
langue ancienne	ancient language
langue b	a B language
langue c	a C language
langue cible	target language
langue construite	a constructed language
langue d'arrivée	target language
langue d'oc	Occitan (an endangered Romance language sp
langue d'oïl	any of the Old French dialects, spoken in
langue de belle-mère	party horn, party puffer; plant of genus Sansevieria
langue de bois	wooden language, waffle (speech that is va; cant (empty hypocritical talk)
langue de bœuf	oxtongue, beef tongue
langue de cerf	hart's-tongue fern (Asplenium scolopendriu
langue de cervantes	the Spanish language
langue de chat	cat's tongue (biscuit)
langue de départ	source language
langue de molière	the French language
langue de pouchkine	the Russian language
langue de shakespeare	the English language
langue de si	any of the Old Spanish dialects during the; any of the southern European Romance
langue de tolstoï	the Russian language
langue de travail	working language (language that is given a; working language (language that a tr
langue de vipère	serpent's tongue, tendency to speak malici; person with such a tendency, malicio
langue de vondel	the Dutch language
langue des signes	sign language
langue des signes américaine	American Sign Language
langue des signes française	French Sign Language
langue fille	daughter language
langue franche	lingua franca (common language used by peo
langue littéraire	literary language (the register of a langu
langue maternelle	mother tongue
langue morte	dead language (language with no native spe
langue mère	parent language
langue reconstruite	reconstructed language
langue romane	Romance language
langue source	source language
langue sœur	sister language
langue verte	slang; argot
langue vivante	living language (language which is still s
langue vocale	vocal language/oral language as opposed to
langue véhiculaire	lingua franca (common language used by peo
langue écrite	written language (written form of a langua; written language (language that has
langue étrangère	foreign language
langue-toit	dachsprache
lanterne d'aristote	Aristotle's lantern (jaws of sea urchins)
lanterne rouge	red lantern; red lantern at the rear of a train; Lanterne rouge, the competitor
lap cheong	lap cheong
lap dance	lap dance
lapin commun	European rabbit
lapin de garenne	European rabbit
lapin de gouttière	gutter rabbit; cat meat
lapin de pâques	Easter Bunny
lapin-garou	wererabbit
lapis-lazuli	lapis lazuli
laps de temps	length of time (period, time period)
lapsus linguae	a lapsus linguae; an inadvertent remark, a
lapsus révélateur	Freudian slip
large d'esprit	broad-minded, liberal-minded
larguer les amarres	to cast off; to depart, to sail away
larmes de crocodile	crocodile tears (display of tears that is
lastron blanc	star of Bethlehem
latin classique	Classical Latin
latin contemporain	Contemporary Latin
latin médiéval	Medieval Latin
latin populaire	Vulgar Latin
latin tardif	Late Latin
latin vulgaire	Vulgar Latin
laurier de saint-antoine	fireweed, great willowherb (Chamaenerion a
laurier-cerise	cherry laurel
laurier-rose	oleander
laurier-sauce	bay laurel
lavage de cerveau	brainwash, brainwashing
lave-auto	car wash
lave-glace	windscreen washer
lave-linge	washer
lave-vaisselle	dishwasher
laver son linge sale en public	to air one's dirty laundry in public, to w
laveuse-sécheuse	washer-dryer
le bec dans l'eau	high and dry, in the lurch; with egg on on
le beurre et l'argent du beurre	two mutually exclusive things, such that o
le bruit court	rumour has it
le cas échéant	if applicable
le chercher	to have it coming
le client est roi	the customer is always right
le compte est bon	that's the right amount, it adds up
le con de ta mère	fuck you
le crime ne paie pas	crime doesn't pay
le cœur y est	the thought is there; someone's heart is i; someone's heart isn't in it
le devoir m'appelle	duty calls (I gotta go, I have something t
le diable aux trousses	like a bat out of hell
le doigt sur la couture du pantalon	standing at attention; obediently, submiss
le donner en mille	to let someone guess (used to dramatise so
le fait est que	the fact of the matter is that
le fond du baril	rock bottom
le franc est tombé	the penny has dropped
le jeu n'en vaut pas la chandelle	it's not worth it; there's no point; the g
le jour et la nuit	night and day, chalk and cheese
le jupon dépasse	one's hidden intentions or an embarrassing
le leur	theirs (the one belonging to them)
le long de	along, alongside
le mal est fait	the damage is done; what's done is done
le malheur des uns fait le bonheur des autres	one man's joy is another man's sorrow, one
le mien	mine
le mieux est l'ennemi du bien	the better is the enemy of the good; leave
le moment venu	in good time, in due time, in due course
le monde est petit	it's a small world (used to express surpri
le nez dans le guidon	so focused on what one's doing that one be
le nôtre	ours (the one belonging to us)
le ou vers le	on or about (a date)
le petit oiseau va sortir	watch the birdie! say cheese!
le plus clair de	most of, the greater part of
le plus offrant	the highest bidder
le poisson pourrit par la tête	the fish rots from the head
le remède est pire que le mal	the cure is worse than the disease
le sien	his; hers; its
le silence est d'or	silence is golden; a closed mouth catches
le sort en est jeté	the die is cast
le temps de	by the time that
le temps que	by the time that; while
le tien	yours; the one belonging to you (singular)
le ventre vide	on an empty stomach
le vôtre	yours (the one belonging to you, plural or
lecteur cd	CD player
lecteur de cd	CD player
lecteur de nouvelles	newsreader
lecture rapide	speed reading
lendemain de veille	the morning after (the day after a binge,
lentement mais sûrement	slowly but surely
lentille corail	red lentil
lentille de contact	contact lens
les absents ont toujours tort	it is easy to accuse someone of wrongdoing; those who were absent cannot complai
les affaires sont les affaires	business is business
les anglais débarquent	a person is having or has just had her per
les apparences sont trompeuses	appearances are deceptive
les bons comptes font les bons amis	short reckonings make long friends, a debt
les bras ballants	sitting by, standing idly by, not doing an
les bras m'en tombent	I'm flabbergasted, I'm speechless
les briser menues	to give (someone) the shits, to piss off (
les carottes sont cuites	the goose is cooked, the writing is on the
les chiens ne font pas des chats	the apple does not fall far from the tree,
les cordonniers sont toujours les plus mal chaussés	the shoemaker's children go barefoot
les doigts dans le nez	hands down, one-handed, standing on one's
les dés sont jetés	the die is cast
les faits sont têtus	the facts of a matter are clear and unavoi
les grands esprits se rencontrent	great minds think alike
les jeux sont faits	les jeux sont faits, the stakes are set (c; the die is cast, les jeux sont faits
les leurs	theirs
les mains dans les poches	casually, nonchalantly, in an offhand mann
les mains vides	emptyhandedly
les miennes	mine
les miens	mine
les morts ne parlent pas	dead men tell no tales (a dead person can
les murs ont des oreilles	walls have ears
les nôtres	ours (belonging to us)
les ordres sont les ordres	orders are orders (used wrily when someone
les petits ruisseaux font les grandes rivières	many a mickle makes a muckle; little strok
les plaisanteries les plus courtes sont les meilleures	your joke was funny at first, but it's get
les quatre fers en l'air	flat on one's back
les si n'aiment pas les rais	a mnemonic device meant to discourage peop
les tiennes	yours
les tiens	yours
les trois quarts du temps	most of the time, nine times out of ten
les voies de dieu sont impénétrables	God works in mysterious ways
les voies du seigneur sont impénétrables	God works in mysterious ways
les vôtres	yours (the ones belonging to you (plural))
les yeux fermés	with one's eyes closed, hands down, one-ha; without hesitation, in total confide
les zaricos sont salés	things are going fine
lettre d'adieu	suicide note (message, usually a written n
lettre d'amour	love letter
lettre d'information	newsletter
lettre d'intention	letter of intent (legal document outlining
lettre de cachet	lettre de cachet
lettre de change	bill of exchange
lettre de château	bread-and-butter letter, bread-and-butter
lettre de créance	letter of credit; letter of credence, letters credential
lettre de crédit	letter of credit
lettre de motivation	cover letter (letter in a job application
lettre de noblesse	letters patent of nobility; good reputation
lettre de recommandation	letter of recommendation
lettre de voiture	waybill
lettre ouverte	open letter
lettres classiques	classical studies (the study of Ancient Gr
lettres modernes	the study of French literature, history, e
leurs majestés	Their Majesties
levain-levure	a yeast-based pre-ferment, typically stiff
lever de rideau	curtain-raiser
lever du soleil	a sunrise; dawn
lever l'ancre	to weigh anchor; to depart, to sail away
lever le camp	to break camp (to pack up a campsite and m; to move out, to leave
lever le coude	to bend one's elbow
lever le petit doigt	to lift a finger
lever le pied	to lift one's foot off the accelerator, to; to slow down, to reduce the pace (of
lever le rideau	to ring up the curtain
lever le voile	to unveil, to reveal, to lift the veil on,
lever les yeux au ciel	to roll one's eyes
lever son verre	to raise one's glass to, to salute
lever un coin du voile	to shed light
lever un lièvre	to start a hare, to start something off, t
levure chimique	baking powder (a dry leavening agent used
levée d'écrou	release (from prison)
levée de boucliers	general outcry
levée du corps	transportation of the body of a deceased p
leçon de vie	life lesson
liaison covalente	covalent bond
liberté d'expression	freedom of speech, free speech
liberté d'opinion	freedom of opinion
liberté de conscience	freedom of conscience
liberté de culte	freedom of religion
liberté de la presse	freedom of the press
liberté de panorama	freedom of panorama
liberté de pensée	freedom of thought
liberté de religion	freedom of religion
libre arbitre	free will
libre circulation	freedom of movement
libre comme l'air	free as a bird
libre entreprise	freedom of entrepreneurship, free enterpri
libre examen	freedom to investigate, freedom to think c
libre expression	freedom of speech
libre marché	open market, free market
libre pensée	freedom of thought, free thought, freethin
libre-service	self-service
libre-échangiste	free trade; free trader
libéral-démocrate	Liberal Democrat; Liberal Democrat, Lib Dem
libération conditionnelle	parole
licence poétique	poetic licence
licence ès arts	Bachelor of Arts
licenciement économique	layoff, dismissal of employees for economi
lichen plan	lichen planus
lie-de-vin	wine (wine colour)
lien bleu	blue link
lien de causalité	causal link, causal relationship
lien de cause à effet	causal link, causal relationship
lien mort	dead link
lien profond	deep link
lien rouge	red link
lieu commun	a cliché, a commonplace, a topos, a truism
lieu d'aisance	toilet
lieu de culte	place of worship
lieu de mémoire	a symbolic element of the memorial heritag
lieu de travail	workplace
lieu géométrique	locus
lieu jaune	European pollock (Pollachius pollachius)
lieu noir	coalfish; coley (Pollachius virens)
lieutenant criminel	a judge overseeing criminal prosecutions,
lieutenant de vaisseau	Highest junior officer rank in some Franco
lieutenant général	lieutenant general
lieutenant-gouverneur	lieutenant governor
ligne claire	Ligne claire
ligne d'arrivée	finish line
ligne d'eau	lane rope; lane, swim lane (lengthwise division of a; water line
ligne d'horizon	skyline
ligne de bataille	line of battle
ligne de changement de date	International Date Line
ligne de commande	command line
ligne de conduite	a conduct; an attitude, a course of action
ligne de crédit	line of credit (credit facility under whic
ligne de crête	ridgeline, crest line (of a mountain)
ligne de désir	desire path, desire line
ligne de faille	fault line
ligne de flottaison	waterline; above the fold
ligne de fond	baseline
ligne de force	line of force
ligne de front	frontline
ligne de fuite	convergence line (line converging with oth
ligne de mire	line of sight
ligne de montage	assembly line
ligne de partage des eaux	watershed (boundary between adjacent catch
ligne de production	production line
ligne de tir	line of fire
ligne de touche	touchline
ligne de vie	lifeline (fall protection safety device); lifeline, line of life (line on the pa
ligne directrice	directrix; guiding line, guideline
ligne droite	straight line
ligne du temps	timeline (graphical representation of a ch
ligne latérale	lateral line
ligne rouge	red line
ligue hanséatique	Hanseatic League
lime à ongles	nail file
limite d'âge	age limit
limite des arbres	tree line
linaire de pellicier	Jersey toadflax (Linaria pelisseriana)
linge de corps	body linen, underwear
lingua franca nova	the Lingua Franca Nova language
linguistique comparée	comparative linguistics
linguistique diachronique	diachronic linguistics
linguistique historique	historical linguistics
linéaire a	Linear A
linéaire b	Linear B
lion des montagnes	mountain lion
lion-garou	werelion
liondent des pyrénées	Scorzoneroides pyrenaica (Gouan) Holub
liqueur de dosage	a solution of sugar in water (sometimes in
liquide amniotique	amniotic fluid
liquide cérébro-spinal	cerebrospinal fluid
liquide de frein	brake fluid
liquide de gaz naturel	liquified natural gas
liquide de refroidissement	coolant, engine coolant
liquide vaisselle	washing-up liquid, dish soap
lire dans les pensées	to read someone's mind
lire en quelqu'un comme dans un livre ouvert	to read like a book, to read like an open
lire entre les lignes	to read between the lines
lire sur les lèvres	to lipread
lis de mer	sea daffodil (Pancratium maritimum L.)
liste d'attente	waiting list
liste de diffusion	mailing list
liste de fréquence	frequency list
liste de lecture	playlist (list of tracks or videos to be p
liste de suivi	watchlist
liste déroulante	dropdown list (user interface control GUI
liste noire	blacklist; block list
liste swadesh	Swadesh list
liste électorale	electoral register, electoral roll (list o
lit de camp	camp bed, cot
lit de justice	bed of justice (special parliamentary sess
lit de mort	deathbed
lit de sangle	trestle bed, stump bedstead
lit pliant	sofa bed; camp bed
lit superposé	bunk bed
lit à baldaquin	canopy bed (a bed equipped with a canopy)
lit-cage	cot bed
lits superposés	bunk bed
littérature comparée	comparative literature
littérature de gare	airport literature, airport books, airport
littérature de voyage	travel literature
lividités cadavériques	livor mortis
livre audio	audiobook
livre blanc	white paper
livre d'heures	book of hours
livre d'or	guest book (all meanings)
livre de bord	logbook
livre de caisse	cashbook (book used to record amounts of m
livre de chevet	bedside book; someone's favourite book, someone's bible
livre de comptes	account book
livre de cuisine	cookbook (a book or an encyclopedia of rec
livre de poche	a small cheap paperback book; a pocketbook
livre sonore	audiobook
livre sterling	pound sterling (currency of the UK)
livre électronique	e-book (electronic book)
livre-journal	journal (bound volume containing accounts
livrer bataille	to give battle; to fight
livrer en pâture	to serve (something/someone) up to (someon
livrer passage	to let someone through, to let someone pas
livrer à soi-même	to leave to one's own devices
livret a	a type of savings account, regulated by th
livret scolaire	a school report; report card
lièvre arctique	arctic hare
lièvre brun	European hare (Lepus europaeus)
lièvre d'europe	European hare (Lepus europaeus)
lièvre de mer	sea hare
lièvre du cap	Cape hare (Lepus capensis)
lièvre européen	European hare
lièvre variable	mountain hare (Lepus timidus)
lobe frontal	frontal lobe
lobe limbique	limbic lobe
lobe occipital	occipital lobe
lobe pariétal	parietal lobe
lobe temporal	temporal lobe
lock-out	lockout
locomotive à vapeur	steam locomotive
locomotive électrique	electric locomotive
locuteur natif	native speaker (a person who grew up with
locution adjectivale	adjective phrase
locution adverbiale	adverbial phrase
locution figée	set phrase
locution nominale	noun phrase
locution verbale	phrasal verb
logarithme naturel	natural logarithm
logarithme népérien	natural logarithm, Napierian logarithm
logement social	social housing, public housing
logiciel de rançon	ransomware (malware that holds the data of
logiciel espion	(espionage) spyware (program)
logiciel fantôme	vaporware
logiciel libre	free software
logiciel malveillant	malware (software developed to harm a comp
logiciel rançonneur	ransomware
loi d'airain	iron law
loi de conservation	conservation law
loi de conservation de l'énergie	law of conservation of energy
loi de l'attraction	law of attraction
loi de la jungle	law of the jungle
loi des grands nombres	law of large numbers
loi du moindre effort	principle of least effort (principle accor
loi du plus fort	law of the jungle, survival of the fittest
loi martiale	martial law
loi normale	normal distribution
loi phonétique	sound law
loin de là	far from it, not by a long shot, not by a
loin de moi	far be it from me to …! (a disclaimer stat
loin du compte	wide of the mark, short of the mark, still
loin s'en faut	far from it, not by a long shot, not by a
long comme le bras	long as one's arm (very long, endless)
long comme un jour sans pain	long as a month of Sundays, like watching
long fleuve tranquille	bed of roses, smooth sailing
long à la détente	slow on the uptake
longue paume	an outdoor version of jeu de paume
longue traîne	long tail
longue-vue	spyglass; spotting scope; tower viewer
longueur d'onde	wavelength
loque américaine	American foulbrood
lord-maire	Lord Mayor
lors de	during, at the time of
lors même que	even though, even if
lot de consolation	consolation prize
louis d'or	louis d'or (any gold coin introduced by Lo; a brand of cheese produced in Quebec
louis-quatorzien	relating to, or in a style fashionable dur
loulou de poméranie	Pomeranian (dog breed)
loup de mer	seadog, old salt; seal (pinniped); sea bass, especially European seabass
loup déguisé en agneau	wolf in sheep's clothing
loup fouisseur	aardwolf
loup solitaire	lone wolf
loup-cervier	lynx; the Eurasian lynx; the Canada lynx
louper le coche	to miss the boat, to miss the bus
louper le mémo	to miss the memo
louper un épisode	to miss something
lourd de sens	loaded (with meaning)
loutre commune	European otter (Lutra lutra)
loutre d'europe	European otter (Lutra lutra)
loutre de mer	sea otter (Enhydra lutris)
loutre européenne	European otter (Lutra lutra)
louveteau-garou	werewolf cub or pup
louvetelle-garou	female werewolf cub or pup
lueur d'espoir	glimmer of hope
luge de course	luge (tobogganing sport)
lumière blanche	white light
lumière bleue	blue light
lumière cendrée	earthshine
lumière visible	visible light
luna-park	amusement park
lune de miel	honeymoon (period of time immediately foll; honeymoon, wedding trip (trip taken
lunettes de lecture	reading glasses
lunettes de natation	swimming goggles
lunettes de piscine	swimming goggles
lunettes de plongée	diving goggles
lunettes de soleil	sunglasses (tinted glasses worn to protect
lunettes de vue	prescription glasses
lunettes noires	black tinted glasses
lutte des classes	class struggle
lutte gréco-romaine	Graeco-Roman wrestling
lutte libre	freestyle wrestling; a freestyle wrestling match
lynx boréal	Eurasian lynx (Lynx lynx)
lynx commun	Eurasian lynx (Lynx lynx)
lynx d'espagne	Iberian lynx (Lynx pardinus)
lynx d'eurasie	Eurasian lynx (Lynx lynx)
lynx d'europe	Eurasian lynx (Lynx lynx)
lynx du canada	Canada lynx (Lynx canadensis)
lynx ibérique	Iberian lynx (Lynx pardinus)
lynx pard	Iberian lynx (Lynx pardinus)
lynx pardelle	Iberian lynx (Lynx pardinus)
lynx roux	bobcat (a North American wild cat, Lynx ru
là où le bât blesse	where the shoe pinches, where the rub lies
là où ça fait mal	where the shoe pinches, wherein lies the r
là-dedans	inside there; in this affair, (having to do) with this
là-haut	up there
lâcher du lest	to climb down, to back down, to ease up, t
lâcher l'affaire	to give up, to relent
lâcher la bride	to let go of the reins; to give free rein to; to ease up on, to ea
lâcher la grappe	to get off someone's back, to leave someon
lâcher la proie pour l'ombre	to give up what one has already got to go
lâcher le morceau	to relent, to give up; to fess up, to own up, to spit it out, to
lâcher les baskets	to get off someone's back, to leave someon
lâcher les basques	to get off (someone's) back, to leave alon
lâcher prise	to let go, to relax
lâcher une caisse	to cut one loose, to fart
lâcher-prise	letting go
lèche-bottes	bootlicker, brown noser (one who brownnose
lèche-cul	ass-licker (US), arse-licker (UK)
lèche-vitrine	window-shopping; window-shopper
lèse-majesté	lèse-majesté (crime of violating majesty)
lève-tôt	early riser (someone who gets up early)
lèvres externes	labia majora
lèvres internes	labia minora
lécher le cul	to lick someone's ass, to kiss ass, to bro
lécher les bottes	to lick someone's boots, to bow and scrape
légende noire	black legend (historiographical phenomenon
légende urbaine	urban legend
léger de main	skillful
légitime défense	self-defense (right to protect oneself aga
légume-racine	root vegetable
léopard de mer	leopard seal (Hydrurga leptonyx)
léopard des neiges	snow leopard (Uncia uncia)
léopard nébuleux	clouded leopard (Neofelis nebulosa)
léopard-garou	wereleopard
lévrier afghan	Afghan Hound
lévrier irlandais	Irish wolfhound
lévrier persan	Saluki
m'a	“I'm going”
m'as	Equivalent to “je vais” when used as a nea
m'as-tu-vu	a show-off, an attention-seeker, a fop
m'est avis	methinks, it seems to me
m'sieu	mister, sir (a title or form of address fo; gentleman; Specifically, the brother
m'sieur	chiefly used by children; mister, sir (a title or form of address fo; gentleman
ma foi	indeed; frankly
ma gia	the murderous ghost of an unrecovered drow
ma lai	a type of evil spirit of Vietnamese folklo
ma parole	my word! (expression of surprise); swear to God!
ma pomme	yours truly (I, me or myself)
ma troi	will o' the wisp (in Vietnamese folklore)
macaque crabier	crab-eating macaque
macaque rhésus	rhesus macaque (Macaca mulatta)
macaroni chinois	Chinese macaroni (soy sauce covered macaro
machine analytique	analytical engine (19th century mechanical
machine de guerre	war machine (military resources of a belli
machine de turing	Turing machine
machine virtuelle	virtual machine
machine à boule	pinball machine
machine à café	coffee machine
machine à calculer	calculator
machine à coudre	sewing machine
machine à explorer le temps	time machine
machine à laver	washing machine
machine à pain	bread maker (household appliance which mak
machine à plastifier	laminator
machine à sous	slot machine (a gambling machine operated
machine à vapeur	steam engine
machine à voter	voting machine
machine à voyager dans le temps	time machine
machine à écrire	typewriter
machine-outil	machine tool
macro-économique	macroeconomic
madame je-sais-tout	know-it-all
magasin d'usine	outlet (shop that sells the products of a
magasin à un dollar	dollar store
magasin à une piasse	dollar store
magie blanche	white magic
magie noire	black magic
magistrat du siège	judge
magnitude absolue	absolute magnitude
magnitude apparente	apparent magnitude
magnétisme animal	animal magnetism
magnéto-électrique	magnetoelectric
mah-jong	mahjong (game for four); mahjong tile
maigre comme un clou	thin as a rake, thin as a wafer
mail-coach	mail coach
maillon faible	weakest link (part most likely to fail or
maillot blanc	white jersey
maillot de bain	swimsuit
maillot de corps	undershirt
maillot jaune	yellow jersey (shirt worn by the leader in
maillot vert	green jersey (shirt worn by the leader in
main courante	daybook, log, journal; grabrail, handrail (rail which can be held; pushrim
main dans la main	hand in hand, together
main de fer	iron fist; manifer (“gauntlet for jousting”)
main invisible	invisible hand
main-forte	aid, support
maine coon	Maine Coon (cat)
mains baladeuses	Roman hands and Russian fingers, wandering
maintenant que	now that
maintes fois	time and again
mais bien sûr	but of course!; yeah, right! as if!
mais bon	but OK, but well
mais encore	and? what else?
mais oui	of course
mais où est donc ornicar	a mnemonic phrase to help remember the sev
maison close	brothel
maison communale	town hall, city hall
maison d'arrêt	remand centre; county jail
maison d'hôte	bed and breakfast
maison d'édition	publishing house
maison de campagne	country house
maison de correction	reform school, reformatory, borstal; house
maison de cour	courthouse
maison de crapaud	mushroom, toadstool
maison de disque	record label, record company (company sell
maison de disques	record label
maison de jeu	casino; play house, Wendy house
maison de joie	fun house (brothel)
maison de maître	townhouse (tall rowhouse); mansion
maison de passe	maison de passe, love hotel
maison de production	production company
maison de redressement	reform school, reformatory, borstal; house
maison de repos	rest home, nursing home, care home
maison de retraite	retirement home
maison de tolérance	(licensed) brothel, maison de tolérance
maison de ville	townhouse (a house in an urban setting); rowhouse (one of a row of houses situat
maison du tourisme	a municipal French regulatory body of tour
maison en bande	terraced house, row house
maison hantée	haunted house (house believed to be a cent; haunted house (Halloween amusement a
maison individuelle	detached house
maison mitoyenne	rowhouse, terraced house (one of a row of
maison mobile	trailer, mobile home
maison mère	motherhouse
maison publique	a licensed brothel
majeur et vacciné	big enough and ugly enough to take care of
majorité absolue	absolute majority (a number of votes total
majorité qualifiée	qualified majority
majorité sexuelle	age of consent
mal aigu des montagnes	altitude sickness, mountain sickness
mal amanché	badly arranged or adjusted; in a difficult situation
mal baisé	in need of a good seeing-to; irritable, fr
mal barré	in bad shape (of a person, situation, etc.
mal dans sa peau	not comfortable in one's own skin, not com
mal de chien	great pain; great difficulty
mal de débarquement	disembarkment syndrome
mal de gorge	sore throat
mal de l'air	airsickness
mal de la route	carsickness
mal de mer	seasickness
mal de naples	French disease, French pox (syphilis)
mal de pierres	renal calculus disease
mal de raquette	snowshoe evil
mal de train	trainsickness
mal de tête	headache
mal de vivre	lingering unhappiness
mal des transports	motion sickness, travel sickness
mal du pays	homesickness
mal du siècle	mal du siècle: apathy and world-weariness,
mal embouché	foul-mouthed
mal en cour	out of royal favour; in disgrace
mal en point	in a bad state, unwell, ailing, beleaguere
mal luné	moody, grumpy (in a bad mood); grouch
mal léché	surly, gruff
mal nécessaire	necessary evil
mal portant	unhealthy
mal à l'aise	ill at ease, uncomfortable, uneasy
mal à propos	inappropriately
mal élevé	rude, bad-mannered, ill-mannered; ill-mannered person
mal-aimé	poorly loved; poorly loved one
mal-baisé	unpleasant person (implying that this is b
mal-vivant	killjoy
mal-être	malaise, ill feeling, emotional suffering
malade comme un chien	sick as a dog, sick as a parrot
malade de la gâchette	trigger-happy (with firearms); a trigger-happy person (with firearms)
malade mental	madman, fool; crazy, sick; mentally ill person
maladie cœliaque	coeliac disease (auto-immune disease chara
maladie d'alzheimer	Alzheimer's disease
maladie d'heberden	angina pectoris
maladie de canavan	Canavan disease
maladie de capdepont	dentinogenesis imperfecta
maladie de charcot	Lou Gehrig's disease
maladie de dupuytren	Dupuytren's contracture
maladie de hansen	Hansen's disease
maladie de la vache folle	mad cow disease
maladie des caissons	caisson disease, decompression sickness, d
maladie des os de verre	brittle bone disease, osteogenesis imperfe
maladie des vikings	Viking disease
maladie du pays	homesickness (nostalgia)
maladie du sommeil	sleeping sickness (any of several diseases; African sleeping sickness (an endemi
maladie infectieuse	infectious disease
maladie mentale	mental illness
maladie orpheline	orphan disease
maladie pulmonaire obstructive chronique	chronic obstructive pulmonary disease
maladie rare	rare disease
maladie sexuellement transmissible	sexually transmitted disease
malgré que	despite that (even though; despite the fac
malgré tout	still; nevertheless; come what may; in spite of everything
malheureux comme les pierres	deeply unhappy
malin comme un singe	smart as a whip (very smart, very shrewd,
malin plaisir	great pleasure, great delight
malle-poste	mail coach
mam'selle	Mam'selle
mamba noir	black mamba
mammouth laineux	woolly mammoth (Mammuthus primigenius)
manche à air	windsock
manche à balai	broomstick; joystick
manche à vent	windsock
manchot adélie	Adelie penguin
manchot antipode	yellow-eyed penguin
manchot de humboldt	Humboldt penguin
manchot de magellan	Magellanic penguin
manchot des galapagos	Galapagos penguin
manchot du cap	African penguin
manchot empereur	emperor penguin (Aptenodytes forsteri)
manchot papou	gentoo penguin
manchot pygmée	little penguin
manchot royal	king penguin, (Aptenodytes patagonicus)
manchot à ailerons blancs	white-flippered penguin
manchot à jugulaire	chinstrap penguin
mandat d'arrêt	arrest warrant
mandat de dépôt	committal order
mandat de perquisition	search warrant
mange-merde	gobshite (person of very poor judgment)
manger au râtelier	to be in the pay of
manger comme quatre	to eat like a horse
manger comme un loup	to gorge
manger comme un moineau	to eat like a bird (to eat very little)
manger comme un ogre	to eat like a horse
manger dans la main	to be familiar with (of animals); to be too familiar or servile with (of hum
manger de la marde	to die hard; to go fuck oneself
manger du curé	to be vehemently anticlerical, to sharply
manger les pissenlits par la racine	to push up daisies
manger maigre	to abstain from meat on certain days appoi
manger ses mots	to mumble, to clip one's words, to pronoun
manger son chapeau	to eat one's hat, to eat humble pie
manger son pain blanc	to begin with the easiest part; to enjoy something while it lasts; to have
manger son pain noir	to go through hard times
manger une volée	to get a hiding, to get beaten up
manger à sa faim	to eat one's fill, to get one's fill, to e
manger à tous les râteliers	to have many irons in the fire, to play th
mangeuse d'homme	a man-eater, a vamp, a seductress
mangeux de marde	shiteater; shithead
maniaco-dépressif	manic-depressive, bipolar; manic-depressive person
manque à gagner	loss of earnings, loss of profit, profit l
manquer le coche	to miss the boat, to miss the bus
manquer le mémo	to miss the memo
manquer un épisode	to miss something
manquer une case	to have a screw loose
manquer à l'appel	to be missing at roll call, to be absent
manquer à sa parole	to break one's word
mante religieuse	praying mantis
manu militari	manu militari
mao-spontex	a neo-Leninist, Maoist, and libertarian th
maquillé comme une voiture volée	heavily made-up, tarted up, done up like a
marais salant	salt marsh
marc de café	coffee grounds
marchand d'art	art dealer
marchand de sable	sandman
marchand de sommeil	slumlord (person who makes money by rentin
marchand de vin	marchand de vin sauce
marche arrière	reverse
marche avant	forward gear
marche blanche	solemn march in memory of someone, tribute
marche de la mort	death march (forced movement of people, on
marche des fiertés	pride parade
marche forcée	forced march, yomp; manual override
marche funèbre	funeral march, dead march (mournful, delib
marche nordique	Nordic walking
marche ou crève	sink or swim, do or die
marche à pied	walking
marche à suivre	procedure, step-by-step instructions, cour
marcher droit	to keep it on the straight and narrow, to
marcher sur des œufs	to walk on eggshells
marcher sur la tête	to act against common sense, to do absurd
marcher sur les pas de	to follow in someone's footsteps
marcher sur les pieds	to step on someone's toes
marcher sur les plates-bandes	to step on someone's toes, to encroach on
marcher à quatre pattes	to walk on all fours; walk on all four leg; to crawl
marché aux puces	flea market (a market selling inexpensive
marché conclu	it's a deal! deal!
marché d'antan	antiques market, antique market, a market; flea market; synonym of marché aux pu
marché de dupe	sucker deal, fool's bargain
marché de l'emploi	labor market, job market
marché du carbone	carbon emissions trading; carbon market
marché du travail	labor market, job market
marché noir	black market
marché public	public tender, government contract, govern
mardi gras	Shrove Tuesday: the day when traditionally; Mardi Gras: the last day of a carniv
marge bénéficiaire	profit margin
marge commerciale	the difference between sale price and purc
marge d'erreur	margin of error (expression of the lack of; margin of error, elbow room
marge de manœuvre	elbow room, wiggle room (freedom or leeway
marge de solvabilité	solvency margin
marguerite des canaries	Paris daisy (Argyranthemum frutescens (L.)
marguerite du cap	blue daisy bush (Felicia amelloides (L.) V
marguerite géante	max chrysanthemum (Leucanthemum maximum (R
mari complaisant	mari complaisant
mariage arrangé	arranged marriage
mariage blanc	sham marriage, marriage in name only; white marriage
mariage civil	civil marriage
mariage de convenance	marriage of convenience
mariage homosexuel	gay marriage; gay wedding
mariage religieux	religious marriage
mariage républicain	republican marriage
marie-couche-toi-là	town bicycle, strumpet (promiscuous woman)
marin d'eau douce	landlubber, freshwater seaman
marin-pompier	a member of a French marine corps principa
marine de guerre	navy
marine marchande	merchant navy, merchant fleet
marine militaire	navy
maroco-français	of Morocco and France
marque blanche	store brand (brand specific to a retail ch
marque commerciale	trademark
marque de fabrique	name brand, trademark; hallmark, calling card (of someone)
marque déposée	registered trademark
marque-page	a bookmark (object or Internet tool)
marquer au fer rouge	to brand (to burn the flesh with a red-hot; to leave a deep impression on, to ma
marquer d'une pierre blanche	to remember as a red letter day, to mark a
marquer le coup	to mark the occasion
marquer le pas	to run out of steam, to lose one's momentu
marquer les esprits	to make a lasting impression, to make an i
marquer un point	to have a point, to be right
marques commerciales	trademark
marqué au coin du bon sens	commonsense
marron glacé	marron glacé (chestnut preserved in sugar
marteau d'armes	a war hammer
marteau à réflexes	a reflex hammer
marteau-pilon	a mechanical pounding tool where a heavy m
marteau-piolet	an ice axe where the adze has been replace
marteau-piqueur	jackhammer
martin-pêcheur	kingfisher (any of various birds of the su
marxisme-léninisme	Marxism-Leninism
marxisme-léninisme-maoïsme	Marxism-Leninism-Maoism
marxiste-léniniste	Marxist-Leninist
maréchal de camp	field marshal
maréchal des logis	Francophone rank replacing sergeant in the
maréchal des logis-chef	Military rank in Francophone countries tha
maréchal-ferrant	farrier (person who trims and shoes horses
marée basse	low tide
marée de morte eau	neaps, neap tide
marée descendante	ebb tide, falling tide
marée haute	high tide
marée montante	flood tide, rising tide
marée noire	an oil spill; a huge disbursement of oil o
masque de grossesse	mask of pregnancy
masque de nuit	sleep mask
masque de plongée	diving mask
masque à gaz	gas mask, respirator
masque à oxygène	oxygen mask
masque-cheval	hobby horse, a horse costume used in festi
mass-média	mass medium
massage cardiaque	CPR (heart massage)
massage coquin	massage with a happy ending
masse atomique	atomic mass, atomic weight
masse au repos	rest mass
masse critique	critical mass (amount of fissile material
masse d'air	air mass
masse d'armes	mace (weapon)
masse monétaire	money supply (the total amount of money (b
masse ponctuelle	point mass
masse salariale	payroll (total sum of money paid to employ
masse volumique	density
masturbation intellectuelle	intellectual masturbation (showing off one
masturbation mutuelle	mutual masturbation
mat'	morning
match amical	exhibition game (practice game which does
match nul	a tie, a draw in a competition or match
matelas de sécurité	safety cushion
matelas gonflable	air mattress, air bed (inflatable bed)
matelas pneumatique	air bed (a bed that inflated with air)
mathématiques appliquées	applied mathematics (mathematics used to s
mathématiques pures	pure mathematics (study of mathematical co
mathématiques récréatives	recreational mathematics
mathématiques supérieures	advanced mathematics, higher mathematics
matière grasse	fat (refined substance chemically resembli
matière grise	grey matter
matière noire	dark matter
matière première	raw material
matière sombre	dark matter
matricaire camomille	chamomile (Matricaria chamomilla)
matricaire inodore	scentless mayweed (Tripleurospermum inodor
matricaire officinale	feverfew
matrice carrée	square matrix
matrice symplectique	symplectic matrix
matrice triangulaire	triangular matrix
matrice unité	identity matrix, unit matrix
matérialisme dialectique	dialectical materialism
matériau de construction	building material
mauvais coucheur	an awkward customer, a crosspatch, a grouc
mauvais gagnant	sore winner
mauvais garçon	bad boy (man of a rebellious nature, which
mauvais génie	malus genius (evil spirit or angel, seen a
mauvais perdant	sore loser, poor sport
mauvais sort	curse (supernatural detriment)
mauvais élève	bad pupil, bad student; person or entity that has a bad track reco
mauvais œil	the evil eye
mauvaise foi	bad faith
mauvaise graine	bad apple
mauvaise herbe	weed (unwanted plant); child, adolescent, young adult or grown pe
mauvaise honte	false modesty
mauvaise humeur	bad mood, ill humor
mauvaise langue	mauvaise langue: a gossip
mauvaise passe	bad spell, rough patch, tough time, diffic
mauvaise volonté	unwillingness, unreadiness
mauvaises manières	bad manners
mauvaises terres	badlands
maître d'armes	fencing master, fencing instructor
maître d'hôtel	the person in charge of the team of waiter; a headwaiter; major-domo
maître d'ouvrage	client, customer, user; project leader, process manager; contracting authority
maître d'école	primary school teacher
maître d'œuvre	master builder; project manager
maître de ballet	ballet master
maître de chapelle	chapelmaster (director of music in a chape
maître de conf	lecturer, associate professor
maître de conférences	associate professor
maître de cérémonie	master of ceremonies, MC; marshal
maître de maison	host (person who allows a guest)
maître principal	Military rank used in Francophone navies u
maître principal-major	Military rank in the navy equivalent to ad
maître à penser	mentor, guru, maître à penser; thought lea
maître-assistant	associate professor; lecturer
maître-chanteur	blackmailer (someone who blackmails); mastersinger (a German lyric poet of the l
maître-chef	(DRC) Military rank equivalent to adjutant
maître-chef principal	(DRC) Military rank equivalent to chief ad
maître-chien	dog handler
maître-cylindre	master cylinder
maître-mot	watchword, byword, name of the game, key,
maître-nageur	swimming instructor, swimming trainer, swi; lifeguard (attendant employed to sav
maîtresse d'école	schoolmarm
maîtresse de maison	housewife; hostess; bawd, mistress of a brothel (see maison cl
maïs lessivé	hominy (lye-washed maize (corn))
maïs soufflé	popcorn
maïs éclaté	popcorn
me diras-tu	I hear you say, I hear you cry, you may as
me direz-vous	I hear you say, I hear you cry, you may as
mea culpa	mea culpa
meilleur ami	best friend
meilleur ami de l'homme	man's best friend (the dog)
meilleur marché	cheaper
meilleure amie	best (female) friend
meilleurs vœux	best wishes! happy New Year!
melon d'eau	watermelon
melon de france	cantaloupe
melon de montréal	Montreal melon
melting pot	melting pot
membrane clignotante	nictitating membrane
membrane déciduale	decidua
membrane haptogène	haptogenic membrane
membrane plasmique	cell membrane
membre fondateur	founding member, founder member, charter m
membre viril	male member, virile member (penis)
menacer ruine	to be on the verge of collapsing, to totte
mener de front	to juggle several activities at once, to h
mener en bateau	to mislead; to trick; to dupe
mener grand train	to live the high life, to live high on the
mener la barque	to hold the reins, to lead the way; to run
mener la danse	to call the shots, to call the tune
mener la vie à grandes guides	to live the high life, to live high on the
mener le bal	to call the shots, to call the tune
mener le jeu	to have the lead, to hold the lead; to call the shots, to call the tune
mener par le bout du nez	to lead by the nose
mener sa barque	to manage one's business, to live one's li
mener une vie de bâton de chaise	to lead a wild life, to live a fast life,
mener à bien	to bring something to completion, to see s
mener à la baguette	to keep on a tight leash, to have under on
meneur d'hommes	leader of men; leader
mensonge par omission	lie by omission
mentalement malade	mentally ill
menthe aquatique	water mint (Mentha aquatica)
menthe poivrée	peppermint (hybrid herb of the mint family
menthe verte	spearmint (Mentha spicata)
menthe-coq	costmary
mentir comme on respire	to lie constantly, to be a born liar
mentir comme un arracheur de dents	to lie through one's teeth, to lie brazenl
menu du jour	set menu
menu déroulant	dropdown list, dropdown menu
menu fretin	small fry
menu gastronomique	gourmet menu
mer d'arabie	Arabian Sea
mer d'aral	Aral Sea (a saline lake straddling the Kaz
mer d'huile	a glassy, waveless sea; a dead calm, a fla
merci beaucoup	thank you very much
merci bien	thank you very much
merci mille fois	thank you so much
merci pour ton aide	thanks for your help
merci pour votre aide	thanks for your help
mercredi des cendres	Ash Wednesday
mercuriale annuelle	annual mercury (Mercurialis annua)
mercuriale commune	annual mercury
mercuriale sauvage	dog's mercury
mercuriale vivace	dog's mercury (Mercurialis perennis)
merde alors	damn! bugger! dammit!
merisier à grappes	bird cherry (Prunus padus)
merle blanc	rara avis
merle d'amérique	American robin (Turdus migratorius)
merlu blanc	European hake (Merluccius merluccius)
merlu commun	European hake (Merluccius merluccius)
merlu européen	European hake (Merluccius merluccius)
mesdames et messieurs	ladies and gentlemen; ladies and gentlemen (used to address an a
message subliminal	subliminal message
message vocal	voice message, vocal
messager sagittaire	secretary bird
messager secrétaire	secretary bird
messager serpentaire	secretary bird
messagerie instantanée	instant messaging
messagerie vocale	voicemail
messe basse	recited mass, Low Mass; whispering
messe de minuit	midnight mass
mesure indirecte	proxy (measurement of one physical quantit
metal chrétien	Christian metal
mets-en	expresses support, agreement, certainty or
metteur en scène	director
mettre au ban	to ban, to ostracize, to exclude, to rejec
mettre au clair	to clear up; set straight
mettre au courant	to inform, to brief, to fill in
mettre au défi	to challenge, to dare, to defy (someone to
mettre au fait	to put in the picture, to bring up to spee
mettre au jour	to bring to light
mettre au monde	to give birth, to bring into the world
mettre au parfum	to put in the know, to clue in, to put in
mettre au pas	to bring to heel, to bring into line, to r
mettre au pilori	to pillory (to blame and criticize harshly
mettre au placard	to shelve, to kick into the long grass, to
mettre au point	to develop, to work out, to set up, to est; to focus (a camera)
mettre au pot	to chip in, to contribute financially
mettre au rancart	to scrap (an object, project, etc.)
mettre au secret	to hold incommunicado, to put in incommuni
mettre aux arrêts	to put under arrest, to arrest, to apprehe
mettre bas	to give birth, to drop; to whelp, to foal,
mettre d'accord	to reconcile; to get someone to agree (wit; to settle on, to agree
mettre dans le même panier	to tar with the same brush, to paint with
mettre dans le même sac	to tar with the same brush, to paint with
mettre dans sa poche	to get on someone's good side, to get some
mettre dans une case	to put someone in a box, to pigeonhole som
mettre de côté	to put aside; to put aside, to save
mettre de l'eau dans son vin	to moderate one's impetuosity; to compromi
mettre de l'huile sur le feu	to add fuel to the fire
mettre dedans	to throw off, to mislead; to deceive
mettre des bâtons dans les roues	to put a spoke in (someone's) wheel, to th
mettre devant la loi	to bring to justice
mettre du baume au cœur	to gladden (someone's) heart, to to warm t
mettre du beurre dans les épinards	to make a little extra money, to top up on
mettre en accusation	to bring charges against, to charge, to in
mettre en application	to implement, to put into practice
mettre en avant	to highlight
mettre en balance	to weigh up; to compare the benefits and d
mettre en bière	to put in a coffin, to place into a coffin
mettre en bouteille	to bottle; to tease, to wind up, to josh
mettre en branle	to set in motion
mettre en cause	to suspect; to accuse, blame
mettre en commun	to pool, to share
mettre en confiance	to gain someone's trust
mettre en danger	to put in danger, to endanger
mettre en demeure	to formally demand (that someone do or ref; to demand that someone do or not do
mettre en disponibilité	to grant a worker a leave of absence, to p
mettre en doute	to question, to call into question, to cas
mettre en examen	to indict
mettre en exergue	to highlight; to bring to light
mettre en garde	to warn, to alert, to caution
mettre en jeu	to gamble; to offer as a prize; to bring into play; to put at stake, to risk, to
mettre en joue	to take aim at, to point a gun at
mettre en ligne	to tidy up, to align; to upload
mettre en lumière	to shine a light on, to bring to light, to
mettre en marche	to start
mettre en mouvement	to put into motion
mettre en pièces	to take to pieces, to tear to pieces, to t
mettre en place	to put in place, to set up; to put into ef
mettre en pratique	to put into practice
mettre en présence	to bring together; to present, to show
mettre en péril	to put in danger, to jeopardize, to endang
mettre en question	to question, to call into question, to cas
mettre en route	to start, to turn on; to set off, to set out
mettre en scène	to set up a stage or a studio; to set the scene (in a work of fiction)
mettre en service	to put into service, to put into operation
mettre en terre	to plant; to bury
mettre en train	to get something underway; to get started
mettre en valeur	to highlight, to underline; to show to advantage
mettre en vente	to put up for sale
mettre en échec	to stymie; to defeat
mettre en évidence	to highlight; to get across; to factor out
mettre en œuvre	to carry out, to set in motion, to do; to
mettre enceinte	to get pregnant, impregnate
mettre entre parenthèses	to put between brackets, to parenthesize; to put on hold, to put on the back bur
mettre fin	to put an end to; to bring to an end; to c
mettre fin à ses jours	to take one's own life
mettre l'accent sur	to highlight
mettre l'eau à la bouche	to make one's mouth water, to whet one's a
mettre la barre	to set the bar, to put the bar
mettre la charrue avant les bœufs	to put the cart before the horse (to put t
mettre la clé sous la porte	to close down (of a business), to close up
mettre la dernière main	to make the final adjustments, to put the
mettre la main	to get one's hands on, to lay hands on, to
mettre la main sur	to lay hands on
mettre la main à la pâte	to muck in, to put one's shoulder to the w
mettre la pression	to put pressure on, to pressure
mettre la puce à l'oreille	to set someone thinking, to cause someone
mettre la pâtée	to wipe the floor with, to thrash (to defe
mettre la pédale douce	to soft-pedal, to put the brakes on, to sl
mettre la table	to set the table, to lay the table
mettre le cap	to set a course, to set sail, to head
mettre le couteau sous la gorge	to hold a gun to someone's head, to pressu
mettre le couvert	to set the table, to lay the table
mettre le doigt dans l'engrenage	to get caught up in something, to get suck
mettre le doigt sur	to put one's finger on
mettre le doigt sur la plaie	to put one's finger on the problem, to put
mettre le feu	to set fire to, to set on fire, to set ali; to set on fire, to set alight
mettre le feu aux poudres	to spark off a crisis, to spark things off
mettre le grappin sur	to get one's hands on, to get one's claws
mettre le holà	to put the kibosh on, to put a stop to, to
mettre le marché en main	to adopt a my-way-or-the-highway attitude
mettre le nez dehors	to get out of one's house, to go outside,
mettre le paquet	to give one's all, to go all out
mettre le pied au plancher	to put the pedal to the metal, to floor it
mettre le pied dehors	to get out of one's house, to go outside,
mettre le pied à l'étrier	to get a foot on the ladder, to get one's; to give someone a leg up
mettre le turbo	to speed up, to get a move on, to pick up
mettre les adjas	to make a move, bugger off; to leave
mettre les bouchées doubles	to double one's efforts, to work twice as
mettre les bouts	to skip town
mettre les bouts de bois	to skip town
mettre les formes	to be tactful, to respect conventions, to
mettre les gaz	to hit the gas, to step on the gas, to ste
mettre les mains dans le cambouis	to get one's hands dirty, to tackle an iss
mettre les petits plats dans les grands	to put on the ritz, put on the dog, put on
mettre les pieds	to set foot (somewhere)
mettre les pieds dans le plat	to put one's foot in it, put one's foot in
mettre les points sur les i	to get things straight, to make things per
mettre les pouces	to give in, to relent
mettre les voiles	to set sail, to depart, to sail away, to s; to go away, to leave
mettre sa main au feu	to bet one's boots that, to bet one's bott
mettre sa main à couper	to bet one's life that, to bet one's boots
mettre sa tête à couper	to bet one's life that, to bet one's boots
mettre ses couilles sur la table	to show that one's got balls, to assert on
mettre son drapeau dans sa poche	to conceal one's true feelings, to hide wh
mettre son grain de sel	to stick one's oar in, to put in one's two
mettre sur la table	to put on the table, to bring up, to broac
mettre sur le tapis	to put on the table, to bring up, to broac
mettre sur papier	to write down, to get down on paper, to co
mettre sur pied	to set up, to establish, to set on foot
mettre sur un piédestal	to place on a pedestal, to put on a pedest
mettre tous ses œufs dans le même panier	to put all one's eggs in one basket
mettre toutes les chances de son côté	to stack the odds in one's favor
mettre un frein	to curb; to put the brakes on; to put a st
mettre un point d'honneur	to make it a point to do
mettre un temps fou	to take a long time, to take ages, to take
mettre un terme	to put an end to, to put a stop to, to cla
mettre à bas	to pull down, to demolish
mettre à contribution	to rope in (someone); to harness (somethin
mettre à exécution	to carry out, to put into effect, to go th
mettre à feu et à sang	to lay waste to, to wreak bloody havoc on
mettre à jour	to update
mettre à l'amende	to fine (to issue a fine as punishment to; to penalize, to sanction
mettre à l'index	to blacklist, to name and shame, to condem
mettre à l'écart	to sideline, to put away, to shut away
mettre à l'épreuve	to put to the test, to test
mettre à la porte	to kick out, to boot out; to give someone the boot, to fire someone
mettre à mal	to jeopardize, to put at risk
mettre à mort	to put to death, to execute
mettre à niveau	to bring up to standard (a skill, subject,; to upgrade, to update; to bring up t
mettre à nu	to strip naked; to lay bare
mettre à pied	to lay off, to fire, to dismiss
mettre à plat	to expose in order to examine
mettre à prix	to put a price on; to put a bounty on
mettre à profit	to put to use, to take advantage of, to ma
mettre à rude épreuve	to test severely, to put through the mill,
mettre à sac	to ransack (to loot or pillage)
mettre à terre	to put down, to beat down, to beat to the
mettre à toutes les sauces	to put the same ingredient in every sauce; make (something) fit every occasion
meule de foin	haystack (a mound, pile, or stack of store
meuleuse d'angle	angle grinder
meurtrier de masse	mass murderer
mezzo-soprano	mezzo-soprano
mi bémol majeur	E flat major
mi-amer	semi-sweet (Literally, “semi-bitter”)
mi-avril	mid-April
mi-bas	knee-length sock; pop sock(s) (UK), knee-high(s) (US)
mi-clos	half shut
mi-décembre	mid-December
mi-figue mi-raisin	half-hearted, half-joking
mi-février	mid-February
mi-janvier	mid-January
mi-long	midlength; shoulder-length; reaching the s
mi-mai	mid-May
mi-mandat	midterm
mi-mars	mid-March
mi-octobre	mid-October
mi-parcours	the midway point
miam-miam	meal; chow
micocoulier de provence	European nettle tree (Celtis australis)
micro-informatique	microcomputing
micro-ordinateur	microcomputer
micro-trottoir	vox pop, street interview
microscope à effet tunnel	scanning tunneling microscope
mieux que rien	better than nothing
mieux vaut prévenir que guérir	prevention is better than cure, better saf
mieux vaut tard que jamais	better late than never
mieux vaut tenir que courir	a bird in the hand is worth two in the bus
mieux vaut être seul que mal accompagné	it is better to be alone than in bad compa
migrant économique	economic migrant
milieu de gamme	mid-range, mid-market
milieu de terrain	midfielder
mille et un	thousand and one (a great many)
mille marin	nautical mile
mille mercis	thank you very much, thanks a million
mille nautique	a nautical mile: synonym of nautique and m
mille-feuille	mille-feuille, vanilla slice; common yarrow, yarrow, milfoil (Achillea m; someth
mille-pattes	millipede (elongated arthropods)
mille-pieds	millipede
millepertuis nummulaire	Hyperycum nummularium L
millepertuis perforé	St. John's wort (Hypericum perforatum L.)
milles trous	baghrir, crêpes arabes (rich Moroccan crêp
mine d'or	gold mine; gold mine, mother lode
mine de rien	discreetly, nonchalantly, unsuspiciously,; without realising it; you wouldn't th
mini-ordinateur	minicomputer
mini-short	hot pants
minimum syndical	bare minimum, the least one can get away w
ministère public	public prosecutor
minute d'arc	minute of angle, minute of arc, arcminute
minute de silence	a moment of silence, minute's silence
minute papillon	hold your horses! not so fast! hang on!
minute-lumière	light minute (astronomical distance)
miroir aux alouettes	smoke and mirrors, will o' the wisp, snare
miroir déformant	distorting mirror
miroir sans tain	one-way mirror
mis à part	apart from, aside from, putting aside
mise au ban	banishment, ostracism, ostracizing
mise au pas	act of bringing someone to heel, of reinin
mise au point	focus; clarification; (public relations) refutati; conception, elaboration
mise bas	(of a non-human animal, especially a mamma
mise en abyme	mise en abyme
mise en accusation	indictment, arraignment
mise en avant	highlighting, showcasing, promoting (of a
mise en bière	casketing (act of placing into a coffin, o
mise en bouche	pre-starter, appetizer; introduction, way in, opening act
mise en bouteille	bottling
mise en branle	the setting in motion of something
mise en commun	pooling (grouping together of various reso
mise en demeure	formal notice, letter of demand
mise en disponibilité	act of granting a worker a leave of absenc
mise en examen	indictment
mise en garde	caution, admonition, warning; trigger warn
mise en jambes	warmup
mise en jeu	face-off
mise en lumière	act of highlighting something
mise en mouvement	act of setting in motion
mise en ordre	ordering, sorting out
mise en page	page setting; layout (process, and result, of arranging
mise en place	installation; mise en place (preparations done before co
mise en pratique	act of putting something into practice
mise en route	start-up
mise en scène	mise en scène, staging (arrangement on a s; contextualization (creation of a con
mise en service	commissioning
mise en situation	scenario; context
mise en terre	inhumation, burial, committal (act of comm
mise en train	start-up (the act or process of starting a
mise en vente	putting up for sale
mise en évidence	highlighting; factoring out
mise en œuvre	implementation (process of moving an idea
mise à contribution	act of roping in someone, of harnessing so
mise à feu	blastoff, ignition, firing, initiation
mise à jour	update (action or result of updating)
mise à l'index	blacklisting
mise à l'écart	sidelining, act of putting away, shunting
mise à mort	execution (the act of putting to death)
mise à niveau	upgrade
mise à pied	a firing, a dismissal of someone from a jo
mise à prix	reserve price, upset price; opening bid, s; act of putting a price or a bounty o
miser sur le bon cheval	to back the right horse
miser sur le mauvais cheval	to back the wrong horse
missile à tête chercheuse	homing missile
mission accomplie	mission accomplished
mission civilisatrice	civilizing mission
mission impossible	mission impossible (extremely difficult, i
mission spatiale	space mission
misère noire	utter destitution, abject poverty, dire po
mobilier urbain	urban furniture
mobilité douce	active mobility, soft mobility, active tra; sustainable means of transport, espe
mode avion	airplane mode, flight mode (feature includ
mode d'articulation	manner of articulation
mode d'emploi	user guide, user manual, instructions for
mode de transfert asynchrone	asynchronous transfer mode
mode de vie	way of life, lifestyle
mode opératoire	modus operandi
mode paysage	landscape mode
mode portrait	portrait mode
mode silencieux	silent mode (setting available on mobile p
modulation de fréquence	frequency modulation
module d'extension	plug-in (computer program add-on)
modus operandi	modus operandi
modèle réduit	scale model
moelle osseuse	bone marrow
moelle épinière	spinal cord
moi vivant	as long as I live, while I'm alive
moindre mal	lesser of two evils, lesser evil
moineau domestique	house sparrow (Passer domesticus)
moineau franc	house sparrow (Passer domesticus)
moins-que-rien	a nobody, a nonentity, chopped liver (unim
moissonneuse-batteuse	combine harvester (farming machine)
moment de vérité	moment of truth
moment psychologique	fateful moment, pivotal moment, decisive m
mon cul	my ass (indicator of disbelief)
mon dieu	my God!
mon gars	friendly term of address between adult mal
mon petit doigt m'a dit	a little bird told me
mon petit doigt me dit	my gut tells me, my gut is telling me; something tells me, something is telling
mon royaume pour un cheval	my kingdom for a horse! (phrase indicating
mon siège est fait	I've made my decision, my mind is made up
mon vieux	old sport, old boy, old chap (familiar ter
mon œil	my eye! my foot! tell it to the marines!
monarchie absolue	absolute monarchy
monarchie de droit divin	monarchy based on the divine right of king
monde de l'autre côté	a foreigner
monde des idées	world of ideas, world of forms (higher ide
monde libre	free world (collectively, all the countrie
monde réel	real world
monnaie courante	a common thing, a common occurrence, commo
monnaie d'échange	coin of the realm (something that is value; bargaining chip (something or someon
monnaie de singe	Monopoly money, play money, false money
monnaie de siège	obsidional money
monnaie fiduciaire	fiat money, fiat currency (money that is n
monnaie scripturale	bank money
monnaie unique	single currency
monnaie-papier	paper money (cash in the form of banknotes
monoamine oxydase	monoamine oxidase
monoxyde de carbone	carbon monoxide (a colourless, odourless,
monsieur durand	Joe Bloggs (UK), John Doe (US)
monsieur je-sais-tout	know-it-all
monsieur propre	Mr. Clean; a wide-shouldered, muscular man
monstre marin	sea monster
monstre sacré	giant, celebrity (undisputed authority in
mont de vénus	mons veneris, mons Venus
mont-blanc	a dessert made from chestnut purée and whi
mont-de-piété	pawnshop, pawnbroker
montagne de glace	iceberg (huge mass of ocean-floating ice w
montagnes russes	rollercoaster (amusement ride); rollercoaster (any situation in which ther
monte-charge	service lift (a lift designed to carry hea; hoist
monte-en-l'air	cat burglar
monte-plat	dumbwaiter
monter au ciel	to go to heaven, to die
monter au créneau	to enter the fray, to step up to the plate
monter au filet	to go up to the net, to move close to the
monter au front	to go up to the front lines; to enter the fray, to step up to the plate
monter d'un cran	to go up a notch, to move up a notch
monter dans les tours	to rev up; to get angry
monter en chaire	to preach, to deliver a sermon
monter en grade	to get a promotion, to get promoted
monter en neige	to beat until stiff
monter en épingle	to highlight; to build up, to play up, to
monter la garde	to stand guard, to keep watch
monter sur les planches	to perform in a theatrical play, to tread
monter sur ses grands chevaux	to get on one's high horse
monter à la tête	to go to someone's head
montre en main	exactly, to the minute
montre à gousset	pocket watch
montre à savonnette	hunter-case pocket watch
montre-bracelet	wristwatch
montrer du doigt	to point out, to indicate; to point at; to
montrer l'exemple	to set an example
montrer la porte	to show (someone) out; to show (someone) t
montrer le bout de son nez	to show up
montrer le poing	to shake one's fist (à (“at”))
montrer les dents	to bare one's teeth, to show one's teeth
montrer patte blanche	to prove one's identity, to state one's cr
montrer son vrai visage	to show one's true colors, to show one's t
monté comme un âne	hung like a donkey
monté sur ressorts	spring-loaded, spring-mounted; very energetic and excitable, wound up, co
montée de lait	let-down (the neurohormonal release of mil; tantrum, outburst (compare soupe au
montée des eaux	rising waters; sea level rise
morceau de sucre	sugar cube
mordre la main nourricière	to bite the hand that feeds one
mordre la main qui nourrit	to bite the hand that feeds one
mordre la poussière	to bite the dust
mordre sur sa chique	to tough it out, to gut it out, to bite th
mordre à l'hameçon	to take the bait, to rise to the bait
morphème libre	free morpheme
morphème lié	bound morpheme
morphème zéro	null morpheme, zero morpheme (morpheme tha
mort aux cabris	star of Bethlehem
mort aux vaches	star of Bethlehem
mort clinique	clinical death
mort cérébrale	brain death
mort de faim	on the prowl, super horny, thirsty, eager
mort de rire	dying laughing
mort et enterré	dead and buried, dead as a dodo
mort noire	Black Death
mort ou vif	dead or alive
mort sociale	social death (alienation of certain people
mort subite	sudden death
mort subite du nourrisson	crib death, cot death, sudden infant death
mort-aux-rats	rat poison, ratsbane
mort-né	stillborn (dead at birth); stillborn
mort-vivant	undead (those creatures which are dead yet
morte-eau	neap tide (the lowest tide)
morte-saison	off-season
morue polaire	Arctic cod, polar cod (Arctogadus glaciali
mot ad hoc	nonce word
mot caché	word search, a type of puzzle using a rect
mot composé	compound, compound word (linguistics: word
mot d'esprit	witticism
mot d'ordre	watchword
mot d'église	curse word, specifically one derived from
mot de cambronne	the word merde (“shit”); the s-word, s-bom
mot de la fin	closing words, concluding remarks
mot de passe	password (word relayed to a person to gain; password (string of characters used
mot grammatical	function word, grammatical word
mot juste	exactly the right word or phrasing
mot lexical	content word, lexical word
mot magique	magic word; the use of “please” (s'il vous plaît / s'i
mot pour mot	word for word, verbatim, in so many words
mot souche	root (word from which another word or word
mot à mot	word for word, verbatim; word-for-word translation, verbatim transl
mot-clic	hashtag (term used to tag a missive to ide
mot-dièse	hashtag
mot-outil	function word
moteur de recherche	search engine
moteur thermique	combustion engine
moteur à deux temps	two-stroke engine
moteur à explosion	piston engine
moteur à quatre temps	four-stroke engine
moteur à réaction	reaction engine, jet engine (engine that o
motion de censure	vote of no confidence
motion de confiance	vote of confidence
moto-école	motorcycle driving school
mots croisés	crossword (word puzzle in which interlocki
mots fléchés	arrowword (crossword puzzle with the clues
mots-croisiste	one who solves crossword puzzles
motus et bouche cousue	mum's the word; one's lips are sealed
mou du bulbe	soft in the head, softheaded; birdbrain, dimwit, dim bulb
mou du genou	sluggish, listless, wet, halfhearted; wet noodle, sluggard
mouche de feu	firefly
mouche du coche	back-seat driver, kibitzer (person who pre
mouche du vinaigre	fruit fly
mouche luisante	firefly
mouche à feu	firefly
mouche à merde	dungfly, bluebottle, greenbottle
mouche à miel	bee, honeybee
mouche à scie	sawfly
mouchoir de poche	a pocket handkerchief, a pocket square; a postage stamp (a very exiguous place)
mouchoir en papier	paper handkerchief, tissue
mouette blanche	ivory gull (Pagophila eburnea)
mouette rieuse	black-headed gull
mouiller son lit	to wet the bed (to urinate in one's bed)
moule au beurre d'arachide	peanut butter cup
moule à gaufres	waffle iron
moule-bite	budgie smugglers
moules marinières	moules marinières
moules-frites	a dish consisting of mussels and French fr
moulin à café	coffee grinder
moulin à eau	watermill
moulin à paroles	chatterbox
moulin à poivre	pepper mill
moulin à vent	windmill (structure)
mourir de faim	to starve; to be starving, to be ravenous (to be extr
mourir de sa belle mort	to die of old age, to die a natural death; to die out or fade away gradually and
mourir de soif	to be dying of thirst (to be extremely thi
mourir en odeur de sainteté	to die with a reputation of holiness
mouron rouge	scarlet pimpernel (Anagallis arvensis)
mousse au chocolat	chocolate mousse
mousse barbue	usnea
mousse de savon	lather
mousse du chat	a kind of chocolate mousse decorated with
mousse à raser	shaving cream
moustique tigre	tiger mosquito
mouton de panurge	lemming, sheep (one who follows a group wi
mouton noir	a black sheep
mouton à cinq pattes	unicorn; black swan; flying pig (a kind of
mouvement de jeunesse	youth movement; youth organization
mouvement perpétuel	perpetual motion (motion of some hypotheti
mouvement rectiligne uniforme	constant velocity motion, uniform linear m
mouvement rectiligne uniformément accéléré	constant acceleration motion, uniformly ac
mouvement social	social movement
moyen anglais	Middle English
moyen breton	Middle Breton (language)
moyen coréen	Middle Korean
moyen de transport	means of transportation
moyen français	Middle French (French language from the ea
moyen gallois	Middle Welsh
moyen irlandais	the Middle Irish language
moyen néerlandais	the Middle Dutch language
moyen perse	Middle Persian
moyen-oriental	Middle Easterner (resident or native of th
moyenne arithmétique	arithmetic mean
moyenne au bâton	batting average
moyenne géométrique	geometric mean
moyenne harmonique	harmonic mean
moyenne mobile	moving average, rolling average
moyenne pondérée	weighted arithmetic mean, weighted mean
moyenne quadratique	quadratic mean
moyenne surface	supermarket
mozza stick	mozzarella stick
mr freeze	Mr Freeze
muet comme une carpe	obstinately refusing to speak, especially
muet comme une tombe	silent as the grave, silent as the tomb
multi-instrumentiste	multi-instrumentalist
multi-locataire	multitenant
multi-propriétaire	multi-owner
municipalité régionale de comté	regional county municipality
muqueuse utérine	endometrium
mur de soutènement	retaining wall
mur du son	sound barrier (physical boundary)
mur mitoyen	party wall (commonly shared wall dividing
mur porteur	foundation wall, load-bearing wall
muscle ischio-jambier	posterior femoral muscle, hamstring muscle
muscle lisse	smooth muscle
muscle papillaire	papillary muscle
muscle squelettique	skeletal muscle
muscle sterno-cléido-mastoïdien	sternocleidomastoid muscle
muscle strié	striated muscle
musique classique	classical music
musique concrète	musique concrète
musique d'ameublement	furniture music
musique d'ascenseur	lift music, elevator music (bland, inoffen
musique d'aéroport	lift music, elevator music (bland, inoffen
musique de chambre	chamber music
musique populaire	pop music
musique sacrée	religious music, sacred music
musique savante	classical music, art music (the more serio
musique sérieuse	classical music, art music (the more serio
musée imaginaire	imaginary museum
mutation adoucissante	soft mutation; lenition
mutatis mutandis	mutatis mutandis (having changed what need
myope comme une taupe	blind as a bat
mystère et boule de gomme	who knows?
mâcher le travail	to break the back of the work for, to do t
mâle alpha	alpha male (dominant male in a group of an; alpha male (dominant, assertive, pro
mât d'artimon	mizzenmast (the aftmost mast on a ship hav
mât de misaine	foremast (the mast nearest the bow, on a s
mère au foyer	housewife
mère de vinaigre	mother of vinegar
mère fondatrice	founding mother (woman who founded somethi
mère patrie	motherland
mère porteuse	surrogate mother
mère poule	mama bear (overprotective mother)
mère supérieure	mother superior (nun in charge of a conven
mère-grand	grandma
mètre carré	square metre, square meter (standard unit
mètre cube	cubic metre (unit of volume)
mètre pliant	folding meter, folding rule, folding ruler
mécanique classique	classical mechanics (physical laws of natu
mécanique des fluides	fluid mechanics
mécanique quantique	quantum mechanics
médaille d'argent	silver medal
médaille d'or	gold medal
médaille de bronze	bronze medal
médaille en chocolat	a nonexistent prize for finishing in fourt; a disappointing or worthless award o
médecin de famille	general practitioner, family doctor
médecin du travail	workplace doctor, occupational physician,
médecin généraliste	general practitioner
médecin légiste	coroner, medical examiner
médecin traitant	regular doctor, personal doctor, attending
médecin urgentiste	emergency physician, accident and emergenc
médecine alternative	alternative medicine
médecine d'urgence	emergency medicine
médecine du sport	sports medicine (branch of medicine that d
médecine du travail	occupational medicine
médecine légale	forensic medicine
médecine non conventionnelle	alternative medicine
média de masse	mass medium
médicament orphelin	orphan drug
méga-ohm	mega-ohm
mélanger des choux et des carottes	to mix apples and oranges, to compare appl
mélanger les torchons et les serviettes	to mix apples and oranges, to compare appl
méli-mélo	mishmash, hodgepodge (a collection of misc
mélèze commun	European larch (Larix decidua)
mélèze d'europe	European larch (Larix decidua)
mémoire collective	collective memory
mémoire d'éléphant	extremely good memory
mémoire de poisson rouge	memory of a goldfish (extremely bad memory
mémoire de travail	working memory
mémoire déclarative	declarative memory
mémoire morte	ROM, read-only memory
mémoire musculaire	muscle memory (physiological adaptation of
mémoire photographique	photographic memory, eidetic memory
mémoire procédurale	procedural memory
mémoire sélective	selective memory
mémoire sémantique	semantic memory
mémoire vive	RAM, random access memory
mémoire à court terme	short-term memory
mémoire à long terme	long-term memory
mémoire épisodique	episodic memory
ménage de printemps	spring clean
ménage à trois	ménage à trois; ménage à trois; a household of three; a trio
ménager la chèvre et le chou	to run with the hare and hunt with the hou
mérion de lambert	variegated fairywren
mérion splendide	splendid fairywren
mérion superbe	superb fairywren
mérion à gorge bleue	blue-breasted fairywren
mérion élégant	red-winged fairywren
méristème secondaire	the meristem allowing the growth of trees
mésange charbonnière	great tit (Parus major)
mésange de pologne	European penduline tit (Remiz pendulinus)
mésange noire	coal tit (Periparus ater)
mésange penduline	European penduline tit (Remiz pendulinus)
mésange rémiz	European penduline tit (Remiz pendulinus)
méta-analyse	meta-analysis (statistics)
métal alcalin	an alkali metal
métal lourd	heavy metal
métal précieux	precious metal
métal rare	rare metal
métaphore filée	extended metaphor
métathèse de quantité	quantitative metathesis
méthode scientifique	scientific method (method of discovering k
méthode virtuelle	virtual method
méthyl tert-butyl éther	methyl tert-butyl ether
métier à tisser	loom (weaving frame)
même pas	not even; no, not even!
même pas en rêve	in your dreams! you wish! not a chance!
même si	even if; although, even though
même si sa vie en dépendait	for the life of one, to save one's life, f
n'ai	not
n'aie crainte	fear not, never fear, don't worry
n'avoir cure	to have no interest in; to not care about
n'avoir d'yeux que pour	to only have eyes for, to be all eyes for
n'avoir de cesse	not to rest until, not to stop until; to spend one's time doing something, to ke
n'avoir ni queue ni tête	to make no sense, to have no rhyme or reas
n'avoir qu'une parole	to be as good as one's word, to be true to
n'avoir qu'à bien se tenir	had better watch out, had better brace one
n'avoir que faire	to have no interest in; to not care about
n'avoir que la peau sur les os	to be skin and bones (to be emaciated; to
n'avoir rien pour soi	to have nothing going for one, to have not
n'avoir rien à se mettre	to have nothing (i.e. no decent or elegant
n'empêche	despite all, nevertheless, still
n'en avoir rien à foutre	to not give a fuck
n'en déplaise à	with all due respect to…; with apologies t
n'en faire qu'à sa tête	to never listen to anyone else, to be pig-
n'en plus pouvoir	to be exhausted; to be overwhelmed; to be unable to take any more; to have had
n'en pouvoir mais	to not be responsible for something; to be unable to take it any longer, to be
n'est-ce pas	used as an expression of affirmation after
n'eût été	if not for
n'importe	no matter, never mind the, any, -ever
n'importe comment	haphazardly
n'importe lequel	any one; no matter which; whichever
n'importe où	anywhere, wherever
n'importe quand	anytime, whenever
n'importe quel	any, whichever
n'importe qui	anybody, anyone; whoever; whomever
n'importe quoi	anything (without discrimination); nonsense, mess; nonsense!, rubbish!, hogwash!
n'y a-t-il	isn't there? aren't there? (after a modal
n'y voir que du bleu	to fall for it, to be taken in, to be tota
n'y voir que du feu	to see stars after receiving a physical bl; to be unable to see the finer detail
n'y être pour rien	to have no responsibility (for it); to hav
n'écouter que d'une oreille	to listen with half an ear (to listen dist
n-butane	n-butane
n-simplexe	n-simplex
n-uple	n-tuple
n-uplet	n-tuple
nacelle élévatrice	cherry picker; aerial work platform, mobile elevating wor
nage libre	freestyle
nage papillon	butterfly stroke
nageoire adipeuse	adipose fin
nageoire anale	anal fin
nageoire caudale	caudal fin
nageoire dorsale	dorsal fin
nageoire pectorale	pectoral fin
nageoire pelvienne	pelvic fin
nager comme un fer à repasser	to be a very poor swimmer
nager entre deux eaux	to have a foot in both camps, to run with
nain de jardin	garden gnome (small statue of a gnome used; dwarf, midget (very small person)
naine blanche	white dwarf (“white dwarf star”)
naine brune	brown dwarf (sub-stellar object)
naine noire	black dwarf (hypothesized white dwarf that
naine rouge	red dwarf (small, relatively cool star of
nappe phréatique	water table
nard raide	European matgrass (Nardus stricta L.)
narrateur omniscient	omniscient narrator
natation synchronisée	synchronized swimming
national-socialisme	National Socialism
national-socialiste	National Socialist
nature des choses	nature of things, nature of the beast, ord
nature morte	still life (work of art)
nautilite triangulaire du havre	Angulithes mermeti
navette spatiale	space shuttle
navigation à l'estime	dead reckoning (method of estimating the p
navire amiral	flagship (ship occupied by the fleet's com
navire capital	capital ship
navire câblier	cable ship
navire de charge	cargo ship, freighter (merchant ship that
navire de croisière	cruise ship
navire de guerre	warship
navire de ligne	ship of the line
navire-citerne	tanker (vessel)
ne chercher que plaie et bosse	to dream of swashbuckling adventures; to w
ne connaître ni d'ève ni d'adam	to not know someone from Adam; to not know
ne craindre ni dieu ni diable	to fear neither Heaven nor Hell, to be uns
ne dormir que d'un œil	to sleep with one eye open
ne douter de rien	to be overly confident (in one's worth)
ne faire aucun doute	to be a certainty, to be clear
ne faire ni chaud ni froid	to leave indifferent, not to affect emotio
ne faire qu'un	to be one and the same, to be as one
ne faire qu'une bouchée	to make short work of; to eat in one go, v; to make short work of, to make mince
ne faire que	For non-idiomatic uses: see faire (“do”) a; only, merely, just; indicates a cont
ne fût-ce que	not least because
ne jamais dire jamais	never say never
ne m'en parle pas	tell me about it
ne m'en parlez pas	tell me about it
ne parle pas de malheur	God forbid!
ne pas avoir dit son dernier mot	not to have given up, to still be in the g
ne pas avoir froid aux yeux	not to be faint-hearted, not to be backwar
ne pas avoir inventé l'eau chaude	to not be the sharpest knife in the drawer
ne pas avoir inventé la poudre	to not be the sharpest knife in the drawer
ne pas avoir inventé le fil à couper le beurre	to not be the sharpest knife in the drawer
ne pas avoir la tête à	not feel like (doing something), not be in
ne pas avoir le cul sorti des ronces	not to be out of the woods yet, not to be
ne pas avoir les yeux dans sa poche	not to miss a thing, to see everything, to
ne pas avoir les yeux en face des trous	not to see something which is obvious, rig
ne pas avoir sa langue dans sa poche	to never be at a loss for words, to be ver; to speak plainly, to be very frank
ne pas avoir son pareil	to be second to none, to be without equal,
ne pas avoir toutes ses frites dans le même sachet	to have a screw loose, to be a few sandwic
ne pas avoir un mot plus haut que l'autre	to never raise one's voice, to always be c
ne pas avoir un radis	not to have two pennies to rub together, t
ne pas avoir un rond	not to have two pennies to rub together, n
ne pas avoir un sou vaillant	not to have two pennies to rub together, t
ne pas casser trois pattes à un canard	to be nothing to write home about (to be m
ne pas croire si bien dire	not to know how right one is (said when so
ne pas dater d'hier	not to be a recent development, not to be
ne pas desserrer les dents	to keep one's lips sealed, to remain silen
ne pas dire non	not to refuse
ne pas donner cher de la peau de	not to give much for someone's chances, to
ne pas donner signe de vie	to show no sign of life, not to let people
ne pas en branler une	to do fuck all, not to do a damn thing, to
ne pas en croire ses oreilles	not to believe one's ears
ne pas en croire ses yeux	not to believe one's eyes
ne pas en ficher lourd	to laze around
ne pas en foutre une	to do fuck all, not to do a damn thing, to
ne pas en mener large	not to feel at ease, to be terrified or in
ne pas en rater une	to do every stupid thing possible, to comm
ne pas en toucher une	to be clueless, to be completely unskilled
ne pas en être à son coup d'essai	to be no newbie, not to be a first-timer
ne pas faire dans la demi-mesure	not to go in for half-measures, not to hal
ne pas faire dans la dentelle	not to embarrass oneself with manners, be
ne pas faire de cadeaux	to take no prisoners; to do no favours (to
ne pas faire de doute	to be a certainty, to be clear
ne pas faire de mal à une mouche	to not hurt a fly
ne pas faire long feu	not to last very long
ne pas faire un pli	for there to be no doubt about it, to be a
ne pas fermer l'œil	not to sleep a wink
ne pas l'emporter au paradis	to live to regret it
ne pas laisser pierre sur pierre	to destroy completely
ne pas lâcher d'une semelle	to follow (someone) everywhere, to stay cl
ne pas lésiner sur les moyens	to go all out; to pull out all the stops
ne pas manger de ce pain-là	to want no part of it, not to be that kind
ne pas manquer d'air	to behave in a haughty, insolent, impudent
ne pas manquer de sel	not to be lacking in spice, not to be with
ne pas mâcher ses mots	not to mince words (to speak abruptly, fra
ne pas payer de mine	to be not much to look at
ne pas perdre une miette	to take everything in, to drink it all in,
ne pas piper mot	to shut up (remain (surprisingly) silent)
ne pas pouvoir ne pas	to be obligated to, to have no choice but; can't help, can't help but
ne pas promettre poires molles	to threaten, to guarantee that there will
ne pas quitter des yeux	not to let out of one's sight, not to take
ne pas rester pierre sur pierre	for there to be nothing left (of a buildin
ne pas s'en laisser conter	to be no sucker, to not be easily taken in
ne pas savoir sur quel pied danser	to be in a quandary, to be unsure of what
ne pas savoir à quel saint se vouer	Not to know where to turn, not to know wha
ne pas se bousculer au portillon	not to line up, not to queue up, not to cr
ne pas se faire attendre	not to be long in coming, to come quickly
ne pas se fouler	not to overstrain oneself, not to over-exe
ne pas se le faire dire deux fois	not need to be told twice
ne pas se moucher du pied	to think one is the business, to think one
ne pas se prendre pour de la merde	to think the sun shines out of one's arse,
ne pas se trouver sous le sabot d'un cheval	not to grow on trees, to be rare, to be ha
ne pas sentir la rose	to smell bad, to stink
ne pas tourner rond	not to run smoothly; to be wrong, to be amiss; to have a screw loose
ne pas valoir un clou	not to be worth a thing, not to be worth a
ne pas voir plus loin que le bout de son nez	not to see past the end of one's nose (be
ne pas voler haut	not to be terribly refined, to be lowbrow,
ne pas y aller avec le dos de la cuillère	not to go in for half measures
ne pas y aller de main morte	to be heavy-handed
ne pas y aller par quatre chemins	not to beat around the bush, to go straigh
ne pas y avoir photo	for there to be no doubt about it
ne pas être au bout de ses peines	to be in for more hardships, to have furth
ne pas être au bout de ses surprises	to be in for more surprises, to have more
ne pas être dans son assiette	to feel under the weather, to feel fragile
ne pas être de refus	to be something to which one wouldn't say
ne pas être en reste	to be just as good as someone, not to comp
ne pas être la mer à boire	to not be an insurmountable task, an endea
ne pas être né de la dernière pluie	not to be born yesterday, not to have fall
ne pas être piqué des hannetons	to be pretty good, to be quite something,
ne pas être piqué des vers	to have no flies on one, to be pretty good
ne pas être sans ignorer	to know full well
ne pas être sans savoir	to know full well, to know very well
ne pas être sorti de l'auberge	not to be out of the woods yet, not to be
ne pas être sorti des ronces	not to be out of the woods yet, not to be
ne pas être une mince affaire	to be no mean feat, to be no small feat, n
ne plus avoir de secret	to hold no secret
ne plus pouvoir voir en peinture	to be sick of (something/someone), not to
ne plus savoir où donner de la tête	not know whether one is coming or going, n
ne plus se connaître	to be beside oneself with anger, to be fur
ne plus se sentir	to feel exhilarated; to be beside oneself
ne plus se sentir pisser	to feel exhilarated; to be beside oneself
ne plus être à ça près	conveys the notion that anymore of somethi
ne reculer devant rien	to stop at nothing
ne rien dire qui vaille	not to look good, not to bode well
ne rien se refuser	not to stint oneself, not to deny oneself
ne rien vouloir entendre	not have any of it, not want to know
ne rien vouloir savoir	not have any of it, not want to know
ne rimer à rien	to make no sense, to have no rhyme or reas
ne serait-ce que	in part because, not least because, partia; if only; at least
ne souffler mot	to not breathe a word of, to not say, to b
ne tenir qu'à un cheveu	to hang by a thread
ne tenir qu'à un fil	to hang by a thread
ne-m'oubliez-pas	forget-me-not (plant of the genus Myosotis
nec plus ultra	the best of the best
neige artificielle	a type of water ice based artificial snow; fake snow; a snow substitute that is
neige carbonique	dry ice, cardice
neige de culture	a type of water ice based artificial snow
neige fondue	sleet (precipitation); slush (on the ground)
neige marine	marine snow
neiger à plein ciel	to snow heavily
neiger à plein temps	to snow heavily
neiges d'antan	things of the past, forgotten, or out of d
nerf crânien	cranial nerve
nerf de bœuf	cosh (type of truncheon)
nerf du canal ptérygoïdien	nerve of the pterygoid canal
nerf optique	optic nerve
nerf pneumogastrique	pneumogastric nerve
nerf trijumeau	trigeminal nerve, fifth cranial nerve
nerf vague	vagus nerve
nerf vidien	Vidian nerve
nettoyage de printemps	spring clean
nettoyage ethnique	ethnic cleansing
nettoyage à sec	dry cleaning
nettoyer les écuries d'augias	to clean the Augean stables
neuf cents	nine hundred
neuf-centième	nine-hundredth
neuf-cents	nine hundred
neuf-mille	nine thousand
neuf-vingts	ninescore, one hundred eighty, 180
neuro-végétatif	neurovegetative
neutralité carbone	carbon neutrality
neuvième art	comics, graphic novels, comic art
new wave	New wave (music genre)
new-yorkais	of New York; New Yorker
nez en bec d'aigle	a hawknose
nez en trompette	a turned-up nose, a snub nose
nez à nez	face to face
ni chair ni poisson	neither fish nor fowl (something or someon
ni fait ni à faire	half-assed, sloppy, slipshod
ni oui ni non	a game whose aim is to answer yes-or-no qu
ni plus ni moins	neither more nor less; no more no less; qu
ni pour or ni pour argent	not for all the tea in China, under no cir
ni vu ni connu	on the sly, secretly
niche fiscale	tax exemption
nid d'aigle	eyrie; eyrie (almost inaccessible and inexpugnabl
nid d'amour	love nest
nid de poule	pothole (a hole in the road)
nid de vipères	snake pit (any institution full of hostile
niet-niet	utter denial or refusal
nigelle cultivée	black caraway (Nigella sativa)
nigelle de damas	love-in-a-mist (Nigella damascena) L
nigelle orientale	Nigella orientalis L
night shop	a convenience store, a bodega
nigritelle de gabas	Gymnadenia nigra (L.) Rchb.f. subsp. gabas
nigritelle noire	Gymnadenia nigra (L.) Rchb.f
ninoxe aboyeuse	barking owl (Ninox connivens)
niveau de difficulté	difficulty level
niveau de la mer	sea level
niveau de service	service level
niveau à bulle	spirit level, bubble level
niveau à lunette	surveyor's level
nivellement analogique	paradigm leveling, morphological leveling,
nivellement par le bas	dumbing down, lowering of the standards, r
nivo-glaciaire	nivoglacial
nivo-pluvial	nivopluvial
no comment	no comment (a refusal to say the obvious i
no-go zone	no-go zone
noblesse de robe	in the Ancien Régime, a status of nobility
noblesse oblige	noble or more generally high-ranked people
noces d'or	golden wedding
noir comme dans un four	dark to the point where one can't see, pit
noir comme l'ébène	black as ebony, pitch-black, jet-black
noir comme poix	pitch-black, jet-black, black as coal
noir de fumée	lampblack
noir de jais	jet-black
noir de monde	black, heaving, packed, crammed, overcrowd
noir et blanc	black-and-white (displaying images in shad
noir marron	maroon
noir sur blanc	in black and white, explicitly
noircir le tableau	to paint a bleak picture of a situation, t
noix de cajou	cashew nut (the seed of the cashew tree)
noix de coco	coconut
noix de grenoble	walnut
noix de macadamia	macadamia nut
noix de muscade	nutmeg (seed)
noix de pin	pine nut
noix de pécan	pecan (nut)
noix de saint-jacques	great scallop; king scallop
noix du brésil	brazil nut
noix vomique	nux vomica, fruit of the strychnine tree
nom abstrait	abstract noun
nom adjectif	noun adjective, adjective noun, adjective
nom binominal	binomial name
nom collectif	collective noun
nom commun	common noun
nom complet	full name
nom concret	concrete noun
nom d'agent	agent noun
nom d'emprunt	pseudonym, alias
nom d'oiseau	insult
nom d'une pipe	bloody hell; cor blimey
nom d'utilisateur	username (a person’s identification on a c
nom de baptême	baptismal name; Christian name
nom de bleu	my goodness; (oh) my God
nom de code	code name
nom de dieu	bloody hell; Jesus Christ; goddammit (indi
nom de dieu de bordel de merde	Jesus fucking Christ; holy fucking shit (i
nom de domaine	domain name
nom de famille	surname
nom de guerre	pseudonym used in wartime; nom de guerre: pseudonym
nom de jeune fille	maiden name
nom de marque	brand, brand name; trademark
nom de marque générique	genericized trademark; proprietary eponym
nom de marque lexicalisé	genericized trademark; proprietary eponym
nom de personne	personal name
nom de plume	nom de plume, pen name
nom de produit	product name, brand name
nom de scène	stage name
nom de temps	temporal noun
nom dénombrable	countable noun, count noun
nom déposé	registered trademark
nom générique	generic name (the first word in a binomina
nom indénombrable	uncountable noun
nom latin	Latin name
nom marital	married name (usually of a woman)
nom massif	mass noun
nom propre	proper noun
nom savant	scientific name
nom scientifique	scientific name, Latin name
nom spécifique	specific name, specific epithet
nom substantif	noun, substantive
nom systématique	systematic name
nom taxonomique	taxonomic name
nom trivial	trivial name
nom vernaculaire	vernacular name, common name
nom épithète	noun adjunct, attributive noun
nomade numérique	digital nomad (someone who earns a living
nomadisme numérique	digital nomadism
nombre abondant	abundant number
nombre atomique	atomic number
nombre carré	square number
nombre complexe	complex number
nombre d'avogadro	Avogadro's number
nombre d'or	golden ratio (irrational number)
nombre d'oxydation	Oxidation number
nombre de	quite a few
nombre entier	whole number
nombre impair	odd number
nombre naturel	natural number
nombre pair	even number
nombre premier	prime number
nombre quantique	quantum number
nombre rationnel	rational number
nombre réel	real number
nombre transcendant	transcendental number
nombre univers	a real number in the decimal part of which
nominatif absolu	nominative absolute
non c'est non	no means no
non content de	not happy with …, not satisfied with …, no
non genré	Gender-neutral, genderless; a non-binary person
non mais	honestly! well, really! do you mind! (used
non merci	no thanks, no thank you
non pas	no
non pas que	not that
non peut-être	of course, not maybe
non plus	either; neither
non que	not that
non sequitur	non sequitur (invalid argument)
non seulement	not only
non-alignement	nonalignment (state of being nonaligned)
non-assistance à personne en danger	non observance of one's duty to rescue, fa
non-binaire	non-binary
non-casse	absence of breakage (act)
non-combattant	noncombatant
non-conformisme	nonconformism
non-conformiste	non-conformist
non-conformité	nonconformity
non-consécutivité	nonconsecutiveness
non-contradiction	non-contradiction
non-discrimination	nondiscrimination
non-disponibilité	non-availability
non-dit	unstated, unacknowledged; unacknowledged fact; thing left unsaid
non-euclidien	non-Euclidean
non-existence	nonexistence
non-exécution	nonexecution
non-fiction	nonfiction
non-figuratif	nonrepresentational
non-fumeur	non-smoker (somebody who does not smoke to
non-ingérence	non-interference
non-initié	uninitiated
non-inscrit	non-inscrit
non-intervention	non-intervention
non-interventionnisme	non-intervention policy, non-interventioni
non-métal	nonmetal (element that does not have the p
non-paiement	nonpayment
non-programmeur	nonprogrammer
non-prolifération	nonproliferation
non-respect	failure to respect, disregard
non-résistance	unresistance; nonviolence
non-sens	a situation or statement that is completel; a statement that is semantically, et
non-séparation	nonseparation, unseparation
non-verbal	non-verbal (in a form other than written o
non-violence	nonviolence
nonante et un	ninety-one
nonante et unième	ninety-first
nonante-cinq	ninety-five
nonante-deux	ninety-two
nonante-huit	ninety-eight
nonante-neuf	ninety-nine
nonante-quatre	ninety-four
nonante-sept	ninety-seven
nonante-six	ninety-six
nonante-trois	ninety-three
nord-caucasien	North Caucasian (resident or native of Nor
nord-chypriote	Northern Cypriot
nord-coréen	North Korean; North Korean (person)
nord-est-quart-est	northeast by east (compass point)
nord-est-quart-nord	northeast by north (compass point)
nord-irlandais	resident or native of Northern Ireland; of Northern Ireland
nord-nord-est	north-northeast (compass point)
nord-occidental	northwestern
nord-oriental	northeastern
nord-ouest-quart-nord	northwest by north (compass point)
nord-ouest-quart-ouest	northwest by west (compass point)
nord-quart-nord-est	north by east (compass point)
nord-quart-nord-ouest	north by west (compass point)
nord-vietnamien	North Vietnamese
nota bene	nota bene (used to add an aside or warning
note d'agrément	grace note (musical note played to ornamen
note de bas de page	footnote
note de crédit	credit note
note de cœur	middle note, heart note
note de débit	debit note
note de fond	base note
note de frais	expenses claim; expense account
note de passage	passing note
note de tête	head note, top note
note sensible	leading tone
note étrangère	nonchord tone
nouille de piscine	pool noodle
nourrir son homme	to put food on the table, to pay the bills
nourrir un serpent dans son sein	to nourish a viper in one's bosom
nous autres	we (exclusive first-person plural pronoun; we (inclusive or exclusive — you and
nous de majesté	royal we, majestic plural (plural used by
nous-mêmes	ourselves
nouveau départ	fresh start
nouveau riche	nouveau riche, new money
nouveau réalisme	nouveau réalisme (art movement founded in
nouveau venu	newcomer, new arrival, new kid on the bloc
nouveau-né	newborn
nouvel homme	a new man
nouvelle donne	new situation
nouvelle lune	new moon
nouvelle vague	new wave, nouvelle vague
nouvelles technologies	new technologies; digital technologies
noyau atomique	atomic nucleus
noyau dur	hard core
noyau terrestre	Earth's core
noyer du brésil	brazil nut (tree)
noyer le poisson	to elude a question, to kick into touch, t
noyer son chagrin	to drown one's sorrows
noël blanc	white Christmas
noël noir	black Christmas
np-complétude	NP-completeness
nu comme un ver	stark naked; naked as a jaybird
nu-tête	bareheaded
nuage de magellan	a Magellanic Cloud. A member of the Magell
nuage noir	dark cloud
nuage électronique	electron cloud
nuage-mur	wall cloud
nuit américaine	day for night
nuit blanche	white night (sleepless night); nuit blanche (an all-night celebration or
nuit de noces	wedding night
nuit des longs couteaux	Night of the Long Knives; The Night of the Long Knives, the night of
nuit et jour	day and night (all the time, unceasingly)
nuit noire	total darkness
nuit nuptiale	wedding night
nuit polaire	polar night
nul de chez nul	lousy, shit, shitty, crappy (completely wo
nul et non avenu	null and void
nul n'a bien s'il ne le compère	Nothing comes out of nothing
nul n'est censé ignorer la loi	ignorantia juris non excusat, ignorance of
nul n'est parfait	nobody's perfect
nul n'est prophète en son pays	a prophet is not without honor save in his
nul à chier	dogshit (completely worthless)
nulla pœna sine lege	nulla pœna sine lege
nulle part	nowhere
numéro atomique	atomic number
numéro d'assurance sociale	social insurance number
numéro de compte	account number
numéro de série	serial number
numéro de téléphone	telephone number, phone number
numéro vert	freephone number; toll-free number
numéroter ses abattis	to check how many limbs one has, either be; to get loaded for bear, to brace one
nuxie verticillée	Nuxia verticillata Lam
nuée ardente	pyroclastic flow
nèfle du japon	loquat (fruit)
nègre littéraire	ghostwriter
né avec une cuillère d'argent dans la bouche	born with a silver spoon in one's mouth
nébuleuse planétaire	planetary nebula
nécessité fait loi	necessity knows no law
néflier du japon	loquat tree, Japanese medlar (Eriobotrya j
néo-brunswickois	New Brunswicker (resident or native of New
néo-calédonien	New Caledonian
néo-celtique	Neo-Celtic
néo-classicisme	neoclassicism
néo-colonialisme	neocolonialism
néo-criticisme	neocriticism
néo-darwinisme	Neo-Darwinism
néo-démocrate	New Democrat — a member of the New Democra
néo-gothique	neo-Gothic
néo-grec	neo-Greek, Neo-Greek; the Modern Greek language (New Greek); Modern Greek, New G
néo-guinéen	New Guinean
néo-hittite	Neo-Hittite
néo-kantisme	Neo-Kantianism
néo-latin	New Latin
néo-natal	neonatal
néo-nazi	neo-Nazi
néo-nazisme	neo-Nazism
néo-noir	neo-noir; neo-noir (film genre)
néo-platonicien	Neoplatonic
néo-platonisme	Neoplatonism
néo-positivisme	neopositivism
néo-positiviste	neopositivist
néo-réaliste	neorealist
néo-soviétisme	neo-Sovietism
néo-templarisme	neo-Templarism
néo-thomisme	neo-Thomism
néo-traditionnel	revivalist
néo-écossais	Nova Scotian (resident or native of Nova S
nœud coulant	slip knot, noose
nœud de batelier	clove hitch
nœud de cabestan	clove hitch
nœud de chaise	bowline
nœud en huit	figure of eight knot
nœud gordien	Gordian knot
nœud papillon	bowtie
nœud plat	reef knot
nœud vital	noeud vital
objecteur de conscience	conscientious objector
objet direct	direct object
objet indirect	indirect object
objet sexuel	sex object (person seen primarily or solel; sex toy (person willing to provide s
objet social	corporate purpose, company raison d'être (
objet volant non identifié	unidentified flying object, UFO
objets trouvés	lost property, lost and found
obligation scolaire	compulsory school attendance, compulsory s
obsolescence programmée	planned obsolescence
obus-flèche	kinetic energy penetrator, a non-explosive
obésité morbide	morbid obesity
occitan médiéval	the Old Occitan language
occuper après	to listen (to)
octante et un	eighty-one
octante-neuf	eighty-nine
océan pacifique	Pacific Ocean (an ocean, the world's large
office de tourisme	tourist office
officier de liaison	liaison officer; liaison agent, liaison officer
officier traitant	case officer, agent handler
offre d'emploi	job vacancy; job advertisement, job advert; job offer
offre publique d'achat	takeover bid; tender offer
oh là là	expression of surprise; expression of sympathy or concern
oh mon dieu	oh my God!
oh non	oh no!
oie cendrée	greylag goose
oie des neiges	snow goose (Chen caerulescens syn. Anser c
oignon rouge	red onion
oignon vert	green onion; oignon vert; spring onion
oiseau de malheur	bird of ill omen
oiseau de mauvais augure	bird of ill omen
oiseau de nuit	a nocturnal bird; a night owl, a night person
oiseau de paradis	bird of paradise (bird)
oiseau de passage	migratory bird, bird of passage; bird of passage (someone passing through a
oiseau de proie	bird of prey
oiseau migrateur	migratory bird
oiseau rare	rara avis, rare bird
olive noire	black olive
olive verte	green olive
ombre à paupières	eye shadow
omelette espagnole	Spanish omelette
omelette norvégienne	baked Alaska (dessert consisting of ice cr
on croit rêver	unbelievable!
on en apprend tous les jours	you learn something new every day, every d
on fait aller	things are going OK
on n'a rien sans rien	you don't get something for nothing; there; no pain no gain
on n'apprend pas pour l'école mais pour la vie	we do not learn for school, but for life
on n'arrête pas le progrès	you can't stop progress, there's no stoppi
on n'attrape pas des mouches avec du vinaigre	honey catches more flies than vinegar; you
on n'est jamais mieux servi que par soi-même	if you want a thing done well, do it yours
on n'est jamais trop prudent	better safe than sorry, you can never be t
on ne change pas une équipe qui gagne	don't change a winning team; if it ain't b
on ne fait pas d'omelette sans casser des œufs	you can't make an omelette without breakin
on ne m'y reprendra plus	you won't catch me doing that again, you w
on ne peut pas être contre la vertu	It is hard to oppose or criticize a propos; one must admit the goodness of an ob
on ne peut plus	very, extremely, most
on ne prête qu'aux riches	the rich get richer; to every one who has
on ne sait jamais	you never know!
on ne saurait faire boire un âne qui n'a pas soif	you can lead a horse to water but you can'
on ne se refait pas	a leopard cannot change its spots
on ne vit qu'une fois	you only go around once, you only live onc
on-dit	hearsay (evidence based on the reports of
onde courte	shortwave
onde de choc	shockwave; bow shock
onde gravitationnelle	gravitational wave
onde progressive	travelling wave
onde radio	radio wave
onde stationnaire	standing wave
onde électromagnétique	electromagnetic wave
one-step	one-step
onze-cents	eleven hundred
open space	open-plan office, open-plan setting
ophtalmie égyptienne	Egyptian ophthalmia (trachoma)
opiner du bonnet	to nod in agreement, to nod in approval, t
opiner du chef	to nod in agreement, to nod in approval, t
opinion publique	public opinion (opinion of the public)
optimisation fiscale	tax planning
option d'achat	purchase option, option to buy, option to; call option
option de vente	put option
opéra bouffe	opera bouffe
opéra comique	opéra comique
opéra-féerie	fairy opera
opération d'exploitation	day-to-day operation; operating activities
opération du saint-esprit	divine intervention, miracle
opération militaire spéciale	special military operation (military campa
or blanc	white gold (alloy of gold and another prec
or massif	solid gold
or mussif	mosaic gold
or noir	black gold, petroleum
orang-outan	orangutan (arboreal anthropoid ape)
orang-outang	orangutan
orange amère	bitter orange
orange sanguine	blood orange (Citrus sinensis)
orbitale antiliante	antibonding orbital
orbite crânienne	cranial orbit, eye socket
orbite de l'œil	eye socket
orcanette des teinturiers	bugloss, alkanet
orcanette jaune	Alkanna lutea (lutea meaning yellow in Lat
orcanette tinctoriale	bugloss, alkanet
orchestre de chambre	chamber orchestra
orchis vanille	black vanilla orchid (Gymnadenia nigra (L.
ordinateur de bureau	desktop computer
ordinateur de table	desktop computer
ordinateur portable	laptop computer
ordinateur quantique	quantum computer
ordinateur tablette	tablet computer
ordonnance restrictive	restraining order
ordre de bataille	order of battle
ordre de fabrication	production order, manufacturing order (ord
ordre de grandeur	order of magnitude
ordre de grève	strike call
ordre de marche	marching orders
ordre de passage	running order (order in which participants
ordre de vente	sell order
ordre de virement	an instruction to a bank to make a bank tr
ordre des choses	order of things, nature of things, nature
ordre des mots	word order (order of syntactic constituent
ordre du jour	order of the day, agenda (list of matters
ordre mondial	world order
ordre permanent	standing order, direct debit
ordre public	law and order, public order
ordre social	social order
ordre utile	rank in a list that is good enough that on
ordre établi	the established order, the status quo
oreille absolue	perfect pitch, absolute pitch (the ability
oreille d'ours	lamb's ears; mountain cowslip
oreille de crisse	oreille de crisse
oreille de mer	abalone (Haliotis)
oreille externe	outer ear (outer portion of the ear which
oreille interne	inner ear (portion of the ear located with
oreille moyenne	middle ear (cavity in the temporal bone be
oreille musicale	ear for music
oreille relative	relative pitch
orfèvre en la matière	an expert in the matter; a person with goo
organe sensoriel	sense organ
organes génitaux	genitals, genitalia
organisation internationale	international organisation
organisation non gouvernementale	non-governmental organization (organizatio
organisme génétiquement modifié	genetically modified organism
orgasme multiple	multiple orgasm
orge des rats	wall barley (Hordeum murinum)
orge perlé	pearl barley
orgue de barbarie	barrel organ
orgue de staline	Katyusha rocket launcher
orientation sexuelle	sexual orientation
orienté client	customer-oriented, customer-focused
orienté résultat	result-oriented
orienté solution	solution-oriented
orme de sibérie	Siberian elm
os de seiche	cuttlefish bone, cuttlebone
os ethmoïde	ethmoid bone
os frontal	frontal bone
os hyoïde	hyoid bone
os lacrymal	lacrimal bone
os nasal	nasal bone
os occipital	occipital bone
os palatin	palatine bone
os pariétal	parietal bone
os pisiforme	pisiform bone
os pénien	os penis, penis bone, baculum
os sphénoïde	sphenoid bone
os temporal	temporal bone
os trapèze	trapezium
os trapézoïde	trapezoid bone
os zygomatique	zygomatic bone
oscillateur de battement	beat frequency oscillator
osier fleuri	fireweed, great willowherb (Chamaenerion a
osso buco	osso buco (Italian meat dish)
ostie de tabarnak	general expression of surprise, anger or b
ostéogenèse imparfaite	osteogenesis imperfecta, brittle bone dise
otacanthe bleuâtre	Matourea azurea
oto-rhino-laryngologie	otorhinolaryngology
oto-rhino-laryngologique	otorhinolaryngological
oto-rhino-laryngologiste	otorhinolaryngologist
ou bien	either (… or …); or what
ou quoi	or what?
ou sinon	otherwise, (or) else
oua-oua	a representation of a dog's bark
ouate de phoque	what the fuck
oubliettes de l'histoire	trash heap of history, ash heap of history
ouest-allemand	West German
ouest-asiatique	West Asian
ouest-nord-ouest	west-northwest (compass point)
ouest-quart-nord-ouest	west by north (compass point)
ouest-quart-sud-ouest	north-northwest (compass point)
ouest-sud-ouest	west-southwest (compass point)
oui-da	yes indeed; in truth, assuredly
ouralo-altaïque	Ural-Altaic
ours blanc	polar bear
ours brun	brown bear (Ursus arctos)
ours en peluche	teddy bear (a stuffed toy bear)
ours mal léché	a roughneck, a gruff person, an ill-manner
ours noir	black bear
ours polaire	polar bear
ours à lunettes	spectacled bear (Tremarctos ornatus)
ours-garou	werebear
outre mesure	overly, overmuch, to excess, immoderately,
outre que	besides that
outre-atlantique	in the United States
outre-pyrénées	in Spain
outre-quiévrain	in France; in Belgium
outre-rhin	in Germany
outre-tombe	afterlife
ouvert d'esprit	open-minded, broad-minded
ouverture d'esprit	open-mindedness, broad-mindedness
ouvrage d'art	civil engineering structure, such as viadu
ouvrage de référence	reference work
ouvre-bouteille	bottle opener
ouvrir droit	to make eligible for, to confer a right
ouvrir grand	to open completely
ouvrir la danse	to open the ball (to begin operations; to
ouvrir la marche	to lead the way
ouvrir la marque	to break the deadlock (to score the first
ouvrir la porte	to open the door; to open the door, to facilitate access
ouvrir la voie	to pave the way, to blaze the trail
ouvrir le bal	open the ball (to begin operations; to set
ouvrir le feu	to open fire
ouvrir les yeux	to wake up (to), to wake up and smell the; to open (someone's) eyes
ouvrir ses portes	to open its doors for the first time, to o
ouï-dire	hearsay, rumour
ouïr dire	to hear that, to hear it said that
oxalate de calcium	calcium oxalate
oxyde blanc d'arsenic	white arsenic oxide, white arsenic
oxyde d'éthylène	ethylene oxide: simplest epoxide
oxyde de carbone	carbon dioxide
où que	where; wherever
où sont les neiges d'antan	where are the snows of yesteryear (Used to
où va le monde	what is this world coming to?
p'tit déj	breakfast
p'us	no longer, no more
pacte avec le diable	deal with the devil, Faustian bargain
pacte civil de solidarité	civil solidarity pact, civil union, civil
pacte faustien	Faustian bargain, deal with the devil
page d'accueil	home page (main or first page of a website
page de garde	flyleaf; endpaper
page web	web page
pages blanches	white pages
pages jaunes	yellow pages
paille de fer	steel wool
pain au chocolat	pain au chocolat (French pastry filled wit
pain aux raisins	pain aux raisins, raisin bread
pain blanc	white bread
pain bénit	godsend
pain complet	wholemeal bread, brown bread
pain crestou	a type of granary bread
pain d'épice	a form of French gingerbread
pain de campagne	a large round loaf of bread
pain de mie	pain de mie (a type of sandwich loaf bread
pain de sucre	sugar-loaf
pain de viande	meatloaf
pain grillé	toast (toasted bread)
pain perdu	French toast
pain quotidien	daily bread (all those things, such as reg; all in a day's work (something which
pain à cacheter	wafer (of sealing wax etc.)
paire minimale	minimal pair (pair of words)
paire torsadée	twisted pair
paix carthaginoise	Carthaginian peace
paix des braves	peace of the brave (peace concluded betwee
paix mondiale	world peace
paix romaine	Pax Romana (the long period of relative pe
paix séparée	separate peace
paix à son âme	may he/she rest in peace, rest his/her sou
paix-toi la djeule	shut up!
palais de danse	dance hall; public hall for dancing
palais de justice	courthouse
palais dur	hard palate
palais mou	soft palate
palmier des everglades	Everglades palm, Acoelorraphe wrightii
palmier à huile	oil palm
panache volcanique	eruption column
panache éruptif	eruption column
panda géant	giant panda (Ailuropoda melanoleuca)
panicaut champêtre	field eryngo (Eryngium capestre)
panicaut de bourgat	Mediterranean sea holly (Eryngium bourgati
panicaut de mer	sea holly (Eryngium maritimum)
panicaut maritime	sea holly (Eryngium maritimum)
panier de crabes	rat race; any organization where people me
panier de la ménagère	basket of goods, commodity bundle, typical
panier percé	a spendthrift, a big spender
panier à salade	salad shaker; salad spinner; paddy wagon, Black Maria (police van)
panier-entonnoir	drogue
panique morale	moral panic
panne sèche	state of having run out of fuel
panneau d'affichage	billboard, notice board, bulletin board
panneau de configuration	control panel
panneau de signalisation	road sign, traffic sign
panneau solaire	solar panel (array of connected solar cell
panse à bière	beer belly, beer gut, beer muscles
panser ses blessures	to lick one's wounds
panser ses plaies	to lick one's wounds
pantalon de clown	Camo pants (pants with patterns typical of; clown pants
panthère nébuleuse	clouded leopard (Neofelis nebulosa)
panthère-garou	werepanther
paon du jour	European peacock (butterfly)
papa poule	papa bear (overprotective father)
papa-gâteau	doting father, soft touch with one's kids
papier bulle	bubble wrap; manila paper
papier carbone	carbon paper (sheet of paper used to make
papier collant	sticky tape, adhesive tape, sellotape, Sco
papier colle-mouches	flypaper
papier d'arménie	Armenian paper (perfume-coated paper)
papier de riz	rice paper
papier de toilette	toilet paper
papier de verre	sandpaper
papier filtre	filter paper
papier hygiénique	toilet paper
papier journal	newsprint, newspaper (paper on which newsp
papier millimétré	millimeter paper (a type of graph paper)
papier mâché	papier-mâché (paper mixed with glue used t
papier peint	wallpaper (decorative paper for walls)
papier sulfurisé	parchment paper, baking paper
papier terrier	terrier (property register)
papier toilette	toilet paper
papier tue-mouches	flypaper
papier à mouches	flypaper
papier à musique	manuscript paper, music paper, staff paper
papier-monnaie	paper money (cash in the form of banknotes
papille gustative	tastebud
papillon de nuit	moth
papillons dans le ventre	butterflies in one's stomach (“fluttery” p
papy boom	the large increase in the number of retire
papy-boomer	a retired person who was born during the b
par accident	by accident, accidentally, by chance
par acquit de conscience	out of an abundance of caution, just in ca
par ailleurs	besides, additionally, furthermore, what's
par amour	out of love; for the sake of, for the love of
par après	subsequently, thereafter, afterwards, late
par avance	in advance; beforehand
par bonheur	luckily, fortunately
par bonté de cœur	out of the goodness of one's heart
par chance	luckily, fortunately
par conséquent	consequently, as a result, thus
par contenance	for the sake of appearances, to keep one's
par contre	on the other hand, on the contrary (from a
par contumace	in absentia (while not present)
par cœur	by heart, by rote; rote memorization, rote learning; without eating
par défaut	by default
par définition	by definition
par endroits	in places, at places, here and there
par erreur	by mistake, in error, erroneously, mistake
par excellence	par excellence, quintessential, ultimate
par exemple	for example, for instance; on the other hand, by the way
par extension	by extension, broadly
par hasard	at random, by chance, by happenstance; by any chance
par ici	over here, here (to this place); around here; this way
par la force	by the strong hand, by force, forcibly, us
par la force des choses	necessarily, by necessity, logically, inev
par la même occasion	at the same time, while one is at it
par la présente	hereby
par la suite	subsequently, thereafter, afterwards, late
par le biais de	by way of, by means of, with; through, with the help of, thanks to
par le menu	in detail, in minute detail, with all the
par le passé	in the past
par les temps qui courent	in the current climate, in this day and ag
par là	over there; by that, that way
par malheur	by mischance, unluckily, unfortunately
par miracle	by some miracle, miraculously
par moments	sometimes
par monts et par vaux	up hill and down dale
par mégarde	inadvertently; accidentally; by mistake
par opposition à	as opposed to
par parenthèse	parenthetically
par pitié	please, pray, for pity's sake, mercy, have
par plaisanterie	humorously; as a joke
par principe	out of principle, on principle, as a matte; just in case
par procuration	by proxy
par rapport à	in relation to; compared to; because of
par retour de courrier	by return of post, by return mail, by retu
par suite de	as a result of, due to
par surprise	off guard
par terre	on the ground
par tous les temps	in all weathers, come rain or shine
par trop	far too, much too, overly, too
par tête de pipe	per head, per person
par voie de conséquence	as a consequence, consequently
par voies et par chemins	on the road, travelling, wandering around,
par à-coups	in fits and starts
par écrit	in writing
par-delà	beyond, across
par-dessus bord	overboard
par-dessus la jambe	slipshodly, slapdash, offhandedly, in an o
par-dessus le marché	into the bargain, to boot, on top of that,
para nordique	para-nordic; ellipsis of ski para-nordique
para-alpin	para-alpine; ellipsis of ski para-alpin
para-athlète	para-athlete
para-biathlon	para-biathlon: alternative form of parabia
para-hockey	parahockey
para-hockey sur glace	para ice hockey
para-nordique	para-nordic; ellipsis of ski para-nordique
para-ski de fond	para cross-country skiing; a disability sp
para-surf des neiges	parasnowboarding; a parasport, an adapted
parachute ascensionnel	parasailing, parascending
parachute doré	golden parachute
parachuter un sénégalais	to take a dump, to drop a deuce
parade nuptiale	courtship display, courtship dance
paradis fiscal	tax haven (country that levies low taxes o
paradis sur terre	earthly paradise, paradise on earth, heave
paradis terrestre	paradise on earth (ideal or idyllic place)
paralysie cérébrale	cerebral palsy
parc aquatique	water park, aquapark
parc aux petits	nursery (room where children sleep during
parc d'attractions	amusement park, holiday park, fun park
parc de maisons mobiles	trailer park
parc fermé	a park which is closed, or with restricted; parc fermé: a secure car park where
parc national	national park
parc naturel	nature reserve, natural reserve
parc safari	safari park
parc scientifique	science park
parc à thèmes	theme park
parc éolien	wind farm, wind park
parce que	because
parcours de santé	a walk in the park
parcours du combattant	assault course, obstacle course; painful and strenuous experience; hassle
pardonnez mon français	pardon my French
pare-balle	bulletproof
pare-choc	bumper (UK), fender (US)
pare-chocs	bumper (UK), fender (US)
parent pauvre	poor relation, red-headed stepchild
parent poule	Overprotective parent, helicopter parent
parer au plus pressé	to take care of the most important things
pari mutuel	pari-mutuel
paris ne s'est pas fait en un jour	Rome wasn't built in a day
paris-brest	Paris-Brest (dessert)
parité de pouvoir d'achat	purchasing power parity
pariétaire des murs	pellitory of the wall (Parietaria judaica)
parle pour toi	speak for yourself! (expressing disagreeme
parle à ma main	talk to the hand
parler boutique	talk shop
parler chiffons	to talk about fashion, to talk clothes; to
parler comme un aveugle des couleurs	to talk through one's hat, to speak about
parler comme un livre	to talk like a book
parler d'or	to speak wisely, to speak very aptly, to s
parler dans sa barbe	to talk under one's breath, to mutter, to
parler de corde dans la maison d'un pendu	to put one's foot in one's mouth, to be li
parler de la pluie et du beau temps	to make small talk, to chit-chat
parler de soi-même	to speak for oneself
parler de tout et de rien	to make small talk, to chit-chat
parler en cul de poule	to speak French like a Parisian or to forc
parler en l'air	to waste one's breath (to speak without be; to blow smoke; to talk through one's
parler entre ses dents	to talk under one's breath, to mutter, to
parler français comme une vache espagnole	to speak French poorly
parler gaga	a French variety spoken in the French city
parler pour ne rien dire	to be full of hot air, to talk for the sak
parler trop vite	to speak too fast; to speak too soon
parler à travers son chapeau	to talk through one's hat
parler à un mur	to speak to someone who doesn't listen; to
parler à un sourd	to speak to someone who doesn't listen; to
parles-tu anglais	do you speak English?
parlez pour vous	speak for yourself! (expressing disagreeme
parlez-vous anglais	do you speak English?
parlez-vous français	do you speak French?
parloir aux bourgeois	guild-hall, town hall
parodie de justice	travesty of justice, mock trial, parody of
paroi abdominale	abdominal wall (muscles that surround the
parole d'honneur	you have my word! upon my word! cross my h; word of honor, promise, word
parole d'évangile	gospel truth, gospel, holy writ
parole de scout	pinky swear, pinky promise, cross my heart
part de marché	market share
part des anges	angels' share
part du gâteau	piece of the pie, slice of the pie
part du lion	lion's share (a large or generous portion;
part du pauvre	crumbs, mean share, trifling share
partenariat civil	civil partnership
partenariat enregistré	registered partnership, civil union (legal
parti politique	political party (political organization)
parti-pris	bias
participe passé	past participle
participe présent	present participle
particule fine	particulate, aerosol particle, fine partic
particule subatomique	subatomic particle
particule élémentaire	elementary particle
partie de jambes en l'air	horizontal dancing, a roll in the hay
partie de plaisir	cake walk, piece of cake, bed of roses
partie du discours	part of speech
partie fine	orgy
partie intégrante	part and parcel of
partie prenante	stakeholder; interested party
partie visible de l'iceberg	tip of the iceberg
partie émergée de l'iceberg	tip of the iceberg
parties intimes	private parts
partir dans tous les sens	to be all over the place; to be all over the place, to be all over t
partir du bon pied	to start off on the right foot
partir du mauvais pied	to start off on the wrong foot
partir du principe	to work on the assumption that, to assume
partir en couille	to go awry, to hit the fan, to go to shit
partir en fumée	to be consumed by and destroyed in fire (w; to be ruined, destroyed; to go up in
partir en sucette	to go awry, to hit the fan, to go pear-sha
partir en vrille	to go awry, to hit the fan, to go pear-sha
partir sans demander son reste	to leave without further ado, to leave wit
partir à la dérive	drift, go adrift
partir à vau-l'eau	to go downhill, to go down the drain, to g
parvenir à ses fins	to get one's way, to have one's way, to ac
pas chassé	gliding sidestep, chassé
pas d'armes	passage of arms; joust; tilt; tourney
pas de	without
pas de chat	a defect or flaw in a piece of cloth, a sp
pas de problème	no problem!
pas de quoi	you're welcome (after being thanked)
pas de sexe sans latex	no glove, no love
pas de souci	no problem!
pas de travers	stumble, misstep, false step; faux pas, blunder
pas de ça	none of that; stop that!
pas du tout	not at all, not in the least, by no means; not at all!
pas encore	not yet
pas japonais	stepping stone (stone used to cross someth
pas le moins du monde	not in the least, not in the slightest, no
pas mal	not badly (reasonably well); not bad (reasonably good); quite a bit, quite a few
pas mal de sa personne	not bad to look at, quite good-looking
pas pour deux sous	not … at all, not … in the least
pas pour un sou	not … at all, not … in the least
pas que	not that
pas question	no way (indicates rejection)
pas si vite	not so fast! hold your horses!
pas touche	hands off! paws off! mitts off!
pas trop tôt	about time!
pas un pour rattraper l'autre	each is as bad as the other, they/you are
pas à pas	step by step (gradually)
pas-de-porte	key money, lease premium
paso doble	paso doble (dance)
passage clouté	pedestrian crossing delimited by two paral; pedestrian crossing
passage de témoin	passing of the baton; handover, transition
passage en force	an instance of forcing one's way through
passage obligé	a prerequisite, a must
passage piéton	pedestrian crossing
passage pour piétons	pedestrian crossing, crosswalk
passage souterrain	underpass, subway
passage à l'acte	Impulsive acting out
passage à niveau	level crossing
passage à tabac	a thorough beating
passage à vide	funny turn, bad patch, slump, dry spell
passager clandestin	stowaway; free rider
passation de pouvoir	handover of power or office
passation de témoin	handover
passe après contact	offload
passe d'armes	sparring, heated exchange
passe décisive	assist
passe en avant	forward pass
passe encore	all right so far, OK, why not?, I can let
passe sanitaire	green pass; health pass; vaccine pass (esp
passe-droit	favour, favouritism; permission
passe-fleur	common hollyhock (Alcea rosea); rose campion (Silene coronaria syn. Lychni
passe-garde	passguard (“plate sticking up off shoulder
passe-montagne	balaclava
passe-partout	master key; matte (decorative border around a picture); type of brush
passe-plat	hatch, opening for serving food
passe-rose	common hollyhock (Alcea rosea); rose campion (Silene coronaria syn. Lychni
passe-temps	hobby; pastime
passe-thé	tea strainer, tea infuser
passement de jambe	step over, pedalada (a dribbling move, or
passeport vaccinal	vaccine passport
passer au crible	to comb through, to comb over, to fine-too
passer au fil de l'épée	to put to the sword
passer au peigne fin	to comb through, to comb over, to fine-too
passer aux aveux	to confess guilt, to own up
passer aux choses sérieuses	to get down to business, to get down to br
passer aux nouvelles	to find out what's going on, to go to see
passer commande	to place an order (for), to order
passer comme une lettre à la poste	to go very well, without a hitch; to hit t
passer crème	to go very well, without a hitch; to hit t
passer de vie à trépas	to pass away, to die
passer du coq à l'âne	to change subjects abruptly, to go from pi
passer en force	to force one's way through, to impose ones
passer en revue	to go through, to go over, to review
passer entre les mailles du filet	to slip through the cracks, to fall throug
passer inaperçu	to go unnoticed, to pass unnoticed, to esc
passer l'arme à gauche	to kick the bucket, to die
passer l'aspirateur	to vacuum, to hoover
passer l'hiver	to spend winter (somewhere, doing somethin; to make it through winter, to surviv
passer l'éponge	to forgive and forget, to wipe the slate c
passer la bague au doigt	to put a ring on (someone's) finger, to ma; to get married
passer la brosse à reluire	to lick (someone's) boots, to flatter in a
passer la main	to step down (in favour/favor of), to stan
passer la parole	to give the floor to, to call on, to give
passer la rampe	to come off, to succeed, to go over well;
passer la seconde	to shift into second gear; to get a move on, to move up a gear, to sp
passer le cap	to get over it; to move on
passer le fer	to iron
passer le flambeau	to step down (in favour/favor of), to stan
passer le mot	to spread the word
passer le relais	to step down (in favour/favor of), to stan
passer le rubicon	to cross the Rubicon
passer le temps	to pass the time, to kill time
passer maître	to become a master or expert
passer outre	to overlook; to ignore; to carry on regardless
passer par la tête	to cross someone's mind
passer par les armes	to execute by firing squad
passer par les mains	to pass through the hands (of)
passer ses nerfs	to take it out (on), to vent one's spleen,
passer son chemin	to go on one's way, to walk by without sto
passer son tour	to pass, to skip one's turn; to sit something out, to give something a
passer sous la table	to perform fellatio (in exchange for some
passer sous le bureau	to perform fellatio (in exchange for some
passer sous le nez	to slip through someone's fingers, to slip
passer sous les fourches caudines	to pass under the yoke
passer sous silence	to shill, to conceal, to omit, to leave un
passer sur le billard	to go under the knife (to undergo a surgic
passer un sapin	to swindle
passer un savon	to tell off, to haul over the coals
passer à autre chose	to move on
passer à côté de	to miss (an opportunity, etc.)
passer à l'acte	to take action, to act, to act on somethin
passer à l'as	to be neglected, forgotten; to disappear inconspicuously
passer à la casserole	to kick the bucket, to die; to lose one's virginity; to get porked, to
passer à la moulinette	to rip to shreds (mock severely); to put to the test (scrutinize)
passer à la trappe	to go down the drain, to be abandoned, to
passer à la vitesse supérieure	to go up a gear, to move up a gear, to ste
passer à tabac	to beat thoroughly, to beat to a pulp
passez-moi l'expression	pardon my French, excuse my French; not to
passé antérieur	past anterior
passé composé	a past tense in French grammar, to express
passé de mode	antiquated, out of fashion, old-fashioned,
passé simple	past historic tense, a tense used in some
passé surcomposé	a past tense using two auxiliary verbs to
patate chaude	hot potato (awkward or delicate problem)
patate de forain	a very strong punch or slap
patate douce	sweet potato
patates pilées	mashed potatoes
patience crépue	curly dock (Rumex crispus)
patient zéro	patient zero, index case (the first docume
patin à glace	ice skating; ice skate
patin à quatre roues	old-style four-wheel rollerskate
patin à roues alignées	inline skate (inline rollerskate)
patin à roulettes	roller skate
patin à roulettes quatre roues	old-style four-wheel rollerskate
patinage artistique	figure skating
patinage de descente extrême	icecross downhill
patinage de vitesse	speed skating (the sport of racing around
patinage extrême	icecross
patinage synchronisé	synchronized skating (US) / synchronised s
patinage à glace	ice skating
patinage à roues alignées	in-line skating
patinage à roulettes	rollerskating
patte de dérailleur	derailleur hanger
patte-d'oie	a point where a road splits into one or mo; crow's feet (wrinkles at the corners
pattes d'éléphant	bell-bottoms
pattes de mouche	chicken scratch (illegible handwriting)
pause cigarette	cigarette break
pause clope	fag break
pause pipi	bathroom break, toilet break
pause thé	tea break
pause-café	coffee break
pause-carrière	career break (period of time when a person
pause-déjeuner	lunchbreak
pauvre comme job	poor as Job (“extremely impoverished”); po
pauvre con	jerk; loser
pauvre de	poor old
pavillon de complaisance	flag of convenience
pavillon noir	Jolly Roger (skull flag)
pavot somnifère	opium poppy (Papaver somniferum)
pavé dans la mare	a bombshell, a shocking declaration
pavé droit	rectangular cuboid
pavé numérique	numeric keypad, number pad
pavé tactile	touchpad (flat surface which is sensitive
payer bonbon	to pay through the nose
payer cher	to pay dearly
payer d'audace	to brazen it out
payer de sa personne	to trouble oneself with, invest oneself in; to sacrifice oneself for others
payer de sa poche	to pay out of one's own pocket
payer de sa vie	to pay with one's life (to die as a result
payer en monnaie de singe	to swindle someone; to tell someone to go
payer l'addition	to pay the bill, to foot the bill; to pay the piper, to pay the price, to pay
payer le prix fort	to pay through the nose for something; to; to pay a high price for something, to
payer les pots cassés	to pay the piper, to pay the price, to pay
pays de cocagne	land of plenty, Cockaigne (land of ease, p
pays des merveilles	wonderland
pays des mille collines	nickname for Rwanda: a country in East Afr
pays des rêves	dreamland, slumberland, land of Nod (the s
pays développé	developed country
pays en voie de développement	developing country
pays membre	member state, member country
pays émergent	emerging market
pe-bd	LDPE (“low density polyethylene”); abbrevi
pe-hd	HDPE abbreviation of polyéthylène haute de
peau de banane	banana peel
peau de chagrin	shagreen
peau de chamois	chamois leather, shammy
peau de vache	battle axe, cat, nasty piece of work
peau-rouge	Red Indian; Amerindian
peigne-cul	asshole, jerk
peignoir de bain	bathrobe
peine capitale	capital punishment (punishment by death)
peine de cœur	heartache; brokenheartedness; lovesickness
peine de mort	capital punishment, death penalty
peine de prison	prison sentence
peine perdue	lost cause
peine-à-jouir	person who has trouble reaching orgasm, pe; wet blanket, killjoy
peinture rupestre	cave painting (a painting made on rock)
peinture à l'huile	oil painting (art of painting with oil pai; oil painting (painting done with oil
pelle à tarte	cake slice, cake server
pelleter par en avant	to kick the can down the road
pelote basque	Basque pelota
peloton d'exécution	firing squad (a group of soldiers detailed
pendaison de crémaillère	housewarming
pendant que	while, whilst, as
pendre au nez	to loom over, to be around the corner wait
pendre haut et court	to hang, to execute by hanging
pendre la crémaillère	to have a housewarming party
pense-bête	reminder; post-it note
penser avec sa bite	to think with one's little head, to think
penser du mal	to think ill of, to think badly of, to hol
penser à mal	to mean harm, to mean to hurt someone
pension alimentaire	maintenance allowance, child support; alimony, divorce settlement
pension complète	full board, American plan
pensée latérale	lateral thinking
pensée magique	magical thinking (the attribution of causa
pensée positive	positive thinking (focusing on thoughts of; positive thought
pensée unique	mainstream ideological conformism
pentathlon des neiges	snow pentathlon (a five-leg five-sport rac
pente glissante	slippery slope
pente savonneuse	slippery slope
perce-neige	snowdrop (Galanthus nivalis)
perce-oreille	earwig (insect)
percer à jour	to see right through (someone)
perche commune	European perch (Perca fluviatilis)
perche de mer	European seabass
perche de rivière	European perch (Perca fluviatilis)
perche européenne	European perch (Perca fluviatilis)
perche franche	European perch (Perca fluviatilis)
perdre au change	to be worse off for it, to come out worse
perdre connaissance	to lose consciousness, to pass out, to kee
perdre de vue	to lose sight of; to lose sight of, to lose touch with
perdre du temps	to waste time
perdre du terrain	to lose ground
perdre espoir	to lose heart, to give up hope
perdre l'esprit	to lose one's mind
perdre la boule	to lose one's marbles
perdre la boussole	to lose one's bearings; to lose one's marb
perdre la face	to lose face
perdre la main	to become out of touch, to lose one's touc; to lose the advantage of going first
perdre la tête	to lose one's head, to take leave of one's
perdre la vie	to lose one's life (to die)
perdre le fil	to lose the thread
perdre le nord	to lose one's bearings, to be all at sea
perdre les eaux	to break water (to lose one's amniotic flu
perdre les pédales	to lose it, to lose the plot, to lose one'
perdre patience	to lose patience, to lose one's patience
perdre pied	to get out of one's depth (to get in a bod
perdre ses moyens	to become flustered, to go to pieces (to h
perdre son chemin	to get lost, to lose one's way (to become
perdre son latin	to be confused, to be baffled, to be unset
perdre son sang-froid	to lose one's cool; to lose one's head
perdre son temps	to waste one's time
perdre une belle occasion de se taire	to put one's foot in one's mouth; to run o
perdu pour perdu	what the hell; why the hell not; things be
perle rare	one in a million, extraordinary person, ra; special someone (a person's ideal ma
permanence de l'objet	object permanence
permanganate de potassium	potassium permanganate
permis de conduire	driver's license, driving licence
permis de construire	planning permission, building permit
permis de séjour	residence permit
permis de travail	work permit
permis à points	driving licence with penalty points system
perruche de latham	swift parrot (Lathamus discolor)
perruche ondulée	budgerigar (Melopsittacus undulatus)
personnage non-joueur	non-player character
personnalité juridique	legal personality
personne de contact	contact person, person to contact; go-to p
personne de couleur	coloured person, coloured, non-white
personne de son cœur	soulmate, special someone
personne morale	legal person
personne physique	natural person
personne à mobilité réduite	person with a motor disability, person wit
personne âgée	senior citizen, elderly person
personnel navigant	aircrew, flight crew
personnel navigant commercial	cabin crew
personnel navigant technique	cockpit crew
perspective cavalière	cavalier perspective, cavalier projection,
perspective linéaire	linear perspective
perte de connaissance	loss of consciousness
perte de temps	waste of time
perte sèche	deadweight loss
pertes et profits	profit and loss; P&L
pervenche de madagascar	rosy periwinkle
peser dans la balance	to enter the equation, to carry weight
peser le pour et le contre	to weigh up the pros and cons
peser ses mots	to weigh one's words
peser un âne mort	to weigh a ton (to be very heavy)
peser une tonne	to weigh a ton (to be very heavy)
peste bubonique	bubonic plague
peste noire	Black Death
peste porcine	swine fever
pet foireux	shart
pet vaginal	queef, fanny fart
pet-de-nonne	nun's puff (a small choux pastry eaten dur
petit ami	boyfriend (boy/man to whom one has a roman
petit axe	minor axis (shortest diameter of an ellips
petit blanc	a poor white person who does not own a pla
petit bleu	plonk; telegram
petit bois	kindling (wood used to light fire)
petit boulot	odd job (temporary employment)
petit bras	unambitious person
petit coin	loo (toilet)
petit comité	small group
petit copain	boyfriend
petit cul	little boy; little prick
petit doigt	little finger (outermost and smallest fing
petit déjeuner	breakfast (morning meal); a small or light breakfast
petit filet	side-netting
petit four	petit four
petit garçon	little boy
petit joueur	bit player (person who does not take risks
petit jour	dawn, daybreak
petit juif	funny bone
petit largue	close reach
petit mal	petit mal
petit matin	early morning, small hours, wee hours
petit monde	small world, small group (category with fe; child
petit nègre	a pidgin language that West African soldie; ineptly articulated; broken; any oth
petit pain au chocolat	small pain au chocolat
petit panda	red panda (Ailurus fulgens)
petit peuple	little people (the lower class)
petit pois	pea (the vegetable)
petit poisson deviendra grand	mighty oaks from little acorns grow
petit pont	nutmeg
petit père	old chap
petit rien	trifle, unimportant detail
petit à petit	little by little, bit by bit
petit écran	small screen
petit épeautre	einkorn wheat
petit-duc	scops owl
petit-enfant	grandchild (child of someone’s child)
petit-gris	a Eurasian red squirrel (Sciurus vulgaris); a gray squirrel (Sciurus griseus); a
petit-lait	whey
petit-maître	dandy, coxcomb
petit-noir	black feather obtained from a male ostrich
petit-russien	Little Russian
petit-suisse	a French fromage blanc from the Normandy a
petite aiguille	hour hand (the hand of a clock or watch fa
petite amie	girlfriend (girl/woman to whom one has a r
petite annonce	a single classified advertisement
petite annonce classée	classified advertisement: Pedantic form of
petite bite	pansy, chickenshit (person with little cou
petite bière	trifle
petite bourgeoisie	petite bourgeoisie
petite capitale	small caps (font variant)
petite copine	girlfriend
petite cuillère	teaspoon
petite culotte	knickers
petite enfance	early childhood
petite fille	little girl
petite finale	small final
petite frappe	a small-time bully, a little hoodlum, a li
petite main	trainee seamstress, assistant seamstress,; low-paid worker, worker employed to d
petite mort	orgasm
petite nature	a faint-hearted person, a wimp, a weakling
petite noblesse	minor aristocracy, gentry
petite nyctale	Acadian owl (Aegolius acadicus)
petite perception	petite perception
petite pluie abat grand vent	Small rain lays great dust; a little kindn
petite profondeur	shallow end (part of a swimming pool with
petite reine	bicycle
petite souris	tooth fairy; fly on the wall
petite sœur	little sister; another drink like the one before; the sam
petite vérole	smallpox
petite-nièce	grandniece (daughter of a niece or nephew)
petites annonces	classifieds (classified advertisements)
petites annonces classées	Pedantic form of petites annonces; classifieds (classified advertisements)
petites gens	the little people (the lower class)
petites heures	small hours, wee small hours
petites lèvres	labia minora
petits yeux	a tired look
peu importe	no matter, never mind, it doesn't matter; no matter the, no matter what, regardl
peu importer	to not matter, to matter little, to be uni
peu me chaut	it matters not; it doesn't matter; I don't
peu ou prou	more or less
peu à peu	bit by bit, little by little, gradually, b
peuple élu	Chosen People
peur bleue	terror, strong fear
peur du vide	acrophobia, fear of heights; vertigo
peur panique	terror, strong fear
peut être	may be; can be
phare antibrouillard	fog light, fog lamp
pharmacien-ne	pharmacist: gender-neutral neologism for p
pharmacien-ne-s	pharmacists: gender-neutral neologism for
phase de poule	group stage
phase terminale	the final stage (of an illness, before dea
phase éruptive	eruptive phase
phlomis de russell	Turkish sage (Phlomis russeliana)
phlomis de turquie	Turkish sage (Phlomis russeliana) (Sims.)
phobie sociale	social anxiety
phoque barbu	bearded seal
phoque du groenland	harp seal (Pagophilus groenlandicus)
phoque marbré du lac saimaa	Saimaa ringed seal (Pusa saimensis)
phoque-garou	wereseal, selkie
photo de charme	erotic picture, erotic photo
photo-élasticimétrie	photo-elasticimetry
photo-électrique	photoelectric
phrase complexe	complex sentence
phrase d'accroche	opener, pick-up line
phrase d'approche	opener, pick-up line
phrase fétiche	a sentence frequently employed by a person
phrase simple	simple sentence
physe voyageuse	European physa (Physella acuta)
physico-chimique	physicochemical
physico-mathématique	physicomathematical
physique atomique	atomic physics
physique classique	classical physics
physique des particules	particle physics
physique du rôle	physique suited to the character, professi
physique nucléaire	nuclear physics
physique quantique	quantum physics
phénomène de foire	circus freak, freak of nature
piano droit	upright piano
piano du pauvre	accordion
piano à queue	grand piano (a piano in which the strings
pic tridactyle	Eurasian three-toed woodpecker (Picoides t
pic à glace	icepick
picride fausse-épervière	hawkweed oxtongue (Picris hieracioides)
pie bavarde	Eurasian magpie (Pica pica)
pie-grièche	shrike (bird)
pie-mère	pia mater
pied au plancher	pedal to the metal, at full throttle, hell
pied d'athlète	athlete's foot
pied d'éléphant	elephant's foot (half-length, waist-high s
pied de chat dioïque	Antennaria dioica (L.) Gaertn
pied de mouche	paragraph mark
pied de nez	snook (disrespectful gesture, performed by; act of defiance
pied de page	footer (line of information at the bottom
pied grec	Greek foot (a foot with a second toe longe
pied noir	pied noir
pied plat	flatfoot
pied à coulisse	vernier caliper
pied-bot	a person with a clubfoot, a club-footed pe
pied-d'alouette	larkspur, delphinium
pied-de-biche	crowbar
pied-de-mouche	pilcrow, ¶ (a paragraph mark)
pied-de-poule	houndstooth
pied-de-vent	crepuscular ray
pied-main	hand-foot matching
pied-à-terre	pied-à-terre
pieds d'argile	feet of clay
pieds de mouche	chicken scratch, illegible handwriting
pieds et poings liés	bound hand and foot (with one's feet and h; stuck, unable to do anything, entire
pieds nus	barefoot (wearing nothing on the feet)
pierre angulaire	cornerstone
pierre d'achoppement	stumbling block
pierre d'angle	cornerstone
pierre de la faim	hunger stone (stone, either naturally expo
pierre de lune	moonstone (translucent gemstone)
pierre de taille	cut stone, dressed stone, ashlar
pierre de touche	touchstone
pierre philosophale	philosopher's stone; something impossible to find
pierre ponce	pumice (light, porous type of pyroclastic
pierre précieuse	gemstone
pierre qui roule n'amasse pas mousse	a rolling stone gathers no moss
pierre sèche	dry-stone
pierre tombale	tombstone, gravestone, headstone
pierre à aiguiser	whetstone, hone
pierre à fusil	flint (piece of flint, such as a gunflint,
pierre-feuille-ciseaux	rock paper scissors
pierre-papier-ciseaux	rock paper scissors
pieuvre à anneaux bleus	southern blue-ringed octopus (Hapalochlaen
pieux mensonge	white lie
pigamon du yunnan	Thalictrum delavayi Franch
pigamon glauque	Thalictrum speciosissimum L
pigeon biset	rock dove
pigeon blanc antarctique	the snowy sheathbill
pigeon de passage	passenger pigeon
pigeon voyageur	homing pigeon; carrier
pile ou face	heads or tails (“tails or heads”)
pile-poil	smack-dab, smack bang
pilier de bar	barfly
pilier de comptoir	barfly
pilleur de tombe	graverobber
pilote automatique	autopilot (mechanical, electrical, or hydr; autopilot (state of mind where one n
pilote de brousse	bush pilot
pilote de chasse	fighter pilot
pilule du lendemain	morning-after pill (contraceptive in the f
piment d'espelette	Espelette pepper (cultivar of Capsicum ann
piment de cayenne	cayenne pepper (Capsicum frutescens)
piment enragé	cayenne pepper
piment jolokia	ghost chili (“bhut jolokia”)
pin d'alep	Aleppo pine (Pinus halepensis)
pin de briançon	European larch (Larix decidua)
pin de calabre	Calabrian pine (Pinus brutia)
pin de jérusalem	Jerusalem pine
pin-up	pin-up (woman in a photograph); babe (sexually attractive woman)
pince coupante	pair of wire cutters, cutting pliers
pince crocodile	alligator clip, crocodile clip
pince à dénuder	wire stripper
pince à linge	clothes peg
pince à sertir	crimping tool, crimper, crimping pliers; press tool, radial press
pince à épiler	tweezers
pince-fesses	dance, hop
pince-monseigneur	crowbar; bolt cutter
pince-nez	pince-nez; noseclip
pince-sans-rire	dry, deadpan; person with a deadpan sense of humour
pincement au cœur	lump in one's throat, pang of emotion
ping-pong	ping pong; table tennis
pinot blanc	a sort of white wine
pinot gris	Pinot Gris (type of white wine)
pinot noir	a light and fruity red wine made from blac
pinson des arbres	chaffinch (Fringilla coelebs)
pinson du nord	brambling, the bird Fringilla montifringil
pique-assiette	scrounger, freeloader, gatecrasher, sponge
pique-nique	picnic (a meal eaten outdoors)
pique-niquer	to picnic
piquer au vif	to arouse, to excite; to cut to the quick
piquer du nez	to nosedive, to take a nosedive; to nod off, to doze off, to fall asleep (t
piquer un fard	to blush
piquer un roupillon	to take a nap, to grab a nap, to get some
piquer un somme	to take a nap, to grab a nap, to have a ki
piquer une colère	to fly into a rage
piquer une crise	to throw a fit, to throw a tantrum
piquer une tête	to go for a dip, to take a dip, to dive he
piqûre de rappel	booster injection, booster shot, booster d; reminder
piratage informatique	hacking, unauthorized attempts to bypass t
pirate de l'air	a skyjacker
pirate informatique	a hacker, one who uses a computer to gain
pis que pendre	terrible things about someone, nasty thing
pis-aller	make-do, a less than optimal solution, wor; plan B; last resort; worst case scen
piscine à débordement	overflow pool, perimeter-overflow pool
pisse-au-lit	a bedwetter
pisse-froid	a cold fish, a wet blanket
pisse-vinaigre	a grouch, a crosspatch, a sourpuss
pisser dans son froc	to piss oneself (to be very afraid)
pisser le sang	to bleed profusely, to bleed everywhere, t
piste courte	short track (type of speed skating)
piste cyclable	bicycle path, bike path, cycle path, cycle; cycle track, bike trail
piste d'atterrissage	landing strip, runway (strip for airplanes
piste de danse	dance floor
piste verte	beginner slope (a ski slope for inexperien
pistolet de détresse	flare gun
pistolet à air	air pistol
pistolet à clous	nail gun (electrically or pneumatically po
pistolet à impulsion électrique	taser (electroshock stun gun)
pistolet-mitrailleur	submachine gun
pizza hawaïenne	Hawaiian pizza
pizza margherita	margherita pizza
pizza poutine	poutine pizza (a pizza topped with poutine
pizza québécoise	Quebecoise pizza (with pepperoni, bacon, m
pièce d'estomac	stomacher
pièce d'identité	proof of ID, identity paper, identity docu
pièce de monnaie	coin
pièce de rechange	spare part (component kept in reserve)
pièce de résistance	the finest part of something, especially a
pièce de théâtre	play (theatrical performance)
pièce détachée	spare part
pièce jointe	attachment (email attachment)
pièce justificative	proof of entitlement, document proving som; source document
pièce maîtresse	showpiece; cornerstone
pièce montée	wedding cake
pièce rapportée	patch; insert; in-law; outsider
pièce à conviction	(piece of) evidence, exhibit
piège à clics	clickbait
piège à cons	sucker trap
piété filiale	filial piety
piézo-électricité	piezoelectricity
piézo-électrique	piezoelectric
placage en cathédrale	spear tackle
place au soleil	place in the sun
place d'armes	parade ground; an assembly point for troops; an arsenal
place d'honneur	place of honor, seat of honor
place de parking	parking spot, parking space (space in whic
place de stationnement	parking spot, parking space (space in whic
place du mort	shotgun, death seat (front passenger's sea
place forte	stronghold
placement de produit	(marketing) product placement
placer la barre	to set the bar, to put the bar
placer sur un piédestal	to place on a pedestal, to put on a pedest
plafond de verre	glass ceiling
plain-chant	plainsong
plain-pied	single-storey building; same-level apartment; one-floor residence
plaine de jeux	playground
plan américain	a shot in which a character or a group is
plan comptable	chart of accounts
plan cul	hookup; fuck buddy (sexual relationship without fu
plan d'accès	access map
plan d'action	action plan, game plan, agenda
plan d'eau	lake, pond, stretch of smooth water
plan d'urgence	contingency plan
plan d'épargne	savings plan
plan de cuisson	(UK, AU, NZ) hob, (US, CA) cooktop, (US, C
plan de faille	fault plane
plan de niveau	floor plan
plan de pension	pension plan
plan de table	seating plan, seating chart, seating arran
plan de travail	work plan, schedule; worksurface
plan de vol	flight plan
plan directeur	blueprint; master plan; map of the combat area
plan fixe	static shot
plan incliné	inclined plane
plan rapproché	close-up
plan social	redundancy scheme
plan à trois	threesome, threeway
plan écliptique	ecliptic plane
plan équatorial	equatorial plane
plan-séquence	tracking shot
planche de salut	lifeline (source of salvation in a crisis)
planche de surf	surfboard
planche pourrie	a generally unreliable, impractical, unhel
planche à beurre	butter paddle
planche à billets	banknote printing plate, printing press
planche à découper	chopping board
planche à laver	washboard
planche à neige	snowboard
planche à pain	breadboard
planche à repasser	ironing board; ironing board (flat-chested woman)
planche à roulettes	skateboard; skateboarding
planche à tartiner	board to spread butter, jam or any other s
planche à voile	sailboard, windsurf board; windsurfing
plancher des vaches	terra firma, solid ground
plancher océanique	seafloor, seabed
plancher pelvien	pelvic floor (muscular partition, formed b
planchette à pince	clipboard
planning familial	family planning; family planning clinic
plantain majeur	broadleaf plantain (Plantago major)
plantation de mai	maypole
plante annuelle	annual plant (short-lived plant with only
plante d'intérieur	houseplant
plante efferalgan	blue coleus (Coleus neochilus (Schltr.) Co; Indian borage
plante à fleurs	flowering plant
planter le décor	to set up the scenery; to set the scene
planète errante	rogue planet
planète naine	dwarf planet
plaque d'immatriculation	license plate, number plate (identifying t
plaque d'égout	manhole cover
plaque de cuisson	hotplate; cooktop, stovetop, hob, range
plaque minéralogique	license plate, number plate (identifying t
plaque tectonique	tectonic plate
plaque tournante	turntable (rotating plate); hub, nerve center, key location
plaquette de frein	brake pad
plat comme une limande	very thin; said of a woman with small breast
plat de résistance	main course, main dish
plat du jour	plat du jour, daily special
plat principal	main course
plat préparé	convenience food, ready-to-eat meal, ready
plate-forme de forage	drilling rig, drilling platform (for oil)
plate-forme pétrolière	oil rig
plateau de tournage	film set
play-boy	playboy (person)
plaît-il	I beg your pardon? come again? (either a r
plein aux as	filthy rich (extremely rich)
plein comme un œuf	Very drunk; pissed as a newt; drunk as a s
plein comme une huître	drunk as a skunk
plein de soupe	a greedy man
plein et entier	full, complete
plein pot	(at) full speed, at full throttle, hell-fo
plein-emploi	full employment
pleine lune	full moon
pleins gaz	pedal to the metal
pleins pouvoirs	full powers; power of attorney
pleure-pain	a miser, especially one who withholds food
pleurer comme une madeleine	to bawl, especially exaggeratedly; to cry
pleurer des larmes de sang	to cry bitter tears
pleurer sur le lait renversé	to cry over spilt milk
pleurer toutes les larmes de son corps	to cry one's eyes out, to cry profusely
pleurer à chaudes larmes	to cry one's eyes out, to weep buckets
pleuvoir comme vache qui pisse	to rain like a cow pissing on a flat rock,
pleuvoir des cordes	to rain cats and dogs (to rain heavily)
pleuvoir des hallebardes	to rain heavily; to rain cats and dogs
pleuvoir à boire debout	to rain cats and dogs (to rain very heavil
pleuvoir à seaux	to rain buckets (to rain heavily)
pleuvoir à verse	to rain heavily, to send out in a stream o
plie commune	European plaice (Pleuronectes platessa)
plie d'europe	European plaice (Pleuronectes platessa)
plier bagage	to pack one's bags, to up sticks, to leave
plier boutique	to close up shop, to shut up shop, to clos; to up sticks, to leave, to move, to
plisser les yeux	to look with eyes partly closed; squint
plongeon synchronisé	synchronized diving
plongée sous-marine	scuba diving
pluie acide	acid rain
pluie verglaçante	freezing rain
pluriel brisé	broken plural
plus ample informé	supplemental information
plus bas que terre	thoroughly defeated; thoroughly humiliated
plus de peur que de mal	one has escaped the worst; one has come ou
plus facile à dire qu'à faire	easier said than done (easy to propose, bu
plus fait douceur que violence	gentleness works better than violence; you
plus fort que soi	opponent stronger than oneself
plus grand commun diviseur	greatest common divisor
plus mort que vif	more dead than alive
plus ou moins	more or less (approximately)
plus outre	furthermore; further
plus petit commun multiple	least common multiple
plus que de raison	more than is reasonable, too much, excessi
plus que jamais	more than ever
plus souvent qu'à son tour	more often than it should, more than one's
plus vieux métier du monde	the world's oldest profession
plus vrai que nature	more authentic than the original, even bet
plus-que-parfait	pluperfect tense
plus-value	capital gain (increase in the value of a c; added value
plutôt crever	not a chance! no way! not in a million yea
plutôt deux fois qu'une	doubly, so as to make sure, so that there; absolutely! with pleasure! yes please
plutôt mourir	not a chance! no way! not in a million yea
pluvier bronzé	American golden plover, Pluvialis dominica
pluvier doré	Eurasian golden plover (Pluvialis apricari
pluvier fauve	Pacific golden plover, Pluvialis fulva
pneu de secours	spare tyre
pneu hiver	winter tire
pneu été	summer tire
poc à poc	little by little; so-so, neither good nor bad
poche des eaux	amniotic sac
poche-revolver	hip pocket
poids lourd	HGV; heavy goods vehicle; heavyweight (sports category)
poids léger	lightweight
poids mort	dead weight
poids moyen	middleweight (sports category)
poids plume	featherweight
poignet mousquetaire	cuff (layer of fabric at the lower edge of
poignée d'amour	love handle
poignée de main	handshake
poignée hollandaise	Dutch reach (technique for opening a motor
poil au nez	used as a rhyme with a word ending with th
poil aux dents	used as a rhyme with a word ending with th
poil pubien	a pubic hair, a pube
poil à gratter	itching powder
poing américain	brass knuckles
poing-à-poing	fist bump
point aveugle	blind spot (place where the optic nerve at
point barre	period; full stop, end of discussion
point cardinal	cardinal point
point chaud	hot spot
point commun	common feature, shared trait, thing in com
point d'accumulation	accumulation point, limit point
point d'ancrage	anchor point (place to which things are an; anchor, anchor point (something that
point d'angleterre	Brussels lace
point d'articulation	place of articulation
point d'eau	water point, water source, watering place,
point d'entrée	entry point
point d'exclamation	exclamation mark, exclamation point
point d'expérience	experience point
point d'inflexion	at this point the second derivative of the
point d'interrogation	question mark (punctuation mark used at th
point d'orgue	pause, fermata; climax, culmination, capstone
point d'ébullition	boiling point
point de chute	landing place, dropzone (target where a sk; place to stay, place to crash, stopp
point de collecte	collection point, pick-up point
point de contrôle	checkpoint
point de côté	stitch (pain in one's side)
point de départ	starting point; starting point, point of departure
point de fuite	vanishing point
point de fusion	melting point (temperature at which the so
point de lagrange	Lagrange point
point de libration	libration point
point de mire	target, point of aim; focal point, cynosure
point de non-retour	point of no return; point of no return (moment when a process
point de passage	crossing point
point de percée	piercing point
point de prolongation	augmentation dot, dot of augmentation
point de ralliement	meeting point
point de rebroussement	cusp
point de repère	point of reference, landmark
point de rosée	dew point
point de suture	stitch (of surgical suture)
point de vente	point of sale; salespoint, retail outlet, sales outlet, o
point de vie	health point, life point, hit point
point de vue	point of view
point diplomatique	the punctuation ⟨ ./. ⟩, a full stop follo
point du jour	daybreak, dawn
point exclarrogatif	interrobang (the punctuation mark ‽)
point faible	weakness, weak spot
point final	period, full stop
point focal	focal point (point at which rays of light
point fort	strength, strong suit
point g	G-spot
point interrogant	question mark (punctuation mark used at th
point mort	dead centre; neutral (the position of a set of gears); standstill, deadlock
point médian	interpunct, interpoint, middot
point noir	blackhead, comedo; black spot (section of roadway that has be; negative point, n
point triple	triple point
point trop n'en faut	don't go overboard, not too much
point virgule	semicolon
point zéro	ground zero; kilometre zero
point à la ligne	period, full stop
point-virgule	semicolon (punctuation mark)
pointe aux âmes	soundpost setter, soundpost setting tool
pointe de vin	merriment caused by mild intoxication
pointe des pieds	tiptoe
pointe-noirais	native or inhabitant of Pointe-Noire
pointer du doigt	to point out, to indicate; to point at; to
pointer le bout de son nez	to show up
points de suspension	ellipsis (mark used in printing to indicat
poire belle hélène	a dessert made from pears poached in sugar
poire d'angoisse	pear of anguish, choke pear
poire d'avocat	avocado pear (avocado fruit)
poire pour la soif	savings for a rainy day, safety cushion
poire à lavement	bulb syringe, enema syringe, douche
poiré de glace	ice perry
poiré mousseux	sparkling perry (pear champagne)
pois chiche	chickpea
pois de senteur	sweet pea
pois vivace	perennial peavine (Lathyrus latifolius)
poisson archer	archerfish (Toxotes)
poisson chauve-souris	ogcocephalid
poisson d'argent	silverfish (mainly Lepisma saccharina)
poisson d'avril	April fool (an April Fool's Day joke); April fool (a person subjected to an Apri
poisson de roche	rockfish (any of a large number of differe
poisson osseux	bony fish
poisson plat	flatfish
poisson rouge	goldfish
poisson royal	royal fish
poisson volant	flying fish (a tropical marine fish)
poisson-chat	catfish
poisson-chien	the tigerfish, in the genus Hydrocynus; European mudminnow (Umbra krameri)
poisson-chirurgien	surgeonfish
poisson-clown	clownfish, anemonefish, of subfamily Amphi
poisson-football	footballfish
poisson-lait	milkfish
poisson-lion	Common lionfish (Pterois volitans)
poisson-lune	sunfish
poisson-pilote	pilot fish
poisson-scie	sawfish
poisson-scorpion	scorpionfish
poisson-tigre	tigerfish, in genus Hydrocynus
poisson-vipère	viperfish
poisson-épée	swordfish
poivre blanc	white pepper (spice)
poivre de cayenne	cayenne pepper; pepper spray
poivre du moulin	freshly ground pepper
poivre et sel	salt-and-pepper
poivre noir	black pepper (spice)
police d'assurance	insurance policy, insurance contract (lega
police d'écriture	typeface, font
police de l'air et des frontières	border police
police de la route	traffic police, highway patrol
police des mœurs	vice squad; morality police
police judiciaire	judicial police
police militaire	military police
police secrète	secret police (police force operating in s
politique de l'autruche	ostrich politics, ostrich policy
politique du saucissonnage	salami technique (reach a goal using small
politiquement correct	politically correct, unobjectionable; political correctness
polluant éternel	forever chemical
pollution lumineuse	light pollution
pollution sonore	noise pollution
polyarthrite rhumatoïde	rhumatoid polyarthritis
polymère greffé	graft polymer
polystyrène expansé	styrofoam
polytéréphtalate d'éthylène	polyethylene terephthalate (“PETE, PET”):
polyéthylène téréphtalate	polyethylene terephthalate (“PET, PETE”)
pom-pom girl	a female cheerleader
pomme d'adam	Adam's apple
pomme d'amour	toffee apple, candy apple; tomato
pomme de cajou	cashew apple (the fruit of the cashew tree
pomme de discorde	apple of discord, bone of contention
pomme de goa	star fruit (Averrhoa carambola)
pomme de pin	pinecone; pineapple
pomme de pré	cranberry
pomme de senteur	pomander (mixture of perfumes); pomander (perforated container in which th
pomme de terre	potato (Solanum tuberosum)
pomme de terre en robe des champs	unpeeled baked potato
pomme frite	French fry
pomme paille	skinny fry; skinny chip
pomme purée	mashed potatoes; pomme puree; (mashed potatoes made from th
pomme épineuse	jimsonweed; the fruit of that plant
pommes frites	French fries; chips; fried apples
pommes soufflées	slices of potato that have been fried twic
pompe à chaleur	heat pump (device that can provide heat to
pompe à essence	gas pump; gas station, filling station
pompe à vélo	bicycle pump
pomper l'air	to annoy
pompes funèbres	undertaker's, funeral home, funeral parlou
pont aérien	airlift
pont d'or	golden hello
pont disulfure	disulfide bond
pont flottant	pontoon bridge
pont suspendu	suspension bridge
pont-canal	water bridge, navigable aqueduct
pop-corn	popcorn
populage des marais	kingcup, buttercup, marsh marigold
population active	workforce, labour force, working populatio
porc-épic	porcupine
porcelaine carnéole	the carnelian cowrie (Lyncina carneola)
porcelaine cervine	the Atlantic deer cowry (Macrocypraea cerv
porcelaine de madagascar	the wrinkled cowry, nucleus cowrie, or ker
porcelaine tigre	tiger cowrie (Cypraea tigris)
porcelle enracinée	cat's ear (Hypochoeris radicata)
port d'armes	possession of a weapon, carrying of weapon
port d'attache	port of registry; home base
port de plaisance	marina (recreational harbour for yachts an
port de voix	portamento (smooth, gliding transition fro
port franc	free port (port or other area with relaxed
porte cochère	porte cochère
porte d'embarquement	departure gate, boarding gate
porte d'entrée	front door
porte de sortie	exit door; way out, escape route, off-ramp, exit stra
porte en verre	a door entirely or mainly made of glass, a
porte moustiquaire	a screen door (a door designed to let air
porte papillon	butterfly door (a door mounted on a centra; a door which opens upwards, such as
porte vitrée	a door that includes parts made of glass,
porte à deux battants	a set of double doors
porte-aiguille	needle holder
porte-aéronefs	aircraft carrier
porte-bagages	bicycle rack, luggage carrier; overhead bin, overhead compartment
porte-bonheur	lucky charm
porte-bébé	baby carrier; papoose
porte-cigares	cigarette case
porte-clef	turnkey; keychain, keyring
porte-conteneur	container ship
porte-copie	document holder; copy holder
porte-coton	Groom of the Stool
porte-couteau	knife rest
porte-crayon	pencil holder
porte-croix	cross bearer
porte-documents	briefcase
porte-fanion	pennant holder
porte-fenêtre	French window, French door
porte-hélicoptères	helicopter carrier
porte-jaja	suspender belt (UK), garter belt (US)
porte-jarretelles	suspender belt (UK), garter belt (US)
porte-malheur	jinx, bad-luck charm
porte-mine	mechanical pencil
porte-papier	toilet roll holder; paper towel holder, (UK) kitchen roll hold
porte-queue	trainbearer; swallowtail (butterfly); cue rack
porte-à-porte	door-to-door (going from house to house)
porte-épée	porte-épée; a swordtail (fish)
porte-étendard	standard-bearer
porter assistance	to give assistance, to render aid
porter atteinte	to harm, to detract from
porter aux nues	to praise to the skies, to extol
porter beau	to look good, to be elegant
porter bonheur	to bring luck
porter dans son cœur	to like, to hold dear
porter de l'eau à la rivière	to carry coals to Newcastle
porter la culotte	to wear the pants, to wear the trousers
porter la poisse	to jinx, to bring bad luck, to bring misfo
porter le chapeau	to shoulder the blame, to take the blame,
porter malheur	to bring bad luck, to bring misfortune, to
porter ombrage	to overshadow, to outshine, to put in the
porter plainte	to complain, to lodge a (formal) complaint; to bring a criminal action, to press
porter préjudice	to be prejudicial to, to harm, to cause ha
porter sa croix	to bear one's cross, to carry one's cross
porter secours	to bring help to, to come to (someone's) a
porter ses fruits	to bear fruit, to pay off
porter à confusion	to cause confusion, to lead to confusion,
porter à croire	to suggest (to someone) that; to lead some
porter à faux	to jut out, to be out of the perpendicular
porter à ébullition	to bring to the boil
porteur de contraintes	a legal officer responsible for delivering
porteur de sens	meaningful
portion congrue	part of the tithe (dîme) paid by the highe; tithe, trifling amount (the smallest
porto flip	Porto flip
portrait craché	spitting image, dead ringer
portrait-robot	identikit, composite sketch, police sketch
portugais brésilien	Brazilian Portuguese
portugais du brésil	Brazilian Portuguese
portugais du portugal	European Portuguese
porté disparu	reported missing, listed missing, missing
poser culotte	to cover one's feet (to lower one's garmen
poser des lapins	frequentative or plural
poser la chique et faire le mort	to stay silent
poser la première pierre	to lay the first stone, to lay the foundat
poser problème	to pose a problem to, to bother
poser ses couilles sur la table	to show that one's got balls, to assert on
poser ses valises	to settle down
poser un lapin	to stand (someone) up
poser une colle	to stump, to ask (someone) a toughie (to a
poser une pêche	to take a dump, to drop a deuce
position de tête	pole position
position intéressante	interesting condition
position latérale de sécurité	recovery position
position sexuelle	sex position
positivisme juridique	legal positivism
posséder sexuellement	to have sex (with)
post scriptum	postscriptum
post-communiste	postcommunist
post-it	post-it note, post-it
post-traumatique	post-traumatic
post-éjaculatoire	post-ejaculatory
poste avancé	outpost
poste d'essence	petrol station, gas station
poste d'observation	observation post
poste d'écoute	listening post
poste de commandement	command post
poste de contrôle	checkpoint; control room
poste de police	police station
poste de quartier	neighbourhood station / district station /
poste de travail	workstation (area for a single worker); workstation (type of computer)
poste médical avancé	advanced medical post
poste à gaz	gas station
poste à souder	welder, welding machine
poste-frontière	borderpost (installation, situated on a bo
pot aux roses	the underlying facts, the hidden truth, th
pot catalytique	catalytic converter
pot commun	common purse, kitty (communal fund)
pot d'échappement	exhaust pipe
pot de chambre	chamber pot
pot de colle	gluepot; a clinging vine, a clingy person, a tagger
pot de fleur	a flowerpot; an inactive, improductive person, especial
pot mason	Mason jar
pot-au-feu	hotpot; meat and vegetables cooked togethe; Who prefers to remain at home; stay-
pot-de-vin	a bribe, payoff, sop
pot-pourri	potpourri (collection of various things)
potage crécy	a kind of creamy carrot soup
potage esaü	a kind of lentil soup
potage saint-germain	a kind of pea soup
poteau rose	eggcorn of pot aux roses; eggcorn
poteau électrique	utility pole
potron-minet	sunrise
pou-yaille	exclamation of surprise, pleasure or disgu
pouce bleu	like, thumbs up
pouce en l'air	a thumbs up
pouding chômeur	pudding chomeur
poudre aux yeux	smoke and mirrors, smokescreen
poudre de perlimpinpin	a powder, purported to have magic powers,; snake oil (a fraudulent cure-all or r
poudre shimosa	Shimose powder; a picric acid based explos
poudre à canon	gunpowder
poudre à laver	washing powder
poudre à lessiver	washing powder
pouilly-fumé	Pouilly-Fumé
poule au pot	a kind of chicken and vegetable stew from
poule aux œufs d'or	golden goose (something that generates muc
poule d'eau	moorhen (Gallinula spp.); orbicular batfish (Platax orbicularis); American coot
poule mouillée	milksop, chickenshit, chicken-heart (cowar
poule pondeuse	laying hen; breeder, brood mare (woman who has many ch
poulet basquaise	a kind of stew containing braised chicken
poulet du général tao	General Tao chicken
poulet frit	fried chicken
poulet à l'orange	orange chicken
pouligny-saint-pierre	Pouligny-Saint-Pierre (cheese)
poumon de la planète	a large forest, generally a tropical rainf
poupée boule	roly-poly (toy)
poupée de chiffon	rag doll
poupée gonflable	blow-up doll, love doll
poupée russe	Russian doll
poupée vaudou	voodoo doll
pour acquit	paid, settled, payment received, received
pour ainsi dire	so to speak, as it were
pour autant	even so
pour autant que	provided that; on the condition that
pour autant que je sache	to the best of my knowledge, as far as I k
pour bien faire	ideally
pour cause de	on account of, due to, because of
pour ce faire	with this aim in mind, to do this, in orde
pour ce qui est de	concerning, regarding, as for, as to, as f
pour commencer	for starters, first of all, firstly, first
pour de bon	for good (in a way that is conclusive and; actually, really
pour de faux	for a laugh, for kicks, in jest, not for r
pour de vrai	for realsies, for real, truly, really
pour des haricots	to no avail
pour des prunes	for very little money, in exchange for ver; for no reason; for nothing
pour du beurre	for a laugh, for kicks, in jest
pour faire court	long story short
pour faveur	please
pour finir	finally; eventually, after all
pour info	for the record, FYI
pour l'amour de	for the sake of
pour l'amour de dieu	for the love of God! for God's sake!
pour l'amour du ciel	for heaven's sake!
pour l'anecdote	incidentally, by the way, as an aside; for
pour l'heure	at the moment, for the time being
pour l'instant	at the moment, for the time being, for now
pour la bonne règle	as a matter of routine, as a matter of pri
pour la forme	out of principle, on principle, as a matte
pour la petite histoire	incidentally, by the way, as an aside; for
pour la plupart	for the most part, mostly
pour la vie	for life, for the rest of one's life
pour le compte de	on behalf of
pour le coup	this time, this time round, in this case; truly, actually, really; in fact
pour le meilleur et pour le pire	for better or for worse; in weal and woe;
pour le moins	to say the least
pour le moment	for the time being, for now
pour le même prix	all but, very nearly
pour le reste	for the rest, otherwise
pour les beaux yeux de	for the sake of (someone), for the love of
pour les couilles du pape	for nothing
pour les intimes	used by one to say that their friends gene
pour les siècles des siècles	for ever and ever
pour ma part	as for me
pour mémoire	for the record, as a reminder
pour ne pas dire	not to say, if not
pour peu que	if, if only, as long as, to the extent tha
pour que	so that, in order that; too much … for … to(introduces an impossib
pour quoi faire	why? what for? to what end?
pour rappel	as a reminder
pour rien	for nothing, pointlessly
pour rien au monde	not for all the tea in China, under no cir
pour sûr	for sure
pour ta gouverne	for your information, I'll have you know t
pour toujours	forever
pour tout dire	to tell the truth, to be completely honest
pour tout potage	only, altogether, all told (with the impli
pour un oui ou pour un non	over the slightest thing
pour un peu	all but, very nearly
pour un plat de lentilles	in exchange for very little; for nothing
pour un rien	over silly things, for a trifle, about not
pour un régiment	a lot; too much, to excess (used when one
pour une fois	for once, for a change
pour votre gouverne	for your information, I'll have you know t
pour vous servir	At your service. (literally “to serve you”
pour vrai	for real, honestly, seriously, truly
pour être franc	to be frank, to be completely honest, to t
pour être honnête	to tell the truth, truth be told, to be co
pourquoi du comment	(with the definite article le) the whys an
pourquoi non	why not? (negative question); why not? (lacking objection)
pourquoi pas	why not? (negative question); why not? (lacking objection)
pourquoi que	why
pourri gâté	spoiled rotten; a spoiled brat
pourriture noble	noble rot
poursuite individuelle	individual pursuit
poursuite par équipes	team pursuit
poursuivre en justice	to sue
poursuivre sur une lancée	keep going on a path
pourvu que	let's hope (that); provided (that), as long as
pousse-au-crime	that which drives to crime; person who is; plonk (poor-quality wine)
pousse-au-vice	that which drives to crime; person who is
pousse-café	chasse-café, pousse-café (small glass of a
pousse-mine	mechanical pencil
pousse-pousse	rickshaw
pousser comme des champignons	to crop up all over the place, to sprout u
pousser dans ses derniers retranchements	to drive someone into a corner, to corner
pousser des cris d'orfraie	to scream bloody murder, react with horror
pousser la chansonnette	to start singing; to start talking, to start confessing, to
pousser le bouchon	to go too far, to cross the line
pousser le vice	to go too far, to exaggerate, to overdo it
pousser les hauts cris	to complain loudly, to protest vocally, to
pousser mémé dans les orties	to push things too far, to overdo it, to e
pousser à bout	to push someone to the limit, to push some
pousseur de bois	woodpusher (a poor chess player)
poussée d'archimède	buoyancy
poussée de croissance	growth spurt
poutine déjeuner	breakfast poutine
poutine italienne	Italian poutine
poutine pizza	pizza poutine (a poutine with added mushro
poutre apparente	exposed beam; tight-fitting trousers (chiefly used attri
pouvoir d'achat	purchasing power (amount of goods and serv; spending power (amount of goods and
pouvoir de marché	market power
pouvoir de résolution	resolving power (a quantitative measure of
pouvoir toujours courir	can whistle for it
poêle à bois	wood-burning stove, woodstove, wood burner
poêle à frire	frying pan
premier amour	first love (one's first experience of the; first love (first person to be the ob
premier but	first base; first baseman
premier de classe	best pupil (person who is at the top of th
premier de cordée	lead climber, climber in lead, leader; trailblazer; most wealthy person or count
premier degré	literal sense, literal meaning, face value
premier en date	earliest
premier jet	first sketch, first draft, first try (firs
premier maître	Military rank used in Francophone navies u
premier maître de deuxième classe	chief petty officer second class (rank in
premier maître-chef	(DRC) Military rank equivalent to adjutant
premier ministre	prime minister; premier
premier moteur	prime mover (initial agent that is the cau
premier plan	foreground
premier poteau	near post
premier rôle	leading role, lead role
premier secrétaire	secretary general
premier venu	the first person that comes along; the man
premier violon	first fiddle, first violin, concertmaster
premier-né	first-born
premiers entre eux	relatively prime, coprime (having no posit
premiers secours	first aid
premiers soins	first aid
première classe	first class (the most luxurious and expens; first-class passenger, soldier etc.
première de couverture	front cover, front page, title page
première fois	first time (the first instance of sexual i
première jeunesse	first flush of youth, early youth
première personne	first person (the form of a verb used when
première pierre	foundation stone
prendre acte	to take note; to acknowledge, to recognize
prendre au dépourvu	to take by surprise, to catch off guard, t
prendre au mot	to take someone literally, to take someone
prendre au piège	to trap, to snare, to hook, to entrap, to
prendre au sérieux	to take seriously
prendre au tragique	to take something as a tragedy, to conside
prendre aux tripes	to be gut-wrenching (to be very moving, to
prendre avec des pincettes	to take with a pinch of salt
prendre bien	to take well, to take graciously
prendre cher	to charge a lot; to pay dearly; to catch hell
prendre congé	to take a day off; to take leave of, to say goodbye to
prendre connaissance	to peruse, to read carefully, to note, to
prendre conscience	to realize (become aware)
prendre contact	to contact, to get in touch with
prendre corps	to take shape
prendre courage	to take heart, to man up
prendre cours	to begin, to start, to inure
prendre d'assaut	to take by storm
prendre dans le cul	to take it up the ass (to be the recipient
prendre dans ses filets	to seduce
prendre de court	to blindside, take somebody unawares, to c
prendre de haut	to look down on someone, to look down one'
prendre de l'ampleur	to be on the rise, to gather pace, to incr
prendre de l'avance	to gain ground, to advance; to get a head start, to get ahead of sched
prendre de la bouteille	to cut one's eyeteeth, to get older and wi
prendre de la distance	to take some distance, to take a step back
prendre de la hauteur	to gain height, to go up; to get an overview, to get some distance,
prendre de la masse	to build muscle
prendre de la place	to take up a lot of room (to take up a lot; to be an overwhelming person, to be
prendre de la vitesse	to gather speed, to pick up speed, to gain
prendre de vitesse	to get a jump on, to beat to the punch, to
prendre des airs	to put on airs, to give oneself airs
prendre des gants	to handle with kid gloves, to go soft on;
prendre des libertés	to take liberties
prendre des mesures	to take steps; to take action
prendre des pincettes	to treat somebody with kid gloves, to go s
prendre des vessies pour des lanternes	to be deluded, to be very naive, credulous
prendre du bon temps	to relax, to have some fun, to enjoy onese
prendre du champ	to take some distance, to take a step back
prendre du galon	to get a promotion, to get promoted
prendre du poids	to gain weight, to put on weight
prendre du recul	to take a step back, to step back and get
prendre du retard	to fall behind schedule, to run late, to d
prendre effet	to come into force, to come into effect, t
prendre en amitié	to take a liking to (someone)
prendre en aversion	to take a dislike to (someone)
prendre en charge	to take charge of; to be in charge of; to; to pick up, to take on
prendre en chasse	to give chase to, to chase, to pursue, to
prendre en compte	to take into account, to factor in
prendre en considération	to take into consideration, to take into a
prendre en défaut	to catch off guard, to catch on the hop
prendre en dégoût	to end up disgusted by, to acquire a profo
prendre en faute	to catch in the act, to catch red-handed
prendre en filature	(espionage) to shadow, to tail (to secretl
prendre en flagrant délit	to bust, to catch red-handed
prendre en grippe	to take a dislike to (someone), to take ag
prendre en main	to take charge of, to take in hand; to get a grip on one's life, to take onese
prendre en mensonge	to catch someone in a lie, to catch someon
prendre en otage	to take hostage
prendre en photo	to take a picture of, to photograph; to take a photo of oneself, to take a self
prendre en pitié	to take pity on
prendre en sandwich	to sandwich; to double-team
prendre en traître	to stab in the back, to betray
prendre exemple	to follow (someone's) example, to do as (s
prendre fait et cause	to take sides
prendre femme	to take a wife, to get married
prendre feu	to catch fire, to burst into flame
prendre fin	to become void; to come to an end
prendre forme	to take shape
prendre froid	to catch a cold
prendre garde	to be careful, to take care; to be careful of, to look out for, to watc
prendre goût	to develop a taste (for), to acquire a tas
prendre l'air	to go outside, to get some air, to get som; to take to the skies, to take off
prendre l'eau	to take on water, to take in water; to be on a sinking ship
prendre l'habit	to take the cloth (to become a member of t
prendre la clef des champs	to take to one's heels, to head for the hi
prendre la défense	to come to (someone's) defence, to stand u
prendre la fuite	to escape, to flee, to take flight
prendre la grosse tête	to get a big head, to become big-headed
prendre la liberté	to take the liberty
prendre la main	to take the helm; to take control, to take over
prendre la main dans le sac	to bust, to catch red-handed, to catch wit
prendre la mer	to go to sea, to take to sea, to put to se
prendre la mesure	to be aware; to realise
prendre la mouche	to get ticked off, to get offended, to get
prendre la parole	to speak, to give a speech before a group,
prendre la peine	to go to the trouble (of), to take the tro
prendre la porte	to leave a room; to leave; to get sacked, to get the sack, to find on
prendre la pose	to pose, to strike a pose, to strike an at
prendre la poudre d'escampette	to take a powder, to take flight, to take
prendre la poussière	to gather dust
prendre la relève	to take over, to pick up the slack
prendre la route	to hit the road (to begin traveling)
prendre la tangente	to do a bunk, to take French leave, to tak
prendre la température	to take someone's temperature, to measure; to test the water; to sound out, to g
prendre la tête	to take the lead, to lead; to take the lead, to assume leadership, to; to pester
prendre la vie du bon côté	to look on the bright side
prendre la volée	to take flight, to leave suddenly and unex
prendre langue	to make inquiries, to learn about the situ
prendre le chemin	to head towards, take the road for; to do whatever necessary to achieve a goal
prendre le chou	to pester; to lose one's rag, to lose one's temper, t; to argue, to quarrel
prendre le dessus	to get the upper hand, to gain the upper h
prendre le large	to slip away, to do a bunk, to take flight
prendre le maquis	to go underground
prendre le melon	to get a big head, to become big-headed
prendre le mors aux dents	to champ at the bit; to get the bit between one's teeth
prendre le pas	to move in front (of), to precede; to take precedence (over), to trump in sig
prendre le pli	to get into the groove; to get used to, to
prendre le pouls	to take someone's pulse, to measure the pu; to sound out, to gauge
prendre le pouvoir	to take power, to seize power
prendre le relais	to take over, to handle it from here, to t
prendre le soleil	to sunbathe
prendre le taureau par les cornes	to take the bull by the horns, to grasp th
prendre le train en marche	to jump on the bandwagon
prendre le vent	to catch the wind; to see which way the wind is blowing, to p
prendre le voile	to take the veil
prendre le volant	to take the wheel (to take control of the
prendre les armes	to take up arms
prendre les choses comme elles viennent	to take things as they come, to take the r
prendre les commandes	to take the controls, to take the helm, to
prendre les devants	to initiate action, to take the initiative
prendre les paris	to take bets, to act as a bookmaker; to hazard a guess
prendre les présences	to take attendance
prendre les rênes	to take the helm, to take the reins
prendre livraison	to take delivery
prendre mal	to take badly, to take offence at, to take; to catch cold
prendre mesure	to take measurements
prendre naissance	to originate, to emerge (somewhere)
prendre note	to take notice of, to take heed of, to not; to jot down, to note down, to write
prendre occasion	to take advantage
prendre ombrage	to get worried and offended out of jealous
prendre par la main	to lead by the hand
prendre par les sentiments	to sweet talk someone, to appeal to someon
prendre par surprise	to take (someone) off-guard
prendre part	to take part, to participate
prendre parti	to take sides, take a side
prendre peur	to take fright
prendre pied	to gain a foothold, to gain one's footing
prendre pitié	to take pity
prendre place	to take a seat, to have a seat, to sit dow
prendre plaisir	to enjoy, to take pleasure in
prendre position	to take position, to assume position; to take a stand, to make a stand
prendre possession	to take possession; to take control
prendre pour acquis	to take for granted
prendre pour argent comptant	to take at face value
prendre pour cible	to aim at, to target; to pick on, to pester
prendre pour femme	to marry (a woman)
prendre pour mari	to marry (a man)
prendre pour un jambon	to ridicule, to make mock of
prendre prétexte	to give as a pretext, to give as an excuse
prendre racine	to take root, to put down roots; to take hold, to take root, to put down ro
prendre sa plume	to take up one's pen, to write a letter
prendre sa retraite	to retire (stop working)
prendre sa revanche	to get one's revenge, to get one's own bac; to settle the score, to even the sco
prendre sa routine à volonté	to be dismissed
prendre sa source	to rise, to have its source (somewhere); to emerge, to begin, to start, to origi
prendre sans vert	to take by surprise, to catch off guard, t
prendre sens	to start to make sense, to become meaningf
prendre ses aises	to make oneself comfortable, to make onese
prendre ses cliques et ses claques	to pack one's bags and leave, to pack up a
prendre ses couilles en main	to grow some balls, to grow a pair (to gat
prendre ses distances	to distance oneself
prendre ses désirs pour des réalités	to engage in wishful thinking, to indulge
prendre ses jambes à son cou	to take to one's heels, to run for one's l
prendre ses marques	to find one's feet
prendre ses quartiers	to settle somewhere, to take up residence
prendre ses quartiers d'hiver	to go into winter quarters; to choose a place to spend winter
prendre ses responsabilités	to take responsibility for one's actions
prendre soin	to see to, look after, keep in order, mana; to take care of, to care for
prendre son courage à deux mains	to pluck up one's courage, to gather up on
prendre son envol	to take off, to take flight
prendre son essor	to take flight, to fly off; to take off, to soar up, to flourish, to b
prendre son mal en patience	to bear with it, to put up with it, to gri
prendre son parti	to make peace with, to come to terms with,
prendre son pied	to have a blast, to have a great time, to; to take pleasure from something, usua
prendre son temps	to take one's time
prendre son élan	to take a run-up
prendre sous son aile	to take under one's wing
prendre sur le fait	to bust, to catch red-handed
prendre sur soi	to take it on the chin, to bite the bullet
prendre un coup dans l'aile	to take a hit, to take a knock (to suffer
prendre un verre	to have a drink
prendre une brosse	to get wasted, drunk, smashed
prendre une cuite	to get pissed, go out on the piss
prendre à cœur	to take to heart
prendre à la gorge	to have by the throat; to be gut-wrenching (to be very moving, to
prendre à la légère	to make light of something; to take lightl; to treat something lightly, not to c
prendre à la rigolade	to make light of, to take lightly; to make
prendre à part	to take aside
prendre à partie	to take to task, to set about, to tackle,
prendre à revers	to attack from the rear; to blindside
prendre à tâche	to take it upon oneself to
prends-tu des médicaments	are you taking any medications?
preneur d'assurance	policyholder (person who holds an insuranc
prenez-vous des médicaments	are you taking any medications?
presqu'	almost
presse à canard	duck press
presse écrite	print (written media)
presse-agrume	juicer, citrus press, lemon press
presse-ail	garlic press
presse-citron	lemon squeezer
presse-papier	paperweight; clipboard
presse-purée	potato masher
presse-étoupe	a watertight and/or airtight metallic piec; a seal for between the handle and th
presser la détente	to pull the trigger
presser le pas	to quicken one's pace, to pick up the pace
pression artérielle	blood pressure
pression atmosphérique	atmospheric pressure
pression des pairs	peer pressure
prestataire de services	service provider (an organization that, or
prestation de serment	taking the oath, oathtaking
preuve par l'absurde	proof by contradiction, reductio ad absurd
preux chevalier	preux chevalier, valiant knight
prie-dieu	prie-dieu
prime de bienvenue	golden hello
prime de départ	golden handshake
prime de risque	danger pay, danger money, hazard pay (extr; risk premium (increase in the intere
prime jeunesse	first flush of youth, early youth
prime time	prime time; type of cigarillo
primitif flamand	Flemish Primitive (any of the Early Nederl
primo-arrivant	newly arrived migrant, new arrival, newcom
prince charmant	Prince Charming
prince des ténèbres	the Prince of Darkness, the devil, Satan
prince du sang	a person legitimately descended in male li
prince-édouardien	Prince Edward Islander
principe de charité	principle of charity (principle according
principe du tiers exclu	law of excluded middle
priorité à droite	right-hand right of way (a traffic rule th
prise d'air	air vent, air inlet; air intake; snorkel (hollow tube used for breathing un
prise d'otage	hostage taking, hostage-taking situation,
prise de bec	set-to, tiff, spat, argument
prise de conscience	realization (act of figuring out or becomi
prise de contact	initial contact, first approach, first exc
prise de corps	committal (act of committing someone to co; apprehension, arrest (act of seizing
prise de courant	outlet (wall-mounted socket)
prise de notes	notetaking
prise de parole	speech; the act of starting to speak; the act of manifesting
prise de position	stance, stand, statement
prise de risque	risk-taking (practice or tendency of doing
prise de sang	blood test (act of taking a blood sample i
prise de terre	ground wire; earth
prise de tête	headache, hassle; fussy, tiresome; argument
prise de vue	filming, shooting; shot
prise en charge	management (of something), care (for somet; pick-up (by a taxi); pick-up fare, m
prison dorée	gilded cage
prison militaire	military prison (prison operated by the mi
prison ouverte	open prison
prison pour dettes	debtors' prison
prisonnier d'opinion	prisoner of conscience
prisonnier de guerre	prisoner of war, POW
prisonnier politique	political prisoner
privat-docent	privat-docent
private joke	a private joke, an in-joke: a piece of hum
prix catalogue	list price (retail selling price of an ite
prix coûtant	cost price (cost to a manufacturer of prod
prix d'achat	buying price, purchase price (price at whi
prix d'ami	special discount, discount to a friend, ma
prix d'éviction	price set very low to drive competitors ou
prix de marché	market price
prix de revient	production costs
prix de vente	selling price (price at which an item is a
prix fixe	a menu in which the entire meal is offered; the price of such a meal
prix nobel	Nobel Prize (international prize)
prix plafond	price ceiling (imposed upper limit on the
prix plancher	price floor (imposed lower limit on the pr
prix prédateur	price set very low to drive competitors ou
prix unitaire	unit price (price of a standard amount of
prière de	please; used to make formal requests, espe
pro-business	probusiness
pro-choix	pro-choice; support for the right of a pre
pro-verbe	pro-verb
processeur graphique	graphics processing unit (specialized elec
processus léger	thread
procréation médicalement assistée	assisted reproduction
procureur du roi	Crown prosecutor of Belgium; Crown prosecutor of France
procureure de la couronne	Crown prosecutor
procès d'intention	instance of dismissing a claim by question; act of speculating on someone's inte
procès équitable	fair trial
produit d'appel	loss leader; catchpenny
produit de beauté	beauty product (item of cosmetics)
produit de nettoyage	cleaning product, cleaning agent (substanc
produit fini	finished product, end product, finished go
produit intérieur brut	gross domestic product
produit laitier	dairy product
produit scalaire	scalar product; dot product
profession de foi	profession of faith; declaration of faith; manifesto, policy statement, declarat
profil de risque	risk profile
profil perdu	profil perdu
profondeur de champ	depth of field
programmation orientée objet	object-oriented programming
programme de concert	setlist
programme malveillant	malware (software developed to cause harm
projet de loi	bill: proposed law drafted by the executiv
projet européen	European project
promenade de santé	a walk in the park
promesse de gascon	empty promise; vain promise; false promise
promettre la lune	to promise the moon, to promise the earth,
promettre monts et merveilles	to promise the moon, to promise the earth,
promettre plus de beurre que de pain	to promise the moon, to promise the earth,
promis juré	pinky swear, pinky promise, cross my heart
promotion canapé	promotion by sleeping one's way up the lad
prompt rétablissement	get well soon, a phrase expressing hope th
pronom démonstratif	demonstrative pronoun (pronoun which repla
pronom interrogatif	interrogative pronoun
pronom personnel	personal pronoun
pronom relatif	relative pronoun
pronom réfléchi	reflexive pronoun
pronostic vital	prognosis for survival
propagande par le fait	propaganda of the deed; propaganda by the
prophétie autoréalisatrice	self-fulfilling prophecy
proposer la botte	to proposition, to make sexual advances to
propre comme un sou neuf	Very clean; squeaky clean; clean as a whis
propre sur soi	neat and tidy, trim, clean-looking, fit to
proprement dit	actual, proper, itself, as such
propriétaire terrien	landowner (person who owns land)
propriété intellectuelle	intellectual property
propriété privée	private property; private property (land or building that be
protection des données	data protection
proto-altaïque	Proto-Altaic
proto-germanique	Proto-Germanic
protoxyde d'azote	nitrous oxide
protège-cahier	a cover for an exercise book
protège-dent	mouthguard (device)
protège-matelas	mattress protector
protège-tibia	shinguard
protéger ses arrières	to cover one's back, to cover one's rear (
provision technique	technical provision
prud'homie	probity
prudence est mère de sûreté	discretion is the better part of valour, d
prunelle de ses yeux	apple of someone's eye (a favourite, a par
près de	close to, near; almost, nearly
près de ses sous	stingy, close-fisted, penny-pinching
pré carré	territory, turf, domain, province
pré-grec	Pre-Greek
pré-orgasmique	Pre-1990 spelling of préorgasmique
pré-pandémique	prepandemic
pré-éjaculatoire	pre-ejaculatory
pré-électoral	preelectoral
précompte mobilier	movable property tax
précompte professionnel	withholding tax (tax withheld from employe
préfet du prétoire	praetorian prefect
prénanthe pourpre	purple lettuce (Prenanthes purpurea L.)
préparer le terrain	to lay the groundwork, to prepare the grou
prépondérance ventriculaire	ventricular preponderance
prépuce clitoridien	clitoral foreskin
prépuce du pénis	praeputium penis
prépuce pénien	praeputium penis
présence d'esprit	presence of mind
présent continu	present continuous
présent de vérité générale	gnomic present
présent historique	historical present
présent progressif	present continuous
présent simple	simple present
présentation du siège	breech birth
présentation podalique	breech birth
préservatif féminin	female condom
président-directeur général	managing director, chief executive officer
présomption d'innocence	presumption of innocence
prévoir le coup	to plan ahead, to make arrangements, to ha
prêcher d'exemple	to practice what one preaches
prêcher dans le désert	to preach in the wilderness, to speak in t
prêcher pour sa paroisse	to look after one's own interests, to adva
prêcher un convaincu	to preach to the choir
prêcher un converti	to preach to the choir
prêle des bois	wood horsetail (Equisetum sylvaticum)
prêle des champs	field horsetail, common horsetail (Equiset
prêt étudiant	student loan (loan granted to a student in
prêt-à-porter	ready-to-wear clothing, off-the-rack cloth
prête-nom	front man, figurehead
prête-plume	ghostwriter
prêter attention	to pay attention (to), to heed
prêter l'oreille	to listen up; to listen in
prêter le flanc	to lay oneself open, to leave oneself wide
prêter main-forte	to come to (someone's) assistance, to lend
prêter serment	to take an oath
prêter à confusion	to cause confusion, to lead to confusion,
prêter à rire	to be laughable
prêter à sourire	to be smile-inducing; to be rather laughab
prêteur sur gages	pawnbroker
pseudo-bulbaire	pseudobulbar
pseudo-code	pseudocode
pseudo-coder	to describe using pseudocode
pseudo-colonne	pseudocolumn
pseudo-instruction	pseudoinstruction
pseudo-science	pseudoscience
psiadie rétuse	Psiadia retusa (Lam.) DC
psiadie à feuilles de buglosse	Psiadia anchusifolia (Poir.) Cordem
psychologie du développement	developmental psychology
psychologie inversée	reverse psychology
ptérois zèbre	zebra turkeyfish, zebra lionfish (Dendroch
publicité caméléon	native advertising
publicité mensongère	false advertising, deceptive advertising
puer de la gueule	to have bad breath
puer du bec	to have bad breath
puis-je	an interrogative form of je peux
puissance de calcul	computational power, computing power
puissance de feu	firepower (capacity of a weapon); might, influence
puissance mondiale	world power
puissance nucléaire	nuclear-weapons state, NWS
puissance protectrice	protecting power
puits artésien	artesian well
puits de pétrole	oil well
puits de science	a fount of knowledge (a very knowledgeable
puits perdu	a hole dug for rain or waste water; a dry
puits sans fond	money pit
pull à capuche	hoodie
pull-over	pullover (sweater)
pulsion de mort	death wish
punaise de lit	bedbug (Cimex lectularius)
punaise de sacristie	a Holy Mary, a zealot, a God botherer, a J
punaise des lits	bedbug (Cimex lectularius)
punching-ball	punching bag
pur beurre	authentic, genuine
pur et dur	extreme, hard-line, uncompromising; archetypal, exemplary; pur et dur (being a h
pur et simple	pure and simple
pur jus	authentic, genuine
pur sucre	authentic, genuine
pur-sang	Thoroughbred; Arabian horse; thoroughbred
pure laine	of old stock Quebecois; old stock Quebecois; authentic
purement et simplement	purely and simply
purée de pois	pea-souper (dense fog)
putain d'	fucking (as an intensifier)
putain de	fucking (as an intensifier)
putain de bordel de merde	holy fucking shit
putain de merde	fucking hell; holy shit; goddamn
pygargue à tête blanche	bald eagle (species of eagle native to Nor
pyrale du buis	box tree moth (Cydalima perspectalis)
pyrale du maïs	European corn borer (Ostrinia nubilalis)
pyrale du maïs asiatique	Asian corn borer (Ostrinia furnacalis)
pyramide alimentaire	food pyramid (pyramidal diagram giving adv
pyramide de maslow	Maslow's hierarchy of needs
pyramide de ponzi	pyramid scheme, Ponzi scheme
pyramide des besoins	Maslow's hierarchy of needs
pyramide des âges	population pyramid (graphical illustration
pâquerette des murailles	Mexican fleabane
pâte brisée	pâte brisée
pâte de verre	glass paste
pâte feuilletée	puff pastry (light, flaky pastry)
pâte à choux	choux pastry (light pastry)
pâte à dents	toothpaste
pâte à modeler	modeling clay
pâte à sel	salt dough
pâte à tartiner	spread (any form of food designed to be sp
pâté chinois	pâté chinois
pâté de maisons	city block (part of town enclosed by stree
pâté à la viande	meat pie
pâté à la viande du lac-st-jean	tourtière
père de famille	father of a family; family man
père de l'église	Church Father
père de la nation	father of the nation (person considered th
père de la patrie	father of the nation (person considered th
père fondateur	founding father (man who founded something
père fouettard	bogeyman (especially one who accompanies F
père supérieur	father superior (friar or monk in charge o
père-la-pudeur	a prude
pèse-bébé	baby scale
pèse-lait	lactometer (device to weight cream)
pèse-personne	bathroom scales (flat floor-mounted scales
pète-burnes	irritating, annoying as fuck; ball-buster; pain; pain in the arse (someo
pète-couilles	irritating, annoying as fuck; ball-buster; pain; pain in the arse (someo
pète-sec	snippy
péché capital	deadly sin (any of the seven deadly sins)
péché mignon	guilty pleasure, little weakness, little i
péché originel	original sin (the state of sin, present in
péché philosophique	philosophical sin
pécule de vacances	holiday pay, holiday allowance bonus
pédale d'embrayage	clutch pedal
pédale wha wha	wah-wah pedal
pédaler dans la choucroute	to go around in circles, to tread water, t
pédiculaire des pyrénées	a kind of lousewort (Pedicularis pyrenaica
pédoncule caudal	caudal peduncle
pédé comme un phoque	queer as a coot, bent as a nine-bob note,
péril jaune	yellow peril
périmètre de sécurité	security perimeter
période de sûreté	non-parole period, minimum time served (pe
pétage de plombs	Descent into madness, the act or process o; Loss of control (of one's faculties)
pétard mouillé	damp squib (firework that fails to go off,; damp squib
péter au frette	to break down or burst due to freezing (as; to break down, especially due to str
péter dans la soie	to be rolling in money, to be rolling in i
péter de chaud	to be roasting, to be boiling
péter des flammes	to be on fire
péter la forme	to be in great shape, to be in great form,
péter la gueule	to punch someone's face
péter la santé	to be in great health, to be bursting with
péter le feu	to be in great shape, to be in great form,
péter les couilles	to piss off, to annoy a lot
péter les plombs	to go crazy, to blow a fuse
péter plus haut que le trou	to think one's shit doesn't stink; to be f
péter plus haut que son cul	to think one's shit doesn't stink; to thin
péter un coup	to relax, to calm down, to chill
péter un plomb	to blow a fuse
péter une coche	to lose it, to blow a fuse; to lose one's
pétition de principe	petitio principii, an instance of begging
pété de thunes	filthy rich, loaded (with money)
pêche blanche	ice fishing
pêche plate	flat peach
pêche sous la glace	ice fishing
pêche sur glace	ice fishing
pêche à la ligne	angling
pêche à la mouche	fly fishing (form of angling)
pêcher en eau trouble	to fish in troubled waters
pêle-mêle	any old how, at random, chaotically, pell-; disorder, confusion; frame containin
pôle nord	north pole (of a magnet); north pole (northernmost point on celestia; North Pole
pôle sud	south pole (of a magnet); south pole (the southernmost point on a ce
qu'est-ce qu'il y a	what's happening? what's the matter?
qu'est-ce que	what, what is it that (used as an interrog; what is (used as an interrogative fo
qu'est-ce que c'est	what is that? what is this? what is it? wh; how do you say? what is the word?
qu'est-ce que j'en sais	how should I know?
qu'est-ce qui	what (used as an interrogative for a subje
qu'il pleuve ou qu'il vente	in all weathers, whatever the weather, com; no matter what, come rain or shine,
qu'importe	no matter the …; the … doesn't matter; whichever you like, it doesn't matter, no
qu'on se le dise	spread the word! let it be known!
qu'à cela ne tienne	no matter! no big deal! so be it! fair eno
quadrature du cercle	quadrature of the circle, squaring the cir
quadruple croche	sixty-fourth note
qualité de vie	quality of life
quand bien même	even if, even though
quand et quand	at the same time, simultaneously
quand les poules auront des dents	when Hell freezes over; when pigs fly (nev
quand même	anyway, anyhow, just the same, all the sam; really; extremely; seriously; still
quand on aime on ne compte pas	when you love, you don't count the cost (w
quand on n'a pas de tête on a des jambes	if one is forgetful or doesn't think ahead
quand on parle du loup	speak of the devil (an expression sometime
quant à	as for; according to
quant-à-soi	aloofness, reservedness
quantificateur existentiel	existential quantifier
quantificateur universel	universal quantifier
quantité négligeable	something that doesn't enter the equation,
quarante et un	forty-one
quarante et unième	forty-first
quarante-a	forty all
quarante-cinquième	forty-fifth
quarante-deux	forty-two
quarante-deuxième	forty-second
quarante-douze	an indefinite large number: umpteen, eleve; fifty-two
quarante-huit	forty-eight
quarante-huitard	1848 revolutionary
quarante-huitième	forty-eighth
quarante-neuvième	forty-ninth
quarante-quatre	forty-four
quarante-quatrième	forty-fourth
quarante-sept	forty-seven
quarante-septième	forty-seventh
quarante-six	forty-six
quarante-sixième	forty-sixth
quarante-trois	forty-three
quart d'heure	a quarter of an hour, a quarter
quart d'heure académique	customary 15-minute grace period for tardi
quart d'heure américain	ladies' choice (for a quarter of an hour)
quart de finale	quarterfinal (round of eight)
quart de livre	quarter-pounder; quarter of a pound (pound-weight): Used ot
quart de soupir	sixteenth rest
quart-monde	Fourth World
quarte augmentée	augmented fourth
quarte diminuée	diminished fourth
quarte juste	perfect fourth
quartier chaud	red-light district; problem neighborhood (with social problems
quartier d'affaires	central business district
quartier des affaires	central business district
quartier général	headquarters
quartier-maître	quartermaster, rank equivalent to corporal
quartier-maître de première classe	quartermaster first class, military rank e
quasi-frère	stepbrother
quasi-particule	quasiparticle
quasi-synonyme	near-synonym
quasi-sœur	stepsister
quatorze-cents	fourteen hundred
quatre cents	four hundred
quatre dragons du pacifique	Four Asian Tigers (Singapore, Hong-Kong, T
quatre volontés	everything someone wants, someone's every
quatre-centenaire	quadricentennial
quatre-centième	four-hundredth
quatre-quarts	pound cake (dense yellow sponge)
quatre-vingt-cinq	eighty-five
quatre-vingt-cinquième	eighty-fifth
quatre-vingt-deux	eighty-two
quatre-vingt-deuxième	eighty-second
quatre-vingt-dix-huit	ninety-eight
quatre-vingt-dix-huitième	ninety-eighth
quatre-vingt-dix-neuf	ninety-nine (cardinal number 99)
quatre-vingt-dix-neuvième	ninety-ninth
quatre-vingt-dix-sept	ninety-seven
quatre-vingt-dix-septième	ninety-seventh
quatre-vingt-dixième	ninetieth
quatre-vingt-dixièmement	ninetiethly
quatre-vingt-douze	ninety-two
quatre-vingt-douzième	ninety-second
quatre-vingt-huit	eighty-eight
quatre-vingt-huitième	eighty-eighth
quatre-vingt-neuf	eighty-nine
quatre-vingt-neuvième	eighty-ninth
quatre-vingt-onze	ninety-one
quatre-vingt-onzième	ninety-first
quatre-vingt-quatorze	ninety-four
quatre-vingt-quatorzième	ninety-fourth
quatre-vingt-quatrième	eighty-fourth
quatre-vingt-quinze	ninety-five
quatre-vingt-quinzième	ninety-fifth
quatre-vingt-seize	ninety-six
quatre-vingt-seizième	ninety-sixth
quatre-vingt-sept	eighty-seven
quatre-vingt-septième	eighty-seventh
quatre-vingt-six	eighty-six
quatre-vingt-sixième	eighty-sixth
quatre-vingt-treize	ninety-three; refers to Seine-Saint-Denis, department nu
quatre-vingt-treizième	ninety-third
quatre-vingt-trois	eighty-three
quatre-vingt-troisième	eighty-third
quatre-vingt-un	eighty-one
quatre-vingt-unième	eighty-first
quatre-vingtième	eightieth
quatre-vingtièmement	eighthly
quatre-vingts	eighty, 80
quatre-épices	allspice (spice); a kind of spice mix
quatrième de couverture	back cover, blurb
quatrième dimension	fourth dimension (the dimension of time); wonderland, parallel world, rabbit hol
quatuor à cordes	string quartet
que dalle	sod all, naff all, jack shit (nothing)
que demande le peuple	what's not to like? what more could you as
que diable	for heaven's sake! for God's sake!; what the hell…? what on Earth…?
que dis-je	nay, hell, or should I say (introducing a
que du contraire	far from it, quite the contrary, on the co
que faites-vous dans la vie	what's your job?
que je ne t'y reprenne pas	you won't catch me doing that again, you w
que je sache	to the best of my knowledge, as far as I k
que la paix soit sur elle	peace be upon her
que la paix soit sur lui	peace be upon him
que nenni	no! absolutely not! not at all!
que sais-je encore	what have you, and all that jazz
que tu crois	not at all! far from it! you bet! not like
que veux-tu	what can I say
que voulez-vous	what can I say
quel dommage	what a shame! what a pity! too bad!
quel qu'ait été	whatever, regardless of what, no matter wh
quel qu'eût été	whatever, regardless of what, no matter wh
quel que fût	whatever, regardless of what, no matter wh
quel que soit	whatever, regardless of what, no matter wh
quel rapport avec la choucroute	what does that have to do with the price o
quel temps fait-il	how's the weather?
quel âge as-tu	how old are you?
quelle heure est-il	what time is it?
quelle horreur	that's terrible, how horrible, isn't that
quelle mouche le pique	what the hell is he thinking? what the hel
quelque chose	something (an indefinite or indeterminate
quelque part	somewhere; in a way, in a sense
quelque part que	wherever
quelque peu	somewhat
querelle de clocher	parish-pump quarrel, parochial squabble, p
question de vie ou de mort	matter of life and death, matter of life o
question fermée	close-ended question, closed question
question ouverte	open-ended question
question partielle	wh-question
question piège	trick question
question rhétorique	rhetorical question
question totale	yes-no question, polar question
question à choix multiple	multiple-choice question
question-tag	tag question (question inviting agreement)
questionnaire à choix multiple	multiple-choice questionnaire
queue de poisson	Swerve in front of another car and deliber
queue-d'aronde	dovetail
queue-de-cheval	ponytail (hairstyle); horsetail
queue-de-pie	tailcoat (formal evening jacket)
queues de cerises	trifle; very little money, peanuts
qui a bu boira	once a drunkard, always a drunkard; old habits die hard; a leopard cannot chan
qui aime bien châtie bien	you've got to be cruel to be kind; spare t; me poking fun at you is proof that I
qui cherche trouve	seek and ye shall find
qui de droit	the relevant jurisdiction, the person conc
qui dit mieux	any advance on that? who can top that? who
qui dort dîne	sleep allows one to go without food
qui fait le malin tombe dans le ravin	pride comes before a fall
qui m'aime me suive	who's with me? love me or leave me!
qui mieux est	better still, even better; and to top it o
qui ne dit mot consent	He who says nothing (tacitly) agrees; sile
qui ne risque rien n'a rien	God hates a coward; nothing ventured, noth
qui parle	look who's talking! you're one to talk! yo
qui part à la chasse perd sa place	you snooze, you lose
qui peut le plus peut le moins	he who can do more can do less
qui pis est	worse still, even worse, what is worse, an
qui plus est	what is more, moreover, besides
qui que ce puisse être	whoever (in a present sentence)
qui que ce pût être	whoever (in a past sentence)
qui que ce soit	whoever, anyone; no one, nobody
qui s'excuse s'accuse	he who apologises admits his guilt
qui sait	who knows?
qui se ressemble s'assemble	birds of a feather flock together
qui sème le vent récolte la tempête	sow the wind, reap the whirlwind; as you s
qui trop embrasse mal étreint	grasp all, lose all; don't spread yourself
qui va là	who goes there? (a sentry's challenge to a
qui va à la chasse perd sa place	you snooze, you lose
qui veut la fin veut les moyens	if one wants to achieve some goal, one mus
qui vit par l'épée périra par l'épée	live by the sword, die by the sword
qui vive	who goes there? (a sentry's challenge to a
qui vivra verra	time will tell
qui voilà	look who's here!
qui vole un œuf vole un bœuf	once a thief, always a thief (someone dish
quinte diminuée	diminished fifth
quinte flush	straight flush
quinte flush royale	royal flush
quinte juste	perfect fifth
quintes parallèles	consecutive fifths, parallel fifths
quintuple croche	hundred twenty-eighth note
quinze jours	a fortnight, a period of two weeks, of fou
quinze-a	fifteen all
quinze-cents	fifteen hundred
quinze-vingt	a blind patient of the Hôpital des Quinze-; a blind person
quinze-vingts	three hundred; a blind patient of the Hôpital des Quinze-
quitte ou double	double or quits, double or nothing
quitte à	since, given that; at the risk of, however much; even if it means to
quitter le navire	to abandon ship, to jump ship (to leave or; to abandon ship (to leave a person o
quitter le nid familial	to leave the nest, to fly the nest (to sto
quoi de neuf	what's new, what's up, how's it going
quoi encore	indicates the speaker's impatience at bein
quoi faire	why, how come, what for
quoi qu'il en ait été	at any rate, in any case, howbeit, anyway,
quoi qu'il en coûte	whatever it costs, whatever the cost, what
quoi qu'il en eût été	at any rate, in any case, howbeit, anyway,
quoi qu'il en fût	at any rate, in any case, howbeit, anyway,
quoi qu'il en soit	be that as it may, at any rate, in any cas
quoi que	whatever (+ subjunctive)
quoi que ce soit	anything (at all)
quos ego	words uttered by a powerful person to asse
quote-part	share, portion
quotient intellectuel	intelligence quotient
quotient émotionnel	emotional quotient
rabaisser le caquet	to shut (someone) up; to pull (someone) do
rabat-joie	killjoy, spoilsport, wet blanket
rabattre le caquet	to shut (someone) up; to pull (someone) do
rabattre le clapet	to shut (someone) up; to pull (someone) do
rabi ier	Rabi I (the third month of the Islamic cal
rabi ii	Rabi II (the fourth month of the Islamic c
raccourci clavier	keyboard shortcut, hotkey (a combination o
raccrocher au nez	to hang up abruptly or rudely
raccrocher les crampons	to hang up one's boots, to hang up one's f
raccrocher les wagons	to put two and two together, to connect th
racine carrée	square root
racine cubique	cube root
racler les fonds de tiroirs	to scrape some money together, to raid the
raconter des histoires	to tell tales, to tell fibs, to spin a yar
raconter des salades	to tell tales, to tell fibs, to spin a yar
radar automatique	speed camera
radar tourelle	a pole-mounted speed camera
radical libre	free radical
radical-socialisme	Radical Socialism
rafraîchir la mémoire	to refresh (someone's) memory, to jog (som
rafraîchir la nuque	to cut hair short
rage de dents	toothache
raid aérien	air raid
raide comme la justice	stiff as a poker, stiff as a board (stiff,
raide comme un passe-lacet	stiff as a poker; broke, penniless
raide dingue	head over heels in love with, crazy about,
raide mort	stone dead
rail de sécurité	guardrail
rainette crucifère	spring peeper, pinkletink (Pseudacris cruc
raisin de corinthe	currant, Zante currant (small dried grape)
raisin sec	raisin
raison d'état	raison d'état; a state interest, especiall
raison d'être	raison d'être
raison garder	to be reasonable
raisonnement par l'absurde	proof by contradiction, reductio ad absurd
rallumer la chaudière	to take a hair of the dog that bit one (to
rallye-paper	paperchase (type of race)
ramasse-miettes	utensil which is used for picking up crumb
ramasser le gantelet	take up the gauntlet
ramasser à la petite cuillère	to scrape up off the floor
ramener sa fraise	to get one's butt somewhere
ramener sa science	to be a know-it-all, to tell everybody how
ramener ses fesses	to get one's butt somewhere
ramener son cul	to get one's butt somewhere
ramener son grain de sel	to put in one's two cents
ramonde des pyrénées	Pyrenean violet (Ramonda myconi (L.) Rchb.
rampe d'accès	access ramp
rampe de lancement	launch pad
ranger dans une case	to put someone in a box, to pigeonhole som
rangé des voitures	settled down, back on the straight and nar
ranz des vaches	ranz des vaches
raphé périnéal	perineal raphe
rapide comme l'éclair	quick as a flash
rappel à l'ordre	reminder, notice, call to order (action of
rappeler à l'ordre	to bring to heel; to reprimand
rapport d'avancement	a progress report
rapport d'avancée	a progress report
rapport d'étape	a progress report
rapport de force	balance of power, power struggle, power re
rapport de gestion	management report, annual report
rapport qualité-prix	value for money
rapport sexuel	sex; sexual intercourse
rapport à	about; because of
ras la touffe	(of women's clothing) very short and revea
ras-de-cou	choker (necklace)
ras-le-bol	discontent
rase campagne	open countryside
rase-mottes	a low flying position, hedge-hopping
raser les murs	to hug the walls
rasoir national	guillotine
rasoir électrique	electric shaver
rat d'eau	water vole
rat d'hôtel	one who steals from hotels
rat d'égout	sewer rat
rat de bibliothèque	bookworm (avid reader, particular one who
rat de bois	possum / opossum (namely, the Virginia opo
rat gris	the brown rat
rat musqué	muskrat
rat noir	black rat (Rattus rattus)
rat taupier	European water vole (Arvicola amphibius)
rat-garou	wererat
rate-garou	female wererat
rater le coche	to miss the boat, to miss the bus
rater un épisode	to miss something
ratisser large	to cast one's net wide
raton laveur	raccoon
rattraper le temps perdu	to make up for lost time
ravalement de façade	renovation of the facade of a building; facelift
ravaler sa fierté	to swallow one's pride
rave party	rave (all-night dance party with electroni
ravi de la crèche	starry-eyed person
ravioli chinois	any small pasta-sheet wrapped Chinese food
ravioli polonais	pierogi; synonym of pérogy
ray-grass	ryegrass (Lolium)
ray-grass anglais	perennial ryegrass (Lolium perenne)
rayer de la carte	to obliterate a place completely, to wipe
rayer le casque	to scrape someone's penis with one's teeth
rayon d'action	range; range, field of action
rayon de braquage	turning radius; turning circle
rayon de soleil	sunbeam; ray of sunshine (person or thing that brin
rayon x	X-ray
re-être	to re-be, to be another time
rebattre les cartes	to shuffle the cards
rebattre les oreilles	to harp on about something, to talk someon
rebrousser chemin	to retrace one’s steps, to turn back
recharger ses batteries	to recharge one's batteries (to recover me
recluse brune	brown recluse (Loxosceles reclusa)
recoller au score	to peg back (equalise)
recoller les morceaux	to patch things up, to repair a relationsh
reconnaissance faciale	facial recognition, face recognition
reconnaissance vocale	voice recognition
recoudre les morceaux	to pick up the pieces
rectifier le tir	to make adjustments, to adjust tactics, to
rectitude politique	political correctness
recto-verso	double-sided, two-sided; in double-sided, as double-sided
reculer pour mieux sauter	to take a run-up so as to jump farther, to; to delay the inevitable, to put off
red light	red-light district
red room	red room
redescendre sur terre	to come down to earth
redorer l'image	to restore (someone's) image, to improve (
redorer son blason	for an impoverished aristocrat to marry a; to restore one's image, to restore on
redresse-seins	peek-a-boo bra
redresser la barre	to right the ship, to put things right, to
refaire le monde	to set the world to rights, to put the wor
refaire le portrait	to rearrange (someone's) face
refaire sa vie	to start a new life
refaire surface	to resurface, to reemerge, to reappear
refiler le bébé	to leave (someone) holding the bag, to pal
reflux gastrique	gastric reflux
refouler du goulot	to have bad breath
regagner ses pénates	to go home (to return to one's house)
regard des autres	other people's opinion
regard noir	black look, dirty look, death stare, glowe
regarder de travers	to give somebody a funny look, to give som
regarder l'herbe pousser	to watch grass grow
regarder par le petit bout de la lorgnette	to take the short view, to look at (someth
registre de langue	language register
regroupement familial	family reunification
reine des animaux	queen of beasts (the lioness)
reine mère	queen mother
reine-claude	greengage (plum with greenish-yellow flesh
reine-des-prés	meadowsweet (Filipendula ulmaria)
relais d'opinion	opinion leader, opinion maker
relais suédois	Swedish relay
relation client	customer relationship
relation libre	open relationship (romantic and/or sexual
relations internationales	international relations (relationships amo; international relations, IR (the stu
relativité générale	general relativity
relativité restreinte	special relativity
relever de	to be a matter for, be the concern of; to come under (of a department etc.); to
relever le gant	to take up the gauntlet
relevé d'informations	insurance record
relevé de compte	bank statement, account statement
relevé de notes	transcript of records, transcript
religion révélée	revealed religion (religion which relies o
remettre en cause	to challenge, to call into question, to qu; to question oneself, to engage in se
remettre en place	to put back into place, to set up again
remettre en question	to question, to call into question, to cas; to question oneself, re-evaluate one
remettre l'église au milieu du village	to set the record straight
remettre le couvert	to do it again
remettre les compteurs à zéro	to reset the meter, to zero the meter; to wipe the slate clean
remettre les idées en place	to set straight, to provide (someone) with; to get one's head straight, to clear
remettre les pendules à l'heure	to put the record straight
remettre les pieds sur terre	to come down to earth
remettre sur le tapis	to put on the table again, to bring up aga
remettre sur les rails	to put back on the right track, to put bac
remettre sur pied	to cure someone, to heal someone; to set someone back on their feet; to repair s
remettre à niveau	to bring up to standard, to bring up to sc; to brush up
remettre à sa place	to pull someone down a peg, to put someone
remettre à zéro	to reset to zero, to reset, to zero
remise en forme	getting back into shape
remise à niveau	brush-up (review of a topic to be learned)
remonte-pente	ski lift, surface lift, platter lift, butt
remonter la pente	to get back on one's feet
remonter le moral	to cheer up, to make feel better, to lift
remonter le temps	to turn back the clock
remonter les bretelles	to tell off, to lecture, to give (someone); to catch heat, to catch hell
remue-ménage	move, house move; bustle, commotion
remue-méninge	brainstorming
remuer ciel et terre	to move heaven and earth, to leave no ston
remuer le couteau dans la plaie	to twist the knife, to rub salt in the wou
remède de bonne femme	home remedy, folk remedy
remède de cheval	strong medicine, drastic remedy, sledgeham
remède de grand-mère	home remedy, folk remedy
renard crabier	crab-eating fox
renard gris	gray fox (Urocyon cinereoargenteus)
renard polaire	arctic fox
renard volant	flying fox (mammal)
renard-garou	a werefox
renaître de ses cendres	to rise from the ashes
rendez-vous galant	a date, a tryst
rendre chèvre	to drive nuts, to drive crazy, to drive up
rendre compte	to account for, to explain; to realize, to notice, to become aware (of
rendre coup pour coup	to give as good as one gets
rendre des comptes	to be answerable, to be accountable, to ac
rendre gorge	to regurgitate; to vomit; to return something, to give back somethin
rendre grâce	to give thanks, to express one's gratitude
rendre hommage	to pay tribute
rendre justice	to do justice to, to give (someone/somethi
rendre l'âme	to pass away; to give up the ghost (die)
rendre la justice	to dispense justice
rendre la monnaie de sa pièce	to give someone a taste of their own medic
rendre la pareille	to return the favor [with à ‘to someone’]; to pay back in kind, to pay back in s
rendre le dernier soupir	to draw one's last breath, to breathe one’
rendre raison	to account for, to explain; to justify; [with à]
rendre service	to help out, to do a favour to, to oblige
rendre son tablier	to hang up one's hat, to quit
rendre son âme au bon dieu	to pass away; to give up the ghost (die)
rendre son âme à dieu	to pass away; to give up the ghost (die)
rendre visite	to visit; to pay a visit to
rendre à césar ce qui est à césar	to give credit where credit's due
renoncule de gouan	Ranunculus gouanii Willd
renouvellement urbain	urban renewal
renouée des oiseaux	common knotgrass (Polygonum aviculare)
renouée du japon	Japanese knotweed (Reynoutria japonica Hou
rente viagère	life annuity
rentre-dedans	hitting on, chatting up
rentrer dans l'ordre	to get back to normal, to return to normal
rentrer dans le lard	to lay into, to hit (to attack physically); to lay into, to rake over the coals
rentrer dans le rang	to get back into line, to fall in line, to
rentrer dans ses fonds	to recoup one's original investment, to re
rentrer dans ses frais	to break even (to cover one's costs, to ge
rentrer dedans	to physically attack, assault, beat up; to verbally attack, to severely scold or
rentrée littéraire	the time of the year when many books are p
rentrée scolaire	the return to school; the beginning of the
renverser la vapeur	to turn the tide, to turn things around; t
renvoyer aux calendes grecques	to postpone indefinitely
renvoyer l'ascenseur	to return the favor
renvoyer la balle	to pass the buck
repartir comme en quarante	to go to the dogs once more, to go to shit
repartir à zéro	to start over
repas de famille	family meal (a meal eaten together by the
repose en paix	may he/she rest in peace
repose-pied	footstool (a low stool); footrest for motorcycle
repose-tête	headrest
reposez en paix	rest in peace (said about someone deceased
reprendre connaissance	to come round, to come to, to regain consc
reprendre contact	to get back in touch; to re-engage
reprendre du poil de la bête	to take a hair of the dog that bit one (to; to get a second wind, to get better,
reprendre du service	to go back to work after a long absence, t
reprendre en main	to regain control of; to pick oneself up off the floor, to pull
reprendre le flambeau	to take over (from someone), to pick up th
reprendre pied	to get one's bearings back, to regain one'
reprendre ses droits	to reassert oneself, to take over again
reprendre ses esprits	to come round, to come to, to regain consc
reprendre son cours	to resume one's course, to return to norma
reprendre son souffle	to catch one's breath, to get one's breath
reprendre à son compte	to appropriate, to take on board, to preem; to endorse, to echo, to preempt
reprendre à zéro	to start from scratch, to start afresh
repris de justice	convict, offender (person with a criminal
reprise de volée	volley; rebuttal
représentant légal	legal representative
requin baleine	whale shark
requin bleu	blue shark
requin bouledogue	bull shark
requin cuivre	copper shark
requin du groenland	Greenland shark
requin grande gueule	megamouth; megamouth shark
requin gris	sandbar shark
requin griset	cow shark; bluntnose sixgill shark
requin longimane	oceanic whitetip shark
requin mako	shortfin mako shark
requin pèlerin	basking shark
requin renard	thresher shark
requin saumon	salmon shark
requin tigre	tiger shark
requin à pointes noires	blacktip reef shark
requin-baleine	whale shark
requin-crocodile	crocodile shark (Pseudocarcharias kamohara
requin-garou	wereshark
requin-marteau	hammerhead shark
requin-taupe du pacifique	salmon shark
respiration artificielle	artificial respiration
respirer à pleins poumons	to breathe deeply
responsabilité limitée	limited liability
ressemblance familiale	family resemblance (one of a series of ove
ressort moteur	mainspring
ressources humaines	human resources, personnel, staff (personn; human resources (personnel departmen
restaurant d'entreprise	staff canteen
restauration rapide	the fast-food restaurant industry
reste-avec	restavec
rester en travers de la gorge	to stick in someone's craw
rester les bras croisés	to sit back and do nothing, to cross one's
rester lettre morte	to be ignored, not to be taken into accoun
rester sur l'estomac	to remain undigested; to be a hard pill to swallow, to stick in
rester sur sa faim	to not have had enough to eat, to be unsat; to be left hungry for more, to be le
rester à voir	to remain to be seen (to be as yet unknown
resto basket	dine and dash (the act of doing a runner w
retard de langage	language delay
retenir la leçon	to learn one's lesson
retenir ses coups	to pull one's punches, to pull punches
retenir son souffle	to hold one's breath
retirer une épine du pied	to get out of a tight spot, to help out of
retomber en enfance	to fall back into childhood; to regress to childhood; to grow childish;
retomber sur ses pattes	to land on one's feet, to fall on one's fe
retomber sur ses pieds	to land on one's feet, to fall on one's fe
retombée de suie	smokefall (soot fallout from a cloud of sm
retour de bâton	karma
retour de flamme	backfire, flashback; backfiring
retour de manivelle	backfiring, backlash
retour en arrière	flashback
retour en grâce	comeback, return to popularity
retour sur investissement	return on investment, ROI; return on investment, dividend (beneficial
retour à la case départ	back to square one, back to the beginning
retour à la ligne	line break
retour à la normale	return to normal, getting back to normal,
retour à la réalité	reality check, awakening to reality
retourner sa veste	to turn one's coat; to change sides; to ch
retourner sur les bancs de l'école	to go back to school (especially as an adu
retrait sur des prises	strike out
retraite anticipée	early retirement
retraite aux flambeaux	torchlight procession
retrousser ses manches	to roll up one's sleeves, to pull one's so
revenir au même	to boil down to the same thing, to amount
revenir de loin	to have had a close shave; to have come a
revenir en deuxième semaine	to get to the next round; to get a second
revenir sur sa parole	to go back on one's word
revenir sur ses pas	to double back, to backtrack, to retrace o
revenir à la charge	to resume combat after being defeated; to be insistent in achieving one's ends
revenir à ses moutons	to return to one's muttons, to get back to
revenir à soi	to come round, to come to, to regain consc
revers de fortune	reversal of fortune
revers de la médaille	the flipside (a necessary consequence), th
revoir sa copie	to revise one's work, to look back over on; to reconsider one's position, to rec
revue de presse	news digest, media digest; press review (o
revue à comité de lecture	peer-reviewed journal, academic journal, s
rez-de-cour	courtyard level (storey of a building that
rez-de-jardin	garden level (storey of a building that op
rhinocéros blanc	white rhinoceros (Ceratotherium simum)
rhinocéros laineux	woolly rhinoceros (Coelodonta antiquitatis
rhinocéros noir	black rhinoceros (Diceros bicornis)
rhubarbe sauvage	false rhubarb (Rheum rhaponticum)
rhum agricole	Rhum agricole
rhume des foins	hay fever
ric-rac	spot on; exactly; just about
riche comme crésus	rich as Croesus (extremely rich)
riche comme un argentin	rich as Croesus (extremely rich)
rien de nouveau sous le soleil	there is nothing new under the sun
rien de rien	nothing at all
rien de tel	nothing of the sort, nothing like that
rien de tel que	Comparable to English “(there's) nothing l
rien du tout	nothing at all
rien moins que	nothing less than, nothing short of
rien n'y fait	nothing works! it's hopeless! it's no use!
rien ne va plus	rien ne va plus (announcement of the croup
rien que	only; just
rien que ça	no less! if you please!
rien à battre	I don't give a damn!
rien à branler	I don't give a fuck!
rien à cirer	I don't give a damn!
rien à claquer	I don't give a damn!
rien à faire	I don't care, I don't give a fuck!
rien à foutre	I don't give a fuck!
rien à kicker	I don't give a damn!
rien à péter	I don't give a damn!
rien à secouer	I don't give a damn!
rien à voir	that has nothing to do with it! not at all
rifle à air	air rifle
rifler la mort	to be in danger of death
rigidité cadavérique	rigor mortis
rigor mortis	rigor mortis
rime riche	rime riche
rimer comme hallebarde et miséricorde	to make no sense, to have no rhyme or reas
ring de boxe	boxing ring
rira bien qui rira le dernier	he who laughs last laughs best
rire aux larmes	to laugh out loud, to laugh one's head off
rire aux éclats	to laugh out loud
rire comme un bossu	to laugh out loud; to laugh one's head off
rire comme une baleine	laugh out loud; laugh one's head off; laug
rire dans sa barbe	to laugh in one's sleeve, to chuckle to on
rire homérique	Homeric laughter
rire jaune	to laugh in a forced way, to give a hollow; a hollow laugh, a sour laughter
rire sous cape	to laugh in one's sleeve, to chuckle to on
rire à gorge déployée	to laugh out loud, to laugh one's head off
risquer gros	to take a big risk; to risk a lot
risquer sa peau	to risk one's neck, to risk life and limb
rite de passage	rite of passage (ceremony or series of cer
rive droite	right bank (the bank to the right of a riv; part of a town located on that bank
rive gauche	left bank (the bank to the left of a river; part of a town located on that bank
riz au lait	rice pudding
riz blanc	white rice
riz complet	brown rice, whole-grain rice
riz gluant	sticky rice
riz sauvage	wild rice (“any one of the four species of
robe chinoise	qipao
robe de chambre	dressing gown
robe de mariée	wedding dress (the clothing worn by a brid
robe de nuit	nightgown, nightdress
robe de soirée	evening dress, party dress
robe virile	toga virilis
robe à la française	sack-back/sack-back gown, sacque, Watteau
robe à tournure	a dress meant to be worn with a bustle. It
robinet d'arrêt	stopcock
robinier faux-acacia	black locust, Robinia pseudoacacia
robot boulanger	bread maker (machine)
robot ménager	food processor
roche moutonnée	roche moutonnée, sheepback
roche-papier-ciseaux	rock paper scissors
rocher de sisyphe	Sisyphean task
rocking-chair	rocking chair
rognon blanc	ram's testicles, lamb fries
roi caille	corncrake
roi des animaux	the king of beasts (the lion)
roi des cailles	corncrake
roi des oiseaux	king of birds (the eagle)
roi fainéant	roi fainéant
roi mage	wise man; mage
rollier d'europe	European roller (Coracias garrulus)
roman de gare	airport novel, airport book
roman historique	historical novel
roman policier	police procedural
roman vidéoludique	visual novel
roman à clef	roman à clef (novel about real-life events
roman à thèse	a “thesis novel”: a novel that is didactic
roman à tiroirs	a roman à tiroirs
roman-photo	photonovel
rome ne s'est pas faite en un jour	Rome wasn’t built in a day
rompre en visière	to attack, to lash out at, to take to task
rompre le pain	to break bread
rompre les chiens	to end a conversation that got off to a ba
rompre les rangs	to break ranks (to march or charge out of; to break ranks (to publicly disagree
rond central	centre circle
rond comme une queue de pelle	very drunk
rond de jambe	rond de jambe
rond de serviette	napkin ring
rond de sorcière	fairy ring
rond-de-cuir	doughnut-shaped leather cushion to relieve; pen-pusher; leather patch (for elbow
ronfler comme un sonneur	to snore like a chainsaw, to snore like a
ronfler par saccades	to go to sleep, to hit the hay
ronger son frein	to champ at the bit, to smolder
rorqual bleu	blue whale
rose amère	rosy periwinkle
rose bonbon	candy pink
rose d'inde	Mexican marigold
rose de bois	Distimake tuberosus
rose des bois	Hawaiian baby woodrose (Argyreia nervosa)
rose des vents	compass rose; wind rose
rose trémière	hollyhock (Alcea rosea, an ornamental plan
roselin cramoisi	common rosefinch
roue arrière	wheelie (an action or stunt where a bicycl
roue de secours	spare tyre, spare wheel; a second fiddle
roue libre	freewheel
roue à aubes	water wheel
rouer de coups	to pummel, to lambaste, to shower with blo
rouge comme une pivoine	red as a beetroot
rouge comme une tomate	red as a beetroot
rouge comme une écrevisse	red as a beetroot
rouge sang	blood red (of a deep vivid red colour)
rouge à lèvres	lipstick (make-up for the lips)
rouge-brun	someone who combines political ideas of fa; Which combines political ideas of fa
rouge-gorge européen	European robin
rouge-gorge familier	European robin
roulage de pelle	French kiss
rouleau compresseur	road roller
rouleau de printemps	summer roll, Vietnamese spring roll; Chinese spring roll
rouleau à pâtisserie	rolling pin
roulement de tambour	drum roll; drumroll, please
roulement à billes	ball bearing
rouler carrosse	to be wealthy and live high on the hog, to
rouler dans la farine	to fool, to deceive; to scam, to con, to s
rouler des mécaniques	to swagger, to strut about, to flex one's
rouler sa bosse	to travel around, to rove about, to travel
rouler sur l'or	to be rolling in money, to be rolling in i
rouler un palot	to French kiss (kiss someone while inserti
rouler un patin	to French kiss (kiss someone while inserti
rouler une galoche	to French kiss (kiss someone while inserti
rouler une pelle	to French kiss (kiss someone while inserti
roulette de défilement	mouse wheel
roulette russe	Russian roulette
roulez jeunesse	let's go! here we go!
roulotte à patate	chip wagon
roulé-boulé	roll, roly-poly
rousserolle effarvatte	reed warbler
route de campagne	country lane, country road, rural road
route des vins	wine route (marked and advertised road wit
route royale	main road (major road linking two cities u
ruban adhésif	parcel tape, packing tape, box-sealing tap; sellotape; (UK, AU) sticky tape; (US
ruban de masquage	masking tape, painter's tape
rubis sur l'ongle	in one go, completely; on the nail, on the barrelhead, in time an
rudbéckie hérissée	black-eyed Susan (Rudbeckia hirta) L
rudbéckie laciniée	cutleaf coneflower (Rudbeckia laciniata) L
ruer dans les brancards	to kick over the traces, to jib (to become
rugby à quinze	rugby union
rugby à sept	rugby sevens (“rugby 7s”)
rugby à treize	rugby league
rugby à xiii	rugby league
rugby à xv	rugby union
rupture de charge	transloading; transshipment
rupture de contrat	breach of contract
rupture de stock	stockout
ruse de guerre	ruse of war, ruse de guerre
ruse de sioux	crafty tactic
rusé comme un renard	sly as a fox
ruée vers l'or	gold rush
rythme de croisière	stride (pace at which one feels comfortabl
râle des genêts	corncrake
règle d'engagement	rules of engagement, ROE
règle d'or	golden rule (fundamental rule or principle
règle de trois	rule of three
règle du jeu	rule of the game (implied or unspoken prin
règlement de comptes	score settling; reprisal, retaliation
règles de l'art	rule book, best practices, standard practi
règne animal	animal kingdom
réaction chimique	chemical reaction
réaction de maréchal	Marechal's test
réaction en chaîne	chain reaction (nuclear reaction in which; chain reaction (series of events, eac
réaction en chaîne par polymérase	polymerase chain reaction
réalisme socialiste	socialist realism
réalité augmentée	augmented reality (the merging of a view o
réalité virtuelle	virtual reality (a computer technology tha
réanimation cardio-pulmonaire	cardiopulmonary resuscitation
réchauffement climatique	global warming
réchauffer le cœur	to warm (someone's) heart
réchauffer un serpent dans son sein	to nourish a viper in one's bosom
récif corallien	coral reef
récit de voyage	travel story; travel writing
récolter ce que l'on a semé	to get a taste of one's own medicine; to h
récursion infinie	infinite recursion
rédacteur en chef	editor-in-chief, chief editor
réducteur de bruit	a noise reducer
réduire au silence	to reduce to silence, to silence
réduire en cendres	to burn to ashes, to reduce to ashes
réduire en miettes	to shatter, to smash, to blow to smitheree
réduire en poussière	to crush, to blow to smithereens
réduire la voilure	to shorten sail; to trim one's sails, to make cutbacks, to
réduire à la portion congrue	to minimize, to cut, to reduce to practica
réduire à néant	to wipe out, to annihilate; to dash, to sh
réduire à sa plus simple expression	to reduce to its simplest form, to its sim
réflexion faite	on second thought
référentiel galiléen	inertial frame of reference (frame of refe
régime moteur	rotational speed of an engine
régler ses comptes	to settle accounts, to settle a score
régler son compte	to settle one's account; to deal with, to settle the score with, to; to sort out
régler sur	to adjust to; to model oneself on
réglé comme du papier à musique	very organized, very methodical, very prec
réglé comme une horloge	very regular; like clockwork
régner en maître	to reign supreme
régression linéaire	linear regression
régulateur de vitesse	cruise control
réinventer la roue	to reinvent the wheel (to attempt to devis
rémanent de supernova	supernova remnant
rémiz penduline	European penduline tit (Remiz pendulinus)
répondez s'il vous plaît	please reply, rsvp
répondre au nom de	to be called (something)
répondre présent	to come forward, to answer the call, to be
réponse du berger à la bergère	tit for tat, taste of one's own medicine
république bananière	banana republic (small country dependent o
république socialiste soviétique	Soviet Socialist Republic
répétition espacée	spaced repetition
répétition générale	dress rehearsal (final rehearsal before a
réseau neuronal	neural network
réseau sans fil	wireless network
réseau social	social network, social media
réseau trophique	food web
réservation fantôme	no-show (such as on hotels, restaurants, e
réserve naturelle	nature reserve, natural reserve
résidence principale	principal residence, main residence, main
résidence secondaire	second residence, second home
résidence surveillée	house arrest
résistance de l'air	air resistance
résultat courant	the sum of operating income and financial
résultat d'exploitation	operating income
résultat des courses	end result; because of that, as a result, consequently
résultat financier	financial income
résultat opérationnel	operating income
réséda jaunâtre	dyer's rocket (Reseda luteola L.)
rétro-acronyme	backronym (word that is originally not an
réunion de famille	family reunion (an infrequent gathering of
réunion tupperware	Tupperware party
réveil-matin	alarm clock; sun spurge (Euphorbia helioscopia)
réveille-matin	alarm clock; sun spurge
révolution de palais	palace revolution
réécrire l'histoire	to rewrite history (to give a changed (usu
rêve américain	American Dream
rêve lucide	lucid dream
rôti haché	meatloaf
s long	long s (the ſ character, as distinct from
s'acheter une conduite	to clean up one's act, to reform, to get b
s'affoler	to go crazy, go bonkers; to hurry up, to make haste
s'agir	to be about; to be a question of; to essentially be; to be essentially
s'amuser comme un petit fou	to have the time of one's life, to have a
s'appeler	to be called; to have the name of
s'appeler reviens	to be only lent and have to be returned
s'arracher les cheveux	to despair, to tear one's hair out
s'astiquer le poireau	to masturbate (literally, “to polish the l
s'avouer vaincu	to admit defeat, to give up
s'emmêler les pinceaux	to get one's wires crossed, to get things
s'en aller	to go away, to leave
s'en aller au diable	to go fly a kite
s'en battre les steaks	to not give a damn about
s'en donner à cœur joie	to enjoy something wholeheartedly, to thro
s'en faire	to worry, to fret
s'en faire accroire	to make oneself believe stories
s'en falloir	to be missing
s'en mettre plein la lampe	to make a pig of oneself, to stuff one's f
s'en mettre plein la panse	to make a pig of oneself, to stuff one's f
s'en mettre plein les fouilles	to make a bundle, to rake in money hand ov
s'en mettre plein les poches	to make a bundle, to rake in money hand ov
s'en prendre plein la figure	to be hauled over the coals, to take a lot
s'en prendre plein la gueule	to be hauled over the coals, to take a lot
s'en prendre plein la tronche	to be hauled over the coals, to take a lot
s'en prendre une	to get slapped or punched on the face
s'en prendre à	to blame; to lash out at, to lay into
s'en rapporter à	to refer oneself about it to
s'en sortir	to overcome a difficult situation; to mana; to come out of a situation; to get o
s'en tenir là	to keep to that point of it
s'en être	used only in the simple past tense for s'e
s'endormir sur ses lauriers	to rest on one's laurels
s'enfarger dans les fleurs du tapis	(figurative) To get bogged down in the det
s'enfuir	to flee; to run away
s'envoyer en l'air	to get it on; to have a shag, to have sex
s'essayer à	to try out
s'habiller comme la chienne à jacques	to dress very poorly and with little fashi
s'il en est	if ever there was one
s'il est ainsi que	if it is true that
s'il te plaît	please; here you go, here you are
s'il vous plaît	please, if you please; here you go, here you are
s'infiltrer	to infiltrate
s'inscrire en faux	to challenge, to dispute the validity of; to flatly deny
s'occuper de	to take an interest in; to deal with, to concern oneself with; to look after
s'occuper de ses affaires	to mind one's own business
s'occuper de ses fesses	to mind one's own business
s'occuper de ses ognons	to mind one's own business
s'occuper de ses oignons	to mind one's own business
s'y casser les dents	to come up against a brick wall
s'y connaître	to know about, to have a good knowledge of
s'y perdre	to be lost in it
s'y prendre	to go about
s'écouter parler	to like the sound of one's own voice (to s
s'étirer les jambes	to stretch one's legs
s'évanouir dans la nature	to vanish, disappear without a trace, usua
sa majesté	Her Majesty (a title of respect when refer; His Majesty (a title of respect when
sa majesté impériale	Her Imperial Majesty (a title of respect w; His Imperial Majesty (a title of res
sa mère	(so) fucking; fuck!
sable mouvant	quicksand
sabler le champagne	to break out the bubbly, to crack open the
sabre au clair	with sword drawn (with the sword out of it; in an openly aggressive and forthrig
sabre d'abordage	cutlass
sabre laser	lightsaber (sword having a blade made of a
sac amniotique	amniotic sac
sac d'os	bag of bones (skinny person)
sac de couchage	sleeping bag (padded or insulated bag larg
sac de frappe	punching bag
sac de nœuds	can of worms, tar baby, snarl
sac de sable	sandbag
sac isotherme	cooler bag
sac plastique	plastic bag
sac pollinique	pollen sac
sac poubelle	garbage bag, rubbish bag
sac à coucher	sleeping bag
sac à dos	rucksack, backpack (bag worn on a person's
sac à foutre	a person with many sexual partners; a slut
sac à main	handbag; purse
sac à merde	scumbag, piece of shit
sac à puces	a fleabag (an unkempt mammal, especially a
sac à vin	drunkard
sac-à-lait	a white perch (Morone americana); a white or black crappie (Pomoxis spp.)
sacrer comme un bûcheron	to swear like a trooper, to swear like a s
sacrer son camp	to fuck off; to get the hell out
sacré nom	bloody hell! for God's sake!
sage comme une image	good as gold, quiet as a mouse
sage-homme	a midhusband, a male midwife
saigne-nez	nosebleed plant
saignement de nez	nosebleed
saigner à blanc	bleed white (cause hardship by cutting sup
sain d'esprit	sane, mentally sound, of sound mind, in on
sain et sauf	safe and sound
sainfoin d'espagne	goat's rue (Galega officinalis L.)
saint des derniers jours	Latter-day Saint
saint des saints	inner sanctum, Holy of Holies (most sacred
saint patron	patron saint (saint conceived as the patro
saint synode	holy synod
saint-bois	a type of daphne (Daphne gnidium)
saint-cyrien	of or relating to Saint-Cyr, in the depart; of or relating to Saint-Cyr-de-Saler
saint-dominguois	Dominguan, Saint-Dominguan
saint-honoré	St. Honoré cake
saint-lucien	Saint Lucian
saint-marcellin	a cheese made in Saint-Marcellin, Isère
saint-nectaire	a type of cow cheese from Auvergne
saint-paulin	of or from Saint-Paul-d'Abbotsford, Quebec
saint-simonien	of Saint-Simon, French commune in the depa
saint-simonisme	Saint-Simonism
sainte barbe	a powder magazine, especially aboard a shi; powder magazine
sainte nitouche	female goody-goody, goody two-shoes
sainte-nitouche	prude
saints de glace	ice saints (the saints Pancras of Rome, Se; ice saints, blackthorn winter, black
sais pas	dunno
sais-tu	you know
saisir la balle au bond	to seize the opportunity
saison des amours	mating season (time of year during which a
saison des pluies	rainy season
sait-on jamais	you never know!
salade composée	composed salad
salade césar	Caesar salad
salade de fruits	fruit salad (salad made of fruit)
salade de mots	word salad
salade grecque	Greek salad
salade niçoise	Niçoise salad
salade russe	Olivier salad; Russian salad
salade verte	green salad
salaire de misère	starvation wages
salaire minimum	minimum wage
sale comme un peigne	very dirty; filthy as a pig
salle d'accouchement	a delivery room; a labor, delivery, and recovery room
salle d'armes	fencing school
salle d'attente	waiting room
salle d'audience	audience hall, audience room, courtroom
salle d'eau	shower room
salle d'op	operating room
salle de bain	bathroom (room containing a bath where one; bathroom (room containing a toilet)
salle de bal	ballroom (large room used for dancing)
salle de cinéma	movie theater (building where movies are s
salle de classe	classroom
salle de concert	concert hall
salle de contrôle	control room (room serving as a centre for
salle de jeux	game room
salle de rédaction	newsroom
salle de réunion	meeting room
salle de séjour	living room, sitting-room
salle des fêtes	a function hall, a reception hall, a banqu
salle des machines	engine room, engineering (area aboard a sh
salle des pas perdus	concourse, waiting hall, circulation area,
salle obscure	movie theatre
salle à manger	dining room
salon de beauté	beauty parlour
salon de coiffure	hair salon; barbershop
salon de jeu	game room; gaming hall
salon de massage	massage parlor (place where clients can pa
salon de thé	tearoom, teahouse
salsifis des prés	meadow salsify (Tragopogon pratensis)
salto arrière	backflip
salto avant	frontflip
salubrité publique	public health
salut l'artiste	hello there!
salut nazi	Nazi salute, Hitler salute
same d'inari	the Inari Sami language
sandhi tonal	tone sandhi
sandwich grec	doner kebab
sang bleu	blue blood (noble or aristocratic ancestry
sang neuf	new blood, fresh blood (a person or people
sang-de-bœuf	oxblood
sang-froid	sang-froid, calmness, calm
sans appel	peremptory (precluding debate or expostula; final, indisputable
sans arrêt	nonstop, twenty-five/eight
sans artifice	simple, natural; naturally, unpretentiously
sans aucun doute	undoubtedly (without any doubt)
sans autre forme de procès	without further ceremony, without further
sans aveu	who hasn't taken an oath of allegiance, lo; godless and lawless, ruthless, faith
sans blague	you don't say, no kidding, tell me about i
sans bourse délier	without spending a penny, without spending
sans cervelle	brainless; empty-headed
sans cesse	incessantly, ceaselessly (in a manner with
sans commentaire	no comment
sans commune mesure	incommensurable
sans compter	to say nothing of, not to mention; lavishly
sans conteste	no doubt, without doubt, without question,
sans coup férir	unopposed, without encountering any opposi
sans crier gare	without warning, out of the blue
sans dec	no shit, no kidding, you don't say, tell m
sans domicile fixe	a homeless person
sans doute	no doubt, most probably, most likely
sans délai	right now; right away; without delay
sans encombre	without a hitch, without trouble, unimpede
sans exception	Without exception
sans faille	flawless, faultless; unfailing, unwavering
sans faute	without fail, for sure, definitely
sans façon	no thanks, no thank you
sans feu ni lieu	footloose, unfixed, with no ties, homeless
sans fil	wireless
sans fin	endless, endlessly; never-ending, interminable, interminably; continual, continu
sans foi ni loi	fearing neither God nor man, godless and l
sans gêne	unembarrassed, brazen, shameless
sans histoire	ordinary; uneventful
sans intérêt	uninteresting, worthless
sans intérêts	interestless
sans issue	dead-end; dead-end, impossible, no-win
sans l'ombre d'un doute	undoubtably; beyond the shadow of a doubt
sans le sou	penniless, on one's uppers
sans lendemain	short-lived, with no future
sans mal	without difficulty
sans merci	merciless
sans mot dire	without saying a word, without uttering a
sans ménagement	bluntly, abruptly
sans nom	unspeakable, undescribable
sans nombre	countless, innumerable (in great number)
sans nul doute	no doubt, undoubtedly, most certainly, mos
sans objet	not applicable (not relevant)
sans oublier	not forgetting, as well as
sans pardon	unpardonable
sans pareil	nonpareil, peerless, unparalleled, unrival
sans parler de	to say nothing of, not to mention, not to
sans piper mot	without saying a word, without uttering a
sans plus	so-so, nothing to write home about
sans problème	easily; no problem!
sans précédent	unprecedented
sans prétention	unpretentious, unpretentiously; modest, hu
sans queue ni tête	nonsensical
sans rancune	no hard feelings
sans relâche	relentlessly, tirelessly
sans rire	no joke; seriously
sans réserve	wholehearted, unreserved, total; without reservation, unreservedly, wholehe; rea
sans souci	carefree; without worry; easily; no problem!
sans suite	with no further action taken; not subject
sans tambour ni trompette	without fanfare, without fuss, unheralded
sans un	penniless
sans vergogne	shameless, unblushing, ruthless; shameless
sans voix	speechless, tongue-tied
sans égal	unequalled, peerless, unparalleled, unriva
sans-abrisme	homelessness
sans-culotte	sans-culotte, peasant
sans-culottide	sans-culottide (any of the five or six day
sans-cœur	heartless person
sans-dessein	a person who is stupid, clumsy, or literal
sans-faute	faultless performance
sans-façon	ease
sans-filiste	wireless operator
sans-grade	person relegated to the bottom of the soci
sans-le-sou	a beggar
sans-papiers	undocumented immigrant, illegal immigrant
sans-souci	carefree person
santé mentale	mental health
santé publique	public health
sapin baumier	balsam fir
sapin de noël	Christmas tree
saponaire officinale	common soapwort (Saponaria officinalis Moe
sauce andalouse	a Belgian sauce of mayonnaise, tomato past
sauce aurore	aurora sauce
sauce bavaroise	Hollandaise sauce with cream, horseradish,
sauce blanche	white sauce; béchamel; synonym of sauce béchamel (bécha
sauce brune	brown sauce; gravy
sauce béchamel	béchamel sauce
sauce choron	Choron sauce
sauce de soja	soy sauce (a condiment and ingredient made
sauce divine	mousseline sauce with reduced sherry added
sauce hollandaise	hollandaise sauce
sauce paloise	Béarnaise sauce made with mint instead of
sauce soya	soy sauce (a condiment and ingredient made
sauce tartare	tartare sauce
sauce tomate	tomato sauce (pasta sauce)
sauce vierge	a sauce made from olive oil, lemon juice,
saucisse italienne	Italian sausage
saucisse polonaise	Polish sausage, kielbasa
sauf erreur	unless I'm mistaken, if I'm not mistaken
sauf indication contraire	unless otherwise stated, unless otherwise
sauf mention contraire	unless otherwise stated, unless otherwise
sauf que	except, except that, but
sauf si	unless
sauf votre respect	with due respect, with all due respect
sauf à	Without excluding the risk of or while res
sauf-conduit	safe-conduct
sauge blanche	white sage (Salvia apiana)
sauge de jérusalem	Jerusalem sage (Phlomis fruticosa) L
sauge de turquie	Turkish sage (Phlomis russeliana) (Sims.)
sauge du désert	Texas sage (Leucophyllum frutescens)
sauge du texas	blood sage (Salvia coccinea Buc'hoz ex Etl; Texas sage (Leucophyllum frutescens)
sauge écarlate	blood sage (Salvia coccinea Buc'hoz ex Etl
saule fragile	crack willow
saule pleureur	weeping willow, a willow with very pendulo
saumon fumé	smoked salmon
saumon rouge	sockeye salmon, blueback salmon, red salmo
saut d'obstacles	show jumping
saut dans l'inconnu	leap in the dark, leap into the unknown
saut de cheval	vault; vaulting horse; vaulting table
saut de l'ange	swan dive
saut de lapin	bunny hop
saut de ligne	line break
saut de puce	hop; skip
saut en hauteur	high jump
saut en longueur	long jump
saut périlleux	somersault
saut à l'élastique	bungee jumping
saut à la corde	jump rope, skip rope (the game)
saut à la perche	pole vault
saut à ski	ski jump; ski jumping
saut-de-loup	ditch, haha; an opening placed at ground level that all
saute d'humeur	mood swing
saute-au-paf	nympho, sex-mad woman
saute-mouton	leapfrog
saute-ruisseau	skip-kennel
sauter au cou	to fall on someone's neck
sauter aux yeux	to be plain as the nose on one's face, to
sauter le pas	to take the plunge
sauter à la corde	to jump rope, to skip rope
sauteur en hauteur	high jumper
sauteur en longueur	long jumper
sauve qui peut	every man for himself; devil take the hind
sauve-qui-peut	rout
sauver l'honneur	to save face
sauver la face	to save face
sauver la mise	to save the day
sauver les apparences	to keep up appearances
sauver les meubles	to salvage what can be salvaged, to save a
sauver sa peau	to save one's skin, to save one's bacon
sauvé par la cloche	saved by the bell
sauvé par le gong	saved by the bell
savant fou	mad scientist
savoir ce que parler veut dire	to get the hint; to pick up on the subtext
savoir gré	to be grateful
savoir y faire	to have a way with, to have a knack (for)
savoir à quoi s'en tenir	to be ready and waiting
savoir-vivre	politesse, courtesy
savon de marseille	Marseille soap (a kind of hard soap, made
savon noir	soft soap (jellyish soap made by cooking n
scabieuse des jardins	mourningbride (Sixalix atropurpurea)
sceau de salomon	Solomon's seal (symbol); Solomon's seal (plant of genus Polygonatum
scie circulaire	circular saw (a power saw with a circular
scie musicale	musical saw (musical instrument)
scie sabre	sabre saw
scie sauteuse	jigsaw (saw with fine teeth and a narrow b
scie à archet	bow saw (a lightweight metal-framed saw in
scie à chantourner	fretsaw
scie à chaîne	chainsaw (saw with a power driven chain)
scie à dos	backsaw (handsaw that has a reinforcement
scie à guichet	keyhole saw, pad saw
scie à métaux	hacksaw (fine-toothed, frame-mounted saw u
scie à onglet	miter saw, mitre saw (US)
scie à ruban	bandsaw
scie égoïne	handsaw, crosscut saw
science de la nature	natural science
science de la terre	earth science
science de la vie	life science
science des données	data science
science des matériaux	materials science (the study of materials,
science des médias	media studies (academic discipline)
science dure	hard science, exact science, formal scienc
science exacte	exact science, hard science, formal scienc
science humaine	human science, social science; the humanities
science molle	human science, social science; the humanities
science politique	political sciences, political studies (stu
science sociale	social science
science économique	economics (study of the production, distri
scientifique de données	data scientist
scier la branche sur laquelle on est assis	to saw off the branch one is sitting on
scier les nerfs	to get on (someone's) nerves
sclérose en plaques	multiple sclerosis
sclérose latérale amyotrophique	amyotrophic lateral sclerosis
scots d'ulster	Ulster Scots (dialect)
script kiddie	script kiddie
scrutin d'arrondissement	a system of election in France where the v
scrutin de liste	Before World War I, a system of election o
scrutin majoritaire uninominal à un tour	first past the post
scutellaire blanchâtre	hoary skullcap (Scutellaria incana) L
scène de crime	crime scene (the location of a crime, espe
scène de ménage	domestic fight, domestic row, family tiff,
scénario catastrophe	disaster scenario, worst case scenario
se barrer	to leave, clear off
se battre comme des chiffonniers	to go at it hammer and tongs (to fight ver
se battre contre des moulins à vent	to tilt at windmills
se battre les couilles de	to not give a fuck about (something or som
se beurrer la biscotte	to relax, to kick up one's heels
se bourrer la gueule	to get wasted, to get hammered, to get shi
se brûler les ailes	to get burnt as a result of flying too clo
se casser	to get lost, go away, leave
se casser la nénette	to reflect intensively on, to deliberate
se casser la tête	to cudgel one's brain, to puzzle over some
se casser le cul	to bust one's arse; to work extremely hard
se changer les idées	to start a new activity in order to change
se cogner	to bump oneself
se compliquer la vie	to make life difficult for oneself, to mak
se coucher avec les poules	to go to bed with the sun, to go to bed wi
se couper en quatre	to bend over backwards
se creuser la cervelle	to rack one's brain, to cudgel one's brain
se creuser la tête	to rack one's brain, to cudgel one's brain
se creuser les méninges	to rack one's brain, to cudgel one's brain
se croire le premier moutardier du pape	to think one is God's gift to the world, t
se croire sorti de la cuisse de jupiter	to think one is God's gift to the world, t
se croire tout permis	to think one can do whatever one likes
se croiser les bras	to sit back and do nothing
se crêper le chignon	to get into an argument, to argue, to figh
se curer le nez	to pick one's nose
se donner bonne conscience	to ease one's conscience, to make oneself
se donner des airs	to put on airs, to give oneself airs
se donner du mal	to bend over backwards, go to a lot of eff
se donner en spectacle	to make a show of oneself, to make a spect
se donner la mort	to commit suicide
se donner la peine	to go to the trouble of, to take the troub
se donner le mot	to be in agreement, to be in concert
se donner un genre	to give oneself airs
se donner une contenance	to put up a front; to try to appear unaffe
se dorer la pilule	to get a tan, to bask in the sun
se dépiquer	to recover one's good humour
se désapproprier	“to renounce (property)”
se faire avoir	Get caught out; get hoodwinked
se faire chier	to be annoyed, to be pissed off; to be bored; to bother oneself
se faire de la bile	to tie oneself in knots, to worry oneself
se faire des cheveux blancs	to tie oneself in knots, to worry oneself
se faire des couilles en or	to make a bundle, to make a mint, to be mi
se faire des films	to imagine things, to have another think c
se faire des idées	to imagine things, to have another think c
se faire des illusions	to imagine things, to be deluded
se faire dessus	to crap oneself, to shit oneself (to lose; to shit oneself, to shit one's pants
se faire du mauvais sang	to tie oneself in knots, to worry oneself
se faire du mouron	to tie oneself in knots, to worry oneself
se faire désirer	to play hard to get
se faire fort de	to be convinced one can do something; to a
se faire jour	to surface, to emerge
se faire la belle	to do a bunk, to take French leave, to ski
se faire la main	to try one's hand (in), to get one's hand
se faire la malle	to do a bunk, to take French leave, to ski
se faire la paire	to do a bunk, to take French leave, to ski
se faire les dents	to cut one's teeth
se faire petit	to lie low, to keep quiet
se faire porter pâle	to call in sick; to pull a sickie, to mali
se faire prier	to need persuading, to need coaxing
se faire rare	to become scarce, to become rare
se faire sauter la cervelle	to blow one's brains out, to shoot oneself
se faire tard	to get late
se faire tout petit	to lie low, to keep quiet
se faire un nom	to make a name for oneself
se faire un sang d'encre	to be worried sick, to be worried to death
se faire une raison	to resign oneself, to accept an unfavorabl
se faire une religion	to form a firm conviction or opinion about
se faire vieux	to get on, to get old, to become old
se fendre la poire	to laugh one's head off, to have a good la
se ficher comme de colin-tampon	to not give a damn
se foutre de	to not give a damn about (something); to take the piss out of (someone), to make
se foutre de la gueule de	to make fun of, to laugh at, to take the p
se frotter les mains	to rub one's hands together (to anticipate
se hausser du col	to give oneself airs; to push oneself forw
se jeter au cou	to embrace with affection, to shower with
se jeter dans la gueule du loup	to walk into the lion's den
se jeter dans les bras de	to fly into someone's arms, to throw onese
se jeter un verre derrière la cravate	to knock back a drink, to neck a glass of
se jeter à l'eau	to take the plunge, to take a chance
se la couler douce	to take it easy, to have a cushy time
se la jouer	to give oneself airs, to show off, to be f
se la péter	to show off, to be full of oneself, to giv
se la raconter	to show off, to be full of oneself
se la ramener	to show off, to be full of oneself
se laver les mains	to wash one's hands; to wash one's hands of
se le tenir pour dit	to take it as read
se les geler	to freeze one's balls off
se lever du bon pied	to get up on the right side of the bed
se lever du mauvais pied	to get up on the wrong side of the bed (to
se lever du pied gauche	to get up on the wrong side of the bed (to
se lever matin	to get up early
se lier d'amitié	to become friends
se lécher les babines	to lick one's chops, to lick one's lips (t; to lick one's chops, to rub one's ha
se magner le cul	to move one's ass, to haul ass, to get a m
se mettre	to place oneself in a place; to become; to put on, to wear
se mettre au vert	to get away from it all, to get out into t; to go on the run, to head for the hi
se mettre dans le bain	to get into the swing of things
se mettre en bonne odeur	to get a good name
se mettre en devoir de	to make it one's duty to do something, to
se mettre en frais	to spare no expense, to go to great expens; to spare no effort, to go to great l
se mettre en mauvaise odeur	to get an ill name
se mettre en quatre	to bend over backwards, to go to the wall
se mettre en tête	to get something into one's head
se mettre la rate au court-bouillon	to tie oneself in knots, to worry oneself
se mettre le doigt dans l'œil	to be much mistaken, to bark up the wrong
se mettre martel en tête	to worry or get obsessed about something
se mettre sous la dent	to eat something; to get one's teeth into something
se mettre sur son trente et un	to be dressed to the nines, to be dressed
se mettre sur son trente-et-un	to be dressed to the nines, to be dressed
se mettre à	to start; to start (to do something); to take up
se mettre à dos	to antagonise someone, to get on someone's
se mettre à l'ouvrage	to get down to work, to get to work
se mettre à l'œuvre	to get down to work, to get to work
se mettre à la place	to put oneself in (someone's) shoes, to pu
se mettre à table	to sit down at a table to eat; to sing, to confess under interrogation
se montrer sous son meilleur jour	to put one's best foot forward, to show on
se montrer sous son vrai jour	to show one's true colors, to show one's t
se moquer comme de l'an quarante de	to not give a damn about (something)
se moquer comme de sa première chemise de	to not give a damn about (something)
se mordre les doigts	to kick oneself, to live to regret
se mêler de ses affaires	to mind one's own business
se mêler de ses oignons	to mind one's own business, to stick to on
se noyer dans un verre d'eau	to make a mountain out of a molehill (to g
se parer de la plume des paons	to adorn oneself with borrowed plumes, to
se passer de	to do without, dispense with
se passionner	to be enthusiastic or passionate
se payer la poire	to make fun of, to laugh at, to take the p
se payer la tête	to make fun of, to laugh at, to take the p
se pelotonner	to curl up (into a ball); to snuggle; to crouch or huddle
se piquer le nez	to get drunk
se planter	to mess up
se plier en quatre	to bend over backwards
se porter comme un charme	to be fine, to feel great
se porter garant	to vouch (for), to guarantee (the integrit
se pousser	to move aside
se pouvoir	to be possible; may, could be
se prendre	to get, to receive (something negative)
se prendre au jeu	to get caught up in the game, to take a li
se prendre de bec	to cross swords
se prendre de passion	to develop a passion, to be seized by a pa
se prendre les pieds dans le tapis	to misstep, to trip up, to get into a mudd
se prendre pour le nombril du monde	to think the world revolves around one, to
se presser le citron	to rack one's brain, to cudgel one's brain
se péter la gueule	to get drunk, wasted (on drugs); to fall over
se raccrocher aux branches	to try to save face, to try to dig oneself
se ranger des voitures	to clean up one's act, to settle down, to
se rattraper aux branches	to try to save face, to try to dig oneself
se recroqueviller	to curl up (into a ball); to snuggle; to crouch or huddle
se regarder dans le blanc des yeux	to look each other straight in the eye, to
se regarder en chiens de faïence	to look daggers at each another, to glare
se regarder le nombril	to contemplate one's navel, to indulge in
se relaxer	to relax
se remettre dans le bain	to get back into the swing of things
se remplir les poches	to line one's pockets (to accumulate perso
se rendre à l'évidence	to face the facts, to face reality, to be
se reposer sur ses lauriers	to rest on one's laurels
se retourner dans sa tombe	to turn in one's grave
se rincer l'œil	to get an eyeful
se ronger les sangs	to tie oneself in knots, to worry oneself
se rôtir la couenne	to sunbathe (so as to catch a tan)
se salir les mains	to get one's hands dirty (to be personally
se sentir pousser des ailes	to feel exhilarated; to feel like one is o
se serrer la ceinture	to tighten one's belt, to stay frugal, to
se serrer les coudes	to back one another up, to stick together,
se sortir les doigts du cul	to get a move on, to get off one's ass, to
se soucier comme d'une guigne de	to not give a damn about (something)
se soucier comme des neiges d'antan de	couldn't care less about (to be perfectly
se soucier comme un poisson d'une pomme de	to not give a damn about (something)
se souvenir	remember (to recall one's memory)
se sustenter	Pronominal version of sustenter: to eat, t
se taper des barres	to laugh one's head off
se taper des délires	to have a blast, to have fun
se taper la cloche	to eat very well; to fill one's face
se taper la honte	to look like an idiot, to look like a pill
se taper un rassis	to jerk off, to masturbate
se tenir à carreau	to lie low, to watch one's step, to behave
se tirer	bail out; shooting oneself
se tirer la bourre	to vie for first place, to compete fiercel
se tirer sur l'élastique	to jerk off, masturbate; to do nothing, laze around
se tirer une balle	to shoot oneself, to blow one's brains out
se tirer une balle dans le pied	to shoot oneself in the foot
se tordre de douleur	to writhe in pain
se tordre de rire	to be in stitches, to be convulsed with la
se tordre les côtes	to be in stitches
se toucher la nouille	to masturbate
se tourner les pouces	to twiddle one's thumbs
se voiler la face	to look the other way, to bury one's head
se voir comme le nez au milieu de la figure	to be plain as the nose on one's face, obv
second couteau	second fiddle, sidekick, stooge (person wi
second degré	sense of irony, lack of seriousness; offbe
second maître	Military rank used in Francophone navies u
second maître de deuxième classe	Military rank in the navy equivalent to se
second maître de première classe	Military rank in the navy equivalent to se
second maître hors classe	Military rank in the navy senior to second
second plan	background; back burner, backseat
second rôle	supporting role
second souffle	second wind
second vin	second wine, second label
second violon	second fiddle, second violin
seconde d'angle	a second, 1/60 of a minute, or 1/3.600 of
seconde d'arc	second of arc, arcsecond
seconde nature	second nature
seconde-lumière	light second (astronomical distance)
secouer la tête	to shake one's head
secouer le cocotier	to cut out the dead wood, to clean house (; to shake things up
secouer le joug	to shake off the yoke of, to cast off the
secouer les puces	to give (someone) a kick up the backside (
secours routier	Road accident rescue
secret bancaire	banking secrecy, bank confidentiality, ban
secret d'alcôve	love-secret; (loosely) pillow talk
secret d'état	state secret
secret de polichinelle	open secret, secret of Polichinelle
secret industriel	trade secret
secret médical	medical confidentiality, doctor-patient co
secret professionnel	professional secrecy, professional confide
secrétaire d'état	junior minister; secretary of state
secrétaire de rédaction	copy editor, subeditor, editorial secretar
secrétaire général	secretary general
secrétaire perpétuel	permanent secretary (of an academy)
secrétariat social	organization that supports companies by as
secteur primaire	primary sector
secteur privé	private sector
secteur public	public sector
secteur secondaire	secondary sector
secteur tertiaire	tertiary sector
seize-cents	sixteen hundred, 1600
seizième de finale	round of 32, round of thirty two, last 32,
sel attique	Attic salt
sel de bain	bath salt (salt added to bathwater)
sel de cuisine	cooking salt (salt added to food being coo
sel de céleri	celery salt
sel de table	table salt
selon que	according as, depending on whether, accord
selon toute vraisemblance	in all probability, in all likelihood
semaine des quatre jeudis	a cold day in July, a cold day in Hell (th
semelle du pape	prickly pear
semer la pagaille	to wreak havoc, to create mayhem, to cause; to stir the pot, to sow discord
semer la zizanie	to wreak havoc, to create mayhem, to cause; to stir the pot, to sow discord
semi-acétalique	hemiacetal, semiacetal
semi-automatique	semi-automatic
semi-auxiliaire	semiauxiliary
semi-collectif	semi-collective
semi-consonne	semiconsonant
semi-continental	semicontinental
semi-fini	semifinished
semi-lunaire	semilunar
semi-nomade	seminomadic
semi-nomadisme	seminomadism
semi-perméable	semipermeable
semi-public	semipublic
semi-quincentenaire	semiquincentennial
semi-remorque	semi-trailer
semi-rigide	semirigid
semi-voyelle	semivowel (sound in speech)
semi-érection	semierection
seneçon jacobée	common ragwort
sens anti-horaire	counterclockwise rotation
sens commun	common sense (ordinary understanding); intuition
sens de l'humour	sense of humour
sens des aiguilles d'une montre	clockwise rotation
sens des réalités	sense of reality
sens dessus dessous	upside-down
sens devant derrière	back to front
sens horaire	clockwise rotation
sens trigonométrique	counterclockwise rotation
sens unique	one-way street
sensation forte	thrill, strong feeling
sent-bon	perfume
sentier de chèvre	slope, steep path
sentiment du devoir accompli	feeling of accomplishment, feeling of havi
sentiment du fer	sentiment du fer
sentir l'écurie	to get the smell of home in one's nostrils
sentir le bouc	to stink, to reek
sentir le fagot	to smack of heresy
sentir le roussi	to smell like trouble, not to look good
sentir le sapin	to be coming to an end; to have one foot i
sentir le soufre	to appear volatile, tense, or dangerous
sentir le vécu	to seem true to life, to be a sign that a
sentir passer	to feel something that's physically or emo
sept cents	seven hundred
sept jours sur sept	every day, all the time
sept péchés capitaux	the seven deadly sins
sept-centenaire	septicentenary
sept-centième	seven-hundredth
sept-cents	seven hundred
septante-neuf	seventy-nine
septante-sept	seventy-seven
septième art	cinema, filmmaking
septième ciel	seventh heaven
serbo-croate	the Serbo-Croatian language
sergent fourrier	quartermaster sergeant or similar ranks us; colour sergeant
sergent-chef	Military rank in Francophone countries usu
seringue hypodermique	hypodermic syringe
serment d'allégeance	oath of allegiance, pledge of allegiance
serment d'hippocrate	Hippocratic oath
serpent corail	coral snake
serpent de mer	sea serpent; a long-discussed subject with no concrete
serpent à lunettes	Indian cobra, spectacled cobra (Naja naja)
serpent à sonnettes	rattlesnake
serratule fausse-centaurée	Rhaponticum centauroides (L.) O.Bòlos
serre-jarretelles	suspender belt (UK), garter belt (US)
serre-joint	clamp
serre-livres	bookends (set of two objects designed to k
serre-taille	waist cincher
serre-tête	headband, hairband; kerchief, bandana
serrer l'étau	to repress, increase coercion
serrer la main	to shake hands
serrer la vis	to tighten up on discipline, to be more se
serrer les boulons	to tighten up on discipline; to become mor
serrer les dents	to grit one's teeth, to bite the bullet
serrer les fesses	to tighten up; to brace oneself
serrer les rangs	to close ranks (to regroup forces); to close ranks (to stay united, to make a
servant de messe	altar server, altar boy
service après-vente	after-sales service department, customer s
service au volant	drive-through; drive-in
service civil	a service analogous to military service fo
service clientèle	customer service
service compris	a service charge automatically included in
service d'ordre	police presence, security personnel, stewa
service de renseignement	intelligence agency
service de secours	emergency service (public service that dea
service militaire	military service
service rapide par bus	bus rapid transit
service secret	secret service
service à la cuillère	underhand serve
service à la française	service à la française (serving the dishes
service à la russe	service à la russe (serving the dishes of
serviette de bain	bath towel
serviette hygiénique	sanitary towel, sanitary napkin
setter irlandais	Irish Setter
seuil de pauvreté	poverty line
seuil de rentabilité	break-even point
seuil de tolérance	tolerance threshold
seul au monde	completely alone, all alone in the world
seul en scène	one-man show, solo performance
seul et même	the same …, a single …
seul à seul	one-on-one, in private (alone with one oth
sex appeal	sex appeal
sex friend	friend with benefits, fuck buddy
sex-appeal	sex appeal
sex-shop	sex shop
sex-symbol	sex symbol
sex-tape	sex tape
sex-toy	sex toy
sexe anal	anal sex
sexe faible	the weaker sex, the fair sex
sexe oral	oral sex
sextuple croche	two hundred fifty-sixth note
shake-hand	handshake
shish taouk	shish taouk, chicken shawarma, as a plate
si besoin est	if need be
si bien que	so much so that
si bémol majeur	B-flat major
si ce n'est	except, if not
si ce n'est que	except, except that; although; but
si et seulement si	if and only if (implies and is implied by)
si fait	certainly, yes (indeed), but of course (us
si jamais	if, in case; just in case, just so you know
si je ne m'abuse	if I'm not mistaken, unless I'm much mista
si je puis dire	so to speak
si le cœur t'en dit	if you feel like it
si le cœur vous en dit	if you feel like it
si ma mémoire est bonne	if memory serves, if my memory serves me c
si majeur	B major
si nécessaire	if need be, if necessary
si possible	if possible
si seulement	if only, I wish, from your lips to God's e
si tant est que	if … at all, assuming that, provided that,
si tu le dis	if you say so
si tu savais	if you only knew
si tu veux la paix prépare la guerre	if you want peace, prepare for war
si tu vois ce que je veux dire	if you know what I mean
si vous le dites	if you say so
si vous saviez	if you only knew
si ça se trouve	maybe, perhaps
side-car	sidecar
sieste crapuleuse	sneaky siesta, afternoon delight, afternoo
signe de croix	sign of the cross, cross (gesture)
signe de ponctuation	punctuation mark
signe dur	hard sign
signe moins	minus sign
signe mou	soft sign
signe plus	plus sign
signer des deux mains	to sign something enthusiastically, to jum
signer son arrêt de mort	to sign one's death warrant
silence assourdissant	deafening silence
silence radio	radio silence
silure glane	wels catfish (Silurus glanis)
simili-carné	faux meat; meat imitation
simple comme bonjour	very simple, easy as pie
simple d'esprit	daft, simple-minded
singe savant	trained monkey (person able to reproduce c
singularité gravitationnelle	gravitational singularity
singularité technologique	technological singularity
sinus hyperbolique	hyperbolic sine
sirop d'érable	maple syrup
sirop de longue vie	a therapeutic syrup made from mercuries (M
site de rencontres	online dating website, dating site
site internet	website
site web	website
sittelle torchepot	Eurasian nuthatch (Sitta europaea)
situation intéressante	interesting condition
sitz im leben	Sitz im Leben, sociological setting
sitôt que	as soon as
six cents	six hundred
six pieds sous terre	six feet under
six-centenaire	six-hundredth; sexcentennial; six hundred years old
six-centième	six-hundredth
six-cents	six hundred
six-vingts	sixscore, one hundred twenty, 120
sixième sens	sixth sense
sixte napolitaine	Neapolitan chord
siècle de périclès	the fifth century BC
siècle des lumières	Age of Enlightenment
siècle-lumière	light century (astronomical distance)
siège conducteur	driver's seat (seat in a vehicle where the
siège passager	passenger seat, shotgun (seat in a vehicle
siège social	headquarters (of an organization), head of
siège éjectable	ejection seat, ejector seat (seat in an ai
ski acrobatique	freestyle skiing
ski alpin	alpine skiing
ski attelé	skijoring
ski ballet	ski ballet; alternative form of ballet à s
ski bazar	ski bazaar
ski de fond	cross-country skiing
ski nautique	water skiing (the sport of skiing on water; water ski (type of ski used for skii
ski nordique	Nordic skiing
ski para-alpin	para alpine skiing
ski para-nordique	para nordic skiing; A parasport (“paraspor
slalom incliné	banked slalom
sma't	smart
smoked meat	Montreal-style smoked meat (a spiced salt; a sandwich made with sliced smoked me
snack-bar	snack bar
snow-boot	snowboot
sobre comme un chameau	always sober; abstemious
soccer de table	foosball
social-démocratie	social democracy
socialisme démocratique	democratic socialism
socialisme scientifique	scientific socialism (society governed by; scientific socialism (socialism that
socio-culturel	sociocultural
socio-historique	Pre-1990 spelling of sociohistorique
socio-professionnel	socioprofessional
société anonyme	public limited company; corporation
société de conseil	consulting firm, consultancy
société de consommation	consumer society (society that encourages
société de l'information	information society
société par actions	joint-stock company
société savante	learned society (organization that exists
société secrète	secret society (club, fraternal organizati
société à maison	house society
société à responsabilité limitée	limited liability company (US), limited co
soda club	club soda
soda mousse	cream soda (vanilla soda)
soda tonique	tonic water
soda à pâte	baking soda
soda-gateau	baking soda
soie dentaire	dental floss
soigner le mal par le mal	to fight fire with fire; to cure like with; to take a hair of the dog that bit o
soins aux personnes âgées	eldercare
soins de santé	health care
soins intensifs	intensive care; intensive care unit, ICU
soirée arrosée	drunken evening, night of drinking
soirée pyjama	slumber party, sleepover
soit dit en passant	incidentally, by the way
soit dit entre nous	between ourselves, between you and me, bet
soixante et onze	seventy-one
soixante et onzième	seventy-first
soixante et un	sixty-one
soixante et unième	sixty-first
soixante-cinq	sixty-five
soixante-cinquième	sixty-fifth
soixante-deux	sixty-two
soixante-deuxième	sixty-second
soixante-dix-huit	seventy-eight
soixante-dix-huitième	seventy-eighth
soixante-dix-neuvième	seventy-ninth
soixante-dix-sept	seventy-seven
soixante-dix-septième	seventy-seventh
soixante-dixième	seventieth
soixante-dixièmement	seventiethly
soixante-douze	seventy-two
soixante-douzième	seventy-second
soixante-huitard	soixante-huitard
soixante-huitième	sixty-eighth
soixante-neuvième	sixty-ninth
soixante-quatorze	seventy-four
soixante-quatorzième	seventy-fourth
soixante-quatrième	sixty-fourth
soixante-quinzième	seventy-fifth
soixante-seize	seventy-six
soixante-seizième	seventy-sixth
soixante-sept	sixty-seven
soixante-septième	sixty-seventh
soixante-six	sixty-six
soixante-sixième	sixty-sixth
soixante-treize	seventy-three
soixante-treizième	seventy-third
soixante-troisième	sixty-third
soldanelle des alpes	alpine snowbell (Soldanella alpina)
soldat de deuxième classe	private, soldier second class
soldat de première classe	private first class, soldier first class
solde créditeur	credit balance
solde débiteur	debit balance
solde intermédiaire de gestion	intermediate management balance
solde migratoire	net migration
sole meunière	French fish dish consisting of sole, prefe
soleil couchant	setting sun; sunset (moment when the sun sets)
soleil de minuit	midnight sun
soleil de plomb	a blazing sun, a scorching sun
soleil levant	rising sun; sunrise (moment when the sun rises)
soleil mexicain	tree marigold
solide comme le pont-neuf	very solid, rock solid; in the pink of health, fit as a fiddle
solide comme un roc	solid as a rock, rock solid, tough as nail
solide de révolution	solid of revolution
solstice d'hiver	winter solstice
solstice d'été	summer solstice
solution de continuité	gap, break, interruption, discontinuity
solution de facilité	path of least resistance, easy way out
solution finale	final solution
solution miracle	magic bullet, silver bullet
solution physiologique	saline solution
somato-psychique	somatopsychic
somme des parties	sum of parts
somme toute	in conclusion, in sum, in short
sommeil lent	slow-wave sleep
sommeil paradoxal	REM sleep (stage of sleep during which mos
sommeil profond	deep sleep
sommet de l'iceberg	tip of the iceberg
son altesse	His Highness, third person form of address; Her Highness, third person form of a
son compte est bon	someone's number is up
son de cloche	opinion, point of view, way of looking at
son excellence	His Excellency, third person form of addre; Her Excellency, third person form of
sonde urinaire	urinary catheter
sonner faux	to be out of tune; to ring false, to ring hollow, to sound ho
sonner la soupe	to ring for chow
sonner le glas	to sound the death knell for, to spell doo
sonner le tocsin	to sound the alarm; to stir up the crowd
sonner les cloches	to ring the bells; to give someone a talking-to, to give some
sonnette d'alarme	alarm bell
sorbier des oiseleurs	rowan (tree)
sorti d'affaire	out of the woods, in the clear, safe and s
sortie de bain	bathrobe
sortie de route	usually benign car accident where a car le
sortie de secours	emergency exit, fire exit
sortir de l'ombre	to come out of the shadows, to emerge from
sortir de l'œuf	to be wet behind the ears
sortir de nulle part	to come out of nowhere, to come out of the
sortir de ses gonds	to fly off the handle, to hit the roof, to
sortir de table	to get down from the table, to leave the t
sortir des clous	to go rogue, to stop abiding by the rules
sortir des sentiers battus	to go off the beaten track (to go to place; to think outside the box
sortir du bois	to come to light; to get out of a bind
sortir du lot	to stand out from the crowd, to be better
sortir du placard	to come out of the closet, reveal one's ho
sortir du rang	to rise from the ranks, to rise through th; to break ranks (to march or charge o
sortir ensemble	to go out (to have a romantic relationship
sortir la tête de l'eau	to get back on one's feet, to get one's he
sortir le champagne	to break out the bubbly, to crack open the
sortir le grand jeu	to pull out all the stops, to go all out
sortir les mouchoirs	to bring out the Kleenex
sortir les violons	to be melodramatic; to cry someone a river
sortir par la grande porte	to leave triumphally; to finish something
sortir par la petite porte	to leave with one's tail between one's leg
sortir par les trous de nez	to get up someone's nose, to exasperate
sot-l'y-laisse	oyster (delicate morsel of dark meat conta
sotho du nord	Northern Sotho language
soucoupe volante	flying saucer (disc-shaped unidentified fl
soude caustique	caustic soda, lye
souffler dans les bronches	to reprimand
souffler le chaud et le froid	to blow hot and cold
souffleuse à neige	snowblower
souffre-douleur	punchbag, punching bag (person or animal u
souffrir le martyre	to be in agony, to suffer agony, to suffer
soulevé de terre	deadlift (weight training exercise where o
soupape de sécurité	safety valve, pressure valve
soupe au lait	quick-tempered; huffy, thin-skinned
soupe populaire	soup kitchen (place set up to provide basi
soupe primordiale	primordial soup
source chaude	hot spring
source primaire	primary source (original work, especially; primary source (historical object, es
source secondaire	secondary source (written commentary which; secondary source (study of past even
sourd comme un pot	stone deaf, deaf as a doorpost, deaf as a
sourire de toutes ses dents	to smile from ear to ear, to smile all ove
sourire jusqu'aux oreilles	to smile from ear to ear, to grin like a C; a smile from ear to ear
sourire à pleines dents	to smile from ear to ear, to smile all ove
souris chaude	bat
sous clé	under lock and key
sous couvert de	under the shelter of, under cover of; under condition of; under the pretext of,
sous l'action de	by the action of, under the effect of, und
sous l'eau	underwater; snowed under
sous l'effet de	under the effect of, under the influence o
sous la coupe de	under the control of someone, under someon
sous la férule de	under the control or authority of (someone
sous la houlette de	under the leadership of, under the guidanc
sous la main	at hand, on hand, to hand, at one's finger
sous le boisseau	concealed, hidden
sous le coude	in reserve, in store, on hand
sous le coup de	out of, under the effect of (some emotion)
sous le feu des projecteurs	in the spotlight
sous le nez de	under someone's nose
sous le sceau du secret	under the seal of secrecy
sous le vent	on the leeward side, on the side protected
sous les auspices de	under the auspices of
sous les drapeaux	in the army
sous les feux de la rampe	in the limelight, in the spotlight
sous les verrous	Locked away, under lock and key, behind ba
sous les yeux de	in front of (someone), in full view of (so
sous peine de	or else, otherwise; on pain of
sous peu	soon, shortly, in a moment
sous prétexte que	arguing that, on the grounds that, on the
sous réserve de	subject to; on the condition that
sous réserve que	provided that, on the condition that
sous tous rapports	in every respect, in all respects
sous toutes les coutures	from every angle, very closely, meticulous
sous vide	vacuum
sous-alimenter	to underfeed
sous-amendement	subamendment
sous-balanique	subbalanic
sous-bibliothécaire	sublibrarian
sous-bock	beermat
sous-bois	underbrush (small trees)
sous-branche	subbranch (branch that is itself an offsho
sous-calibré	subcaliber
sous-chapitre	subchapter
sous-chef	second-in-command; right-hand man
sous-classable	subclassable
sous-classer	to subclass
sous-clavier	subclavicular
sous-comité	subcommittee
sous-commission	subcommission
sous-consommation	underconsumption
sous-couche	undercoat, primer; sublayer; subshell
sous-diaconat	subdeanery
sous-diacre	subdeacon
sous-directeur	deputy director, assistant manager, subdir
sous-directrice	subdirector
sous-dominante	subdominant
sous-dosage	underdose
sous-doser	to underdose
sous-doué	dim-witted; dimwit
sous-développement	underdevelopment
sous-développé	underdeveloped
sous-effectif	understaffing (situation whereby there is
sous-embranchement	subphylum
sous-emploi	underemployment
sous-ensemble	subset, subgroup, subclass (a group within; subset
sous-entente	implication
sous-estimation	underestimation; underestimate
sous-exposer	to underexpose
sous-exposition	underexposure
sous-expérimenté	underexperienced
sous-fifre	underling, henchman, minion
sous-frutescent	suffrutescent
sous-genre	subgenus
sous-gouverneur	subgovernor
sous-homme	subhuman
sous-ingénieur	engineer's assistant
sous-khôlle	oral exam at a prépa or especially during
sous-lieutenant	second lieutenant, sub-lieutenant
sous-locataire	subletter
sous-location	subletting
sous-louer	to sublet
sous-main	a desk blotter
sous-marinier	submariner (member of the crew of a submar
sous-merde	piece of shit; nonentity
sous-multiple	submultiple
sous-munition	submunition
sous-méthode	submethod
sous-normale	subnormal
sous-occipital	suboccipital
sous-off	non-com
sous-orbitaire	suborbital
sous-ordre	suborder
sous-package	subpackage
sous-page	subpage
sous-payer	to underpay
sous-payé	underpaid
sous-pied	strap, understrap
sous-production	underproduction
sous-produit	by-product (side effect)
sous-programme	subprogram
sous-préfet	subprefect
sous-préputial	subpreputial
sous-pubien	subpubic
sous-qualifié	underqualified
sous-représentation	underrepresentation
sous-requête	subquery
sous-routine	subroutine
sous-réseau	subnet
sous-scapulaire	subscapular
sous-secrétaire	subsecretary
sous-section	subsection
sous-stimuler	to understimulate
sous-tangente	subtangent
sous-tasse	saucer
sous-tendre	to underlie; to form the basis of; to subtend
sous-titrage	subtitling
sous-titrer	to subtitle
sous-titré	subtitled
sous-total	subtotal
sous-traduction	undertranslation
sous-traitant	subcontractor
sous-traiter	to subcontract
sous-traité	undertreated
sous-utilisation	underuse (the act of using (something) les
sous-verre	coaster, mat, beer mat
sous-vêtement	undergarment, piece of underwear
sous-vêtements	underwear
sous-épidermique	subepidermal
sous-équiper	to underequip
sous-évaluation	undervaluation
sous-évaluer	to underevaluate
soutien-gorge	bra
souvenir écran	screen memory
souvenir-écran	screen memory
spatio-temporel	space-time
spatule blanche	Eurasian spoonbill (Platalea leucorodia)
spectre électromagnétique	electromagnetic spectrum
spermophile à mante dorée des cascades	Cascade golden-mantled ground squirrel (Ca
sphinx vespertilio	Hyles vespertilio
sphère armillaire	armillary sphere
sphère d'influence	sphere of influence
spirale d'archimède	Archimedean spiral
spirale logarithmique	logarithmic spiral
splash-and-dash	splash-and-dash
sport adapté	parasport (disabled sport; disability spor; sport for cognitive disability
sport aquatique	water sport
sport d'hiver	winter sport
sport de combat	combat sport (sport that involves man-to-m
sport de contact	contact sport (athletic contest which invo
sport de raquette	racket sport
sport en chambre	bedroom antics, sex
sport extrême	extreme sport
sport nautique	water sport
sprint assis	a race in a class of para cross country sk
sri-lankais	Sri Lankan; a Sri Lankan
stade anal	anal stage
stade du miroir	mirror stage
stade oral	oral stage
stand de tir	shooting range, firing range; rifle range; shooting gallery
staphylocoque doré	golden staph (Staphylococcus aureus)
starting block	starting block
starting-gate	starting gate
station balnéaire	seaside resort
station d'accueil	docking station (piece of hardware)
station de lavage	car wash
station de radio	radio station
station de ski	ski resort
station de travail	workstation
station essence	petrol station
station mobile	mobile station (mobile equipment)
station spatiale	space station (manned artificial satellite
station-service	gas station, service station
statu quo	status quo
statut social	social status
steak de hambourg	Hamburg steak
steak haché	ground beef, minced beef, beef patty, burg
steak tartare	steak tartare (a French dish made of raw m
steeple-chase	steeplechase
sterne caugek	Sandwich tern
stock tampon	safety stock, buffer stock
stock-car	stock car racing
stop américain	rolling stop
strict minimum	bare minimum
strictement négatif	negative (excludes zero)
strictement positif	positive (excludes zero)
strip-tease	striptease
structure de données	data structure
studio d'enregistrement	recording studio
style libre	freestyle (any stroke)
stylo à bille	ballpoint pen
stylo-plume	fountain pen
sub-micronique	submicronic
substantifique moelle	the very substance, the true essence, the
suc gastrique	gastric juice
succise des prés	devil's bit (Succisa pratensis Moench)
succès d'estime	succès d'estime
suce-fleur	hummingbird
suce-goulot	drunkard
sucer de son pouce	to guess, to predict; to invent, to pull o
sucre blanc	white sugar
sucre d'orge	barley sugar; candy cane; a type of candy made with barley sugar
sucre de canne	cane sugar (sugar from the sugarcane plant
sucre en morceau	cube sugar
sucre en poudre	granulated sugar; powdered sugar
sucre farine	powdered sugar
sucre glace	powdered sugar, icing sugar
sucre impalpable	powdered sugar
sucre inverti	Invert sugar
sucre lent	slow-burning carbohydrate, slow-release ca
sucre rapide	quick-burning carbohydrate, fast-acting ca
sucre roux	brown sugar
sucrer les fraises	to dodder or quiver; to have shaky hands; to be dotty, to go gaga (to become sen
sud-asiatique	South Asian
sud-est-asiatique	Southeast Asian
sud-est-quart-est	southeast by east (compass point)
sud-est-quart-sud	southeast by south (compass point)
sud-oriental	southeastern
sud-ouest-quart-ouest	southwest by west (compass point)
sud-ouest-quart-sud	southwest by south (compass point)
sud-quart-sud-est	south by east (compass point)
sud-quart-sud-ouest	south by west (compass point)
sud-sud-ouest	south-southwest (compass point)
sud-vietnamien	South Vietnamese
suer comme un bœuf	to sweat like a pig
suer sang et eau	to sweat blood (to work extremely hard)
suer à grosses gouttes	to sweat streams, to sweat bullets, to swe
sueur froide	cold sweat
suffrage restreint	restricted suffrage
suffrage universel	universal suffrage
suicide assisté	assisted suicide
suite arithmétique	arithmetic progression, arithmetic sequenc
suite de fibonacci	Fibonacci sequence
suite géométrique	geometric progression, geometric sequence
suite parentale	master bedroom
suite à	after; in the wake of
suivant que	according as, depending on whether, accord
suivre les traces	to follow in someone's footsteps (to follo
suivre son cours	to follow its course, to take its course,
suivre à la trace	to track, to follow closely
sujet grammatical	syntactical subject (as opposed to semanti
sujet réel	semantic subject (the true agent of an act
sujet à caution	questionable, doubtful, unconfirmed
sumac vinaigrier	staghorn sumac (Rhus typhina)
super-amas d'étoiles	super star cluster
super-amas stellaire	super star cluster
super-combiné	super combined
super-lourd	superheavyweight; superheavy
super-terre	super-Earth
supergéante bleue	blue supergiant
supplice de la goutte d'eau	Chinese water torture (a form of torture i
suppôt de satan	devil worshipper, Satanist; devil's agent; limb of Satan, limb of the
supériorité numérique	numerical advantage, preponderance; power play
sur ces belles paroles	on that note, with that
sur ces entrefaites	thereupon, with this, at that juncture, at
sur ces mots	upon these words, thereupon, with this, on
sur commande	on demand, to order; on command, at will, whenever one wants
sur l'heure	at once, instantly, on the spot, right awa
sur l'ongle	completely or perfectly
sur la base de	on the basis of
sur la bonne voie	on the right track
sur la brèche	at the ready, on the go
sur la durée	over the long term, in the long term, in t
sur la défensive	on the defensive, on the back foot
sur la fin	towards the end, with the end drawing near
sur la forme	regarding the form, in terms of form; to the procedure
sur la pointe des pieds	on tiptoe (moving carefully; discreetly)
sur la sellette	in the hot seat; on the spot
sur la touche	on the sidelines, by the wayside
sur le billard	on the operating table; under the knife
sur le bout de la langue	on the tip of one's tongue (known but not
sur le carreau	down, on the ground (as a result of having; by the wayside, stranded; penniless,
sur le compte de	on, up to, down to (someone or something); about
sur le coup	instantly, right then and there, on the sp; on it; at the time, at first
sur le cul	floored, flabbergasted, flummoxed
sur le dos de	at the expense of
sur le fil	just in time, in the nick of time; by a narrow margin
sur le fil du rasoir	on the razor's edge, on a knife edge
sur le fond	in substance, at bottom; contentwise (in t; to the facts
sur le moment	at the time
sur le même pied	on an equal footing, on equal terms
sur le papier	on paper, in theory
sur le pavé	on the street, without a home, homeless
sur le pied de guerre	on a war footing (in a state of preparedne; in fighting trim (in good preparatio
sur le pied de paix	on a peace footing
sur le plan de	in terms of, -wise
sur le point de	on the brink of; on the verge of, about to
sur le pont	on deck; at the ready; on duty, on deck
sur le pouce	on the go, on the run, on the hoof
sur le qui-vive	on the alert
sur le tard	late in life
sur le tas	on-the-job, on the job
sur le terrain	on the ground, in the field; in practice
sur les bords	a bit, slightly
sur les chapeaux de roue	off to a flying start
sur mesure	made-to-measure, custom-made, tailor-made,
sur ordre de	at the behest of
sur place	on site, on the ground; without moving
sur ses gardes	on one's guard, on the alert, on the looko
sur son trente et un	all dressed up, dolled up (to the nines)
sur son trente-et-un	all dressed up, dolled up (to the nines)
sur toute la ligne	totally, completely, on all counts
sur un coin de table	quickly, approximately and without much ca
sur un coup de tête	on a whim, rashly, impulsively, on impulse
sur un pied d'égalité	on an equal footing, on equal terms
sur un plateau d'argent	on a plate, on a platter, on a silver plat
sur écoute	tapped, bugged
sur-ensemble	superset
sur-le-champ	on the spot, immediately, right away
surdi-mutité	deaf-muteness
surf des neiges	snowboarding, snowboard (sport)
surface de réparation	penalty area
surprise-partie	party; surprise party
surtout que	all the more reason that, even more so bec
surveiller comme le lait sur le feu	to watch like a hawk, to keep a close watc
surveiller ses arrières	to watch one's back
sus-cité	above-quoted
sus-expliqué	explained above
sus-hépatique	hepatic
sus-énuméré	afore-enumerated
sus-évoqué	evoked above
sweat-shirt	sweatshirt (loose shirt)
syllabe fermée	closed syllable
syllabe ouverte	open syllable
sylvie jaune	yellow anemone (Anemone ranunculoides)
syndicat d'initiative	tourist office
syndrome d'alice au pays des merveilles	Alice in Wonderland syndrome (condition af
syndrome d'asperger	Asperger syndrome
syndrome d'immunodéficience acquise	acquired immune deficiency syndrome
syndrome de diogène	Diogenes syndrome
syndrome de down	Down syndrome
syndrome de gilles de la tourette	Tourette syndrome
syndrome de klinefelter	Klinefelter syndrome
syndrome de l'imposteur	impostor syndrome (psychological phenomeno
syndrome de la page blanche	writer's block, blank page syndrome
syndrome de marfan	Marfan syndrome
syndrome de noé	animal hoarding
syndrome de paris	Paris syndrome
syndrome de stein-leventhal	polycystic ovary syndrome
syndrome de stevens-johnson	Stevens-Johnson syndrome
syndrome de turner	Turner syndrome
syndrome du cri du chat	cri du chat syndrome
syndrome du cœur brisé	broken heart syndrome
syndrome du survivant	survivor guilt, survivor syndrome
syndrome du x fragile	fragile X syndrome
syndrome prémenstruel	premenstrual syndrome, premenstrual tensio
syntagme nominal	noun phrase
syriaque classique	Classical Syriac
système babillard électronique	bulletin board system (BBS)
système circulatoire	circulatory system
système d	clever scheme or workaround
système d'exploitation	operating system (software which controls
système de babillard électronique	bulletin board system (BBS)
système de fichier	file system
système de fichiers	file system
système de freinage antiblocage	anti-lock braking system
système de gestion de base de données	database management system
système de gestion de contenu	content management system
système de guidage	guiding system
système de traction asservie	traction control system
système des bulletins électroniques	bulletin board service (BBS)
système endocrinien	endocrine system
système excréteur	excretory system
système immunitaire	immune system
système limbique	limbic system
système lymphatique	lymphatic system
système nerveux	nervous system
système nerveux autonome	autonomic nervous system
système nerveux central	central nervous system
système nerveux périphérique	peripheral nervous system
système planétaire	planetary system
système solaire	solar system
sèche-linge	tumble drier
séance tenante	while the session is open, while we are in; from the bench; without adjourning t
sécurité de l'emploi	job security
sécurité informatique	computer security
sécurité publique	public safety, public security
sécurité sociale	social security; social security system
sélection artificielle	selective breeding, artificial selection
sélection de parentèle	kin selection (an evolutionary strategy th
sélection naturelle	natural selection
sélection sexuelle	sexual selection
sélin des pyrénées	Epikeros pyrenaeus (L.) Raf
séneçon commun	groundsel (Senecio vulgaris)
séneçon de mazamet	narrow-leaved ragwort
séneçon du cap	narrow-leaved ragwort (Senecio inaequidens
séneçon jacobée	common ragwort (Jacobaea vulgaris)
séné bâtard	bladder senna; scorpion senna
séné d'europe	bladder senna
séné sauvage	bladder senna
séné vésiculeux	bladder senna
séparation des pouvoirs	separation of powers
séparer le bon grain de l'ivraie	to separate the wheat from the chaff
séquence principale	main sequence
série b	B-movie
série de taylor	Taylor series
série temporelle	time series
série z	Z-movie
sérum de vérité	truth serum
sérum physiologique	saline solution, isotonic solution
sûr de soi	sure of oneself, self-assured, self-confid
sûr de son coup	sure of what one is doing, confident of su
sûr et certain	absolutely sure, absolutely certain
sœur germaine	sister-german
sœur laie	a nun of lesser status, mainly employed fo
t'a	tu as
t'as	you've
t'es	you're
t'inquiète	don't worry
t'occupe	don't worry about that; mind your own busi
t'oh	d'oh (expression of frustration)
ta gueule	shut your mouth!, shut up!, shut it!
ta gueule c'est magique	said when one doesn't want to explain poor
ta mère	your mom; fuck off!
ta yeule	shut up: alternative form of ta gueule
tabac marron	tobacco weed (Elephantopus mollis); earleaf nightshade (Solanum mauritianum)
tabac à priser	snuff (finely ground or pulverized tobacco
tabagisme passif	passive smoking
tabatière anatomique	anatomical snuffbox
table basse	coffee table (or similar low table)
table d'harmonie	sounding board (thin board that forms part
table d'hôte	table d'hôte (a menu offering a complete m
table d'opération	operating table
table de chevet	nightstand
table de mixage	a mixer, mixing desk or mixing console
table de mortalité	life table, mortality table (a table which
table de multiplication	multiplication table
table de nuit	nightstand, bedside table
table de vérité	truth table (table showing all possible tr
table des matières	table of contents
table des négociations	negotiating table
table rase	tabula rasa
table ronde	round table (conference)
table à langer	changing table, baby-changing station (sma
table à manger	dining table
table à repasser	ironing board
tableau blanc	whiteboard
tableau blanc interactif	electronic white board
tableau croisé dynamique	pivot table
tableau d'amortissement	depreciation schedule, amortization table
tableau de bord	dashboard; control panel
tableau de chasse	hunting tally, total number of kills, scor; notches on one's bedpost (inventory
tableau noir	blackboard (blackish board suitable to be
tableau périodique	periodic table
tableau vivant	tableau vivant
tablette de chocolat	chocolate bar, bar of chocolate, chocolate; six-pack, eight-pack (highly develop
tablette de cire	wax tablet (tablet made of wood and covere
tablier de cuisine	kitchen apron, cooking apron
tabula rasa	tabula rasa
tac-tac	popcorn; noisy chatter
tache de naissance	birthmark
tache de rousseur	freckle
tache de vin	birthmark, especially a strawberry mark
tache solaire	a sunspot
tacos français	French tacos
tactique du salami	salami tactics
tagète dressée	Aztec marigold (Tagetes erecta)
taie d'oreiller	pillowcase
taillable et corvéable à merci	heavily taxed; enslaved to do onerous work; exploitable endlessly; at the beck a
taille de guêpe	wasp waist (giving an hourglass figure)
taille-crayon	pencil sharpener
tailler dans le gingas	to lie
tailler dans le gras	to trim, to remove what's superfluous
tailler des croupières	to put a spoke in (someone's) wheel, to th
tailler en pièces	to tear to pieces; to smash to smithereens
tailler le bout de gras	to shoot the breeze, to chew the fat, to c
tailler une bavette	to shoot the breeze, to chew the fat, to c
tailler une pipe	to give head, to blow
tailleur de pierre	stonemason (one who works with stone)
tako-tsubo	Takotsubo cardiomyopathy
talkie-walkie	walkie-talkie
talon aiguille	stiletto heel (heel of a high and narrow s; a shoe with such a heel
talon d'achille	Achilles heel
tam-tam	tam-tam
tambour battant	eagerly; promptly, briskly, energetically
tambour-major	drum major
tandis que	whereas, while, whilst
tango argentin	Argentine tango (dance)
tant bien que mal	as best one can, somehow
tant et plus	many, much
tant et si bien que	so much so that
tant mieux	It's a good thing; fortunately; used to ex
tant pis	too bad, never mind
tant qu'on y est	while we're at it
tant qu'à faire	while one is at it, one might as well
tant qu'à y être	while we're at it
tant que	as long as, for as long as; as long as; provided (that); assuming
tant que tu y es	while you're at it
tant s'en faut	far from it, not by a long shot, not by a
tant soit peu	so little, to a very low degree or extent; very little
tant va la cruche à l'eau qu'à la fin elle se casse	the jug goes to the well until it breaks,
tapage nocturne	disturbing the peace at night, night-time
tape-cul	a vehicle with poor suspension; a see-saw (child's game); a teeter-totter
tape-à-l'œil	loud, garish, in-your-face
taper dans l'œil	to catch someone's eye, to strike someone'
taper du poing sur la table	to pound the table, to put one's foot down
taper l'incruste	to gatecrash
taper la carte	to play cards
taper la causette	to shoot the breeze, to chew the fat, to c
taper la discute	to shoot the breeze, to chew the fat, to c
taper sur le système	to irritate, to get on someone's nerves, t
taper sur les nerfs	to get on someone's nerves
tapette à mouches	flyswatter
tapis de course	treadmill (piece of indoor sporting equipm
tapis de prière	prayer rug, prayer mat (small rug on which
tapis de souris	mouse pad, mouse mat
tapis rouge	red carpet; red carpet, VIP treatment
tapis roulant	moving walkway; carousel; conveyor belt
tapis volant	magic carpet
tapis-franc	a low or unsavoury tavern or cabaret; sot-
taquiner la muse	to dabble in poetry, to try one's hand at
tardo-antique	late antique (of or pertaining to Late Ant
tardo-baroque	late Baroque
tardo-gothique	late Gothic
tardo-impérial	late Roman Empire
tardo-médiéval	Late Middle Ages, late medieval
tardo-romantique	late Romantic
tardo-républicain	late Roman Republic
tarier pâtre	European stonechat (Saxicola rubicola)
tarin des aulnes	Eurasian siskin (Spinus spinus)
tarte aux poils	hair pie, fur pie, fur burger, bearded cla
tarte aux pommes	apple pie
tarte flambée	tarte flambée
tarte tatin	tarte Tatin (upside-down cake prepared wit
tarte tropézienne	a dessert, originating in Saint-Tropez, co
tarte à la crème	custard pie; a cliché
tas de ferraille	rustbucket, bucket of bolts (old, neglecte
tasse de thé	cup of tea (tea in a cup); cup of tea, cup of joe (personal taste)
tasse à thé	teacup
tasse-braise	tamper (for pipe)
tatar de crimée	the Crimean Tatar language
tater tot	tater tot
tatou géant	giant armadillo
taupe-grillon	mole cricket
taux d'emploi	employment rate, employment-to-population
taux d'imposition	tax rate
taux d'intérêt	interest rate
taux de change	exchange rate
taux de chômage	unemployment rate
taux de fécondité	fertility rate
taux de mortalité	death rate
taux de natalité	birthrate
taux de pénétration	market penetration
taux de service	service level
taux de transformation	conversion rate
taux de variation	rate of change
taxe carbone	carbon tax
taxe de vente	sales tax
taxe sur la valeur ajoutée	value added tax
taxe sur la vente	sales tax
taxe sur les produits et services	goods and services tax (GST)
taxi partagé	shared taxi
taxi-auto	taxi
taïpan du désert	inland taipan
tchin-tchin	cheers, chin chin (said as a toast to drin
technicien de surface	cleaner (person whose occupation is to cle
techno-bureaucratique	technobureaucratic
tectonique des plaques	plate tectonics
tee-shirt	T-shirt
teint-vin	huckleberry (especially when used to dye w
tel est pris qui croyait prendre	the biter is bit; the tables are turned; s
tel et tel	such-and-such
tel ou tel	one or another, this or that
tel que	such as, like; such that
tel quel	as is, as it is (as they are, etc.)
temple de la renommée	hall of fame
temps additionnel	injury time
temps de chien	bad weather, filthy weather, dreadful weat
temps de cochon	bad weather, filthy weather, dreadful weat
temps de curé	splendid weather
temps de loup	bad weather, dirty weather, filthy weather
temps de parole	speaking time
temps de réaction	reaction time (interval between the recept
temps faible	afterbeat
temps fort	downbeat (accented beat at the beginning o; highlight
temps libre	free time
temps long	longue durée (long period of time during w
temps mort	time-out (in sports); dead time
temps primaire	primary tense
temps primitif	principal part of a verb (any of the forms
temps propre	proper time
temps secondaire	secondary tense
temps universel coordonné	Coordinated Universal Time
temps verbal	tense
température ambiante	room temperature
tempête dans un verre d'eau	tempest in a teapot, storm in a teacup, mu
tempête de neige	snowstorm (bad weather involving blowing w
tempête de sable	sandstorm (strong wind carrying clouds of
tempête hivernale européenne	European windstorm
tenants et aboutissants	Everything connected to, all the ramificat
tendon d'achille	Achilles tendon (strong tendon in the calf
tendre l'autre joue	to turn the other cheek
tendre l'oreille	to prick up one's ears, to pin one's ears
tendre la main	to extend a hand, to offer a helping hand
tendre la perche	to throw a line, to give a helping hand, t; to give an opportunity to talk about
tendre les bras	to reach out to, to welcome with open arms
tendre un rameau d'olivier	to hold out an olive branch (to offer peac
tendu comme un string	very tense, very nervous
tenir au corps	to stick to someone's ribs, to be filling,
tenir au courant	to keep informed, to keep in the loop, to
tenir au jus	to keep informed, to keep in the loop
tenir bon	to hold tight, to hold steady, to hang on,
tenir boutique	to run a shop, to be a shopkeeper
tenir chaud	to keep (someone) warm
tenir compagnie	to keep company
tenir compte	to take into account, to factor in
tenir de	to take after, act similarly to
tenir debout	to hold water, to be valid, to make sense
tenir en compte	to take into account
tenir en estime	to have a good opinion of, to esteem
tenir en haleine	to keep someone on their toes; to keep som
tenir en joue	to hold at gunpoint
tenir en place	to stand still, to stay put
tenir en respect	to keep at bay
tenir en échec	to keep in check, to hold in check, to thw
tenir garnison	to garrison (somewhere)
tenir l'alcool	to hold one's liquor
tenir la balance égale	to be fair, to favour no one
tenir la barre	to be at the helm, to be in command
tenir la boutique	to hold the fort (to assume or take respon
tenir la cadence	to keep up, to keep pace
tenir la caisse	to work the cash register, to be on the ca; to hold the purse strings
tenir la chandelle	to be the third wheel, to play gooseberry
tenir la corde	to be in the inside lane, to stay in the i; to be in an advantageous position
tenir la distance	to go the distance, to cover the distance,
tenir la dragée haute	to confront resolutely
tenir la jambe	to buttonhole, to detain, to keep talking
tenir la route	to hold the road; to hold water, to be valid, to make sense
tenir le bon bout	to be on the right track, to be about to s
tenir le coup	to withstand the weather; to hang tough, to tough it out; to stick i
tenir le crachoir	to hold the floor, to talk a mile a minute
tenir le haut du pavé	to be on top, to occupy the highest social; to set the pace, to lead the way
tenir le loup par les oreilles	to have the wolf by the ear (to be in a da
tenir le pot droit	to hold the fort; to keep house; to keep o
tenir le rythme	to keep up, to keep pace
tenir les cordons de la bourse	to hold the purse strings (to be in contro
tenir les rênes	to hold the reins
tenir lieu	to serve as, to substitute for, to take th
tenir parole	to keep one's word, to deliver the goods
tenir pour acquis	to take for granted
tenir promesse	to keep one's promise
tenir quitte	to absolve someone of something, to let so
tenir rigueur	to blame, to hold (something) against (som
tenir sa langue	to hold one's tongue, to keep quiet
tenir salon	to receive guests, to entertain guests
tenir son rang	to hold one's own (to demonstrate oneself
tenir sur ses jambes	to be able to stand; to be on one's feet
tenir table ouverte	to keep open house (to be ready to welcome
tenir tête	to stand up, to express objection
tenir à	to be attached to; to be joined to (litera; to be attached to (figuratively, emo
tenir à cœur	to be important to, to matter to, to be de
tenir à l'œil	to keep an eye on, to keep tabs on
tenir à quelque chose comme à la prunelle de ses yeux	to hold something very dear, to hold somet
tennis de table	table tennis
tensio-actif	tensioactive
tension artérielle	blood pressure
tension salariale	the difference between the highest and low
tension superficielle	surface tension
tente-abri	pup tent
tenter le diable	to tempt fate, to court disaster
tenter le tout pour le tout	to go for broke
tenter sa chance	to try one's luck, to try
tenue d'adam	birthday suit
tenue d'ève	birthday suit
tenue de route	roadholding
terme technique	technical term
terra rossa	terra rossa
terrain d'entente	common ground, middle ground
terrain de basketball	a basketball court
terrain de chasse	hunting ground
terrain de jeu	playground; pitch, court (place where a sporting event
terrain glissant	minefield
terrain miné	minefield
terrain vague	vacant lot
terrain à bâtir	building plot, building land
terre battue	clay
terre brûlée	scorched earth
terre cuite	terracotta, terra cotta
terre de bruyère	a strongly acidic soil where organic matte
terre diatomée	diatomaceous earth
terre ferme	terra firma
terre promise	the Promised Land (Israel); a Promised Land, a promised land
terre rare	rare earth, lanthanide
terre à foulon	fuller's earth
terre à terre	down-to-earth; that which is concerned with practical day; staying close to the
terre-neuve	Newfoundland dog
terre-neuvien	Newfoundlander (resident or native of Newf; of Newfoundland; Newfoundlander; nat
terre-neuvien-et-labradorien	native or inhabitant of Newfoundland and L
terre-plein	traffic island, central reservation
test de grossesse	pregnancy test
test de niveau	placement test
test de paternité	paternity test
teuf-teuf	clunker, banger (UK), hoopdie (an old or d
texte cible	target text
texte source	source text
texte à trous	fill-in-the-blank exercise, cloze
thon rouge	bluefin tuna
thème astral	astrological chart
thème céleste	astrological chart
thé au lait	milk tea
thé d'aubrac	large-flowered calamint (Clinopodium grand
thé dansant	a dance, an organized event or party with
thé froid	iced tea
thé glacé	iced tea
thé noir	black tea
thé vert	green tea (drink)
thé à la menthe	mint tea
théorie de l'optimalité	optimality theory
théorie des cordes	string theory
théorie des ensembles	set theory
théorie des humeurs	humorism, humoral theory (theory of the in
théorie des jeux	game theory
théorie des nombres	number theory
théorie du complot	conspiracy theory
théorème de pythagore	the Pythagorean theorem
théorème de thalès	intercept theorem, Thales's theorem
thérapie cognitivo-comportementale	cognitive behavioral therapy, CBT
thérapie de conversion	conversion therapy
thérapie génique	gene therapy
thésium des alpes	Alpine bastard toadflax (Thesium alpinum)
thésium des pyrénées	Pyrenean bastard toadflax (Thesium pyrenai
théâtre des opérations	theater of war
ti baume	Indian borage
ti-punch	daiquiri
tibéto-birman	Tibeto-Burman
tic de langage	verbal tic, speech mannerism; filler word
tic-tac	Sound of a mechanism, ticktock
ticket de caisse	cashier's receipt, till receipt
ticket de rationnement	ration stamp (a stamp or card issued by a
ticket-restaurant	meal ticket
tiens donc	oh really? well, well, well! well, well!
tiens tiens	oh really? well, well, well! well, well!
tierce picarde	Picardy third (a major third in the final
tiers de livre	third-pounder; third of a pound (pound-weight): Used othe
tiers payant	third-party payer; system of insurance in which a third party
tiers état	third estate (caste of commoners in France
tiers-monde	Third World (developing countries)
tiers-mondisme	Third-Worldism
tiers-mondiste	third-world; Third-Worldist
tiers-point	summit of an equilateral triangle
tige de selle	seat post, saddle stem
tigre de papier	paper tiger
tigre du bengale	Bengal tiger (Panthera tigris tigris)
tigre à dents de sabre	sabre-toothed tiger
tigre-garou	a weretiger
tiki-taka	tiki-taka
timbre postal	postage stamp; stamp
tir ami	friendly fire
tir de barrage	barrage fire, barrage (heavy curtain of ar; violent attack against something or
tir de semonce	warning shot
tir de sommation	warning shot
tir à l'arc	archery (practice or sport of shooting arr
tirage au sort	lots drawing, drawing of lots; raffle
tirant d'air	air draught
tirant d'eau	draught
tire-au-flanc	a shirker, a skiver, a slacker
tire-bouchonner	Pre-1990 spelling of tirebouchonner
tire-fesse	ski lift, surface lift, platter lift, butt
tire-fond	eyebolt; a large wood screw; (rail transport) wood; a threaded rod used as part
tire-lait	breast pump
tirer au clair	to clear up; shed light on; to set straigh
tirer au flanc	to slack off, to loaf around, to bum aroun
tirer au sort	to draw lots
tirer d'affaire	to pull someone's bacon out of the fire, t; to get out of a bind
tirer d'un mauvais pas	to pull someone's bacon out of the fire, t; to get out of a bind
tirer d'un sac deux moutures	to have one's cake and eat it too
tirer des plans sur la comète	to chase rainbows, to build castles in the
tirer en longueur	to drag on, to be protracted
tirer l'aiguille	to sew
tirer la couverture à soi	to take all the credit, to take more than
tirer la gueule	to sulk, to pout, to be in a huff
tirer la langue	to stick one's tongue out
tirer la sonnette d'alarme	to sound the alarm, to raise the alarm, to
tirer la tronche	to sulk, to pout, to be in a huff
tirer le diable par la queue	to scrape by, to live from hand to mouth,
tirer le portrait	to photograph
tirer les ficelles	to pull the strings, to be in control, to
tirer les marrons du feu	to pull someone's chestnuts out of the fir
tirer les oreilles	to tell off, to lecture, to give (someone); to catch heat, to catch hell
tirer les vers du nez	to worm something out of
tirer parti	to take advantage of, to make the most of,
tirer profit	to take advantage of, to make the most of,
tirer raison	to get reparation
tirer sa crampe	to get one's leg over; to shoot one's load
tirer sa révérence	to bow out, to take one's leave
tirer satisfaction	to get satisfaction; to get reparation
tirer son chapeau	to tip one's hat, to take one's hat off
tirer son plan	to figure it out oneself, to manage, to ha
tirer son épingle du jeu	to play one's cards right; to make it out
tirer sur l'ambulance	to kick someone when they are down
tirer sur la corde	to abuse of a situation, to take advantage; to overdo it, to burn the candle at
tirer sur le messager	to shoot the messenger (to blame a problem
tirer sur le pianiste	to criticise someone who is doing his best
tirer un coup	to get one's leg over; to shoot one's load
tirer un trait	to draw a line; to cross out; to forsake, to kiss goodbye (to) (to give
tirer une carotte	to pull a fast one on, to swindle
tirer une épine du pied	to get out of a tight spot, to help out of
tirer vers le bas	to drag down
tirer vers le haut	to uplift someone, to give someone a boost
tirer à balles réelles	to shoot with live bullets, to fire live a; to launch stinging attacks, to deliv
tirer à boulets rouges	to cast aspersions, to level constant crit
tirer à conséquence	to matter
tirer à la courte paille	to draw straws
tirer à sa fin	to draw to a close, to come to an end, to
tiret bas	underscore
tiret cadratin	em dash
tiret demi-cadratin	en dash
tiroir-caisse	till, cash drawer
tirs au but	penalty shootout; penalties
tiré d'affaire	out of the woods, in the clear, safe and s
tiré par les cheveux	far-fetched
tiré à quatre épingles	very elegant, dressed to the nines, dresse
tisser sa toile	to scheme
tissu cicatriciel	scar tissue
titre au porteur	bearer bond, bearer share
titre de noblesse	title of nobility, noble title
titre de presse	newspaper, press publication
titre de propriété	deed of property, paper title, title deed
titre de séjour	residence permit, green card
titre de transport	ticket, transport ticket
toc toc	knock-knock
toc-toc	knock-knock
todo list	to-do list
toge virile	toga virilis
tohu-bohu	tohu-bohu (commotion, chaos)
toi-même	yourself
toile cirée	oilcloth
toile d'araignée	cobweb
toile de fond	backdrop, background, backcloth (painted s; backdrop, background
toile de jute	burlap, hessian, gunny, jute
toile à sac	sackcloth
toile à voile	sailcloth
toit ouvrant	sunroof (opening in a vehicle roof)
tok pisin	Tok Pisin
toki pona	Toki Pona (language)
tolérance zéro	zero tolerance
tomate cerise	cherry tomato
tomate italienne	Italian tomato
tomber amoureux	to fall in love
tomber comme des mouches	to drop like flies
tomber comme un couperet	to come as a hammer blow
tomber dans l'escarcelle	to fall into someone's hands
tomber dans l'oreille d'un sourd	to fall on deaf ears
tomber dans le lac	to fall through
tomber dans le panneau	to walk into a trap, to fall into the trap
tomber dans les pommes	to pass out, to black out, to keel over, t
tomber dans les vapes	to pass out, to keel over, to faint
tomber de fatigue	to be exhausted, to be asleep on one's fee
tomber de haut	to come down to earth with a bump, to go b
tomber de sa chaise	to be flabbergasted
tomber de sommeil	to be exhausted, to be asleep on one's fee
tomber de son piédestal	to be knocked down a peg, to fall from one
tomber des mains	to be very boring
tomber des nues	to be flabbergasted
tomber des peaux de lièvre	to snow in large flakes, like the white fu
tomber du ciel	to fall into someone's lap, to be a godsen
tomber en discrédit	to fall out of favour, to fall into disrep
tomber en disgrâce	to fall from grace, to fall out of favour
tomber en panne	to break down (to fail)
tomber en quenouille	to fall into the hands of women; to fall into disarray; to fall into disuse
tomber en ruine	to fall into ruin, to go to ruin, to fall
tomber enceinte	to fall pregnant
tomber malade	to fall ill, to take sick
tomber sous le sens	to stand to reason
tomber sur le paletot	to ambush
tomber sur un bec	to hit a snag, to find a fly in the ointme
tomber sur un os	to hit a snag, to find a fly in the ointme
tomber à l'eau	to fall through (to be unsuccessful, come
tomber à la renverse	to be very surprised
tomber à pic	to fall off a steep drop; to arrive just at the right time, to be we
tomber à plat	to fall flat, to go down like a lead ballo
tombé du camion	That fell off a truck: stolen
tombée de la brume	smokefall (close of the day before nightfa
tombée de la nuit	nightfall
tondeuse à gazon	lawnmower
tonneau des danaïdes	Sisyphean task, endless task, like paintin
tonnerre de brest	damn!
tonnerre mes chiens	expression of anger, pain, or surprise: da
too much	too much, excessive, OTT
top-modèle	supermodel
top-secret	top-secret
toque blanchâtre	hoary skullcap (Scutellaria incana) L
torche-cul	asswipe, bogroll (something used to wipe t; asswipe (newspaper)
tord-boyaux	rotgut, hooch
tordre le cou	to wring one's neck, to kill; to bring something to an end quickly, to s
tordre le nez	to turn up one's nose [with à] (to disrega
tornade de feu	firenado (“fire whirl”)
torse nu	barechested, shirtless
torse-poil	barechested (shirtless, without clothes on
tortue verte	green turtle (Chelonia mydas)
touche morte	dead key
touche-à-tout	jack of all trades
toucher de l'herbe	to touch grass
toucher du bois	to knock on wood
toucher du doigt	to touch with one's finger; to be within reach of, to be very close to; to touch
toucher la corde sensible	to hit a raw nerve, to touch a nerve
toucher le fond	to hit rock bottom, to hit the rocks, to b; to sink to a new low
toucher sa bille	to know one's stuff, to know one's onions
toucher terre	to come ashore, to land; to touch down, to land
toucher un mot	to have a word
toucher à sa fin	to draw to a close, to come to an end, to
toujours est-il que	the fact remains that
tour d'abandon	foundling wheel, baby hatch
tour d'horizon	overview, tour d'horizon
tour d'ivoire	ivory tower
tour de babel	tower of Babel (situation where the use of
tour de basque	deception, clever trick, legerdemain, slei
tour de contrôle	control tower
tour de forage	derrick (framework that is constructed ove
tour de force	tour de force
tour de guet	watchtower; fire lookout tower
tour de magie	magic trick
tour de parole	turn to speak, speaking turn, chance to sp
tour de passe-passe	sleight of hand, fiddle, trick
tour de poitrine	bust measurement, bust size, chest size
tour de potier	potter's wheel, kick wheel
tour de refroidissement	cooling tower
tour de reins	sprained back, lumbago, backache
tour de scrutin	ballot, round of voting
tour de siège	siege tower
tour de table	introduction, presentation of every partic; act of eliciting/collecting the opin
tour de taille	waistline
tour de vis	restriction
tour du chapeau	hat trick
tour du poteau	the act of crossing an international borde
tour du silence	tower of silence (low, cylindrical, open-t
tour à plomb	shot tower
tour à tour	by turns, in turn, alternately
tour-lanterne	lantern tower (tower built over the juncti
touret à meuler	bench grinder
tourisme de catastrophe	disaster tourism (the practice of visiting
tourisme spatial	space tourism
tourisme vert	ecotourism
tourne-disque	record player, turntable
tourner au vinaigre	to go sour
tourner autour du pot	to beat around the bush
tourner bride	to do a U-turn, to turn around, to turn ta
tourner casaque	to turn one's coat, to be a turncoat, to c
tourner comme un lion en cage	to bounce off the walls, to pace up and do
tourner court	to stop suddenly, come to a sudden end
tourner de l'œil	to pass out, to keel over, to faint
tourner en dérision	to ridicule, to make mock of
tourner en ridicule	to ridicule somebody; to mock
tourner en rond	to go round in circles, to not make any he
tourner la page	to turn the page, to move on
tourner le dos	to turn one's back on, to turn away from
tourner les talons	to turn on one's heel, to turn tail
tourner sa langue sept fois dans sa bouche	to think carefully (before one speaks); to
tourner à vide	to tick over, to idle, to run idle; to spin one's wheels, to go round in circl
tournesol américain	tree marigold
tournesol du mexique	tree marigold Tithonia diversifolia (Hemsl
tournesol mexicain	tree marigold
tournure de phrase	turn of phrase, turn of words
tournée du patron	round of drinks on the house
tournée générale	round (an instance of buying drinks to eve
tourte voyageuse	passenger pigeon (an extinct bird of the s
tourterelle des bois	European turtle dove (Streptopelia turtur)
tourterelle turque	the Eurasian collared dove
tourtière du lac-st-jean	a variant of tourtière with thicker crust,
tous aux abris	take cover! go to the shelters!
tous deux	both
tous droits réservés	all rights reserved
tous frais payés	all-expenses-paid; all expenses paid
tous les chemins mènent à rome	all roads lead to Rome; there's more than
tous les coups sont permis	no holds barred
tous les deux	both
tous les goûts sont dans la nature	there's no accounting for taste; to each h
tous les jours	daily (every day)
tous les jours que dieu fait	every day, every blessed day
tous les quatre matins	Very often
tout au moins	at the very least, at a minimum; in any case, at any rate, either way, anyw
tout au plus	at most, tops, at the very most, at the ou
tout bas	quietly, in a whisper, sotto voce
tout bien considéré	all in all, all things considered; then again, on second thought
tout bien pesé	all things considered; on second thought
tout bien réfléchi	on second thought; all things considered
tout ce qui brille n'est pas or	all that glitters is not gold
tout chose	out of sorts, weird, funny, odd
tout comme	as well as; almost the same (thing)
tout compte fait	all in all, all things considered; then again, on second thought
tout court	just; only (without any additions)
tout craché	all over; typical
tout d'un coup	all of a sudden, all at once; suddenly; ab; in one fell swoop, all at once
tout de go	straight out, bluntly
tout de même	similarly, likewise; all the same, anyway, nevertheless; finally; about time
tout de suite	immediately, right away; without interruption
tout droit	to the front; straight ahead
tout est bien qui finit bien	all's well that ends well
tout est bon dans le cochon	waste not, want not; everything has its us
tout est dit	everything has been said, there's nothing
tout et n'importe quoi	everything, anything (without discriminati
tout fait	ready-made, pre-prepared; cut and dried; preconceived, fixed; trite, clichéd, ha
tout feu tout flamme	raring to go, very enthusiastic
tout fout le camp	it's all falling apart, it's all going to
tout haut	aloud, out loud
tout l'or du monde	all the tea in China
tout le monde	everyone, everybody
tout le plaisir est pour moi	the pleasure is all mine, my pleasure
tout le temps	all the time; (very) often; constantly; all the time
tout le toutim	all of it, the rest of it
tout mouillé	soaking wet (at most, as a maximum)
tout ou rien	all or nothing
tout ouïe	all ears
tout plein	very, real, extremely
tout seul	all alone, alone, by oneself; alone, all by oneself
tout sourire	all smiles
tout travail mérite salaire	the laborer is worthy of his hire (all wor
tout un chacun	everyone, everybody
tout vient à point à qui sait attendre	good things come to those who wait
tout à coup	all of a sudden, out of the blue
tout à fait	entirely, exactly, quite; certainly, definitely (emphatic yes)
tout à l'heure	earlier; later
tout à la fois	rolled into one, all at once; both
tout ça	all that
tout ça ne nous rendra pas le congo	it's all very well, but it doesn't do us a
tout ça pour ça	all that fuss for nothing
tout-petit	little one
tout-puissant	almighty, all-powerful, omnipotent (unlimi
tout-terrain	off-road, all-terrain; off-roader, four-wheel drive
tout-à-l'égout	mains drainage, mains sewerage
toute affaire cessante	right away, forthwith, immediately
toute la sainte journée	all day long, all the livelong day
toutes choses égales par ailleurs	all things being equal, all else being equ
toutes distances gardées	with all differences being taking into acc
toutes les bonnes choses ont une fin	all good things come to an end
toutes proportions gardées	mutatis mutandis, making due allowance, ke
toutes voiles dehors	in full sail, at full sail, full sail (mak; using all available means
toux grasse	wet cough, loose cough, chesty cough, prod
toux sèche	dry cough
toxine botulique	botulinum toxin
trace de freinage	skidmark (long black mark left on a road s; skidmark (visible feces stain left o
trachée-artère	windpipe
trachéo-bronchite	tracheobronchitis
tracteur-tondeuse	riding mower
traduction assistée par ordinateur	computer-aided translation
traduction automatique	machine translation
traduction à vue	sight translation
traduire en justice	to arraign, to bring to justice
trafic d'influence	traffic of influence, trading in influence
train d'atterrissage	landing gear
train de marchandises	goods train, freight train
train de sénateur	snail's pace, stately pace, solemn gait
train de vie	lifestyle (related to financial means, to
train de voyageurs	passenger train
train fantôme	ghost train (fairground attraction); ghost train (unmanned train in motion)
train ultraléger	ultra light rail
train à grande vitesse	a high-speed train
train à vapeur	steam train
train électrique	train set
train-train	routine, drudge, grind; same old same old
trait d'esprit	quip, witticism, witty remark, flash of wi
trait d'union	hyphen
trait de caractère	character trait, personality trait
trait pour trait	exactly, line for line
traite négrière	African slave trade
traitement de faveur	preferential treatment
traitement de texte	word processing
traiter comme de la merde	to treat like shit, to treat like dirt
traiter de tous les noms	to call someone names, to call someone all
traité de paix	peace treaty
tram ultraléger	ultra light rail
tranche d'âge	age group; age bracket
tranche de vie	slice of life (literary work presenting da
trancher le nœud gordien	to cut the Gordian knot
tranquillité d'esprit	peace of mind
transfert érotique	erotic transference
transformation de fourier	Fourier transform
transformation de laplace	Laplace transform
transition de phase	phase transition (ransition between thermo
transition énergétique	energy transition
transport en commun	public transport
transport public	public transport
transporteur de vrac	bulk carrier, bulker
traquet pâtre	European stonechat (Saxicola rubicola)
travail alimentaire	a job that someone does only for money, an
travail au noir	moonlighting, undeclared work
travail d'arabe	poorly, lazily executed work
travail d'intérêt général	community service
travail d'orfèvre	precision work; work of craftsmanship, fine work
travail d'équipe	teamwork
travail de bureau	office work, deskwork; office job, desk job
travail de bénédictin	yeoman's service, yeoman's work
travail de cochon	botched job, hack job, sloppy work, botch
travail de fourmi	yeoman's service, yeoman's work
travail de romain	yeoman's service
travail de titan	colossal task, gargantuan task, Herculean
travail des enfants	child labour (work performed by a minor th
travail forcé	forced labor
travail à la chaîne	assembly-line work
travailler au corps	to beat up (to assault with repeated blows; to wear down, to hound, to pressure,
travailler comme un forçat	to work like a dog, to work like a mule, t
travailler comme un nègre	to work one's fingers to the bone, to work
travailleur du savoir	knowledge worker
travailleur du sexe	sex worker
travailleur immigré	guest worker, migrant worker
travailleur saisonnier	seasonal worker
travailleuse du sexe	female sex worker
travaux des champs	fieldwork (work done out in the fields)
travaux forcés	hard labor (penal)
travaux pratiques	practical, tutorial (lesson prepared so th
travelling contrarié	dolly zoom
traverser l'esprit	to cross someone's mind, to spring to mind
traîner dans la boue	to drag through the mud
traîner la patte	to drag one's feet
traîner la savate	to idle, to bum around
traîner les pieds	to drag one's feet
traîner ses guêtres	to hang about, to knock around
treize à la douzaine	in spades, in very large quantities
treize-cents	thirteen hundred
treizième mois	extra month's salary, annual bonus equal t
tremblement de terre	earthquake
trembler comme une feuille	to shake like a leaf
tremper ses lèvres	to take a sip
tremper son biscuit	to dip one's wick (of a man)
trempé comme une soupe	drenched to the skin, soaked to the skin,
trench-coat	trench coat
trente et un	thirty-one
trente et unième	thirty-first
trente sous	quarter (coin worth twenty-five cents)
trente-a	thirty all
trente-cinquième	thirty-fifth
trente-deuxième	thirty-second
trente-douze	an indefinite large number: umpteen, eleve; forty-two
trente-huit	thirty-eight
trente-huitième	thirty-eighth
trente-neuvième	thirty-ninth
trente-sixième	thirty-sixth
trente-sixième dessous	a very miserable situation, a very dark pl
trente-trois	thirty-three
trente-troisième	thirty-third
tresser des couronnes	to heap praise on, to sing the praises of,
tresser des lauriers	to heap praise on, to sing the praises of,
tri à bulles	bubble sort
triangle amoureux	love triangle
triangle de sécurité	warning triangle
triathlon d'hiver	winter triathlon (a three-sport three-leg
tribo-électricité	triboelectricity
tribo-électrique	triboelectric
tribun de la plèbe	tribune of the plebs
tribunal de commerce	commercial court, business court, bankrupt
tribunal de première instance	court of first instance
tricot de corps	vest (UK), undershirt (US)
trier sur le volet	to handpick, to select carefully by strict
tripes à la mode de caen	a recipe from Normandy made from the four
triple buse	dimwit, nitwit (used as a mild insult)
triple croche	thirty-second note
triple jeu	triple play
triple saut	triple jump
triplet pythagoricien	Pythagorean triple
triste sire	unsavory individual; killjoy
triton rugueux	rough-skinned newt, roughskin newt (Tarich
troglodyte mignon	Eurasian wren (Troglodytes troglodytes)
trois cents	three hundred
trois fois rien	next to nothing (very little)
trois francs six sous	very little money, peanuts, chicken feed
trois pelés et un tondu	one man and his dog (virtually nobody)
trois-centième	three-hundredth
trois-cents	three hundred
troisième art	third art
troisième but	third base; third baseman
troisième classe	third class; third-class passenger, soldier etc.
troisième ligne	back row
troisième personne	third person (all meanings)
troisième rail	third rail (the electrified rail that runs
troisième âge	third age, later life, twilight years, old
trombe marine	a waterspout; a whirlwind over water; a to
trombe terrestre	a landspout; a whirlwind over land; a mini
trompe d'eustache	Eustachian tube
trompe de chasse	hunting horn
trompe de fallope	Fallopian tube
trompe-la-mort	daredevil (person who engages in very risk
trompe-oreilles	a phrase using wordplay in order to be dif
trompette de la mort	black chanterelle (Craterellus cornucopioi
trompette du jugement dernier	Brugmansia suaveolens (Humb. & Bonpl. ex W
tronc commun	core curriculum (courses or other componen
tronc cérébral	brain stem
tronche d'enterrement	long face, gloomy expression
tronche de cake	dickhead, cockface, fuckface
trop beau pour être vrai	too good to be true
trop c'est trop	enough is enough!
trop de	excessive, (an excess of)
trop-plein	overflow, surplus, excess; overflow of a toilet, sewer, etc.
trotter dans la tête	to go through someone's mind, to go throug
trou blanc	white hole
trou d'air	air pocket
trou d'eau	waterhole
trou d'homme	manhole
trou d'un coup	hole in one
trou dans la raquette	chink in the armor; glitch in the Matrix
trou de balle	bung-hole, asshole (anus); asshole, jerk
trou de la sécu	social security budget deficit, gap in the
trou de mémoire	memory lapse, brain cramp, brain fart; sen
trou de nez	nostril
trou de souris	mousehole; postage stamp (very exiguous place)
trou de ver	wormhole
trou du cul	asshole (anus); asshole, jerk; a card game, also called président
trou du cul du monde	the arse end of nowhere, the middle of bum
trou en un	hole in one
trou noir	black hole (celestial body)
trou normand	eau-de-vie, especially calvados, served as
trou paumé	jerkwater town, one-horse town, wide spot
trou perdu	jerkwater town, one-horse town, wide spot
trou à rats	rathole (squalid place of residence)
trouble bipolaire	bipolar disorder
trouble de l'humeur	affective disorder, mood disorder
trouble de l'érection	erectile dysfunction
trouble de la mémoire	memory disorder
trouble de la personnalité	personality disorder
trouble de la personnalité narcissique	narcissistic personality disorder
trouble de la personnalité paranoïaque	paranoid personality disorder
trouble de la personnalité schizotypique	schizotypal personality disorder
trouble de la personnalité évitante	avoidant personality disorder
trouble des conduites alimentaires	eating disorder
trouble du comportement	behavioural disorder
trouble du déficit de l'attention avec ou sans hyperactivité	attention deficit hyperactivity disorder
trouble du sommeil	sleep disorder
trouble mental	mental disorder
trouble obsessionnel compulsif	obsessive-compulsive disorder (OCD)
trouble-fête	spoilsport
trouer le cul	to be a shocker (to), to gobsmack, to asto; to piss off, to annoy the hell out o
trousse de secours	first-aid box, first aid kit
trousse de toilette	washbag, (UK) toilet bag, toiletry bag, to
trouver chaussure à son pied	to find what one is looking for, to find w; to find one's special someone, to fi
trouver grâce	to find favour
trouver la mort	to lose one's life; to die, especially whe
trouver le joint	to find the key to a problem or difficulty
trouver le temps long	to get bored, to be bored, to feel like ti
trouver porte close	to find no one at home
trouver preneur	to find a buyer, find a taker
trouver sa voie	to find one's path in life
trouver ses marques	to find one's feet
trouver son bonheur	to find what one was looking for, what one
trouver son compte	to do well out of, to find one's account i
trouver son maître	to meet one's match, to find one's better
trouver visage de bois	to find no one at home
trouver à qui parler	to find one's match, to meet one's match,
trouver à redire	to find fault
truc de dingue	crazy stuff
truc de fou	crazy stuff
truc de ouf	crazy stuff
truite arc-en-ciel	rainbow trout (Oncorhynchus mykiss syn. Sa
truite fario	brown trout
trèfle des prés	red clover (Trifolium pratense)
trèfle violet	red clover (Trifolium pratense)
trèfle à quatre feuilles	four-leaf clover
très bien	very good, very well; excellent; naturally, well, with good reason (emphati
très honorable	right honourable
très peu pour moi	not for me! no thanks! no thank you! it's
trésor de guerre	war chest (fund to finance a war)
trésorier-payeur général	paymaster
trêve de plaisanterie	enough joking; on a more serious note
tsunami de glace	ice tsunami
tu as ou tu vas	used to disambiguate sentences like “j'ai
tu l'as dit	you said it, you don't say, you can say th
tu l'as dit bouffi	you said it, you don't say, you can say th
tu m'en diras des nouvelles	I'm sure you'll like it! You won't regret
tu m'en diras tant	oh really?
tu m'en vois ravi	I'm so pleased! I'm so glad!
tu m'étonnes	it figures, you don't say, no kidding, tel
tu me manques	I miss you
tu parles	you must be joking!, yeah right! (expresse
tu parles de	what
tu peux parler	look who's talking! you're one to talk! yo
tu quoque mi fili	et tu, Brute? (expression of betrayal)
tu sais	you know
tu sais quoi	you know what? (a phrase used to get someo
tu vas voir ce que tu vas voir	just you wait!
tu veux rire	you gotta be joking! you must be kidding!
tube cathodique	cathode ray tube, picture tube
tube digestif	digestive tract
tube pollinique	pollen tube
tube à essai	test tube
tuberculose miliaire	acute miliary tuberculosis
tue-l'amour	turn-off, passion killer, boner-killer, mo; off-putting, unsexy
tuer dans l'œuf	to nip in the bud (literally, “to kill in
tuer la poule aux œufs d'or	to kill the goose that lays the golden egg
tuer le messager	to shoot the messenger (to blame a problem
tuer le temps	to kill time
tuer le veau gras	to kill the fatted calf (to begin a festiv
tuer une mouche avec un canon	to use a sledgehammer to crack a nut
tuerie de masse	mass murder, mass killing
tueur de masse	mass murderer
tueur en série	serial killer
tueur à gages	hitman, contract killer
tuit-tuit de la réunion	Réunion cuckooshrike (Lalage newtoni (Poll
tulle gras	a type of bandage that consists of fabric
tunique de nessus	Nessus shirt
turbine à combustion	gas turbine
turbine à gaz	gas turbine
turbine à gaz de combustion	gas turbine
turbot pan	a cylindrical metallic pan, designed for c
turc ottoman	Ottoman Turkish; Ottoman Turkish (language)
turco-mongol	Turco-Mongol
turco-persan	Turko-Persian
type générique	generic type
tyroglyphe de la farine	flour mite (Acarus siro)
tâter le terrain	to test the waters, to put out feelers, to
tégénaire des murs	cardinal spider (Tegenaria parietina)
tégénaire domestique	domestic house spider (Tegenaria domestica
tégénaire géante	giant house spider (Eratigena duellica)
tégénaire noire	giant house spider (Eratigena atrica)
télé-poubelle	trash TV, junk TV
télékie superbe	heart-leaved oxeye (Telekia speciosa)
téléphone arabe	Chinese whispers (game)
téléphone cellulaire	cellular telephone / cellphone
téléphone fixe	landline (telephone connected by such a fi
téléphone intelligent	smartphone
téléphone mobile	mobile phone
téléphone portable	cellphone, mobile phone
téléphone rose	phone sex
téléphone sans fil	cordless telephone
télévision par câble	cable television (television received thro
témoin de jéhovah	Jehovah's Witness (member of the Jehovah's
témoin de navigation	cookie; cookie
témoin oculaire	eyewitness
ténébrion meunier	mealworm beetle (Tenebrio molitor)
tétrahydruroaluminate de lithium	lithium aluminium hydride
tête baissée	headlong (with the head first or down); recklessly, rashly, impetuously
tête blonde	little child, little kid, little nipper
tête brûlée	daredevil, adrenaline junkie, foolhardy pe
tête carrée	stubborn, pigheaded, or hardheaded man; Anglophone (especially from an Anglophon
tête chercheuse	homing device
tête d'affiche	top of the bill
tête d'enterrement	long face, gloomy expression
tête d'épingle	pinhead
tête de bourrique	stubborn person, pigheaded person
tête de cul	fuckface
tête de gondole	island display, end display, endcap (produ
tête de linotte	birdbrain; scatterbrain, flibbertigibbet
tête de liste	top of the list; chief candidate
tête de mort	skull and crossbones, death's-head (human
tête de mule	stubborn person, pigheaded person
tête de nègre	a chocolate teacake
tête de nœud	dickhead (unintelligent person)
tête de pont	bridgehead; beachhead; airhead (area of ho
tête de turc	whipping boy, fall guy, patsy
tête en l'air	scatterbrain; absent-minded, scatterbrained
tête nue	bareheaded
tête pensante	person who is responsible for the intellec
tête à claques	pain in the neck, blighter (a person so an
tête à queue	Signifying the reversal of order, where th
tête à toto	zero; a prostitute who has not had a single clie
tête-bêche	head to foot, top to tail, head-to-tail; w; a pair of tête-bêche stamps
tête-de-violon	fiddlehead (fern)
tête-à-queue	a spin, an instance of spinning round
tête-à-tête	tête-à-tête, head-to-head
têtu comme une mule	stubborn as a mule
tôt ou tard	sooner or later
ultima thulé	ultima Thule
ultime avertissement	the recourse to the use of limited, sub- o
ultime thule	ultima Thule; alternative form of ultime T
ultime thulé	ultima Thule; alternative form of ultima T
ultra-catho	a Catholic extremist; relating to Catholic extremism
ultra-patriotisme	ultrapatriotism
ultra-royaliste	ultraroyalist
ultra-secret	top-secret
ultra-sonique	ultrasonic
ultra-sonore	ultrasonic
ultra-transformé	ultra-processed
un ange passe	used to indicate that one has noticed a lo
un autre	another, a different; another one, a different one
un contre un	one-on-one
un de ces jours	one of these days, some day soon, sometime
un de ces quatre	one of these days, some day soon, sometime
un de ces quatre matins	one of these days, some day soon
un esprit sain dans un corps sain	a healthy body is a healthy mind
un grand merci	thank you very much, thanks a lot
un homme averti en vaut deux	forewarned is forearmed
un homme à la mer	man overboard!
un jour	one day, someday (at unspecified time in t
un jour ou l'autre	one day, one of these days
un mal pour un bien	necessary evil; blessing in disguise
un malheur n'arrive jamais seul	it never rains but it pours
un malheur ne vient jamais seul	it never rains but it pours; misfortunes n
un mauvais ouvrier a toujours de mauvais outils	a bad workman always blames his tools
un max	a lot
un par un	one at a time; one by one
un peu	a little, a bit; used to soften an order or casualize a sta
un peu mon neveu	hell yeah, totally, absolutely
un poil	a mite, a tad (a little, a bit)
un point c'est tout	and that's final, and that's that, and tha
un point fait à temps en épargne cent	a stitch in time saves nine
un rien	a mite, a tad (a little, a bit)
un tant soit peu	a tiny bit, the least bit, the slightest b
un tel	so-and-so
un tiens vaut mieux que deux tu l'auras	a bird in the hand is worth two in the bus
un train peut en cacher un autre	there may be more than meets the eye
un trou c'est un trou	any hole's a goal (any person is good to f
un à un	one at a time; one by one
un-e	1, one: gender-neutral neologism for un m
un-e-s	1s, ones: gender-neutral neologism for uns
une chatte n'y retrouverait pas ses petits	it's a total mess
une fois	once, one time; once, as soon as
une fois n'est pas coutume	doing it once is all right, but let it not
une fois pour toutes	once and for all (finally, permanently, co
une fois toutes les lunes	once in a blue moon (very rarely or never)
une hirondelle ne fait pas le printemps	one swallow does not a summer make
une image vaut mille mots	a picture is worth a thousand words, seein
une-deux	one-two
union civile	civil union (legal relationship between a
union sacrée	a sacred union; but especially a Roman Cat
unique en son genre	one of a kind
unité astronomique	astronomical unit (symbol ua)
unité centrale	computer's central processing unit, comput
unité d'action	unity of action (the rule, in classical th
unité de compte	unit of account (standard numerical moneta
unité de lieu	unity of place (the principle, in classica
unité de mesure	unit of measure
unité de production	unit of production; production cost centre
unité de sens	meaning unit
unité de temps	unit of time; unity of time (classical unity that states
unité de vente	unit of sale
univers parallèle	parallel universe
uranium appauvri	depleted uranium (uranium that contains a
uranium enrichi	enriched uranium (uranium enriched with a
urne électorale	ballot box
us et coutumes	habits, customs, mores, traditions, custom
usager faible	vulnerable road user (pedestrian, cyclist,
usine à gaz	gasworks; Rube Goldberg machine, Heath Robinson mach
usurpation d'identité	identity theft (the fraudulent appropriati
usé jusqu'à la corde	threadbare, worn-out
utilisateur final	end user
utilité publique	public interest, common good
va chier	go fuck yourself! fuck off!
va savoir	who knows? go figure
va savoir pourquoi	go figure!
va te faire enculer	go fuck yourself!, fuck off!, get fucked!,
va te faire foutre	go get fucked!; go fuck yourself!; fuck yo
va te faire voir	get lost!
va voir ailleurs si j'y suis	buzz off
va-et-vient	comings and goings, toing and froing; back and forth, in and out, up and down, t
va-nu-pieds	tramp, homeless person
va-t-en-guerre	hawkish, bellicose; hawk, warmonger
vache de mer	sea cow
vache folle	mad cow
vache sacrée	taboo subject, sacred cow (something which
vache à lait	milk cow, milch cow, dairy cow; cash cow (something that generates free ca
vache-garou	werecow
vacher luisant	shiny cowbird (Molothrus bonariensis)
vacherin glacé	vacherin glacé (a cake-shaped dessert made
vaches grasses	abundance, prosperity
vaches maigres	scarcity
vague coréenne	Hallyu, the Korean Wave
vague de chaleur	heat wave, hot spell
vague de froid	cold snap, cold wave
vague scélérate	rogue wave, killer wave
vague à l'âme	sadness, melancholy, dumps
vaille que vaille	as best one can, somehow
vaisseau amiral	flagship (ship occupied by the fleet's com
vaisseau du désert	ship of the desert (camel)
vaisseau sanguin	blood vessel
vaisseau spatial	spaceship (vehicle that flies through spac
valet d'écurie	groom, stableboy
valet de pied	footman
valeur absolue	absolute value (numerical value of a real
valeur ajoutée	value added (amount by which the value of; utility, use, added value (positive v
valeur d'usage	value in use, use value
valeur d'échange	value in exchange, exchange value
valeur de marché	market value
valeur de vérité	truth value (value indicating to what exte
valeur faciale	par value, face value, stated value
valeur marchande	market value
valeur mobilière	security
valeur nominale	par value, face value, stated value
valeur propre	eigenvalue
valeur sentimentale	sentimental value (the personal value of a
valeur sûre	a sound investment, a time-tested asset; a
valeur vénale	market value
valises sous les yeux	bags under the eyes; eyebags
valoir de l'or	to be very valuable; to be worth seeing
valoir la peine	to be worth the trouble; to be worth it; t
valoir le coup	to be worth it; to be worthwhile; to be wo
valoir le coup d'œil	to be worth seeing, to be worth the trip,
valoir le détour	to be worth seeing, to be worth the trip,
valoir mieux	to be better, to be preferrable
valoir son pesant d'or	to be worth one's weight in gold
valse musette	type of waltz played at a bal musette
valse viennoise	Viennese waltz (dance)
vapeur d'eau	water vapor, steam
variable d'ajustement	adjustment variable; decision variable
variable de classe	class variable
variable dépendante	dependent variable (in an equation, the va
variable indépendante	independent variable (in an equation, any
varier les plaisirs	to ring the changes
variole du singe	monkeypox, mpox
variole simienne	monkeypox, mpox
vas-y	go ahead; go on
vase communicant	communicating vessel
vase d'expansion	surge tank
vaso-constricteur	vasoconstrictive; vasoconstrictor
vautour moine	the Eurasian black vulture
veau d'or	golden calf; golden calf (money, wealth)
vecteur propre	eigenvector
veille concurrentielle	competitive intelligence (the systematic c
veiller au grain	to be on guard for a sudden, violent gust; to keep an eye on things, to look out
veillée de noël	Christmas Eve; the night before Christmas
veine porte	portal vein (short, wide vein located in t
velours côtelé	corduroy
velours d'utrecht	Utrecht velvet
veloutier blanc	velvetleaf soldierbush
veloutier bord de mer	velvetleaf soldierbush
veloutier de mer	velvetleaf soldierbush
vendeur de rue	hawker (selling goods to passers-by)
vendre du rêve	to sell hope, to peddle snake oil, to be a; to be the stuff dreams are made of,
vendre la mèche	to spill the beans, let the cat out of the
vendre père et mère	to sell one's own grandmother (used to say
vendre son corps	to sell one's body
vendre son âme au diable	to sell one's soul to the devil
vendredi fou	Black Friday (shopping day in November)
vendredi noir	Black Friday
venir au monde	to be born
venir aux nouvelles	to find out what's going on, to come see w
venir avec	to come along, come with, join
venir de	to come from, to be from, to originate fro; to have just done
venir du cœur	to come straight from the heart, to be hea
venir en aide	to come to someone's aid
venir en âge	to come of age, (specifically) to turn twe
venir à bout	to overcome, to manage to finish
venir à l'esprit	to spring to mind, to come to mind, to cro
vent arrière	tailwind, following wind
vent debout	strongly opposed
vent dominant	prevailing wind
vent interstellaire	solar wind
vent solaire	solar wind
vent stellaire	stellar wind
vent travers	beam reach
vente aux enchères	auction (public event where goods or prope
vente de garage	garage sale
vente pyramidale	pyramid scheme
venter à décorner les bœufs	to be extremely windy
ventre affamé n'a point d'oreilles	words are wasted on a starving man; a hung
ventre mou	weakness, weak spot, soft underbelly
ventre sur pattes	walking stomach, stomach on legs (person w
ventre à pattes	walking stomach, stomach on legs (person w
ventre à terre	at full tilt, at full pelt
ventro-ventral	ventroventral
venue au monde	coming into the world, birth
ver de farine	mealworm
ver de terre	earthworm
ver luisant	firefly; glowworm
ver solitaire	tapeworm
ver à soie	silkworm
ver à soie tussah	Antheraea pernyi
verbe absolu	a transitive verb that can be used without
verbe actif	active verb (verb with which the subject e
verbe auxiliaire	auxiliary verb
verbe d'action	dynamic verb
verbe d'état	stative verb (verb that expresses a state
verbe de mouvement	verb of motion
verbe de perception	verb of perception, perception verb (verb
verbe faible	weak verb (verb with regular conjugation i
verbe fort	strong verb (verb with irregular conjugati
verbe impersonnel	impersonal verb (verb that only conjugates
verbe intransitif	intransitive verb (verb that never has a d
verbe irrégulier	irregular verb (verb with irregular conjug
verbe léger	light verb (verb without lexical meaning,
verbe mixte	mixed verb (in German, verb whose root und
verbe passif	passive verb (verb with which the subject
verbe pronominal	pronominal verb, reflexive verb (verb that
verbe réfléchi	reflexive verb
verbe régulier	regular verb (verb with regular conjugatio
verbe simple	simple verb (verb without separable partic
verbe transitif	transitive verb (verb governing at least o
verbe à particule	phrasal verb (compound word made up of a c
verge d'or	goldenrod (Solidago)
verge d'or géante	giant goldenrod (Solidago gigantea)
vergerette de karvinski	Karwinsky's fleabane
vergerette de karwinski	Karwinsky's fleabane (Erigeron karvinskian
vergerette du canada	Canadian horseweed (Erigeron canadensis)
vernis à ongles	nail polish
verre doseur	measuring cup
verre à shot	shot glass
verrouillage gravitationnel	tidal locking (the locking of the rotation
vers libre	free verse
version d'auteur	director's cut
vert de colère	livid, furious, beside oneself with anger
vert de jalousie	green with envy
vert de peur	scared to death, white as a sheet, terrifi
vert de rage	livid, furious, beside oneself with anger
vert galant	person who hides in the woods to ambush pa; womanizer, lady's man who is no long
vert pomme	apple-green
vert-de-gris	verdigris (blue-green patina on copper and
vertu cardinale	cardinal virtue
vertèbre cervicale	cervical vertebra
vesse-de-loup	puffball
veuve de guerre	war widow (wife of a person in the armed f
veuve noire	black widow (arachnid); black widow (woman who kills)
veuve trans	trans widow
via ferrata	via ferrata (protected climbing route)
viande blanche	white meat (meat whose color, either befor
viande fumée	smoked meat (meats that have been smoke-cu; smoked meat (Montreal-style smoked m
viande hachée	ground meat, minced meat
viande noire	dark meat (meats that are dark, due to hig
viande rouge	red meat (meats such as beef that are dark
vice caché	latent defect, hidden defect
vice de forme	formal defect, irregularity, technical fla
vice de procédure	formal defect, irregularity, technical fla
vice versa	vice versa
vice-amiral d'escadre	lieutenant-admiral; a naval rank below ful
vice-consul	vice-consul
vice-présidence	vice-presidency
vice-recteur	vice-rector
victoire à la pyrrhus	Pyrrhic victory (very costly victory, wher
vide intersidéral	interstellar void, interstellar medium; something completely devoid of any subst
vide juridique	legal vacuum
vide sanitaire	crawl space
vide ventilé	crawl space
vide-couilles	cumdump, cum dumpster
vide-grenier	garage sale
vide-ordures	garbage chute
vide-poche	valet tray; trinket dish; compartment (in door or central console of
vide-pomme	apple-corer
vider les arçons	to dismount (to leave the saddle)
vider les couilles	to empty the balls; to empty one's balls
vider les lieux	to vacate the premises, to vacate the prop; to pack one's bags, to get ready to
vider son sac	to get something off one's chest, to pour
vidéo-jeu	video game
vidéosurveillance algorithmique	AI-powered video surveillance
vie active	working life (period of one's life spent i
vie amoureuse	love life
vie après la mort	afterlife, life after death (conscious exi
vie de chien	dog's life (miserable life)
vie de château	life of Riley
vie de cocagne	life of Riley, good life (life of ease, pl
vie de patachon	life in the fast lane
vie nocturne	nightlife (social activities or entertainm
vie privée	private life; privacy
vie quotidienne	everyday life, day-to-day life, daily life
vie réelle	real life; real world
vie sexuelle	sex life
vie sociale	social life (interpersonal relationships t
vieil irlandais	the Old Irish language
vieil islandais	Old Icelandic (another name for Old Norse)
vieille branche	old chap, old friend, bugger (affectionate
vieille chouette	old hag, old bag
vieille fille	spinster, old maid
vieille france	traditional, old-fashioned, conservative,
vieille garde	the old guard
vieille mère	old female servant in China
vieille peau	elderly person; old hag, old bag
vieille ville	old town (historic district of a city or t
vieille école	the old school; the old-school way, the tr
vieilles lunes	old-fashioned ideas, outdated ideas, hackn
vielle à roue	hurdy-gurdy (stringed instrument)
vieux breton	Old Breton (language)
vieux briscard	old sweat, old hand (someone experienced i
vieux comme hérode	older than dirt
vieux comme le monde	older than dirt, old as the hills, old as
vieux comme les chemins	old as the hills, old as time
vieux comme mathusalem	older than dirt
vieux crabe	old sweat, old hand (someone experienced i
vieux croûton	an old fart
vieux de la vieille	veteran, old hand, old-timer, old-school o
vieux gallois	Old Welsh
vieux jeu	old-fashioned (of persons, manners)
vieux jours	old age (of a person)
vieux norrois	Old Norse language
vieux néerlandais	the Old Dutch language
vieux perse	Old Persian
vieux renard	sly old fox, sly old dog
vieux riche	vieux riche, old money
vieux routier	old sweat, old hand (someone experienced i
vieux russe	Old Russian, Old East Slavic
vieux-perse	Old Persian
vif comme un écureuil	very lively, very quick
vif d'esprit	quick on the uptake, quick-witted
vif-argent	quicksilver; mercury; rapidness, agility
vigne vierge	Virginia creeper
vignes du seigneur	vineyard of the Lord
vilain petit canard	ugly duckling; black sheep
village potemkine	Potemkin village
ville fantôme	ghost town
ville morte	general strike; a town shut down by a general strike
ville nouvelle	new town
ville satellite	satellite town
ville universitaire	college town, university town (town or cit
ville-dortoir	dormitory town, bedroom community
ville-monde	global city
vin blanc	white wine
vin bleu	plonk
vin d'honneur	wine reception (buffet with drinks provide
vin de copeau	wine in which woodchips have been soaked i
vin de garde	wine for laying down, ageable wine
vin de glace	icewine (alcoholic beverage made from grap
vin de maison	house wine
vin de messe	altar wine
vin de palme	palm wine
vin de pays	country wine
vin de riz	rice wine
vin de table	table wine
vin doux	dessert wine (sweet wine); grape juice not yet fermented into wine
vin gris	a kind of rosé wine made from red grapes,
vin jaune	vin jaune
vin mousseux	sparkling wine
vin rosé	rosé wine
vin rouge	red wine
vinaigre balsamique	balsamic vinegar
vinaigre de toilette	toilet vinegar
vinaigre des quatre voleurs	four thieves' vinegar
vingt dieux	blow me down, bloody hell, gosh, good God
vingt et un	twenty-one
vingt et unième	twenty-first
vingt-cinquième	twenty-fifth
vingt-deux	twenty-two; scram! (a warning to run away or hide, esp
vingt-deuxième	twenty-second
vingt-huit	twenty-eight
vingt-huitième	twenty-eighth
vingt-neuvième	twenty-ninth
vingt-quatre heures sur vingt-quatre	around the clock, day and night, all the t
vingt-septième	twenty-seventh
vingt-six	twenty-six
vingt-trois	twenty-three
vingt-troisième	twenty-third
viol collectif	gang rape
viol conjugal	marital rape
viol en réunion	gang rape
viole d'amour	viola d'amore
viole de gambe	viol
violence conjugale	domestic violence; a specific act of domestic violence
violon alto	viola
violon d'ingres	hobby, passion
vipère de la mort	common death adder
vipère heurtante	puff adder (Bitis arietans)
vipérine de russie	Echium russicum
virer de bord	to tack, to change tack, to switch tack, t; to change sides, to box the compass
virer une brosse	to get wasted, drunk, smashed
virgule fixe	fixed point
virgule flottante	floating point
virus informatique	computer virus
virus à adn	DNA virus
virus à arn	RNA virus
vis-à-vis de	opposite; regarding, vis-à-vis
viser haut	to aim high, to be ambitious
vision centrale	central vision
vision du monde	worldview
vision périphérique	peripheral vision
visite d'état	state visit
visite guidée	guided tour
vison d'amérique	American mink (Neogale vison)
vison d'europe	European mink (Mustela lutreola)
vitamine a	vitamin A
vitamine c	vitamin C
vite fait	quickly, chop-chop, hurriedly, hastily, pr; not hard, not difficult; more or les
vite fait bien fait	job's a good 'un, Bob's your uncle, quick
vite sur ses patins	Quick to adapt, quick on the uptake
vitesse angulaire	angular velocity
vitesse d'obturation	shutter speed
vitesse de croisière	cruising speed (speed at which a vehicle n; stride (pace at which one feels comf
vitesse de la lumière	speed of light (the speed of electromagnet
vitesse de libération	escape velocity
vitesse du son	speed of sound (speed at which sound is pr
vitesse maximale autorisée	speed limit (maximum speed permitted by la
vivacité d'esprit	quick-wittedness
vive la révolution	Long live the revolution
vivre au-dessus de ses moyens	to live beyond one's means
vivre aux crochets de	to sponge off someone, to live off someone
vivre avec son temps	to move with the times
vivre d'amour et d'eau fraiche	to live a carefree life with very little m
vivre dans une grotte	to live under a rock
vivre en grand seigneur	to live the high life
vivre sa meilleure vie	to be living the dream, to be having the t
vivre sa vie	to live one's life, to live one's own life
vocabulaire actif	active vocabulary
vocabulaire passif	passive vocabulary
vogue la galère	come what may
voici que	here
voie d'accélération	acceleration lane
voie d'eau	leak (hole in the hull of a boat which adm
voie d'insertion	acceleration lane
voie de circulation	traffic lane, taxiway
voie de communication	communication channel, communication route
voie de droit	right course of law
voie de détresse	runaway truck ramp, emergency escape ramp,
voie de fait	violence; assault, battery
voie de garage	stabling siding; dead end (position that offers no hope of
voie ferrée	railroad track
voie lactée	the Milky Way (as seen from Earth)
voie moyenne	via media, third way (approach or solution
voie métabolique	metabolic pathway
voie rapide	expressway
voie romaine	Roman road
voie royale	King's highway, highway, main road; royal road to something, best way towards
voie sans issue	dead end
voie verte	greenway (corridor of land for recreationa
voile du palais	soft palate
voile intégral	Full face veil (niqab and burqa)
voile latine	lateen
voilà qui est fait	done! that's that done!
voilà tout	that's all, there you have it
voir clair	to see through (to not be deceived by some
voir d'un bon œil	to look on with a favourable eye, to view
voir d'un mauvais œil	to take a dim view of, to look unfavourabl
voir des éléphants roses	to have hallucinations
voir du même œil	to perceive something (a situation) in the
voir du pays	to travel around, to get around
voir grand	to think big
voir la vie en rose	to wear rose-colored glasses
voir le bon côté des choses	to look on the bright side; to count one's
voir le bout du tunnel	to see the light at the end of the tunnel
voir le jour	to be born; to see the light of day
voir le loup	to lose one's virginity
voir le monde en rose	to wear rose-colored glasses
voir le verre à moitié plein	to see the glass half-full (to adopt a pos
voir le verre à moitié vide	to see the glass half-empty (to adopt a ne
voir les choses en grand	to think big
voir midi à sa porte	to look at things in a solipsistic manner,
voir naples et mourir	to see Naples and die
voir rouge	to see red; to become furious
voir trente-six chandelles	to see stars
voir venir	to see coming; to wait and see how the wind is blowing
vois-tu	you see
voisin de palier	neighbour across the landing, neighbour ac
voisinage orthographique	orthographic neighborhood
voiture autonome	self-driving car
voiture de course	racing car, race car
voiture de fonction	company car, take-home vehicle
voiture de location	rental car
voiture de société	company car, take-home vehicle
voiture de sport	sports car
voiture piégée	car bomb (car filled with explosives)
voiture téléguidée	radio-controlled car
voiture volante	flying car (vehicle which can function bot
voiture électrique	electric car
voiture-balai	broom wagon
voiture-bélier	vehicle used to ram into a building or cro
voiture-restaurant	dining car
voix active	active voice
voix au chapitre	seat at the table, say
voix chantée	singing voice (a person's voice when singi
voix de crécelle	a rasping and high-pitched voice, a shrill
voix de la raison	voice of reason
voix de poitrine	chest voice
voix de stentor	stentorian voice
voix de tête	head voice
voix moyenne	middle voice
voix off	voice-over
voix parlée	speaking voice (a person's voice when spea
voix passive	passive voice
vol aux instruments	instrument flying
vol coqueluche	a European climatotherapy for whooping cou
vol plané	gliding; fall, tumble
vol qualifié	aggravated theft, theft with aggravating c
vol à l'étalage	shoplifting; an instance of shoplifting
vol à la roulotte	theft from a parked vehicle; vehicle burgl
vol à la tire	pickpocketing
vol à voile	gliding
vol-au-vent	vol-au-vent (puff pastry with a hole)
volant d'affaires	volume of business
volant d'inertie	flywheel (rotating mass used to maintain t
voler de ses propres ailes	to stand on one's own two feet
voler en éclats	to be smashed to pieces, to be smashed to
voler la vedette	to steal someone's thunder, to steal the s
voleur de grand chemin	highwayman, highway robber
voleur à la tire	pickpocket
volleyball de plage	beach volleyball
volte-face	U-turn; about face (act of turning round 1; U-turn; volte-face
volume des ventes	sales volume
volume sonore	sound level
volée de bois vert	severe reprimand, often to correct an unde; harsh criticism
vos désirs sont des ordres	your wish is my command
vos gueules	shut your mouth!, shut up!, shut it!
vote à main levée	show of hands
voter avec ses pieds	to vote with one's feet (to express one's
votre altesse	Your Highness
votre courtoisie	Your Courtesy
votre excellence	Your Excellency
votre grandeur	Your Highness
votre grâce	your grace
votre humble serviteur	yours truly (I, me, myself)
votre majesté	Your Majesty, address for a ruling monarch
votre majesté impériale	Your Imperial Majesty, address for an empe
votre révérence	Your Worship
vouer aux gémonies	to pillory, to blame
vouloir c'est pouvoir	Where there's a will, there's a way
vouloir dire	to mean; to signify
vous autres	you, y'all, ye (second-person plural prono
vous m'en direz des nouvelles	I'm sure you'll like it! You won't regret
vous savez	you know
vous savez quoi	you know what? (a phrase used to get someo
vous voulez rire	you gotta be joking! you must be kidding!
vous-même	yourself
vous-mêmes	yourselves
voyage d'affaires	business trip
voyage dans le temps	time travel
voyage de noces	honeymoon (trip taken by a newly wed marri
voyelle antérieure	front vowel (vowel sound produced in the f
voyelle postérieure	back vowel (vowel sound produced in the ba
voyelle thématique	thematic vowel, stem vowel
voyez-vous	you see
voyons voir	let's see, let me see
voûte céleste	welkin, vault of heaven, canopy of heaven,
voûte d'ogives	ribbed vault
voûte palatine	hard palate
vrai de vrai	really (used when you want to emphasize th; lout, bandit, thug; real (used to in
vrai jumeau	identical twin
vrai ou faux	true or false quiz
vraie vie	real life; real world
vu que	given that, seeing that, since
vue d'artiste	artist's impression (representation of an
vue d'ensemble	overview, overall view, overall picture, b
vue de l'esprit	a creation of the mind, a convenient but a
vue plongeante	bird's-eye view
vue éclatée	exploded view
vulgum pecus	the populace, laymen, or the ignorant
véhicule autonome	autonomous vehicle
véhicule de fonction	company car, take-home vehicle
véhicule récréatif	recreational vehicle
véhicule utilitaire sport	sport utility vehicle
vélib'	a bicycle of this scheme
vélo couché	recumbent (special type of bicycle)
vélo d'appartement	exercise bicycle, exercise bike, stationar
vélo stationnaire	exercise bicycle, exercise bike, stationar
vélo tout terrain	mountain bike
vélo à neige	fatbike (a bicycle with very wide fat tire; snowbike (a mountain bike with its f
vélo à pneus surdimensionnés	a fatbike; synonym of fat bike (a bike for
vélo-café	a type of food cart mobile vending point,
vélo-pupitre	a combination of stationary bike and stude
vérificateur d'orthographe	spell checker
vérificateur orthographique	spell checker
vérité terrain	ground truth
vésicule biliaire	gall bladder (pear-shaped organ that store
vésicule séminale	seminal vesicle
vœu pieux	vain wish, wishful thinking
wagon-bar	buffet car
wagon-citerne	tank car; tank wagon
wagon-couchette	sleeping car (a railroad car with sleeping
wagon-foudre	a railway car carrying a large vat or barr
wagon-lit	sleeping car (a railroad car with sleeping
wagon-poste	mail car
wagon-restaurant	dining car
wagon-réservoir	tank car; tank wagon
wagon-salon	saloon carriage
walkie-talkie	walkie-talkie
warm up	heat (preliminary race, used to determine; warm-up
water-ballast	ballast tank
water-closet	water closet; WC
western spaghetti	spaghetti western (film genre)
white-spirit	white spirit
wôrô-wôrô	shared taxi
y a-t-il	is there? are there?, (after a modal adver
y aller	to leave; to depart; to go about something, to proceed in a cer
y aller au culot	to bluff one's way through
y aller au talent	to fly by the seat of one's pants, to play
y avoir	there be
y avoir anguille sous roche	for there to be something fishy and suspic
y avoir de l'eau dans le gaz	for there to be trouble brewing, for there
y avoir fort à parier	for it to be very probable that
y avoir mille à parier	for it to be very probable that
y avoir péril en la demeure	for there to be danger in delay
y avoir un avant et un après	for there to be a before and an after
y compris	including (being part of the group or topi
y en a des qui	Less formal alternative of il y en a des q
y laisser des plumes	not to come out of it unscathed, to come o
y mettre du sien	to do one's bit, to do one's part, to show
y passer	to kick the bucket
y regarder à deux fois	to think twice
y rester	to kick the bucket, to buy it, to check ou
y'a plus qu'à	now all we have to do is to put that into
yacht-club	yacht club (sports club for sailing and ya
yeux de chien battu	imploring look, pathetic look, hangdog loo
yeux de merlan frit	goggle-eyed stare, goofy eyes, naive look,
yin-yang	yin-yang (opposite principles in Chinese p
yo-yo	yo-yo
you-you	ululation of celebration, made by women in
young-ice	young ice
yucca filamenteux	Adam's needle and thread (Yucca filamentos
yucca superbe	mound lily (Yucca gloriosa)
z'	a prefix used to represent a nonstandard l; elided form of vous
z'aigrette	heron
zaun-kommando	a group of French Second World War prisone
zayse-zergulla	the Zayse-Zergulla language
zeauzeau fleur	hummingbird
zinc-blende	zincblende
zizanie des marais	northern wild rice, Canada rice (Zizania p
zizi panpan	sexual intercourse
zone d'exclusion	exclusion zone
zone d'influence	sphere of influence
zone de chalandise	customer catchment area
zone de confort	comfort zone
zone de non-droit	no-go zone, no-go area, lawless area
zone de prises	strike zone
zone de texte	text box, text area, text field
zone franche	free zone (area within a port where goods; free-trade area, duty-free zone
zone grise	grey area (area intermediate to two mutual
zone habitable	habitable zone, Goldilocks zone (zone arou
zone pellucide	a zona pellucida, a pellucid zone
zone photique	photic zone, volume of a body water where
zone piétonne	pedestrian precinct
zone proximale de développement	zone of proximal development
zone tampon	buffer zone
zone à défendre	a militant, open-air demonstration in the
zone économique exclusive	exclusive economic zone
zone érogène	erogenous zone
zostère marine	eelgrass, seawrack (Chelonia mydas)
zostère naine	dwarf eelgrass (Zostera noltii)
zulgo-gemzek	Zulgo-Gemzek
zut alors	darn! dang! damn! (used to express mild su
zygomato-labial	zygomatolabial
zébré-de-vert	the green-striped white butterfly (Euchloe
zénith-secteur	zenith sector, zenith telescope
zéro absolu	absolute zero
zéro pointé	dotted zero; complete failure, big fat zero
à armes égales	on equal terms, on level terms, on an equa
à bas	down with, away with
à bas bruit	noiselessly, silently, clandestinely
à bas sa tête	off with someone's head
à base de	-based; made up of; made out of
à belles dents	voraciously; readily, enthusiastically, to the full, wi
à bientôt	see you soon, see you later, laters (an in
à blanc	blank
à blanc estoc	almost to the level of the stump; without
à bloc	flat out; riding as hard as possible
à bon compte	cheaply, at a good price, without paying t; lightly, without much damage
à bon droit	with good reason, deservedly, legitimately
à bon entendeur	used as an encouragement to the listener t
à bon entendeur salut	word to the wise
à bon escient	wisely, using one's best judgement
à bon marché	cheaply, at a good price, without paying t; lightly, without much damage
à bon vin point d'enseigne	good wine needs no bush
à bord	aboard, on board
à bouche que veux-tu	eagerly, ardently (of kisses, etc.)
à bout	at the end of one's tether
à bout de	out of, short of
à bout de bras	at arm's length, with one's arm stretched; single-handedly and with great diffic
à bout de forces	exhausted
à bout de nerfs	at the end of one's tether, at the end of
à bout de souffle	breathless, out of breath; on one's last legs
à bout portant	at point-blank range, point blank
à bout touchant	at point-blank range, point blank
à bras ouverts	with open arms
à bras raccourcis	violently, ferociously, with fists flying
à bras-le-corps	with both arms around someone's body; bodi; completely invested in resolving a p
à bref délai	shortly; in the short term
à bride abattue	at full speed, at full throttle, hell-for-
à brûle-pourpoint	point-blank, very straightforwardly or blu
à bureaux fermés	with one's offices closed to the public
à bureaux ouverts	with one's offices open to the public
à bâtons rompus	desultorily, in a disorganised fashion; free-flowing, open, meandering, rambling
à califourchon	astride, straddling
à cause de	because of
à cause que	because
à ce jour	to this day, to date, so far, thus far
à ce moment-là	just then
à ce propos	about that, on this point, on this subject
à ce qu'il paraît	as it would appear, as rumour has it
à ce qu'on dit	apparently, from what I hear, they say (th
à ce que je sache	as far as I know, as far as I can tell, to
à ce que je vois	from what I can see, it looks to me like…
à ce stade	at this point, at this juncture, at this s
à ce sujet	about that, on this point, on this subject
à ce titre	as such (for this reason)
à ceci près que	except that
à cela près que	except that
à cet effet	to this end, to that end (therefore)
à cet égard	in this regard, with regard to this, on th
à cette heure	now, presently; immediately, at once
à chacun son goût	to each his own
à chaque jour suffit sa peine	sufficient unto the day is the evil thereo
à charge	incriminating, inculpatory; dependent (for whom one is responsible, es
à charge de revanche	I'll owe you one; I'll return the favour s
à chaud	when the material is hot; immediately, spontaneously, in the heat of
à cheval	by horse; on horseback; riding; with a fried egg on top
à cheval donné on ne regarde pas la bride	don't look a gift horse in the mouth
à cheval donné on ne regarde pas les dents	don't look a gift horse in the mouth
à cheval sur	straddling, on both sides of, overlapping; exigent, demanding about
à chier	lousy, shit, shitty, crappy; extremely, very
à ciel ouvert	open-air, alfresco; transparent, unhidden, open
à cloche-pied	while hopping on one leg
à compte d'auteur	at the author's expense
à compter de	starting from, from, as of
à concurrence de	up to, up to a limit of, up to a maximum o
à condition de	subject to, under the condition of
à condition que	provided that; on the condition that
à contre-courant	upstream; against the grain (contrary to what is exp
à contre-jour	backlit; in darkness, in the dark
à contre-mont	upstream
à contrecœur	reluctantly; unwillingly
à contresens	the wrong way, against the flow of traffic; against the grain
à cor et à cri	noisily, with clamour
à corps perdu	heart and soul, headlong, wholeheartedly
à coucher dehors	difficult to pronounce, to write or to rem
à coup sûr	for sure, certainly
à couper au couteau	very dense, very thick, thick as a pea sou; very heavy, very thick, very strong
à couper le souffle	breathtaking, stunning, jaw-dropping
à coups de	by means of, by dint of, by way of, throug
à court	out of, short of
à court terme	short-term
à courte vue	short-sighted
à couteaux tirés	at daggers drawn, at each other's throats
à couvert	under cover, covered
à craquer	to the brim
à crever	to death; very, extremely, as hell, no end
à croquer	emphasizes an individual's attractiveness; cute, (very) pretty
à cru	bareback (without a saddle)
à crédit	on credit (with an understanding that the
à côté	beside, next to; next door
à côté de	next to, besides, alongside
à côté de la plaque	off the mark, wide of the mark, off-beam,
à côté de ses pompes	out to lunch, out of it, not with it
à cœur	to the core, all the way through, thorough
à cœur joie	to one's heart's content
à cœur ouvert	open-heart; frankly, open-heartedly, with an open hear
à cœur vaillant rien d'impossible	where there's a will, there's a way
à d'autres	don't give me that! tell it to the marines
à damner un saint	stunning, good enough to eat, to die for,; stunningly, extremely
à date	to this day, to date, so far, thus far
à demain	see you tomorrow
à demi	half
à demi-mot	half-spoken, in a way that is hinted at
à des fins de	for the purpose of
à dessein	purposely, deliberately, intentionally, on
à dessein de	with the intent of, with the aim of, in or
à destination de	bound for, going to, headed to; travelling
à deux balles	cheap, lousy, tasteless
à deux doigts	by a hair's breadth
à deux francs	cheap, lousy, worthless
à deux pas	a stone's throw away, nearby, around the c
à deux sous	cheap, lousy, worthless
à deux vitesses	two-tier, double-standard; discriminatory,
à dieu ne plaise	God forbid
à dire la vérité	to tell the truth, to be completely honest
à disposition	available, at one's disposal
à distance	remote; long-distance; remotely
à dormir debout	ludicrous, far-fetched
à double tour	with two turns of the key
à double tranchant	double-edged
à droite	on the right; to the right
à décharge	exculpatory, extenuating
à découvert	in the open, exposed, defenceless; in the red, overdrawn
à défaut	if not, failing that (if that condition is
à défaut de	for want of
à en croire	if (someone) were to be believed, accordin
à en juger par	judging by, in light of, given
à faire peur	frighteningly, extremely
à fendre l'âme	heartbreaking, heartrending, heart-splitti
à feu d'argent	very dearly; very expensive
à feu vif	over a brisk heat
à flanc de	on the side of
à fleur de	almost at the level of; on the surface of,
à fleur de peau	on edge, raw, very sensitive, emotional
à flot	afloat, buoyant; above water
à flots	in torrents, abundantly, aplenty
à foison	in plenty, aplenty, galore, abundantly, in
à fond	right to the bottom; all the way: totally; completely; entirely
à fond de balle	at full speed, at full throttle, hell-for-
à fond de train	at full speed, at full throttle, hell-for-
à fond la caisse	at full throttle, pedal to the metal, hell
à fond les manettes	at full speed, at full throttle, hell-for-
à fonds perdu	as a subsidy, being a performance without
à force	if one keeps doing something, if one goes
à force de	by repeated action of; because of, thanks to, due to
à force ouverte	by the strong hand, by force, forcibly
à frais communs	by sharing expenses, by financing jointly
à franc étrier	at full speed, hell-for-leather, flat out
à froid	cold, without heat; cold, without preparation, unawares; in the cold light of da
à gauche	on the left; to the left
à genouillons	on one's knees
à genoux	on one's knees
à gerber	vomitrocious, nauseating
à gogo	à gogo; in abundance, galore
à grand renfort de	with a lot of, with a great deal of, makin
à grand-peine	with great difficulty
à grande échelle	large-scale; on a large scale
à grandes gorgées	in great gulps
à grandes journées	making few stops along the way, with stops
à grands frais	at great cost or expense; expensively
à grands pas	fast, quickly
à gros flocons	heavily, in large flakes
à géométrie variable	variable-geometry; discriminatory, unequal, inegalitarian
à haute voix	orally; verbally; in oral form; by oral me
à hauteur d'homme	shoulder-high, at head height, at eye leve; on a human scale; within the reach o
à hauteur de	of up to, amounting to, for a sum of
à hue et à dia	in all directions; in opposite directions; indiscriminately
à huis clos	in camera; behind closed doors
à jamais	forever and ever, forevermore, forever
à jeun	on an empty stomach
à jour	up-to-date, current
à juste titre	justly, rightly (so), justifiably
à l'abandon	derelict or dilapidated due to long-term n
à l'abordage	on board! (the stereotypical cry of pirate
à l'abri	sheltered, under cover; in a safe place
à l'abri de	safe from, sheltered from, secure from, ou; protected by
à l'accoutumée	accustomedly
à l'adresse de	aimed at (someone); intended for (someone)
à l'affiche	showing, playing
à l'affût	on the lookout
à l'aide	help! (A cry of distress or an urgent requ
à l'aide de	by means of (by using the thing specified)
à l'air	naked, uncovered, out
à l'air libre	in the open air, uncovered
à l'aise	at ease (relaxed; comfortable); sounds good
à l'amiable	out-of-court
à l'ancienne	traditional, old-style, old-fashioned; in a traditional way
à l'anglaise	the English way, in the English fashion, m; food served in an English manner; qu
à l'antenne	on the air, on air
à l'appui	with the help of, with the support of
à l'appui de	in support of; in vindication of
à l'arrache	hastily; in a hurry
à l'arrêt	idle, at a stop, at a standstill
à l'article de la mort	in articulo mortis, at death's door, in on
à l'assassin	murder! murderer!
à l'attaque	attack! forward! charge! up and at 'em!; on the attack, on offense
à l'attention de	attn; care of
à l'aune de	in the light of, with regards to, by the s
à l'avance	in advance, beforehand; early
à l'avenant	accordingly, correspondingly; in keeping with something, that matches so
à l'avenir	in future, in the future, as of now, from
à l'aventure	aimlessly
à l'aveuglette	blindly, in the dark, without planning
à l'eau de rose	slushy, cheesy, sentimental, schmaltzy, mu
à l'effet de	in order to, for the purposes of
à l'emporte-pièce	on a whim, rashly
à l'encontre de	contrary to; against
à l'endroit	the right way up; the right way out; knitwise
à l'endroit de	towards, regarding (someone)
à l'entour	around
à l'envers	topsy-turvy, inside out, upside down; purlwise
à l'envi	over and over, again and again
à l'estime	roughly; using guesswork; by the seat of o
à l'exception de	except for, with the exception of
à l'exclusion de	excluding
à l'excès	to excess, to a fault, overly, overmuch, i
à l'extrême	extremely
à l'extérieur	outdoors, outside; Sports game: away
à l'extérieur de	outside
à l'heure	on time
à l'heure actuelle	at this moment in time, at the moment, cur
à l'heure du laitier	early in the morning, at the crack of dawn
à l'heure qu'il est	by now; at this moment in time, at this very momen; these days, nowadays
à l'honneur	in the limelight
à l'horizon	in the offing
à l'identique	faithful, faithfully, identical, identical
à l'idée de	at the thought of, at the idea of
à l'impossible nul n'est tenu	nobody can be expected to achieve the impo
à l'improviste	unexpectedly
à l'index	censored, banned (of a book)
à l'infini	infinitely; endlessly
à l'instant	just now
à l'instar de	like; just like (in the same way as)
à l'insu de	unbeknownst to, unbeknown to, without the
à l'intention de	aimed at (someone), intended for (someone); in honour of (someone)
à l'intérieur	indoors, inside
à l'intérieur de	inside, within
à l'inverse	conversely, by contrast
à l'inverse de	contrary to, in contrast to
à l'issue de	at the end of, at the conclusion of
à l'occasion	occasionally, at times, on occasion; sometime, one day, one of these days, at s
à l'occasion de	on the occasion of
à l'oiseau royal	feathered, plumed, crested
à l'ombre	in the shade; in prison, in jail
à l'oreille	by ear
à l'origine	originally
à l'unanimité	unanimously
à l'unisson	in unison; in unison, in chorus, unanimously; in unison, in concert
à l'écart	apart, away, at a distance
à l'écoute	listening to; attentive to, in tune with, in touch with,
à l'égal de	as much as
à l'égard de	towards (someone); with regard to, with respect to
à l'époque	at the time, back then
à l'épreuve de	resistant to, -proof
à l'étage	upstairs
à l'état pur	unadulterated; pure; sheer, raw
à l'étranger	abroad
à l'étroit	cramped, crowded; parsimoniously, frugally
à l'étude	under study, under review, under considera
à l'évidence	obviously, evidently, clearly, manifestly
à l'œil	for free, for nothing; by sight
à l'œil nu	to the naked eye, with the naked eye, on s
à l'œuvre	at play, at work, in action, operating
à la baisse	downwards
à la barre	at the helm
à la base	originally, initially
à la belle étoile	out in the open, outdoors, under the stars
à la bonne franquette	in a homely manner, without ceremony, info
à la bonne heure	General expression of approval: splendid!; at the right time; timely; opportunel
à la botte de	under the control of someone, under someon
à la cantonade	to no one in particular
à la carte	à la carte (allowing selection only from a; with each dish priced; from any long
à la chaude	immediately; in the heat of the moment
à la chaîne	assembly-line; non-stop, massively, mass
à la clé	as a reward, at stake, up for grabs; in the key signature
à la con	stupid, dumb; (as an intensifier) pesky, d
à la coque	soft-boiled
à la corde	staying close to the inside of a bend
à la croisée des chemins	at a crossroads
à la croque au sel	raw and seasoned with salt
à la demande	on demand, on request, to order
à la dernière minute	at the last minute
à la différence de	as opposed to, unlike
à la du barry	served with cauliflower
à la dure	the hard way, in a tough manner, roughly
à la décharge de	in someone's defense
à la dérive	adrift
à la dérobée	on the sly, without being noticed
à la faveur de	thanks to, by means of; on the occasion of
à la file	in a row
à la fin	in the end; at last, finally (to express exasperation)
à la fin des fins	ultimately, in the end
à la fois	at a time, at the same time, at once; both
à la folie	passionately, madly
à la force du poignet	by one's own efforts, through hard graft
à la fortune du pot	by pot luck
à la franche marguerite	frankly, honestly, in good faith
à la française	of or according to a French manner or styl; service à la française, buffet (in w
à la fraîche	in the cool of the morning, early in the m; in the cool of the evening
à la grecque	cooked in olive oil and served cold
à la guerre comme à la guerre	one must make the best of one's situation,
à la hausse	upwards
à la hauteur	up to the task
à la hâte	in a hurry, hurriedly, hastily
à la jardinière	Served with mixed vegetables
à la lettre	to the letter
à la limite	in a pinch, at a pinch, if need be
à la longue	in the long run, over time, over the long
à la louche	roughly, approximately, give or take
à la loyale	fair and square
à la lumière de	in light of
à la légère	lightly
à la main	by hand, manually; in one's hand
à la maison	at home (at one's home); home (towards home)
à la manque	maimed (obsolete); failed, lousy (of a person, used since 184
à la masse	lost, at sea; dumb, slow, slow-witted
à la merci de	at the mercy of
à la minute	immediate, instant, instantly, not in adva; per minute
à la mode	in fashion, fashionable
à la mords-moi-le-nœud	lousy, stupid
à la muette	silently, discreetly, quietly
à la noix	worthless, poxy, crappy, garbage, pathetic
à la nuit tombante	at nightfall
à la one again	hastily; in a hurry
à la page	up to date, in the know
à la papa	leisurely, unhurriedly; vanilla, plain
à la passion	passionately
à la pelle	in droves, in spades (in large quantities)
à la perfection	to a T, to perfection, to a nicety, pat (p
à la petite semaine	taking the short view, in the short run, s; unambitious, small-time, petty
à la pige	freelance; freelance, as a freelance
à la pièce	each, per piece, loose (not packaged); on a piecework basis
à la place	instead
à la place de	instead of, in place of; if I were/I had been in the shoes of…
à la pointe	at the cutting edge, at the forefront
à la portée de	within reach; within one's grasp; attainable
à la première heure	at first light, at the crack of dawn, firs
à la prochaine	see you later
à la queue leu leu	in single file
à la ramasse	behind the times, lagging behind
à la renverse	backwards
à la retraite	retired, in retirement
à la revoyure	goodbye
à la rigueur	in a pinch, at a pinch, if need be, at wor
à la ronde	around
à la rue	on the street, without a home, homeless
à la russe	à la russe (having courses already prepare; in a Russian style, manner, or custo
à la réflexion	on second thought, on reflection
à la régulière	by the book, fairly and squarely, accordin
à la saint-glinglin	when pigs fly
à la sauce	a la, in the style or manner of
à la sauvette	hastily, hurriedly; on the sly (used especially of selling in
à la serpe	coarsely, roughly, carelessly
à la solde de	in the pay of, employed by
à la sueur de son front	by the sweat of one's brow
à la suite	in a row (successively)
à la suite de	along with, accompanying; after; following, subsequent to, in the wake of
à la tienne	cheers, here's to you (used as a toast to
à la traîne	behind the times, lagging behind
à la turque	prepared by boiling ground coffee in a pot; used while squatting
à la tâche	by the piece
à la tête du client	according to a person's looks, arbitrarily
à la une	in the news, on the frontpage
à la va comme je te pousse	by the seat of one's pants, haphazardly, w
à la va-vite	in a rushed manner, hastily and perfunctor
à la virgule près	to the letter
à la vitesse de l'éclair	in no time, in two shakes, in a flash, in
à la vitesse de la lumière	at the speed of light; in no time, in two shakes, in a flash, in
à la vitesse grand v	at full tilt, at full speed, at full throt
à la volée	in flight; as one goes; on the fly
à la vue de	at the sight of; in front of
à la vôtre	cheers (used as a toast to drinking)
à le	to the
à les	to the
à livre ouvert	off the cuff, without preparation; open-book (in which students are allowed t; i
à loisir	at leisure, at will, as much as one wants
à long terme	long-term; in the long term, in the long run
à longs traits	in long draughts
à longueur de journée	all day long, continually, all the time
à longueur de temps	all the time, continually
à louer	for rent, to let (available for letting)
à ma connaissance	to my knowledge, to the best of my knowled
à main armée	armed
à main que veux-tu	in handfuls, in droves
à mains nues	barehanded, with one's bare hands
à maintes reprises	repeatedly, time and again
à mauvais escient	unwisely, not using one's best judgement,
à merveille	to a tee (perfectly)
à mesure	in proportion and at the same time
à mesure que	as, just as, at the same time
à mi-chemin	halfway, midway (half way to a place, or b; between
à mi-parcours	halfway, midway
à mi-voix	in a low voice, sotto voce
à mobilité réduite	with reduced mobility; disabled, handicapp
à moi	help! (A cry of distress or an urgent requ; For non-idiomatic uses see à and moi
à moins de	unless
à moins que	unless
à moitié	half; halfway, kind of; halfway, nearly
à moitié prix	for half the price, at half price, half-pr
à mon avis	in my opinion
à mon humble avis	in my humble opinion
à mon sens	in my view
à mort	to death; very, extremely, as hell
à mots couverts	in veiled terms, without spelling things o
à mouchoir que veux-tu	profusely (of crying)
à mourir de rire	sidesplitting, hilarious
à moyen terme	medium-term; in the medium term
à même	directly on, directly from; in contact wit
à même de	capable of, ready to
à n'en pas douter	no doubt, doubtlessly, undoubtedly
à n'en plus finir	to no end, with no end in sight; endless,
à ne pas mettre un chien dehors	awful, dreadful
à ne savoir qu'en faire	more than one knows what to do with, more
à niveau	up to par, up to scratch
à nouveau	once more, once again, in a different mann
à nouveaux frais	anew, from scratch, all over again
à outrance	unremittingly, unflaggingly; to the utmost, to the death
à parler franc	frankly speaking, to speak frankly
à part	apart; exceptional, special; apart from, except
à part entière	full-fledged; in one's own right
à part que	except, except that, but
à part soi	privately, to oneself
à particule	having a nobiliary particle
à partir de	from […] onward; starting from; beginning; from that; based on that; assuming th
à partir de dorénavant	from now on, from this day forward
à parts égales	in equal parts
à pas de géant	by leaps and bounds
à pas de loup	stealthily
à pas de tortue	at a snail's pace
à pas feutrés	silently, stealthily, on tiptoe
à peine	barely, scarcely, hardly
à perdre haleine	until one is out of breath, until one is g
à perpétuité	lifelong, for life
à perte	at a loss (below the cost or price of purc
à perte de vue	as far as the eye can see, until out of si
à petit feu	over a gentle heat, over a slow heat, on a; slowly, little by little
à petites doses	in small doses (not too much; not for too
à petites journées	making many stops along the way, covering
à petits pas	in small steps, slowly, little by little
à peu de choses près	pretty much; more or less
à peu près	more or less; about, just about; almost, just about
à pic	at just the right moment, just at the righ; precipitous, perpendicular, vertical
à pied	on foot
à pied d'œuvre	ready to start work, ready to get down to
à pied sec	without getting one's feet wet, unshod
à pieds joints	with one's feet close together; headlong, without hesitation
à plat	flat, level, horizontal; flat, deflated; flat (unable to emit power; dead)
à plat ventre	face-down
à plein nez	a lot, clearly, strongly, all over
à plein régime	at full capacity, flat-out, full-bore
à plein tube	completely, to the max
à pleine bouche	with the lips and the tongue; eagerly; enthusiastically
à pleine lancée	on a path or course where momentum is accu
à pleines dents	voraciously; readily, enthusiastically, to the full, wi
à pleines mains	by the handful, in handfuls, in droves
à pleins poumons	drawing in as much air as possible, so as; at the top of one's lungs, at the top
à pleurer	extremely, to no end
à plus	see you, later, laters
à plus dans le bus	see you later, alligator
à plus forte raison	a fortiori, all the more so, especially, p
à plus tard	see you later
à poil	in the buff, stark naked, starkers
à point	at the right moment, at the right time, on; medium rare (food); softened up (of
à point nommé	at just the right moment, in a timely fash
à portée de main	within reach, at hand, at one's fingertips
à postériori	a posteriori
à première vue	at first sight, at first blush, at first g
à prendre ou à laisser	take it or leave it
à priori	intuitively known, a priori; at first glance; preconceived idea
à prix d'argent	against payment, for a fee, in exchange fo
à prix d'or	over the odds, very dearly
à profit	at a profit
à profusion	in plenty, aplenty, galore, abundantly, in
à propos	opportunely, at the right time, just in ti; opportune, advisable, fitting, appro
à propos de	about (with respect to), with regard to
à proprement parler	strictly speaking
à proximité	nearby
à présent	now, at present, presently, nowadays
à quai	docked, at the quayside; standing at the platform
à quatre mains	four hands, for four hands
à quatre pattes	four-legged, quadrupedal, tetrapodal; on all fours
à quel point	how much (to what point, to what extent)
à quelle fin	to what end …? for what purpose …?
à quelque chose malheur est bon	every cloud has a silver lining; it's an i
à qui ai-je l'honneur	with whom do I have the pleasure of speaki
à qui l'honneur	who wants to go first?
à qui le dis-tu	you're telling me, you don't say, no kiddi
à qui le dites-vous	you're telling me, you don't say, no kiddi
à qui mieux mieux	each one more so than the other, in a tryi
à qui veut l'entendre	to everybody, to anyone who will listen, t
à quia	silenced, nonplussed, speechless, tongue-t
à quoi bon	what good is it? what's the good of? what'
à raison	with good reason, rightly, understandably
à raison de	at the rate of
à rallonge	long as one's arm (very long, endless)
à ras bord	to the brim
à ravir	beautifully, to a tee (perfectly)
à rebours	backwards, the wrong way; against the grai
à rebours de	against
à rebrousse-poil	the wrong way, against the grain
à reculons	backwards; reluctantly; unwillingly
à regret	with regret, with a heavy heart, regretful
à revendre	aplenty, galore, to spare, in spades (in a
à risque	risky, high-risk, which places someone at
à répétition	repeated, recurrent, frequent
à réveiller un mort	very loud, deafening; very loudly
à s'y méprendre	exactly alike, like two peas in a pod
à sa connaissance	to one's knowledge
à sa façon	in one's own way
à sa guise	as one pleases, as one likes, as one wants
à sa manière	in one's own way
à sa sauce	in one's own way, as one likes, to one's t
à sang chaud	warm-blooded, endothermic, homeothermic
à sang froid	cold-blooded, ectothermic, poikilothermic
à savoir	that is, i.e; namely, to wit; it remains to be seen
à se damner	to die for; stunningly, drop-dead
à se rouler par terre	sidesplitting, hysterically funny, hilario
à se taper le cul par terre	hilarious, side-splitting
à sec	dry, dried up; dry, without proper lubrication; broke (lacking money; bankrupt)
à sens unique	one-way (where traffic moves in a single d; unrequited, non-reciprocal, one-side
à ses risques et périls	at one's own risk, at one's own peril, on
à seule fin de	for the sole purpose of
à son corps défendant	in self-defense; reluctantly, unwillingly, against one's wi
à son de trompe	noisily, with clamour, with great fanfare
à souhait	very, extremely, incredibly, as much as on
à succès	best-selling
à suffisance	sufficiently
à suivre	to be continued (used to indicate that a s
à supposer que	supposing that, assuming that
à ta santé	cheers lit. “to your health” (used as a to
à table	dinner's ready!
à taille humaine	man-sized, human-sized, on a human scale; with a human touch; people-friendly; p
à tantôt	see you later (on the same day)
à tel point que	so much so that
à temps	in time (sufficiently early for something)
à temps partiel	part-time
à temps plein	full-time
à terme	in the long run; eventually
à terre	on the ground, down
à tes amours	bless you (said after the second sneeze)
à tes ordres	at your command!
à tes souhaits	bless you (said in response to the first s
à tire-d'aile	swiftly
à tire-larigot	without limitation, excessively; left and
à titre de	as; by way of
à titre exceptionnel	as an exception, exceptionally
à titre gracieux	ex gratia, as a gift, as a courtesy, free
à titre gratuit	free of charge, for free
à titre indicatif	as a guideline, roughly
à titre onéreux	subject to payment, for a fee, not for fre
à toi de jouer	it's your turn, it's your go; it's up to you now
à toi de me le dire	you tell me; your guess is as good as mine
à toi de voir	it's up to you, it's your call, it's your
à toi l'honneur	after you!
à tombeau ouvert	at breakneck speed, hell-for-leather
à tomber par terre	to die for, finger-lickin' good, lip-smack; stunning, stunningly beautiful, good
à ton avis	in your opinion; what do you think? of course!
à tort	wrongfully, unjustly; wrongly, mistakenly
à tort et à travers	without rhyme or reason; indiscriminately
à tort ou à raison	rightly or wrongly
à tour de bras	with all one's might; non-stop, left and right, like crazy, aple
à tour de rôle	in turn, by turns, taking turns, alternate
à tous crins	dyed-in-the-wool; all-out, thoroughgoing
à tous les coins de rue	on every street corner, at every corner; e
à tous les coups	surely; I bet you
à tout bout de champ	constantly, at every turn, especially if i
à tout casser	at most, tops, at the outside
à tout de suite	see you very soon, see you in a minute, se
à tout hasard	on the off chance
à tout instant	at any time, anytime, any time now, any mi
à tout jamais	forever and ever
à tout le moins	at the very least, at least
à tout moment	at any time, anytime, any time now, any mi
à tout prendre	all in all, all things considered
à tout prix	at all costs, by any means, no matter what
à tout propos	constantly, at every turn
à tout rompre	very strongly
à tout seigneur tout honneur	credit where credit's due
à tout vent	left and right, everywhere and without due
à tout à l'heure	see you later (on the same day)
à tout-va	excessive, immoderate, imprudent; without limitation, excessively; left and
à toute	see you, laters
à toute allure	at full tilt, at top speed, at full thrott
à toute force	at all costs, by any means, no matter what
à toute heure	anytime, at all times, round the clock
à toute vapeur	at full steam, at full throttle, full blas
à toute vitesse	at full tilt, at full speed, at full throt
à toute épreuve	bulletproof; rock solid (extremely resista
à toutes fins utiles	for your information, for your convenience
à toutes jambes	as fast as one's legs could carry one, at
à toutes les sauces	constantly, at every turn, every which way
à travers	through; across (from one side to the other); throughout
à travers champs	cross lots, across country, across the fie
à très vite	see you soon, see you later, laters (an in
à tu et à toi	on first-name terms, on a first-name basis
à tue-tête	at the top of one's voice, at the top of o
à tâtons	hesitantly, feelingly, cautiously
à tête reposée	in the cold light of day, with a clear hea
à un de ces quatre	see you, later
à un jet de pierre	at a short distance, a stone's throw away,
à un moment donné	at some point, at a certain point, at a gi
à un moment ou à un autre	at some point or another; sooner or later
à un poil	by a hair's breadth
à vau-l'eau	down the stream; down the drain, adrift
à vendre	for sale
à venir	to come, coming, upcoming, future, ahead
à vie	for life; perpetual
à vif	skinless, skinned, raw, bared; open; on edge, uptight
à vil prix	at a very low price, cheaply, for next to
à visage découvert	openly, overtly
à visière ouverte	openly, overtly
à voile et à vapeur	AC/DC (bisexual)
à voix basse	under one's breath
à voix haute	aloud (loudly)
à vol d'oiseau	as the crow flies
à volonté	ad libitum, at will
à vomir	nauseating, disgusting, revolting
à vos amours	bless you (used after the second sneeze)
à vos ordres	at your command!
à vos souhaits	God bless you (used after the first sneeze
à votre avis	in your opinion; what do you think? of course!
à votre bon cœur	spare some change? I'm couting on your gen
à votre santé	to your health, cheers
à votre service	At your service
à vous de jouer	it's your turn, it's your go; it's up to you now
à vous de voir	it's up to you, it's your call, it's your
à vous l'honneur	after you!
à vrai dire	attestation of truthfulness and frankness:
à vue	by sight, on sight
à vue d'œil	right before one's eyes, visibly, noticeab
à vue de nez	at a guess, at first glance, at a glance
à-coup	jerk, jolt
à-côté	perk, extra benefit
à-peu-près	slapdash, shoddy work
âge adulte	majority, legal adulthood (age from which
âge bête	awkward age, adolescence, puberty
âge d'or	golden age, golden years, golden era
âge de départ	retirement age
âge de pierre	Stone Age (broad prehistoric period during; Stone Age (any extremely primitive o
âge de raison	age of reason
âge ingrat	awkward age, adolescence, puberty
âge limite	maximum age or minimum age for taking part
âge mûr	middle-age, middle-agedness
âme damnée	henchman, minion, pawn, tool, cat's-paw (p
âme en peine	lost soul
âme qui vive	no one, nobody, not a soul; anyone
âme sœur	kindred soul, soulmate (someone with whom
âne bâté	ignoramus; dunce, idiot, clot
ç'a	it has, that has
ça a été	was everything OK?, did it go well?
ça alors	well, I never! well blow me down! my goodn
ça baigne	how's it going?
ça boom	what's up?; what's new?
ça commence à bien faire	enough is enough!
ça craint	It's lame; it sucks
ça gaze	how's things?, how's tricks?
ça ira	it will be all right, it will be ok; that's enough, that will do nicely, it wil
ça le fait	expresses that something is suitable, agre; [it is; things are] impressive or aw
ça m'est égal	It doesn't matter to me; I don't mind; I d
ça marche	OK, all right, sure, sure thing, sounds go
ça mord	something is biting; is something biting?
ça ne fait rien	it doesn't matter, it's no big deal, don't
ça ne mange pas de pain	it doesn't cost anything, it can't hurt
ça ne s'invente pas	you can't make this stuff up, you couldn't
ça ne saurait tarder	it can't be far off; it won't be long; it
ça par exemple	well, I never! well blow me down! my goodn
ça passe ou ça casse	it's make-or-break time, it's a sink or sw
ça peut aller	could be better, could be worse
ça promet	it's promising; that bodes well!
ça roule	how's it going?; OK, sounds like a plan, sounds good, all r
ça se plume	I'm doing fine!
ça se saurait	a locution used to express scepticism towa
ça suffit	that does it, that's torn it, that's enoug
ça te va bien	look who's talking! you're one to talk! yo
ça tourne	Rolling! (a verbal confirmation from the c
ça va	how are you? how's it going? how are thing; things are going fine; OK, all right
ça va bien	I'm fine, I'm alright
ça y est	there we go, there you go, there you have; there you have it
çà et là	here and there, hither and thither
ère commune	Common Era (secular equivalent of anno Dom
écaille de tortue	tortoiseshell (shell of a tortoise or of a; tortoiseshell cat; tortie
écart type	standard deviation
écarter les cuisses	to put out, to open one's legs
échange de bons procédés	two-way street, exchange of favours, excha
échange de tirs	exchange of fire
échange de vues	exchange of views
échange linguistique	language exchange
échec et mat	checkmate
échelle chromatique	chromatic scale
échelle de beaufort	Beaufort scale
échelle de corde	rope ladder
échelle diatonique	diatonic scale
échenilleur de la réunion	Réunion cuckooshrike (Lalage newtoni (Poll
éclair de génie	stroke of genius
éclairage public	street lighting
éclat de rire	a guffaw
éclater de rire	to burst out laughing
éclater en sanglots	to burst into tears
éclaté au sol	extremely lame, laughable
éclipse lunaire	lunar eclipse
éclipse solaire	solar eclipse
éclipse totale	total eclipse
éco-blanchiment	greenwash
éco-thriller	ecothriller
école de conduite	driving school
école de langue	language school
école de langues	language school
école de pensée	school of thought
école de vie	university of life, school of hard knocks
école maternelle	kindergarten, nursery school
école normale supérieure	a selective type of public service school
école primaire	primary school; primary education
école secondaire	secondary school; secondary education
économie circulaire	circular economy
économie d'échelle	economy of scale
économie de bouts de chandelle	cheeseparing
économie de guerre	war economy
économie de marché	market economy
économie de moyens	economy of means; economicalness (the prin
économie de subsistance	subsistence economy
économie mixte	mixed economy (market economy with governm
économie planifiée	planned economy
économie politique	political economy
économie souterraine	underground economy, shadow economy
écorché vif	a hypersensitive person; a bleeding heart
écoute active	active listening
écoute-s'il-pleut	watermill; pipedream, castle in the air
écouter aux portes	to eavesdrop, to listen in
écoutes téléphoniques	(plural only) phone hacking, phone tapping
écran bleu	blue screen of death
écran bleu de la mort	blue screen of death
écran d'accueil	the home screen on smartphones, tablets, e
écran de fumée	smokescreen; smokescreen, smoke and mirrors
écran de veille	screensaver
écran plasma	plasma display (flat-screen display, for t
écran plat	flatscreen
écran tactile	touch screen
écrase-merde	an unsophisticated shoe
écraser une mouche avec un marteau	to use a sledgehammer to crack a nut; to o
écrevisse signal	signal crayfish (Pacifastacus leniusculus)
écriture inclusive	gender-neutral writing
écume de mer	seafoam; meerschaum
écureuil d'eurasie	red squirrel (Sciurus vulgaris)
écureuil gris	gray squirrel (Sciurus carolinensis)
écureuil occidental	gray squirrel (Sciurus griseus)
écureuil roux	red squirrel (Sciurus vulgaris)
éditeur de texte	text editor
édition originale	editio princeps (first printed edition of
éducation civique	civics
éducation physique	physical education (element of an educatio
éducation spécialisée	special education
égalité des chances	equal opportunities (state of fairness in
éjaculateur précoce	premature ejaculator
éjaculation anhédonique	anhedonic ejaculation, ejaculatory anhedon
éjaculation précoce	premature ejaculation
éjaculation prématurée	premature ejaculation
éjaculation rétrograde	retrograde ejaculation
élan vital	élan vital
élargir ses horizons	to broaden one's horizons, to widen one's
élection partielle	by-election
électricité statique	static electricity (electric charge that h
électro-acoustique	electroacoustic
électro-encéphalogramme	electroencephalogram
électro-osmose	electroosmosis
électrodynamique quantique	quantum electrodynamics (the study of the
électron libre	free electron; free spirit, free agent; loose cannon; cat
élever au carré	to square (multiply by itself)
élire domicile	to take up residence somewhere, to choose
élu de son cœur	one's love, one's heart's desire, one's be
élément chimique	chemical element
élément de langage	stock expression, talking point (pre-estab
éléphant blanc	white elephant (mammal)
éléphant d'afrique	African elephant
éléphant d'asie	Asian elephant
éléphant de mer	sea elephant
émetteur-récepteur	transceiver
éminence grise	éminence grise
énergie atomique	atomic energy
énergie fossile	fossil energy; fossil fuel
énergie nucléaire	nuclear energy
énergie renouvelable	renewable energy
énergie solaire	solar energy
énergie verte	green energy
énurésie nocturne	bedwetting
épater la galerie	to impress the audience, to impress people
épaulé-jeté	clean and jerk
épeire diadème	European garden spider (Araneus diadematus
éperlan d'europe	European smelt (Osmerus eperlanus)
éperlan européen	European smelt (Osmerus eperlanus)
épervier d'europe	Eurasian sparrowhawk (Accipiter nisus)
épervière boréale	northern hawk owl (Surnia ulula)
épiaire de byzance	lamb's ears (Stachys byzantina K. Koch)
épiaire laineuse	lamb's ears (Stachys byzantina K. Koch)
épiaire laineux	lamb's ears
épicerie fine	delicatessen
épices d'automne	pumpkin spice
épicéa commun	Norway spruce (Picea abies)
épilobe en épi	fireweed, great willowherb (Chamaenerion a
épilobe à feuilles étroites	fireweed, great willowherb (Chamaenerion a
épine au pied	thorn in the flesh, thorn in someone's sid
épine dorsale	backbone, spine; backbone
épine-vinette	barberry
épinette de norvège	Norway spruce (Picea abies)
épingle de sûreté	safety pin
épingle à cheveux	hairpin
épingle à linge	clothes peg
épingle à nourrice	safety pin
épisode méditerranéen	a period of heavy rainfall occurring seaso
éponge à récurer	scrubbing brush
épreuve de force	showdown, power struggle
épreuve du feu	trial by fire, acid test
épreuve du temps	test of time
épreuve par le feu	trial by fire, acid test
épée de damoclès	sword of Damocles (a thing or situation wh
équation chimique	chemical equation
équation différentielle	differential equation
équation diophantienne	Diophantine equation (polynomial equation
équation du second degré	quadratic equation
équato-guinéen	Equatorial Guinean
équilibre de la terreur	balance of terror
équilibre de marché	market equilibrium
équilibre des pouvoirs	balance of power
équilibre hydrostatique	hydrostatic equilibrium
équilibre instable	unstable equilibrium
équinoxe d'automne	autumnal equinox, autumn equinox
équinoxe de printemps	vernal equinox, spring equinox
érable noir	black maple
érable plane	Norway maple (tree, Acer platanoides)
érable sycomore	sycamore maple, sycamore (tree, Acer pseud
érable à sucre	sugar maple
éristale de gates	Bill Gates' flower fly
éruption solaire	solar flare
étalement urbain	urban sprawl
étalon-or	gold standard
étant donné	given, in view of, in light of
étant donné que	given that, seeing that
état civil	personal data, personal information, perso; public records, civil registry (regi
état client	vassal state, client state (state that is
état d'esprit	state of mind (psychological state of some; mindset (a way of thinking; an attit
état d'urgence	state of emergency
état d'âme	misgiving
état de choc	state of shock
état de choses	state of affairs, situation
état de droit	nation of laws, rule-of-law state, constit
état de fait	state of affairs, real situation, factual
état de grâce	state of grace; honeymoon period; God mode
état de l'art	state of the art, latest developments in a; overview, survey, status report of a
état de la matière	state of matter (any of the different phas
état de la question	assessment of the current knowledge about
état de langue	a form of a language at any given time, se
état de nature	state of nature
état de santé	health status, health condition, state of
état de siège	state of siege (exceptional legal conditio
état de synthèse	summary report
état des lieux	inventory of fixtures, schedule of fixture; assessment of the situation; state o
état financier	annual account
état intéressant	interesting condition
état membre	member state, member country
état policier	police state
état quantique	quantum state
état second	trance, altered state
état vassal	vassal state
état-gendarme	night watchman state
état-nation	nation-state
état-providence	welfare state (social system in which the
états de service	service record
états-unien	United Statian, United Statesian; American; American citizen, U.S. citizen
étendue d'eau	body of water
étoile binaire	binary star, double star
étoile de bethléem	star of Bethlehem
étoile de david	Star of David
étoile de mer	starfish; dead fish, cold fish (a woman who doesn't
étoile du matin	morning star (planet Venus when in the Eas
étoile du soir	evening star; the planet Venus as seen in; evening star; any star seen in the ev
étoile filante	shooting star, falling star
étoile invitée	guest star
étoile jaune	yellow badge
étoile montante	rising star, up-and-comer (someone who is
étoile noire	dark star (extremely bright and massive hy
étoile variable	variable star
étoile à neutrons	neutron star (degenerate star that has bee
étouffe-chrétien	stodge, stodgy meal
étouffer dans l'œuf	to nip in the bud (literally, “to smother
étourneau commun	common starling (Sturnus vulgaris)
étourneau sansonnet	common starling (Sturnus vulgaris)
étrangler le borgne	to wank, masturbate (literally, “to choke
étreinte fatale	deadlock
étroit d'esprit	narrow-minded
étroitesse d'esprit	narrow-mindedness
étude de cas	case study (in-depth, detailed examination
étude de cohorte	cohort study (type of research project in
étude de marché	market research
études de genre	gender studies
études européennes	European studies
études sup	university
études supérieures	higher education, tertiary-level education
étudiant d'échange	exchange student
étymologie populaire	folk etymology
été de la saint-martin	Indian summer, St. Martin's summer (stretc
évaluation par les pairs	peer review
évasion fiscale	tax evasion
êtes-vous allergique à certains médicaments	are you allergic to any medications?
être assis entre deux chaises	to fall between two stools, to have a foot
être au bout de sa vie	to be exhausted
être au bout de son latin	to be at one's wits' end, to be at the end
être au fond du trou	to have hit rock bottom, to be in the dump
être au four et au moulin	to be all over the place; be in two places
être au plus bas	to have hit rock bottom, to be in the dump
être au rendez-vous	to be there, to be present
être au septième ciel	to be on cloud nine, to be on top of the w
être aux anges	to be on cloud nine, to be on top of the w
être aux petits soins	to see to (someone's) every need, to wait
être aux premières loges	to have a ringside seat, a box seat
être aux prises	to fight, to grapple
être bien vu	to be the done thing; to have a good reputation; to be well in w
être chargé comme une mule	to be heavily burdened, to be heavy-laden
être d'avis	to be of the opinion that; to think that,
être d'intelligence	to be in cahoots
être dans de beaux draps	to be up the creek without a paddle; be in
être dans la lune	to be lost in reveries; to be away with th
être dans la merde jusqu'au cou	to be up to your neck in trouble, to be up
être dans le coaltar	to be very tired, sleepy
être dans le gaz	to be half-awake, to be tired
être dans le mal	to not be feeling good, to have a thick he
être dans le même bateau	to be in the same boat (to be in the same
être dans le secret des dieux	to be in the know; to have inside informat
être dans les cordes de	to be up someone's alley
être dans les fordoches	to be in distress
être dans les nuages	to have one's head in the clouds
être dans les poux de bois	to be in distress
être dans les transes	to be shaking in one's boots; to be very a
être de bon conseil	to give good advice
être de la partie	to be included; to be coming, to be in, to; to be there, not to be lacking
être de la tarte	to be a piece of cake, to be very easy
être de mèche	to be in cahoots, to go cahoots
être de notoriété publique	to be common knowledge (that)
être debout	stand (be upright, support oneself on the
être dos au mur	to have one's back to the wall, to be up a
être du dernier bien	to be very close, to be on the best of ter
être du gâteau	to be a piece of cake, to be very easy
être du matin	to (like to) get up early, to be used to g
être du pareil au même	same difference, six of one, half a dozen
être en bonne odeur	to have a good name
être en bons termes	to be on good terms with
être en butte	to be exposed to, be subject to, be the bu
être en fonds	to have money, to be in funds
être en mauvais termes	to be on bad terms
être en mauvaise odeur	to have an ill name
être en odeur de sainteté	to be esteemed, to be popular, to be thoug
être fait comme un rat	to be cornered, to be a dead duck, to be d
être faux comme un jeton	to be phony as a three-dollar bill, to be
être grand temps	for it to be high time
être humain	a human being
être juge et partie	to act as judge in an affair in which one
être l'éclate	to be a total blast, to be a lot of fun
être le cas	be the case
être le pied	to be terrific, to be great (to be very pl
être logé à la même enseigne	to be treated in the same way, to be treat
être légion	to be legion, to be numerous, to abound
être mal vu	to be frowned upon
être moins une	to be a near thing, to be a close call
être pendu aux lèvres de	to hang on someone's every word
être plus catholique que le pape	to be more Catholic than the Pope, to go o
être plus royaliste que le roi	to be more Catholic than the Pope; to make
être porté sur la chose	to be keen on sex, to like sex; to be sex-
être pris entre deux feux	to be between a rock and a hard place, to
être question	to be about, to be all about, to be a ques
être sous la caca de vache	to not yet be born
être sur la corde raide	to walk a tightrope, to be on thin ice (to
être sur la même longueur d'onde	to be on the same wavelength
être sur la paille	to be ruined, to be penniless
être sur les dents	to be knackered, to be exhausted; to be on edge
être sur les nerfs	to be on edge (to be very tense and irrita
être sur les rotules	to be knackered, to be exhausted, to be on
être sur son départ	to be about to leave, to be on the way out
être sur son trente et un	to be dressed to the nines, to be dressed
être sur son trente-et-un	to be dressed to the nines, to be dressed
être sur toutes les lèvres	to be on everyone's lips, to be the talk o
être sur un petit nuage	to be on cloud nine, to be on top of the w
être un homme mort	to be a dead man, to be as good as dead, t
être victime de son succès	to become a victim of one's own success
être vivant	living being, living thing (something that
être à	to pertain to; to belong to; to be one's
être à cran	to be on edge, to be edgy (to be very tens
être à l'os	to be destitute, to be penniless
être à l'ouest	to be out to lunch, out of it, not with it
être à la bourre	to be late or rushed
être à la fête	to have a field day
être à la porte	to be locked out (of a building)
être à son avantage	to look good, to look one's best, to appea
être à ça de	to be [this] close to (doing something)
île flottante	floating island (dessert with beaten egg w
îles baléares	Balearic Islands (an archipelago, autonomo
îlot de chaleur	heat island; urban heat island; ellipsis of îlot de cha
îlot directionnel	traffic island
îlots de langerhans	islets of Langerhans
ô mon dieu	oh my God!
ôter la vie	to take (someone's) life, to kill
ôter les mots de la bouche	to take the words out of (someone's) mouth
ôter une épine du pied	to get out of a tight spot, to help out of
œil au beurre noir	black eye
œil de la providence	Eye of Providence
œil de lynx	eagle eye, sharp vision
œil du cyclone	eye of the storm (a region of calm weather; eye of the storm (a period of calm i
œil oudjat	Eye of Horus
œil poché	black eye
œil pour œil	an eye for an eye
œil-de-bœuf	bull's eye, oculus
œil-de-chat	cat's eye
œil-de-perdrix	œil-de-perdrix
œil-de-tigre	tiger's eye
œillet barbu	sweet william (Dianthus barbatus)
œillet d'inde	French marigold (Tagetes patula); Aztec marigold (Tagetes erecta)
œillet de poète	sweet william (Dianthus barbatus)
œillet des fleuristes	carnation (Dianthus caryophyllus)
œillet des prés	ragged robin (Silene flos-cuculi, syn. Lyc
œuf au plat	fried egg, sunny side up
œuf brouillé	scrambled egg
œuf de colomb	egg of Columbus (brilliant idea or discove
œuf de pâques	Easter egg
œuf dur	boiled egg (hard-boiled egg)
œuf miroir	mirror egg: medium-rare sunny-side-up egg
œuf sur le plat	fried egg, sunny side up
œuf tourné	over easy egg
œuf à la coque	boiled egg (soft-boiled egg)
œufs dans l'eau	a mnemonic for e dans l'o
œufs à la neige	floating island (dessert with beaten egg w
œuvre cinématographique	film, flick, motion picture, movie or pict
œuvre d'art	work of art (product of the fine arts); work of art, thing of beauty (anything b
œuvre orpheline	orphan work
œuvres mortes	topside (the parts of a vessel above the w
œuvres vives	quickwork (the submerged part of a hull); a person's vitals
