aa	NOUN:1
aar	PROPN:1
aarau	PROPN:1
aaron	PROPN:2
abaissant	ADJ:1
abaissement	NOUN:6
abaisser	VERB:4
abaissé	ADJ:2
abandon	NOUN:4
abandonner	VERB:3
abaque	NOUN:3
abasourdi	ADJ:2
abats	NOUN:1
abattage	NOUN:3
abattant	ADJ:1	NOUN:3
abattement	NOUN:3
abattis	NOUN:5
abattoir	NOUN:2
abattre	VERB:7
abaya	NOUN:1
abbatial	ADJ:1	NOUN:1
abbatiale	NOUN:1
abbaye	NOUN:1
abbesse	NOUN:1
abbeville	PROPN:1
abby	PROPN:1
abbé	NOUN:2
abc	NOUN:1
abcès	NOUN:1
abdallah	PROPN:1
abdelkrim	PROPN:2
abdeslam	PROPN:2
abdication	NOUN:1
abdiquer	VERB:2
abdo	NOUN:2
abdomen	NOUN:1
abdominal	ADJ:1
abdominaux	NOUN:2
abdos	NOUN:2
abdoul	PROPN:1
abdoulaye	PROPN:1
abduction	NOUN:2
abeille	NOUN:3	PROPN:1
abel	PROPN:2
aber	NOUN:1
aberdeen	PROPN:1
aberrant	ADJ:2
aberration	NOUN:3
abidjan	PROPN:1
abies	NOUN:1
abitbol	PROPN:1
abitibi	PROPN:2
abject	ADJ:2
abjection	NOUN:1
abjurer	VERB:3
abkhazie	PROPN:1
ablation	NOUN:2
able	NOUN:3
ablutions	NOUN:1
abnégation	NOUN:2
aboiement	NOUN:1
abois	NOUN:1
abolir	VERB:1
abolition	NOUN:1
abolitionniste	ADJ:1
abomey	PROPN:2
abominable	ADJ:2
abomination	NOUN:2
abondamment	ADV:1
abondance	NOUN:3
abondant	ADJ:1
abondement	NOUN:1
abonder	VERB:3
abonnement	NOUN:1
abonner	VERB:3
abonné	ADJ:1	NOUN:4
abord	NOUN:3
abordable	ADJ:4
abordage	NOUN:2
aborder	VERB:5
aborigène	ADJ:2	NOUN:2
abou	PROPN:2
aboubacar	PROPN:1
aboukir	PROPN:1
about	NOUN:1
aboutir	VERB:4
aboutissant	NOUN:1
aboutissement	NOUN:2
aboyer	VERB:3
abracadabra	INTJ:1	NOUN:2
abraham	PROPN:2
abrasif	ADJ:1	NOUN:1
abrasion	NOUN:1
abreuver	VERB:3
abreuvoir	NOUN:2
abri	NOUN:1
abribus	NOUN:1
abricot	NOUN:2	ADJ:1
abricotier	NOUN:1
abriter	VERB:3
abrogation	NOUN:1
abroger	VERB:1
abrupt	ADJ:3
abruptement	ADV:1
abruti	ADJ:2	NOUN:1
abrutir	VERB:4
abrutissement	NOUN:1
abruzzes	PROPN:2
abréger	VERB:3
abréviation	NOUN:1
abs	NOUN:1
absalom	PROPN:1
absalon	PROPN:1
abscisse	NOUN:1
abscons	ADJ:1
absence	NOUN:1
absent	ADJ:2	NOUN:1
absenter	VERB:1
absentéisme	NOUN:1
abside	NOUN:1
absinthe	NOUN:2
absolu	ADJ:1	NOUN:1
absolument	ADV:2
absolution	NOUN:2
absolutisme	NOUN:1
absolutiste	NOUN:1	ADJ:1
absorbant	ADJ:1	NOUN:1
absorber	VERB:1
absorption	NOUN:1
absoudre	VERB:1
absous	ADJ:1
abstenir	VERB:1
abstention	NOUN:1
abstinence	NOUN:3
abstraction	NOUN:1
abstraire	VERB:1
abstrait	ADJ:1
absurde	ADJ:1
absurdité	NOUN:2
abus	NOUN:1
abuser	VERB:4
abusif	ADJ:1
abusivement	ADV:1
abyme	NOUN:6
abyssal	ADJ:2
abysse	NOUN:2
abyssinie	PROPN:1
abécédaire	ADJ:1	NOUN:1
abélard	PROPN:2
abîme	NOUN:6
abîmer	VERB:4
ac	ADP:1
acabit	NOUN:1
acacia	NOUN:1
acadie	PROPN:2
acadien	ADJ:1	NOUN:1
académicien	NOUN:1
académie	NOUN:1
académique	NOUN:1
académisme	NOUN:1
acajou	NOUN:2
acanthe	NOUN:1
acarien	NOUN:1
acariâtre	ADJ:1
accablant	ADJ:2
accabler	VERB:2
accablé	ADJ:2
accalmie	NOUN:2
accaparement	NOUN:2
accaparer	VERB:3
accent	NOUN:5
accentuation	NOUN:1
accentuer	VERB:3
acceptabilité	NOUN:1
acceptable	ADJ:1
acceptation	NOUN:2
accepter	VERB:1
acception	NOUN:1
accessibilité	NOUN:1
accessible	ADJ:3
accession	NOUN:2
accessit	NOUN:1
accessoire	NOUN:2	ADJ:1
accessoirement	ADV:1
accessoiriste	NOUN:1
accident	NOUN:1
accidentel	ADJ:1
accidentellement	ADV:1
accidentologie	NOUN:1
accidenté	ADJ:3
accise	NOUN:1
acclamation	NOUN:1
acclamer	VERB:1
acclimatation	NOUN:1
acclimater	VERB:1
accolade	NOUN:3
accoler	VERB:2
accolé	ADJ:2
accommodant	ADJ:1
accommodation	NOUN:1
accommodement	NOUN:1
accommoder	VERB:1
accompagnateur	NOUN:2
accompagnement	NOUN:2
accompagner	VERB:1
accomplir	VERB:2
accomplissement	NOUN:1
accord	NOUN:3
accorder	VERB:8
accordeur	NOUN:2
accordéon	NOUN:1
accordéoniste	NOUN:1
accostage	NOUN:1
accoster	VERB:3
accotement	NOUN:1
accouchement	NOUN:1
accoucher	VERB:5
accoucheur	NOUN:2
accoudoir	NOUN:1
accouplement	NOUN:2
accoupler	VERB:3
accourir	VERB:1
accoutrement	NOUN:2
accoutumance	NOUN:2
accoutumer	VERB:2
accoutumé	ADJ:1
accro	ADJ:1	NOUN:1
accrobranche	NOUN:1
accroc	NOUN:3
accrochage	NOUN:3
accroche	NOUN:2
accrocher	VERB:8
accrocheur	ADJ:2	NOUN:1
accroire	VERB:1
accroissant	ADJ:1
accroissement	NOUN:1
accroupir	VERB:3
accroître	VERB:2
accréditation	NOUN:1
accréditer	VERB:1
accrédité	ADJ:1
accrétion	NOUN:1
accu	NOUN:1
accueil	NOUN:3
accueillant	ADJ:1
accueillir	VERB:2
acculer	VERB:1
acculturation	NOUN:1
accumulateur	NOUN:1
accumulation	NOUN:2
accumuler	VERB:1
accusateur	ADJ:1	NOUN:1
accusatif	NOUN:1
accusation	NOUN:1
accuser	VERB:4
accès	NOUN:2
accédant	NOUN:1
accéder	VERB:4
accélérateur	ADJ:1	NOUN:2
accélération	NOUN:1
accélérer	VERB:1
accéléromètre	NOUN:1
accéléré	NOUN:1
ace	NOUN:1
acerbe	ADJ:2
achab	PROPN:1
achalandage	NOUN:3
achalandé	ADJ:1
achard	NOUN:1	PROPN:1
acharnement	NOUN:2
acharner	VERB:4
acharné	ADJ:1
achat	NOUN:1
achaïe	PROPN:1
ache	NOUN:2
acheminement	NOUN:1
acheminer	VERB:2
acheter	VERB:1
acheteur	NOUN:1
achever	VERB:3
achigan	NOUN:1
achille	PROPN:2
achoppement	NOUN:1
achour	NOUN:2	PROPN:1
achoura	PROPN:1
achèvement	NOUN:1
acide	ADJ:2	NOUN:2
acidification	NOUN:1
acidité	NOUN:1
acidose	NOUN:1
acidulé	ADJ:1
acier	NOUN:1
aciérie	NOUN:1
acl	NOUN:1
acmé	NOUN:2
acné	NOUN:1
acolyte	NOUN:2
acompte	NOUN:1
aconit	NOUN:1
acouphène	NOUN:1
acoustique	ADJ:1	NOUN:1
acquiescement	NOUN:1
acquiescer	VERB:1
acquisition	NOUN:3
acquittement	NOUN:4
acquitter	VERB:4
acquitté	ADJ:1
acquéreur	NOUN:1
acquérir	VERB:3
acre	NOUN:1	PROPN:2
acrobate	NOUN:1
acrobatie	NOUN:2
acrobatique	ADJ:1
acronyme	NOUN:1
acropole	NOUN:1
acrylique	ADJ:1
actant	NOUN:1
acte	NOUN:1
acter	VERB:2
acteur	NOUN:1
actif	ADJ:2	NOUN:3
action	NOUN:4
actionnaire	NOUN:1
actionnariat	NOUN:2
actionner	VERB:1
activant	VERB:5
activateur	NOUN:1
activation	NOUN:1
activement	ADV:1
activer	VERB:5
activisme	NOUN:1
activiste	NOUN:1
activité	NOUN:3
acton	PROPN:1
actrice	NOUN:1
actu	NOUN:1
actuaire	NOUN:1
actualisation	NOUN:2
actualiser	VERB:2
actualité	NOUN:3
actuel	ADJ:1
actuellement	ADV:2
actée	NOUN:1
acuité	NOUN:1
acupuncture	NOUN:1
acéré	ADJ:2
acétate	NOUN:2
acétique	ADJ:1
acétone	NOUN:1
acétylcholine	NOUN:1
acétylène	NOUN:1
ada	NOUN:1
adage	NOUN:1
adagio	ADV:1
adam	PROPN:2
adaptabilité	NOUN:1
adaptable	ADJ:1
adaptateur	NOUN:1	ADJ:1
adaptatif	ADJ:1
adaptation	NOUN:1
adapter	VERB:2
addict	ADJ:1	NOUN:1
addictif	ADJ:1
addiction	NOUN:1
addictologie	NOUN:1
additif	NOUN:2	ADJ:1
addition	NOUN:2
additionnel	ADJ:1
additionner	VERB:1
adducteur	NOUN:1
adduction	NOUN:1
adeline	PROPN:1
adepte	ADJ:1	NOUN:2
adhérence	NOUN:2
adhérent	ADJ:1	NOUN:1
adhérer	VERB:3
adhésif	ADJ:1
adhésion	NOUN:2
adiabatique	ADJ:1
adieu	INTJ:4	NOUN:1
adipeux	ADJ:1
adjacent	ADJ:1
adjani	PROPN:1
adjectif	ADJ:1
adjoindre	VERB:2
adjoint	NOUN:2
adjointe	NOUN:1
adjonction	NOUN:1
adjudant	NOUN:1
adjudicataire	NOUN:1
adjudication	NOUN:2
adjuger	VERB:3
adjuvant	ADJ:1
adm	NOUN:1
admettre	VERB:2
administrateur	NOUN:1
administratif	ADJ:1
administration	NOUN:1
administrativement	ADV:1
administrer	VERB:1
admirable	ADJ:1
admirablement	ADV:1
admirateur	NOUN:1
admiratif	ADJ:1
admiration	NOUN:1
admirer	VERB:1
admissibilité	NOUN:1
admissible	ADJ:1
admission	NOUN:1
adn	NOUN:1
ado	NOUN:1
adobe	NOUN:1
adolescence	NOUN:1
adolescent	ADJ:1
adolphe	PROPN:1
adon	NOUN:2
adonner	VERB:5
adoptant	NOUN:1
adopter	VERB:4
adoptif	ADJ:1
adoption	NOUN:1
adorable	ADJ:1
adorateur	NOUN:1
adoration	NOUN:1
adorer	VERB:2
adosser	VERB:3
adoubement	NOUN:1
adoucir	VERB:8
adoucissant	ADJ:2	NOUN:2
adoucissement	NOUN:1
adour	PROPN:1
adq	PROPN:1
adressage	NOUN:1
adresse	NOUN:6
adresser	VERB:2
adriatique	PROPN:1
adrien	PROPN:1
adrienne	PROPN:1
adroit	ADJ:1
adroitement	ADV:1
adrénaline	NOUN:1
adsorption	NOUN:1
adulation	NOUN:1
adulte	ADJ:1
adultère	ADJ:1	NOUN:2
advenir	VERB:1
adventice	ADJ:2	NOUN:1
adventiste	NOUN:1
adverbe	NOUN:1
adversaire	NOUN:1
adverse	ADJ:1
adversité	NOUN:1
adèle	PROPN:1	NOUN:1
adélard	PROPN:1
adélaïde	PROPN:2
adélie	PROPN:1
adénome	NOUN:1
adénosine	NOUN:1
adéquat	ADJ:1
adéquatement	ADV:1
adéquation	NOUN:1
aele	PROPN:1
afar	NOUN:2	ADJ:1
affable	ADJ:1
affabulation	NOUN:2
affaiblir	VERB:2
affaiblissant	ADJ:1
affaiblissement	NOUN:1
affaire	NOUN:8
affairiste	NOUN:2
affairé	ADJ:1
affaissement	NOUN:2
affaisser	VERB:4
affaler	VERB:2
affalé	ADJ:1
affamer	VERB:1
affamé	ADJ:1
affect	NOUN:1
affectation	NOUN:4
affecter	VERB:4
affectif	ADJ:1
affection	NOUN:2
affectivement	ADV:2
affectivité	NOUN:1
affectueusement	ADV:1
affectueux	ADJ:1
affermir	VERB:4
affichage	NOUN:2
afficher	VERB:5
affichette	NOUN:1
afficheur	NOUN:2
affidavit	NOUN:1
affiliation	NOUN:1
affilier	VERB:1
affinage	NOUN:2
affiner	VERB:3
affinité	NOUN:2
affirmatif	ADJ:1	INTJ:1
affirmation	NOUN:1
affirmer	VERB:1
affixe	NOUN:1
affleurant	ADJ:1
affleurement	NOUN:1
affliction	NOUN:1
affligeant	ADJ:2
affluence	NOUN:2
affluent	ADJ:1	NOUN:1
affluer	VERB:2
afflux	NOUN:2
affolant	ADJ:1
affolement	NOUN:2
affoler	VERB:5
affranchi	NOUN:1
affranchir	VERB:6
affranchissement	NOUN:2
affres	NOUN:2
affreusement	ADV:1
affreux	ADJ:3
affront	NOUN:1
affrontement	NOUN:1
affronter	VERB:2
affrètement	NOUN:1
affréter	VERB:1
affubler	VERB:3
afférent	ADJ:2
affût	NOUN:4
affûter	VERB:5
afghan	NOUN:2	ADJ:1
afghanistan	PROPN:1
afin	SCONJ:2
afm	NOUN:2
africain	ADJ:1	NOUN:1
afrikaans	NOUN:1
afrikaner	ADJ:1
afrique	PROPN:1
afro	NOUN:1
afro-américain	ADJ:1
aga	NOUN:1
agace	NOUN:1
agacement	NOUN:1
agacer	VERB:2
agamemnon	PROPN:1
agate	NOUN:1
agathe	PROPN:1
agave	NOUN:1
agaçant	ADJ:1
agde	PROPN:1
age	NOUN:2
agen	PROPN:1
agence	NOUN:1
agencement	NOUN:1
agencer	VERB:2
agencé	ADJ:2
agenda	NOUN:1
agenouiller	VERB:1
agent	NOUN:1
agglo	NOUN:1
agglomération	NOUN:2
aggloméré	NOUN:1
agglutination	NOUN:1
aggravation	NOUN:1
aggraver	VERB:2
agha	NOUN:1
agile	ADJ:1
agilité	NOUN:1
agir	VERB:5
agissement	NOUN:1
agitateur	NOUN:1
agitation	NOUN:5
agiter	VERB:2
agly	PROPN:1
agneau	NOUN:3	PROPN:1
agnosticisme	NOUN:1
agnostique	ADJ:1
agnès	PROPN:1
agonie	NOUN:1
agonisant	ADJ:1
agoniser	VERB:2
agora	NOUN:1
agoraphobe	ADJ:1	NOUN:1
agoraphobie	NOUN:1
agrafe	NOUN:2
agrafeuse	NOUN:1
agraire	ADJ:1
agrandir	VERB:5
agrandissement	NOUN:1
agresser	VERB:1
agresseur	NOUN:1
agressif	ADJ:1
agression	NOUN:1
agressivement	ADV:1
agressivité	NOUN:1
agreste	ADJ:1	NOUN:1
agri	NOUN:1
agricole	ADJ:1
agriculteur	NOUN:1
agricultural	ADJ:1
agriculture	NOUN:1
agripper	VERB:1
agro-alimentaire	ADJ:1
agroalimentaire	ADJ:1
agroforesterie	NOUN:1
agronome	NOUN:1
agronomie	NOUN:1
agronomique	ADJ:1
agroécologie	NOUN:1
agrume	NOUN:1
agrès	NOUN:4
agréable	ADJ:1
agréablement	ADV:1
agréer	VERB:2
agrégat	NOUN:1
agrégateur	NOUN:1
agrégation	NOUN:2
agréger	VERB:4
agrément	NOUN:2
agrémenter	VERB:3
aguerri	ADJ:2
aguerrir	VERB:1
ah	INTJ:1
ahi	INTJ:1
ahuri	ADJ:1
ahurissant	ADJ:1
aide	NOUN:3
aider	VERB:2
aigle	NOUN:4
aiglon	NOUN:1
aigre	ADJ:2
aigrette	NOUN:4
aigreur	NOUN:2
aigri	ADJ:1
aigu	ADJ:5
aigue-marine	ADJ:1
aiguillage	NOUN:2
aiguille	NOUN:5
aiguiller	VERB:2
aiguilleur	NOUN:2
aiguillon	NOUN:3
aiguiser	VERB:3
aiguisé	ADJ:1
ail	NOUN:1
aile	NOUN:6
aileron	NOUN:4
ailette	NOUN:1
ailier	NOUN:3
ailleurs	ADV:1
ailé	ADJ:2
aimable	ADJ:1
aimablement	ADV:1
aimantation	NOUN:1
aimer	VERB:2
ain	PROPN:2
aine	NOUN:1
ainsi	ADV:1
air	NOUN:4
airain	NOUN:2
airbag	NOUN:2
aire	NOUN:6
ais	NOUN:1
aisance	NOUN:1
aise	NOUN:3	ADJ:1
aisne	PROPN:2
aisselle	NOUN:1
aisé	ADJ:4
aisément	ADV:1
aix-en-provence	PROPN:1
aix-la-chapelle	PROPN:1
aixois	NOUN:1	ADJ:1
aj	NOUN:1
ajaccio	PROPN:1
ajd	ADV:2
ajourd'hui	ADV:2
ajournement	NOUN:4
ajourner	VERB:1
ajourné	ADJ:1
ajouré	ADJ:1
ajout	NOUN:2
ajouter	VERB:1
ajustable	ADJ:1
ajustage	NOUN:2
ajustement	NOUN:1
ajuster	VERB:1
ajusteur	NOUN:2
ak	ADP:1
akiko	PROPN:1
akka	PROPN:1
akram	PROPN:2
al	PRON:1
alabama	NOUN:1	PROPN:2
alain	PROPN:1	ADJ:1
alaire	ADJ:1
alais	PROPN:1
alaise	NOUN:1
alambic	NOUN:1
alambiqué	ADJ:2
alaouite	NOUN:1
alaphilippe	PROPN:1
alarmant	ADJ:1
alarme	NOUN:2
alarmer	VERB:1
alarmiste	NOUN:1
alaska	PROPN:1
alat	PROPN:1
alban	PROPN:1
albanais	NOUN:2	ADJ:1
albane	PROPN:1
albanie	PROPN:1
albatros	NOUN:1
albert	PROPN:2
alberta	PROPN:1
albertain	NOUN:1	ADJ:1
albertine	PROPN:1
albi	PROPN:1
albigeois	ADJ:1
albinos	ADJ:1
albion	NOUN:1
album	NOUN:1
albumine	NOUN:1
albâtre	NOUN:2
alcalin	ADJ:2
alcaloïde	NOUN:1
alcazar	NOUN:1
alceste	PROPN:2
alchimie	NOUN:1
alchimique	ADJ:1
alchimiste	NOUN:1
alcibiade	PROPN:1
alcohol	NOUN:2
alcool	NOUN:2
alcoolique	ADJ:2	NOUN:1
alcoolisation	NOUN:1
alcoolisme	NOUN:1
alcoolisé	ADJ:1
alcoolo	ADJ:1	NOUN:1
alcoolémie	NOUN:1
alcootest	NOUN:2
alcôve	NOUN:1
aldebaran	PROPN:1
aldéhyde	NOUN:1
ale	NOUN:1
alentour	ADV:1
alentours	NOUN:1
alençon	PROPN:1
alep	PROPN:2
alerte	ADJ:2
alerter	VERB:1
alex	PROPN:1
alexandra	PROPN:1	NOUN:1
alexandre	PROPN:2
alexandrie	PROPN:3
alexandrin	NOUN:2	ADJ:1
alexandrine	PROPN:1
alexia	PROPN:1
alexis	PROPN:1
alezan	ADJ:1	NOUN:2
alfa	NOUN:1
alfortville	PROPN:1
alfred	PROPN:1
alger	PROPN:2
algo	NOUN:1
algonquin	NOUN:1	ADJ:1
algorithme	NOUN:1
algorithmique	ADJ:1	NOUN:1
algue	NOUN:1
algèbre	NOUN:1
algébrique	ADJ:1
algérie	PROPN:1
algérien	ADJ:2	NOUN:3
algérois	ADJ:1
alias	ADV:1
alibi	NOUN:1
alice	PROPN:1
alicia	PROPN:1
alien	NOUN:1
alignement	NOUN:1
aligner	VERB:1
aligot	NOUN:1
aliment	NOUN:1
alimentaire	ADJ:3
alimentation	NOUN:3
alimenter	VERB:4
aline	PROPN:1
alinéa	NOUN:3
alise	NOUN:1
alité	ADJ:1
alix	PROPN:1
alizé	NOUN:1	PROPN:1
alizée	PROPN:1
aliénation	NOUN:1
aliéner	VERB:1
aliénor	PROPN:1
aliéné	NOUN:1
allaire	PROPN:1
allaitant	ADJ:1
allaitement	NOUN:2
allaiter	VERB:2
allard	PROPN:1
alle	PRON:1
allegro	NOUN:1
allemagne	PROPN:1
allemand	NOUN:2	ADJ:2
aller	VERB:7	NOUN:1
aller-retour	NOUN:3
allergie	NOUN:1
allergique	ADJ:1
allergologue	NOUN:1
allergène	NOUN:1	ADJ:1
alleu	NOUN:1
alliage	NOUN:4
alliance	NOUN:2
allier	VERB:2	PROPN:2
alligator	NOUN:1
allitération	NOUN:1
allié	ADJ:1	NOUN:2
allocataire	NOUN:1
allocation	NOUN:3
allocs	NOUN:1
allocution	NOUN:1
allongement	NOUN:1
allonger	VERB:7
allouer	VERB:1
allumage	NOUN:2
allumer	VERB:7
allumette	NOUN:2
allumeur	NOUN:5
allumeuse	NOUN:1
allumé	ADJ:7
allure	NOUN:5
allusion	NOUN:1
allège	NOUN:1
allègement	NOUN:1
allègre	ADJ:1
allègrement	ADV:2
allèle	NOUN:1
alléchant	ADJ:2
allégation	NOUN:1
allégeance	NOUN:1
allégement	NOUN:1
alléger	VERB:3
allégorie	NOUN:1
allégorique	ADJ:1
allégrement	ADV:1
allégresse	NOUN:1
alléluia	INTJ:1
allô	INTJ:4
almanach	NOUN:1
aloi	NOUN:1
alopécie	NOUN:1
alors	ADV:2	INTJ:1
alouette	NOUN:1	INTJ:1
alourdir	VERB:2
alourdissement	NOUN:1
aloès	NOUN:1
alp	X:1
alpaga	NOUN:1
alpage	NOUN:1
alpaguer	VERB:1
alpe	NOUN:1
alpes	PROPN:1
alpes-maritimes	PROPN:1
alpestre	ADJ:1
alpha	NOUN:1
alphabet	NOUN:1
alphabétique	ADJ:1
alphabétisation	NOUN:2
alphonse	PROPN:1	NOUN:1
alphonsine	PROPN:1	ADJ:1
alphée	PROPN:1
alpin	ADJ:1
alpinisme	NOUN:1
alpiniste	NOUN:1
alsace	PROPN:1	NOUN:1
alsace-lorraine	PROPN:1
alsacien	ADJ:1	NOUN:1
altaï	PROPN:1
altercation	NOUN:1
altermondialiste	ADJ:1
alternance	NOUN:1
alternateur	ADJ:1	NOUN:1
alternatif	ADJ:2
alternative	NOUN:1
alternativement	ADV:2
alterner	VERB:1
altesse	NOUN:1
altier	ADJ:1
altimètre	NOUN:1
altiste	NOUN:2
altitude	NOUN:1
alto	NOUN:1
altruisme	NOUN:1
altruiste	ADJ:1	NOUN:1
altération	NOUN:1
altérer	VERB:2
altérité	NOUN:1
altéré	ADJ:1
alu	NOUN:1
alumine	NOUN:1
aluminium	NOUN:1
alun	NOUN:1
alunissage	NOUN:1
alvin	ADJ:1
alvéolaire	ADJ:1
alvéole	NOUN:4
alès	PROPN:1
aléa	NOUN:2
aléatoire	ADJ:2
aléatoirement	ADV:2
alémanique	ADJ:1
aléna	PROPN:1
alésage	NOUN:1
ama	PROPN:1
amabilité	NOUN:3
amabilités	NOUN:1
amadou	PROPN:1	NOUN:2
amadouer	VERB:3
amaigrissement	NOUN:1
amal	NOUN:1
amalgame	NOUN:3
amalgamer	VERB:1
amalric	PROPN:2
amand	PROPN:1
amanda	PROPN:1
amande	NOUN:2
amandier	NOUN:1
amandine	NOUN:1	PROPN:1
amant	NOUN:3
amar	PROPN:1
amarante	ADJ:1	NOUN:3
amari	PROPN:1
amarrage	NOUN:2
amarre	NOUN:1
amarrer	VERB:2
amaryllis	NOUN:1
amas	NOUN:2
amasser	VERB:3
amateur	NOUN:2	ADJ:1
amateurisme	NOUN:2
amaury	PROPN:2
amazigh	ADJ:1	NOUN:1
amazone	PROPN:1	NOUN:4
amazonie	PROPN:1
amazonien	ADJ:1
ambassade	NOUN:1
ambassadeur	NOUN:1
ambassadrice	NOUN:2
ambiance	NOUN:1
ambiant	ADJ:1
ambidextre	ADJ:1	NOUN:1
ambigu	ADJ:1	NOUN:2
ambiguïté	NOUN:1
ambitieux	ADJ:1
ambition	NOUN:1
ambivalence	NOUN:2
ambivalent	ADJ:2
ambre	NOUN:1	PROPN:1
ambroisie	NOUN:2
ambré	ADJ:2
ambulance	NOUN:1
ambulancier	NOUN:1
ambulant	ADJ:1
ambulatoire	ADJ:1
amc	PROPN:1
amen	INTJ:1
amende	NOUN:1
amendement	NOUN:1
amender	VERB:3
amener	VERB:3
amenuiser	VERB:4
amer	ADJ:2
americana	NOUN:1
amerrissage	NOUN:2
amertume	NOUN:1
ameublement	NOUN:1
ameuter	VERB:2
amha	ADV:1
amherst	PROPN:1
ami	NOUN:2
amiable	ADJ:1
amiante	NOUN:1
amibe	NOUN:1
amical	ADJ:1
amicalement	ADV:1
amide	NOUN:1
amidon	NOUN:1
amie	NOUN:1
amiel	PROPN:1
amiens	PROPN:1
amin	PROPN:1
amincissant	ADJ:1
amincissement	NOUN:1
amine	NOUN:1	PROPN:1
aminé	ADJ:1
amiral	ADJ:1	NOUN:1
amirauté	NOUN:1
amitié	NOUN:1
amitiés	NOUN:1
amiénois	ADJ:1	NOUN:1
amman	PROPN:1
ammoniac	NOUN:1	ADJ:1
ammonium	NOUN:1
amniotique	ADJ:1
amnistie	NOUN:1
amnésie	NOUN:1
amnésique	ADJ:1
amoindrir	VERB:3
amoncellement	NOUN:1
amont	NOUN:2
amoral	ADJ:1
amorce	NOUN:4
amorcer	VERB:8
amorphe	ADJ:3
amorti	NOUN:2
amortie	NOUN:1
amortir	VERB:4
amortissement	NOUN:2
amortisseur	NOUN:2
amorçage	NOUN:3
amos	PROPN:2
amour	NOUN:1	PROPN:2
amourette	NOUN:1
amoureusement	ADV:1
amoureux	ADJ:2	NOUN:1	PROPN:1
amovible	ADJ:2
amphi	NOUN:1
amphibie	ADJ:1	NOUN:1
amphibien	NOUN:1
amphipolis	PROPN:1
amphithéâtre	NOUN:2
amphitryon	NOUN:1	PROPN:1
amphore	NOUN:1
amphétamine	NOUN:1
ample	ADJ:2
amplement	ADV:1
ampleur	NOUN:4
ampli	NOUN:1
amplificateur	NOUN:1
amplification	NOUN:1
amplifier	VERB:1
amplitude	NOUN:1
ampoule	NOUN:4
ampoulé	ADJ:1
amputation	NOUN:1
amputer	VERB:1
ampère	NOUN:1	PROPN:1
amrani	PROPN:1
amsterdam	PROPN:1
amt	PROPN:1
amulette	NOUN:1
amusant	ADJ:2
amusement	NOUN:1
amuser	VERB:2
amuseur	NOUN:2
amygdale	NOUN:1
amylase	NOUN:1
amyloïde	ADJ:1
amyotrophique	ADJ:1
amèrement	ADV:1
amédée	PROPN:1
amélie	PROPN:1
améliorant	ADJ:1
amélioration	NOUN:1
améliorer	VERB:1
aménagement	NOUN:5
aménager	VERB:2
aménageur	NOUN:1
aménorrhée	NOUN:1
américain	ADJ:3	NOUN:4
américanisation	NOUN:1
américanisme	NOUN:1
amérindien	ADJ:1
amérique	PROPN:2
améthyste	NOUN:1
an	NOUN:1
anachronique	ADJ:1
anachronisme	NOUN:1
anaconda	NOUN:1
anagramme	NOUN:1
anal	ADJ:1
analgésie	NOUN:1
analgésique	NOUN:1
analogie	NOUN:1
analogique	ADJ:2
analogue	ADJ:1	NOUN:1
analphabète	ADJ:1	NOUN:1
analphabétisme	NOUN:1
analyse	NOUN:1
analyser	VERB:2
analyseur	NOUN:1
analyste	NOUN:1
analytique	ADJ:1
anamnèse	NOUN:1
anamorphose	NOUN:1
ananas	NOUN:1
anaphore	NOUN:1
anaphylactique	ADJ:1
anar	ADJ:1
anarchie	NOUN:2
anarchique	ADJ:1
anarchisme	NOUN:1
anarchiste	ADJ:1	NOUN:1
anastase	NOUN:1	PROPN:1
anastasie	PROPN:1
anastomose	NOUN:1
anathème	NOUN:1
anatole	PROPN:1
anatolie	PROPN:1
anatomie	NOUN:4
anatomique	ADJ:1
anatomiquement	ADV:1
anatomiste	NOUN:1
anaérobie	ADJ:1	NOUN:1
anaïs	PROPN:1
ancestral	ADJ:1
anche	NOUN:3
anchois	NOUN:1
anchorage	PROPN:1
ancien	ADJ:2	NOUN:1
anciennement	ADV:1
ancienneté	NOUN:2
ancrage	NOUN:2
ancre	NOUN:1
ancrer	VERB:2
ancêtre	NOUN:3
ancône	PROPN:2
andalou	ADJ:1	NOUN:1
andalous	ADJ:1
andalousie	PROPN:1
andalus	PROPN:1
andante	ADV:1
anderlecht	PROPN:1
andie	PROPN:1
andin	ADJ:1
andorre	PROPN:1
andorre-la-vieille	PROPN:1
andouille	NOUN:2
andouillette	NOUN:1
andrea	PROPN:1
andrinople	NOUN:1	PROPN:1
androgyne	ADJ:1	NOUN:2
andromède	PROPN:2	NOUN:1
andros	PROPN:2
androïde	NOUN:1
andré	PROPN:3
andrée	PROPN:1
anecdote	NOUN:1
anecdotique	ADJ:1
anesthésiant	ADJ:1
anesthésie	NOUN:1
anesthésier	VERB:1
anesthésique	ADJ:1
anesthésiste	NOUN:1
aneth	NOUN:1
ange	NOUN:1	PROPN:1
angelin	ADJ:1	NOUN:1
angeline	PROPN:1
angelus	NOUN:2
angers	PROPN:1
angevin	NOUN:2	ADJ:2
angine	NOUN:2
angiographie	NOUN:1
anglade	PROPN:2
anglais	ADJ:2	NOUN:3
angle	NOUN:4
anglet	NOUN:1
angleterre	PROPN:2
anglican	NOUN:1
anglicisme	NOUN:1
anglo-américain	ADJ:1
anglo-français	ADJ:1	NOUN:1
anglo-normand	ADJ:1
anglo-saxon	NOUN:1	ADJ:2
anglois	NOUN:3
anglophone	ADJ:1	NOUN:1
angoissant	ADJ:1
angoisse	NOUN:4
angoisser	VERB:1
angola	PROPN:1
angolais	NOUN:1	ADJ:1
angora	NOUN:1	PROPN:1
angoulême	PROPN:1
angoumois	PROPN:1	ADJ:2
anguille	NOUN:1
angulaire	ADJ:2
anguleux	ADJ:2
angèle	PROPN:1
angélina	PROPN:1
angéline	PROPN:1
angélique	PROPN:1	ADJ:2	NOUN:2
angélisme	NOUN:1
angélus	NOUN:2
anhydre	ADJ:2
anhydride	NOUN:1
ani	NOUN:1
aniane	PROPN:1
anicroche	NOUN:1
aniline	NOUN:1
animal	NOUN:1
animalerie	NOUN:2
animalier	ADJ:1	NOUN:1
animalité	NOUN:1
animateur	NOUN:2
animation	NOUN:1
animer	VERB:4
animisme	NOUN:1
animiste	NOUN:1
animosité	NOUN:1
animé	ADJ:3	NOUN:1
anis	NOUN:1
anita	PROPN:1
anjou	PROPN:2
anjouan	PROPN:1
ankara	PROPN:2
anna	PROPN:1
annabelle	PROPN:1
annam	PROPN:2
anne	PROPN:4
anne-marie	PROPN:1
anne-sophie	PROPN:1
anneau	NOUN:4
annecy	PROPN:1
annette	PROPN:1
annexe	NOUN:1	ADJ:1
annexer	VERB:1
annexion	NOUN:1
annick	PROPN:1
annie	PROPN:1
annihilation	NOUN:1
annihiler	VERB:1
anniv	NOUN:2
anniversaire	NOUN:2
annonay	PROPN:1
annoncer	VERB:6
annonceur	NOUN:2
annonciateur	NOUN:1	ADJ:1
annonciation	PROPN:1	NOUN:1
annotation	NOUN:1
annoter	VERB:1
annuaire	NOUN:2
annuel	ADJ:2
annuellement	ADV:1
annuité	NOUN:3
annulaire	ADJ:1	NOUN:1
annulation	NOUN:1
annuler	VERB:1
année	NOUN:1	PROPN:1
année-lumière	NOUN:3
anoblissement	NOUN:1
anode	NOUN:1
anodin	ADJ:4
anomalie	NOUN:1
anomie	NOUN:1
anonymat	NOUN:1
anonyme	ADJ:1	NOUN:1
anonymement	ADV:1
anonymisation	NOUN:1
anorak	NOUN:1
anorexie	NOUN:1
anorexique	ADJ:1	NOUN:1
anormal	ADJ:1
anormalement	ADV:1
anormalité	NOUN:1
anouchka	PROPN:1
anouilh	PROPN:1
anquetil	PROPN:1
anse	NOUN:3
anselme	PROPN:1
anspach	PROPN:1
antagonisme	NOUN:1
antagoniste	NOUN:2	ADJ:2
antalgique	ADJ:1	NOUN:1
antan	NOUN:2
antananarivo	PROPN:1
antarctique	PROPN:1	ADJ:1
antarès	NOUN:1
ante	NOUN:1
antenne	NOUN:4
anthologie	NOUN:1
anthony	PROPN:1
anthracite	NOUN:1
anthrax	NOUN:1
anthropique	ADJ:2
anthropologie	NOUN:1
anthropologique	ADJ:1
anthropologue	NOUN:1
anthropomorphe	ADJ:1
anthropomorphique	ADJ:1
anthropomorphisme	NOUN:1
anti-aérien	ADJ:2
anti-drogue	ADJ:1
antibactérien	ADJ:1
antibes	PROPN:1
antibiotique	NOUN:1
anticancéreux	ADJ:1
anticapitalisme	NOUN:1
anticapitaliste	ADJ:1
antichambre	NOUN:1
antichar	ADJ:1
antichrist	NOUN:1
anticipation	NOUN:1
anticiper	VERB:1
anticlinal	ADJ:1	NOUN:1
anticlérical	ADJ:1
anticléricalisme	NOUN:1
anticoagulant	ADJ:1	NOUN:1
anticolonialiste	ADJ:1
anticommunisme	NOUN:1
anticommuniste	ADJ:1
anticonformiste	ADJ:1
anticonstitutionnel	ADJ:1
anticorps	NOUN:1
anticorruption	ADJ:1
anticyclone	NOUN:1
antidopage	ADJ:1
antidote	NOUN:1
antidouleur	NOUN:1	ADJ:1
antidrogue	ADJ:1
antidémocratique	ADJ:1
antidépresseur	NOUN:1
antienne	NOUN:2
antifa	ADJ:1
antifascisme	NOUN:1
antifasciste	ADJ:1	NOUN:1
antigel	NOUN:1
antigène	NOUN:1
antihistaminique	NOUN:1
antihéros	NOUN:1
antillais	ADJ:1	NOUN:1
antilles	PROPN:1
antilope	NOUN:1
antimatière	NOUN:1
antimilitariste	ADJ:1
antimissile	ADJ:1
antimoine	NOUN:1
antinomique	ADJ:1
antinucléaire	ADJ:1
antioche	PROPN:2
antiochos	PROPN:1
antioxydant	NOUN:1
antipape	NOUN:1
antiparasitaire	ADJ:1
antipathie	NOUN:1
antipathique	ADJ:1
antipersonnel	ADJ:1
antipode	NOUN:2
antipoison	ADJ:1	NOUN:1
antipollution	ADJ:1
antiquaire	NOUN:1
antique	ADJ:2
antiquité	NOUN:3	PROPN:1
antiracisme	NOUN:1
antiraciste	ADJ:1
antiseptique	NOUN:1	ADJ:1
antisionisme	NOUN:1
antisioniste	ADJ:1
antisocial	ADJ:1
antisystème	ADJ:1
antisémite	ADJ:1
antisémitisme	NOUN:1
antitabac	ADJ:1
antiterrorisme	NOUN:1
antiterroriste	ADJ:1
antithèse	NOUN:3
antitrust	ADJ:1
antiviral	ADJ:1
antivol	NOUN:1	ADJ:1
antoine	PROPN:2
antoinette	PROPN:1
antonin	ADJ:1
antonyme	NOUN:1
antre	NOUN:3
antéchrist	NOUN:1
antécédent	ADJ:1	NOUN:2
antérieur	ADJ:2
antérieurement	ADV:1
antériorité	NOUN:1
anubis	PROPN:1
anus	NOUN:1
anvers	PROPN:2
anversois	ADJ:1	NOUN:1
anxieux	ADJ:2
anxiogène	ADJ:2
anxiolytique	ADJ:1
anxiété	NOUN:1
anyway	ADV:1
anéantir	VERB:2
anéantissement	NOUN:1
anémie	NOUN:1
anémique	ADJ:2
anémomètre	NOUN:1
anémone	NOUN:2
anévrisme	NOUN:1
aoc	NOUN:1
aoi	PROPN:1
aorte	NOUN:1
aortique	ADJ:1
aoste	PROPN:1
aoun	PROPN:1
aoust	NOUN:1
août	NOUN:1
ap	PROPN:2
apache	PROPN:3	NOUN:2
apaisant	ADJ:1
apaisement	NOUN:1
apaiser	VERB:1
apanage	NOUN:2
apartheid	NOUN:2
aparté	NOUN:2
apathie	NOUN:1
apathique	ADJ:2
apatride	ADJ:1	NOUN:1
apennins	PROPN:1
apercevoir	VERB:2
aperture	NOUN:1
aperçu	NOUN:7	INTJ:1
apesanteur	NOUN:1
apeuré	ADJ:1
aphasie	NOUN:1
aphone	ADJ:1
aphorisme	NOUN:1
aphrodisiaque	ADJ:1	NOUN:1
aphrodite	PROPN:1
api	NOUN:1
apical	ADJ:1
apicole	ADJ:1
apiculteur	NOUN:1
apiculture	NOUN:1
apitoiement	NOUN:1
apitoyer	VERB:2
aplanir	VERB:1
aplati	ADJ:1
aplatir	VERB:1
aplatissement	NOUN:1
aplomb	NOUN:3
apn	NOUN:1
apnée	NOUN:2
apocalypse	NOUN:1	PROPN:1
apocalyptique	ADJ:1
apocryphe	ADJ:1
apogée	NOUN:1
apolitique	ADJ:1
apollinaire	ADJ:1	PROPN:2
apolline	PROPN:1
apollodore	PROPN:1
apollon	PROPN:1	NOUN:2
apollonia	PROPN:1
apologie	NOUN:1
apologiste	NOUN:1
apologétique	ADJ:1
apoplexie	NOUN:1
apostasie	NOUN:1
apostat	NOUN:1
apostolat	NOUN:1
apostolique	ADJ:1
apostrophe	NOUN:2
apothicaire	NOUN:1
apothéose	NOUN:1
appalaches	PROPN:1
apparat	NOUN:1
apparatchik	NOUN:1
apparaître	VERB:3
appareil	NOUN:6
appareillage	NOUN:2
appareiller	VERB:5
apparemment	ADV:1
apparence	NOUN:1
apparent	ADJ:1
apparenter	VERB:2
apparenté	ADJ:1
appariement	NOUN:2
apparition	NOUN:3
appart	NOUN:1
appartement	NOUN:1
appartenance	NOUN:3
appartenir	VERB:2
appauvri	ADJ:1
appauvrir	VERB:1
appauvrissement	NOUN:1
appel	NOUN:2
appeler	VERB:4
appellation	NOUN:2
appeller	VERB:4
appendice	NOUN:2
appendicite	NOUN:1
appentis	NOUN:1
appenzell	PROPN:1
appesantir	VERB:4
applaudir	VERB:1
applaudissement	NOUN:1
appli	NOUN:1
applicabilité	NOUN:1
applicable	ADJ:1
applicatif	ADJ:1
application	NOUN:2
appliquer	VERB:4
appoint	NOUN:3
appontage	NOUN:1
apport	NOUN:1
apporter	VERB:6
apporteur	ADJ:1
apposer	VERB:2
apposition	NOUN:1
apprenant	NOUN:1
apprendre	VERB:2
apprenti	NOUN:1
apprentissage	NOUN:2
apprivoiser	VERB:2
approbation	NOUN:1
approche	NOUN:1
approcher	VERB:1
approfondir	VERB:2
approfondissement	NOUN:1
appropriation	NOUN:1
approprier	VERB:3
approprié	ADJ:1
approuver	VERB:1
approvisionnement	NOUN:1
approvisionner	VERB:2
approximatif	ADJ:2
approximation	NOUN:1
approximativement	ADV:1
appréciable	ADJ:2
appréciation	NOUN:1
apprécier	VERB:3
appréhender	VERB:2
appréhension	NOUN:2
apprêt	NOUN:2
apprêter	VERB:2
appui	NOUN:1
appuyer	VERB:6
appât	NOUN:5
appâter	VERB:1
appétence	NOUN:1
appétissant	ADJ:1
appétit	NOUN:1
aprèm	NOUN:1
après	ADP:2	ADV:3
après-demain	ADV:1
après-guerre	NOUN:1
après-midi	NOUN:1
apt	PROPN:1
apte	ADJ:1
aptitude	NOUN:1
apulée	PROPN:1
apurement	NOUN:1
apéritif	NOUN:1
apéro	NOUN:2
apôtre	NOUN:1
aquaculture	NOUN:1
aquagym	NOUN:1
aquarelle	NOUN:1
aquarelliste	NOUN:1
aquarium	NOUN:2
aquatique	ADJ:1
aqueduc	NOUN:1
aqueux	ADJ:1
aquifère	NOUN:1
aquilée	PROPN:1
aquitain	ADJ:1	NOUN:1
aquitaine	PROPN:3
ara	NOUN:1
arabe	ADJ:1	NOUN:3
arabesque	NOUN:1	ADJ:1
arabica	NOUN:1
arabie	PROPN:2
arabique	ADJ:1
arabisation	NOUN:1
arable	ADJ:1
arabophone	ADJ:1	NOUN:1
arachide	NOUN:1
aragon	PROPN:1
aragonais	ADJ:1	NOUN:2
araignée	NOUN:1
aramon	NOUN:2
araméen	ADJ:1	NOUN:2
arbalète	NOUN:3
arbi	NOUN:2
arbitrage	NOUN:4
arbitraire	ADJ:1
arbitrairement	ADV:1
arbitral	ADJ:1
arbitre	NOUN:3
arbitrer	VERB:2
arbois	PROPN:1
arborer	VERB:3
arborescence	NOUN:1
arboretum	NOUN:1
arboricole	ADJ:1
arboriculture	NOUN:1
arbre	NOUN:3
arbrisseau	NOUN:1
arbuste	NOUN:1
arc	NOUN:5
arc-en-ciel	NOUN:1	ADJ:1
arcachon	PROPN:1
arcade	NOUN:2
arcadie	PROPN:1
arcane	ADJ:1	NOUN:1
arceau	NOUN:3
archambault	PROPN:1
archange	NOUN:1
archaïque	ADJ:1
archaïsme	NOUN:1
arche	NOUN:2
archer	NOUN:1
archet	NOUN:1
archevêché	NOUN:2
archevêque	NOUN:1
archi	ADV:1	NOUN:1
archichancelier	NOUN:1
archidiacre	NOUN:1
archidiocèse	NOUN:1
archiduc	NOUN:1
archiduchesse	NOUN:1
archie	NOUN:1
archimède	PROPN:1
archipel	NOUN:1
archiprêtre	NOUN:1
architecte	NOUN:1
architectonique	ADJ:1	NOUN:1
architectural	ADJ:1
architecture	NOUN:1
architrave	NOUN:1
archivage	NOUN:2
archive	NOUN:1
archiver	VERB:1
archiviste	NOUN:1
archivistique	ADJ:1	NOUN:1
archivolte	NOUN:1
archiépiscopal	ADJ:1
archéologie	NOUN:1
archéologique	ADJ:1
archéologue	NOUN:1
archétype	ADJ:1	NOUN:1
arctique	ADJ:1	PROPN:1
ardemment	ADV:1
ardennais	ADJ:1
ardenne	PROPN:2
ardennes	PROPN:2
ardent	ADJ:2
ardeur	NOUN:2
ardoise	NOUN:4	ADJ:1
ardu	ADJ:2
ardèche	PROPN:2
ardéchois	NOUN:1	ADJ:1
are	NOUN:1
arf	INTJ:1
argan	NOUN:1
argent	NOUN:3
argentan	NOUN:1
argenterie	NOUN:1
argenteuil	PROPN:1
argentier	NOUN:1
argentin	ADJ:2	NOUN:1
argentine	PROPN:1
argentique	ADJ:2
argenté	ADJ:3
argh	INTJ:1
argile	NOUN:1
argileux	ADJ:1
argon	NOUN:1
argot	NOUN:2
argotique	ADJ:1
argovie	PROPN:1
arguer	VERB:2
argument	NOUN:2
argumentaire	NOUN:1
argumentatif	ADJ:1
argumentation	NOUN:1
argumenter	VERB:1
aria	NOUN:1
ariane	PROPN:2
arianisme	NOUN:1
aride	ADJ:2
aridité	NOUN:2
arien	ADJ:1	NOUN:1
aristo	NOUN:1
aristocrate	ADJ:1	NOUN:1
aristocratie	NOUN:1
aristocratique	ADJ:1
aristophane	PROPN:1
aristote	PROPN:1
aristotélicien	ADJ:1
arithmétique	NOUN:1	ADJ:1
ariège	PROPN:2	NOUN:1
ariégeois	ADJ:1	NOUN:1
arlequin	NOUN:3	PROPN:1
arles	PROPN:2
arlette	PROPN:1
arlon	PROPN:1
arlésienne	NOUN:1
armada	NOUN:1
armagnac	NOUN:1
armand	PROPN:1
armateur	NOUN:1
armature	NOUN:1
arme	NOUN:1
armel	PROPN:1
armelle	PROPN:1
armement	NOUN:5
armentières	PROPN:1
armer	VERB:2
armide	PROPN:1
armin	PROPN:1
armistice	NOUN:1
armoire	NOUN:2
armoiries	NOUN:1
armoise	NOUN:1
armorial	ADJ:1
armoricain	ADJ:1	NOUN:2
armorique	PROPN:1
armure	NOUN:2
armurerie	NOUN:2
armurier	NOUN:1
armée	NOUN:2
arménie	PROPN:1
arménien	ADJ:1	NOUN:2
arn	NOUN:1
arnaque	NOUN:1
arnaquer	VERB:2
arnaqueur	NOUN:1	ADJ:1
arnaud	PROPN:2
arnault	PROPN:1
arnica	NOUN:1
arno	PROPN:1
arnoux	PROPN:1
aromathérapie	NOUN:1
aromatique	ADJ:1
aronde	NOUN:1
arpajon	PROPN:2
arpent	NOUN:1
arpentage	NOUN:2
arpenter	VERB:3
arpenteur	NOUN:1	ADJ:1
arpège	NOUN:1
arquebuse	NOUN:1
arr	NOUN:4
arrachage	NOUN:2
arrachement	NOUN:3
arracher	VERB:7
arracheur	NOUN:2
arraché	NOUN:1	ADJ:1
arrangement	NOUN:1
arranger	VERB:8
arrangeur	NOUN:2
arrestation	NOUN:1
arreter	VERB:6
arrhes	NOUN:1
arrimage	NOUN:1
arrimer	VERB:1
arrivage	NOUN:2
arriver	VERB:5
arriviste	NOUN:1
arrivée	NOUN:1
arrière	NOUN:3	ADV:4	ADJ:1
arrière-garde	NOUN:1
arrière-grand-père	NOUN:1
arrière-petit-fils	NOUN:1
arrière-plan	NOUN:1
arriéré	ADJ:3	NOUN:2
arrogance	NOUN:1
arrogant	ADJ:1
arroger	VERB:1
arrondi	ADJ:3	NOUN:3
arrondir	VERB:2
arrondissement	NOUN:4
arrosage	NOUN:2
arroser	VERB:6
arroseur	NOUN:2
arrosoir	NOUN:1
arroyo	NOUN:1
arruda	PROPN:1
arrérages	NOUN:1
arrêt	NOUN:5
arrêt-court	NOUN:1
arrêter	VERB:6
arsenal	NOUN:1
arsenault	PROPN:1
arsenic	NOUN:1
arsène	PROPN:1
art	NOUN:1
artagnan	PROPN:1
artefact	NOUN:1
arthabaska	PROPN:1
arthrite	NOUN:1
arthroscopie	NOUN:1
arthrose	NOUN:2
arthur	PROPN:2
artichaut	NOUN:1
article	NOUN:6
articulaire	ADJ:1	NOUN:1
articulation	NOUN:4
articuler	VERB:1
artifice	NOUN:2
artificialisation	NOUN:1
artificiel	ADJ:1
artificiellement	ADV:1
artificier	NOUN:2
artigues	PROPN:4
artillerie	NOUN:1
artilleur	NOUN:2
artisan	NOUN:2
artisanal	ADJ:2
artisanalement	ADV:1
artisanat	NOUN:1
artiste	NOUN:1
artistique	ADJ:1
artistiquement	ADV:1
artois	PROPN:2
artère	NOUN:2
artéfact	NOUN:1
artémis	PROPN:1
artériel	ADJ:1
artésien	NOUN:1	ADJ:2
arum	NOUN:1
arundel	PROPN:1
arve	PROPN:1
aryen	ADJ:1
arythmie	NOUN:1
arçon	NOUN:1
arène	NOUN:2
arès	PROPN:1
aréna	NOUN:1
aréole	NOUN:2
aréopage	NOUN:2
arête	NOUN:6
arôme	NOUN:2
as	NOUN:3
asbestos	PROPN:2
asc	PROPN:1
ascenceur	NOUN:2
ascendance	NOUN:3
ascendant	ADJ:1	NOUN:2
ascenseur	NOUN:2
ascension	NOUN:2	PROPN:1
ascensionnel	ADJ:1
ascite	NOUN:1
asco	PROPN:1
ascorbique	ADJ:1
ascèse	NOUN:2
ascète	NOUN:1
ascétique	ADJ:1
ascétisme	NOUN:1
aseptisé	ADJ:1
asexué	ADJ:2
asf	PROPN:1
asfc	PROPN:2
ashram	NOUN:1
asiatique	ADJ:1	NOUN:1
asie	PROPN:2
asie-pacifique	PROPN:1
asile	NOUN:4
askip	ADV:1
asn	NOUN:2
asocial	ADJ:1
aspe	NOUN:1
aspect	NOUN:2
asperge	NOUN:3
asperger	VERB:2	PROPN:1	NOUN:1
aspersion	NOUN:2
asphalte	NOUN:1
asphyxie	NOUN:1
asphyxier	VERB:1
aspi	NOUN:3
aspic	NOUN:6
aspirant	NOUN:2	ADJ:2
aspirateur	NOUN:2
aspiration	NOUN:1
aspirer	VERB:4
aspirine	NOUN:1
assaillant	ADJ:2
assaillir	VERB:1
assainir	VERB:5
assainissement	NOUN:4
assaisonnement	NOUN:2
assaisonner	VERB:1
assam	PROPN:1
assassin	NOUN:1	ADJ:1
assassinat	NOUN:2
assassiner	VERB:1
assaut	NOUN:1
asse	NOUN:1
asselin	PROPN:1
assemblage	NOUN:8
assembler	VERB:1
assembleur	NOUN:2
assemblée	NOUN:2
assentiment	NOUN:1
asseoir	VERB:3
assermenté	ADJ:1
assertion	NOUN:1
asservir	VERB:1
asservissement	NOUN:3
assesseur	NOUN:1
assez	ADV:1
assidu	ADJ:1
assiduité	NOUN:2
assidûment	ADV:1
assiette	NOUN:7
assignation	NOUN:1
assigner	VERB:1
assimilable	ADJ:1
assimilation	NOUN:1
assimiler	VERB:4
assis	ADJ:1
assise	NOUN:7	PROPN:1
assises	NOUN:3
assistanat	NOUN:2
assistance	NOUN:2
assistant	NOUN:1
assister	VERB:3
assiéger	VERB:1
associatif	ADJ:2
association	NOUN:4
associer	VERB:1
assoiffé	ADJ:1
assombrir	VERB:1
assommant	ADJ:1
assommer	VERB:3
assommoir	NOUN:3
assomption	PROPN:1	NOUN:1
assortiment	NOUN:2
assortir	VERB:4
assouan	PROPN:1
assouline	PROPN:1
assoupi	ADJ:2
assoupir	VERB:2
assouplir	VERB:7
assouplissement	NOUN:2
assourdissant	ADJ:1
assouvir	VERB:1
assujetti	ADJ:1
assujettir	VERB:4
assujettissement	NOUN:3
assumer	VERB:4
assurance	NOUN:5
assurance-vie	NOUN:1
assurer	VERB:4
assureur	NOUN:2
assurément	ADV:2
assyrie	PROPN:1
assyrien	ADJ:1
assèchement	NOUN:2
assécher	VERB:1
asséner	VERB:2
aster	NOUN:1
astheure	ADV:2
asthmatique	ADJ:2	NOUN:1
asthme	NOUN:1
asthénie	NOUN:1
asticot	NOUN:1
astier	PROPN:1
astigmatisme	NOUN:1
astiquer	VERB:2
astragale	NOUN:1
astral	ADJ:1
astre	NOUN:2
astreindre	VERB:1
astreint	ADJ:1
astreinte	NOUN:2
astrid	PROPN:1
astringent	ADJ:1
astrolabe	NOUN:1
astrologie	NOUN:1
astrologique	ADJ:1
astrologue	NOUN:1
astronaute	NOUN:1
astronautique	ADJ:1
astronef	NOUN:1
astronome	NOUN:1
astronomie	NOUN:1
astronomique	ADJ:2
astrophysicien	NOUN:1
astrophysique	ADJ:1	NOUN:1
astruc	PROPN:1
astuce	NOUN:3
astucieusement	ADV:1
astucieux	ADJ:1
asturies	PROPN:2
astérisque	NOUN:1
astérix	PROPN:1
astéroïde	NOUN:1
asv	X:1
asymptomatique	ADJ:1
asymptotique	ADJ:1
asymétrie	NOUN:1
asymétrique	ADJ:1
asynchrone	ADJ:1
atavisme	NOUN:1
ataxie	NOUN:1
atchoum	INTJ:1
atelier	NOUN:1
ath	PROPN:1
athanase	PROPN:1
athlète	NOUN:1
athlétique	ADJ:1
athlétisme	NOUN:1
athènes	PROPN:1
athée	ADJ:1	NOUN:1
athéisme	NOUN:1
athéna	PROPN:1
athénaïs	PROPN:1
athénien	ADJ:1	NOUN:1
athénée	NOUN:1
athérome	NOUN:1
athérosclérose	NOUN:1
atlante	NOUN:1
atlantide	PROPN:1
atlantique	ADJ:1
atlantiste	NOUN:1
atlas	NOUN:2	PROPN:5
atmosphère	NOUN:1
atmosphérique	ADJ:1
atoll	NOUN:1
atome	NOUN:2
atomique	ADJ:1
atomisation	NOUN:1
atomiser	VERB:1
atone	ADJ:3
atonie	NOUN:1
atout	NOUN:2
atrium	NOUN:1
atroce	ADJ:3
atrocement	ADV:3
atrocité	NOUN:1
atrophie	NOUN:1
atropine	NOUN:1
atrésie	NOUN:1
attablé	ADJ:1
attachant	ADJ:1
attachement	NOUN:1
attacher	VERB:5
attal	PROPN:1
attale	PROPN:1
attaquable	ADJ:1
attaquant	NOUN:3
attaque	NOUN:2
attaquer	VERB:4
attarder	VERB:2
attardé	ADJ:1	NOUN:1
atteignable	ADJ:1
atteindre	VERB:5
atteinte	NOUN:1
attelage	NOUN:4
atteler	VERB:2
attelle	NOUN:2
attendre	VERB:2
attendrir	VERB:3
attendrissant	ADJ:1
attentat	NOUN:1
attentatoire	ADJ:2
attente	NOUN:3
attenter	VERB:1
attentif	ADJ:2
attention	NOUN:5	INTJ:1
attentionné	ADJ:3
attentisme	NOUN:1
attentiste	ADJ:1	NOUN:1
attentivement	ADV:1
atterrir	VERB:1
atterrissage	NOUN:1
atterrisseur	NOUN:1
atterré	ADJ:2
attestation	NOUN:6
attester	VERB:1
attique	PROPN:1	NOUN:1	ADJ:3
attirail	NOUN:1
attirance	NOUN:2
attirer	VERB:2
attiser	VERB:2
attitré	ADJ:1
attitude	NOUN:1
attorney	NOUN:1
attouchement	NOUN:2
attractif	ADJ:1
attraction	NOUN:1
attractivité	NOUN:1
attrait	NOUN:1
attrape	NOUN:2
attraper	VERB:3
attrapeur	NOUN:3	ADJ:2
attrayant	ADJ:1
attribuable	ADJ:1
attribuer	VERB:4
attribut	NOUN:3
attribution	NOUN:2
attrister	VERB:1
attrition	NOUN:1
attroupement	NOUN:2
atténuant	ADJ:1
atténuation	NOUN:1
atténuer	VERB:1
atypique	ADJ:1
au-delà	ADP:1	NOUN:1
au-dessous	ADP:1
au-dessus	ADV:1
aubade	NOUN:2
aubaine	NOUN:4
aube	NOUN:6	PROPN:2
auberge	NOUN:2
aubergine	NOUN:2
aubergiste	NOUN:1
aubier	NOUN:1
aubin	PROPN:2	NOUN:1
aubois	ADJ:1
aubrac	PROPN:3
aubépine	NOUN:1
auch	PROPN:2
auckland	PROPN:1
auclair	PROPN:2
aucun	DET:1	PRON:1
aucunement	ADV:1
audace	NOUN:2
audacieux	ADJ:1
aude	PROPN:3
auderghem	PROPN:1
audet	PROPN:1
audible	ADJ:1
audience	NOUN:2
audierne	PROPN:1
audimat	NOUN:1
audio	ADJ:1
audiovisuel	ADJ:1
audit	NOUN:1
auditer	VERB:1
auditeur	NOUN:3
auditif	ADJ:1
audition	NOUN:2
auditionner	VERB:1
auditoire	NOUN:4
auditorium	NOUN:1
audois	ADJ:1
audrey	PROPN:3
auge	NOUN:4
auger	VERB:2	PROPN:1
augereau	PROPN:1
augier	PROPN:1
augment	NOUN:2
augmentation	NOUN:2
augmenter	VERB:2
augsbourg	PROPN:1
augure	NOUN:1
augurer	VERB:1
auguste	ADJ:1	NOUN:1	PROPN:2
augustin	PROPN:1	ADJ:1
aujourd'hui	ADV:2
aulnay	PROPN:4
aulne	NOUN:1
aumône	NOUN:2
aumônerie	NOUN:1
aumônier	NOUN:2
aune	NOUN:3
auparavant	ADV:1
auprès	ADV:1
auquel	PRON:1
auriculaire	NOUN:1	ADJ:1
aurifère	ADJ:1
aurillac	PROPN:1
auriol	PROPN:2
aurochs	NOUN:1
aurore	NOUN:2	PROPN:1
aurélia	PROPN:1
aurélie	PROPN:1
aurélien	PROPN:1
auréole	NOUN:1
auréolé	ADJ:1
auscultation	NOUN:1
ausculter	VERB:1
ausone	PROPN:1
aussi	ADV:2	SCONJ:1
aussitôt	ADV:1
austral	ADJ:1
australie	PROPN:2
australie-occidentale	PROPN:1
australien	NOUN:1	ADJ:1
austro-hongrois	ADJ:1
austère	ADJ:1
austérité	NOUN:3
autan	NOUN:1
autant	ADV:3
autarcie	NOUN:1
autarcique	ADJ:1
autel	NOUN:1
auteuil	PROPN:3
auteur	NOUN:3
auteur-compositeur	NOUN:1
auteur-compositeur-interprète	NOUN:1
authenticité	NOUN:1
authentification	NOUN:1
authentifier	VERB:1
authentique	ADJ:1
authentiquement	ADV:1
authier	PROPN:1
autisme	NOUN:1
autiste	ADJ:1	NOUN:1
autistique	ADJ:1
auto	NOUN:1
auto-entrepreneur	NOUN:1
autobiographie	NOUN:1
autobiographique	ADJ:1
autobronzant	ADJ:1	NOUN:1
autobus	NOUN:1
autocar	NOUN:1
autocensure	NOUN:1
autochtone	ADJ:4	NOUN:1
autoclave	NOUN:1
autocollant	ADJ:1	NOUN:1
autoconsommation	NOUN:1
autocrate	NOUN:1
autocratie	NOUN:1
autocratique	ADJ:2
autocritique	ADJ:1	NOUN:1
autodafé	NOUN:2
autodestruction	NOUN:1
autodidacte	ADJ:1	NOUN:1
autodiscipline	NOUN:1
autodrome	NOUN:1
autodéfense	NOUN:1
autodérision	NOUN:1
autodétermination	NOUN:1
autodétruire	VERB:1
autoentrepreneur	NOUN:1
autofiction	NOUN:1
autofinancement	NOUN:1
autofocus	NOUN:1
autoformation	NOUN:1
autogestion	NOUN:1
autographe	NOUN:1
automate	NOUN:1
automation	NOUN:1
automatique	ADJ:2	NOUN:1
automatiquement	ADV:1
automatisation	NOUN:1
automatiser	VERB:1
automatisme	NOUN:1
automnal	ADJ:1
automne	NOUN:1
automobile	ADJ:1	NOUN:1
automobiliste	NOUN:1
automutilation	NOUN:1
automédication	NOUN:1
autonome	ADJ:1
autonomie	NOUN:3
autonomisation	NOUN:1
autonomiste	NOUN:1
autopartage	NOUN:1
autoportrait	NOUN:1
autoproclamé	ADJ:1
autopromotion	NOUN:1
autopsie	NOUN:1
autoradio	NOUN:1
autorisation	NOUN:2
autoriser	VERB:2
autoritaire	ADJ:1
autoritarisme	NOUN:1
autorité	NOUN:2
autoroute	NOUN:1
autoroutier	ADJ:1	NOUN:1
autorégulation	NOUN:1
autosatisfaction	NOUN:1
autosuffisance	NOUN:1
autosuffisant	ADJ:1
autour	ADV:1	ADP:1	NOUN:1
autre	ADJ:2	PRON:1
autrefois	ADV:1
autrement	ADV:1	SCONJ:1
autriche	PROPN:1
autriche-hongrie	PROPN:1
autrichien	ADJ:1	NOUN:1
autruche	NOUN:1
autrui	PRON:1
auvent	NOUN:2
auvergnat	ADJ:1	NOUN:2
auvergne	PROPN:1
auxerre	PROPN:1
auxerrois	ADJ:1
auxiliaire	ADJ:1	NOUN:1
avachi	ADJ:1
aval	NOUN:2
avalanche	NOUN:1
avaler	VERB:5
avaliser	VERB:2
avance	NOUN:3
avancement	NOUN:3
avancer	VERB:6
avancé	ADJ:2
avancée	NOUN:2
avant	ADV:1	ADP:2	NOUN:2
avant-centre	NOUN:1
avant-dernier	ADJ:1
avant-garde	NOUN:3
avant-gardiste	NOUN:2
avant-guerre	NOUN:1
avant-plan	NOUN:1
avant-poste	NOUN:1
avantage	NOUN:2
avantager	VERB:2
avantageusement	ADV:1
avantageux	ADJ:2
avare	ADJ:1	NOUN:1
avarice	NOUN:1
avarie	NOUN:2
avarié	ADJ:2
avatar	NOUN:2
avc	NOUN:1
avec	ADP:1	ADV:1
aveline	NOUN:1
aven	NOUN:2
avenant	ADJ:2	NOUN:1
avenir	NOUN:1
avent	NOUN:1
aventin	PROPN:1
aventure	NOUN:3
aventurer	VERB:2
aventureux	ADJ:1
aventurier	ADJ:1	NOUN:1
avenu	ADJ:1
avenue	NOUN:4
averroès	PROPN:1
avers	NOUN:1
averse	NOUN:1
aversion	NOUN:1
avertir	VERB:2
avertissement	NOUN:3
avertisseur	NOUN:2
aveu	NOUN:2
aveuglant	ADJ:1
aveugle	ADJ:3	NOUN:1
aveuglement	NOUN:2
aveugler	VERB:1
aveuglette	NOUN:1
aveuglé	ADJ:1
aveuglément	ADV:1
aveyron	PROPN:2
aveyronnais	ADJ:1	NOUN:1
aviaire	ADJ:1
aviateur	NOUN:1
aviation	NOUN:1
avicenne	PROPN:1
avicole	ADJ:1
aviculture	NOUN:1
avide	ADJ:2
avidement	ADV:1
avidité	NOUN:1
avignon	PROPN:2
avignonnais	NOUN:1	ADJ:1
avilir	VERB:1
avilissement	NOUN:2
avion	NOUN:1
avion-cargo	NOUN:1
avionique	NOUN:1
avionneur	NOUN:1
aviron	NOUN:2
avis	NOUN:3
aviser	VERB:4
aviso	NOUN:1
avitaillement	NOUN:2
avocat	NOUN:2
avoine	NOUN:2
avoir	VERB:6	NOUN:1
avoisinant	ADJ:1
avoisiner	VERB:2
avortement	NOUN:1
avorter	VERB:5
avorton	NOUN:2
avouer	VERB:3
avril	NOUN:1	PROPN:2
avènement	NOUN:2
avérer	VERB:2
axe	NOUN:2	PROPN:1
axel	PROPN:1
axelle	PROPN:1
axer	VERB:2
axial	ADJ:1
axillaire	ADJ:1
axiomatique	ADJ:1
axiome	NOUN:1
axis	NOUN:1
aya	PROPN:1
ayahuasca	NOUN:1
ayako	PROPN:1
ayatollah	NOUN:2
aylmer	PROPN:1
aymara	NOUN:2
aymen	PROPN:2
aymeric	PROPN:1
aymé	PROPN:1
ayoye	INTJ:2
ayumi	PROPN:1
azalée	NOUN:1
azerbaïdjan	PROPN:2
azerbaïdjanais	NOUN:1	ADJ:1
azerty	NOUN:1
azimut	NOUN:2
azincourt	PROPN:1
aznavour	PROPN:1
azote	NOUN:1
aztèque	ADJ:1	NOUN:1
azur	NOUN:1
azuré	ADJ:1
azzedine	PROPN:1
azéma	PROPN:1
azéri	NOUN:2	ADJ:1
açores	PROPN:1
aération	NOUN:1
aérer	VERB:1
aérien	ADJ:1
aéro	NOUN:1
aérobic	NOUN:1
aérobie	ADJ:2
aéroclub	NOUN:1
aérodrome	NOUN:1
aérodynamique	ADJ:1	NOUN:1
aérodynamisme	NOUN:1
aérogare	NOUN:1
aéroglisseur	NOUN:1
aéromodélisme	NOUN:1
aéronautique	ADJ:1	NOUN:1
aéronaval	ADJ:1
aéronef	NOUN:2
aéroplane	NOUN:1
aéroport	NOUN:1
aéroportuaire	ADJ:1
aéroporté	ADJ:1
aérosol	NOUN:1
aérospatial	ADJ:1
aérostat	NOUN:1
aéré	ADJ:1
aînesse	NOUN:1
aîné	ADJ:1	NOUN:4
aï	NOUN:1
aïcha	PROPN:1
aïd	NOUN:1
aïe	INTJ:2
aïeul	NOUN:3
aïeule	NOUN:2
aïeux	NOUN:2
aïoli	NOUN:1	INTJ:1
ba	NOUN:1
baas	PROPN:1
baba	NOUN:1	ADJ:1
babeurre	NOUN:1
babi	ADJ:1	NOUN:1	PROPN:1
babine	NOUN:2
babouche	NOUN:1
babouin	NOUN:1
babtou	NOUN:1
baby	NOUN:3
baby-sitter	NOUN:1
babylone	PROPN:1
babylonie	PROPN:2
babylonien	ADJ:1	NOUN:1
bac	NOUN:5
baccalauréat	NOUN:2
baccara	NOUN:1
baccarat	NOUN:1
bachand	PROPN:1
bachelet	PROPN:1
bachelier	NOUN:3
bachelor	NOUN:1
bacille	NOUN:1
back	VERB:2	ADV:1
backgammon	NOUN:1
bacon	NOUN:1
bactriane	PROPN:1
bactéricide	ADJ:1	NOUN:2
bactérie	NOUN:1
bactérien	ADJ:1
bactériologie	NOUN:1
bactériologique	ADJ:1
badaud	NOUN:1
bade	PROPN:1
bade-wurtemberg	PROPN:1
bader	VERB:1
badge	NOUN:1
badger	VERB:1
badiane	NOUN:1
badigeon	NOUN:1
badigeonner	VERB:2
badin	ADJ:1	NOUN:1
badinage	NOUN:2
badine	NOUN:3
badlands	NOUN:1
badminton	NOUN:1
badr	PROPN:2
baffe	NOUN:1
baffer	VERB:1
bafouer	VERB:2
bafouille	NOUN:1
bafouiller	VERB:1
bafoué	ADJ:1
bagad	NOUN:1
bagage	NOUN:1
bagagiste	NOUN:1
bagarre	NOUN:1
bagarrer	VERB:2
bagarreur	ADJ:1	NOUN:1
bagatelle	NOUN:2
bagdad	PROPN:2
bagel	NOUN:1
baggy	ADJ:1	NOUN:1
bagnard	NOUN:2
bagne	NOUN:1
bagnole	NOUN:1
bagout	NOUN:2
bague	NOUN:2
baguette	NOUN:7
bah	INTJ:2
bahamas	PROPN:1
bahia	NOUN:1
bahreïn	PROPN:1
bahut	NOUN:3
bai	ADJ:1
baie	NOUN:3
baignade	NOUN:1
baigner	VERB:2
baigneur	NOUN:2
baignoire	NOUN:1
bail	NOUN:3
baille	NOUN:2
bailler	VERB:3
bailleur	NOUN:2
bailli	NOUN:1
bailliage	NOUN:1
bain	NOUN:1
baisable	ADJ:1
baisant	VERB:4
baise	NOUN:2
baiser	VERB:4	NOUN:1
baiseur	NOUN:2
baisse	NOUN:1
baisser	VERB:5
baissier	NOUN:1	ADJ:1
baisé	ADJ:3	NOUN:1
bakchich	NOUN:1
bakou	PROPN:1
bal	NOUN:1
balade	NOUN:1
balader	VERB:3
baladeur	NOUN:1	ADJ:2
balafre	NOUN:1
balafré	ADJ:1
balai	NOUN:7
balance	NOUN:6	PROPN:2
balancement	NOUN:2
balancer	VERB:5
balancier	NOUN:6
balançoire	NOUN:2
balayage	NOUN:2
balayer	VERB:5
balayette	NOUN:2
balayeur	NOUN:1
balboa	NOUN:1
balbutiant	ADJ:2
balcon	NOUN:1
baldaquin	NOUN:1
bale	NOUN:1
baleine	NOUN:3
baleinier	ADJ:1	NOUN:2
baleinière	NOUN:1
balinais	ADJ:2	NOUN:3
balisage	NOUN:1
balise	NOUN:6
baliser	VERB:4
balistique	ADJ:1	NOUN:1
balkanique	ADJ:1
balkanisation	NOUN:1
ballade	NOUN:2
balladur	PROPN:2
ballast	NOUN:2
balle	NOUN:5
ballerine	NOUN:2
ballet	NOUN:1
ballon	NOUN:3
ballot	NOUN:2	ADJ:2
ballotage	NOUN:1
ballottage	NOUN:1
balme	NOUN:1
balnéaire	ADJ:1
balourd	ADJ:3	NOUN:2
baloutchistan	PROPN:2
balsa	NOUN:1
balsamique	ADJ:1
balte	ADJ:1
balthazar	NOUN:1
baltique	ADJ:1
baltringue	NOUN:1
baluchon	NOUN:1
balustrade	NOUN:1
balzac	PROPN:2	NOUN:1
balèze	ADJ:3
baléares	PROPN:1
bamako	PROPN:1
bambara	NOUN:1
bambin	NOUN:1
bambou	NOUN:1
bamboula	NOUN:3
ban	NOUN:4
banal	ADJ:3
banalisation	NOUN:1
banaliser	VERB:2
banalisé	ADJ:1
banalité	NOUN:2
banane	NOUN:5
bananier	ADJ:1	NOUN:2	PROPN:1
banat	NOUN:1
banc	NOUN:3
bancaire	ADJ:1
bancal	ADJ:3
banco	ADJ:1
bandage	NOUN:1
bandant	ADJ:1
bande	NOUN:8
bande-annonce	NOUN:1
bande-son	NOUN:1
bandeau	NOUN:5
bandelette	NOUN:1
bander	VERB:3
banderole	NOUN:4
bandit	NOUN:1
banditisme	NOUN:1
bandoulière	NOUN:2
bandé	ADJ:1
banff	PROPN:1
bang	INTJ:1	NOUN:2
bangkok	PROPN:1
bangladais	ADJ:1
bangladesh	PROPN:1
banjo	NOUN:1
banlieu	NOUN:1
banlieue	NOUN:1
banlieusard	ADJ:1	NOUN:1
banne	NOUN:5
banner	NOUN:1	VERB:1
bannir	VERB:2
bannissement	NOUN:1
bannière	NOUN:1
banque	NOUN:1
banqueroute	NOUN:2
banquet	NOUN:1
banquette	NOUN:1
banquier	NOUN:1
banquise	NOUN:1
bantou	ADJ:1
baobab	NOUN:1
baoulé	ADJ:1	NOUN:2
baptiser	VERB:2
baptiste	NOUN:1	PROPN:2
baptistère	NOUN:1	ADJ:1
baptême	NOUN:3	INTJ:1
baquet	NOUN:5
bar	NOUN:4
bara	NOUN:1	VERB:1
baraka	NOUN:3
baraque	NOUN:4
baraquement	NOUN:2
baraqué	ADJ:1
baratin	NOUN:2
baratte	NOUN:1
barbade	PROPN:1
barbant	ADJ:1
barbaque	NOUN:1
barbara	PROPN:1
barbare	ADJ:3
barbarie	NOUN:1	PROPN:1
barbarisme	NOUN:1
barbe	NOUN:6	ADJ:1	PROPN:1
barbe-bleue	PROPN:1
barbeau	NOUN:2	PROPN:1
barbecue	NOUN:1
barbelé	ADJ:1	NOUN:1
barber	VERB:1
barbet	NOUN:1
barbiche	NOUN:1
barbichette	NOUN:1
barbier	NOUN:1
barboter	VERB:2
barbouillé	ADJ:1
barbouze	NOUN:1
barbu	ADJ:1
barbue	NOUN:2
barcelonais	ADJ:1
barcelone	PROPN:2
barcelonnette	PROPN:1	NOUN:1
bard	NOUN:2	PROPN:1
barda	NOUN:3
bardage	NOUN:1
barde	NOUN:3
bardeau	NOUN:2
barder	VERB:4
bardet	PROPN:1
bardot	NOUN:2	PROPN:1
barge	ADJ:1	NOUN:2
baril	NOUN:1
barillet	NOUN:2
bariolé	ADJ:3
barjo	ADJ:1
barjot	ADJ:1	NOUN:1
barkhane	NOUN:1
barmaid	NOUN:1
barman	NOUN:1
barn	NOUN:1
barnabé	PROPN:1
barnier	PROPN:1
baromètre	NOUN:1
barométrique	ADJ:1
baron	NOUN:1
baronne	NOUN:1
baronnet	NOUN:1
baronnie	NOUN:1
baroque	ADJ:1
baroud	NOUN:1
baroudeur	NOUN:2
barque	NOUN:1
barquette	NOUN:6
barra	VERB:5
barracuda	NOUN:1
barrage	NOUN:3
barrault	PROPN:1
barre	NOUN:4
barreau	NOUN:5
barrel	NOUN:1
barrer	VERB:5
barrette	NOUN:6	PROPN:1
barreur	NOUN:2
barricade	NOUN:1
barricader	VERB:1
barrique	NOUN:2
barrière	NOUN:2
barrot	NOUN:1
barrès	PROPN:1
barthes	PROPN:1
barthou	PROPN:1
barthès	PROPN:1
barthélemy	PROPN:2
baruch	PROPN:1
bary	PROPN:1
baryton	NOUN:2	ADJ:1
baryum	NOUN:1
barça	PROPN:1
barèges	PROPN:1
barème	NOUN:2
bas	ADJ:2	NOUN:3
bas-côté	NOUN:2
bas-fond	NOUN:4
bas-relief	NOUN:1
bas-rhin	PROPN:1
basal	ADJ:1
basale	NOUN:1
basalte	NOUN:1
basaltique	ADJ:1
basané	ADJ:1
bascule	NOUN:2
basculement	NOUN:3
basculer	VERB:6
base	NOUN:4
baser	VERB:1
basile	PROPN:1
basilic	NOUN:3
basilique	NOUN:3
basin	NOUN:1
basique	ADJ:2
basiquement	ADV:1
basket	NOUN:2
basket-ball	NOUN:1
basketteur	NOUN:1
basque	NOUN:5	ADJ:1
basse-cour	NOUN:3
basse-terre	PROPN:2
bassement	ADV:1
bassesse	NOUN:3
basset	NOUN:1	ADJ:1
bassin	NOUN:5
bassine	NOUN:2
bassiner	VERB:5
bassiste	NOUN:1
bassompierre	PROPN:1
basson	NOUN:1
bassorah	PROPN:1
basta	INTJ:1
baste	NOUN:2
bastia	PROPN:1
bastiais	ADJ:1
bastide	NOUN:2
bastien	PROPN:2
bastille	PROPN:2	NOUN:1
bastion	NOUN:2
bastogne	PROPN:1
baston	NOUN:1
bastonner	VERB:2
bastos	NOUN:1
bataclan	NOUN:2
bataille	NOUN:2
batailler	VERB:1
batailleur	NOUN:1	ADJ:1
bataillon	NOUN:1
batave	ADJ:2	NOUN:1
batavia	NOUN:1
bateau	NOUN:1	ADJ:1
bateleur	NOUN:3
batelier	NOUN:1
batellerie	NOUN:1
bath	NOUN:1	ADJ:1
bathily	PROPN:1
bathurst	PROPN:1
batifoler	VERB:1
batiste	NOUN:1
batman	PROPN:1
battage	NOUN:1
batte	NOUN:1
battement	NOUN:2
batterie	NOUN:4
batteur	NOUN:3
batteuse	NOUN:1
battre	VERB:6
bau	NOUN:1
baud	NOUN:2
baudelaire	PROPN:2
baudet	NOUN:2
baudouin	PROPN:1
baudrier	NOUN:3
baudrillard	PROPN:1
baudruche	NOUN:2
bauer	PROPN:1
baume	NOUN:2
baup	PROPN:2
bauxite	NOUN:1
bavard	ADJ:1	NOUN:1
bavardage	NOUN:1
bavarder	VERB:2
bavarois	ADJ:1	NOUN:3
bave	NOUN:1
baver	VERB:2
bavette	NOUN:2
baveux	ADJ:2	NOUN:1
bavière	PROPN:1	NOUN:1
bavoir	NOUN:1
bavure	NOUN:2
bayard	NOUN:1
bayart	NOUN:1
bayer	VERB:1
bayle	PROPN:1
bayonnais	ADJ:1
bayonne	PROPN:1
bayou	NOUN:2
bayrou	PROPN:1
bazar	NOUN:5
bazille	PROPN:1
bazin	PROPN:1
bazooka	NOUN:1
baïonnette	NOUN:1
bb	NOUN:1
bcbg	ADJ:1
bce	PROPN:1
bcp	PROPN:1
bd	NOUN:1
bea	PROPN:1
beach	NOUN:1
beagle	NOUN:1
beatbox	NOUN:1
beatles	PROPN:1
beau	ADJ:3	NOUN:1	ADV:1
beau-frère	NOUN:4
beau-père	NOUN:2
beauce	PROPN:2
beauceron	ADJ:1
beauchamp	PROPN:2
beauchemin	PROPN:1
beauchesne	PROPN:1
beaucoup	ADV:2
beaudin	PROPN:1
beaudoin	PROPN:1
beaudry	PROPN:2
beauf	NOUN:2
beaufort	NOUN:1
beaujeu	PROPN:2
beaujolais	ADJ:1	NOUN:4
beaulieu	PROPN:1
beaumarchais	PROPN:2
beaumont	PROPN:2
beaupré	NOUN:1	PROPN:2
beauregard	PROPN:2
beausoleil	PROPN:1
beauséjour	PROPN:3
beauté	NOUN:1
beauvais	PROPN:1
beauval	PROPN:2
beaux-arts	NOUN:1
bec	NOUN:4
because	SCONJ:1	ADP:1
becquerel	NOUN:1	PROPN:2
becquet	NOUN:1
bedaine	NOUN:1
bedeau	NOUN:1
bedon	NOUN:1
bedonnant	ADJ:1
beethoven	PROPN:1
beffroi	NOUN:1
beigbeder	PROPN:1
beige	ADJ:1
beigne	NOUN:3
beignet	NOUN:2
belaïd	PROPN:2
belette	NOUN:1
belfort	PROPN:1
belge	ADJ:2	NOUN:1
belgique	PROPN:3	ADJ:1
belgrade	PROPN:1
belize	PROPN:1
bella	PROPN:1
belladone	NOUN:1
bellay	PROPN:1
belle-mère	NOUN:3
belle-sœur	NOUN:3
belleau	PROPN:1
bellechasse	PROPN:1
bellecombe	PROPN:1
bellefontaine	PROPN:6
bellegarde	PROPN:6
belles-lettres	NOUN:1
bellevue	PROPN:2
belley	PROPN:1
belliciste	NOUN:1
belliqueux	ADJ:4
bellot	ADJ:1
bellâtre	NOUN:1
belon	NOUN:1
belote	NOUN:2
belsunce	PROPN:1
belvédère	NOUN:2
ben	INTJ:1	NOUN:1
benalla	PROPN:1
bene	ADV:1
benelux	PROPN:1
bengale	PROPN:1
bengali	ADJ:1	NOUN:1
benjamin	NOUN:4	PROPN:2
benne	NOUN:4
benoist	PROPN:1
benoit	ADJ:3
benoît	PROPN:2	ADJ:3
benzène	NOUN:1
benêt	NOUN:1
ber	NOUN:1
berbère	ADJ:1	NOUN:2
bercail	NOUN:2
berce	NOUN:1
berceau	NOUN:3
bercer	VERB:1
berceuse	NOUN:1
berchem	PROPN:3
bercy	NOUN:1	PROPN:2
beresford	PROPN:3
bergamote	NOUN:4
berge	NOUN:3
bergen	PROPN:1
berger	NOUN:1	PROPN:1
bergerac	PROPN:2
bergeret	PROPN:1
bergerie	NOUN:3
bergeron	PROPN:1
bergson	PROPN:1
bergère	NOUN:1
bergé	PROPN:1
berk	INTJ:1
berlin	PROPN:2
berlin-ouest	PROPN:1
berline	NOUN:3
berlingot	NOUN:2
berlinois	NOUN:1	ADJ:1
bermuda	NOUN:1
bermudes	PROPN:1
bernabeu	PROPN:1
bernadette	PROPN:1
bernard	PROPN:2
bernardin	ADJ:1
berne	PROPN:2	NOUN:3
berner	VERB:1
bernier	PROPN:1
bernois	ADJ:2
bernoulli	PROPN:1
bernstein	PROPN:2
berrichon	ADJ:1	NOUN:1
berruyer	ADJ:2
berry	PROPN:2
berserk	NOUN:1
berthe	PROPN:1	NOUN:1
berthon	NOUN:1
berthoud	PROPN:1
bertin	PROPN:1
bertrand	PROPN:2
besace	NOUN:1
besançon	PROPN:1
besogne	NOUN:1
besogneux	ADJ:2
besoin	NOUN:2
bessette	PROPN:1
besson	ADJ:1	PROPN:1
best-seller	NOUN:1
bestiaire	NOUN:2
bestial	ADJ:1
bestialité	NOUN:2
bestiole	NOUN:2
betancourt	PROPN:1
bethléem	PROPN:1
bethsabée	PROPN:2
bette	NOUN:3
bettencourt	PROPN:1
betterave	NOUN:1
beu	NOUN:1
beugler	VERB:2
beuh	INTJ:3
beur	NOUN:1
beurette	NOUN:1
beurk	INTJ:1
beurre	NOUN:1
beurrer	VERB:3
beurrier	NOUN:2
beurré	ADJ:2	NOUN:1
beuverie	NOUN:1
bey	NOUN:1
beyrouth	PROPN:1
bfc	NOUN:1
bff	NOUN:1
bfr	NOUN:1
bg	NOUN:1
bhoutan	PROPN:1
bi	NOUN:1	ADJ:1
biafra	PROPN:1
biais	NOUN:4	ADJ:1
biaiser	VERB:2
biaisé	ADJ:1
bianca	PROPN:1
biarritz	PROPN:1
biathlon	NOUN:1
biathlète	NOUN:1
bibeau	PROPN:1
bibelot	NOUN:1
biberon	NOUN:1
bibi	ADJ:1	NOUN:2	PRON:1	VERB:1
bibine	NOUN:2
bible	NOUN:1	PROPN:1
biblio	NOUN:1
bibliographe	NOUN:1
bibliographie	NOUN:1
bibliographique	ADJ:1
bibliophile	NOUN:1
bibliothèque	NOUN:2
bibliothécaire	NOUN:1
bibliothéconomie	NOUN:1
biblique	ADJ:1
bic	NOUN:2	PROPN:1
bicarbonate	NOUN:1
bicentenaire	NOUN:1
biceps	NOUN:2
bichat	PROPN:1
biche	NOUN:3
bichette	NOUN:4
bichon	NOUN:2
bichonner	VERB:2
bicolore	ADJ:1
bicoque	NOUN:2
bicorne	ADJ:1	NOUN:2
bicycle	NOUN:1
bicyclette	NOUN:2
bicéphale	ADJ:1
bicêtre	PROPN:2
bidart	PROPN:1
bide	NOUN:3
bidet	NOUN:2
bidoche	NOUN:1
bidon	NOUN:2	ADJ:3
bidonville	NOUN:1
bidou	NOUN:2
bidouiller	VERB:2
bidule	NOUN:2
bief	NOUN:2
bielle	NOUN:2
bien	ADV:3	ADJ:2	NOUN:3
bien-être	NOUN:1
bienfaisance	NOUN:2
bienfaisant	ADJ:1
bienfait	NOUN:2
bienfaiteur	NOUN:1
bienheureux	ADJ:3
biennal	ADJ:1
bienne	PROPN:1
bienséance	NOUN:1
bientôt	ADV:1
bienveillance	NOUN:1
bienveillant	ADJ:2
bienvenu	ADJ:1	NOUN:1
bienvenue	NOUN:1	INTJ:2
biff	NOUN:1
bifteck	NOUN:1
bifurcation	NOUN:1
bifurquer	VERB:2
big	NOUN:1
bigamie	NOUN:1
bigarré	ADJ:1
bigleux	ADJ:1
bignon	PROPN:2
bigot	NOUN:1	ADJ:1
bigoterie	NOUN:1
bigouden	NOUN:1
bigre	NOUN:1	INTJ:1
bijou	NOUN:1
bijouterie	NOUN:1
bijoutier	NOUN:1
biker	NOUN:1	VERB:1
bikini	NOUN:1	PROPN:1
bilan	NOUN:3
bilatéral	ADJ:1
bilboquet	NOUN:1
bile	NOUN:1
biliaire	ADJ:1
bilingue	ADJ:1
bilinguisme	NOUN:1
bilirubine	NOUN:1
bill	NOUN:2
billard	NOUN:3
bille	NOUN:7
billet	NOUN:2
billetterie	NOUN:1
billion	NUM:2
billon	NOUN:3
billot	NOUN:1
bilodeau	PROPN:1
bimensuel	ADJ:1	NOUN:1
bimestriel	ADJ:1
bimoteur	ADJ:1
bin	ADV:6
binaire	ADJ:4	NOUN:2
binational	ADJ:1
binche	PROPN:1
bine	NOUN:1
binette	NOUN:3
bingo	NOUN:1
biniou	NOUN:1
binks	NOUN:1
binoche	PROPN:1
binoclard	ADJ:1	NOUN:1
binoculaire	ADJ:1
binôme	NOUN:4
bio	ADJ:2	NOUN:4
biocarburant	NOUN:1
biochimie	NOUN:1
biochimique	ADJ:1
biochimiste	NOUN:1
biodisponibilité	NOUN:1
biodiversité	NOUN:1
biodynamie	NOUN:1
biodynamique	ADJ:1
biodégradable	ADJ:1
biogaz	NOUN:1
biographe	NOUN:1
biographie	NOUN:1
biographique	ADJ:1
biologie	NOUN:1
biologique	ADJ:3
biologiquement	ADV:1
biologiste	NOUN:1
biomasse	NOUN:1
biomécanique	ADJ:1	NOUN:1
biomédecine	NOUN:1
biomédical	ADJ:1
biométrie	NOUN:1
biométrique	ADJ:1
bionique	ADJ:1	NOUN:1
biophysique	NOUN:1
biopic	NOUN:1
biopsie	NOUN:1
biosphère	NOUN:1
biosynthèse	NOUN:1
biot	NOUN:1	PROPN:1
biotechnologie	NOUN:1
biotope	NOUN:1
bioéthanol	NOUN:1
bioéthique	NOUN:1
bip	NOUN:1
bipartisme	NOUN:1
bipartite	ADJ:1
biper	VERB:2
biplace	ADJ:1	NOUN:1
biplan	NOUN:1
bipolaire	ADJ:2
bipolarisation	NOUN:1
bipolarité	NOUN:2
bipède	ADJ:1	NOUN:1
bique	NOUN:3
birdie	NOUN:1
birman	NOUN:3	ADJ:1
birmanie	PROPN:1
bis	ADJ:3	ADV:2	NOUN:2	INTJ:1
bisbille	NOUN:1
biscaye	PROPN:1
biscayne	ADJ:1
biscotte	NOUN:2
biscuit	NOUN:1
biscuiterie	NOUN:2
bise	NOUN:2
biseau	NOUN:2
bisexualité	NOUN:1
bisexuel	ADJ:1
bismuth	NOUN:1
bison	NOUN:2
bisou	NOUN:2
bisounours	NOUN:2
bisphénol	NOUN:1
bisque	NOUN:2
bisson	PROPN:1
bissonnette	PROPN:1
bistouri	NOUN:1
bistro	NOUN:2
bistrot	NOUN:1
bit	NOUN:1
bitch	NOUN:1
bitcoin	NOUN:1
bite	NOUN:1
biterrois	ADJ:1	NOUN:1
bithynie	PROPN:1
bitte	NOUN:1
bitter	VERB:1
bitume	NOUN:2
bitumineux	ADJ:1
bivouac	NOUN:1
bizarre	ADJ:2
bizarrement	ADV:1
bizarrerie	NOUN:2
bizet	NOUN:1	PROPN:2
bizutage	NOUN:1
bière	NOUN:3
bièvre	NOUN:1	PROPN:1
biélorusse	NOUN:2	ADJ:1
biélorussie	PROPN:1
bjr	INTJ:2
black	ADJ:1	NOUN:1
blafard	ADJ:1
blagnac	PROPN:1
blague	NOUN:3
blaguer	VERB:1
blagueur	NOUN:1
blair	NOUN:1
blaireau	NOUN:3
blairer	VERB:1
blais	PROPN:1
blaise	PROPN:2
blanc	ADJ:3	NOUN:4	PROPN:1
blanchard	PROPN:1
blanchet	ADJ:1	NOUN:1	PROPN:1
blanchett	PROPN:1
blancheur	NOUN:1
blanchiment	NOUN:4
blanchir	VERB:6
blanchissage	NOUN:2
blanchissant	ADJ:1	NOUN:2
blanchissement	NOUN:2
blanchisserie	NOUN:1
blanchisseuse	NOUN:1
blanchon	NOUN:1
blanchâtre	ADJ:1
blanco	NOUN:1
blandine	PROPN:1
blanquette	NOUN:5
blason	NOUN:4
blasphème	NOUN:1
blasphémateur	NOUN:1
blasphématoire	ADJ:1
blasphémer	VERB:1
blasé	ADJ:1
blatte	NOUN:1
blaugrana	ADJ:1
blazer	NOUN:1
bled	NOUN:2
blessant	ADJ:1
blesser	VERB:3
blessure	NOUN:2
bleu	ADJ:2	NOUN:5	INTJ:1
bleuet	NOUN:2
bleuets	PROPN:1
bleuté	ADJ:1
bleuâtre	ADJ:1
blida	PROPN:1
blindage	NOUN:1
blinde	NOUN:1
blinder	VERB:1
blister	NOUN:1
blizzard	NOUN:1
blob	NOUN:1
bloc	NOUN:4	PROPN:1
blocage	NOUN:6
blockbuster	NOUN:1
blockchain	NOUN:1
blockhaus	NOUN:2
blocus	NOUN:3
blog	NOUN:1
blogosphère	NOUN:1
blogue	NOUN:1
bloguer	VERB:1
blogueur	NOUN:1
blois	PROPN:1
blond	ADJ:2	NOUN:1
blondasse	NOUN:1
blonde	NOUN:3
blondeau	PROPN:1
blondeur	NOUN:1
blondin	NOUN:1	PROPN:1
blondinet	NOUN:1
blondinette	NOUN:1
bloquant	ADJ:1
bloquer	VERB:8
bloqueur	NOUN:1
bloquiste	NOUN:1	ADJ:1
bloqué	ADJ:1
blottir	VERB:1
blouin	PROPN:2
blouse	NOUN:2
blouson	NOUN:1
blues	NOUN:3
bluetooth	PROPN:1
bluette	NOUN:2
bluff	NOUN:1
bluffant	ADJ:1
bluffer	VERB:2
blumenthal	PROPN:1
blush	NOUN:1
blâmable	ADJ:2
blâme	NOUN:2
blâmer	VERB:2
blé	NOUN:2
blême	ADJ:1
bmw	PROPN:1	NOUN:1
boa	NOUN:2
bob	NOUN:2	PROPN:1
bobard	NOUN:1
bobigny	PROPN:1
bobinage	NOUN:1
bobine	NOUN:5
bobo	NOUN:2
bobonne	NOUN:2
bobsleigh	NOUN:1
boc	NOUN:1
bocage	NOUN:3
bocal	NOUN:2
boche	NOUN:1
bock	NOUN:2
bodin	PROPN:1
body	NOUN:1
bodybuilding	NOUN:1
bof	INTJ:1
bog	NOUN:1
bogey	NOUN:1
bogie	NOUN:1
bogoss	NOUN:1
bogue	NOUN:4
bohème	ADJ:1	NOUN:1
bohémien	NOUN:1	ADJ:1
bohême	PROPN:1
boigny	PROPN:1
boileau	PROPN:2
boire	VERB:1
bois	NOUN:8
bois-franc	PROPN:1
bois-le-duc	PROPN:1
boisbriand	PROPN:2
boisclair	PROPN:1
boisement	NOUN:1
boiserie	NOUN:1
boisseau	NOUN:2
boisson	NOUN:4
boisvert	PROPN:1
boisé	ADJ:1	NOUN:1
boiter	VERB:1
boiteux	ADJ:5	NOUN:1
boitier	NOUN:2
boivin	PROPN:1
boko	NOUN:1	PROPN:2
bol	NOUN:3
bolchevik	ADJ:1
bolchevique	ADJ:1
bolchevisme	NOUN:1
bolchévique	ADJ:1
bolchévisme	NOUN:1
bolduc	PROPN:1	NOUN:1
bolide	NOUN:2
bolivar	NOUN:1
bolivie	PROPN:1
bolivien	NOUN:1	ADJ:1
bollinger	PROPN:1
bollywood	PROPN:1
bolognaise	NOUN:1
bologne	PROPN:2
boloss	NOUN:3
boléro	NOUN:3
bombarde	NOUN:3
bombardement	NOUN:1
bombarder	VERB:1
bombardier	NOUN:2	PROPN:1
bombardier-torpilleur	NOUN:1
bombasse	NOUN:1
bombay	PROPN:1
bombe	NOUN:4
bomber	VERB:4	NOUN:1
bombyx	NOUN:2
bombé	ADJ:1
bon	ADJ:4	NOUN:1	INTJ:1
bonaparte	PROPN:2
bonapartisme	NOUN:1
bonapartiste	ADJ:1
bonasse	ADJ:1
bonaventure	PROPN:1
bonbon	NOUN:1	ADV:1
bonbonne	NOUN:2
bond	NOUN:2
bonde	NOUN:1
bondir	VERB:1
bondissant	ADJ:1
bondé	ADJ:1
bongo	NOUN:1
bonheur	NOUN:2
bonhomie	NOUN:1
bonhomme	NOUN:3
boni	NOUN:1
boniface	PROPN:1
bonifacio	PROPN:1
bonification	NOUN:2
bonifier	VERB:1
bonimenteur	NOUN:1
bonite	NOUN:1
bonjour	NOUN:1	INTJ:2	PROPN:1
bonn	PROPN:1
bonnard	ADJ:1
bonnasse	NOUN:1
bonnement	ADV:2
bonnet	NOUN:5
bonneterie	NOUN:1
bonneuil	PROPN:1
bonobo	NOUN:1
bonsaï	NOUN:1
bonsoir	INTJ:1
bonté	NOUN:1
bonus	NOUN:2
bonze	NOUN:2
boo	NOUN:1
book	NOUN:2
booker	VERB:1
bookmaker	NOUN:1
boom	NOUN:1
boomer	NOUN:1
boomerang	NOUN:1
booster	NOUN:1	VERB:1
borax	NOUN:1
bord	NOUN:4
bordage	NOUN:1
bordeau	NOUN:2
bordeaux	PROPN:2	ADJ:1	NOUN:1
bordel	NOUN:2	INTJ:1
bordelais	NOUN:1	ADJ:1
border	VERB:3
bordereau	NOUN:1
bordier	ADJ:1
bordure	NOUN:4
bordélique	ADJ:1
bore	NOUN:1
borgne	ADJ:3	NOUN:1
borie	NOUN:2
bornage	NOUN:1
borne	NOUN:7	PROPN:1
borner	VERB:3
borné	ADJ:3
bornéo	PROPN:1
boro	PRON:1
boréal	ADJ:1
bosco	NOUN:1
bosniaque	ADJ:1	NOUN:2
bosnie	PROPN:2
bosnie-et-herzégovine	PROPN:1
bosnie-herzégovine	PROPN:1
bosnien	NOUN:2	ADJ:1
boson	NOUN:2
bosphore	PROPN:1
bosquet	NOUN:1
boss	NOUN:2
bosse	NOUN:4	PROPN:1
bosser	VERB:5
bosseur	ADJ:1	NOUN:2
bossu	ADJ:1	NOUN:1
boston	NOUN:1
bot	ADJ:2	NOUN:1
botanique	ADJ:1	NOUN:1
botaniste	NOUN:1
botox	NOUN:1
botswana	PROPN:1
botte	NOUN:7	PROPN:1
botter	VERB:2
bottier	NOUN:1
bottin	NOUN:1
bottine	NOUN:1
bottom	ADJ:1
botté	ADJ:1
botulisme	NOUN:1
bou	NOUN:1
boubou	NOUN:1
bouboule	NOUN:1
bouc	NOUN:2
boucan	NOUN:2
boucane	NOUN:2
bouchage	NOUN:2
bouchard	PROPN:1
bouche	NOUN:1
boucher	NOUN:1	VERB:3	PROPN:1
boucherie	NOUN:4
boucherville	PROPN:1
bouches-du-rhône	PROPN:1
bouchon	NOUN:6
bouchra	PROPN:1
bouchère	NOUN:1
bouché	ADJ:2
bouchée	NOUN:2
bouclage	NOUN:2
boucle	NOUN:8
boucler	VERB:5
bouclier	NOUN:2
bouclé	ADJ:1
bouddha	PROPN:1	NOUN:1
bouddhique	ADJ:1
bouddhisme	NOUN:1
bouddhiste	ADJ:1
bouder	VERB:2
boudeur	ADJ:1
boudin	NOUN:4
boudoir	NOUN:2
boudou	PROPN:1
boudreau	PROPN:1
boue	NOUN:1
boueux	ADJ:1
bouffe	NOUN:3	ADJ:1
bouffer	VERB:4
bouffeur	NOUN:1
bouffi	ADJ:2	NOUN:1
bouffon	NOUN:2	ADJ:1
bouffonnerie	NOUN:2
bouffée	NOUN:2
boug	NOUN:1
bougainville	PROPN:4
bougeoir	NOUN:1
bougeotte	NOUN:1
bouger	VERB:2
bougie	NOUN:2
bougnoule	NOUN:1
bougon	ADJ:1	NOUN:1
bougre	NOUN:4
bouh	INTJ:1
bouillabaisse	NOUN:1
bouillant	ADJ:2
bouille	NOUN:1
bouillie	NOUN:2
bouillir	VERB:3
bouilloire	NOUN:1
bouillon	NOUN:7
bouillonnant	ADJ:1
bouillonnement	NOUN:2
bouillonner	VERB:2
bouillotte	NOUN:3
boulanger	NOUN:1	VERB:1	PROPN:1
boulangerie	NOUN:1
boulard	NOUN:1
boule	NOUN:8
bouleau	NOUN:1
bouledogue	NOUN:1
bouler	VERB:1
boulet	NOUN:4
boulette	NOUN:2
boulevard	NOUN:3
bouleversant	ADJ:1
bouleversement	NOUN:1
bouleverser	VERB:3
boulier	NOUN:1
boulimie	NOUN:1
boulimique	ADJ:2
boulin	NOUN:2
boulodrome	NOUN:1
boulogne	PROPN:1
boulogne-sur-mer	PROPN:1
boulon	NOUN:1
boulonnais	NOUN:6	ADJ:1
boulot	NOUN:2
boum	INTJ:1	NOUN:1
bounty	NOUN:1
bouquet	NOUN:4
bouquetin	NOUN:1
bouquin	NOUN:4
bouquiner	VERB:1
bouquiniste	NOUN:1
bourassa	PROPN:1
bourbe	NOUN:1
bourbier	NOUN:2
bourbon	NOUN:1	PROPN:3
bourbonnais	NOUN:1	PROPN:1
bourde	NOUN:1
bourdeau	PROPN:1
bourdieu	PROPN:1
bourdin	PROPN:1
bourdon	NOUN:5
bourdonnement	NOUN:2
bourg	NOUN:1
bourgade	NOUN:1
bourge	NOUN:1
bourgeois	ADJ:1	NOUN:3
bourgeoisie	NOUN:1
bourgeon	NOUN:2
bourgeonnement	NOUN:1
bourges	PROPN:1
bourget	PROPN:1
bourgmestre	NOUN:1
bourgogne	PROPN:2	NOUN:1
bourguignon	ADJ:1	NOUN:1
bourque	PROPN:1
bourrache	NOUN:1
bourrage	NOUN:1
bourrasque	NOUN:1
bourre	NOUN:6
bourreau	NOUN:3
bourrelet	NOUN:3
bourrelier	NOUN:1
bourrer	VERB:8
bourrin	NOUN:2	ADJ:1
bourrique	NOUN:5
bourru	ADJ:1
bourré	ADJ:2
bourrée	NOUN:2
bourse	NOUN:6
boursier	ADJ:1	NOUN:3
boursouflé	ADJ:2
bousculade	NOUN:2
bousculer	VERB:1
bouse	NOUN:2
bouseux	NOUN:1
bousiller	VERB:4
boussole	NOUN:1
bout	NOUN:4
boutade	NOUN:2
boutant	ADJ:1
bouteille	NOUN:3
bouter	VERB:3
boutin	PROPN:1
boutique	NOUN:1
boutoir	NOUN:1
bouton	NOUN:3
boutonneux	ADJ:2
boutonnière	NOUN:2
bouturage	NOUN:1
bouture	NOUN:1
bouvet	NOUN:1
bouvier	PROPN:2	NOUN:4
bouygues	PROPN:1
bouée	NOUN:2
bovin	ADJ:1
bowling	NOUN:2
bowman	PROPN:1
box	NOUN:4
box-office	NOUN:1
boxe	NOUN:1
boxer	NOUN:3	VERB:1
boxeur	NOUN:1
boxon	NOUN:1
boy	NOUN:1
boyard	NOUN:1	PROPN:1
boyau	NOUN:4
boycott	NOUN:1
boycottage	NOUN:1
boycotter	VERB:1
boyer	PROPN:1
boîte	NOUN:3
boîtier	NOUN:2
bp	NOUN:1
bpa	NOUN:1
bpco	NOUN:1
bq	PROPN:1
brabant	PROPN:1	NOUN:1
brabançon	ADJ:1	NOUN:1	PROPN:1
bracelet	NOUN:1
brachial	ADJ:1
braconnage	NOUN:1
braconnier	NOUN:1
brader	VERB:3
braderie	NOUN:1
bradycardie	NOUN:1
braguette	NOUN:2
brahim	PROPN:2
brahmane	NOUN:1
braies	NOUN:1
braillard	ADJ:1	NOUN:1
braille	NOUN:1
brailler	VERB:2
brainstorming	NOUN:1
braire	VERB:3	NOUN:1
braise	NOUN:2
brancard	NOUN:3
brancardier	NOUN:1
branche	NOUN:2
branchement	NOUN:2
brancher	VERB:4
branché	ADJ:1
branco	NOUN:1
brand	NOUN:1
brande	NOUN:2
brandebourg	PROPN:2	NOUN:1
brandir	VERB:1
brandon	NOUN:4
brandy	NOUN:1
branlant	ADJ:1
branle	NOUN:3
branler	VERB:5
branlette	NOUN:2
branleur	NOUN:1
branlée	NOUN:2
braquage	NOUN:1
braque	NOUN:3	ADJ:1
braquer	VERB:5
braquet	NOUN:1
braqueur	NOUN:1
bras	NOUN:1
brasero	NOUN:1
brasier	NOUN:1
brassac	PROPN:3
brassage	NOUN:2
brassard	NOUN:3	PROPN:1
brasse	NOUN:3
brasser	VERB:2
brasserie	NOUN:4
brasseur	NOUN:1
brassicole	ADJ:1
brassière	NOUN:3
braudel	PROPN:1
bravade	NOUN:1
brave	ADJ:2	NOUN:1
bravement	ADV:1
braver	VERB:3
bravo	INTJ:1	NOUN:2
bravoure	NOUN:1
braye	NOUN:1
braz	PROPN:1
brazzaville	PROPN:2
break	NOUN:3
breakdance	NOUN:1
breaker	NOUN:1	VERB:1
brebis	NOUN:2
bredouille	ADJ:1	NOUN:1
bref	ADJ:1	ADV:1
brejnev	PROPN:1
brelan	NOUN:1
breloque	NOUN:1
brest	PROPN:2
brestois	NOUN:1	ADJ:1
bretagne	PROPN:3
bretelle	NOUN:4
breton	NOUN:2	ADJ:1
bretteur	NOUN:1
bretzel	NOUN:1
breuil	NOUN:3
breuvage	NOUN:2
brevet	NOUN:3
breveter	VERB:1
breveté	ADJ:2
brexit	PROPN:1
brian	PROPN:1
briançon	PROPN:1
briard	ADJ:1	NOUN:1
bribe	NOUN:2
brice	PROPN:3
brick	NOUN:2
bricolage	NOUN:1
bricole	NOUN:5
bricoler	VERB:2
bricoleur	ADJ:1	NOUN:2
bridage	NOUN:1
bride	NOUN:5
brider	VERB:5
bridge	NOUN:1
bridger	VERB:1
bridé	ADJ:1	NOUN:1
brie	NOUN:1
briefing	NOUN:1
brienne	PROPN:2
brieuc	PROPN:1
brigade	NOUN:2
brigadier	NOUN:3
brigand	NOUN:1	ADJ:1
brigandage	NOUN:2
brigitte	PROPN:1
briguer	VERB:1
brillamment	ADV:2
brillance	NOUN:2
brillant	ADJ:1
briller	VERB:1
brimer	VERB:1
brin	NOUN:4
brindes	PROPN:1
brindille	NOUN:1
bringue	NOUN:3
brio	NOUN:2
brioche	NOUN:3
brioché	ADJ:1
brique	NOUN:4
briquet	NOUN:5
briqueterie	NOUN:1
bris	NOUN:2
brisant	NOUN:2
briscard	NOUN:2
briser	VERB:2
briseur	NOUN:1
bristol	PROPN:1	NOUN:2
brisure	NOUN:1
britannique	ADJ:1	NOUN:2
british	ADJ:1
brixton	PROPN:1
brièvement	ADV:1
brièveté	NOUN:1
broadway	PROPN:1
broc	NOUN:1
brocante	NOUN:2
brocanteur	NOUN:2
brocard	NOUN:2
brocart	NOUN:1
brochant	ADJ:1
broche	NOUN:3
brochet	NOUN:1
brochette	NOUN:3
brochure	NOUN:3
broché	ADJ:2
brocoli	NOUN:1
brocéliande	PROPN:1
broder	VERB:1
broderie	NOUN:1
brodeur	NOUN:1
brodé	ADJ:1
broglie	PROPN:2
brogniart	PROPN:1
brome	NOUN:2
bromure	NOUN:1
bronca	NOUN:1
bronche	NOUN:1
broncher	VERB:3
bronchique	ADJ:1
bronchite	NOUN:1
brongniart	PROPN:1
bronzage	NOUN:3
bronze	NOUN:1
bronzer	VERB:3
brossage	NOUN:1
brosse	NOUN:2
brosseau	PROPN:1
brosser	VERB:3
brou	NOUN:1
brouette	NOUN:1
brouhaha	NOUN:1
brouillage	NOUN:1
brouillard	NOUN:2
brouille	NOUN:1
brouiller	VERB:8
brouilleur	NOUN:1
brouillon	NOUN:1	ADJ:1
broussaille	NOUN:1
broussard	NOUN:1	PROPN:1
brousse	NOUN:2
brousseau	PROPN:1
brouter	VERB:2
broutille	NOUN:1
brown	PROPN:1
brownie	NOUN:1
broyage	NOUN:1
broyer	VERB:3
broyeur	NOUN:2
broyeuse	NOUN:1
brrr	INTJ:1
bru	NOUN:1
bruant	NOUN:1
brucellose	NOUN:1
bruche	NOUN:1
brugeois	ADJ:1	NOUN:1
bruges	PROPN:2
bruine	NOUN:1
bruissement	NOUN:1
bruit	NOUN:2
bruitage	NOUN:1
brumaire	NOUN:1
brume	NOUN:1
brumeux	ADJ:1
brumisateur	NOUN:1
brun	ADJ:1	NOUN:1
brunch	NOUN:1
bruncher	VERB:1
brune	NOUN:1
brunei	PROPN:1
brunelle	PROPN:1	NOUN:1
brunet	PROPN:1
brunette	NOUN:1
bruni	ADJ:1
bruno	PROPN:1
brunâtre	ADJ:1
brushing	NOUN:1
brusque	ADJ:2	PROPN:2
brusquement	ADV:3
brusquer	VERB:2
brut	ADJ:3
brutal	ADJ:1	NOUN:1
brutalement	ADV:1
brutaliser	VERB:1
brutalité	NOUN:1
bruxelles	PROPN:1
bruxellois	ADJ:1	NOUN:1
bruyamment	ADV:1
bruyant	ADJ:1
bruyère	NOUN:2
bruz	PROPN:1
bry	PROPN:1
bryson	PROPN:1
brèche	NOUN:2
brème	NOUN:2
brébeuf	PROPN:1
bréchet	NOUN:2
brésil	PROPN:1	NOUN:1
brésilien	ADJ:1	NOUN:2
bréviaire	NOUN:2
brême	PROPN:2	NOUN:1
brûlage	NOUN:1
brûler	VERB:4
brûleur	NOUN:2
brûlis	NOUN:2
brûlot	NOUN:4
brûlure	NOUN:1
bsr	ADV:1
btp	NOUN:1
buanderie	NOUN:2
bubonique	ADJ:1
bucarest	PROPN:1
buccal	ADJ:1
buckingham	PROPN:1
bucolique	ADJ:1
budapest	PROPN:1
budget	NOUN:1
budgétaire	ADJ:1
buffet	NOUN:3
buffle	NOUN:1
bug	NOUN:1
bugatti	PROPN:1
bugey	PROPN:1
bugger	VERB:1
buggy	NOUN:1
bugle	NOUN:3
bui	PROPN:1
building	NOUN:1
buis	NOUN:2
buisson	NOUN:2
bujumbura	PROPN:1
bulbe	NOUN:1
bulgare	NOUN:2	ADJ:1
bulgarie	PROPN:1
bull	NOUN:1
bulldog	NOUN:1
bulldozer	NOUN:1
bulle	NOUN:2
buller	VERB:1
bulletin	NOUN:3
bullshit	NOUN:1
bulot	NOUN:2
bungalow	NOUN:1
bunker	NOUN:1
buraliste	NOUN:2
bure	NOUN:2
bureau	NOUN:7
bureaucrate	NOUN:1
bureaucratie	NOUN:1
bureaucratique	ADJ:1
bureautique	NOUN:1
bures	NOUN:1
burger	NOUN:1
burgonde	ADJ:1	NOUN:1
burgondes	PROPN:1
burin	PROPN:1	NOUN:1
burkina	PROPN:1
burkinabè	ADJ:1
burkinabé	ADJ:1
burkini	NOUN:1
burlesque	ADJ:1	NOUN:1
burne	NOUN:1
buron	NOUN:1
burqa	NOUN:1
burundais	NOUN:1	ADJ:1
burundi	PROPN:1
bus	NOUN:1
buse	NOUN:5
business	NOUN:2
businessman	NOUN:1
bussy	PROPN:1
buste	NOUN:2
bustier	NOUN:1
but	NOUN:3	PROPN:1
but-sur-balles	NOUN:1
butane	NOUN:2
butch	NOUN:1
buter	VERB:4
buteur	NOUN:1
butin	NOUN:5	PROPN:1
butiner	VERB:5
butoir	NOUN:3
butor	NOUN:2
butte	NOUN:4
butter	VERB:1
buté	ADJ:1
butée	NOUN:4
buvable	ADJ:1
buvant	ADJ:1
buvard	NOUN:2
buvette	NOUN:1
buveur	NOUN:1
buzz	NOUN:1
buée	NOUN:2
bxl	PROPN:1
bye	INTJ:1
byzance	PROPN:2
byzantin	ADJ:2
bâbord	NOUN:1
bâche	NOUN:3
bâcler	VERB:1
bâillement	NOUN:2
bâiller	VERB:1
bâillon	NOUN:1
bâillonner	VERB:3
bâle	PROPN:2
bâlois	ADJ:1	NOUN:1
bât	NOUN:1
bâtard	ADJ:1	NOUN:4
bâteau	NOUN:1
bâtiment	NOUN:4
bâtir	VERB:2
bâtisse	NOUN:3
bâtisseur	NOUN:1
bâton	NOUN:2
bâtonnet	NOUN:3
bâtonnier	NOUN:2
bègue	ADJ:1	NOUN:1
bé	ADJ:1
béa	PROPN:1
béal	NOUN:1
béant	ADJ:1
béarn	PROPN:2
béarnais	ADJ:1	NOUN:2
béarnaise	NOUN:1
béat	ADJ:2	NOUN:1
béate	NOUN:1
béatification	NOUN:1
béatitude	NOUN:1
béatrice	PROPN:1
béatrix	PROPN:1
bébé	NOUN:1
bébête	ADJ:1	NOUN:3
bécancour	PROPN:2
bécane	NOUN:3
bécasse	NOUN:1
bécassine	NOUN:1
béchamel	NOUN:1
béchard	PROPN:1
bédard	PROPN:1
bédouin	ADJ:1	NOUN:1
bédé	NOUN:1
bégaiement	NOUN:1
bégayer	VERB:1
bégin	PROPN:1
béguin	NOUN:4	PROPN:1
béguinage	NOUN:1
béjaïa	PROPN:1
béland	PROPN:1
bélanger	PROPN:1
bélarus	PROPN:1
bélier	NOUN:3	PROPN:2
bélisaire	PROPN:1
bélisle	PROPN:1
béliveau	PROPN:1
béluga	NOUN:2
bémol	NOUN:2
bénard	ADJ:1	NOUN:1	PROPN:1
bénef	NOUN:1
bénin	PROPN:1	ADJ:1
béninois	ADJ:1	NOUN:1
bénir	VERB:1
bénit	ADJ:1
bénitier	NOUN:1
béné	NOUN:1
bénédicte	PROPN:1
bénédictin	ADJ:1	NOUN:1
bénédiction	NOUN:2
bénéfice	NOUN:2
bénéficiaire	ADJ:1	NOUN:1
bénéficier	VERB:2
bénéfique	ADJ:1
bénévolat	NOUN:1
bénévole	ADJ:1	NOUN:1
bénévolement	ADV:1
béotie	PROPN:1
béotien	ADJ:2	NOUN:3
béquille	NOUN:2
bérangère	PROPN:1
bérenger	PROPN:1
bérengère	PROPN:1
béret	NOUN:1
bérubé	PROPN:1
béryl	NOUN:1
béryllium	NOUN:1
bérégovoy	PROPN:1
bérénice	PROPN:1
bérézina	NOUN:1
bétail	NOUN:4
béthanie	PROPN:1
béton	NOUN:1
bétonnage	NOUN:2
bétonner	VERB:1
bétonnière	NOUN:1
bévue	NOUN:1
béziers	PROPN:1
bêche	NOUN:1
bêta	NOUN:1	ADJ:2
bête	NOUN:2	ADJ:3
bêtement	ADV:1
bêtise	NOUN:3
bêtisier	NOUN:1
bô	ADJ:3
bûche	NOUN:1
bûcher	NOUN:4	VERB:2
bûcheron	NOUN:2
bœuf	NOUN:5
c'est-à-dire	X:1
ca	NOUN:1
cab	ADJ:1
cabale	NOUN:1
caban	NOUN:1
cabane	NOUN:4
cabanel	PROPN:1
cabanon	NOUN:2
cabaret	NOUN:4
cabas	NOUN:4
cabernet	NOUN:1
cabestan	NOUN:1
cabillaud	NOUN:1
cabine	NOUN:1
cabinet	NOUN:5
caboche	NOUN:1
cabochon	NOUN:5
cabossé	ADJ:2
cabot	NOUN:1
cabotage	NOUN:1
cabotin	NOUN:2	ADJ:1
cabourg	PROPN:1
cabrer	VERB:2
cabri	NOUN:3
cabriolet	NOUN:4
cac	PROPN:1
caca	NOUN:1	ADJ:1	VERB:1
cacahuète	NOUN:1
cacao	NOUN:1
cacaoyer	ADJ:1	NOUN:1
cacatoès	NOUN:1
cachalot	NOUN:1
cachan	PROPN:1
cachemire	NOUN:2	PROPN:1
cacher	VERB:2
cachet	NOUN:4
cachette	NOUN:1
cachot	NOUN:2
cacique	NOUN:2
cacophonie	NOUN:1
cactus	NOUN:1
cadastral	ADJ:1
cadastre	NOUN:1
cadavre	NOUN:2
cadavérique	ADJ:2
caddie	NOUN:2
caddy	NOUN:3
cade	NOUN:4
cadeau	NOUN:1
cadenas	NOUN:1
cadenassé	ADJ:1
cadence	NOUN:2
cadencé	ADJ:1
cadet	ADJ:1	NOUN:3
cadi	NOUN:2
cadillac	PROPN:3
cadix	PROPN:3
cadière	NOUN:1
cadmium	NOUN:1
cador	NOUN:2
cadrage	NOUN:1
cadran	NOUN:3
cadre	NOUN:8
cadrer	VERB:2
cadreur	NOUN:1
cadré	ADJ:1
caduc	ADJ:3
caducité	NOUN:2
caducée	NOUN:1
caduque	NOUN:1
caen	PROPN:1
caennais	NOUN:1	ADJ:1
cafard	NOUN:4
cafetier	NOUN:1
cafetière	NOUN:2
cafouillage	NOUN:1
caftan	NOUN:1
café	NOUN:4	ADJ:1
caféier	NOUN:1
caféine	NOUN:1
cafétéria	NOUN:1
cage	NOUN:2
cageot	NOUN:2
cagette	NOUN:2
cagibi	NOUN:2
cagnard	ADJ:2	NOUN:4
cagnotte	NOUN:1
cagoule	NOUN:2
cagoulé	ADJ:1
cahier	NOUN:2
cahors	NOUN:1
caillasse	NOUN:1
caillasser	VERB:1
caille	ADJ:1	NOUN:1
caillebotte	NOUN:1
cailler	VERB:3
caillot	NOUN:2
caillou	NOUN:2
caillouteux	ADJ:1
caillé	NOUN:1
cairn	NOUN:1
caisse	NOUN:8
caissier	NOUN:1
caisson	NOUN:4
cajoler	VERB:2
cajou	NOUN:1
cake	NOUN:2
cal	NOUN:1
calabrais	ADJ:1	NOUN:1
calabre	PROPN:1
calage	NOUN:3
calais	PROPN:1
calamar	NOUN:1
calame	NOUN:1
calamine	NOUN:2
calamiteux	ADJ:1
calamité	NOUN:1
calandre	NOUN:4
calanque	NOUN:1
calcaire	NOUN:1	ADJ:1
calcification	NOUN:1
calcination	NOUN:1
calciné	ADJ:2
calcique	ADJ:1
calcite	NOUN:1
calcium	NOUN:1
calcul	NOUN:4
calculable	ADJ:1
calculateur	ADJ:1	NOUN:2
calculatrice	NOUN:1
calculer	VERB:1
calculette	NOUN:1
calcutta	PROPN:1
caldeira	NOUN:1
cale	NOUN:7
caleb	PROPN:1
calebasse	NOUN:3
calembour	NOUN:1
calendaire	ADJ:1
calendrier	NOUN:3
calepin	NOUN:1
caler	VERB:8
caleçon	NOUN:1
calgary	PROPN:1
calibrage	NOUN:1
calibre	NOUN:1
calibrer	VERB:2
calice	NOUN:1
califat	NOUN:1
calife	NOUN:1
californie	PROPN:1
californien	ADJ:1	NOUN:1
calixte	PROPN:2
caller	VERB:2
calleux	ADJ:1
calligraphe	NOUN:1
calligraphie	NOUN:1
calmant	NOUN:1
calmar	NOUN:1
calme	ADJ:2	NOUN:2
calmement	ADV:1
calmer	VERB:2
calmos	INTJ:1	ADV:1
calomnie	NOUN:1
calomnier	VERB:1
calomnieux	ADJ:1
caloporteur	ADJ:1
calorie	NOUN:1
calorifique	ADJ:1
calorique	ADJ:3
calot	NOUN:2
calotte	NOUN:6
calque	NOUN:3
calquer	VERB:2
calqué	ADJ:1
calumet	NOUN:1
calva	NOUN:1
calvados	PROPN:1	NOUN:1
calvaire	NOUN:2	INTJ:1	PROPN:1
calvinisme	NOUN:1
calviniste	ADJ:1
calvitie	NOUN:2
calypso	NOUN:1
calèche	NOUN:1
calé	ADJ:1
calédonie	PROPN:1
calédonien	ADJ:2
cam	NOUN:2
camara	PROPN:1
camarade	NOUN:2
camaraderie	NOUN:1
camargue	PROPN:1
camaro	NOUN:1
camaïeu	NOUN:3
cambodge	PROPN:1
cambodgien	ADJ:1
cambouis	NOUN:1
cambridge	PROPN:1
cambrien	ADJ:1
cambriolage	NOUN:1
cambrioler	VERB:1
cambrioleur	NOUN:1
cambronne	PROPN:1
cambrousse	NOUN:1
cambrure	NOUN:3
came	NOUN:3
camelot	PROPN:1	NOUN:2
camelote	NOUN:1
camembert	NOUN:2	PROPN:1
cameraman	NOUN:1
cameroun	PROPN:1
camerounais	ADJ:1	NOUN:1
camille	PROPN:1
camion	NOUN:1
camionnage	NOUN:1
camionnette	NOUN:2
camionneur	NOUN:2
camisole	NOUN:1
camomille	NOUN:1
camorra	NOUN:2
camouflage	NOUN:1
camoufler	VERB:1
camouflet	NOUN:2
camp	NOUN:6	ADJ:1
campagnard	ADJ:2	NOUN:1
campagne	NOUN:2	PROPN:1
campagnol	NOUN:1
campanie	PROPN:1
campanile	NOUN:1
campbellton	PROPN:1
campement	NOUN:3
camper	VERB:2
campeur	NOUN:1
camphre	NOUN:1
camping	NOUN:2
campus	NOUN:1
camus	PROPN:1	ADJ:1
camé	ADJ:1
camée	NOUN:1
camélia	NOUN:1	PROPN:1
caméléon	NOUN:2
caméo	NOUN:1
caméra	NOUN:2
caméraman	NOUN:1
caméscope	NOUN:1
canada	PROPN:1
canadair	NOUN:1
canadien	ADJ:1	NOUN:1	PROPN:1
canaille	NOUN:4	ADJ:4
canal	NOUN:2
canalisation	NOUN:2
canaliser	VERB:3
canapé	NOUN:3
canard	NOUN:8
canari	NOUN:2
canaries	PROPN:1
canberra	PROPN:1
cancan	NOUN:2
cancer	NOUN:2	PROPN:2
cancre	NOUN:3
cancéreux	ADJ:1
cancérigène	ADJ:1
cancérogène	ADJ:1
cancérologie	NOUN:1
cancérologue	NOUN:1
candela	NOUN:1
candeur	NOUN:3
candi	ADJ:1	NOUN:3
candidat	NOUN:1
candidater	VERB:1
candidature	NOUN:1
candide	ADJ:2	NOUN:2
candidement	ADV:3
candélabre	NOUN:1
cane	NOUN:1
canebière	PROPN:1
canelle	NOUN:1
canet	PROPN:4
canette	NOUN:2
canevas	NOUN:3
caniche	NOUN:1
caniculaire	ADJ:1
canicule	NOUN:2
canidé	NOUN:1
canidés	NOUN:1
canif	NOUN:1
canigou	PROPN:1
canin	ADJ:1
canine	NOUN:1
caniveau	NOUN:1
cannabis	NOUN:1
canne	NOUN:6
canneberge	NOUN:1
cannelle	NOUN:1	ADJ:1
cannelure	NOUN:3
cannelé	ADJ:2
cannes	PROPN:1
cannette	NOUN:2
cannibale	ADJ:1	NOUN:1
cannibalisme	NOUN:2
cannois	ADJ:1	NOUN:1
canon	NOUN:6	ADJ:1
canonique	ADJ:1
canoniquement	ADV:1
canonisation	NOUN:1
canonnade	NOUN:1
canonnier	NOUN:1
canonnière	NOUN:1
canopée	NOUN:1
canot	NOUN:2
canoë	NOUN:1
cantal	NOUN:1	PROPN:1
cantate	NOUN:1
cantatrice	NOUN:1
canterbury	PROPN:2
cantine	NOUN:1
cantique	NOUN:1
canton	NOUN:3
cantonais	ADJ:1	NOUN:2
cantonal	ADJ:1
cantonnement	NOUN:2
cantonner	VERB:7
cantonnier	NOUN:3	ADJ:1
cantonné	ADJ:1
cantorbéry	PROPN:1
canular	NOUN:1
canule	NOUN:1
canut	NOUN:2
canyon	NOUN:1
cao	NOUN:1
caoutchouc	NOUN:7
cap	NOUN:5
cap-vert	PROPN:1
capable	ADJ:1
capacité	NOUN:2
cape	NOUN:1
capet	PROPN:1
capharnaüm	NOUN:2
capillaire	ADJ:1	NOUN:1
capillarité	NOUN:1
capitaine	NOUN:2
capitainerie	NOUN:2
capital	NOUN:1	ADJ:1
capital-risque	NOUN:1
capitale	NOUN:2
capitalisation	NOUN:1
capitaliser	VERB:2
capitalisme	NOUN:1
capitaliste	NOUN:1
capitalistique	ADJ:1
capitanat	NOUN:1
capitation	NOUN:2
capitole	PROPN:1
capitulaire	ADJ:1
capitulation	NOUN:2
capitule	NOUN:2
capituler	VERB:1
capoeira	NOUN:1
caporal	NOUN:2
capot	NOUN:1
capote	NOUN:2
capoter	VERB:5
capoue	PROPN:1
cappadoce	PROPN:2
cappuccino	NOUN:1
capri	NOUN:1
caprice	NOUN:2
capricieux	ADJ:1
capricorne	NOUN:2	PROPN:2
capsule	NOUN:4
captage	NOUN:3
captation	NOUN:1
capter	VERB:4
capteur	NOUN:2
captieux	ADJ:1
captif	ADJ:1
captivant	ADJ:1
captive	NOUN:1
captiver	VERB:1
captivité	NOUN:1
capturer	VERB:1
capuche	NOUN:2
capuchon	NOUN:2
capucin	NOUN:2
capucine	PROPN:1	NOUN:2
capé	ADJ:1
caquet	NOUN:1
caquiste	NOUN:1	ADJ:1
car	CCONJ:1	NOUN:1
carabine	NOUN:2
carabinier	NOUN:1
caracal	NOUN:1
caracas	PROPN:1
caracole	NOUN:2
caractère	NOUN:4
caractériel	ADJ:2
caractérisation	NOUN:1
caractériser	VERB:1
caractéristique	NOUN:1	ADJ:1
carafe	NOUN:1
carambolage	NOUN:2
caramel	NOUN:1	PROPN:1
carapace	NOUN:1
caraquet	PROPN:1
carat	NOUN:1
caravage	PROPN:1
caravane	NOUN:2
caravansérail	NOUN:1
caravelle	NOUN:1
caraïbe	ADJ:1	NOUN:1
caraïbes	PROPN:1
carbet	NOUN:1
carbonate	NOUN:1
carbone	NOUN:1
carbonifère	ADJ:1	PROPN:1
carbonique	ADJ:1
carbonisé	ADJ:1
carbonne	PROPN:1
carboné	ADJ:2
carburant	NOUN:1
carburateur	NOUN:1
carburation	NOUN:1
carbure	NOUN:1
carcan	NOUN:2
carcasse	NOUN:3
carcassonne	PROPN:1
carcinome	NOUN:1
carcéral	ADJ:1
cardamome	NOUN:1
cardan	NOUN:2
carde	NOUN:3
cardiaque	ADJ:2
cardigan	NOUN:1
cardinal	ADJ:1	NOUN:4
cardiologie	NOUN:1
cardiologue	NOUN:1
cardiomyopathie	NOUN:1
cardiopathie	NOUN:1
cardiovasculaire	ADJ:1
cardon	NOUN:1
carence	NOUN:2
caressant	ADJ:2
caresse	NOUN:1
caresser	VERB:3
cargaison	NOUN:1
cargo	NOUN:1
cargèse	PROPN:1
cari	NOUN:1
caribou	NOUN:1
caribéen	ADJ:1
caricatural	ADJ:1
caricature	NOUN:1
caricaturer	VERB:1
caricaturiste	NOUN:1
carie	NOUN:3	PROPN:1
carillon	NOUN:1
carina	PROPN:1
carine	PROPN:1
carinthie	PROPN:2
cariste	NOUN:1
caritatif	ADJ:1
carla	PROPN:1
carlin	NOUN:1	PROPN:1
carling	PROPN:1
carlingue	NOUN:2
carmaux	PROPN:1
carme	NOUN:1
carmen	PROPN:1
carmin	ADJ:1	NOUN:3
carmélite	NOUN:1
carnage	NOUN:1
carnassier	ADJ:1
carnation	NOUN:2
carnaval	NOUN:1
carnavalesque	ADJ:1
carne	NOUN:4
carnet	NOUN:1
carney	PROPN:1
carnivore	ADJ:1	NOUN:1
carnot	PROPN:1
carné	ADJ:2
caro	PROPN:1
carole	PROPN:1	NOUN:1
caroline	PROPN:2
carolines	PROPN:1
carolingien	ADJ:1
caron	NOUN:1	PROPN:1
carotide	NOUN:1
carotte	NOUN:4
carotène	NOUN:1
carouge	NOUN:4
carpates	PROPN:1
carpe	NOUN:2
carpenter	PROPN:1
carpentier	PROPN:1
carpentras	PROPN:1
carpette	NOUN:2
carpien	ADJ:1
carqueiranne	PROPN:1
carquois	NOUN:1
carre	NOUN:5
carreau	NOUN:7	PROPN:1
carrefour	NOUN:2
carrelage	NOUN:4
carrer	VERB:2
carrick	NOUN:1
carrier	PROPN:1
carriole	NOUN:2
carrière	NOUN:3	PROPN:1
carriériste	NOUN:1
carros	PROPN:1
carrossable	ADJ:1
carrosse	NOUN:1
carrosserie	NOUN:1
carrossier	NOUN:2
carrousel	NOUN:1
carrure	NOUN:3
carré	ADJ:3	NOUN:5
carrément	ADV:4
cartable	NOUN:2
carte	NOUN:3
cartel	NOUN:2
carter	NOUN:1	VERB:1
carthage	PROPN:2
carthaginois	ADJ:1
cartier	NOUN:1
cartilage	NOUN:1
cartilagineux	ADJ:1
cartographe	NOUN:1
cartographie	NOUN:1
cartographier	VERB:1
cartographique	ADJ:1
cartographié	ADJ:1
carton	NOUN:6
cartonnage	NOUN:1
cartonner	VERB:6
cartoon	NOUN:1
cartouche	NOUN:4
cartoucherie	NOUN:1
cartulaire	NOUN:1
cartésien	ADJ:1
carène	NOUN:1
carélie	PROPN:2
carénage	NOUN:2
carême	NOUN:1
cas	NOUN:2
casablanca	PROPN:1
casanier	ADJ:1	NOUN:1
casaque	NOUN:2
casbah	NOUN:1
cascade	NOUN:4
cascadeur	NOUN:1
case	NOUN:3
casemate	NOUN:1
caser	VERB:2
caserne	NOUN:1
casernement	NOUN:1
cash	ADV:2
casher	ADJ:1
casier	NOUN:4
casino	NOUN:1
caspienne	PROPN:1
casque	NOUN:4
casquer	VERB:4
casquette	NOUN:1
cassage	NOUN:1
cassant	ADJ:2
cassation	NOUN:1
casse	NOUN:5
casse-cou	NOUN:2
casse-tête	NOUN:4
casser	VERB:3
casserole	NOUN:3
cassette	NOUN:4
casseur	NOUN:1
cassie	NOUN:2
cassin	PROPN:1
cassini	PROPN:1
cassiopée	PROPN:1
cassis	NOUN:4	PROPN:1
cassonade	NOUN:1
cassos	NOUN:1
cassoulet	NOUN:1
cassure	NOUN:2
cassé	ADJ:2
castagne	NOUN:1
caste	NOUN:2
castellet	PROPN:3
castelnau	PROPN:1
castelnaudary	PROPN:1
caster	VERB:2
castex	PROPN:1
castillan	PROPN:1	NOUN:1	ADJ:1
castille	PROPN:2
casting	NOUN:1
castor	NOUN:2	PROPN:2
castration	NOUN:1
castrer	VERB:1
castres	PROPN:1
castriste	ADJ:1
caséine	NOUN:1
cata	NOUN:1
cataclysme	NOUN:1
cataclysmique	ADJ:1
catalan	NOUN:2	ADJ:1
catalogne	PROPN:1
catalogue	NOUN:1
cataloguer	VERB:2
catalyseur	ADJ:1	NOUN:1
catalytique	ADJ:1
catamaran	NOUN:1
catane	PROPN:2
cataplasme	NOUN:1
catapulte	NOUN:1
cataracte	NOUN:2
catastrophe	NOUN:1
catastrophique	ADJ:1
catastrophisme	NOUN:2
catch	NOUN:1
catcher	VERB:3
catcheur	NOUN:1
cathare	ADJ:1	NOUN:1
catharisme	NOUN:1
catharsis	NOUN:1
cathartique	ADJ:1
cathay	PROPN:1
catherine	PROPN:1	NOUN:1
catho	NOUN:2	ADJ:1
cathode	NOUN:1
cathodique	ADJ:1
catholicisme	NOUN:1
catholicité	NOUN:1
catholique	ADJ:1
cathédral	ADJ:1
cathédrale	NOUN:1
cathéter	NOUN:1
catimini	ADJ:1
catin	NOUN:3
cation	NOUN:1
caton	PROPN:2
caté	NOUN:1
catéchisme	NOUN:1
catéchiste	NOUN:1
catéchèse	NOUN:1
catégorie	NOUN:1
catégorique	ADJ:2
catégoriquement	ADV:1
catégorisation	NOUN:1
catégoriser	VERB:1
caténaire	NOUN:2
cau	PROPN:1
caucase	PROPN:1
caucasien	NOUN:1	ADJ:2
cauchemar	NOUN:1
cauchemard	NOUN:1
cauchemardesque	ADJ:1
cauchois	ADJ:1
cauchon	PROPN:1
caudal	ADJ:1
caumartin	PROPN:1
causal	ADJ:1
causalité	NOUN:1
cause	NOUN:2
causer	VERB:3
causerie	NOUN:1
causette	NOUN:2
causeur	ADJ:1	NOUN:1
causse	NOUN:1
caustique	ADJ:2
caution	NOUN:3
cautionnement	NOUN:2
cautionner	VERB:2
cauvin	PROPN:1
cavaillon	PROPN:1
cavalaire	PROPN:1
cavalcade	NOUN:1
cavale	NOUN:2
cavaler	VERB:3
cavalerie	NOUN:1
cavalier	NOUN:6	ADJ:2
cave	ADJ:3	NOUN:5
caveau	NOUN:5
caverne	NOUN:1
caverneux	ADJ:2
caviar	NOUN:1
caviste	NOUN:1
cavitation	NOUN:1
cavité	NOUN:1
cayenne	NOUN:2	PROPN:1
cayes	PROPN:2
cazaux	PROPN:3
caïd	NOUN:3
caïman	NOUN:2
caïn	PROPN:1
cb	PROPN:1
cc	INTJ:4
cce	NOUN:1
cd	NOUN:1
cdd	NOUN:1
cdi	NOUN:2
cdn	PROPN:1
cdt	ADV:2
ce	DET:1	PRON:3
ceccaldi	PROPN:1
ceci	PRON:1
ceinture	NOUN:1
ceinturon	NOUN:2
cela	PRON:1
cell	NOUN:1
cella	NOUN:1
celleux	PRON:1
cellier	NOUN:1
cellophane	NOUN:1
cellulaire	ADJ:1	NOUN:1
cellule	NOUN:3
cellulite	NOUN:2
cellulose	NOUN:1
celluloïd	NOUN:1
celte	ADJ:1	NOUN:2
celtique	ADJ:1
celui	PRON:1
celui-ci	PRON:2
celui-là	PRON:2
celà	PRON:1
cendre	NOUN:2
cendrier	NOUN:2
cendrillon	PROPN:2
cendré	ADJ:1
cendrée	NOUN:1
cenne	NOUN:1
cens	NOUN:2
censeur	NOUN:2
censier	ADJ:1	NOUN:1
censitaire	ADJ:1
censure	NOUN:1
censurer	VERB:2
censé	ADJ:1
censément	ADV:1
cent	NUM:1	NOUN:1
centaine	NOUN:2
centaure	NOUN:1
centenaire	NOUN:3	ADJ:1
centime	NOUN:2
centimètre	NOUN:1
centième	ADJ:1
centrafricain	ADJ:1
centrafrique	PROPN:2
centrage	NOUN:1
central	ADJ:1
centralisateur	ADJ:1	NOUN:1
centralisation	NOUN:1
centraliser	VERB:1
centralisme	NOUN:1
centralité	NOUN:1
centre	NOUN:2	PROPN:1
centre-ville	NOUN:1
centrer	VERB:1
centrifugation	NOUN:1
centrifuge	ADJ:1
centrifugeuse	NOUN:1
centrisme	NOUN:1
centriste	ADJ:1	NOUN:1
centuple	NOUN:1
centurion	NOUN:1
cep	NOUN:1
cependant	ADV:2
cerbère	NOUN:1	PROPN:1
cerceau	NOUN:2
cercle	NOUN:2
cerclé	ADJ:1
cercueil	NOUN:1
cerdagne	PROPN:1
cerf	NOUN:1
cerfeuil	NOUN:1
cerisaie	NOUN:1
cerise	ADJ:1	NOUN:2	PROPN:1
cerisier	NOUN:1
cern	PROPN:1
cerne	NOUN:3
cerner	VERB:2
cerné	ADJ:1
certain	ADJ:3	DET:1
certainement	ADV:2
certes	ADV:2
certif	NOUN:2
certificat	NOUN:2
certificateur	NOUN:1
certification	NOUN:1
certifier	VERB:1
certitude	NOUN:1
cerveau	NOUN:3
cervelet	NOUN:1
cervelle	NOUN:2
cervical	ADJ:1
cervin	PROPN:1
cessant	ADJ:1
cessation	NOUN:1
cesser	VERB:2
cessez-le-feu	NOUN:1
cession	NOUN:1
cessionnaire	NOUN:1
ceste	NOUN:1
cet	DET:1
ceviche	NOUN:1
ceylan	PROPN:1
cf	NOUN:1
ch	ADJ:2
ch'ti	ADJ:1
chabab	NOUN:1
chaban	PROPN:2
chabbat	NOUN:1
chabert	PROPN:1
chablais	PROPN:1
chablis	NOUN:2
chabot	NOUN:2	PROPN:1
chabrol	NOUN:1
chacal	NOUN:1
chacha	NOUN:1
chacun	PRON:2
chagnon	PROPN:1
chagrin	NOUN:1	ADJ:2
chah	NOUN:1
chahut	NOUN:1
chahuter	VERB:2
chai	NOUN:2
chaillot	PROPN:1
chair	NOUN:1
chaire	NOUN:4
chaise	NOUN:1
chaix	PROPN:1
chaland	NOUN:2
chalandise	NOUN:1
chalcédoine	PROPN:1
chaldéen	ADJ:1
chaldéens	PROPN:1
chalet	NOUN:1
chaleur	NOUN:2
chaleureusement	ADV:2
chaleureux	ADJ:6	NOUN:2
challenge	NOUN:1
challenger	VERB:1
chalon	NOUN:1
chalosse	PROPN:1
chaloupe	NOUN:2
chalumeau	NOUN:3
chalut	NOUN:1
chalutier	NOUN:1
cham	ADJ:1	NOUN:2
chamade	NOUN:1
chamailler	VERB:1
chamallow	NOUN:1
chaman	NOUN:1
chamanique	ADJ:1
chamanisme	NOUN:1
chambellan	NOUN:1
chambertin	NOUN:1
chambly	PROPN:2
chambord	PROPN:4
chamboulement	NOUN:1
chambouler	VERB:3
chambranle	NOUN:2
chambre	NOUN:4
chambrer	VERB:2
chambrier	NOUN:2
chambré	ADJ:1
chambrée	NOUN:3
chambéry	PROPN:1
chameau	NOUN:1
chamelle	NOUN:1
chamois	NOUN:2
chamonix	PROPN:1
champ	NOUN:4
champagne	PROPN:1	NOUN:4
champenois	ADJ:1	NOUN:2
champi	NOUN:2
champignon	NOUN:6
champion	NOUN:1
championnat	NOUN:1
champlain	PROPN:2
champêtre	ADJ:1
chams	NOUN:1
chan	NOUN:1
chance	NOUN:3
chancel	NOUN:1	PROPN:1
chancelant	ADJ:4
chancelier	NOUN:1
chancellerie	NOUN:1
chanceux	ADJ:1
chancre	NOUN:2
chandail	NOUN:2
chandeleur	PROPN:1
chandelier	NOUN:3
chandelle	NOUN:7
chanel	PROPN:1
chanfrein	NOUN:2
changement	NOUN:1
changer	VERB:6
changeur	NOUN:2
chanoine	NOUN:1
chanson	NOUN:1
chansonnette	NOUN:1
chansonnier	NOUN:2
chant	NOUN:2
chantage	NOUN:1
chantal	PROPN:1
chanter	VERB:2
chanteur	ADJ:1	NOUN:1
chanteuse	NOUN:1
chantier	NOUN:5
chantilly	NOUN:1	PROPN:1
chantre	NOUN:4
chanvre	NOUN:1
chaos	NOUN:1
chaotique	ADJ:1
chaoui	NOUN:2	ADJ:1
chape	NOUN:6
chapeau	NOUN:4	INTJ:1
chapelain	NOUN:1	ADJ:1
chapelet	NOUN:3
chapelier	NOUN:1
chapelle	NOUN:2	PROPN:1
chapelure	NOUN:1
chaperon	NOUN:1
chapiteau	NOUN:4
chapitre	NOUN:2
chapleau	PROPN:1
chapon	NOUN:5	PROPN:1
chappe	NOUN:6
chapuis	PROPN:1
chaque	ADJ:2
char	NOUN:6
charabia	NOUN:4
charade	NOUN:3
charançon	NOUN:1
charbon	NOUN:3
charbonnage	NOUN:4
charbonneau	PROPN:1
charbonnier	NOUN:7	ADJ:1
charcuter	VERB:1
charcuterie	NOUN:1
charcutier	NOUN:1
chardon	NOUN:2
chardonnay	PROPN:1	NOUN:1
chardonneret	NOUN:1
charentais	ADJ:1
charentaise	NOUN:1
charente	PROPN:2
charente-maritime	PROPN:1
charenton-le-pont	PROPN:1
charest	PROPN:1
charette	PROPN:3
charge	NOUN:6
chargement	NOUN:4
charger	VERB:8
chargeur	NOUN:6
charia	NOUN:1
chariot	NOUN:3
charismatique	ADJ:1
charisme	NOUN:2
charitable	ADJ:1
charité	NOUN:1
charivari	NOUN:2
charlatan	NOUN:3
charlatanisme	NOUN:2
charlemagne	PROPN:1
charleroi	PROPN:1
charles	PROPN:1
charleston	NOUN:1
charlevoix	PROPN:3
charline	PROPN:1
charlot	PROPN:2	NOUN:1
charlotte	PROPN:1	NOUN:2
charlène	PROPN:1
charmant	ADJ:1
charme	NOUN:4
charmer	VERB:2
charmeur	NOUN:1	ADJ:1
charmé	ADJ:1
charnel	ADJ:1
charnier	NOUN:2
charnière	NOUN:3
charnu	ADJ:1
charo	NOUN:1
charognard	NOUN:2	ADJ:1
charogne	NOUN:2
charolais	ADJ:1
charpente	NOUN:3
charpenterie	NOUN:2
charpentier	NOUN:1	ADJ:1	PROPN:1
charpie	NOUN:2
charretier	ADJ:1	NOUN:1
charrette	NOUN:2
charrier	VERB:2
charrière	NOUN:1
charron	NOUN:1	PROPN:1
charrue	NOUN:2
charte	NOUN:1
charter	NOUN:3
chartrain	ADJ:1
chartre	NOUN:1
chartres	PROPN:1
chartreuse	NOUN:2
chartreux	PROPN:2	ADJ:1
charybde	PROPN:1
chas	NOUN:1
chasse	NOUN:1	PROPN:1
chasse-neige	NOUN:1
chasselas	NOUN:1
chasser	VERB:4
chasseresse	NOUN:1
chasseur	NOUN:4
chasseur-cueilleur	NOUN:1
chassis	NOUN:1
chaste	ADJ:1
chasteté	NOUN:1
chasuble	NOUN:1
chat	NOUN:4
chateaubriand	NOUN:1	PROPN:1
chatière	NOUN:1
chaton	NOUN:4
chatouille	NOUN:1
chatouiller	VERB:1
chatouilleux	ADJ:2
chatoyant	ADJ:1
chatte	NOUN:3
chatter	VERB:1
chatterton	NOUN:1
chaud	ADJ:7	NOUN:1
chaudasse	NOUN:1	ADJ:1
chaudement	ADV:2
chaudière	NOUN:3
chaudière-appalaches	PROPN:1
chaudron	NOUN:2
chaudronnerie	NOUN:2
chaudronnier	NOUN:2
chauffage	NOUN:1
chauffagiste	NOUN:1
chauffant	ADJ:1
chauffard	NOUN:1
chauffer	VERB:3
chaufferie	NOUN:1
chauffeur	NOUN:3
chauffeuse	NOUN:2
chaume	NOUN:2
chaumette	PROPN:1
chaumière	NOUN:2
chausse	NOUN:2
chausser	VERB:5
chaussette	NOUN:2
chausson	NOUN:7
chaussure	NOUN:2
chaussée	NOUN:4
chautemps	PROPN:1
chauve	ADJ:2	NOUN:1
chauveau	PROPN:1
chauvet	PROPN:1
chauvin	ADJ:1	NOUN:1	PROPN:1
chauvinisme	NOUN:1
chaux	NOUN:1
chavirer	VERB:4
chavisme	NOUN:1
chaviste	ADJ:1	NOUN:1
chazal	PROPN:1
chaîne	NOUN:5
chaînette	NOUN:3
chaînon	NOUN:2
cheat	NOUN:1
check	NOUN:1
checker	VERB:2
cheddar	NOUN:1
cheese	NOUN:1
cheeseburger	NOUN:1
chef	NOUN:6
chef-d'œuvre	NOUN:1
chef-lieu	NOUN:1
chefferie	NOUN:1
cheh	INTJ:1
cheik	NOUN:1
cheikh	NOUN:1
chelem	NOUN:1
chelles	PROPN:2
chelou	ADJ:1
chelsea	PROPN:1
chemin	NOUN:2
cheminement	NOUN:1
cheminer	VERB:1
cheminot	NOUN:1
cheminée	NOUN:8
chemise	NOUN:3
chemisette	NOUN:3
chemisier	ADJ:1	NOUN:2
chemnitz	PROPN:1
chenal	NOUN:2
chenapan	NOUN:2
chenet	NOUN:1	PROPN:1
cheng	PROPN:2
chenil	NOUN:2
chenille	NOUN:4
chenin	NOUN:1
chenu	ADJ:3
cheptel	NOUN:2
cher	NOUN:1	ADJ:2	ADV:2	PROPN:2
cherbourg	PROPN:1
chercher	VERB:6
chercheur	NOUN:2
chergui	NOUN:1
cherokee	ADJ:1	NOUN:1
cherry	NOUN:1
cherté	NOUN:1
chester	NOUN:1
chesterfield	NOUN:1
cheval	NOUN:2
chevaleresque	ADJ:2
chevalerie	NOUN:1
chevalet	NOUN:7
chevalier	NOUN:2	PROPN:1
chevalière	NOUN:1
chevauchement	NOUN:1
chevaucher	VERB:4
chevauchée	NOUN:1
chevelu	ADJ:1
chevelure	NOUN:2
chevet	NOUN:2
cheveu	NOUN:1
cheville	NOUN:4
chevreau	NOUN:2
chevrette	NOUN:3	PROPN:1
chevreuil	NOUN:2
chevrier	NOUN:1	PROPN:1
chevrolet	PROPN:2
chevron	NOUN:2
chevronné	ADJ:1
chevrotine	NOUN:1
cheyenne	NOUN:2	ADJ:1
chez	ADP:4
chialer	VERB:2
chiant	ADJ:2
chianti	NOUN:1
chiasse	NOUN:2
chiasson	PROPN:1
chibougamau	PROPN:1
chibre	NOUN:1
chic	ADJ:2	NOUN:2
chicago	PROPN:1
chicane	NOUN:2
chicaner	VERB:2
chicha	NOUN:2
chiche	ADJ:3	INTJ:1
chichement	ADV:1
chichi	NOUN:3	ADJ:1
chicorée	NOUN:2
chicot	NOUN:3
chicoutimi	PROPN:1
chien	NOUN:2	ADJ:1
chiendent	NOUN:2
chienlit	NOUN:4
chienne	NOUN:4
chier	VERB:1
chiers	PROPN:1
chieur	NOUN:1
chiffon	NOUN:2
chiffonnier	NOUN:2
chiffrage	NOUN:2
chiffre	NOUN:7
chiffrement	NOUN:1
chiffrer	VERB:3
chignon	NOUN:1
chihiro	PROPN:1
chihuahua	NOUN:1
chiisme	NOUN:1
chiite	ADJ:1
chikungunya	NOUN:1
chili	NOUN:1	PROPN:1
chilien	NOUN:1	ADJ:1
chilienne	NOUN:1
chimie	NOUN:1
chimio	NOUN:1
chimiothérapie	NOUN:1
chimique	ADJ:3
chimiquement	ADV:1
chimiste	NOUN:1
chimpanzé	NOUN:1
chimère	NOUN:4
chimérique	ADJ:3
chinchilla	NOUN:3
chine	PROPN:1
chiner	VERB:4
chinois	NOUN:4	ADJ:1
chinook	ADJ:1	NOUN:1
chios	PROPN:1
chiot	NOUN:2
chiotte	NOUN:2
chiper	VERB:1
chipie	NOUN:2
chipoter	VERB:2
chips	NOUN:1
chique	NOUN:2
chir	NOUN:2
chirac	PROPN:1
chiron	PROPN:2	NOUN:1
chirurgical	ADJ:2
chirurgicalement	ADV:1
chirurgie	NOUN:2
chirurgien	NOUN:1
chitine	NOUN:1
chiée	NOUN:1
chlef	PROPN:1
chloe	PROPN:1
chlordécone	NOUN:1
chlore	NOUN:1
chlorhydrate	NOUN:1
chlorhydrique	ADJ:1
chloroforme	NOUN:1
chlorophylle	NOUN:1
chlorure	NOUN:1
chloé	PROPN:1
chloë	PROPN:1
choc	NOUN:5
chochotte	NOUN:2
chocolat	ADJ:2	NOUN:2
chocolaterie	NOUN:2
chocolatier	ADJ:1	NOUN:1
chocolaté	ADJ:1
choir	VERB:1
choisir	VERB:2
choisy	PROPN:1
choix	NOUN:2
chokri	PROPN:1
cholestérol	NOUN:1
choléra	NOUN:1
chongqing	PROPN:1
chope	NOUN:2
choper	VERB:4
chopin	PROPN:1
chopper	VERB:1
choquant	ADJ:1
choquer	VERB:3
choquet	PROPN:1
choquette	PROPN:1
choral	ADJ:1	NOUN:1
chorale	NOUN:1
choriste	NOUN:2
chorizo	NOUN:1
chorus	NOUN:4
choré	NOUN:1
chorée	NOUN:1
chorégraphe	NOUN:1
chorégraphie	NOUN:1
chorégraphique	ADJ:1
chose	NOUN:1
chou	NOUN:2	ADJ:1	PROPN:1
chouan	PROPN:1	ADJ:1
chouannerie	NOUN:1
choucas	NOUN:1
chouchou	NOUN:5
chouchouter	VERB:1
choucroute	NOUN:1
chouette	NOUN:1	ADJ:1	INTJ:1
chouf	NOUN:1	INTJ:1
chouia	NOUN:1
chouinard	PROPN:1
chouiner	VERB:2
choupi	ADJ:1	NOUN:1
chouïa	ADV:1
choyer	VERB:3
christ	PROPN:1
christel	PROPN:1
christelle	PROPN:1
christian	PROPN:1
christiane	PROPN:1
christianisation	NOUN:1
christianisme	NOUN:1
christine	PROPN:3
christique	ADJ:1
christmas	PROPN:1
christologie	NOUN:1
christophe	PROPN:1
christopher	PROPN:1
chromatine	NOUN:1
chromatique	ADJ:1
chromatographie	NOUN:1
chrome	NOUN:1
chromosome	NOUN:1
chromosomique	ADJ:1
chromé	ADJ:2
chronique	ADJ:1	NOUN:3
chroniquement	ADV:1
chroniqueur	NOUN:2
chrono	NOUN:2
chronographe	NOUN:1
chronologie	NOUN:1
chronologique	ADJ:1
chronologiquement	ADV:1
chronomètre	NOUN:3
chronométrage	NOUN:1
chronophage	ADJ:1
chrysalide	NOUN:1
chrysanthème	NOUN:1
chrétien	ADJ:1	NOUN:1	PROPN:1
chrétienté	NOUN:2
chsld	NOUN:1
chti	ADJ:1	NOUN:2
chu	X:1
chuchotement	NOUN:2
chuchoter	VERB:3
chui	X:1
chuis	X:1
chum	NOUN:2
chut	INTJ:1
chute	NOUN:5
chuter	VERB:2
chutney	NOUN:1
chypre	PROPN:1
chypriote	ADJ:1
châle	NOUN:1
châsse	NOUN:2
châssis	NOUN:2
châtaigne	NOUN:1
châtaigneraie	NOUN:1
châtaignier	NOUN:1
châtain	ADJ:2	NOUN:1
château	NOUN:1
châteaubriant	NOUN:1
châteauguay	PROPN:2
châteauroux	PROPN:1
châtelain	NOUN:2
châtelet	NOUN:2
châtellenie	NOUN:1
châtellerault	PROPN:1
châtier	VERB:1
châtiment	NOUN:1
châtié	ADJ:1
chèque	NOUN:1
chèrement	ADV:1
chèvre	NOUN:3
chèvrefeuille	NOUN:1
chéquier	NOUN:1
chéri	ADJ:1	NOUN:2
chérif	NOUN:1	PROPN:1
chérifien	ADJ:1
chérir	VERB:1
chérubin	NOUN:1
chétif	ADJ:2
chênaie	NOUN:1
chêne	NOUN:2
chômage	NOUN:2
chômer	VERB:2
chômeur	NOUN:1
chœur	NOUN:3
ci	ADV:1
ci-après	ADV:1
ci-contre	ADP:1
ci-dessous	ADV:1
ci-dessus	ADV:1
cia	PROPN:1
ciao	INTJ:1
ciblage	NOUN:1
cible	NOUN:2
cibler	VERB:1
ciboire	NOUN:1	INTJ:1
ciboulette	NOUN:2
ciboulot	NOUN:1
cicatrice	NOUN:1
cicatriciel	ADJ:1
cicatrisation	NOUN:1
cicatriser	VERB:1
cicr	PROPN:1
cicéron	PROPN:1
cidre	NOUN:1
ciel	NOUN:3	INTJ:1
cierge	NOUN:2
cig	NOUN:1
cigale	NOUN:1
cigare	NOUN:2
cigarette	NOUN:1
cigogne	NOUN:1
ciguë	NOUN:1
cil	NOUN:1
cilicie	PROPN:1
ciller	VERB:2
cime	NOUN:2
ciment	NOUN:1
cimenter	VERB:2
cimenterie	NOUN:1
cimentier	NOUN:1
cimer	INTJ:1
cimeterre	NOUN:1
cimetière	NOUN:1
cimiez	PROPN:1
cinabre	NOUN:1
cinglant	ADJ:1
cinglé	ADJ:1	NOUN:1
cinoche	NOUN:1
cinq	NUM:1
cinquantaine	NOUN:2
cinquante	NUM:1
cinquante-septième	ADJ:1
cinquante-six	NUM:1
cinquantenaire	ADJ:1	NOUN:2
cinquantième	ADJ:1
cinquième	ADJ:1
cintre	NOUN:4
cintré	ADJ:3
ciné	NOUN:1
cinéaste	NOUN:1
cinéma	NOUN:5
cinémathèque	NOUN:1
cinématique	NOUN:2	ADJ:1
cinématographe	NOUN:1
cinématographie	NOUN:1
cinématographique	ADJ:1
cinéphile	NOUN:1
cinétique	ADJ:1	NOUN:1
cirage	NOUN:3
circa	ADP:1
circadien	ADJ:1
circo	NOUN:2
circoncire	VERB:1
circoncis	VERB:1
circoncision	NOUN:1
circonflexe	ADJ:1	NOUN:1
circonférence	NOUN:1
circonscription	NOUN:2
circonscrire	VERB:1
circonspect	ADJ:1
circonspection	NOUN:1
circonstance	NOUN:1
circonstanciel	ADJ:1
circonstancielle	NOUN:1
circonstancié	ADJ:3
circuit	NOUN:2
circuiter	VERB:1
circulaire	ADJ:1	NOUN:2
circulation	NOUN:4
circulatoire	ADJ:1
circuler	VERB:2
circé	PROPN:2
cire	NOUN:6
cirer	VERB:1
cireur	NOUN:1
cirque	NOUN:4
cirrhose	NOUN:1
ciré	ADJ:1	NOUN:1
cisaillement	NOUN:2
cisailles	NOUN:1
ciseau	NOUN:4
ciseaux	NOUN:1
cisjordanie	PROPN:1
ciste	NOUN:1
cistercien	ADJ:1
citadelle	NOUN:1
citadin	ADJ:1	NOUN:1
citadine	NOUN:1
citation	NOUN:1
citer	VERB:3
citerne	NOUN:1
cithare	NOUN:1
citoyen	NOUN:1	ADJ:1
citoyenneté	NOUN:2
citrate	NOUN:1
citrique	ADJ:1
citron	NOUN:6
citronnelle	NOUN:3
citronnier	NOUN:1
citrouille	NOUN:1	ADJ:1
citroën	PROPN:2
city	PROPN:1
cité	NOUN:6
cité-état	NOUN:1
civet	NOUN:1
civette	NOUN:1
civil	ADJ:3	NOUN:1
civilement	ADV:1
civilisation	NOUN:1
civilisationnel	ADJ:1
civiliser	VERB:1
civilisé	ADJ:1
civilité	NOUN:2
civique	ADJ:1
civisme	NOUN:2
civière	NOUN:2
clac	NOUN:2
clafoutis	NOUN:1
clair	ADJ:3	NOUN:1	ADV:1
clairement	ADV:1
clairière	NOUN:1
clairon	NOUN:3
clairsemé	ADJ:2
clairvoyance	NOUN:1
clairvoyant	ADJ:1
clamer	VERB:1
clameur	NOUN:1
clamp	NOUN:1
clamser	VERB:1
clan	NOUN:1
clandestin	ADJ:1
clandestinement	ADV:1
clandestinité	NOUN:1
clanique	ADJ:1
clap	NOUN:1
clapet	NOUN:2
clapier	NOUN:3
clapotis	NOUN:1
claquage	NOUN:2
claquement	NOUN:1
claquer	VERB:8
claquette	NOUN:4
claqué	ADJ:2
clara	PROPN:1
clarendon	PROPN:1
clarification	NOUN:1
clarifier	VERB:1
clarinette	NOUN:1
clarinettiste	NOUN:1
clarisse	PROPN:1	NOUN:1
clarté	NOUN:2
clary	PROPN:1
clash	NOUN:1
clasico	NOUN:1
classe	NOUN:4
classement	NOUN:3
classer	VERB:3
classeur	NOUN:5
classicisme	NOUN:1
classification	NOUN:1
classifier	VERB:1
classique	ADJ:2	NOUN:2
classiquement	ADV:1
claude	PROPN:2	ADJ:1	NOUN:1
claudette	PROPN:1
claudia	PROPN:1
claudie	PROPN:1
claudine	PROPN:1
clause	NOUN:1
claustrophobe	NOUN:1	ADJ:1
claustrophobie	NOUN:1
clavardage	NOUN:1
claveau	NOUN:1
clavecin	NOUN:1
claveciniste	NOUN:1
clavicule	NOUN:1
clavier	NOUN:4
claviériste	NOUN:1
claymore	NOUN:1
clc	INTJ:1
cleaner	VERB:1
clebs	NOUN:2
clef	NOUN:2
clemenceau	PROPN:1
clerc	NOUN:2
clergé	NOUN:1
clermont	PROPN:1
clermont-ferrand	PROPN:1
clermontois	NOUN:2	ADJ:2
clermontoise	NOUN:2
clic	NOUN:1
cliché	NOUN:4
click	NOUN:1
client	NOUN:2
clientèle	NOUN:1
clientélisme	NOUN:2
clientéliste	ADJ:1
clignancourt	PROPN:1
clignement	NOUN:2
cligner	VERB:1
clignotant	ADJ:2	NOUN:1
clignoter	VERB:3
clim	NOUN:1
climat	NOUN:1
climatique	ADJ:1
climatisation	NOUN:1
climatiser	VERB:1
climatiseur	NOUN:1
climatisé	ADJ:1
climatologie	NOUN:1
climatologue	NOUN:1
climax	NOUN:1
clin	NOUN:2
clinicien	NOUN:1
clinique	ADJ:1	NOUN:1
cliniquement	ADV:1
clinquant	VERB:1
clip	NOUN:2
clipper	NOUN:2	VERB:1
clique	NOUN:1
cliquer	VERB:1
cliquet	NOUN:1
cliquetis	NOUN:1
clito	NOUN:1
clitoris	NOUN:1
clivage	NOUN:3
clivant	ADJ:1
cliver	VERB:1
cloaque	NOUN:2
clochard	NOUN:1
cloche	NOUN:5	ADJ:1
clocher	NOUN:1	VERB:4
clochette	NOUN:2
clodo	NOUN:1
cloison	NOUN:3
cloisonnement	NOUN:1
cloisonner	VERB:1
clonage	NOUN:1
clone	NOUN:1
cloner	VERB:1
clope	NOUN:2
cloque	NOUN:1
clore	VERB:1
clos	ADJ:2	NOUN:2
clothilde	PROPN:1
clotilde	PROPN:1
clou	NOUN:4
cloud	NOUN:1
clouer	VERB:4
cloutier	NOUN:1	PROPN:2
clouté	ADJ:1
clovis	PROPN:1
clown	NOUN:2
clownesque	ADJ:2
cloître	NOUN:1
club	NOUN:2
cluse	NOUN:2
cluster	NOUN:1
clèves	PROPN:1
clé	NOUN:7
clébard	NOUN:1
clélia	PROPN:1
clématite	NOUN:1
clémence	PROPN:1	NOUN:1
clément	PROPN:2	ADJ:2
clémentine	PROPN:1	NOUN:1
cléopâtre	PROPN:2
clérical	ADJ:2
cléricalisme	NOUN:1
cléry	PROPN:2
clôture	NOUN:2
clôturer	VERB:3
cmm	PROPN:1
cmu	PROPN:1
co-scénariste	NOUN:1
coach	NOUN:1
coacher	VERB:1
coadjuteur	NOUN:1
coagulation	NOUN:1
coaguler	VERB:1
coalition	NOUN:1
coaticook	PROPN:1
coauteur	NOUN:2
coaxial	ADJ:1
cobalt	NOUN:1
cobaye	NOUN:2
coblence	PROPN:1
cobra	NOUN:1
coca	NOUN:4
cocagne	NOUN:1
cocarde	NOUN:2
cocasse	ADJ:1
cocaïne	NOUN:1
coccinelle	NOUN:1
coccyx	NOUN:1
coche	NOUN:5
cochenille	NOUN:1
cocher	NOUN:1	VERB:2
cochet	NOUN:1
cochin	PROPN:1
cochinchine	PROPN:1
cochléaire	NOUN:1
cochon	NOUN:3	ADJ:1
cochonne	NOUN:1
cochonnerie	NOUN:2
cocker	NOUN:1
cockney	NOUN:1
cockpit	NOUN:1
cocktail	NOUN:3
coco	NOUN:8
cocon	NOUN:1
cocontractant	NOUN:1	ADJ:1
cocorico	NOUN:1
cocotier	NOUN:1
cocotte	NOUN:7
cocteau	PROPN:1
cocu	NOUN:1	ADJ:1
cod	NOUN:1
coda	NOUN:2
codage	NOUN:1
code	NOUN:1
coder	VERB:1
coderre	PROPN:1
codeur	NOUN:2
codex	NOUN:1
codification	NOUN:1
codifier	VERB:1
codirecteur	NOUN:1
codéine	NOUN:1
codétenu	NOUN:1
coefficient	NOUN:1
coentreprise	NOUN:1
coercitif	ADJ:1
coercition	NOUN:1
coexistence	NOUN:1
coexister	VERB:1
coffin	PROPN:1
coffrage	NOUN:1
coffre	NOUN:2
coffrer	VERB:2
coffret	NOUN:2
cofinancement	NOUN:1
cofondateur	NOUN:1
cogestion	NOUN:1
cogiter	VERB:1
cogito	NOUN:1
cognac	NOUN:1	PROPN:1
cogner	VERB:3
cogneur	NOUN:1
cognitif	ADJ:1
cognée	NOUN:1
cogénération	NOUN:1
cohabitation	NOUN:2
cohabiter	VERB:1
cohorte	NOUN:3
cohue	NOUN:1
cohérence	NOUN:1
cohérent	ADJ:1
cohésion	NOUN:2
coi	ADJ:2	NOUN:1	INTJ:1
coiffe	NOUN:1
coiffer	VERB:3
coiffeur	NOUN:1
coiffeuse	NOUN:1
coiffure	NOUN:2
coin	NOUN:3	INTJ:1
coincer	VERB:6
coincé	ADJ:2	NOUN:1
coing	NOUN:1
coiteux	PROPN:1
coke	NOUN:2
col	NOUN:4
cola	NOUN:1
colchicine	NOUN:1
colchide	PROPN:1
colere	NOUN:2
colette	PROPN:1
colibri	NOUN:1
colimaçon	NOUN:3
colin	PROPN:2	NOUN:2
coline	PROPN:1
colique	NOUN:2	ADJ:1
colis	NOUN:2
colistier	NOUN:1
colisée	PROPN:1
colite	NOUN:1
collab	NOUN:1
collabo	NOUN:1
collaborateur	NOUN:2
collaboratif	ADJ:1
collaboration	NOUN:1
collaborer	VERB:1
collage	NOUN:2
collagène	ADJ:1	NOUN:1
collante	NOUN:3
collard	PROPN:1
collation	NOUN:3
collatéral	ADJ:1
colle	NOUN:4
collecte	NOUN:1
collecter	VERB:1
collecteur	NOUN:2
collectif	NOUN:1
collection	NOUN:1
collectionner	VERB:1
collectionneur	NOUN:1
collectivement	ADV:1
collectivisation	NOUN:1
collectivisme	NOUN:1
collectiviste	ADJ:1
collectivité	NOUN:1
coller	VERB:8
collerette	NOUN:4
collet	NOUN:5	PROPN:1
colley	NOUN:1
collier	NOUN:3
collimateur	NOUN:2
collin	PROPN:1
colline	NOUN:1
collision	NOUN:1
collisionneur	NOUN:1
collocation	NOUN:2
colloque	NOUN:2
collusion	NOUN:1
collyre	NOUN:1
collège	NOUN:4
collègue	NOUN:2
collégial	ADJ:2
collégialité	NOUN:1
collégien	NOUN:1
colmar	PROPN:1
colmatage	NOUN:2
colmater	VERB:3
colo	NOUN:1
coloc	NOUN:1
colocataire	NOUN:1
colocation	NOUN:2
cologne	PROPN:1
colombani	PROPN:1
colombe	NOUN:2
colombie	PROPN:1
colombie-britannique	PROPN:1
colombien	ADJ:1	NOUN:1
colombier	NOUN:1	PROPN:4
colombine	NOUN:3
colombo	PROPN:1
colomiers	PROPN:1
colon	NOUN:5
colonel	NOUN:2
colonial	ADJ:1	NOUN:2
colonialisme	NOUN:1
colonialiste	NOUN:1
colonie	NOUN:1
colonisateur	ADJ:1	NOUN:1
colonisation	NOUN:1
coloniser	VERB:1
colonna	PROPN:1
colonnade	NOUN:1
colonne	NOUN:4
colophane	NOUN:1
colorado	PROPN:2
colorant	NOUN:2
coloration	NOUN:1
colorectal	ADJ:1
colorer	VERB:1
coloriage	NOUN:2
colorier	VERB:1
colorimétrie	NOUN:1
colorimétrique	ADJ:1
coloris	NOUN:3
colorisation	NOUN:1
coloriste	NOUN:1
coloscopie	NOUN:1
colossal	ADJ:1
colosse	NOUN:2
colossiens	PROPN:1
colportage	NOUN:1
colporter	VERB:2
colporteur	NOUN:1
colt	NOUN:1
coltan	NOUN:1
coltiner	VERB:2
colza	NOUN:2
colère	NOUN:2
coléoptère	NOUN:1
coléreux	ADJ:1
colérique	ADJ:1
coma	NOUN:1
comanche	NOUN:1	ADJ:1
comateux	ADJ:1
combat	NOUN:3
combatif	ADJ:1
combativité	NOUN:1
combattant	NOUN:1
combattre	VERB:2
combe	NOUN:1
combien	ADV:3
combinaison	NOUN:5
combinatoire	ADJ:1	NOUN:1
combine	NOUN:1
combiner	VERB:1
combiné	ADJ:1	NOUN:5
comble	NOUN:4	ADJ:1
comblement	NOUN:1
combler	VERB:5
combles	NOUN:1
combourg	PROPN:1
combustible	ADJ:1
combustion	NOUN:1
comeau	PROPN:1
comeback	NOUN:1
comestible	ADJ:1
comice	NOUN:2
comices	NOUN:2
comics	NOUN:1
comines	PROPN:1
comique	ADJ:1	NOUN:2
comité	NOUN:1
commandant	NOUN:2
commandement	NOUN:4
commander	VERB:2
commanderie	NOUN:1
commandeur	NOUN:1
commanditaire	NOUN:3
commandite	NOUN:1
commando	NOUN:1
comme	SCONJ:5	PART:1
commencement	NOUN:1
commencer	VERB:1
commendataire	ADJ:1
comment	ADV:2	INTJ:2	NOUN:1
commentaire	NOUN:2
commentateur	NOUN:1
commenter	VERB:1
commerce	NOUN:2
commercer	VERB:1
commercial	ADJ:1	NOUN:1
commercialement	ADV:1
commercialisation	NOUN:1
commercialiser	VERB:1
commerçant	ADJ:1	NOUN:2
commettant	NOUN:2
commettre	VERB:1
comminges	PROPN:1
commissaire	NOUN:2
commissariat	NOUN:2
commission	NOUN:3
commissionnaire	NOUN:2
commode	ADJ:2	NOUN:2	PROPN:1
commodité	NOUN:2
commodore	NOUN:1
commodément	ADV:1
commotion	NOUN:2
commu	NOUN:4
commun	ADJ:5
communal	ADJ:1
communautaire	ADJ:4
communautarisme	NOUN:2
communautariste	ADJ:1
communauté	NOUN:4
commune	NOUN:3
communicant	ADJ:1
communicateur	ADJ:1	NOUN:1
communicatif	ADJ:2
communication	NOUN:1
communier	VERB:3
communion	NOUN:1
communiquer	VERB:1
communiqué	NOUN:1
communisme	NOUN:2
communiste	ADJ:1	NOUN:1
communément	ADV:2
commutateur	NOUN:3
commutation	NOUN:1
commuter	VERB:2
commère	NOUN:2
commémoratif	ADJ:1
commémoration	NOUN:1
commémorer	VERB:1
comores	PROPN:2
comorien	NOUN:1
compacité	NOUN:1
compact	ADJ:2	NOUN:3
compactage	NOUN:1
compagnie	NOUN:1
compagnon	NOUN:4
compagnonnage	NOUN:2
comparable	ADJ:1
comparaison	NOUN:2
comparaitre	VERB:1
comparateur	NOUN:1
comparatif	ADJ:1	NOUN:2
comparativement	ADV:1
comparaître	VERB:1
comparer	VERB:1
comparse	NOUN:3
compartiment	NOUN:1
comparution	NOUN:1
compas	NOUN:3
compassion	NOUN:1
compatibilité	NOUN:1
compatible	ADJ:1
compatir	VERB:1
compatissant	ADJ:2
compatriote	NOUN:1
compendium	NOUN:2
compensateur	ADJ:1
compensation	NOUN:1
compensatoire	ADJ:1
compenser	VERB:1
compilateur	NOUN:2
compilation	NOUN:1
compiler	VERB:2
complainte	NOUN:1
complaire	VERB:3
complaisamment	ADV:2
complaisance	NOUN:3
complaisant	ADJ:1
complet	ADJ:2	NOUN:1
complexe	ADJ:1	NOUN:3
complexer	VERB:2
complexification	NOUN:1
complexifier	VERB:1
complexité	NOUN:1
complexé	ADJ:2
complication	NOUN:1
complice	ADJ:2	NOUN:1
complicité	NOUN:2
compliment	NOUN:1
complimenter	VERB:1
compliquer	VERB:2
compliqué	ADJ:2
complot	NOUN:1
comploter	VERB:1
complotisme	NOUN:1
complotiste	ADJ:1
complètement	ADV:1	NOUN:1
complément	NOUN:2
complémentaire	ADJ:1
complémentarité	NOUN:2
complétement	ADV:1
compléter	VERB:1
complétion	NOUN:1
complétude	NOUN:1
compo	NOUN:1
comportement	NOUN:1
comportemental	ADJ:1
comporter	VERB:4
composant	NOUN:1	ADJ:1
composante	NOUN:4
composer	VERB:5
composite	NOUN:1	ADJ:1
compositeur	NOUN:2
composition	NOUN:7
compost	NOUN:1
compostage	NOUN:2
compostelle	PROPN:1
composter	VERB:3
composteur	NOUN:3
compote	NOUN:1
comprendre	VERB:4
compresse	NOUN:1
compresser	VERB:2
compresseur	NOUN:1
compression	NOUN:2
comprimer	VERB:1
comprimé	NOUN:1	ADJ:1
compromettant	ADJ:1
compromettre	VERB:1
compromis	NOUN:1
compromission	NOUN:1
compréhensible	ADJ:1
compréhensif	ADJ:4
compréhension	NOUN:1
compta	NOUN:1
comptabilisation	NOUN:1
comptabiliser	VERB:2
comptabilisé	ADJ:2
comptabilité	NOUN:1
comptable	NOUN:1	ADJ:2
comptage	NOUN:1
compte	NOUN:2
compte-rendu	NOUN:4
compter	VERB:7
compteur	NOUN:3
comptine	NOUN:1
comptoir	NOUN:3
compulsif	ADJ:1
compulsion	NOUN:1
compulsivement	ADV:1
computation	NOUN:1
computer	VERB:1
compère	NOUN:2
compète	NOUN:1
compétence	NOUN:2
compétent	ADJ:1
compétiteur	NOUN:1
compétitif	ADJ:1
compétition	NOUN:1
compétitivité	NOUN:1
comtal	ADJ:1
comtat	NOUN:1
comte	NOUN:1	PROPN:1
comtesse	NOUN:1
comtois	ADJ:1	NOUN:1
comté	NOUN:3
comète	NOUN:1
comédie	NOUN:3
comédien	NOUN:1
con	NOUN:2	ADJ:1
conard	NOUN:1
conasse	NOUN:2
concarneau	PROPN:1
concave	ADJ:1
concentrateur	NOUN:2
concentration	NOUN:2
concentrationnaire	ADJ:1
concentrer	VERB:2
concentrique	ADJ:1
concept	NOUN:1
concepteur	NOUN:2
conception	NOUN:5
conceptualisation	NOUN:1
conceptualiser	VERB:1
conceptuel	ADJ:1
conceptuellement	ADV:1
concernant	ADP:1
concerner	VERB:1
concert	NOUN:1
concertation	NOUN:2
concerter	VERB:1
concertiste	NOUN:1
concerto	NOUN:1
concession	NOUN:2
concessionnaire	NOUN:3
concevable	ADJ:1
concevoir	VERB:4
concierge	NOUN:5
conciergerie	NOUN:2
concile	NOUN:1
conciliaire	ADJ:2
conciliant	ADJ:2
conciliateur	NOUN:1	ADJ:1
conciliation	NOUN:1
concilier	VERB:2
concis	ADJ:1
concision	NOUN:1
concitoyen	NOUN:2
conclave	NOUN:1
concluant	ADJ:2
conclure	VERB:3
conclusion	NOUN:1
concocter	VERB:1
concombre	NOUN:3
concomitamment	ADV:1
concomitance	NOUN:1
concomitant	ADJ:1
concordance	NOUN:1
concordant	ADJ:1
concordat	NOUN:1
concordataire	ADJ:1
concorde	NOUN:1	PROPN:1
concorder	VERB:2
concourir	VERB:3
concours	NOUN:3
concret	ADJ:2
concrètement	ADV:1
concrétisation	NOUN:2
concrétiser	VERB:3
concubin	NOUN:2
concubinage	NOUN:1
concubine	NOUN:2
concupiscence	NOUN:1
concurremment	ADV:1
concurrence	NOUN:3
concurrencer	VERB:1
concurrent	ADJ:2	NOUN:1
concurrentiel	ADJ:1
concussion	NOUN:1
concéder	VERB:1
condamnable	ADJ:1
condamnation	NOUN:1
condamner	VERB:3
condat	PROPN:1
condensateur	NOUN:1
condensation	NOUN:1
condenser	VERB:3
condenseur	NOUN:1
condensé	ADJ:1
condescendance	NOUN:1
condescendant	ADJ:1
condiment	NOUN:1
condisciple	NOUN:1
condition	NOUN:4
conditionnel	ADJ:1	NOUN:1
conditionnement	NOUN:1
conditionner	VERB:2
condo	NOUN:1
condom	NOUN:1	PROPN:1
condominium	NOUN:1
condor	NOUN:1
conducteur	NOUN:3
conduction	NOUN:1
conductivité	NOUN:1
conduire	VERB:3
conduite	NOUN:4
condé	NOUN:1	PROPN:2
conf	NOUN:1
confection	NOUN:3
confectionner	VERB:2
confesser	VERB:2
confesseur	NOUN:1
confession	NOUN:3
confessionnal	NOUN:1
confessionnel	ADJ:1
confetti	NOUN:1
confiance	NOUN:2
confiant	ADJ:1	PROPN:1
confidence	NOUN:1
confident	NOUN:2
confidentialité	NOUN:1
confidentiel	ADJ:1
confidentiellement	ADV:1
confier	VERB:2
configuration	NOUN:1
configurer	VERB:1
configuré	ADJ:1
confinement	NOUN:5
confiner	VERB:2
confins	NOUN:2
confiné	ADJ:1
confirmation	NOUN:1
confirmer	VERB:3
confiscation	NOUN:1
confiserie	NOUN:3
confiseur	NOUN:1
confisquer	VERB:1
confit	ADJ:1	NOUN:1
confiture	NOUN:2
conflictuel	ADJ:1
conflit	NOUN:1
confluence	NOUN:1
confluent	ADJ:1	NOUN:1
confondant	ADJ:1
confondre	VERB:6
confondu	ADJ:1
conformation	NOUN:1
conforme	ADJ:1
conformer	VERB:1
conformisme	NOUN:1
conformiste	ADJ:1
conformité	NOUN:1
conformément	ADV:1
confort	NOUN:1
confortable	ADJ:2
confortablement	ADV:1
conforter	VERB:3
confraternité	NOUN:1
confrontation	NOUN:1
confronter	VERB:2
confrère	NOUN:1
confrérie	NOUN:1
confucianisme	NOUN:1
confucius	PROPN:1
confus	ADJ:3
confusion	NOUN:1
confusément	ADV:1
confédéral	ADJ:1
confédération	NOUN:1	PROPN:2
conférence	NOUN:2
conférencier	NOUN:2
conférer	VERB:1
conga	NOUN:1
conge	NOUN:1
congeler	VERB:1
congestion	NOUN:1
conglomérat	NOUN:1
congo	PROPN:2	ADJ:2	NOUN:4
congolais	ADJ:1	NOUN:2
congruence	NOUN:1
congrès	NOUN:1
congrégation	NOUN:1
congé	NOUN:3
congédier	VERB:1
congélateur	NOUN:1
congélation	NOUN:1
congélo	NOUN:1
congénital	ADJ:1
congénère	ADJ:1	NOUN:2
coni	PROPN:2
conifère	ADJ:1	NOUN:1
conique	ADJ:1	NOUN:1
conjecture	NOUN:1
conjoint	ADJ:1	NOUN:1
conjointement	ADV:1
conjonctif	ADJ:2
conjonction	NOUN:1
conjonctivite	NOUN:1
conjoncture	NOUN:1
conjoncturel	ADJ:1
conjugaison	NOUN:2
conjugal	ADJ:1
conjuguer	VERB:2
conjuration	NOUN:1
conjurer	VERB:4
connaissance	NOUN:2
connaisseur	NOUN:1
connard	NOUN:1
connasse	NOUN:2
connaître	VERB:5
conne	NOUN:1
connecter	VERB:2
connecteur	NOUN:2
connectique	NOUN:1
connerie	NOUN:3
connexe	ADJ:2
connexion	NOUN:2
connivence	NOUN:1
connoisseur	NOUN:1
connotation	NOUN:1
connétable	NOUN:1
conque	NOUN:1
conquistador	NOUN:1
conquérant	ADJ:1	NOUN:1
conquérir	VERB:2
conquête	NOUN:2	PROPN:1
consacrer	VERB:3
consanguin	ADJ:2
consanguinité	NOUN:2
consciemment	ADV:1
conscience	NOUN:2
consciencieusement	ADV:1
consciencieux	ADJ:1
conscient	ADJ:2
conscientisation	NOUN:1
conscientiser	VERB:1
conscription	NOUN:1
conscrit	NOUN:1
conseil	NOUN:2
conseiller	NOUN:1	VERB:2
consensuel	ADJ:2
consensus	NOUN:1
consentant	ADJ:2
consentement	NOUN:1
consentir	VERB:1
conservateur	NOUN:2	ADJ:2
conservation	NOUN:1
conservatisme	NOUN:1
conservatoire	ADJ:1	NOUN:2
conserver	VERB:2
conserverie	NOUN:1
considérable	ADJ:1
considérablement	ADV:1
considération	NOUN:2
considérer	VERB:5
consignation	NOUN:1
consigne	NOUN:3
consigner	VERB:4
consigné	ADJ:2
consistance	NOUN:1
consister	VERB:2
consistoire	NOUN:1
conso	NOUN:3
consolateur	NOUN:1	ADJ:1
consolation	NOUN:1
console	NOUN:7
consoler	VERB:1
consolidation	NOUN:2
consolider	VERB:2
consommable	ADJ:2
consommateur	NOUN:2
consommation	NOUN:3
consommer	VERB:2
consonance	NOUN:2
consonne	NOUN:1
consort	NOUN:2
consortium	NOUN:2
conspirateur	ADJ:1	NOUN:1
conspiration	NOUN:1
conspirationnisme	NOUN:1
conspirationniste	ADJ:1	NOUN:1
conspirer	VERB:1
constable	NOUN:1
constamment	ADV:1
constance	PROPN:3	NOUN:2
constant	ADJ:1
constantin	PROPN:1
constantinois	ADJ:1
constantinople	PROPN:1
constat	NOUN:4
constatation	NOUN:2
constater	VERB:3
constellation	NOUN:1
constellé	ADJ:1
consternant	ADJ:1
consternation	NOUN:1
consterné	ADJ:1
constipation	NOUN:1
constipé	ADJ:1
constituer	VERB:3
constitutif	ADJ:1
constitution	NOUN:2
constitutionnaliste	NOUN:1
constitutionnalité	NOUN:1
constitutionnel	ADJ:1
constitutionnellement	ADV:1
constriction	NOUN:1
constructeur	NOUN:1
constructible	ADJ:2
constructif	ADJ:1
construction	NOUN:1
constructivisme	NOUN:1
construire	VERB:1
consubstantiel	ADJ:1
consul	NOUN:1
consulaire	ADJ:1
consulat	NOUN:1
consultable	ADJ:1
consultant	ADJ:1	NOUN:2
consultatif	ADJ:2
consultation	NOUN:2
consulter	VERB:2
consumer	VERB:2
consumérisme	NOUN:1
consumériste	ADJ:1
consécration	NOUN:1
consécutif	ADJ:1
consécutivement	ADV:1
conséquemment	ADV:1
conséquence	NOUN:1
conséquent	ADJ:3	NOUN:2
contact	NOUN:3
contacter	VERB:1
contagieux	ADJ:1
contagion	NOUN:1
container	NOUN:1
contamination	NOUN:1
contaminer	VERB:1
conte	NOUN:1
contemplatif	ADJ:1
contemplation	NOUN:1
contempler	VERB:2
contemporain	ADJ:2
contenance	NOUN:2
conteneur	NOUN:2
contenir	VERB:3
content	ADJ:1
contentement	NOUN:1
contenter	VERB:2
contentieux	ADJ:1	NOUN:1
contention	NOUN:3
contenu	NOUN:2
conter	VERB:1
contestable	ADJ:1
contestataire	ADJ:1	NOUN:1
contestation	NOUN:2
contester	VERB:1
conteur	NOUN:2
contexte	NOUN:1
contextualiser	VERB:1
contextuel	ADJ:1
contigu	ADJ:1
continence	NOUN:1
continent	NOUN:1
continental	ADJ:1
contingence	NOUN:2
contingent	ADJ:1	NOUN:1
continu	ADJ:1
continuateur	NOUN:1
continuation	NOUN:1
continuel	ADJ:1
continuellement	ADV:1
continuer	VERB:1
continuité	NOUN:1
continuum	NOUN:1
continûment	ADV:1
contondant	ADJ:1
contour	NOUN:1
contournement	NOUN:3
contourner	VERB:2
contourné	ADJ:2
contraceptif	ADJ:1	NOUN:1
contraception	NOUN:1
contractant	ADJ:1
contracter	VERB:4
contraction	NOUN:1
contractualisation	NOUN:1
contractuel	ADJ:1
contractuellement	ADV:1
contracture	NOUN:1
contradicteur	NOUN:2
contradiction	NOUN:1
contradictoire	ADJ:2
contraignant	ADJ:2
contraindre	VERB:2
contrainte	NOUN:3
contraire	ADJ:3
contrairement	ADV:1
contralto	NOUN:1
contrariant	ADJ:2
contrarier	VERB:3
contrarié	ADJ:3
contrariété	NOUN:2
contraste	NOUN:1
contraster	VERB:1
contrat	NOUN:1
contravention	NOUN:3
contre	ADP:5	NOUN:1
contre-amiral	NOUN:1
contre-attaque	NOUN:1
contre-emploi	NOUN:1
contre-feu	NOUN:1
contre-la-montre	NOUN:1
contre-offensive	NOUN:1
contre-partie	NOUN:2
contre-révolutionnaire	ADJ:1
contrebalancer	VERB:1
contrebande	NOUN:1
contrebandier	NOUN:1
contrebas	NOUN:1
contrebasse	NOUN:2
contrebassiste	NOUN:1
contrecarrer	VERB:1
contrecoup	NOUN:2
contrecœur	NOUN:1	PROPN:1
contredire	VERB:1
contrefacteur	NOUN:1
contrefaire	VERB:4
contrefaçon	NOUN:2
contrefort	NOUN:2
contremaître	NOUN:1
contrepartie	NOUN:2
contrepied	NOUN:1
contreplaqué	NOUN:1
contrepoids	NOUN:1
contrepoint	NOUN:2
contreproductif	ADJ:1
contrepèterie	NOUN:1
contrer	VERB:1
contresens	NOUN:2
contretemps	NOUN:2
contrevenant	NOUN:1
contrevenir	VERB:1
contribuable	NOUN:1
contribuer	VERB:2
contributeur	NOUN:1
contributif	ADJ:1
contribution	NOUN:2
contrit	ADJ:2
contrition	NOUN:1
controverse	NOUN:1
controversé	ADJ:1
contrée	NOUN:1
contrôlable	ADJ:2
contrôle	NOUN:3
contrôler	VERB:2
contrôleur	NOUN:2
contumace	NOUN:2
contusion	NOUN:1
convaincant	ADJ:2
convaincre	VERB:2
convalescence	NOUN:1
convalescent	ADJ:1
convenable	ADJ:1
convenablement	ADV:2
convenance	NOUN:2
convenant	ADJ:1	NOUN:1
convenir	VERB:3
convent	NOUN:1
convention	NOUN:3
conventionnel	ADJ:1	NOUN:1
conventionnellement	ADV:1
convergence	NOUN:1
converger	VERB:1
convers	ADJ:2
conversation	NOUN:1
converser	VERB:1
conversion	NOUN:2
convertibilité	NOUN:1
convertible	ADJ:1
convertir	VERB:6
convertisseur	NOUN:1
convexe	ADJ:1
conviction	NOUN:1
convier	VERB:2
convive	NOUN:1
convivial	ADJ:3
convivialité	NOUN:2
convocation	NOUN:1
convoi	NOUN:2
convoiter	VERB:1
convoitise	NOUN:2
convoité	ADJ:1
convoler	VERB:1
convoquer	VERB:3
convoyage	NOUN:1
convoyer	VERB:1
convoyeur	NOUN:3
convulsion	NOUN:1
cookie	NOUN:2
cool	ADJ:1	INTJ:1
cooperation	NOUN:1
cooptation	NOUN:1
coopérant	NOUN:1
coopératif	ADJ:3
coopération	NOUN:1
coopérer	VERB:1
coordinateur	ADJ:1	NOUN:1
coordination	NOUN:1
coordonnant	ADJ:1
coordonnateur	ADJ:1	NOUN:1
coordonner	VERB:1
coordonné	ADJ:1
cop	NOUN:2
copain	NOUN:1
copeau	NOUN:2
copenhague	PROPN:1
copie	NOUN:2
copier	VERB:1
copier-coller	VERB:1	NOUN:1
copieur	NOUN:2
copieusement	ADV:1
copieux	ADJ:1
copilote	NOUN:2
copinage	NOUN:1
copine	NOUN:1
copiste	NOUN:2
coppa	NOUN:1
coppée	PROPN:1
coprah	NOUN:1
coproducteur	NOUN:1
coproduction	NOUN:1
coproduit	NOUN:1
copropriétaire	NOUN:1
copropriété	NOUN:2
coprésident	NOUN:1
copte	NOUN:2	ADJ:1
copulation	NOUN:1
copule	NOUN:1
copuler	VERB:1
copyright	NOUN:1
coq	NOUN:2
coquard	NOUN:1
coque	NOUN:4
coquelicot	NOUN:1
coqueluche	NOUN:5
coquet	ADJ:2
coquetterie	NOUN:2
coquillage	NOUN:2
coquille	NOUN:6
coquin	NOUN:2	ADJ:2
coquine	NOUN:1
cor	NOUN:2
corail	NOUN:2
coralie	PROPN:1
corallien	ADJ:2
coran	PROPN:1
coranique	ADJ:1
corbeau	NOUN:6	PROPN:2
corbeil	PROPN:1
corbeille	NOUN:3
corbillard	NOUN:2
corbin	NOUN:1	ADJ:1
corcoran	PROPN:1
cordage	NOUN:1
corde	NOUN:5
cordeau	NOUN:5
cordelette	NOUN:1
cordelier	ADJ:2
corderie	NOUN:1
cordial	ADJ:3	NOUN:2
cordialement	ADV:2
cordialité	NOUN:1
cordier	NOUN:2
cordillère	NOUN:1
cordon	NOUN:1
cordonnerie	NOUN:2
cordonnier	NOUN:2
cordoue	PROPN:2
cordée	NOUN:1
corentin	PROPN:1
corfou	PROPN:2
coriace	ADJ:2
coriandre	NOUN:2
corinne	PROPN:1	NOUN:1
corinthe	PROPN:1
corinthien	ADJ:2	NOUN:1
corinthiens	PROPN:1
coriolis	PROPN:1
cork	NOUN:1
cormier	PROPN:1	NOUN:1
cormoran	NOUN:1
cornaline	NOUN:1
corne	NOUN:2
corneille	NOUN:1	PROPN:2
cornemuse	NOUN:1
corner	NOUN:1	VERB:5
cornet	NOUN:7
cornette	NOUN:1
corniaud	NOUN:2
corniche	NOUN:3
cornichon	NOUN:3
cornillon	NOUN:1
cornouaille	PROPN:1
cornouailles	PROPN:1
cornu	ADJ:1
cornue	NOUN:1
corné	ADJ:1
cornée	NOUN:1
cornélien	ADJ:1
corollaire	NOUN:1	ADJ:1
corolle	NOUN:1
coron	NOUN:2
corona	NOUN:1
coronaire	ADJ:2
coronarien	ADJ:1
coronavirus	NOUN:1
coroner	NOUN:1
corp	NOUN:1
corporatif	ADJ:1
corporation	NOUN:2
corporatisme	NOUN:1
corporatiste	ADJ:1
corporel	ADJ:2
corporellement	ADV:1
corps	NOUN:5
corpulence	NOUN:1
corpulent	ADJ:1
corpus	NOUN:1
corpuscule	NOUN:2
corral	NOUN:1
corre	PROPN:1
correct	ADJ:3
correctement	ADV:1
correcteur	NOUN:1	ADJ:1
correctif	ADJ:1	NOUN:1
correction	NOUN:2
correctionnel	ADJ:1
correspondance	NOUN:4
correspondant	NOUN:3	ADJ:2
correspondre	VERB:3
corrida	NOUN:1
corridor	NOUN:1
corriger	VERB:2
corroborer	VERB:1
corrompre	VERB:2
corrosif	ADJ:1
corrosion	NOUN:1
corrupteur	NOUN:1	ADJ:1
corruptible	ADJ:1
corruption	NOUN:4
corrèze	PROPN:2
corrélation	NOUN:1
corrélativement	ADV:1
corréler	VERB:1
corrélé	ADJ:1
cors	NOUN:5
corsage	NOUN:3
corsaire	NOUN:3
corse	ADJ:1	NOUN:2	PROPN:1
corser	VERB:3
corset	NOUN:1
corsé	ADJ:1
cortex	NOUN:1
cortical	ADJ:1
cortisone	NOUN:1
cortège	NOUN:1
coruscant	ADJ:1
corvette	NOUN:1
corvée	NOUN:3
corée	PROPN:1
coréen	ADJ:1	NOUN:2
cos	PROPN:1
cosaque	ADJ:1	NOUN:2
coscénariste	NOUN:1
cosinus	NOUN:1
cosmique	ADJ:1
cosmodrome	NOUN:1
cosmogonie	NOUN:1
cosmographie	NOUN:1
cosmologie	NOUN:1
cosmologique	ADJ:1
cosmonaute	NOUN:1
cosmopolite	NOUN:1	ADJ:1
cosmopolitisme	NOUN:1
cosmos	NOUN:1
cosmétique	NOUN:2	ADJ:1
cosne-cours-sur-loire	PROPN:1
cosplay	NOUN:1
cosse	NOUN:1
cossette	NOUN:1
cossu	ADJ:3
costa	PROPN:1
costal	ADJ:1
costard	NOUN:1
costaud	ADJ:3	NOUN:2
costume	NOUN:4
costumier	NOUN:1
costumière	NOUN:1
costumé	NOUN:2
cosy	ADJ:1
cot	NOUN:1
cotation	NOUN:1
cote	NOUN:7
coteau	NOUN:1
coter	VERB:4
coterie	NOUN:2
cotillard	PROPN:1
cotillon	NOUN:3
cotisant	NOUN:1
cotisation	NOUN:2
cotiser	VERB:1
coton	NOUN:1
cotonneux	ADJ:2
cotre	NOUN:1
cottage	NOUN:1
cotte	NOUN:3
coté	PROPN:1
cou	NOUN:1
couac	INTJ:1	NOUN:4
couard	ADJ:1	NOUN:1
couardise	NOUN:1
couchage	NOUN:2
couchant	NOUN:4
couche	NOUN:6
coucher	VERB:4	NOUN:4
couchette	NOUN:1
couché	ADJ:2
coucou	NOUN:4	INTJ:4
coude	NOUN:1
coudonc	INTJ:1
coudre	VERB:2
coudée	NOUN:1
couenne	NOUN:2
couette	NOUN:3
couffin	NOUN:1
cougar	NOUN:1
couguar	NOUN:1
couic	INTJ:1
couillard	PROPN:1
couille	NOUN:1
couilles	NOUN:2
couillon	NOUN:6	ADJ:2
couillu	ADJ:2
couiner	VERB:2
coulage	NOUN:2
coulant	ADJ:2	NOUN:2
couler	VERB:6
couleur	NOUN:4
couleuvre	NOUN:2
coulis	ADJ:1	NOUN:2
coulissant	ADJ:1
coulisser	VERB:1
couloir	NOUN:3
coulomb	NOUN:1
coulommiers	NOUN:1
coulée	NOUN:2
country	NOUN:1
coup	NOUN:8
coupable	ADJ:2	NOUN:1
coupage	NOUN:2
coupant	ADJ:2
coupe	NOUN:4	PROPN:1
coupe-cigare	NOUN:2
coupelle	NOUN:1
couper	VERB:8
couperet	NOUN:2
coupeur	NOUN:1
couplage	NOUN:1
couple	NOUN:6
coupler	VERB:1
couplet	NOUN:2
coupleur	NOUN:2
coupole	NOUN:1
coupon	NOUN:2
coupure	NOUN:5
coupé	ADJ:1	NOUN:1
cour	NOUN:6
courage	NOUN:1	INTJ:1
courageusement	ADV:1
courageux	ADJ:1
couramment	ADV:2
courant	ADJ:3	NOUN:1
courbature	NOUN:2
courbe	NOUN:1	ADJ:2
courber	VERB:6
courbet	PROPN:1
courbevoie	PROPN:1
courbure	NOUN:1
courbé	ADJ:1
coureur	NOUN:3
courge	NOUN:1
courgette	NOUN:1
courir	VERB:3
courlis	NOUN:1
couronne	NOUN:7	PROPN:1
couronnement	NOUN:4
couronner	VERB:1
courre	VERB:1
courriel	NOUN:3
courrier	NOUN:2
courroie	NOUN:4
courroucé	ADJ:1
courroux	NOUN:1
cours	NOUN:4
course	NOUN:3
courser	VERB:2
courseulles	PROPN:1
coursier	NOUN:2
coursive	NOUN:1
court	ADJ:1	NOUN:1
court-circuiter	VERB:2
court-métrage	NOUN:1
courtage	NOUN:2
courtier	NOUN:1
courtin	PROPN:1
courtine	NOUN:2
courtisan	NOUN:2
courtisane	NOUN:3
courtiser	VERB:1
courtois	ADJ:2	PROPN:1
courtoisie	NOUN:1
courtrai	PROPN:1
couscous	NOUN:1
couserans	PROPN:1
cousin	NOUN:4
cousineau	PROPN:1
coussin	NOUN:1
coussinet	NOUN:3
cousteau	PROPN:1
cousu	ADJ:1
couteau	NOUN:2
coutelas	NOUN:1
coutelier	NOUN:1
coutellerie	NOUN:1
coutume	NOUN:1
coutumier	ADJ:2	NOUN:1
couture	NOUN:5	PROPN:1
couturier	NOUN:1
couturière	NOUN:2
couvent	NOUN:1
couver	VERB:3
couvercle	NOUN:1
couvert	ADJ:2	NOUN:2
couverture	NOUN:3
couveuse	NOUN:2
couvre-feu	NOUN:1
couvreur	NOUN:1
couvrir	VERB:2
couvée	NOUN:1
cov	NOUN:1
cover	NOUN:1
covid	PROPN:1
covoiturage	NOUN:1
coyote	NOUN:1
coéquipier	NOUN:1
coïncidence	NOUN:1
coïncider	VERB:1
coït	NOUN:1
coût	NOUN:1
coûter	VERB:1
coûteux	ADJ:1
cpa	NOUN:1
cpe	NOUN:1
cpm	NOUN:2
cpr	PROPN:1
crabe	NOUN:2
crachat	NOUN:1
cracher	VERB:1
cracheur	NOUN:1
crachin	NOUN:1
craché	ADJ:1
crack	NOUN:3
cracovie	PROPN:1
crade	ADJ:2	NOUN:1
crado	ADJ:2	NOUN:1
craie	NOUN:1
craignos	ADJ:2
craindre	VERB:2
crainte	NOUN:1
craintif	ADJ:1
cramer	VERB:3
cramoisi	ADJ:1
crampe	NOUN:2
crampon	NOUN:3
cramponner	VERB:5
cramé	ADJ:5
cran	NOUN:5
craon	PROPN:1	NOUN:1
crapaud	NOUN:6
crapule	NOUN:3
crapuleux	ADJ:2
craquage	NOUN:1
craquant	ADJ:1
craque	NOUN:1
craquement	NOUN:1
craquer	VERB:5
crase	NOUN:1
crash	NOUN:2
crasher	VERB:2
crasse	ADJ:2	NOUN:2
crasseux	ADJ:1
cratère	NOUN:2
crau	PROPN:1
cravache	NOUN:1
cravacher	VERB:2
cravate	NOUN:3
crawl	NOUN:1
crawler	VERB:2
crayeux	ADJ:1
crayon	NOUN:5
crescendo	ADV:1	NOUN:1
cresson	NOUN:1
crest	PROPN:1
creusement	NOUN:1
creuser	VERB:3
creuset	NOUN:2
creusois	ADJ:1	NOUN:1
creux	ADJ:2
crevaison	NOUN:1
crevant	ADJ:2
crevard	NOUN:3
crevasse	NOUN:1
crever	VERB:4
crevette	NOUN:1
crevure	NOUN:2
crevé	ADJ:3
cri	NOUN:3	ADJ:1
criard	ADJ:1
criblage	NOUN:2
crible	NOUN:2
criblé	ADJ:1
cric	NOUN:1
cricket	NOUN:1
crier	VERB:3
crieur	NOUN:1
crime	NOUN:1
criminalisation	NOUN:1
criminaliser	VERB:1
criminalité	NOUN:2
criminel	ADJ:3	NOUN:1
criminellement	ADV:1
criminologie	NOUN:1
criminologue	NOUN:1
crimée	PROPN:1
crin	NOUN:1
cringe	NOUN:1
crinière	NOUN:2
crique	NOUN:2
criquet	NOUN:1
cris	PROPN:1
crise	NOUN:3
crispation	NOUN:2
crisper	VERB:1
crispé	ADJ:1
criss	NOUN:1
crisse	INTJ:1	NOUN:2
crissement	NOUN:1	ADV:1
crisser	VERB:4
cristal	NOUN:1
cristallerie	NOUN:1
cristallin	ADJ:1	NOUN:1
cristallisation	NOUN:1
cristalliser	VERB:2
cristallisé	ADJ:1
cristallographie	NOUN:1
cristi	INTJ:1
critiquable	ADJ:1
critique	ADJ:4	NOUN:4
critiquer	VERB:1
critère	NOUN:1
critérium	NOUN:2
criée	NOUN:1
croate	ADJ:1	NOUN:2
croatie	PROPN:1
croc	NOUN:3	INTJ:1
croche	ADJ:3	NOUN:1
crochet	NOUN:8
crochetage	NOUN:2
crocheter	VERB:2
crochu	ADJ:1
croco	NOUN:1
crocodile	NOUN:1
crocus	NOUN:1
croire	VERB:4
croisade	NOUN:1
croisement	NOUN:3
croiser	VERB:5
croisette	NOUN:1
croiseur	NOUN:1
croisillon	NOUN:4
croisière	NOUN:2
croissance	NOUN:1
croissant	NOUN:3	ADJ:1
croisé	NOUN:1
croix	NOUN:2
croix-rouge	PROPN:1
cronos	PROPN:1
crooner	NOUN:1	VERB:1
croquant	ADJ:1	NOUN:6
croque	VERB:3
croque-monsieur	NOUN:1
croquer	VERB:3
croquet	NOUN:2
croquette	NOUN:3
croquis	NOUN:1
cross	NOUN:1
crosse	NOUN:7
crossover	NOUN:1
crotale	NOUN:3
crotte	NOUN:2
crottin	NOUN:2
crotté	ADJ:1	NOUN:1
croulant	NOUN:1
crouler	VERB:1
croupe	NOUN:2
croupier	NOUN:1
croupion	NOUN:2
croupir	VERB:3
croustillant	ADJ:2
crowdfunding	NOUN:1
croyable	ADJ:1
croyance	NOUN:1
crozet	NOUN:1
crozon	PROPN:1
croît	NOUN:1
croître	VERB:1
croûte	NOUN:3
croûton	NOUN:3
crs	NOUN:2
cru	ADJ:1	NOUN:2
cruauté	NOUN:2
cruche	NOUN:2
crucial	ADJ:2
crucifier	VERB:1
crucifix	NOUN:1
crucifixion	NOUN:2
cruciforme	ADJ:1
crudité	NOUN:2
crudités	NOUN:1
crue	NOUN:2
cruel	ADJ:2
cruellement	ADV:2
cruiser	NOUN:1	VERB:1
crumble	NOUN:1
crush	NOUN:1
crustacé	ADJ:1	NOUN:1
crux	NOUN:1
cruzeiro	NOUN:1
cryogénique	ADJ:1
cryptage	NOUN:1
crypte	NOUN:1
crypter	VERB:1
cryptique	ADJ:2
cryptogramme	NOUN:1
cryptographie	NOUN:1
cryptographique	ADJ:1
cryptomonnaie	NOUN:1
crypté	ADJ:2
crâne	NOUN:1	ADJ:1
crânement	ADV:2
crânien	ADJ:1
crèche	NOUN:2
crème	NOUN:3	ADJ:2
crèmerie	NOUN:2
crète	PROPN:1
créance	NOUN:2
créancier	NOUN:1
créateur	NOUN:1	ADJ:1	PROPN:1
créatif	ADJ:1
créatine	NOUN:1
créatinine	NOUN:1
création	NOUN:1
créationnisme	NOUN:1
créativité	NOUN:1
créature	NOUN:3
crédibiliser	VERB:1
crédibilité	NOUN:1
crédible	ADJ:1
crédit	NOUN:2
créditer	VERB:2
créditeur	NOUN:1
crédo	NOUN:1
crédule	ADJ:1
crédulité	NOUN:1
créer	VERB:1
crémaillère	NOUN:3
crémant	NOUN:1
crémation	NOUN:1
crématoire	ADJ:1	NOUN:1
crématorium	NOUN:1
crémerie	NOUN:2
crémeux	ADJ:1
crémière	NOUN:1
crémone	PROPN:1
créneau	NOUN:4	PROPN:1
créole	NOUN:7
crépeau	PROPN:1
crépi	NOUN:1
crépitement	NOUN:1
crépon	NOUN:1
crépu	ADJ:2
crépusculaire	ADJ:1
crépuscule	NOUN:2
crésus	PROPN:1
crétacé	PROPN:1	ADJ:1
créteil	PROPN:1
crétin	NOUN:2	ADJ:1
crétinisme	NOUN:1
crétois	NOUN:2	ADJ:1
crêpe	NOUN:3
crêperie	NOUN:1
crête	NOUN:2
crûment	ADV:2
cs	NOUN:1
csa	PROPN:1
csl	PROPN:1
csp	NOUN:1
cst	PROPN:1
ctm	PROPN:1
ctre	NOUN:2
cuba	PROPN:1
cubain	ADJ:1	NOUN:1
cube	NOUN:2	ADJ:1
cubi	NOUN:2
cubique	ADJ:1
cubisme	NOUN:1
cubiste	ADJ:1
cubitus	NOUN:1
cucul	ADJ:2	NOUN:1
cueillette	NOUN:1
cueilleur	ADJ:1	NOUN:1
cueillir	VERB:2
cuesta	NOUN:1
cuiller	NOUN:1
cuillerée	NOUN:1
cuillère	NOUN:1
cuir	NOUN:2
cuirasse	NOUN:3
cuirassé	NOUN:1	ADJ:1
cuire	VERB:1
cuisant	ADJ:2
cuiseur	NOUN:1
cuisine	NOUN:2
cuisiner	VERB:2
cuisinier	NOUN:1
cuisinière	NOUN:2
cuissard	NOUN:1
cuisse	NOUN:2
cuisson	NOUN:3
cuistot	NOUN:1
cuit	ADJ:2
cuivre	NOUN:3
cuivré	ADJ:1
cul	NOUN:6
cul-de-sac	NOUN:2
culasse	NOUN:2
culbute	NOUN:2
culbuter	VERB:2
culinaire	ADJ:1
culminant	ADJ:1
culminer	VERB:2
culot	NOUN:6
culotte	NOUN:3
culotté	ADJ:3
culpabilisation	NOUN:2
culpabiliser	VERB:2
culpabilité	NOUN:2
culte	NOUN:2	ADJ:2
cultissime	ADJ:1
cultivable	ADJ:1
cultivateur	NOUN:1
cultiver	VERB:1
cultuel	ADJ:1
culture	NOUN:4
culturel	ADJ:1
culturellement	ADV:1
culturisme	NOUN:1
culturiste	NOUN:1
culée	NOUN:2
cum	PROPN:1
cumes	PROPN:1
cumin	NOUN:2
cumul	NOUN:2
cumulatif	ADJ:1
cumuler	VERB:2
cumulus	NOUN:1
cunni	NOUN:1
cunnilingus	NOUN:1
cunéiforme	NOUN:1	ADJ:1
cupide	ADJ:1
cupidité	NOUN:1
cupidon	PROPN:1	NOUN:1
curage	NOUN:1
curatelle	NOUN:1
curateur	NOUN:2
curatif	ADJ:1	NOUN:1
curaçao	PROPN:1	NOUN:1
curcuma	NOUN:1
cure	NOUN:4
curer	VERB:3
curetage	NOUN:2
curial	ADJ:1
curie	NOUN:2	PROPN:1
curieusement	ADV:2
curieux	ADJ:2	NOUN:1
curiosité	NOUN:2
curling	NOUN:1
curriculum	NOUN:1
curry	NOUN:1
curseur	NOUN:1
cursive	NOUN:1
cursus	NOUN:1
curviligne	ADJ:1
curé	NOUN:2
curée	NOUN:3
custode	NOUN:4
customisation	NOUN:1
customiser	VERB:1
cutané	ADJ:1
cuticule	NOUN:1
cutter	NOUN:2
cuve	NOUN:1
cuver	VERB:5
cuvette	NOUN:5
cuvier	NOUN:1	PROPN:1
cuvée	NOUN:4
cv	NOUN:1
cyan	NOUN:1
cyanure	NOUN:1
cyberattaque	NOUN:1
cybercafé	NOUN:1
cybercriminalité	NOUN:1
cyberdéfense	NOUN:1
cyberespace	NOUN:1
cyberharcèlement	NOUN:1
cybernétique	NOUN:1	ADJ:1
cyberpunk	NOUN:1
cybersécurité	NOUN:1
cybèle	PROPN:1
cyclable	ADJ:1
cyclades	PROPN:1
cycle	NOUN:2
cyclique	ADJ:1
cyclisme	NOUN:1
cycliste	NOUN:1
cyclomoteur	NOUN:1
cyclone	NOUN:1
cyclonique	ADJ:1
cyclope	NOUN:1
cyclotourisme	NOUN:1
cyclotron	NOUN:1
cygne	NOUN:1	PROPN:1
cylindre	NOUN:1
cylindrique	ADJ:1
cylindrée	NOUN:1
cymbale	NOUN:1
cymbales	NOUN:1
cynique	ADJ:2	NOUN:2
cyniquement	ADV:1
cynisme	NOUN:1
cynthia	PROPN:1
cynégétique	NOUN:2	ADJ:2
cyprien	PROPN:1
cyprès	NOUN:1
cyriaque	PROPN:1
cyril	PROPN:1
cyrille	PROPN:2
cyrillique	ADJ:1	NOUN:1
cyrène	PROPN:1
cyrénaïque	PROPN:1
cystite	NOUN:1
cythère	PROPN:1
cytologie	NOUN:1
cytoplasme	NOUN:1
câblage	NOUN:1
câble	NOUN:1
câbler	VERB:2
câblé	ADJ:1
câlin	NOUN:1	ADJ:1
câliner	VERB:1
câlisse	INTJ:1
cèdre	NOUN:1
cène	NOUN:3
cèpe	NOUN:1
cé	NOUN:1
céans	ADV:1
cécile	PROPN:1
cécilia	PROPN:1
cécité	NOUN:1
céder	VERB:1
cédille	NOUN:1
cédric	PROPN:1
cédérom	NOUN:1
cégep	NOUN:1
céladon	NOUN:2	ADJ:1
céleri	NOUN:1
céleste	ADJ:1	PROPN:1
célestine	NOUN:1
célia	PROPN:1
célib	NOUN:1	ADJ:1
célibat	NOUN:2
célibataire	ADJ:1	NOUN:1
céline	PROPN:1
célèbre	ADJ:1
célé	PROPN:1
célébration	NOUN:2
célébrer	VERB:4
célébrissime	ADJ:1
célébrité	NOUN:2
célérité	NOUN:2
cénacle	NOUN:1
cénotaphe	NOUN:1
cépage	NOUN:1
céphalique	ADJ:1
céphalée	NOUN:1
céramique	ADJ:1	NOUN:2
céramiste	NOUN:1
céret	PROPN:1
cérumen	NOUN:1
cérès	PROPN:2
céréale	NOUN:3
céréalier	ADJ:1	NOUN:1
cérébral	ADJ:1	NOUN:1
cérémonial	ADJ:1
cérémonie	NOUN:1
cérémoniel	ADJ:1
césar	PROPN:6	NOUN:1
césarienne	NOUN:1
césarée	PROPN:2
césium	NOUN:1
césure	NOUN:1
cétacé	NOUN:1
cétone	NOUN:1
cévennes	PROPN:1
cévenol	ADJ:1
cézanne	PROPN:2
cîteaux	PROPN:1
côlon	NOUN:1
côme	PROPN:3
cône	NOUN:1
côte	NOUN:3
côte-d'or	PROPN:1
côtelette	NOUN:1
côtes-d'armor	PROPN:1
côtier	ADJ:1
côtoyer	VERB:3
côtoyé	VERB:3
côté	NOUN:2	ADP:1	PROPN:1
cœliaque	ADJ:1
cœur	NOUN:6	PROPN:1
dab	NOUN:1
dac	INTJ:1
dactylo	NOUN:3
dactylographie	NOUN:1
dada	NOUN:2
daech	PROPN:1
daghestan	PROPN:1
dague	NOUN:2
dahir	NOUN:1
dahlia	NOUN:1
daigle	PROPN:1
daigner	VERB:1
daim	NOUN:4
dais	NOUN:2
dakar	PROPN:1
daladier	PROPN:1
dalaï-lama	NOUN:1
dalhousie	PROPN:1
dalila	PROPN:2
dallage	NOUN:1
dallaire	PROPN:1
dalle	NOUN:1
daller	VERB:1
dalmate	ADJ:1	NOUN:1
dalmatie	PROPN:2
dalmatien	ADJ:1	NOUN:1
daltonien	ADJ:1
dam	NOUN:2
damas	PROPN:1
damascène	ADJ:1	NOUN:2	PROPN:1
dame	NOUN:3	INTJ:1
damer	VERB:4
damien	PROPN:1
damier	NOUN:1
damnation	NOUN:1
damner	VERB:1
damoclès	PROPN:1
damoiseau	NOUN:3
damoiselle	NOUN:2
dan	NOUN:1
dance	NOUN:1
dancing	NOUN:1
dancourt	PROPN:1
dandin	NOUN:1
dandy	NOUN:1
danemark	PROPN:1
dang	PROPN:1
danger	NOUN:2
dangereusement	ADV:1
dangereux	ADJ:1
dangerosité	NOUN:1
daniel	PROPN:2
danielle	PROPN:1
danièle	PROPN:1
danois	NOUN:2	ADJ:1
dans	ADP:7
danse	NOUN:1
danser	VERB:1
danseur	NOUN:1
dantesque	ADJ:1
danton	PROPN:1
danube	PROPN:1
danzig	PROPN:1
daoust	PROPN:1
daphné	NOUN:1	PROPN:1
dar	ADJ:3
dard	NOUN:5
dardanelles	PROPN:1
dare	INTJ:1
darfour	PROPN:1
dari	NOUN:1
daron	NOUN:1
daronne	NOUN:1
darse	NOUN:1
darwinisme	NOUN:1
das	NOUN:1
database	NOUN:1
datation	NOUN:1
datcha	NOUN:1
date	NOUN:3
dater	VERB:2
datif	NOUN:1
datte	NOUN:1
dattier	NOUN:1
datura	NOUN:1
daube	NOUN:2
daudet	PROPN:1
dauphin	NOUN:4	PROPN:4
dauphinois	ADJ:1	NOUN:2
dauphiné	PROPN:1	NOUN:1
daurade	NOUN:1
dauzat	PROPN:1
davantage	ADV:1
david	PROPN:3
davis	PROPN:1
davy	PROPN:2
dax	PROPN:1
daïra	NOUN:1
ddt	NOUN:1
de	ADP:6	DET:2
dead	VERB:1
deal	NOUN:3
dealer	VERB:1	NOUN:1
dealeur	NOUN:1
deauville	PROPN:3
debout	ADV:2	INTJ:2
debussy	PROPN:1
deck	NOUN:4
dedans	ADV:1	NOUN:1	ADP:1
dedieu	PROPN:1
degré	NOUN:1
dehors	ADV:1	ADP:1
delacroix	NOUN:1	PROPN:1
delage	PROPN:1
delamarre	PROPN:1
delaunay	PROPN:1
deleuze	PROPN:1
delisle	PROPN:1
delon	PROPN:1
delors	PROPN:1
delort	PROPN:1
delphes	PROPN:1
delphine	PROPN:1
delpuech	PROPN:1
delta	NOUN:2
deltaplane	NOUN:2
delvaux	PROPN:1
delà	ADP:1
delépine	PROPN:1
demain	ADV:1
demander	VERB:3
demandeur	NOUN:3
dembélé	PROPN:1
demeurer	VERB:3
demeuré	NOUN:2
demi	ADJ:1	ADV:1	NOUN:5
demi-cercle	NOUN:1
demi-finale	NOUN:1
demi-finaliste	NOUN:1
demi-frère	NOUN:1
demi-heure	NOUN:1
demi-journée	NOUN:1
demi-mondaine	NOUN:1
demi-siècle	NOUN:1
demie	NOUN:1
demoiselle	NOUN:3
deneuve	PROPN:1
dengue	NOUN:1
denier	NOUN:3
denim	NOUN:1
denis	PROPN:2
denise	PROPN:1
denrée	NOUN:3
dense	ADJ:1
densification	NOUN:1
densifier	VERB:1
densité	NOUN:1
densément	ADV:1
dent	NOUN:2
dentaire	ADJ:1
dental	ADJ:1
dentelle	NOUN:1
dentelé	ADJ:2
dentier	NOUN:1
dentifrice	NOUN:1
dentiste	NOUN:1
dentisterie	NOUN:1
dentition	NOUN:1
denture	NOUN:1
denté	ADJ:1
dep	NOUN:1
depuis	ADP:5	ADV:1
der	NOUN:1
derby	NOUN:2
derechef	ADV:2
dermatite	NOUN:1
dermato	NOUN:1
dermatologie	NOUN:1
dermatologue	NOUN:1
derme	NOUN:1
dernier	ADJ:3
dernièrement	ADV:2
derrick	NOUN:1
derrida	PROPN:1
derrière	ADP:2	NOUN:2
derviche	NOUN:1
des	DET:1	X:1
desbiens	PROPN:2
descartes	PROPN:2
descendance	NOUN:1
descendant	NOUN:1	ADJ:1
descendre	VERB:5
descente	NOUN:7
deschamps	PROPN:1
deschanel	PROPN:1
deschênes	PROPN:1
descripteur	NOUN:1
descriptif	ADJ:1
description	NOUN:1
desharnais	PROPN:1
desiderata	NOUN:1
design	NOUN:1
designer	NOUN:1	VERB:1
desjardins	PROPN:1
deslauriers	PROPN:1
desmarais	PROPN:1
desnoyers	PROPN:1
despentes	PROPN:1
despote	NOUN:2
despotique	ADJ:1
despotisme	NOUN:1
després	PROPN:1
desrochers	PROPN:1
desrosiers	PROPN:1
dessaisir	VERB:2
dessalement	NOUN:1
dessein	NOUN:1
desserrer	VERB:5
dessert	NOUN:1
desserte	NOUN:2
desservir	VERB:4
dessiccation	NOUN:1
dessin	NOUN:3
dessinateur	NOUN:2
dessiner	VERB:3
dessous	ADV:1	NOUN:4	ADP:1
dessus	ADV:4	ADP:1	NOUN:3
dessèchement	NOUN:1
dessécher	VERB:2
desséché	ADJ:1
dest	PROPN:1
destin	NOUN:1
destinataire	NOUN:1
destination	NOUN:1
destiner	VERB:1
destituer	VERB:1
destitution	NOUN:3
destrier	NOUN:1
destroyer	NOUN:1	VERB:1
destructeur	ADJ:1	NOUN:2
destructif	ADJ:1
destruction	NOUN:1
detroit	PROPN:1
dette	NOUN:1
deuil	NOUN:4
deutérium	NOUN:1
deutéronome	PROPN:1
deux	NUM:1
deux-cents	NUM:1
deux-montagnes	PROPN:1
deux-roues	NOUN:1
deux-sèvres	PROPN:1
deuxième	ADJ:1
deuxièmement	ADV:1
dev	NOUN:1
devancer	VERB:4
devant	ADP:3	ADV:1	NOUN:1
devanture	NOUN:2
devenir	NOUN:1	VERB:2
devers	ADP:2
deville	PROPN:1
devin	NOUN:1
deviner	VERB:2
devinette	NOUN:1
devis	NOUN:1
devise	NOUN:3
devoir	NOUN:2	VERB:5
devon	NOUN:1
devos	PROPN:1
dextre	ADJ:3
dextérité	NOUN:1
dey	NOUN:1
deçà	ADV:1
dia	INTJ:1
diable	NOUN:3	PROPN:1	INTJ:1	ADV:1
diablement	ADV:1
diablesse	NOUN:1
diablotin	NOUN:3
diabolique	ADJ:1
diaboliquement	ADV:1
diabolisation	NOUN:1
diaboliser	VERB:1
diabolo	NOUN:2
diabète	NOUN:1
diabétique	ADJ:1
diachronique	ADJ:1
diaconat	NOUN:1
diacre	NOUN:1
diadème	NOUN:1
diagnostic	NOUN:1
diagnostique	ADJ:1
diagnostiquer	VERB:1
diagnostiqué	ADJ:1
diagonal	ADJ:1
diagonale	NOUN:1
diagramme	NOUN:1
diakité	PROPN:1
dialectal	ADJ:1
dialecte	NOUN:2
dialectique	ADJ:1	NOUN:1
diallo	PROPN:1
dialogue	NOUN:1
dialoguer	VERB:1
dialyse	NOUN:1
diamant	NOUN:4
diamantaire	NOUN:1
diamètre	NOUN:1
diamétralement	ADV:1
diane	PROPN:2	NOUN:1
diantre	INTJ:1
diapason	NOUN:2
diaphane	ADJ:2
diaphragme	NOUN:2
diapo	NOUN:2
diaporama	NOUN:1
diapositive	NOUN:2
diarrhée	NOUN:1
diaspora	NOUN:1
diatonique	ADJ:1
diatribe	NOUN:1
dichotomie	NOUN:1
dico	NOUN:1
dictaphone	NOUN:1
dictateur	NOUN:1
dictatorial	ADJ:1
dictature	NOUN:1
dicter	VERB:1
diction	NOUN:1
dictionnaire	NOUN:2
dicton	NOUN:1
dictée	NOUN:2
didactique	ADJ:1	NOUN:1
diderot	PROPN:2
didier	PROPN:2
didon	PROPN:1
die	PROPN:1
diego	PROPN:1
dieppe	PROPN:2
diesel	NOUN:1
dieu	NOUN:1	PROPN:1
dieudonné	PROPN:2
diffamation	NOUN:1
diffamatoire	ADJ:1
diffamer	VERB:1
difficile	ADJ:2
difficilement	ADV:1
difficulté	NOUN:1
difforme	ADJ:1
difformité	NOUN:1
diffraction	NOUN:1
diffus	ADJ:1
diffuser	VERB:2
diffuseur	NOUN:2
diffusion	NOUN:4
différemment	ADV:1
différence	NOUN:1
différenciation	NOUN:1
différencier	VERB:1
différencié	ADJ:1
différend	NOUN:2
différent	ADJ:1
différentiation	NOUN:1
différentiel	NOUN:3	ADJ:1
différer	VERB:2
dificile	ADJ:2
digest	NOUN:1
digeste	NOUN:1	ADJ:1
digestif	ADJ:1	NOUN:2
digestion	NOUN:1
digit	NOUN:1
digital	ADJ:2
digitale	NOUN:2
digitalisation	NOUN:1
digne	ADJ:2
dignement	ADV:1
dignitaire	NOUN:1
dignité	NOUN:1
digression	NOUN:1
digue	NOUN:1
digérer	VERB:2
dihydrogène	NOUN:1
dijon	PROPN:1
dijonnais	NOUN:1	ADJ:1
diktat	NOUN:1
dilapider	VERB:1
dilatation	NOUN:1
dilater	VERB:1
dilaté	ADJ:1
dilemme	NOUN:1
dilettante	NOUN:1
diligence	NOUN:3
diligent	ADJ:1
diligenter	VERB:1
diluer	VERB:1
dilution	NOUN:1
dilué	ADJ:1
dimanche	NOUN:1
dimension	NOUN:1
dimensionnel	ADJ:1
dimensionnement	NOUN:1
diminuer	VERB:2
diminutif	ADJ:1	NOUN:1
diminution	NOUN:2
dimitri	PROPN:1
dimorphisme	NOUN:1
dinar	NOUN:1
dinde	NOUN:2
dindon	NOUN:1
diner	VERB:1
dingo	ADJ:2	NOUN:1	PROPN:1
dingue	ADJ:2	NOUN:1
dinh	PROPN:1
dino	NOUN:1
dinosaure	NOUN:1
dins	ADP:1
dioclétien	PROPN:1	ADJ:1
diocèse	NOUN:2
diocésain	ADJ:1
diode	NOUN:1
diodore	PROPN:1
diogène	PROPN:2
dion	PROPN:1
dionne	PROPN:1
dionysos	PROPN:1
diorama	NOUN:1
diot	NOUN:1
dioxine	NOUN:1
dioxyde	NOUN:1
dioxygène	NOUN:1
diphtongue	NOUN:2
diphtérie	NOUN:1
diplomate	NOUN:2
diplomatie	NOUN:1
diplomatique	ADJ:1
diplomatiquement	ADV:1
diplôme	NOUN:1
diplômé	ADJ:1	NOUN:1
diptyque	NOUN:2
dipôle	NOUN:1
dire	VERB:6	NOUN:2
direct	ADJ:1	NOUN:1	ADV:1
directement	ADV:1
directeur	NOUN:2	ADJ:1
directif	ADJ:1
direction	NOUN:5
directionnel	ADJ:1
directive	NOUN:1
directoire	NOUN:2
directrice	NOUN:2
dirigeable	ADJ:1	NOUN:1
dirigeant	ADJ:1	NOUN:1
diriger	VERB:6
dirigisme	NOUN:1
dirigiste	ADJ:1	NOUN:1
dirlo	NOUN:1
discernement	NOUN:1
discerner	VERB:1
disciple	NOUN:1
disciplinaire	ADJ:1
discipline	NOUN:3
discipliner	VERB:2
discipliné	ADJ:1
disco	NOUN:3
discographie	NOUN:2
discographique	ADJ:1
discontinu	ADJ:1
discontinuer	VERB:1
discontinuité	NOUN:1
discordance	NOUN:1
discorde	NOUN:1
discothèque	NOUN:2
discount	ADJ:1
discourir	VERB:1
discours	NOUN:2
discret	ADJ:2
discriminant	NOUN:1
discrimination	NOUN:1
discriminatoire	ADJ:1
discriminer	VERB:2
discrètement	ADV:1
discrédit	NOUN:1
discréditer	VERB:1
discrétion	NOUN:1
discrétionnaire	ADJ:1
disculper	VERB:1
discussion	NOUN:3
discutable	ADJ:2
discuter	VERB:3
disert	ADJ:2
disette	NOUN:3
disgracieux	ADJ:1
disgracié	ADJ:1
disgrâce	NOUN:1
disjoncter	VERB:1
disjoncteur	NOUN:1
disjonction	NOUN:1
dislocation	NOUN:1
disloquer	VERB:2
disloqué	ADJ:1
disparate	ADJ:1
disparaître	VERB:2
disparition	NOUN:1
disparité	NOUN:1
dispendieux	ADJ:1
dispensaire	NOUN:1
dispenser	VERB:4
disperser	VERB:1
dispersion	NOUN:1
dispo	ADJ:1
disponibilité	NOUN:3
disponible	ADJ:1
dispos	ADJ:1
disposer	VERB:8
dispositif	NOUN:5
disposition	NOUN:5
disposé	ADJ:2
disproportion	NOUN:1
disproportionné	ADJ:2
disputer	VERB:2
disquaire	NOUN:1
disqualification	NOUN:1
disqualifier	VERB:1
disque	NOUN:1
disquette	NOUN:2
disruption	NOUN:1
dissection	NOUN:1
dissension	NOUN:1
dissertation	NOUN:1
disserter	VERB:1
dissidence	NOUN:1
dissident	ADJ:1	NOUN:3
dissimulation	NOUN:1
dissimuler	VERB:2
dissipateur	ADJ:1	NOUN:1
dissipation	NOUN:1
dissiper	VERB:3
dissipé	ADJ:1
dissociation	NOUN:1
dissocier	VERB:2
dissocié	ADJ:1
dissolution	NOUN:1
dissolvant	ADJ:1	NOUN:1
dissonance	NOUN:2
dissoudre	VERB:4
dissout	ADJ:1
dissuader	VERB:1
dissuasif	ADJ:1
dissuasion	NOUN:1
dissymétrie	NOUN:1
dissymétrique	ADJ:1
dissémination	NOUN:2
disséminer	VERB:1
disséminé	ADJ:1
disséquer	VERB:1
distal	ADJ:1
distance	NOUN:2
distancer	VERB:1
distanciation	NOUN:1
distancier	VERB:1
distant	ADJ:2
distendu	ADJ:1
distension	NOUN:1
distillation	NOUN:1
distiller	VERB:1
distillerie	NOUN:1
distinct	ADJ:1
distinctement	ADV:1
distinctif	ADJ:1
distinction	NOUN:1
distinguer	VERB:3
distinguo	NOUN:1
distorsion	NOUN:1
distraction	NOUN:2
distraire	VERB:1
distrait	ADJ:2
distraitement	ADV:1
distrayant	ADJ:1
distribuer	VERB:1
distributeur	NOUN:4
distribution	NOUN:4
distributrice	NOUN:2
district	NOUN:1
dithyrambique	ADJ:2
dition	NOUN:1
dito	NOUN:1
diu	NOUN:1
diurne	ADJ:1	NOUN:1
diurétique	ADJ:1	NOUN:1
diva	NOUN:1
divagation	NOUN:3
divaguer	VERB:4
divan	NOUN:2
divergence	NOUN:1
divergent	ADJ:1
diverger	VERB:1
divers	ADJ:1
diversement	ADV:1
diversification	NOUN:1
diversifier	VERB:1
diversifié	ADJ:2
diversion	NOUN:3
diversité	NOUN:1
divertir	VERB:2
divertissant	ADJ:1
divertissement	NOUN:1
dividende	NOUN:1
divin	ADJ:2
divination	NOUN:1
divinatoire	ADJ:1
divinement	ADV:1
divinité	NOUN:2
diviser	VERB:1
diviseur	NOUN:1	ADJ:1
divisible	ADJ:1
division	NOUN:3
divisionnaire	ADJ:1
divorce	NOUN:1
divorcer	VERB:2
divulgation	NOUN:1
divulguer	VERB:1
dix	NUM:1
dix-huit	NUM:1
dix-neuf	NUM:1
dix-neuvième	ADJ:1
dix-sept	NUM:1
dix-septième	ADJ:1
dixit	ADP:1
dixième	ADJ:1
dizaine	NOUN:3
dièse	NOUN:3
diète	NOUN:2
diélectrique	ADJ:1
diésel	ADJ:1
diététicien	NOUN:1
diététique	ADJ:1
dj	NOUN:1
djebel	NOUN:1
djellaba	NOUN:1
djembé	NOUN:1
djian	PROPN:1
djibouti	PROPN:2
djiboutien	NOUN:1
djihad	NOUN:1
djihadisme	NOUN:1
djihadiste	NOUN:1
djinn	NOUN:1
djo	VERB:1
do	NOUN:1	PROPN:1
doberman	NOUN:1
docile	ADJ:1
docilement	ADV:1
docilité	NOUN:1
docker	NOUN:1
docks	NOUN:1
docte	ADJ:1
docteur	NOUN:2
doctoral	ADJ:1
doctorant	NOUN:1
doctorat	NOUN:1
doctrinal	ADJ:1
doctrine	NOUN:1
docu	NOUN:1
document	NOUN:2
documentaire	ADJ:1	NOUN:1
documentaliste	NOUN:1
documentariste	NOUN:1
documentation	NOUN:1
documenter	VERB:1
dodo	NOUN:2
dodu	ADJ:1
doge	NOUN:1
dogmatique	ADJ:1	NOUN:1
dogmatisme	NOUN:1
dogme	NOUN:1
dogue	NOUN:1
doigt	NOUN:3
doigter	VERB:2	NOUN:1
doigté	NOUN:2
dojo	NOUN:1
dol	NOUN:1
doliprane	NOUN:1
dollar	NOUN:2
dolmen	NOUN:1
dolomie	NOUN:1
dolomite	NOUN:1
dolorès	PROPN:1
doléance	NOUN:1
dom	NOUN:1
domaine	NOUN:3
dombes	PROPN:1
domestication	NOUN:1
domesticité	NOUN:3
domestique	ADJ:1	NOUN:2
domestiquer	VERB:1
domicile	NOUN:1
domiciliaire	ADJ:1
domiciliation	NOUN:2
domicilier	VERB:1
dominance	NOUN:1
dominateur	NOUN:2	ADJ:1
domination	NOUN:1
dominatrice	NOUN:1
dominer	VERB:8
dominicain	ADJ:1	NOUN:1
dominical	ADJ:2
dominion	NOUN:1
dominique	PROPN:3
domino	NOUN:6
domitien	PROPN:1
dommage	NOUN:3	INTJ:1
dommageable	ADJ:1
dommages-intérêts	NOUN:1
domotique	NOUN:1
dompter	VERB:2
dompteur	NOUN:1
don	NOUN:3
donataire	NOUN:1
donateur	NOUN:1
donation	NOUN:1
donbass	PROPN:1
donc	ADV:1
doncaster	PROPN:1
donjon	NOUN:1
donner	VERB:3
donneur	NOUN:2
dont	PRON:3
donut	NOUN:1
donzelle	NOUN:2
dopage	NOUN:1
dopamine	NOUN:1
dopant	ADJ:1
dope	NOUN:1
doper	VERB:2
dorade	NOUN:1
dordogne	PROPN:2
dorer	VERB:3
dorique	ADJ:2
dorloter	VERB:1
dormance	NOUN:1
dormant	ADJ:2
dormeur	NOUN:1	ADJ:1
dormir	VERB:1
dorothée	PROPN:1
dorsal	ADJ:1
dortoir	NOUN:1
dorure	NOUN:1
dorval	PROPN:2
doré	ADJ:1	PROPN:1
dorénavant	ADV:1
dos	NOUN:3
dosage	NOUN:1
dose	NOUN:2
doser	VERB:2
dosette	NOUN:1
doss	NOUN:1
dossard	NOUN:2
dossier	NOUN:5	ADJ:1
dosé	ADJ:2
dot	NOUN:1
dotation	NOUN:2
doter	VERB:2
douaire	NOUN:1
douairière	NOUN:1
douane	NOUN:2
douanier	ADJ:1	NOUN:1	PROPN:1
douar	NOUN:1
douarnenez	PROPN:1
doublage	NOUN:2
double	ADJ:2	NOUN:3
doublement	ADV:1	NOUN:1
doubler	VERB:6
doublet	NOUN:2
doubleur	NOUN:2
doublon	NOUN:3
doublure	NOUN:3
doublé	NOUN:3
doubs	PROPN:2
doucement	ADV:3
doucet	ADJ:1	PROPN:1
douceur	NOUN:2
douche	NOUN:1
doucher	VERB:3
doudou	NOUN:2
doudoune	NOUN:3
douglas	PROPN:1
douille	NOUN:3
douiller	VERB:2
douillet	ADJ:2
douillette	NOUN:1
douleur	NOUN:2
doullens	PROPN:1
douloureusement	ADV:1
douloureux	ADJ:1
doum	NOUN:1
douma	NOUN:1
doumergue	PROPN:1
douro	NOUN:2
doute	NOUN:1
douter	VERB:2
douteux	ADJ:3
douve	NOUN:4
douville	PROPN:1
douvres	PROPN:2
doux	ADJ:5	ADV:1
douzaine	NOUN:2
douze	NUM:1
douzième	ADJ:1
doué	ADJ:2
doxa	NOUN:1
doyen	NOUN:2
doyenne	NOUN:1
doyenné	NOUN:3
doyon	PROPN:1
dr	NOUN:2
drac	NOUN:1
drachme	NOUN:2
draconien	ADJ:2
draft	NOUN:1
drag	NOUN:1
dragage	NOUN:1
dragon	NOUN:2	PROPN:1
dragonne	NOUN:2
drague	NOUN:3
draguer	VERB:4
dragueur	NOUN:3
dragée	NOUN:4
drain	NOUN:1
drainage	NOUN:1
drainant	ADJ:1
draine	NOUN:1
drainer	VERB:1
drakkar	NOUN:1
dramatique	ADJ:1
dramatiquement	ADV:1
dramatisation	NOUN:1
dramatiser	VERB:1
dramaturge	NOUN:1
dramaturgie	NOUN:1
dramaturgique	ADJ:1
drame	NOUN:3
drap	NOUN:1
drapeau	NOUN:2	PROPN:1
draper	VERB:1
draperie	NOUN:1
drapier	ADJ:1	NOUN:1
drastique	ADJ:2
drastiquement	ADV:1
dre	NOUN:1
dresde	PROPN:1
dressage	NOUN:2
dresser	VERB:7
dresseur	NOUN:2
dresseuse	NOUN:1
dressing	NOUN:2
dressé	ADJ:2
dreux	PROPN:1
dreyfus	PROPN:1
dribble	NOUN:1
dribbler	VERB:1
drill	NOUN:1
dring	INTJ:1
drink	NOUN:1
driver	NOUN:1	VERB:1
drogue	NOUN:1
droguer	VERB:2
droguerie	NOUN:1
droit	NOUN:3	ADJ:3	ADV:2
droite	NOUN:4
droitier	ADJ:2	NOUN:1
droitisation	NOUN:1
droiture	NOUN:1
drolet	PROPN:1
dromadaire	ADJ:1
drone	NOUN:1
drop	NOUN:1
drosophile	NOUN:1
drouin	PROPN:1
dru	ADJ:1	ADV:2
drugstore	NOUN:1
druide	NOUN:1
druidique	ADJ:1
drummer	NOUN:1
drummond	PROPN:1
drummondville	PROPN:1
druze	ADJ:1
drépanocytose	NOUN:1
drôle	ADJ:2	NOUN:2
drôlement	ADV:2
drôlerie	NOUN:2
drôme	PROPN:2
ds	NOUN:1
dsl	INTJ:1
dst	PROPN:1
du	DET:1	X:1
dual	ADJ:1
dualisme	NOUN:1
dualiste	NOUN:1
dualité	NOUN:1
dubaï	PROPN:2
dubitatif	ADJ:1
dublin	PROPN:1
dubois	PROPN:1
dubreuil	PROPN:1
dubstep	NOUN:1
dubuisson	PROPN:1
dubé	PROPN:1
duc	NOUN:1
ducal	ADJ:1
ducasse	NOUN:1	PROPN:1
ducat	NOUN:1
duceppe	PROPN:1
ducharme	PROPN:1
duchemin	PROPN:1
duchenne	PROPN:1
duchesne	PROPN:1
duchesse	NOUN:1
duché	NOUN:1
duchêne	PROPN:1
duclos	PROPN:1
ductile	ADJ:1
duel	ADJ:1	NOUN:2
dufour	PROPN:1
dufresne	PROPN:1
duguay	PROPN:1
duhaime	PROPN:1
duhamel	PROPN:2
dujardin	PROPN:1
dulcinée	NOUN:1
dumais	PROPN:1
dumas	PROPN:1
dumay	PROPN:1
dumont	PROPN:1
dumoulin	PROPN:1
dumping	NOUN:1
dundee	PROPN:1	NOUN:1
dune	NOUN:1
dunkerque	PROPN:1	NOUN:1
dunkerquois	NOUN:1	ADJ:1
duo	NOUN:2
duodénum	NOUN:1
duong	PROPN:1
dupe	NOUN:1
duper	VERB:1
duperie	NOUN:1
dupin	PROPN:1
duplessis	PROPN:1
duplex	NOUN:3
duplicata	NOUN:1
duplication	NOUN:1
duplicité	NOUN:2
dupliquer	VERB:1
dupont	PROPN:1
dupré	PROPN:1
dupuis	PROPN:2
dupuy	PROPN:2
duquel	PRON:1
duquesne	PROPN:5
dur	ADJ:5	ADV:1	NOUN:2
durabilité	NOUN:1
durable	ADJ:2
durablement	ADV:1
dural	ADJ:1
durance	PROPN:1
durand	PROPN:1
durant	ADP:2
durcir	VERB:2
durcissement	NOUN:1
durement	ADV:2
durer	VERB:1
dureté	NOUN:2
durex	PROPN:2
durfort	PROPN:2
durian	NOUN:1
durite	NOUN:1
durocher	PROPN:1
durée	NOUN:1
dussault	PROPN:1
duteil	PROPN:1
duval	PROPN:1
duverger	PROPN:1
duvet	NOUN:5
duveteux	ADJ:1
duvivier	PROPN:1
dvd	NOUN:1
dylan	PROPN:1
dynamique	ADJ:2	NOUN:1
dynamiquement	ADV:1
dynamisation	NOUN:1
dynamiser	VERB:1
dynamisme	NOUN:1
dynamitage	NOUN:1
dynamiter	VERB:1
dynamo	NOUN:1
dynastie	NOUN:1
dynastique	ADJ:1
dysenterie	NOUN:1
dysfonction	NOUN:1
dysfonctionnel	ADJ:1
dysfonctionnement	NOUN:1
dyslexie	NOUN:1
dyslexique	ADJ:1	NOUN:1
dyspepsie	NOUN:1
dysplasie	NOUN:1
dyspnée	NOUN:1
dystopie	NOUN:1
dystopique	ADJ:1
dystrophie	NOUN:1
dz	NOUN:1
dèche	NOUN:2
dème	NOUN:1
dès	ADP:1
dé	NOUN:3
déambulateur	NOUN:1
déambulation	NOUN:1
déambulatoire	NOUN:1
déambuler	VERB:1
déballage	NOUN:1
déballer	VERB:1
débandade	NOUN:3
débarasser	VERB:4
débarcadère	NOUN:1
débardeur	NOUN:4
débarquement	NOUN:4
débarquer	VERB:6
débarras	NOUN:2
débarrasser	VERB:4
débarrassé	ADJ:1
débat	NOUN:1
débattre	VERB:3
débauche	NOUN:1
débaucher	VERB:4
débile	ADJ:2	NOUN:1
débilité	NOUN:2
débit	NOUN:7
débitage	NOUN:1
débitant	NOUN:1
débiter	VERB:8
débiteur	NOUN:1
déblaiement	NOUN:1
déblatérer	VERB:1
déblayer	VERB:1
déblocage	NOUN:1
débloquer	VERB:3
déboisement	NOUN:1
débonnaire	ADJ:2	PROPN:1
déborah	PROPN:1
débordant	ADJ:3
débordement	NOUN:4
déborder	VERB:2
débordé	ADJ:1
déboucher	VERB:4
débouché	NOUN:3
débouler	VERB:2
déboulonner	VERB:2
débours	NOUN:1
débourser	VERB:1
déboussolé	ADJ:1
débraillé	ADJ:1
débrancher	VERB:3
débrayage	NOUN:2
débrayer	VERB:2
débrider	VERB:3
débridé	ADJ:1
débriefer	VERB:1
débris	NOUN:1
débrouillard	ADJ:1	NOUN:1
débrouillardise	NOUN:1
débrouiller	VERB:2
débusquer	VERB:2
début	NOUN:1
débutant	NOUN:1	ADJ:1
débutante	NOUN:1
débuter	VERB:2
débâcle	NOUN:3
déca	NOUN:1
décade	NOUN:2
décadence	NOUN:2
décadent	ADJ:2	NOUN:1
décaissement	NOUN:1
décalage	NOUN:4
décaler	VERB:6
décalogue	PROPN:1
décalé	ADJ:1
décamper	VERB:2
décan	NOUN:1
décantation	NOUN:1
décanter	VERB:2
décapage	NOUN:1
décapant	NOUN:1	ADJ:2
décapitation	NOUN:1
décapiter	VERB:2
décapotable	ADJ:1	NOUN:1
décapsuleur	NOUN:1
décarie	PROPN:1
décathlon	NOUN:1
décelable	ADJ:1
déceler	VERB:2
décelé	ADJ:2
décembre	NOUN:1
décemment	ADV:2
décence	NOUN:1
décennal	ADJ:1
décennie	NOUN:1
décent	ADJ:2
décentralisation	NOUN:1
décentraliser	VERB:1
déception	NOUN:1
décerner	VERB:1
décevant	ADJ:1
décevoir	VERB:2
déchanter	VERB:2
décharge	NOUN:5
déchargement	NOUN:1
décharger	VERB:5
décharné	ADJ:2
déchausser	VERB:2
déchaînement	NOUN:1
déchaîner	VERB:4
déchet	NOUN:2
déchetterie	NOUN:1
déchiffrage	NOUN:1
déchiffrement	NOUN:1
déchiffrer	VERB:2
déchiqueter	VERB:2
déchirant	ADJ:2
déchirement	NOUN:1
déchirer	VERB:3
déchirure	NOUN:1
déchoir	VERB:2
déchristianisation	NOUN:1
déchèterie	NOUN:1
déchéance	NOUN:2
décider	VERB:3
décideur	NOUN:1
décidément	ADV:2
décile	NOUN:1
décimal	ADJ:1
décimer	VERB:2
décisif	ADJ:1
décision	NOUN:1
décisionnaire	ADJ:1
décisionnel	ADJ:1
déclamation	NOUN:2
déclamer	VERB:1
déclaratif	ADJ:1
déclaration	NOUN:1
déclarer	VERB:3
déclassement	NOUN:2
déclasser	VERB:3
déclassé	ADJ:2	NOUN:1
déclenchement	NOUN:3
déclencher	VERB:4
déclencheur	NOUN:4	ADJ:1
déclic	NOUN:2
déclin	NOUN:1
déclinaison	NOUN:3
déclinant	ADJ:1
décliner	VERB:5
déclivité	NOUN:1
déco	NOUN:2
décocher	VERB:5
décoction	NOUN:1
décodage	NOUN:1
décoder	VERB:1
décodeur	NOUN:1
décoffrage	NOUN:1
décoiffer	VERB:3
décoiffé	ADJ:2
décoincer	VERB:2
décollage	NOUN:1
décollement	NOUN:1
décoller	VERB:5
décolletage	NOUN:3
décolleté	ADJ:2	NOUN:2
décolonisation	NOUN:1
décoloration	NOUN:2
décolorer	VERB:2
décoloré	ADJ:1
décombres	NOUN:1
décompensation	NOUN:1
décomplexé	ADJ:2
décomposer	VERB:4
décomposition	NOUN:1
décompresser	VERB:3
décompression	NOUN:1
décompte	NOUN:2
décompter	VERB:4
déconcentration	NOUN:3
déconcentrer	VERB:2
déconcentré	ADJ:1
déconcertant	ADJ:1
déconcerter	VERB:2
déconfiture	NOUN:2
décongeler	VERB:1
décongelé	ADJ:1
décongestionner	VERB:1
déconnecter	VERB:2
déconner	VERB:3
déconnexion	NOUN:2
déconseiller	VERB:1
déconstruction	NOUN:1
déconstruire	VERB:1
décontamination	NOUN:1
décontaminer	VERB:1
décontraction	NOUN:2
décontracté	ADJ:2
déconvenue	NOUN:1
décor	NOUN:3
décorateur	NOUN:1
décoratif	ADJ:1
décoration	NOUN:2
décorer	VERB:1
décortiquer	VERB:3
décortiqué	ADJ:2
décorum	NOUN:1
décote	NOUN:2
découdre	VERB:2
découler	VERB:1
découpage	NOUN:3
découpe	NOUN:2
découper	VERB:4
découplage	NOUN:1
décourageant	ADJ:2
découragement	NOUN:1
décourager	VERB:2
décousu	ADJ:2
découverte	NOUN:1
découvreur	NOUN:1
découvrir	VERB:4
décrassage	NOUN:2
décret	NOUN:2
décrier	VERB:1
décrire	VERB:1
décrochage	NOUN:5
décrochement	NOUN:2
décrocher	VERB:7
décroissance	NOUN:2
décroissant	ADJ:2
décroître	VERB:1
décryptage	NOUN:1
décrypter	VERB:1
décrypté	ADJ:1
décrédibiliser	VERB:1
décrépit	ADJ:1
décrépitude	NOUN:1
décréter	VERB:2
déculpabiliser	VERB:1
décuple	ADJ:1
décupler	VERB:1
décès	NOUN:1
décéder	VERB:1
décélération	NOUN:1
dédaigner	VERB:1
dédaigneux	ADJ:1
dédain	NOUN:1
dédale	NOUN:1	PROPN:1
dédiabolisation	NOUN:1
dédicace	NOUN:1
dédicacer	VERB:1
dédicacé	ADJ:1
dédier	VERB:1
dédit	NOUN:1
dédommagement	NOUN:1
dédommager	VERB:2
dédouanement	NOUN:1
dédouaner	VERB:2
dédoublement	NOUN:1
dédoubler	VERB:3
dédramatiser	VERB:2
déductibilité	NOUN:1
déductible	ADJ:1
déduction	NOUN:2
déduire	VERB:2
dédé	PROPN:1
déesse	NOUN:1
défaillance	NOUN:2
défaillant	ADJ:3
défaillir	VERB:2
défaire	VERB:6
défaite	NOUN:1
défaitisme	NOUN:1
défaitiste	ADJ:1
défausse	NOUN:1
défausser	VERB:2
défaut	NOUN:3
défaveur	NOUN:1
défavorable	ADJ:1
défavorablement	ADV:1
défavorisé	ADJ:3
défection	NOUN:1
défectueux	ADJ:1
défectuosité	NOUN:2
défendable	ADJ:1
défendeur	NOUN:1
défendre	VERB:2
défense	NOUN:5
défenseur	NOUN:2
défensif	ADJ:1
défensivement	ADV:1
déferlement	NOUN:2
déferler	VERB:3
défi	NOUN:1
défiance	NOUN:1
défibrillateur	NOUN:1
déficience	NOUN:1
déficient	ADJ:2
déficit	NOUN:3
déficitaire	ADJ:1
défier	VERB:2
défigurer	VERB:1
défilement	NOUN:4
défiler	VERB:7
défilé	NOUN:2
définir	VERB:1
définitif	ADJ:2
définition	NOUN:1
définitivement	ADV:2
défiscaliser	VERB:2
déflagration	NOUN:1
déflation	NOUN:2
déflationniste	ADJ:1
déflecteur	NOUN:2
défoncer	VERB:6
déforestation	NOUN:1
déformant	ADJ:1
déformation	NOUN:5
déformer	VERB:2
défoulement	NOUN:2
défouler	VERB:2
défouloir	NOUN:2
défrayer	VERB:1
défrichage	NOUN:1
défrichement	NOUN:2
défricher	VERB:2
défroqué	ADJ:1
défunt	ADJ:3	NOUN:1
défécation	NOUN:1
déféquer	VERB:1
déférence	NOUN:1
déférer	VERB:3
dégagement	NOUN:5
dégager	VERB:8
dégaine	NOUN:2
dégainer	VERB:4
dégarni	ADJ:1
dégazage	NOUN:2
dégel	NOUN:2
dégeler	VERB:1
dégeu	ADJ:1
dégivrage	NOUN:2
déglinguer	VERB:2
déglingué	ADJ:1
déglutition	NOUN:1
dégommer	VERB:5
dégonfler	VERB:3
dégonflé	ADJ:2
dégorger	VERB:1
dégoter	VERB:1
dégoulinant	ADJ:2
dégourdi	ADJ:1
dégourdir	VERB:2
dégoût	NOUN:1
dégoûtant	ADJ:1
dégoûter	VERB:1
dégradant	ADJ:1
dégradation	NOUN:7
dégrader	VERB:3
dégraissage	NOUN:2
dégraisser	VERB:2
dégressif	ADJ:1
dégringolade	NOUN:1
dégringoler	VERB:3
dégroupage	NOUN:1
dégrèvement	NOUN:2
déguerpir	VERB:2
dégueu	ADJ:1
dégueulasse	ADJ:2
dégueuler	VERB:1
déguisement	NOUN:3
déguiser	VERB:3
dégustation	NOUN:1
déguster	VERB:4
dégât	NOUN:1
dégénérer	VERB:2
dégénérescence	NOUN:1
dégénéré	ADJ:1	NOUN:1
déhancher	VERB:1
déhanché	NOUN:4	ADJ:1
déiste	ADJ:1
déité	NOUN:1
déjanté	ADJ:2
déjeuner	VERB:2	NOUN:2
déjeûner	VERB:2
déjouer	VERB:1
déjà	ADV:3
délabrement	NOUN:1
délabré	ADJ:1
délai	NOUN:2
délaissement	NOUN:1
délaisser	VERB:2
délateur	NOUN:1
délation	NOUN:1
délavé	ADJ:1
délayer	VERB:3
délectable	ADJ:1
délectation	NOUN:1
délecter	VERB:2
délestage	NOUN:2
délester	VERB:6
délibérant	ADJ:1
délibération	NOUN:3
délibérer	VERB:2
délibéré	ADJ:1
délibérément	ADV:1
délicat	ADJ:4
délicatement	ADV:1
délicatesse	NOUN:1
délice	NOUN:1
délicieusement	ADV:1
délicieux	ADJ:2
délictueux	ADJ:1
délier	VERB:1
délimitation	NOUN:2
délimiter	VERB:2
délinquance	NOUN:1
délinquant	NOUN:1
déliquescence	NOUN:2
délirant	ADJ:2
délire	NOUN:2
délirer	VERB:2
délit	NOUN:2
délitement	NOUN:1
délivrance	NOUN:2
délivrer	VERB:3
délié	ADJ:2	NOUN:1
délocalisation	NOUN:3
délocaliser	VERB:2
délocalisé	ADJ:3
déloger	VERB:3
déloyal	ADJ:2
déloyauté	NOUN:1
déluge	NOUN:3
délégataire	NOUN:1
délégation	NOUN:2
délégitimer	VERB:1
déléguer	VERB:3
délégué	NOUN:1
délétère	ADJ:2
démagogie	NOUN:2
démagogique	ADJ:1
démagogue	NOUN:1	ADJ:1
démangeaison	NOUN:1
démanteler	VERB:1
démantèlement	NOUN:1
démaquillage	NOUN:1
démaquillant	ADJ:1	NOUN:1
démaquiller	VERB:1
démarcation	NOUN:2
démarchage	NOUN:2
démarche	NOUN:3
démarcher	VERB:2
démarquer	VERB:7
démarqué	ADJ:1
démarrage	NOUN:3
démarrer	VERB:6
démarreur	NOUN:1
démasquer	VERB:2
dématérialisation	NOUN:1
démembrement	NOUN:1
démembrer	VERB:2
démence	NOUN:1
démener	VERB:1
démenti	NOUN:1
démentiel	NOUN:1
démentir	VERB:3
démerder	VERB:2
démesure	NOUN:1
démesuré	ADJ:1
démesurément	ADV:1
démettre	VERB:4
démilitarisation	NOUN:1
déminage	NOUN:1
démineur	NOUN:2
démission	NOUN:2
démissionnaire	NOUN:1	ADJ:1
démissionner	VERB:2
démiurge	NOUN:1
démo	NOUN:1
démobilisation	NOUN:1
démocrate	NOUN:1	ADJ:1
démocratie	NOUN:1
démocratique	ADJ:1
démocratiquement	ADV:1
démocratisation	NOUN:1
démocratiser	VERB:1
démocrite	PROPN:1
démodé	ADJ:1
démographe	NOUN:1
démographie	NOUN:1
démographique	ADJ:1
démographiquement	ADV:1
démolir	VERB:3
démolisseur	ADJ:1	NOUN:1
démolition	NOUN:1
démon	NOUN:2
démoniaque	ADJ:1
démonstrateur	NOUN:1
démonstratif	ADJ:1
démonstration	NOUN:1
démontable	ADJ:1
démontage	NOUN:1
démonter	VERB:4
démontrable	ADJ:1
démontrer	VERB:1
démoralisant	ADJ:1
démoraliser	VERB:2
démoralisé	ADJ:1
démosthène	PROPN:1
démotivation	NOUN:1
démotiver	VERB:1
démultiplication	NOUN:2
démultiplier	VERB:2
démystifier	VERB:1
déménagement	NOUN:1
déménager	VERB:5
déménageur	NOUN:1
déméter	PROPN:1
démétrius	PROPN:1
démêler	VERB:2
dénaturation	NOUN:1
dénaturer	VERB:2
dénaturé	ADJ:2
déneigement	NOUN:1
déneiger	VERB:1
déni	NOUN:1
dénicher	VERB:3
dénier	VERB:1
dénigrant	ADJ:1
dénigrement	NOUN:1
dénigrer	VERB:1
dénivellation	NOUN:3
dénombrable	ADJ:1
dénombrement	NOUN:2
dénombrer	VERB:1
dénominateur	ADJ:1	NOUN:1
dénomination	NOUN:1
dénommer	VERB:1
dénoncer	VERB:4
dénonciateur	ADJ:1	NOUN:1
dénonciation	NOUN:1
dénouement	NOUN:3
dénouer	VERB:2
dénuder	VERB:2
dénuement	NOUN:1
dénutrition	NOUN:1
dénué	ADJ:1
dénégation	NOUN:2
déo	NOUN:1
déodorant	NOUN:1	ADJ:1
déontologie	NOUN:2
déontologique	ADJ:1
dép	NOUN:2
dépannage	NOUN:1
dépanner	VERB:3
dépanneur	NOUN:2
dépanneuse	NOUN:1
départ	NOUN:1
départager	VERB:5
département	NOUN:2
départemental	ADJ:1
départementalisation	NOUN:1
départir	VERB:3
dépassement	NOUN:4
dépasser	VERB:3
dépaysement	NOUN:2
dépayser	VERB:4
dépaysé	ADJ:1
dépecer	VERB:5
dépeindre	VERB:2
dépendamment	ADV:1
dépendance	NOUN:4
dépendre	VERB:7
dépens	NOUN:2
dépense	NOUN:3
dépenser	VERB:1
dépensier	ADJ:1	NOUN:1
déperdition	NOUN:1
dépersonnalisation	NOUN:1
dépeuplement	NOUN:1
dépeçage	NOUN:5
déphasage	NOUN:1
dépistage	NOUN:2
dépister	VERB:4
dépit	NOUN:1
dépité	ADJ:1
déplacement	NOUN:4
déplacer	VERB:3
déplaire	VERB:2
déplaisant	ADJ:1
déplaisir	NOUN:1
dépliant	ADJ:1	NOUN:1
déplier	VERB:1
déploiement	NOUN:1
déplorable	ADJ:1
déplorer	VERB:1
déployer	VERB:2
dépoli	ADJ:1
dépolitisation	NOUN:1
dépolluer	VERB:1
dépollution	NOUN:1
dépopulation	NOUN:1
déportation	NOUN:2
déporter	VERB:5
déposant	NOUN:2
déposer	VERB:6
dépositaire	NOUN:1
déposition	NOUN:1
dépossession	NOUN:1
déposséder	VERB:1
dépotoir	NOUN:1
dépouille	NOUN:4
dépouillement	NOUN:8
dépouiller	VERB:6
dépourvu	ADJ:1	NOUN:1
dépoussiérage	NOUN:2
dépoussiérer	VERB:2
dépravation	NOUN:1
dépravé	ADJ:1
dépresseur	NOUN:1
dépressif	ADJ:1
dépression	NOUN:4
dépressurisation	NOUN:1
déprimant	ADJ:2
déprimer	VERB:2
déprimé	ADJ:1
déprogrammation	NOUN:1
déprogrammer	VERB:1
dépréciation	NOUN:1
déprécier	VERB:2
dépucelage	NOUN:2
dépuceler	VERB:2
députation	NOUN:2
député	NOUN:2
dépénalisation	NOUN:1
dépénaliser	VERB:1
dépérir	VERB:1
dépérissement	NOUN:2
dépêche	NOUN:2
dépêcher	VERB:2
dépêtrer	VERB:1
dépôt	NOUN:8
déracinement	NOUN:2
déraciner	VERB:2
déraillement	NOUN:1
dérailler	VERB:2
dérailleur	NOUN:1
déraison	NOUN:1
déraisonnable	ADJ:1
dérangeant	ADJ:2
dérangement	NOUN:1
déranger	VERB:2
dérangé	ADJ:1
dérapage	NOUN:1
déraper	VERB:3
dératisation	NOUN:1
dérider	VERB:2
dérision	NOUN:1
dérisoire	ADJ:2
dérivation	NOUN:2
dérive	NOUN:4
dériver	VERB:6
dériveur	NOUN:1
dérivée	NOUN:2
dérober	VERB:8
dérobé	ADJ:1
dérogation	NOUN:2
dérogatoire	ADJ:1
déroger	VERB:2
dérouiller	VERB:4
déroulement	NOUN:1
dérouler	VERB:3
déroutant	ADJ:2
déroute	NOUN:1
dérouter	VERB:3
dérèglement	NOUN:1
déréglementation	NOUN:1
dérégler	VERB:3
déréglé	ADJ:2
dérégulation	NOUN:1
désabonnement	NOUN:1
désabonner	VERB:1
désaccord	NOUN:1
désacralisation	NOUN:1
désactivation	NOUN:1
désactiver	VERB:2
désaffection	NOUN:1
désagréable	ADJ:1
désagréablement	ADV:1
désagrégation	NOUN:1
désagréger	VERB:1
désagrément	NOUN:2
désaltérer	VERB:1
désamorcer	VERB:2
désamour	NOUN:1
désapprobation	NOUN:1
désapprouver	VERB:1
désarmant	ADJ:1
désarmement	NOUN:1
désarmer	VERB:1
désarroi	NOUN:2
désastre	NOUN:2
désastreux	ADJ:1
désavantage	NOUN:1
désavantageux	ADJ:1
désaveu	NOUN:1
désavouer	VERB:4
désemparé	ADJ:2
désenchantement	NOUN:1
désenchanté	ADJ:1
désenclavement	NOUN:1
désenclaver	VERB:1
désendettement	NOUN:1
désengagement	NOUN:1
désengager	VERB:1
désengorger	VERB:1
désensibilisation	NOUN:1
désert	NOUN:1	ADJ:1
déserter	VERB:2
déserteur	NOUN:1
désertification	NOUN:1
désertion	NOUN:1
désertique	ADJ:2
désescalade	NOUN:1
désespoir	NOUN:1
désespérance	NOUN:1
désespérant	ADJ:3
désespérer	VERB:1
désespérément	ADV:1
déshabillage	NOUN:1
déshabiller	VERB:2
déshabillé	ADJ:1	NOUN:1
désherbage	NOUN:1
désherbant	ADJ:1
désherber	VERB:1
déshonneur	NOUN:1
déshonorant	ADJ:2
déshonorer	VERB:1
déshumanisation	NOUN:1
déshydratation	NOUN:1
déshydrater	VERB:1
déshydraté	ADJ:1
déshérence	NOUN:1
déshériter	VERB:2
déshérité	ADJ:2
désignation	NOUN:3
désigner	VERB:3
désillusion	NOUN:1
désincarné	ADJ:1
désindustrialisation	NOUN:1
désinence	NOUN:1
désinfectant	ADJ:1	NOUN:1
désinfecter	VERB:1
désinfection	NOUN:1
désinformation	NOUN:1
désinformer	VERB:1
désinscrire	VERB:1
désinstaller	VERB:1
désintox	NOUN:1
désintoxication	NOUN:2
désintégration	NOUN:1
désintégrer	VERB:1
désintégré	ADJ:1
désintéressement	NOUN:2
désintéresser	VERB:2
désintéressé	ADJ:2
désintérêt	NOUN:1
désinvolte	ADJ:2
désinvolture	NOUN:1
désir	NOUN:1
désirable	ADJ:1
désirer	VERB:1
désireux	ADJ:1
désiré	PROPN:1
désirée	PROPN:1
désistement	NOUN:2
désister	VERB:1
déso	INTJ:1
désobligeant	ADJ:1
désobéir	VERB:2
désobéissance	NOUN:1
désobéissant	ADJ:1
désolant	ADJ:2
désolation	NOUN:1
désoler	VERB:2
désolidariser	VERB:2
désolé	ADJ:2	INTJ:1
désopilant	ADJ:1
désordonné	ADJ:1
désordre	NOUN:2
désorganisation	NOUN:1
désorganiser	VERB:1
désorganisé	ADJ:1
désorientation	NOUN:2
désorienter	VERB:2
désormais	ADV:1
désosser	VERB:2
déstabilisant	ADJ:1
déstabilisation	NOUN:1
déstabiliser	VERB:1
déstockage	NOUN:1
déstresser	VERB:2
déstructuration	NOUN:1
désuet	ADJ:2
désunion	NOUN:1
désuétude	NOUN:1
déséquilibre	NOUN:1
déséquilibrer	VERB:1
déséquilibré	ADJ:1	NOUN:1
détachable	ADJ:1
détachement	NOUN:1
détacher	VERB:4
détail	NOUN:1
détailler	VERB:2
détartrage	NOUN:1
détectable	ADJ:1
détecter	VERB:2
détecteur	NOUN:1
détection	NOUN:1
détective	NOUN:1
détendeur	NOUN:1
détendre	VERB:4
détendu	ADJ:2
détenir	VERB:2
détente	NOUN:4
détenteur	NOUN:2
détention	NOUN:2
déter	ADJ:1
détergent	ADJ:1
déterminant	ADJ:1	NOUN:2
détermination	NOUN:1
déterminer	VERB:1
déterminisme	NOUN:1
déterministe	ADJ:1	NOUN:1
déterrer	VERB:2
détestable	ADJ:2
détestation	NOUN:1
détester	VERB:1
détonant	VERB:1
détonateur	NOUN:1
détonation	NOUN:1
détour	NOUN:3
détournement	NOUN:5
détourner	VERB:6
détracteur	NOUN:1
détraqué	ADJ:2
détrempe	NOUN:2
détrempé	ADJ:2
détresse	NOUN:1
détricoter	VERB:2
détriment	NOUN:1
détritus	NOUN:2
détroit	NOUN:1	PROPN:2
détruire	VERB:3
détrôner	VERB:1
détrôné	ADJ:1
détérioration	NOUN:1
détériorer	VERB:1
dévaler	VERB:1
dévaliser	VERB:1
dévalorisation	NOUN:1
dévaloriser	VERB:1
dévaluation	NOUN:1
dévaluer	VERB:1
dévastateur	ADJ:1	NOUN:1
dévastation	NOUN:1
dévaster	VERB:2
dévasté	ADJ:1
développement	NOUN:2
développer	VERB:3
développeur	NOUN:1
déverrouillage	NOUN:1
déverrouiller	VERB:1
déversement	NOUN:1
déverser	VERB:2
déversoir	NOUN:1
déviance	NOUN:2
déviant	ADJ:1
déviation	NOUN:2
dévier	VERB:3
dévisager	VERB:1
dévisser	VERB:4
dévoiement	NOUN:3
dévoiler	VERB:4
dévolu	ADJ:2
dévolution	NOUN:1
dévonien	ADJ:1
dévorant	ADJ:1
dévorer	VERB:1
dévoreur	NOUN:1	ADJ:1
dévot	ADJ:1
dévotion	NOUN:2
dévouement	NOUN:2
dévouer	VERB:1
dévoué	ADJ:1
dévoyé	ADJ:1	NOUN:1
dévêtir	VERB:1
dézinguer	VERB:4
dîme	NOUN:1
dîn	NOUN:2
dînatoire	ADJ:1
dîner	VERB:1	NOUN:2
dôme	NOUN:2
dûment	ADV:2
e-mail	NOUN:1
eagle	NOUN:1
eau	NOUN:5
eau-forte	NOUN:2
ebe	NOUN:1
ecchymose	NOUN:1
ecclésial	ADJ:1
ecclésiaste	PROPN:1
ecclésiastique	ADJ:1
ecossais	NOUN:3
ecosse	PROPN:1
ectoplasme	NOUN:1
ecu	NOUN:1
eczéma	NOUN:1
ed	NOUN:1
edelweiss	NOUN:1
edgar	PROPN:1
edmond	PROPN:1
edmonton	PROPN:1
edmundston	PROPN:1
edmée	PROPN:1
edouard	PROPN:1
edp	NOUN:1
edwige	PROPN:1
eee	PROPN:1
effacement	NOUN:1
effacer	VERB:2
effaceur	NOUN:1
effarant	ADJ:1
effarement	NOUN:2
effaroucher	VERB:3
effectif	NOUN:2	ADJ:1
effectivement	ADV:2
effectuer	VERB:8
effervescence	NOUN:1
effervescent	ADJ:1
effet	NOUN:2
effeuillage	NOUN:1
efficace	ADJ:2
efficacement	ADV:1
efficacité	NOUN:2
efficience	NOUN:1
efficient	ADJ:2
effigie	NOUN:2
effilé	ADJ:2
effleurer	VERB:3
effondrement	NOUN:1
effondrer	VERB:1
efforcer	VERB:1
effort	NOUN:1
effraction	NOUN:3
effraie	NOUN:1
effrayant	ADJ:1
effrayer	VERB:1
effritement	NOUN:1
effriter	VERB:2
effroi	NOUN:1
effronterie	NOUN:1
effronté	ADJ:1
effrontément	ADV:1
effroyable	ADJ:1
effroyablement	ADV:1
effréné	ADJ:1
effusion	NOUN:1
efféminé	ADJ:1
egbert	PROPN:1
ego	NOUN:1
egypte	PROPN:1
egyptien	NOUN:2
egée	PROPN:1
eh	INTJ:1
ehpad	NOUN:1
ei	PROPN:1
eiffel	PROPN:1
eiil	PROPN:1
eine	DET:1	NUM:1
eisenberg	PROPN:1
eisenstein	PROPN:1
elbe	PROPN:2
eldorado	NOUN:1	PROPN:2
electro	NOUN:1
elfe	NOUN:2
elfique	ADJ:1	NOUN:1
elle	PRON:3
elles	PRON:2
ellipse	NOUN:2
ellipsoïde	ADJ:1
elliptique	ADJ:2
elne	PROPN:1
elysée	PROPN:3
email	NOUN:1
emballage	NOUN:2
emballement	NOUN:1
emballer	VERB:7
emballé	ADJ:1
embarcadère	NOUN:1
embarcation	NOUN:3
embardée	NOUN:1
embargo	NOUN:1
embarquement	NOUN:2
embarquer	VERB:3
embarras	NOUN:3
embarrassant	ADJ:1
embarrasser	VERB:2
embarrassé	ADJ:1
embaucher	VERB:1
embaumement	NOUN:1
embaumer	VERB:2
embellie	NOUN:2
embellir	VERB:2
embellissement	NOUN:1
emblème	NOUN:1
emblématique	ADJ:1
embobiner	VERB:3
embolie	NOUN:1
embonpoint	NOUN:1
embouchure	NOUN:4
embourber	VERB:2
embourgeoisement	NOUN:2
embout	NOUN:2
embouteillage	NOUN:3
emboutissage	NOUN:1
emboîtant	ADJ:1
emboîtement	NOUN:1
emboîter	VERB:3
embranchement	NOUN:2
embrasement	NOUN:1
embraser	VERB:2
embrassant	VERB:2
embrasser	VERB:2
embrassé	ADJ:1
embrasure	NOUN:1
embrayage	NOUN:2
embrayer	VERB:3
embrigadement	NOUN:1
embrigader	VERB:1
embrouille	NOUN:1
embrouiller	VERB:4
embrumé	ADJ:2
embrun	NOUN:1	PROPN:1
embryologie	NOUN:1
embryon	NOUN:2
embryonnaire	ADJ:1
embuscade	NOUN:1
embêtant	ADJ:1
embêter	VERB:2
emma	PROPN:1
emmagasiner	VERB:2
emmagasiné	ADJ:1
emmanuel	PROPN:2
emmanuelle	PROPN:1
emmaüs	PROPN:1
emmener	VERB:2
emmental	NOUN:1
emmerdant	ADJ:1
emmerde	NOUN:1
emmerder	VERB:4
emmerdeur	NOUN:1
emmy	PROPN:1
emménagement	NOUN:2
emménager	VERB:1
emmêler	VERB:1
emoji	NOUN:1
empaillé	ADJ:1
empaler	VERB:1
emparer	VERB:2
empathie	NOUN:1
empathique	ADJ:1
empattement	NOUN:2
empennage	NOUN:2
empereur	NOUN:2
emphase	NOUN:1
emphatique	ADJ:3
emphysème	NOUN:1
emphytéotique	ADJ:1
empiffrer	VERB:1
empilement	NOUN:2
empiler	VERB:1
empilé	ADJ:1
empire	NOUN:2
empirer	VERB:1
empirique	ADJ:1	NOUN:1
empiriquement	ADV:1
empirisme	NOUN:1
empiètement	NOUN:2
empiéter	VERB:1
emplacement	NOUN:1
empli	ADJ:1
emplir	VERB:1
emploi	NOUN:4
employabilité	NOUN:1
employer	VERB:5
employeur	NOUN:1
empocher	VERB:2
empoigner	VERB:1
empoisonnement	NOUN:1
empoisonner	VERB:1
empoisonneur	NOUN:1
emport	NOUN:1
emportement	NOUN:1
emporter	VERB:5
empreint	ADJ:1
empreinte	NOUN:1
empressement	NOUN:2
empresser	VERB:2
emprise	NOUN:2
emprisonnement	NOUN:1
emprisonner	VERB:1
emprunt	NOUN:2
emprunter	VERB:2
emprunteur	NOUN:1
empédocle	PROPN:1
empêchement	NOUN:1
empêcher	VERB:2
empêtré	ADJ:2
en	ADP:6	PRON:2
en-cas	NOUN:1
encadrant	ADJ:2	NOUN:1
encadrement	NOUN:5
encadrer	VERB:4
encaissement	NOUN:2
encaisser	VERB:4
encan	NOUN:1
encapsulation	NOUN:1
encart	NOUN:1
encas	NOUN:1
encastrable	ADJ:1
encastrement	NOUN:2
encastrer	VERB:2
encastré	ADJ:1
encausse	PROPN:3
enceinte	NOUN:3
encens	NOUN:1
encenser	VERB:2
encensoir	NOUN:1
encerclement	NOUN:1
encercler	VERB:3
enchantement	NOUN:1
enchanter	VERB:1
enchanteresse	NOUN:2
enchanteur	ADJ:1	NOUN:1
enchaînement	NOUN:3
enchaîner	VERB:3
enchevêtrement	NOUN:2
enchère	NOUN:1
enchérir	VERB:3
enchérisseur	NOUN:1
enclave	NOUN:2
enclavement	NOUN:1
enclenchement	NOUN:2
enclencher	VERB:1
enclin	ADJ:1
enclos	NOUN:1
enclume	NOUN:2
encoche	NOUN:2
encodage	NOUN:1
encoder	VERB:1
encolure	NOUN:1
encombrant	ADJ:1
encombre	NOUN:1
encombrement	NOUN:3
encombrer	VERB:3
encor	ADV:5
encorbellement	NOUN:1
encore	ADV:5
encourageant	ADJ:1
encouragement	NOUN:1
encourager	VERB:4
encourir	VERB:2
encrage	NOUN:1
encre	NOUN:1
encreur	ADJ:1
encrier	NOUN:1
enculer	VERB:4
enculeur	NOUN:3
enculé	NOUN:3
encyclique	ADJ:1
encyclopédie	NOUN:1
encyclopédique	ADJ:1
encéphale	NOUN:1
encéphalique	ADJ:1
encéphalite	NOUN:1
encéphalopathie	NOUN:1
endettement	NOUN:1
endetter	VERB:2
endetté	ADJ:1
endiablé	ADJ:2
endiguement	NOUN:1
endiguer	VERB:1
endive	NOUN:1
endocardite	NOUN:1
endocrinien	ADJ:1
endocrinologie	NOUN:1
endocrinologue	NOUN:1
endoctrinement	NOUN:1
endoctriner	VERB:2
endogamie	NOUN:1
endogène	ADJ:1
endolori	ADJ:1
endommagement	NOUN:1
endommager	VERB:1
endomètre	NOUN:1
endométriose	NOUN:1
endormant	ADJ:1
endormi	ADJ:1
endormir	VERB:2
endormissement	NOUN:1
endoscopie	NOUN:1
endoscopique	ADJ:1
endosser	VERB:5
endroit	NOUN:1
enduire	VERB:3
enduit	ADJ:1	NOUN:3
endurance	NOUN:1
endurant	ADJ:1
endurci	ADJ:1
endurcir	VERB:2
endurer	VERB:1
enduro	NOUN:1
endémique	ADJ:1
enfance	NOUN:1
enfant	NOUN:3
enfantement	NOUN:1
enfanter	VERB:4
enfantin	ADJ:2
enfer	NOUN:2
enfermement	NOUN:1
enfermer	VERB:3
enfilade	NOUN:4
enfiler	VERB:4
enfin	ADV:4	INTJ:1
enflammer	VERB:3
enfle	ADJ:1
enfler	VERB:4
enflure	NOUN:2
enflé	ADJ:1
enfoiré	NOUN:1
enfoncement	NOUN:5
enfoncer	VERB:7
enfoncé	ADJ:1
enfouir	VERB:2
enfouissement	NOUN:2
enfourcher	VERB:1
enfourner	VERB:1
enfreindre	VERB:1
enfreinte	NOUN:1
enfuir	VERB:2
enfumer	VERB:2
enfumé	ADJ:2
engageant	ADJ:1
engagement	NOUN:2
engager	VERB:7
engeance	NOUN:4
engendrer	VERB:1
engin	NOUN:8
englobant	ADJ:1
englober	VERB:1
engloutir	VERB:2
engorgement	NOUN:2
engouement	NOUN:2
engouffrer	VERB:3
engourdi	ADJ:1
engourdissement	NOUN:1
engrais	NOUN:1
engraissement	NOUN:1
engraisser	VERB:1
engranger	VERB:5
engrenage	NOUN:2
engrosser	VERB:1
engueulade	NOUN:2
engueuler	VERB:2
enivrant	ADJ:1
enivrer	VERB:2
enjamber	VERB:4
enjeu	NOUN:2
enjoindre	VERB:1
enjoliver	VERB:1
enjoué	ADJ:1
enlacer	VERB:2
enlever	VERB:5
enlisement	NOUN:2
enliser	VERB:4
enlumineur	NOUN:1
enluminure	NOUN:2
enluminé	ADJ:4
enlèvement	NOUN:3
enneigement	NOUN:2
enneigé	ADJ:1
ennemi	ADJ:1
ennui	NOUN:2
ennuyant	ADJ:2
ennuyer	VERB:5
ennuyeux	ADJ:2
ennuyé	ADJ:3
enorgueillir	VERB:2
enquiquiner	VERB:1
enquérir	VERB:1
enquête	NOUN:2
enquêter	VERB:2
enquêteur	NOUN:1
enracinement	NOUN:1
enraciner	VERB:4
enraciné	ADJ:1
enrager	VERB:3
enrayer	VERB:3
enregistrement	NOUN:4
enregistrer	VERB:6
enregistreur	ADJ:1	NOUN:1
enrhumer	VERB:1
enrhumé	ADJ:1
enrichir	VERB:1
enrichissant	ADJ:1
enrichissement	NOUN:1
enrobage	NOUN:1
enrober	VERB:1
enrochement	NOUN:1
enroulement	NOUN:1
enrouler	VERB:3
enrôlement	NOUN:2
enrôler	VERB:1
ens	NOUN:1
ensablement	NOUN:1
ensanglanté	ADJ:1
enseignant	NOUN:1	ADJ:1
enseignement	NOUN:1
enseigner	VERB:2
ensemble	ADV:1	NOUN:4
ensemencement	NOUN:1
ensemencer	VERB:1
ensevelir	VERB:4
ensevelissement	NOUN:1
ensilage	NOUN:1
ensoleillement	NOUN:2
ensoleillé	ADJ:1
ensorceler	VERB:2
ensuite	ADV:1
entablement	NOUN:1
entacher	VERB:3
entaille	NOUN:1
entailler	VERB:1
entamer	VERB:5
entassement	NOUN:2
entasser	VERB:2
entendement	NOUN:2
entendeur	NOUN:1
entendre	VERB:8
entente	NOUN:2
enter	VERB:2
enterrement	NOUN:2
enterrer	VERB:7
enthalpie	NOUN:1
enthousiasme	NOUN:1
enthousiasmer	VERB:2
enthousiasmé	ADJ:1
enthousiaste	ADJ:3	NOUN:2
entiché	ADJ:1
entier	ADJ:4	NOUN:1
entité	NOUN:1
entièrement	ADV:1
entomologie	NOUN:1
entomologique	ADJ:1
entomologiste	NOUN:1
entonner	VERB:2
entonnoir	NOUN:1
entorse	NOUN:2
entour	NOUN:3
entourage	NOUN:2
entourer	VERB:1
entourloupe	NOUN:1
entracte	NOUN:2
entraide	NOUN:1
entraider	VERB:1
entrailles	NOUN:3
entrain	NOUN:1
entrainant	VERB:1
entrainer	VERB:1
entrave	NOUN:3
entraver	VERB:3
entraînement	NOUN:1
entraîner	VERB:5
entraîneur	NOUN:1
entraîneuse	NOUN:1
entre	ADP:2
entre-deux-guerres	NOUN:1
entre-temps	ADV:1
entrecôte	NOUN:1
entregent	NOUN:2
entrejambe	NOUN:1
entrelacement	NOUN:3
entrelacs	NOUN:1	PROPN:1
entremets	NOUN:1
entremetteur	NOUN:1	ADJ:1
entremise	NOUN:1
entremont	PROPN:1
entreposage	NOUN:1
entreposer	VERB:1
entreprenant	ADJ:2
entreprenariat	NOUN:1
entreprendre	VERB:1
entrepreneur	NOUN:1
entrepreneurial	ADJ:1
entrepreneuriat	NOUN:1
entreprise	NOUN:2
entrepôt	NOUN:1
entrer	VERB:1
entresol	NOUN:1
entretemps	ADV:2	NOUN:1
entretenir	VERB:5
entretien	NOUN:3
entretuer	VERB:1
entrevoir	VERB:3
entrevu	ADJ:1
entrevue	NOUN:1
entrisme	NOUN:1
entropie	NOUN:1
entrouvert	ADJ:1
entrée	NOUN:6
entuber	VERB:1
entériner	VERB:1
entérite	NOUN:1
entérologie	NOUN:1
entêtement	NOUN:1
entêter	VERB:2
entêté	ADJ:1
envahir	VERB:3
envahissement	NOUN:2
envahisseur	NOUN:1
enveloppant	ADJ:1
enveloppe	NOUN:3
enveloppement	NOUN:1
envelopper	VERB:2
envenimer	VERB:2
envergure	NOUN:2
envers	ADP:2	NOUN:6
enviable	ADJ:1
envie	NOUN:5
envier	VERB:1
envieux	ADJ:1
environ	ADV:1	NOUN:1
environnant	ADJ:1
environnement	NOUN:2
environnemental	ADJ:1
environnementaliste	NOUN:1
environs	NOUN:1
envisageable	ADJ:2
envisager	VERB:2
envoi	NOUN:4
envol	NOUN:2
envoler	VERB:4
envolée	NOUN:3
envoye	NOUN:1	INTJ:1
envoyer	VERB:2
envoyeur	NOUN:2
envoûtant	ADJ:1
envoûtement	NOUN:1
envoûter	VERB:2
enzo	PROPN:1
enzymatique	ADJ:1
enzyme	NOUN:1
eo	NOUN:1
epernay	PROPN:1
ephraïm	PROPN:2
eps	NOUN:1
epsilon	NOUN:1
equateur	PROPN:1
erdogan	PROPN:2
erdre	PROPN:1
erevan	PROPN:1
erg	NOUN:2
ergonomie	NOUN:2
ergonomique	ADJ:1
ergot	NOUN:2
ergothérapeute	NOUN:1
ergothérapie	NOUN:1
erica	PROPN:1
erika	PROPN:1
ermitage	NOUN:2
ermite	NOUN:1
ernest	PROPN:1
ernestine	PROPN:1	ADJ:1
errance	NOUN:1
errant	ADJ:2
erratique	ADJ:2
erratum	NOUN:1
errements	NOUN:1
errer	VERB:1
erreur	NOUN:6
erroné	ADJ:1
erronément	ADV:1
ers	NOUN:2
ersatz	NOUN:1
erwan	PROPN:1
erythrée	PROPN:2
esb	NOUN:1
esbroufe	NOUN:1
escabeau	NOUN:2
escadre	NOUN:1
escadrille	NOUN:2
escadron	NOUN:1
escalade	NOUN:2
escalader	VERB:2
escalator	NOUN:1
escale	NOUN:2
escalier	NOUN:2
escalope	NOUN:1
escamotable	ADJ:1
escamoter	VERB:4
escapade	NOUN:1
escape	ADJ:1
escarcelle	NOUN:1
escargot	NOUN:2
escarmouche	NOUN:2
escarpement	NOUN:3
escarpé	ADJ:1
escaut	PROPN:1
eschatologie	NOUN:1
eschatologique	ADJ:1
escher	VERB:1
eschyle	PROPN:1
escient	NOUN:1
esclandre	NOUN:1
esclavage	NOUN:1
esclavagisme	NOUN:1
esclavagiste	ADJ:1	NOUN:2
esclave	NOUN:1	PROPN:1
escoffier	VERB:1
escompte	NOUN:1
escompter	VERB:2
escorte	NOUN:1
escorter	VERB:2
escouade	NOUN:1
escrime	NOUN:1
escrimeur	NOUN:1
escroc	NOUN:2
escroquer	VERB:1
escroquerie	NOUN:3
esculape	PROPN:1	NOUN:1
esdras	PROPN:2
eskimo	NOUN:1	ADJ:1
espace	NOUN:1
espacement	NOUN:1
espacer	VERB:1
espacé	ADJ:1
espada	NOUN:1
espadon	NOUN:2
espagne	PROPN:1
espagnol	ADJ:1	NOUN:2
espelette	PROPN:1
espion	NOUN:1
espionnage	NOUN:1
espionner	VERB:1
espiègle	NOUN:1	ADJ:3
espièglerie	NOUN:1
esplanade	NOUN:1
espoir	NOUN:5
esposito	PROPN:1
esprit	NOUN:8
espèce	NOUN:3
espérance	NOUN:2
espéranto	NOUN:1
espérer	VERB:4
esque	NOUN:1
esquimau	NOUN:4	ADJ:1
esquire	NOUN:1
esquisse	NOUN:2
esquisser	VERB:2
esquive	NOUN:1
esquiver	VERB:4
essai	NOUN:4
essaim	NOUN:1
essaimage	NOUN:2
essaimer	VERB:2
essayage	NOUN:1
essayer	VERB:3
essayeur	NOUN:2
essayiste	NOUN:1
essence	NOUN:3
essentialisme	NOUN:1
essentiel	ADJ:1	NOUN:1
essentiellement	ADV:1
esseulé	ADJ:1
essieu	NOUN:1
essonne	PROPN:2
essor	NOUN:2
essorage	NOUN:2
essorer	VERB:2
essoufflement	NOUN:2
essouffler	VERB:3
essoufflé	ADJ:1
essuyer	VERB:2
est-allemand	ADJ:1
establishment	PROPN:1
estacade	NOUN:2
estafette	NOUN:2
estaminet	NOUN:2
estampage	NOUN:1
estampe	NOUN:1
estampille	NOUN:2
estelle	PROPN:1
ester	VERB:2	NOUN:1
esther	PROPN:3
esthète	NOUN:1
esthétique	ADJ:1	NOUN:1
esthétiquement	ADV:1
esthétisme	NOUN:1
esti	NOUN:1
estienne	PROPN:1
estimable	ADJ:2
estimateur	NOUN:1
estimatif	ADJ:1
estimation	NOUN:1
estimer	VERB:3
estival	ADJ:1
estoc	NOUN:3
estocade	NOUN:3
estomac	NOUN:1
estomaqué	ADJ:1
estompe	NOUN:1
estomper	VERB:4
estompé	ADJ:1
estonie	PROPN:1
estonien	NOUN:2	ADJ:1
estrade	NOUN:1
estragon	NOUN:2
estran	NOUN:1
estre	VERB:4
estrie	PROPN:1
estropié	ADJ:1	NOUN:1
estuaire	NOUN:1
esturgeon	NOUN:1
estée	PROPN:1
et	CCONJ:1
etat	NOUN:3
etats-unis	PROPN:1
ethiopie	PROPN:1
ethnicité	NOUN:1
ethnie	NOUN:1
ethnique	ADJ:1
ethniquement	ADV:1
ethnocentrisme	NOUN:1
ethnographie	NOUN:1
ethnographique	ADJ:1
ethnologie	NOUN:1
ethnologique	ADJ:1
ethnologue	NOUN:1
etienne	PROPN:2
etre	VERB:4
etterbeek	PROPN:1
eubée	PROPN:1
eucalyptus	NOUN:1
eucharistie	NOUN:1
eucharistique	ADJ:1
euclide	PROPN:3
euclidien	ADJ:1
eudes	PROPN:2
eugène	PROPN:1
eugénie	PROPN:1	NOUN:1
eugénisme	NOUN:1
euh	INTJ:1
eulalie	PROPN:1
eumène	PROPN:1
eunuque	NOUN:1
euphorbe	NOUN:1
euphorie	NOUN:1
euphorique	ADJ:1
euphrate	PROPN:1
euphémisme	NOUN:1
eurasiatique	ADJ:1
eurasie	PROPN:1
eure	PROPN:2
eure-et-loir	PROPN:1
euripide	PROPN:1
euro	NOUN:1
eurodéputé	NOUN:1
europe	PROPN:2
européen	ADJ:1	NOUN:1
européiste	ADJ:1
eurosceptique	ADJ:1
eurovision	PROPN:2	NOUN:1
eurêka	INTJ:1
eustache	PROPN:1
eusèbe	PROPN:1
euthanasie	NOUN:1
euthanasier	VERB:1
eux-mêmes	PRON:1
eve	PROPN:2
eveline	PROPN:1
evere	PROPN:1
ex	NOUN:1
ex-æquo	ADV:1
exacerbation	NOUN:1
exacerber	VERB:1
exact	ADJ:1
exactement	ADV:1
exactions	NOUN:1
exactitude	NOUN:1
exagération	NOUN:1
exagérer	VERB:2
exagérément	ADV:1
exaltant	ADJ:1
exaltation	NOUN:1
exalter	VERB:2
exam	NOUN:2
examen	NOUN:2
examinateur	NOUN:1
examiner	VERB:1
exarchopoulos	PROPN:1
exaspérant	ADJ:1
exaspération	NOUN:2
exaspérer	VERB:1
exaucer	VERB:1
excavation	NOUN:1
excellemment	ADV:1
excellence	NOUN:2	PROPN:1
excellent	ADJ:1
excellentissime	ADJ:1
exceller	VERB:1
excentricité	NOUN:3
excentrique	ADJ:3
exception	NOUN:2
exceptionnel	ADJ:2
exceptionnellement	ADV:1
excepté	ADP:1
excessif	ADJ:1
excessivement	ADV:1
exciser	VERB:1
excision	NOUN:1
excitant	ADJ:2	NOUN:1
excitation	NOUN:1
exciter	VERB:1
excité	ADJ:2
exclamation	NOUN:1
exclamer	VERB:1
exclure	VERB:2
exclusif	ADJ:1
exclusion	NOUN:1
exclusivement	ADV:1
exclusivité	NOUN:2
excommunication	NOUN:1
excommunier	VERB:1
excroissance	NOUN:1
excrément	NOUN:1
excrétion	NOUN:1
excursion	NOUN:2
excusable	ADJ:1
excuse	NOUN:1
excuser	VERB:1
excès	NOUN:1
excédant	ADJ:1
excédent	NOUN:1
excédentaire	ADJ:1
excéder	VERB:2
exemplaire	NOUN:3	ADJ:2
exemplarité	NOUN:1
exemple	NOUN:1
exempt	ADJ:1	NOUN:1
exempter	VERB:1
exemption	NOUN:1
exercer	VERB:3
exercice	NOUN:5
exergue	NOUN:3
exfiltrer	VERB:1
exhaustif	ADJ:1
exhaustivité	NOUN:1
exhiber	VERB:3
exhibition	NOUN:3
exhibitionnisme	NOUN:1
exhibitionniste	NOUN:1
exhortation	NOUN:1
exhorter	VERB:1
exhumation	NOUN:1
exhumer	VERB:1
exigeant	ADJ:1
exigence	NOUN:1
exiger	VERB:1
exigibilité	NOUN:1
exigible	ADJ:1
exigu	ADJ:1
exiguïté	NOUN:1
exil	NOUN:1
exiler	VERB:2
existant	ADJ:3
existence	NOUN:2
existentialisme	NOUN:1
existentialiste	ADJ:1
existentiel	ADJ:1
exister	VERB:1
exo	NOUN:1
exode	NOUN:1	PROPN:1
exogène	ADJ:1
exonération	NOUN:1
exonérer	VERB:1
exoplanète	NOUN:1
exorbitant	ADJ:2
exorciser	VERB:1
exorcisme	NOUN:1
exorciste	NOUN:1
exosquelette	NOUN:1
exotique	ADJ:1
exotisme	NOUN:1
expansif	ADJ:3
expansion	NOUN:1
expansionnisme	NOUN:1
expansionniste	ADJ:1
expatriation	NOUN:1
expatrier	VERB:2
expatrié	ADJ:1	NOUN:1
experimental	ADJ:1
expert	ADJ:1
expert-comptable	NOUN:1
expertise	NOUN:3
expertiser	VERB:1
expiation	NOUN:1
expiatoire	ADJ:1
expier	VERB:1
expirant	ADJ:1
expiration	NOUN:3
expirer	VERB:3
explicable	ADJ:1
explicatif	ADJ:2
explication	NOUN:1
explicit	NOUN:1
explicitation	NOUN:1
explicite	ADJ:1
explicitement	ADV:1
expliciter	VERB:1
expliquer	VERB:1
exploit	NOUN:1
exploitable	ADJ:1
exploitant	ADJ:2	NOUN:1
exploitation	NOUN:2
exploiter	VERB:2
exploiteur	NOUN:1
explorateur	NOUN:1
exploration	NOUN:1
exploratoire	ADJ:1
explorer	VERB:1
exploser	VERB:2
explosif	ADJ:1	NOUN:1
explosion	NOUN:1
explosivité	NOUN:1
expo	NOUN:1
exponentiel	ADJ:1
exponentielle	NOUN:1
exponentiellement	ADV:1
export	NOUN:2
exportateur	ADJ:1	NOUN:1
exportation	NOUN:1
exporter	VERB:1
exposer	VERB:3
exposition	NOUN:3
express	ADJ:1	NOUN:2
expressif	ADJ:1
expression	NOUN:1
expressionnisme	NOUN:1
expressionniste	ADJ:1
expressivité	NOUN:1
expresso	NOUN:1
expressément	ADV:1
exprimer	VERB:2
expropriation	NOUN:2
exproprier	VERB:1
exprès	ADJ:2	ADV:1	NOUN:2
expulser	VERB:2
expulsion	NOUN:2
expédient	NOUN:1
expédier	VERB:3
expéditeur	NOUN:1
expéditif	ADJ:2
expédition	NOUN:3
expéditionnaire	ADJ:1	NOUN:2
expérience	NOUN:3
expérimental	ADJ:1
expérimentalement	ADV:1
expérimentateur	NOUN:1
expérimentation	NOUN:1
expérimenter	VERB:2
expérimenté	ADJ:1
exquis	ADJ:1
exsangue	ADJ:3
extase	NOUN:1
extasier	VERB:2
extatique	ADJ:1
extenseur	ADJ:1	NOUN:2
extensible	ADJ:2
extensif	ADJ:1
extension	NOUN:2
exterminateur	NOUN:1
extermination	NOUN:1
exterminer	VERB:1
externalisation	NOUN:2
externaliser	VERB:1
externat	NOUN:2
externe	ADJ:1	NOUN:1
extincteur	NOUN:1
extinction	NOUN:1
extirper	VERB:7
extorquer	VERB:1
extorsion	NOUN:1
extra	ADJ:2	NOUN:1
extra-terrestre	ADJ:1
extracellulaire	ADJ:1
extracteur	NOUN:2
extraction	NOUN:1
extrader	VERB:1
extradition	NOUN:1
extraire	VERB:2
extrajudiciaire	ADJ:1
extraordinaire	ADJ:1
extraordinairement	ADV:1
extrapolation	NOUN:1
extrapoler	VERB:1
extraterrestre	ADJ:1
extraterritorialité	NOUN:1
extravagance	NOUN:1
extravagant	ADJ:1
extraverti	ADJ:1
extrusion	NOUN:1
extrémisme	NOUN:1
extrémiste	ADJ:1	NOUN:1
extrémité	NOUN:3
extrême	ADJ:1
extrême-orient	PROPN:1
extrêmement	ADV:1
extérieur	ADJ:1	NOUN:1
extérieurement	ADV:1
extérioriser	VERB:2
exubérance	NOUN:1
exubérant	ADJ:1
exutoire	NOUN:1
exécrable	ADJ:2
exécutable	ADJ:1
exécuter	VERB:4
exécuteur	NOUN:1
exécutif	ADJ:1
exécution	NOUN:1
exécutoire	ADJ:1
exégèse	NOUN:1
exégète	NOUN:1
eyquem	PROPN:1
fa	NOUN:1	PROPN:1
fabien	PROPN:1	ADJ:1
fable	NOUN:1
fabricant	NOUN:2
fabrication	NOUN:3
fabrice	PROPN:1
fabrique	NOUN:1
fabriquer	VERB:3
fabuleusement	ADV:1
fabuleux	ADJ:2
fabuliste	ADJ:1
fac	NOUN:1	SCONJ:1
fac-similé	NOUN:2
face	NOUN:3
facebook	PROPN:1
facette	NOUN:1
facho	ADJ:1	NOUN:1
fachosphère	NOUN:1
facial	ADJ:1
facile	ADJ:2
facilement	ADV:1
facilitateur	NOUN:1
facilitation	NOUN:1
faciliter	VERB:1
faciès	NOUN:2
facteur	NOUN:3
factice	ADJ:1
factieux	ADJ:1	NOUN:1
faction	NOUN:3
factorielle	NOUN:1
factuel	ADJ:1
factuellement	ADV:1
facturation	NOUN:1
facture	NOUN:2
facturer	VERB:1
facultatif	ADJ:1
faculté	NOUN:5
facétieux	ADJ:1	NOUN:1
fada	ADJ:1	NOUN:1
fade	ADJ:2	NOUN:2
faf	NOUN:1
fagot	NOUN:1
faiblard	ADJ:1	NOUN:1
faible	ADJ:2	NOUN:2
faiblement	ADV:3
faiblesse	NOUN:1
faiblir	VERB:1
faict	NOUN:1
faille	NOUN:4
faillible	ADJ:1
faillir	VERB:3
faillite	NOUN:2
faim	NOUN:2
fainéant	NOUN:1	ADJ:3
fainéantise	NOUN:1
faire	VERB:8
faisabilité	NOUN:1
faisable	ADJ:1
faisan	NOUN:2
faisceau	NOUN:3
faiseur	NOUN:2
fak	SCONJ:1
fakir	NOUN:1
fal	NOUN:1
falafel	NOUN:1
falaise	NOUN:1
falcao	PROPN:1
fallacieux	ADJ:2
falloir	VERB:3
falsification	NOUN:1
falsifier	VERB:1
falun	NOUN:1
fameux	ADJ:1
familial	ADJ:1
familiariser	VERB:2
familiarité	NOUN:2
familier	ADJ:2
familièrement	ADV:1
famille	NOUN:2
famine	NOUN:1
famé	ADJ:1
famélique	ADJ:1	NOUN:1
fan	NOUN:2
fanal	NOUN:3
fanatique	ADJ:1	NOUN:2
fanatisme	NOUN:1
fane	NOUN:3
faner	VERB:4
fanfare	NOUN:2
fanfaron	ADJ:1	NOUN:1
fanfaronner	VERB:1
fanfiction	NOUN:1
fange	NOUN:3
fanion	NOUN:2
fanny	PROPN:1
fanon	NOUN:8
fantaisie	NOUN:5
fantaisiste	ADJ:1	NOUN:1
fantasia	NOUN:1
fantasmagorie	NOUN:1
fantasmagorique	ADJ:1
fantasmatique	ADJ:2
fantasme	NOUN:2
fantasmer	VERB:1
fantasmé	ADJ:2
fantasque	ADJ:2
fantassin	NOUN:1
fantastique	ADJ:2	NOUN:1
fantasy	NOUN:1
fantoche	NOUN:1	ADJ:1
fantomatique	ADJ:1
fantômas	PROPN:1
fantôme	NOUN:1
fanzine	NOUN:1
fané	ADJ:1
faon	NOUN:1
faq	NOUN:1
faque	SCONJ:1
far	NOUN:1
faraday	NOUN:1
farah	PROPN:1
faramineux	ADJ:1
farandole	NOUN:2
farce	NOUN:3
farceur	NOUN:2
farcir	VERB:4
fard	NOUN:2
fardeau	NOUN:3
fare	NOUN:3
farfadet	NOUN:2
farfelu	ADJ:2
farfouiller	VERB:1
farine	NOUN:2
farm	VERB:1
farmer	VERB:1	PROPN:1
farniente	NOUN:1
farouche	ADJ:6
farouchement	ADV:1
fart	NOUN:1
farès	PROPN:1
fasce	NOUN:1
fascicule	NOUN:3
fascinant	ADJ:1
fascination	NOUN:1
fasciner	VERB:1
fascisme	NOUN:1
fasciste	ADJ:1	NOUN:1
faste	NOUN:1	ADJ:2
fastidieux	ADJ:1
fastoche	ADJ:1
fastueux	ADJ:1
fat	ADJ:1
fatal	ADJ:2
fatalement	ADV:1
fatalisme	NOUN:1
fataliste	NOUN:1
fatalité	NOUN:1
fatidique	ADJ:2
fatigant	ADJ:2
fatigue	NOUN:2
fatiguer	VERB:4
fatras	NOUN:1
fatwa	NOUN:1
faubert	NOUN:1
faubourg	NOUN:1
fauchage	NOUN:1
fauche	NOUN:1
faucher	VERB:3
faucheur	NOUN:2
faucheuse	PROPN:1
fauchon	NOUN:1
faucille	NOUN:1
faucon	NOUN:2	PROPN:1
fauconnerie	NOUN:1
fauconnier	NOUN:1	PROPN:1
faufiler	VERB:2
faune	NOUN:3
faunique	ADJ:1
faure	PROPN:1
fauré	PROPN:1
faussaire	NOUN:1
faussement	ADV:1
fausser	VERB:2
fausseté	NOUN:2
faussé	ADJ:2
faute	NOUN:4
fauteuil	NOUN:2
fauteur	NOUN:1
fautif	ADJ:3
fauve	ADJ:4	NOUN:4
fauvette	NOUN:1
fauvisme	NOUN:1
faux	ADJ:2	ADV:1	NOUN:2	PROPN:1
faux-fruit	NOUN:1
favela	NOUN:1
faveur	NOUN:1
favorable	ADJ:1
favorablement	ADV:1
favori	ADJ:1	NOUN:1
favoriser	VERB:3
favoritisme	NOUN:1
favre	PROPN:1
favreau	PROPN:1
fax	NOUN:2
fayard	NOUN:1
faye	PROPN:1
fayot	NOUN:2
fayçal	PROPN:1
façade	NOUN:2
façon	NOUN:1
façonnage	NOUN:1
façonner	VERB:3
faîte	NOUN:1
faïence	NOUN:1
faïencerie	NOUN:1
fbi	PROPN:1
fc	PROPN:1
fdp	NOUN:2
fds	NOUN:2
feedback	NOUN:1
feeling	NOUN:2
feignant	ADJ:1	NOUN:1
feignasse	NOUN:1
feindre	VERB:1
feinte	NOUN:1
fekir	PROPN:1
feldspath	NOUN:1
fellah	NOUN:1
fellation	NOUN:1
fem	NOUN:1
femelle	ADJ:2	NOUN:3
femme	NOUN:2
fendant	VERB:7
fendre	VERB:7
fennec	NOUN:1
fenouil	NOUN:1
fentanyl	NOUN:1
fente	NOUN:7
fenton	NOUN:1
fenêtre	NOUN:1
fer	NOUN:4
ferland	PROPN:1
fermage	NOUN:2
fermant	ADJ:1
ferme	ADJ:1	NOUN:2
fermement	ADV:2
fermentation	NOUN:1
fermenter	VERB:1
fermenté	ADJ:1
fermer	VERB:8
fermeture	NOUN:2
fermeté	NOUN:1
fermi	NOUN:1	PROPN:1
fermier	ADJ:1
fermière	NOUN:1
fermoir	NOUN:1
fernand	PROPN:1
fernande	PROPN:1
ferraille	NOUN:2
ferrailleur	NOUN:2
ferrand	PROPN:1
ferrare	PROPN:1
ferrat	NOUN:1
ferrer	VERB:4
ferret	NOUN:1
ferreux	ADJ:1
ferrier	NOUN:3
ferrique	ADJ:1
ferrite	NOUN:1
ferron	NOUN:1
ferronnerie	NOUN:2
ferronnier	NOUN:1
ferroviaire	ADJ:1
ferrugineux	ADJ:1
ferrure	NOUN:1
ferry	NOUN:1
ferré	ADJ:1
fertile	ADJ:1
fertilisant	ADJ:1
fertilisation	NOUN:1
fertiliser	VERB:1
fertilité	NOUN:1
fervent	ADJ:1
ferveur	NOUN:1
fesse	NOUN:1
fessenheim	PROPN:1
fesser	VERB:2
fessier	ADJ:2	NOUN:2
fessé	NOUN:1
fessée	NOUN:1
festif	ADJ:1
festin	NOUN:1
festival	NOUN:1
festivité	NOUN:1
festoyer	VERB:1
feu	NOUN:4	ADJ:1
feuillage	NOUN:1
feuille	NOUN:3
feuillet	NOUN:3	PROPN:1
feuilletage	NOUN:1
feuilleter	VERB:2
feuilleton	NOUN:2
feuillette	NOUN:1
feuilleté	ADJ:2	NOUN:1
feuillu	ADJ:1	NOUN:2
feuillée	NOUN:2
feur	INTJ:1
feurs	PROPN:1
feutre	NOUN:5
feutré	ADJ:2
fez	NOUN:1
fi	INTJ:1
fiabilité	NOUN:1
fiable	ADJ:1
fiacre	NOUN:1
fiance	NOUN:1
fiancer	VERB:1
fiancé	ADJ:1	NOUN:1
fiancée	NOUN:1
fiançailles	NOUN:1
fiasco	NOUN:2
fiba	NOUN:1
fibre	NOUN:1
fibreux	ADJ:1
fibrillation	NOUN:1
fibrome	NOUN:1
fibromyalgie	NOUN:1
fibrose	NOUN:1
fibré	ADJ:1
ficeler	VERB:1
ficelle	NOUN:2
fichage	NOUN:2
fiche	NOUN:3
ficher	VERB:5
fichier	NOUN:2
fichtre	INTJ:1	ADV:1
fichtrement	ADV:1
fichu	NOUN:2	ADJ:3
fiché	ADJ:1
fictif	ADJ:1
fiction	NOUN:1
fictionnel	ADJ:1
fictivement	ADV:1
fidji	PROPN:1
fidjien	ADJ:1	NOUN:2
fiduciaire	ADJ:1	NOUN:2
fiducie	NOUN:1
fidèle	ADJ:2	NOUN:1
fidèlement	ADV:1
fidéicommis	NOUN:2
fidélisation	NOUN:1
fidéliser	VERB:1
fidélité	NOUN:1
fief	NOUN:2
fieffé	ADJ:2
fiel	NOUN:1
fiente	NOUN:1
fier	ADJ:3	VERB:1
fierté	NOUN:1
fiesta	NOUN:1
fif	NOUN:1
fifa	PROPN:1
fifi	NOUN:1	PROPN:2
fifille	NOUN:1
fifre	NOUN:1
figaro	NOUN:1
figer	VERB:4
fignoler	VERB:1
figue	NOUN:1
figuier	NOUN:1
figurant	NOUN:2
figurante	NOUN:1
figuratif	ADJ:1
figuration	NOUN:3
figurer	VERB:2
figurine	NOUN:2
figurément	ADV:1
figé	ADJ:3
fil	NOUN:3
filage	NOUN:2
filaire	ADJ:1
filament	NOUN:1
filant	ADJ:1
filature	NOUN:3
file	NOUN:2
filer	VERB:8
filet	NOUN:6
filetage	NOUN:1
filial	ADJ:1
filiale	NOUN:1
filiation	NOUN:1
filiforme	ADJ:1
filigrane	NOUN:2
filin	NOUN:1
filière	NOUN:6
fille	NOUN:3
fillette	NOUN:2
filleul	NOUN:1
filleule	NOUN:1
fillon	PROPN:1
filloniste	ADJ:1
film	NOUN:1
filmer	VERB:1
filmique	ADJ:2
filmographie	NOUN:1
filon	NOUN:1	PROPN:1
filou	NOUN:4
fils	NOUN:5	PROPN:1
filtrage	NOUN:1
filtrant	ADJ:1
filtration	NOUN:1
filtre	NOUN:1
filtrer	VERB:2
filtré	ADJ:1
fin	NOUN:2	ADJ:2
final	ADJ:2	NOUN:1
finale	NOUN:4
finalement	ADV:2
finalisation	NOUN:1
finaliser	VERB:1
finaliste	NOUN:1
finalité	NOUN:2
financement	NOUN:1
financer	VERB:1
financeur	ADJ:1	NOUN:1
financiarisation	NOUN:1
financier	ADJ:1	NOUN:3
financièrement	ADV:1
finement	ADV:1
finesse	NOUN:5
finir	VERB:2
finisseur	NOUN:1
finistère	PROPN:2
finition	NOUN:1
finitude	NOUN:1
finlandais	ADJ:1	NOUN:1
finlande	PROPN:1
finnois	NOUN:2	ADJ:1
fiodor	PROPN:1
fiole	NOUN:1
fion	NOUN:1
fiona	PROPN:1
fioriture	NOUN:1
fiotte	NOUN:1
fiou	INTJ:1
fioul	NOUN:2
firmament	NOUN:1
firme	NOUN:1
firmware	NOUN:1
fisc	NOUN:1
fiscal	ADJ:1
fiscalement	ADV:1
fiscalisation	NOUN:1
fiscaliste	NOUN:2
fiscalité	NOUN:1
fischer	PROPN:1
fissa	ADV:1
fissile	ADJ:1
fission	NOUN:1
fissuration	NOUN:1
fissure	NOUN:1
fissurer	VERB:2
fister	VERB:1
fiston	NOUN:1
fistule	NOUN:1
fitness	NOUN:1
fix	NOUN:2
fixateur	NOUN:2
fixation	NOUN:2
fixe	ADJ:1	NOUN:2
fixement	ADV:1
fixer	VERB:4
fixette	NOUN:1
fixité	NOUN:1
fièrement	ADV:1
fièvre	NOUN:1
fiévreux	ADJ:3	NOUN:2
fjord	NOUN:1
flac	INTJ:1
flacon	NOUN:1
flag	NOUN:1	VERB:1
flagellation	NOUN:1
flagelle	NOUN:1
flageller	VERB:3
flagrance	NOUN:1
flagrant	ADJ:1
flair	NOUN:2
flairer	VERB:3
flamand	ADJ:1	NOUN:2
flamant	NOUN:1
flambant	ADJ:1
flambe	NOUN:4
flambeau	NOUN:4
flamber	VERB:5
flambeur	NOUN:2
flamboyant	ADJ:2	NOUN:1
flambée	NOUN:2
flame	NOUN:4
flamel	PROPN:1
flamenco	NOUN:1
flammarion	PROPN:1
flamme	NOUN:4
flan	NOUN:3
flanc	NOUN:4
flancher	VERB:1
flandre	PROPN:3
flandre-occidentale	PROPN:1
flanelle	NOUN:1
flanquer	VERB:4
flaque	NOUN:1
flash	NOUN:3
flasher	VERB:5
flasque	ADJ:2	NOUN:1
flatter	VERB:2
flatterie	NOUN:1
flatteur	ADJ:1	NOUN:1
flaubert	PROPN:1
flavie	PROPN:1
flavien	ADJ:1
flegmatique	ADJ:1
flegme	NOUN:2
flemmard	NOUN:1	ADJ:1
flemme	NOUN:2
fleur	NOUN:6	PROPN:1
fleurdelisé	NOUN:1
fleuret	NOUN:3
fleurette	NOUN:1	PROPN:1
fleuri	ADJ:1
fleurir	VERB:3
fleurissement	NOUN:1
fleuriste	NOUN:1
fleuron	NOUN:6
fleury	PROPN:1
fleuve	NOUN:3
flexibilité	NOUN:1
flexible	ADJ:1
flexion	NOUN:1
flibustier	NOUN:1
flic	NOUN:1
flicage	NOUN:2
flicaille	NOUN:1
flingue	NOUN:1
flinguer	VERB:2
flint	NOUN:1
flip	NOUN:2
flippant	ADJ:1
flipper	NOUN:1	VERB:1
flirt	NOUN:1
flirter	VERB:1
fln	PROPN:1
flo	PROPN:2	NOUN:1
floc'h	PROPN:1
flocon	NOUN:3
flop	NOUN:1
flopée	NOUN:1
flora	PROPN:1
floraison	NOUN:2
floral	ADJ:1
flore	NOUN:3	PROPN:2
florence	PROPN:4
florent	PROPN:1
florentin	NOUN:2	PROPN:1	ADJ:1
florian	PROPN:1
floride	PROPN:2
florilège	NOUN:1
florin	NOUN:1
florissant	ADJ:1
floristique	ADJ:1
floréal	NOUN:1
flot	NOUN:3
flottabilité	NOUN:1
flottage	NOUN:1
flottaison	NOUN:2
flotte	NOUN:3
flottement	NOUN:3
flotter	VERB:3
flotteur	NOUN:2
flottille	NOUN:1
flou	ADJ:1	NOUN:3
flous	NOUN:1
flouter	VERB:1
flouze	NOUN:1
flow	NOUN:2
flq	PROPN:1
fluctuant	ADJ:1
fluctuation	NOUN:1
fluctuer	VERB:1
fluet	ADJ:2
fluide	NOUN:1
fluidifier	VERB:1
fluidité	NOUN:1
fluo	ADJ:2	NOUN:1
fluor	NOUN:1
fluoration	NOUN:1
fluorescence	NOUN:1
fluorescent	ADJ:1
fluorure	NOUN:1
flush	NOUN:3
fluvial	ADJ:1
flux	NOUN:3
flyer	NOUN:1	VERB:1
flâner	VERB:2
flânerie	NOUN:2
flâneur	NOUN:1
flèche	NOUN:7	PROPN:1
fléau	NOUN:3
fléchette	NOUN:1
fléchettes	NOUN:1
fléchir	VERB:4
fléchissement	NOUN:3
fléché	ADJ:1
flétan	NOUN:1
flétrir	VERB:5
flûte	NOUN:3	INTJ:1
flûtiste	NOUN:1
fmi	PROPN:1
fn	PROPN:2
fnac	PROPN:1
foc	NOUN:1
focal	ADJ:1
focalisation	NOUN:2
focaliser	VERB:1
foch	PROPN:1
foenkinos	PROPN:1
fogiel	PROPN:1
foi	NOUN:2
foie	NOUN:2
foin	NOUN:1	INTJ:1
foire	NOUN:4
foirer	VERB:1
foireux	ADJ:2
fois	NOUN:1	ADP:1
foison	NOUN:1
foisonnant	ADJ:1
foisonnement	NOUN:1
foix	PROPN:1
fol	ADJ:1
foliaire	ADJ:2
folichon	ADJ:1
folie	NOUN:2
folio	NOUN:1
folique	ADJ:1
folk	NOUN:1
folklore	NOUN:1
folklorique	ADJ:2
follement	ADV:1
follet	NOUN:1	ADJ:2
follicule	NOUN:1
follow	NOUN:1	VERB:1
follower	NOUN:1	VERB:1
fomenter	VERB:1
fon	NOUN:1
foncer	VERB:6
fonceur	NOUN:1
foncier	ADJ:2
foncièrement	ADV:1
fonck	PROPN:1
fonction	NOUN:3
fonctionnaire	NOUN:1
fonctionnalité	NOUN:1
fonctionnel	ADJ:3
fonctionnellement	ADV:1
fonctionnement	NOUN:3
fonctionner	VERB:1
foncé	ADJ:1
fond	NOUN:8
fondamental	ADJ:1	NOUN:1
fondamentalement	ADV:1
fondamentalisme	NOUN:1
fondamentaliste	ADJ:1
fondateur	NOUN:1
fondation	NOUN:3
fondement	NOUN:2
fonder	VERB:1
fonderie	NOUN:1
fondeur	NOUN:3
fondre	VERB:5
fonds	NOUN:3
fondu	NOUN:1
fondue	NOUN:1
fongicide	ADJ:1	NOUN:1
fongique	ADJ:1
fons	PROPN:1
fontaine	NOUN:3	PROPN:2
fontainebleau	PROPN:1
fontanes	PROPN:1
fonte	NOUN:4
fonts	NOUN:1
foot	NOUN:2
football	NOUN:3
footballeur	NOUN:1
footballistique	ADJ:1
footeux	ADJ:1	NOUN:2
footing	NOUN:2
footix	NOUN:1
forage	NOUN:1
forain	NOUN:2	ADJ:1
forcalquier	PROPN:1
force	NOUN:3	ADJ:1
forcement	NOUN:1
forcené	ADJ:1	NOUN:1
forceps	NOUN:1
forcer	VERB:1
forcing	NOUN:3
forcément	ADV:2
ford	PROPN:2	NOUN:1
forer	VERB:1
forest	PROPN:2
foresterie	NOUN:1
forestier	ADJ:2	NOUN:1	PROPN:1
foret	NOUN:1
foreuse	NOUN:1
forez	PROPN:1
forfait	NOUN:4
forfaitaire	ADJ:1
forfaiture	NOUN:1
forge	NOUN:2
forger	VERB:4
forgeron	NOUN:1
formage	NOUN:1
formaldéhyde	NOUN:1
formalisation	NOUN:1
formaliser	VERB:2
formalisme	NOUN:1
formaliste	ADJ:1
formalité	NOUN:1
format	NOUN:1
formatage	NOUN:2
formater	VERB:1
formateur	ADJ:2	NOUN:2
formation	NOUN:3
forme	NOUN:3
formel	ADJ:2
formellement	ADV:2
former	VERB:3
formica	NOUN:1
formidable	ADJ:2
formidablement	ADV:2
formol	NOUN:1
formulaire	NOUN:1
formulation	NOUN:2
formule	NOUN:2
formuler	VERB:2
fornication	NOUN:1
forniquer	VERB:1
fors	ADP:1
fort	ADJ:3	ADV:3	NOUN:1
fort-de-france	PROPN:1
fortement	ADV:2
forteresse	NOUN:1
fortier	PROPN:1
fortifiant	ADJ:1
fortification	NOUN:1
fortifier	VERB:1
fortifié	ADJ:1
fortin	PROPN:1
fortuit	ADJ:1
fortuitement	ADV:1
fortunat	PROPN:1
fortune	NOUN:2
fortuné	ADJ:2	PROPN:1
forum	NOUN:2
forçat	NOUN:2
foré	ADJ:1
forêt	NOUN:1
fosse	NOUN:1
fossette	NOUN:1
fossile	NOUN:1
fossoyeur	NOUN:2
fossé	NOUN:1
fou	ADJ:1	NOUN:5
fouad	PROPN:1
foucault	PROPN:3
foucher	PROPN:1
fouché	PROPN:1
foudre	NOUN:3
foudroyant	ADJ:3
foudroyer	VERB:2
foudroyé	ADJ:2
fouesnant	PROPN:1
fouet	NOUN:3
fouettard	ADJ:1
fouetter	VERB:5
fouetté	ADJ:1
foufou	ADJ:1	NOUN:1
foufoune	NOUN:2
fougue	NOUN:1
fougueux	ADJ:2
fougère	NOUN:1	PROPN:1
fougères	PROPN:1
fouille	NOUN:4
fouiller	VERB:6
fouillis	NOUN:1
fouine	NOUN:1
fouiner	VERB:1
fouineur	NOUN:2
foulant	ADJ:1
foulard	NOUN:1
foule	NOUN:5
fouler	VERB:6
foulon	NOUN:1	PROPN:1
foulques	PROPN:1
foultitude	NOUN:1
foulé	ADJ:1
foulée	NOUN:1
fouquet	PROPN:1
four	NOUN:3
fouras	PROPN:1
fourbe	NOUN:2	ADJ:1
fourberie	NOUN:1
fourbi	NOUN:2
fourche	NOUN:5
fourchette	NOUN:7
fourgon	NOUN:6
fourgonnette	NOUN:2
fourguer	VERB:2
fourier	PROPN:1
fourme	NOUN:1
fourmi	NOUN:2
fourmilière	NOUN:2
fourmillement	NOUN:2
fournaise	NOUN:3
fourneau	NOUN:4	PROPN:2
fourneaux	PROPN:1
fourneyron	PROPN:1
fournier	PROPN:1	NOUN:2
fournil	NOUN:1
fournir	VERB:4
fournisseur	NOUN:1
fourniture	NOUN:4
fournée	NOUN:2
fourrage	NOUN:1	PROPN:1
fourragère	NOUN:1
fourre	NOUN:1
fourreau	NOUN:2
fourrer	VERB:3
fourrier	NOUN:3
fourrière	NOUN:2
fourrure	NOUN:1
fourré	NOUN:1
fourvoyer	VERB:3
foutage	NOUN:1
foutaise	NOUN:1
foutaises	NOUN:1
fouteur	NOUN:1
foutoir	NOUN:2
foutre	VERB:6	NOUN:1
foutrement	ADV:1
foutu	ADJ:6
foyer	NOUN:5
frac	NOUN:1
fracas	NOUN:2
fracassant	ADJ:1
fracasser	VERB:1
frachon	PROPN:1
fractal	ADJ:1
fractale	NOUN:1
fraction	NOUN:3
fractionnaire	ADJ:1
fractionnement	NOUN:2
fractionner	VERB:2
fractionné	ADJ:2
fracturation	NOUN:1
fracture	NOUN:1
fracturer	VERB:1
fragile	ADJ:3	NOUN:1
fragilisation	NOUN:2
fragiliser	VERB:1
fragilité	NOUN:1
fragment	NOUN:1
fragmentaire	ADJ:1
fragmentation	NOUN:1
fragmenter	VERB:1
fragrance	NOUN:1
frai	NOUN:1
frais	ADJ:4	NOUN:1
fraise	NOUN:7
fraisier	NOUN:2
framboise	NOUN:2	ADJ:1
franc	ADJ:4	NOUN:2
franc-maçon	NOUN:1
franc-tireur	NOUN:2
france	PROPN:3
francfort	PROPN:2
franche-comté	PROPN:1
franchement	ADV:3
franchir	VERB:2
franchise	NOUN:4
franchiseur	NOUN:1
franchissement	NOUN:2
franchouillard	ADJ:2
francie	PROPN:1
francilien	ADJ:1	NOUN:1
francine	PROPN:1
francique	ADJ:2
francis	PROPN:1
francisation	NOUN:1
franciscain	ADJ:1
franciser	VERB:1
francisque	NOUN:2
franck	PROPN:1
franco-ontarien	NOUN:1
franco-provençal	ADJ:1
francophile	NOUN:1
francophone	ADJ:1	NOUN:1
francophonie	PROPN:1	NOUN:1
frange	NOUN:1
frangin	NOUN:2
frangine	NOUN:2
frangipane	NOUN:1
franglais	NOUN:1
frank	PROPN:1
frankenstein	PROPN:1
franquin	PROPN:2
franquisme	NOUN:1
franquiste	ADJ:1
fransaskois	NOUN:1
françafrique	PROPN:1
français	ADJ:2	NOUN:3
françois	PROPN:2
françoise	PROPN:1
frapper	VERB:8
frappeur	NOUN:1
fraser	VERB:1
fraternel	ADJ:1
fraternellement	ADV:1
fraternisation	NOUN:1
fraterniser	VERB:1
fraternité	NOUN:3
fratricide	NOUN:2	ADJ:2
fratrie	NOUN:1
fraude	NOUN:2
frauder	VERB:1
fraudeur	NOUN:1
frauduleusement	ADV:1
frauduleux	ADJ:1
frayer	VERB:4
frayeur	NOUN:1
fraîchement	ADV:1
fraîcheur	NOUN:2
fredericton	PROPN:1
fredonner	VERB:1
freelance	ADJ:1	NOUN:1
freestyle	NOUN:1
freezer	NOUN:1
frein	NOUN:4
freinage	NOUN:2
freiner	VERB:2
frelaté	ADJ:2
frelon	NOUN:1
french	ADJ:1
fresnel	PROPN:1
fresque	NOUN:1
fret	NOUN:3
fretin	NOUN:1
frette	NOUN:1
freudien	ADJ:1
freycinet	PROPN:1
freyssinet	PROPN:1
friable	ADJ:2
friand	ADJ:2	NOUN:1
friandise	NOUN:2
fribourg	PROPN:2
fribourgeois	ADJ:1
fric	NOUN:1
fricassée	NOUN:1
friche	NOUN:2
friction	NOUN:1
friendzone	NOUN:1
frigidaire	NOUN:2
frigide	ADJ:2
frigo	NOUN:1
frigorifique	ADJ:1
frileux	ADJ:2
frilosité	NOUN:2
frimaire	NOUN:1
frimas	NOUN:2
frime	NOUN:1
frimer	VERB:1
frimousse	NOUN:2
fringale	NOUN:2
fringant	ADJ:3
fringue	NOUN:1
friperie	NOUN:2
fripon	NOUN:1	ADJ:1
fripouille	NOUN:1
frire	VERB:1
frisbee	NOUN:2
frise	NOUN:2	PROPN:2
friser	VERB:5
frison	NOUN:4	ADJ:1
frisquet	ADJ:2
frisson	NOUN:3
frissonnant	ADJ:2
frissonner	VERB:3
frisé	ADJ:2
frit	ADJ:1
frite	NOUN:2
friterie	NOUN:2
friteuse	NOUN:1
friture	NOUN:5
fritz	NOUN:1
frivole	ADJ:1
frivolité	NOUN:1
froc	NOUN:3
froid	ADJ:2	NOUN:2
froidement	ADV:1
froideur	NOUN:1
froidure	NOUN:3
froissart	PROPN:1
froissement	NOUN:3
froisser	VERB:3
froissé	ADJ:1
fromage	NOUN:1
fromager	ADJ:1	NOUN:3	VERB:1	PROPN:1
fromagerie	NOUN:1
froment	NOUN:2
fronce	NOUN:1
froncer	VERB:2
fronde	NOUN:4
frondeur	NOUN:3	ADJ:1
fronsac	NOUN:1
front	NOUN:2
frontal	ADJ:1
frontalement	ADV:1
frontalier	ADJ:1	NOUN:1
frontispice	NOUN:1
frontiste	ADJ:1	NOUN:1
frontière	NOUN:1
fronton	NOUN:2
frottant	ADJ:1
frottement	NOUN:2
frotter	VERB:5
frottis	NOUN:1
froufrou	NOUN:1
frousse	NOUN:1
fructidor	NOUN:1
fructification	NOUN:1
fructifier	VERB:1
fructose	NOUN:1
fructueux	ADJ:1
frugal	ADJ:1
frugalité	NOUN:1
fruit	NOUN:1
fruitier	ADJ:1	NOUN:1
fruitière	NOUN:1
fruité	ADJ:1
fruste	ADJ:1
frustrant	ADJ:1
frustration	NOUN:1
frustrer	VERB:2
frustré	ADJ:1
frère	NOUN:3
fréchette	PROPN:1
frédéric	PROPN:1
frédérick	PROPN:1
frédérique	PROPN:1
frégate	NOUN:3
frémir	VERB:2
frémissant	ADJ:2
frémissement	NOUN:2
frémont	PROPN:3
frénésie	NOUN:1
frénétique	ADJ:1
frénétiquement	ADV:1
fréquemment	ADV:1
fréquence	NOUN:1
fréquent	ADJ:1
fréquentable	ADJ:1
fréquentation	NOUN:3
fréquenter	VERB:3
frérot	NOUN:2
frêle	ADJ:1
frêne	NOUN:1
frôler	VERB:2
fuchsia	NOUN:1
fucker	VERB:2
fuel	NOUN:2
fugace	ADJ:1
fugitif	NOUN:1
fugue	NOUN:2
fuguer	VERB:1
fuie	NOUN:1
fuir	VERB:3
fuite	NOUN:2
fuiter	VERB:1
fulgurance	NOUN:2
fulgurant	ADJ:4
full	ADJ:2	ADV:1	NOUN:1
fumage	NOUN:1
fumant	ADJ:1
fumer	VERB:3
fumet	NOUN:2
fumette	NOUN:2
fumeur	NOUN:1
fumeux	ADJ:3
fumier	NOUN:2
fumigation	NOUN:1
fumigène	NOUN:2
fumiste	NOUN:3
fumisterie	NOUN:3
fumoir	NOUN:2
fumé	ADJ:1
fumée	NOUN:3
fun	ADJ:1
funambule	NOUN:1
funeste	ADJ:2
funiculaire	ADJ:1	NOUN:1
funky	ADJ:1
funèbre	ADJ:1
funéraire	ADJ:1
funérarium	NOUN:2
furax	ADJ:1
furet	NOUN:1
fureter	VERB:2
fureur	NOUN:1
furie	NOUN:4
furieusement	ADV:1
furieux	ADJ:1
furoncle	NOUN:1
furry	NOUN:1
furtif	ADJ:2
furtivement	ADV:1
furtivité	NOUN:1
fusain	NOUN:3
fuseau	NOUN:4
fuselage	NOUN:1
fuser	VERB:3
fusible	ADJ:1	NOUN:1
fusil	NOUN:2
fusilier	NOUN:1
fusillade	NOUN:3
fusiller	VERB:1
fusion	NOUN:3
fusionnel	ADJ:1
fusionner	VERB:1
fustel	NOUN:1
fustiger	VERB:1
fusée	NOUN:2
futaie	NOUN:1
futile	ADJ:1
futilité	NOUN:1
futsal	NOUN:1
futuna	PROPN:1
futur	ADJ:1	NOUN:2
futurisme	NOUN:1
futuriste	ADJ:1	NOUN:1
futé	ADJ:1
fuyard	ADJ:1	NOUN:2
fâcher	VERB:2
fâcheux	ADJ:2
fâché	ADJ:1
fèces	NOUN:2
fès	PROPN:1
fève	NOUN:4
fébrile	ADJ:1
fébrilement	ADV:2
fébrilité	NOUN:2
fécond	ADJ:6
fécondation	NOUN:4
féconder	VERB:3
fécondité	NOUN:5
fécule	NOUN:1
féculent	ADJ:1	NOUN:1
fédéral	ADJ:1
fédéralisme	NOUN:1
fédéraliste	NOUN:1
fédérateur	ADJ:1	NOUN:1
fédération	NOUN:1
fédératrice	NOUN:1
fédérer	VERB:1
fée	NOUN:1
féerie	NOUN:5
féerique	ADJ:2
félibrige	NOUN:1
félicie	PROPN:1
félicien	PROPN:1
félicitation	NOUN:1
féliciter	VERB:1
félin	ADJ:2	NOUN:1
félix	PROPN:1
félon	ADJ:1	NOUN:1
félonie	NOUN:1
féminin	NOUN:1	ADJ:1
féminisation	NOUN:1
féminiser	VERB:1
féminisme	NOUN:1
féministe	ADJ:1
féminité	NOUN:1
fémoral	ADJ:1
fémur	NOUN:1
féodal	ADJ:1
féodalisme	NOUN:1
féodalité	NOUN:1
férir	VERB:1
férié	ADJ:1
féroce	ADJ:2
férocement	ADV:2
férocité	NOUN:2
féron	NOUN:1
féru	ADJ:1	NOUN:1
férule	NOUN:4
fétiche	NOUN:3	ADJ:3
fétichisme	NOUN:3
fétichiste	ADJ:1	NOUN:1
fétide	ADJ:1
février	NOUN:1
fêlure	NOUN:4
fêlé	ADJ:2	NOUN:1
fêtard	NOUN:2
fête	NOUN:4
fêter	VERB:2
führer	NOUN:1
fœtal	ADJ:1
fœtus	NOUN:1
g	SYM:1
ga	NOUN:1
gab	NOUN:1
gabarit	NOUN:5
gabegie	NOUN:4
gabelle	NOUN:1
gabon	PROPN:1
gabonais	NOUN:1	ADJ:1
gabriel	PROPN:1
gabrielle	PROPN:1
gaby	PROPN:2
gabès	PROPN:1
gacher	VERB:2
gadget	NOUN:1
gadoue	NOUN:3
gafam	PROPN:1
gaffe	NOUN:2
gaffeur	NOUN:1
gag	NOUN:1
gaga	ADJ:4	NOUN:2
gage	NOUN:5
gager	VERB:2
gageure	NOUN:2
gagner	VERB:4
gagnon	PROPN:2
gai	ADJ:2
gaiement	ADV:1
gaieté	NOUN:1
gaillac	NOUN:1
gaillard	PROPN:1	ADJ:2	NOUN:2
gaillarde	NOUN:2
gain	NOUN:3
gainage	NOUN:1
gaine	NOUN:3
gal	NOUN:1
galactique	ADJ:1
galactose	NOUN:1
galant	ADJ:2	NOUN:1
galanterie	NOUN:2
galates	PROPN:1
galaxie	NOUN:1
galbe	NOUN:1
gale	NOUN:1
galerie	NOUN:2
galeriste	NOUN:1
galet	NOUN:3
galette	NOUN:4
galeux	ADJ:1
galice	PROPN:1
galicie	PROPN:1
galicien	ADJ:1	NOUN:2
galilée	PROPN:2
galiléen	NOUN:1
galimatias	NOUN:1
galion	NOUN:1
galle	NOUN:1
galles	PROPN:1
gallium	NOUN:1
gallo	NOUN:1
gallo-romain	ADJ:1
gallois	NOUN:2	ADJ:1
gallon	NOUN:1
gallopin	PROPN:1
gallup	NOUN:1
galoche	NOUN:3
galois	PROPN:1
galon	NOUN:2
galop	NOUN:1
galopant	ADJ:2
galoper	VERB:1
galopin	NOUN:2
galvanique	ADJ:1
galvanisation	NOUN:1
galvaniser	VERB:1
galvaudé	ADJ:1
galène	NOUN:1
galère	NOUN:7	ADJ:1
galérer	VERB:1
galérien	NOUN:2
gamache	NOUN:1
gamay	NOUN:1
gamba	NOUN:1
gambade	NOUN:1
gambader	VERB:1
gambe	NOUN:1
gambie	PROPN:1
gambien	NOUN:1
gambier	NOUN:1
gambit	NOUN:1
gamelin	PROPN:1
gamelle	NOUN:4
gamer	NOUN:2
gamin	NOUN:2	ADJ:1
gamine	NOUN:1
gamma	NOUN:1
gamme	NOUN:2
ganache	NOUN:7
gand	PROPN:1
gang	NOUN:2
ganga	NOUN:1
gange	PROPN:1
ganglion	NOUN:1
gangrené	ADJ:1
gangrène	NOUN:2
gangster	NOUN:1
gangue	NOUN:1
gant	NOUN:1
gantelet	NOUN:3
gantois	ADJ:2
ganymède	PROPN:2	NOUN:1
gap	NOUN:2	PROPN:1
garage	NOUN:1
garagiste	NOUN:2
garance	NOUN:2	PROPN:1
garant	NOUN:2
garantie	NOUN:1
garantir	VERB:2
garat	PROPN:1
garce	NOUN:2
gard	PROPN:2
garde	NOUN:7
garder	VERB:3
garderie	NOUN:1
gardeur	NOUN:1
gardien	NOUN:5
gardiennage	NOUN:3
gardon	NOUN:1	PROPN:1
gare	NOUN:1	INTJ:1
garenne	NOUN:3
garer	VERB:3
gargantua	PROPN:1	NOUN:1
gargantuesque	ADJ:1
gargariser	VERB:1
gargouille	NOUN:2
garneau	PROPN:1
garnement	NOUN:1
garni	ADJ:1
garnier	PROPN:1
garnir	VERB:3
garnison	NOUN:2
garniture	NOUN:2
garon	PROPN:1
garonne	PROPN:1
garou	NOUN:3
garrigue	NOUN:1
garros	PROPN:1
garrot	NOUN:5
gars	NOUN:2
garçon	NOUN:3
garçonne	NOUN:4
garçonnet	NOUN:1
garçonnière	NOUN:2
gascogne	PROPN:1
gascon	NOUN:1	ADJ:1
gasconne	NOUN:1
gasoil	NOUN:1
gaspacho	NOUN:1
gaspard	PROPN:3	NOUN:1
gaspillage	NOUN:1
gaspiller	VERB:1
gaspé	PROPN:1
gaspésie	PROPN:1
gaspésien	ADJ:2
gasquet	PROPN:2
gaston	PROPN:2
gastrique	ADJ:1
gastrite	NOUN:1
gastro	NOUN:1
gastronome	NOUN:1
gastronomie	NOUN:3
gastronomique	ADJ:3
gateway	NOUN:1
gatineau	PROPN:2
gau	NOUN:1
gauche	ADJ:2	NOUN:2
gaucher	ADJ:2	NOUN:1	PROPN:1
gauchiasse	NOUN:1
gauchisme	NOUN:1
gauchiste	ADJ:1
gaucho	NOUN:2
gaude	NOUN:2
gaudet	PROPN:1
gaudin	PROPN:1
gaudreau	PROPN:1
gaudreault	PROPN:1
gaudry	PROPN:1
gaufre	NOUN:3
gaufrier	NOUN:2
gauguin	PROPN:2
gaule	NOUN:3	PROPN:1
gauler	VERB:2
gaulle	PROPN:1
gaullisme	NOUN:1
gaulliste	ADJ:1
gaulois	ADJ:2	NOUN:2
gauloise	NOUN:1
gault	PROPN:1
gaulé	ADJ:1
gaumont	PROPN:1
gauthier	PROPN:2
gautier	PROPN:2
gavage	NOUN:1
gavant	ADJ:1
gavarnie	PROPN:1
gave	NOUN:1
gaver	VERB:3
gavroche	NOUN:1
gavé	ADJ:1
gay	NOUN:1
gaylord	PROPN:1
gaz	NOUN:3
gaza	PROPN:1
gazage	NOUN:1
gaze	NOUN:1
gazelle	NOUN:1
gazer	VERB:8
gazette	NOUN:1
gazeux	ADJ:1
gazier	NOUN:4	ADJ:1
gazinière	NOUN:1
gazoduc	NOUN:1
gazole	NOUN:1
gazon	NOUN:2
gazouillis	NOUN:2
gazé	NOUN:2
gazéification	NOUN:1
gaélique	NOUN:1	ADJ:2
gaétan	PROPN:1
gaël	PROPN:1
gaëlle	PROPN:1
gaëtan	PROPN:1
gaîté	NOUN:1
geai	NOUN:1
gecko	NOUN:1
geek	NOUN:1
geindre	VERB:1	NOUN:1
geisha	NOUN:1
gel	NOUN:4
geler	VERB:2
geluck	PROPN:1
gelée	NOUN:3
gembloux	PROPN:1
gemme	NOUN:1
gencive	NOUN:1
gendarme	NOUN:3
gendarmerie	NOUN:1
gendre	NOUN:1
gendron	PROPN:1
genesis	NOUN:1
genest	PROPN:1
genette	NOUN:1
geneviève	PROPN:1
genevois	ADJ:1
genie	PROPN:1
genièvre	NOUN:3
genk	PROPN:1
genou	NOUN:2
genre	NOUN:4	ADV:3	INTJ:1
genré	ADJ:2
gens	NOUN:1
gent	NOUN:4	ADJ:1
gentiane	NOUN:1
gentil	ADJ:6	NOUN:2
gentilhomme	NOUN:1
gentillement	ADV:1
gentillesse	NOUN:1
gentillet	ADJ:1
gentiment	ADV:1
gentleman	NOUN:1
gentrification	NOUN:1
genèse	PROPN:1	NOUN:1
genève	PROPN:2
genévrier	NOUN:1
genêt	NOUN:1
genêts	PROPN:1
geoffroy	PROPN:2
georges	PROPN:2
georgette	PROPN:1
gerbant	ADJ:1
gerbe	NOUN:6
gerber	VERB:3
gerbert	PROPN:1
gerbier	NOUN:1
gerbille	NOUN:1
gergovie	PROPN:1
germain	PROPN:1	NOUN:1	ADJ:3
germanie	PROPN:2
germanique	ADJ:1
germanium	NOUN:1
germanophone	ADJ:1	NOUN:1
germe	NOUN:4
germer	VERB:1
germinal	ADJ:1	NOUN:1
germination	NOUN:1
gers	PROPN:2
gervais	PROPN:2
gervaise	PROPN:1
ges	NOUN:1
gestation	NOUN:1
geste	NOUN:3
gesticulation	NOUN:1
gesticuler	VERB:1
gestion	NOUN:2
gestionnaire	NOUN:1	ADJ:1
gestuel	ADJ:1
gestuelle	NOUN:1
gewurztraminer	NOUN:1
geyser	NOUN:1
geôle	NOUN:1
geôlier	NOUN:1
ghana	PROPN:1
ghanéen	ADJ:1	NOUN:1
ghazi	NOUN:1
ghetto	NOUN:1
ghettoïsation	NOUN:1
ghislain	PROPN:1
ghislaine	PROPN:1
gibbon	NOUN:1
gibelin	ADJ:1
gibet	NOUN:1
gibier	NOUN:1
gibraltar	PROPN:2
gicler	VERB:2
giclée	NOUN:2
gifler	VERB:1
gigantesque	ADJ:1
gigantisme	NOUN:1
gigi	PROPN:1
gignac	PROPN:1
gigolo	NOUN:1
gigot	NOUN:1
gigoter	VERB:1
gigue	NOUN:7
giguère	PROPN:1
gilbert	PROPN:1
gilberte	PROPN:1
gildas	PROPN:2
gilet	NOUN:2
gille	NOUN:1
gilles	PROPN:1
gillette	PROPN:1
gilou	PROPN:2
gimmick	NOUN:1
gin	NOUN:1
ginette	PROPN:1
gingembre	NOUN:1
gingras	PROPN:1
ginkgo	NOUN:1
ginseng	NOUN:1
girafe	NOUN:2
girard	PROPN:1
girardot	PROPN:1
giratoire	ADJ:1	NOUN:1
giraud	PROPN:1
girl	NOUN:1
girlfriend	NOUN:1
girofle	NOUN:1
giron	NOUN:4
gironde	PROPN:2
girondin	NOUN:3	ADJ:2
giroud	PROPN:1
girouette	NOUN:2
giroux	PROPN:1
gisant	ADJ:1	NOUN:1
giscard	PROPN:1
giselle	PROPN:1
gisement	NOUN:1
gisèle	PROPN:1
gitan	ADJ:1
givenchy	PROPN:1
giverny	PROPN:1
givrage	NOUN:1
givre	NOUN:2
givré	ADJ:2
glabre	ADJ:1
glace	NOUN:4
glacer	VERB:4
glaciaire	ADJ:1
glacial	ADJ:2
glaciation	NOUN:1
glacier	NOUN:6
glacière	NOUN:6
gladiateur	NOUN:1
glaire	NOUN:2
glaise	NOUN:2
glaive	NOUN:2
glamour	NOUN:1	ADJ:1
gland	NOUN:4
glande	NOUN:4
glander	VERB:2
glandeur	NOUN:1
glandu	ADJ:1
glandulaire	ADJ:1
glane	NOUN:2
glaner	VERB:1
glaris	PROPN:1
glas	NOUN:2
glaucome	NOUN:1
glauque	ADJ:2
glaçage	NOUN:1
glaçant	ADJ:1
glaçon	NOUN:4
glissade	NOUN:2
glissant	ADJ:1
glisse	NOUN:2
glissement	NOUN:1
glisser	VERB:3
glissière	NOUN:1
global	ADJ:2
globalement	ADV:2
globalisation	NOUN:1
globalité	NOUN:1
globe	NOUN:1
globe-trotter	NOUN:1
globulaire	ADJ:1
globule	NOUN:2
globuleux	ADJ:2
gloire	NOUN:1
glorieusement	ADV:1
glorieux	ADJ:1	PROPN:1
glorifiant	ADJ:1
glorification	NOUN:2
glorifier	VERB:1
glose	NOUN:1
glossaire	NOUN:1
glotte	NOUN:1
glou	INTJ:1
glousser	VERB:3
glouton	ADJ:2	NOUN:2
glu	NOUN:2
gluant	ADJ:1
glucide	NOUN:1
glucose	NOUN:1
glutamate	NOUN:1
glutathion	NOUN:1
gluten	NOUN:1
glycine	NOUN:2
glycogène	NOUN:1
glycémie	NOUN:1
glycémique	ADJ:1
glycérine	NOUN:1
glycérol	NOUN:1
glyphe	NOUN:2
glyphosate	NOUN:1
gn	NOUN:2
gnangnan	ADJ:1	NOUN:1
gnl	NOUN:1
gnocchi	NOUN:1
gnome	NOUN:1
gnon	NOUN:2
gnose	NOUN:1
gnosticisme	NOUN:1
gnostique	NOUN:1
gnou	NOUN:1
gnôle	NOUN:1
go	NOUN:3
goal	NOUN:2
gobeil	PROPN:1
gobelet	NOUN:3
gobelin	NOUN:1
gober	VERB:3
godard	PROPN:1
godbout	PROPN:2
gode	NOUN:1
godefroy	PROPN:1
godet	NOUN:1
godin	PROPN:1
gogo	NOUN:1
gogol	NOUN:2
goguenard	ADJ:1
goguette	NOUN:4
goinfre	NOUN:1
goinfrer	VERB:2
goitre	NOUN:1
goldstein	PROPN:1
golf	NOUN:2
golfe	NOUN:1
golfeur	NOUN:1
golo	PROPN:1
gombo	NOUN:3
gommage	NOUN:3
gomme	NOUN:3
gommer	VERB:2
gomorrhe	PROPN:1
gond	NOUN:1
gondi	NOUN:1
gondole	NOUN:2
gone	NOUN:1
gonflable	ADJ:1
gonflage	NOUN:2
gonflant	ADJ:1
gonflement	NOUN:2
gonfler	VERB:3
gonflé	ADJ:1
gong	NOUN:1
gonorrhée	NOUN:1
gonzesse	NOUN:1
google	PROPN:1
googler	VERB:1
gord	NOUN:1
gordes	PROPN:1
gordien	ADJ:1
goret	NOUN:1
gorge	NOUN:3
gorgone	NOUN:3
gorgonzola	NOUN:1
gorgée	NOUN:1
gorille	NOUN:2
gosier	NOUN:2
gospel	NOUN:1
gosse	NOUN:3
gosselin	PROPN:1
goth	NOUN:1
gotha	NOUN:2
gothique	NOUN:3	ADJ:1
gouache	NOUN:1
gouaille	NOUN:1
gouda	NOUN:1
goudron	NOUN:1
gouffre	NOUN:3
gouin	PROPN:1
gouine	NOUN:1
goujat	NOUN:2	ADJ:1
goujon	NOUN:2
goulag	NOUN:1
goulart	PROPN:1
goule	NOUN:1
goulet	NOUN:2	PROPN:1
goulot	NOUN:1
goulûment	ADV:1
goupil	NOUN:1
goupille	NOUN:3
goupillon	NOUN:2
gour	NOUN:3
gourde	NOUN:5
gourdin	NOUN:1
gourmand	ADJ:2	NOUN:1
gourmandise	NOUN:3
gourmet	NOUN:2
gourmette	NOUN:2
gourou	NOUN:1
gousse	NOUN:3
gousset	NOUN:1
goutte	NOUN:5	ADV:1
gouttière	NOUN:5
gouvernail	NOUN:1
gouvernance	NOUN:1
gouvernante	NOUN:1
gouvernement	NOUN:1
gouvernemental	ADJ:1
gouverner	VERB:2
gouverneur	NOUN:1
gouvernorat	NOUN:1
gow	NOUN:1
goyave	NOUN:1
gozo	PROPN:1
goéland	NOUN:1
goélette	NOUN:1
goût	NOUN:5
goûter	VERB:3	NOUN:2
goûteux	ADJ:1
gp	NOUN:1
gpa	NOUN:1
gpl	NOUN:1
graal	NOUN:1
grabataire	ADJ:1
grabuge	NOUN:2
gracier	VERB:1
gracieusement	ADV:1
gracieuseté	NOUN:1
gracieux	ADJ:1
gracile	ADJ:1
gradation	NOUN:1
grade	NOUN:2
gradient	NOUN:1
gradin	NOUN:3
graduation	NOUN:3
graduel	ADJ:1
graduellement	ADV:1
graduer	VERB:1
gradué	ADJ:2
gradé	ADJ:1	NOUN:1
graf	NOUN:1
graff	NOUN:1
graffeur	NOUN:1
graffiti	NOUN:1
grain	NOUN:3
graine	NOUN:2
graissage	NOUN:1
graisse	NOUN:2
graisser	VERB:2
graisseux	ADJ:2
graminée	NOUN:1
grammaire	NOUN:2
grammairien	NOUN:1
grammatical	ADJ:1
grammaticalement	ADV:1
gramme	NOUN:1
grammont	PROPN:2
gramont	PROPN:1
gramophone	NOUN:1
granada	PROPN:1
grand	ADJ:7	NOUN:1
grand'mère	NOUN:1
grand-chose	PRON:2
grand-duc	NOUN:2
grand-duché	NOUN:1
grand-mère	NOUN:1
grand-père	NOUN:1
grand-tante	NOUN:1
grande-bretagne	PROPN:2
grande-duchesse	NOUN:1
grandement	ADV:1
grandet	ADJ:1
grandeur	NOUN:4
grandiloquence	NOUN:1
grandiloquent	ADJ:1
grandiose	ADJ:1
grandir	VERB:3
grange	NOUN:1	PROPN:1
granier	PROPN:1
granit	NOUN:1
granite	NOUN:1
granitique	ADJ:1
granité	NOUN:1
granola	NOUN:1
granulaire	ADJ:1
granularité	NOUN:1
granulation	NOUN:1
granule	NOUN:1
granuleux	ADJ:1
granulométrie	NOUN:1
granulé	NOUN:2	ADJ:1
granville	PROPN:1
graphe	NOUN:1
graphie	NOUN:2
graphique	NOUN:1	ADJ:1
graphiquement	ADV:1
graphisme	NOUN:3
graphiste	NOUN:1
graphite	NOUN:1
graphologie	NOUN:1
graphène	NOUN:1
grappe	NOUN:1
grappiller	VERB:2
grappin	NOUN:4
gras	ADJ:3	NOUN:1
grassement	ADV:2
grasset	ADJ:1	PROPN:1
grassouillet	ADJ:1
gratifiant	ADJ:1
gratification	NOUN:1
gratifier	VERB:2
gratin	NOUN:2
gratis	ADV:1	ADJ:1
gratitude	NOUN:1
graton	NOUN:2
gratos	ADV:1
grattage	NOUN:3
gratte	NOUN:1
gratte-ciel	NOUN:1
gratter	VERB:5
grattoir	NOUN:1
gratton	NOUN:1
gratuit	ADJ:2
gratuitement	ADV:2
gratuité	NOUN:3
graulhet	PROPN:1
gravats	NOUN:1
grave	ADJ:4	ADV:1
graveleux	ADJ:2
gravelle	NOUN:2
gravement	ADV:1
graver	VERB:3
graveur	NOUN:2
gravier	NOUN:4
gravir	VERB:1
gravissime	ADJ:1
gravitation	NOUN:1
gravitationnel	ADJ:1
graviter	VERB:1
gravité	NOUN:3
gravure	NOUN:3
gravé	ADJ:1
gray	NOUN:1
grec	ADJ:1	NOUN:3
grec-catholique	ADJ:1
gredin	NOUN:2
green	NOUN:1
greffage	NOUN:2
greffe	NOUN:5
greffer	VERB:1
greffier	NOUN:3
greffon	NOUN:3
greffé	ADJ:1
grelot	NOUN:1
grenache	NOUN:1
grenade	NOUN:4	PROPN:3
grenadier	NOUN:2
grenadine	NOUN:1
grenaille	NOUN:2
grenat	NOUN:1	ADJ:1
grenelle	PROPN:2	NOUN:1
grenier	NOUN:2	PROPN:1
grenoble	PROPN:1
grenoblois	ADJ:1	NOUN:1
grenouille	NOUN:3
grenouillère	NOUN:2
gretzky	PROPN:1	NOUN:1
grever	VERB:3
grey	PROPN:1
gribouillis	NOUN:1
grief	ADJ:1	NOUN:3
griffe	NOUN:5
griffer	VERB:1
griffon	NOUN:3
griffure	NOUN:1
grignon	PROPN:1
grignotage	NOUN:2
grignoter	VERB:2
grigri	NOUN:1
gril	NOUN:3
grill	NOUN:1
grillade	NOUN:1
grillage	NOUN:2
grille	NOUN:3
griller	VERB:5
grillon	NOUN:2
grimace	NOUN:1
grimacer	VERB:1
grimaud	PROPN:1
grimaçant	ADJ:1
grimoire	NOUN:1
grimpant	ADJ:1
grimper	VERB:1
grimpeur	NOUN:3
grincement	NOUN:3
grincer	VERB:5
grincheux	ADJ:1
gringalet	ADJ:1	NOUN:1
grinçant	ADJ:3
griot	NOUN:3
griotte	NOUN:1
grippal	ADJ:1
grippe	NOUN:1
grippé	ADJ:1
gris	ADJ:2	NOUN:1
grisaille	NOUN:2
grisant	ADJ:1
griser	VERB:3
grison	NOUN:2	ADJ:1
grisonnant	ADJ:1
grisons	PROPN:1
grisou	NOUN:1
grisâtre	ADJ:1
grisé	ADJ:2	NOUN:1
grive	NOUN:2
grivois	ADJ:1
grizzli	NOUN:1
grizzly	NOUN:1
grièvement	ADV:1
groenland	PROPN:1
groenlandais	ADJ:1	NOUN:2
grog	NOUN:1
groggy	ADJ:1
grognasse	NOUN:1
grogne	NOUN:3
grognement	NOUN:1
grogner	VERB:3
grognon	ADJ:1
groin	NOUN:1
grondement	NOUN:1
gronder	VERB:2
grondin	NOUN:1	PROPN:1
groningue	PROPN:2
groom	NOUN:4
groove	NOUN:1
gros	ADJ:4	NOUN:3
groseille	NOUN:2
grosjean	PROPN:1
grossesse	NOUN:1
grosseto	PROPN:1
grosseur	NOUN:2
grossier	ADJ:5
grossir	VERB:3
grossissant	ADJ:3
grossissement	NOUN:1
grossiste	NOUN:1
grossièrement	ADV:4
grossièreté	NOUN:2
grossophobie	NOUN:1
grotesque	ADJ:2	NOUN:1
grothendieck	PROPN:1
grotte	NOUN:1
grouillant	ADJ:1
grouiller	VERB:3
groulx	PROPN:1
groupe	NOUN:1
groupement	NOUN:2
grouper	VERB:1
groupie	NOUN:1
groupuscule	NOUN:1
gru	NOUN:1
gruau	NOUN:2
grue	NOUN:3
gruger	VERB:2
grunge	NOUN:1
grutier	NOUN:1
gruyère	NOUN:1
grâce	NOUN:3
grèce	PROPN:1
grès	NOUN:2
grève	NOUN:3
gré	NOUN:2
gréement	NOUN:2
grégaire	ADJ:1
grégeois	ADJ:2
grégoire	PROPN:2
grégorien	ADJ:1
grégory	PROPN:1
grésil	NOUN:1
grésillement	NOUN:2
gréviste	NOUN:1
grêle	ADJ:1	NOUN:1
gsm	NOUN:1
guacamole	NOUN:1
guadeloupe	PROPN:2
guadeloupéen	ADJ:1	NOUN:1
guangdong	PROPN:1
guangzhou	PROPN:1
guano	NOUN:1
guarani	ADJ:1	NOUN:2
guatemala	PROPN:1
guatémaltèque	NOUN:1	ADJ:1
guay	PROPN:1
gueldre	PROPN:1
guenièvre	PROPN:2
guenon	NOUN:3
guerlain	PROPN:1
guernesey	PROPN:1
guerre	NOUN:1
guerrier	NOUN:1	ADJ:1	PROPN:1
guerroyer	VERB:2
guet	NOUN:2
guetta	PROPN:1
guette	NOUN:2
guetter	VERB:3
guetteur	NOUN:1
gueulante	NOUN:2
gueule	NOUN:3
gueuler	VERB:1
gueules	NOUN:1
gueuse	NOUN:2
gueux	NOUN:1	ADJ:1
guez	ADJ:1
gugusse	NOUN:1
gui	NOUN:2
guiche	NOUN:2
guichet	NOUN:4
guichetier	NOUN:2
guidage	NOUN:1
guide	NOUN:2
guider	VERB:1
guidon	NOUN:3
guigne	NOUN:2
guignol	NOUN:1	PROPN:1
guilbeault	PROPN:1
guilde	NOUN:1
guilhem	PROPN:2
guili	NOUN:1
guillard	PROPN:1
guillaume	PROPN:2	NOUN:1
guillemet	NOUN:2
guillemette	PROPN:1	NOUN:1
guillemin	PROPN:1	NOUN:1
guillemot	NOUN:1
guilleret	ADJ:1
guillet	PROPN:1
guillon	NOUN:1
guillot	PROPN:1
guillotin	PROPN:1
guillotine	NOUN:1
guillou	PROPN:1
guilvinec	PROPN:1
guimauve	NOUN:3
guimbarde	NOUN:2
guindé	ADJ:1
guingamp	PROPN:1
guinguette	NOUN:1
guinée	PROPN:1	NOUN:1
guinéen	ADJ:1	NOUN:1
guirlande	NOUN:4
guise	NOUN:1	PROPN:1
guitare	NOUN:2
guitariste	NOUN:1
guizot	PROPN:1
gujarat	PROPN:1
guppy	NOUN:1
guru	NOUN:1
gus	NOUN:1
gustatif	ADJ:1
gustave	PROPN:1
guttural	ADJ:2
guy	PROPN:1
guyana	PROPN:1
guyanais	NOUN:1	ADJ:1
guyane	PROPN:1
guyenne	PROPN:1
guylaine	PROPN:1
guynemer	PROPN:1
guyon	PROPN:2	NOUN:1
guyot	NOUN:1	PROPN:2
guère	ADV:1
gué	NOUN:1
guéguerre	NOUN:1
guénolé	PROPN:1
guépard	NOUN:1
guérande	PROPN:1
guéridon	NOUN:2
guérilla	NOUN:1
guérillero	NOUN:1
guérin	PROPN:2
guérir	VERB:2
guérison	NOUN:1
guérisseur	NOUN:1
guérite	NOUN:2
guêpe	NOUN:1
guêpier	NOUN:3
gwendoline	PROPN:1
gym	NOUN:2
gymnase	NOUN:2
gymnaste	NOUN:1
gymnastique	ADJ:1	NOUN:2
gynéco	NOUN:1
gynécologie	NOUN:1
gynécologique	ADJ:1
gynécologue	NOUN:1
gypse	NOUN:1
gyro	NOUN:1
gyrophare	NOUN:1
gyroscope	NOUN:1
gâche	NOUN:5
gâcher	VERB:2
gâchette	NOUN:2
gâchis	NOUN:3
gâché	ADJ:2
gâteau	NOUN:2
gâter	VERB:2
gâterie	NOUN:2
gâteux	ADJ:1
gâté	ADJ:3
gène	NOUN:1
géant	NOUN:2	ADJ:1
gédéon	PROPN:1
géhenne	NOUN:1	PROPN:1
gélatine	NOUN:1
gélatineux	ADJ:1
gélinas	PROPN:1
gélose	NOUN:1
gélule	NOUN:1
gémeaux	PROPN:2
gémir	VERB:1
gémissant	ADJ:1
gémissement	NOUN:1
gémonies	NOUN:1
génial	ADJ:2
génie	NOUN:4
génique	ADJ:1
génisse	NOUN:1
génital	ADJ:1
géniteur	NOUN:1
génitif	ADJ:1	NOUN:1
génocidaire	ADJ:1	NOUN:1
génocide	NOUN:1
génois	ADJ:1	NOUN:2
génome	NOUN:1
génomique	ADJ:1
génotype	NOUN:1
généalogie	NOUN:1
généalogique	ADJ:1
généalogiste	NOUN:1
général	NOUN:1	ADJ:1
généralement	ADV:1
généralisation	NOUN:1
généraliser	VERB:2
généralissime	ADJ:1	NOUN:1
généraliste	NOUN:2
généralisé	ADJ:1
généralité	NOUN:2
générateur	NOUN:1
génération	NOUN:2
générationnel	ADJ:1
génératrice	NOUN:2
générer	VERB:1
généreusement	ADV:1
généreux	ADJ:1
générique	ADJ:2	NOUN:1
générosité	NOUN:1
généticien	NOUN:1
génétique	ADJ:1	NOUN:1
génétiquement	ADV:1
géo	NOUN:1
géochimie	NOUN:1
géode	NOUN:1
géodésie	NOUN:1
géodésique	ADJ:1
géographe	NOUN:1
géographie	NOUN:1
géographique	ADJ:1
géographiquement	ADV:1
géolocalisation	NOUN:1
géolocaliser	VERB:1
géologie	NOUN:1
géologique	ADJ:1
géologiquement	ADV:1
géologue	NOUN:1
géomatique	ADJ:1	NOUN:1
géomorphologie	NOUN:1
géomètre	NOUN:1
géométrie	NOUN:1
géométrique	ADJ:1
géométriquement	ADV:1
géophysique	NOUN:1	ADJ:1
géopolitique	ADJ:1	NOUN:1
géorgie	PROPN:2
géorgien	NOUN:3	ADJ:2
géostationnaire	ADJ:1
géostratégique	ADJ:1
géotechnique	NOUN:1	ADJ:1
géothermie	NOUN:1
géothermique	ADJ:1
gérable	ADJ:1
gérald	PROPN:1
géraldine	PROPN:1
gérance	NOUN:1
géranium	NOUN:2
gérant	NOUN:1
gérard	PROPN:2
gérer	VERB:2
gériatrie	NOUN:1
gériatrique	ADJ:1
gérone	PROPN:2
gérontologie	NOUN:1
gérôme	PROPN:1
gésier	NOUN:1
gévaudan	PROPN:1
gênant	ADJ:3
gêne	NOUN:2
gêner	VERB:4
gêné	ADJ:2
gîte	NOUN:4
h	SYM:1
ha	INTJ:1
hab	NOUN:6
habile	ADJ:2
habilement	ADV:1
habileté	NOUN:2
habilitation	NOUN:1
habilité	VERB:1
habillage	NOUN:4
habillement	NOUN:2
habiller	VERB:3
habillé	ADJ:1
habit	NOUN:1
habitabilité	NOUN:2
habitable	ADJ:1
habitacle	NOUN:4
habitant	NOUN:6
habitat	NOUN:1
habitation	NOUN:3
habiter	VERB:2
habitude	NOUN:1
habituel	ADJ:1
habituellement	ADV:1
habituer	VERB:3
habitué	NOUN:1
habs	PROPN:2
hachage	NOUN:1
hache	NOUN:1
hachem	PROPN:1
hacher	VERB:5
hachette	NOUN:1
hachis	NOUN:1
hachoir	NOUN:2
haché	PROPN:1
hacienda	NOUN:1
hackathon	NOUN:1
hacker	NOUN:1	VERB:1
hackeur	NOUN:1
hacking	NOUN:1
hadj	NOUN:1
hadjar	PROPN:1
hadji	NOUN:1
hadopi	ADJ:1
hadrien	PROPN:1
hadès	PROPN:1
haendel	PROPN:1
haenel	PROPN:1
hagar	VERB:2
hagard	ADJ:1
haggis	NOUN:1
hagiographie	NOUN:2
hagiographique	ADJ:1
haha	INTJ:1	NOUN:1
haie	NOUN:3
haiku	NOUN:1
hainaut	PROPN:1
haine	NOUN:1
haineux	ADJ:1
halage	NOUN:2
halde	NOUN:1
haleine	NOUN:2
haletant	ADJ:1
halieutique	ADJ:1	NOUN:1
hall	NOUN:2
halle	NOUN:2
hallebarde	NOUN:1
hallier	NOUN:1
halloween	NOUN:1
hallucinant	ADJ:2
hallucination	NOUN:1
hallucinatoire	ADJ:1
halluciner	VERB:2
hallucinogène	ADJ:1
halo	NOUN:2
halogène	NOUN:1
halte	NOUN:3	INTJ:1
haltère	NOUN:2
haltérophile	NOUN:1
haltérophilie	NOUN:1
hama	PROPN:1
hamac	NOUN:1
hamada	NOUN:1
hambourg	PROPN:2
hambourgeois	ADJ:1	NOUN:2
hamburger	NOUN:1
hameau	NOUN:1
hamel	PROPN:2
hamelin	PROPN:3
hameçon	NOUN:1
hameçonnage	NOUN:1
hamlet	PROPN:1
hammam	NOUN:2
hamon	PROPN:1
hampe	NOUN:6
hamster	NOUN:1
hanche	NOUN:2
hand	NOUN:1
handball	NOUN:1
handicap	NOUN:2
handicapant	ADJ:1
handicaper	VERB:1
handicapé	ADJ:1	NOUN:1
handisport	NOUN:2
hangar	NOUN:2
hanneton	NOUN:2
hanovre	PROPN:1
hanoï	PROPN:1
hanse	NOUN:1
hanter	VERB:2
hantise	NOUN:3
haoussa	NOUN:1
hap	NOUN:1
happe	NOUN:2
happening	NOUN:1
happer	VERB:4
harangue	NOUN:1
haranguer	VERB:2
haras	NOUN:1
harcelant	ADJ:1
harceler	VERB:1
harceleur	ADJ:1	NOUN:1
harcèlement	NOUN:1
hard	ADJ:1	NOUN:2
harde	NOUN:2
harder	VERB:1
hardes	NOUN:1
hardi	ADJ:1
hardiesse	NOUN:2
hardiment	ADV:1
hardware	NOUN:1
harel	PROPN:1
harem	NOUN:1
hareng	NOUN:2
harfang	NOUN:1
hargne	NOUN:1
hargneux	ADJ:1
haricot	NOUN:4
harki	NOUN:1
harmattan	NOUN:1
harmonica	NOUN:1
harmonie	NOUN:1
harmonieusement	ADV:1
harmonieux	ADJ:1
harmonique	ADJ:1
harmonisation	NOUN:1
harmoniser	VERB:1
harmonium	NOUN:1
harnachement	NOUN:2
harnais	NOUN:1
harnois	NOUN:1
haro	INTJ:2	NOUN:2
haroun	PROPN:1
harpe	NOUN:6
harper	VERB:1
harpie	NOUN:3
harpiste	NOUN:1
harpon	NOUN:1
hart	NOUN:1
haruko	PROPN:1
hasard	NOUN:3
hasarder	VERB:1
hasardeux	ADJ:2
haschich	NOUN:1
haschisch	NOUN:1
hase	NOUN:1
hashtag	NOUN:2
hass	NOUN:1
hassidique	ADJ:1
hathor	PROPN:1
hatton	PROPN:1
haubourdin	PROPN:1
hausse	NOUN:2
haussement	NOUN:2
hausser	VERB:2
haussier	ADJ:1
haussière	NOUN:1
haussmann	PROPN:1
haussmannien	ADJ:1
haut	ADJ:3	NOUN:1
haut-parleur	NOUN:1
haut-rhin	PROPN:1
hautain	ADJ:1
hautbois	NOUN:2
haute-loire	PROPN:1
haute-marne	PROPN:1
haute-normandie	PROPN:1
haute-savoie	PROPN:1
hautefort	PROPN:1
hautement	ADV:1
hautes-alpes	PROPN:1
hautes-pyrénées	PROPN:1
hauteur	NOUN:4
hauts-de-seine	PROPN:1
havane	NOUN:1
havrais	ADJ:1	NOUN:1
havre	NOUN:2
hawaï	PROPN:3
hawaïen	ADJ:1	NOUN:2
hayashi	PROPN:1
haydn	PROPN:1
hayon	NOUN:1
hazanavicius	PROPN:1
hazard	NOUN:3
haïe	INTJ:1
haïku	NOUN:1
haïr	VERB:1
haïti	PROPN:1
haïtien	ADJ:1	NOUN:2
haüy	PROPN:1
hc	NOUN:1
heaume	NOUN:2
hebdo	NOUN:1
hebdomadaire	ADJ:1	NOUN:1
hebdomadairement	ADV:1
hectare	NOUN:1
hector	PROPN:2
hedjaz	PROPN:2
hein	INTJ:1
hello	INTJ:1
hellène	ADJ:1	NOUN:1
hellénique	ADJ:1
hellénisme	NOUN:1
helléniste	NOUN:1
hellénistique	ADJ:1
helsinki	PROPN:1
helvète	ADJ:1	NOUN:2
helvètes	NOUN:1
helvétie	PROPN:1
helvétique	ADJ:1
hem	INTJ:1
hendaye	PROPN:1
hennequin	PROPN:1
hennin	NOUN:1
hennissement	NOUN:1
henné	NOUN:1
henri	PROPN:1
henriette	PROPN:1
henry	NOUN:1	PROPN:2
hentai	NOUN:1
herbe	NOUN:2
herbeux	ADJ:1
herbicide	NOUN:1
herbier	NOUN:3
herbivore	ADJ:1	NOUN:1
herboriste	NOUN:1
herboristerie	NOUN:2
herculanum	PROPN:1
hercule	PROPN:3	NOUN:1
hermaphrodite	ADJ:1
hermine	NOUN:3	PROPN:1
hermione	PROPN:1
hermite	NOUN:1
hermès	PROPN:1
herméneutique	ADJ:1	NOUN:1
hermétique	ADJ:1
hermétiquement	ADV:1
hermétisme	NOUN:1
hernie	NOUN:1
herpès	NOUN:1
herse	NOUN:7
hertz	NOUN:1	PROPN:1
hertzien	ADJ:1
hervé	PROPN:2
herzégovine	PROPN:1
hess	NOUN:1
hesse	PROPN:1
hestia	PROPN:1
heu	NOUN:1
heur	NOUN:1
heure	NOUN:2
heureusement	ADV:2	INTJ:1
heureux	ADJ:4	NOUN:1
heuristique	ADJ:1	NOUN:1
heurt	NOUN:3
heurtant	VERB:4
heurter	VERB:4
hexadécimal	ADJ:1	NOUN:1
hexagonal	ADJ:2
hexagone	ADJ:1	NOUN:1	PROPN:1
hiatus	NOUN:2
hibernation	NOUN:1
hiberner	VERB:1
hibiscus	NOUN:1
hibou	NOUN:1
hic	NOUN:1	INTJ:1
hichem	PROPN:2
hidalgo	NOUN:1	PROPN:1
hideux	ADJ:1
hidjab	NOUN:1
hie	NOUN:1
hier	ADV:1	VERB:1
highlander	NOUN:1
hijab	NOUN:1
hikari	PROPN:1
hilaire	PROPN:2	ADJ:1
hilarant	ADJ:1
hilare	ADJ:1
hilarité	NOUN:1
himalaya	PROPN:1
hin	INTJ:1
hindi	NOUN:1
hindou	ADJ:1
hindouisme	NOUN:1
hindouiste	ADJ:1	NOUN:1
hinterland	NOUN:1
hip-hop	NOUN:2
hipparque	PROPN:1
hippie	NOUN:1
hippique	ADJ:1
hippocampe	NOUN:2
hippocrate	PROPN:1
hippodrome	NOUN:1
hippolyte	PROPN:1
hippopotame	NOUN:2
hipster	NOUN:1
hiroko	PROPN:1
hirondelle	NOUN:3
hirsute	ADJ:1
hispanique	ADJ:1
hispanophone	ADJ:1	NOUN:1
hisser	VERB:2
histamine	NOUN:1
histogramme	NOUN:1
histoire	NOUN:4
histologie	NOUN:1
histologique	ADJ:1
historial	ADJ:1
historicité	NOUN:1
historien	NOUN:1
historienne	NOUN:1
historiographe	NOUN:1
historiographie	NOUN:1
historiographique	ADJ:1
historique	ADJ:2	NOUN:2
historiquement	ADV:1
hit	NOUN:2
hit-parade	NOUN:1
hitlérien	ADJ:1
hitomi	PROPN:1
hittite	NOUN:2
hiver	NOUN:1
hivernage	NOUN:1
hivernal	ADJ:2
hiverner	VERB:1
hiérarchie	NOUN:1
hiérarchique	ADJ:1
hiérarchiquement	ADV:1
hiérarchisation	NOUN:2
hiérarchiser	VERB:2
hiératique	ADJ:2
hiéroglyphe	NOUN:2
hiéroglyphique	ADJ:1
hlm	NOUN:1
hmm	INTJ:1
hmong	ADJ:1
ho	INTJ:2	PROPN:1
hoang	PROPN:1
hoarau	PROPN:1
hobby	NOUN:1
hochement	NOUN:1
hocher	VERB:1
hochet	NOUN:1
hockey	NOUN:2
hockeyeur	NOUN:1
hola	NOUN:1
holding	NOUN:1
holistique	ADJ:1
hollandais	ADJ:2	NOUN:3
hollande	PROPN:3
hollande-méridionale	PROPN:1
hollande-septentrionale	PROPN:1
hollywood	PROPN:2
hollywoodien	ADJ:2
holocauste	PROPN:1	NOUN:1
holocène	PROPN:1
hologramme	NOUN:1
holographique	ADJ:1
holà	INTJ:1
homard	NOUN:1
hombre	NOUN:1
homicide	NOUN:2	ADJ:1
hommage	NOUN:1
homme	NOUN:5	PROPN:1
homo	NOUN:1	ADJ:1
homogène	ADJ:1
homogénéisation	NOUN:1
homogénéiser	VERB:1
homogénéité	NOUN:1
homologation	NOUN:1
homologie	NOUN:1
homologue	ADJ:1	NOUN:1
homologuer	VERB:1
homonyme	ADJ:1	NOUN:2
homonymie	NOUN:1
homoparentalité	NOUN:1
homophobe	ADJ:1	NOUN:1
homophobie	NOUN:1
homosexualité	NOUN:1
homosexuel	ADJ:1
homs	PROPN:2
homère	PROPN:1
homélie	NOUN:1
homéopathe	NOUN:1	ADJ:1
homéopathie	NOUN:1
homéopathique	ADJ:1
homéostasie	NOUN:1
homérique	ADJ:1
hon	INTJ:1	NOUN:1
honduras	PROPN:1
hondurien	ADJ:1	NOUN:1
honfleur	PROPN:1
hongkong	PROPN:1
hongkongais	NOUN:1	ADJ:1
hongre	ADJ:1	NOUN:1
hongrie	PROPN:1
hongrois	NOUN:2	ADJ:1
honneur	NOUN:2
honnête	ADJ:2
honnêtement	ADV:1
honnêteté	NOUN:1
honorabilité	NOUN:1
honorable	ADJ:1
honorablement	ADV:1
honoraire	ADJ:1
honorer	VERB:1
honorifique	ADJ:1
honorine	PROPN:1
honoré	PROPN:2
honte	NOUN:2
honteusement	ADV:1
honteux	ADJ:2
hooligan	NOUN:1
hooliganisme	NOUN:1
hop	INTJ:1
hoquet	NOUN:1
horaire	NOUN:1	ADJ:2
horde	NOUN:1
horeca	NOUN:1
horizon	NOUN:1
horizontal	ADJ:1
horizontale	NOUN:2
horizontalement	ADV:1
horizontalité	NOUN:1
horloge	NOUN:1
horloger	NOUN:1	ADJ:1
horlogerie	NOUN:2
hormis	ADP:1
hormonal	ADJ:1
hormone	NOUN:1
horoscope	NOUN:1
horreur	NOUN:4
horrible	ADJ:1
horriblement	ADV:1
horrifique	ADJ:1
hors	ADP:2
hors-jeu	ADJ:1
hors-la-loi	NOUN:1
horst	NOUN:1
horta	PROPN:1
hortense	PROPN:1
hortensia	NOUN:1
horticole	ADJ:1
horticulteur	NOUN:1
horticulture	NOUN:1
hosanna	NOUN:1
hospice	NOUN:1
hospital	NOUN:1
hospitalier	ADJ:2	NOUN:1
hospitalisation	NOUN:1
hospitaliser	VERB:1
hospitalité	NOUN:1
hoste	NOUN:3
hostellerie	NOUN:2
hostie	NOUN:1
hostile	ADJ:2
hostilité	NOUN:1
hosto	NOUN:3
hot	ADJ:2
hot-dog	NOUN:1
hotline	NOUN:1
hotte	NOUN:3
houari	NOUN:1
houblon	NOUN:1
houde	PROPN:1
houe	NOUN:1
houellebecq	PROPN:1
houille	NOUN:1
houiller	ADJ:2
houle	NOUN:1	PROPN:1
houlette	NOUN:2
houleux	ADJ:2
houmous	NOUN:1
hourra	INTJ:1
house	NOUN:1
housing	NOUN:1
housse	NOUN:2
houston	PROPN:1
houx	NOUN:1
hp	NOUN:2
hs	ADJ:1
html	PROPN:1
huard	NOUN:2	PROPN:1
hubert	PROPN:1
hublot	NOUN:3
hue	INTJ:1
huer	VERB:1
hughes	PROPN:1
hugo	PROPN:2
huguenot	ADJ:1
hugues	PROPN:1
huguette	PROPN:1
hui	ADV:1
huile	NOUN:2
huiler	VERB:1
huilerie	NOUN:1
huileux	ADJ:1
huis	NOUN:1
huissier	NOUN:1
huit	NUM:1
huitaine	NOUN:4
huitième	ADJ:1
hull	PROPN:1
hulot	PROPN:1
hum	INTJ:1
huma	NOUN:1
humain	NOUN:1	ADJ:1
humainement	ADV:2
humanisation	NOUN:1
humaniser	VERB:1
humanisme	NOUN:1
humaniste	ADJ:1	NOUN:1
humanitaire	ADJ:1
humanité	NOUN:2
humanoïde	ADJ:1	NOUN:1
humbert	PROPN:2
humble	ADJ:1
humblement	ADV:1
humer	VERB:1
humeur	NOUN:2
humide	ADJ:2
humidificateur	NOUN:1
humidifier	VERB:1
humidité	NOUN:1
humiliant	ADJ:1
humiliation	NOUN:1
humilier	VERB:1
humilité	NOUN:1
humoriste	NOUN:1
humoristique	ADJ:1
humour	NOUN:1
humus	NOUN:1
humérus	NOUN:1
hun	PROPN:1	NOUN:1
hune	NOUN:1
huot	PROPN:1
huppe	NOUN:2
huppé	ADJ:2
hurlant	ADJ:2
hurlement	NOUN:1
hurler	VERB:2
hurleur	NOUN:1
hurluberlu	NOUN:1	ADJ:1
huron	PROPN:1	NOUN:1	ADJ:1
hurricane	NOUN:1
hurtubise	PROPN:1
hussard	NOUN:1
hutte	NOUN:1
hutu	ADJ:1
huynh	PROPN:1
hué	PROPN:1
huée	NOUN:2
huées	NOUN:1
huître	NOUN:1
hyacinthe	NOUN:3	PROPN:1
hyaluronique	ADJ:1
hybridation	NOUN:2
hybride	ADJ:1
hydratation	NOUN:1
hydrate	NOUN:1
hydrater	VERB:1
hydraulique	ADJ:1	NOUN:1
hydravion	NOUN:1
hydre	NOUN:1	PROPN:2
hydrique	ADJ:1
hydro-électricité	NOUN:1
hydro-électrique	ADJ:1
hydrocarbure	NOUN:1
hydrodynamique	NOUN:1	ADJ:1
hydrographie	NOUN:1
hydrographique	ADJ:1
hydrogène	NOUN:1
hydrogénation	NOUN:1
hydrogéologie	NOUN:1
hydrolienne	NOUN:1
hydrologie	NOUN:1
hydrologique	ADJ:1
hydromel	NOUN:1
hydrophile	ADJ:2	NOUN:1
hydrophobe	ADJ:1	NOUN:1
hydroponique	ADJ:1
hydrostatique	ADJ:1	NOUN:1
hydrothérapie	NOUN:1
hydroxyde	NOUN:1
hydroélectricité	NOUN:1
hydroélectrique	ADJ:1
hydrure	NOUN:1
hygiène	NOUN:1
hygiénique	ADJ:1
hygiéniste	NOUN:1
hygrométrie	NOUN:1
hymen	NOUN:2
hymne	NOUN:2
hyoïde	ADJ:1	NOUN:1
hype	NOUN:1
hyper	ADV:1
hyperactif	ADJ:1	NOUN:1
hyperactivité	NOUN:1
hyperbare	ADJ:1
hyperbole	NOUN:2
hyperbolique	ADJ:2
hypercentre	NOUN:1
hypercholestérolémie	NOUN:1
hyperespace	NOUN:1
hyperglycémie	NOUN:1
hypermarché	NOUN:1
hyperplasie	NOUN:1
hypersensibilité	NOUN:1
hypersensible	ADJ:1
hypertension	NOUN:1
hypertexte	NOUN:1
hyperthermie	NOUN:1
hyperthyroïdie	NOUN:1
hypertrophie	NOUN:1
hypnose	NOUN:1
hypnotique	ADJ:1	NOUN:1
hypnotiser	VERB:2
hypnotiseur	NOUN:1
hypnotisme	NOUN:1
hypocondriaque	ADJ:1
hypocondrie	NOUN:1
hypocrisie	NOUN:1
hypocrite	ADJ:1	NOUN:1
hypocritement	ADV:1
hypoglycémie	NOUN:1
hypokhâgne	NOUN:1
hypophyse	NOUN:1
hypotension	NOUN:1
hypothalamus	NOUN:1
hypothermie	NOUN:1
hypothyroïdie	NOUN:1
hypothèque	NOUN:2
hypothèse	NOUN:1
hypothécaire	ADJ:1
hypothéquer	VERB:3
hypothétique	ADJ:1
hypothétiquement	ADV:1
hypoténuse	NOUN:1
hypoxie	NOUN:1
hypérion	PROPN:1
hystérectomie	NOUN:1
hystérie	NOUN:1
hystérique	ADJ:1
hyène	NOUN:1
hyères	PROPN:1
hâle	NOUN:1
hâlé	ADJ:1
hâte	NOUN:1
hâter	VERB:2
hâtif	ADJ:2
hâtivement	ADV:2
hé	INTJ:3	NOUN:1
hébergement	NOUN:1
héberger	VERB:1
hébergeur	NOUN:2
hébert	PROPN:1
hébraïque	ADJ:1
hébreu	NOUN:3	ADJ:1
hébrides	PROPN:1
hébron	PROPN:1
hébété	ADJ:1
hécate	PROPN:1
hécatombe	NOUN:3
hédonisme	NOUN:1
hédoniste	ADJ:1	NOUN:1
hégire	NOUN:1
hégémonie	NOUN:1
hégémonique	ADJ:1
héhé	INTJ:2
hélas	INTJ:1	NOUN:1
hélice	NOUN:3	PROPN:1
hélico	NOUN:1
hélicoptère	NOUN:1
hélicoïdal	ADJ:1
hélios	PROPN:1
héliport	NOUN:1
hélium	NOUN:1
héloïse	PROPN:1
hélène	PROPN:1
hématite	NOUN:1
hématologie	NOUN:1
hématome	NOUN:2
hémicycle	NOUN:2
hémisphère	NOUN:1
hémisphérique	ADJ:1
hémodialyse	NOUN:1
hémoglobine	NOUN:2
hémolytique	ADJ:1
hémophilie	NOUN:1
hémorragie	NOUN:1
hémorragique	ADJ:1
hémostase	NOUN:1
héparine	NOUN:1
hépatique	ADJ:1	NOUN:3
hépatite	NOUN:1
héphaïstos	PROPN:1
héra	PROPN:1
héraclite	PROPN:1
héraclès	PROPN:1
héraldique	ADJ:1	NOUN:1
hérault	PROPN:2
héraultais	ADJ:1
héraut	NOUN:1
hérisson	NOUN:1
hérissé	ADJ:1
héritage	NOUN:3
hériter	VERB:1
héritier	NOUN:1
héritière	NOUN:1
hérode	PROPN:1
hérodote	PROPN:1
héron	NOUN:1
héros	NOUN:1
héroïne	NOUN:2
héroïque	ADJ:1
héroïquement	ADV:1
héroïsme	NOUN:1
héréditaire	ADJ:1
hérédité	NOUN:2
hérésie	NOUN:2
hérétique	ADJ:1	NOUN:1
hésiode	PROPN:1
hésitant	ADJ:1
hésitation	NOUN:1
hésiter	VERB:1
hétéro	ADJ:1	NOUN:1
hétéroclite	ADJ:3
hétérodoxe	ADJ:1
hétérogène	ADJ:1
hétérogénéité	NOUN:1
hétérosexualité	NOUN:1
hétérosexuel	ADJ:1
hévéa	NOUN:1
hêtre	NOUN:2
hôpital	NOUN:1
hôte	NOUN:3
hôtel	NOUN:2
hôtel-dieu	NOUN:2
hôtelier	ADJ:1	NOUN:1
hôtellerie	NOUN:2
hôtesse	NOUN:1
ia	NOUN:1
ibis	NOUN:1
ibiza	PROPN:1
ibo	PROPN:1
ibrahim	PROPN:1
ibuprofène	NOUN:1
ibérie	PROPN:1
ibérique	ADJ:1
icare	PROPN:1
iceberg	NOUN:1
ici	ADV:1
icitte	ADV:1
icone	NOUN:3
iconique	ADJ:2
iconoclaste	ADJ:1	NOUN:1
iconographie	NOUN:1
iconographique	ADJ:2
ictère	NOUN:1
icône	NOUN:3
idaho	PROPN:1
ide	NOUN:1
idem	ADV:1
identifiable	ADJ:1
identifiant	NOUN:2
identification	NOUN:1
identifier	VERB:2
identique	ADJ:1
identiquement	ADV:1
identitaire	ADJ:1
identité	NOUN:2
idiome	NOUN:2
idiopathique	ADJ:1
idiot	ADJ:1	NOUN:1
idiotie	NOUN:2
ido	PROPN:1
idoine	ADJ:1
idole	NOUN:2
idolâtre	NOUN:1	ADJ:2
idolâtrer	VERB:1
idolâtrie	NOUN:1
idylle	NOUN:2
idyllique	ADJ:1
idéal	NOUN:1
idéalement	ADV:1
idéalisation	NOUN:1
idéaliser	VERB:1
idéalisme	NOUN:1
idéaliste	ADJ:1	NOUN:1
idée	NOUN:1	PROPN:1
idéogramme	NOUN:1
idéologie	NOUN:1
idéologique	ADJ:1
idéologiquement	ADV:1
idéologue	NOUN:1
iel	PRON:1
iels	PRON:1
ier	ADJ:1
if	NOUN:1
igloo	NOUN:1
ignace	PROPN:1
igname	NOUN:1
ignare	ADJ:1
ignition	NOUN:1
ignoble	ADJ:2
ignominie	NOUN:1
ignorance	NOUN:1
ignorer	VERB:2
iguane	NOUN:1
ik	PROPN:1
il	PRON:3
ilia	PROPN:1
iliaque	ADJ:1
ille	PROPN:2
ille-et-vilaine	PROPN:1
illettrisme	NOUN:1
illettré	ADJ:2	NOUN:1
illicite	ADJ:1
illico	ADV:1
illimité	ADJ:2
illinois	NOUN:2	PROPN:1	ADJ:1
illisible	ADJ:1
illogique	ADJ:1
illumination	NOUN:2
illuminer	VERB:2
illuminé	NOUN:1
illusion	NOUN:1
illusionniste	NOUN:1
illusoire	ADJ:1
illustrateur	NOUN:1
illustration	NOUN:3
illustrer	VERB:1
illyrie	PROPN:2
illégal	ADJ:1
illégalement	ADV:1
illégalité	NOUN:2
illégitime	ADJ:1
illégitimité	NOUN:1
ils	PRON:2
ilyas	PROPN:1
image	NOUN:3
imager	VERB:1
imagerie	NOUN:2
imagier	NOUN:2
imaginable	ADJ:1
imaginaire	ADJ:2	NOUN:2
imaginatif	ADJ:1
imagination	NOUN:1
imaginer	VERB:1
imago	NOUN:2
imagé	ADJ:2
imam	NOUN:1
iman	NOUN:1
imbattable	ADJ:2
imberbe	ADJ:1
imbiber	VERB:1
imbibé	ADJ:2
imbrication	NOUN:1
imbroglio	NOUN:1
imbu	ADJ:2
imbuvable	ADJ:2
imbécile	ADJ:1	NOUN:1
imbécillité	NOUN:1
imc	NOUN:1
imitateur	NOUN:1	ADJ:1
imitation	NOUN:1
imiter	VERB:1
immaculé	ADJ:1
immanence	NOUN:1
immangeable	ADJ:1
immanquable	ADJ:1
immanquablement	ADV:2
immatriculation	NOUN:1
immatriculer	VERB:1
immature	ADJ:1
immaturité	NOUN:1
immatériel	ADJ:2
immense	ADJ:1
immensité	NOUN:2
immensément	ADV:2
immerger	VERB:1
immergé	ADJ:1
immersif	ADJ:1
immersion	NOUN:2
immeuble	NOUN:3
immigrant	NOUN:1
immigration	NOUN:1
immigrer	VERB:1
immigré	NOUN:1
imminence	NOUN:1
imminent	ADJ:1
immiscer	VERB:2
immixtion	NOUN:1
immo	NOUN:1
immobile	ADJ:3
immobilier	ADJ:2	NOUN:1
immobilisation	NOUN:2
immobiliser	VERB:1
immobilisme	NOUN:1
immobilité	NOUN:1
immodéré	ADJ:1
immolation	NOUN:1
immoler	VERB:3
immonde	ADJ:2
immondice	NOUN:3
immondices	NOUN:1
immoral	ADJ:1
immoralité	NOUN:1
immortaliser	VERB:1
immortalité	NOUN:1
immortel	ADJ:1	NOUN:1
immortelle	NOUN:2
immuable	ADJ:3
immunisation	NOUN:1
immuniser	VERB:1
immunitaire	ADJ:1
immunité	NOUN:1
immunodéficience	NOUN:1
immunologie	NOUN:1
immunologique	ADJ:1
immunothérapie	NOUN:1
immédiat	ADJ:1	NOUN:1
immédiatement	ADV:1
immédiateté	NOUN:1
immémorial	ADJ:1
impact	NOUN:1
impactant	ADJ:1
impacter	VERB:2
impair	ADJ:2	NOUN:1
impala	NOUN:1
impalpable	ADJ:1
imparable	ADJ:2
impardonnable	ADJ:1
imparfait	ADJ:2	NOUN:1
imparfaitement	ADV:1
impartial	ADJ:1
impartialité	NOUN:1
impasse	NOUN:2
impassible	ADJ:2
impatiemment	ADV:2
impatience	NOUN:1
impatient	ADJ:1	NOUN:1
impatienter	VERB:2
impayable	ADJ:4
impayé	ADJ:1
impeachment	NOUN:1
impec	ADJ:1	ADV:1
impeccable	ADJ:1
impeccablement	ADV:1
impensable	ADJ:1
imper	NOUN:1
imperceptible	ADJ:1
imperceptiblement	ADV:1
imperfection	NOUN:1
imperméabilité	NOUN:1
imperméable	ADJ:1	NOUN:1
impersonnel	ADJ:3
impertinence	NOUN:1
impertinent	ADJ:1
imperturbable	ADJ:1
impie	ADJ:1
impitoyable	ADJ:1
impitoyablement	ADV:1
impiété	NOUN:1
implacable	ADJ:1
implacablement	ADV:1
implant	NOUN:1
implantation	NOUN:1
implanter	VERB:5
implication	NOUN:2
implicite	ADJ:1
implicitement	ADV:1
impliquer	VERB:4
implorant	ADJ:1
implorer	VERB:1
imploser	VERB:1
implosion	NOUN:1
implémentation	NOUN:1
implémenter	VERB:1
implémenté	ADJ:1
impoli	ADJ:1
impolitesse	NOUN:1
impopulaire	ADJ:1
impopularité	NOUN:1
import	NOUN:1
importance	NOUN:2
important	ADJ:2
importateur	ADJ:1	NOUN:1
importation	NOUN:1
importer	VERB:2
importun	ADJ:2
importuner	VERB:1
imposable	ADJ:1
imposant	ADJ:1
imposer	VERB:5
imposition	NOUN:2
impossibilité	NOUN:1
impossible	ADJ:2	NOUN:1
imposteur	NOUN:1
imposture	NOUN:1
impotent	ADJ:2
impraticable	ADJ:2
imprenable	ADJ:2
impresario	NOUN:1
imprescriptible	ADJ:1
impression	NOUN:3
impressionnable	ADJ:2
impressionnant	ADJ:1
impressionner	VERB:1
impressionnisme	NOUN:1
impressionniste	NOUN:1	ADJ:1
impressionné	ADJ:1
imprimante	NOUN:1
imprimer	VERB:1
imprimerie	NOUN:2
imprimeur	NOUN:1
impro	NOUN:1
improbable	ADJ:1
improductif	ADJ:1
impromptu	ADJ:1	NOUN:2
imprononçable	ADJ:1
impropre	ADJ:2
improprement	ADV:1
improvisateur	NOUN:1
improvisation	NOUN:1
improviser	VERB:1
imprudemment	ADV:1
imprudence	NOUN:1
imprudent	ADJ:1
imprécis	ADJ:1
imprécision	NOUN:1
imprégnation	NOUN:1
imprégner	VERB:3
impréparation	NOUN:2
imprésario	NOUN:1
imprévisibilité	NOUN:1
imprévisible	ADJ:1
imprévu	ADJ:1	NOUN:1
impudence	NOUN:1
impudent	ADJ:1
impudeur	NOUN:1
impudique	ADJ:1
impuissance	NOUN:2
impuissant	ADJ:2	NOUN:1
impulser	VERB:1
impulsif	ADJ:1
impulsion	NOUN:3
impulsivité	NOUN:1
impuni	ADJ:1
impunité	NOUN:1
impunément	ADV:1
impur	ADJ:1
impureté	NOUN:1
imputable	ADJ:1
imputation	NOUN:1
imputer	VERB:4
impédance	NOUN:1
impénitent	ADJ:1
impénétrable	ADJ:2
impératif	ADJ:1
impérativement	ADV:2
impératrice	NOUN:1
impérial	ADJ:1
impérialisme	NOUN:1
impérialiste	ADJ:1
impérieux	ADJ:2
impérissable	ADJ:1
impétueux	ADJ:2
impétuosité	NOUN:1
impôt	NOUN:1
imâm	NOUN:1
inabordable	ADJ:2
inacceptable	ADJ:1
inaccessibilité	NOUN:1
inaccessible	ADJ:1
inachevé	ADJ:1
inachèvement	NOUN:1
inactif	ADJ:1
inaction	NOUN:1
inactivité	NOUN:1
inadaptation	NOUN:1
inadapté	ADJ:2
inadmissible	ADJ:1
inadvertance	NOUN:2
inadéquat	ADJ:2
inadéquation	NOUN:1
inaliénable	ADJ:1
inaltérable	ADJ:1
inamovible	ADJ:3
inanimé	ADJ:3
inanité	NOUN:2
inaperçu	ADJ:1
inapplicable	ADJ:1
inapproprié	ADJ:1
inapte	ADJ:1
inaptitude	NOUN:1
inarrêtable	ADJ:1
inattaquable	ADJ:2
inatteignable	ADJ:1
inattendu	ADJ:1
inattention	NOUN:1
inaudible	ADJ:2
inaugural	ADJ:1
inauguration	NOUN:1
inaugurer	VERB:1
inavouable	ADJ:1
inavoué	ADJ:2
inca	ADJ:1	NOUN:1
incalculable	ADJ:1
incandescence	NOUN:1
incandescent	ADJ:1
incantation	NOUN:1
incantatoire	ADJ:1
incapable	ADJ:1	NOUN:1
incapacité	NOUN:1
incarcération	NOUN:1
incarcérer	VERB:1
incarnation	NOUN:1
incarner	VERB:4
incartade	NOUN:1
incassable	ADJ:1
incendiaire	ADJ:3	NOUN:1
incendie	NOUN:1
incendier	VERB:2
incertain	ADJ:1
incertitude	NOUN:1
incessamment	ADV:2
incessant	ADJ:1
inceste	NOUN:1
incestueux	ADJ:1
inchangé	ADJ:1
incidemment	ADV:1
incidence	NOUN:2
incident	NOUN:1	ADJ:1
incinérateur	NOUN:1
incinération	NOUN:2
incinérer	VERB:1
incise	NOUN:1
inciser	VERB:1
incisif	ADJ:2
incision	NOUN:1
incisive	NOUN:1
incitant	NOUN:1
incitatif	ADJ:1	NOUN:1
incitation	NOUN:1
inciter	VERB:1
incivilité	NOUN:1
incivisme	NOUN:2
inclassable	ADJ:1
inclinaison	NOUN:1
inclination	NOUN:1
incliner	VERB:3
inclure	VERB:3
inclusif	ADJ:1
inclusion	NOUN:1
inclusivement	ADV:1
incognito	ADV:1
incohérence	NOUN:1
incohérent	ADJ:1
incollable	ADJ:2
incolore	ADJ:2
incommensurable	ADJ:2
incommoder	VERB:1
incomparable	ADJ:1
incomparablement	ADV:1
incompatibilité	NOUN:1
incompatible	ADJ:1
incomplet	ADJ:1
incompressible	ADJ:2
incompris	ADJ:1	NOUN:1
incompréhensible	ADJ:1
incompréhension	NOUN:1
incompétence	NOUN:1
incompétent	ADJ:1
inconcevable	ADJ:1
inconditionnel	ADJ:3	NOUN:1
inconditionnellement	ADV:1
inconduite	NOUN:1
inconfort	NOUN:1
inconfortable	ADJ:1
incongru	ADJ:1
incongruité	NOUN:1
inconnu	ADJ:1	NOUN:2
inconsciemment	ADV:1
inconscience	NOUN:2
inconscient	ADJ:3	NOUN:2
inconsidéré	ADJ:1
inconsistance	NOUN:2
inconsistant	ADJ:2
inconsolable	ADJ:1
inconstance	NOUN:1
inconstant	ADJ:1
inconstitutionnalité	NOUN:1
inconstitutionnel	ADJ:1
inconséquence	NOUN:2
inconséquent	ADJ:2
incontestable	ADJ:1
incontestablement	ADV:1
incontesté	ADJ:1
incontinence	NOUN:1
incontinent	ADJ:1	ADV:1
incontournable	ADJ:1
incontrôlable	ADJ:2
incontrôlé	ADJ:2
inconvenant	ADJ:1
inconvénient	NOUN:2
incorporation	NOUN:2
incorporer	VERB:2
incorrect	ADJ:3
incorrectement	ADV:1
incorrigible	ADJ:1	NOUN:1
incorruptible	ADJ:1
increvable	ADJ:2
incrimination	NOUN:1
incriminer	VERB:1
incriminé	ADJ:2
incroyable	ADJ:1	NOUN:1
incroyablement	ADV:1
incrustation	NOUN:2
incruste	NOUN:1
incruster	VERB:2
incrédule	ADJ:1	NOUN:1
incrédulité	NOUN:1
incubateur	NOUN:1	ADJ:1
incubation	NOUN:1
inculpation	NOUN:1
inculper	VERB:1
inculquer	VERB:2
inculte	ADJ:2	NOUN:1
inculture	NOUN:1
incurable	ADJ:1
incurie	NOUN:1
incursion	NOUN:3
incurvé	ADJ:1
inde	PROPN:1
indemne	ADJ:1
indemnisation	NOUN:1
indemniser	VERB:1
indemnitaire	ADJ:2
indemnité	NOUN:2
indes	PROPN:2
indescriptible	ADJ:1
indestructible	ADJ:1
index	NOUN:3
indexation	NOUN:2
indexer	VERB:1
indic	NOUN:1
indicateur	NOUN:4	ADJ:1
indicatif	ADJ:1	NOUN:1
indication	NOUN:4
indice	NOUN:2
indiciaire	ADJ:1	NOUN:1
indicible	ADJ:2
indien	NOUN:3	PROPN:1	ADJ:2
indifféremment	ADV:1
indifférence	NOUN:1
indifférent	ADJ:2
indigence	NOUN:1
indigent	ADJ:2	NOUN:1
indigeste	ADJ:2
indigestion	NOUN:2
indignation	NOUN:1
indigne	ADJ:2
indigner	VERB:2
indignité	NOUN:1
indigné	ADJ:1	NOUN:1
indigo	NOUN:1	ADJ:1
indigène	ADJ:1	NOUN:1
indigénat	NOUN:2
indiquer	VERB:4
indirect	ADJ:1
indirectement	ADV:1
indiscipline	NOUN:1
indiscipliné	ADJ:1
indiscret	ADJ:1
indiscrétion	NOUN:1
indiscutable	ADJ:1
indiscutablement	ADV:1
indispensable	ADJ:1
indisponibilité	NOUN:1
indisponible	ADJ:1
indisposé	ADJ:2
indissociable	ADJ:1
indissoluble	ADJ:1
indistinct	ADJ:1
indistinctement	ADV:1
indium	NOUN:1
individu	NOUN:1
individualisation	NOUN:1
individualiser	VERB:1
individualisme	NOUN:1
individualiste	NOUN:1
individualité	NOUN:1
individuation	NOUN:1
individuel	ADJ:1
individuellement	ADV:2
indivis	ADJ:1
indivisibilité	NOUN:1
indivisible	ADJ:1
indivision	NOUN:1
indochine	PROPN:3
indochinois	NOUN:1	ADJ:1
indolence	NOUN:2
indolent	ADJ:1
indolore	ADJ:1
indomptable	ADJ:1
indonésie	PROPN:1
indonésien	ADJ:1	NOUN:2
indre	PROPN:2
indre-et-loire	PROPN:1
indu	ADJ:1
indubitable	ADJ:1
indubitablement	ADV:1
inductance	NOUN:2
inducteur	ADJ:1	NOUN:2
inductif	ADJ:1
induction	NOUN:2
induire	VERB:3
indulgence	NOUN:2
indulgent	ADJ:1
industrialisation	NOUN:1
industrialiser	VERB:1
industrialisé	ADJ:1
industrie	NOUN:4
industriel	ADJ:1	NOUN:1
industriellement	ADV:1
indécence	NOUN:1
indécent	ADJ:2
indéchiffrable	ADJ:1
indécis	ADJ:2
indécision	NOUN:1
indécrottable	ADJ:2
indéfectible	ADJ:1
indéfendable	ADJ:1
indéfini	ADJ:2
indéfiniment	ADV:1
indéfinissable	ADJ:3
indélicat	ADJ:2
indélébile	ADJ:1
indémodable	ADJ:1
indéniable	ADJ:1
indéniablement	ADV:1
indépassable	ADJ:1
indépendamment	ADV:1
indépendance	NOUN:1
indépendant	ADJ:2	NOUN:1
indépendantisme	NOUN:1
indépendantiste	ADJ:1	NOUN:2
indésirable	ADJ:2
indétectable	ADJ:1
indétermination	NOUN:1
indéterminé	ADJ:2
indétrônable	ADJ:1
indûment	ADV:1
ineffable	ADJ:1
inefficace	ADJ:1
inefficacité	NOUN:1
inenvisageable	ADJ:2
inepte	ADJ:1
ineptie	NOUN:1
inerte	ADJ:1
inertie	NOUN:2
inespéré	ADJ:1
inestimable	ADJ:1
inexact	ADJ:1
inexactitude	NOUN:1
inexcusable	ADJ:1
inexistant	ADJ:1
inexistence	NOUN:1
inexorable	ADJ:1
inexorablement	ADV:1
inexplicable	ADJ:1
inexplicablement	ADV:1
inexpliqué	ADJ:1
inexploité	ADJ:1
inexploré	ADJ:1
inexprimable	ADJ:1
inexpérience	NOUN:1
inexpérimenté	ADJ:1
inextinguible	ADJ:2
inextricable	ADJ:1
inextricablement	ADV:1
inexécution	NOUN:1
infaillibilité	NOUN:1
infaillible	ADJ:2
infaisable	ADJ:1
infamant	ADJ:1
infamie	NOUN:1
infant	NOUN:1
infante	NOUN:1
infanterie	NOUN:1
infanticide	NOUN:2
infantile	ADJ:1
infantilisation	NOUN:1
infarctus	NOUN:1
infatigable	ADJ:1
infect	ADJ:2
infectant	ADJ:1
infecter	VERB:1
infectieux	ADJ:1
infection	NOUN:2
infernal	ADJ:2
infertile	ADJ:1
infertilité	NOUN:1
infestation	NOUN:1
infidèle	ADJ:3	NOUN:2
infidélité	NOUN:1
infiltration	NOUN:2
infime	ADJ:2
infini	ADJ:1	NOUN:2
infiniment	ADV:2
infinitif	ADJ:1	NOUN:1
infinité	NOUN:1
infinitésimal	ADJ:1
infirme	ADJ:1	NOUN:1
infirmer	VERB:2
infirmerie	NOUN:1
infirmier	NOUN:1	ADJ:1
infirmité	NOUN:2
infirmière	NOUN:1
inflammable	ADJ:1
inflammation	NOUN:1
inflammatoire	ADJ:1
inflation	NOUN:1
inflationniste	ADJ:1
inflexible	ADJ:1
inflexion	NOUN:4
infliger	VERB:1
inflorescence	NOUN:1
influence	NOUN:1
influencer	VERB:1
influenceur	NOUN:1
influent	ADJ:1
influenza	NOUN:1
influençable	ADJ:2
influer	VERB:1
infléchir	VERB:6
info	NOUN:3
infographie	NOUN:1
infographiste	NOUN:1
infondé	ADJ:1
informateur	NOUN:1
informaticien	NOUN:1
informatif	ADJ:1
information	NOUN:3
informationnel	ADJ:1
informatique	NOUN:2
informatisation	NOUN:2
informe	ADJ:3
informel	ADJ:1
informer	VERB:2
infortune	NOUN:1
infortuné	ADJ:1	NOUN:1
infra	ADV:1	NOUN:1
infraction	NOUN:2
infranchissable	ADJ:1
infrarouge	ADJ:1
infrastructure	NOUN:1
infructueux	ADJ:2
infréquentable	ADJ:1
infuser	VERB:2
infusion	NOUN:1
infâme	ADJ:2	NOUN:1
inférence	NOUN:1
inférer	VERB:1
inférieur	ADJ:3
infériorité	NOUN:1
inga	PROPN:1
ingeborg	PROPN:1
inger	PROPN:1
ingestion	NOUN:1
ingmar	PROPN:2
ingouvernable	ADJ:1
ingrat	ADJ:2
ingratitude	NOUN:1
ingrid	PROPN:1
ingrédient	NOUN:1
ingurgiter	VERB:2
ingénierie	NOUN:1
ingénieur	NOUN:2
ingénieusement	ADV:1
ingénieux	ADJ:1
ingéniosité	NOUN:2
ingénu	ADJ:1
ingénuité	NOUN:1
ingérable	ADJ:1
ingérence	NOUN:1
ingérer	VERB:2
ingéré	ADJ:1
inhabitable	ADJ:1
inhabituel	ADJ:1
inhabituellement	ADV:1
inhabité	ADJ:3
inhalateur	NOUN:1
inhalation	NOUN:1
inhaler	VERB:1
inhiber	VERB:1
inhibiteur	NOUN:1
inhibition	NOUN:1
inhospitalier	ADJ:1
inhumain	ADJ:1
inhumanité	NOUN:2
inhumation	NOUN:1
inhumer	VERB:1
inhérent	ADJ:1
inimaginable	ADJ:1
inimitable	ADJ:1
inimitié	NOUN:1
inintelligible	ADJ:1
ininterrompu	ADJ:1
inintéressant	ADJ:1
inique	ADJ:1
iniquité	NOUN:1
initial	ADJ:1
initialement	ADV:1
initialisation	NOUN:1
initiateur	ADJ:1	NOUN:1
initiation	NOUN:1
initiatique	ADJ:1
initiative	NOUN:1
initier	VERB:2
injectable	ADJ:1
injecter	VERB:1
injecteur	NOUN:1
injection	NOUN:1
injoignable	ADJ:1
injonction	NOUN:1
injouable	ADJ:1
injure	NOUN:1
injurier	VERB:1
injurieux	ADJ:1
injuste	ADJ:1
injustement	ADV:1
injustice	NOUN:1
injustifiable	ADJ:1
injustifié	ADJ:1
inlassable	ADJ:1
inlassablement	ADV:1
innervation	NOUN:1
innocemment	ADV:1
innocence	NOUN:1
innocent	ADJ:1	NOUN:3
innocenter	VERB:1
innocuité	NOUN:1
innombrable	ADJ:1
innommable	ADJ:2
innovant	ADJ:1
innovateur	ADJ:1	NOUN:1
innovation	NOUN:1
innover	VERB:1
innu	NOUN:2	ADJ:1
inné	ADJ:1
inoccupé	ADJ:2
inoculation	NOUN:1
inoculer	VERB:1
inodore	ADJ:2
inoffensif	ADJ:1
inondable	ADJ:1
inondation	NOUN:2
inonder	VERB:2
inopiné	ADJ:1
inopinément	ADV:1
inopportun	ADJ:3
inopérant	ADJ:2
inorganique	ADJ:1
inoubliable	ADJ:1
inouï	ADJ:2
inox	NOUN:1	ADJ:2
inoxydable	ADJ:2
input	NOUN:1
inqualifiable	ADJ:2
inquiet	ADJ:2
inquisiteur	ADJ:1	NOUN:1
inquisition	NOUN:1
inquiéter	VERB:2
inquiétude	NOUN:1
inrap	PROPN:1
insaisissable	ADJ:2
insalubre	ADJ:1
insalubrité	NOUN:1
insane	ADJ:2
insatiable	ADJ:1
insatisfaction	NOUN:1
insatisfaisant	ADJ:1
insatisfait	ADJ:1
inscription	NOUN:2
inscrire	VERB:6
insecte	NOUN:1
insecticide	NOUN:1
insensibilité	NOUN:1
insensible	ADJ:3
insensiblement	ADV:2
insensé	ADJ:3
insert	NOUN:1
insertion	NOUN:1
insidieusement	ADV:1
insidieux	ADJ:1
insigne	ADJ:1	NOUN:1
insignifiance	NOUN:1
insignifiant	ADJ:3	NOUN:1
insinuation	NOUN:1
insinuer	VERB:2
insipide	ADJ:1
insistance	NOUN:1
insistant	ADJ:2
insister	VERB:1
insolation	NOUN:1
insolence	NOUN:1
insolent	ADJ:1
insolite	ADJ:1
insoluble	ADJ:1
insolvabilité	NOUN:1
insolvable	ADJ:1
insomniaque	ADJ:1
insomnie	NOUN:1
insondable	ADJ:2
insonorisation	NOUN:1
insouciance	NOUN:1
insouciant	ADJ:2
insoumis	ADJ:4	NOUN:1
insoumission	NOUN:2
insoupçonnable	ADJ:1
insoupçonné	ADJ:1
insoutenable	ADJ:2
inspecter	VERB:1
inspecteur	NOUN:3
inspection	NOUN:1
inspirateur	ADJ:1	NOUN:1
inspiration	NOUN:3
inspirer	VERB:2
instabilité	NOUN:1
instable	ADJ:1
installateur	NOUN:2
installation	NOUN:1
installer	VERB:3
instamment	ADV:1
instance	NOUN:4
instant	ADJ:1	NOUN:1
instantané	ADJ:1	NOUN:2
instantanéité	NOUN:1
instantanément	ADV:1
instauration	NOUN:1
instaurer	VERB:1
instigateur	NOUN:1
instigation	NOUN:1
instiller	VERB:1
instinct	NOUN:2
instinctif	ADJ:1
instinctivement	ADV:1
instit	NOUN:1
instituer	VERB:2
institut	NOUN:1
instituteur	NOUN:1
institution	NOUN:1
institutionnalisation	NOUN:1
institutionnaliser	VERB:1
institutionnel	ADJ:1
institutionnellement	ADV:1
institutrice	NOUN:1
instructeur	NOUN:1
instructif	ADJ:1	NOUN:1
instruction	NOUN:4
instruire	VERB:2
instruit	ADJ:1
instrument	NOUN:2
instrumental	ADJ:1	NOUN:1
instrumentalisation	NOUN:1
instrumentaliser	VERB:1
instrumentation	NOUN:1
instrumentiste	NOUN:1
insu	NOUN:1
insubmersible	ADJ:1
insubordination	NOUN:1
insuccès	NOUN:1
insuffisamment	ADV:1
insuffisance	NOUN:2
insuffisant	ADJ:1
insuffler	VERB:2
insulaire	ADJ:3	NOUN:1
insularité	NOUN:1
insuline	NOUN:1
insulte	NOUN:1
insulter	VERB:1
insulté	ADJ:1
insupportable	ADJ:2
insurger	VERB:1
insurgé	NOUN:1
insurmontable	ADJ:1
insurrection	NOUN:1
insurrectionnel	ADJ:1
insécurité	NOUN:1
insémination	NOUN:1
inséparable	ADJ:1	NOUN:1
insérer	VERB:1
intact	ADJ:2
intangible	ADJ:1
intarissable	ADJ:2
intellect	NOUN:1
intellectualisme	NOUN:1
intellectuel	ADJ:1	NOUN:1
intellectuellement	ADV:1
intelligemment	ADV:1
intelligence	NOUN:3
intelligent	ADJ:1
intelligentsia	NOUN:1
intelligibilité	NOUN:1
intelligible	ADJ:1
intello	ADJ:1	NOUN:1
intempestif	ADJ:1
intemporel	ADJ:1
intenable	ADJ:1
intendance	NOUN:2
intendant	NOUN:2
intendante	NOUN:1
intense	ADJ:1
intensif	ADJ:1
intensification	NOUN:1
intensifier	VERB:1
intensité	NOUN:1
intensivement	ADV:1
intensément	ADV:1
intenter	VERB:1
intention	NOUN:1
intentionnalité	NOUN:1
intentionnel	ADJ:1
intentionnellement	ADV:2
intentionné	ADJ:1
interactif	ADJ:1
interaction	NOUN:1
interactivité	NOUN:1
interagir	VERB:1
interallié	ADJ:1
interarmées	ADJ:1
interbancaire	ADJ:1
intercalaire	NOUN:1	ADJ:3
intercaler	VERB:3
intercepter	VERB:1
intercepteur	NOUN:2
interception	NOUN:1
intercession	NOUN:1
interchangeable	ADJ:1
intercités	NOUN:1
interclubs	ADJ:1
intercommunal	ADJ:1
intercommunalité	NOUN:1
interconnecté	ADJ:1
interconnexion	NOUN:1
intercontinental	ADJ:1
interculturel	ADJ:1
intercéder	VERB:1
interdiction	NOUN:1
interdire	VERB:2
interdisciplinaire	ADJ:1
interdisciplinarité	NOUN:1
interdit	ADJ:2	NOUN:2
interdépartemental	ADJ:1
interdépendance	NOUN:1
interface	NOUN:1
interférence	NOUN:1
interférer	VERB:1
interféron	NOUN:1
intergalactique	ADJ:1
intergouvernemental	ADJ:1
intergénérationnel	ADJ:1
interjection	NOUN:1
interjeter	VERB:1
interligne	NOUN:2
interlocuteur	NOUN:1
interlope	ADJ:1
interminable	ADJ:1
interministériel	ADJ:1
intermittence	NOUN:1
intermittent	ADJ:1
intermodalité	NOUN:1
intermède	NOUN:1
intermédiaire	ADJ:1	NOUN:1
internat	NOUN:3
international	ADJ:1
internationalement	ADV:1
internationalisation	NOUN:1
internationaliser	VERB:1
internationalisme	NOUN:1
internationaliste	ADJ:1
internaute	NOUN:1
interne	ADJ:1	NOUN:2
internement	NOUN:1
interner	VERB:2
internet	NOUN:1
interné	ADJ:1	NOUN:1
interopérabilité	NOUN:1
interparlementaire	ADJ:1
interpellation	NOUN:4
interpeller	VERB:5
interphone	NOUN:2
interplanétaire	ADJ:1
interpol	PROPN:1
interpolation	NOUN:1
interposer	VERB:1
interprofession	NOUN:1
interprofessionnel	ADJ:1
interprovincial	ADJ:1
interprétation	NOUN:2
interpréter	VERB:3
interpréteur	NOUN:1
interracial	ADJ:1
interreligieux	ADJ:1
interro	NOUN:1
interrogateur	NOUN:1	ADJ:1
interrogatif	ADJ:2
interrogation	NOUN:4
interrogatoire	NOUN:1
interroger	VERB:1
interrompre	VERB:1
interrupteur	NOUN:1
interruption	NOUN:1
interrègne	NOUN:1
interrégional	ADJ:1
intersaison	NOUN:1
intersection	NOUN:1
intersidéral	ADJ:1
interstellaire	ADJ:1
interstice	NOUN:2
intertextualité	NOUN:1
interuniversitaire	ADJ:1
interurbain	ADJ:2
intervalle	NOUN:1
intervenant	ADJ:1	NOUN:2
intervenir	VERB:2
intervention	NOUN:1
interventionnisme	NOUN:1
interventionniste	ADJ:1
intervertir	VERB:2
interview	NOUN:1
interviewer	VERB:1	NOUN:1
intestin	NOUN:1	ADJ:2
intestinal	ADJ:1
intifada	NOUN:1
intime	ADJ:2
intimement	ADV:1
intimidant	ADJ:1
intimidation	NOUN:1
intimider	VERB:1
intimiste	NOUN:1
intimité	NOUN:2
intimé	NOUN:1
intituler	VERB:2
intolérable	ADJ:1
intolérance	NOUN:1
intolérant	ADJ:1
intonation	NOUN:1
intouchable	ADJ:1	NOUN:1
intox	NOUN:2
intoxication	NOUN:2
intoxiquer	VERB:2
intra	NOUN:1
intra-muros	ADJ:1
intracellulaire	ADJ:1
intraduisible	ADJ:1
intraitable	ADJ:2
intramusculaire	ADJ:1
intranet	NOUN:1
intransigeance	NOUN:1
intransigeant	ADJ:1
intraveineuse	NOUN:1
intrication	NOUN:1
intrigant	ADJ:2	NOUN:1
intrigue	NOUN:2
intriguer	VERB:2
intrinsèque	ADJ:1
intrinsèquement	ADV:1
intro	NOUN:1
introducteur	NOUN:1
introductif	ADJ:1
introduction	NOUN:1
introduire	VERB:2
intronisation	NOUN:1
introspectif	ADJ:1
introspection	NOUN:1
introuvable	ADJ:3	NOUN:1
introverti	ADJ:1
intrus	NOUN:2
intrusif	ADJ:1
intrusion	NOUN:1
intrépide	ADJ:1
intrépidité	NOUN:1
intubation	NOUN:1
intuitif	ADJ:1
intuition	NOUN:3
intuitivement	ADV:1
intégrable	ADJ:1
intégral	ADJ:2
intégrale	NOUN:2
intégralement	ADV:1
intégralité	NOUN:1
intégrateur	NOUN:1
intégration	NOUN:1
intégrer	VERB:4
intégrisme	NOUN:1
intégriste	ADJ:1
intégrité	NOUN:1
intéressant	ADJ:1
intéressement	NOUN:1
intéresser	VERB:2
intérieur	ADJ:1	NOUN:1
intérieurement	ADV:1
intérim	NOUN:1
intérimaire	ADJ:1
intériorisation	NOUN:1
intérioriser	VERB:3
intériorité	NOUN:2
intérêt	NOUN:4
inuit	NOUN:1	ADJ:1
inusable	ADJ:1
inusité	ADJ:1
inutile	ADJ:1
inutilement	ADV:1
inutilisable	ADJ:1
inutilisé	ADJ:1
inutilité	NOUN:2
invaincu	ADJ:1
invalidant	ADJ:1
invalidation	NOUN:1
invalide	ADJ:2	NOUN:1
invalider	VERB:1
invalidité	NOUN:1
invalidé	ADJ:1
invariable	ADJ:1
invariablement	ADV:1
invariance	NOUN:1
invariant	ADJ:1
invasif	ADJ:1
invasion	NOUN:1
invective	NOUN:1
invectiver	VERB:1
invendable	ADJ:1
inventaire	NOUN:2
inventer	VERB:2
inventeur	NOUN:1
inventif	ADJ:1
invention	NOUN:1
inventivité	NOUN:1
inventorier	VERB:1
inverse	ADJ:1	NOUN:1
inversement	ADV:1
inverser	VERB:3
inversion	NOUN:2
investigateur	NOUN:1
investigation	NOUN:1
investir	VERB:3
investissement	NOUN:3
investisseur	NOUN:1
investiture	NOUN:2
invincibilité	NOUN:1
invincible	ADJ:1
inviolabilité	NOUN:2
inviolable	ADJ:1
invisibilité	NOUN:1
invisible	ADJ:2
invitant	ADJ:1
invitation	NOUN:1
inviter	VERB:1
invivable	ADJ:2
invocation	NOUN:1
involontaire	ADJ:1
involontairement	ADV:1
invoquer	VERB:2
invraisemblable	ADJ:1
invulnérabilité	NOUN:1
invulnérable	ADJ:1
invérifiable	ADJ:1
invétéré	ADJ:1
inès	PROPN:1
inébranlable	ADJ:1
inédit	ADJ:2
inégal	ADJ:1
inégalable	ADJ:1
inégalement	ADV:1
inégalitaire	ADJ:1
inégalité	NOUN:2
inégalé	ADJ:1
inéligibilité	NOUN:1
inéligible	ADJ:1
inéluctable	ADJ:1
inéluctablement	ADV:1
inénarrable	ADJ:2
inépuisable	ADJ:1
inéquitable	ADJ:2
inévitable	ADJ:1
inévitablement	ADV:1
iode	NOUN:1
iodure	NOUN:1
iodé	ADJ:1
ion	NOUN:1
ionique	ADJ:2
ionisation	NOUN:1
ionisé	ADJ:1
ionosphère	NOUN:1
iota	NOUN:2
iouri	PROPN:1
iowa	PROPN:1
ipad	NOUN:2
ipc	ADJ:1
iphone	NOUN:2
ipod	NOUN:2
ippon	NOUN:1
ips	NOUN:1
iqaluit	PROPN:1
irak	PROPN:1
irakien	ADJ:1	NOUN:1
iran	PROPN:1
iranien	ADJ:1	NOUN:1
iraq	PROPN:1
irascible	ADJ:1
ire	NOUN:1
iridium	NOUN:1
iris	NOUN:1	PROPN:2
irisé	ADJ:1
irkoutsk	PROPN:2
irlandais	NOUN:2	ADJ:1
irlande	PROPN:1
irma	PROPN:1
ironie	NOUN:1
ironique	ADJ:1
ironiquement	ADV:1
ironiser	VERB:2
iroquois	PROPN:1	ADJ:1
irradiation	NOUN:1
irradier	VERB:1
irrationalité	NOUN:1
irrationnel	ADJ:2
irrecevabilité	NOUN:1
irrecevable	ADJ:1
irremplaçable	ADJ:1
irrespect	NOUN:1
irrespectueux	ADJ:1
irrespirable	ADJ:1
irresponsabilité	NOUN:1
irresponsable	ADJ:2
irrigation	NOUN:1
irriguer	VERB:1
irrigué	ADJ:1
irritabilité	NOUN:2
irritable	ADJ:1
irritant	ADJ:1	NOUN:1
irritation	NOUN:1
irriter	VERB:1
irruption	NOUN:2
irréalisable	ADJ:2
irréaliste	ADJ:1
irréalité	NOUN:1
irrécupérable	ADJ:2
irréductible	ADJ:2
irréel	ADJ:1
irréfléchi	ADJ:2
irréfragable	ADJ:1
irréfutable	ADJ:1
irrégularité	NOUN:1
irrégulier	ADJ:5
irrégulièrement	ADV:1
irrémédiable	ADJ:1
irrémédiablement	ADV:1
irréparable	ADJ:1	NOUN:1
irrépressible	ADJ:1
irréprochable	ADJ:1
irrésistible	ADJ:1
irrésistiblement	ADV:1
irréversible	ADJ:1
irrévocable	ADJ:1
irrévocablement	ADV:1
irrévérence	NOUN:2
irrévérencieux	ADJ:1
irène	PROPN:1	NOUN:1
irénée	PROPN:1
isa	PROPN:3
isaac	PROPN:2
isabeau	PROPN:1
isabelle	PROPN:1	ADJ:1
isaïe	PROPN:2
ischémie	NOUN:1
ischémique	ADJ:1
iseult	PROPN:1
ishii	PROPN:1
ishikawa	PROPN:1
islam	NOUN:1
islamique	ADJ:1
islamisation	NOUN:1
islamiser	VERB:1
islamisme	NOUN:1
islamiste	NOUN:1
islamologue	NOUN:1
islamophobe	NOUN:1	ADJ:1
islamophobie	NOUN:1
islandais	NOUN:2	ADJ:1
islande	PROPN:1
isle	PROPN:1
isocèle	ADJ:1
isolant	ADJ:2	NOUN:1
isolation	NOUN:3
isolationnisme	NOUN:1
isolationniste	ADJ:1
isolement	NOUN:2
isoler	VERB:2
isoloir	NOUN:2
isolément	ADV:1
isomorphisme	NOUN:1
isomère	NOUN:1
ison	NOUN:1
isotherme	NOUN:1	ADJ:1
isotope	ADJ:1	NOUN:1
isotopique	ADJ:1
isotrope	ADJ:1
ispahan	PROPN:2
israélien	NOUN:1	ADJ:1
israélite	NOUN:1	ADJ:1
israël	PROPN:1
issa	PROPN:1	NOUN:1
issoire	PROPN:1
issu	ADJ:1	VERB:1
issue	NOUN:3
issy-les-moulineaux	PROPN:1
istanbul	PROPN:2
isthme	NOUN:1
istrie	PROPN:1
isère	PROPN:2
isérois	ADJ:1	NOUN:1
italie	PROPN:1
italien	ADJ:1	NOUN:2
italique	ADJ:2	NOUN:1
item	ADV:2	NOUN:3
ithaque	PROPN:1
itinéraire	NOUN:1
itinérance	NOUN:4
itinérant	ADJ:2	NOUN:1
itou	ADV:1
itératif	ADJ:2
itération	NOUN:1
ive	NOUN:1
ivg	NOUN:1
ivoire	NOUN:1
ivoirien	ADJ:1	NOUN:1
ivraie	NOUN:2
ivre	ADJ:2
ivresse	NOUN:2
ivrogne	ADJ:1	NOUN:2
ivrognerie	NOUN:1
ivry	PROPN:1
ixe	NOUN:1
ixelles	PROPN:1
içi	ADV:1
jabot	NOUN:4
jac	PROPN:1
jacent	ADJ:1
jachère	NOUN:1
jacinthe	NOUN:1
jackpot	NOUN:1
jackson	PROPN:2
jacky	NOUN:1
jacmel	PROPN:1
jacob	PROPN:2
jacobin	ADJ:1
jacobinisme	NOUN:1
jacquard	NOUN:1
jacquart	NOUN:1
jacque	PROPN:1
jacqueline	PROPN:1
jacquemart	NOUN:1
jacquerie	NOUN:1
jacques	PROPN:4	NOUN:2
jacquet	NOUN:1
jacquier	NOUN:1
jacquot	NOUN:1
jacuzzi	NOUN:1
jade	NOUN:1	PROPN:1
jadis	ADV:1
jaguar	NOUN:4
jailbreak	NOUN:1
jaillir	VERB:4
jaillissement	NOUN:1
jais	NOUN:1
jaja	ADV:1	NOUN:1
jalabert	PROPN:1
jalon	NOUN:3
jalousement	ADV:1
jalouser	VERB:1
jalousie	NOUN:6
jaloux	ADJ:1
jamais	ADV:2
jamaïcain	ADJ:1	NOUN:1
jamaïque	PROPN:1
jambe	NOUN:1
jambon	NOUN:1
james	PROPN:1
jammer	VERB:1
jan	NOUN:1
janine	PROPN:1
jansénisme	NOUN:1
janséniste	ADJ:1
jante	NOUN:2
janvier	NOUN:1
japon	PROPN:1	NOUN:2
japonais	NOUN:2	ADJ:1
jaque	NOUN:2
jaquette	NOUN:4
jardin	NOUN:1
jardinage	NOUN:1
jardiner	VERB:1
jardinerie	NOUN:1
jardinet	NOUN:1
jardinier	NOUN:1
jardinière	NOUN:2
jargon	NOUN:2
jarnac	PROPN:2
jarre	NOUN:1
jarret	NOUN:2
jarretière	NOUN:1
jars	NOUN:1
jas	NOUN:1
jaser	VERB:1
jasmin	PROPN:1	NOUN:1
jasmine	PROPN:1
jason	PROPN:1
jaspe	NOUN:1
jasper	VERB:1
jatte	NOUN:1
jauge	NOUN:2
jauger	VERB:1
jaune	ADJ:1	NOUN:4
jaunisse	NOUN:1
jaunâtre	ADJ:1
jaurès	PROPN:2
java	PROPN:2	NOUN:1
javanais	NOUN:4	ADJ:1
javel	NOUN:1	PROPN:1
javelot	NOUN:1
javier	PROPN:1
jazz	NOUN:1
jazzman	NOUN:1
je	PRON:1
jean	NOUN:1	PROPN:4
jean-antoine	PROPN:1
jean-baptiste	PROPN:3
jean-charles	PROPN:1
jean-christophe	PROPN:1
jean-claude	PROPN:1
jean-françois	PROPN:1
jean-henri	PROPN:1
jean-jacques	PROPN:1
jean-louis	PROPN:1
jean-luc	PROPN:1
jean-marc	PROPN:1
jean-marie	PROPN:1
jean-michel	PROPN:1
jean-pascal	PROPN:1
jean-paul	PROPN:1
jean-pierre	PROPN:2
jean-yves	PROPN:1
jeanine	PROPN:1
jeanne	PROPN:2
jeannette	PROPN:1	NOUN:2
jeannin	PROPN:1
jeannine	PROPN:1
jeanpierre	PROPN:2
jedi	NOUN:1
jeep	NOUN:1
jef	PROPN:1
jehan	PROPN:1
jehanne	PROPN:1
jennifer	PROPN:1
jerez	NOUN:1
jerk	NOUN:2
jersey	NOUN:1	PROPN:1
jessica	PROPN:1
jet	NOUN:3
jetable	ADJ:1
jeter	VERB:5
jeton	NOUN:3
jetter	VERB:1
jetée	NOUN:1
jeu	NOUN:7
jeudi	NOUN:1
jeun	ADJ:1
jeune	ADJ:2	NOUN:1
jeunesse	NOUN:1
jeunet	ADJ:1	PROPN:1
jeunette	NOUN:1
jeunot	ADJ:1	NOUN:1
jeûne	NOUN:1
jeûner	VERB:1
jeûné	ADJ:1
ji	NOUN:1
jiangsu	PROPN:1
jihad	NOUN:1
jihadisme	NOUN:1
jihadiste	NOUN:1
jingle	NOUN:1
jo	PROPN:1
joachim	PROPN:1
joaillerie	NOUN:3
joaillier	NOUN:1
job	NOUN:2	PROPN:1
jobard	ADJ:2	NOUN:1
jocelyn	PROPN:1
jocelyne	PROPN:1
jockey	NOUN:1
joconde	PROPN:6	NOUN:1
jodoigne	PROPN:1
joggeur	NOUN:1
jogging	NOUN:3
john	PROPN:1
johnson	PROPN:1
joie	NOUN:1
joignable	ADJ:1
joigny	PROPN:1
joindre	VERB:3
jointure	NOUN:1
joinville	PROPN:1
jojo	ADJ:1
joke	NOUN:1
joker	NOUN:4
joli	ADJ:2
joliette	PROPN:1
joliment	ADV:2
joliot	PROPN:1
joly	PROPN:1
jonas	PROPN:1
jonathan	PROPN:2
jonc	NOUN:6
jonchée	NOUN:1
jonction	NOUN:2
jones	PROPN:1
jonglage	NOUN:1
jongler	VERB:6
jonglerie	NOUN:1
jongleur	NOUN:3
jonque	NOUN:1
jonquille	NOUN:1
jordan	PROPN:1
jordanie	PROPN:1
jordanien	NOUN:1	ADJ:1
joseph	PROPN:2
josette	PROPN:1
josiane	PROPN:1
josselin	PROPN:1
josué	PROPN:3
josèphe	PROPN:1
josé	PROPN:1
josée	PROPN:1
joséphine	PROPN:1
jouabilité	NOUN:1
jouable	ADJ:2
joual	NOUN:2
jouan	PROPN:1
jouer	VERB:7
jouet	NOUN:1
joueur	NOUN:1	ADJ:1
joufflu	ADJ:1
joug	NOUN:2
jouir	VERB:2
jouissance	NOUN:3
jouissif	ADJ:3
joujou	NOUN:1
joule	NOUN:1
jour	NOUN:3
jourdain	PROPN:1
journal	ADJ:1	NOUN:5
journalier	ADJ:2	NOUN:1
journalisme	NOUN:1
journaliste	NOUN:3
journalistique	ADJ:1
journellement	ADV:1
journée	NOUN:2
joute	NOUN:3
jouvence	NOUN:1
jouy	PROPN:1
jouy-en-josas	PROPN:1
jovial	ADJ:1
jovialité	NOUN:1
joyau	NOUN:1
joyeusement	ADV:1
joyeuses	NOUN:1
joyeux	ADJ:1
joël	PROPN:2
joëlle	PROPN:1
jsp	X:1
jt	NOUN:1
jubilaire	ADJ:1
jubilation	NOUN:1
jubilatoire	ADJ:1
jubiler	VERB:1
jubilé	NOUN:1
jubé	NOUN:2
juché	PROPN:1
juda	PROPN:2
judas	NOUN:2	PROPN:1
judaïque	ADJ:2
judaïsme	NOUN:1
jude	PROPN:1
judiciaire	ADJ:2
judiciairement	ADV:1
judiciarisation	NOUN:1
judicieusement	ADV:1
judicieux	ADJ:1
judith	PROPN:2
judo	NOUN:1
judoka	NOUN:1
judée	PROPN:1
judéité	NOUN:1
juge	NOUN:2
jugement	NOUN:1
jugeote	NOUN:1
juger	VERB:2
jugulaire	NOUN:2
juguler	VERB:1
juif	ADJ:2	NOUN:2
juillet	NOUN:1
juin	NOUN:1
juiverie	NOUN:2
jules	PROPN:1	NOUN:2
julia	PROPN:1
julian	PROPN:1
julianne	PROPN:1
julie	PROPN:1
julien	PROPN:1	ADJ:1
julienne	PROPN:1	NOUN:3
juliette	PROPN:2
jumeau	NOUN:1
jumelage	NOUN:2
jumeler	VERB:1
jumelle	NOUN:3
jumelé	ADJ:1
jument	NOUN:2
jumping	NOUN:2
juneau	PROPN:2
jungle	NOUN:2
junior	NOUN:1
junk-food	NOUN:1
junkie	NOUN:1
junon	PROPN:2
junte	NOUN:1
jupe	NOUN:1
jupette	NOUN:1
jupiter	PROPN:2
jupon	NOUN:3
jura	PROPN:4
jurançon	NOUN:1
jurassien	ADJ:2
jurassique	ADJ:1	PROPN:1
jurer	VERB:3
juridiction	NOUN:1
juridictionnel	ADJ:1
juridique	ADJ:2
juridiquement	ADV:1
jurisconsulte	NOUN:1
jurisprudence	NOUN:1
juriste	NOUN:1
juron	NOUN:1
jury	NOUN:1
juré	NOUN:1
jus	NOUN:4
jusque	ADP:1
jusque-là	ADV:2
jusques	ADP:1
just	PROPN:1
justaucorps	NOUN:2
juste	ADV:2	ADJ:5	NOUN:1
justement	ADV:4
justesse	NOUN:3
justice	NOUN:1
justiciable	ADJ:1	NOUN:1
justicier	NOUN:3
justifiable	ADJ:1
justificatif	ADJ:1	NOUN:1
justification	NOUN:1
justifier	VERB:1
justin	PROPN:1
justine	PROPN:1
justinien	PROPN:1
jute	NOUN:4	ADJ:1
juteux	ADJ:2
jutland	PROPN:1
juvénal	PROPN:3
juvénile	ADJ:1
juxtaposition	NOUN:1
jéhovah	PROPN:1
jéricho	PROPN:1
jérusalem	PROPN:1
jérémie	PROPN:4
jérémy	PROPN:4
jérôme	PROPN:1
jésuite	ADJ:1
jésus	PROPN:1
jésus-christ	PROPN:1
jézabel	PROPN:1
ka	NOUN:1
kabbale	NOUN:1
kaboul	PROPN:1
kabuki	NOUN:1
kabyle	NOUN:2	ADJ:1
kabylie	PROPN:1
kahnawake	PROPN:1
kairouan	PROPN:1
kaki	NOUN:3	ADJ:1
kalachnikov	NOUN:1
kalash	NOUN:1
kalashnikov	NOUN:1
kali	NOUN:1
kaléidoscope	NOUN:1
kama	PROPN:1
kamala	NOUN:1
kami	NOUN:1
kamikaze	NOUN:1
kamloops	PROPN:2
kamouraska	PROPN:1
kan	NOUN:1
kana	NOUN:1
kanak	ADJ:1
kangourou	NOUN:2
kangourous	NOUN:1
kanji	NOUN:1
kansas	PROPN:1
kanté	PROPN:1
kaolack	PROPN:1
kaolin	NOUN:1
kapo	NOUN:1
kappa	NOUN:1
karaoké	NOUN:1
karaté	NOUN:1
karcher	NOUN:1
karen	NOUN:1	ADJ:1
karin	PROPN:1
karina	PROPN:1
karine	PROPN:1
karité	NOUN:1
karma	NOUN:2
karst	NOUN:1
karstique	ADJ:1
kart	NOUN:1
karting	NOUN:1
kasbah	NOUN:1
kasserine	PROPN:1
kasumi	PROPN:1
katana	NOUN:1
katanga	PROPN:4
katell	PROPN:1
katia	PROPN:1
katmandou	PROPN:1
kawa	NOUN:2
kayak	NOUN:1
kayakiste	NOUN:1
kazakh	NOUN:1	ADJ:1
kazakhstan	PROPN:1
kebab	NOUN:1
keiko	PROPN:1
kelvin	NOUN:1
kendji	PROPN:1
kendo	NOUN:1
kentucky	PROPN:1
kenya	PROPN:1
kenyan	ADJ:1
kenzo	PROPN:1
kerguelen	PROPN:2
kermesse	NOUN:1
kern	NOUN:2
ketchup	NOUN:1
keuf	NOUN:1
keum	NOUN:1
kevin	PROPN:1	NOUN:1
kevlar	NOUN:1
keynésianisme	NOUN:1
keynésien	ADJ:1
kgb	PROPN:1
khalife	NOUN:1
khan	NOUN:1
khmer	NOUN:2	ADJ:1
khâgne	NOUN:1
kibboutz	NOUN:1
kicker	NOUN:1	VERB:1
kid	NOUN:1
kidnapper	VERB:2
kidnappeur	NOUN:1
kidnapping	NOUN:1
kiev	PROPN:1
kif	NOUN:1
kiffant	ADJ:1
kiffer	VERB:2
kigali	PROPN:1
kiki	NOUN:2
kil	NOUN:1
kilo	NOUN:2
kilogramme	NOUN:1
kilomètre	NOUN:1
kilométrage	NOUN:1
kilométrique	ADJ:2
kilowatt	NOUN:1
kilt	NOUN:1
kimchi	NOUN:1
kimono	NOUN:1
kimpembe	PROPN:1
kingsbury	PROPN:1
kinshasa	PROPN:1
kiné	NOUN:1
kinésiologie	NOUN:1
kinésithérapeute	NOUN:1
kinésithérapie	NOUN:1
kiosque	NOUN:2
kippa	NOUN:1
kir	NOUN:1
kirghizistan	PROPN:1
kirghizstan	PROPN:1
kiribati	PROPN:1
kirsch	NOUN:1
kit	NOUN:1
kitch	NOUN:1
kitchener	PROPN:1
kitesurf	NOUN:1
kitsch	NOUN:1	ADJ:1
kiwi	NOUN:1
klaxon	NOUN:1
klaxonner	VERB:1
kleenex	NOUN:1
klein	PROPN:1
klezmer	NOUN:1
klingon	NOUN:1	ADJ:1
ko	NOUN:1
koala	NOUN:1	PROPN:2
koekelberg	PROPN:1
koi	PRON:5
kojima	PROPN:1
komintern	PROPN:1
konaté	PROPN:1
kondo	PROPN:1
kosovar	NOUN:1	ADJ:1
kosovo	PROPN:1
kot	NOUN:1
koto	NOUN:1
kowalski	PROPN:1
koweït	PROPN:2
koweïtien	ADJ:1
koï	NOUN:1
krach	NOUN:1
kraken	NOUN:1
krasnoïarsk	PROPN:1
kremlin	PROPN:1
krill	NOUN:1
kro	NOUN:1
krypton	NOUN:1
ksar	NOUN:1
ku	NOUN:1
kurde	NOUN:2	ADJ:1
kylian	PROPN:1
kyrie	NOUN:1
kyrielle	NOUN:3
kyste	NOUN:1
kystique	ADJ:1
kéké	NOUN:1
képi	NOUN:1	VERB:1
kératine	NOUN:1
kérosène	NOUN:1
kétamine	NOUN:1
kévin	PROPN:1
labbe	NOUN:1
labbé	PROPN:1
labeaume	PROPN:1
label	NOUN:2
labelle	PROPN:2
labellisation	NOUN:1
laberge	PROPN:1
labeur	NOUN:1
labo	NOUN:1
laboratoire	NOUN:1
laborieusement	ADV:1
laborieux	ADJ:1
labour	NOUN:1
labourage	NOUN:1
labourer	VERB:1
laboureur	NOUN:1
labrador	PROPN:3	NOUN:1
labre	NOUN:1
labrecque	PROPN:1
labyrinthe	NOUN:1
labyrinthique	ADJ:1
lac	NOUN:1
lacaille	PROPN:2
lacan	PROPN:1
lacasse	PROPN:1
lacazette	PROPN:1
lacer	VERB:1
lacet	NOUN:6
lachapelle	PROPN:1
lacombe	PROPN:1
laconique	ADJ:1
laconiquement	ADV:1
lacoste	PROPN:1
lacroix	PROPN:1
lacrosse	NOUN:1
lacrymal	ADJ:1
lacrymo	ADJ:1
lacrymogène	ADJ:1
lactate	NOUN:1
lactation	NOUN:1
lactique	ADJ:1
lactose	NOUN:1
lactosérum	NOUN:1
lacunaire	ADJ:1
lacune	NOUN:4
lacustre	ADJ:1
lacération	NOUN:1
lad	NOUN:1
ladislas	PROPN:1
lady	NOUN:1
lae	PRON:1
laetitia	PROPN:1
lafarge	PROPN:1
lafaye	PROPN:1
lafayette	PROPN:1
laffont	PROPN:1
lafitte	PROPN:2
laflamme	PROPN:1
lafleur	PROPN:1
lafont	PROPN:1
lafontaine	PROPN:1
lafrenière	PROPN:1
lagacé	PROPN:1
laghouat	PROPN:1
lagon	NOUN:1
lagos	PROPN:4
lagrange	PROPN:1
laguiole	NOUN:2
lagune	NOUN:1
lahore	PROPN:1
lai	NOUN:1	ADJ:2
laid	ADJ:2
laideur	NOUN:1
lainage	NOUN:1
laine	NOUN:1
laineux	ADJ:2
laisser	VERB:5
laissez-passer	NOUN:1
lait	NOUN:3
laitage	NOUN:1
laiterie	NOUN:1
laiteux	ADJ:2
laitier	ADJ:1	NOUN:2
laiton	NOUN:1
laitue	NOUN:1
lajeunesse	PROPN:1
lajoie	PROPN:1
lakhdar	PROPN:2
lalande	PROPN:1
lalanne	PROPN:1
laliberté	PROPN:1
lalonde	PROPN:1
lama	NOUN:2
lamantin	NOUN:1
lamar	PROPN:1
lamarque	PROPN:1
lamarre	PROPN:1
lamartine	PROPN:2
lambada	NOUN:1
lambda	NOUN:6	ADJ:1
lambeau	NOUN:1
lambert	PROPN:3	NOUN:1
lambris	NOUN:1
lame	NOUN:4
lamelle	NOUN:3
lamentable	ADJ:1
lamentablement	ADV:1
lamentation	NOUN:1
lamentations	PROPN:1
lamenter	VERB:1
lamia	PROPN:2
laminage	NOUN:1
laminaire	ADJ:1
lamine	PROPN:2
laminer	VERB:2
laminoir	NOUN:1
lamontagne	PROPN:1
lamotte	PROPN:1
lamour	PROPN:1
lamoureux	PROPN:1
lampadaire	NOUN:2
lampe	NOUN:2
lampion	NOUN:1
lamé	NOUN:1
lanaudière	PROPN:1
lancastre	PROPN:2
lance-grenade	NOUN:1
lance-missiles	NOUN:1
lancelot	PROPN:2
lancement	NOUN:3
lancer	VERB:3	NOUN:3
lancette	NOUN:2
lanceur	NOUN:4
lancinant	ADJ:1
land	NOUN:1
landais	ADJ:1	NOUN:1
landau	NOUN:2
lande	NOUN:1
landes	PROPN:2
landgrave	NOUN:1
landru	PROPN:1
landry	PROPN:1
landwehr	NOUN:1
langage	NOUN:2
langagier	ADJ:1	NOUN:1
lange	NOUN:3
langelier	PROPN:2
langer	VERB:1
langevin	PROPN:1
langlade	PROPN:2
langlois	PROPN:1
langoureusement	ADV:1
langoureux	ADJ:2
langouste	NOUN:1
language	NOUN:2
langue	NOUN:2
languedoc	PROPN:1
languedoc-roussillon	PROPN:1
languedocien	ADJ:1	NOUN:2
languette	NOUN:1
langueur	NOUN:1
languir	VERB:5
lanière	NOUN:2
lannemezan	PROPN:1
lannes	PROPN:3
lannion	PROPN:1
lanterne	NOUN:2
lantier	PROPN:1
lançon	NOUN:1
lao	NOUN:1
laodicée	PROPN:1
laos	PROPN:1
laotien	NOUN:2	ADJ:1
lapidaire	ADJ:2	NOUN:1
lapidation	NOUN:1
lapider	VERB:2
lapierre	PROPN:1
lapin	NOUN:1
laplace	PROPN:1
lapointe	PROPN:1
laponie	PROPN:1
laporte	PROPN:1
laps	NOUN:1	ADJ:1
lapsus	NOUN:1
laquais	NOUN:2
laque	NOUN:1
laqué	ADJ:1
lara	PROPN:1
larbin	NOUN:2
larcin	NOUN:2
lard	NOUN:2
lardon	NOUN:3
largage	NOUN:5
large	ADJ:3	NOUN:2	ADV:1
largement	ADV:1
largesse	NOUN:1
largeur	NOUN:1
largo	NOUN:1	ADV:1
largue	ADJ:1	NOUN:1
larguer	VERB:4
largué	ADJ:3
larigot	NOUN:1
larissa	PROPN:1
larivière	PROPN:1
larme	NOUN:2
larmoyant	ADJ:2
larocque	PROPN:1
larouche	PROPN:2
larousse	PROPN:2	NOUN:1
larron	NOUN:1
larue	PROPN:1
larvaire	ADJ:1
larve	NOUN:2
laryngite	NOUN:1
larynx	NOUN:1
las	ADJ:1	INTJ:1
lasagne	NOUN:1
lasagnes	NOUN:1
lasalle	PROPN:2
lascar	NOUN:2
laser	NOUN:2	VERB:1
lasser	VERB:2
lassitude	NOUN:1
lasso	NOUN:1
lassé	ADJ:1
latence	NOUN:1
latent	ADJ:1
latex	NOUN:2
latif	NOUN:1
latin	ADJ:2	NOUN:4
latino	ADJ:1
latino-américain	ADJ:1
latitude	NOUN:5
latium	PROPN:2
latour	PROPN:1
lattaquié	PROPN:1
latte	NOUN:7
latter	VERB:1
latéral	ADJ:1
latéralement	ADV:2
laudanum	NOUN:1
laugier	PROPN:1
launay	PROPN:1
laura	PROPN:1
laure	PROPN:1	NOUN:1
laureline	PROPN:1
laurence	PROPN:2
laurent	PROPN:2
laurentides	PROPN:1
laurentien	NOUN:2	ADJ:1
laurette	PROPN:1
laurier	NOUN:4	PROPN:1
laurin	PROPN:1
lauréat	ADJ:1	NOUN:1
lausanne	PROPN:1
lauzon	PROPN:1
lavable	ADJ:1
lavabo	NOUN:1
lavage	NOUN:1
laval	PROPN:4
lavallois	NOUN:1	ADJ:1
lavallée	PROPN:1
lavande	NOUN:1
lave	NOUN:1
lavement	NOUN:2
laver	VERB:2
lavergne	PROPN:1
laverie	NOUN:2
lavette	NOUN:3
laveur	NOUN:1
laveuse	NOUN:1
lavis	NOUN:1
lavoie	PROPN:1
lavoir	NOUN:1
lavoisier	PROPN:1
laxatif	ADJ:1	NOUN:1
laxisme	NOUN:1
laxiste	ADJ:1
layer	VERB:1
layette	NOUN:1
layon	NOUN:1
lazare	PROPN:1
lazaret	NOUN:1
laëtitia	PROPN:1
laïc	ADJ:1	NOUN:1
laïcisation	NOUN:1
laïcité	NOUN:2
laïque	ADJ:1	NOUN:1
laïus	NOUN:1
le	DET:4	PRON:2
lea	DET:1	PRON:1
leader	NOUN:1
leadership	NOUN:1
leasing	NOUN:1
lebeau	PROPN:1
lebel	NOUN:1	PROPN:1
leblanc	PROPN:1
lebron	VERB:2
leclair	PROPN:1
leclerc	PROPN:1
leclercq	PROPN:1
lecompte	PROPN:1
lecomte	PROPN:1
lecoq	PROPN:1
lecteur	NOUN:2
lectorat	NOUN:1
lecture	NOUN:3
led	NOUN:1
ledit	DET:1
ledoux	PROPN:1
ledru	PROPN:1
leduc	PROPN:2
leeds	PROPN:1
lefebvre	PROPN:1
lefevre	PROPN:1
lefèvre	PROPN:1
legault	PROPN:1
legendre	NOUN:1	PROPN:1
lego	NOUN:1
legrand	PROPN:1
legros	PROPN:1
legs	NOUN:2
leila	PROPN:1
leipzig	PROPN:1
leishmaniose	NOUN:1
leitmotiv	NOUN:1
lejeune	PROPN:1
lek	NOUN:1
lemaire	PROPN:2
lemar	PROPN:1
lemay	PROPN:1
lemaître	PROPN:1
lemieux	PROPN:1
lemme	NOUN:1
lemoine	PROPN:1
lemonnier	PROPN:1
lendemain	NOUN:1
lenormand	PROPN:1
lens	PROPN:1
lensois	NOUN:1	ADJ:1
lent	ADJ:1
lentement	ADV:1
lenteur	NOUN:1
lenticulaire	ADJ:1
lentille	NOUN:3
lepage	PROPN:1
lequel	PRON:2
leroux	PROPN:1
leroy	PROPN:1
lesage	PROPN:1
lesbien	ADJ:1
lesbienne	NOUN:1
leslie	PROPN:1
lesquin	PROPN:1
lessard	PROPN:2
lesseps	PROPN:2
lessivage	NOUN:1
lessive	NOUN:2
lessiver	VERB:2
lessivé	ADJ:2
lest	NOUN:1
leste	ADJ:1
lester	VERB:1
let	INTJ:1
letellier	PROPN:1
letton	NOUN:2	ADJ:1
lettonie	PROPN:1
lettrage	NOUN:1
lettre	NOUN:3
lettré	ADJ:2	NOUN:1
leu	NOUN:1
leucine	NOUN:1
leucémie	NOUN:1
leur	DET:1	PRON:1
leurre	NOUN:5
leurrer	VERB:1
lev	NOUN:1
levage	NOUN:2
levain	NOUN:2
levallois	PROPN:1
levasseur	PROPN:1
lever	VERB:5	NOUN:1
levesque	PROPN:1
levier	NOUN:1
levrette	NOUN:2
levure	NOUN:2
lexical	ADJ:1
lexie	NOUN:1
lexique	NOUN:2
ley	PROPN:1
lez	ADP:1
leçon	NOUN:1
leïla	PROPN:1
lgbt	ADJ:1
lhassa	PROPN:1
li	NOUN:1	PRON:2
liaison	NOUN:6
liane	NOUN:2
liard	NOUN:3
liasse	NOUN:1
liban	PROPN:1
libanais	ADJ:1	NOUN:1
libelle	NOUN:2
libellule	NOUN:1
libellé	NOUN:1
liber	NOUN:2
libero	NOUN:1
libertaire	ADJ:1
libertarien	ADJ:1
liberticide	ADJ:1	NOUN:2
libertin	ADJ:1
libertinage	NOUN:1
liberté	NOUN:1
libidineux	ADJ:1
libido	NOUN:1
libraire	NOUN:1
librairie	NOUN:5
libre	ADJ:4
libre-échange	NOUN:1
librement	ADV:1
librettiste	NOUN:1
libye	PROPN:1
libyen	NOUN:1	ADJ:1
libérable	ADJ:1
libéral	ADJ:2
libéralisation	NOUN:1
libéraliser	VERB:1
libéralisme	NOUN:1
libéralité	NOUN:1
libérateur	NOUN:1	ADJ:1
libération	NOUN:4
libératoire	ADJ:1
libérer	VERB:2
libéria	PROPN:1
libérien	NOUN:1	ADJ:1
libéro	NOUN:1
lice	NOUN:4
licence	NOUN:4
licenciement	NOUN:1
licencier	VERB:2
licencieux	ADJ:1
liche	NOUN:2
lichen	NOUN:1
licite	ADJ:1
licorne	NOUN:2
lidar	NOUN:1
liechtenstein	PROPN:1
lied	NOUN:1
lien	NOUN:2
lier	VERB:3
lierre	NOUN:1	PROPN:1
liesse	NOUN:1	PROPN:1
lieu	NOUN:4
lieu-dit	NOUN:2
lieue	NOUN:1
lieutenance	NOUN:1
lieutenant	NOUN:2
lieutenant-colonel	NOUN:3
lieutenant-général	NOUN:1
life	NOUN:1
lift	NOUN:2
lifting	NOUN:1
ligament	NOUN:1
ligature	NOUN:3
lige	ADJ:1
light	ADJ:2
ligier	PROPN:1
lignage	NOUN:2
ligne	NOUN:5
ligneux	ADJ:2
lignine	NOUN:1
lignite	NOUN:1
lignée	NOUN:1
ligonnès	PROPN:1
ligoter	VERB:1
ligue	NOUN:1
ligure	ADJ:1	NOUN:2
ligurie	PROPN:1
like	NOUN:1
liker	VERB:1
lilas	NOUN:1
lilian	PROPN:1
liliane	PROPN:1
lille	PROPN:1
lillebonne	PROPN:1
lillois	NOUN:1	ADJ:1
lima	PROPN:1
limace	NOUN:1
limage	PROPN:1	NOUN:2
limbe	NOUN:1
limbes	NOUN:1
limbique	ADJ:1
limbourg	PROPN:3
limbourgeois	NOUN:2	ADJ:1
lime	NOUN:2
limer	VERB:2
limerick	NOUN:1
limier	NOUN:2
liminaire	ADJ:1	NOUN:2
limitation	NOUN:1
limite	NOUN:1	ADJ:1
limiter	VERB:2
limiteur	NOUN:1
limitrophe	ADJ:1
limogeage	NOUN:1
limoger	VERB:1
limoges	PROPN:1
limoilou	PROPN:1
limon	NOUN:4
limonade	NOUN:3
limoneux	ADJ:1
limousin	PROPN:1	NOUN:3	ADJ:1
limousine	NOUN:3
limoux	PROPN:1
limpide	ADJ:1
limpidité	NOUN:1
lin	NOUN:2
linceul	NOUN:2
linda	PROPN:1
line	PROPN:1
liner	NOUN:2
lingala	NOUN:1
linge	NOUN:5
lingerie	NOUN:2
lingette	NOUN:1
lingot	NOUN:1
lingue	NOUN:2
linguiste	NOUN:1
linguistique	ADJ:1	NOUN:1
linguistiquement	ADV:1
lino	NOUN:2
linoléum	NOUN:1
linotte	NOUN:1
linteau	NOUN:1
linéaire	ADJ:1	NOUN:1
linéairement	ADV:1
linéarité	NOUN:1
lion	NOUN:4	PROPN:2
lionceau	NOUN:1
lionel	PROPN:1
lipidique	ADJ:1
liposuccion	NOUN:1
lippe	NOUN:1
liqueur	NOUN:5
liquidateur	NOUN:1
liquidation	NOUN:2
liquide	ADJ:2	NOUN:3
liquider	VERB:3
liquidité	NOUN:1
liquoreux	ADJ:1
liquéfaction	NOUN:1
liquéfier	VERB:1
lire	VERB:3	NOUN:1
lisa	PROPN:1
lisbonne	PROPN:1
liseron	NOUN:1
liseré	NOUN:1
lisette	PROPN:1	NOUN:3
liseuse	NOUN:6
lisibilité	NOUN:1
lisible	ADJ:1
lisier	NOUN:1
lisière	NOUN:2
lisle	PROPN:1
lissage	NOUN:1
lisse	ADJ:1	NOUN:1
lisser	VERB:3
lisseur	NOUN:1
liste	NOUN:1
lister	VERB:1
listing	NOUN:1
lisée	PROPN:1
lit	NOUN:2
litanie	NOUN:1
litchfield	PROPN:1
litchi	NOUN:2
literie	NOUN:1
lithique	ADJ:1
lithium	NOUN:1
lithographe	NOUN:1
lithographie	NOUN:2
litige	NOUN:1
litigieux	ADJ:2
litière	NOUN:3
litote	NOUN:1
litre	NOUN:1
littoral	ADJ:1	NOUN:1
littré	PROPN:1
littéraire	ADJ:1	NOUN:1
littéral	ADJ:1
littéralement	ADV:1
littérateur	NOUN:1
littératie	NOUN:1
littérature	NOUN:1
lituanie	PROPN:1
lituanien	NOUN:2	ADJ:1
liturgie	NOUN:2
liturgique	ADJ:1
live	ADV:2	NOUN:1
liverpool	PROPN:2
livide	ADJ:1
livie	PROPN:2
living	NOUN:1
livonie	PROPN:1
livourne	PROPN:1
livrable	ADJ:1
livraison	NOUN:2
livre	NOUN:4
livrer	VERB:6
livresque	ADJ:1
livret	NOUN:2
livreur	NOUN:1
liège	NOUN:1	PROPN:2
lièvre	NOUN:2
liégeois	ADJ:1	NOUN:1
liévin	PROPN:1
ljubljana	PROPN:1
lloris	PROPN:1
lnh	PROPN:1
loader	NOUN:1	VERB:1
lob	NOUN:1
lobby	NOUN:2
lobbying	NOUN:1
lobbyiste	NOUN:1
lobe	NOUN:1
lobotomie	NOUN:1
lobster	NOUN:2
lobé	ADJ:1
local	ADJ:1	NOUN:1
localement	ADV:1
localisation	NOUN:1
localiser	VERB:2
localité	NOUN:1
locataire	NOUN:1
locateur	NOUN:1
locatif	ADJ:2	NOUN:1
location	NOUN:5
loch	NOUN:2
loches	PROPN:1
loco	NOUN:1
locomoteur	ADJ:1
locomotion	NOUN:1
locomotive	NOUN:1
locuteur	NOUN:1
locution	NOUN:1
lodge	NOUN:1
lodève	PROPN:1
logarithme	NOUN:1
logarithmique	ADJ:1
loge	NOUN:5
logement	NOUN:4
loger	VERB:3
logeur	NOUN:1
logeuse	NOUN:1
loggia	NOUN:1
logiciel	NOUN:2	ADJ:1
logicien	NOUN:1
logique	NOUN:1	ADJ:1
logiquement	ADV:1
logis	NOUN:1
logisticien	NOUN:1
logistique	ADJ:2	NOUN:1
logo	NOUN:1
logorrhée	NOUN:1
logotype	NOUN:1
loi	NOUN:2
loin	ADV:1
lointain	ADJ:2	NOUN:1
loir	NOUN:1	PROPN:1
loir-et-cher	PROPN:1
loire	PROPN:2
loire-atlantique	PROPN:1
loire-inférieure	PROPN:1
loiret	PROPN:2
loiseau	PROPN:1
loisible	ADJ:2
loisir	NOUN:1
loix	NOUN:1
lol	INTJ:1
lola	PROPN:1
lolita	PROPN:1
lolo	NOUN:2	PROPN:2
lombaire	ADJ:1
lombalgie	NOUN:1
lombard	NOUN:4	ADJ:1
lombardie	PROPN:1
londonien	NOUN:1	ADJ:1
londres	PROPN:1
long	ADJ:1	NOUN:1
long-courrier	ADJ:1	NOUN:3
long-métrage	NOUN:1	ADJ:1
longchamp	PROPN:3
longer	VERB:1
longiligne	ADJ:1
longitude	NOUN:1
longitudinal	ADJ:3
longitudinalement	ADV:1
longtemps	ADV:1
longueil	PROPN:2
longuement	ADV:1
longuet	ADJ:1	PROPN:1
longueuil	PROPN:1
longueur	NOUN:1
longévité	NOUN:2
look	NOUN:1
looping	NOUN:1
loose	NOUN:1
looser	NOUN:1
lope	NOUN:2
lopette	NOUN:1
lopin	NOUN:1
loquace	ADJ:1
loque	NOUN:4
loquet	NOUN:1
lore	PROPN:1
lorette	NOUN:1
lorgner	VERB:5
lorgnette	NOUN:1
lori	NOUN:2
lorient	PROPN:1
lorientais	NOUN:1	ADJ:1
lorimier	PROPN:1
loriol	PROPN:1
loriot	NOUN:1
lorrain	NOUN:1	ADJ:1
lorraine	PROPN:3
lorry	NOUN:1
lors	ADV:1
lorsque	SCONJ:1
los	NOUN:1
losange	NOUN:2
lose	NOUN:1
loser	NOUN:1
lot	NOUN:6	PROPN:2
lot-et-garonne	PROPN:1
lotbinière	PROPN:1
loterie	NOUN:1
lothaire	PROPN:1
lotharingie	PROPN:1
lotion	NOUN:1
lotissement	NOUN:2
loto	NOUN:1
lotte	NOUN:2
lotus	NOUN:1
lou	PROPN:1
louable	ADJ:1
louage	NOUN:1
louange	NOUN:1
loubard	NOUN:1
loubet	PROPN:1
louche	ADJ:3	NOUN:2
loucher	VERB:3
loudun	PROPN:1
loudéac	PROPN:1
louer	VERB:3
loueur	NOUN:2
loufoque	ADJ:1
louga	PROPN:1
louhansk	PROPN:2
louis	PROPN:2	NOUN:2
louisbourg	PROPN:1
louise	PROPN:1	NOUN:1
louisianais	NOUN:1	ADJ:1
louisiane	PROPN:2
louisville	PROPN:1
loulou	NOUN:5	PROPN:1
loup	NOUN:4	PROPN:2
loup-garou	NOUN:1
loupe	NOUN:5
louper	VERB:2
lourd	ADJ:6
lourdaud	NOUN:2
lourdement	ADV:1
lourdeur	NOUN:1
lourdingue	ADJ:1
loutre	NOUN:1
louvain	PROPN:1
louve	NOUN:2
louveteau	NOUN:2
louvois	PROPN:1
louvoyer	VERB:2
louvre	PROPN:1
lovelace	NOUN:1
lover	VERB:3
lové	NOUN:1
low	PROPN:1
loyal	ADJ:2
loyalement	ADV:1
loyaliste	NOUN:1
loyauté	NOUN:1
loyer	NOUN:1
lozère	PROPN:2
loïc	PROPN:1
loïs	PROPN:2
lsd	NOUN:1
ltée	NOUN:1
luberon	NOUN:1	PROPN:1
lubie	NOUN:1
lubrifiant	ADJ:1	NOUN:1
lubrification	NOUN:1
lubrifier	VERB:2
lubrique	ADJ:2
luc	PROPN:4
lucarne	NOUN:3
lucas	PROPN:2
lucerne	PROPN:2
luchon	PROPN:1
lucide	ADJ:1
lucidement	ADV:1
lucidité	NOUN:1
lucie	PROPN:1
lucien	PROPN:1
lucienne	PROPN:1
lucifer	PROPN:1
lucile	PROPN:1
lucille	PROPN:1
luciole	NOUN:1
lucratif	ADJ:1
lucrèce	PROPN:3
ludique	ADJ:1
ludivine	PROPN:1
ludothèque	NOUN:1
ludovic	PROPN:1
lueur	NOUN:1
luge	NOUN:3
luger	VERB:1
lugubre	ADJ:1
lui	PRON:2
lui-même	PRON:1
luire	VERB:1
luisant	ADJ:1
lully	PROPN:2
lulu	NOUN:1
lumbago	NOUN:1
lumen	NOUN:2
luminaire	NOUN:1
luminance	NOUN:1
luminescence	NOUN:1
lumineux	ADJ:1
luminosité	NOUN:2
lumière	NOUN:4
lunaire	ADJ:2
lunatique	ADJ:1	NOUN:1
lunch	NOUN:2
lundi	NOUN:1
lune	NOUN:3
lunette	NOUN:5
luné	ADJ:1
lupanar	NOUN:1
lupin	ADJ:1	NOUN:1
lure	PROPN:1
luron	NOUN:2	ADJ:1
lusophone	ADJ:1	NOUN:1
lussac	PROPN:1
lustre	NOUN:4
lustrer	VERB:2
lustré	ADJ:1
luth	NOUN:1
lutherie	NOUN:1
luthier	NOUN:1
luthéranisme	NOUN:1
luthérien	ADJ:1	NOUN:1
lutin	NOUN:1
lutrin	NOUN:1
lutte	NOUN:2
lutter	VERB:2
lutteur	NOUN:2
lutz	NOUN:1
lutèce	PROPN:1
luxation	NOUN:1
luxe	NOUN:1
luxembourg	PROPN:4
luxembourgeois	ADJ:1	NOUN:2
luxueusement	ADV:1
luxueux	ADJ:1
luxure	NOUN:2
luxuriant	ADJ:1
luy	PROPN:1
luynes	PROPN:3
luzerne	NOUN:1
luçon	PROPN:1
ly	PROPN:1
lycie	PROPN:1
lycra	NOUN:1
lycée	NOUN:1	ADJ:1
lycéen	NOUN:1	ADJ:1
lydia	PROPN:1
lydie	PROPN:3
lymphatique	ADJ:2
lymphe	NOUN:1
lymphome	NOUN:1
lynchage	NOUN:1
lyncher	VERB:1
lyne	PROPN:1
lynx	NOUN:1
lyon	PROPN:1
lyonnais	NOUN:1	ADJ:1
lyre	NOUN:2
lyrique	ADJ:2	NOUN:1
lyrisme	NOUN:2
lys	NOUN:1
lysandre	PROPN:2
lyse	NOUN:1
lysine	NOUN:1
là	ADV:3
là-bas	ADV:3
là-dessus	ADV:2
lâchage	NOUN:2
lâchement	ADV:1
lâcher	VERB:4
lâcheté	NOUN:1
lætitia	PROPN:1
lèche	NOUN:2
lège	ADJ:2
lèpre	NOUN:1
lès	ADP:1
lèvre	NOUN:1
lé	NOUN:2
léa	PROPN:2
léchage	NOUN:1
lécher	VERB:2
lécithine	NOUN:1
légal	ADJ:2
légalement	ADV:1
légalisation	NOUN:1
légaliser	VERB:1
légaliste	ADJ:1
légalité	NOUN:1
légat	NOUN:1
légataire	NOUN:1
légation	NOUN:1
légendaire	ADJ:1
légende	NOUN:3
léger	ADJ:2
légiférer	VERB:1
légion	NOUN:1
légionnaire	NOUN:1
législateur	NOUN:1
législatif	ADJ:1
législation	NOUN:1
législature	NOUN:2
légiste	NOUN:2
légitimation	NOUN:1
légitime	ADJ:1	NOUN:1
légitimement	ADV:1
légitimer	VERB:1
légitimiste	ADJ:1
légitimité	NOUN:1
léguer	VERB:2
légume	NOUN:4
légèrement	ADV:2
légèreté	NOUN:1
léman	PROPN:1
lémurien	NOUN:1
lénine	PROPN:1
léningrad	PROPN:1
léninisme	NOUN:1
léniniste	ADJ:1
léo	PROPN:1
léon	PROPN:3
léonais	NOUN:2	ADJ:1
léonard	PROPN:1
léonce	PROPN:1
léone	PROPN:1
léonie	PROPN:1
léonor	PROPN:1
léonore	PROPN:1
léopard	NOUN:1
léopold	PROPN:1
léopoldville	PROPN:1
lépante	PROPN:1
lépine	PROPN:2
lépreux	ADJ:2	NOUN:1
léproserie	NOUN:1
léser	VERB:2
lésine	NOUN:1
lésiner	VERB:1
lésion	NOUN:1
létal	ADJ:1
létalité	NOUN:1
léthargie	NOUN:1
léthargique	ADJ:1
létourneau	PROPN:1
lévesque	PROPN:1
lévi	PROPN:1
léviathan	NOUN:1
lévis	PROPN:1
lévitation	NOUN:1
lévite	NOUN:2	PROPN:1
léviter	VERB:1
lévitique	PROPN:1	NOUN:1	ADJ:1
lévrier	NOUN:2
lévy	PROPN:1
lévêque	PROPN:1
lézard	NOUN:1	PROPN:1
lézarde	NOUN:2
ma	DET:2
maastricht	PROPN:1
maboul	ADJ:1	NOUN:1
mac	NOUN:2
macabre	ADJ:1
macadam	NOUN:1
macaire	PROPN:1
macao	PROPN:1
macaque	NOUN:3
macareux	NOUN:1
macaron	NOUN:3
macaroni	NOUN:1
macbook	NOUN:1
maccarthysme	NOUN:1
macdo	NOUN:2
macfarlane	NOUN:1
machette	NOUN:1
machiavélique	ADJ:1
machiavélisme	NOUN:2
machin	NOUN:1	PROPN:1
machinalement	ADV:1
machination	NOUN:1
machine	NOUN:5
machinerie	NOUN:2
machinisme	NOUN:2
machiniste	NOUN:2
machisme	NOUN:1
machiste	ADJ:1	NOUN:1
macho	NOUN:1
macintosh	PROPN:1
mackinnon	PROPN:1
macramé	NOUN:1
macron	NOUN:1	PROPN:1
macronie	PROPN:1	NOUN:2
macronisme	NOUN:1
macroniste	ADJ:1
macroscopique	ADJ:1
macroéconomie	NOUN:1
macroéconomique	ADJ:1
maculaire	ADJ:1
macumba	NOUN:1
macédoine	PROPN:6	NOUN:1
macédonien	NOUN:2	ADJ:1
macération	NOUN:1
macérer	VERB:2
madagascar	PROPN:1
madame	NOUN:4
madeleine	NOUN:2	PROPN:1
mademoiselle	NOUN:2
madone	NOUN:2
madrague	NOUN:1
madras	NOUN:1
madre	NOUN:1
madrid	PROPN:3
madrigal	NOUN:1
madrilène	NOUN:1	ADJ:2
madère	NOUN:1	PROPN:2
maelström	NOUN:1
maestria	NOUN:1
maestro	NOUN:1
maeva	PROPN:1
mafia	NOUN:1
mafieux	ADJ:1	NOUN:1
mafioso	NOUN:1
magali	PROPN:1
magalie	PROPN:1
magasin	NOUN:5
magasinage	NOUN:2
magasiner	VERB:4
magasinier	NOUN:1
magazine	NOUN:1
magdalénien	ADJ:1	PROPN:1
magdebourg	PROPN:1
mage	NOUN:3
magellan	PROPN:1
magenta	NOUN:1	PROPN:1
maghreb	PROPN:1
maghrébin	ADJ:1
magicien	NOUN:2
magie	NOUN:3
maginot	PROPN:1
magique	ADJ:1
magiquement	ADV:1
magister	NOUN:1
magistral	ADJ:4
magistralement	ADV:1
magistrat	NOUN:1
magistrature	NOUN:1
magistère	NOUN:1
magma	NOUN:2
magmatique	ADJ:3
magnan	NOUN:1
magnanime	ADJ:1
magnanimité	NOUN:1
magnat	NOUN:1
magnificence	NOUN:2
magnifier	VERB:1
magnifique	ADJ:1
magnifiquement	ADV:1
magnitude	NOUN:1
magnolia	NOUN:1
magnon	PROPN:1
magnum	NOUN:1
magnésie	NOUN:1
magnésium	NOUN:1
magnétique	ADJ:2
magnétiseur	NOUN:2
magnétisme	NOUN:1
magnétite	NOUN:1
magnéto	NOUN:3
magnétophone	NOUN:1
magnétoscope	NOUN:1
magot	NOUN:6	PROPN:1
magouille	NOUN:2
magouiller	VERB:1
magouilleur	NOUN:1
magret	NOUN:1
magyar	ADJ:1
maharadjah	NOUN:1
maharaja	NOUN:1
mahatma	NOUN:1
mahaut	PROPN:1
mahdi	PROPN:1
mahmoud	PROPN:2
mahomet	PROPN:1
mahone	NOUN:2
mahorais	NOUN:1	ADJ:1
mahrez	PROPN:1
mahé	PROPN:3
mai	NOUN:1
maia	PROPN:1
maid	NOUN:1
maigre	ADJ:2	NOUN:1
maigreur	NOUN:2
maigrichon	ADJ:1
maigrir	VERB:1
mail	NOUN:6
mailer	VERB:1
mailhot	PROPN:1
mailing	NOUN:1
maillage	NOUN:1
maillard	PROPN:1
maille	NOUN:5	PROPN:1
maillet	NOUN:4
maillon	NOUN:1
maillot	NOUN:4
maillé	PROPN:3
main	NOUN:3
main-d'œuvre	NOUN:2
maine	PROPN:3
maine-et-loire	PROPN:1
mainframe	NOUN:1
mainlevée	NOUN:1
mainmise	NOUN:2
maint	DET:1
maintenance	NOUN:1
maintenant	ADV:1
maintenir	VERB:5
maintien	NOUN:4
maire	NOUN:1
mairesse	NOUN:1
mairie	NOUN:2
mais	CCONJ:1	INTJ:1
maison	NOUN:1	ADJ:3	PROPN:1
maisonnette	NOUN:1
maisonneuve	PROPN:2
maisonnée	NOUN:1
maistre	PROPN:1
maj	NOUN:2
majestueusement	ADV:1
majestueux	ADJ:1
majesté	NOUN:3
majeur	ADJ:4	NOUN:2
major	NOUN:2
major-général	NOUN:1
majorat	NOUN:1
majoration	NOUN:1
majordome	NOUN:1
majorer	VERB:2
majorette	NOUN:1
majoritaire	ADJ:1
majoritairement	ADV:1
majorité	NOUN:2
majorque	PROPN:1
majuscule	NOUN:1
makhzen	NOUN:2
maki	NOUN:1
making-of	NOUN:1
mal	NOUN:4	ADV:1	ADJ:1	PROPN:1
malabar	NOUN:1
malachie	PROPN:1
malachite	NOUN:1
malade	ADJ:2	NOUN:3
maladie	NOUN:1
maladif	ADJ:4
maladrerie	NOUN:1
maladresse	NOUN:4
maladroit	ADJ:1
maladroitement	ADV:1
malaga	NOUN:1
malais	ADJ:1	NOUN:2
malaisant	ADJ:1
malaise	NOUN:2
malaisie	PROPN:1
malaisien	NOUN:1	ADJ:1
malaisé	ADJ:1
malakoff	PROPN:1
malaria	NOUN:1
malartic	PROPN:1
malaxer	VERB:2
malbec	NOUN:1	PROPN:1
malbouffe	NOUN:1
malchance	NOUN:1
malchanceux	ADJ:1
maldives	PROPN:1
malebranche	PROPN:2
malencontreusement	ADV:1
malencontreux	ADJ:4
malentendant	ADJ:1	NOUN:1
malentendu	NOUN:1
malesherbes	PROPN:1
malet	PROPN:1
malfaisant	ADJ:1
malfaiteur	NOUN:1
malformation	NOUN:1
malfrat	NOUN:1
malgache	NOUN:2	ADJ:1
malgré	ADP:2
malgré-nous	NOUN:2
malhabile	ADJ:1
malherbe	PROPN:1
malheur	NOUN:2
malheureusement	ADV:2
malheureux	ADJ:2
malhonnête	ADJ:1
malhonnêteté	NOUN:1
mali	PROPN:1	NOUN:1
malice	NOUN:2
malicia	PROPN:1
malicieusement	ADV:2
malicieux	ADJ:2
malien	ADJ:1	NOUN:1
malignité	NOUN:2
malin	ADJ:5	NOUN:1	PROPN:1
maline	NOUN:1
malines	PROPN:1
malingre	ADJ:1	PROPN:1
malinké	NOUN:1
malle	NOUN:1
mallette	NOUN:2
malléable	ADJ:2
malmener	VERB:2
malnutrition	NOUN:1
malotru	NOUN:1	ADJ:1
malou	PROPN:1
malouin	NOUN:2	ADJ:2
malouines	ADJ:2
malpoli	ADJ:1	NOUN:1
malpropre	ADJ:1	NOUN:1
malsain	ADJ:1
malt	NOUN:1
maltais	NOUN:2	ADJ:1	PROPN:1
malte	PROPN:2
malthusianisme	NOUN:1
maltraitance	NOUN:1
maltraiter	VERB:1
malveillance	NOUN:1
malveillant	ADJ:1
malvenu	ADJ:1
malversation	NOUN:1
malvoyant	ADJ:1
malware	NOUN:1
malédiction	NOUN:1
maléfice	NOUN:1
maléfique	ADJ:1
mam'zelle	NOUN:2
mamadou	PROPN:1	NOUN:1
maman	NOUN:1
mamba	NOUN:1
mambo	NOUN:2
mamelle	NOUN:2
mamelon	NOUN:3
mamie	NOUN:2
mammaire	ADJ:1
mammifère	NOUN:1
mammographie	NOUN:1
mammouth	NOUN:2
mamoudou	PROPN:1
mamy	NOUN:2
mamère	PROPN:1
man	DET:1
mana	NOUN:1
management	NOUN:1
manager	NOUN:1	VERB:1
manageur	NOUN:1
managérial	ADJ:1
manant	NOUN:2
manassé	PROPN:1
mance	PROPN:3
manceau	NOUN:1	ADJ:1
manche	PROPN:2	NOUN:4
manchette	NOUN:4
manchon	NOUN:5
manchot	ADJ:4	NOUN:2
mancunien	ADJ:1
mandala	NOUN:1
mandanda	PROPN:1
mandant	VERB:2
mandarin	ADJ:1	NOUN:1
mandarine	NOUN:1
mandat	NOUN:5
mandataire	NOUN:2
mandater	VERB:1
mandature	NOUN:1
mandchourie	PROPN:1
mandement	NOUN:1
mander	VERB:2
mandeville	PROPN:2
mandibulaire	ADJ:1
mandibule	NOUN:1
mandingue	ADJ:1	NOUN:1
mandoline	NOUN:2
mandragore	NOUN:1
mandrin	NOUN:1
manette	NOUN:3
manga	NOUN:1
mangaka	NOUN:1
manganèse	NOUN:1
mangeable	ADJ:1
mangeoire	NOUN:2
manger	VERB:1	NOUN:1
mangeur	NOUN:1
mangouste	NOUN:2
mangrove	NOUN:1
mangue	NOUN:2
manguier	NOUN:1
maniabilité	NOUN:1
maniable	ADJ:2
maniaque	ADJ:3	NOUN:3
manichéen	NOUN:1	ADJ:1
manichéisme	NOUN:1
manicouagan	PROPN:1
manie	NOUN:2
maniement	NOUN:1
manier	VERB:3
manif	NOUN:4
manifestante	NOUN:1
manifestation	NOUN:4
manifeste	ADJ:1	NOUN:1
manifestement	ADV:1
manifester	VERB:2
manigance	NOUN:1
manille	NOUN:5	PROPN:1
manioc	NOUN:1
manip	NOUN:1
manipulable	ADJ:1
manipulateur	NOUN:3
manipulation	NOUN:1
manipuler	VERB:1
manitoba	PROPN:1
manitou	NOUN:1
manivelle	NOUN:1
manière	NOUN:1	ADV:1
maniére	NOUN:1
maniérisme	NOUN:1
maniéré	ADJ:2
manne	NOUN:3
mannequin	NOUN:2
mannequinat	NOUN:1
manoir	NOUN:1
manomètre	NOUN:1
manon	PROPN:1
manouche	NOUN:1
manouchian	PROPN:1
manoukian	PROPN:1
manque	NOUN:2
manquement	NOUN:2
manquer	VERB:6
mansarde	NOUN:1
manse	NOUN:1
mansion	NOUN:1
mansuétude	NOUN:2
mante	NOUN:1
manteau	NOUN:6
manticore	NOUN:1
mantoue	PROPN:2
mantra	NOUN:1
manucure	NOUN:2
manuel	PROPN:1	ADJ:3	NOUN:1
manuelle	NOUN:1
manuellement	ADV:1
manufacture	NOUN:1
manufacturier	ADJ:1
manuscrit	ADJ:1	NOUN:1
manutention	NOUN:3
manutentionnaire	NOUN:1
manège	NOUN:7
manœuvrant	ADJ:1
manœuvre	NOUN:4
manœuvrer	VERB:1
mao	PROPN:1
maori	NOUN:2	ADJ:1
maoïsme	NOUN:1
maoïste	ADJ:1
mappemonde	NOUN:1
maquereau	NOUN:2
maquet	PROPN:1
maquette	NOUN:1
maquettiste	NOUN:1
maquillage	NOUN:1
maquiller	VERB:2
maquilleur	NOUN:1
maquis	NOUN:3
marabout	NOUN:2
marais	NOUN:2	PROPN:1
marasme	NOUN:1
marathon	NOUN:1
marathonien	NOUN:1
maraude	NOUN:3
maraudeur	NOUN:2
maraval	PROPN:1
maraîchage	NOUN:1
maraîcher	ADJ:1	NOUN:2
marbre	NOUN:2
marbré	NOUN:3
marc	NOUN:3	PROPN:3
marceau	PROPN:1
marcel	PROPN:1
marcelin	PROPN:1
marceline	PROPN:1
marcelle	PROPN:1
marcellin	PROPN:1
marchand	ADJ:1	NOUN:1	PROPN:1
marchandage	NOUN:1
marchander	VERB:2
marchandisation	NOUN:1
marchandise	NOUN:1
marche	NOUN:7	PROPN:1
marchepied	NOUN:3
marcher	VERB:6
marcheur	NOUN:2
marché	NOUN:2
marciac	PROPN:1
marcotte	NOUN:1
marcoux	PROPN:1
marde	NOUN:4
mardi	NOUN:1
mare	NOUN:2
marelle	NOUN:1
marennes	NOUN:2
margarine	NOUN:1
margaux	PROPN:3
marge	NOUN:2
margelle	NOUN:2
marginal	ADJ:4	NOUN:1
marginalement	ADV:1
marginalisation	NOUN:1
marginaliser	VERB:1
marginalité	NOUN:2
margot	PROPN:1
margrave	NOUN:2
marguerite	PROPN:1	NOUN:2
mari	NOUN:2
maria	PROPN:1
mariage	NOUN:3	PROPN:1
marial	ADJ:1
marian	PROPN:1
marianne	PROPN:2
marie	PROPN:3
marie-claude	PROPN:1
marie-françoise	PROPN:1
marie-paule	PROPN:1
marie-pier	PROPN:1
marielle	PROPN:2
marier	VERB:4
mariette	PROPN:1
marigot	NOUN:2
marijuana	NOUN:1
mariko	PROPN:1
marilou	PROPN:1
marin	ADJ:2	NOUN:2
marina	PROPN:1
marinade	NOUN:1
marine	NOUN:2	PROPN:1
mariner	VERB:1
marinette	PROPN:1
marinier	ADJ:1	NOUN:1
marinière	NOUN:2
mariole	ADJ:1	NOUN:1
marion	PROPN:2
marionnette	NOUN:2
marionnettiste	NOUN:1
marital	ADJ:1
maritime	ADJ:1
marius	PROPN:1
mariée	NOUN:1
marjolaine	NOUN:1	PROPN:1
marjorie	PROPN:1
mark	NOUN:1
marketing	NOUN:1
marlène	PROPN:1
marmaille	NOUN:1
marmelade	NOUN:1
marmite	NOUN:4
marmiton	NOUN:1
marmonner	VERB:1
marmot	NOUN:2
marmotte	NOUN:2
marnais	ADJ:1
marne	NOUN:1	PROPN:2
maroc	PROPN:1
marocain	ADJ:1	NOUN:1
maroilles	NOUN:1
marois	PROPN:1
maronite	ADJ:1
maroquin	NOUN:3
maroquinerie	NOUN:2
marotte	NOUN:4
marquage	NOUN:7
marque	NOUN:3
marquer	VERB:5
marqueterie	NOUN:1
marqueur	NOUN:4
marquis	NOUN:1
marquisat	NOUN:1
marquise	NOUN:3	PROPN:1
marrakech	PROPN:1
marrant	ADJ:1	PROPN:1
marre	NOUN:1	ADV:1
marrer	VERB:2
marron	NOUN:4	ADJ:3	PROPN:1
marronnier	NOUN:3
mars	NOUN:1	PROPN:2
marsan	PROPN:8
marseillais	NOUN:1	ADJ:1
marseille	PROPN:1
marsouin	NOUN:1
marte	NOUN:1
marteau	NOUN:7	ADJ:1
martel	NOUN:8
marteler	VERB:5
marthe	PROPN:2
martial	ADJ:1	PROPN:1
martien	ADJ:1	NOUN:2
martin	NOUN:1	PROPN:2
martine	PROPN:1
martineau	PROPN:1
martinet	NOUN:4
martingale	NOUN:1
martiniquais	NOUN:1	ADJ:1
martinique	PROPN:1
martre	NOUN:1
martyr	NOUN:1
martyre	NOUN:2
martyriser	VERB:2
martyrologe	NOUN:1
martèlement	NOUN:2
marwan	PROPN:1
marxisme	NOUN:1
marxiste	ADJ:1
maryland	NOUN:1
marylène	PROPN:1
maryse	NOUN:1	PROPN:1
maryvonne	PROPN:1
marâtre	NOUN:2
marécage	NOUN:1
marécageux	ADJ:1
maréchal	NOUN:2	PROPN:1
maréchale	NOUN:1
maréchaussée	NOUN:2
marée	NOUN:3
mas	NOUN:1
mascara	NOUN:1
mascarade	NOUN:2
mascate	PROPN:1
mascotte	NOUN:1
mascouche	PROPN:1
masculin	ADJ:2	NOUN:1
masculinité	NOUN:1
maskinongé	NOUN:1	PROPN:2
maso	ADJ:1	NOUN:1
masochisme	NOUN:1
masochiste	NOUN:1
masquage	NOUN:1
masque	NOUN:1
masquer	VERB:1
masqué	ADJ:1
massacrant	ADJ:1
massacre	NOUN:1
massacrer	VERB:2
massage	NOUN:1
masse	NOUN:7	PROPN:1
masser	VERB:1
masseur	NOUN:1
massif	NOUN:1	ADJ:1
massification	NOUN:1
massique	ADJ:1
massivement	ADV:1
masson	PROPN:1
massue	NOUN:1
massé	NOUN:1	PROPN:1
master	NOUN:3
mastic	NOUN:4	ADJ:1
mastication	NOUN:1
mastiquer	VERB:1
mastodon	PROPN:1
mastodonte	NOUN:2
masturbant	ADJ:2	NOUN:2
masturbateur	ADJ:2	NOUN:1
masturbation	NOUN:1
masturber	VERB:3
mastère	NOUN:1
masure	NOUN:3
mat	ADJ:3	NOUN:1
matabiau	PROPN:1
matador	NOUN:1
matam	PROPN:1
matamore	NOUN:2
matante	NOUN:1
match	NOUN:1
matcher	VERB:2
matelas	NOUN:3
matelot	NOUN:1
mater	VERB:3
maternel	ADJ:2
maternité	NOUN:3
math	NOUN:1
matheux	NOUN:1	ADJ:1
mathias	PROPN:1
mathieu	PROPN:1
mathilde	PROPN:1
mathis	PROPN:2
maths	NOUN:1
mathurin	PROPN:1
mathématicien	NOUN:1
mathématique	ADJ:1
mathématiquement	ADV:1
mathéo	PROPN:1
matiere	NOUN:6
matignon	PROPN:3
matin	NOUN:1
matinal	ADJ:2
matinale	NOUN:1
matines	NOUN:1
matinée	NOUN:3
matière	NOUN:6
maton	NOUN:1
matos	NOUN:4
matou	NOUN:1
matraquage	NOUN:2
matraque	NOUN:2
matraquer	VERB:2
matriarcat	NOUN:2
matriarche	NOUN:1
matrice	NOUN:3
matriciel	ADJ:1
matricule	NOUN:2
matrimonial	ADJ:1
matrone	NOUN:2
matsu	PROPN:1
matter	VERB:3
matthias	PROPN:2
matthieu	PROPN:2
matuidi	PROPN:1
maturation	NOUN:1
mature	ADJ:1
maturité	NOUN:2
maté	NOUN:1
matérialisation	NOUN:1
matérialiser	VERB:2
matérialisme	NOUN:1
matérialiste	NOUN:1	ADJ:1
matérialité	NOUN:1
matériau	NOUN:1
matériel	NOUN:2	ADJ:1
matériellement	ADV:1
maud	PROPN:1
maude	PROPN:1
maudire	VERB:1
maure	NOUN:1	ADJ:1
mauresque	ADJ:1
mauriac	PROPN:1
maurice	PROPN:3
mauricette	PROPN:1
mauricie	PROPN:1
mauricien	NOUN:2	ADJ:1
mauritanie	PROPN:1
mauritanien	ADJ:1
maurois	PROPN:1
maurras	PROPN:1
mauser	NOUN:1
mausolée	NOUN:1
maussade	ADJ:2
mauvais	ADJ:2
mauve	NOUN:3
mauviette	NOUN:2
max	PROPN:2
maxence	PROPN:3
maxi	ADV:1
maxillaire	ADJ:1	NOUN:1
maximal	ADJ:1
maxime	PROPN:1	NOUN:1
maximilien	PROPN:1
maximisation	NOUN:1
maximiser	VERB:1
maximum	NOUN:1
maxwell	NOUN:1
maya	NOUN:1	ADJ:2
mayence	PROPN:1
mayennais	NOUN:1	ADJ:1
mayenne	PROPN:2
mayeur	NOUN:2
mayo	PROPN:1
mayonnaise	NOUN:2
mayotte	PROPN:1
mazamet	PROPN:1
mazars	PROPN:1
mazette	NOUN:1	INTJ:1
mazout	NOUN:3
maçon	NOUN:2
maçonnerie	NOUN:1
maçonnique	ADJ:1
maël	PROPN:1
maëlle	PROPN:1
maëlys	PROPN:1
maître	NOUN:6
maître-autel	NOUN:1
maîtresse	NOUN:2
maîtrise	NOUN:3
maîtriser	VERB:4
maïa	PROPN:2
maïeutique	NOUN:2	ADJ:1
maïs	NOUN:1
maïté	PROPN:1
mbappé	PROPN:1
mbaye	PROPN:1
mcdo	NOUN:2
mckinnon	PROPN:1
mdp	NOUN:2
mdr	INTJ:1
me	PRON:2
meaux	PROPN:1
mec	NOUN:3
mecklembourg-poméranie-occidentale	PROPN:1
meeting	NOUN:1
megumi	PROPN:1
megève	PROPN:1
meilleur	ADJ:1	NOUN:1
melançon	PROPN:1
melbourne	PROPN:1
melchior	NOUN:1
mellah	NOUN:1
melon	NOUN:1
membrane	NOUN:1
membre	NOUN:3
memphrémagog	PROPN:1
menace	NOUN:1
menacer	VERB:2
mende	PROPN:1
mendiant	NOUN:3
mendicité	NOUN:1
mendier	VERB:1
mendy	PROPN:1
mener	VERB:3
meneur	NOUN:3
menhir	NOUN:1
menin	NOUN:1
menotte	NOUN:2
menotter	VERB:1
menottes	NOUN:1
mense	NOUN:2
mensonge	NOUN:1
mensonger	ADJ:1
menstruation	NOUN:1
menstruel	ADJ:2
mensualisation	NOUN:1
mensualité	NOUN:1
mensuel	ADJ:1	NOUN:1
mensuellement	ADV:1
mental	ADJ:1	NOUN:1
mentalement	ADV:1
mentalité	NOUN:1
menteur	NOUN:2	ADJ:1
menthe	NOUN:1
menthol	NOUN:1
mention	NOUN:2
mentionner	VERB:1
mentir	VERB:1
menton	NOUN:1
mentor	NOUN:1
menu	ADJ:2	NOUN:2	PROPN:1
menuet	NOUN:1
menuiserie	NOUN:1
menuisier	NOUN:1
mer	NOUN:2
mercado	NOUN:1
mercantile	ADJ:1
mercantilisme	NOUN:1
mercatique	NOUN:1
mercato	NOUN:1
mercedes	NOUN:1
mercenaire	ADJ:1	NOUN:1
mercerie	NOUN:2
merchandising	NOUN:1
merci	INTJ:1	NOUN:3
mercie	PROPN:1
mercier	NOUN:1
mercredi	NOUN:1	INTJ:1
mercure	PROPN:2	NOUN:2
mercurochrome	NOUN:1
merde	INTJ:2	NOUN:4
merder	VERB:1
merdeux	ADJ:1	NOUN:1
merdier	NOUN:2
merdique	ADJ:1
merengue	NOUN:1
merguez	NOUN:3
meringue	NOUN:1
merisier	NOUN:2
merlan	NOUN:2
merle	NOUN:2	PROPN:1
merlin	NOUN:1
merlot	NOUN:1
merlu	NOUN:1
mersenne	PROPN:1
merveille	NOUN:1
merveilleusement	ADV:1
merveilleux	ADJ:1
merçi	INTJ:1
mes	DET:1
mesa	NOUN:1
mesquin	ADJ:5
mesquinerie	NOUN:1
mesrine	PROPN:1
message	NOUN:1
messager	NOUN:1
messagerie	NOUN:3
messe	NOUN:1
messianique	ADJ:1
messianisme	NOUN:1
messidor	NOUN:1
messie	NOUN:1	PROPN:1
messier	PROPN:2
messin	NOUN:1	ADJ:1
messine	PROPN:2
messire	NOUN:1	PROPN:1
mestre	NOUN:1
mesurable	ADJ:1
mesurage	NOUN:1
mesure	NOUN:2
mesurer	VERB:1
metal	NOUN:1
methode	NOUN:2
mets	NOUN:1
metteur	NOUN:2
mettre	VERB:6
metz	PROPN:1
meuble	NOUN:3	ADJ:2
meubler	VERB:2
meublé	ADJ:1	NOUN:1
meuf	NOUN:2
meuh	INTJ:1
meule	NOUN:5
meulière	NOUN:1
meunerie	NOUN:1
meunier	NOUN:1	ADJ:1	PROPN:1
meunière	NOUN:2
meur	ADJ:3
meurice	PROPN:1
meursault	NOUN:1
meurthe	PROPN:1
meurthe-et-moselle	PROPN:1
meurtre	NOUN:1
meurtrier	ADJ:1	NOUN:1
meuse	PROPN:2
meute	NOUN:2
mexicain	NOUN:1	ADJ:1
mexico	PROPN:2
mexique	PROPN:1
mezzanine	NOUN:1
mezzo	NOUN:1
mgr	NOUN:2
mi	NOUN:1
mi-août	ADV:1
mi-chemin	NOUN:1
mi-juillet	ADV:1
mi-juin	ADV:1
mi-novembre	ADV:1	NOUN:1
mi-septembre	ADV:1
mi-temps	NOUN:3
miam	INTJ:1
miami	PROPN:1
miaou	INTJ:1
miaulement	NOUN:1
miauler	VERB:1
mica	NOUN:1
michael	PROPN:1
michaud	PROPN:1
michaux	PROPN:1
michaël	PROPN:1
michaëlle	PROPN:1
miche	NOUN:2
michel	PROPN:3
michelin	PROPN:1	NOUN:2
michelle	PROPN:1
miches	NOUN:1
michigan	PROPN:1
michiko	PROPN:1
michèle	PROPN:1
mickaël	PROPN:1
micmac	NOUN:2
micro	NOUN:1
micro-onde	NOUN:2
micro-organisme	NOUN:1
micro-électronique	ADJ:1
microbe	NOUN:1
microbiologie	NOUN:1
microbiologique	ADJ:1
microbiologiste	NOUN:1
microbiote	NOUN:1
microclimat	NOUN:1
microcosme	NOUN:1
microcrédit	NOUN:1
microfilm	NOUN:1
microfinance	NOUN:1
micromètre	NOUN:1
micron	NOUN:1
micronésie	PROPN:2
microphone	NOUN:1
microprocesseur	NOUN:1
microscope	NOUN:1
microscopie	NOUN:1
microscopique	ADJ:1	NOUN:1
microsillon	NOUN:2
microéconomie	NOUN:1
microélectronique	ADJ:1
miction	NOUN:1
midi	PROPN:1	NOUN:2
midi-pyrénées	PROPN:1
midinette	NOUN:2
midol	PROPN:2
midori	PROPN:1
mie	NOUN:3	ADV:1
miel	NOUN:1
mielleux	ADJ:3
mien	ADJ:1
miette	NOUN:1
mieux	ADV:3	NOUN:1
mif	NOUN:1
mignard	ADJ:3
mignon	ADJ:2	NOUN:1	PROPN:2
mignot	ADJ:2
migraine	NOUN:1
migrant	NOUN:1	ADJ:1
migrateur	ADJ:1
migration	NOUN:2
migratoire	ADJ:1
migrer	VERB:1
mijoter	VERB:1
mika	PROPN:1
mikado	NOUN:3
mikaël	PROPN:1
mike	PROPN:1
mil	NOUN:1
milady	NOUN:1
milan	PROPN:2	NOUN:1
milanais	ADJ:1	NOUN:1
mildiou	NOUN:1
mile	NOUN:1
milice	NOUN:1
milicien	NOUN:1
milieu	NOUN:4
militaire	ADJ:1	NOUN:2
militairement	ADV:1
militant	ADJ:1	NOUN:1
militantisme	NOUN:2
militarisation	NOUN:1
militarisme	NOUN:1
militariste	ADJ:1
militer	VERB:2
milkshake	NOUN:1
millau	PROPN:1
mille	NUM:1	NOUN:2
millefeuille	NOUN:3
millepertuis	NOUN:2
miller	PROPN:1
millerand	PROPN:1
millet	NOUN:1
milliard	NUM:1
milliardaire	NOUN:1
millier	NOUN:1
milligramme	NOUN:1
millimètre	NOUN:1
millimétré	ADJ:2
million	NUM:1
millionième	ADJ:1
millionnaire	NOUN:1	ADJ:1
millième	ADJ:1
millot	PROPN:1
millénaire	ADJ:1	NOUN:1
millénium	NOUN:1
millésime	NOUN:2
millésimé	ADJ:1
milo	PROPN:1
milord	NOUN:3
miloud	PROPN:1
mime	NOUN:2
mimer	VERB:2
mimi	ADJ:1	NOUN:3	PROPN:1
mimique	ADJ:1	NOUN:2
mimosa	NOUN:1
mimétique	ADJ:1
mimétisme	NOUN:1
minable	ADJ:2
minage	NOUN:2
minaret	NOUN:1
mince	ADJ:1	INTJ:2
minceur	NOUN:1
mincir	VERB:1
mine	NOUN:4
minecraft	PROPN:1
miner	VERB:2
minerai	NOUN:1
minerve	PROPN:1	NOUN:1
minet	NOUN:3
minette	NOUN:4
mineur	ADJ:2	NOUN:2
mini	ADJ:1	ADV:1
miniature	NOUN:2
miniaturisation	NOUN:1
minibus	NOUN:1
minier	ADJ:1
minijupe	NOUN:1
minimal	ADJ:1
minimalisme	NOUN:1
minimaliste	NOUN:1	ADJ:1
minime	ADJ:1
minimisation	NOUN:1
minimiser	VERB:3
minimum	NOUN:1
ministre	NOUN:2
ministère	NOUN:1
ministériel	ADJ:1
minitel	PROPN:1	NOUN:2
minium	NOUN:1
mino	NOUN:1
minois	NOUN:2
minorer	VERB:1
minoritaire	ADJ:1
minorité	NOUN:2
minorque	PROPN:1
minot	NOUN:1
minotaure	NOUN:1
minoterie	NOUN:2
minou	NOUN:3
minsk	PROPN:1
minuit	NOUN:1
minus	NOUN:1
minuscule	ADJ:2	NOUN:1
minute	NOUN:1	INTJ:1
minuterie	NOUN:1
minuteur	NOUN:1
minutie	NOUN:1
minutieusement	ADV:1
minutieux	ADJ:1
miné	ADJ:2
minéral	NOUN:1	ADJ:1
minéralisation	NOUN:1
minéralogie	NOUN:1
minéralogique	ADJ:1
mioche	NOUN:1
miocène	PROPN:1	ADJ:1
miquelon	PROPN:1
mirabeau	PROPN:4
mirabel	PROPN:1
mirabelle	PROPN:1	NOUN:1
miracle	NOUN:1
miraculeusement	ADV:1
miraculeux	ADJ:1
miraculé	ADJ:3	NOUN:2
mirador	NOUN:2
mirage	NOUN:1
mire	NOUN:6
mireille	PROPN:1
mirepoix	NOUN:2	PROPN:1
miro	ADJ:1
mirobolant	ADJ:2	NOUN:1
miroir	NOUN:1
miroiter	VERB:1
misaine	NOUN:2
misanthrope	NOUN:1
misanthropie	NOUN:1
mise	NOUN:3
miser	VERB:1
miso	NOUN:1
misogyne	NOUN:1	ADJ:1
misogynie	NOUN:1
missel	NOUN:1
missile	NOUN:2
mission	NOUN:2
missionnaire	ADJ:2	NOUN:2
missive	NOUN:1
missouri	PROPN:1
mistake	NOUN:1
mistral	NOUN:1	PROPN:2
misère	NOUN:3	INTJ:1
misérabilisme	NOUN:1
misérable	ADJ:4	NOUN:2
misérablement	ADV:1
miséreux	ADJ:1
miséricorde	NOUN:1
miséricordieux	ADJ:1
mitaine	NOUN:3
mitan	NOUN:1
mite	NOUN:2
miteux	ADJ:1
mithridate	PROPN:1
mitigation	NOUN:1
mitigé	ADJ:1
mitochondrial	ADJ:1
mitose	NOUN:1
mitoyen	ADJ:1
mitraille	NOUN:2
mitrailler	VERB:3
mitraillette	NOUN:2
mitrailleur	NOUN:1
mitrailleuse	NOUN:1
mitre	NOUN:1
mitsui	PROPN:1
mitterrand	PROPN:1
miu	PROPN:1
mix	NOUN:1
mixage	NOUN:1
mixer	VERB:1	NOUN:1
mixeur	NOUN:3
mixité	NOUN:3
mixtape	NOUN:1
mixte	ADJ:2
mixture	NOUN:1
miyuki	PROPN:1
mièvre	ADJ:1
mièvrerie	NOUN:1
mlle	NOUN:2
mme	NOUN:4
mns	NOUN:1
mnémonique	ADJ:1	NOUN:2
mnémotechnique	ADJ:1
mo	SYM:1
mob	NOUN:1
mobile	ADJ:3	NOUN:4
mobilier	NOUN:1	ADJ:1
mobilisable	ADJ:1
mobilisateur	ADJ:2
mobilisation	NOUN:2
mobiliser	VERB:1
mobilité	NOUN:1
mobylette	NOUN:1
moche	ADJ:1
mocheté	NOUN:1
modal	ADJ:1	NOUN:2
modalité	NOUN:2
mode	NOUN:5
modelage	NOUN:1
modeler	VERB:2
modem	NOUN:1	PROPN:1
moderne	ADJ:1
modernisation	NOUN:1
moderniser	VERB:1
modernisme	NOUN:1
moderniste	ADJ:1
modernité	NOUN:1
modeste	ADJ:2
modestement	ADV:1
modestie	NOUN:1
modifiable	ADJ:1
modification	NOUN:1
modifier	VERB:1
modique	ADJ:1
modiste	NOUN:1
modulable	ADJ:1
modulaire	ADJ:1
modularité	NOUN:1
modulateur	NOUN:1
modulation	NOUN:2
module	NOUN:1
moduler	VERB:2
modèle	NOUN:2
modène	PROPN:2
modélisation	NOUN:1
modéliser	VERB:1
modélisme	NOUN:1
modélisé	ADJ:1
modérateur	NOUN:1	ADJ:1
modération	NOUN:1
modérer	VERB:3
modéré	ADJ:1
modérément	ADV:1
moelle	NOUN:3
moelleux	ADJ:2
mogadiscio	PROPN:1
mogo	NOUN:1
mohair	NOUN:1
mohamed	PROPN:1
mohammed	PROPN:1
moi	PRON:2	NOUN:1
moi-même	PRON:1
moignon	NOUN:2
moindrement	ADV:1
moine	NOUN:1
moineau	NOUN:2
moins	ADV:3	NOUN:1	ADP:1
moins-value	NOUN:1
moire	NOUN:3
moiré	ADJ:2	NOUN:1
mois	NOUN:2
moisan	PROPN:1
moise	NOUN:1
moisi	ADJ:1	NOUN:1
moisir	VERB:2
moisissure	NOUN:1
moisson	NOUN:4	PROPN:1
moissonner	VERB:1
moissonneuse	NOUN:1
moite	ADJ:2
moiteur	NOUN:2
moitié	NOUN:2
mojito	NOUN:1
moka	NOUN:3
molaire	NOUN:1	ADJ:2
molard	NOUN:1
molasse	NOUN:1
moldave	ADJ:1	NOUN:2
moldavie	PROPN:2
moldu	NOUN:1	ADJ:1
mole	NOUN:1
molester	VERB:2
molette	NOUN:3
molière	PROPN:1	NOUN:2
mollah	NOUN:1
mollard	NOUN:1
mollement	ADV:3
moller	VERB:2
mollesse	NOUN:2
mollet	ADJ:2	NOUN:1	PROPN:1
mollo	ADV:1
mollusque	NOUN:2
moloch	NOUN:1
molosse	NOUN:2
molson	PROPN:1
molybdène	NOUN:1
molène	NOUN:1	PROPN:3
moléculaire	ADJ:1
molécule	NOUN:2
moment	NOUN:4
momentané	ADJ:1
momentanée	ADJ:2
momentanément	ADV:1
momie	NOUN:2
momification	NOUN:1
mon	DET:2
monachisme	NOUN:1
monaco	PROPN:1	NOUN:1
monarchie	NOUN:1
monarchique	ADJ:1
monarchiste	ADJ:1
monarque	NOUN:1
monastique	ADJ:1
monastère	NOUN:1
monceau	NOUN:1
moncton	PROPN:1
mondain	ADJ:2
monde	NOUN:2	INTJ:1	ADJ:1
mondial	ADJ:1	PROPN:1
mondialement	ADV:1
mondialisation	NOUN:1
mondialisme	NOUN:1
mondialiste	ADJ:1	NOUN:1
monfort	PROPN:2
mongol	ADJ:1	NOUN:3
mongolie	PROPN:2
monial	NOUN:1
monika	PROPN:1
monique	PROPN:1
monisme	NOUN:1
moniteur	NOUN:3
monitor	NOUN:1
monitoring	NOUN:1
monnaie	NOUN:4
monnayage	NOUN:2
monnayer	VERB:3
monnayeur	NOUN:1
monnoye	NOUN:4
mono	ADJ:1	NOUN:1
monobloc	NOUN:1
monochromatique	ADJ:1
monochrome	ADJ:1
monocle	NOUN:1
monocoque	NOUN:2
monocorde	NOUN:1	ADJ:1
monoculture	NOUN:1
monocycle	NOUN:1
monogame	ADJ:1	NOUN:1
monogamie	NOUN:1
monogramme	NOUN:1
monographie	NOUN:1
monographique	ADJ:1
monolithe	NOUN:1
monolithique	ADJ:1
monologue	NOUN:1
monomoteur	ADJ:1	NOUN:1
mononcle	NOUN:2
mononucléose	NOUN:1
monophasé	ADJ:1
monoplace	NOUN:1
monopole	NOUN:1
monopoliser	VERB:1
monopolistique	ADJ:1
monorail	ADJ:1
monospace	NOUN:1
monothéisme	NOUN:1
monothéiste	NOUN:1	ADJ:1
monotone	ADJ:3
monotonie	NOUN:1
monoxyde	NOUN:1
monoï	NOUN:1
mons	PROPN:1
monseigneur	NOUN:2
monsieur	NOUN:3
monstre	NOUN:2	ADJ:1
monstrueusement	ADV:1
monstrueux	ADJ:1
monstruosité	NOUN:1
mont	NOUN:2
montage	NOUN:2
montagnais	NOUN:1
montagnard	ADJ:2	NOUN:2
montagne	NOUN:4
montagneux	ADJ:1
montaigne	PROPN:2
montant	ADJ:2	NOUN:2
montauban	PROPN:1
montbrun	PROPN:5
montcalm	PROPN:3
montcuq	PROPN:1
montebello	PROPN:1
monter	VERB:8
montesquieu	PROPN:3
monteur	NOUN:1
montgolfier	PROPN:1
montgolfière	NOUN:1
monticule	NOUN:2
montjoie	PROPN:3
montlhéry	PROPN:1
montmagny	PROPN:2
montmartre	PROPN:1
montoir	NOUN:1
montparnasse	PROPN:1
montpellier	PROPN:2
montpelliérain	ADJ:1	NOUN:1
montrachet	PROPN:1
montrer	VERB:6
montrichard	PROPN:1
montrouge	PROPN:1
montréal	PROPN:5
montréalais	ADJ:1	NOUN:1
monture	NOUN:3
montée	NOUN:3
monténégrin	NOUN:1	ADJ:1	PROPN:1
monténégro	PROPN:1
montérégie	PROPN:1
monument	NOUN:1
monumental	ADJ:1
monégasque	NOUN:1	ADJ:1
monétaire	ADJ:1
monétisation	NOUN:1
monétiser	VERB:1
moore	PROPN:1
mop	NOUN:1
mopti	PROPN:1
moquer	VERB:3
moquerie	NOUN:1
moquette	NOUN:1
moqueur	NOUN:2	ADJ:1
moraine	NOUN:1
moral	NOUN:1	ADJ:2
moralement	ADV:1
moralisateur	ADJ:1
moralisation	NOUN:1
moraliser	VERB:1
moralisme	NOUN:1
moraliste	ADJ:1	NOUN:1
moralité	NOUN:2
moratoire	NOUN:1
moravie	PROPN:1
morbide	ADJ:1
morbidité	NOUN:1
morbihan	PROPN:1
morceau	NOUN:3
morcellement	NOUN:1
mordant	ADJ:3	NOUN:2
mordicus	ADV:2
mordiller	VERB:1
mordre	VERB:2
mordu	NOUN:1
more	NOUN:1
moreau	PROPN:1	ADJ:1	NOUN:2
morel	PROPN:2
morelle	NOUN:1
morfler	VERB:1
morfondre	VERB:3
morgane	PROPN:2	ADJ:1
morgon	NOUN:1
morgue	NOUN:2
moribond	ADJ:1
morillon	NOUN:2	ADJ:1
morin	PROPN:1
morlaix	PROPN:1
mormon	ADJ:1
morne	ADJ:1
morneau	PROPN:1
moron	NOUN:1	ADJ:1
moroni	PROPN:1
morose	ADJ:1
morosité	NOUN:1
morphine	NOUN:1
morphologie	NOUN:2
morphologique	ADJ:1
morphologiquement	ADV:1
morphée	PROPN:1
morpion	NOUN:3
mors	NOUN:1
morse	NOUN:2
morsure	NOUN:2
mort	ADJ:1	NOUN:2
mortalité	NOUN:1
mortel	ADJ:3	NOUN:1
mortellement	ADV:1
mortier	NOUN:4	PROPN:1
mortification	NOUN:1
mortifié	ADJ:1
mortifère	ADJ:2
mortuaire	ADJ:1
morue	NOUN:3
morve	NOUN:2
morveux	ADJ:2	NOUN:2
morée	PROPN:1
mosaïque	NOUN:1	ADJ:2
moscou	PROPN:1
moscovie	PROPN:1
moscovite	NOUN:1	ADJ:1
mosellan	ADJ:1
moselle	PROPN:2
moshe	PROPN:1
mosquée	NOUN:1
mossadegh	PROPN:1
mossoul	PROPN:1
mot	NOUN:3
mot-clé	NOUN:1
mot-valise	NOUN:1
motard	NOUN:4
motel	NOUN:1
motet	NOUN:1
moteur	NOUN:4	ADJ:1
motif	NOUN:3
motilité	NOUN:1
motion	NOUN:1
motivant	ADJ:1
motivation	NOUN:1
motiver	VERB:2
moto	NOUN:1
motocyclette	NOUN:1
motocycliste	NOUN:1
motoneige	NOUN:1
motorisation	NOUN:1
motoriste	NOUN:2
motorisé	ADJ:1
motrice	NOUN:1
motricité	NOUN:1
motte	NOUN:4
motus	INTJ:1
mou	ADJ:4	NOUN:4
mouais	INTJ:1
mouarf	INTJ:1
mouchard	NOUN:8
mouche	NOUN:5
moucher	VERB:4
moucheron	NOUN:2
mouchet	PROPN:1
moucheté	ADJ:2
mouchoir	NOUN:1
moudjahid	NOUN:1
moudjahidine	NOUN:1
moudre	VERB:1
moue	NOUN:1
mouette	NOUN:1
moufle	NOUN:2
mouillage	NOUN:3
mouille	NOUN:5
mouiller	VERB:8
mouillé	ADJ:2
mouise	NOUN:2
moulage	NOUN:1
moulant	ADJ:1
moule	NOUN:6
mouler	VERB:3
moulin	NOUN:3	PROPN:1
moulinet	NOUN:2
moulinette	NOUN:3
mouloud	PROPN:1
moult	ADJ:1	ADV:1
moulure	NOUN:1
moumoute	NOUN:2
mourad	PROPN:1
mouret	PROPN:1
mourir	VERB:3	NOUN:1
mouron	NOUN:7
mourvèdre	NOUN:1
mouscron	PROPN:1
mousquet	NOUN:1
mousquetaire	NOUN:1
mousqueton	NOUN:2
moussa	PROPN:1
mousse	ADJ:1	NOUN:5
mousseau	PROPN:1
mousseline	NOUN:2
mousser	VERB:2
mousseux	ADJ:2
mousson	NOUN:2
moustache	NOUN:2
moustachu	ADJ:1
moustiquaire	NOUN:1
moustique	NOUN:3
moustérien	ADJ:1
moutarde	NOUN:1
moutier	NOUN:1
mouton	NOUN:5
mouture	NOUN:3
mouvance	NOUN:1
mouvant	ADJ:1
mouvement	NOUN:2
mouvementé	ADJ:2
mouvoir	VERB:2
moyen	NOUN:1	ADJ:3
moyen-courrier	ADJ:1	NOUN:1
moyen-orient	PROPN:1
moyennant	ADP:1
moyenne	NOUN:1
moyennement	ADV:2
moyenâgeux	ADJ:2
moyeu	NOUN:1
mozambicain	ADJ:1
mozambique	PROPN:1
mozart	PROPN:1
moé	PRON:2
moëlle	NOUN:3
moïse	PROPN:2	NOUN:1
moût	NOUN:2
mr	NOUN:1
mrc	NOUN:1
mst	NOUN:1
mtl	PROPN:5
mtn	ADV:1
mu	NOUN:1	VERB:1
mucoviscidose	NOUN:1
mucus	NOUN:1
muer	VERB:3
muesli	NOUN:1
muet	ADJ:3	NOUN:1
muezzin	NOUN:1
muffin	NOUN:1
mufle	NOUN:2	ADJ:1
mufti	NOUN:1
mug	NOUN:1
muguet	NOUN:3
mule	NOUN:3
mulet	NOUN:4
muletier	NOUN:1
mulhouse	PROPN:1
mulot	NOUN:1
mulroney	PROPN:1
multicolore	ADJ:1
multiculturalisme	NOUN:2
multiculturaliste	ADJ:1
multiculturel	ADJ:1
multidisciplinaire	ADJ:1
multiethnique	ADJ:1
multifonction	ADJ:1
multifonctionnel	ADJ:1
multiforme	ADJ:1
multijoueur	ADJ:1
multilatéral	ADJ:1
multilatéralisme	NOUN:1
multilingue	ADJ:2
multilinguisme	NOUN:1
multimillionnaire	ADJ:1	NOUN:1
multimédia	NOUN:1
multinational	ADJ:1
multinationale	NOUN:1
multipartisme	NOUN:1
multipartite	ADJ:1
multiple	ADJ:1
multiplicateur	ADJ:1	NOUN:1
multiplication	NOUN:1
multiplicité	NOUN:1
multiplier	VERB:2
multipolaire	ADJ:1
multiprise	NOUN:1
multirécidiviste	NOUN:1
multitude	NOUN:1
multivers	NOUN:1
mulâtre	NOUN:1
munich	PROPN:1
munichois	NOUN:1	ADJ:1
municipal	ADJ:1
municipalité	NOUN:2
munir	VERB:2
munition	NOUN:1
munster	PROPN:1	NOUN:1
muqueuse	NOUN:1
muqueux	ADJ:1
mur	NOUN:1
muraille	NOUN:1
murakami	PROPN:1
mural	ADJ:1
murcie	PROPN:1
murer	VERB:3
muret	NOUN:2	PROPN:2
murex	NOUN:1
muriel	PROPN:1
murielle	PROPN:1
murmurant	ADJ:1
murmure	NOUN:1
murmurer	VERB:1
musc	NOUN:1
muscade	NOUN:1
muscadet	NOUN:1
muscat	NOUN:1
muscle	NOUN:1
muscler	VERB:1
musclé	ADJ:1
muscu	NOUN:1
musculaire	ADJ:1
musculation	NOUN:1
musculature	NOUN:1
musculeux	ADJ:2
muse	NOUN:2
museau	NOUN:2
museler	VERB:2
muselière	NOUN:1
musette	NOUN:4
musical	ADJ:2
musicalement	ADV:1
musicalité	NOUN:1
musicien	NOUN:1
musicologie	NOUN:1
musicologue	NOUN:1
musique	NOUN:1
musqué	ADJ:1
must	NOUN:2
mustang	NOUN:1
musulman	NOUN:1
muséal	ADJ:1
musée	NOUN:1	PROPN:2
muséographie	NOUN:1
muséographique	ADJ:1
muséologie	NOUN:1
muséum	NOUN:1
mutant	ADJ:1
mutation	NOUN:3
muter	VERB:2
mutilation	NOUN:1
mutiler	VERB:3
mutilé	ADJ:1
mutin	NOUN:1	ADJ:2
mutinerie	NOUN:1
mutique	ADJ:2
mutisme	NOUN:3
mutualisation	NOUN:2
mutualiser	VERB:1
mutualiste	ADJ:1
mutualité	NOUN:1
mutuel	ADJ:2
mutuellement	ADV:1
mx	NOUN:1
myanmar	PROPN:1
mycologie	NOUN:1
mycose	NOUN:1
mycènes	PROPN:1
mycélium	NOUN:1
mygale	NOUN:1
mylène	PROPN:1
myocarde	NOUN:1
myocardique	ADJ:1
myopathie	NOUN:2
myope	ADJ:2	NOUN:1
myopie	NOUN:1
myosotis	NOUN:1
myriade	NOUN:2
myriam	PROPN:1
myrrhe	NOUN:1
myrte	NOUN:1
myrtille	NOUN:1
mysticisme	NOUN:1
mystification	NOUN:1
mystique	NOUN:1	ADJ:1
mystère	NOUN:2
mystérieusement	ADV:1
mystérieux	ADJ:1
mythe	NOUN:2
mythique	ADJ:1
mytho	NOUN:2	VERB:1
mythologie	NOUN:1
mythologique	ADJ:1
mythomane	NOUN:2
mythomanie	NOUN:1
myéline	NOUN:1
myélome	NOUN:1
màj	NOUN:1
mâche	NOUN:1
mâcher	VERB:2
mâchicoulis	NOUN:1
mâchoire	NOUN:1
mâcon	PROPN:1
mâconnais	ADJ:1	NOUN:2
mâle	ADJ:2	NOUN:1
mânes	NOUN:2
mât	NOUN:2
mâtiné	ADJ:1
mâture	NOUN:1
mèche	NOUN:8
mèdes	PROPN:1
mème	NOUN:2
mère	NOUN:1
mètre	NOUN:1
méandre	NOUN:1
mécanicien	NOUN:2
mécanique	ADJ:2	NOUN:1
mécaniquement	ADV:1
mécanisation	NOUN:1
mécanisme	NOUN:1
mécaniste	ADJ:1
mécano	NOUN:1
méchamment	ADV:2
méchanceté	NOUN:1
méchant	ADJ:2	NOUN:2
méchoui	NOUN:1
méconnaissable	ADJ:1
méconnaissance	NOUN:1
méconnaître	VERB:3
méconnu	ADJ:4
mécontent	ADJ:1	NOUN:1
mécontentement	NOUN:1
mécontenter	VERB:1
mécréant	ADJ:2	NOUN:1
mécène	NOUN:1
mécénat	NOUN:1
médaille	NOUN:1
médaillon	NOUN:3
médard	PROPN:1
médecin	NOUN:1
médecine	NOUN:1
média	NOUN:2
médial	ADJ:1
médian	ADJ:1
médiateur	NOUN:2
médiathèque	NOUN:1
médiation	NOUN:1
médiatique	ADJ:1
médiatiquement	ADV:1
médiatisation	NOUN:2
médiatiser	VERB:1
médiatisé	ADJ:2
médiator	NOUN:1
médiatrice	NOUN:1
médical	ADJ:1
médicalement	ADV:1
médicalisation	NOUN:1
médicalisé	ADJ:1
médicament	NOUN:1
médicamenteux	ADJ:1
médication	NOUN:3
médicinal	ADJ:1
médico-légal	ADJ:1
médico-social	ADJ:1
médina	NOUN:1
médiocre	ADJ:2
médiocrité	NOUN:2
médire	VERB:1
médisance	NOUN:2
médisant	ADJ:1	NOUN:1
méditatif	ADJ:1
méditation	NOUN:2
méditer	VERB:2
méditerranée	PROPN:1
méditerranéen	ADJ:1
médium	NOUN:2
médiéval	ADJ:1
médiéviste	NOUN:1
médoc	PROPN:1	NOUN:2
médor	PROPN:1
médullaire	ADJ:1
méduse	NOUN:1	PROPN:1
médée	PROPN:1
mée	NOUN:2
méfait	NOUN:2
méfiance	NOUN:1
méfiant	ADJ:1
méfier	VERB:1
méga	NOUN:1	ADV:1
mégalo	ADJ:1
mégalomane	NOUN:1
mégalomanie	NOUN:1
mégalopole	NOUN:1
mégane	PROPN:1
mégaphone	NOUN:1
mégapole	NOUN:1
mégarde	NOUN:1
mégare	PROPN:2
mégot	NOUN:1
mégère	NOUN:2
méiose	NOUN:1
mékinac	PROPN:1
mél	NOUN:1
mélamine	NOUN:1
mélancolie	NOUN:2
mélancolique	ADJ:1
mélange	NOUN:1
mélanger	VERB:1
mélangeur	NOUN:2
mélanie	PROPN:1
mélanine	NOUN:1
mélanome	NOUN:1
mélasse	NOUN:3
mélatonine	NOUN:1
mélenchon	PROPN:1
mélissa	PROPN:1
mélisse	NOUN:1
méliès	PROPN:1
mélo	NOUN:1
mélodie	NOUN:1	PROPN:1
mélodieux	ADJ:1
mélodique	ADJ:1
mélodramatique	ADJ:1
mélodrame	NOUN:1
mélomane	ADJ:1	NOUN:1
mélopée	NOUN:2
mélusine	PROPN:1
mélèze	NOUN:1
mémento	NOUN:2
mémo	NOUN:1
mémoire	NOUN:6
mémorable	ADJ:1
mémorandum	NOUN:1
mémorial	NOUN:1
mémorialiste	NOUN:1
mémoriel	ADJ:1
mémorisation	NOUN:1
mémoriser	VERB:1
mémère	NOUN:2
mémé	NOUN:2
ménage	NOUN:2
ménagement	NOUN:1
ménager	ADJ:1	NOUN:1	VERB:4
ménagerie	NOUN:1
ménagère	NOUN:1
ménandre	PROPN:1
ménard	PROPN:1
ménestrel	NOUN:1
ménilmontant	PROPN:1
méningite	NOUN:1
ménisque	NOUN:1
ménopause	NOUN:1
méprendre	VERB:3
mépris	NOUN:2
méprisable	ADJ:1
méprisant	ADJ:1
méprise	NOUN:1
mépriser	VERB:1
mérida	PROPN:3
méridien	ADJ:2
méridienne	NOUN:2
méridional	ADJ:1
mérignac	PROPN:1
mérinos	NOUN:1
méritant	ADJ:2
mérite	NOUN:1
mériter	VERB:1
méritocratie	NOUN:1
méritoire	ADJ:1
mérou	NOUN:1
mérovingien	ADJ:1
mésange	NOUN:1
mésaventure	NOUN:1
mésentente	NOUN:1
mésentérique	ADJ:1
mésolithique	ADJ:1	NOUN:1
mésopotamie	PROPN:2
méta	ADJ:1
métabolique	ADJ:1
métabolisme	NOUN:1
métabolite	NOUN:1
métairie	NOUN:2
métal	NOUN:1
métallique	ADJ:1
métallisé	ADJ:2
métallurgie	NOUN:1
métallurgique	ADJ:2
métallurgiste	NOUN:1
métamorphique	ADJ:1
métamorphisme	NOUN:1
métamorphose	NOUN:1
métamorphoser	VERB:1
métaphore	NOUN:1
métaphorique	ADJ:1
métaphoriquement	ADV:1
métaphysique	ADJ:1	NOUN:1
métastase	NOUN:1
métastatique	ADJ:1
métayer	NOUN:1
méthadone	NOUN:1
méthamphétamine	NOUN:1
méthane	NOUN:1
méthanisation	NOUN:1
méthanol	NOUN:1
méthionine	NOUN:1
méthode	NOUN:2
méthodique	ADJ:1
méthodiquement	ADV:1
méthodiste	NOUN:1
méthodologie	NOUN:1
méthodologique	ADJ:1
méthyl	NOUN:1
méthyle	NOUN:1
méthylène	NOUN:1
méticuleusement	ADV:1
méticuleux	ADJ:1
métier	NOUN:3
métis	PROPN:2	ADJ:2	NOUN:2
métissage	NOUN:1
métissé	ADJ:1
métonymie	NOUN:1
métrage	NOUN:1
métrique	ADJ:2
métro	NOUN:2
métrologie	NOUN:1
métronome	NOUN:1
métropole	NOUN:4
métropolis	NOUN:4
métropolitain	ADJ:1	NOUN:2
métropolite	NOUN:1
métèque	NOUN:2
météo	NOUN:2
météore	NOUN:2
météorite	NOUN:1
météorologie	NOUN:1
météorologique	ADJ:1
météorologiste	NOUN:1
météorologue	NOUN:1
mêler	VERB:3
mêlée	NOUN:2
même	ADV:1	ADJ:2
môle	NOUN:3
môme	NOUN:2
mûr	ADJ:3
mûre	NOUN:4
mûrement	ADV:1
mûrier	NOUN:1
mûrir	VERB:3
mœurs	NOUN:1
nabab	NOUN:1
nabi	NOUN:2
nabot	NOUN:1	ADJ:1
nabuchodonosor	PROPN:1	NOUN:1
nacelle	NOUN:4
nacho	NOUN:1
nacre	NOUN:1
nacré	ADJ:1	NOUN:1
nadeau	PROPN:1
nadejda	PROPN:1
nadia	PROPN:2
nadine	PROPN:1
nadir	NOUN:1
nadège	PROPN:1
nagasaki	PROPN:2
nage	NOUN:1
nageant	ADJ:1
nageoire	NOUN:2
nager	VERB:1
nageur	NOUN:1
naguère	ADV:2
nagy	PROPN:1
nahum	PROPN:2
nain	ADJ:1	NOUN:2
naine	NOUN:1
nairobi	PROPN:1
naissance	NOUN:2
nakajima	PROPN:1
nakamura	PROPN:1
namibie	PROPN:1
namur	PROPN:3
namurois	ADJ:1	NOUN:1
nana	NOUN:1
nanaimo	PROPN:1
nanar	NOUN:1
nanard	NOUN:1
nancy	PROPN:2
nancéien	NOUN:1	ADJ:1
nanette	PROPN:1
nanisme	NOUN:1
nankin	PROPN:1	NOUN:1
nanotechnologie	NOUN:1
nantais	NOUN:1	ADJ:1
nanterre	PROPN:1
nantes	PROPN:1
nanti	ADJ:2	NOUN:1
nantissement	NOUN:2
napalm	NOUN:1
naphtaline	NOUN:1
naples	PROPN:2
napolitain	NOUN:2	ADJ:1
napoléon	PROPN:2	NOUN:1
napoléonien	ADJ:1
nappage	NOUN:1
nappe	NOUN:3
napperon	NOUN:2
narbonnais	ADJ:1	NOUN:1
narbonne	PROPN:1
narcisse	NOUN:1	PROPN:1
narcissique	ADJ:1
narcissisme	NOUN:1
narcolepsie	NOUN:1
narcotique	NOUN:1	ADJ:1
narcotrafic	NOUN:1
nard	NOUN:1
narguer	VERB:1
narguilé	NOUN:2
narine	NOUN:1
narquois	ADJ:2	NOUN:2
narrateur	NOUN:1
narratif	ADJ:1
narration	NOUN:3
narrer	VERB:1
narval	NOUN:1
nas	NOUN:1
nasa	PROPN:1
nasal	ADJ:1
nasdaq	PROPN:1
nase	ADJ:2
nasse	NOUN:4
natacha	PROPN:1
natal	ADJ:1
natalie	PROPN:1
natalité	NOUN:1
natasha	PROPN:1
natation	NOUN:1
nathalie	PROPN:1
nathan	PROPN:2
nathanaël	PROPN:2
natif	ADJ:3
nation	NOUN:1
national	ADJ:1
nationalement	ADV:2
nationalisation	NOUN:1
nationaliser	VERB:1
nationalisme	NOUN:1
nationaliste	ADJ:1
nationalité	NOUN:1
nativement	ADV:2
nativité	NOUN:2
natte	NOUN:2
naturalisation	NOUN:1
naturaliser	VERB:2
naturalisme	NOUN:1
naturaliste	ADJ:1	NOUN:1
naturalisé	ADJ:1
naturalité	NOUN:1
nature	NOUN:2	ADJ:2
naturel	ADJ:2	NOUN:1
naturellement	ADV:1
naturisme	NOUN:1
naturiste	ADJ:1
naturopathe	ADJ:1	NOUN:1
naturopathie	NOUN:1
naufrage	NOUN:2
naufragé	ADJ:1	NOUN:1
nausicaa	PROPN:1
nauséabond	ADJ:2
nausée	NOUN:1
nautique	ADJ:1	NOUN:1
nautisme	NOUN:1
navajo	NOUN:1
naval	ADJ:1
navalny	PROPN:1
navarin	NOUN:1
navarrais	ADJ:1
navarre	PROPN:3
navet	NOUN:2
navette	NOUN:5
navigabilité	NOUN:1
navigable	ADJ:1
navigant	ADJ:1
navigateur	NOUN:2
navigation	NOUN:1
naviguer	VERB:4
navire	NOUN:1
navrant	ADJ:1
navré	ADJ:3	INTJ:1
nawak	PRON:1
naxos	PROPN:1
nazaréen	ADJ:1
naze	ADJ:2	NOUN:1
nazi	ADJ:1
nazir	NOUN:1
nazisme	NOUN:1
naître	VERB:1
naïade	NOUN:1
naïf	ADJ:1
naïvement	ADV:1
naïveté	NOUN:1
nb	PROPN:1
nbc	ADJ:1
ncsm	NOUN:1
nd	ADJ:1
nddl	PROPN:1
ndt	NOUN:1
ne	PART:4
neck	NOUN:1
necker	PROPN:2
nectaire	NOUN:1
nectar	NOUN:1
nef	NOUN:2
neige	NOUN:3
neiger	VERB:1
neigeux	ADJ:1
nem	NOUN:2
nemtsov	PROPN:1
nenni	INTJ:1
neptune	PROPN:2
nerf	NOUN:2
nerveusement	ADV:1
nerveux	ADJ:2
nervosité	NOUN:2
nervure	NOUN:1
nescafé	NOUN:1
nestlé	PROPN:1
nestor	PROPN:1
net	ADJ:3	PROPN:1
nettement	ADV:1
netteté	NOUN:2
nettoyage	NOUN:1
nettoyant	NOUN:1	ADJ:1
nettoyer	VERB:2
nettoyeur	ADJ:1	NOUN:2
neuchâtel	PROPN:2
neuchâtelois	ADJ:1
neuf	NUM:1	ADJ:1
neuilly	PROPN:2
neuilly-sur-seine	PROPN:1
neuneu	ADJ:1
neural	ADJ:1
neurobiologie	NOUN:1
neurochirurgie	NOUN:1
neurochirurgien	NOUN:1
neurologie	NOUN:1
neurologique	ADJ:1
neurologue	NOUN:1
neuromusculaire	ADJ:1
neuronal	ADJ:1
neurone	NOUN:1
neuropsychologie	NOUN:1
neuroscience	NOUN:1
neurotoxique	ADJ:1
neurotransmetteur	NOUN:1
neutralisant	ADJ:1	NOUN:1
neutralisation	NOUN:1
neutraliser	VERB:1
neutralité	NOUN:1
neutre	ADJ:2
neutron	NOUN:1
neuvaine	NOUN:1
neuvième	ADJ:1
nevada	PROPN:1
nevers	PROPN:1
neveu	NOUN:1
news	NOUN:1
newton	NOUN:1
nez	NOUN:2
ngo	PROPN:1
nguyen	PROPN:1
nguyên	PROPN:1
ni	CCONJ:1
niagara	PROPN:2
niais	ADJ:3	NOUN:1
niaiser	VERB:2
niaiserie	NOUN:1
niaiseux	ADJ:1	NOUN:1
niamey	PROPN:1
nice	ADJ:1	PROPN:1
niche	NOUN:2
nicher	VERB:3
nichon	NOUN:1
nichée	NOUN:1
nickel	NOUN:2	ADJ:2
nicodème	PROPN:1	NOUN:1
nicolas	PROPN:2
nicole	PROPN:1
nicolette	PROPN:1
nicosie	PROPN:1
nicotine	NOUN:1
nicée	PROPN:2
nid	NOUN:2
nidification	NOUN:1
niel	PROPN:1
nier	VERB:1
nieuport	PROPN:1
nigaud	ADJ:1	NOUN:1
niger	PROPN:1
nigeria	PROPN:1
nigérian	NOUN:1	ADJ:1
nigérien	ADJ:1	NOUN:1
nihilisme	NOUN:1
nihiliste	ADJ:1
nijni	PROPN:1
nikita	PROPN:4
nil	PROPN:1
nina	PROPN:1
nine	PROPN:2
ninette	PROPN:1
nini	PROPN:1
ninive	PROPN:1
ninon	PROPN:1
niobium	NOUN:1
niobé	ADJ:1
niort	PROPN:1
niortais	NOUN:1	ADJ:1
nip	NOUN:1
nippon	NOUN:1	ADJ:1
niqab	NOUN:1
nique	NOUN:1
niquer	VERB:6
nirvana	NOUN:1
nishimura	PROPN:1
nitouche	NOUN:1
nitrate	NOUN:1
nitrique	ADJ:1
nitrite	NOUN:1
nitroglycérine	NOUN:1
niv	NOUN:3
niveau	NOUN:3
niveler	VERB:2
nivellement	NOUN:1
nivernais	ADJ:1	PROPN:1	NOUN:2
nivôse	NOUN:1
niçois	ADJ:1	NOUN:1
nièce	NOUN:1
nième	ADJ:2
nièvre	PROPN:2
no	NOUN:1
noailles	PROPN:4
nobiliaire	ADJ:1
noble	ADJ:3	NOUN:1
noblement	ADV:1
noblesse	NOUN:1
noce	NOUN:3
nocif	ADJ:1
nocivité	NOUN:1
noctambule	ADJ:1	NOUN:1
nocturne	ADJ:2	NOUN:3
nodule	NOUN:1
noir	ADJ:4	NOUN:4
noirceur	NOUN:4
noirci	ADJ:1
noircir	VERB:2
noirâtre	ADJ:1
noise	NOUN:1
noisetier	NOUN:1
noisette	NOUN:4
noix	NOUN:6
nolwenn	PROPN:1
nom	NOUN:3
nomade	ADJ:1	NOUN:1
nomadisme	NOUN:2
nombre	NOUN:1
nombreux	ADJ:1
nombril	NOUN:2
nombrilisme	NOUN:1
nombriliste	ADJ:2
nome	NOUN:2
nomenclature	NOUN:1
nominal	ADJ:1
nominalement	ADV:1
nominatif	ADJ:1	NOUN:1
nomination	NOUN:1
nominer	VERB:1
nominé	ADJ:1	NOUN:1
nommage	NOUN:1
nommer	VERB:3
nommément	ADV:1
nomura	PROPN:1
non	ADV:1	SCONJ:1	NOUN:1	INTJ:1
non-agression	NOUN:1
non-aligné	ADJ:1
non-lieu	NOUN:2
non-moi	NOUN:1
non-stop	ADV:1
non-violent	ADJ:1
nonagénaire	ADJ:1
nonante	NUM:1
nonce	NOUN:1
nonchalamment	ADV:1
nonchalance	NOUN:1
nonchalant	ADJ:2
nonciature	NOUN:1
nonne	NOUN:1
nono	NOUN:1
nonobstant	ADP:1	ADV:1
nope	NOUN:1	INTJ:1
noradrénaline	NOUN:1
noranda	PROPN:1
norbert	PROPN:1
nord	NOUN:1	PROPN:1
nord-africain	NOUN:1	ADJ:1
nord-américain	ADJ:2
nord-est	NOUN:1
nord-nord-ouest	NOUN:1
nord-ouest	NOUN:1
nord-pas-de-calais	PROPN:1
nordeste	PROPN:1
nordique	ADJ:2
nordiste	ADJ:2
noria	NOUN:1
noriko	PROPN:1
normal	ADJ:3
normalement	ADV:3
normalien	NOUN:1
normalisation	NOUN:1
normaliser	VERB:1
normalité	NOUN:1
normand	ADJ:1	NOUN:1
normandie	PROPN:1
normandin	PROPN:1
normatif	ADJ:1
norme	NOUN:3
norvège	PROPN:1
norvégien	NOUN:2	ADJ:1
nostalgie	NOUN:1
nostalgique	ADJ:1	NOUN:1
nostre	DET:1
nota	NOUN:1
notable	ADJ:1
notablement	ADV:1
notaire	NOUN:2
notamment	ADV:3
notarial	ADJ:1
notariat	NOUN:1
notarié	ADJ:1
notation	NOUN:1
note	NOUN:5
notebook	NOUN:1
noter	VERB:4
notice	NOUN:4
notification	NOUN:1
notifier	VERB:1
notion	NOUN:2
notoire	ADJ:1
notoirement	ADV:1
notoriété	NOUN:1
notre	DET:1
notre-dame	PROPN:2
nouakchott	PROPN:1
nouba	NOUN:1
nouchi	NOUN:1
nouer	VERB:3
noueux	ADJ:1
nougat	NOUN:4
nouille	NOUN:3
nouméa	PROPN:1
nounou	NOUN:1
nounours	NOUN:2
nour	PROPN:1
nourrice	NOUN:3
nourricier	ADJ:1
nourrir	VERB:3
nourrissant	ADJ:1
nourrisson	NOUN:2
nourriture	NOUN:1
nous	PRON:3	NOUN:1
nouveau	ADJ:1	NOUN:1
nouveau-brunswick	PROPN:1
nouveauté	NOUN:2
nouvelle-angleterre	PROPN:1
nouvelle-calédonie	PROPN:1
nouvelle-france	PROPN:1
nouvelle-zélande	PROPN:1
nouvellement	ADV:1
nouvelliste	NOUN:1
nouvion	PROPN:2
nova	NOUN:1
novateur	NOUN:1	ADJ:1
novation	NOUN:1
nove	PROPN:1
novembre	NOUN:1
novice	NOUN:1	ADJ:1
noviciat	NOUN:1
novlangue	NOUN:2
novossibirsk	PROPN:2
noyade	NOUN:1
noyau	NOUN:6
noyer	NOUN:1	VERB:3
noé	PROPN:2
noémi	PROPN:2
noémie	PROPN:1
noël	PROPN:4	INTJ:1	NOUN:3
noëlle	PROPN:1
np-complet	ADJ:1
np-difficile	ADJ:1
npd	PROPN:1
ns	NOUN:1
nsdap	PROPN:1
nu	ADJ:1	NOUN:2
nuage	NOUN:1
nuageux	ADJ:1
nuance	NOUN:3
nuancer	VERB:1
nuancier	NOUN:1
nuancé	ADJ:1
nubie	PROPN:1
nucléaire	ADJ:1
nudisme	NOUN:1
nudiste	ADJ:1
nudité	NOUN:1
nuer	VERB:1
nugget	NOUN:2
nuire	VERB:1
nuisance	NOUN:2
nuisant	ADJ:2
nuisette	NOUN:1
nuisible	ADJ:1	NOUN:1
nuit	NOUN:1
nuitamment	ADV:1
nuitée	NOUN:2
nul	DET:2	ADJ:2	NOUN:2	PRON:1
nullement	ADV:1
nullité	NOUN:2
numidie	PROPN:2
numismate	NOUN:1
numismatique	ADJ:1	NOUN:1
numéraire	ADJ:2	NOUN:2
numérateur	NOUN:1
numération	NOUN:1
numérique	ADJ:2
numériquement	ADV:2
numérisation	NOUN:1
numériser	VERB:2
numéro	NOUN:3
numérologie	NOUN:1
numérotation	NOUN:1
numéroter	VERB:1
nunavik	PROPN:1
nunavut	PROPN:1
nunuche	ADJ:1
nuptial	ADJ:1
nuque	NOUN:1
nuremberg	PROPN:1
nurse	NOUN:1
nutella	NOUN:1	PROPN:1
nutriment	NOUN:1
nutritif	ADJ:2
nutrition	NOUN:1
nutritionnel	ADJ:1
nutritionniste	NOUN:1
nuée	NOUN:3
nylon	NOUN:1
nymphe	NOUN:1
nympho	NOUN:1
nymphomane	ADJ:1
nègre	NOUN:4	ADJ:2	ADV:1	PROPN:1
néanmoins	ADV:2
néant	NOUN:1
nébuleuse	NOUN:1
nébuleux	ADJ:1
nébulosité	NOUN:2
nécessaire	ADJ:1	NOUN:1
nécessairement	ADV:1
nécessiter	VERB:2
nécessiteux	ADJ:1	NOUN:1
nécessité	NOUN:1
nécrologie	NOUN:2
nécrologique	ADJ:1
nécromancie	NOUN:1
nécromancien	NOUN:2
nécropole	NOUN:1
nécrose	NOUN:1
néerlandais	ADJ:1	NOUN:2
néerlandophone	ADJ:1
néfaste	ADJ:2
négatif	ADJ:2
négation	NOUN:2
négationnisme	NOUN:1
négationniste	ADJ:1
négativement	ADV:1
négativité	NOUN:1
négligeable	ADJ:1
négligemment	ADV:1
négligence	NOUN:1
négligent	ADJ:1
négliger	VERB:2
négligé	NOUN:1	ADJ:2
négo	NOUN:1
négoce	NOUN:1
négociable	ADJ:1
négociant	NOUN:1
négociateur	NOUN:1
négociation	NOUN:1
négocier	VERB:1
négresse	NOUN:3
négrier	NOUN:3	ADJ:1
négritude	NOUN:1
négro	NOUN:2
néguev	PROPN:1
néhémie	PROPN:1
némésis	NOUN:1
nénette	NOUN:2
nénuphar	NOUN:1
néné	NOUN:1
néo	PROPN:1
néo-réalisme	NOUN:1
néo-zélandais	NOUN:1	ADJ:1
néoclassique	ADJ:1
néocolonialisme	NOUN:1
néolibéral	ADJ:1
néolibéralisme	NOUN:1
néolithique	ADJ:1	PROPN:1
néologie	NOUN:1
néologisme	NOUN:1
néon	NOUN:2
néonazi	ADJ:1
néophyte	NOUN:1
népal	PROPN:1
népalais	ADJ:1	NOUN:2
néphrologie	NOUN:1
népotisme	NOUN:1
nérac	PROPN:1
néron	PROPN:3
névralgie	NOUN:1
névralgique	ADJ:2
névrose	NOUN:1
névrosé	ADJ:1
névrotique	ADJ:1
nîmes	PROPN:1
nîmois	ADJ:1	NOUN:1
nô	NOUN:2
nôtre	DET:1
nœud	NOUN:6
o	SYM:1
o'keefe	PROPN:1
oakland	PROPN:1
oasis	NOUN:1
objecter	VERB:2
objecteur	NOUN:1
objectif	ADJ:2	NOUN:2
objection	NOUN:1
objectivation	NOUN:1
objectivement	ADV:1
objectiver	VERB:1
objectivité	NOUN:1
objet	NOUN:7
obligataire	NOUN:1
obligation	NOUN:2
obligatoire	ADJ:2
obligatoirement	ADV:1
obligeance	NOUN:1
obliger	VERB:3
obliquement	ADV:2
oblitération	NOUN:2
oblong	ADJ:1
obole	NOUN:4
obscur	ADJ:1
obscurantisme	NOUN:1
obscurantiste	NOUN:1
obscurcir	VERB:5
obscurité	NOUN:2
obscène	ADJ:1
obscénité	NOUN:1
observable	ADJ:1
observance	NOUN:1
observateur	ADJ:1	NOUN:1
observation	NOUN:7
observatoire	NOUN:1
observer	VERB:3
obsession	NOUN:1
obsessionnel	ADJ:1
obsidienne	NOUN:1
obsolescence	NOUN:1
obsolète	ADJ:2
obstacle	NOUN:1
obstination	NOUN:2
obstiner	VERB:2
obstiné	ADJ:1	NOUN:1
obstinément	ADV:1
obstruction	NOUN:2
obstruer	VERB:1
obstétricien	NOUN:1
obstétrique	ADJ:1	NOUN:1
obsédant	ADJ:2
obséder	VERB:1
obsédé	ADJ:2	NOUN:2
obtempérer	VERB:2
obtenir	VERB:1
obtention	NOUN:1
obturateur	NOUN:1
obturation	NOUN:3
obtus	ADJ:3
obus	NOUN:1
obusier	NOUN:1
obèse	ADJ:1	NOUN:1
obédience	NOUN:3
obéir	VERB:2
obéissance	NOUN:1
obéissant	ADJ:1
obélisque	NOUN:1
obésité	NOUN:1
ocarina	NOUN:1
occase	NOUN:1
occasion	NOUN:4
occasionnel	ADJ:1
occasionnellement	ADV:2
occasionner	VERB:1
occident	NOUN:1	PROPN:1
occidental	ADJ:2
occidentalisation	NOUN:1
occipital	ADJ:1
occire	VERB:1
occitan	NOUN:2	ADJ:2
occitane	NOUN:1
occitanie	PROPN:2
occlusion	NOUN:1
occultation	NOUN:2
occulte	ADJ:1	NOUN:1
occulter	VERB:1
occultisme	NOUN:1
occupant	ADJ:1	NOUN:2
occupation	NOUN:3
occuper	VERB:4
occurrence	NOUN:1
ocelot	NOUN:1
och	PROPN:1
ocre	NOUN:1
octane	NOUN:1
octave	NOUN:1
octavien	ADJ:1	PROPN:1
octavo	ADV:1
octet	NOUN:1
octobre	NOUN:1
octogonal	ADJ:1
octogone	NOUN:1
octogénaire	NOUN:1
octroi	NOUN:1
octroyer	VERB:1
octuple	ADJ:1
oculaire	ADJ:1	NOUN:1
oculus	NOUN:1
ocytocine	NOUN:1
océan	NOUN:3	PROPN:1
océane	PROPN:1
océanie	PROPN:1
océanique	ADJ:2
océanographe	NOUN:1
océanographie	NOUN:1
océanographique	ADJ:1
ode	NOUN:1
odette	PROPN:1
odeur	NOUN:1
odieux	ADJ:3
odile	PROPN:1
odin	PROPN:1
odontologie	NOUN:1
odorant	ADJ:1
odorat	NOUN:1
odyssée	NOUN:1	PROPN:2
odéon	NOUN:2
oe	INTJ:1
oecuménique	ADJ:1
off-shore	ADJ:1
offensant	ADJ:2
offense	NOUN:1
offenser	VERB:2
offensif	ADJ:1
offensive	NOUN:1
offensivement	ADV:1
offertoire	NOUN:1
office	NOUN:5
officialisation	NOUN:1
officialiser	VERB:1
officialité	NOUN:2
officiant	ADJ:1
officiel	ADJ:1
officiellement	ADV:1
officier	VERB:1	NOUN:1
officieusement	ADV:1
officieux	ADJ:1
officine	NOUN:1
offrande	NOUN:1
offrir	VERB:5
offshore	ADJ:2
offusquer	VERB:2
ogier	PROPN:2
ogival	ADJ:1
ogive	NOUN:2
ogm	NOUN:1
ogre	NOUN:1
ogresse	NOUN:1
oh	INTJ:1
ohm	NOUN:1
ohé	INTJ:1
oie	NOUN:1
oignon	NOUN:3
oint	NOUN:1
oise	PROPN:2
oiseau	NOUN:1
oiseau-mouche	NOUN:1
oiseleur	NOUN:1
oisif	ADJ:1
oisillon	NOUN:1
oisiveté	NOUN:1
oit	PRON:2
ojd	ADV:2
ok	INTJ:1
okapi	NOUN:1
oki	INTJ:1
olfactif	ADJ:1
olfaction	NOUN:1
oligarchie	NOUN:1
oligarchique	ADJ:1
oligarque	NOUN:1
oligocène	PROPN:1	ADJ:1
oligopole	NOUN:1
olim	NOUN:1
olive	NOUN:1
oliveraie	NOUN:1
olivia	PROPN:1
olivier	NOUN:1	PROPN:2
olivine	NOUN:1
ollier	PROPN:1
olonne	PROPN:1
olympe	PROPN:1	NOUN:1
olympiade	NOUN:2
olympie	PROPN:1
olympien	ADJ:1
olympique	ADJ:1
olympisme	NOUN:1
oléagineux	ADJ:1
oléoduc	NOUN:1
oléron	PROPN:1
oman	PROPN:1
ombilic	NOUN:2
ombilical	ADJ:1
omble	NOUN:1
ombrage	NOUN:2
ombrageux	ADJ:2
ombragé	ADJ:1
ombre	NOUN:4
ombrelle	NOUN:2
ombrie	PROPN:1
ombudsman	NOUN:1
omc	PROPN:1
omelette	NOUN:1
omer	PROPN:1
omerta	NOUN:2
omettre	VERB:1
omission	NOUN:1
omm	PROPN:1
omnibus	NOUN:1	ADJ:1
omnipotence	NOUN:1
omnipotent	ADJ:1
omniprésence	NOUN:1
omniprésent	ADJ:1
omniscience	NOUN:1
omniscient	ADJ:1
omnisports	ADJ:1
omnium	NOUN:2
omnivore	ADJ:1	NOUN:1
omoplate	NOUN:1
oméga	NOUN:1
on	PRON:2
onanisme	NOUN:1
onc	ADV:2
once	NOUN:3
oncle	NOUN:1
oncologie	NOUN:1
oncologue	NOUN:1
onction	NOUN:1
onctueux	ADJ:2
onde	NOUN:2
ondine	NOUN:2
ondulant	ADJ:2
ondulation	NOUN:1
ondulatoire	ADJ:2
onduler	VERB:1
onduleur	NOUN:2
ongle	NOUN:1
onglet	NOUN:4
onguent	NOUN:1
onirique	ADJ:3
onirisme	NOUN:2
onomastique	ADJ:1	NOUN:1
onomatopée	NOUN:1
ontarien	NOUN:1	ADJ:1
ontario	PROPN:5
ontologie	NOUN:1
ontologique	ADJ:1
onusien	ADJ:1
onze	NUM:1
onzième	ADJ:1
onéreux	ADJ:2
onésime	PROPN:1
opa	NOUN:1
opacité	NOUN:1
opale	NOUN:1
opaque	ADJ:1
open	NOUN:1
opep	PROPN:1
opercule	NOUN:1
ophtalmique	ADJ:1
ophtalmo	NOUN:1
ophtalmologie	NOUN:1
ophtalmologique	ADJ:1
ophtalmologiste	NOUN:1
ophtalmologue	NOUN:1
ophélie	PROPN:1
opiacé	ADJ:1
opinel	NOUN:1
opinion	NOUN:1
opiniâtre	ADJ:1
opiniâtreté	NOUN:1
opium	NOUN:1
opossum	NOUN:1
oppidum	NOUN:1
opportun	ADJ:3
opportunisme	NOUN:1
opportuniste	ADJ:1	NOUN:1
opportunité	NOUN:2
opportunément	ADV:1
opposant	NOUN:2
opposer	VERB:2
opposition	NOUN:1
oppressant	ADJ:1
oppresseur	NOUN:1
oppressif	ADJ:1
oppression	NOUN:2
opprimer	VERB:1
opprobre	NOUN:1
opter	VERB:1
opticien	NOUN:1
optimal	ADJ:1
optimisation	NOUN:1
optimiser	VERB:1
optimisme	NOUN:1
optimiste	NOUN:1	ADJ:1
optimisé	ADJ:1
optimum	NOUN:1
option	NOUN:1
optionnel	ADJ:1
optique	ADJ:1	NOUN:2
opulence	NOUN:1
opulent	ADJ:1
opus	NOUN:1
opuscule	NOUN:1
opéra	NOUN:3
opéra-comique	NOUN:1
opérateur	NOUN:2
opération	NOUN:2
opérationnel	ADJ:1
opératoire	ADJ:2
opérer	VERB:2
opérette	NOUN:1
or	NOUN:2	ADV:1	CCONJ:1
oracle	NOUN:1
orage	NOUN:4
orageux	ADJ:2
oraison	NOUN:2
oral	ADJ:1	NOUN:1
oralement	ADV:1
oralité	NOUN:1
oranais	ADJ:1	NOUN:1
orange	NOUN:2	ADJ:1	PROPN:1
oranger	NOUN:1	VERB:1
orangerie	NOUN:1
orangé	ADJ:1
orateur	NOUN:3
oratoire	NOUN:2	ADJ:1
oratorio	NOUN:1
orbe	NOUN:3
orbital	ADJ:1
orbite	NOUN:2
orbiter	VERB:1
orcades	PROPN:1
orchestral	ADJ:1
orchestration	NOUN:1
orchestre	NOUN:2
orchestrer	VERB:1
orchidée	NOUN:1
orchies	PROPN:1
orchis	NOUN:1
ordi	NOUN:2
ordinaire	ADJ:3	NOUN:1
ordinairement	ADV:1
ordinal	ADJ:1
ordinateur	NOUN:2
ordination	NOUN:1
ordo	NOUN:1
ordonnance	NOUN:3
ordonnancement	NOUN:3
ordonnateur	NOUN:1
ordonner	VERB:4
ordovicien	ADJ:1
ordre	NOUN:8
ordure	NOUN:4
ordurier	ADJ:1
oreille	NOUN:1
oreiller	NOUN:1
oreillette	NOUN:5
oreillons	NOUN:1
ores	ADV:1
orfraie	NOUN:3
orfèvre	NOUN:1
orfèvrerie	NOUN:2
organ	PROPN:2
organe	NOUN:5
organigramme	NOUN:2
organique	ADJ:1
organiquement	ADV:1
organisateur	NOUN:1
organisation	NOUN:1
organisationnel	ADJ:1
organiser	VERB:2
organisme	NOUN:2
organiste	NOUN:1
orgasme	NOUN:1
orgasmique	ADJ:1
orge	NOUN:1	PROPN:1
orgie	NOUN:3
orgue	NOUN:1
orgueil	NOUN:1
orgueilleux	ADJ:1
orient	PROPN:1
orientable	ADJ:2
oriental	ADJ:2
orientalisme	NOUN:2
orientaliste	ADJ:1
orientation	NOUN:1
orienter	VERB:3
orifice	NOUN:1
oriflamme	NOUN:2
origami	NOUN:2
origan	NOUN:2
originaire	ADJ:1
originairement	ADV:1
original	ADJ:1	NOUN:2
originalement	ADV:1
originalité	NOUN:1
origine	NOUN:4
originel	ADJ:1
originellement	ADV:1
orignal	NOUN:1
orl	ADJ:1
orly	PROPN:2
orléanais	NOUN:1	PROPN:1	ADJ:2
orléaniste	NOUN:1
orléans	PROPN:1
orme	NOUN:1
ormeau	NOUN:2
ormuz	PROPN:1
ornella	PROPN:1
ornement	NOUN:3
ornemental	ADJ:1
ornementation	NOUN:2
orner	VERB:1
ornithologie	NOUN:1
ornithologique	ADJ:1
ornithologue	NOUN:1
ornithorynque	NOUN:1
ornière	NOUN:2
oronte	PROPN:1
orpaillage	NOUN:1
orphelin	NOUN:1	ADJ:1
orphelinat	NOUN:1
orphée	PROPN:1
orque	NOUN:2
orsay	PROPN:1
ort	ADJ:2
orteil	NOUN:1
orthez	PROPN:2
ortho	NOUN:5
orthodontie	NOUN:1
orthodontiste	NOUN:1
orthodoxe	ADJ:2	NOUN:1
orthodoxie	NOUN:1
orthogonal	ADJ:1
orthographe	NOUN:1
orthographier	VERB:1
orthographique	ADJ:1
orthophonie	NOUN:2
orthophoniste	NOUN:1
orthopédie	NOUN:1
orthopédique	ADJ:1
orthopédiste	NOUN:1
ortie	NOUN:1
orville	PROPN:1
orée	NOUN:1
os	NOUN:2
osaka	PROPN:2
oscarisé	ADJ:1
oscillant	ADJ:1
oscillateur	NOUN:1
oscillation	NOUN:1
osciller	VERB:2
oseille	NOUN:2
oser	VERB:2
osier	NOUN:3
osiris	PROPN:1
oslo	PROPN:1
osman	PROPN:1	NOUN:2
osmose	NOUN:1
osmotique	ADJ:1
ossature	NOUN:2
ossau	PROPN:1
ossements	NOUN:1
osseux	ADJ:2
ossuaire	NOUN:1
ossétie	PROPN:1
ost	NOUN:1
ostende	PROPN:1
ostensible	ADJ:1
ostensiblement	ADV:2
ostensoir	NOUN:1
ostentation	NOUN:1
ostentatoire	ADJ:1
ostie	NOUN:1	PROPN:1
ostracisme	NOUN:1
ostéopathe	NOUN:1
ostéopathie	NOUN:1
ostéoporose	NOUN:1
ota	PROPN:1
otage	NOUN:1
otarie	NOUN:1
otite	NOUN:1
otrante	PROPN:1
ottawa	PROPN:2
ottoman	ADJ:1	NOUN:3	PROPN:3
ou	CCONJ:2
ouaf	INTJ:1
ouagadougou	PROPN:1
ouah	ADV:1	INTJ:2
ouaip	INTJ:1
ouais	INTJ:3
ouarzazate	PROPN:1
ouate	NOUN:1
ouaté	ADJ:2
oubangui	PROPN:1
oubli	NOUN:2
oublier	VERB:2
oublieux	ADJ:1
ouch	INTJ:1
oued	NOUN:1
ouellet	PROPN:1
ouellette	PROPN:1
ouest	NOUN:1	PROPN:2
ouf	INTJ:2	ADJ:1	NOUN:1
ouganda	PROPN:1
ougandais	ADJ:1	NOUN:1
ouh	INTJ:3
oui	ADV:1
ouille	INTJ:1
ouimet	PROPN:1
ouin	NOUN:1
ouistiti	NOUN:2	INTJ:1
oujda	PROPN:1
oulipo	PROPN:1
oups	INTJ:1
ouragan	NOUN:1
oural	PROPN:2
ouranos	PROPN:1
ourdou	NOUN:1	ADJ:1
ourlet	NOUN:2
ours	NOUN:8
ourse	NOUN:1
oursin	NOUN:1
ourson	NOUN:1
ourthe	PROPN:2
oust	PROPN:1
ouste	INTJ:1
outaouais	ADJ:1	PROPN:1
outarde	NOUN:2
outil	NOUN:1
outillage	NOUN:1
outiller	VERB:1
outillé	ADJ:1
output	NOUN:1
outrage	NOUN:3
outrageant	ADJ:2
outrageusement	ADV:1
outrance	NOUN:2
outrancier	ADJ:1
outre	ADP:2	NOUN:1
outre-manche	ADV:1
outre-mer	ADV:1	NOUN:1
outrecuidance	NOUN:1
outremer	NOUN:1	ADJ:1
outremont	PROPN:1
outrepasser	VERB:1
outré	ADJ:3
outsider	NOUN:1	VERB:1
ouvertement	ADV:1
ouverture	NOUN:2
ouvrable	ADJ:1
ouvrage	NOUN:4
ouvragé	ADJ:1
ouvre-boîte	NOUN:1
ouvrer	VERB:1
ouvreur	NOUN:6
ouvrier	NOUN:3	ADJ:1
ouvrir	VERB:8
ouvrière	NOUN:1
ouvré	ADJ:1
ouzbek	ADJ:1	NOUN:2
ouzbékistan	PROPN:1
ouïe	NOUN:3
ouïghour	ADJ:1	NOUN:1
ouïgour	ADJ:1
ovaire	NOUN:1
ovale	ADJ:1
ovalie	PROPN:2
ovarien	ADJ:1
ovation	NOUN:1
overdose	NOUN:2
ovide	PROPN:1
ovin	ADJ:1	NOUN:1
ovni	NOUN:2
ovocyte	NOUN:1
ovoïde	ADJ:1
ovulation	NOUN:1
ovule	NOUN:2
oxalate	NOUN:1
oxford	NOUN:1
oxydant	NOUN:1
oxydase	NOUN:1
oxydatif	ADJ:1
oxydation	NOUN:1
oxyde	NOUN:1
oxyder	VERB:1
oxygène	NOUN:2
oxygénation	NOUN:1
oxygéner	VERB:1
oxygéné	ADJ:2
oxymore	NOUN:1
oye	NOUN:1
oz	SYM:1
ozanam	PROPN:1
ozon	PROPN:1
ozone	NOUN:1
oïdium	NOUN:1
oïl	ADV:1
où	ADV:4
p'tet	ADV:1
p'tit	ADJ:3
pa	NOUN:1
pac	NOUN:2
paca	PROPN:1
pacemaker	NOUN:1
pacha	NOUN:1
pachyderme	NOUN:1
pacificateur	NOUN:1	ADJ:1
pacification	NOUN:1
pacifier	VERB:1
pacifique	ADJ:1	PROPN:1
pacifiquement	ADV:1
pacifisme	NOUN:1
pacifiste	NOUN:1
pacioretty	PROPN:1
pack	NOUN:3
packaging	NOUN:1
pacotille	NOUN:1
pacs	NOUN:1
pacte	NOUN:1
pactiser	VERB:1
pactole	NOUN:1	PROPN:1
paddock	NOUN:2
paddy	NOUN:1
padma	NOUN:1
padoue	PROPN:2
pads	NOUN:1
paella	NOUN:1
paf	INTJ:1	ADJ:1	NOUN:1
pagaie	NOUN:1
pagaille	NOUN:1
pagani	PROPN:1
paganisme	NOUN:1
pagayer	VERB:1
page	NOUN:3
pagination	NOUN:1
pagne	NOUN:4
pagnol	PROPN:1
pagode	NOUN:1
pagès	PROPN:1
pagé	PROPN:1
paiement	NOUN:1
paillage	NOUN:1
paillard	ADJ:1	NOUN:1
paillasse	NOUN:4	PROPN:1
paillasson	NOUN:2
paille	NOUN:3
paillette	NOUN:1
pailleté	ADJ:1
paillis	NOUN:1
paillon	NOUN:3
pain	NOUN:8
paintball	NOUN:1
pair	ADJ:2	NOUN:1
paire	NOUN:1
pairie	NOUN:1
paisible	ADJ:1
paisiblement	ADV:1
paix	NOUN:1
pajot	NOUN:1
pakistan	PROPN:1
pakistanais	ADJ:1	NOUN:1
pal	NOUN:3
palabre	NOUN:2
palabres	NOUN:1
palace	NOUN:1
paladin	NOUN:1
palais	NOUN:3
palan	NOUN:1
palanquin	NOUN:1
palaos	PROPN:1
palatin	ADJ:1	PROPN:1
palatinat	NOUN:1
palatine	NOUN:1
pale	NOUN:2
palefrenier	NOUN:1
palerme	PROPN:2
palestine	PROPN:2	NOUN:1
palestinien	ADJ:1
palestre	NOUN:1
palestrina	PROPN:2
palet	NOUN:1
palette	NOUN:2
palier	NOUN:4	ADJ:1
palimpseste	NOUN:1
palindrome	NOUN:1
palissade	NOUN:2
palissandre	NOUN:1
palissy	PROPN:1
palladium	NOUN:1
pallas	PROPN:3
palliatif	ADJ:1
pallier	VERB:3
pallium	NOUN:1
palmarès	NOUN:2
palme	NOUN:2
palmeraie	NOUN:1
palmier	NOUN:2
palmyre	PROPN:1
palois	ADJ:1	NOUN:1
palourde	NOUN:1
palpable	ADJ:1
palpation	NOUN:1
palper	VERB:1
palpitant	ADJ:2
palpiter	VERB:3
palu	NOUN:1	PROPN:1
palud	NOUN:1
paludisme	NOUN:1
palus	NOUN:1
paléographe	NOUN:1
paléographie	NOUN:1
paléolithique	NOUN:1	PROPN:1
paléontologie	NOUN:1
paléontologique	ADJ:1
paléontologue	NOUN:1
paléozoïque	ADJ:1
pamiers	PROPN:1
pamir	PROPN:1
pampa	NOUN:1
pampelune	PROPN:1
pamphlet	NOUN:2
pamphlétaire	NOUN:2
pamplemousse	NOUN:2
pan	NOUN:4	INTJ:2
panachage	NOUN:1
panache	NOUN:3
panaché	NOUN:2	ADJ:1
panacée	NOUN:1
panade	NOUN:3
panafricain	ADJ:1
panafricanisme	NOUN:1
panais	NOUN:1
panam	PROPN:1
panama	NOUN:1
paname	PROPN:1
panaméen	NOUN:1
pancake	NOUN:1
pancarte	NOUN:1
pancrace	NOUN:1
pancréas	NOUN:1
pancréatique	ADJ:1
pancréatite	NOUN:1
panda	NOUN:1
pandit	NOUN:1
pandore	PROPN:1	NOUN:2
pandémie	NOUN:1
panel	NOUN:1
panet	PROPN:1
paneuropéen	ADJ:1
pangolin	NOUN:1
panhard	PROPN:1
panic	NOUN:1
panier	NOUN:4	PROPN:1
panini	NOUN:1
panique	ADJ:3	NOUN:1
paniquer	VERB:1
panisse	NOUN:1
panne	NOUN:3
panneau	NOUN:2
panoplie	NOUN:4
panorama	NOUN:1
panoramique	ADJ:1
panse	NOUN:1
pansement	NOUN:1
panser	VERB:2
pantacourt	NOUN:1
pantalon	NOUN:2
panthère	NOUN:1
panthéisme	NOUN:1
panthéon	NOUN:2
pantin	NOUN:1	PROPN:1
pantois	ADJ:1
pantomime	NOUN:1
pantone	NOUN:1
pantoufle	NOUN:2
pantoute	ADV:1
panzer	NOUN:1
pané	ADJ:1
panégyrique	NOUN:1
paola	PROPN:1
paon	NOUN:1	PROPN:1
papa	NOUN:2
papal	ADJ:1
paparazzi	NOUN:1
papauté	NOUN:1
papaye	NOUN:1
pape	NOUN:1
paperasse	NOUN:1
paperasserie	NOUN:1
papesse	NOUN:1
papeterie	NOUN:4
papetier	NOUN:2	ADJ:2
paphos	PROPN:1
papi	NOUN:2
papier	NOUN:4
papille	NOUN:1
papillon	NOUN:6
papillote	NOUN:6
papin	PROPN:1
papineau	PROPN:1
papon	PROPN:1
papoter	VERB:2
papou	ADJ:1	NOUN:1
papouasie	PROPN:1
paprika	NOUN:1
papy	NOUN:2
papyrus	NOUN:1
paquebot	NOUN:1
paquet	NOUN:6	PROPN:1
paquetage	NOUN:2
paquette	PROPN:1
paquin	PROPN:1
par	ADP:7	NOUN:1
par-dessus	ADP:1
para	NOUN:1
parabole	NOUN:3
parabolique	ADJ:1
paracelse	PROPN:1
parachever	VERB:1
parachevé	ADJ:1
parachutage	NOUN:1
parachute	NOUN:2
parachuter	VERB:2
parachutisme	NOUN:1
parachutiste	NOUN:2
parachèvement	NOUN:3
paraclet	NOUN:1
paracétamol	NOUN:1
parader	VERB:1
paradigme	NOUN:2
paradis	NOUN:3	PROPN:2
paradisiaque	ADJ:2
paradoxal	ADJ:2
paradoxalement	ADV:1
paradoxe	NOUN:1
parage	NOUN:2
parages	PROPN:1
paragraphe	NOUN:1
paraguay	PROPN:1
paraguayen	NOUN:1
parallaxe	NOUN:1
parallèle	ADJ:1	NOUN:3
parallèlement	ADV:4
parallélisme	NOUN:1
parallélogramme	NOUN:1
parallélépipède	NOUN:1
paralympique	ADJ:1
paralympiques	PROPN:1
paralyser	VERB:1
paralysie	NOUN:1
paralytique	ADJ:1
paramilitaire	ADJ:1	NOUN:1
paramètre	NOUN:1
paramédical	ADJ:1	NOUN:1
paramétrage	NOUN:2
paramétrer	VERB:1
paramétrique	ADJ:1
parangon	NOUN:1
parano	ADJ:1	NOUN:2
paranormal	ADJ:1
paranoïa	NOUN:1
paranoïaque	ADJ:2	NOUN:1
paranoïde	ADJ:1	NOUN:1
parapente	NOUN:2
parapet	NOUN:1
parapharmacie	NOUN:1
paraphe	NOUN:2
parapher	VERB:1
paraphraser	VERB:1
parapluie	NOUN:1
paraplégique	ADJ:1
parapsychologie	NOUN:1
parasitaire	ADJ:1
parasite	NOUN:2	ADJ:1
parasiter	VERB:1
parasitisme	NOUN:1
parasitologie	NOUN:1
parasité	ADJ:1
parasol	NOUN:1
paratonnerre	NOUN:1
paravent	NOUN:1
paraître	VERB:4	NOUN:1
parbleu	INTJ:1
parc	NOUN:5
parcellaire	ADJ:1
parcelle	NOUN:1
parceque	SCONJ:1
parchemin	NOUN:1
parcimonie	NOUN:1
parcourir	VERB:2
parcours	NOUN:4
pardessus	NOUN:1
pardi	INTJ:1
pardieu	INTJ:1
pardon	INTJ:2	NOUN:1
pardonnable	ADJ:1
pardonner	VERB:2
pare-brise	NOUN:1
pare-feu	NOUN:3
pareil	ADJ:2	ADV:2
pareillement	ADV:2
parement	NOUN:2
parenchyme	NOUN:1
parent	NOUN:4	ADJ:2	PROPN:1
parental	ADJ:1
parentalité	NOUN:1
parenthèse	NOUN:2
parenté	NOUN:2
parer	VERB:4
paresse	NOUN:1
paresseux	ADJ:1	NOUN:2
parfaire	VERB:2
parfait	ADJ:1	NOUN:1
parfaitement	ADV:1
parfois	ADV:1
parfum	NOUN:3
parfumer	VERB:1
parfumerie	NOUN:3
parfumeur	NOUN:2
parfumé	ADJ:1
pari	NOUN:2
paria	NOUN:1
parier	VERB:2
parieur	NOUN:1
parigot	ADJ:1
paris	PROPN:3
parisien	NOUN:1	ADJ:1
parisis	ADJ:1
parisot	PROPN:1
paritaire	ADJ:2
parité	NOUN:1
parizeau	PROPN:1
pariétal	ADJ:2
parjure	NOUN:3
parka	NOUN:1
parker	VERB:1
parking	NOUN:1
parkour	NOUN:1
parlement	NOUN:2
parlementaire	ADJ:1	NOUN:1
parlementarisme	NOUN:1
parlementer	VERB:1
parler	VERB:3	NOUN:2
parleur	ADJ:1	NOUN:1
parloir	NOUN:3
parly	PROPN:1
parme	PROPN:2	NOUN:2
parmentier	NOUN:1	PROPN:1
parmesan	ADJ:1	NOUN:1
parmi	ADP:2
parménide	PROPN:1
parnasse	PROPN:2
paro	ADJ:1
parodie	NOUN:1
parodier	VERB:1
parodique	ADJ:1
paroi	NOUN:4
paroisse	NOUN:1
paroissial	ADJ:1
paroissien	NOUN:2
parole	NOUN:6	INTJ:1	PROPN:1
parolier	NOUN:1
paroxysme	NOUN:2
paroxystique	ADJ:1
parpaing	NOUN:2	ADJ:1
parque	NOUN:1
parquer	VERB:2
parquet	NOUN:2
parrain	NOUN:5
parrainage	NOUN:3
parrainer	VERB:2
parricide	NOUN:2
part	NOUN:4
partager	VERB:4
partance	NOUN:1
partenaire	NOUN:1
partenariat	NOUN:1
parterre	NOUN:2
parthe	ADJ:1	NOUN:1
parti	ADJ:2	NOUN:3
partial	ADJ:1
partialité	NOUN:1
participatif	ADJ:1
participation	NOUN:1
participer	VERB:4
particularisme	NOUN:1
particularité	NOUN:1
particule	NOUN:2
particulier	ADJ:2	NOUN:1
particulièrement	ADV:3
partie	NOUN:4
partiel	ADJ:1	NOUN:2
partiellement	ADV:1
partir	VERB:7
partisan	NOUN:2	ADJ:2
partisane	NOUN:1
partition	NOUN:3
partner	NOUN:1
partout	ADV:1
partouze	NOUN:1
party	NOUN:1
parure	NOUN:3
parution	NOUN:3
parvenir	VERB:2
parvis	NOUN:2
paré	ADJ:1
pas	ADV:2	NOUN:3
pas-de-calais	PROPN:1
pascal	ADJ:1	NOUN:1	PROPN:2
pascaline	PROPN:1
pasquier	PROPN:1
passable	ADJ:1
passablement	ADV:1
passage	NOUN:8
passager	NOUN:2	ADJ:3
passation	NOUN:1
passeport	NOUN:1
passer	VERB:8
passereau	NOUN:2
passerelle	NOUN:5
passeur	NOUN:3
passible	ADJ:1
passif	NOUN:2	ADJ:2
passing	NOUN:1
passion	NOUN:2
passionnant	ADJ:1
passionnel	ADJ:2
passionner	VERB:2
passionné	ADJ:1
passionnément	ADV:1
passivement	ADV:1
passivité	NOUN:1
passoire	NOUN:2
passy	PROPN:1
passéiste	NOUN:1	ADJ:1
pasta	NOUN:1
pastel	NOUN:2
pasteur	NOUN:2	PROPN:2
pasteurisation	NOUN:1
pastiche	NOUN:1
pastille	NOUN:4
pastis	NOUN:2
pastoral	ADJ:1
pastoralisme	NOUN:1
pastoureau	NOUN:1
pastèque	NOUN:3
pat	NOUN:1
patagonie	PROPN:1
pataquès	NOUN:3
patate	NOUN:4
patatras	INTJ:1
pataud	ADJ:1
pataugeoire	NOUN:1
patauger	VERB:4
patch	NOUN:1
patchouli	NOUN:2
patchwork	NOUN:1
patelin	NOUN:1	ADJ:1
patenaude	PROPN:1
patent	ADJ:1
patente	NOUN:1
patenté	ADJ:3
paternalisme	NOUN:1
paternaliste	ADJ:1
paternel	ADJ:1
paternité	NOUN:2
pathogène	ADJ:1	NOUN:1
pathologie	NOUN:1
pathologique	ADJ:1
pathologiste	NOUN:1
pathétique	ADJ:2
patiemment	ADV:1
patience	NOUN:1
patient	ADJ:1	NOUN:2
patienter	VERB:2
patin	NOUN:4
patinage	NOUN:2
patine	NOUN:1
patiner	VERB:2
patineur	NOUN:1
patinoire	NOUN:1
patio	NOUN:1
patmos	PROPN:1
patois	NOUN:3
patou	NOUN:1
patriarcal	ADJ:1
patriarcat	NOUN:2
patriarche	NOUN:1
patrice	PROPN:1	NOUN:1
patricia	PROPN:1
patricien	ADJ:1
patrick	PROPN:1
patrie	NOUN:1
patrimoine	NOUN:3
patrimonial	ADJ:1
patriote	NOUN:3	ADJ:1
patriotique	ADJ:1
patriotisme	NOUN:1
patristique	ADJ:1	NOUN:1
patrocle	PROPN:1
patron	NOUN:8
patronage	NOUN:1
patronal	ADJ:2
patronat	NOUN:1
patronne	NOUN:2
patronyme	NOUN:1
patronymique	ADJ:1
patrouille	NOUN:1
patrouiller	VERB:1
patrouilleur	NOUN:3
patte	NOUN:5
patère	NOUN:2
pau	PROPN:1
paul	PROPN:2
paule	PROPN:1
paulette	PROPN:1
paulin	PROPN:2
pauline	PROPN:1
paume	NOUN:1
paumé	ADJ:3	NOUN:2
paupière	NOUN:1
paupérisation	NOUN:1
pause	NOUN:2
pauvre	ADJ:4	NOUN:2
pauvrement	ADV:1
pauvreté	NOUN:1
pavage	NOUN:1
pavane	NOUN:1
pavaner	VERB:1
pavard	PROPN:1
pavement	NOUN:2
paver	VERB:2
pavie	PROPN:4
pavillon	NOUN:6
pavillonnaire	ADJ:1
pavois	NOUN:2
pavoiser	VERB:1
pavot	NOUN:1
pavé	NOUN:6
payable	ADJ:1
payement	NOUN:1
payer	VERB:5
payet	PROPN:1
payette	PROPN:1
payeur	NOUN:1
pays	NOUN:2
pays-bas	PROPN:2
paysage	NOUN:3
paysager	ADJ:2	VERB:1
paysagiste	NOUN:3
paysan	NOUN:3
paysannerie	NOUN:1
paître	VERB:1
païen	ADJ:1	NOUN:1
pb	NOUN:2
pc	PROPN:2
pcq	PROPN:1
pd	NOUN:2
pdg	NOUN:1
pdp	NOUN:1
pds	NOUN:1
pe	NOUN:1
peau	NOUN:4
peaufiner	VERB:1
peb	NOUN:1
pec	NOUN:1
pecheur	PROPN:1
pecho	VERB:5
pectine	NOUN:1
pectoral	NOUN:1
pedigree	NOUN:1
peeters	PROPN:1
peggy	PROPN:1
peigne	NOUN:1
peigner	VERB:1
peignoir	NOUN:3
peinard	ADJ:1
peindre	VERB:1
peine	NOUN:3
peiner	VERB:3
peintre	NOUN:1
peinture	NOUN:4
peinturer	VERB:2
pelage	NOUN:1
peler	VERB:1
pelle	NOUN:4
pellegrin	PROPN:1
pellerin	PROPN:1
pellet	NOUN:2
pelletan	PROPN:1
pelleter	VERB:1
pelleteuse	NOUN:1
pelletier	NOUN:1	PROPN:1
pelletée	NOUN:1
pellicule	NOUN:2
pellissier	PROPN:1
pelo	NOUN:1
pelote	NOUN:6
peloter	VERB:3
peloton	NOUN:3
pelouse	NOUN:3
peltier	PROPN:1
peluche	NOUN:1
pelure	NOUN:2
pelvien	ADJ:1
pelvis	NOUN:1
pelé	ADJ:1
penalty	NOUN:1
penaud	ADJ:1
penchant	NOUN:1
pencher	VERB:5
pendaison	NOUN:1
pendant	ADP:1	ADJ:1	NOUN:2
pendentif	NOUN:2
penderie	NOUN:1
pendjab	PROPN:3
pendre	VERB:2
pendulaire	ADJ:2	NOUN:1
pendule	NOUN:2
penne	NOUN:3
pennsylvanie	PROPN:1
penny	NOUN:1
pensable	ADJ:1
penser	VERB:8
penseur	NOUN:1
pensif	ADJ:1
pension	NOUN:4
pensionnaire	NOUN:3
pensionnat	NOUN:2
pensionné	NOUN:1
pensée	NOUN:8
pentagone	NOUN:1	PROPN:1
pentagramme	NOUN:1
pentathlon	NOUN:1
pente	NOUN:3
pentecôte	PROPN:1
pentecôtiste	ADJ:1
pentu	ADJ:1
people	NOUN:2
peps	NOUN:1
peptide	NOUN:1
percement	NOUN:1
percepteur	NOUN:1
perceptible	ADJ:1
perception	NOUN:2
percer	VERB:2
perceuse	NOUN:1
percevoir	VERB:3
perche	NOUN:8
percher	VERB:2
perchiste	NOUN:2
perchoir	NOUN:2
perché	ADJ:3
perclus	ADJ:2
percussion	NOUN:2
percussionniste	NOUN:1
percutant	ADJ:3
percuter	VERB:1
percuteur	NOUN:1
percée	NOUN:2
perdant	NOUN:1
perdition	NOUN:1
perdre	VERB:4
perdrix	NOUN:2
perdurer	VERB:1
pere	PROPN:1
perestroïka	NOUN:1
perf	NOUN:2
perfectible	ADJ:1
perfection	NOUN:1
perfectionnement	NOUN:1
perfectionner	VERB:2
perfectionnisme	NOUN:1
perfectionniste	NOUN:1
perfectionné	ADJ:1
perfecto	NOUN:1
perfide	ADJ:1
perfidie	NOUN:1
perforant	ADJ:2
perforation	NOUN:1
perforer	VERB:2
performance	NOUN:1
performant	ADJ:1
performatif	ADJ:1
perforé	ADJ:1
perfusion	NOUN:1
pergame	PROPN:1
pergola	NOUN:1
pergélisol	NOUN:1
perle	NOUN:3
perlé	ADJ:2
permaculture	NOUN:1
permafrost	NOUN:1
permanence	NOUN:2
permanent	ADJ:1
permettre	VERB:4
permien	PROPN:1
permissif	ADJ:1
permission	NOUN:2
permutation	NOUN:1
permuter	VERB:2
perméabilité	NOUN:1
perméable	ADJ:1
pernicieux	ADJ:3
peroxyde	NOUN:1
perp	NOUN:1
perpendiculaire	ADJ:1
perpendiculairement	ADV:1
perpignan	PROPN:1
perplexe	ADJ:1
perplexité	NOUN:1
perpète	NOUN:1
perpétrer	VERB:1
perpétuation	NOUN:1
perpétuel	ADJ:2
perpétuellement	ADV:1
perpétuer	VERB:1
perpétuité	NOUN:1
perquisition	NOUN:1
perquisitionner	VERB:1
perrault	PROPN:1
perreault	PROPN:1
perret	PROPN:1
perrette	PROPN:1
perrin	PROPN:1
perrine	PROPN:1
perrineau	PROPN:1
perrière	NOUN:2
perron	NOUN:1
perroquet	NOUN:2
perrot	PROPN:1
perruche	NOUN:1
perruque	NOUN:1
pers	ADJ:1
persan	ADJ:1	NOUN:3
perse	ADJ:1	NOUN:2	PROPN:1
persil	NOUN:1
persique	ADJ:1
persistance	NOUN:1
persistant	ADJ:2
persister	VERB:1
perso	ADJ:2	ADV:1	NOUN:1
personnage	NOUN:2
personnalisable	ADJ:1
personnalisation	NOUN:1
personnaliser	VERB:1
personnalité	NOUN:3
personne	NOUN:1	PRON:2
personnel	ADJ:1	NOUN:1
personnellement	ADV:2
personnification	NOUN:1
personnifier	VERB:1
perspective	NOUN:2
perspicace	ADJ:1
perspicacité	NOUN:1
persuader	VERB:1
persuasif	ADJ:1
persuasion	NOUN:1
persécuter	VERB:2
persécuteur	NOUN:1
persécution	NOUN:1
persée	PROPN:1
perséphone	PROPN:1
persépolis	PROPN:1
persévérance	NOUN:1
persévérant	ADJ:2
persévérer	VERB:1
perte	NOUN:2
perth	PROPN:2
pertinemment	ADV:2
pertinence	NOUN:1
pertinent	ADJ:2
pertuis	NOUN:2	PROPN:1
perturbant	ADJ:1
perturbateur	NOUN:1	ADJ:1
perturbation	NOUN:2
perturber	VERB:2
pervenche	NOUN:2
pervers	ADJ:2	NOUN:1
perversion	NOUN:1
perversité	NOUN:2
pervertir	VERB:1
perçage	NOUN:1
perçant	ADJ:2
pesage	NOUN:2
pesanteur	NOUN:4
pescara	PROPN:2
peser	VERB:3
peso	NOUN:1
pessimisme	NOUN:1
pessimiste	NOUN:1	ADJ:1
peste	NOUN:3	INTJ:1
pester	VERB:1
pesticide	NOUN:1
pestiféré	ADJ:1	NOUN:1
pestilence	NOUN:2
pet	NOUN:1
pete	NOUN:1
petiot	ADJ:1	NOUN:1
petit	ADJ:3	NOUN:4	PROPN:1
petit-déjeuner	NOUN:2
petit-fils	NOUN:1
petit-neveu	NOUN:1
petite-fille	NOUN:1
petitesse	NOUN:3
petitjean	PROPN:1
peu	ADV:1	NOUN:2
peugeot	PROPN:2
peul	ADJ:1	NOUN:2
peulh	NOUN:2
peuplade	NOUN:2
peuple	NOUN:2
peuplement	NOUN:1
peupler	VERB:1
peuplier	NOUN:1
peur	NOUN:1
peureux	ADJ:3
peut-être	ADV:1
pey	PROPN:1
peyrat	PROPN:1
peyre	PROPN:1
peyrefitte	PROPN:1
peyrou	PROPN:1
pff	INTJ:1
pfff	INTJ:1
pfiou	INTJ:1
pfk	PROPN:1
ph	NOUN:1
pha	NOUN:2
phacochère	NOUN:1
phalange	NOUN:2
phalanstère	NOUN:1
phalle	NOUN:1
phallique	ADJ:1
phallus	NOUN:1
pham	PROPN:1
phan	PROPN:1
pharaon	NOUN:2
pharaonique	ADJ:2
phare	ADJ:1	NOUN:6
pharisien	NOUN:1
pharma	NOUN:2
pharmaceutique	ADJ:1
pharmacie	NOUN:2
pharmacien	NOUN:3
pharmacologie	NOUN:1
pharmacologique	ADJ:1
pharmacopée	NOUN:1
pharmacovigilance	NOUN:1
pharos	PROPN:1
pharynx	NOUN:1
phase	NOUN:1
phaéton	NOUN:2
phi	NOUN:1
phil	PROPN:1
philadelphie	PROPN:1
philanthrope	NOUN:1
philanthropie	NOUN:1
philanthropique	ADJ:1
philatélie	NOUN:1
philharmonie	NOUN:1
philharmonique	ADJ:1
philibert	PROPN:1
philippa	PROPN:1
philippe	PROPN:3
philippiens	PROPN:1
philippin	NOUN:1	ADJ:1
philippine	NOUN:1
philippines	PROPN:1
philippon	PROPN:1
philippot	PROPN:1
philistin	ADJ:1
philo	NOUN:4
philologie	NOUN:1
philologique	ADJ:1
philologue	NOUN:1
philomène	PROPN:3
philosophe	NOUN:1
philosopher	VERB:1
philosophie	NOUN:4
philosophique	ADJ:1
philosophiquement	ADV:1
philtre	NOUN:1
philémon	PROPN:1
phlox	NOUN:1
phlébite	NOUN:1
phobie	NOUN:1
phobique	ADJ:1
phocéen	ADJ:2
phone	NOUN:2
phonique	ADJ:1
phonographe	NOUN:1
phonographique	ADJ:1
phonologie	NOUN:1
phonologique	ADJ:1
phonème	NOUN:1
phonétique	ADJ:1	NOUN:1
phonétiquement	ADV:1
phoque	NOUN:2
phosphate	NOUN:1
phosphore	NOUN:1
phosphorescent	ADJ:1
phosphorique	ADJ:1
photo	NOUN:1
photocopie	NOUN:1
photocopier	VERB:1
photocopieur	NOUN:1
photocopieuse	NOUN:1
photographe	NOUN:1
photographie	NOUN:2
photographier	VERB:1
photographique	ADJ:2
photogénique	ADJ:1
photojournalisme	NOUN:1
photojournaliste	NOUN:1
photomaton	NOUN:1
photomontage	NOUN:1
photon	NOUN:1
photonique	ADJ:1
photosynthèse	NOUN:1
photothèque	NOUN:1
photovoltaïque	ADJ:1
photoélectrique	ADJ:1
phrase	NOUN:1
phrasé	NOUN:1
phraséologie	NOUN:1
phrygie	PROPN:1
phrygien	ADJ:1
phréatique	ADJ:1
phuket	PROPN:3
phylloxéra	NOUN:1
phylogénétique	ADJ:1
physicien	NOUN:1
physio	NOUN:3
physiologie	NOUN:2
physiologique	ADJ:1
physiologiquement	ADV:1
physiologiste	NOUN:1
physionomie	NOUN:3
physiopathologie	NOUN:1
physiothérapeute	NOUN:1
physiothérapie	NOUN:1
physique	ADJ:1	NOUN:2
physiquement	ADV:1
phyto	ADJ:1
phytoplancton	NOUN:1
phytosanitaire	ADJ:1
phytothérapie	NOUN:1
phèdre	PROPN:3
phénicie	PROPN:1
phénicien	ADJ:1	NOUN:2
phénix	NOUN:1
phénol	NOUN:1
phénomène	NOUN:2
phénoménal	ADJ:1
phénoménologie	NOUN:1
phénoménologique	ADJ:1
phénotype	NOUN:1
phœnix	NOUN:1
pi	NOUN:2
piaf	NOUN:1
pianiste	NOUN:1
piano	NOUN:1
piastre	NOUN:3
piat	PROPN:2
piaule	NOUN:1
pib	NOUN:1
pic	NOUN:3
picard	NOUN:2	PROPN:1	ADJ:1
picardie	PROPN:1
piccard	PROPN:1
piccoli	PROPN:1
piccolo	NOUN:1
pichenette	NOUN:1
pichet	NOUN:1	PROPN:1
pichette	PROPN:1
pichon	NOUN:2
piché	PROPN:1
pickles	NOUN:1
pickpocket	NOUN:1
picole	NOUN:1
picoler	VERB:1
picon	NOUN:2	PROPN:1
picorer	VERB:2
picot	PROPN:1
picotement	NOUN:2
picquet	PROPN:1
picsou	NOUN:1
pictogramme	NOUN:1
pictural	ADJ:1
pie	NOUN:1	PROPN:1
pied	NOUN:4
piedmont	PROPN:1
piercing	NOUN:1
pierlot	PROPN:1
pierre	NOUN:3	PROPN:3
pierrefonds	PROPN:2
pierrelatte	PROPN:1
pierreries	NOUN:1
pierrette	PROPN:1	NOUN:2
pierreux	ADJ:1
pierrick	PROPN:1
pierrot	PROPN:2	NOUN:1
pieu	NOUN:2
pieusement	ADV:1
pieuvre	NOUN:1
pieux	ADJ:1
pif	NOUN:2
pigalle	PROPN:1
pigasse	PROPN:1
pige	NOUN:3
pigeon	NOUN:2
pigeonner	VERB:1
pigeonnier	NOUN:1
piger	VERB:2
pigiste	NOUN:1	ADJ:1
pigment	NOUN:1
pigmentaire	ADJ:1
pigmentation	NOUN:1
pignon	NOUN:3
pignouf	NOUN:2
pigé	INTJ:1
pika	NOUN:1
piketty	PROPN:1
pikine	PROPN:2
pilaf	NOUN:1
pilastre	NOUN:1
pilates	NOUN:1
pile	NOUN:5	ADV:2
piler	VERB:2
pileux	ADJ:1
pilier	NOUN:2
pillage	NOUN:1
pillard	NOUN:1
piller	VERB:1
pilleur	NOUN:1	ADJ:1
pilon	NOUN:3
pilonnage	NOUN:2
pilonner	VERB:2
pilori	NOUN:1
pilosité	NOUN:2
pilotage	NOUN:1
pilote	NOUN:6
piloter	VERB:3
pilotis	NOUN:1
pilou	PROPN:1
pilule	NOUN:3
piment	NOUN:2
pimenter	VERB:2
pimpant	ADJ:1
pimprenelle	NOUN:1
pin	NOUN:1
pin's	NOUN:1
pinacle	NOUN:1
pinacothèque	NOUN:2
pinailler	VERB:1
pinard	NOUN:1	PROPN:1
pince	NOUN:4
pinceau	NOUN:1
pincement	NOUN:1
pincer	VERB:4
pincée	NOUN:1
pindare	PROPN:1
pine	NOUN:1
pineau	NOUN:1	PROPN:1
pinel	PROPN:1
pingouin	NOUN:3
pinochet	PROPN:1
pinon	PROPN:1
pinot	NOUN:1	PROPN:1
pinson	NOUN:1
pintade	NOUN:1
pinte	NOUN:4
pinter	VERB:1
pinçon	NOUN:1
pinède	NOUN:1
pioche	NOUN:3
piocher	VERB:5
piolet	NOUN:1
pion	NOUN:4
pioncer	VERB:2
pionnier	NOUN:4	ADJ:2
piot	PROPN:1
piotr	PROPN:1
piou	NOUN:4
pipa	NOUN:1
pipe	NOUN:3
pipe-line	NOUN:2
pipeau	NOUN:3
pipelette	NOUN:1
pipeline	NOUN:2
piper	VERB:1
pipette	NOUN:1
pipi	NOUN:1
piquant	ADJ:5
pique	NOUN:2	PROPN:1
piquemal	PROPN:1
piquer	VERB:8
piquet	NOUN:2	PROPN:1
piquette	NOUN:2
piqueur	ADJ:2	NOUN:1
piqué	NOUN:2
piqûre	NOUN:2
piranha	NOUN:1
piratage	NOUN:2
pirate	NOUN:1
pirater	VERB:2
piraterie	NOUN:2
pire	ADJ:3	NOUN:1
pirogue	NOUN:2
pirouette	NOUN:2
pis	ADV:1	NOUN:1	SCONJ:1
pisan	ADJ:1	NOUN:1
piscicole	ADJ:1
pisciculture	NOUN:1
piscine	NOUN:2
pisco	NOUN:1
pise	PROPN:2
pison	PROPN:1
pissant	ADJ:1
pissarro	PROPN:1
pisse	NOUN:1
pissenlit	NOUN:1
pisser	VERB:2
pisseuse	NOUN:1
pistache	NOUN:2
pistage	NOUN:2
piste	NOUN:8
pister	VERB:2
pisteur	NOUN:1
pistil	NOUN:1
pistolet	NOUN:3
piston	NOUN:2
pistou	NOUN:1
pisé	NOUN:1
pitance	NOUN:1
pitbull	NOUN:1
pitch	NOUN:1
piteusement	ADV:2
piteux	ADJ:3
pitié	NOUN:1
piton	NOUN:2
pitou	NOUN:2
pitoyable	ADJ:1
pitre	NOUN:1
pittoresque	ADJ:1	NOUN:1
pivert	NOUN:1
pivoine	NOUN:1
pivot	NOUN:6
pivotant	ADJ:2
pivoter	VERB:2
pixel	NOUN:1
pizza	NOUN:1
pizzeria	NOUN:1
pièce	NOUN:7
piège	NOUN:2
piètre	ADJ:2
piédestal	NOUN:1
piégeage	NOUN:1
piéger	VERB:1
piémont	NOUN:1	PROPN:1
piémontais	NOUN:1	ADJ:1
piétinement	NOUN:2
piétiner	VERB:4
piéton	ADJ:1	NOUN:1
piétonnier	ADJ:1	NOUN:1
piété	NOUN:1
pk	ADV:1
pkoi	ADV:1
pl	NOUN:2
placage	NOUN:2
placard	NOUN:3
placarder	VERB:2
place	NOUN:3
placebo	NOUN:1
placement	NOUN:2
placenta	NOUN:1
placentaire	ADJ:1
placer	VERB:3
placide	ADJ:1
plafond	NOUN:3
plafonnement	NOUN:1
plafonner	VERB:2
plafonnier	NOUN:1
plage	NOUN:2
plagiat	NOUN:1
plagier	VERB:1
plaid	NOUN:3
plaider	VERB:1
plaideur	NOUN:1
plaidoirie	NOUN:1
plaidoyer	NOUN:2
plaie	NOUN:2
plaignant	NOUN:1	ADJ:1
plain	ADJ:1
plaindre	VERB:2
plaine	NOUN:1
plainte	NOUN:3
plaintif	ADJ:1
plaire	VERB:2
plaisamment	ADV:2
plaisance	NOUN:1	PROPN:4
plaisant	ADJ:1
plaisanter	VERB:1
plaisanterie	NOUN:4
plaisantin	NOUN:2
plaisir	NOUN:1	PROPN:1
plaiz	NOUN:1
plamondon	PROPN:1
plan	NOUN:7	ADJ:1
planant	ADJ:1
planche	NOUN:6
plancher	NOUN:4	VERB:1
planchette	NOUN:1
plancton	NOUN:1
planer	VERB:4
planeur	NOUN:2
planificateur	NOUN:1	ADJ:1
planification	NOUN:1
planifier	VERB:1
planisphère	NOUN:1
planning	NOUN:1
planque	NOUN:2
planquer	VERB:2
planqué	NOUN:1
plant	NOUN:2	PROPN:1
plantage	NOUN:2
plantain	NOUN:2
plantaire	ADJ:1
plantation	NOUN:2
plante	NOUN:2	PROPN:1
planter	VERB:8
planteur	NOUN:1
plantier	NOUN:1
planton	NOUN:1
plantureuse	ADJ:1
planète	NOUN:1
planétaire	ADJ:2	NOUN:2
planétarium	NOUN:1
plaquage	NOUN:2
plaque	NOUN:8
plaquer	VERB:4
plaquette	NOUN:2
plasma	NOUN:1
plasmatique	ADJ:1
plasmique	ADJ:1
plasmodium	NOUN:1
plastic	NOUN:1
plasticien	NOUN:2
plasticité	NOUN:2
plastique	ADJ:2	NOUN:5
plastron	NOUN:7
plasturgie	NOUN:1
plat	ADJ:1	NOUN:2
platane	NOUN:1
plate-bande	NOUN:2
plate-forme	NOUN:1
plateau	NOUN:5
platement	ADV:1
platine	NOUN:7
platitude	NOUN:3
platon	PROPN:2
platonicien	ADJ:1
platonique	ADJ:2
platonisme	NOUN:1
platte	ADJ:2
plausible	ADJ:1
plaute	PROPN:1
playback	NOUN:2
playlist	NOUN:1
plc	PROPN:1
plein	ADJ:3	ADV:2	NOUN:2	ADP:1
pleinement	ADV:1
plessis	PROPN:1
pleur	NOUN:1
pleural	ADJ:1
pleurer	VERB:2
pleureur	NOUN:2	ADJ:1
pleureuse	NOUN:1
pleurnicher	VERB:1
pleurésie	NOUN:1
pleutre	NOUN:1	ADJ:1
pleuvoir	VERB:1
plexiglas	NOUN:1
plexus	NOUN:1
pli	NOUN:4
pliable	ADJ:1
pliage	NOUN:1
pliant	ADJ:1	NOUN:1
plier	VERB:5
pline	PROPN:1
plinthe	NOUN:2
pliocène	PROPN:1	ADJ:1
plissement	NOUN:2
plisser	VERB:5
plissé	ADJ:1
plo	NOUN:1
plomb	NOUN:3
plombage	NOUN:2
plombe	NOUN:2
plomber	VERB:2
plomberie	NOUN:1
plombier	NOUN:1
plongeant	ADJ:1
plongeoir	NOUN:1
plongeon	NOUN:3
plonger	VERB:3
plongeur	ADJ:1	NOUN:3
plongée	NOUN:2
plot	NOUN:2
plotin	PROPN:1
plouc	NOUN:2
plouf	INTJ:2
ploutocratie	NOUN:1
pls	NOUN:3
plu	VERB:1
plug	NOUN:1
pluie	NOUN:2
plumage	NOUN:1
plumard	NOUN:1
plume	NOUN:4
plumeau	NOUN:1
plumer	VERB:3
plumet	NOUN:5
plumier	NOUN:1	PROPN:1
plupart	NOUN:2
plural	ADJ:1
pluralisme	NOUN:1
pluraliste	NOUN:1
pluralité	NOUN:1
pluriannuel	ADJ:2
pluridisciplinaire	ADJ:1
pluridisciplinarité	NOUN:1
pluriel	NOUN:1
plurilinguisme	NOUN:1
plus	ADV:5	NOUN:1
plusieurs	ADJ:1
plutarque	PROPN:1
pluton	NOUN:1	PROPN:2
plutonium	NOUN:1
plutôt	ADV:4
pluvial	ADJ:1	NOUN:1
pluvier	NOUN:1
pluvieux	ADJ:1
pluviométrie	NOUN:2
pluviôse	NOUN:1
plâtre	NOUN:2
plâtrier	NOUN:1
plèbe	NOUN:2
plèvre	NOUN:1
plébiscite	NOUN:1
plébiscité	ADJ:1
plébéien	ADJ:1	NOUN:1
pléiade	NOUN:1
pléistocène	PROPN:1	ADJ:1
plénier	ADJ:2
plénipotentiaire	ADJ:1	NOUN:1
plénitude	NOUN:1
pléonasme	NOUN:1
pléthore	NOUN:1
pléthorique	ADJ:2
pm	ADV:1	NOUN:1
pma	NOUN:1
pmu	NOUN:1
pnc	NOUN:1
pneu	NOUN:1
pneumatique	ADJ:1	NOUN:1
pneumocoque	NOUN:1
pneumologie	NOUN:1
pneumologue	NOUN:1
pneumonie	NOUN:1
pneumopathie	NOUN:1
pneumothorax	NOUN:1
pnj	NOUN:1
poa	NOUN:1
poche	NOUN:6	ADJ:2
pochette	NOUN:3
pochoir	NOUN:1
pochon	PROPN:1	NOUN:4
podcast	NOUN:1
podium	NOUN:1
podologue	NOUN:1
poele	NOUN:4
pogba	PROPN:1
pogne	NOUN:2
pogner	VERB:8
pognon	NOUN:1
pogo	NOUN:1
pogrom	NOUN:1
poids	NOUN:1
poignant	ADJ:1
poignard	NOUN:1
poignarder	VERB:1
poigne	NOUN:1
poignet	NOUN:2
poignée	NOUN:5
poil	NOUN:2
poile	VERB:1
poilu	ADJ:2	NOUN:1
poincaré	PROPN:1
poindre	VERB:5
poing	NOUN:1
point	NOUN:5	ADV:1
pointage	NOUN:3
pointe	NOUN:3
pointer	VERB:4	NOUN:1
pointeur	NOUN:4
pointilleux	ADJ:1
pointillé	NOUN:3
pointu	ADJ:3
pointure	NOUN:2
poinçon	NOUN:3
poire	NOUN:7
poireau	NOUN:2
poireauter	VERB:1
poirier	NOUN:2	PROPN:1
poirot	PROPN:1
poiré	NOUN:1
pois	NOUN:2
poison	NOUN:3	ADJ:2
poisse	NOUN:1
poisseux	ADJ:1
poisson	NOUN:1	PROPN:1
poisson-perroquet	PROPN:1
poissonnerie	NOUN:1
poissonnier	NOUN:1
poitevin	ADJ:1	NOUN:1
poitiers	PROPN:1
poitou	PROPN:2
poitou-charentes	PROPN:1
poitrail	NOUN:3
poitrine	NOUN:3
poivre	NOUN:1
poivrer	VERB:1
poivron	NOUN:1
poivrot	NOUN:1
poix	NOUN:1
poker	NOUN:1
polaire	ADJ:1	NOUN:2
polak	NOUN:2
polar	NOUN:1
polarisant	ADJ:1
polarisation	NOUN:1
polariser	VERB:1
polarisé	ADJ:1
polarité	NOUN:1
polaroïd	NOUN:1
polder	NOUN:1
polenta	NOUN:1
poli	ADJ:2	NOUN:1
police	NOUN:4
policer	VERB:1
polichinelle	PROPN:1	NOUN:2
policier	ADJ:1	NOUN:2
policé	ADJ:1
polignac	PROPN:1
poliment	ADV:1
poliomyélite	NOUN:1
polir	VERB:2
polissage	NOUN:2
polisson	NOUN:1	ADJ:2
politesse	NOUN:2
politicard	ADJ:1
politicien	NOUN:1
politique	ADJ:1	NOUN:4
politiquement	ADV:1
politisation	NOUN:1
politiser	VERB:1
politisé	ADJ:1
politologue	NOUN:1
polka	NOUN:1
pollen	NOUN:1
pollinisation	NOUN:1
polluant	ADJ:1	NOUN:1
polluer	VERB:2
pollueur	NOUN:1
pollution	NOUN:1
pollux	PROPN:1
polo	NOUN:2
pologne	PROPN:1
polonais	NOUN:2	ADJ:1
polonium	NOUN:1
poltron	NOUN:1	ADJ:1
poly	ADJ:1
polyarthrite	NOUN:1
polybe	PROPN:1
polycarpe	PROPN:1
polychrome	ADJ:2
polychromie	NOUN:1
polyclinique	NOUN:1
polyculture	NOUN:1
polyester	NOUN:1
polygame	ADJ:1	NOUN:1
polygamie	NOUN:1
polyglotte	ADJ:1	NOUN:1
polygonal	ADJ:1
polygone	NOUN:2
polygraphe	NOUN:3
polymorphe	ADJ:2
polymorphisme	NOUN:1
polymère	NOUN:1
polymérisation	NOUN:1
polynésie	PROPN:1
polynésien	ADJ:1	NOUN:1
polynôme	NOUN:1
polype	NOUN:1
polyphonie	NOUN:1
polyphonique	ADJ:1
polypropylène	NOUN:1
polystyrène	NOUN:2
polysémie	NOUN:1
polysémique	ADJ:1
polytechnicien	ADJ:1	NOUN:1
polytechnique	ADJ:1	PROPN:1
polythéisme	NOUN:1
polyuréthane	NOUN:1
polyvalence	NOUN:1
polyvalent	ADJ:1	NOUN:1
polyèdre	NOUN:1
polyéthylène	NOUN:1
polémique	NOUN:1	ADJ:2
polémiquer	VERB:1
polémiste	NOUN:1
pommade	NOUN:2
pomme	NOUN:7	PROPN:1
pommeau	NOUN:3
pommeraie	NOUN:1
pommette	NOUN:2
pommier	NOUN:1
pompage	NOUN:1
pompe	NOUN:7
pomper	VERB:6
pompette	ADJ:1
pompeuse	NOUN:1
pompeux	ADJ:1
pompey	PROPN:1
pompidou	PROPN:2
pompier	NOUN:2
pompiste	NOUN:1
pompon	NOUN:2
pompé	ADJ:1
pompée	PROPN:1
pompéi	PROPN:1
poméranie	PROPN:1
ponant	NOUN:2	PROPN:2
ponce	NOUN:2	PROPN:1
ponceau	NOUN:4
poncer	VERB:2
ponceuse	NOUN:1
poncho	NOUN:1
poncif	NOUN:1
ponction	NOUN:2
ponctionner	VERB:2
ponctualité	NOUN:1
ponctuation	NOUN:1
ponctuel	ADJ:3
ponctuellement	ADV:2
ponctuer	VERB:1
ponctué	ADJ:1
pondeuse	NOUN:2
pondichéry	PROPN:2
pondre	VERB:2
pondération	NOUN:2
pondérer	VERB:1
poney	NOUN:1
poniatowski	PROPN:1
pont	NOUN:2	PROPN:2
pont-aven	PROPN:1
pont-levis	NOUN:1
pontage	NOUN:2
ponte	NOUN:4
pontet	NOUN:2
pontiac	PROPN:2
pontier	NOUN:1
pontife	NOUN:1
pontifical	ADJ:1
pontificat	NOUN:1
pontivy	PROPN:1
ponton	NOUN:3
poo	NOUN:1
pool	NOUN:1
pop	ADJ:1	NOUN:1
pope	NOUN:1
popo	NOUN:2
popote	NOUN:1
popotin	NOUN:1
poppée	PROPN:2
populace	NOUN:1
populaire	ADJ:5	NOUN:1
populairement	ADV:1
popularisation	NOUN:1
populariser	VERB:1
popularisé	ADJ:1
popularité	NOUN:1
population	NOUN:2
populeux	ADJ:1
populisme	NOUN:1
populiste	ADJ:1
populo	NOUN:1
porc	NOUN:4
porcelaine	NOUN:2
porcelet	NOUN:1
porche	NOUN:1
porcher	NOUN:1
porcherie	NOUN:2
porcin	ADJ:1
pore	NOUN:2
poreux	ADJ:1
porn	NOUN:1
pornic	PROPN:1
porno	NOUN:2
pornographie	NOUN:1
pornographique	ADJ:1
porochenko	PROPN:1
porosité	NOUN:2
porphyre	NOUN:1
porridge	NOUN:1
port	NOUN:8
port-au-prince	PROPN:1
port-royal	PROPN:3
portabilité	NOUN:2
portable	ADJ:1
portail	NOUN:4
portance	NOUN:2
portatif	ADJ:1
porte-avion	NOUN:1
porte-avions	NOUN:1
porte-drapeau	NOUN:1
porte-monnaie	NOUN:1
porte-parole	NOUN:1
porte-voix	NOUN:1
porte-à-faux	NOUN:4
portefeuille	NOUN:4
porter	VERB:5	NOUN:1	PROPN:1
porteur	NOUN:4	ADJ:2
porteuse	NOUN:1
portfolio	NOUN:1
porthos	PROPN:1
portier	PROPN:1	NOUN:2
portillon	NOUN:1
portion	NOUN:1
portique	NOUN:5
portière	NOUN:1
portneuf	PROPN:2
porto	NOUN:1	PROPN:2
portoricain	ADJ:1	NOUN:1
portos	NOUN:1
portrait	NOUN:3
portraitiste	NOUN:1
portuaire	ADJ:1
portugais	NOUN:2	ADJ:1
portugal	PROPN:1
portée	NOUN:5
poser	VERB:6
poseur	NOUN:1	ADJ:1
positif	ADJ:3	NOUN:3
position	NOUN:1
positionnement	NOUN:1
positionner	VERB:2
positivement	ADV:1
positiver	VERB:1
positivisme	NOUN:1
positiviste	ADJ:1
positivité	NOUN:1
posologie	NOUN:1
possesseur	NOUN:1
possessif	ADJ:1	NOUN:2
possession	NOUN:1
possessivité	NOUN:1
possibilité	NOUN:1
possible	ADJ:1	ADV:1	NOUN:1
possiblement	ADV:1
posséder	VERB:1
post	NOUN:1
postal	ADJ:1
poste	NOUN:6
poster	VERB:2	NOUN:1
postface	NOUN:1
posthume	ADJ:1
postiche	NOUN:2	ADJ:1
postier	NOUN:1
postillon	NOUN:4
postmoderne	ADJ:2
postmodernisme	NOUN:1
postopératoire	ADJ:1
postsecondaire	ADJ:1
postulant	NOUN:2
postulat	NOUN:1
postuler	VERB:4
postulé	ADJ:1
posture	NOUN:2
postérieur	ADJ:1	NOUN:1
postérieurement	ADV:1
postérité	NOUN:2
poséidon	PROPN:1
posément	ADV:1
pot	NOUN:8
potable	ADJ:2
potache	ADJ:1	NOUN:1
potage	NOUN:1
potager	ADJ:1	NOUN:2
potasse	NOUN:1
potasser	VERB:1
potassique	ADJ:1
potassium	NOUN:1
pote	NOUN:1
poteau	NOUN:4
potence	NOUN:3
potentialité	NOUN:1
potentiel	ADJ:1
potentiellement	ADV:1
poterie	NOUN:1
poterne	NOUN:1
potiche	NOUN:3
potier	NOUN:1	ADJ:2
potin	NOUN:2
potion	NOUN:1
potiron	NOUN:2
poto	NOUN:4
potée	NOUN:4
pou	NOUN:1
pouah	INTJ:1
poubelle	NOUN:2	PROPN:1
pouce	NOUN:2	INTJ:1
poucet	NOUN:1
pouchkine	PROPN:1
poudlard	PROPN:1
poudre	NOUN:2
poudrerie	NOUN:1
poudrier	NOUN:2
poudrière	NOUN:2
pouet	NOUN:1	ADJ:1
pouf	NOUN:2	INTJ:1
pouffer	VERB:1
pouffiasse	NOUN:1
pouilles	PROPN:1
pouilleux	ADJ:2	NOUN:2
poulailler	NOUN:2
poulain	NOUN:3	PROPN:1
poularde	NOUN:1
poule	NOUN:4
poulet	NOUN:3
poulette	NOUN:2
pouliche	NOUN:2
poulie	NOUN:2
poulin	PROPN:1
pouliot	PROPN:1	NOUN:2
poulpe	NOUN:1
pouls	NOUN:1
poumon	NOUN:1
poupard	NOUN:1	ADJ:1
poupe	NOUN:1
poupon	NOUN:2	PROPN:1
pouponnière	NOUN:1
poupée	NOUN:2
pour	ADP:6
pourboire	NOUN:1
pourcent	NOUN:1
pourcentage	NOUN:2
pourchasser	VERB:1
pourfendeur	NOUN:1
pourfendre	VERB:2
pourim	PROPN:1
pourpoint	NOUN:1
pourpre	NOUN:4	ADJ:1
pourquoi	ADV:1
pourri	ADJ:5	NOUN:2
pourrir	VERB:2
pourrissant	ADJ:1
pourrissement	NOUN:2
pourriture	NOUN:3
poursuite	NOUN:3
poursuivre	VERB:6
pourtant	ADV:1
pourtour	NOUN:3
pourvoi	NOUN:1
pourvoir	VERB:5
pourvoirie	NOUN:1
pourvoyeur	NOUN:1
pousser	VERB:6
poussette	NOUN:2
pousseur	NOUN:4
poussif	ADJ:3
poussin	NOUN:2
poussière	NOUN:3
poussières	NOUN:1
poussiéreux	ADJ:2
poussoir	NOUN:4
poussée	NOUN:2
poutine	NOUN:7	PROPN:1
poutou	NOUN:1	PROPN:1
poutre	NOUN:2
poutrer	VERB:1
pouvoir	VERB:5	NOUN:3
pouzzolane	NOUN:1
poème	NOUN:1
poète	NOUN:3
poésie	NOUN:2
poétique	ADJ:1
poétiquement	ADV:1
poêle	NOUN:4
poêlé	ADJ:1
poêlée	NOUN:1
poële	NOUN:4
ppc	PROPN:1
pq	PROPN:1
pr	NOUN:2
pradier	PROPN:1
pragmatique	ADJ:1	NOUN:1
pragmatisme	NOUN:1
prague	PROPN:1
prairial	ADJ:1	NOUN:1
prairie	NOUN:1
praline	NOUN:2
praliné	ADJ:1	NOUN:1
praticable	ADJ:2
praticien	NOUN:1
praticité	NOUN:2
pratique	ADJ:4	NOUN:4
pratiquement	ADV:2
pratiquer	VERB:1
prato	PROPN:2
prem's	INTJ:1
premier	ADJ:2	NOUN:2
premium	NOUN:1
premièrement	ADV:1
prenable	ADJ:1
prendre	VERB:8
preneur	NOUN:2
presbourg	PROPN:1
presbytère	NOUN:1
presbytérien	ADJ:1	NOUN:1
prescience	NOUN:1
prescripteur	NOUN:1
prescription	NOUN:3
prescrire	VERB:2
prescrit	ADJ:2
presqu'île	NOUN:1
presque	ADV:1
pressage	NOUN:1
pressant	ADJ:2
presse	NOUN:3
pressentiment	NOUN:1
pressentir	VERB:2
presser	VERB:5
pressing	NOUN:1
pression	NOUN:2
pressoir	NOUN:1
pressurage	NOUN:1
pressurisation	NOUN:1
pressurisé	ADJ:1
prestance	NOUN:1
prestataire	NOUN:2
prestation	NOUN:5
preste	ADJ:1
prestement	ADV:1
prestidigitateur	NOUN:1
prestidigitation	NOUN:1
prestige	NOUN:1
prestigieux	ADJ:1
presto	ADV:2
preuve	NOUN:1
preux	ADJ:1
priam	PROPN:1
priant	VERB:2
prier	VERB:2
priest	PROPN:1
prieur	NOUN:2
prieure	NOUN:1
prieuré	NOUN:1
primaire	ADJ:2
primat	NOUN:2
primate	NOUN:2
primature	NOUN:1
primauté	NOUN:1
prime	ADJ:1	NOUN:2
primer	VERB:3
primeur	NOUN:5
primevère	NOUN:1
primitif	ADJ:1
primitivement	ADV:2
primo	ADV:1
primogéniture	NOUN:1
primordial	ADJ:2
prince	NOUN:1	PROPN:1
princesse	NOUN:1
princier	ADJ:1
principal	ADJ:1	NOUN:3
principalement	ADV:1
principat	NOUN:1
principauté	NOUN:2
principe	NOUN:3
printanier	ADJ:1
printemps	NOUN:1
prion	NOUN:1
prioriser	VERB:1
prioritaire	ADJ:1
prioritairement	ADV:2
priorité	NOUN:2
priscille	PROPN:1
prise	NOUN:7
priser	VERB:3
priseur	NOUN:1
prismatique	ADJ:1
prisme	NOUN:1
prison	NOUN:1
prisonnier	NOUN:1
prisé	ADJ:1
privatif	ADJ:1
privation	NOUN:3
privatisation	NOUN:1
privatiser	VERB:1
priver	VERB:1
privilège	NOUN:1
privilégier	VERB:1
privilégié	ADJ:1	NOUN:1
privé	ADJ:1
prix	NOUN:2
prière	NOUN:1
pro	ADJ:2	NOUN:1
proa	NOUN:1
proactif	ADJ:1
proba	NOUN:1
probabiliste	ADJ:1
probabilité	NOUN:1
probable	ADJ:1
probablement	ADV:1
probant	ADJ:1
probation	NOUN:1
probatoire	ADJ:1
probité	NOUN:1
problème	NOUN:2
problématique	ADJ:2	NOUN:1
problême	NOUN:2
processeur	NOUN:1
procession	NOUN:1
processus	NOUN:1
prochain	ADJ:3	NOUN:1
prochainement	ADV:1
proche	ADJ:2	NOUN:1
proclamation	NOUN:1
proclamer	VERB:1
proconsul	NOUN:1
procrastination	NOUN:1
procrastiner	VERB:1
procréation	NOUN:1
procréer	VERB:1
procurateur	NOUN:1
procuration	NOUN:2
procurer	VERB:1
procureur	NOUN:3
procès	NOUN:2
procès-verbal	NOUN:4
procéder	VERB:2
procédural	ADJ:1
procédure	NOUN:1
procédé	NOUN:3
prodige	NOUN:2
prodigieusement	ADV:1
prodigieux	ADJ:2
prodigue	ADJ:2
prodiguer	VERB:1
producteur	NOUN:1	ADJ:1
productif	ADJ:1
production	NOUN:1
productivisme	NOUN:1
productiviste	ADJ:1
productivité	NOUN:1
produire	VERB:3
prof	NOUN:1
profanation	NOUN:1
profane	ADJ:2
profaner	VERB:1
professer	VERB:1
professeur	NOUN:2
profession	NOUN:3
professionnalisation	NOUN:1
professionnaliser	VERB:1
professionnalisme	NOUN:1
professionnel	ADJ:1
professionnellement	ADV:1
professoral	ADJ:1
professorat	NOUN:2
profil	NOUN:1
profilage	NOUN:1
profiler	VERB:1
profit	NOUN:1
profitabilité	NOUN:1
profitable	ADJ:1
profiter	VERB:3
profiteur	NOUN:2
profond	ADJ:3
profondeur	NOUN:1
profondément	ADV:1
profusion	NOUN:1
profès	ADJ:1	NOUN:1
proférer	VERB:1
prog	NOUN:1
progestérone	NOUN:1
progiciel	NOUN:1
programmable	ADJ:1
programmateur	NOUN:2
programmation	NOUN:1
programmatique	ADJ:1
programme	NOUN:4
programmer	VERB:2
programmeur	NOUN:1
progresser	VERB:1
progressif	ADJ:2
progression	NOUN:1
progressisme	NOUN:1
progressiste	ADJ:1	NOUN:1
progressivement	ADV:1
progressivité	NOUN:1
progrès	NOUN:1
progéniture	NOUN:1
prohibitif	ADJ:1
prohibition	NOUN:1
prohibé	ADJ:1
proie	NOUN:2
projecteur	NOUN:2
projectif	ADJ:1
projectile	NOUN:1
projection	NOUN:2
projectionniste	NOUN:1
projet	NOUN:3
projeter	VERB:3
prolifique	ADJ:2
prolifération	NOUN:1
proliférer	VERB:1
prolixe	ADJ:1
prolo	ADJ:1
prologue	NOUN:1
prolongation	NOUN:2
prolongement	NOUN:1
prolonger	VERB:1
prolégomènes	NOUN:1
prolétaire	NOUN:1
prolétariat	NOUN:1
prolétarien	ADJ:1
promenade	NOUN:1
promener	VERB:3
promeneur	NOUN:1
promesse	NOUN:1
prometteur	ADJ:1	NOUN:1
promettre	VERB:4
promiscuité	NOUN:1
promo	NOUN:2
promontoire	NOUN:1
promoteur	NOUN:3
promotion	NOUN:4
promotionnel	ADJ:1
promouvoir	VERB:2
prompt	ADJ:2	NOUN:1
promptement	ADV:1
prompteur	NOUN:1
promptitude	NOUN:1
promulgation	NOUN:1
promulguer	VERB:1
prométhée	PROPN:1
prono	NOUN:1
pronom	NOUN:1
prononcer	VERB:3
prononciation	NOUN:1
pronostic	NOUN:1
pronostiquer	VERB:1
propagande	NOUN:1
propagandiste	NOUN:1
propagation	NOUN:1
propager	VERB:1
propagé	ADJ:1
propane	NOUN:1
propension	NOUN:1
prophylactique	ADJ:1
prophylaxie	NOUN:1
prophète	NOUN:1	PROPN:1
prophétie	NOUN:1
prophétique	ADJ:1
propice	ADJ:2
proportion	NOUN:1
proportionnalité	NOUN:2
proportionnel	ADJ:1
proportionnellement	ADV:1
proportionné	ADJ:2
propos	NOUN:2
proposer	VERB:2
proposition	NOUN:3
propre	ADJ:6
proprement	ADV:2
propreté	NOUN:1
proprio	NOUN:2
propriétaire	NOUN:1	ADJ:1
propriété	NOUN:2
propulser	VERB:1
propulseur	NOUN:2
propulsion	NOUN:1
propylène	NOUN:1
propédeutique	ADJ:1	NOUN:1
prorata	NOUN:1
prorogation	NOUN:1
proroger	VERB:4
prorogé	ADJ:1
prosaïque	ADJ:1
prosaïquement	ADV:1
proscription	NOUN:3
proscrire	VERB:2
proscrit	ADJ:1
prose	NOUN:1
prosodie	NOUN:1
prospecter	VERB:1
prospecteur	NOUN:2
prospectif	ADJ:2
prospection	NOUN:1
prospectus	NOUN:1
prospère	ADJ:2
prospérer	VERB:1
prospérité	NOUN:1
prost	PROPN:1
prostate	NOUN:1
prostatique	ADJ:1
prosterner	VERB:1
prostituer	VERB:1
prostitution	NOUN:1
prostitué	ADJ:1	NOUN:1
prostituée	NOUN:1
prostré	ADJ:2
prosélyte	ADJ:1	NOUN:1
prosélytisme	NOUN:1
protagoniste	NOUN:1
protecteur	NOUN:2	ADJ:1
protection	NOUN:2
protectionnisme	NOUN:1
protectionniste	ADJ:1
protectorat	NOUN:1
protestant	ADJ:1	NOUN:1
protestantisme	NOUN:1
protestataire	ADJ:1	NOUN:1
protestation	NOUN:2
protester	VERB:1
prothèse	NOUN:2
prothésiste	NOUN:1
proto	NOUN:1
protocolaire	ADJ:2
protocole	NOUN:1
protohistoire	NOUN:1
proton	NOUN:1
protonotaire	NOUN:1
prototype	NOUN:1
protoxyde	NOUN:1
protubérance	NOUN:1
protée	NOUN:1	PROPN:2
protéger	VERB:4
protéiforme	ADJ:1
protéine	NOUN:1
protéique	ADJ:2
prou	ADV:1
proudhon	PROPN:1
proue	NOUN:1
prouesse	NOUN:1
proulx	PROPN:1
prout	NOUN:1
prouver	VERB:1
provenance	NOUN:1
provence	PROPN:1
provencher	PROPN:1
provenir	VERB:2
provençal	NOUN:2	ADJ:1
proverbe	NOUN:1
proverbial	ADJ:1
providence	NOUN:1
providentiel	ADJ:1
province	NOUN:2
provinces-unies	PROPN:1
provincial	ADJ:1	NOUN:1
proviseur	NOUN:1
provision	NOUN:1
provisoire	ADJ:2
provisoirement	ADV:2
provoc	NOUN:1
provocant	ADJ:1
provocateur	ADJ:1	NOUN:1
provocation	NOUN:1
provoquer	VERB:1
proximité	NOUN:2
proxénète	NOUN:1
proxénétisme	NOUN:1
proéminence	NOUN:1
proéminent	ADJ:1
prud'homme	NOUN:2	PROPN:1
prude	ADJ:1
prudemment	ADV:1
prudence	NOUN:1
prudent	ADJ:1
prudentiel	ADJ:1
prudhomme	PROPN:1
prune	NOUN:2
pruneau	NOUN:2
prunelle	NOUN:4
prunier	NOUN:1
prurit	NOUN:2
prusse	PROPN:2
prussien	NOUN:2	ADJ:1
prytanée	NOUN:1
près	ADV:1	ADP:1
pré	NOUN:1
préalable	ADJ:1	NOUN:1
préalablement	ADV:1
préalpes	PROPN:1
préambule	NOUN:1
préau	NOUN:2
préavis	NOUN:1
prébende	NOUN:1
précaire	ADJ:1
précambrien	ADJ:1
précarisation	NOUN:2
précarité	NOUN:1
précaution	NOUN:2
précautionneusement	ADV:1
précautionneux	ADJ:1
précepte	NOUN:1
précepteur	NOUN:1
précession	NOUN:1
préchauffer	VERB:1
précieusement	ADV:1
précieux	ADJ:1
préciosité	NOUN:1
précipice	NOUN:1
précipitamment	ADV:1
précipitation	NOUN:3
précipiter	VERB:7
précis	ADJ:6	NOUN:1
précisement	ADV:4
préciser	VERB:4
précision	NOUN:2
précisément	ADV:4
précité	ADJ:1
précoce	ADJ:2
précocement	ADV:2
précocité	NOUN:1
précompte	NOUN:1
préconisation	NOUN:2
préconiser	VERB:2
précontraint	ADJ:1
précurseur	ADJ:1	NOUN:2
précédemment	ADV:1
précédent	ADJ:1	NOUN:1
précéder	VERB:1
prédateur	NOUN:1
prédation	NOUN:1
prédestination	NOUN:1
prédicat	NOUN:1
prédicateur	NOUN:1
prédication	NOUN:2
prédictif	ADJ:1
prédiction	NOUN:1
prédilection	NOUN:1
prédire	VERB:1
prédisposition	NOUN:1
prédisposé	ADJ:1
prédit	ADJ:1
prédominance	NOUN:1
prédominant	ADJ:1
prédécesseur	NOUN:1
prédéfini	ADJ:1
préemption	NOUN:1
préexistant	ADJ:1
préf	NOUN:1
préfabriqué	ADJ:1
préface	NOUN:1
préfacier	NOUN:1
préfectoral	ADJ:1
préfecture	NOUN:1
préfet	NOUN:1
préfiguration	NOUN:1
préfixe	NOUN:1
préfrontal	ADJ:1
préfète	NOUN:3
préférable	ADJ:1
préférablement	ADV:1
préférence	NOUN:2
préférences	NOUN:1
préférentiel	ADJ:1
préférentiellement	ADV:1
préférer	VERB:1
prégnance	NOUN:2
prégnant	ADJ:2
préhension	NOUN:1
préhistoire	NOUN:1
préhistorique	ADJ:2
préjudice	NOUN:1
préjudiciable	ADJ:2
préjuger	VERB:2
préjugé	NOUN:1
prélasser	VERB:1
prélat	NOUN:1
prélever	VERB:4
préliminaire	ADJ:1	NOUN:2
préliminaires	NOUN:1
prélude	NOUN:1
prélèvement	NOUN:2
prématurité	NOUN:1
prématuré	ADJ:2	NOUN:1
prématurément	ADV:2
prémices	NOUN:3
prémisse	NOUN:1
prémonition	NOUN:1
prémonitoire	ADJ:1
prémunir	VERB:3
préméditation	NOUN:1
prémédité	ADJ:1
prénatal	ADJ:1
prénom	NOUN:1
préoccupant	ADJ:1
préoccupation	NOUN:2
préoccuper	VERB:4
prépa	NOUN:1
préparateur	NOUN:2
préparatif	NOUN:1	ADJ:1
préparation	NOUN:1
préparatoire	ADJ:1
préparer	VERB:2
prépayé	ADJ:1
prépondérance	NOUN:2
prépondérant	ADJ:2
préposition	NOUN:1
préposé	NOUN:1
prépuce	NOUN:1
préquelle	NOUN:1
prérequis	NOUN:1
préretraite	NOUN:1
prérogative	NOUN:1
présage	NOUN:1
présager	VERB:4
préscolaire	ADJ:1
présence	NOUN:1
présent	ADJ:2	NOUN:3
présentable	ADJ:1
présentateur	NOUN:1
présentation	NOUN:4
présentement	ADV:1
présenter	VERB:6
présentiel	ADJ:2
présentoir	NOUN:1
préservatif	ADJ:1	NOUN:2
préservation	NOUN:1
préserver	VERB:1
présidence	NOUN:1
président	NOUN:3
présidentiable	ADJ:1	NOUN:1
présidentiel	ADJ:1
présider	VERB:2
présidial	ADJ:1
présomptif	ADJ:1
présomption	NOUN:1
présomptueux	ADJ:1
présumer	VERB:1
présupposé	ADJ:1
présure	NOUN:1
préséance	NOUN:1
présélection	NOUN:1
prétendant	NOUN:3
prétendre	VERB:5
prétendument	ADV:1
prétentieux	ADJ:1
prétention	NOUN:5
préteur	NOUN:1
prétexte	NOUN:1
prétexter	VERB:1
prétoire	NOUN:1
prévalence	NOUN:1
prévaloir	VERB:3
prévenance	NOUN:1
prévenant	ADJ:1
prévenir	VERB:2
prévente	NOUN:1
préventif	ADJ:1
prévention	NOUN:1
préventivement	ADV:1
prévert	PROPN:1
prévisibilité	NOUN:1
prévisible	ADJ:1
prévision	NOUN:1
prévisionnel	ADJ:1
prévoir	VERB:5
prévost	PROPN:3
prévot	PROPN:1
prévoyance	NOUN:1
prévoyant	ADJ:1
prévôt	NOUN:2
prévôté	NOUN:2
prééminence	NOUN:1
préétabli	ADJ:1
prêcher	VERB:3
prêcheur	NOUN:1	ADJ:1
prêt	ADJ:1	NOUN:2
prêter	VERB:6
prêteur	NOUN:1
prêtre	NOUN:1
prêtresse	NOUN:2
prêtrise	NOUN:1
prôner	VERB:3
psa	PROPN:1
psalmiste	NOUN:1
psalmodie	NOUN:1
psaume	NOUN:1
psautier	NOUN:1
pschitt	INTJ:1
pseudo	NOUN:1
pseudonyme	ADJ:1	NOUN:1
psg	PROPN:1
psi	NOUN:1
psk	SCONJ:1
psy	ADJ:1
psychanalyse	NOUN:1
psychanalyste	NOUN:1
psychanalytique	ADJ:1
psychiatre	NOUN:1
psychiatrie	NOUN:1
psychiatrique	ADJ:1
psychique	ADJ:1
psychiquement	ADV:1
psychisme	NOUN:2
psychodrame	NOUN:1
psychologie	NOUN:1
psychologique	ADJ:1
psychologiquement	ADV:1
psychologue	NOUN:1
psychomoteur	ADJ:1
psychomotricité	NOUN:1
psychopathe	NOUN:1
psychopathie	NOUN:1
psychopathologie	NOUN:1
psychose	NOUN:1
psychosocial	ADJ:1
psychosomatique	ADJ:1
psychothérapeute	NOUN:1
psychothérapie	NOUN:1
psychotique	ADJ:1	NOUN:1
psychotrope	ADJ:1	NOUN:1
psyché	NOUN:2	PROPN:1
psychédélique	ADJ:1
ptn	INTJ:1
ptolémaïque	ADJ:2
ptolémée	PROPN:1	NOUN:1
puant	ADJ:1
puanteur	NOUN:1
pub	NOUN:2
puberté	NOUN:1
pubescent	ADJ:1
pubien	ADJ:1
pubis	NOUN:1
publiant	NOUN:1
public	ADJ:1	NOUN:2
publication	NOUN:2
publiciste	NOUN:2
publicitaire	ADJ:1	NOUN:1
publicité	NOUN:2
publier	VERB:1
publiquement	ADV:1
pubère	ADJ:1
puce	NOUN:4
puceau	NOUN:1	ADJ:1
pucelle	NOUN:2
puceron	NOUN:1
pudding	NOUN:1
pudeur	NOUN:2
pudique	ADJ:1
pudiquement	ADV:1
pueblo	ADJ:1
puer	VERB:3
pugilat	NOUN:2
pugnace	ADJ:1
pugnacité	NOUN:1
puis	ADV:1	SCONJ:1
puiser	VERB:1
puisque	SCONJ:1
puissamment	ADV:2
puissance	NOUN:2	ADP:1
puissant	ADJ:1
puits	NOUN:1
pull	NOUN:1
pullman	NOUN:2
pulmonaire	ADJ:1	NOUN:1
pulpe	NOUN:1
pulsar	NOUN:1
pulsation	NOUN:1
pulsion	NOUN:1
pulvar	PROPN:1
pulvérisateur	ADJ:1	NOUN:2
pulvérisation	NOUN:2
pulvériser	VERB:3
pulvérisé	ADJ:1
puma	NOUN:1
punaise	NOUN:4
punch	NOUN:2
punchline	NOUN:2
punique	ADJ:1
punir	VERB:1
punissable	ADJ:1
punitif	ADJ:1
punition	NOUN:2
punk	NOUN:1
pupille	NOUN:2
pupitre	NOUN:3
pur	ADJ:2
purcell	PROPN:1
purement	ADV:1
pureté	NOUN:1
purgatoire	NOUN:1
purge	NOUN:1
purger	VERB:3
purificateur	NOUN:1	ADJ:1
purification	NOUN:1
purifier	VERB:2
purifié	ADJ:1
purin	NOUN:2
puriste	NOUN:1
puritain	ADJ:1	NOUN:1
puritanisme	NOUN:2
purpura	NOUN:1
purée	NOUN:4
pus	NOUN:1	ADV:1
pussy	NOUN:2
pustule	NOUN:1
puta	NOUN:3
putaclic	ADJ:1	NOUN:1
putain	NOUN:2	INTJ:2
putaing	INTJ:2
pute	NOUN:3
puteaux	PROPN:1
putois	NOUN:1
putride	ADJ:1
putréfaction	NOUN:1
putsch	NOUN:1
putschiste	NOUN:1
putter	NOUN:1	VERB:1
puy	NOUN:1
puy-de-dôme	PROPN:1
puzzle	NOUN:1
puériculture	NOUN:1
puéril	ADJ:2
puîné	ADJ:2	NOUN:1
pv	NOUN:4
pyeongchang	PROPN:2
pygmée	NOUN:1
pyjama	NOUN:1
pylône	NOUN:2
pyrale	NOUN:1
pyramidal	ADJ:1
pyramide	NOUN:1
pyrite	NOUN:1
pyrolyse	NOUN:1
pyromane	NOUN:1
pyrotechnie	NOUN:1
pyrotechnique	ADJ:1
pyrrhus	PROPN:1
pyrénéen	ADJ:1
pyrénées	PROPN:1
pyrénées-atlantiques	PROPN:1
pyrénées-orientales	PROPN:1
pythagore	PROPN:1
pythie	NOUN:2
python	PROPN:1	NOUN:1
pâle	ADJ:3
pâleur	NOUN:1
pâlir	VERB:2
pâque	PROPN:3
pâquerette	NOUN:1
pâques	PROPN:1
pâte	NOUN:3
pâtes	NOUN:1
pâteux	ADJ:1
pâtir	VERB:1
pâtisserie	NOUN:3
pâtissier	ADJ:1	NOUN:1
pâtre	NOUN:1
pâturage	NOUN:2
pâture	NOUN:2
pâté	NOUN:1
pâtée	NOUN:1
pègre	NOUN:1
pèlerin	NOUN:1
pèlerinage	NOUN:1
pèlerine	NOUN:1
père	NOUN:3	PROPN:2
péage	NOUN:3
péan	NOUN:1
pécher	VERB:1
pécheur	ADJ:1	NOUN:1
pécho	VERB:5
péché	NOUN:1
pécresse	PROPN:1
pécule	NOUN:1
pécuniaire	ADJ:1
pédagogie	NOUN:2
pédagogique	ADJ:3
pédagogue	NOUN:2
pédalage	NOUN:1
pédale	NOUN:3
pédaler	VERB:1
pédalier	NOUN:2
pédalo	NOUN:1
pédant	NOUN:2	ADJ:1
pédestre	ADJ:4
pédiatre	NOUN:1
pédiatrie	NOUN:1
pédiatrique	ADJ:1
pédicure	NOUN:1
pédologie	NOUN:1
pédologique	ADJ:1
pédoncule	NOUN:1
pédophile	ADJ:1	NOUN:1
pédophilie	NOUN:1
pédopornographie	NOUN:1
pédopsychiatre	NOUN:1
pédopsychiatrie	NOUN:1
pédé	NOUN:2	ADJ:1
pégase	PROPN:2	NOUN:1
péjoratif	ADJ:1
péjorativement	ADV:1
pékin	PROPN:1	NOUN:1
pékinois	ADJ:1	NOUN:2
péladeau	PROPN:1
pélage	PROPN:1
pélagie	PROPN:1
pélagique	ADJ:1
pélican	NOUN:1
pélissier	PROPN:1
péloponnèse	PROPN:1
pénal	ADJ:1
pénalement	ADV:1
pénalisant	ADJ:1
pénalisation	NOUN:2
pénaliser	VERB:2
pénaliste	NOUN:1
pénalité	NOUN:3
pénates	NOUN:2
pénibilité	NOUN:1
pénible	ADJ:2
péniblement	ADV:2
péniche	NOUN:2
pénicilline	NOUN:1
péninsulaire	ADJ:1
péninsule	NOUN:1
pénis	NOUN:1
pénitence	NOUN:1
pénitencier	NOUN:2
pénitent	ADJ:1	NOUN:1
pénitentiaire	ADJ:1
pénombre	NOUN:2
pénurie	NOUN:1
pénélope	PROPN:2
pénétrant	ADJ:1
pénétration	NOUN:1
pénétrer	VERB:4
pépin	NOUN:5	PROPN:1
pépinière	NOUN:2
pépiniériste	NOUN:1
pépite	NOUN:3
péplum	NOUN:1
pépère	NOUN:2	ADJ:1
pépé	NOUN:2
péquiste	NOUN:1	ADJ:1
péremption	NOUN:2
péremptoire	ADJ:1
pérenne	ADJ:2
pérennisation	NOUN:2
pérenniser	VERB:1
pérennité	NOUN:1
péricarde	NOUN:1
péricliter	VERB:2
périclès	PROPN:1
péridurale	NOUN:1
périgueux	PROPN:1
périgée	NOUN:1
périhélie	NOUN:1
péril	NOUN:1
périlleux	ADJ:1
périmètre	NOUN:1
périmé	ADJ:2
périnée	NOUN:1
période	NOUN:3
périodicité	NOUN:1
périodique	ADJ:1	NOUN:1
périodiquement	ADV:1
périphrase	NOUN:1
périphérie	NOUN:2
périphérique	NOUN:2
périple	NOUN:2
péripétie	NOUN:2
périr	VERB:1
périscolaire	ADJ:1
périscope	NOUN:1
périssable	ADJ:1
péristyle	NOUN:1
péritoine	NOUN:1
péritonite	NOUN:1
périurbain	ADJ:1
péroné	NOUN:1
pérorer	VERB:1
pérou	PROPN:1
pérouse	PROPN:2
péruvien	NOUN:1	ADJ:1
péréquation	NOUN:1
pétage	NOUN:2
pétain	PROPN:1
pétainiste	ADJ:1
pétale	NOUN:1
pétanque	NOUN:1
pétant	ADJ:1
pétard	NOUN:7	INTJ:1
pétasse	NOUN:2
péter	VERB:3
pétersbourg	PROPN:1
péteux	ADJ:2
pétillant	ADJ:1
pétiole	NOUN:1
pétition	NOUN:1
pétri	ADJ:1
pétrin	NOUN:2
pétrir	VERB:2
pétrissage	NOUN:1
pétrochimie	NOUN:1
pétrochimique	ADJ:1
pétrole	NOUN:3
pétrolier	ADJ:1	NOUN:2
pétrolifère	ADJ:1
pétronille	PROPN:1
pétunia	NOUN:1
pété	ADJ:3
pêche	NOUN:3
pêcher	VERB:1	NOUN:1
pêcherie	NOUN:1
pêcheur	NOUN:1
pêne	NOUN:1
pô	PROPN:2
pôle	NOUN:2
q	NOUN:2
qatar	PROPN:1
qatari	NOUN:1	ADJ:1
qatarien	NOUN:1	ADJ:1
qc	PROPN:2
qcm	NOUN:1
qg	NOUN:1
qi	NOUN:1
qiu	PROPN:2
qq	DET:1
qqc	PRON:1
qqch	PRON:1
qqn	PRON:5
qu'en-dira-t-on	NOUN:1
quadra	NOUN:1
quadragénaire	ADJ:1	NOUN:1
quadrangulaire	ADJ:1	NOUN:1
quadrant	NOUN:1
quadratique	ADJ:1
quadrature	NOUN:1
quadri	NOUN:1
quadriceps	NOUN:1
quadrige	NOUN:1
quadrilatère	NOUN:1
quadrillage	NOUN:2
quadrille	NOUN:1
quadriller	VERB:2
quadripartite	ADJ:1
quadruple	ADJ:2	NOUN:3
quadrupler	VERB:1
quadruplé	NOUN:1
quadrupède	ADJ:1	NOUN:1
quai	NOUN:2
quaker	NOUN:1
quali	ADJ:1
qualificatif	ADJ:1	NOUN:1
qualification	NOUN:1
qualifier	VERB:5
qualitatif	ADJ:2
qualitativement	ADV:1
qualité	NOUN:1
quand	SCONJ:2	ADV:1
quantifiable	ADJ:1
quantification	NOUN:1
quantifier	VERB:1
quantifié	ADJ:1
quantique	ADJ:1
quantitatif	ADJ:1
quantitativement	ADV:1
quantité	NOUN:1
quantième	ADJ:1	PRON:1
quantum	NOUN:1
quarantaine	NOUN:3
quarante	NUM:1	PROPN:1
quarante-cinq	NUM:1
quarante-neuf	NUM:1
quarante-troisième	ADJ:1
quarantenaire	ADJ:1	NOUN:3
quarantième	ADJ:1
quark	NOUN:1
quarré	NOUN:6
quart	ADJ:1	NOUN:2	PROPN:1
quarte	NOUN:2
quarter	NOUN:1
quarterback	NOUN:1
quarteron	NOUN:2
quartet	NOUN:1
quartette	NOUN:2
quartier	NOUN:5
quartile	NOUN:1
quarto	ADV:1
quartz	NOUN:1
quartzite	NOUN:1
quasi	ADV:1
quasi-totalité	NOUN:1
quasiment	ADV:1
quasimodo	NOUN:1
quaternaire	ADJ:1
quatorze	NUM:1
quatorzième	ADJ:1
quatrain	NOUN:1
quatre	NUM:1
quatre-cents	NUM:1
quatre-vingt-dix	NUM:1
quatre-vingt-quatre	NUM:1
quatrième	ADJ:1
quatrièmement	ADV:1
quattrocento	NOUN:1
quatuor	NOUN:3
que	SCONJ:5	PRON:3
quechua	NOUN:1
queensland	PROPN:1
queer	ADJ:1
quel	DET:2	PRON:1
quelconque	DET:1	ADJ:2
quelqu'un	PRON:5
quelque	DET:1
quelquefois	ADV:1
queneau	PROPN:2
quenelle	NOUN:3
quenouille	NOUN:2
quentin	PROPN:1
quercy	PROPN:1
querelle	NOUN:1
quereller	VERB:1
quesne	PROPN:1
questeur	NOUN:2
question	NOUN:3
questionnaire	NOUN:1
questionnement	NOUN:1
questionner	VERB:4
queue	NOUN:4
queux	NOUN:2
qui	PRON:5	SCONJ:1	INTJ:1
quiberon	PROPN:1
quiche	NOUN:4
quick	NOUN:1
quiconque	PRON:1
quid	PRON:1
quidam	NOUN:2
quiet	ADJ:1
quignon	NOUN:1
quille	NOUN:5
quilles	NOUN:1
quimper	PROPN:1	VERB:2
quimperlé	PROPN:1
quin	INTJ:1
quincaillerie	NOUN:2
quinconce	NOUN:3
quine	NOUN:1
quinet	PROPN:1
quinine	NOUN:1
quinoa	NOUN:1
quinqua	NOUN:1
quinquagénaire	ADJ:1
quinquennal	ADJ:1
quinquennat	NOUN:1
quinquina	NOUN:1
quint	ADJ:2	NOUN:1
quintal	NOUN:2
quinte	NOUN:5
quintessence	NOUN:1
quintette	NOUN:2
quinto	ADV:1
quintuple	ADJ:2
quinté	NOUN:1
quinzaine	NOUN:3
quinze	NUM:1
quinzième	ADJ:1
quiproquo	NOUN:2
quito	PROPN:1
quittance	NOUN:1
quitter	VERB:3
quitus	NOUN:1
quiz	NOUN:1
quiétude	NOUN:1
quoi	PRON:5	ADV:1	X:1
quoique	SCONJ:1
quorum	NOUN:1
quota	NOUN:1
quotidien	ADJ:1	NOUN:2
quotidiennement	ADV:2
quotient	NOUN:1
quotité	NOUN:1
quoy	PRON:5
qué	ADJ:1	INTJ:2
québec	PROPN:2
québecois	ADJ:2
québécois	NOUN:1	ADJ:2
quémander	VERB:1
quéquette	NOUN:1
quérir	VERB:2
quétaine	ADJ:1	NOUN:1
quête	NOUN:1
quêter	VERB:3
qwerty	NOUN:1
rab	NOUN:1
rabais	NOUN:1
rabaissant	ADJ:1
rabaisser	VERB:2
rabat	NOUN:2	PROPN:1
rabattement	NOUN:1
rabattre	VERB:8
rabattu	ADJ:1
rabbin	NOUN:1
rabbinique	ADJ:1
rabe	NOUN:1
rabelais	PROPN:1
rabot	NOUN:1
rabotage	NOUN:1
raboter	VERB:1
rabrouer	VERB:1
rabâcher	VERB:2
racaille	NOUN:1
raccommoder	VERB:3
raccompagner	VERB:1
raccord	NOUN:4
raccordement	NOUN:1
raccorder	VERB:1
raccordé	ADJ:1
raccourci	NOUN:4
raccourcir	VERB:2
raccourcissement	NOUN:1
raccrocher	VERB:3
race	NOUN:3
racer	NOUN:2
rachat	NOUN:2
rachel	PROPN:2
rachelle	PROPN:1
racheter	VERB:5
rachid	PROPN:2
rachidien	ADJ:1
rachis	NOUN:1
rachitisme	NOUN:1
racial	ADJ:1
racialiste	ADJ:1
racinaire	ADJ:1
racine	NOUN:3
racisme	NOUN:1
raciste	ADJ:1
racisé	ADJ:1
racket	NOUN:2
racketter	VERB:1
racler	VERB:1
raclette	NOUN:3
raclure	NOUN:2
raclée	NOUN:2
racolage	NOUN:1
racoler	VERB:1
racoleur	NOUN:2	ADJ:1
raconter	VERB:1
racé	ADJ:2
radar	NOUN:2
rade	NOUN:3
radeau	NOUN:1
radegonde	PROPN:1
radial	ADJ:1
radiateur	NOUN:1
radiation	NOUN:1
radical	ADJ:1	NOUN:1
radicalement	ADV:1
radicalisation	NOUN:1
radicaliser	VERB:1
radicalisme	NOUN:1
radicalisé	ADJ:1
radicalité	NOUN:1
radier	VERB:3	NOUN:1
radieux	ADJ:1
radin	ADJ:1	NOUN:1
radio	NOUN:1
radioactif	ADJ:1
radioactivité	NOUN:1
radioamateur	NOUN:2
radiocommunication	NOUN:1
radiodiffusion	NOUN:1
radiofréquence	NOUN:1
radiographie	NOUN:2
radiologie	NOUN:1
radiologique	ADJ:1
radiologue	NOUN:1
radiophonique	ADJ:2
radioprotection	NOUN:1
radioscopie	NOUN:1
radiothérapie	NOUN:1
radis	NOUN:1
radisson	PROPN:1
radium	NOUN:1
radius	NOUN:1
radja	NOUN:1
radon	NOUN:1
radoter	VERB:1
radoub	NOUN:1
raf	X:1
rafale	NOUN:3
raffermir	VERB:1
raffermissement	NOUN:1
raffinage	NOUN:1
raffinement	NOUN:1
raffiner	VERB:2
raffinerie	NOUN:1
raffiné	ADJ:2
rafle	NOUN:1
rafler	VERB:2
rafraîchir	VERB:4
rafraîchissant	ADJ:1
rafraîchissement	NOUN:3
rafting	NOUN:1
rage	NOUN:2
rageant	ADJ:1
rager	VERB:1
rageur	ADJ:2
rageux	NOUN:2
ragondin	NOUN:1
ragot	ADJ:1	NOUN:2
ragoût	NOUN:2
rahim	PROPN:1
rai	NOUN:2
raid	NOUN:1
raide	ADJ:6
raideur	NOUN:2
raie	NOUN:7
raifort	NOUN:1
rail	NOUN:1
raille	NOUN:2
railler	VERB:2
raillerie	NOUN:1
railway	NOUN:1
raimond	PROPN:1
rain	NOUN:1
raine	NOUN:1
rainer	VERB:1
rainette	NOUN:1
rainure	NOUN:1
rainville	PROPN:1
raiponce	NOUN:2	PROPN:3
raisin	NOUN:3
raison	NOUN:4
raisonnable	ADJ:3
raisonnablement	ADV:2
raisonnement	NOUN:1
raisonner	VERB:1
rajasthan	PROPN:1
rajeunir	VERB:5
rajeunissement	NOUN:3
rajout	NOUN:1
rajouter	VERB:2
ral	ADJ:1
ralenti	NOUN:1
ralentir	VERB:2
ralentissement	NOUN:2
ralentisseur	NOUN:1	ADJ:1
ralliement	NOUN:1
rallier	VERB:5
rallonge	NOUN:4
rallonger	VERB:1
rallumer	VERB:2
rallye	NOUN:2
ramadan	NOUN:1
ramassage	NOUN:1
ramasse	NOUN:3
ramasser	VERB:2
ramasseur	NOUN:1
ramassis	NOUN:4
rambarde	NOUN:1
ramdam	NOUN:1
rame	NOUN:3
rameau	NOUN:1	PROPN:1
ramener	VERB:4
ramer	VERB:2
rameur	NOUN:1
rameuter	VERB:1
rami	NOUN:1	PROPN:1
ramier	NOUN:1
ramification	NOUN:3
ramollir	VERB:4
ramon	NOUN:1
ramond	PROPN:1
ramoner	VERB:2
ramoneur	NOUN:1
rampant	ADJ:6
rampe	NOUN:4
ramper	VERB:1
ramée	NOUN:1
rancart	NOUN:1
rance	ADJ:1
rancourt	PROPN:1
rancune	NOUN:1
rancunier	ADJ:1
rancœur	NOUN:1
rand	NOUN:1
rando	NOUN:1
random	ADJ:1	NOUN:1
randonner	VERB:1
randonneur	NOUN:2
randonnée	NOUN:1
rang	NOUN:6
rangement	NOUN:2
ranger	VERB:4	NOUN:1	PROPN:1
rangé	ADJ:3
rangée	NOUN:2
ranimer	VERB:3
ransomware	NOUN:1
ranson	NOUN:2
rançon	NOUN:2
raoul	PROPN:1
rap	NOUN:1
rapace	ADJ:2	NOUN:2
rapacité	NOUN:1
rapatriement	NOUN:1
rapatrier	VERB:2
rapetisser	VERB:1
raphaël	PROPN:2
raphaëlle	PROPN:1
raphia	NOUN:1
rapide	ADJ:1	ADV:1	NOUN:2
rapidement	ADV:1
rapidité	NOUN:1
rapido	ADV:1
rapin	NOUN:2
rapière	NOUN:1
rappel	NOUN:5
rappeler	VERB:5
rapper	VERB:1	NOUN:1
rappeur	NOUN:1
rappliquer	VERB:2
rapport	NOUN:3
rapporter	VERB:8
rapporteur	NOUN:4
rapprochement	NOUN:2
rapprocher	VERB:5
rapt	NOUN:1
raquer	VERB:1
raquette	NOUN:4
rare	ADJ:1
rarement	ADV:1
rareté	NOUN:1
rarissime	ADJ:1
raréfaction	NOUN:2
raréfier	VERB:2
ras	ADJ:2	NOUN:1
rasade	NOUN:1
rasage	NOUN:1
rasant	ADJ:2
raser	VERB:4
rasoir	NOUN:1	ADJ:1
rassasier	VERB:3
rassasié	ADJ:1
rassemblement	NOUN:1
rassembler	VERB:4
rassembleur	ADJ:2
rasseoir	VERB:1
rassis	ADJ:1
rassurant	ADJ:1
rassurer	VERB:2
rasta	NOUN:1
rastignac	NOUN:1
rasé	ADJ:1
rat	NOUN:3
ratage	NOUN:1
ratatouille	NOUN:2
rater	VERB:4
ratier	NOUN:1
ratification	NOUN:1
ratifier	VERB:1
ratio	NOUN:1
ration	NOUN:1
rational	NOUN:1
rationalisation	NOUN:1
rationaliser	VERB:2
rationalisme	NOUN:1
rationaliste	ADJ:1
rationalité	NOUN:1
rationnel	ADJ:2
rationnellement	ADV:2
rationnement	NOUN:1
rationner	VERB:1
ratisbonne	PROPN:1
ratissage	NOUN:2
ratisser	VERB:2
raton	NOUN:3
rattachement	NOUN:1
rattacher	VERB:6
rattrapage	NOUN:3
rattraper	VERB:3
rature	NOUN:2
rauque	ADJ:1
ravager	VERB:1
ravages	NOUN:3
ravageur	ADJ:2
ravalement	NOUN:1
ravaler	VERB:3
rave	NOUN:3
ravel	PROPN:1
ravenne	PROPN:1
ravi	ADJ:1
ravier	NOUN:1
ravin	NOUN:1
ravine	NOUN:2
ravioli	NOUN:3
ravir	VERB:5
raviser	VERB:1
ravissant	ADJ:2
ravissement	NOUN:1
ravisseur	NOUN:2
ravitaillement	NOUN:1
ravitailler	VERB:4
ravitailleur	ADJ:1	NOUN:1
raviver	VERB:2
ravoir	VERB:1
raya	NOUN:1
rayer	VERB:3
raymond	PROPN:2
raymonde	PROPN:1
rayon	NOUN:7
rayonnant	ADJ:1
rayonnement	NOUN:2
rayonner	VERB:1
rayonné	ADJ:1
rayure	NOUN:2
rayé	ADJ:1
raz	NOUN:1
raz-de-marée	NOUN:4
razzia	NOUN:2
razès	PROPN:2
raï	NOUN:1
raïs	NOUN:1
rb	NOUN:3
rca	PROPN:1
rda	PROPN:1
rdc	NOUN:1
rdv	NOUN:3
re	PROPN:1
realpolitik	NOUN:1
rebaptiser	VERB:1
rebattu	ADJ:1
rebecca	PROPN:2
rebelle	ADJ:1	NOUN:1
rebeller	VERB:1
rebellion	NOUN:1
reblochon	NOUN:1
reboisement	NOUN:1
rebond	NOUN:3
rebondi	ADJ:2
rebondir	VERB:2
rebondissement	NOUN:2
rebord	NOUN:2
reboucher	VERB:3
rebours	ADJ:1	NOUN:1
rebrousser	VERB:1
rebut	NOUN:4
rebutant	ADJ:1
rebuter	VERB:3
rebâtir	VERB:1
recadrage	NOUN:2
recadrer	VERB:4
recalculer	VERB:1
recaler	VERB:1
recapitalisation	NOUN:1
recaser	VERB:1
recel	NOUN:2
receler	VERB:3
receleur	NOUN:1
recensement	NOUN:2
recenser	VERB:3
recension	NOUN:2
recentrage	NOUN:1
recentrer	VERB:1
recette	NOUN:3
recevabilité	NOUN:1
recevable	ADJ:3
receveur	NOUN:2
recevoir	VERB:2
rechange	NOUN:1
recharge	NOUN:1
rechargeable	ADJ:1
rechargement	NOUN:1
recharger	VERB:2
recherche	NOUN:2
rechercher	VERB:2
rechigner	VERB:1
rechute	NOUN:1
rechuter	VERB:1
reclassement	NOUN:3
reclasser	VERB:1
reclus	ADJ:1	NOUN:1
recoin	NOUN:2
recoller	VERB:1
recombinaison	NOUN:1
recommandable	ADJ:1
recommandation	NOUN:1
recommander	VERB:1
recommencement	NOUN:1
recommencer	VERB:1
recomposer	VERB:1
recomposition	NOUN:2
recompter	VERB:1
reconcentrer	VERB:1
reconductible	ADJ:1
reconduction	NOUN:1
reconduire	VERB:2
reconduite	NOUN:1
reconfiguration	NOUN:1
reconfigurer	VERB:1
reconnaissable	ADJ:1
reconnaissance	NOUN:3
reconnaître	VERB:3
reconnecter	VERB:1
reconquérir	VERB:2
reconquête	NOUN:1
reconsidérer	VERB:1
reconstituant	ADJ:1
reconstituer	VERB:5
reconstitution	NOUN:3
reconstruction	NOUN:1
reconstruire	VERB:1
recontacter	VERB:1
reconversion	NOUN:2
reconvertir	VERB:1
recopier	VERB:2
record	NOUN:1	ADJ:2
recorder	VERB:2	NOUN:2
recordman	NOUN:1
recoucher	VERB:1
recoudre	VERB:3
recoupement	NOUN:2
recouper	VERB:1
recourir	VERB:3
recours	NOUN:2
recouvrement	NOUN:3
recouvrer	VERB:1
recouvrir	VERB:2
recracher	VERB:1
recroiser	VERB:1
recroquevillé	ADJ:1
recrudescence	NOUN:2
recrutement	NOUN:1
recruter	VERB:1
recruteur	NOUN:1
recréation	NOUN:1
recréer	VERB:1
rectal	ADJ:1
rectangle	NOUN:1	ADJ:1
rectangulaire	ADJ:1
recteur	NOUN:1
rectificatif	ADJ:1
rectification	NOUN:1
rectifier	VERB:1
rectiligne	ADJ:2
rectitude	NOUN:1
recto	NOUN:1
rectorat	NOUN:1
rectrice	NOUN:1
rectum	NOUN:1
recueil	NOUN:2
recueillement	NOUN:1
recueillir	VERB:5
recul	NOUN:5
reculade	NOUN:1
reculer	VERB:7
recyclable	ADJ:1
recyclage	NOUN:1
recycler	VERB:1
reddit	PROPN:1
reddition	NOUN:2
redemander	VERB:1
redescendre	VERB:2
redessiner	VERB:1
redevable	ADJ:2
redevance	NOUN:1
redevenir	VERB:1
rediffuser	VERB:1
rediffusion	NOUN:2
redingote	NOUN:1
redire	VERB:2
rediriger	VERB:2
rediscuter	VERB:1
redistribuer	VERB:1
redistributif	ADJ:1
redistribution	NOUN:1
redite	NOUN:1
redondance	NOUN:1
redondant	ADJ:1
redonner	VERB:2
redorer	VERB:2
redouane	PROPN:1
redoublement	NOUN:3
redoubler	VERB:2
redoutable	ADJ:3
redoutablement	ADV:1
redouter	VERB:1
redoux	NOUN:2
redressement	NOUN:3
redresser	VERB:5
redresseur	NOUN:1
redynamiser	VERB:1
redécoupage	NOUN:2
redécouverte	NOUN:1
redécouvrir	VERB:1
redéfinir	VERB:2
redéfinition	NOUN:2
redémarrage	NOUN:2
redémarrer	VERB:1
redéploiement	NOUN:1
redéployer	VERB:1
refaire	VERB:5
referendum	NOUN:1
refermer	VERB:2
refiler	VERB:2
refinancement	NOUN:1
refinancer	VERB:1
reflet	NOUN:1
refluer	VERB:2
reflux	NOUN:3
refléter	VERB:1
refondation	NOUN:2
refonder	VERB:1
refondre	VERB:3
refonte	NOUN:2
reforestation	NOUN:1
reformation	NOUN:1
reformer	VERB:1
reformulation	NOUN:1
reformuler	VERB:2
refoulement	NOUN:3
refouler	VERB:2
refourguer	VERB:1
refrain	NOUN:1
refroidir	VERB:5
refroidissement	NOUN:1
refroidisseur	NOUN:1
refuge	NOUN:1
refus	NOUN:1
refuser	VERB:1
regagner	VERB:3
regain	NOUN:3
regard	NOUN:3
regardant	ADJ:2
regarder	VERB:4
reggae	NOUN:1
registre	NOUN:6
regonfler	VERB:2
regorgeant	ADJ:1
regret	NOUN:2
regrettable	ADJ:1
regretter	VERB:2
regroupement	NOUN:1
regrouper	VERB:2
rehaussement	NOUN:2
rehausser	VERB:2
reichenbach	PROPN:1
reiko	PROPN:1
reille	NOUN:1
reims	PROPN:1
rein	NOUN:2
reine	NOUN:2	PROPN:1
reinette	NOUN:1
rejaillir	VERB:2
rejet	NOUN:1
rejeter	VERB:5
rejeton	NOUN:4
rejoindre	VERB:3
rejouer	VERB:1
relais	NOUN:4
relance	NOUN:2
relancer	VERB:6
relater	VERB:2
relatif	ADJ:2
relation	NOUN:2
relationnel	ADJ:1	NOUN:1
relativement	ADV:1
relativiser	VERB:2
relativisme	NOUN:1
relativiste	ADJ:1
relativité	NOUN:2
relax	ADJ:1
relaxant	ADJ:1
relaxation	NOUN:1
relaxe	ADJ:1	NOUN:2
relaxer	VERB:2
relayer	VERB:5
relayeur	NOUN:1
relecture	NOUN:2
relent	NOUN:2
relevage	NOUN:2
relever	VERB:8
releveur	NOUN:2
relief	NOUN:4
relier	VERB:3
relieur	NOUN:1
religieusement	ADV:1
religieux	ADJ:1	NOUN:2
religion	NOUN:1
religiosité	NOUN:1
reliquaire	NOUN:1
reliquat	NOUN:2
relique	NOUN:2
relire	VERB:2
reliure	NOUN:2
relocalisation	NOUN:1
relocaliser	VERB:2
relocation	NOUN:1
relogement	NOUN:1
reloger	VERB:1
relooker	VERB:1
relooking	NOUN:1
relou	ADJ:1
reluire	VERB:1
reluisant	ADJ:1
reluquer	VERB:1
relâche	NOUN:3
relâchement	NOUN:1
relâcher	VERB:1
relâché	ADJ:1
relèvement	NOUN:4
relégable	ADJ:1
relégation	NOUN:1
reléguer	VERB:1
rem	NOUN:1
remake	NOUN:1
remaniement	NOUN:3
remanier	VERB:5
remarcher	VERB:2
remariage	NOUN:1
remarier	VERB:1
remarié	ADJ:1
remarquable	ADJ:1
remarquablement	ADV:1
remarquer	VERB:5
remballe	NOUN:1
remballer	VERB:1
rembarrer	VERB:1
remblai	NOUN:2
rembourrage	NOUN:1
rembourré	ADJ:1
remboursable	ADJ:1
remboursement	NOUN:1
rembourser	VERB:1
remembrement	NOUN:1
remerciement	NOUN:2
remercier	VERB:2
remettre	VERB:8
remi	PROPN:1
remise	NOUN:5
remiser	VERB:2
remix	NOUN:1
remixer	VERB:1
remobiliser	VERB:1
remodelage	NOUN:1
remodeler	VERB:1
remonter	VERB:8
remontrance	NOUN:1
remontrer	VERB:1
remonté	ADJ:1
remords	NOUN:1
remorquage	NOUN:1
remorque	NOUN:1
remorquer	VERB:1
remorqueur	NOUN:1
remotiver	VERB:1
remous	NOUN:2
rempart	NOUN:2
rempiler	VERB:1
remplacement	NOUN:1
remplacer	VERB:1
remplaçable	ADJ:1
remplir	VERB:3
remplissage	NOUN:2
remploi	NOUN:1
remporter	VERB:2
remuant	ADJ:1
remuer	VERB:8
remy	PROPN:2
remède	NOUN:1
remédiation	NOUN:1
remédier	VERB:1
remémorer	VERB:2
ren	PROPN:1
renaissance	NOUN:1	PROPN:1
renaissant	ADJ:2
renard	NOUN:5
renart	PROPN:1
renaud	PROPN:1
renault	PROPN:2
renaître	VERB:3
rencard	NOUN:3
rencart	NOUN:1
renchérir	VERB:3
renchérissement	NOUN:1
rencontre	NOUN:3
rencontrer	VERB:2
rendement	NOUN:2
rendez-vous	NOUN:3
rendormir	VERB:1
rendre	VERB:8
renfermer	VERB:3
renflement	NOUN:1
renflouement	NOUN:1
renflouer	VERB:2
renfoncement	NOUN:2
renforcement	NOUN:1
renforcer	VERB:1
renfort	NOUN:2
renforçant	ADJ:1
renfrogné	ADJ:1
rengaine	NOUN:1
reniement	NOUN:1
renier	VERB:3
renifler	VERB:3
rennais	ADJ:1	NOUN:1
renne	NOUN:1
rennes	PROPN:1
reno	PROPN:1
renoi	NOUN:1
renom	NOUN:1
renommer	VERB:3
renommée	NOUN:1
renoncement	NOUN:2
renoncer	VERB:2
renonciation	NOUN:2
renouer	VERB:3
renouveau	NOUN:1
renouvelable	ADJ:1
renouveler	VERB:2
renouvellement	NOUN:1
renseignement	NOUN:2
renseigner	VERB:2
rentabiliser	VERB:1
rentabilité	NOUN:1
rentable	ADJ:1
rente	NOUN:3
renter	VERB:1
rentier	NOUN:1
rentrer	VERB:6
rentrée	NOUN:2
renversant	ADJ:1
renversement	NOUN:3
renverser	VERB:8
renvoi	NOUN:4
renvoyer	VERB:8
rené	PROPN:1	ADJ:1
renégat	NOUN:1
renégociation	NOUN:1
renégocier	VERB:1
rep	X:1
repaire	NOUN:1
reparaître	VERB:1
reparler	VERB:1
repartie	NOUN:1
repartir	VERB:3
repas	NOUN:1
repassage	NOUN:1
repasser	VERB:3
repayer	VERB:1
repaître	VERB:4
repeindre	VERB:1
rependre	VERB:1
repenser	VERB:1
repentance	NOUN:1
repentant	ADJ:1
repentigny	PROPN:2
repentir	VERB:1	NOUN:2
repeuplement	NOUN:2
repeupler	VERB:2
repiquage	NOUN:1
repiquer	VERB:3
replacer	VERB:1
replanter	VERB:1
replat	NOUN:1
repli	NOUN:2
repliement	NOUN:2
replier	VERB:4
replonger	VERB:2
repondre	VERB:2
report	NOUN:2
reportage	NOUN:1
reporter	VERB:7	NOUN:1
reporting	NOUN:1
repos	NOUN:1
reposer	VERB:4
repositionnement	NOUN:1
repositionner	VERB:1
reposoir	NOUN:2
repoussant	ADJ:1
repousser	VERB:8
repoussoir	NOUN:1
repoussé	ADJ:1
reprendre	VERB:8
repreneur	NOUN:1
reprise	NOUN:4
reprocher	VERB:1
reproducteur	ADJ:1	NOUN:1
reproductibilité	NOUN:1
reproductible	ADJ:1
reproductif	ADJ:1
reproduction	NOUN:1
reproduire	VERB:4
reprogrammation	NOUN:1
reprogrammer	VERB:2
représentant	NOUN:1
représentatif	ADJ:1
représentation	NOUN:2
représentativité	NOUN:1
représenter	VERB:3
reps	NOUN:1
reptile	NOUN:1
reptilien	ADJ:1
repu	ADJ:1
republier	VERB:1
repère	NOUN:3
repérable	ADJ:2
repérage	NOUN:3
repérer	VERB:3
repêchage	NOUN:3
repêcher	VERB:1
requalification	NOUN:1
requalifier	VERB:1
requiem	NOUN:1
requin	NOUN:2
requinquer	VERB:1
requérir	VERB:4
requête	NOUN:3
rer	NOUN:2
rescapé	ADJ:1	NOUN:1
rescousse	NOUN:1
rescrit	NOUN:1
resituer	VERB:1
resoudre	VERB:1
respect	NOUN:1
respectabilité	NOUN:1
respectable	ADJ:1
respecter	VERB:3
respectif	ADJ:1
respectivement	ADV:1
respectueusement	ADV:1
respectueux	ADJ:1
respirable	ADJ:1
respirateur	NOUN:1
respiration	NOUN:1
respiratoire	ADJ:1
respirer	VERB:1
resplendissant	ADJ:1
responsabilisation	NOUN:2
responsabiliser	VERB:1
responsabilité	NOUN:2
responsable	ADJ:1	NOUN:1
ressac	NOUN:1
ressaisir	VERB:2
ressasser	VERB:3
ressaut	NOUN:2
ressemblance	NOUN:1
ressemblant	ADJ:1
ressembler	VERB:3
ressenti	NOUN:1
ressentiment	NOUN:1
ressentir	VERB:2
resserrement	NOUN:1
resserrer	VERB:4
resservir	VERB:1
ressort	NOUN:5
ressortir	VERB:5
ressortissant	NOUN:1
ressouder	VERB:1
ressource	NOUN:1
ressurgir	VERB:1
ressusciter	VERB:2
restau	NOUN:1
restaurant	NOUN:1
restaurateur	NOUN:2
restauration	NOUN:3	PROPN:1
restaurer	VERB:2
rester	VERB:5
restituer	VERB:6
restitution	NOUN:1
resto	NOUN:1
restreindre	VERB:2
restreint	ADJ:3
restrictif	ADJ:2
restriction	NOUN:1
restructuration	NOUN:1
restructurer	VERB:1
restylage	NOUN:1
resurgir	VERB:1
retable	NOUN:1
retaper	VERB:2
retard	NOUN:1
retardataire	ADJ:2	NOUN:1
retardateur	NOUN:1
retardement	NOUN:1
retarder	VERB:2
retenir	VERB:5
retenter	VERB:1
retentir	VERB:2
retentissement	NOUN:2
retirer	VERB:4
retomber	VERB:1
retordre	VERB:1
retors	ADJ:2	NOUN:2
retouche	NOUN:1
retoucher	VERB:2
retour	NOUN:3
retournement	NOUN:1
retourner	VERB:8
retracer	VERB:3
retraire	VERB:1
retrait	NOUN:5
retraite	NOUN:3
retraitement	NOUN:2
retraiter	VERB:3
retraité	NOUN:1
retranchement	NOUN:2
retrancher	VERB:6
retranscription	NOUN:2
retranscrire	VERB:1
retransmettre	VERB:1
retransmis	VERB:1
retransmission	NOUN:1
retravailler	VERB:2
retriever	NOUN:1
retrousser	VERB:1
retrouver	VERB:6
rets	NOUN:2
retweeter	VERB:1
rev	PROPN:1
revalorisation	NOUN:1
revaloriser	VERB:1
revanchard	ADJ:2
revanche	NOUN:2
revendeur	NOUN:1
revendicatif	ADJ:1
revendication	NOUN:2
revendiquer	VERB:3
revendre	VERB:1
revenir	VERB:8
revente	NOUN:1
revenu	NOUN:3
revers	NOUN:4
reversement	NOUN:1
reverser	VERB:3
revigorant	ADJ:1	NOUN:1
revigorer	VERB:1
revirement	NOUN:3
revisitant	ADJ:1
revisiter	VERB:2
revitalisation	NOUN:1
revitaliser	VERB:1
revival	NOUN:1
revivifier	VERB:3
revivre	VERB:2
revoici	VERB:1
revoilà	VERB:1
revoir	VERB:2
revolver	NOUN:1
revue	NOUN:4
revérifier	VERB:1
revêche	ADJ:1
revêtement	NOUN:1
revêtir	VERB:7
revêtu	ADJ:2
reynaud	PROPN:1
rez	NOUN:1
rez-de-chaussée	NOUN:1
rf	NOUN:1
rg	NOUN:1
rh	NOUN:1
rhabiller	VERB:1
rhapsodie	NOUN:1
rhin	PROPN:1
rhinite	NOUN:1
rhino	NOUN:1
rhinocéros	NOUN:1
rhinoplastie	NOUN:1
rhizome	NOUN:1
rhodanien	NOUN:2	ADJ:1
rhodes	PROPN:2
rhodium	NOUN:1
rhododendron	NOUN:1
rhodésie	PROPN:1
rhubarbe	NOUN:1
rhum	NOUN:1
rhumatisme	NOUN:1
rhumatologie	NOUN:1
rhumatoïde	ADJ:1
rhume	NOUN:1
rhéa	PROPN:1
rhénan	ADJ:1
rhénanie	PROPN:1
rhénanie-du-nord-westphalie	PROPN:1
rhénanie-palatinat	PROPN:1
rhésus	NOUN:1
rhéteur	NOUN:1
rhétorique	ADJ:1	NOUN:1
rhône	PROPN:2
rhône-alpes	PROPN:1
ria	NOUN:1
riad	PROPN:1
rial	NOUN:1
riant	ADJ:1
ribambelle	NOUN:1
ricain	ADJ:1	NOUN:1
ricanement	NOUN:1
ricaner	VERB:2
ricard	NOUN:1
richard	PROPN:2	NOUN:1
riche	ADJ:4	NOUN:1
richelieu	PROPN:2	NOUN:1
richement	ADV:1
richesse	NOUN:2
richissime	ADJ:1
richter	PROPN:1
ricin	NOUN:2
ricochet	NOUN:2
ricotta	NOUN:1
rictus	NOUN:1
ricœur	PROPN:2
ride	NOUN:3
rideau	NOUN:3
rider	VERB:3
ridicule	ADJ:1	NOUN:1
ridiculement	ADV:1
ridiculiser	VERB:1
ridé	ADJ:1
riel	NOUN:1
rien	PRON:2	NOUN:1
riesling	NOUN:1
rieur	NOUN:1
riff	NOUN:1
rifle	NOUN:1
rift	NOUN:1
riga	PROPN:1
rigide	ADJ:1
rigidité	NOUN:1
rigolade	NOUN:3
rigole	NOUN:4
rigoler	VERB:2
rigolo	ADJ:1	NOUN:3
rigorisme	NOUN:1
rigoriste	ADJ:2	NOUN:2
rigoureusement	ADV:2
rigoureux	ADJ:1
rigueur	NOUN:1
rikiki	ADJ:1
rimbaud	PROPN:1
rime	NOUN:1
rimer	VERB:2
rimini	PROPN:2
rimmel	NOUN:1
rinaldi	PROPN:1
rincer	VERB:2
rincé	ADJ:1
ring	NOUN:2
ringard	ADJ:3
rinçage	NOUN:1
rioux	PROPN:1
ripa	PROPN:1
ripaille	NOUN:1
ripoll	PROPN:2
riposte	NOUN:3
riposter	VERB:2
ripou	ADJ:2	NOUN:1
ripper	NOUN:1	VERB:1
riquiqui	ADJ:1	NOUN:1
rire	VERB:1	NOUN:1
ris	NOUN:4
risa	PROPN:1
risible	ADJ:1
risle	PROPN:1
risotto	NOUN:1
risque	NOUN:1
risquer	VERB:3
risqué	ADJ:1
ristourne	NOUN:1
risée	NOUN:5
rital	NOUN:1
rite	NOUN:1
ritournelle	NOUN:1
rituel	ADJ:1
rituellement	ADV:1
rivage	NOUN:1
rival	ADJ:1
rivaliser	VERB:1
rivalité	NOUN:1
rivard	PROPN:1
rive	NOUN:2
river	VERB:1
riverain	ADJ:1	NOUN:2
rivesaltes	PROPN:1
rivet	NOUN:1
rivière	NOUN:1
rivoli	PROPN:2
rixe	NOUN:1
riyad	PROPN:1
riz	NOUN:1
riziculture	NOUN:1
rizière	NOUN:1
rizzuto	PROPN:1
rn	PROPN:1
roadster	NOUN:1
robe	NOUN:3
roberge	PROPN:1
robert	PROPN:2	NOUN:1
roberval	PROPN:2
robespierre	PROPN:1
robichaud	PROPN:1
robillard	PROPN:1
robin	NOUN:2	PROPN:2
robinet	NOUN:1	PROPN:2
robinetterie	NOUN:2
robitaille	PROPN:1
robot	NOUN:1
robotique	ADJ:1
robotisation	NOUN:1
robuste	ADJ:1
robustesse	NOUN:1
roc	NOUN:2
rocade	NOUN:3
rocaille	NOUN:1	ADJ:1
rocailleux	ADJ:2
rocambolesque	ADJ:1
roch	PROPN:1
roche	NOUN:1
rochechouart	PROPN:1
rochefort	PROPN:3
rochelais	NOUN:1	ADJ:1
rocher	NOUN:1	PROPN:1
rochet	NOUN:2
rocheuses	PROPN:1
rocheux	ADJ:1
rock	NOUN:1
rock'n'roll	NOUN:1
rocker	VERB:1
rocket	NOUN:1
rockeur	NOUN:1
rococo	ADJ:2
rocque	PROPN:1
rodage	NOUN:1
roder	VERB:3
rodin	PROPN:1
rodolphe	PROPN:1
rodéo	NOUN:1
rogatoire	ADJ:1
roger	PROPN:2
rogne	NOUN:2
rogner	VERB:1
rognon	NOUN:1
rogue	NOUN:1	ADJ:3
roi	NOUN:1
roide	ADJ:6
roitelet	NOUN:2
roland	PROPN:1
rolande	PROPN:1
roller	NOUN:2
rollet	PROPN:1
rom	NOUN:1	ADJ:1
romagne	PROPN:1
romain	ADJ:2	NOUN:1	PROPN:1
roman	ADJ:2	NOUN:2
roman-fleuve	NOUN:2
romance	NOUN:1
romanche	NOUN:1
romancier	NOUN:1
romancière	NOUN:1
romancé	ADJ:1
romand	ADJ:1
romandie	PROPN:1
romanesque	ADJ:1	NOUN:2
romani	NOUN:1
romania	PROPN:1
romanisation	NOUN:1
romano	NOUN:1
romantique	ADJ:1
romantisme	NOUN:2
romarin	NOUN:1
rome	PROPN:3
rompre	VERB:4
romuald	PROPN:1
roméo	PROPN:1
ronan	PROPN:1
ronce	NOUN:2
ronchon	ADJ:1
rond	ADJ:2	NOUN:2
rond-point	NOUN:1
ronde	NOUN:3
ronde-bosse	NOUN:1
rondeau	NOUN:2	PROPN:1
rondelet	ADJ:2
rondelle	NOUN:6
rondement	ADV:2
rondeur	NOUN:4
rondin	NOUN:1
rondo	NOUN:1
ronflant	ADJ:4
ronflement	NOUN:2
ronfler	VERB:3
ronger	VERB:2
rongeur	NOUN:2
ronron	NOUN:1
ronronnement	NOUN:1
ronronner	VERB:1
root	NOUN:1
roque	NOUN:1
roquefort	NOUN:1
roquelaure	NOUN:1
roquette	NOUN:2
ror	NOUN:1
rorqual	NOUN:1
rosace	NOUN:3
rosaire	NOUN:1
rosalie	PROPN:1	NOUN:2
rosberg	PROPN:1
rosbif	NOUN:2
roscoff	PROPN:1
rose	NOUN:4	PROPN:1	ADJ:3
roseau	NOUN:3
roseline	PROPN:1
roselyne	PROPN:1
rosemont	PROPN:1
rosen	PROPN:1
rosenberg	PROPN:1
rosenfeld	PROPN:1
rosenthal	PROPN:1
roseraie	NOUN:1
rosette	NOUN:5
rosier	NOUN:1
rosière	NOUN:1
rosse	NOUN:3
rosser	VERB:2
rossignol	NOUN:3	PROPN:1
rostand	PROPN:1
rosé	ADJ:1	NOUN:1
rosée	NOUN:1
rot	NOUN:1
rotatif	ADJ:2
rotation	NOUN:1
rotative	NOUN:1
rote	NOUN:1
roter	VERB:1
roth	PROPN:1
rothschild	PROPN:1
rotin	NOUN:1
rotonde	NOUN:1
rotor	NOUN:1
rottweiler	NOUN:1
rotule	NOUN:2
rotulien	ADJ:1
roturier	ADJ:1	NOUN:1
rou	PROPN:1
rouage	NOUN:3
roubaix	PROPN:2
roublard	ADJ:1	NOUN:1
rouble	NOUN:1
roue	NOUN:2
rouelle	NOUN:3
rouen	PROPN:1
rouennais	NOUN:1	ADJ:1
rouer	VERB:5
rouergue	PROPN:1
rouet	NOUN:1
rouge	ADJ:3	NOUN:2
rouge-gorge	NOUN:2
rougeole	NOUN:1
rouget	NOUN:3
rougeur	NOUN:2
rougeâtre	ADJ:1
rougir	VERB:2
rougissant	ADJ:2
rouillard	PROPN:1
rouille	ADJ:1	NOUN:3
rouiller	VERB:2
rouillé	ADJ:1
roulade	NOUN:3
roulage	NOUN:3
roulant	ADJ:3
rouleau	NOUN:1	PROPN:2
roulement	NOUN:4
rouler	VERB:6
roulette	NOUN:8
rouleur	ADJ:1	NOUN:2
roulier	NOUN:2
roulis	NOUN:1
roulotte	NOUN:1
roumain	ADJ:1	NOUN:2
roumanie	PROPN:1
round	NOUN:1
roupie	NOUN:2
roupiller	VERB:2
rouquin	ADJ:1	NOUN:2
roure	NOUN:1
rousseau	PROPN:2	NOUN:1
rousselle	PROPN:1
roussette	NOUN:1
rousseur	NOUN:1
roussi	ADJ:1	NOUN:1
roussillon	PROPN:5
roussâtre	ADJ:1
rouste	NOUN:2
routage	NOUN:1
routard	NOUN:1
route	NOUN:2
router	VERB:1
routeur	NOUN:1
routier	ADJ:1	NOUN:3
routine	NOUN:3
routinier	ADJ:1
rouvert	ADJ:1
rouville	PROPN:1
rouvière	PROPN:1
rouvre	NOUN:1
rouvrir	VERB:1
roux	ADJ:2	NOUN:2	PROPN:1
rouyn	PROPN:1
roué	NOUN:1
roxane	PROPN:2
roy	PROPN:4	NOUN:1
royal	ADJ:1	PROPN:1
royalement	ADV:2
royalisme	NOUN:1
royaliste	NOUN:1
royalty	NOUN:1
royan	PROPN:1
royaume	NOUN:1
royaume-uni	PROPN:1
royauté	NOUN:3
royer	VERB:1	PROPN:1
roze	PROPN:2
rozier	PROPN:1
rpc	PROPN:1
rpdc	PROPN:1
rrr	NOUN:1
rss	PROPN:2
rte	NOUN:2
ru	NOUN:1
ruban	NOUN:2
ruben	PROPN:2
rubicon	PROPN:1
rubis	NOUN:1
rubrique	NOUN:2
rubéole	NOUN:1
ruche	NOUN:2
rucher	NOUN:1	VERB:2
rude	ADJ:6
rudement	ADV:4
rudesse	NOUN:1
rudimentaire	ADJ:1
rue	NOUN:2
ruelle	NOUN:3
ruer	VERB:4
rufisque	PROPN:1
rugby	NOUN:1
rugbyman	NOUN:1
rugir	VERB:1
rugissant	ADJ:1
rugissement	NOUN:1
rugosité	NOUN:1
rugueux	ADJ:1
ruine	NOUN:2
ruiner	VERB:3
ruineux	ADJ:2
ruisseau	NOUN:1
ruisselant	ADJ:1
ruisseler	VERB:1
ruissellement	NOUN:1
rumba	NOUN:1
rumeur	NOUN:1
ruminant	ADJ:1
ruminer	VERB:2
rune	NOUN:1
running	NOUN:1
rupestre	ADJ:1
rupture	NOUN:1
rural	ADJ:1
ruralité	NOUN:1
ruse	NOUN:2
ruser	VERB:1
rush	NOUN:4
russe	ADJ:1	NOUN:2
russell	PROPN:2
russie	PROPN:1
russophone	NOUN:1
rusticité	NOUN:2
rustique	ADJ:1
rustre	ADJ:1	NOUN:4
rusé	ADJ:1	NOUN:1
rut	NOUN:1
ruth	PROPN:2
rutilant	ADJ:1
ruée	NOUN:2
rvb	NOUN:2
rwanda	PROPN:1
rwandais	ADJ:1
rythme	NOUN:1
rythmer	VERB:1
rythmique	ADJ:1
râ	PROPN:1
râlant	ADJ:1
râler	VERB:2
râleur	ADJ:1	NOUN:1
râpe	NOUN:2
râper	VERB:2
râteau	NOUN:2
râtelier	NOUN:3
règle	NOUN:4	PROPN:1
règlement	NOUN:2
règlementation	NOUN:1
règne	NOUN:5
ré	NOUN:1
réa	NOUN:1
réac	ADJ:1	NOUN:1
réacteur	NOUN:2
réactif	NOUN:1	ADJ:3
réaction	NOUN:2
réactionnaire	ADJ:1
réactionnel	ADJ:1
réactivation	NOUN:1
réactiver	VERB:1
réactivité	NOUN:1
réactualiser	VERB:2
réadaptation	NOUN:3
réadapter	VERB:3
réaffectation	NOUN:1
réaffecter	VERB:1
réaffirmation	NOUN:1
réaffirmer	VERB:1
réagir	VERB:2
réajustement	NOUN:1
réajuster	VERB:1
réal	NOUN:3
réalisable	ADJ:1
réalisateur	NOUN:1
réalisation	NOUN:7
réaliser	VERB:8
réalisme	NOUN:1
réaliste	NOUN:1	ADJ:1
réalité	NOUN:2
réaménagement	NOUN:1
réaménager	VERB:1
réanimation	NOUN:2
réanimer	VERB:2
réapparaître	VERB:2
réapparition	NOUN:1
réapprendre	VERB:1
réappropriation	NOUN:1
réapproprier	VERB:1
réapprovisionnement	NOUN:1
réapprovisionner	VERB:1
réarmement	NOUN:1
réarmer	VERB:1
réassurance	NOUN:1
rébarbatif	ADJ:1
rébecca	PROPN:2
rébellion	NOUN:1
rébus	NOUN:1
récalcitrant	ADJ:1
récap	NOUN:1
récapitulatif	NOUN:1	ADJ:1
récapitulation	NOUN:1
récapituler	VERB:1
récemment	ADV:1
récent	ADJ:1
réceptacle	NOUN:3
récepteur	NOUN:1
réceptif	ADJ:1
réception	NOUN:3
réceptionner	VERB:2
réceptionniste	NOUN:1
réceptivité	NOUN:2
récessif	ADJ:1
récession	NOUN:1
réchapper	VERB:1
réchaud	NOUN:1
réchauffe	NOUN:1
réchauffement	NOUN:1
réchauffer	VERB:2
récidive	NOUN:2
récidiver	VERB:2
récidiviste	ADJ:1	NOUN:1
récif	NOUN:1
récipiendaire	NOUN:1
récipient	NOUN:1
réciprocité	NOUN:1
réciproque	ADJ:3	NOUN:1
réciproquement	ADV:2
récit	NOUN:3
récital	NOUN:1
récitant	NOUN:1
récitatif	NOUN:1
récitation	NOUN:1
réciter	VERB:2
réclamation	NOUN:1
réclamer	VERB:4
réclusion	NOUN:1
récollet	NOUN:1
récolte	NOUN:1
récolter	VERB:1
récompense	NOUN:2
récompenser	VERB:1
réconciliation	NOUN:2
réconcilier	VERB:3
réconfort	NOUN:2
réconfortant	ADJ:1
réconforter	VERB:1
récrire	VERB:3
récré	NOUN:1
récréatif	ADJ:1
récréation	NOUN:2
récup	NOUN:2
récupérable	ADJ:1
récupérateur	ADJ:1	NOUN:1
récupération	NOUN:3
récupérer	VERB:5
récurer	VERB:1
récurrence	NOUN:2
récurrent	ADJ:1
récusation	NOUN:2
récuser	VERB:3
récépissé	NOUN:1
rédac	NOUN:2
rédacteur	NOUN:2
rédaction	NOUN:4
rédactionnel	ADJ:1
rédempteur	NOUN:1
rédemption	NOUN:2
rédhibitoire	ADJ:2
rédiger	VERB:2
réducteur	ADJ:2	NOUN:1
réductible	ADJ:1
réduction	NOUN:2
réduire	VERB:7
réel	ADJ:2	NOUN:1
réellement	ADV:1
réemploi	NOUN:2
réentendre	VERB:1
réessayer	VERB:1
réexamen	NOUN:2
réexaminer	VERB:1
réf	NOUN:2
réfection	NOUN:2
réfectoire	NOUN:1
réflecteur	ADJ:1
réflexe	NOUN:1
réflexif	ADJ:1
réflexion	NOUN:3
réflexivité	NOUN:1
réflexologie	NOUN:1
réfléchir	VERB:6
réfléchissant	ADJ:1
réformateur	ADJ:1	NOUN:1
réformation	NOUN:2
réforme	NOUN:1
réformer	VERB:3
réformisme	NOUN:1
réformiste	ADJ:1
réfractaire	ADJ:2	NOUN:1
réfraction	NOUN:1
réfrigérant	ADJ:1
réfrigérateur	NOUN:1
réfrigération	NOUN:1
réfréner	VERB:1
réfugier	VERB:3
réfugié	NOUN:1
réfutation	NOUN:1
réfuter	VERB:1
référence	NOUN:2
référencement	NOUN:1
référencer	VERB:1
référendaire	NOUN:1	ADJ:1
référendum	NOUN:1
référent	NOUN:2
référentiel	NOUN:2	ADJ:1
référer	VERB:2
régal	NOUN:1
régaler	VERB:3
régalien	ADJ:1
régate	NOUN:1
régence	NOUN:1
régent	NOUN:1
régenter	VERB:1
régicide	NOUN:2
régie	NOUN:3
régime	NOUN:6
régiment	NOUN:1
régine	PROPN:1
région	NOUN:2
régional	ADJ:1
régionalisation	NOUN:1
régionalisme	NOUN:2
régionaliste	ADJ:1
régir	VERB:1
régis	PROPN:2
régisseur	NOUN:2
réglable	ADJ:1
réglage	NOUN:3
réglement	NOUN:2
réglementaire	ADJ:1
réglementation	NOUN:1
réglementer	VERB:1
régler	VERB:4
réglisse	NOUN:2
réglo	ADJ:1
réglé	ADJ:2
régnant	ADJ:1
régner	VERB:2
régnier	PROPN:1
régresser	VERB:1
régressif	ADJ:2
régression	NOUN:1
régularisation	NOUN:1
régulariser	VERB:1
régularité	NOUN:1
régulateur	ADJ:1	NOUN:1
régulation	NOUN:1
réguler	VERB:1
régulier	ADJ:7	NOUN:1
régulièrement	ADV:2
régulé	ADJ:1
régénérateur	ADJ:1
régénération	NOUN:1
régénérer	VERB:1
réhabilitation	NOUN:1
réhabiliter	VERB:1
réhabituer	VERB:1
réhydratation	NOUN:1
réimpression	NOUN:2
réimprimer	VERB:1
réincarnation	NOUN:1
réincarner	VERB:1
réinitialisation	NOUN:2
réinitialiser	VERB:2
réinjecter	VERB:1
réinscrire	VERB:2
réinsertion	NOUN:2
réinstallation	NOUN:1
réinstaller	VERB:1
réinstaurer	VERB:1
réinsérer	VERB:1
réinterprétation	NOUN:1
réinterpréter	VERB:1
réintroduction	NOUN:1
réintroduire	VERB:1
réintégration	NOUN:1
réintégrer	VERB:3
réinventer	VERB:2
réinvestir	VERB:1
réitération	NOUN:1
réitérer	VERB:1
réjean	PROPN:1
réjouir	VERB:2
réjouissance	NOUN:2
réjouissant	ADJ:2
rémanence	NOUN:1
rémi	PROPN:1
réminiscence	NOUN:1
rémission	NOUN:1
rémois	ADJ:1	NOUN:1
rémunérateur	ADJ:1
rémunération	NOUN:1
rémunérer	VERB:1
rémy	PROPN:1
rénal	ADJ:1
rénovateur	NOUN:1	ADJ:1
rénovation	NOUN:2
rénover	VERB:1
réorganisation	NOUN:1
réorganiser	VERB:1
réorientation	NOUN:2
réorienter	VERB:3
réouverture	NOUN:1
réouvrir	VERB:1
répandre	VERB:5
répandu	ADJ:2
réparable	ADJ:1
réparateur	ADJ:1
réparation	NOUN:1
réparer	VERB:1
répartir	VERB:2
répartiteur	NOUN:1
répartition	NOUN:3
répercussion	NOUN:1
répercuter	VERB:3
répertoire	NOUN:4
répertorier	VERB:1
répit	NOUN:1
réplication	NOUN:2
réplique	NOUN:5
répliquer	VERB:2
répondeur	ADJ:1	NOUN:2
répondre	VERB:2
réponse	NOUN:3
répressif	ADJ:1
répression	NOUN:1
réprimande	NOUN:1
réprimander	VERB:1
réprimer	VERB:5
réprobation	NOUN:1
réprouvé	ADJ:1
répréhensible	ADJ:1
républicain	ADJ:1
républicanisme	NOUN:1
république	NOUN:1
répudiation	NOUN:1
répudier	VERB:1
répugnance	NOUN:1
répulsif	ADJ:1
répulsion	NOUN:1
réputation	NOUN:1
répéter	VERB:3
répéteur	NOUN:1
répétiteur	NOUN:2
répétitif	ADJ:1
répétition	NOUN:2
réquisition	NOUN:1
réquisitionner	VERB:1
réquisitoire	NOUN:1
résa	NOUN:1
réseau	NOUN:1
réseautage	NOUN:1
réservation	NOUN:2
réserve	NOUN:6
réserver	VERB:2
réserviste	NOUN:1
réservoir	NOUN:2
résidence	NOUN:1
résident	NOUN:1
résidentiel	ADJ:1
résider	VERB:2
résidu	NOUN:1
résiduel	ADJ:1
résignation	NOUN:2
résigner	VERB:2
résiliation	NOUN:1
résilience	NOUN:1
résilier	VERB:2
résille	NOUN:3
résine	NOUN:1
résineux	ADJ:1
résistance	NOUN:1
résistant	NOUN:1	ADJ:1
résister	VERB:1
résistivité	NOUN:1
résolument	ADV:1
résolution	NOUN:1
résonance	NOUN:1
résonateur	NOUN:1
résonner	VERB:2
résorber	VERB:1
résorption	NOUN:1
résoudre	VERB:2
résultante	NOUN:1
résultat	NOUN:2
résulter	VERB:2
résumer	VERB:2
résumé	NOUN:2
résurgence	NOUN:1
résurrection	NOUN:1
rétablir	VERB:2
rétablissement	NOUN:2
rétention	NOUN:2
réticence	NOUN:3
réticent	ADJ:2
réticulaire	ADJ:1
réticulum	NOUN:1
rétif	ADJ:1
rétine	NOUN:1
rétinien	ADJ:1
rétorquer	VERB:1
rétorsion	NOUN:1
rétractable	ADJ:1
rétractation	NOUN:1
rétracter	VERB:1
rétraction	NOUN:1
rétribuer	VERB:2
rétribution	NOUN:1
rétro	NOUN:1	ADJ:1
rétroactif	ADJ:1
rétroaction	NOUN:2
rétroactivement	ADV:2
rétroactivité	NOUN:1
rétrocession	NOUN:1
rétrocéder	VERB:2
rétrogradation	NOUN:2
rétrograde	ADJ:2
rétrograder	VERB:5
rétroprojecteur	NOUN:1
rétropédalage	NOUN:1
rétrospectif	ADJ:1
rétrospective	NOUN:1
rétrospectivement	ADV:2
rétrovirus	NOUN:1
rétroviseur	NOUN:1
rétrécir	VERB:2
rétrécissement	NOUN:1
réunification	NOUN:1
réunifier	VERB:1
réunion	NOUN:2	PROPN:1
réunionnais	NOUN:1	ADJ:1
réunir	VERB:4
réussir	VERB:2
réussite	NOUN:2
réutilisable	ADJ:1
réutilisation	NOUN:1
réutiliser	VERB:1
réveil	NOUN:3
réveiller	VERB:2
réveillon	NOUN:2
réverbère	NOUN:1
réverbération	NOUN:1
réversibilité	NOUN:1
réversible	ADJ:1
réversion	NOUN:1
réviser	VERB:1
réviseur	NOUN:3
révision	NOUN:1
révisionnisme	NOUN:1
révisionniste	ADJ:1	NOUN:2
révocable	ADJ:1
révocation	NOUN:1
révocatoire	ADJ:1
révoltant	ADJ:1
révolte	NOUN:1
révolter	VERB:2
révolu	ADJ:1
révolution	NOUN:2
révolutionnaire	ADJ:2	NOUN:1
révolutionner	VERB:1
révoquer	VERB:1
révélateur	NOUN:2	ADJ:1
révélation	NOUN:1
révéler	VERB:3
révérence	NOUN:2
révérend	ADJ:1
réécouter	VERB:1
réécrire	VERB:3
réécriture	NOUN:2
rééd	NOUN:1
rééditer	VERB:1
réédition	NOUN:1
rééducation	NOUN:2
rééduquer	VERB:2
réélection	NOUN:1
réélire	VERB:1
rééquilibrage	NOUN:1
rééquilibrer	VERB:1
réévaluation	NOUN:1
réévaluer	VERB:1
rêche	ADJ:1
rêvasser	VERB:1
rêve	NOUN:1
rêver	VERB:1
rêverie	NOUN:1
rêveur	NOUN:1	ADJ:1
rêvé	ADJ:1
rôder	VERB:2
rôdeur	NOUN:2	ADJ:1
rôle	NOUN:2
rôti	ADJ:1	NOUN:1
rôtie	NOUN:1
rôtir	VERB:1
rôtisserie	NOUN:2
sabatier	PROPN:1
sabbat	NOUN:3
sabbatique	ADJ:2
sabine	NOUN:1	PROPN:1
sabir	NOUN:1
sable	NOUN:2
sableux	ADJ:1
sablier	NOUN:1
sablière	NOUN:3
sablon	NOUN:1
sablonneux	ADJ:1
sablé	ADJ:1	NOUN:1
sabordage	NOUN:1
saborder	VERB:2
sabot	NOUN:2
sabotage	NOUN:1
saboter	VERB:1
saboteur	NOUN:1
sabre	NOUN:3
sabrer	VERB:3
sabri	PROPN:1
sabrina	PROPN:1
sac	NOUN:3
saccadé	ADJ:1
saccager	VERB:2
saccharose	NOUN:1
sacerdoce	NOUN:2
sacerdotal	ADJ:1
sacha	PROPN:1
sachet	NOUN:1
sacoche	NOUN:5
sacralisation	NOUN:1
sacralité	NOUN:1
sacrament	INTJ:1
sacramentaire	ADJ:1
sacramento	PROPN:1
sacre	NOUN:2
sacrebleu	INTJ:1
sacrement	NOUN:1
sacrer	VERB:5
sacrificateur	NOUN:1
sacrifice	NOUN:1
sacrificiel	ADJ:1
sacrifier	VERB:1
sacrifié	ADJ:2
sacrilège	ADJ:1	NOUN:1
sacristain	NOUN:1
sacristie	NOUN:1
sacré	ADJ:5
sacrément	ADV:1
sada	PROPN:1
sade	PROPN:1
sadique	ADJ:1	NOUN:1
sadisme	NOUN:1
sado	ADJ:1	NOUN:1
sadomasochisme	NOUN:1
sadomasochiste	NOUN:1
safar	NOUN:1
safari	NOUN:1
safran	NOUN:2
saga	NOUN:1
sagacité	NOUN:1
sage	ADJ:3	NOUN:2
sage-femme	NOUN:1
sagement	ADV:1
sagesse	NOUN:3	PROPN:1
sagittaire	PROPN:2	NOUN:3
saguenay	PROPN:1
sah	ADJ:1	INTJ:1
sahara	PROPN:1
saharien	ADJ:1
sahib	NOUN:1
sahraoui	NOUN:1	ADJ:1
sahélien	ADJ:1
saignant	ADJ:2
saignement	NOUN:1
saigner	VERB:3
saignée	NOUN:3
saillant	ADJ:2
saillie	NOUN:4
sain	ADJ:2
saindoux	NOUN:1
sainement	ADV:2
saint	NOUN:1	ADJ:1
saint-apollinaire	PROPN:1
saint-bernard	NOUN:1
saint-blaise	PROPN:1
saint-bruno-de-montarville	PROPN:1
saint-cyr	PROPN:4
saint-denis	PROPN:2
saint-félicien	PROPN:2
saint-gall	PROPN:1
saint-germain-des-prés	PROPN:2
saint-gilles	PROPN:1
saint-girons	PROPN:2
saint-jacques	PROPN:1
saint-jacques-de-compostelle	PROPN:1
saint-junien	PROPN:1
saint-louis	PROPN:1
saint-malo	PROPN:1
saint-marin	PROPN:2
saint-martin	PROPN:1
saint-pierre	PROPN:3	NOUN:2
saint-pierre-et-miquelon	PROPN:1
saint-pétersbourg	PROPN:1
saint-sauveur	PROPN:1
saint-saëns	PROPN:2
saint-siège	PROPN:1
saint-tropez	PROPN:1
saint-étienne	PROPN:2
sainte	NOUN:1	PROPN:1
sainte-barbe	NOUN:2
sainte-hélène	PROPN:1
sainteté	NOUN:1
saintonge	PROPN:2
sainté	PROPN:2
saisine	NOUN:2
saisir	VERB:7
saison	NOUN:3
saisonnier	ADJ:1
saitama	PROPN:2
saito	PROPN:1
saki	NOUN:1
sakura	PROPN:1
saké	NOUN:1
sala	VERB:1
salace	ADJ:1
salade	NOUN:4
saladier	NOUN:1
salafisme	NOUN:1
salafiste	ADJ:1
salage	NOUN:2
salaire	NOUN:1
salaison	NOUN:2
salamandre	NOUN:1
salamanque	PROPN:1
salami	NOUN:1
salamine	PROPN:3
salarial	ADJ:1
salariat	NOUN:1
salarié	ADJ:1	NOUN:1
salat	PROPN:1
salaud	NOUN:2	ADJ:1
sale	ADJ:3
salement	ADV:3
saler	VERB:1
salerne	PROPN:2
saleté	NOUN:1
salicylique	ADJ:1
salin	ADJ:2	NOUN:1
salinité	NOUN:1
salique	ADJ:1
salir	VERB:2
salissant	ADJ:2
salivaire	ADJ:1
salive	NOUN:1
saliver	VERB:2
salière	NOUN:1
salle	NOUN:5
salmonelle	NOUN:1
salomon	PROPN:1
salomé	PROPN:1
salon	NOUN:3
salonique	PROPN:1
salop	NOUN:2
salopard	NOUN:1
salope	NOUN:4	ADJ:3
saloperie	NOUN:3
salopette	NOUN:2
salpêtre	NOUN:1
salpêtrière	NOUN:1
salsa	NOUN:2
salsifis	NOUN:1
saltimbanque	NOUN:1
salto	NOUN:1
salubre	ADJ:1
salubrité	NOUN:1
saluer	VERB:5
salut	INTJ:2	NOUN:3
salutaire	ADJ:2
salutation	NOUN:2
salvador	PROPN:1
salvadorien	ADJ:1
salvateur	ADJ:1
salvatrice	NOUN:1
salve	NOUN:2
salzbourg	PROPN:2
salé	ADJ:4	NOUN:1	PROPN:1
samarcande	PROPN:1
samarie	PROPN:1
samaritain	ADJ:1	NOUN:2
samba	NOUN:1
same	ADJ:1	NOUN:1
samedi	NOUN:1
sami	NOUN:1
samoa	PROPN:2
samothrace	PROPN:1
samouraï	NOUN:1
samovar	NOUN:1
sample	NOUN:2
samson	PROPN:2
samuel	PROPN:2
san	NOUN:1	DET:1
sana	NOUN:1
sanatorium	NOUN:1
sanche	PROPN:1
sanctification	NOUN:1
sanctifier	VERB:1
sanction	NOUN:1
sanctionner	VERB:2
sanctuaire	NOUN:2
sanctus	PROPN:1
sandale	NOUN:1
sandoz	PROPN:1
sandra	PROPN:1
sandre	NOUN:1
sandrine	PROPN:1
sandwich	NOUN:1
sandwicherie	NOUN:1
sang	NOUN:1
sanglant	ADJ:3
sangle	NOUN:3
sanglier	NOUN:1
sanglot	NOUN:1
sanglotant	ADJ:1
sangloter	VERB:1
sango	NOUN:1
sangria	NOUN:1
sangsue	NOUN:1
sanguin	ADJ:3
sanguinaire	ADJ:1	NOUN:1
sanhédrin	NOUN:1
sanitaire	ADJ:1
sans	ADP:2
sans-abri	NOUN:1
sans-emploi	NOUN:1
sans-gêne	NOUN:2
sanscrit	NOUN:1
sanskrit	NOUN:1	ADJ:1
sanson	PROPN:1
santal	NOUN:2
santon	NOUN:1
santoni	PROPN:1
santé	NOUN:1	INTJ:1
saoud	PROPN:1
saoudien	ADJ:1
saoudite	ADJ:1
saoul	ADJ:2
saoulant	ADJ:1
saouler	VERB:1
sape	NOUN:4
saper	VERB:6
saperlipopette	INTJ:1
sapes	NOUN:1
sapeur	NOUN:2
sapeur-pompier	NOUN:1
saphir	ADJ:1	NOUN:1
sapin	NOUN:1
sapinière	NOUN:1
sapristi	INTJ:1
saquer	VERB:3
sara	PROPN:2
sarabande	NOUN:1
saragosse	PROPN:1
sarah	PROPN:1
sarajevo	PROPN:2
sarbacane	NOUN:1
sarcasme	NOUN:1
sarcastique	ADJ:1
sarcelle	NOUN:1
sarcelles	PROPN:1
sarcome	NOUN:1
sarcophage	NOUN:2
sardaigne	PROPN:1
sarde	NOUN:2
sardine	NOUN:2
sari	NOUN:1
sarin	NOUN:1
sarko	PROPN:1
sarkozy	PROPN:1
sarkozysme	NOUN:1
sarkozyste	ADJ:1	NOUN:1
sarl	NOUN:1
sarment	NOUN:2
sarouel	NOUN:1
sarrasin	ADJ:1	NOUN:1
sarraut	PROPN:1
sarraute	PROPN:1
sarrazin	NOUN:2
sarre	PROPN:2
sarrebourg	PROPN:2
sarthe	PROPN:2
sarthois	ADJ:1	NOUN:1
sartre	PROPN:2
sas	NOUN:3
saskatchewan	PROPN:2
saskatchewanais	NOUN:1	ADJ:1
sassanide	ADJ:1
satan	PROPN:1
satanique	ADJ:1
satanisme	NOUN:1
sataniste	NOUN:1	ADJ:1
satané	ADJ:2
satellitaire	ADJ:1
satellite	NOUN:1	ADJ:1
satin	NOUN:1
satiné	ADJ:1
satire	NOUN:1
satirique	ADJ:1
satisfaction	NOUN:3
satisfaire	VERB:3
satisfaisant	ADJ:2
satisfait	ADJ:1
sativa	NOUN:1
satiété	NOUN:1
sato	PROPN:1
satrape	NOUN:1
saturation	NOUN:1
saturer	VERB:2
saturne	PROPN:1
saturnin	ADJ:1
saturnisme	NOUN:1
satyre	NOUN:2
satyrique	ADJ:2
sauber	PROPN:1
sauce	NOUN:1
saucer	VERB:5
saucier	NOUN:1
saucisse	NOUN:1
saucisson	NOUN:1
sauf	ADJ:1	ADP:2
sauge	NOUN:3
saugrenu	ADJ:1
saule	NOUN:1
sault	NOUN:3
saumon	NOUN:2
saumur	PROPN:1
saumure	NOUN:1
saumâtre	ADJ:4
sauna	NOUN:1
saunier	NOUN:2
saupoudrer	VERB:3
saur	ADJ:1
saussure	PROPN:2
saut	NOUN:3
sauter	VERB:6
sauterelle	NOUN:3
sauteur	NOUN:3
sauteuse	NOUN:1
sautillant	ADJ:2
sautiller	VERB:2
sautoir	NOUN:4
sauvage	ADJ:4	NOUN:3	PROPN:1
sauvagement	ADV:1
sauvageon	NOUN:2	ADJ:1
sauvagerie	NOUN:2
sauvegarde	NOUN:8
sauvegarder	VERB:4
sauver	VERB:4
sauvetage	NOUN:4
sauveterre	PROPN:1
sauveteur	NOUN:2
sauveur	NOUN:1
sauvignon	NOUN:1
savamment	ADV:2
savane	NOUN:1
savant	ADJ:3	NOUN:1
savard	PROPN:1
savarin	NOUN:1
savate	NOUN:2
save	PROPN:2
saveur	NOUN:1
savignac	PROPN:1
savoie	PROPN:3
savoir	VERB:4	NOUN:1
savoir-faire	NOUN:1
savoir-être	NOUN:1
savon	NOUN:1
savone	PROPN:2
savonner	VERB:2
savonnerie	NOUN:1
savonnette	NOUN:1
savourer	VERB:2
savoureux	ADJ:1
savoyard	NOUN:2	ADJ:1
sax	PROPN:1
saxe	PROPN:2
saxo	NOUN:1
saxon	NOUN:1	ADJ:1
saxophone	NOUN:1
saxophoniste	NOUN:1
saynète	NOUN:1
saïd	PROPN:1
saïda	PROPN:3
saïgon	PROPN:1
saône	PROPN:1
saône-et-loire	PROPN:1
saül	PROPN:1
sbf	PROPN:1
sbire	NOUN:2
scabreux	ADJ:3
scalaire	ADJ:1
scalpel	NOUN:1
scandale	NOUN:1
scandaleusement	ADV:1
scandaleux	ADJ:1
scandaliser	VERB:1
scander	VERB:4
scandinave	ADJ:1
scandinavie	PROPN:2
scanner	VERB:1	NOUN:1
scaphandre	NOUN:2
scaphandrier	NOUN:1
scapulaire	NOUN:1
scarabée	NOUN:1
scaramouche	PROPN:1
scare	NOUN:1
scarification	NOUN:1
scarlatine	NOUN:1
scat	NOUN:1
sceau	NOUN:1
scellement	NOUN:2
sceller	VERB:6
scenario	NOUN:3
scepticisme	NOUN:1
sceptique	NOUN:1	ADJ:1
sceptre	NOUN:1
schaerbeek	PROPN:1
schaffhouse	PROPN:1
scheffer	PROPN:1
schelling	NOUN:1
scherzo	NOUN:1
schiappa	PROPN:1
schiff	PROPN:1
schilling	NOUN:1
schisme	NOUN:1
schiste	NOUN:1
schizo	NOUN:1
schizophrène	ADJ:1
schizophrénie	NOUN:1
schleswig-holstein	PROPN:1
schmidt	PROPN:1
schmilblick	NOUN:1
schmitt	PROPN:1
schnaps	NOUN:1
schneck	NOUN:2
schneider	PROPN:1
schnock	NOUN:4	ADJ:2
schtroumpf	NOUN:2	ADJ:1
schubert	PROPN:1
schuman	PROPN:1
schumann	PROPN:1
schwartz	PROPN:1
schwarz	PROPN:1
schwarzkopf	PROPN:1
schweitzer	PROPN:1
schème	NOUN:2
schéma	NOUN:2
schématique	ADJ:1
schématiquement	ADV:1
schématiser	VERB:2
sciage	NOUN:1
sciatique	ADJ:1	NOUN:1
scie	NOUN:2
sciemment	ADV:1
science	NOUN:2
science-fiction	NOUN:1
scientificité	NOUN:1
scientifique	ADJ:1	NOUN:1
scientifiquement	ADV:1
scientisme	NOUN:1
scientiste	ADJ:1
scientologie	NOUN:1
scier	VERB:2
scierie	NOUN:1
scinder	VERB:1
scintigraphie	NOUN:1
scintillant	ADJ:1
scintillement	NOUN:2
scintiller	VERB:1
scion	NOUN:2
scission	NOUN:1
sciure	NOUN:1
sclérose	NOUN:1
sclérosé	ADJ:1
scolaire	ADJ:3
scolairement	ADV:2
scolarisation	NOUN:1
scolariser	VERB:1
scolarité	NOUN:2
scolastique	ADJ:1
scoliose	NOUN:1
scoop	NOUN:1
scooter	NOUN:1
scopolamine	NOUN:1
scorbut	NOUN:1
score	NOUN:1
scorer	VERB:1
scorpion	NOUN:1	PROPN:2
scotch	NOUN:2
scotcher	VERB:2
scots	NOUN:1
scottish	NOUN:1
scoubidou	NOUN:1
scout	NOUN:1
scoute	NOUN:1
scoutisme	NOUN:1
scrabble	NOUN:1
scratch	NOUN:1
screen	NOUN:1
scribe	NOUN:1
script	NOUN:1
scripteur	NOUN:1
scriptorium	NOUN:1
scrotum	NOUN:1
scrum	NOUN:1
scrupule	NOUN:1
scrupuleusement	ADV:1
scrupuleux	ADJ:2
scrutateur	NOUN:2	ADJ:1
scruter	VERB:1
scrutin	NOUN:3
scud	PROPN:2
sculpter	VERB:1
sculpteur	NOUN:1
sculptural	ADJ:1
sculpture	NOUN:1
scylla	PROPN:1
scythe	ADJ:1
scène	NOUN:7
scélérat	ADJ:1	NOUN:1
scénario	NOUN:3
scénarisation	NOUN:1
scénariste	NOUN:1
scénaristique	ADJ:1
scénique	ADJ:1
scénographe	NOUN:1
scénographie	NOUN:1
sdf	NOUN:1
se	PRON:2
sea	PROPN:1
seattle	PROPN:1
seau	NOUN:1
seb	PROPN:1
sec	ADJ:5	NOUN:1	ADV:1
second	ADJ:1	NOUN:1
secondaire	ADJ:1
secondairement	ADV:1
seconder	VERB:2
secouant	VERB:6
secouer	VERB:6
secourir	VERB:1
secourisme	NOUN:1
secouriste	NOUN:1
secours	NOUN:1
secousse	NOUN:3
secret	ADJ:1	NOUN:1
secrètement	ADV:1
secrétaire	NOUN:2
secrétairerie	NOUN:1
secrétariat	NOUN:2
sectaire	ADJ:1	NOUN:1
sectarisme	NOUN:2
secte	NOUN:1
secteur	NOUN:3
section	NOUN:1
sectionner	VERB:2
sectoriel	ADJ:1
secundo	ADV:1
segment	NOUN:2
segmentation	NOUN:1
segmenter	VERB:1
segmenté	ADJ:1
seguin	PROPN:1
seiche	NOUN:2
seigle	NOUN:1
seigneur	NOUN:3	PROPN:1
seigneurial	ADJ:1
seigneurie	NOUN:2
seille	NOUN:1
sein	NOUN:4
seine	NOUN:1	PROPN:1
seine-et-marne	PROPN:1
seine-maritime	PROPN:1
seine-saint-denis	PROPN:1
seiner	VERB:1
seing	NOUN:1
seize	NUM:1
seizième	ADJ:1
sel	NOUN:4
self	NOUN:1
selfie	NOUN:1
selle	NOUN:3
seller	VERB:1
sellerie	NOUN:1
sellette	NOUN:5
sellier	NOUN:1
selon	ADP:1
sels	NOUN:1
selve	NOUN:1
semailles	NOUN:1
semaine	NOUN:2
semblable	ADJ:1	NOUN:1
semblant	NOUN:1
sembler	VERB:2
semelle	NOUN:6
semence	NOUN:3
semer	VERB:3
semestre	NOUN:2
semestriel	ADJ:1
semeur	NOUN:1
semi-aride	ADJ:1
semi-circulaire	ADJ:1
semi-marathon	NOUN:1
semis	NOUN:1
semoir	NOUN:2
semonce	NOUN:1
semoule	NOUN:1
sempiternel	ADJ:1
senestre	ADJ:2
senior	NOUN:2
senne	PROPN:3
senneterre	PROPN:2
sens	NOUN:4	PROPN:1
sensation	NOUN:1
sensationnalisme	NOUN:1
sensationnel	ADJ:1
sensei	NOUN:1
sensibilisant	ADJ:1
sensibilisation	NOUN:1
sensibiliser	VERB:2
sensibilité	NOUN:1
sensible	ADJ:1	NOUN:1
sensiblement	ADV:3
sensiblerie	NOUN:1
sensitif	ADJ:1
sensitive	NOUN:1
sensoriel	ADJ:1
sensualité	NOUN:1
sensuel	ADJ:1
sensuellement	ADV:1
sensé	ADJ:1
sente	NOUN:1
sentence	NOUN:3
senteur	NOUN:1
sentier	NOUN:1
sentiment	NOUN:2
sentimental	ADJ:1
sentimentalement	ADV:1
sentimentalisme	NOUN:1
sentimentalité	NOUN:1
sentinelle	NOUN:1
sentir	VERB:8
sep	NOUN:1
sept	NUM:1
septante	NUM:1	PROPN:2
septembre	NOUN:1
septennat	NOUN:1
septentrion	NOUN:1
septentrional	ADJ:1
septicémie	NOUN:1
septimanie	PROPN:1
septime	NOUN:1
septique	ADJ:2
septième	ADJ:1
septuagénaire	ADJ:1
septum	NOUN:1
septuple	ADJ:1
serbe	NOUN:2	ADJ:1
serbie	PROPN:1
serbie-et-monténégro	PROPN:1
serein	ADJ:2	NOUN:1	PROPN:1
sereinement	ADV:1
serf	NOUN:1	ADJ:1
serge	NOUN:1	PROPN:1
sergent	NOUN:1
sergent-major	NOUN:2
sergueï	PROPN:1
serin	NOUN:1
seringue	NOUN:1
serment	NOUN:1
sermon	NOUN:2
sermonner	VERB:1
serpe	NOUN:1
serpent	NOUN:1	PROPN:1
serpentant	ADJ:1
serpentin	ADJ:1
serpillière	NOUN:2
serrage	NOUN:1
serrant	ADJ:1
serre	NOUN:6
serrer	VERB:6
serris	PROPN:1
serrure	NOUN:1
serrurerie	NOUN:3
serrurier	NOUN:1
serré	ADJ:4
servage	NOUN:2
serval	NOUN:1
servan	NOUN:1	PROPN:1
serveur	NOUN:2
serveuse	NOUN:2
serviable	ADJ:1
service	NOUN:3	INTJ:1
serviette	NOUN:4
servile	ADJ:1
servilité	NOUN:1
servir	VERB:7
serviteur	NOUN:1
servitude	NOUN:2
session	NOUN:2
set	NOUN:1
setlist	NOUN:1
setter	NOUN:1
seuil	NOUN:5
seul	ADJ:4
seulement	ADV:1
seum	NOUN:1
sevrage	NOUN:2
sevran	PROPN:1
sevrer	VERB:1
sevré	ADJ:1
sexagénaire	NOUN:1
sexe	NOUN:5	ADJ:3
sexfriend	NOUN:1
sexisme	NOUN:1
sexiste	ADJ:1
sexologie	NOUN:1
sexologue	NOUN:1
sextant	NOUN:1
sextape	NOUN:1
sexto	NOUN:1	ADV:1
sextoy	NOUN:1
sextuple	ADJ:2
sexualisation	NOUN:1
sexualiser	VERB:1
sexualité	NOUN:1
sexuel	ADJ:1
sexuellement	ADV:1
sexué	ADJ:2
sexy	ADJ:1
seychelles	PROPN:1
seydou	PROPN:2
sfax	PROPN:1
sfr	PROPN:1
sgbd	NOUN:1
sha	PROPN:2
shabbat	NOUN:1
shah	NOUN:1
shaker	NOUN:2
shakespearien	ADJ:1
shampoing	NOUN:1
shampooing	NOUN:1
shangaï	PROPN:1
shanghaï	PROPN:1
shawinigan	PROPN:2
shebab	ADJ:1
sheng	NOUN:1
shenyang	PROPN:1
sherbrooke	PROPN:1
sherry	NOUN:1
shetland	NOUN:1
shift	NOUN:1
shilling	NOUN:1
shimizu	PROPN:1
ship	NOUN:1
shit	NOUN:1
shoah	PROPN:1
shogun	NOUN:1
shoot	NOUN:4
shooter	VERB:2
shooting	NOUN:1
shop	NOUN:1
shopper	VERB:1
shopping	NOUN:1
short	NOUN:1
shorty	NOUN:1
shot	NOUN:1
show	NOUN:1
showman	NOUN:1
showroom	NOUN:1
shrapnel	NOUN:1
shunt	NOUN:1
shéhérazade	PROPN:1
shérif	NOUN:1
si	SCONJ:4	INTJ:1	ADV:2	NOUN:1
siam	PROPN:1
siamois	ADJ:2	NOUN:2
sibylle	NOUN:1
sibérie	PROPN:1
sibérien	ADJ:1	NOUN:1
sic	ADV:1
sicav	NOUN:2
sichuan	PROPN:1
sicile	PROPN:1
sicilien	ADJ:1	NOUN:2
sicilienne	NOUN:1
sida	NOUN:1
sidon	PROPN:1
sidonie	PROPN:1
sidéral	ADJ:1
sidérant	ADJ:1
sidération	NOUN:2
sidérurgie	NOUN:1
sidérurgique	ADJ:1
sidéré	ADJ:1
siecle	NOUN:1
siemens	NOUN:1
sien	ADJ:1
sienne	PROPN:2
siennois	ADJ:1	NOUN:1
sierra	NOUN:1
sieste	NOUN:1
sieur	NOUN:1
sieyès	PROPN:1
sifflant	ADJ:3
sifflante	NOUN:1
sifflement	NOUN:4
siffler	VERB:5
sifflet	NOUN:2
siffleur	ADJ:1	NOUN:2
sig	NOUN:1
sigle	NOUN:2
sigles	NOUN:1
sigma	NOUN:1
signal	NOUN:1
signalement	NOUN:2
signaler	VERB:2
signalisation	NOUN:1
signalisations	NOUN:1
signalétique	ADJ:1	NOUN:1
signataire	NOUN:1
signature	NOUN:2
signer	VERB:3
signet	NOUN:2
significatif	ADJ:2
signification	NOUN:3
significativement	ADV:1
signifier	VERB:1
signoret	PROPN:1
sikh	ADJ:1
sil	NOUN:1
silence	NOUN:1
silencieusement	ADV:1
silencieux	ADJ:3	NOUN:3
silex	NOUN:1
silhouette	NOUN:1
silicate	NOUN:1
silice	NOUN:1
siliceux	ADJ:1
silicium	NOUN:1
silicone	NOUN:1
sillage	NOUN:3
sillon	NOUN:3
sillonner	VERB:2
silo	NOUN:2
silure	NOUN:1
silurien	ADJ:1
silène	NOUN:3	PROPN:1
silésie	PROPN:1
sima	NOUN:1
simard	PROPN:1
simeon	PROPN:1
similaire	ADJ:1
similarité	NOUN:1
simili	NOUN:1
similitude	NOUN:1
simon	PROPN:3
simone	PROPN:1
simoneau	PROPN:1
simonet	PROPN:1
simonne	PROPN:1
simple	ADJ:7
simplement	ADV:1
simplet	ADJ:2	NOUN:1
simplex	NOUN:1
simplicité	NOUN:1
simplification	NOUN:1
simplifier	VERB:1
simplisme	NOUN:1
simplissime	ADJ:1
simpliste	ADJ:1
simulacre	NOUN:3
simulateur	NOUN:2
simulation	NOUN:1
simuler	VERB:3
simultané	ADJ:1
simultanéité	NOUN:1
simultanément	ADV:1
siméon	PROPN:1
sinaï	PROPN:1
sincère	ADJ:1
sincèrement	ADV:2
sincérité	NOUN:1
singapore	PROPN:1
singapour	PROPN:1
singapourien	ADJ:1
singe	NOUN:6
singer	VERB:2
single	NOUN:2
singleton	NOUN:3
singularité	NOUN:4
singulier	ADJ:2
singulièrement	ADV:6
sinistre	ADJ:2	NOUN:2
sinistré	ADJ:1	NOUN:1
sinon	SCONJ:3	ADV:1
sinople	NOUN:2
sinueux	ADJ:2
sinus	NOUN:2
sinusite	NOUN:1
sinécure	NOUN:1
sion	PROPN:1
sionisme	NOUN:1
sioniste	ADJ:1
sioule	PROPN:1
sioux	NOUN:2	ADJ:1
siphon	NOUN:1
siphonner	VERB:1
siphonné	ADJ:1
sire	NOUN:2
sirius	PROPN:1
sirocco	NOUN:1
sirois	PROPN:1
sirop	NOUN:1
siroter	VERB:1
sirupeux	ADJ:1
sirène	NOUN:3
sis	ADJ:1
sisal	NOUN:1
sismicité	NOUN:1
sismique	ADJ:1
sisteron	PROPN:1
sisyphe	PROPN:1
sit-in	NOUN:1
sitar	NOUN:1
sitcom	NOUN:1
site	NOUN:2
situation	NOUN:1
situer	VERB:3
sitôt	ADV:2
six	NUM:1
sixième	ADJ:1
sixte	NOUN:3
siècle	NOUN:1
siège	NOUN:3
siége	NOUN:3
siéger	VERB:3
sk	PROPN:2
skate	NOUN:2
skateboard	NOUN:2
skatepark	NOUN:1
skater	VERB:1
skateur	NOUN:1
skating	NOUN:1
skeleton	NOUN:1
sketch	NOUN:1
ski	NOUN:2
skiable	ADJ:1
skier	VERB:1
skieur	NOUN:1
skiff	NOUN:1
skip	NOUN:1
skipper	NOUN:1	VERB:1
skopje	PROPN:1
sky	NOUN:1
slalom	NOUN:1
slam	NOUN:1
slang	NOUN:1
slave	ADJ:1	NOUN:2
sleeping	NOUN:1
slip	NOUN:1
slogan	NOUN:1
sloop	NOUN:1
slovaque	NOUN:2	ADJ:1
slovaquie	PROPN:1
slovène	NOUN:2	ADJ:1
slovénie	PROPN:1
slow	NOUN:1
slr	NOUN:1
slt	INTJ:2
smala	NOUN:2
smartphone	NOUN:1
smash	NOUN:1
smet	PROPN:1
smic	NOUN:1
smicard	NOUN:1
smiley	NOUN:1
smirnoff	PROPN:1
smith	PROPN:1
smog	NOUN:1
smoking	NOUN:1
sms	NOUN:1
smyrne	NOUN:1
sn	NOUN:1
sna	NOUN:1
snack	NOUN:1
sniff	NOUN:1
sniffer	VERB:1
sniper	NOUN:1
snle	NOUN:1
snob	ADJ:1	NOUN:1
snober	VERB:2
snobisme	NOUN:1
snowboard	NOUN:2
so	NOUN:1
soap	NOUN:1
sobre	ADJ:3
sobrement	ADV:1
sobriquet	NOUN:1
sobriété	NOUN:2
soc	NOUN:2
soccer	NOUN:1
sociabilité	NOUN:1
sociable	ADJ:1
social	ADJ:3	NOUN:1
social-démocrate	ADJ:1	NOUN:1
socialement	ADV:1
socialisation	NOUN:1
socialiser	VERB:3
socialisme	NOUN:2
socialiste	ADJ:1
socialo	ADJ:1
socio	NOUN:1
socio-économique	ADJ:1
socioculturel	ADJ:1
sociolinguistique	ADJ:1	NOUN:1
sociologie	NOUN:1
sociologique	ADJ:1
sociologiquement	ADV:1
sociologue	NOUN:1
sociopathe	NOUN:1
sociopolitique	ADJ:1
socioéconomique	ADJ:1
sociétaire	ADJ:2	NOUN:1
sociétal	ADJ:1
société	NOUN:4
socle	NOUN:3
socrate	PROPN:1
socratique	ADJ:1
soda	NOUN:1
sodique	ADJ:2
sodium	NOUN:1
sodo	NOUN:1
sodome	PROPN:1
sodomie	NOUN:1
sodomiser	VERB:1
sodomite	NOUN:1
sofa	NOUN:1
sofia	PROPN:1
sofiane	PROPN:1
soft	NOUN:3	ADJ:1
softball	NOUN:2
software	NOUN:1
soi	PRON:3	NOUN:1
soi-disant	ADJ:2	ADV:1
soi-même	PRON:1
soie	NOUN:3
soierie	NOUN:1
soif	NOUN:2
soignant	NOUN:1
soigner	VERB:2
soigneur	NOUN:2
soigneusement	ADV:1
soigneux	ADJ:1
soignies	PROPN:1
soigné	ADJ:3
soin	NOUN:1
soir	NOUN:1	VERB:1
soirée	NOUN:2
soixantaine	NOUN:2
soixante	NUM:1
soixante-dix	NUM:1
soixante-dix-neuf	NUM:1
soixante-huit	NUM:1
soixante-neuf	NUM:1	NOUN:1
soixante-quatre	NUM:1
soixante-quinze	NUM:1
soixante-trois	NUM:1
soixantième	ADJ:1
soja	NOUN:2
sol	NOUN:6
solaire	ADJ:2
solange	PROPN:1
solarium	NOUN:2
soldat	NOUN:1
solde	NOUN:4
solder	VERB:4
sole	NOUN:4
soleil	NOUN:2	PROPN:1
solenn	PROPN:1
solennel	ADJ:1
solennellement	ADV:1
solennité	NOUN:2
soleure	PROPN:1
solfège	NOUN:3
solidaire	ADJ:2
solidairement	ADV:1
solidarité	NOUN:1
solide	ADJ:3	NOUN:1
solidement	ADV:1
solidification	NOUN:1
solidifier	VERB:1
solidité	NOUN:1
soliloque	NOUN:1
soliste	NOUN:1
solitaire	ADJ:1	NOUN:1
solitude	NOUN:2
soljenitsyne	PROPN:2
sollicitation	NOUN:1
solliciter	VERB:2
solliciteur	NOUN:1
sollicitude	NOUN:1
solo	NOUN:1
sologne	PROPN:1
solstice	NOUN:1
solubilité	NOUN:1
soluble	ADJ:2
soluce	NOUN:1
solution	NOUN:1
solutionner	VERB:1
soluté	NOUN:1
solvabilité	NOUN:1
solvable	ADJ:1
solvant	NOUN:1
solène	PROPN:1
solénoïde	NOUN:1
soma	NOUN:1
somali	ADJ:1	NOUN:1
somalie	PROPN:1
somalien	ADJ:1	NOUN:2
somatique	ADJ:1
sombre	ADJ:2
sombrer	VERB:3
sombrero	NOUN:1
sommaire	NOUN:2	ADJ:2
sommairement	ADV:1
sommation	NOUN:3
somme	NOUN:3	PROPN:2
sommeil	NOUN:2
sommelier	NOUN:3
sommer	VERB:2
sommet	NOUN:4
sommier	ADJ:1	NOUN:6
sommité	NOUN:1
somnambule	ADJ:1	NOUN:1
somnambulisme	NOUN:1
somnifère	ADJ:1	NOUN:1
somnolence	NOUN:1
somnolent	ADJ:1
somnoler	VERB:1
somptueusement	ADV:1
somptueux	ADJ:1
son	DET:1	NOUN:3
sonar	NOUN:1
sonate	NOUN:1
sondage	NOUN:4
sonde	NOUN:4
sonder	VERB:7
sondeur	NOUN:2
songer	VERB:5
songeur	NOUN:1	ADJ:1
sonia	PROPN:1
soninké	NOUN:1
sonique	ADJ:1
sonner	VERB:2
sonnerie	NOUN:4
sonnet	NOUN:1
sonnette	NOUN:3
sonneur	NOUN:2
sonné	ADJ:4
sono	NOUN:1
sonore	ADJ:4	NOUN:1
sonorisation	NOUN:2
sonorité	NOUN:1
sopalin	NOUN:1
sophie	PROPN:2
sophisme	NOUN:1
sophiste	NOUN:1
sophistication	NOUN:1
sophistique	ADJ:1	NOUN:1
sophistiqué	ADJ:1
sophocle	PROPN:1
sophrologie	NOUN:1
soporifique	ADJ:1	NOUN:1
soprano	NOUN:1
sor	PROPN:1
sora	NOUN:1
soraya	PROPN:1
sorbet	NOUN:1
sorbier	NOUN:1
sorbonne	PROPN:1
sorcellerie	NOUN:1
sorcier	NOUN:1
sorcière	NOUN:1
sordide	ADJ:3
sorgho	NOUN:1
sorgue	PROPN:2
sororité	NOUN:1
sortant	ADJ:1
sorte	NOUN:2
sortie	NOUN:7
sortilège	NOUN:1
sortir	VERB:4	NOUN:1
sos	PROPN:3
sosie	NOUN:1
sospel	PROPN:1
sot	ADJ:1	NOUN:1
sotchi	PROPN:1
sottise	NOUN:2
sou	NOUN:3
souabe	ADJ:1	NOUN:1	PROPN:2
soubassement	NOUN:1
soubeyran	PROPN:1
soubresaut	NOUN:2
soubrette	NOUN:2
souche	NOUN:5
souchet	NOUN:1
souci	NOUN:3
soucier	VERB:2
soucieux	ADJ:2
soucoupe	NOUN:1
soucy	PROPN:2
soudage	NOUN:2
soudain	ADJ:1	ADV:1
soudainement	ADV:1
soudan	PROPN:1
soudanais	ADJ:1
soude	NOUN:5
souder	VERB:1
soudeur	NOUN:1
soudoyer	VERB:1
soudure	NOUN:1
soudé	ADJ:2
soufflage	NOUN:2
soufflant	VERB:4
souffle	NOUN:6
souffler	VERB:4
soufflerie	NOUN:4
soufflet	NOUN:4
souffleur	NOUN:4
souffleuse	NOUN:1
soufflé	NOUN:1
souffrance	NOUN:1
souffrir	VERB:2
soufi	NOUN:1
soufisme	NOUN:1
soufre	NOUN:1
souhait	NOUN:1
souhaitable	ADJ:1
souhaiter	VERB:3
souiller	VERB:3
souillure	NOUN:1
souillé	ADJ:1
souk	NOUN:2
soul	ADJ:1	NOUN:1
soulagement	NOUN:1
soulager	VERB:3
soulas	NOUN:1
souler	VERB:7
soulevant	ADJ:1
soulever	VERB:3
soulier	NOUN:1
souligner	VERB:2
soulèvement	NOUN:2
soum	PROPN:1
soumettre	VERB:1
soumission	NOUN:3
soumissionner	VERB:1
soupape	NOUN:2
soupe	NOUN:1
souper	NOUN:2	VERB:1
soupir	NOUN:2
soupirant	NOUN:1
soupirer	VERB:2
soupière	NOUN:1
souple	ADJ:3
souplesse	NOUN:1
soupçon	NOUN:2
soupçonner	VERB:1
soupçonneux	ADJ:1
sour	ADJ:3
sourate	NOUN:1
source	NOUN:2
sourcier	NOUN:1
sourcil	NOUN:1
sourciller	VERB:1
sourcilleux	ADJ:2
sourd	ADJ:3	NOUN:1
sourd-muet	ADJ:1
sourdine	NOUN:2
souriant	ADJ:1
souricière	NOUN:2
sourire	VERB:1	NOUN:1
souris	NOUN:5
sournois	ADJ:1
sournoisement	ADV:1
sous	ADP:1	NOUN:1
sous-alimentation	NOUN:1
sous-classe	NOUN:1
sous-continent	NOUN:1
sous-cutané	ADJ:1
sous-entendre	VERB:1
sous-espace	NOUN:1
sous-espèce	NOUN:1
sous-estimer	VERB:2
sous-famille	NOUN:1
sous-groupe	NOUN:1
sous-jacent	ADJ:1
sous-marin	NOUN:2	ADJ:1
sous-officier	NOUN:1
sous-préfecture	NOUN:1
sous-sol	NOUN:2
sous-système	NOUN:1
sous-titre	NOUN:4
sous-traitance	NOUN:1
souscripteur	NOUN:2
souscription	NOUN:1
souscrire	VERB:1
soussigné	ADJ:1
soustraction	NOUN:1
soustraire	VERB:4
soustrait	ADJ:1
soutane	NOUN:2
soute	NOUN:1
soutenabilité	NOUN:1
soutenable	ADJ:2
soutenance	NOUN:1
souteneur	NOUN:1
soutenir	VERB:4
souterrain	ADJ:1	NOUN:1
soutien	NOUN:2
soutif	NOUN:1
soutirer	VERB:1
soutènement	NOUN:1
souvenir	VERB:1	NOUN:2
souvent	ADV:1
souverain	ADJ:1
souverainement	ADV:2
souveraineté	NOUN:1
souverainisme	NOUN:1
souverainiste	NOUN:1
soviet	NOUN:1
soviétique	NOUN:1	ADJ:1
soyeux	ADJ:1
soûl	ADJ:2
soûler	VERB:1
spa	PROPN:1
spacieux	ADJ:1
spaghetti	NOUN:2
spaghettis	NOUN:1
spam	NOUN:2
spammer	NOUN:1	VERB:1
sparadrap	NOUN:2
spare	NOUN:2
sparte	PROPN:1	NOUN:1
spartiate	ADJ:1
spasme	NOUN:1
spatial	ADJ:2	NOUN:1
spatule	NOUN:3
speaker	NOUN:2
speakerine	NOUN:1
spectacle	NOUN:2
spectaculaire	ADJ:1
spectaculairement	ADV:1
spectateur	NOUN:1
spectatrice	NOUN:1
spectral	ADJ:1
spectre	NOUN:2
spectrographe	NOUN:1
spectromètre	NOUN:1
spectrométrie	NOUN:1
spectroscopie	NOUN:1
speech	NOUN:1
speed	NOUN:1	ADJ:1
spencer	NOUN:1
spermatozoïde	NOUN:1
sperme	NOUN:1
sphincter	NOUN:1
sphinx	NOUN:1
sphère	NOUN:2
sphérique	ADJ:1
spi	NOUN:1
spider	NOUN:1
spin	NOUN:1
spinal	ADJ:1
spiral	ADJ:1
spirale	NOUN:1
spire	NOUN:2
spirite	NOUN:1
spiritisme	NOUN:1
spiritualisme	NOUN:1
spiritualiste	NOUN:1
spiritualité	NOUN:1
spirituel	ADJ:2
spirituellement	ADV:1
spiritueux	ADJ:1
spiruline	NOUN:1
spitzberg	PROPN:1
spleen	NOUN:1
splendeur	NOUN:1
splendide	ADJ:1
spm	NOUN:1
spoiler	NOUN:1	VERB:1
spoliation	NOUN:1
spolier	VERB:1
spongieux	ADJ:3
sponso	NOUN:2
sponsor	NOUN:2
sponsoring	NOUN:1
sponsoriser	VERB:1
spontané	ADJ:2
spontanéité	NOUN:1
spontanément	ADV:1
sporadique	ADJ:1
sporadiquement	ADV:1
spore	NOUN:1
sport	NOUN:1
sportif	ADJ:2	NOUN:1
sportivement	ADV:1
sportivité	NOUN:2
spot	NOUN:5
spoutnik	NOUN:1
spray	NOUN:1
sprint	NOUN:1
sprinter	NOUN:1	VERB:1
sprinteur	NOUN:1
spécial	ADJ:1
spécialement	ADV:1
spécialisation	NOUN:1
spécialiser	VERB:2
spécialiste	NOUN:1
spécialité	NOUN:1
spécieux	ADJ:1
spécification	NOUN:1
spécificité	NOUN:1
spécifier	VERB:1
spécifique	ADJ:2	NOUN:1
spécifiquement	ADV:1
spécimen	NOUN:1
spéculateur	ADJ:1	NOUN:1
spéculatif	ADJ:1
spéculation	NOUN:1
spéculer	VERB:2
spéculum	NOUN:1
spéléo	NOUN:3
spéléologie	NOUN:1
spéléologue	NOUN:2
sq	PROPN:1
squale	NOUN:1
square	NOUN:2
squash	NOUN:3
squat	NOUN:4
squatter	VERB:3
squatteur	NOUN:1
squaw	NOUN:1
squelette	NOUN:2
squelettique	ADJ:3
squire	NOUN:1
sr	NOUN:1
sras	NOUN:1
ssi	SCONJ:1
st	NOUN:1
stabilisateur	ADJ:1	NOUN:1
stabilisation	NOUN:1
stabiliser	VERB:1
stabilisé	ADJ:1
stabilité	NOUN:1
stable	ADJ:1
stace	PROPN:1
stade	NOUN:5
staff	NOUN:3
stage	NOUN:2
stagiaire	ADJ:4	NOUN:4
stagnant	ADJ:1
stagnation	NOUN:1
stagner	VERB:1
stains	PROPN:1
stal	NOUN:3	ADJ:3
stalag	NOUN:1
staline	PROPN:1	NOUN:1
stalinien	ADJ:1
stalinisme	NOUN:1
stalle	NOUN:2
stand	NOUN:2
standard	NOUN:2
standardisation	NOUN:1
standardiser	VERB:1
standardiste	NOUN:1
standing	NOUN:2
stanislas	PROPN:1
staphylocoque	NOUN:1
star	NOUN:1
starlette	NOUN:1
starter	NOUN:1
stase	NOUN:1
stathouder	NOUN:1
station	NOUN:1
stationnaire	ADJ:1
stationnement	NOUN:3
stationner	VERB:2
statique	ADJ:1
statisticien	NOUN:1
statistique	NOUN:2	ADJ:1
statistiquement	ADV:1
stator	NOUN:1
statuaire	ADJ:1	NOUN:2
statue	NOUN:1
statuer	VERB:1
statuette	NOUN:1
stature	NOUN:1
statut	NOUN:2
statutaire	ADJ:1
statutairement	ADV:1
staël	PROPN:1
ste	NOUN:1
steack	NOUN:1
steak	NOUN:1
steamer	NOUN:1
steeple	NOUN:1
stein	PROPN:1
stellaire	ADJ:1	NOUN:1
stephan	PROPN:1
steppe	NOUN:1
stern	PROPN:1
sterne	NOUN:1
sternum	NOUN:1
steward	NOUN:1
stigma	NOUN:1
stigmate	NOUN:3
stigmatisation	NOUN:2
stigmatiser	VERB:2
stilton	NOUN:1
stimulant	NOUN:1	ADJ:1
stimulateur	NOUN:1
stimulation	NOUN:1
stimuler	VERB:2
stimulus	NOUN:1
stipe	NOUN:1
stipulation	NOUN:1
stipuler	VERB:1
stochastique	ADJ:1
stock	NOUN:3
stockage	NOUN:2
stocker	VERB:2
stockholm	PROPN:1
stoker	NOUN:1
stomatologie	NOUN:1
stone	ADJ:1
stoneham	PROPN:1
stop	INTJ:1	NOUN:3
stopper	VERB:3
stoppeur	NOUN:1
store	NOUN:1
storytelling	NOUN:1
stout	NOUN:1
stoïcien	ADJ:1	NOUN:1
stoïcisme	NOUN:1
stoïque	NOUN:1	ADJ:1
strabisme	NOUN:1
strabon	PROPN:1
strangulation	NOUN:1
strapontin	NOUN:1
stras	NOUN:1
strasbourg	PROPN:1
strasbourgeois	NOUN:1	ADJ:1
strass	NOUN:1
stratagème	NOUN:1
strate	NOUN:1
stratification	NOUN:1
stratigraphie	NOUN:1
stratigraphique	ADJ:1
stratosphère	NOUN:1
stratosphérique	ADJ:1
stratège	NOUN:2
stratégie	NOUN:1
stratégique	ADJ:1
stratégiquement	ADV:1
strauss	PROPN:1
stream	NOUN:1
streamer	NOUN:3	VERB:1
streaming	NOUN:1
streptocoque	NOUN:1
stress	NOUN:1
stressant	ADJ:1
stresser	VERB:2
stressé	ADJ:1
stretch	NOUN:1
strict	ADJ:1
strictement	ADV:2
strident	ADJ:1
strike	NOUN:1
striker	VERB:1
string	NOUN:1
strip	NOUN:1
striptease	NOUN:1
strié	ADJ:2
stroll	PROPN:1
strontium	NOUN:1
strophe	NOUN:1
structural	ADJ:1
structuralisme	NOUN:1
structuraliste	ADJ:1
structurant	ADJ:1
structuration	NOUN:1
structure	NOUN:1
structurel	ADJ:1
structurellement	ADV:1
structurer	VERB:1
strychnine	NOUN:1
stuc	NOUN:1
stud	NOUN:2
studieux	ADJ:1
studio	NOUN:2
stup	NOUN:1
stupeur	NOUN:1
stupide	ADJ:1
stupidement	ADV:1
stupidité	NOUN:1
stupéfaction	NOUN:1
stupéfait	ADJ:1
stupéfiant	ADJ:1	NOUN:1
style	NOUN:8
stylet	NOUN:3
stylisation	NOUN:1
stylisme	NOUN:2
styliste	NOUN:2
stylistique	NOUN:1	ADJ:1
stylo	NOUN:1
stylé	ADJ:1
styrie	PROPN:1
styrène	NOUN:1
styx	PROPN:1
stèle	NOUN:2
stéatite	NOUN:1
sténographe	NOUN:1
sténographie	NOUN:1
sténose	NOUN:1
stéphan	PROPN:1
stéphane	PROPN:2
stéphanie	PROPN:1
stéphanois	ADJ:1
stérile	ADJ:3
stérilet	NOUN:1
stérilisation	NOUN:1
stériliser	VERB:1
stérilité	NOUN:2
stéroïde	NOUN:1	ADJ:1
stéréo	ADJ:1
stéréoscopique	ADJ:1
stéréotype	NOUN:2
stéthoscope	NOUN:1
suaire	NOUN:1
suant	ADJ:1
suave	ADJ:1
suavité	NOUN:1
subalterne	ADJ:1
subaquatique	ADJ:1
subconscient	ADJ:1
subdivision	NOUN:1
subduction	NOUN:1
subir	VERB:4
subitement	ADV:1
subito	ADV:1
subjectif	ADJ:1
subjectivement	ADV:1
subjectivité	NOUN:1
subjonctif	NOUN:1
subjuguer	VERB:2
sublet	NOUN:1
sublimation	NOUN:1
sublime	ADJ:1
sublimer	VERB:2
subliminal	ADJ:1
submerger	VERB:2
submersible	ADJ:1	NOUN:1
submersion	NOUN:1
subordination	NOUN:2
subordonner	VERB:1
subordonné	ADJ:1	NOUN:1
subornation	NOUN:1
subrepticement	ADV:1
subrogation	NOUN:1
subside	NOUN:2
subsidiaire	ADJ:2
subsidiarité	NOUN:1
subsistance	NOUN:1
subsistant	ADJ:1
subsister	VERB:2
substance	NOUN:1
substantiel	ADJ:1
substantiellement	ADV:1
substantif	ADJ:1
substituant	NOUN:1
substituer	VERB:1
substitut	NOUN:1
substitution	NOUN:1
substitué	ADJ:1
substrat	NOUN:4
subséquemment	ADV:1
subséquent	ADJ:1
subterfuge	NOUN:1
subtil	ADJ:1
subtilement	ADV:1
subtiliser	VERB:1
subtilité	NOUN:1
subutex	NOUN:1
subvenir	VERB:1
subvention	NOUN:2
subventionner	VERB:1
subversif	ADJ:1
subversion	NOUN:1
subvertir	VERB:1
suc	NOUN:2
successeur	NOUN:1
successif	ADJ:1
succession	NOUN:3
successivement	ADV:1
successoral	ADJ:1
succinct	ADJ:2
succinctement	ADV:1
succinique	ADJ:1
succion	NOUN:1
succomber	VERB:1
succube	NOUN:1
succulent	ADJ:1
succursale	NOUN:2
succès	NOUN:2
succéder	VERB:2
sucer	VERB:2
sucette	NOUN:3
suceur	ADJ:1	NOUN:5
sucre	NOUN:1
sucrer	VERB:2
sucrerie	NOUN:2
sucrier	ADJ:2	NOUN:2
sucré	ADJ:2	NOUN:1
sucy	PROPN:2
sud	NOUN:1	PROPN:2
sud-africain	ADJ:1	NOUN:1
sud-américain	ADJ:1
sud-coréen	ADJ:1	NOUN:1
sud-est	NOUN:1	PROPN:1
sud-occidental	ADJ:1
sud-ouest	NOUN:1
sud-sud-est	NOUN:1
sudation	NOUN:1
sudiste	ADJ:1	NOUN:1
sudoku	NOUN:1
suer	VERB:1
sueur	NOUN:1
suffire	VERB:1
suffisamment	ADV:1
suffisance	NOUN:2
suffisant	ADJ:3
suffixe	NOUN:1
suffocation	NOUN:1
suffoquer	VERB:1
suffragant	NOUN:1
suffrage	NOUN:3
suggestif	ADJ:1
suggestion	NOUN:2
suggérer	VERB:2
suicidaire	ADJ:3	NOUN:1
suicide	NOUN:1
suicider	VERB:1
suicidé	NOUN:1
suicidée	NOUN:1
suie	NOUN:1
suif	NOUN:2
suintant	ADJ:1
suisse	ADJ:1	NOUN:4	PROPN:1
suite	NOUN:6
suivant	ADJ:1	NOUN:1
suiveur	NOUN:3
suivre	VERB:3
sujet	ADJ:1	NOUN:4
sujétion	NOUN:2
sulfure	NOUN:1
sulfureux	ADJ:3
sulfurique	ADJ:1
sultan	NOUN:3
sultanat	NOUN:1
sultane	NOUN:1
sumac	NOUN:1
sumatra	PROPN:1
sumer	PROPN:1
summum	NOUN:1
sumo	NOUN:2
sumérien	ADJ:1	NOUN:1
sunnisme	NOUN:1
sunnite	ADJ:1
super	ADJ:1	ADV:1	INTJ:1	VERB:1
super-héros	NOUN:1
super-vilain	NOUN:1
superbe	ADJ:2	NOUN:2
superbement	ADV:1
supercalculateur	NOUN:1
supercherie	NOUN:1
supercoupe	NOUN:1
superficialité	NOUN:1
superficie	NOUN:3
superficiel	ADJ:2
superficiellement	ADV:1
superflu	ADJ:1
superhéros	NOUN:1
superintendant	NOUN:1
superlatif	NOUN:1	ADJ:1
superman	NOUN:2
supermarché	NOUN:1
supernova	NOUN:1
superposer	VERB:1
superposition	NOUN:1
superposé	ADJ:1
superproduction	NOUN:1
superpuissance	NOUN:1
supersonique	ADJ:1
superstar	NOUN:1
superstitieux	ADJ:1
superstition	NOUN:1
superstructure	NOUN:1
superviser	VERB:1
superviseur	NOUN:2
supervision	NOUN:1
supp	ADJ:2
supplanter	VERB:1
supplanté	ADJ:1
suppliant	ADJ:1	NOUN:1
supplication	NOUN:1
supplice	NOUN:3
supplicié	ADJ:1	NOUN:1
supplier	VERB:1
supplique	NOUN:2
suppléance	NOUN:2
suppléant	ADJ:1	NOUN:1
suppléer	VERB:2
supplément	NOUN:2
supplémentaire	ADJ:2
supplémentation	NOUN:1
supplétif	ADJ:3
support	NOUN:3
supportable	ADJ:1
supporter	VERB:2	NOUN:1
supporteur	NOUN:1
supposer	VERB:2
supposition	NOUN:1
suppositoire	NOUN:1
supposément	ADV:1
suppression	NOUN:3
supprimer	VERB:3
suppôt	NOUN:2
supra	ADV:1
supraconducteur	NOUN:1	ADJ:1
supranational	ADJ:1
suprémaciste	ADJ:1
suprématie	NOUN:1
suprême	ADJ:2
supérette	NOUN:1
supérieur	ADJ:4	NOUN:1	PROPN:1
supérieurement	ADV:1
supériorité	NOUN:1
sur	ADP:7	ADJ:1
surabondance	NOUN:1
suralimentation	NOUN:2
suralimenté	ADJ:1
suranné	ADJ:1
surcapacité	NOUN:1
surcharge	NOUN:1
surcharger	VERB:3
surchargé	ADJ:2
surchauffe	NOUN:1
surchauffer	VERB:1
surchauffé	ADJ:1
surconsommation	NOUN:1
surcouche	NOUN:1
surcoût	NOUN:1
surcroît	NOUN:1
surdimensionné	ADJ:2
surdité	NOUN:1
surdosage	NOUN:1
surdose	NOUN:1
surdoué	ADJ:1	NOUN:1
sureau	NOUN:1
surenchère	NOUN:1
surenchérir	VERB:1
surendettement	NOUN:1
sures	ADJ:1
suresnes	PROPN:1
surestimation	NOUN:1
surestimer	VERB:1
sureté	NOUN:3
surexploitation	NOUN:1
surexposition	NOUN:1
surf	NOUN:1
surface	NOUN:1
surfacturation	NOUN:1
surfait	ADJ:2
surfer	VERB:2
surfeur	NOUN:2
surgelé	ADJ:1	NOUN:1
surgir	VERB:2
surhomme	NOUN:2
surhumain	ADJ:1
suri	ADJ:1
surimi	NOUN:1
surimpression	NOUN:1
surin	NOUN:1
surintendance	NOUN:1
surintendant	NOUN:1
surlendemain	NOUN:1
surmenage	NOUN:1
surmené	ADJ:1
surmoi	NOUN:1
surmonter	VERB:2
surmortalité	NOUN:1
surnaturel	ADJ:1
surnom	NOUN:1
surnombre	NOUN:1
surnommer	VERB:1
surnuméraire	ADJ:1
surpasser	VERB:1
surpeuplement	NOUN:1
surpeuplé	ADJ:1
surplace	NOUN:2
surplomb	NOUN:1
surplus	NOUN:1
surpoids	NOUN:1
surpopulation	NOUN:1
surprenant	ADJ:1
surprendre	VERB:3
surpression	NOUN:1
surprise	NOUN:1
surproduction	NOUN:1
surpuissant	ADJ:1
surpêche	NOUN:1
surreprésentation	NOUN:1
surréalisme	NOUN:1
surréaliste	ADJ:1
surréel	ADJ:1	NOUN:1
surs	ADJ:1
sursaut	NOUN:1
sursauter	VERB:1
surseoir	VERB:2
sursis	NOUN:2
surtension	NOUN:2
surtout	ADV:2	NOUN:1
surveillance	NOUN:2
surveillant	NOUN:3
surveille	NOUN:1
surveiller	VERB:1
survenance	NOUN:1
survenant	ADJ:1
survenir	VERB:3
survie	NOUN:1
survivance	NOUN:1
survivant	NOUN:1	ADJ:1
survivre	VERB:2
survol	NOUN:2
survoler	VERB:3
survolté	ADJ:2
survêt	NOUN:1
survêtement	NOUN:1
surélever	VERB:1
surélévation	NOUN:1
sus	ADV:1
susceptibilité	NOUN:1
susceptible	ADJ:2
susciter	VERB:1
suse	PROPN:1
sushi	NOUN:1
susmentionné	ADJ:1
suspect	ADJ:1	NOUN:1
suspecter	VERB:1
suspecté	ADJ:1
suspendre	VERB:2
suspens	ADJ:2
suspense	NOUN:2
suspensif	ADJ:2
suspension	NOUN:2
suspicieux	ADJ:1
suspicion	NOUN:1
sustenter	VERB:1
susvisé	ADJ:1
suture	NOUN:1
suv	NOUN:1
suzanne	PROPN:2
suze	NOUN:1
suzerain	NOUN:1	ADJ:1
suzeraineté	NOUN:1
suzhou	PROPN:2
suzuki	PROPN:2
suçon	NOUN:2
suède	PROPN:1	NOUN:1
suédois	NOUN:2	ADJ:1
svastika	NOUN:1
svelte	ADJ:1
svp	X:2
swahili	NOUN:1	ADJ:1
sweat	NOUN:1
swing	NOUN:1
swinguer	VERB:1
switch	ADJ:2
switcher	VERB:1
sycomore	NOUN:1
sydney	PROPN:2
syllabe	NOUN:1
syllabique	ADJ:1
syllogisme	NOUN:1
sylphide	NOUN:1
sylvain	PROPN:1	ADJ:2	NOUN:2
sylvestre	ADJ:1	PROPN:1
sylvette	PROPN:1
sylvia	PROPN:1
sylviane	PROPN:1
sylviculture	NOUN:1
sylvie	PROPN:1	NOUN:1
symbiose	NOUN:1
symbiote	NOUN:1
symbiotique	ADJ:1
symbole	NOUN:1
symbolique	ADJ:1
symboliquement	ADV:1
symboliser	VERB:1
symbolisme	NOUN:1
symboliste	ADJ:1
symbolisé	ADJ:1
sympa	ADJ:2
sympathie	NOUN:1
sympathique	ADJ:1
sympathisant	NOUN:1	ADJ:1
sympathiser	VERB:1
symphonie	NOUN:2
symphonique	ADJ:1
symposium	NOUN:1
symptomatique	ADJ:1
symptomatologie	NOUN:1
symptôme	NOUN:1
symétrie	NOUN:1
symétrique	ADJ:1
symétriquement	ADV:1
synagogue	NOUN:1
synapse	NOUN:1
synaptique	ADJ:1
synchrone	ADJ:1
synchronicité	NOUN:1
synchronisation	NOUN:1
synchroniser	VERB:1
synchronisme	NOUN:1
synchronisé	ADJ:1
synchrotron	NOUN:1
synclinal	ADJ:1
syncope	NOUN:2
syncrétique	ADJ:1
syncrétisme	NOUN:1
syndic	NOUN:1
syndical	ADJ:1
syndicalisation	NOUN:1
syndicalisme	NOUN:2
syndicaliste	ADJ:2	NOUN:1
syndicat	NOUN:4
syndiquer	VERB:2
syndiqué	ADJ:2	NOUN:2
syndrome	NOUN:1
synergie	NOUN:1
synesthésie	NOUN:1
synode	NOUN:1
synonyme	ADJ:1	NOUN:1
synonymie	NOUN:1
synopsis	NOUN:2
synoptique	ADJ:1
syntagme	NOUN:1
syntaxe	NOUN:1
syntaxique	ADJ:1
synthèse	NOUN:2
synthé	NOUN:2
synthétique	ADJ:1
synthétiser	VERB:1
synthétiseur	NOUN:1
syphilis	NOUN:1
syracuse	PROPN:3
syriaque	NOUN:1
syrie	PROPN:1
syrien	NOUN:1	ADJ:1
syrte	PROPN:1
system	NOUN:1
systolique	ADJ:1
système	NOUN:2
systématique	ADJ:1
systématiquement	ADV:1
systématisation	NOUN:1
systématiser	VERB:1
systémique	ADJ:1
sèche-cheveux	NOUN:1
sèchement	ADV:2
sète	PROPN:1
sève	NOUN:2	PROPN:1
sèvres	PROPN:1
séance	NOUN:1
séant	ADJ:3	NOUN:2
sébastien	PROPN:1
sébastopol	PROPN:1
sébum	NOUN:1
sécateur	NOUN:1
sécession	NOUN:1
sécessionniste	ADJ:1
séchage	NOUN:1
séchant	ADJ:1
sécher	VERB:4
sécheresse	NOUN:2
sécheuse	NOUN:1
séchoir	NOUN:4
sécréter	VERB:1
sécrétion	NOUN:1
sécu	NOUN:1
séculaire	ADJ:5
sécularisation	NOUN:1
séculier	ADJ:1
sécurisation	NOUN:1
sécuriser	VERB:2
sécurisé	ADJ:1
sécuritaire	ADJ:2
sécurité	NOUN:1
sédatif	ADJ:1	NOUN:1
sédation	NOUN:1
sédentaire	ADJ:2
sédentarisation	NOUN:1
sédentarité	NOUN:1
sédiment	NOUN:1
sédimentaire	ADJ:1
sédimentation	NOUN:1
séditieux	ADJ:1
sédition	NOUN:1
séducteur	NOUN:1	ADJ:1
séduction	NOUN:1
séduire	VERB:2
séduisant	ADJ:1
ségolène	PROPN:1
ségou	PROPN:2
ségrégation	NOUN:1
ségrégationniste	ADJ:1
séguier	PROPN:1
séguin	PROPN:1
séisme	NOUN:1
séjour	NOUN:2
séjourner	VERB:1
sélect	ADJ:2
sélecteur	NOUN:1
sélectif	ADJ:1
sélection	NOUN:2
sélectionnable	ADJ:1
sélectionner	VERB:1
sélectionneur	NOUN:1
sélectivement	ADV:1
sélectivité	NOUN:1
séleucide	ADJ:1
sélénium	NOUN:1
sémantique	ADJ:1	NOUN:2
sémantiquement	ADV:1
sémaphore	NOUN:2
sémillant	ADJ:1
séminaire	NOUN:3
séminal	ADJ:1
séminariste	NOUN:1
sémiologie	NOUN:1
sémiotique	NOUN:1	ADJ:1
sémite	ADJ:1	NOUN:1
sémitique	ADJ:2
sénat	NOUN:1
sénateur	NOUN:1
sénatorial	ADJ:1
sénescence	NOUN:1
sénile	ADJ:1
sénilité	NOUN:1
sénèque	PROPN:1
séné	NOUN:1
sénéchal	NOUN:1
sénéchaussée	NOUN:4
sénégal	PROPN:1
sénégalais	ADJ:1	PROPN:1
séoul	PROPN:1
séparable	ADJ:1
séparateur	NOUN:1
séparation	NOUN:1
séparatisme	NOUN:1
séparatiste	NOUN:1
séparer	VERB:2
séparément	ADV:1
sépia	NOUN:1
sépulcre	NOUN:1
sépulture	NOUN:1
séquelle	NOUN:3
séquence	NOUN:1
séquenceur	NOUN:1
séquencé	ADJ:1
séquentiel	ADJ:1
séquençage	NOUN:1
séquestration	NOUN:2
séquestre	NOUN:1
séquestrer	VERB:2
séquoia	NOUN:1
sérail	NOUN:2
séraphin	NOUN:2	ADJ:1
sérendipité	NOUN:1
série	NOUN:3
sérieusement	ADV:1
sérieux	ADJ:1	INTJ:1
sérigraphie	NOUN:1
sérique	ADJ:1
sérologie	NOUN:1
sérologique	ADJ:1
séropositif	ADJ:2
séropositivité	NOUN:1
sérotonine	NOUN:1
sérum	NOUN:1
sérénade	NOUN:1
sérénissime	ADJ:3	PROPN:1
sérénité	NOUN:1
sésame	NOUN:3
sétif	PROPN:1
séverin	PROPN:1
séverine	PROPN:1
sévices	NOUN:1
sévigny	PROPN:1
sévillan	ADJ:2
séville	PROPN:2
sévir	VERB:4
sévère	ADJ:2	ADV:1	PROPN:1
sévèrement	ADV:5
sévérité	NOUN:3
sûr	ADJ:3
sûrement	ADV:2
sûreté	NOUN:3	PROPN:2
sœur	NOUN:2
sœurette	NOUN:1
ta	DET:1
taaf	PROPN:1
tabac	NOUN:7	ADJ:1
tabagique	ADJ:3
tabagisme	NOUN:2
tabard	NOUN:1
tabarnac	NOUN:1
tabarnak	INTJ:1	NOUN:1
tabassage	NOUN:1
tabasser	VERB:2
tabatière	NOUN:2
tabernacle	NOUN:1
tablature	NOUN:1
table	NOUN:6	PROPN:1
tableau	NOUN:6
tabler	VERB:1
tablette	NOUN:3
tableur	NOUN:1
tablier	NOUN:5
tabloïd	ADJ:1	NOUN:2
tablée	NOUN:1
tabou	ADJ:1	NOUN:1
taboulé	NOUN:1
tabouret	NOUN:2
tac	INTJ:2	NOUN:1
tache	NOUN:5
tacher	VERB:2
tacheté	ADJ:1
tachkent	PROPN:1
tachycardie	NOUN:1
tacite	ADJ:1	PROPN:1
tacitement	ADV:1
taciturne	ADJ:1
tacle	NOUN:1
tacler	VERB:1
tacos	NOUN:1
tacot	NOUN:2
tact	NOUN:2
tacticien	NOUN:1
tactile	ADJ:2
tactique	NOUN:1	ADJ:1
tactiquement	ADV:1
tada	INTJ:1
tadam	INTJ:1
tadjik	NOUN:2	ADJ:1
tadjikistan	PROPN:1
tadoussac	PROPN:1
taekwondo	NOUN:1
taf	NOUN:3
taff	NOUN:3
taffe	NOUN:1
taffer	VERB:1
taffetas	NOUN:1
tag	NOUN:1
tage	PROPN:1
tagger	VERB:2
taguer	VERB:2
tahar	PROPN:1
tahiti	PROPN:1
tahitien	ADJ:1	NOUN:1
taie	NOUN:2
taillandier	NOUN:1
taille	NOUN:6
taille-douce	NOUN:2
taillefer	PROPN:1
tailler	VERB:3
tailleur	NOUN:2	PROPN:1
taillis	NOUN:1
taillon	PROPN:1
tain	NOUN:2
taipei	PROPN:1
taire	VERB:3
tajine	NOUN:1
talc	NOUN:1
talent	NOUN:2
talentueux	ADJ:1
taliban	ADJ:1
talion	NOUN:2
talisman	NOUN:1
talkie	NOUN:1
tallandier	PROPN:1
talleyrand	PROPN:2
tallinn	PROPN:1
talmud	NOUN:1
talmudique	ADJ:1
talon	NOUN:6
talonnade	NOUN:1
talonneur	NOUN:1
talus	NOUN:1
tamarin	NOUN:3
tamaris	NOUN:1
tamazight	NOUN:1
tambouille	NOUN:1
tambour	NOUN:3
tambourin	NOUN:1
tamil	ADJ:1
tamis	NOUN:2
tamisage	NOUN:1
tamise	PROPN:2
tamiser	VERB:1
tamoul	NOUN:1	ADJ:1
tampax	NOUN:1
tampon	NOUN:7
tamponner	VERB:3
tan	NOUN:1	DET:1
tana	PROPN:1	NOUN:1
tananarive	PROPN:1
tancarville	NOUN:1	PROPN:1
tanche	NOUN:2
tandem	NOUN:1
tandis	ADP:3
tanga	NOUN:1
tangage	NOUN:1
tangent	ADJ:2
tangente	NOUN:2
tanger	PROPN:1
tangible	ADJ:1
tango	NOUN:2
tanguay	PROPN:1
tangue	NOUN:1
tanguer	VERB:3
tanguy	PROPN:1	NOUN:1
tania	PROPN:1
tanin	NOUN:1
tanière	NOUN:2
tank	NOUN:2
tanker	NOUN:1
tannage	NOUN:1
tanner	VERB:3
tannerie	NOUN:1
tanneur	NOUN:1
tannique	ADJ:1
tanné	NOUN:1	ADJ:4
tant	ADV:3
tantale	NOUN:1
tante	NOUN:2
tantine	NOUN:1
tantinet	NOUN:1	ADV:1
tantouze	NOUN:1
tantrique	ADJ:1
tantôt	ADV:4
tanzanie	PROPN:1
tanzanien	ADJ:1	NOUN:1
tao	NOUN:1
taoïsme	NOUN:1
taoïste	ADJ:1
tapage	NOUN:1
tapageur	ADJ:2	NOUN:1
tapant	ADJ:1
tape	NOUN:2
tapenade	NOUN:1
taper	VERB:8
tapette	NOUN:3
tapi	ADJ:1
tapie	PROPN:1
tapin	NOUN:4
tapioca	NOUN:1
tapir	VERB:1	NOUN:1
tapis	NOUN:2
tapisser	VERB:3
tapisserie	NOUN:2
tapissier	NOUN:2
tapoter	VERB:1
taquet	NOUN:3
taquin	ADJ:1	NOUN:1
taquine	NOUN:1
taquiner	VERB:1
tarare	NOUN:1
tarascon-sur-ariège	PROPN:1
taratata	NOUN:1
tard	ADV:1
tarder	VERB:3
tardieu	PROPN:2
tardif	ADJ:2	PROPN:1
tardivement	ADV:2
tare	NOUN:3
tarente	PROPN:2
tarentule	NOUN:1
targuer	VERB:1
tarif	NOUN:1
tarifaire	ADJ:1
tarification	NOUN:1
tarin	NOUN:2	ADJ:1
tarir	VERB:4
tarlouze	NOUN:2
tarmac	NOUN:1
tarn	PROPN:2
tarn-et-garonne	PROPN:1
tarnais	NOUN:1
taro	NOUN:1	VERB:1
tarot	NOUN:1
tarse	NOUN:1	PROPN:1
tartan	NOUN:1
tartare	ADJ:1	NOUN:3	PROPN:1
tarte	NOUN:4	ADJ:2
tartelette	NOUN:1
tartiflette	NOUN:1
tartine	NOUN:2
tartiner	VERB:1
tartre	NOUN:2
tartuffe	NOUN:1
tarzan	NOUN:1
taré	ADJ:1
tas	NOUN:2
taschereau	PROPN:1
taser	NOUN:2	VERB:1
tasmanie	PROPN:1
tass	PROPN:2
tasse	NOUN:2
tassement	NOUN:1
tasser	VERB:4
tata	NOUN:6	INTJ:2
tatami	NOUN:1
tatar	NOUN:2
tatare	ADJ:2
tatiana	PROPN:1
tatie	NOUN:1
tatillon	ADJ:1
tatin	PROPN:1
tatou	NOUN:1
tatouage	NOUN:1
tatouer	VERB:1
tatoueur	NOUN:1
tau	NOUN:2
taudis	NOUN:2
taulard	NOUN:1
taule	NOUN:2
taulier	NOUN:1
taupe	NOUN:4	ADJ:1
taupin	NOUN:1
taureau	NOUN:2	PROPN:1
taurin	ADJ:3
tauromachie	NOUN:1
tautavel	PROPN:1
tautologie	NOUN:1
tautou	PROPN:1
taux	NOUN:1
tavares	PROPN:1
taverne	NOUN:1
tavernier	NOUN:1
taxable	ADJ:1
taxation	NOUN:1
taxe	NOUN:1
taxer	VERB:3
taxi	NOUN:4
taxidermie	NOUN:1
taxidermiste	NOUN:1
taxon	NOUN:1
taxonomie	NOUN:1
taylor	PROPN:2
taylorisme	NOUN:1
taz	NOUN:2
tazer	VERB:1
taïga	NOUN:1
taïwan	PROPN:2
taïwanais	ADJ:1	NOUN:2
taïwanaise	NOUN:1
tbilissi	PROPN:1
tcc	NOUN:1
tch	PROPN:1
tchad	PROPN:1
tchadien	ADJ:1
tchador	NOUN:1
tchat	NOUN:4
tchatche	NOUN:1
tchatcher	VERB:1
tcheliabinsk	PROPN:2
tchernobyl	PROPN:1	NOUN:1
tchou	PROPN:1
tchèque	ADJ:1	NOUN:2
tchécoslovaque	ADJ:1	NOUN:1
tchécoslovaquie	PROPN:1
tchéquie	PROPN:1
tchétchène	ADJ:1	NOUN:2
tchétchénie	PROPN:1
td	NOUN:1
tds	NOUN:1
te	PRON:2
teasing	NOUN:1
tech	PROPN:1
technicien	NOUN:1
technicité	NOUN:1
technique	ADJ:1	NOUN:1
techniquement	ADV:2
techno	NOUN:1
technocrate	NOUN:1
technocratie	NOUN:1
technocratique	ADJ:1
technologie	NOUN:1
technologique	ADJ:1
technologiquement	ADV:1
technopole	NOUN:1
technopôle	NOUN:1
teck	NOUN:1
teckel	NOUN:1
tectonique	ADJ:1	NOUN:1
tee	NOUN:1
teenager	NOUN:1
teigne	NOUN:3
teigneux	ADJ:2
teindre	VERB:2
teint	ADJ:1	NOUN:1
teinte	NOUN:1
teinter	VERB:1
teinture	NOUN:5
teinturerie	NOUN:3
teinturier	NOUN:2
tel	ADJ:1	SCONJ:2	PRON:1
tellement	ADV:3
tellure	NOUN:1
tellurique	ADJ:1
tempe	NOUN:1
template	NOUN:1
temple	NOUN:3
templier	NOUN:1
tempo	NOUN:2
temporaire	ADJ:1
temporairement	ADV:1
temporal	ADJ:1
temporalité	NOUN:2
temporel	ADJ:2
temporellement	ADV:1
temporisation	NOUN:2
temporiser	VERB:1
temps	NOUN:3
tempérament	NOUN:2
tempérance	NOUN:1
température	NOUN:1
tempérer	VERB:1
tempête	NOUN:1
tenable	ADJ:1
tenace	ADJ:2
tenaille	NOUN:2
tenancier	NOUN:1
tenancière	NOUN:1
tendance	NOUN:1
tendancieux	ADJ:1
tendinite	NOUN:1
tendon	NOUN:1
tendre	ADJ:1	VERB:5
tendrement	ADV:1
tendresse	NOUN:1
tendu	ADJ:2
teneur	NOUN:3
tenir	VERB:8
tennis	NOUN:2
tennisman	NOUN:1
tenon	NOUN:1
tenseur	NOUN:1
tension	NOUN:3
tentaculaire	ADJ:3
tentacule	NOUN:1
tentateur	NOUN:1
tentation	NOUN:1
tentative	NOUN:1
tentatrice	NOUN:1
tenter	VERB:3
tenture	NOUN:4
tenure	NOUN:1
tequila	NOUN:1
ter	ADV:1
tergiverser	VERB:2
terme	NOUN:5
terminaison	NOUN:2
terminal	ADJ:1
terminale	NOUN:1
terminer	VERB:3
terminologie	NOUN:2
terminologique	ADJ:1
terminus	NOUN:1
ternaire	ADJ:1
terne	ADJ:1	NOUN:3
ternir	VERB:2
terrain	NOUN:3
terrarium	NOUN:1
terrasse	NOUN:1
terrassement	NOUN:2
terrasser	VERB:3
terrassier	NOUN:1
terre	NOUN:2	PROPN:1
terreau	NOUN:2
terrer	VERB:3
terrestre	ADJ:2
terreur	NOUN:2	PROPN:1
terreux	ADJ:1
terri	NOUN:1
terrible	ADJ:2
terriblement	ADV:2
terrien	ADJ:3	NOUN:3	PROPN:1
terrier	ADJ:2	NOUN:3
terrifiant	ADJ:1
terrifier	VERB:1
terrine	NOUN:2
territoire	NOUN:2
territorial	ADJ:2	NOUN:1
territorialement	ADV:1
territorialisation	NOUN:1
territorialité	NOUN:1
terroir	NOUN:5
terroriser	VERB:1
terrorisme	NOUN:1
terroriste	NOUN:1	ADJ:1
tertiaire	ADJ:1
tertre	NOUN:2
tes	DET:1
tesla	NOUN:1
tessier	PROPN:1
tessin	PROPN:1
tessiture	NOUN:1
tesson	NOUN:2
test	NOUN:3
testament	NOUN:2
testamentaire	ADJ:1
testateur	NOUN:1
teste	NOUN:4
tester	VERB:2
testeur	NOUN:1
testiculaire	ADJ:1
testicule	NOUN:1
testostérone	NOUN:1
teub	NOUN:1
teubé	ADJ:2	NOUN:1
teuf	NOUN:1
teuton	ADJ:1
teutonique	ADJ:1
texan	NOUN:1	ADJ:1
texas	PROPN:1
texte	NOUN:4
textile	ADJ:2	NOUN:2
texto	ADV:1	NOUN:1
textuel	ADJ:1
textuellement	ADV:2
texture	NOUN:1
tg	INTJ:1
tgv	NOUN:1
thalamus	NOUN:1
thalassothérapie	NOUN:1
thaler	NOUN:1
thallium	NOUN:1
thalys	NOUN:1
thalès	PROPN:1
thanksgiving	PROPN:1
thaumaturge	NOUN:1
thauvin	PROPN:1
thaï	ADJ:1	NOUN:2
thaïlandais	ADJ:1	NOUN:1
thaïlande	PROPN:1
thermal	ADJ:1
thermalisme	NOUN:1
thermes	NOUN:1
thermidor	NOUN:1
thermique	ADJ:1
thermiquement	ADV:1
thermodynamique	NOUN:1	ADJ:1
thermomètre	NOUN:1
thermonucléaire	ADJ:1
thermos	NOUN:1
thermostat	NOUN:2
therrien	PROPN:1
thessalie	PROPN:1
thessaloniciens	PROPN:1
thessalonique	PROPN:1
theux	PROPN:1
thiais	PROPN:1
thibaud	PROPN:2
thibault	PROPN:2
thibaut	PROPN:1
thibeault	PROPN:1
thibodeau	PROPN:1
thierry	PROPN:2
thiers	PROPN:1
thiès	PROPN:1
thiérache	PROPN:1
thomas	PROPN:3
thomiste	ADJ:1
thon	NOUN:2
thor	PROPN:1
thoracique	ADJ:1
thorax	NOUN:1
thorium	NOUN:1
thorne	PROPN:1
thot	PROPN:1
thrace	PROPN:1	ADJ:1
thread	NOUN:1
thriller	NOUN:1
thrombose	NOUN:1
thucydide	PROPN:1
thug	NOUN:1
thulé	PROPN:1
thune	NOUN:3
thuringe	NOUN:1	PROPN:1
thuya	NOUN:1
thym	NOUN:1
thyroïde	ADJ:1	NOUN:1
thèbes	PROPN:1
thècle	PROPN:1
thème	NOUN:6
thèse	NOUN:3
thé	NOUN:1
théa	PROPN:1
thébaïde	NOUN:1	PROPN:1
théisme	NOUN:2
théière	NOUN:1
thématique	ADJ:1	NOUN:1
thémistocle	PROPN:1
théo	PROPN:1
théocratie	NOUN:1
théocratique	ADJ:1
théodore	PROPN:2
théodoric	PROPN:1
théologie	NOUN:1
théologien	NOUN:1
théologique	ADJ:1
théologiquement	ADV:1
théophane	PROPN:1
théophile	PROPN:2
théophraste	PROPN:1
théoricien	NOUN:1
théorie	NOUN:3
théorique	ADJ:2
théoriquement	ADV:1
théorisation	NOUN:1
théoriser	VERB:1
théorème	NOUN:1
thérapeute	NOUN:1
thérapeutique	ADJ:1	NOUN:2
thérapie	NOUN:1
thériault	PROPN:1
thérouanne	PROPN:2
thérèse	PROPN:1
thésaurus	NOUN:1
thésée	PROPN:1
thévenot	PROPN:1
théâtral	ADJ:1
théâtralité	NOUN:1
théâtre	NOUN:2
thêta	NOUN:1
ti	PART:1
tian	NOUN:1
tiare	NOUN:2
tibet	PROPN:2
tibia	NOUN:2
tibial	ADJ:1
tibre	PROPN:1
tibère	PROPN:1
tibériade	PROPN:1
tibétain	ADJ:1	NOUN:2
tic	NOUN:1
ticket	NOUN:3
tien	ADJ:1
tierce	NOUN:2
tiercé	ADJ:1
tiers	ADJ:2	NOUN:2
tif	NOUN:1
tige	NOUN:4
tignasse	NOUN:2
tigre	NOUN:1	PROPN:1
tigresse	NOUN:1
tigré	ADJ:2	PROPN:1
tilbury	NOUN:1
tilde	NOUN:1
tilleul	NOUN:1
tilly	PROPN:2
tilsit	PROPN:1
timbale	NOUN:3
timbre	NOUN:5
timbre-poste	NOUN:2
timbré	ADJ:2
timide	ADJ:1
timidement	ADV:2
timidité	NOUN:1
timing	NOUN:3
timon	NOUN:2
timonerie	NOUN:1
timonier	NOUN:2
timor	PROPN:1
timoré	ADJ:1
timothée	PROPN:1
timée	PROPN:1
tin	NOUN:1	INTJ:1
tinkoff	PROPN:1
tintamarre	NOUN:1
tintement	NOUN:1
tinter	VERB:2
tintin	INTJ:1	PROPN:2
tintouin	NOUN:2
tinée	NOUN:1
tiphaine	PROPN:1
tique	NOUN:1
tiquer	VERB:2
tir	NOUN:4
tirade	NOUN:1
tirage	NOUN:8
tiraillement	NOUN:2
tirailleur	NOUN:1
tiraillé	ADJ:1
tiramisu	NOUN:1
tirana	PROPN:1
tire-bouchon	NOUN:1
tirelire	NOUN:3
tirer	VERB:5
tiret	NOUN:2
tireur	NOUN:5
tirlemont	PROPN:1
tiroir	NOUN:1
tisane	NOUN:2
tison	NOUN:1
tissage	NOUN:1
tisser	VERB:1
tisserand	NOUN:1
tisseur	NOUN:1
tissot	PROPN:1
tissu	NOUN:2
tissulaire	ADJ:1
tit	ADJ:3
titan	NOUN:2
titane	NOUN:1
titanesque	ADJ:1
titanic	PROPN:1
tite	PROPN:2
titi	NOUN:2
titicaca	PROPN:1
titien	PROPN:1	ADJ:1
titiller	VERB:1
titine	NOUN:2	PROPN:1
titrage	NOUN:1
titre	NOUN:5
titrer	VERB:2
titrisation	NOUN:1
titubant	ADJ:1
titulaire	ADJ:2	NOUN:2
titularisation	NOUN:1
titulariser	VERB:1
tiède	ADJ:1
tiédeur	NOUN:1
tjr	ADV:2
tjs	ADV:2
tkt	X:1
tlj	ADJ:1	ADV:1
tn	PROPN:1
toast	NOUN:2
toaster	VERB:2
tobie	PROPN:2
toboggan	NOUN:1
toc	NOUN:3
tocard	ADJ:2	NOUN:1
tocqueville	PROPN:4
tocsin	NOUN:1
tofu	NOUN:1
toge	NOUN:2
togo	PROPN:1
togolais	ADJ:1	NOUN:1
toi	PRON:2
toile	NOUN:4	PROPN:1
toilettage	NOUN:1
toilette	NOUN:3
tois	NUM:1
toise	NOUN:2
toison	NOUN:4
toit	NOUN:1
toiture	NOUN:2
tokyo	PROPN:1
tolbiac	PROPN:2
tolisso	PROPN:1
tollé	NOUN:1
tolstoï	PROPN:1
toluène	NOUN:1
tolérable	ADJ:1
tolérance	NOUN:1
tolérant	ADJ:1
tolérer	VERB:1
tomahawk	NOUN:1
tomate	NOUN:2
tombeau	NOUN:1
tomber	VERB:4
tombeur	NOUN:2
tombola	NOUN:1
tombouctou	PROPN:2
tome	NOUN:4
tomme	NOUN:4
tomographie	NOUN:1
ton	DET:1	NOUN:4
tonal	ADJ:1
tonalité	NOUN:2
tondeuse	NOUN:2
tondre	VERB:6
tondu	NOUN:1
toner	NOUN:1
tong	NOUN:1
tonic	NOUN:2
tonicité	NOUN:1
tonique	ADJ:1	NOUN:1
tonitruant	ADJ:1
tonka	NOUN:2
tonkin	PROPN:2
tonnage	NOUN:1
tonnant	ADJ:1
tonne	NOUN:4
tonneau	NOUN:3
tonnelier	NOUN:1
tonnelle	NOUN:1
tonnellerie	NOUN:2
tonner	VERB:2
tonnerre	NOUN:2	X:1	PROPN:1
tonsure	NOUN:1
tonte	NOUN:4
tontine	NOUN:1
tonton	NOUN:2
tonus	NOUN:2
top	NOUN:2	ADJ:3	ADV:1
topaze	NOUN:1	ADJ:1
topinambour	NOUN:1
topique	ADJ:1
topo	NOUN:2
topographie	NOUN:1
topographique	ADJ:1
topologie	NOUN:1
topologique	ADJ:1
toponyme	NOUN:1
toponymie	NOUN:1
toque	NOUN:7
toquer	VERB:3
torah	PROPN:1
torche	NOUN:1
torcher	VERB:5
torchis	NOUN:1
torchon	NOUN:1
tord	VERB:3
tordant	ADJ:1
tordre	VERB:3
tordu	ADJ:2
tore	NOUN:1
torero	NOUN:1
torique	ADJ:1
tornade	NOUN:1
toronto	PROPN:2
torontois	ADJ:1	NOUN:1
torpeur	NOUN:1
torpille	NOUN:2
torpiller	VERB:1
torpilleur	NOUN:1
torque	NOUN:2
torrent	NOUN:1
torride	ADJ:2
torréfaction	NOUN:1
tors	ADJ:1
torse	NOUN:1
torsion	NOUN:1
tort	NOUN:2
torticolis	NOUN:1
tortilla	NOUN:2
tortiller	VERB:2
tortionnaire	ADJ:1	NOUN:1
tortue	NOUN:1
tortueux	ADJ:2
torture	NOUN:1
torturer	VERB:2
tory	ADJ:1
tos	NOUN:2
toscan	NOUN:1	ADJ:1
toscane	PROPN:1
tosh	PROPN:1
total	ADJ:2
totalement	ADV:1
totaliser	VERB:1
totalitaire	ADJ:2
totalitarisme	NOUN:1
totalité	NOUN:1
totem	NOUN:1
totémique	ADJ:1
touareg	ADJ:1	NOUN:1
touba	PROPN:1
toubab	NOUN:1
toubib	NOUN:1
toucan	NOUN:1
toucher	NOUN:3	VERB:5
touffe	NOUN:2
touffu	ADJ:2
touille	NOUN:1
toujours	ADV:2
toul	PROPN:1
toulon	PROPN:1
toulonnais	NOUN:1	ADJ:1
toulousain	NOUN:1	ADJ:1
toulouse	PROPN:2
toumani	PROPN:1
toundra	NOUN:1
toune	NOUN:1
toupet	NOUN:3
toupie	NOUN:1
tour	NOUN:8
touraine	PROPN:1
tourangeau	NOUN:3	ADJ:3
tourangelle	NOUN:3
tourbe	NOUN:2
tourbeux	ADJ:1
tourbillon	NOUN:5
tourbillonnant	ADJ:1
tourbière	NOUN:1
tourcoing	PROPN:1
tourelle	NOUN:2
tourer	VERB:1
tourisme	NOUN:1
touriste	NOUN:2
touristique	ADJ:2
tourmaline	NOUN:1
tourment	NOUN:2
tourmente	NOUN:2
tourmenter	VERB:2
tournage	NOUN:1
tournant	ADJ:3	NOUN:2
tournay	PROPN:2
tourner	VERB:8
tournesol	NOUN:3
tourneur	NOUN:2
tournevis	NOUN:1
tourniquet	NOUN:2
tournis	NOUN:2
tournoi	NOUN:1
tournoyant	ADJ:1
tournoyer	VERB:4
tournure	NOUN:5
tournée	NOUN:3
touron	NOUN:1
tourte	NOUN:4
tourteau	NOUN:4
tourterelle	NOUN:2
tourtière	NOUN:3
touré	PROPN:1
toussa	PRON:1
toussaint	PROPN:1
tousser	VERB:1
tout	ADV:3	NOUN:1	PRON:1
toutefois	ADV:1
toutou	NOUN:3
toux	NOUN:1
township	NOUN:2
tox	NOUN:1
toxicité	NOUN:1
toxico	NOUN:1
toxicologie	NOUN:1
toxicologique	ADJ:1
toxicomane	NOUN:1
toxicomanie	NOUN:1
toxine	NOUN:1
toxique	ADJ:1
toxoplasmose	NOUN:1
toé	PRON:1
tpg	NOUN:1
tps	NOUN:1
trac	NOUN:2
tracas	NOUN:1
tracasser	VERB:2
trace	NOUN:2
tracer	VERB:3
traceur	NOUN:5
trachée	NOUN:1
trachéotomie	NOUN:1
track	NOUN:3
tract	NOUN:1
tractage	NOUN:2
tracter	VERB:2
tracteur	NOUN:1
traction	NOUN:2
tractopelle	NOUN:1
tracy	PROPN:2
trader	NOUN:1	VERB:1
tradi	ADJ:1
trading	NOUN:1
tradition	NOUN:2
traditionalisme	NOUN:1
traditionaliste	ADJ:1	NOUN:1
traditionnel	ADJ:1
traditionnellement	ADV:1
traducteur	NOUN:1
traduction	NOUN:2
traduire	VERB:2
trafic	NOUN:3
trafiquant	NOUN:2
trafiquer	VERB:2
tragi-comique	ADJ:1
tragique	ADJ:1
tragiquement	ADV:1
tragédie	NOUN:2
trahir	VERB:2
trahison	NOUN:3
trail	NOUN:2
train	NOUN:3
traine	NOUN:1
trainer	VERB:1
trainée	NOUN:2
traire	VERB:1
trait	NOUN:8
traitable	ADJ:2
traitant	ADJ:2
traitement	NOUN:2
traiter	VERB:6
traiteur	NOUN:4
traité	NOUN:2
trajectoire	NOUN:2
trajet	NOUN:2
tralala	INTJ:1
tram	NOUN:1
trame	NOUN:6
tramontane	NOUN:1
trampoline	NOUN:1
tramway	NOUN:1
tran	PROPN:1
trance	NOUN:1
tranchant	ADJ:3	NOUN:1
tranche	NOUN:4
trancher	VERB:7
trang	PROPN:2
tranquille	ADJ:1
tranquillement	ADV:1
tranquilliser	VERB:1
tranquillité	NOUN:1
trans	ADJ:2
transaction	NOUN:2
transactionnel	ADJ:1
transalpin	ADJ:1
transat	NOUN:1
transatlantique	ADJ:1
transbordement	NOUN:2
transbordeur	NOUN:2
transcendance	NOUN:1
transcendant	ADJ:2
transcendantal	ADJ:1
transcender	VERB:1
transcontinental	ADJ:1
transcription	NOUN:1
transcrire	VERB:1
transcrit	ADJ:1
transdisciplinaire	ADJ:1
transducteur	NOUN:1
transe	NOUN:2
transept	NOUN:1
transexuel	ADJ:1
transfert	NOUN:2
transfiguration	NOUN:1
transfo	NOUN:1
transformateur	NOUN:1	ADJ:1
transformation	NOUN:2
transformer	VERB:1
transfrontalier	ADJ:1
transfuge	NOUN:2
transfusion	NOUN:1
transfèrement	NOUN:1
transférable	ADJ:1
transférer	VERB:2
transgenre	ADJ:1	NOUN:1
transgresser	VERB:1
transgressif	ADJ:1
transgression	NOUN:1
transgénique	ADJ:1
transhumance	NOUN:1
transhumanisme	NOUN:1
transhumaniste	ADJ:1
transi	ADJ:2
transidentité	NOUN:1
transiger	VERB:1
transistor	NOUN:2
transit	NOUN:1
transiter	VERB:1
transitif	ADJ:1
transition	NOUN:1
transitoire	ADJ:1
translation	NOUN:2
translucide	ADJ:1
transmetteur	NOUN:1
transmettre	VERB:1
transmissible	ADJ:1
transmission	NOUN:1
transmutation	NOUN:1
transnational	ADJ:1
transnistrie	PROPN:1
transpacifique	ADJ:1
transparaître	VERB:2
transparence	NOUN:1
transparent	ADJ:5	NOUN:3
transpercer	VERB:1
transphobie	NOUN:1
transpirant	ADJ:1
transpiration	NOUN:2
transpirer	VERB:2
transplant	NOUN:1
transplantation	NOUN:1
transplanter	VERB:2
transport	NOUN:1
transportable	ADJ:1
transportation	NOUN:1
transporter	VERB:1
transporteur	NOUN:1	ADJ:1
transposable	ADJ:1
transposer	VERB:1
transposition	NOUN:1
transposée	NOUN:1
transsexuel	ADJ:1
transsibérien	ADJ:1
transversal	ADJ:2
transversalement	ADV:1
transverse	ADJ:1
transylvanie	PROPN:1
traoré	PROPN:1
trap	NOUN:1
trapani	PROPN:2
trappe	NOUN:2
trappeur	NOUN:1
trappiste	ADJ:2	NOUN:1
trapu	ADJ:1
trapèze	NOUN:3
traque	NOUN:1
traquenard	NOUN:2
traquer	VERB:2
traqueur	NOUN:1
trauma	NOUN:2
traumatique	ADJ:1
traumatisant	ADJ:1
traumatiser	VERB:1
traumatisme	NOUN:1
traumatologie	NOUN:1
travail	NOUN:3
travailler	VERB:3
travailleur	NOUN:1	ADJ:1
travailliste	ADJ:2	NOUN:1
travelling	NOUN:2
travelo	NOUN:2
travers	NOUN:4
traverser	VERB:1
traversier	ADJ:1	NOUN:1
traversée	NOUN:1
travertin	NOUN:1
travesti	NOUN:1
travestir	VERB:3
travestissement	NOUN:1
travée	NOUN:1
traçabilité	NOUN:1
traçage	NOUN:1
traçant	ADJ:2
traînant	ADJ:1
traîne	NOUN:2
traîneau	NOUN:1
traîner	VERB:8
traînée	NOUN:3
traître	NOUN:1	ADJ:1
traîtrise	NOUN:1
treille	NOUN:2
treillis	NOUN:6
treize	NUM:1
treizième	ADJ:1
trek	NOUN:1
trekking	NOUN:1
tremblant	ADJ:1
tremblay	PROPN:3
tremble	NOUN:1
tremblement	NOUN:1
trembler	VERB:1
trempage	NOUN:1
tremper	VERB:3
trempette	NOUN:2
tremplin	NOUN:3
trempé	ADJ:3
trench	NOUN:1
trentaine	NOUN:2
trente	NUM:1	PROPN:2
trente-cinq	NUM:1
trente-deux	NUM:1
trente-neuf	NUM:1
trente-quatre	NUM:1
trente-quatrième	ADJ:1
trente-sept	NUM:1
trente-septième	ADJ:1
trente-six	NUM:2
trentenaire	ADJ:1	NOUN:3
trentin	PROPN:1
trentième	ADJ:1
tresse	NOUN:1
tresser	VERB:1
treuil	NOUN:1
tri	NOUN:2
triade	NOUN:1
triage	NOUN:4
triangle	NOUN:2
triangulaire	ADJ:1	NOUN:1
triangulation	NOUN:1
triathlon	NOUN:1
tribal	ADJ:1
tribalisme	NOUN:1
tribord	NOUN:1
tribu	NOUN:2
tribulation	NOUN:1
tribun	NOUN:2
tribunal	NOUN:2
tribunat	NOUN:1
tribune	NOUN:3
tribut	NOUN:2
tributaire	ADJ:1	NOUN:2
tricastin	ADJ:1	PROPN:1
tricentenaire	NOUN:1
triche	NOUN:2
tricher	VERB:1
tricherie	NOUN:1
tricheur	NOUN:1
tricheuse	NOUN:1
tricolore	ADJ:3	PROPN:1
tricot	NOUN:3
tricotage	NOUN:1
tricoter	VERB:1
tricycle	NOUN:1
trident	NOUN:1
tridimensionnel	ADJ:1
triennal	ADJ:1
trier	VERB:2
trieste	PROPN:2
trieur	NOUN:1
trigo	NOUN:1
trigonométrie	NOUN:1
trigonométrique	ADJ:1
trilingue	ADJ:1
trillion	NUM:2
trilogie	NOUN:1
trimaran	NOUN:1
trimbaler	VERB:4
trimballer	VERB:4
trimer	VERB:2
trimestre	NOUN:3
trimestriel	ADJ:2
tringle	NOUN:2
tringler	VERB:1
trinh	PROPN:1
trinitaire	ADJ:1
trinité	NOUN:2	PROPN:2
trinquer	VERB:2
trio	NOUN:2
triolet	NOUN:2
triomphal	ADJ:1
triomphalement	ADV:1
triomphant	ADJ:1
triomphe	NOUN:1
triompher	VERB:1
tripartite	ADJ:1
tripe	NOUN:1
tripes	NOUN:2
triphasé	ADJ:1
triple	ADJ:2
triplement	ADV:1
tripler	VERB:1
triplet	NOUN:1
triplette	NOUN:4
triplex	NOUN:1
triplé	NOUN:3
tripode	ADJ:1
tripoli	PROPN:2
tripolitaine	PROPN:1
triporteur	NOUN:1
tripot	NOUN:1
tripoter	VERB:2
tripotée	NOUN:2
triptyque	NOUN:3
trique	NOUN:2
trisomie	NOUN:1
trisomique	ADJ:3	NOUN:2
tristan	PROPN:2
triste	ADJ:1
tristement	ADV:1
tristesse	NOUN:1
tristounet	ADJ:1
tritium	NOUN:1
triton	NOUN:4
triturer	VERB:1
triumvirat	NOUN:1
trivial	ADJ:4
troc	NOUN:1
troglodyte	NOUN:3
trognon	NOUN:1
troie	PROPN:1
trois	NUM:1
trois-rivières	PROPN:2
troisième	ADJ:1
troisièmement	ADV:1
troisiéme	ADJ:1
trojan	NOUN:1
troll	NOUN:3
troller	VERB:2
trolley	NOUN:2
trombe	NOUN:2
trombinoscope	NOUN:1
trombone	NOUN:2
trompe	NOUN:3
trompe-l'œil	NOUN:1
tromper	VERB:3
tromperie	NOUN:1
trompette	NOUN:1
trompettiste	NOUN:1
trompeur	ADJ:2
tronc	NOUN:3
tronche	NOUN:4
tronçon	NOUN:1
tronçonneuse	NOUN:1
trop	ADV:2
trope	NOUN:1
trophique	ADJ:1
trophée	NOUN:1
tropical	ADJ:2
tropique	NOUN:1
tropisme	NOUN:3
troquer	VERB:1
troquet	NOUN:1
trot	NOUN:1
trotski	PROPN:1
trotskiste	NOUN:1	ADJ:1
trotskyste	ADJ:1
trotter	VERB:1
trotteur	NOUN:2
trottier	PROPN:1	NOUN:2
trottinette	NOUN:1
trottoir	NOUN:1
trou	NOUN:3
troubadour	NOUN:1
troublant	ADJ:1
trouble	NOUN:2	ADJ:1
troubler	VERB:4
trouduc	NOUN:1
trouer	VERB:1
trouillard	ADJ:1	NOUN:1
trouille	NOUN:2
troupe	NOUN:1
troupeau	NOUN:3
trousse	NOUN:2
trousseau	NOUN:2
trouvable	ADJ:1
trouvaille	NOUN:1
trouver	VERB:5
trouvère	NOUN:1
troué	ADJ:1
troyen	NOUN:4	ADJ:4
troyes	PROPN:1
troïka	NOUN:2
truand	NOUN:3
trublion	NOUN:1
truc	NOUN:3
trucage	NOUN:2
truchement	NOUN:3
trucider	VERB:1
truck	NOUN:1
truculent	ADJ:2
trudeau	PROPN:1
trudel	PROPN:1
truelle	NOUN:1
truffaut	PROPN:1
truffe	NOUN:3
truie	NOUN:2
truite	NOUN:1
truong	PROPN:1
truquer	VERB:3
trust	NOUN:1
tryptophane	NOUN:1
trèfle	NOUN:3
très	ADV:1
trèves	PROPN:1
trébizonde	PROPN:1
trébuchant	ADJ:2
trébucher	VERB:1
trébuchet	NOUN:1
tréfonds	NOUN:3
trégor	PROPN:1
tréma	NOUN:1
trémie	NOUN:2
trémousser	VERB:1
trépanier	PROPN:1	NOUN:1
trépas	NOUN:1
trépidant	ADJ:1
trépied	NOUN:1
trésor	NOUN:5
trésorerie	NOUN:3
trésorier	NOUN:1
trévise	PROPN:2
trêve	NOUN:3
trône	NOUN:2
tsahal	PROPN:1
tsar	NOUN:1
tsarine	NOUN:1
tsariste	ADJ:1
tsigane	NOUN:1
tsunami	NOUN:1
tu	PRON:1	PART:1
tuba	NOUN:3
tube	NOUN:4
tuber	VERB:2
tubercule	NOUN:2
tuberculeux	ADJ:2	NOUN:1
tuberculose	NOUN:1
tubulaire	ADJ:1
tubulure	NOUN:1
tubéreuse	NOUN:2
tuer	VERB:2
tuerie	NOUN:2
tueur	NOUN:2
tuf	NOUN:1
tuffeau	NOUN:2
tuile	NOUN:3
tuilerie	NOUN:1
tuileries	PROPN:1
tulipe	NOUN:1
tulle	NOUN:1
tumblr	NOUN:1
tumeur	NOUN:1
tumoral	ADJ:1
tumulte	NOUN:1
tumultueux	ADJ:1
tune	NOUN:3
tuner	NOUN:1	VERB:1
tungstène	NOUN:1
tuning	NOUN:1
tunique	NOUN:2
tunis	PROPN:1
tunisie	PROPN:1
tunisien	NOUN:1	ADJ:1
tunnel	NOUN:1
tunnelier	NOUN:1
tupperware	NOUN:1
tuque	NOUN:1
turban	NOUN:1
turbine	NOUN:1
turbocompresseur	NOUN:1
turbocompressé	ADJ:1
turbot	NOUN:1
turbulence	NOUN:1
turbulent	ADJ:2
turc	ADJ:1	NOUN:2
turfu	NOUN:1
turgeon	PROPN:1
turin	PROPN:2
turinois	ADJ:1	NOUN:2
turkestan	PROPN:1
turkménistan	PROPN:1
turku	PROPN:1
turpin	PROPN:1
turpitude	NOUN:2
turquie	PROPN:1
turquoise	NOUN:2	ADJ:1
tutelle	NOUN:1
tuteur	NOUN:3
tuto	NOUN:2
tutoiement	NOUN:1
tutorat	NOUN:1
tutorial	NOUN:2
tutoriel	ADJ:1	NOUN:1
tutoyer	VERB:2
tutsi	NOUN:1
tutti	NOUN:1
tutu	NOUN:1
tutélaire	ADJ:2
tuyau	NOUN:4
tuyauterie	NOUN:1
tuyère	NOUN:2
tv	NOUN:1
tva	NOUN:1
tvq	NOUN:1
twa	ADJ:1
tweed	NOUN:1
tweet	NOUN:1
tweeter	VERB:1	NOUN:1
twist	NOUN:1
twister	VERB:1
twit	NOUN:2
twitter	VERB:1
twittosphère	NOUN:1
tycoon	NOUN:1
tympan	NOUN:7
typage	NOUN:3
type	NOUN:3	ADJ:2
typhon	NOUN:1
typhoïde	ADJ:1	NOUN:1
typhus	NOUN:1
typique	ADJ:1
typiquement	ADV:1
typo	NOUN:1
typographe	NOUN:1
typographie	NOUN:1
typographique	ADJ:1
typologie	NOUN:1
typologique	ADJ:1
typé	ADJ:1
tyr	PROPN:2
tyran	NOUN:2
tyrannie	NOUN:1
tyrannique	ADJ:1
tyrannosaure	NOUN:1
tyrol	PROPN:1
tyrolienne	NOUN:3
tyrosine	NOUN:1
tzigane	NOUN:1	PROPN:1
tâche	NOUN:2
tâcher	VERB:2
tâter	VERB:3
tâtonnement	NOUN:2
téflon	NOUN:1
tégument	NOUN:1
téhéran	PROPN:2
tél	NOUN:2
télescope	NOUN:2
télescopique	ADJ:2
télex	NOUN:1
télé	NOUN:1
télécabine	NOUN:1
téléchargeable	ADJ:2
téléchargement	NOUN:1
télécharger	VERB:2
télécom	NOUN:1
télécommande	NOUN:1
télécommunication	NOUN:1
téléconférence	NOUN:1
télécopie	NOUN:1
télécopieur	NOUN:1
télédiffusion	NOUN:1
télédétection	NOUN:1
téléfilm	NOUN:1
télégramme	NOUN:1
télégraphe	NOUN:1
télégraphie	NOUN:1
télégraphique	ADJ:1
téléjournal	NOUN:1
télékinésie	NOUN:1
télémaque	PROPN:1
télémarketing	NOUN:1
télématique	NOUN:1	ADJ:1
télémètre	NOUN:1
télémédecine	NOUN:1
télémétrie	NOUN:2
téléobjectif	NOUN:1
télépathe	NOUN:1
télépathie	NOUN:1
télépathique	ADJ:1
téléphone	NOUN:1
téléphoner	VERB:2
téléphonie	NOUN:2
téléphonique	ADJ:1
téléphoniste	NOUN:1
téléphoné	ADJ:1
téléphérique	NOUN:1
téléportation	NOUN:1
téléporter	VERB:1
téléroman	NOUN:1
téléréalité	NOUN:1
télésiège	NOUN:1
téléski	NOUN:1
téléspectateur	NOUN:1
télésurveillance	NOUN:1
téléthon	NOUN:1
télétravail	NOUN:1
téléviseur	NOUN:1
télévision	NOUN:1
télévisuel	ADJ:1
témiscamingue	PROPN:1
témiscouata	PROPN:1
témoignage	NOUN:1
témoigner	VERB:2
témoin	NOUN:5
téméraire	ADJ:1
témérité	NOUN:1
ténacité	NOUN:1
ténia	NOUN:1
ténor	NOUN:2
ténu	ADJ:2
ténébreux	ADJ:2
térence	PROPN:1
térébenthine	NOUN:1
tétanos	NOUN:1
téter	VERB:2
tétine	NOUN:4
téton	NOUN:2
tétouan	PROPN:1
tétralogie	NOUN:1
tétraplégique	ADJ:1
tétras	NOUN:1
tétraèdre	NOUN:1
tétreault	PROPN:1
tété	NOUN:1
têt	NOUN:4	PROPN:1
têtard	NOUN:1
tête	NOUN:4
têtu	ADJ:1
tô	NOUN:1
tôkyô	PROPN:1
tôle	NOUN:1
tôlerie	NOUN:2
tôt	ADV:1
ua	NOUN:1
ubaye	PROPN:1
uberisation	NOUN:1
ubiquité	NOUN:1
ubuesque	ADJ:1
ubérisation	NOUN:1
uccle	PROPN:1
uchronie	NOUN:1
udine	PROPN:1
udon	NOUN:1
ue	PROPN:1
ugh	INTJ:1
ukraine	PROPN:1
ukrainien	ADJ:1	NOUN:2
ukulélé	NOUN:1
ulcère	NOUN:1
ultimatum	NOUN:1
ultime	ADJ:1
ultimement	ADV:1
ultra	ADJ:1	NOUN:2
ultramoderne	ADJ:1
ultrason	NOUN:1
ultraviolet	ADJ:1	NOUN:1
ultérieur	ADJ:2
ultérieurement	ADV:1
ulysse	PROPN:2
umtiti	PROPN:1
un	DET:1	NUM:1	PRON:1	NOUN:1
unanime	ADJ:1
unanimement	ADV:1
unanimité	NOUN:1
underground	ADJ:1	NOUN:1
uni	ADJ:2	NOUN:1
unicité	NOUN:1
unidimensionnel	ADJ:1
unifiant	VERB:1
unificateur	NOUN:1	ADJ:1
unification	NOUN:1
unifier	VERB:1
uniforme	ADJ:1	NOUN:1
uniformisation	NOUN:1
uniformiser	VERB:2
uniformité	NOUN:1
uniformément	ADV:1
unijambiste	NOUN:1
unilatéral	ADJ:1
unilatéralement	ADV:1
unilingue	ADJ:1
uninominal	ADJ:1
union	NOUN:1	PROPN:2
unioniste	NOUN:2
unique	ADJ:2
uniquement	ADV:3
unir	VERB:2
unisexe	ADJ:1
unisson	NOUN:1
unitaire	ADJ:3
unité	NOUN:3
univ	NOUN:1
univers	NOUN:1
universalisme	NOUN:1
universaliste	ADJ:1
universalité	NOUN:1
universaux	NOUN:1
universel	ADJ:2
universellement	ADV:1
universitaire	ADJ:1	NOUN:2
université	NOUN:1
univoque	ADJ:2
unième	X:2
untel	NOUN:1
uppercut	NOUN:1
uqam	PROPN:1
uranie	PROPN:1	NOUN:1
uranium	NOUN:1
uranus	PROPN:2
urbain	ADJ:2	PROPN:1
urbanisation	NOUN:1
urbaniser	VERB:1
urbanisme	NOUN:1
urbaniste	NOUN:2
urbanistique	ADJ:2
urbanité	NOUN:1
urgemment	ADV:1
urgence	NOUN:1
urgent	ADJ:1
urgentiste	NOUN:1
uri	PROPN:1
urinaire	ADJ:1
urine	NOUN:1
uriner	VERB:1
urinoir	NOUN:1
urique	ADJ:1
urne	NOUN:2
urologie	NOUN:1
urologue	NOUN:1
urss	PROPN:1
ursule	PROPN:1
urticaire	NOUN:1
uruguay	PROPN:1
uruguayen	NOUN:1	ADJ:1
urvoas	PROPN:1
urètre	NOUN:2
urée	NOUN:1
us	NOUN:1
usa	VERB:2
usage	NOUN:2
usager	NOUN:1
usagé	ADJ:3
usant	ADJ:1
user	VERB:2
usinage	NOUN:1
usine	NOUN:3
usité	ADJ:1
ustensile	NOUN:1
usuel	ADJ:1
usuellement	ADV:1
usufruit	NOUN:1
usufruitier	ADJ:1
usure	NOUN:2
usurier	NOUN:1	ADJ:1
usurpateur	ADJ:1	NOUN:1
usurpation	NOUN:2
usurper	VERB:1
ut	NOUN:1
utah	PROPN:1
utile	ADJ:1
utilement	ADV:1
utilisable	ADJ:1
utilisateur	NOUN:1
utilisation	NOUN:1
utiliser	VERB:1
utilitaire	ADJ:2
utilitarisme	NOUN:1
utilitariste	ADJ:1
utilité	NOUN:4
utique	PROPN:1
utopie	NOUN:2
utopique	ADJ:1
utopiste	ADJ:1
utrecht	PROPN:2	NOUN:1
utérin	ADJ:2
utérus	NOUN:1
uvre	NOUN:3
vacance	NOUN:2
vacancier	NOUN:1	ADJ:1
vacant	ADJ:1
vacarme	NOUN:1
vacataire	NOUN:2
vacation	NOUN:1
vaccin	NOUN:1
vaccinal	ADJ:1
vaccination	NOUN:1
vacciner	VERB:1
vacciné	ADJ:1
vache	NOUN:1	ADJ:2
vachement	ADV:1
vacher	NOUN:1	ADJ:1
vacherie	NOUN:2
vachette	NOUN:3
vachon	PROPN:2
vacillant	ADJ:1
vaciller	VERB:2
vacuité	NOUN:1
vacuum	NOUN:1
vader	VERB:2
vadrouille	NOUN:2
vagabond	ADJ:1	NOUN:1
vagabondage	NOUN:1
vagabonder	VERB:2
vagin	NOUN:1
vaginal	ADJ:1
vague	NOUN:2	ADJ:1
vaguement	ADV:1
vaillamment	ADV:1
vaillance	NOUN:1
vaillancourt	PROPN:1
vaillant	ADJ:5
vain	ADJ:2
vaincre	VERB:2
vainement	ADV:1
vainqueur	NOUN:2
vair	NOUN:1
vaison	PROPN:1
vaisseau	NOUN:2
vaisselle	NOUN:2
val	NOUN:1
val-d'oise	PROPN:1
val-de-marne	PROPN:1
valable	ADJ:1
valablement	ADV:1
valachie	PROPN:2
valcourt	PROPN:1
valence	NOUN:2	PROPN:6
valenciennes	PROPN:1
valenciennois	ADJ:1
valentin	PROPN:1
valentine	PROPN:2
valenton	PROPN:1
valet	NOUN:6
valeur	NOUN:3
valeureux	ADJ:1
validation	NOUN:1
valide	ADJ:1
valider	VERB:1
validité	NOUN:1
valise	NOUN:2
valjean	PROPN:1
valkyrie	NOUN:1
vallaud	ADJ:1
vallon	NOUN:1
vallonné	ADJ:1
vallée	NOUN:1	PROPN:1
valmont	PROPN:1
valoir	VERB:4
valois	PROPN:2	ADJ:1
valorisant	ADJ:1
valorisation	NOUN:2
valoriser	VERB:1
valse	NOUN:1
valser	VERB:2
valve	NOUN:1
valère	PROPN:1
valériane	NOUN:1
valérie	PROPN:1
valérien	PROPN:1
valéry	PROPN:1
vamp	NOUN:1
vampire	NOUN:1
vampirique	ADJ:1
vampirisme	NOUN:1
van	NOUN:2
vanadium	NOUN:1
vancouver	PROPN:2
vanda	NOUN:1
vandale	NOUN:4
vandaliser	VERB:1
vandalisme	NOUN:1
vanessa	PROPN:1
vanier	PROPN:1
vanille	NOUN:3
vanillé	ADJ:1
vaniteux	ADJ:1	NOUN:1
vanité	NOUN:3
vanne	NOUN:3
vanner	VERB:8
vannerie	NOUN:2
vannes	PROPN:1
vannier	NOUN:1
vantail	NOUN:2
vantard	NOUN:1	ADJ:1
vantardise	NOUN:2
vanter	VERB:2
vanté	ADJ:1
vanuatu	PROPN:1
vape	NOUN:2
vapeur	NOUN:3
vaporeux	ADJ:2
vaporisateur	NOUN:1
vaporisation	NOUN:1
vaporiser	VERB:1
vapoter	VERB:1
vaquer	VERB:5
var	PROPN:2
varan	NOUN:1
varane	PROPN:1
varda	PROPN:1
varech	NOUN:1
varennes	PROPN:2
vareuse	NOUN:2
variabilité	NOUN:1
variable	ADJ:1	NOUN:1
variance	NOUN:1
variant	ADJ:1	NOUN:1
variante	NOUN:1
variateur	NOUN:1
variation	NOUN:2
varicelle	NOUN:1
varier	VERB:1
variole	NOUN:1
varié	ADJ:1
variété	NOUN:3
varois	ADJ:1
varsovie	PROPN:1
vasculaire	ADJ:1
vascularisation	NOUN:1
vase	NOUN:2
vasectomie	NOUN:1
vaseline	NOUN:1
vaseux	ADJ:2
vasque	NOUN:1
vassal	ADJ:1
vassalité	NOUN:2
vasseur	PROPN:1
vaste	ADJ:1
vatican	ADJ:1
vaticane	ADJ:2
vau	NOUN:1
vaucluse	PROPN:3
vaud	PROPN:1
vaudeville	NOUN:1
vaudois	ADJ:2
vaudou	NOUN:1	ADJ:1
vaurien	NOUN:1
vautour	NOUN:2
vautrer	VERB:5
vavasseur	NOUN:1
vd	PROPN:1
ve	NOUN:1
veau	NOUN:3
vecteur	ADJ:1	NOUN:2
vectoriel	ADJ:1
vedette	NOUN:4
veillant	ADJ:1
veille	NOUN:5
veiller	VERB:7
veilleur	NOUN:1
veilleuse	NOUN:3
veilleux	PROPN:1
veillée	NOUN:2
veinard	NOUN:1	ADJ:1
veine	NOUN:4
veineux	ADJ:2
velcro	NOUN:1
velle	NOUN:1
velléité	NOUN:2
velours	NOUN:2
velouté	ADJ:2	NOUN:2
velu	ADJ:2
venaissin	ADJ:1
vence	PROPN:1
vendange	NOUN:3
vendanger	VERB:1
vendetta	NOUN:1
vendeur	ADJ:1	NOUN:2
vendeuse	NOUN:1
vendre	VERB:2
vendredi	NOUN:1
vendée	PROPN:2
vendéen	ADJ:1	NOUN:1
vendémiaire	NOUN:1
vendôme	PROPN:1
vendômois	ADJ:1	NOUN:1
veneur	NOUN:1
venezuela	PROPN:1
vengeance	NOUN:1
venger	VERB:1
vengeur	ADJ:1	NOUN:1
venimeux	ADJ:1
venin	NOUN:2
venir	VERB:3
venise	PROPN:2
vent	NOUN:4
vente	NOUN:1
venter	VERB:1
venteux	ADJ:1
ventilateur	NOUN:2
ventilation	NOUN:3
ventiler	VERB:4
ventilo	NOUN:1
ventouse	NOUN:7
ventoux	PROPN:1
ventral	ADJ:1
ventre	NOUN:2
ventriculaire	ADJ:1
ventricule	NOUN:1
ventriloque	NOUN:1
ventura	PROPN:1
ventôse	NOUN:1
ver	NOUN:1
verbal	ADJ:1
verbalement	ADV:1
verbalisation	NOUN:2
verbaliser	VERB:3
verbatim	NOUN:1
verbe	NOUN:4
verbeux	ADJ:1
verbiage	NOUN:1
verceil	PROPN:1
verchères	PROPN:1
vercingétorix	PROPN:1
vercors	PROPN:1
verdict	NOUN:1
verdier	NOUN:1
verdir	VERB:1
verdissement	NOUN:1
verdon	PROPN:1
verdoyant	ADJ:1
verdun	PROPN:1
verdure	NOUN:1
verdâtre	ADJ:1
verge	NOUN:3
verger	NOUN:1
verglas	NOUN:2
vergne	NOUN:1
vergogne	NOUN:3
vergue	NOUN:1
vergé	ADJ:3
verhaegen	PROPN:1
verlan	NOUN:1
vermeil	ADJ:3	NOUN:1
vermifuge	ADJ:1
vermillon	NOUN:2
vermine	NOUN:2
vermouth	NOUN:1
vernaculaire	ADJ:1	NOUN:1
verne	PROPN:1
vernet	PROPN:1
verni	ADJ:2
vernier	NOUN:1
vernir	VERB:1
vernis	NOUN:3
vernissage	NOUN:2
verrat	NOUN:1
verre	NOUN:2
verrerie	NOUN:3
verrier	NOUN:1	ADJ:1
verrière	NOUN:1
verrou	NOUN:3
verrouillage	NOUN:2
verrouiller	VERB:2
verrue	NOUN:1
vers	ADP:3	NOUN:1
versaillais	ADJ:2	NOUN:1
versailles	PROPN:2
versant	NOUN:1
versatile	ADJ:2
versatilité	NOUN:2
verseau	PROPN:2	NOUN:1
versement	NOUN:1
verser	VERB:3
verset	NOUN:1
versification	NOUN:1
version	NOUN:4
verso	NOUN:2
verstappen	PROPN:1
versus	ADP:1
vert	NOUN:1	ADJ:1
vertement	ADV:2
vertex	NOUN:1
vertical	ADJ:1
verticalement	ADV:1
verticalité	NOUN:1
vertige	NOUN:1
vertigineux	ADJ:2
vertu	NOUN:1
vertueux	ADJ:1
vertèbre	NOUN:1
vertébral	ADJ:1
verve	NOUN:2
verveine	NOUN:2
verville	PROPN:1
vervins	PROPN:1
vesoul	PROPN:1
vespa	NOUN:1
vessie	NOUN:1
vesta	PROPN:1
vestale	NOUN:1
veste	NOUN:1
vestiaire	NOUN:4
vestibulaire	ADJ:1
vestibule	NOUN:2
vestige	NOUN:1
vestimentaire	ADJ:1
veston	NOUN:1
veto	NOUN:2
vettel	PROPN:1
veuf	NOUN:1	ADJ:2
veule	ADJ:1
veuvage	NOUN:1
veuve	NOUN:1
vexant	ADJ:1
vexer	VERB:2
vf	NOUN:1
vhs	NOUN:1
via	ADP:1
viabilité	NOUN:2
viable	ADJ:2
viaduc	NOUN:1
viager	ADJ:1
vialatte	PROPN:1
viande	NOUN:3
viatique	NOUN:2
viau	PROPN:2
viaud	PROPN:1
vibe	NOUN:1
vibrant	ADJ:1
vibrateur	NOUN:1
vibration	NOUN:1
vibrato	NOUN:1
vibratoire	ADJ:1
vibrer	VERB:1
vibreur	NOUN:4
vibromasseur	NOUN:1
vicaire	NOUN:1
vicariat	NOUN:1
vice	NOUN:1
vice-amiral	NOUN:1
vice-chancelier	NOUN:1
vice-président	NOUN:1
vice-roi	NOUN:1
vicence	PROPN:2
vichy	PROPN:1	NOUN:2
vichyste	ADJ:1	NOUN:2
vicieux	ADJ:4	NOUN:1
vicinal	ADJ:1
vicié	ADJ:1
vicomte	NOUN:1
vicomtesse	NOUN:1
vicomté	NOUN:1
victimaire	ADJ:1
victime	NOUN:1
victimisation	NOUN:1
victimiser	VERB:1
victoire	NOUN:1	PROPN:1
victor	PROPN:1
victoria	PROPN:5
victoriaville	PROPN:1
victorien	ADJ:1
victorieusement	ADV:1
victorieux	ADJ:1
vidage	NOUN:1
vidange	NOUN:3
vidanger	VERB:2
vide	ADJ:4	NOUN:4
vider	VERB:2
videur	NOUN:1
vidocq	PROPN:1
vidéaste	NOUN:1
vidéo	ADJ:1	NOUN:1
vidéoclip	NOUN:1
vidéoconférence	NOUN:1
vidéoludique	ADJ:1
vidéoprojecteur	NOUN:1
vidéosurveillance	NOUN:1
vidéothèque	NOUN:2
vie	NOUN:6
vieillard	NOUN:1
vieillesse	NOUN:2
vieilli	ADJ:1
vieillir	VERB:3
vieillissement	NOUN:1
vieillot	ADJ:2	PROPN:1
vielle	NOUN:1
viendez	INTJ:1
viennois	ADJ:2	NOUN:2	PROPN:1
viennoiserie	NOUN:1
vientiane	PROPN:1
vierge	NOUN:2	PROPN:2	ADJ:1
vierzon	PROPN:1
vietnam	PROPN:1
vietnamien	ADJ:1	NOUN:2
vieux	ADJ:1	NOUN:4
vif	ADJ:6	NOUN:2
vigie	NOUN:2
vigilance	NOUN:1
vigilant	ADJ:1
vigile	NOUN:2
vigipirate	ADJ:1
vigne	NOUN:2
vigneron	NOUN:1	ADJ:1	PROPN:1
vignes	PROPN:2
vignette	NOUN:2
vignoble	NOUN:1
vigoureusement	ADV:1
vigoureux	ADJ:1
viguerie	NOUN:1
vigueur	NOUN:1
viguier	NOUN:1
viking	NOUN:1	ADJ:1
vil	ADJ:2
vilain	NOUN:3	ADJ:4
vilaine	PROPN:1
vilayet	NOUN:1
vilebrequin	NOUN:2
vilipender	VERB:1
villa	NOUN:2
village	NOUN:2
villageois	ADJ:1	NOUN:1
villard	ADJ:1	NOUN:1
ville	NOUN:1	PROPN:1
villefort	PROPN:2
villejuif	PROPN:1
villeneuve	PROPN:1
villette	NOUN:1
villiers	PROPN:2
villèle	PROPN:1
villégiature	NOUN:2
vilnius	PROPN:1
vin	NOUN:1
vinaigre	NOUN:1
vinaigrette	NOUN:2
vince	PROPN:1
vincennes	PROPN:1
vincent	PROPN:2
vindicatif	ADJ:1
vindicte	NOUN:2
vineux	ADJ:1
vingt	NUM:1
vingt-cinq	NUM:1
vingt-neuf	NUM:1
vingt-quatre	NUM:1
vingt-quatrième	ADJ:1
vingt-sept	NUM:1
vingt-sixième	ADJ:1
vingtaine	NOUN:2
vingtième	ADJ:1
vinicole	ADJ:1
vinification	NOUN:2
vintage	ADJ:1
vintimille	PROPN:1
vinyle	ADJ:1
viol	NOUN:1
violacé	ADJ:1
violaine	PROPN:1
violation	NOUN:1
viole	NOUN:1
violemment	ADV:1
violence	NOUN:2
violent	ADJ:2
violenter	VERB:2
violer	VERB:2
violet	NOUN:2	ADJ:1	PROPN:1
violette	PROPN:2	NOUN:1
violeur	NOUN:1
violine	NOUN:1	ADJ:1
violon	NOUN:3
violoncelle	NOUN:1
violoncelliste	NOUN:1
violoniste	NOUN:1
vip	NOUN:1
vipère	NOUN:2
virage	NOUN:4
viral	ADJ:1
viralité	NOUN:2
vire	NOUN:1
virement	NOUN:1
virer	VERB:4
virevoltant	ADJ:1
virevolter	VERB:1
virgile	PROPN:1
virginal	ADJ:1
virginie	PROPN:2
virginie-occidentale	PROPN:1
virginité	NOUN:2
virgule	NOUN:2
viril	ADJ:2
virilité	NOUN:1
virologie	NOUN:1
virtualité	NOUN:1
virtuel	ADJ:1
virtuellement	ADV:1
virtuose	ADJ:1
virtuosité	NOUN:1
virulence	NOUN:1
virulent	ADJ:2
virus	NOUN:1
virée	NOUN:2
vis	NOUN:1
vis-à-vis	ADV:1	NOUN:6
visa	NOUN:2
visage	NOUN:1
viscose	NOUN:1
viscosité	NOUN:1
viscère	NOUN:1
viscéral	ADJ:2
viscéralement	ADV:1
viser	VERB:3
viseur	NOUN:2
visibilité	NOUN:1
visible	ADJ:1
visiblement	ADV:2
visio	NOUN:1
visioconférence	NOUN:1
vision	NOUN:1
visionnage	NOUN:1
visionnaire	ADJ:1	NOUN:2
visionnement	NOUN:2
visionner	VERB:1
visitation	NOUN:1
visite	NOUN:1
visiter	VERB:1
visiteur	NOUN:1
visière	NOUN:3
vison	NOUN:1
visqueux	ADJ:1
visser	VERB:3
vistule	PROPN:1
visualisation	NOUN:1
visualiser	VERB:1
visuel	ADJ:1
visuellement	ADV:1
vital	ADJ:1
vitalité	NOUN:1
vitamine	NOUN:1
vite	ADV:1	ADJ:1
vitesse	NOUN:2
viticole	ADJ:1
viticulteur	NOUN:2
viticulture	NOUN:1
vitiligo	NOUN:1
vitrage	NOUN:2
vitrail	NOUN:2
vitre	NOUN:3
vitrerie	NOUN:2
vitreux	ADJ:1
vitrier	NOUN:1
vitrification	NOUN:1
vitrine	NOUN:3
vitriol	NOUN:1
vitré	PROPN:1
vivable	ADJ:2
vivace	ADJ:4
vivacité	NOUN:1
vivarium	NOUN:1
vivement	ADV:3	ADP:1	SCONJ:1
viviane	PROPN:1
vivien	PROPN:1
vivienne	PROPN:1
vivier	NOUN:2
vivifiant	ADJ:1
vivisection	NOUN:1
vivre	VERB:2
vivres	NOUN:1
vizir	NOUN:1
vj	NOUN:1
vlan	INTJ:1	NOUN:1
vo	PROPN:1
vocable	NOUN:1
vocabulaire	NOUN:1
vocal	ADJ:1	NOUN:1
vocalement	ADV:1
vocalique	ADJ:1
vocalisation	NOUN:1
vocation	NOUN:2
vodka	NOUN:1
vogue	NOUN:1
voguer	VERB:2
voici	VERB:3	ADP:1
voie	NOUN:3
voile	NOUN:3
voiler	VERB:4
voilier	NOUN:3
voilure	NOUN:2
voilà	VERB:5	ADP:1
voilé	ADJ:1
voir	VERB:3	ADV:1
voire	ADV:3
voirie	NOUN:1
voisin	ADJ:2	NOUN:1
voisinage	NOUN:3
voiture	NOUN:3	PROPN:2
voiturette	NOUN:3
voiturier	NOUN:2
voix	NOUN:2
vol	NOUN:2
volage	ADJ:2
volaille	NOUN:4
volant	ADJ:1	NOUN:4
volatil	ADJ:3
volatile	NOUN:1
volatiliser	VERB:3
volatilité	NOUN:1
volcan	NOUN:1
volcanique	ADJ:1
volcanisme	NOUN:1
voler	VERB:4
volet	NOUN:5
voleur	NOUN:2	ADJ:1
volière	NOUN:2
volkswagen	PROPN:1	NOUN:1
volley	NOUN:1
volley-ball	NOUN:1
volontaire	ADJ:3	NOUN:1
volontairement	ADV:1
volontariat	NOUN:1
volontarisme	NOUN:1
volontariste	ADJ:2
volontiers	ADV:1
volonté	NOUN:1
volt	NOUN:1
voltage	NOUN:1
voltige	NOUN:2
voltigeur	NOUN:2
volubile	ADJ:2
volume	NOUN:5
volumineux	ADJ:1
volumique	ADJ:1
volumétrique	ADJ:1
voluptueux	ADJ:1
volupté	NOUN:2
volute	NOUN:2
volée	NOUN:5
vomi	NOUN:1
vomir	VERB:1
vomissement	NOUN:1
vomitif	ADJ:1
vorace	ADJ:1
voracité	NOUN:1
vortex	NOUN:1
vosges	PROPN:2
vosgien	ADJ:1	NOUN:1
vost	NOUN:1
vostre	DET:1
votant	NOUN:1
votation	NOUN:1
vote	NOUN:1
voter	VERB:1
votre	DET:1
vouer	VERB:3
vouloir	VERB:4	NOUN:1
vous	PRON:3
voussure	NOUN:1
vouvoiement	NOUN:1
vouvoyer	VERB:1
voyage	NOUN:3
voyager	VERB:1
voyageur	NOUN:1	ADJ:1
voyagiste	NOUN:1
voyance	NOUN:2
voyelle	NOUN:1
voyer	NOUN:1
voyeur	NOUN:2
voyeurisme	NOUN:1
voyou	NOUN:3
voûte	NOUN:2
vps	NOUN:1
vr	NOUN:1
vrac	NOUN:1
vrai	ADJ:3	NOUN:1	ADV:1
vraiement	ADV:2
vraiment	ADV:2	INTJ:1
vraisemblable	ADJ:1
vraisemblablement	ADV:1
vraisemblance	NOUN:2
vrille	NOUN:5
vrm	ADV:2
vrombissement	NOUN:1
vs	ADP:1
vtt	NOUN:1
vue	NOUN:4
vuillermoz	PROPN:1
vuitton	PROPN:1
vulcain	NOUN:1	PROPN:2
vulgaire	ADJ:1
vulgairement	ADV:2
vulgarisateur	ADJ:1	NOUN:1
vulgarisation	NOUN:1
vulgariser	VERB:1
vulgarité	NOUN:1
vulgate	NOUN:1
vulnérabilité	NOUN:1
vulnérable	ADJ:1
vulve	NOUN:1
vé	NOUN:1	INTJ:1
védique	ADJ:1
végan	ADJ:1
végane	ADJ:1
végé	NOUN:1	ADJ:1
végétal	NOUN:1
végétalien	ADJ:1	NOUN:1
végétalisation	NOUN:1
végétarien	ADJ:2	NOUN:1
végétarisme	NOUN:1
végétatif	ADJ:1
végétation	NOUN:1
végéter	VERB:1
véhiculaire	ADJ:2
véhicule	NOUN:2
véhiculer	VERB:2
véhémence	NOUN:1
véhément	ADJ:1
vélin	NOUN:1
vélo	NOUN:2
véloce	ADJ:1
vélocité	NOUN:1
vélodrome	NOUN:1
véloroute	NOUN:1
vénal	ADJ:2
vénalité	NOUN:1
vénerie	NOUN:1
vénitien	ADJ:1	NOUN:2
vénus	PROPN:2
vénère	ADJ:1
vénéneux	ADJ:1
vénérable	ADJ:1
vénération	NOUN:1
vénérer	VERB:1
vénétie	PROPN:1
vénézuéla	PROPN:1
vénézuélien	ADJ:1	NOUN:1
véracité	NOUN:2
véranda	NOUN:1
véreux	ADJ:2
véridique	ADJ:1
vérifiable	ADJ:1
vérificateur	NOUN:1
vérification	NOUN:1
vérifier	VERB:1
vérin	NOUN:2
véritable	ADJ:1
véritablement	ADV:1
vérité	NOUN:1
véro	PROPN:1
vérole	NOUN:1
vérone	PROPN:2
véronique	PROPN:1	NOUN:3
vésicule	NOUN:2
vésubie	PROPN:1
vésuve	PROPN:1
vétuste	ADJ:2
vétusté	NOUN:1
vétéran	NOUN:1
vétérinaire	ADJ:1	NOUN:1
vézina	PROPN:1
vézère	PROPN:1
vêlage	NOUN:1
vêpres	NOUN:2
vêtement	NOUN:3
vêtir	VERB:2
vôtre	DET:1
vôtres	ADJ:1
vœu	NOUN:2
wagon	NOUN:1
wahhabisme	NOUN:1
wahhabite	ADJ:1
wakefield	PROPN:2
walkman	NOUN:1
walkyrie	NOUN:1
wallace	NOUN:1
wallah	INTJ:2
wallon	ADJ:1	NOUN:2
wallonie	PROPN:1
waouh	INTJ:3
waouw	INTJ:3
wapiti	NOUN:1
wargame	NOUN:1
warning	NOUN:1
warrant	NOUN:1
washington	PROPN:2
water	NOUN:1
water-polo	NOUN:1
waterloo	PROPN:1
waterproof	ADJ:1
waters	NOUN:1
watt	NOUN:1
watteau	PROPN:1
wattrelos	PROPN:1
wc	NOUN:1
we	INTJ:1
web	PROPN:1
webcam	NOUN:1
weber	NOUN:1
webinaire	NOUN:1
webmaster	NOUN:1
webzine	NOUN:1
wedge	NOUN:1
week-end	NOUN:1
weinstein	PROPN:1
weird	ADJ:1
wendigo	NOUN:1
werber	PROPN:1
werth	PROPN:1
wesh	INTJ:6	NOUN:1
western	NOUN:1
westmount	PROPN:1
westphalie	PROPN:1
wheeling	NOUN:1
whig	NOUN:1
whiskey	NOUN:1
whisky	NOUN:1
wi	INTJ:1
wi-fi	NOUN:1
widget	NOUN:1
wifi	NOUN:1
wiki	NOUN:1
wikipédia	NOUN:1
wiktionnaire	PROPN:1
wilaya	NOUN:1
wilfrid	PROPN:1
wilfried	PROPN:1
william	PROPN:1
williams	PROPN:1
wilson	PROPN:2
winch	NOUN:1
winchester	NOUN:1
windows	PROPN:1
winnipeg	PROPN:3
wisconsin	PROPN:1
wissant	PROPN:1
wissembourg	PROPN:1
wissous	PROPN:1
woke	ADJ:1
wolfram	NOUN:2
wolinski	PROPN:1
wolof	NOUN:2	ADJ:1
won	NOUN:1
worth	ADJ:1
wrap	NOUN:1
wsh	INTJ:6
wu	NOUN:1
wuhan	PROPN:1
wyoming	PROPN:1
xavier	PROPN:1
xavière	PROPN:1
xe	ADJ:1
xerxès	PROPN:1
xhosa	NOUN:1
xi	NOUN:1
xiang	NOUN:1
xinjiang	PROPN:1
xps	NOUN:2
xylophone	NOUN:1
xénon	NOUN:1
xénophobe	ADJ:1	NOUN:1
xénophobie	NOUN:1
xénophon	PROPN:1
xérès	NOUN:1
y	PRON:3
yacht	NOUN:1
yachting	NOUN:1
yak	NOUN:1
yakuza	NOUN:2
yamada	PROPN:1
yamaguchi	PROPN:1
yamamoto	PROPN:1
yamoussoukro	PROPN:1
yang	NOUN:1
yankee	ADJ:2
yann	PROPN:1
yanne	PROPN:1
yannick	PROPN:1
yaoundé	PROPN:1
yaourt	NOUN:2
yard	NOUN:1
yasmina	PROPN:1
yasmine	PROPN:1
yellowknife	PROPN:1
yen	NOUN:1
yerres	PROPN:1
yes	INTJ:1
yeshiva	NOUN:1
yiddish	ADJ:1	PROPN:1
yin	NOUN:1
yo	NOUN:1
yoga	NOUN:1
yogi	NOUN:1
yogourt	NOUN:2
yoko	PROPN:1
yolande	PROPN:1
yole	NOUN:1
yoni	NOUN:1
yorkshire	NOUN:1
yoruba	NOUN:1
yougoslave	ADJ:1	NOUN:1
yougoslavie	PROPN:1
younès	PROPN:1
youpi	INTJ:1
youri	PROPN:1
yourte	NOUN:1
youssef	PROPN:2
youssouf	PROPN:1
youtube	PROPN:1
youtubeur	NOUN:2
youtubeurs	NOUN:1
youtubeuse	NOUN:1
yoyo	NOUN:1
ypres	PROPN:1
yrieix	PROPN:1
ys	PROPN:1
yseult	PROPN:1
ysl	PROPN:1
yuan	NOUN:1
yucca	NOUN:1
yui	PROPN:1
yukiko	PROPN:1
yuko	PROPN:1
yukon	PROPN:2
yumi	NOUN:1	PROPN:1
yunnan	PROPN:1
yvelines	PROPN:1
yverdon	PROPN:1
yves	PROPN:1
yvette	PROPN:2	NOUN:1
yvon	PROPN:2
yvonne	PROPN:1
yé	X:1
yémen	PROPN:3
yéménite	ADJ:1	NOUN:1
yéti	NOUN:1
yéyé	NOUN:2
za	NOUN:1
zabou	PROPN:2
zacharie	PROPN:2
zad	NOUN:1
zagreb	PROPN:1
zambie	PROPN:1
zambien	ADJ:1
zambèze	PROPN:1
zanzibar	NOUN:1
zapper	VERB:4
zapping	NOUN:1
zar	NOUN:1
zarb	NOUN:1
zarbi	ADJ:1
zazie	PROPN:1
zazou	NOUN:1
zaïre	PROPN:1	NOUN:1
zaïrois	NOUN:2
zeb	NOUN:1
zee	NOUN:1
zemmour	PROPN:1
zen	NOUN:1	ADJ:1
zend	ADJ:1	NOUN:1
zeppelin	NOUN:1
zest	NOUN:1
zeste	NOUN:3
zeus	PROPN:1
zibeline	NOUN:2
zidane	PROPN:2
zig	NOUN:1
zigouiller	VERB:1
ziguinchor	PROPN:2
zigzag	NOUN:1
zimbabwéen	ADJ:1	NOUN:1
zina	NOUN:1
zinc	NOUN:4
zinder	PROPN:1
zinzin	ADJ:3
zinédine	PROPN:1
zipper	VERB:2	NOUN:1
zircon	NOUN:1
zirconium	NOUN:1
zizanie	NOUN:1
zizi	NOUN:1
zizou	PROPN:1
zob	NOUN:1
zodiac	PROPN:1
zodiaque	NOUN:2
zombi	NOUN:1	ADJ:1
zombie	ADJ:1
zona	NOUN:1
zonage	NOUN:1
zone	NOUN:1
zoner	VERB:3
zonzon	NOUN:2
zoo	NOUN:1
zoologie	NOUN:1
zoologique	ADJ:1
zoologiste	NOUN:1
zoom	NOUN:1
zoomer	VERB:1
zoophile	ADJ:1	NOUN:1
zoophilie	NOUN:1
zoroastre	PROPN:1
zou	INTJ:1
zouave	NOUN:2
zoug	PROPN:1
zouk	NOUN:1
zoulou	NOUN:2	ADJ:1
zouma	NOUN:1
zozo	NOUN:1	ADJ:1
zoé	PROPN:1	NOUN:1
zurich	PROPN:2
zurichois	ADJ:1	NOUN:1
zut	INTJ:1
zyklon	NOUN:2
zèbre	NOUN:2
zèle	NOUN:1
zébu	NOUN:1
zélandais	ADJ:1
zélande	PROPN:1
zélé	ADJ:2
zénith	NOUN:1
zénon	PROPN:1
zéphirin	NOUN:1	PROPN:2
zéphyr	NOUN:1
zéro	NUM:1	NOUN:3
zététique	ADJ:1
à	ADP:8
âcre	ADJ:2
âge	NOUN:1
âgé	ADJ:1
âme	NOUN:5
âne	NOUN:3
ânerie	NOUN:1
âpre	ADJ:3
âprement	ADV:1
âpreté	NOUN:1
âtre	NOUN:1	ADJ:1
ça	PRON:7	NOUN:1
çà	ADV:1	INTJ:2
è	X:1
ère	NOUN:1
ès	X:1
ève	PROPN:2
ébahi	ADJ:1
ébauche	NOUN:1
ébaucher	VERB:4
ébloui	ADJ:1
éblouir	VERB:1
éblouissant	ADJ:1
éblouissement	NOUN:2
éboueur	NOUN:1
éboulement	NOUN:2
éboulis	NOUN:2
ébranler	VERB:3
ébriété	NOUN:1
ébruiter	VERB:1
ébullition	NOUN:1
ébène	ADJ:1	NOUN:1
ébéniste	NOUN:2
ébénisterie	NOUN:1
écaille	NOUN:3
écarlate	ADJ:1	NOUN:1
écart	NOUN:6
écartelé	ADJ:1
écartement	NOUN:2
écarter	VERB:8
écarté	ADJ:5	NOUN:1
écervelé	ADJ:1	NOUN:1
échafaud	NOUN:1
échafaudage	NOUN:1
échafauder	VERB:2
échalas	NOUN:2
échalote	NOUN:1
échancrure	NOUN:3
échancré	ADJ:2
échange	NOUN:1
échangeable	ADJ:1
échanger	VERB:1
échangeur	NOUN:2	ADJ:1
échangisme	NOUN:1
échangiste	NOUN:1	ADJ:1
échanson	NOUN:2
échantillon	NOUN:1
échantillonnage	NOUN:1
échappatoire	NOUN:1
échappement	NOUN:3
échapper	VERB:4
échappé	NOUN:1
échappée	NOUN:1
écharde	NOUN:1
écharpe	NOUN:3
échauffement	NOUN:1
échauffer	VERB:4
échauffourée	NOUN:2
échec	NOUN:1	INTJ:1
échelle	NOUN:3
échelon	NOUN:3
échelonnement	NOUN:1
échelonner	VERB:3
écheveau	NOUN:2
échevin	NOUN:2
échevinage	NOUN:3
échine	NOUN:1
échiquier	NOUN:2
écho	NOUN:2
échographie	NOUN:1
échoir	VERB:2
échoppe	NOUN:2
échouage	NOUN:1
échouer	VERB:4
échéance	NOUN:3
échéancier	NOUN:1
éclabousser	VERB:3
éclair	NOUN:4	ADJ:1
éclairage	NOUN:1
éclaircie	NOUN:1
éclaircir	VERB:3
éclaircissement	NOUN:1
éclairement	NOUN:2
éclairer	VERB:3
éclaireur	NOUN:2
éclampsie	NOUN:1
éclat	NOUN:5
éclatant	ADJ:1
éclatement	NOUN:4
éclater	VERB:5
éclectique	ADJ:1
éclectisme	NOUN:1
éclipse	NOUN:1
éclipser	VERB:3
écliptique	ADJ:1	NOUN:1
éclore	VERB:3
éclosion	NOUN:2
écluse	NOUN:1
écoeurer	VERB:3
école	NOUN:1
écolier	NOUN:2
écolière	NOUN:1
écolo	ADJ:1	NOUN:1
écologie	NOUN:1
écologique	ADJ:2
écologiquement	ADV:1
écologiste	NOUN:2
écomusée	NOUN:1
économe	ADJ:1	NOUN:2
économie	NOUN:4
économique	ADJ:2
économiquement	ADV:1
économiser	VERB:1
économiste	NOUN:1
économétrie	NOUN:1
écope	NOUN:1
écoper	VERB:2
écoquartier	NOUN:1
écorce	NOUN:3
écorcher	VERB:3
écorché	ADJ:2	NOUN:1
écossais	ADJ:1	NOUN:3
écosse	PROPN:1
écosystème	NOUN:1
écotourisme	NOUN:1
écoulement	NOUN:1
écouler	VERB:5
écourter	VERB:5
écoute	NOUN:3
écouter	VERB:3
écouteur	NOUN:3
écouteurs	NOUN:1
écoutille	NOUN:1
écran	NOUN:1
écrasant	ADJ:2
écrasement	NOUN:3
écraser	VERB:7
écrevisse	NOUN:1
écrier	VERB:2
écrin	NOUN:2
écrire	VERB:1
écriteau	NOUN:1
écriture	NOUN:4
écrivain	NOUN:1
écrou	NOUN:2
écroulement	NOUN:1
écrouler	VERB:1
écru	ADJ:2
écrémage	NOUN:2
écu	NOUN:2
écueil	NOUN:2
écuelle	NOUN:2
éculé	ADJ:3
écume	NOUN:1
écumer	VERB:7
écureuil	NOUN:1
écurie	NOUN:3	PROPN:1
écusson	NOUN:3
écuyer	NOUN:2
écœurant	ADJ:2	NOUN:1
écœurement	NOUN:2
éden	PROPN:1	NOUN:1
édenté	ADJ:1
édicter	VERB:1
édicté	ADJ:1
édicule	NOUN:2
édifiant	ADJ:2
édification	NOUN:1
édifice	NOUN:1
édifier	VERB:1
édile	NOUN:2
édimbourg	PROPN:2
édit	NOUN:1
éditer	VERB:3
éditeur	NOUN:1
édith	PROPN:1
édition	NOUN:2
édito	NOUN:1
éditorial	ADJ:1
éditorialiste	NOUN:1
édouard	PROPN:1
édredon	NOUN:2
éducateur	NOUN:2
éducatif	ADJ:1
éducation	NOUN:2
édulcorant	NOUN:1
édulcorer	VERB:2
édulcoré	ADJ:2
éduquer	VERB:1
égal	ADJ:2
également	ADV:2
égaler	VERB:2
égalisant	ADJ:1
égalisateur	ADJ:2
égalisation	NOUN:2
égaliser	VERB:2
égalitaire	ADJ:1
égalitarisme	NOUN:1
égalitariste	ADJ:1
égalité	NOUN:3
égard	NOUN:1
égarement	NOUN:1
égarer	VERB:4
égayer	VERB:3
égide	NOUN:2	PROPN:1
églantier	NOUN:1
églantine	NOUN:1
église	NOUN:1	PROPN:2
égo	NOUN:1
égocentrique	ADJ:1
égocentrisme	NOUN:1
égorgement	NOUN:1
égorger	VERB:1
égout	NOUN:2
égouttage	NOUN:1
égoutter	VERB:1
égoïsme	NOUN:1
égoïste	ADJ:1	NOUN:1
égoïstement	ADV:1
égratigner	VERB:2
égratignure	NOUN:2
égrener	VERB:6
égypte	PROPN:1
égyptien	NOUN:2	ADJ:1
égyptologie	NOUN:1
égyptologue	NOUN:1
égée	PROPN:1	ADJ:1
égérie	NOUN:2
éhonté	ADJ:1
éjaculation	NOUN:1
éjaculer	VERB:1
éjectable	ADJ:1
éjecter	VERB:1
éjection	NOUN:1
élaboration	NOUN:1
élaborer	VERB:3
élagage	NOUN:1
élaguer	VERB:1
élaine	PROPN:1
élan	NOUN:6
élancer	VERB:2
élancé	ADJ:1
élargir	VERB:1
élargissement	NOUN:1
élasticité	NOUN:1
élastique	ADJ:1	NOUN:1
électeur	NOUN:1
électif	ADJ:1
élection	NOUN:1
électoral	ADJ:1
électoralement	ADV:1
électoralisme	NOUN:1
électoraliste	ADJ:1
électorat	NOUN:1
électre	PROPN:1	NOUN:1
électricien	NOUN:1
électricité	NOUN:1
électrification	NOUN:1
électrifier	VERB:1
électrique	ADJ:1
électriquement	ADV:1
électro	NOUN:1
électroacoustique	ADJ:1	NOUN:1
électrocardiogramme	NOUN:1
électrochimie	NOUN:1
électrochimique	ADJ:1
électrochoc	NOUN:1
électrocuter	VERB:1
électrocution	NOUN:1
électrode	NOUN:1
électrogène	ADJ:1
électrolyse	NOUN:1
électrolyte	NOUN:1
électrolytique	ADJ:1
électromagnétique	ADJ:1
électromagnétisme	NOUN:1
électromécanique	ADJ:1	NOUN:1
électroménager	NOUN:1
électron	NOUN:1
électronique	ADJ:1
électroniquement	ADV:1
électrophorèse	NOUN:1
électrostatique	ADJ:1	NOUN:1
électrotechnique	ADJ:1	NOUN:1
élevage	NOUN:4
élever	VERB:6
éleveur	NOUN:1
élevé	ADJ:2
éliane	PROPN:1
élie	PROPN:2
éligibilité	NOUN:1
éligible	ADJ:1
élimination	NOUN:1
éliminatoire	ADJ:1	NOUN:1
éliminer	VERB:1
élire	VERB:2
élisa	PROPN:1
élisabeth	PROPN:2
élision	NOUN:1
élisée	PROPN:2
élite	NOUN:1
élitisme	NOUN:1
élitiste	ADJ:1
élixir	NOUN:1
élocution	NOUN:3
élodie	PROPN:1
éloge	NOUN:3
élogieux	ADJ:1
éloi	PROPN:1
éloignement	NOUN:6
éloigner	VERB:3
élongation	NOUN:2
éloquence	NOUN:1
éloquent	ADJ:2
éloïse	PROPN:1
éluard	PROPN:1
élucidation	NOUN:1
élucider	VERB:2
élucidé	ADJ:1
éluder	VERB:1
élysée	PROPN:3	ADJ:1
élégamment	ADV:1
élégance	NOUN:1
élégant	ADJ:1
élégiaque	ADJ:1
élégie	NOUN:1
élément	NOUN:2
élémentaire	ADJ:2
éléonore	PROPN:1
éléphant	NOUN:2
élévateur	ADJ:1	NOUN:2
élévation	NOUN:1
émacié	ADJ:2
émail	NOUN:4
émanation	NOUN:1
émancipateur	NOUN:1
émancipation	NOUN:1
émanciper	VERB:1
émaner	VERB:2
émargement	NOUN:2
émeraude	NOUN:1	ADJ:1
émergence	NOUN:2
émergent	ADJ:1
émerger	VERB:3
émerveillement	NOUN:1
émerveiller	VERB:2
émetteur	NOUN:2	ADJ:1
émettre	VERB:3
émeute	NOUN:2
émiettement	NOUN:2
émigrant	ADJ:1	NOUN:1
émigration	NOUN:1
émigrer	VERB:2
émigré	NOUN:1
émile	PROPN:1
émilie	PROPN:1
émilie-romagne	PROPN:1
émilien	PROPN:1	NOUN:2	ADJ:1
émincé	ADJ:1	NOUN:1
éminemment	ADV:1
éminence	NOUN:3
éminent	ADJ:1
émir	NOUN:1
émirat	NOUN:1
émirati	ADJ:1	NOUN:1
émissaire	ADJ:1
émission	NOUN:2
émoi	NOUN:3
émond	PROPN:1
émoticône	NOUN:1
émotif	ADJ:1
émotion	NOUN:1
émotionnel	ADJ:1
émotionnellement	ADV:1
émotivité	NOUN:1
émoussé	ADJ:1
émouvant	ADJ:1
émouvoir	VERB:1
émulateur	NOUN:2
émulation	NOUN:2
émule	NOUN:3
émuler	VERB:1
émulsion	NOUN:1
éméché	ADJ:1
émérite	ADJ:2
énarque	NOUN:1
énergie	NOUN:2
énergique	ADJ:1
énergiquement	ADV:1
énergivore	ADJ:1
énergumène	NOUN:4
énergétique	ADJ:1	NOUN:1
énergétiquement	ADV:1
énervant	ADJ:1
énervement	NOUN:1
énerver	VERB:3
énigmatique	ADJ:1
énigme	NOUN:2
énième	ADJ:2
énoncer	VERB:2
énonciation	NOUN:1
énoncé	NOUN:1
énorme	ADJ:1
énormité	NOUN:1
énormément	ADV:1	DET:1
énumération	NOUN:1
énumérer	VERB:1
énée	PROPN:1
énéide	PROPN:1
éocène	PROPN:1	ADJ:1
éole	PROPN:1
éolien	ADJ:4
éon	NOUN:1
épagneul	NOUN:1
épais	ADJ:2	ADV:1
épaisseur	NOUN:1
épaissi	ADJ:1
épaissir	VERB:1
épaississement	NOUN:1
épanchement	NOUN:1
épancher	VERB:7
épandage	NOUN:1
épandre	VERB:1
épanouir	VERB:3
épanouissant	ADJ:1
épanouissement	NOUN:3
épargnant	ADJ:2	NOUN:1
épargner	VERB:2
éparpillement	NOUN:2
éparpiller	VERB:1
éparpillé	ADJ:1
épars	ADJ:1
épatant	ADJ:1
épater	VERB:4
épaule	NOUN:1
épauler	VERB:1
épave	NOUN:5
épeautre	NOUN:1
épeler	VERB:1
éperdu	ADJ:3
éperdument	ADV:2
épernay	PROPN:1
éperon	NOUN:3
épervier	NOUN:2
éphèbe	NOUN:1
éphèse	PROPN:1
éphémère	ADJ:2	NOUN:1
éphéméride	NOUN:2
éphésiens	PROPN:1
épi	NOUN:8
épice	NOUN:1
épicentre	NOUN:1
épicerie	NOUN:1
épicier	NOUN:1
épicure	PROPN:1
épicurien	ADJ:1	NOUN:1
épicurisme	NOUN:1
épicé	ADJ:1
épicéa	NOUN:1
épiderme	NOUN:1
épidermique	ADJ:2
épidémie	NOUN:1
épidémiologie	NOUN:1
épidémiologique	ADJ:1
épidémiologiste	NOUN:1
épidémique	ADJ:1
épier	VERB:3
épigramme	NOUN:1
épigraphe	NOUN:3	ADJ:1
épigraphie	NOUN:1
épigraphique	ADJ:1
épigénétique	ADJ:1	NOUN:1
épilation	NOUN:1
épilepsie	NOUN:1
épileptique	ADJ:1
épiler	VERB:1
épilogue	NOUN:1
épiloguer	VERB:2
épinal	PROPN:1
épinard	NOUN:2
épine	NOUN:2
épinette	NOUN:3
épineux	ADJ:4	NOUN:1
épingle	NOUN:1
épingler	VERB:2
épinière	ADJ:1
épiphane	PROPN:1
épiphanie	NOUN:2
épiphénomène	NOUN:3
épique	ADJ:3
épire	PROPN:2
épiscopal	ADJ:1
épiscopat	NOUN:1
épisode	NOUN:1
épisodique	ADJ:2
épisodiquement	ADV:2
épistolaire	ADJ:1	NOUN:1
épistémologie	NOUN:1
épistémologique	ADJ:1
épitaphe	NOUN:1
épithète	NOUN:2
épithélium	NOUN:1
épizootie	NOUN:1
éplucher	VERB:3
éponge	NOUN:2
éponger	VERB:2
éponyme	NOUN:1	ADJ:1
épopée	NOUN:2
époque	ADJ:1	NOUN:2
épouse	NOUN:1
épouser	VERB:3
époustouflant	ADJ:1
épouvantable	ADJ:1
épouvantail	NOUN:2
épouvante	NOUN:1
époux	NOUN:2
époxy	NOUN:1
épreuve	NOUN:6
épris	ADJ:1
éprouvant	ADJ:1
éprouver	VERB:3
éprouvette	NOUN:2
épuisant	ADJ:1
épuisement	NOUN:2
épuiser	VERB:3
épuration	NOUN:2
épure	NOUN:3
épurer	VERB:4
épuré	VERB:1	ADJ:2
épée	NOUN:3
épéiste	NOUN:1
épître	NOUN:1
équarrissage	NOUN:4
équateur	PROPN:1	NOUN:1
équation	NOUN:1
équatorial	ADJ:1
équatorien	NOUN:1	ADJ:1
équerre	NOUN:2
équestre	ADJ:1
équilatéral	ADJ:1
équilibrage	NOUN:1
équilibre	NOUN:1
équilibrer	VERB:2
équilibriste	NOUN:1
équin	ADJ:1
équinoxe	NOUN:1
équipage	NOUN:3
équipe	NOUN:1
équipement	NOUN:2
équipementier	NOUN:1
équiper	VERB:2
équipier	NOUN:1
équitable	ADJ:1
équitablement	ADV:1
équitation	NOUN:1
équité	NOUN:1
équivalence	NOUN:1
équivalent	ADJ:1
équivoque	ADJ:1	NOUN:2
érable	NOUN:1
éradication	NOUN:1
éradiquer	VERB:1
érasme	PROPN:1
érectile	ADJ:1
érection	NOUN:3
éreintant	ADJ:1
éreinté	ADJ:1
éric	PROPN:1
ériger	VERB:1
érik	PROPN:1
érié	PROPN:2
éroder	VERB:1
érogène	ADJ:1
éros	PROPN:1	NOUN:1
érosion	NOUN:2
érotique	ADJ:1
érotisme	NOUN:1
érudit	ADJ:1	NOUN:1
érudition	NOUN:1
éruption	NOUN:2
érythrée	PROPN:2
érythème	NOUN:1
ésaïe	PROPN:2
ésope	PROPN:1
ésotérique	ADJ:1
ésotérisme	NOUN:1
étable	NOUN:1
établir	VERB:8
établissement	NOUN:1
étage	NOUN:5
étagement	NOUN:1
étagère	NOUN:2
étai	NOUN:2
étain	NOUN:2
étal	NOUN:2
étalage	NOUN:2
étalement	NOUN:2
étaler	VERB:7
étalon	NOUN:3
étalonnage	NOUN:1
étalonner	VERB:1
étamine	NOUN:2
étanche	ADJ:2
étancher	VERB:3
étanchéité	NOUN:1
étang	NOUN:2
étape	NOUN:3
état	NOUN:3
état-major	NOUN:5
étatique	ADJ:1
étatisation	NOUN:1
étatisme	NOUN:2
étatiste	NOUN:1
états-unis	PROPN:1
étau	NOUN:2
étayer	VERB:2
éteindre	VERB:3
étendard	NOUN:1
étendre	VERB:6
étendue	NOUN:3
éternel	ADJ:1
éternellement	ADV:1
éterniser	VERB:3
éternité	NOUN:2
éternuement	NOUN:1
éternuer	VERB:1
éthane	NOUN:1
éthanol	NOUN:1
éther	NOUN:1
éthiopie	PROPN:1
éthiopien	ADJ:1	NOUN:1
éthique	ADJ:1	NOUN:1
éthiquement	ADV:1
éthologie	NOUN:1
éthyle	NOUN:1
éthylique	ADJ:2
éthylotest	NOUN:2
éthylène	NOUN:1
éthéré	ADJ:1
étiage	NOUN:1
étienne	PROPN:2
étincelant	ADJ:2
étincelle	NOUN:1
étiologie	NOUN:1
étiologique	ADJ:1
étiquetage	NOUN:1
étiqueter	VERB:1
étiquette	NOUN:2
étiqueté	ADJ:1
étirement	NOUN:1
étirer	VERB:2
étiré	ADJ:1
étoffe	NOUN:2
étoffer	VERB:5
étoile	NOUN:3
étole	NOUN:2
étonnamment	ADV:1
étonnant	ADJ:1
étonnement	NOUN:1
étonner	VERB:1
étouffant	ADJ:1
étouffement	NOUN:1
étouffer	VERB:2
étoupe	NOUN:1
étourderie	NOUN:1
étourdi	NOUN:1	ADJ:3
étourdir	VERB:2
étourdissant	ADJ:2
étourdissement	NOUN:2
étrange	ADJ:2
étrangement	ADV:1
étranger	ADJ:2	NOUN:3
étrangeté	NOUN:1
étranglement	NOUN:1
étrangler	VERB:3
étrangleur	NOUN:1
étrave	NOUN:1
étreindre	VERB:2
étreinte	NOUN:1
étrennes	NOUN:1
étrier	NOUN:4
étrille	NOUN:1
étroit	ADJ:1
étroitement	ADV:1
étroitesse	NOUN:1
étron	NOUN:1
étrurie	PROPN:1
étrusque	ADJ:1	NOUN:2
étude	NOUN:4
étudiant	NOUN:1	ADJ:1
étudier	VERB:1
étui	NOUN:4
étuve	NOUN:4
étymologie	NOUN:1
étymologique	ADJ:1
étymologiquement	ADV:1
éva	PROPN:1
évacuant	ADJ:1
évacuation	NOUN:2
évacuer	VERB:1
évader	VERB:1
évadé	ADJ:1	NOUN:1
évaluation	NOUN:1
évaluer	VERB:1
évangile	NOUN:1	PROPN:1
évangélique	ADJ:1
évangélisation	NOUN:1
évangéliser	VERB:1
évangéliste	NOUN:1
évanouir	VERB:2
évanouissement	NOUN:1
évaporateur	NOUN:1
évaporation	NOUN:1
évaporer	VERB:2
évaporé	NOUN:1
évasif	ADJ:1
évasion	NOUN:2
évasé	ADJ:1
éveil	NOUN:2
éveiller	VERB:3
éveillé	ADJ:1
évelyne	PROPN:1
évent	NOUN:1
éventail	NOUN:2
éventrer	VERB:3
éventreur	NOUN:1
éventualité	NOUN:1
éventuel	ADJ:1
éventuellement	ADV:2
éviction	NOUN:1
évidemment	ADV:1
évidence	NOUN:1
évident	ADJ:1
évier	NOUN:1
évincer	VERB:3
évitable	ADJ:2
évitement	NOUN:1
éviter	VERB:3
évocateur	ADJ:1	NOUN:1
évocation	NOUN:1
évoluer	VERB:3
évolutif	ADJ:2
évolution	NOUN:1
évolutionnisme	NOUN:1
évolutionniste	ADJ:1
évoquer	VERB:2
évry	PROPN:2
évènementiel	ADJ:1
événement	NOUN:1
événementiel	ADJ:1	NOUN:1
évêché	NOUN:3	PROPN:1
évêque	NOUN:1
ézéchiel	PROPN:2
être	VERB:4	NOUN:2
île	NOUN:1
île-de-france	PROPN:2
île-du-prince-édouard	PROPN:1
îlot	NOUN:3
ô	PART:1
ôter	VERB:5
œ	SYM:1
œcuménique	ADJ:1
œcuménisme	NOUN:1
œdipe	PROPN:1	NOUN:3
œdème	NOUN:1
œil	NOUN:3
œillet	NOUN:6
œnologie	NOUN:1
œnologue	NOUN:1
œsophage	NOUN:1
œsophagien	ADJ:1
œstrogène	NOUN:1
œuf	NOUN:3
œuvre	NOUN:3
œuvrer	VERB:1
