a beau mentir qui vient de loin	De luengas tierras, luengas mentiras
a cappella	A capella, a capela
a cerclé	A circulada
a fortiori	A fortiori
a posteriori	A posteriori
a priori	A priori
ab ovo	Ab ovo
abadèche barbiche	Doncella, gallito, pez sable
abadèche rose	Rosada
abeille charpentière	Abeja carpintera
abeille noire	Abeja negra europea, abeja negra alemana
abeille sicilienne	Abeja de Sicilia
abeille solitaire	Abeja solitaria
abeille à miel	Abeja
aberration chromatique	Aberración cromática
aberration sphérique	Aberración esférica
ablette commune	Alburno
ablette de rivière	Alburno binaculado
abominable homme des neiges	Abominable hombre de las nieves
abondance de biens ne nuit pas	Lo que abunda no daña
abricotier commun	Albarcoquero
abricotier de briançon	Albaricoquero de Briançon
abricotier des antilles	Mamey amarillo, mamey, palo de mamey
abricotier du japon	Albaricoquero japonés
absolument convergente	Absolutamente convergente
abus de confiance	Abuso de confianza
abus de faiblesse	Abuso de debilidad
abus de langage	Abuso del lenguaje
abus de notation	Abuso de notación
abus de position dominante	Abuso de posición dominante
abus de pouvoir	Abuso de poder
abîme de science	Pozo de ciencia
académie de la langue basque	Real Academia de la Lengua Vasca
accent aigu	Acento agudo
accent antiflexe	Anticircunflejo
accent circonflexe	Acento circunflejo, circunflejo
accent grave	Acento grave
accenteur alpin	Acentor alpino
accenteur mouchet	Acentor común
accident de travail	Accidente laboral
accident vasculaire cérébral	Ictus, accidente cerebrovascular
accordéon diatonique	Melodeón, acordeón diatónico
accusé de réception	Acuse de recibo
accélérateur de particules	Acelerador de partículas
accélérateurs de particules	Acelerador de partículas
acheter chat en poche	Comprar a ciegas
achigan à grande bouche	Lubina negra, perca americana
achillée millefeuille	Milenrama
achillée visqueuse	Agerato
acid jazz	Acid jazz
acid rain	Lluvia ácida
acide acrylique	Ácido acrílico
acide acétique	Ácido acético, ácido etanoico, ácido metilcarboxílico
acide acétique glacial	Ácido acético glacial
acide acétylsalicylique	Ácido acetilsalicílico
acide alginique	Ácido algínico
acide aminé	Aminoácido
acide aminé essentiel	Aminoácido esencial
acide arachidonique	Ácido araquidónico, ácido eicocsatetraenoico
acide arsénique	Ácido arsénico
acide ascorbique	Ácido ascórbico
acide azothydrique	Azida de hidrógeno, ácido hidrazoico, aziduro de hidrógeno
acide benzoïque	Ácido benzoico
acide borique	Ácido bórico, borato(III) de hidrógeno, ácido ortobórico
acide bromhydrique	Ácido bromhídrico
acide butyrique	Ácido butírico
acide béhénique	Ácido behénico, ácido docosanoico
acide caprique	Ácido cáprico, ácido decanoico
acide caproïque	Ácido caproico, ácido caprónico, ácido hexanoico
acide caprylique	Ácido caprílico, ácido octanóico
acide carbonique	Ácido carbónico
acide carboxylique	Ácido carboxílico
acide chlorhydrique	Ácido clorhídrico
acide chlorique	Ácido clórico
acide chloroacétique	Ácido cloroacético
acide citrique	Ácido cítrico
acide cyanique	Ácido ciánico
acide dichloroacétique	Ácido dicloroacético
acide docosahexaénoïque	Ácido docosahexaenoico, ácido cervónico
acide désoxyribonucléique	Ácido desoxirribonucleico
acide eicosanoïque	Ácido araquídico, ácido icosanoico, ácido eicosanoico
acide eicosapentaénoïque	Ácido eicosapentaenoico
acide faible	Ácido débil
acide fluorhydrique	Ácido fluorhídrico
acide formique	Ácido fórmico, ácido metanoico
acide fort	Ácido fuerte
acide fumarique	Ácido fumárico
acide gallique	Ácido gálico
acide gras	Ácido graso
acide gras essentiel	Ácido graso esencial
acide gras insaturé	Ácido graso insaturado
acide gras saturé	Ácido graso saturado
acide hexadécanoïque	Ácido hexadecanoico
acide hyaluronique	Ácido hialurónico
acide hypochloreux	Ácido hipocloroso
acide iminé	Iminoácido
acide iodhydrique	Ácido yodhídrico
acide isobutyrique	Ácido isobutírico, ácido 2-metilpropanoico
acide lactique	Ácido láctico
acide laurique	Ácido láurico, ácido dodecanóico, ácido dodecílico
acide linoléique	Ácido linoleico
acide linoléique conjugué	Ácido linoleico conjugado
acide lipoïque	Ácido lipoico
acide malique	Ácido málico
acide malonique	Ácido malónico
acide maléique	Ácido maleico
acide montanique	Ácido montánico, ácido octacosanoico
acide myristique	Ácido mirístico, ácido tetradecanoico
acide nitreux	Ácido nitroso, ácido dioxonítrico, nitrito de hidrógeno
acide nitrique	Ácido nítrico
acide octadécanoïque	Ácido octadecanoico
acide oléique	Ácido oleico, ácido cis-9-octadecenoico
acide orthophosphorique	Ácido ortofosfórico
acide oxalique	Ácido oxálico
acide palmitique	Ácido palmítico
acide palmitoléique	Ácido palmitoleico, ácido delta-cis-9-hexadecénico
acide perchlorique	Ácido perclórico
acide phosphorique	Ácido fosfórico
acide phytique	Ácido fítico
acide picrique	Ácido pícrico, 2,4,6-trinitrofenol, trinitrofenol
acide propionique	Ácido propanoico, ácido propiónico, ácido etanocarboxílico
acide prussique	Ácido prúsico
acide ribonucléique	Ácido ribonucleico
acide rétinoïque	Tretinoína
acide salicylique	Ácido salicílico
acide silicique	Ácido silícico
acide stéaridonique	Ácido estearidónico, ácido moróctico, ácido (6Z,9Z,12Z,15Z)-octadecatetraenoico
acide stéarique	Ácido esteárico
acide succinique	Ácido succínico
acide sulfureux	Ácido sulfuroso, ácido trioxosulfúrico
acide sulfurique	Ácido sulfúrico, ácido tetraoxosulfúrico, aceite de vitriolo
acide tannique	Ácido tánico
acide tout-trans rétinoïque	Tretinoína
acide urique	Ácido úrico
acide valérique	Ácido valérico, ácido pentanoico, ácido valeriánico
acide éthanoïque	Ácido etanoico
acidification des océans	Acidificación del océano
acier chirurgical	Acero quirúrgico
acier inoxydable	Acero inoxidable
acier trempé	Acero templado
acoma bâtard	Cuyá, carolina, almendrillo
aconit napel	Acónito común
acquis communautaire	Acervo comunitario
acquis sociaux	Beneficios sociales, logros sociales
acte d'accusation	Escrito de acusación
acte de baptême	Certificado de bautismo
acte de cruauté	Acto de crueldad, acto de brutalidad
acte de langage	Acto de habla
acte locutionnaire	Acto locutivo
acte manqué	Acto fallido
acte notarié	Escritura notarial
actes des apôtres	Actos de los Apóstoles
actif immobilisé	Activo fijo
action de boutonner	Abrochamiento
action directe	Acción directa
activité optique	Actividad óptica
actée en épi	Cimífuga
acétate d'ulipristal	Acetato de ulipristal
acéto-arsénite de cuivre	Acetoarsenito de cobre
adaptateur de phase	Adaptador de fase
additif alimentaire	Aditivo alimentario
adjectif démonstratif	Adjetivo demostrativo
adjectif possessif	Adjetivo posesivo
adjectif qualificatif	Adjetivo calificativo
adjectif verbal	Adjetivo verbal
administrateur apostolique	Administrador apostólico
adonis couleur de feu	Ojo de perdiz
adonis d'automne	Adonis de otoño, estella de camp, gota de sangre
adonis d'été	Adonis de verano
adonis flamme	Ojo de perdiz
adonis écarlate	Ojo de perdiz
adoucisseur d'eau	Suavizador de agua
adresse courriel	Dirección de correo electrónico
adresse de courrier électronique	Dirección de correo electrónico
adresse e-mail	Dirección de correo electrónico
adresse email	Dirección de correo electrónico
adresse ip	Dirección IP
adresse électronique	Dirección de correo electrónico
adresser la parole	Dirigir la palabra
adverbe d'affirmation	Adverbio de afirmación
adverbe de lieu	Adverbio de lugar, adverbio de ubicación
adverbe de manière	Adverbio de modo
adverbe de temps	Adverbio de tiempo
advienne que pourra	Fuera como fuese
adénosine triphosphate	Trifosfato de adenosina
affaires étrangères	Asuntos exteriores, relaciones exteriores
afflux sanguin	Torrente sanguíneo
afin de	A fin de
afin que	Para que, a fin de que
afrique du sud	Sudáfrica
afrique noire	África negra
afrique subsaharienne	África subsahariana
agaric bispore	Champiñón común, champiñón de París
agaric champêtre	Champiñón de prado
agence bancaire	Oficina bancaria, sucursal bancaria
agence de notation	Agencia de calificación, agencia de calificación de riesgos
agence de notation financière	Agencia de calificación, agencia de calificación de riesgos
agence de traduction	Agencia de traducción
agence de voyages	Agencia de viaje
agent biologique	Agente biológico
agent de sécurité	Vigilante de seguridad
agent dormant	Agente encubierto
agent double	Doble agente, agente doble
agent immobilier	Agente inmobiliario
agent secret	Agente secreto
agente comptable	Contable, contadora
agente dormante	Agente encubierta
agente immobilière	Agente inmobiliaria
agente provocatrice	Agente provocadora
agente secrète	Agente secreta
agneau de lait	Lechazo
agneau pascal	Cordero pascual
agouti ponctué	Cotuza, sereque, guatusa
agression sexuelle	Agresión sexual
agriculture biologique	Agricultura orgánica
agriculture climato-compatible	Agricultura climáticament inteligente
agriculture de subsistance	Agricultura de subsistencia
agriculture urbaine	Agricultura urbana
agrile du frêne	Barrenador esmeralda del fresno
agrion de mercure	Caballito del diablo
agrion élégant	Cola azul común
agrobate roux	Alzacola
ah bon	Enserio
aide conducteur	Copiloto
aide de camp	Ayudante de campo
aide militaire	Ayuda militar
aide médicale à mourir	Ayuda a morir, ayuda médica a morir
aide à domicile	Asistente doméstica, asistente doméstico
aide-toi et le ciel t'aidera	A Dios rogando y con el mazo dando
aigle bicéphale	Águila bicéfala
aigle botté	Águila calzada
aigle criard	Águila moteada
aigle d'australie	Águila audaz
aigle de bonelli	Águila perdicera
aigle de cassin	Águila-azor congoleña
aigle de gurney	Águila de Gurney, águila de las Molucas
aigle de mer commun	Choucho
aigle de verreaux	Águila cafre, águila negra africana
aigle des singes	Águila monera, águila monera filipina
aigle des steppes	Águila esteparia
aigle fascié	Águila azor africano
aigle ibérique	Águila imperial ibérica
aigle impérial	Águila imperial
aigle lancéolé	Águila moteada hindú
aigle martial	Águila marcial
aigle noir	Águila negra asiática
aigle pomarin	Águila pomerana
aigle ravisseur	Águila rapaz
aigle royal	Águila real
aigle vachette	Pez obispo
aigrette ardoisée	Garceta negra
aigrette garzette	Garceta
aigrette neigeuse	Garceta nívea, garceta nivosa, garcita blanca
aiguille de mer	Agujón
aiguille des minutes	Minutero
aiguille à coudre	Aguja de coser
aiguille à tricoter	Aguja de punto
aiguilleur du ciel	Controlador
ail des ours	Ajo de oso
ail doré	Cebolleta
ail noir	Ajo negro
ailante glanduleux	Árbol del cielo
ailier fort	Ala-pívot
aimer mieux	Preferir
ainsi nommé	Así llamado; llamado
ainsi que	Así como; Como
ainsi soit-il	Así sea, que así sea
air ambiant	Ambiente
air conditionné	Climatizador
air fixe	Aire fijado
air liquide	Aire líquido
aire de repos	Área de descanso
aire urbaine	Área metropolitana
airedale terrier	Airedale terrier
ajonc de provence	Tojo, aulaga morisca
ajonc des maures	Aulaga morisca
akita américain	Akita americano
akita inu	Akita inu
akita ken	Akita inu
alano espagnol	Alano español
alarme incendie	Alarma contra incendios, estación manual, pulsador manual de alarma
alaskan husky	Alaskan husky
albatros d'amsterdam	Albatros de Ámsterdam
album concept	Álbum conceptual, disco conceptual
alchémille commune	Pie de león
alcool de bois	Alcohol de madera
alcool méthylique	Alcohol metílico
alcool à brûler	Alcohol de quemar
alcool éthylique	Alcohol etílico
aldéhyde formique	Aldehído fórmico
algie vasculaire de la face	Cefalea en racimos
algorithme de dijkstra	Algoritmo de Dijkstra
algue brune	Alga parda, alga marrón
algue verte	Alga verde
algèbre linéaire	Álgebra lineal
algèbre relationnelle	Álgebra relacional
alimentation électrique	Fuente de alimentación, fuente de energía,
alisier blanc	Mostajo común, mostajo blanco
alisier de suède	Serbal de Suecia
alisier torminal	Serbal silvestre, mostajo de perucos
aliénation mentale	Enajenación mental
aller au but	Ir al grano
aller au-delà de	Exceder
aller aux putes	Ir de putas
aller de l'avant	Echar para adelante
aller de pair	Ir a la par, ir aparejado
aller droit au but	Ir al grano, ir directo al grano, ir al asunto
aller en pente	Buzar
aller et venir	Ir y venir
aller savoir	Ir a saber
aller se faire enculer	Ir a tomar por culo, ir a tomar por el culo, irse a tomar por culo
aller se faire foutre	Ir a tomar por culo, ir a tomar por el culo, irse a tomar por culo
aller se faire mettre	Ir a tomar por culo, ir a tomar por el culo, irse a tomar por culo
aller se faire voir	Irse a hacer gárgaras
aller à la dérive	Ir a la deriva
aller à pied	Andar
alligator d'amérique	Aligátor americano, caimán del río Misisipi
allocation chômage	Asignación por desempleo, subsidio de paro
allocation familiale	Prestación por hijo
allongement relatif	Alargamiento, elongación
allumeur de réverbères	Farolero
allées et venues	Idas y venidas
alors que	Mientras que; (anticuado) Mientras
alose-écaille fluviale	Sardinón, anchoa de río, apapá
alouette calandrelle	Terrera común
alouette de cobourg	Alondra de Coburgo
alouette des champs	Alondra común
alouette hausse-col	Alondra cornuda
alouette leucoptère	Calandria aliblanca
alouette lulu	Totovía, alondra totovía
alouette nègre	Calandria negra
alouette pispolette	Terrera marismeña
aloès des barbades	Áloe de Barbados, áloe de Curazao, sábila
aloé véra	Sábila, acíbar
alphabet cyrillique	Alfabeto cirílico
alphabet latin	Alfabeto latino
alphabet phonétique international	Alfabeto fonético internacional
alphabet phénicien	Alfabeto fenicio
alphabet radio	Alfabeto por palabras
alter ego	Álter ego
alter réal	Alter real
alvéole pulmonaire	Alveolo pulmonar, alvéolo pulmonar, vesícula aérea
alysson maritime	Aliso de mar
amakihi de kauai	Amakihi de Kauai
amakihi familier	Amakihi de Hawái
amalgame dentaire	Amalgama
amami central	Amami central
amami du nord	Amami del norte
amami du sud	Amami del sur
amande amère	Almendra amarga
amande de java	Almendra de Java
amande de terre	Chufa
amande douce	Almendra mollar
amanite des césars	Oronja
amanite panthère	Amanita pantera
amanite phalloïde	Oronja verde
amanite printanière	Amanita de primavera, cicuta blanca, cogomasa
amanite rougissante	Amanita rojiza
amanite tue-mouche	Matamoscas, agárico pintado, falsa oronja
amanite tue-mouches	Matamoscas, agárico pintado, falsa oronja
amanite vaginée	Amanita enfundada
amanite vireuse	Amanita maloliente
amanite épaisse	Amanita de pie grueso
amarante réfléchie	Abrebujo, acederón, atreu del Perú
amarante élégante	Alegría
amas de galaxies	Cúmulo de galaxias
amas globulaire	Cúmulo globular
amas ouvert	Cúmulo abierto
amas stellaire	Cúmulo estelar
amazone aourou	Amazona alinaranja, loro guaro, lora amazónica
amazone de bouquet	Amazona gorgirroja
amazone de cuba	Amazona cubana
amazone de dufresne	Amazona cariazul
amazone de kawall	Amazona de Kawall
amazone de porto rico	Amazona portorriqueña
amazone de prêtre	Charao
amazone de saint-vincent	Amazona de San Vicente
amazone de sainte-lucie	Amazona de Santa Lucía
amazone de tucuman	Amazona tucumana
amazone du yucatan	Amazona de Yucatán
amazone guatémaltèque	Amazona harinosa norteña
amazone impériale	Amazona imperial
amazone mercenaire	Amazona mercenaria, loro verde, lora andina
amazone poudrée	Amazona harinosa, amazona burrona, amazona harinosa sureña
amazone tavoua	Amazona de lomo rojo
amazone verte	Amazona jamaicana piquioscura
amazone vineuse	Loro vináceo, amazona de pecho vinoso
amazone à bec jaune	Amazona de pico amarillo, amazona jamaicana piquiclara
amazone à couronne lilas	Amazona de corona violeta, amazona guayabera
amazone à diadème	Amazona diadema
amazone à face jaune	Amazona del Cerrado, loro cariamarillo
amazone à front blanc	Loro frente blanca
amazone à front bleu	Amazona frentiazul
amazone à front jaune	Amazona real
amazone à joues bleues	Amazona brasileña
amazone à joues vertes	Amazona de corona roja
amazone à lores rouges	Amazona frentirroja, loro cariamarillo, loro palencano
amazone à nuque d'or	Amazona nuquigualda, loro nuca amarilla
amazone à sourcils rouges	Amazona coronirroja
amazone à tête jaune	Loro cabeza amarilla
amazone à ventre pourpre	Cotorra de La Española
amazone à épaulettes jaunes	Amazona hombrogualda
ambre gris	Ámbar gris, ámbar pardillo
ambre jaune	Ámbar amarillo
ambre jeune	Electro, ámbar
american curl	Curl americano
american english coonhound	Coonhound inglés americano, coonhound americano
american pit bull terrier	Pit bull terrier americano
amie chauve	Aleta de arco
amnésie traumatique	Amnesia traumática
amour libre	Amor libre
amour platonique	Amor platónico
amoureux énamouré	Enamorado
ampoule à décanter	Ampolla de decantación, embudo de decantación, pera de decantación
amélanchier à feuilles ovales	Guillomo
amélioration continue	Mejora continua
aménagement du territoire	Planificación territorial, ordenación territorial
américain à poils courts	Gato americano de pelo corto
américain à poils durs	Gato americano de pelo áspero
amérique équinoxiale	América equinoccial
analyse chimique	Análisis químico
analyse complexe	Análisis complejo
analyse des modes de défaillance et de leurs effets	Análisis modal de fallos y efectos
analyse factorielle	Análisis factorial
analyse financière	Análisis financiero
analyse par arbre de défaillances	Análisis del árbol de fallas
analyse quantitative	Análisis cuantitativo
analyseur syntaxique	Analizador sintáctico
anax de juin	Libélula zurcidora de junio, libélula zurcidora verde
anax empereur	Libélula emperador
anchois commun	Boquerón, aladroque, bocarte
ancien coréen	Coreano antiguo
ancien français	Francés antiguo
ancien macédonien	Antiguo macedonio
ancien royaume de valence	Antiguo reino de Valencia
ancien testament	Antiguo Testamento
ancolie commune	Aguileña común, aguileña
ancre flottante	Ancla flotante
ancre à jet	Anclote
andryale à feuilles entières	Cerraja lanuda
andésite basaltique	Andesita basáltica
andésite à pyroxène	Andesita con piroxeno
anesthésie générale	Anestesia general
anesthésie locale	Anestesia local
anesthésique général	Anestésico general
anesthésique local	Anestésico local
ange de mer	Angelote
ange de mer commun	Angelote
ange de mer ocellé	Pez ángel
ange de mer épineux	Angelote espinoso, angelote espinudo
ange déchu	Ángel caído
ange gardien	Ángel custodio, ángel de la guarda, ángel guardián
angle aigu	Ángulo agudo
angle droit	Ángulo recto
angle mort	Punto ciego
angle obtus	Ángulo obtuso
angle plat	Ángulo llano
angle solide	Ángulo sólido
angles adjacents	Ángulos adyacentes
angles complémentaires	Ángulos complementarios
angles supplémentaires	Ángulos suplementarios
angora turc	Angora turco
anguille d'europe	Anguila común
anguille de verre	Angula
anguille électrique	Anguila eléctrica
angélique sauvage	Angélica silvestre
anhydride acétique	Anhídrido acético
ani à bec cannelé	Garrapatero asurcado, garrapatero pijuy, garrapatero curtidor
anianiau de kauai	Anianiau
animal aquatique	Animal acuático
animal de compagnie	Mascota, animal de compañía
animal domestique	Animal doméstico
animal fabuleux	Animale legendario
animal poïkilotherme	Animal poiquilotermo
animal sauvage	Animal salvaje, animal silvestre
animal terrestre	Animal terrestre
animal à sang chaud	Animal de sangre caliente
animal à sang froid	Animal de sangre fría
anis vert	Anís
anisote de l'érable	Mariposa rosada del arce
anneau commutatif	Anillo conmutativo
anneau d'attache	Arrendadero
anneau unitaire	Anillo unitario
annuaire téléphonique	Guía telefónica, directorio telefónico
année besselienne	Año besseliano
année bissextile	Bisiesto
année fiscale	Año fiscal
années folles	Felices años veinte
anodonte des cygnes	Náyade cisne
anodonte des rivières	Náyade pato
anodonte des étangs	Náyade cisne
antenne cadre	Antena de espira
antenne cornet	Antena de bocina
antenne dipolaire	Dipolo
antenne fouet	Antena de látigo
antenne ground plane	Ground-plane
antenne hélice axiale	Antena helicoidal, antena hélice
antenne parabolique	Antena parabólica
antenne quad	Antena cúbica
antenne redresseuse	Rectenna, rectena
antenne réseau à commande de phase	Antenas en fase
antenne à fentes	Guía de onda ranurada
anthonome du framboisier	Picudo de la fresa
anthonome du pommier	Gorgojo de la manzana, picudo de la manzana
anthrisque commun	Ahogagatos
anthropologie physique	Antropología física
anthyllide barbe-de-jupiter	Barbajovis
anthyllide vulnéraire	Vulneraria
anthémis des teinturiers	Margarita
anthémis fétide	Manzanilla hedionda, magarza hedionda, magarza
anticorps monoclonal	Anticuerpo monoclonal
antilope royale	Antílope enano
antipsychotique atypique	Antipsicótico atípico
anémone coronaire	Anémona
anémone couronnée	Anémona
anémone de grèce	Anémona azul
anémone de mer	Anémona de mar
anémone de mer verte	Anémona de mar común, ortiguilla
anémone du canada	Anémona de Canadá
anémone hépatique	Hepática
anémone pulsatille	Flor del viento, pulsatila común
anémone sauvage	Anémona copo de nieve
anémone sylvestre	Anémona copo de nieve
anémone sylvie	Anémona de bosque, flor del viento
apnée du sommeil	Apnea del sueño
apophyse xiphoïde	Xifoides
apostrophe typographique	Apóstrofo tipográfico, apóstrofo curvo
appareil circulatoire	Torrente circulatorio, torrente sanguíneo
appareil digestif	Aparato digestivo
appareil génital	Aparato reproductor
appareil ménager	Aparato doméstico, aparato de uso doméstico
appareil photo	Cámara
appareil vocal	Aparato fonador
appareil électronique	Aparato electrónico
appel d'offres	Licitación, concurso público
appel de note	Llamada de nota
appeler un chat un chat	Al pan pan y al vino vino
appellation d'origine contrôlée	Denominación de origen controlada
appellation d'origine protégée	Denominación de origen protegida
appendice iléo-cæcal	Apéndice vermiforme
appendice xiphoïde	Apéndice xifoides
application bijective	Relación biyectiva
apporter de l'eau au moulin de	Llevar agua al molino de, arrimar uno el ascua a la sardina de, barrer para adentro
appui de fenêtre	Repisa de ventana
après coup	A toro pasado o post festum
après jésus-christ	D.C., después de Cristo
après moi le déluge	Después de mí, el Diluvio
après tout	Después de todo
ara bleu	Guacamayo azul y amarillo
ara d'illiger	Maracaná cara afeitada, maracaná lomo rojo
ara de buffon	Guacamayo verde grande
ara de coulon	Maracaná de cabeza azul, guacamayo cabeciazul
ara de lafresnaye	Guacamayo dorado
ara de lear	Guacamayo de Lear
ara de spix	Guacamayo de Spix
ara hyacinthe	Guacamayo jacinto
ara macavouanne	Guacamayo ventrirrojo
ara militaire	Guacamayo verde
ara noble	Guacamayo noble
ara rouge	Guacamaya roja, guacamayo macao
ara vert	Maracaná grande, ara severa
ara à ailes vertes	Guacamayo aliverde
ara à collier jaune	Maracaná de cuello dorado, guacamayo acollarado
ara à gorge bleue	Guacamayo barbazul
arabe andalou	Árabe andalusí
arabe du coin	Abarrotero, Chino de la esquina, tienda de abarrotes
arabe libyen	Árabe libio
arabe littéral	Árabe clásico
arabe marocain	Árabe marroquí
arabe soudanais	Árabe sudanés
araignée d'eau	Zapatero
araignée de mer	Centollo
araignée épineuse	Centollo
arbousier d'amérique	Madroño
arbre aux crevettes	Camarón
arbre aux lanternes du chili	Chaquihue
arbre d'ornement	Árbol ornamental
arbre de défaillances	Árbol de fallas
arbre de josué	Árbol de Josué
arbre de judée	Ciclamor, árbol del amor, árbol de Judas
arbre de mai	Mayo
arbre de noël	Árbol de Navidad
arbre fruitier	Árbol frutal
arbre généalogique	Árbol genealógico
arbre phylogénétique	Árbol filogenético
arbre r	Árbol-R, R-árbol
arbre remarquable	Árbol excepcional, árbol monumental, árbol notable
arbre à cames	Árbol de levas
arbre à pain	Árbol del pan
arc de triomphe	Arco del triunfo, Arco de Triunfo
arc narratif	Arco narrativo, arco argumental
arc nu	Arco desnudo
arc tangente	Arcotangente
arc électrique	Arco eléctrico, arco voltaico
arcade sourcilière	Arco ciliar
arche de noé	Arca de Noé
argent comptant fait content	El que paga descansa, poderoso caballero es Don Dinero
argent liquide	Efectivo
argent sale	Dinero negro
argile à blocaux	Arcilla en bloque
argument d'autorité	Argumento de autoridad
argus bleu	Dos Puntos
argus bleu nacré	Niña coridon
argus frêle	Deunde Oscuro
argyrolobe de linné	Hierba de la plata
aristoloche longue	Aristoloquia macho
aristoloche à feuilles rondes	Aristoloquia redonda
arithmétique modulaire	Aritmética modular
arlequin plongeur	Pato arlequín
arme biologique	Arma biológica, bioarma
arme blanche	Arma blanca
arme de destruction massive	Arma de destrucción masiva
arme de jet	Arma arrojadiza
arme du crime	Arma homicida
arme nucléaire	Arma nuclear
arme à double tranchant	Arma de doble filo
arme à feu	Arma de fuego
arme à létalité réduite	Arma no letal, arma de letalidad reducida
armes parlantes	Armas parlantes
armoire à fusil	Armero
armoire à pharmacie	Botiquín
armoise champêtre	Tomillo
armoise commune	Artemisa, altamisa
armé jusqu'aux dents	Armado hasta los dientes
armée de l'air	Fuerza aérea, ejército del aire
armérie maritime	Clavelina de mar
arnica des montagnes	Tabaco de montaña
arrêt de bus	Parada de autobús, paradero
arrêt de volée	Mark
arrêt maladie	Baja por enfermedad, licencia por enfermedad
arsenic blanc	Arsénico blanco
arsenic jaune	Arsénico amarillo
arséniure de gallium	Arseniuro de galio
art académique	Arte académico
art contemporain	Arte contemporáneo
art corporel	Arte corporal
art de la guerre	Arte de la guerra
art de la scène	Artes de la escena, artes escénicas
art et essai	Arte y Ensayo
art funéraire	Arte funerario
art martial	Arte marcial
art mobilier	Arte mueble
art mosan	Arte mosano
art pariétal	Arte parietal
art préhistorique	Arte prehistórico
art préroman	Arte prerrománico
art roman	Arte románico
art rupestre	Arte rupestre
art sonore	Arte sonoro
art urbain	Arte callejero
art éphémère	Arte efímero
arte povera	Arte pobre
arthrose lombaire	Artrosis lumbar
article défini	Artículo definido
article indéfini	Artículo indefinido
arts plastiques	Arte plástica
artère cœliaque	Arteria celíaca
artère vertébrale	Arteria vertebral
as de cœur	As de corazones
ascenseur à bateaux	Ascensor de barcos, elevador de barcos
ascenseur émotionnel	Carrusel de emociones, tobogán de emociones
ase fétide	Asafétida
asile d'aliénés	Manicomio
asile de fous	Manicomio
asile politique	Asilo político
asile psychiatrique	Asilo psiquiátrico
asperge blanche	Espárrago blanco
asperge du cap	Espárrago del Cabo
asperge sauvage	Esparreguera boscana, espárrago silvestre, corruda
asperge verte	Espárrago verde
asphodèle blanc	Asfódelo blanco, gamón blanco, gamoncillo
asphodèle ramifié	Asfódelo ramificado
asplénium des fontaines	Culantrillo blanco menor
aspérule odorante	Asperilla, asperilla olorosa, reina de los bosques
aspérule à l'esquinancie	Hierba de la esquinancia
assignation de genre	Asignación de género
assignation à résidence	Arresto domiciliario, casa por cárcel
assistant d'éducation	Auxiliar docente
assistant médical	Enfermero, asistente técnico sanitario
assistant numérique personnel	Agenda electrónica
assistant social	Asistente social
assistante médicale	Enfermera, asistente técnica sanitaria
assistante sociale	Asistente social, asistenta social
assombrissement global	Oscurecimiento global
astrild abyssinien	Estrilda de Abisinia
astrild barbe-rousse	Estrilda árabe
astrild de kandt	Estrilda de Kandt
astrild de sao tomé	Estrilda cenicienta
astrild des fées	Estrilda de vientre rosado
astrild du niger	Estrilda del Níger
astrild nonnette	Estrilda de corona negra, estrilda monjita
astrild ondulé	Estrilda común, pico de coral común
astrild queue-de-vinaigre	Estrilda azuleda
astrild à croupion rose	Estrilda culirroja
astrild à joues noires	Estrilda ventrigualda meridional
astrild à joues orange	Estrilda carinaranja
astrild à masque noir	Estrilda de Upemba, estrilda de cara negra
astrild à poitrine fauve	Estrilda pecho de abanico
astrild à queue noire	Estrilda de cola negra
astrild à tête noire	Estrilda capirotada, estrilda de cabeza negra
astrild à ventre jaune	Estrilda swee de África oriental
astronomie gravitationelle	Astronomía de ondas gravitacionales
astrée hygrométrique	Estrella de tierra
astuce de rosser	Truco de Rosser
asturienne de montagne	Asturiana de la montaña
asturienne des vallées	Asturiana de los valles
astérolide épineuse	Estrellada
athérine grognon	Pejerrey pescadillo, pejerrey mocho
attaque éclaire	Blitz
attraction paronymique	Atracción paronímica
attraper la mort	(coloquial) Coger frío
au besoin	Si fuera necesario
au bord de	Al borde de
au bout de	Al cabo de, al final de o después de
au bout du rouleau	Para el arrastre, fundido, en las últimas
au bénéfice de	En beneficio de
au cas où	En caso de que, por si acaso
au cas que	En caso de que o por si acaso
au chômage	Cesante, desempleado, desocupado o parado
au contraire	Al contrario
au courant	Al corriente
au crayon	A lápiz
au diable l'avarice	Al diablo con la avaricia
au détail	Al por menor
au détour de	A la vuelta de, en el recodo de
au détriment de	A expensas de
au fait	Dicho sea de paso, de paso, por cierto
au fil de	En el transcurso de
au fil de l'eau	Con la corriente, poco a poco
au fur et à mesure	A medida que, sobre la marcha
au goût	Al gusto
au grand dam de	Para desgracia de
au grand jamais	Jamás
au hasard	Al azar
au jour d'aujourd'hui	A día de hoy, hoy en día
au jour le jour	Al día
au jugé	A ojo, a ojo de buen cubero, a ojímetro
au lieu de	En vez de o en lugar de
au maximum	A lo más, a lo sumo, a todo tirar, al máxi
au mieux	A lo sumo
au milieu de	En medio de o entre
au minimum	Al menos o por lo menos
au moins	Al menos o por lo menos
au moyen de	Por medio de
au même instant	A la vez, al mismo tiempo, a un tiempo, de
au même moment	A la vez, al mismo tiempo, a un tiempo, de
au naturel	Al natural
au nom de	En nombre de, de parte de
au nom du père et du fils et du saint-esprit	En el nombre del Padre y del Hijo y del Espíritu Santo
au par delà de cela	Además, adicionalmente, allende, a mayor a
au pas	A paso de hombre
au petit matin	A primera hora de la mañana
au pied de la lettre	Al pie de la letra
au plaisir	Nos vemos
au plus haut point	Altamente
au point de	Al punto de
au prix de	Al precio de
au profit de	En provecho de
au quotidien	A diario
au revoir	Adiós
au royaume des aveuglesles borgnes sont rois	En el reino de los ciegos, el tuerto es el rey
au secours	Auxilio, socorro
au sujet de	Acerca de
au vent	Barlovento
au-dedans de	A dentro, adentro, al interior de o dentro
au-dessus des lois	Por encima de la ley
auberge de jeunesse	Albergue juvenil, albergue de juventud
aubergine pois	Pendejera, hierba sosa
aubépine du mexique	Tejocote
aubépine à un style	Mayuelo
aucune idée	Ni idea
aulne glutineux	Aliso negro
auprès de	Cerca de
auquel cas	En ese caso
aurochs de heck	Bovino de Heck
aurore boréale	Aurora boreal
aurore polaire	Aurora polar
aussi bien	Tanto como
aussitôt que	Tan pronto como, en cuanto
australian kelpie	Kelpie australiano
autant que	Tanto como
autant que je sache	Por lo que yo sé, hasta donde yo sé
auto tamponneuse	Carro chocón
autorité parentale	Autoridad parental
autour australien	Azor australiano
autour blanc	Azor gris
autour bleu et gris	Gavilán de Nueva Bretaña
autour chanteur	Azor lagartijero claro
autour de	Alrededor de
autour de bürgers	Azor de Bürgers
autour de doria	Azor de Doria
autour de henst	Azor malgache, azor de Henst
autour de mayr	Azor de Nueva Bretaña
autour de meyer	Azor de Meyer
autour de toussenel	Azor de Toussenel
autour des célèbes	Gavilán de Célebes
autour des fidji	Gavilán de las Fiyi
autour des moluques	Azor moluqueño, azor de las Molucas
autour des palombes	Azor común, azor septentrional, azor norteño
autour gabar	Gavilán gabar
autour huppé	Azor moñudo
autour imitateur	Gavilán imitador
autour noir	Azor blanquinegro
autour pie	Gavilán pío
autour rouge	Azor rojo
autour sombre	Azor lagartijero oscuro
autour tachiro	Azor tachiro
autour unibande	Busardo gavilán
autour variable	Azor variable
autour à ailes grises	Azor lagartijero somalí
autour à flancs roux	Gavilán flanquirrojo
autour à longue queue	Azor rabilargo
autour à manteau noir	Gavilán rufinegro, gavilán de dorso negro
autour à tête grise	Gavilán cabecigrís, gavilán de Nueva Guinea
autour à ventre blanc	Gavilán de Nueva Caledonia
autour à ventre gris	Azor ventrigrís
autre monde	Inframundo
autre part	En otra parte, a otra parte
autrement dit	En otras palabras o en otros términos
aux abois	Acorralado
aux aguets	Ojo avizor
aux armes	Al arma, a las armas
aux chiottes	A la mierda
aux dépens de	A costa de, a expensas de
aux frais de la maison	Por cuenta de la casa
aux grands maux les grands remèdes	A grandes males, grandes remedios
aux oubliettes	En el olvido
auxiliaire de vie	Cuidadora a domicilio, cuidador a domicilio, asistente a domicilio
avant de	Antes de
avant jésus-christ	Antes de Cristo
avant midi	Ante merídiem
avant tout	Antes que nada
avantage comparatif	Ventaja comparativa
avec des si on mettrait paris en bouteille	No se puede pedir la luna
avec le concours de	Con el apoyo de, con la colaboración de
avec ma bite et mon couteau	Con dos huevos
avec plaisir	Con placer o con gusto
avec tambour et trompette	A bombo y platillo
avertisseur sonore	Avisador sonoro, avisador acústico, bocina
aviation de brousse	Vuelo salvaje
avion de chasse	Avión de caza
avion de ligne	Avión de pasajeros, avión de línea, avión comercial
avion de papier	Avión de papel
avion de tourisme	Avioneta
avion de transport	Avión de transporte, avión de carga
avion en papier	Avión de papel
avion militaire	Aeronave militar
avion supersonique	Avión supersónico
avion à réaction	Avión a reacción
avis de décès	Esquela
avocat du diable	Abogado del diablo
avocette des andes	Caití
avocette élégante	Avoceta común
avoir affaire à	Vérselas con
avoir besoin de	Necesitar
avoir bonne presse	Tener buena prensa
avoir carte blanche	Tener carta blanca
avoir d'autres chats à fouetter	Tener algo mejor que hacer, tener cosas más importantes que hacer, tener otras cosas de que ocuparse
avoir de la chance	Tener suerte
avoir des couilles	Tener huevos
avoir des couilles au cul	Tener los cojones bien puestos, tenerlos bien puestos
avoir deux mains gauches	Tener manos de trapo
avoir du culot	Tener cara
avoir du cœur au ventre	Tener agallas
avoir du flair	Tener olfato
avoir du mal	Tener dificultades para
avoir du plomb dans l'aile	Tener unos pelillos
avoir du sang de navet	Tener sangre de atole
avoir du sens	Tener sentido, ser lógico
avoir envie	Tener ganas, desear, apetecer
avoir faim	Tener hambre
avoir honte	Avergonzarse
avoir hâte	Tener pensado, tener ganas de
avoir l'air	Verse
avoir l'air fin	Verse tonto
avoir l'esprit mal tourné	Tener una mente guarra, tener una mente pervertida
avoir l'estomac dans les talons	Con el estómago en los pies
avoir l'habitude	Soler, acostumbrar
avoir l'étoffe de	Tener madera de
avoir la chair de poule	Puestar los vellos de punta
avoir la forme	Estar en forma
avoir la grosse tête	Ser erudito, dárselas de listo, ser pretencioso
avoir la gueule de bois	Resaca
avoir la haute main	Tener vara alta, contar el bacalao
avoir la main verte	Tener dedos verdes
avoir la poisse	Llevar la negra
avoir la scoumoune	Llevar la negra
avoir la tête dans les nuages	Estar en las nubes
avoir la tête qui ne passe plus dans la porte	Ser pretencioso
avoir la tête sur les épaules	Tener la cabeza bien amueblada
avoir le cafard	Tener ideas negras
avoir le cul bordé de nouilles	(malsonante) Tener muchísima suerte. (Literalmente: «te
avoir le cœur sur la main	Tener el corazón en la mano
avoir le diable au corps	Ser de la piel del diablo
avoir le diable dans la peau	Ser de la piel del diablo
avoir le diable dans ses guenilles	Ser de la piel del diablo
avoir le guiâbe dans ses guenilles	Ser de la piel del diablo
avoir le regard vide	Tener la mirada vacía
avoir le temps	Tener tiempo
avoir les mains sales	Tener sucias las manos
avoir les yeux plus grands que le ventre	Sus ojos son más grandes que su estómago
avoir les yeux plus gros que le ventre	Sus ojos son más grandes que su estómago
avoir lieu	Tener lugar, acontecer, acaecer
avoir mal	Dolerle a, tener dolor
avoir mal à	Doler, doler de, doler en, dolerse, sentir
avoir peur	Temer
avoir pitié	Apiadar
avoir plus d'une corde à son arc	Tener más de un as bajo la manga
avoir raison de	Poder con
avoir soif	Tener sed
avoir tort	Equivocarse
avoir trait à	Relacionarse con, vincularse con, tratar de
avoir tôt fait de	Tardar
avoir un cheveu sur la langue	Cecear
avoir un fil à la patte	Tiene una atadura
avoir un pied dans la tombe	Estar con un pie en el hoyo, estar con un pie en la sepultura, estar con un pie en la tumba
avoir un plomb de sauté	(coloquial) Estar chiflado, tener los plomillos fundid
avoir une faim de loup	Tener una hambre canina
avoir une idée derrière la tête	Tener una idea entre ceja y ceja
avoir une longueur d'avance	Estar un paso adelante, estar un paso por delante
avoir à	Tener que, haber de
avoir à voir	Tener que ver (con)
avoir été bercé trop près du mur	Haber sido acunado muy cerca de la pared
avortement sexo-sélectif	Aborto selectivo por sexo
avé maria	Avemaría
ay caramba	Ay caramba
ayant cause	Causahabiente
ayant droit	Derechohabiente
azote liquide	Nitrógeno líquido
azuré bleu céleste	Niña Celeste Rastrillo
azuré de la luzerne	Gris Estriada
azuré de la sarriette	Modraszek baton
azuré du serpolet	Hormiguera de lunares
azuré porte-queue	Canela Estriada
aéronef amphibie	Avión anfibio
aéronef ultraléger motorisé	Ultraligero
baba au rhum	Babá
babouin olive	Papión oliva, papión de Anubis, babuino oliva
badiane chinoise	Anís estrellado
bagadais casqué	Prionopo crestiblanco
bagage à main	Bulto de mano, equipaje de mano
baguette magique	Varita mágica
bahasa indonesia	Bahasa
baie de goji	Baya de goji
bail à ferme	Arrendamiento
bail à loyer	Alquiler
bain de bouche	Enjuague bucal
bain de fourmis	Baño de hormigas
bain de sang	Baño de sangre
bain de siège	Baño de asiento
baiser volé	Beso robado
baisser la garde	Bajar la guardia
balai espagnol	Fregona, escoba de trapear
balai à franges	Fregona
balance romaine	Romana
balançoire à bascule	Balancín, cachumbambé, subibaja
balaou de l'atlantique	Sauro atlántico, paparda del Atlántico norte, alcrique
balbuzard pêcheur	Águila pescadora
baleine blanche	Beluga
baleine bleue	Rorcual azul
baleine boréale	Ballena de Groenlandia, ballena boreal
baleine de minke	Ballena de minke
baleine franche	Balénido
baleine franche de l'atlantique nord	Ballena franca glacial, ballena de los vascos
baleine grise	Ballena gris
baleine pygmée	Ballena franca pigmea, ballena franca enana
baleine à bec	Zifio
baleine à bec commune	Zifio calderón boreal, ballena de pico boreal
baleine à bec d'andrews	Zifio de Andrew
baleine à bec d'hector	Zifio de Hector
baleine à bec de blainville	Zifio de Blainville
baleine à bec de cuvier	Zifio de Cuvier
baleine à bec de gervais	Zifio de Gervais, zifio europeo
baleine à bec de gray	Zifio de Gray
baleine à bec de hubbs	Zifio de Hubbs
baleine à bec de layard	Zifio de Layard
baleine à bec de longman	Zifio de Longman, zifio Indo-Pacífico
baleine à bec de perrin	Zifio de Perrin
baleine à bec de sowerby	Zifio de Sowerby, zifio del Atlántico norte
baleine à bec de stejneger	Zifio de Stejneger, zifio del mar de Bering
baleine à bec de travers	Zifio de Travers, ballena picuda de Bahamonde
baleine à bec de true	Zifio de True
baleine à bec pygmée	Zifio peruano, zifio menor
baleine à bosse	Yubarta, gubarte, ballena jorobada
baliste commun	Gallo gris
balle au pied	Balompié
balle de golf	Bola de golf
ballon d'or	(Echinocactus) Biznaga
ballon de baudruche	Globo
ballon dirigeable	Dirigible, zepelin
banane plantain	Plátano macho
bananier du japon	Banana japonesa
banc d'église	Banco de iglesia
banc de fidèle	Banco de iglesia
banc de sable	Banco, bajío, bajo
banc polarisé	Banco polarizado
bandage herniaire	Faja para hernia
bande d'arrêt d'urgence	Arcén
bande de roulement	Banda de rodamiento
bande dessinée	Tira cómica, historieta, cómic
bande magnétique	Cinta magnética
bande rugueuse	Banda rugosa
bangkaew de thaïlande	Bangkaew tailandés
bannissement furtif	Baneo en la sombra, supresión disimulada
banque centrale	Banco central
banque de graines	Banco de germoplasma, banco de semillas
banque de graines du sol	Banco de semillas
banque de sperme	Banco de semen
banque du sang	Banco de sangre
baptisie des teinturiers	Añil basto
baptême du feu	Bautismo de fuego
bar commun	Lubina, lobina, róbalo
bar à chats	Café de gatos
bar à chicha	Bar de cachimbas
barbastelle d'europe	Murciélago de bosque
barbe à papa	Algodón de azúcar
barbeau commun	Barbo común europeo
barbeau fluviatile	Barbo
barbeau méridional	Barbo de montaña
barbotte brune	Pez gato, pez cabeza de toro, barbú torito
barbue de rivière	Cuatete, pez gato americano
bare metal	Máquina desnuda
barge hudsonienne	Aguja café, aguja de Hudson, aguja lomiblanca
barge marbrée	Picopando canelo
barge rousse	Aguja colipinta
barge à queue noire	Aguja colinegra
baron de la drogue	Capo, jefe del narcotráfico
baroud d'honneur	Último cartucho, último combate, resistencia numantina
barre chocolatée	Chocolatina, barrita de chocolate
barre d'outils	Barra de herramientas
barre de céréales	Barritas de cereales
barre de défilement	Barra de desplazamiento
barre de menus	Barra de menús
barre de vie	Barra de salud
barre des tâches	Barra de tareas
barre oblique	Barra oblicua
barre oblique inverse	Barra inversa
barre transversale	Travesaño
barre énergétique	Barrita energética
barrière canadienne	Paso canadiense
barrière hémato-encéphalique	Barrera hematoencefálica
bas latin	Latín tardío
bas peuple	Bajo pueblo, pueblo llano, pueblo raso
bas résille	Medias de rejilla, medias de malla
bas saxon	Bajo sajón
base aérienne	Base aérea
base de connaissances	Base de conocimiento
base de données	Base de datos, banco de datos
base de données distribuées	Base de datos distribuida
base de données documentaire	Base de datos documental
base de données hiérarchique	Base de datos jerárquica
base de données orientée colonnes	Base de datos orientada a columnas
base de données orientée documents	Base de datos orientada a documentos
base de données orientée graphe	Base de datos orientada a grafos
base de données orientée objet	Base de datos orientada a objetos
base de données relationnelle	Base de datos relacional
base de données réseau	Base de datos de red
base de données xml	Base de datos XML
base militaire	Base militar
basque unifié	Euskera batúa
basse kalimba	Kalimba
basset artésien normand	Basset artesiano de Normandía
basset bleu de gascogne	Basset azul de Gascuña
basset de westphalie	Tejonero de Westfalia
basset fauve de bretagne	Basset leonado de Bretaña
basset hound	Basset hound
basset suédois	Drever
bassin hydrographiquebassin versant	Cuenca
bassin versant	Cuenca hidrográfica
bataille d'hernani	Batalla de Hernani
bataille de boules de neige	Pelea de bolas de nieve
bataillon disciplinaire	Batallón de castigo
bateau auxiliaire	Barco auxiliar
bateau de pierre	Barco de piedra
bateau de pêche	Pesquero
bateau multicoque	Embarcación multicasco
batterie d'accumulateurs	Batería de acumuladores, batería del acumulador, acumulador
batterie de cuisine	Batería de cocina
batterie externe	Batería externa
batterie flottante	Batería flotante
battre de l'aile	Alicaído
battre des ailes	Aletear
battre des paupières	Parpadear, pestañear
battre en retraite	Batirse en retirada
battre la mesure	Marcar el compás, marcar el ritmo
battre monnaie	Amonedar, acuñar moneda
baume à lèvres	Crema para labios, pomada para labios
bay area thrash metal	Bay Area thrash metal
baza coucou	Baza Africano
baza de jerdon	Baza oriental
baza huppard	Baza negro
baza huppé	Baza australiano
baza malgache	Baza malgache
beach handball	Balonmano playa
bearded collie	Collie barbudo
beau parleur	Hablador
beau temps	Buen tiempo
beauclaire de roche	Catalufa espinosa, catalufa roquera
beauclaire longue aile	Catalufa aleta larga
beaucoup de bruit pour rien	Mucho ruido y pocas nueces
bec de gaz	Farola de gas, farol de gas
bec verseur	Grifo, pico
bec-croisé bifascié	Piquituerto franjeado
bec-croisé d'écosse	Piquituerto escocés
bec-croisé des sapins	Piquituerto común
bec-croisé perroquet	Piquituerto lorito
bedlington terrier	Bedlington terrier
bel et bien	Sin lugar a dudas, absolutamente, completamente
belle lurette	Hace tiempo
ben voyons	Si, claro
benne à ordures	Contenedor de basura
benoîte du chili	Hierba del clavo
berce géante	Perejil gigante, branca ursina falsa
berce sphondyle	Branca ursina, espondilio, pie de oso
berger allemand	Pastor alemán, ovejero alemán
berger australien	Pastor australiano
berger belge	Perro pastor belga
berger belge groenendael	Pastor belga groenendael
berger belge laekenois	Pastor belga laekenois
berger belge malinois	Pastor belga malinois
berger belge tervuren	Pastor belga tervuerense
berger blanc suisse	Pastor blanco suizo
berger catalan	Pastor catalán
berger croate	Cane da pastore croato
berger d'anatolie	Pastor de Anatolia
berger d'asie centrale	Perro pastor de Asia central
berger de beauce	Beauceron
berger de bergame	Bergamasco
berger de brie	Pastor de Brie
berger de la serra de aires	Cão da Serra de Aires
berger de majorque	Perro de pastor mallorquín, ca de bestiar
berger de picardie	Pastor de Picardía
berger de russie méridionale	Pastor del sur de Rusia
berger des pyrénées	Pastor de los Pirineos
berger des shetland	Perro pastor de las islas Shetland
berger des tatras	Pastor de Tatra
berger du caucase	Pastor caucásico
berger du karst	Pastor de karst
berger finnois de laponie	Pastor lapón
berger hollandais	Pastor holandés
berger polonais de plaine	Pastor polaco de Valée
berger roumain des carpates	Perro pastor de los Cárpatos
bergeronnette de forêt	Lavandera de los bosques, lavandera forestal
bergeronnette des ruisseaux	Lavandera cascadeña
bergeronnette grise	Lavandera blanca
bergeronnette printanière	Lavandera boyera
bernache cravant	Barnacla carinegra
bernache du canada	Barnacla canadiense
bernache nonnette	Barnacla cariblanca
bernache néné	Barnacla de Hawái, ganso de Hawái
bernache à cou roux	Barnacla cuellirroja
berrenda noire	Berrenda negra
berrenda rouge	Berrenda roja, berrenda colorada
best of	Grandes éxitos
betterave à sucre	Remolacha azucarera
beurre d'écrevisse	Salsa mantequilla de cangrejo
beurre de cacahouète	Mantequilla de cacahuete, mantequilla de maní, crema de cacahuate
biais de confirmation	Sesgo confirmatorio, sesgo de confirmación
biais de genre	Sesgo de género
bibliothèque de périodiques	Hemeroteca
bicarbonate de sodium	Bicarbonato de sodio
bichon bolonais	Bichón boloñés
bichon havanais	Bichón habanero
bichon maltais	Bichón maltés
bichon à poil frisé	Bichon de pelo rizado
bidon à lait	Lechera
bien commun	Bien común
bien en chair	Macizo, maciza, entrado en carnes
bien entendu	Naturalmente, desde luego, por supuesto
bien fait	Bien hecho
bien immeuble	Biene inmueble
bien joué	Bien hecho
bien membré	Bien dotado
bien monté	Vergón
bien né	De noble cuna
bien portant	Sano
bien que	A pesar de, aunque, si bien
bien sûr	Por supuesto; claro
bien élevé	Bien educado
biens de consommation	Bienes de consumo
big band	Big band, banda grande
big bang	Big Bang; Evento a gran escala
big data	Datos masivos
bihoreau gris	Guaco, martinete común, gauda
billard français	Billar francés, carambola
bille en tête	Con determinación
billet de banque	Billete
billet doux	Anglais
billet à ordre	Pagaré
binarité de genre	Binariedad de género, binaridad de género
biologie évolutive du développement	Biología evolutiva del desarrollo
biscuit chinois	Galleta de la suerte, galleta de la fortuna
bison d'europe	Bisonte europeo
bit de parité	Bit de paridad
bière de sassafras	Sabor raíz
bière sans alcool	Cerveza sin alcohol
black metal	Black metal
blague à part	Bromas aparte
blaireau américain	Tejón, tlalcoyote, tejón norteamericano
blaireau européen	Tejón común
blaireau-furet de birmanie	Tejón turón birmano
blaireau-furet de chine	Tejón turón chino
blaireau-furet de java	Tejón turón de Java
blanc cassé	Blanco apagado
blanc comme un linge	Blanco como el papel
blanc d'œuf	Clara
blanc de poulet	Pechuga
blanchiment d'argent	Lavado de dinero
blennie fluviatile	Blenio de río
blennie paon	Gallerbo
bleu acier	Azul acero
bleu bleuet	Azul aciano
bleu ciel	Celeste, azul cielo
bleu de cobalt	Azul de cobalto
bleu de gascogne	Azul de Gascuña
bleu de méthylène	Azul de metileno
bleu de prusse	Azul de Prusia, azul de Berlin
bleu de travail	Buzo, mono
bleu majorelle	Azul Majorelle
bleu marine	Azul marino
bleu pétrole	Azul petróleo
bleu russe	Azul ruso
bleu turquin	Azul turquí, azul turquino
bleu turquoise	Azul turquesa
bleu électrique	Azul eléctrico
blitz à quatre	Pasapiezas
bloc de constitutionnalité	Bloque de constitucionalidad
bloc erratique	Bloque errático
bloc opératoire	Quirófano, sala de cirugía
blocage géographique	Geobloqueo
blond vénitien	Rubia veneciana, rubio veneciano
blongios nain	Avetorillo común
bloody mary	Bloody mary
blues rock	Blues rock
blé compact	Trigo cabezorro
blé d'hiver	Trigo de invierno, trigo otoñal
blé de printemps	Trigo de primavera
blé dur	Trigo duro
blé noir	Alforfón, trigo sarraceno
blé tendre	Trigo pan, trigo harinero
bobine d'allumage	Bobina del encendido
bobine d'arrêt	Choke
bobine tesla	Bobina de Tesla
bobtail japonais	Bobtail japonés
boire comme un trou	Beber como barril sin fondo
boire le coup de l'étrier	Tomarse el último, beberse la última copa
bois café	Ciruela de fraile, ciruelo colorado, palo de Cuba
bois chaud	(Acer campestre) Arce menor
bois citron	Gongolin
bois de campêche	Palo campeche
bois de chauffage	Leña
bois de panama	Madera de Panamá, palo de Panamá
bois de poule	(Acer campestre) Arce menor
bois de rose	Palo de rosa
bois de sainte-lucie	Cerezo de Santa Lucía, cerecino
bois de violette	Palo violeta
bois trompette	Yagrumo
boisson alcoolisée	Bebida alcohólica
boisson chaude	Bebida caliente
boisson gazeuse	Carbonación
boite aux lettres	Buzón
bol chantant	Tazón cantador, tazón himalayo, tazón tibetano
bol d'arménie	Bol arménico
bol tibétain	Tazón tibetano, bol tibetano, cuenco tibetano
bol à punch	Ponchera
bola de berlim	Berlinesa, berlina, berlín
bolet bai	Boleto bayo
bolet de fiel	Boleto amargo, chupasangre, camaleón rojo
bolet jaune	Boleto anillado, babosillo
bolet poivré	Boleto picante
bolet satan	Boleto de Satanás
bolet à chair jaune	Boleto de carne amarilla
bolet élégant	Boleto elegante
bombe atomique	Bomba de fisión, bomba atómica, arma nuclear
bombe carbone	Bomba de carbono
bombe incendiaire	Bomba incendiaria
bombe sexuelle	Bomba sexual
bombe à hydrogène	Bomba de hidrógeno, bomba H, bomba termonuclear
bombe à neutrons	Bomba de neutrones, bomba N, bomba de radiación directa incrementada
bombe à retardement	Bomba de relojería
bomber le torse	Sacar el pecho, sacar pecho
bombyx atlas	Mariposa atlas
bombyx du mûrier	Gusano de seda
bon anniversaire	Feliz cumpleaños
bon appétit	Buen provecho, que aproveche, provecho
bon courage	¡Buena suerte!
bon d'échange	Bono, vale
bon de caisse	Bono para la caja, bono de dinero en efectivo, compra en efectivo
bon fou	Alfil bueno
bon gré mal gré	Quiérase o no
bon marché	Barato
bon matin	Buenos días
bon samaritain	Buen Samaritano
bon sang	(coloquial) Caramba, diablos, joder, maldición, maldit
bon sang ne saurait mentir	De casta le viene al galgo el ser rabilargo
bon sens	Sentido común, seso, juicio
bon vieux	De toda la vida
bon vivant	Amigo del buen vivir, bon vivant
bon vouloir	Aquiescencia
bon voyage	Buen viaje
bondrée apivore	Halcón abejero
bongare annelé	Krait rayado, krait a bandas
bongare candide	Krait malayo
bongare fascié	Krait rayado, krait a bandas
bongare indien	Krait común
bongare rayé	Krait con muchas bandas de Taiwán
bongare à tête rouge	Krait cabeza roja
bonhomme de neige	Muñeco de nieve
bonite à dos rayé	Bonito del Atlántico
bonite à ventre rayé	Listado
bonne année	Feliz año nuevo
bonne aventure	Clarividencia
bonne chance	¡Buena suerte!
bonne foi	Buena fe
bonne fête	Feliz cumpleaños
bonne humeur	Buen humor
bonne nuit	Buenas noches
bonne volonté	Buena voluntad
bonnet de bain	Gorro de natación
bonnet turc	Nudo cabeza de turco
border collie	Collie de la frontera
border terrier	Border terrier
borne d'incendie	(Francia) Hidrante, boca de incendio o hidrante de i
borne milliaire	Miliario
boson de higgs	Bosón de Higgs, particula de Higgs
boson w	Bosón W
boson z	Bosón Z
bossa nova	Bossa nova
bosse à la tête	Chichón
boto de l'araguaia	Delfín del río Araguaia
botter en touche	Tirar, salir, esquivar un tema
bottin téléphonique	Guía telefónica, directorio telefónico
bou du	(coloquial) Usada para expresar alguna sorpresa o cont
bouc émissaire	Chivo expiatorio, cabeza de turco
bouche bée	Boquiabierto
bouche d'incendie	(Francia) Hidrante, boca de incendio o hidrante de i
bouche à oreille	Boca a boca
boucherie chevaline	Carnicería equina
bouchon couronne	Tapón corona
bouchée de pain	Por un pedazo de pan
boucle d'oreille	Arete
boucle de latham	Bucle de Latham
boucle locale	Bucle local
boucler la boucle	Cerrar el círculo, rizar el rizo, estar en las mismas
bouddhisme won	Budismo Wŏn
boue de forage	Lodo bentonítico
bougainvillée glabre	Buganvillea menor, flor de papel
bougie d'allumage	Bujía
bouillon blanc	Gordolobo
boule d'attelage	Bola de remolque
boule de berlin	Bola de Berlín
boule de cristal	Bola de cristal
boule puante	Bomba fétida
boule à thé	Bola para el té
bouledogue américain	Bulldog americano
bouledogue anglais	Bulldog inglés
bouledogue français	Bulldog francés
boules de geisha	Bolaschinas
bouleuse à glace	Cuchara para helado
boulevard circulaire	Ronda, anillo periférico
boulevard périphérique	Circunvalación
bouquetin de nubie	Íbice de Nubia
bouquetin de sibérie	Íbice siberiano
bouquetin des alpes	Cabra salvaje de los Alpes
bouquetin du caucase	Tur del Cáucaso occidental
bourdon de pèlerin	Bordón de pelegrino
bourdon terrestre	Abejorro común
bourg pourri	Burgo podrido
bourrache officinale	Borraja
bourreau de travail	Trabajólico
bourse de commerce	Mercado de futuros
bourse des valeurs	Bolsa de valores
bouscarle de cetti	Ruiseñor bastardo
bout de doigt	Yema
bouteille de klein	Botella de Klein
bouteille jetée à la mer	Mensaje en una botella
bouton anti-écrasement	Botón antiaplastamiento
bouton d'or	Botón de oro, ranúnculo
bouton de fièvre	Grano de fiebre, pupa, grano de calentura
bouton de manchette	Gemelo
bouvier australien	Pastor ganadero australiano
bouvier bernois	Boyero de Berna
bouvier de l'appenzell	Boyero de Appenzell
bouvier de l'entlebuch	Boyero de Entlebuch
bouvier des ardennes	Boyero de las Ardenas
bouvier des flandres	Boyero de Flandes
bouvreuil pivoine	Camachuelo común
bouée de sauvetage	Salvavidas, boya salvavidas
bovin japonais	Wagyu
boxe anglaise	Pugilismo
boxe thaïlandaise	Boxeo tailandés
boîte aux lettres	Buzón
boîte boisson	Lata de bebida
boîte combinée	Cuadro combinado
boîte de conserve	Lata
boîte de dialogue	Cuadro de diálogo
boîte de pandore	Caja de Pandora
boîte de petri	Placa de Petri
boîte de vitesses	Caja de velocidades, caja de cambios
boîte noire	Caja negra
boîte postale	Apartado de correos
boîte vocale	Buzón de voz
boîte à gants	Guantera
boîte à lettres	Buzón
boîte à moustaches	Diagrama de caja
boîte à musique	Caja de música
boîte à outils	Caja de herramientas
bracelet de force	Muñequera
brachet allemand	Sabueso de sangre de Baviera
brachet tyrolien	Braco tirolés
brai de bouleau	Brea de abedul, pez de abedul
branlette intellectuelle	Paja mental
braque allemand	Braco alemán de pelo corto
braque allemand à poil dur	Braco alemán de pelo duro
braque d'auvergne	Braco de Auvernia
braque de burgos	Perdiguero de Burgos
braque de l'ariège	Braco de Ariège
braque de weimar	Braco de Weimar
braque du bourbonnais	Braco de Borbón
braque du puy	Braco de Puy
braque français	Braco francés
braque hongrois à poil court	Braco húngaro
braque italien	Bracco italiano
braque portugais	Perdiguero portugués
braque saint-germain	Braco de Saint Germain
bras d'honneur	Corte de mangas
bras de fer	Fuerzitas, pulseada, pulso, vencidas; Confrontación (decisiva), enfrentamiento,
bras droit	Mano derecha
bras mort	Brazo muerto, lago en herradura
bras oscillant	Basculante
brasage fort	Soldadura fuerte, soldadura dura
brasage tendre	Soldadura blanda
brassemer cendré	Quetru no volador
brasure forte	Soldadura fuerte, soldadura dura
brasure tendre	Soldadura fuerte, soldadura blanda
brebis galeuse	Garbanzo negro u oveja negra
brelin noir	Bígaro común, caracolillo
breuvage amer	Brebaje
brie de meaux	Brie de Meaux
briller par son absence	Brillar por su ausencia
brique de verre	Ladrillo
brise de mer	Brisa marina
briser la glace	Romper el hielo
briser le cœur	Quebrar algo el corazón
briseur de grève	Rompehuelgas
brisure de riz	Arroz partido
british shorthair	Gato británico de pelo corto
broc d'eau	Jarra de agua
brosse à cheveux	Cepillo del pelo
brosse à dents	Cepillo de dientes
brou de noix	Nogalina
brouillard de guerre	Niebla de guerra
bruant auréole	Escribano aureolado
bruant cendrillard	Escribano ceniciento
bruant cendré	Escrivano cinereo
bruant chanteur	Chingolo Cantor
bruant chingolo	Chincol
bruant de patagonie	Yal austral
bruant des roseaux	Escribano palustre
bruant des sierras gris	Platero
bruant fou	Escribano montesino
bruant jaune	Escribano cerillo
bruant mélanocéphale	Escribano cabecinegro
bruant ortolan	Escribano hortelano
bruant patagon à gorge noire	Yal austral
bruant proyer	Triguero
bruant rustique	Escribano rustico
bruant zizi	Escribano soteño
bruant à calotte blanche	Escribano de Gmelin
bruant à queue striée	Platero
bruit blanc	Ruido blanco, alteración blanca
bruit qui court	Boca a boca, rumor
bruits de bottes	Ruido de sables
bruler ses vaisseaux	Quemar las naves
brume de chaleur	Calima
brunelle commune	Hierba mora
bruno du jura	Bruno del Jura
bruyère arborescente	Brezo blanco
bruyère callune	Biércol merino, brezo común
bruyère cantabrique	Urciona
bruyère cendrée	Brezo ceniciento, carpaza, argaña
bruyère quaternée	Brezo de turbera
bruyère à balais	Berozo
bruyère à nombreuses fleurs	Brezo de invierno
bryone dioïque	Nueza, nabo del diablo
brèche volcanique	Brecha volcánica
brède chevrette	Colchon de nino, hierba de las coyunturas
brème bordelière	Brema blanca
brème commune	Brema, plática
brème de mer	Palometa negra
brève azurine	Pita barrada de Java
brève bleue	Pita azul
brève d'angola	Pita angoleña
brève d'elliot	Pita de Elliot
brève d'halmahera	Pita de Halmahera
brève de gurney	Pita de Gurney
brève de koch	Pita de Luzón
brève de malaisie	Pita barrada malaya
brève de schneider	Pita de Schneider
brève de schwaner	Pita barrada de Borneo
brève de steere	Pita de Mindanao
brève des palétuviers	Pita de manglar, pita de los mangles
brève du bengale	Pita india
brève gracieuse	Pita graciosa
brève grenadine	Pita granate
brève géante	Pita gigante
brève iris	Pita arcoiris
brève masquée	Pita carinegra
brève migratrice	Pita ninfa
brève ornée	Pita orejuda
brève renversée souscrite	Arco suscrito
brève superbe	Pita soberbia
brève versicolore	Pita bulliciosa, pita gritona
brève à ailes bleues	Pita aliazul
brève à bandeau	Pita bandeada
brève à capuchon	Pita encapuchada
brève à dos bleu	Pita lomiazul
brève à nuque bleue	Pita nuquiazul
brève à nuque fauve	Pita rojiza
brève à poitrine verte	Pita pechiverde
brève à tête bleue	Pita cabeciazul, pita de cabeza azul
brève à ventre rouge	Pita ventrirroja
brève élégante	Pita elegante
brûler ses vaisseaux	Quemar las naves
brûler un feu rouge	Pasarse la luz roja
bubale caama	Alcelafo caama
bubale roux	Búbalo común
bubble tea	Té de burbujas, té de perlas
bucarde à papilles	Berberecho erizado
bucarde épineuse	Berberecho espinoso
budget carbone	Presupuesto de carbono
buffle d'afrique	Búfalo africano, búfalo cafre, búfalo de El Cabo
buhund norvégien	Buhund noruego
buis commun	Boj común
bulbe rachidien	Bulbo raquídeo
bull terrier	Bull terrier
bulle d'or	Bula de oro
bulle de filtres	Burbuja de filtros
bulle pontificale	Bula papal, bula pontificia
bulle spéculative	Burbuja especulativa, burbuja de mercado, burbuja económica
bulletin de paie	Nómina
bulletin de vote	Papeleta
bunny girl	Conejita
buplèvre arbustif	Adelfilla
bureau de change	Casa de cambio
bureau de poste	Oficina de correos, correos
bureau de tabac	Estanco, tabaquería, expendeduría
bureau de vote	Mesa electoral
busard bariolé	Vari
busard cendré	Aguilucho cenizo
busard de montagu	Aguilucho cenizo
busard des roseaux	Aguilucho lagunero
busard pâle	Aguilucho papialbo
busard saint-martin	Aguilucho pálido
busautour aux yeux blancs	Azor tisa, busardo tisa
busautour des sauterelles	Busardo langostero
busautour pâle	Azor de alas rufas, busardo alimfo
busautour à joues grises	Busardo carigrís, azor de cara gris
buse de harris	Peuco, busardo mixto, busardo de Harris
buse de patagonie	Aguilucho de cola rojiza
buse féroce	Ratonero moro, busardo moro
buse pattue	Ratonero calzado
buse roussâtre	Gavilán cangrejero colorado, busardo sabanero
buse variable	Ratonero común
buse à ailes marron	Peuco, busardo mixto, busardo de Harris
buse à gorge blanche	Aguilucho chico
buse à queue rousse	(Buteo jamaicensis) Ratonero de cola roja,
but contre son camp	Autogol, gol en propia puerta
but à but	De cabo a rabo
butor d'amérique	Avetoro americano
butor étoilé	Avetoro común, avetoro
bâtiment voyageur	Edificio de viajeros
bâtir des châteaux en espagne	Hacer castillos en el aire
bâton d'esculape	Báculo de Esculapio, vara de Esculapio
bâton de maréchal	Bastón de mariscal, bengala
bâton de pluie	Palo de lluvia
bébé sur mesure	Bebé de diseño
bécasse des bois	Chocha perdiz, becada
bécasseau cocorli	Correlimos zarapitín
bécasseau de temminck	Correlimos de Temminck
bécasseau falcinelle	Correlimos falcinelo
bécasseau maubèche	Correlimos gordo, playero ártico
bécasseau minuscule	Roquero rojo
bécasseau minute	Correlimos chico, correlimos menudo
bécasseau roussâtre	Correlimos canelo
bécasseau sanderling	Correlimos tridáctilo, playerito blanco
bécasseau tacheté	Playerito pectoral
bécasseau variable	Correlimos común, playero común
bécasseau violet	Correlimos oscuro
bécassin à long bec	Agujeta escolopácea
bécassine des marais	Agachadiza común
bécassine double	Agachadiza real
bécassine sourde	Agachadiza chica
bécassine sud-américaine	Becacina
bélier hydraulique	Ariete hidrolico
bénitier géant	Almeja gigante
bérardie d'arnoux	Zifio de Arnoux, delfín picudo de Arnoux
bérardie de baird	Berardio de Baird, zifio de Baird
béryx commun	Alfonsino
béton armé	Hormigón armado
béton précontraint	Hormigón pretensado
bête comme un chou	Tonto como un burro
bête de somme	Acémila, bestia de carga
bête noire	Bestia negra
bœuf domestique	Vaca doméstica, toro doméstico
bœuf musqué	Buey almizclero
c'est clair	Claro, está claro, por supuesto
c'est combien	¿Cuánto cuesta?; ¿Cuánto es?
c'est dans le besoin que l'on reconnaît ses amis	En la amistad la pureza, no la riqueza
c'est dans les vieux pots qu'on fait la meilleure soupe	La esencia en tarro pequeño se vende, el perfume en tarro pequeño se vende, pomo pequeño, lleno de aroma
c'est dire	En pocas palabras
c'est du gâteau	Pan comido, coser y cantar
c'est en forgeant qu'on devient forgeron	La práctica hace al maestro, la práctica h
c'est en forgeant que l'on devient forgeron	La práctica hace la perfección, machacando se aprende el oficio
c'est l'hôpital qui se moque de la charité	Le dice la cazuela al cazo, es el burro hablando de orejas
c'est la poêle qui se moque du chaudron	La sartén le dijo al cazo
c'est la vie	Así es la vida
c'est le pompon	Es el colmo, es demasiado
c'est le serpent qui se mord la queue	Es la pescadilla que se muerde la cola
c'est moi	A usted
c'est ni fait ni à faire	Es una chapuza
c'est nickel	Stas purege, niquelado
c'est parti	Vamos
c'est pas du jeu	No es del juego !
c'est pas possible	No puede ser, no me digas
c'est pourquoi	Por eso
c'est quoi ce bordel	(vulgar) ⸘Qué carajo‽ ⸘Qué coño‽ ⸘Qué putas‽; (vulgar) ¿Qué carajo? ¿Qué diablos? ¿Qué mierda?
c'est un comble	Es el colmo
c'est une autre paire de manches	Es harina de otro costal
c'est une chose	Es una cosa
c'est ça	Así es o tener la razón, eso es; (irónico) Negación de una afirmación
cabine d'essayage	Probador
cabine de pilotage	Carlinga
cabine téléphonique	Teléfono público, cabina telefónica, cabina de teléfonos
cabinet d'aisance	Cuarto de aseo
cabinet d'aisances	Cuarto de aseo
cacatois de misaine	Sobre de proa
cacatois de perruche	Sobre de mesana, sobreperico, sobreperiquito
cacatoès aux yeux bleus	Cacatúa oftálmica
cacatoès banksien	Cacatúa colirroja
cacatoès blanc	Cacatúa blanca
cacatoès corella	Cacatúa sanguínea
cacatoès de baudin	Cacatúa fúnebre piquilarga
cacatoès de ducorps	Cacatúa de las Salomón
cacatoès de goffin	Cacatúa de las Tanimbar
cacatoès de latham	Cacatúa lustrosa
cacatoès de leadbeater	Cacatúa abanderada
cacatoès des philippines	Cacatúa filipina
cacatoès funèbre	Cacatúa fúnebre coliamarilla
cacatoès laboureur	Cacatúa cavadora
cacatoès nasique	Cacatúa picofina
cacatoès noir	Cacatúa enlutada
cacatoès rosalbin	Cacatúa galah
cacatoès soufré	Cacatúa sulfúrea
cacatoès à huppe jaune	Cacatúa galerita
cacatoès à huppe rouge	Cacatúa moluqueña
cacatoès à rectrices blanches	Cacatúa fúnebre piquicorta
cacatoès à tête rouge	Cacatúa gangang
cachalot nain	Cachalote enano
cachalot pygmée	Cachalote pigmeo
cactus citron mexicain	Biznaga barril de lima, viznaga roja
cactus de noël	Cactus de Navidad
cadavre exquis	Cadáver exquisito
cadeau empoisonné	Regalo envenenado
cadet des soucis de	El menor de los problemas
cadran solaire	Reloj de sol
cadre pour photos	Portarretratos
cafetière napolitaine	Cafetera napolitana
cafetière à piston	Cafetera de émbolo, cafetera de pistón, cafetera francesa
café allongé	Café largo
café américain	Café americano
café arrosé	Carajillo
café au lait	Café con leche
café crème	Cortado
café de pissenlit	Café de diente de león, té de diente de león
café glacé	Café con hielo
café irlandais	Café irlandés
café long	Café largo
café moulu	Café molido
café noir	Tinto
café noisette	Café con una nube
café torréfié	Cafe tostado
café turc	Café arábigo, café a la turca, café turco
café viennois	Vienés
café équitable	Café de comercio justo
caféier d'arabie	Cafeto arábigo, café arábica
caféier robusta	Café robusta
cage d'escalier	Caja
cage de faraday	Jaula de Faraday
cage thoracique	Caja torácica
cage à lapin	Conejar, conejera
cage à lapins	Conejar, conejera
cahier des charges	Pliego de condiciones
caille des blés	Codorniz
cairn terrier	Cairn terrier
caisse claire	Caja clara, redoblante, tarola
caisse d'épargne	Caja de ahorros
caisse de résonance	Caja de resonancia
caisse enregistreuse	Máquina registradora
caisse à outils	Caja de herramientas
caisse à savon	Carretón
cakilier maritime	Oruga de mar, oruga maritima
calament nepeta	Calamento
calao terrestre	Cálao terrestre
calcaire algaire	Caliza de algas
calcaire oolitique	Caliza oolítica
calcul infinitésimal	Cálculo infinitesimal
calcul rénal	Cálculo renal
calculatrice scientifique	Calculadora científica
cale sèche	Dique seco
cale à poncer	Bloque de lijado
calendrier de l'avent	Calendario de adviento
calendrier grégorien	Calendario gregoriano
calendrier hébraïque	Calendario hebreo, calendario judío
calendrier julien	Calendario juliano
calendrier lunaire	Calendario lunar
calendrier vaccinal	Calendario vacunal, calendario de vacunación, calendario de vacunas
calicotome velu	Erguén, hérguen
calicotome épineux	Retama espinosa, cambrona
california spangled	California spangled
calla des marais	Cala
calmar colossal	Calamar colosal, cranquiluria antártica
calmar géant	Calamar gigante, megaluria
caloptéryx vierge	Caballito del diablo azul
calotte glaciaire	Capa de hielo
calotte polaire	Calota de hielo
calotte sphérique	Casquete esférico
caltha des marais	Calta palustre, verruguera
camarine rouge	Murtilla de Magallanes, brecillo, uvilla
cambarre de java	Patata de Telinga
camion benne	Volquete, camión volquete
camion de remorquage	Grúa
camisole de force	Camisa de fuerza
camp de concentration	Campo de concentración
camp de la mort	Campo de exterminio
campagnol commun	Topillo campesino
campagnol nordique	Topillo nórdico
campagnol roussâtre	Topillo rojo
caméra de recul	Cámara de marcha atrás
canadien anglais	Anglocanadiense
canadien français	Francocanadiense
canal alpha	Canal alfa
canal d'irrigation	Acequia, canal de riego
canal hépatique	Conducto hepático
canard carolin	Pato joyuyo
canard chipeau	Ánade friso
canard colvert	Pato doméstico
canard de barbarie	Pato criollo, pato de Berbería
canard de chiloé	Pato real
canard des bahamas	Pato gargantillo
canard des hawaï	Pato de Hawái
canard des philippines	Pato de Filipinas
canard domestique	Pato doméstico
canard mandarin	Pato mandarín
canard musqué	Pato Criollo, ñuñuma
canard pilet	Ánade rabudo
canard sauvage	Pato salvaje, lavanco, navanco
canard siffleur	Pato silbón, ánade silbón
canard siffleur d'amérique	Silbón americano
canard souchet	Cuchara común
canard spatule	Pato cuchara
canard à bec jaune	Pato de pico amarillo
canard à lunettes	Pato de anteojos
canard à queue pointue	Pato jergón grande
canaroie semipalmée	Ganso urraca
canaroies semipalmées	Gansos urracas
cancer de l'œsophage	Cáncer de esófago
cancer du sein triple négatif	Cáncer de mama triple negativo
candela par mètre carré	Candela por metro cuadrado
candidat libre	Candidato libre
candidate libre	Candidata libre
cane corso	Cane corso
canicule marine	Ola de calor marina
canna comestible	Achira
canne blanche	Bastón blanco
canne de provence	Caña común, cañavera
canne de sucre	Canne a sucre
canne flèche	Caña brava
canne à pêche	Caña de pescar, caña de pesca
canne à sucre	Caña, caña de azúcar
cannelier de chine	Canelero chino, cassia
canot de sauvetage	Bote salvavidas
cantique des cantiques	Cantar de los Cantares
cap' de vau	Capitán de navío
capacité thermique	Capacidad calorífica, capacidad térmica
capacité thermique massique	Capacidad térmica específica, capacidad calorífica específica, calor específico
capacité thermique volumique	Capacidad calorífica volumétrica
capillaire des murailles	Culantrillo menudo
capital social	Capital social
capitalisme arc-en-ciel	Capitalismo arcoiris
capitalisme d'état	Capitalismo de Estado
capitalisme de surveillance	Capitalismo de vigilancia
capitalisme rose	Capitalismo rosa
capsule de café	Cápsula de café
capteur solaire	Captador solar
capture d'écran	Captura de pantalla o pantallazo
capucette barrée	Pejerrey pescadillo, pejerrey mocho
capucine tubéreuse	Añu, isaño, mashua
caracara chimango	Chimango, chiuque, tiuque
caracara à crête	Guarro
caractère chinois	Carácter chino, carácter han
caractère mobile	Tipo móvil
caractère typographique	Carácter tipográfico
carbonate d'ammonium	Carbonato de amonio, carbonato amónico, carbonato de diamonio
carbonate de calcium	Carbonato de calcio
carbure de calcium	Carburo de calcio
carbure de tungstène	Carburo de tungsteno, carburo de wolframio
carcinome basocellulaire	Basalioma
cardamine des prés	Berro de prado
cardoncelle de montpellier	Cardo arzolla
cardère sauvage	Carda, cardencha
carline en corymbe	Cardo cuco
carne guisada	Carne guisada
carouge de californie	Sargento tricolor
carouge de cuba	Sargento cubano
carouge de jamaïque	Zanate jamaicano
carouge de porto rico	Sargento puertorriqueño
carouge galonné	Trile
carouge à calotte rousse	Varillero congo
carouge à capuchon	Varillero capuchino
carouge à épaulettes	Sargento alirrojo
carouge à œil clair	Varillero ojipálido
carpe argentée	Carpa plateada
carpe diem	Carpe diem
carrefour giratoire	Rotonda
carré latin	Cuadrado latino
carré logique	Cuadro de oposición
carré magique	Cuadrado mágico
carré sémiotique	Cuadrado semiótico
carte bancaire	Tarjeta de pago
carte blanche	Carta blanca
carte cadeau	Tarjeta regalo, tarjeta de regalo
carte d'embarquement	Tarjeta de embarque, pase de abordar, pase de abordaje
carte d'identité	Documento de identidad, DNI
carte de crédit	Tarjeta de crédito
carte de débit	Tarjeta de débito
carte de vœux	Tarjeta de felicitación
carte des vins	Carta de vinos
carte graphique	Tarjeta gráfica, tarjeta de video
carte géologique	Mapa geológico
carte mère	Placa base, placa madre
carte perforée	Tarjeta perforada
carte postale	Tarjeta postal, postal
carte routière	Hoja de ruta
carte réseau	Tarjeta de red
carte verte	Tarjeta verde
carte à jouer	Naipe, carta, baraja
carthame des teinturiers	Cártamo, alazor
cartilage de meckel	Cartílago de Meckel
carton jaune	Tarjeta amarilla
carton plume	Cartón pluma
carton rouge	Tarjeta roja
case postale	Buzón
caserne de pompiers	Parque de bomberos
casque audio	Auriculares
casque bleu	Casco azul
casque colonial	Salacot
cassenoix moucheté	Cascanueces
casser du sucre sur le dos de	Cortar un traje a alguien, cortarle a alguien un traje
casser la gueule	Partirle el morro, romperle la cara, romperle la jeta
casser les couilles	Chingar, romper los cojones, romper las pelotas
casser sa pipe	Estirar la pata
cassette audio	Casete, caset, casete compacto
castagnole noire	Castañuela
castor d'europe	Castor europeo
castor et pollux	Cástor y Pólux, Cástor y Polideuces, Cástor y Polideuco
catalan central	Catalán central
catalan nord-occidental	Catalán noroccidental
catalan occidental	Catalán occidental
catalan oriental	Catalán oriental
catalan oriental central	Catalán oriental central
catalogue raisonné	Catálogo razonado
cautère sur une jambe de bois	Lo que el viento a Juárez
cavalier de bâton	Caballo de bastos
cavalier king charles spaniel	Cavalier king Charles spaniel
cavalier servant	Cortejo
cave à vin	Cava, bodega
cavité de dissolution	Cavidad de disolución
cavité gastrale	Espongiocele
cavité nasale	Fosa nasal
cavité palléale	Cavidad paleal, cavidad del manto
caïque chauve	Lorito calvo
caïque de barraband	Lorito carinaranja
caïque de bonaparte	Lorito cabecigualdo, cotorra cariamarilla
caïque de fuertes	Lorito de Fuertes
caïque de salvin	Lorito ecuatoriano
caïque maïpourri	Lorito chirlecrés
caïque mitré	Lorito pileado
caïque vautourin	Lorito vulturino
caïque à ailes noires	Lorito alinegro
caïque à capuchon	Lorito encapuchado
caïque à face rousse	Lorito amazonino
caïque à joues roses	Lorito carirrosado
caïque à queue courte	Lora colicorta, lorito colicorto
caïque à tête noire	Lorito caica
caïque à ventre blanc	Lorito rubio
ce n'est pas grave	No importa, no problema
ce n'est pas la fin du monde	No es el fin del mundo
ce n'est pas la mer à boire	No es cosa del otro mundo
ce n'est pas le pérou	No vale un Potosí
ce n'est pas rose	No todo es color de rosa
ce n'est pas tombé dans l'oreille d'un sourd	No caer en saco roto
ce n'est pas à un vieux singe qu'on apprend à faire des grimaces	No puedes enseñarle nuevos trucos a un perro viejo
ce qu'il fallait démontrer	Como queríamos demostrar
ce que	Lo que (pronombre del objeto inanimado que; Qué (pronombre del objeto inanimado
ce qui	Lo que (pronombre relativo del sujeto inan; Lo que, qué (pronombre interrogativo
ce qui est fait est fait	A lo hecho, pecho
ce qui ne tue pas rend plus fort	Lo que no mata engorda
ceinture d'astéroïdes	Cinturón de asteroides
ceinture de chasteté	Cinturón de castidad
ceinture de feu	Cinturón de fuego, anillo de fuego
ceinture de sécurité	Cinturón de seguridad, arnés de seguridad
ceinture de van allen	Cinturón de Van Allen
ceinture pelvienne	Cintura pelviana
ceinture scapulaire	Cintura escapular
ceinture à munitions	Canana
cela dit	Dicho esto, dicho lo anterior
cela m'en touche une sans faire bouger l'autre	Me la suda
cela va sans dire	No hay ni que decirlo
cellule dormante	Célula durmiente
cellule pyramidale	Célula piramidal, neurona piramidal
cellule souche	Célula madre
cent mille	Cien mil
centaurée du solstice	Abrepuño
centaurée rude	Bracera
centrale à béton	Planta de concreto, central de hormigón
centralisme démocratique	Centralismo democrático
centranthe rouge	Barba, valeriana
centre commercial	Centro comercial
centre d'appels	Centro de llamadas, centro de atención telefónica, centro de atención de llamadas
centre de données	Centro de datos
centre droit	Centroderecha
centre gauche	Centroizquierda
centrolabre de roche	Centrolabro
centrolophe noir	Romerillo
cercle de fées	Annillo de hadas
cercle vertueux	Círculo virtuoso
cercle vicieux	Círculo vicioso
cercocèbe agile	Mangabeye ágil
cercopithèque pétauriste	Cercopiteco menor
cerf axis	Axis, chital, ciervo moteado
cerf calamian	Ciervo de los Calamianes, axis calamiano
cerf cochon	Ciervo porcino, ciervo cerdo
cerf de kuhl	Axis de Bawean
cerf des marais	Ciervo del Delta, ciervo de los pantanos, ciervo de las marismas
cerf des pampas	Venado de las Pampas, ciervo campero, ciervo pampero
cerf élaphe	Ciervo, ciervo rojo
cerfeuil musqué	Perifollo oloroso
cerfeuil sauvage	Perifollo verde
cerfeuil tubéreux	Perifollo bulboso
cerise sur le gâteau	La cereza sobre el pastel
cerisier bâtard	Cabeza de negro, jibá
cerisier noir	Capulín
cerne de croissance	Anillo de crecimiento
cernier commun	Mero de roca
certificat de nationalité	Certificado de nacionalidad
cerveau antérieur	Prosencéfalo
cesser le feu	Alto el fuego
cesta punta	Cesta punta
chabot commun	Cavilat, carrasco espinoso
chacal commun	Chacal común
chacal de simien	Chacal del Semién
chacal à chabraque	Chacal de gualdrapa
chacal à flancs rayés	Chacal rayado
chacun est l'artisan de sa fortune	Cada uno tiene lo que se merece
chacun voit midi à sa porte	Cada loco con su tema
chaine de blocs	Cadena de bloques
chaine de magasins	Cadena comercial
chaine latérale	Cadena lateral
chair de poule	Escalofrío, piel de gallina, pelos de punta
chair à canon	Carne de cañón
chaise haute	Trona
chaise longue	Ches long
chaise à bascule	Mecedora
chaise à porteurs	Litera
chaise électrique	Silla eléctrica
chaleur caniculaire	Calima
chambre d'amis	Cuarto de huéspedes, habitación para huéspedes
chambre de combustion	Cámara de combustión
chambre de commerce	Cámara de comercio
chambre des machines	Cámara de máquinas
chambre froide	Cámara frigorifica
chambre noire	Cámara oscura, cuarto oscuro
chambre à air	Cámara de aire
chambre à coucher	Dormitorio, cuarto
chambre à gaz	Cámara de gas
chameau de bactriane	Camello bactriano, camello asiático, camello
champ b	Campo B
champ chromatique	Campo cromático
champ de bataille	Campo de batalla
champ de foire	Recinto ferial
champ de force	Campo de fuerza
champ de higgs	Campo de Higgs
champ de vecteurs	Campo vectorial
champ gravitationnel	Campo gravitatorio
champ h	Campo H
champ lexical	Campo léxico
champ magnétique	Campo magnético
champ magnétique terrestre	Campo magnético terrestre
champ sémantique	Campo semántico
champ vectoriel	Campo vectorial
champ électromagnétique	Campo electromagnético
champignon atomique	Hongo atómico
champignon à repriser	Hongo para zurcir
champion olympique	Campeón olímpico
championne olympique	Campeona olímpica
chandail à manches courtes	(Canadá) Camiseta, remera, playera, polera
changement climatique	Cambio climático
changement d'huile	Cambio de aceite
changer de crèmerie	Cambiar de aires, irse, marcharse
changer de crémerie	(anticuado) Cambiar de aires, irse, marcharse
changer de disque	Cambiar la tocata
chant de marins	Saloma
chant du cygne	Canto del cisne
chant grégorien	Canto gregoriano
chant patriotique	Canción patriótica
chantage affectif	Chantaje emocional
chanter la palinodie	Cantar la palinodia
chantier naval	Astillero
chanvre de manille	Cáñamo de Manila
chanvre indien	Cáñamo índico, cannabis
chapeau de paille	Sombrero de paja
chapeau melon	Bombín
chapeau romain	Sombrero de canal, sombrero de canoa, sombrero de teja
chapeau à plumes	Sombrero de plumas
chapeau à trois cornes	Tricornio
chaque prêtre loue ses reliques	Cada santo pide por su ermita
char allégorique	Carro alegórico
charançon rouge des palmiers	Picudo rojo
charbon actif	Carbón activo, carbón activado
charbon bactéridien	Carbunco
charbon de bois	Carbón vegetal
charbon sapropélique	Carbón sapropélico
charbonnier est maître chez soi	Mientras en mi casa estoy, rey me soy
chardon d'espagne	Cardillo, tagarnina
chardon de syrie	Cardo de jilgueros, cardo de Siria, cardón
chardon à foulon	Cardencha
chardon élégant	Cardota
chardonneret élégant	Jilguero
charge de couleur	Carga de color
charge électrique	Carga eléctrica
charge élémentaire	Carga eléctrica elemental
charges sociales	Carga social, cotización patronal
chargeur de batterie	Cargador de batería
chariot cavalier	Carretilla pórtico, montacargas plataforma elevadora, plataforma elevadora tipo montacargas
chariot télescopique	Carretilla elevadora telescópica, montacargas telescópico
chariot à bagages	Carretilla portaequipaje, carretilla portaequipajes, carro porta equipaje
chariot élévateur	Carretilla elevadora, montacargas, pato
charme d'orient	Carpe oriental
charte graphique	Manual gráfico
chasse au renard	Caza del zorro
chasse aux champignons	Recolección de hongos
chasse aux sorcières	Caza o persecución de brujas
chasse d'eau	Descarga de agua
chasse à courre	Caza de montería, montería
chasseur de chars	Cazacarros
chasseur de talents	Cazatalentos
chat bai	Gato de Borneo
chat de biet	Gato chino del desierto, gato montés chino, gato de Biet
chat des forêts norvégiennes	Bosque de Noruega
chat des sables	Gato de las arenas, gato del desierto, gato del Sahara
chat des steppes	Gato de Pallas, manul
chat domestique	Gato doméstico
chat doré	Gato dorado
chat doré africain	Gato dorado africano
chat marsupial	Cuol, satanelo
chat noir	Gato negro
chat orné	Gato salvaje asiático, gato ornado, gato indio del desierto
chat sauvage	Gato salvaje, gato montés, gato silvestre
chat sauvage d'afrique	Gato montés africano, gato del desierto
chat sauvage d'afrique subsaharienne	Gato salvaje del África austral
chat sauvage d'europe	Gato montés europeo
chat à neuf queues	Gato de nueve colas
chat à pieds noirs	Gato patinegro, gato de pies negros, gato de patas negras
chat échaudé craint l'eau froide	Gato escaldado del agua fría huye
chatino de zacatepec	Chatino de Zacatepec
chatino de zenzontepec	Chatino de Zenzontepec
chaud lapin	Calentón
chauffage central	Calefacción central
chauffeur de taxi	Taxista
chaussure bateau	Náutico, zapato náutico
chaussure de football	Bota de fútbol
chauve-souris bourdon	Murciélago moscardón
chauve-souris géante d'inde	Zorro volador de la India
chauve-souris vampire	Vampiro, murciélago vampiro
chaux vive	Cal viva, cal
chaux éteinte	Cal apagada
chaîne alimentaire	Cadena alimentaria
chaîne d'approvisionnement	Cadena de abastecimiento, cadena de suministro
chaîne de blocs	Cadena de bloques
chaîne de caractères	Cadena de caracteres
chaîne de commandement	Cadena de mando
chaîne de magasins	Cadena comercial
chaîne de montagnes	Sierra
chaîne latérale	Cadena lateral
chaîne logistique	Cadena logística
chaîne parlée	Discurso conexo
chaîne respiratoire	Cadena respiratoria
chaîne trophique	Cadena alimentaria
chaîne à neige	Cadenas de nieve, cadenas para la nieve
chaînon manquant	Eslabón perdido
chef cuisinier	Chef, jefe de cocina
chef d'orchestre	Director, director de orquesta, directora
chef d'état	Jefe de Estado
chef de chantier	Capataz
chef de pupitre	Jefe de reporteros
chef du gouvernement	Jefe del Gobierno
cheffe d'orchestre	Directora, directora de orquesta
chemin creux	Camino excavado, camino hueco, camino hundido
chemin de croix	Viacrucis, vía crucis, calvario
chemin de fer	Ferrocarril
chemin de halage	Camino de sirga
chemin de roses	Camí de roses
chemise de nuit	Camisón
chercher le poil dans l'œuf	Buscar el pelo en el huevo, buscarle el pelo al huevo
chercher midi à quatorze heures	Rizar el rizo
chercher une aiguille dans une botte de foin	Buscar una aguja en un pajar
cheval de frise	Caballo de Frisia
cheval de przewalski	Caballo de Przewalski
cheval de troie	Caballo de Troya
cheval du diable	Teresita, mantis, mantis religiosa
chevalier aboyeur	Archibebe claro
chevalier arlequin	Archibebe oscuro
chevalier bargette	Andarrios de Terek
chevalier culblanc	Andarríos grande
chevalier de malte	Caballero de Malta
chevalier gambette	Archibebe común
chevalier guignette	Andarríos chico
chevalier servant	Cortejo
chevalier stagnatile	Archibebe fino
chevalier sylvain	Andarríos bastardo
cheveu crépu	Pelo malo, pelo crespo
cheveu gris	Cana
cheveux en bataille	Cabello hecho un lío
chevreuil européen	Corzo
chevrotain aquatique	Antílope almizclero enano de agua
chevêche des terriers	Lechucita vizcachera, mochuelo de madriguera, mochuelo de hoyo
chevêchette d'europe	Mochuelo chico, mochuelo alpino
chiasma optique	Quiasma óptico
chicorée sauvage	Achicoria común
chicorée à la bûche	Achicoria dulce
chien chinois à crête	Crestado chino
chien courant	Sabueso
chien courant d'istrie à poil dur	Sabueso de Istria de pelo duro
chien courant d'istrie à poil ras	Sabueso de Istria de pelo cort
chien courant de bosnie à poil dur	Sabueso bosnio
chien courant de halden	Sabueso de Halden
chien courant de transylvanie	Sabueso de Transilvania
chien courant espagnol	Sabueso español
chien courant polonais	Perro de caza polaco, sabueso polaco
chien courant slovaque	Kopov eslovaco
chien courant suisse	Sabueso suizo, sabueso de Suiza
chien courant tricolore serbe	Sabueso serbio tricolor
chien d'arrêt	Perro de muestra
chien d'arrêt allemand à poil raide	Grifón de pelo duro
chien d'arrêt danois ancestral	Antiguo perro de muestra danés
chien d'arrêt frison	Perdiguero frisón
chien d'artois	Sabueso artesiano
chien d'attelage	Perro de trineo
chien d'aveugle	Perro lazarillo
chien d'eau	Perro de agua
chien d'eau américain	Perro de agua americano
chien d'eau espagnol	Perro de agua español
chien d'eau frison	Perro de aguas frisón
chien d'eau romagnol	Lagotto romagnolo
chien d'ours de carélie	Perro de osos de Carelia
chien d'élan norvégien gris	Cazador de alces noruego
chien d'élan suédois	Jämthund
chien de berger	Perro pastor
chien de canaan	Perro de Canaán
chien de castro laboreiro	Cão de Castro Laboreiro
chien de compagnie	Perro de compañía
chien de garde	Perro guardián
chien de garenne des canaries	Podenco canario
chien de la serra estrela	Cão da Serra da Estrela
chien de montagne de l'atlas	Perro del Atlas
chien de rouge de bavière	Sabueso bávaro de montaña
chien de rouge du hanovre	Sabueso de Hannover
chien de saint-hubert	Perro de San Huberto
chien des buissons	Perro venadero, zorro vinagre, zorro pitoco
chien domestique	Perro doméstico
chien du groenland	Perro de Groenlandia
chien du pharaon	Pharaoh hound
chien espagnol	Pintarroja bocanegra, olayo, bolayo
chien finnois de laponie	Lapinkoira
chien guide	Lazarillo
chien noir et feu pour la chasse au raton laveur	Perro cazador de mapaches negro y bronce
chien norvégien de macareux	Ludehund
chien nu du pérou	Perro sin pelo del Perú
chien nu mexicain	Xoloitzcuintle
chien qui aboie ne mord pas	Perro ladrador, poco mordedor
chien rouge	Cuón, dole, perro rojo
chien à loutre	Otterhound
chien-loup tchécoslovaque	Perro lobo checoslovaco
chiendent pied de poule	Pasto diente de perro
chiendent rampant	Grama
chiffre d'affaires	Ingreso, cifra de negocios, facturación
chimie analytique	Química analítica
chimie organique	Química orgánica
chimpanzé commun	Chimpancé común
chimpanzé nain	Chimpancé enano
chimère monstrueuse	Quimera
chinantèque de palantla	Chinanteco de Palantla
chinantèque de san juan lealao	Chinanteco de San Juan Lealao
chinchard commun	Chicharro
chionis blanc	Paloma antártica, picovaina de Malvinas, picovaina nival
chirurgie esthétique	Cirugía estética, cirugía plástica
chirurgie reconstructrice	Cirugía reconstructiva
chirurgien bayolle	Cirujano azul, barbero azul, navajón azul
chirurgien bleu	Cirujano azul, barbero azul, navajón azul
chirurgien jaune	Pez cirujano amarillo
chirurgien rayé	Cirujano rayado, barbero rayado, sangrador rayado
chirurgien à joue blanche	Cirujano cariblanco, navajón cariblanco
chirurgien à poitrine blanche	Cirujano azul cielo
chirurgien à voile	Cirujano vela
chlorure d'ammonium	Cloruro de amonio, cloruro amónico, clorhidrato amónico
chlorure d'hydrogène	Cloruro de hidrógeno
chlorure de potassium	Cloruro de potasio
chlorure de sodium	Cloruro de sodio
chlorure de vinyle	Cloruro de vinilo
choc anaphylactique	Choque anafiláctico, shock anafiláctico
choc culturel	Choque cultural
choc des civilisations	Choque de civilizaciones
choc thermique	Choque térmico
chocard à bec jaune	Chova piquigualda
chocolat au lait	Chocolate con leche, leche con chocolate
chocolat blanc	Chocolate blanco
chocolat chaud	Chocolate caliente
chocolat noir	Chocolate amargo, chocolate negro
chocolat ruby	Chocolate rosa, chocolate ruby
choix cornélien	Dilema corneliano
chorée de huntington	Corea de Huntington
chou cabus	Repollo
chou caraïbe	Tiquizque, quequisque, quiquisque
chou cavalier	Berza, berza col, col
chou de bruxelles	Col de Bruselas
chou de milan	Col de Milán, col de Saboya
chou romanesco	Romanesco, romicia
chou rouge	Berza roja, lombarda, repollo morado
chou à la crème	Choux, bocadito de nata
choucas de daourie	Grajilla oriental, grajilla daurica
choucas des tours	Grajilla, grajilla occidental
chouette chevêche	Mochuelo europeo
chouette de tengmalm	Mochuelo boreal, lechuza de Tengmalm
chouette effraie	Lechuza común
chouette hulotte	Cárabo, autillo
chouette lapone	Carabo lapón
chouette pêcheuse	Cárabo pescador
chouette épervière	Lechuza gavilana
chromosome homologue	Cromosoma homólogo
chromosome w	Cromosoma W
chromosome x	Cromosoma X
chromosome y	Cromosoma Y
chromosome z	Cromosoma Z
chrysanthème couronné	Crisantemo, flor de muerto, ojo de buey
chrysope verte	Crisopa, crisopa verde
chute d'eau	Cascada
chute des reins	Espalda baja
chute libre	Caida libre
châtaigne de terre	Bulbo castaño, macocla, castaña de tierra
châtain clair	Castaño claro
châtain foncé	Castaño oscuro
château d'eau	Arca de agua
château de cartes	Castillo de cartas
châteaux en espagne	Castillos en el aire
châtiment corporel	Castigo corporal, castigo físico, discipli
chèque en blanc	Cheque en blanco
chèvre angora	Cabra de angora
chèvre domestique	Cabra doméstica
chèvre murciano-granadina	Cabra murciano-granadina
chèvre émissaire	Cabra expiatoria
chénopode blanc	Cenizo blanco, quenopodio blanco
chêne blanc	Roble
chêne blanc d'amérique	Roble blanco americano
chêne blanc de californie	Roble de los valles
chêne bleu	Roble azul
chêne de hongrie	Roble de Hungría
chêne des canyons	Encina mexicana azul, encino de las barrancas
chêne faginé	Quejigo
chêne kermes	Coscoja
chêne kermès	Chaparro, coscoja
chêne portugais	Quejigo
chêne pubescent	Roble pubescente
chêne pédonculé	Roble
chêne rouge	Roble rojo americano
chêne soyeux d'australie	Roble sedoso, roble australiano, roble plateado
chêne tauzin	Rebollo
chêne vert	Encina, carrasca, chaparra
chêne zéen	Quejigo andaluz, roble andaluz
chômage intellectuel	Desempleo intelectual
chômage structurel	Desempleo estructural
chômage technique	Paro técnico
chômage technologique	Desempleo tecnológico
ciao bye	Chau
cichlidé-brochet de johanna	Añashua roja, mataguaro, pez antonio
cicindèle champêtre	Cicindela campestre
cidre de glace	Sidra de hielo
cigarette électronique	Cigarrillo electrónico
cigogne blanche	Cigüeña blanca
cigogne maguari	Cigüeña maguari, tuyango, cigüeña americana
cigogne noire	Cigüeña negra
cimetière de bateaux	Cementerio de barcos, cementerio marítimo
cimetière de voitures	Desguace
cincle plongeur	Mirlo acuático europeo
cinclode à ventre sombre	Churrete
cinq centième	Quingentésimo
cinq cents	Quinientos
cinq à sept	Quedada entre las cinco y las siete de la
cinquième colonne	Quinta columna
cinquième roue du carrosse	El último mono
cinéma muet	Cine mudo
cinéraire maritime	Cineraria
circaète jean-le-blanc	Culebrera europea, águila culebrera
circuit de la récompense	Circuito de recompensa
circuit intégré	Circuito integrado
cire d'abeille	Cera
cirneco de l'etna	Cirneco del Etna
cisco de lac	Arenque de lago, corégono de artedi
ciseau à bois	Formón
ciseaux retourne	Chilena, tijera, chalaca
ciste cotonneux	Jara blanca
ciste crépu	Jara rizada
ciste de montpellier	Jaguarzo negro
ciste à feuilles de laurier	Estepa de montaña, jara estepa
ciste à feuilles de sauge	Jaguarzo morisco
ciste à gomme	Jara pringosa
cisticole des joncs	Buitrón
cistude d'europe	Galápago europeo
cithare des appalaches	Dulcémele, salterio de los Apalaches
citoyen lambda	Ciudadano de a pie
citron de mer	Limón de mar, albaria
citron gallet	Limón sutil, limón criollo, lima boba
citron noir	Limón negro, limones negros
citron vert	Lima
citronnier épineux	Naranjo espinoso
cité idéale	Ciudad ideal
cité lacustre	Ciudad lacustre
cité linéaire	Ciudad lineal
cité ouvrière	Colonia industrial, colonia obrera
cité perdue	Ciudad perdida
civette africaine	Civeta africana
civette de malaisie	Civeta malaya, civeta de tierra
civette malaise	Civeta malaya, civeta de tierra
civette malgache	Civeta de Madagascar
civette palmiste	Civeta de las palmeras
civette rasse	Civeta enana, rasa
civette-loutre de sumatra	Civeta nutria
clair comme de l'eau de roche	Claro como el agua, más claro que el agua
clair de lune	Luz de la luna
clair de terre	Luz cenicienta
clandestine écailleuse	Escuamaria, hierba de la matriz, madrona
claquer la porte	Dar un portazo
clarinette contrebasse	Clarinete contrabajo
clarinette de basset	Clarinete
classe abstraite	Tipo abstracto
classe de neige	Excursión escolar a la nieve, excursión escolar a la montaña, viaje escolar a la nieve
classe inversée	Aula invertida, clase invertida
classe moyenne	Clase media
classe ouvrière	Clase obrera, clase trabajadora
classe sociale	Clase social
classement général	Clasificación general
clause d'exclusivité	Cláusula de exclusividad
clavaire crépue	Seta coliflor, clavaria rizada, barba de cabra
clef de voûte	Clave, clave de bóveda
clergé régulier	Frailería
clergé séculier	Clerecía
client mystère	Cliente misterioso
cligner de l'œil	Guiñar
climat de toundra	Clima de tundra
climat des toundras	Clima de tundra
clin d'œil	Guiño
clinique psychiatrique	Manicomio
clinique vétérinaire	Clínica veterinaria
clip vidéo	Videoclip
clitopile petite prune	Molinera, mojardón
cloison nasale	Tabique nasal
clou de girofle	Clavo de olor, clavo de girofle, clavo de especia
cloud computing	Computación en la nube, computación en nube
clumber spaniel	Clumber spaniel
clé allen	Llave Allen
clé anglaise	Llave inglesa
clé de contact	Llave de contacto
clé de voute	Clave
clé en croix	Llave de cruceta
clé primaire	Clave primaria
clé privée	Clave privada
clé publique	Clave pública
clé usb	Memoria USB
clé à cliquet	Matraca
clé à ergot	Llave danesa
clé à molette	Llave inglesa
clé à pipe	Lllave de pipa
clé étrangère	Clave foránea, clave ajena
clématite flammette	Flámula
clés du royaume	Llaves del reino
cobe commun	Antílope acuático
cobe de buffon	Cobo
cobe de lechwe	Antílope Lechwe
cobe rédunca	Redunca bohor
cobra annelé	Cobra hocicuda
cobra cracheur	Cobra escupidora
cobra d'andaman	Cobra de Andamán
cobra d'asie centrale	Cobra de Asia Central
cobra de chine	Cobra china, cobra de Taiwán
cobra de samar	Cobra de Sámar, cobra de las Bisayas
cobra de sumatra	Cobra de Sumatra
cobra des philippines	Cobra filipina
cobra du cap	Cobra del Cabo
cobra du mali	Cobra de Malí
cobra du mozambique	Cobra escupidora de Mozambique, cobra de Mozambique
cobra du siam	Cobra escupidora de Indochina
cobra indien	Cobra india, cobra de anteojos
cobra royal	Cobra real
cobra à cou noir	Cobra escupidora de cuello negro
cobra à monocle	Cobra de monóculo
cobra égyptien	Cobra egipcia
coccinelle asiatique	Mariquita asiática multicolor
cochevis de thékla	Cogujada montesina
cochevis huppé	Cogujada común
cochon d'inde	Conejillo de Indias, cobaya, cuy
cochon de lait	Lechón
cocker américain	Cocker spaniel americano
cocker spaniel anglais	Cocker spaniel inglés
cocktail molotov	Cóctel molotov
cocotier de mer	Coco de mar
cocotier du chili	Palma chilena
code civil	Código civil
code de la route	Código de tránsito, código de carreteras, código de circulación
code du travail	Codigo de trabajo
code génétique	Código genético
code morse	Código morse
code postal	Código postal
code pénal	Código penal
code qr	Código QR
code source	Código fuente
code vestimentaire	Código de atuendo, código vestimentario
coefficient d'épreuve	Coeficiente de prueba
coefficient de dilatation	Coeficiente de dilatación
coefficient de dilatation thermique	Coeficiente de dilatación térmica
coefficient de sécurité	Coeficiente de seguridad
coffre de toit	Baúl de techo
coffre à bagages	Cofre
cogito ergo sum	Pienso, luego existo
cohabitant légal	Cohabitante legal
coiffure à la garçonne	Bob, bob cut
coitus interruptus	Coitus interruptus
col claudine	Cuello babero, cuello de Peter Pan
col de cygne	Cuello de cisne
col de l'utérus	Cuello del útero, cuello uterino
col en v	Cuello en v
col romain	Alzacuello
colibri porte-épée	Colibrí picoespada
colite ulcéreuse	Colitis ulcerosa
collant ouvert	Panti abierto
colle d'os	Cola de huesos
colle de peau	Cola de piel
colle de peau de lapin	Cola de conejo
colle de poisson	Cola de pescado
colle à poisson	Cola de pescado
collectivité d'outre-mer	Colectividad de ultramar
coller aux basques	Convertirse en la sombra de una persona
collision inélastique	Colisión inelástica
collision élastique	Colisión elástica
colombe picui	Palomita de la Virgen, torito, tortolita cuyana
colombe rousse	Tortolita rojiza
colombe à bec jaune	Tortolita quiguagua
colonne d'air	Columna de aire
colonne d'eau	Columna de agua
colonne de vigreux	Columna Vigreux
colonne salomonique	Columna salomónica, columna entorchada
colonne sèche	Columna seca
colonne vertébrale	Columna vertebral
combattant varié	Combatiente
combattre le feu par le feu	Combatir el fuego con fuego
combinaison de plongée	Traje acuático
combiné téléphonique	Microtéléfono
combustible fossile	Combustible fósil
combustion spontanée	Combustión espontánea, ignición espontánea
coming out	Salir del armario
comité de lecture	Comité de revisión
comma pythagoricien	Coma pitagórica
comma syntonique	Coma sintónico
comme chien et chat	Como perro y gato (o como perros y gatos)
comme ci comme ça	Más o menos
comme dans un moulin	Como Pedro por su casa
comme il faut	Como cabe, como se debe
comme le jour et la nuit	Se parecen como un huevo a una castaña
comme on fait son lit on se couche	Quien mala cama hace, en ella se yace, quien siembra vientos recoge tempestades
comme pour	Como si, como para
comme si	Como si, como para
comme si de rien n'était	Como si nada, como si tal cosa, como si nada hubiera pasado
comme son nom l'indique	Como su nombre indica
comme suit	Como sigue
comme suite à	Tras
comme un poisson dans l'eau	Como pez en el agua
comme une traînée de poudre	Como un reguero de pólvora
comment allez-vous	¿cómo está?
comment vas-tu	Qué tal
commerce triangulaire	Comercio triangular
commerce équitable	Comercio justo
commissaire aux comptes	Censor de cuentas, interventor de cuentas, comisario de cuentas
commissaire politique	Comisario político
commissariat de police	Comisaría
commission rogatoire	Carta rogatoria
communauté autonome	Comunidad autónoma
communauté européenne du charbon et de l'acier	Comunidad Europea del Carbón y del Acero
communauté internationale	Comunidad internacional
communauté universelle	Comunidad absoluta
communion solennelle	Primera comunión
communiqué de presse	Comunicado de prensa
communisme de guerre	Comunismo de guerra
communisme primitif	Comunismo primitivo, comunidad primitiva, modo de producción primitivo
communs numériques	Bienes comunes digitales
compacteur routier	Rulo
comparer des choux et des carottes	Comparar peras con manzanas
compensation carbone	Compensación de carbono
complexe d'infériorité	Complejo de inferioridad
complexe de caïn	Complejo de Caín
complexe de supériorité	Complejo de superioridad
complexité de kolmogorov	Complejidad de Kolmogórov
complément alimentaire	Suplemento dietético
complément d'objet direct	Objeto directo
complément d'objet indirect	Complemento indirecto, objeto indirecto
composante connexe	Componente conexo, componente
composition en sommaire	Sangrado colgante
compostage humain	Terramación
composé chimique	Compuesto químico, cuerpo compuesto
composé hétérocyclique	Compuesto heterocíclico
composé organique	Compuesto orgánico
composé organique volatil	Compuesto orgánico volátil
composé organométallique	Compuesto organometálico
compromis de vente	Compromiso de venta
compte bancaire	Cuenta bancaria
compte de résultat	Estado de Resultados
compte rendu	Informe, livre
compte à rebours	Cuenta atrás, cuenta regresiva
compter sur	Contar, contar con
compteur de vitesse	Velocímetro
compteur geiger	Contador Geiger
computer to plate	Computer to Plate
compétence universelle	Jurisdicción universal
compétition automobile	Automovilismo
compétition domestique	Competición doméstica
comédie musicale	Comedia musical
con comme la lune	Tan tonto como un burro
con comme un balai	Tan tonto como un burro
concentration de contraintes	Concentración de tensiones
concentré de tomate	Pasta de tomate
concentré de tomates	Pasta de tomate
concert des nations	Concierto de las naciones
concombre africain	Kiwano
concombre d'âne	Cohombrillo amargo, pepinillo del diablo
concombre des andes	Caigua, achogcha, achojcha
concombre des antilles	Pepino de sabana
concombre du diable	Pepinillo del diablo
concombre grimpant	Caigua, achogcha, achojcha
concombre porte bornes	Kiwano
concombre porte-bornes	Kiwano
concours complet d'équitation	Concurso completo
concours de beauté	Concurso de belleza
concours de recrutement	Oposición
concurrence pure et parfaite	Competencia perfecta
condamnation à perpétuité	Cadena perpetua
condamné à mort	Condenado a muerte, sentenciado a muerte
condamnée à mort	Condenada a muerte, sentenciada a muerte
condensat de bose-einstein	Condensado de Bose-Einstein
condition de travail	Condición de trabajo, condición laboral
condition de victoire	Condición de victoria
conditions générales d'utilisation	Condiciones generales de utilización
conditions générales de vente	Contrato de adhesión, contrato por adhesión
conditions normales de température et de pression	Condiciones normales de presión y temperatura
condominium germano-luxembourgeois	Condominio germano-luxemburgués
condor de californie	Cóndor norteño, cóndor de California, cóndor californiano
condor des andes	Cóndor andino
conductance électrique	Conductancia eléctrica
conducteur d'autobus	Busero
conducteur du dimanche	Dominguero
conducteur fantôme	Conductor kamikaze
conductivité thermique	Conductividad térmica
conductivité électrique	Conductividad
conduit cystique	Conducto cístico
condylure étoilé	Topo de nariz estrellada
configuration électronique	Configuración electrónica
confiture de lait	Dulce de leche
conflit armé	Conflicto armado
conflit armé international	Conflicto armado internacional
conflit armé non international	Conflicto armado no internacional
conflit social	Conflicto social
conformément à	De conformidad con
conférence de presse	Rueda de prensa
conférence vidéo	Videoconferencia
congestion cérébrale	Congestión cerebral
congre commun	Congrio común
congé maladie	Baja por enfermedad, licencia médica, licencia por enfermedad
congé maternité	Baja por maternidad
congé paternité	Baja por paternidad
conjonction de coordination	Conjunción coordinante
conjonction de subordination	Conjunción subordinante
conjonctive bulbaire	Conjuntiva bulbar
connaitre comme sa poche	Conocer algo como la palma de su mano
connaître comme sa poche	Conocer algo como la palma de su mano
connectivité écologique	Conectividad ecológica
connu comme barabbas dans la passion	Más conocido que la ruda
connu comme le loup blanc	Más conocido que la ruda
conscience de soi	Autoconsciencia
conseil d'administration	Administración, consejo de administración
conseil de l'europe	Consejo de Europa
conseil de l'union européenne	Consejo de la Unión Europea
conseil de surveillance	Consejo de supervisión, consejo de vigilancia
conseil des ministres	Consejo de ministros
conseil européen	Consejo Europeo
conseil municipal	Ayuntamiento, concejo
consensus scientifique	Consenso científico
consonne bilabiale	Consonante bilabial
consonne gutturale	Consonante gutural
consonne labiale	Consonante labial
consonne sonore	Consonante sonora
consonne sourde	Consonante sorda
consonne voisée	Consonante sonora
constante de boltzmann	Constante de Boltzmann
constante universelle des gaz parfaits	Constante universal de los gases ideales, constante de los gases
constellation de satellites	Constelación de satélites
constituer plus de	Exceder
construction navale	Construcción naval
contamination croisée	Contaminación cruzada
conte bleu	Cuento de hadas, historia fabulosa
conte de fées	Cuento de hadas
continuum dialectal	Continuo dialectal
continuum féminicidaire	Continuo feminicidiario
continuum linguistique	Continuo lingüístico
contrainte de traction	Tensión de tracción
contrainte mécanique	Tensión mecánica
contrat de mariage	Capitulaciones matrimoniales
contrat de travail	Contrato de trabajo
contrat social	Contrato social
contrat à terme	Contrato de futuros
contravention vulnération	Vulneración
contre la monte	Contrarreloj
contre nature	Contra natura, contranatural
contre vents et marées	Contra viento y marea
contrebasse électrique	Contrabajo eléctrico
contrôle coercitif	Control coercitivo
contrôle de qualité	Control de calidad
contrôle parental	Control paternal
contrôle qualité	Control de calidad
contrôle social	Control social
contrôle technique	ITV
contrôleuse aérienne	Controladora de tránsito aéreo, controladora de tráfico aéreo
conure aile-de-feu	Cotorra egregia
conure aztèque	Perico de garganta oliva, aratinga pechisucia, aratinga jamaicana
conure couronnée	Aratinga frentidorada
conure cuivrée	Aratinga pertinaz, periquito cara sucia
conure d'emma	Cotorra de Emma
conure d'orcés	Perico de El Oro, cotorra de El Oro
conure de bonaparte	Cotorra de Bonaparte
conure de deville	Cotorra de Deville
conure de finsch	Perico frentirrojo, aratinga de Finsch
conure de hoffmann	Cotorra catana
conure de molina	Cotorrilla mejilla verde, cotorra de Molina
conure de patagonie	Loro barranquero
conure de pfrimer	Cotorra de Goiás
conure de pinto	Aratinga pechisulfúrea
conure de ridgway	Periquito pacífico
conure de socorro	Aratinga de Socorro, perico de Socorro
conure de souancé	Cotorra colinegra
conure de vieillot	Perico de vientre rojo, cotorra chiripepé
conure de wagler	Aratinga de Wagler, perico de frente escarlata
conure de weddell	Aratinga cabecifusca
conure des cactus	Aratinga cactácea
conure des falaises	Cotorra boliviana
conure des santa marta	Cotorra de Santa Marta
conure dorée	Aratinga guaruba
conure jandaya	Cotorra jandaya
conure leucotique	Cotorra cariparda
conure magellanique	Cotorra cachaña
conure maîtresse	Aratinga de La Española
conure mitrée	Calancate cara roja, aratinga mitrada
conure nanday	Aratinga ñanday
conure pavouane	Cotorra ojiblanca, calancate ala roja, perico ojiblanco
conure perlée	Cotorra pulcra
conure soleil	Cotorrita del sol, cotorra solar, aratinga sol
conure tiriba	Cotorra tiriba, perico grande
conure tête-de-feu	Cotorra coronirroja
conure versicolore	Cotorra pintada
conure verte	Aratinga verde
conure veuve	Cotorra argentina
conure à cape noire	Cotorra capirotada
conure à col blanc	Cotorra cuelliblanca
conure à front brun	Cotorra serrana chientai
conure à front rouge	Perico frentinaranja, aratinga frentinaranja
conure à gorge rouge	Aratinga gorgirroja, perico gorjirrojo, periquito hondureño
conure à gros bec	Cotorra serrana occidental
conure à joues d'or	Aratinga orejigualda
conure à long bec	Choroy, cotorra choroy, loro choroy
conure à oreillons	Cotorra colirroja
conure à pinceaux d'or	Aratinga de pinceles
conure à poitrine brune	Cotorra pechiparda
conure à tête bleue	Perico de corona azul, calancate común, aratinga cabeciazul
conure à tête d'or	Aratinga testadorada
conure à tête rouge	Aratinga de Guayaquil, loro de cabeza roja
conure à ventre rouge	Cotorra ventrirroja
convenir de	Acordar, pactar
conventions de genève	Convenios de Ginebra, Convenciones de Ginebra
convergence absolue	Convergencia absoluta
convergence des luttes	Convergencia de luchas
convergence évolutive	Evolución convergente, convergencia evolutiva
convergent sequence	Sucesión convergente
copain de baise	Amigo con derechos
coprin chevelu	Matacandil, apagador, barbuda
coq de bruyère	Urogallo común
coq de java	Gallo de Java
coq sauvage	Gallo bankiva
coque blanche	Berberecho común, verdigón
coque commune	Berberecho común, verdigón
coque du levant	Coca de Levante, cóculo oriental
coque glauque	Berberecho verde, birollo
coquelourde des jardins	Clavel lanudo
coqueret du pérou	Aguaymanto, uchuva
coquille d'œuf	Cascarón
coquille de noix	Cáscara de nuez, cascarón de nuez, cascarón
coquille saint-jacques de méditerranée	Vieira del Mediterráneo
cor anglais	Corno inglés
cor d'harmonie	Trompa, corno francés
cor de basset	Corno di bassetto
cor naturel	Trompa natural, trompa de caza
cor viennois	Trompa vienesa
corbeau blanc	Corvo branco, alimoche
corbeau freux	Graja, grajo
corbeille à papier	Papelera
corde vocale	Cuerda vocal
corde à danser	Saltar la cuerda, comba
corde à saute	Saltar la cuerda
corde à sauter	Comba
cordoba d'or	Córdoba oro
cordon bleu	San jacobo
cordon ombilical	Cordón umbilical
cordon sanitaire	Cordón sanitario
cordonbleu cyanocéphale	Azulito coroniazul
cordonbleu d'angola	Azulito angoleño, cordón azul común
cordonbleu grenadin	Granadero meridional, granadero común
cordonbleu violacé	Granadero oriental, granadero morado
cordonbleu à joues rouges	Azulito carirrojo, azulito de Senegal, cordón azul de mejillas rojas
coris de montpellier	Hierba pincel
cormoran huppé	Cormorán moñudo
cormoran pygmée	Cormoran pigmeo
cormoran à aigrettes	Corvejón
corne d'abondance	Cornucopia
corne de gazelle	Kabalgazal, cuerno de gacela
corneille mantelée	Corneja gris, corneja cenicienta
corneille noire	Corneja negra
cornet d'alimentation	Bocina de alimentación
cornouiller sanguin	Sanguino
coronille des jardins	Coletuy
coronille à tiges de jonc	Coronilla de hojas finas
corp caverneux	Cuerpo cavernoso
corps adipeux de la joue	Bola de Bichat
corps calleux	Cuerpo calloso
corps commutatif	Cuerpo
corps composé	Cuerpo compuesto
corps de ballet	Cuerpo de baile
corps de métier	Gremio
corps du délit	Cuerpo de delito, cuerpo del delito
corps et âme	En cuerpo y alma
corps glorieux	Cuerpo glorioso
corps gris	Cuerpo gris
corps humain	Cuerpo humano
corps intermédiaires	Cuerpos intermedios
corps jaune	Cuerpo amarillo, cuerpo lúteo
corps médical	Cuerpo médico, comunidad médica
corps noir	Cuerpo negro
corps simple	Cuerpo simple
corps social	Cuerpo social
corps vertébral	Cuerpo vertebral
corps vitré	Humor vítreo
corps à corps	Cuerpo a cuerpo
corps électoral	Cuerpo electoral
corps étranger	Cuerpo extraño
correcteur orthographique	Corrector ortográfico
corridor écologique	Corredor ecológico
corroyère à feuilles de myrte	Emborracha cabras
cortex auditif	Corteza auditiva primaria
cortex orbitofrontal	Corteza orbitofrontal
cortex préfrontal	Corteza prefrontal
cortex visuel	Corteza visual
coryllis de camiguin	Lorículo de Camiguin
coryllis de ceylan	Lorículo de Ceilán
coryllis de wallace	Lorículo de Flores
coryllis des bismarck	Lorículo de las Bismarck
coryllis des célèbes	Lorículo de Célebes
coryllis des moluques	Lorículo amable
coryllis des philippines	Lorículo filipino
coryllis des sangir	Lorículo de la Sangihe
coryllis des sula	Lorículo de las Sula
coryllis vernal	Lorículo vernal
coryllis vert	Lorículo exiguo
coryllis à front orange	Lorículo papú
coryllis à gorge jaune	Lorículo de Java
coryllis à tête bleue	Lorículo coroniazul
corète du japon	Querria japonesa, rosa japonesa
corégone lavaret	Lavareto
corégone oxyrhynque	Corégono picudo
costume d'adam	Traje de Adán
costume de bain	Bañador
cot cot codet	Coc co co coc, cocorocó
cotation gps	Dimensionamiento geométrico y tolerancia
cotisations sociales	Cotización a la seguridad social, cotización social
coton de tuléar	Cotón de Tulear
coton hydrophile	Algodón hidrófilo
coton pima	Algodon de Pima
cottage pie	Hachis parmentier
cotte de mailles	Cota de malla
cou nu	Gallina piroca, gallina cuello desnudo
couche d'ozone	Capa de ozono
coucher de soleil	Puesta del sol, atardecer
coucher de terre	Puesta de la Tierra
coucher solaire	Atardecer, puesta del sol o puesta solar
coucou geai	Críalo
coucou gris	Cuco común
coude à coude	Codo a codo
cougar de floride	Pantera de Florida, puma norteamericano
couler une bielle	Fundir una biela
couleur chaude	Color cálido
couleur de l'infini	Color del infinito
couleur froide	Color frío
couleur primaire	Color primario
couleur secondaire	Color secundario
couleurs panafricaines	Colores panafricanos
couleuvre bordelaise	Culebra lisa meridional
couleuvre brune	Culebra parda de Kay
couleuvre d'eau	Serpiente de agua del norte
couleuvre d'esculape	Culebra de Esculapio
couleuvre de montpellier	Culebra bastarda, culebra de Montpellier
couleuvre rayée	Culebra rayada, serpiente de jarretera
couleuvre tachetée	Falsa coral, coral ratonera
couleuvre verte et jaune	Culebra verdiamarilla
couleuvre vipérine	Culebra viperina, culebra de agua
couleuvre à collier	Culebra de collar
couleuvre à collier américaine	Culebra de collar, culebra de panza roja, culebrita
couleuvre à nez plat	Serpiente de hocico de cerdo oriental
couleuvre à échelons	Culebra de escalera
coulicou à bec jaune	Cuclillo alas rojiza
couloir aérien	Aerovía
couloir de la mort	Corredor de la muerte
couloir humanitaire	Corredor humanitario, pasillo humanitario
coup bas	Golpe bajo
coup d'envoi	Saque inicial, saque
coup d'oeil	Intuito
coup d'épée dans l'eau	Arar en el mar
coup d'état	Golpe de estado
coup d'œil	Ojeada
coup de barre	Modorra, pesadez, sopor
coup de bélier	Golpe de ariete
coup de chance	Chiripa
coup de dent	Dentellada, mordisco
coup de feu	Balazo
coup de fil	Llamada
coup de filet	Redada
coup de foudre	Amor a primera vista
coup de glotte	Oclusiva glotal, saltillo
coup de grâce	Golpe de gracia
coup de main	Golpe militar, mano, destreza manual
coup de mazette	Chambonada
coup de pied	Patada, puntapié, coz
coup de pied de coin	Tiro de esquina, saque de esquina, córner
coup de poing	Puñetazo
coup de pompe	Bajón
coup de pute	Putada, cabronada
coup de pédale	Pedalada
coup de sang	Ataque de ira
coup de semonce	Disparo de advertencia
coup de soleil	Quemadura de sol
coup de théâtre	Golpe de efecto
coup de tonnerre	Trueno
coup de tête	Cabezazo
coup de vent	Ráfaga
coup du chapeau	Hat-trick
coup monté	Truco, tongo, paripé
coup turc	Golpe turco
coupe au bol	Corte de tazón, corte de hongo
coupe de cheveux	Corte de pelo
coupe menstruelle	Copa menstrual
coupe rase	Tala rasa
couper court	Atajar
couper la parole	Cortarle la palabra, quitarle la palabra
couper le contact	Apagar el contacto
couper le mal à la racine	Cortar de raiz, cortar de cuajo, muerta la bestia, muerto el veneno
couple franco-allemand	Pareja franco-alemana
coupon-réponse international	Cupón de respuesta internacional
coupure de courant	Corte de electricidad, corte eléctrico, apagón
cour constitutionnelle	Tribunal constitucional, corte constitucional
cour d'assises	Tribunal penal, sala de lo penal, Sala Segunda
cour martiale	Corte
cour pénale internationale	Corte Penal Internacional
cour suprême	Corte Suprema, Tribunal Supremo
courant alternatif	Corriente alterna
courant continu	Corriente continua
courant d'arrachement	Corriente de resaca
courant marin	Corriente
courant électrique	Corriente eléctrica
courbe bathymétrique	Isobata
courbe de bézier	Curva de Bézier
courbe de titrage	Curva de valoración
courbe plane	Curva plana
couresse de la martinique	Culebra de tierra de Lacépède
coureur de jupons	Mujeriego
coureur à pied	Corredor
courge cannelée	Calabaza costillada, calabaza acanalada
courge cireuse	Calabaza china, calabaza blanca
courge de siam	Cidra
courir comme un dératé	Correr como alma que lleva el diablo
courir plusieurs lièvres à la fois	El que dos liebres sigue, tal vez caza una, muchas veces ninguna
courir sur le haricot	Sacar a alguien de sus casillas
courlan brun	Carrao
courlis cendré	Zarapito real
courlis corlieu	Zarapito trinador
courlis esquimau	Zarapito boreal
courlis nain	Zarapito chico
courlis à bec grêle	Zarapito fino
couronne comtale	Corona de conde, diadema condal
couronne d'épines	Corona de espinas
couronne de l'avent	Corona de Adviento
couronne de laurier	Corona triunfal
couronne impériale	Corona imperial
couronne murale	Corona mural
couronne navale	Corona naval
couronne prothétique	Corona
couronne royale	Corona real
couronne solaire	Corona solar
courroie de distribution	Correa de distribución, banda de distribución, faja de distribución
courroie de transmission	Correa de transmisión
courroie dentée	Correa dentada
cours d'eau	Curso de agua
course contre la montre	Carrera contrarreloj
course d'orientation	Carrera de orientación
course de chars	Carreras de carros
course de côte	Carrera de montaña
course de plat	Carrera lisa
course en sac	Carrera de sacos, carrera de embolsados
court métrage	Cortometraje
courte échelle	Hacer piecito
courvite isabelle	Corredor
cousin au troisième degré	Primo tercero
cousin deuxième	Primo segundo
cousin germain	Primo hermano
cousine deuxième	Prima segunda
cousine germaine	Prima hermana
couteau automatique	Navaja de muelle
couteau de chef	Cuchillo de chef
couteau papillon	Navaja mariposa
couteau suisse	Navaja suiza
couteau à beurre	Cuchillo de untar
couteau à pain	Cuchillo de pan
couteau à peindre	Cuchillo de paleta
couvert forestier	Cubierta forestal
couverture antifeu	Manta ignífuga
couverture vaccinale	Cobertura de vacunación, cobertura vacunal
covid long	Covid a largo plazo, Covid prolongado, Covid persistente
covid longue	Covid a largo plazo, Covid prolongado, Covid persistente
coït buccal	Sexo oral
coït interrompu	Coitus interruptus
coûte que coûte	Cueste lo que cueste
coûter les yeux	Costar un ojo de la cara
coûter les yeux de la tête	Costar un ojo de la cara, costar un riñón
coûter un pont	Costar un ojo de la cara
coûter un œil	Costar un ojo de la cara
crabe bleu	Cangrejo azul
crabe bleu américain	Cangrejo azul
crabe de cocotier	Cangrejo de los cocoteros
crabe de terre	Cangrejo azul terrestre
crabe flèche	Cangrejo flecha
crabe porcelaine	Cangrejo de porcelana
crabe voleur	Cangrejo de los cocoteros
crabe à sardine	Cangrejo patudo
crabier blanc	Garcilla malgache
cracheur de feu	Tragafuego, escupefuego, lanzafuego
craie de tailleur	Jaboncillo de sastre, jabon de sastre
crampe menstruelle	Calambre menstrual
crapaud accoucheur	Sapo partero común
crapaud buffle	Sapo de caña, sapo gigante, sapo marino
crapaud calamite	Sapo corredor
crapaud commun	Sapo común, sapo europeo
crapaud lusitanien	Pez sapo
cravate de notaire	Cubana, paja cubana, paja rusa
crave à bec rouge	Chova piquirroja, chova de pico rojo
crayon de couleur	Lápiz de color
cresson alénois	Berro de jardín, mastuerzo, llepidio
cresson de cheval	Becabunga, bérula
cresson de fontaine	Agrón, berro de agua
cresson de para	Hierba de los dientes, berro de Pará, yambu
cresson sauvage	Berro de prado
creuser sa tombe	Cavar su propia tumba
crevette grise	Camarón, quisquilla
crevette géante rouge	Acamaya
cri de guerre	Grito de guerra
crick à ventre bleu	Loro ventriazul
crier sur les toits	Gritar a los cuatro vientos
crieur public	Pregonero
crieuse publique	Pregonera
crime contre l'humanité	Crimen contra la humanidad
crime d'honneur	Crimen de honor, asesinato de honor
crime de guerre	Crimen de guerra
crime de lèse-majesté	Lesa majestad
crime de masse	Asesinato masivo, matanza
crime passionnel	Crimen pasional
criminalité organisée	Delincuencia organizada
crise cardiaque	Ataque al corazón, ataque cardíaco, infarto
crise internationale	Crisis internacional
crise psychotique	Brote psicótico
crise économique	Crisis económica
crise électrique	Crisis eléctrica
crise énergétique	Crisis energética
cristal de roche	Cuarzo
cristal liquide	Cristal líquido
critique littéraire	Crítica literaria, crítico literario
critère de copenhague	Criterio de Copenhague
crochet d'attelage	Gancho de remolque
crochet oblique	Paréntesis angular
crocodile américain	Cocodrilo narigudo, cocodrilo americano, cocodrilo aguja
crocodile d'afrique de l'ouest	Cocodrilo africano occidental, cocodrilo del desierto
crocodile de cuba	Cocodrilo cubano
crocodile de johnston	Cocodrilo de Johnston, cocodrilo australiano de agua dulce
crocodile de l'orénoque	Cocodrilo del Orinoco, caimán de Orinoco
crocodile de morelet	Cocodrilo de Morelet, cocodrilo mexicano
crocodile de nouvelle-guinée	Cocodrilo de Nueva Guinea
crocodile des marais	Cocodrilo de las marismas, cocodrilo hindú
crocodile des philippines	Cocodrilo filipino, cocodrilo de Mindoro
crocodile du nil	Cocodrilo del Nilo
crocodile du siam	Cocodrilo siamés
crocodile marin	Cocodrilo de estuario, cocodrilo marino, cocodrilo poroso
crocodile nain	Cocodrilo enano
croire dur comme fer	Creer a pies juntillas
croiser les doigts	Cruzar los dedos
croisée du transept	Crucero
croix basque	Esvástica vasca
croix celtique	Cruz celta
croix de bourgogne	Cruz de Borgoña, aspa de Borgoña
croix de fer	Cruz de Hierro
croix de lorraine	Cruz de Lorena
croix de saint andré	Cruz de San Andrés
croix de saint-andré	Cruz de San Andrés
croix directionnelle	Cruceta
croix gammée	Esvástica
croix potencée	Cruz potenzada
crop top	Crop top
crotale cascabelle	Cascabel tropical, víbora de cascabel
crotale des bois	Cascabel de los bosques
crotale diamantin	Crótalo adamantino, cascabel diamantino del este
crotale diamantin rouge	Serpiente de cascabel diamante rojo
crotale du texas	Crótalo diamante occidental, cascabel diamantina del oeste
crotte de nez	Moco
crottin de chavignol	Crottin de Chavignol
croyance collective	Creencia colectiva
croûte calcaire	Costra calcárea
croûte concrétionnée	Costra concrecionada
croûte d'altération météorique	Costra de alteración
croûte ferrugineuse	Costra ferruginosa
croûte siliceuse	Costra silícea
croûte terrestre	Corteza terrestre
cryptographie asymétrique	Criptografía asimétrica
cryptographie quantique	Criptografía cuántica
cryptographie symétrique	Criptografía simétrica
crème bavaroise	Crema bávara, bavaroise
crème brulée	Crème brûlée
crème caramel	Flan
crème de la crème	Flor y nata
crème de tartre	Crémor tártaro, crémor
crème dessert	Natillas
crème fouettée	Nata montada
crème glacée	Crema helada, helado, mantecado, nieve, so
crème pâtisserie	Crema pastelera
crème pâtissière	Crema pastelera
crème solaire	Crema solar, protector solar, bloqueador solar
crème à braser	Pasta de soldar
crécerelle d'amérique	Cernícalo americano, halconcito colorado, camaleón
crédit lombard	Crédito lombardo
crédit social	Crédito social, sistema de crédito social
crédit syndiqué	Crédito sindicado
crénilabre paon	Tordo, peto
créole guadeloupéen	Criollo guadalupense
créole guyanais	Criollo de Guayana Francesa
créole haïtien	Criollo haitiano
créole jamaïcain	Patois jamaiquino, patuá
créole mauricien	Criollo mauriciano (sustantivo masculino)
crêpe georgette	Georgette
crête sagittale	Cresta sagital
cuboctaèdre tronqué	Cuboctaedro truncado
cuillère à café	Cucharadita, cucharita
cuillère à soupe	Cuchara sopera, cucharada
cuillère à thé	Cucharilla
cuir chevelu	Cuero cabelludo
cuir verni	Charol
cuir à rasoir	Asentador, suavizador
cuisine américaine	Cocina americana, cocina abierta
cuivré de la verge-d'or	Mariposa manto de oro
cul de bouteille	Ojo de buey
cul et chemise	Uña y carne
cul par-dessus tête	Bocabajo, boca abajo
cul sec	Fondo
culotte de cheval	Pantalón para equitación, pantalón de equitación, esteatomería
culte de la personnalité	Culto a la personalidad, culto a la persona
culte de mithra	Mitraísmo
culte des cabires	Culto de los Cabiros
culte à mystères	Culto mistérico
culture de l'excuse	Cultura de la excusa
culture de masse	Cultura de masas
culture de przeworsk	Cultura Przeworsk
culture du viol	Cultura de la violación
culture populaire	Cultura popular
cumin des prés	Alcaravea, kümmel
cumul d'emplois	Pluriempleo
cupidone bleue	Hierba cupido
cure des couleurs	Cromoterapia, terapia del color
curieux comme un chat	Curioso como un gato
curriculum vitae	Currículum, currículo, currículum vítae
curriculum vitæ	Currículum vítae
curry rouge	Curry rojo
curuba rouge	Curuba antioqueña
cuvette de toilette	Taza del váter, taza del inodoro
cyanure d'hydrogène	Cianuro de hidrógeno, ácido cianhídrico, ácido prúsico
cyanure de potassium	Cianuro de potasio
cyanure de sodium	Cianuro de sodio, cianuro sódico
cycas du japon	Cica, palma sago, falsa palmera
cyclage thermique	Oscilación térmica
cycle arthurien	Novela artúrica
cycle biogéochimique	Ciclo biogeoquímico
cycle de calvin	Ciclo de Calvin
cycle de krebs	Ciclo de Krebs, ciclo del ácido cítrico, ciclo de los ácidos tricarboxílicos
cycle de l'acide citrique	Ciclo del ácido cítrico
cycle de l'azote	Ciclo del nitrógeno
cycle de l'eau	Ciclo del agua
cycle des acides tricarboxyliques	Ciclo de los ácidos tricarboxílicos
cyclone extratropical	Ciclón extratropical
cyclone tropical	Ciclón tropical
cygne de bewick	Cisne de Bewick, cisne chico
cygne noir	Cisne negro
cygne sauvage	Cisne cantor
cygne trompette	Cisne trompetero
cygne tuberculé	Cisne vulgar
cygne à cou noir	Cisne cuellinegro
cylindre de roue	Cilindro de freno, cilindro de freno de tambor
cynoptère à nez court	Murciélago de la fruta de nariz corta
cyprinodonte ibérique	Fartet
cyprès chauve	Ciprés de los pantanos, ciprés calvo
cyprès de l'atlas	Ciprés del Atlas
cyprès de marais mexicain	Ahuehuete
cyprès du bhoutan	Ciprés de Bután
câble coaxial	Cable coaxial, coaxcable, coax
câbles de démarrage	Cables de arranque
câprier commun	Alcaparro
cèdre de chypre	Cedro de Chipre
cèdre de l'atlantique	Cedro del Atlas, cedro plateado, cedro atlántico
cèdre de l'himalaya	Cedro del Himalaya, cedro de la India
cèdre du liban	Cedro del Líbano, cedro de Salomón
cèpe bronzé	Hongo negro
cèpe de bordeaux	Hongo blanco, hongo pambazo
céphalorhynque d'hector	Delfín de Héctor, delfín de cabeza blanca
céphalorhynque de commerson	Delfín pío, delfín de Commerson, tonina overa
céphalorhynque de heaviside	Delfín de Heaviside
cépole commune	Cinta
cératophylle immergé	Mil hojas de agua, bejuquillo
cérithe commun	Pada común
cône de déjection	Abanico aluvial
cône de lumière	Cono de luz
cône tronqué	Cono truncado
cône volcanique	Cono volcánico
côte d'ivoire	Costa de Marfil
côte de porc	Chuleta de cerdo
côte à côte	Junto
côté obscur de la force	Lado oscuro de la fuerza
cœfficient de proportionnalité	Coeficiente de proporcionalidad
cœur de métier	Actividad principal
cœur de palmier	Palmito, chonta, jebato
cœur doré	Corazón dorado o corazón de oro
d'autant moins que	Nada menos
d'autant plus	Aún más
d'autant plus que	Mas aun cuando
d'autre part	Por un lado, por otro lado
d'ores et déjà	De aquí en adelante, ahorita
d'un coup	De golpe
d'un seul coup	De un solo golpe
d'un seul tenant	De una sola pieza
d'un trait	De una vez
d'une manière ou d'une autre	De un modo u otro, de una forma u otra, de un u otro modo
d'une traite	De una vez
daguet rouge	Guazo, guazú-pitá, corzuela
daim européen	Gamo común
damalisque de hunter	Antílope de Hunter
daman de steppe	Damán de Bruce
daman des rochers	Damán roquero
dame d'atour	Azafata
dame d'atours	Azafata
dame d'onze heures	Leche de ave, leche de gallina, leche de pájaro
dame de nage	Chumacero, horquilla
dame de trèfle	Reina de tréboles
damier de la succise	Doncella de ondas, doncella de ondas rojas
dandie dinmont terrier	Dandie dinmont terrier
dans l'ensemble	En general
dans l'ordre	Ordenadamente
dans le dos de	A espaldas de
dans les grandes lignes	En líneas generales, a grandes rasgos
dans quelle mesure	En qué medida
dans un deuxième temps	En un secundo tiempo
danse du soleil	Danza del Sol
danse du ventre	Danza del vientre
danse macabre	Danza de la muerte
danseur étoile	Primer bailarín
danseuse étoile	Primera bailarina, bailarina estrella
daphné garou	Torvisco, torrisco
dark kitchen	Cocina fantasma
date butoir	Vencimiento
date de naissance	Fecha de nacimiento
date de péremption	Fecha de caducidad
date limite	Fecha limite
datif éthique	Dativo ético
dation en paiement	Dación en pago
datte de mer	Dátil de mar
dattier du désert	Datilero del desierto
dauphin aptère austral	Delfín meridional sin aleta, delfín liso del sur
dauphin bleu	Delfín listado
dauphin commun	Delfín común oceánico
dauphin d'hector	Delfín de Héctor, delfín de cabeza blanca
dauphin de commerson	Delfín pío, delfín de Commerson, tonina overa
dauphin de guyane	Delfín costero
dauphin de l'indus	Delfín del Indo
dauphin de la plata	Delfín del Plata, franciscana
dauphin de risso	Calderón gris
dauphin du cap	Delfín de Heaviside
dauphin du chili	Delfín chileno, delfín negro
dauphin du nord	Delfín septentrional sin aleta
dauphin noir du chili	Delfín chileno, delfín negro
dauphin à bec blanc	Delfín hocico blanco
dauphin à bosse d'australie	Delfín jorobado australiano
dauphin à bosse de l'atlantique	Delfín giboso atlántico
dauphin à bosse de l'océan indien	Delfín giboso índico
dauphin à bosse du pacifique	Delfín rosado de Hong Kong
dauphin à flancs blancs	Delfín de flancos blancos
daurade rose	Hurta
daurade royale	Dorada
de biais	Soslayo
de bon cœur	De buena gana
de bon matin	De madrugada, muy de mañana (temprano)
de bonne foi	De buena fe
de bonne grâce	Gustosamente, de buen grado, de buena gana
de bonne heure	De madrugada, temprano
de bout en bout	De principio a fin, de extremo a extremo
de but en blanc	De buenas a primeras
de carnation	Carnación
de ce fait	Por ello, por tanto
de cendré	Cenizo
de charybde en scylla	Huir del fuego y dar en las brasas, caer de la sarten al fuego, salir de Guatemala para entrar en Guatepeor
de circonstance	De circunstancias
de conserve	De consuno, de común acuerdo
de contre-hermine	Contraarmiños
de contre-vair	Contraveros
de cujus	Causante
de côté	Soslayo
de deux choses l'une	Una de dos
de dos	De espaldas
de fait	De hecho
de façon inattendue	Sorpresivamente
de façon que	De manera que, de modo que, de forma que
de fil en aiguille	De una cosa para otra
de fond en comble	Hasta los cimientos, de arriba abajo
de force	Por fuerza
de gaulle	Apellido
de gueules	Gules
de haut en bas	De arriba abajo
de jour en jour	Día a día
de justesse	Con las justas
de la	Algo de, un poco de, una cierta cantidad d
de la sorte	Así (de aquella manera)
de la tête aux pieds	De pies a cabeza
de laquelle	Cuyo
de loin	Sin lugar a dudas, con mucho, de lejos
de luxe	De lujo
de main de maître	Con mano maestra, con maestría, con gran maestría
de mal en pis	De mal en peor, de Guatemala a Guatepeor
de manière que	De modo que, de manera que
de manière à	Con objeto de, para
de mauvaise grâce	A regañadientes, con desgana, de mal grado
de mise	Como de costumbre
de moins en moins	Cada vez menos, menos y menos
de même	De la misma manera
de mûre	Morado
de nos jours	Hoy en día, a día de hoy, hoy día
de nouveau	De nuevo, de vuelta u otra vez
de nuit	De noche
de part en part	De un lado a otro, de un extremo a otro
de peur que	Por temor a que, por miedo a que
de pied en cap	De pies a cabeza
de pire en pire	De peor en peor, cada vez peor
de plein droit	De pleno derecho
de plein fouet	De lleno
de plus	Además
de plus en plus	Cada vez más
de pourpre	Púrpura, cárdeno
de premier ordre	De primera orden
de proche en proche	Poco a poco
de qui	Cuyo
de rien	De nada, mucho gusto, no hay de qué
de rigueur	De rigor, absolutamente necesario
de sable	Sable
de sang froid	A sangre fría
de sang-froid	A sangre fría
de sanguine	Sanguíneo
de second ordre	De segunda categoría, de segundo orden
de seconde zone	De segunda categoría, de segunda
de sinople	Sínople, sinoble
de son propre chef	Por iniciativa propia
de sorte que	De manera que, para que, de tal modo que
de suite	Seguidamente, seguido, sin interrupción
de surcroît	Además, por añadidura
de tanné	Leonado
de temps en temps	De cuando en cuando, de tanto en cuanto, d
de temps à autre	De vez en cuando
de tenné	Leonado
de tout repos	Relajante, tranquilo
de toute façon	De todos modos, como sea, de todas formas
de toutes pièces	Desde cero
de troisième ordre	De tercer orden
de vair	Veros
de-ci de-là	De aquí para allá
deep learning	Aprendizaje profundo
degré celsius	Grado Celsius
degré d'un polynôme	Grado del polinomio
degré de liberté	Grado de libertad
degré trophique	Estadio trófico
delta frénulaire	Delta frenular
demain est un autre jour	Mañana será otro día
demande en mariage	Petición de mano
demander la lune	Pedir la luna
demander la main de	Pedir la mano
demandeur d'asile	Solicitante de asilo
demandeur d'emploi	Buscachamba, buscante de trabajo, demandante de empleo
demandeuse d'emploi	Demandante de empleo, buscante de trabajo, buscachamba
demi d'ouverture	Medio de apertura
demi de mêlée	Medio scrum, medio melé
demi-ton chromatique	Semitono cromático
demi-ton diatonique	Semitono diatónico
demoiselle en détresse	Damisela en apuros
dendrocygne fauve	Pato silbón
dendrolague de matschie	Canguro arborícola de Huon
densité de courant	Densidad de corriente
densité de population	Densidad de población
densité optique	Densidad óptica
dent de dragon	Diente de dragón
dent de lait	Diente de leche, diente mamón, diente temp
dent de sagesse	Cordal, muela del juicio o tercer molar
dent molaire	Muela, molar
dentelaire d'europe	Belesa, dentelaria, hierba blesa
dentelaire du cap	Plumbago azul
dentellaire du cap	Celestina
denté commun	Dentón común
depuis la nuit des temps	Desde el principio de los tiempos, desde tiempos inmemoriales
depuis les pieds jusqu'à la tête	De pies a cabeza
depuis lors	Desde entonces o posteriormente
depuis que	Desde que
dermatite séborrhéique	Dermatitis seborreica
dernier cri	Último grito
dernier quartier	Cuarto menguante
dernier soupir	Último suspiro
dernière heure	Hora suprema o última hora
dernière ligne droite	Recta final, último esfuerzo
dernières paroles	Últimas palabras
derviche tourneur	Derviche girador
des fois	A veces
des pieds à la tête	De pies a cabeza
descendre dans la rue	Bajar a la calle
descendre quelqu'un de son piédestal	Bajar a alguien del pedestal
descente d'eau pluviale	Bajada de aguas, bajante
design graphique	Diseño gráfico
desman des pyrénées	Desmán de los Pirineos
dessin animé	Cine de animación
dessin industriel	Dibujo técnico
dessin technique	Dibujo técnico
dessous de plat	Salvamantel
destruction créatrice	Destrucción creadora, destrucción creativa
dette technique	Deuda técnica
deuil national	Duelo nacional
deux centième	Ducentésimo
deux cents	Doscientos, doscientas
deux poids deux mesures	Doble moral, doble rasero
deux étoiles	Dos estrellas, de dos estrellas
deuxième personne	Segunda persona
deuxième personne du pluriel	Segunda persona del plural
deuxième personne du singulier	Segunda persona del singular
deuxième quadrant	Segundo cuadrante
devenir chèvre	Estar como una chiva
devoir conjugal	Deber conyugal
devoir surveillé	Examen
devoir une fière chandelle	Deberle a alguien los ojos de la cara
devoir à la maison	Trabajo escolar
diable de tasmanie	Demonio de Tasmania, diablo de Tasmania
diable en boîte	Caja sorpresa
diabète sucré	Diabetes sacarina
diagnostic différentiel	Diagnóstico diferencial
diagnostic préimplantatoire	Diagnóstico genético preimplantacional, DGP
diagramme circulaire	Gráfico circular
diagramme de l'œil	Patrón de ojo, diagrama de ojo
diagramme de pareto	Diagrama de Pareto
diagramme de phase	Diagrama de fase
dialecte constitutif	Dialecto constitutivo
dialecte de transition	Dialecto de transición
dialogue en ligne	Chat, cibercharla
dialogue social	Diálogo social
diamant de sang	Diamante de sangre
diamant mandarin	Diamante mandarín, pinzón cebra
diamant synthétique	Diamante sintético
diarrhée du voyageur	Venganza de Moctezuma
dichromate de potassium	Dicromato de potasio, heptaoxodicromato de potasio
dichromatisme sexuel	Dicromatismo sexual
dictame blanc	Díctamo blanco
dictame de crète	Díctamo crético
dictature du prolétariat	Dictadura del proletariado
dictionnaire contrastif	Diccionario contrastivo
dictionnaire de rimes	Dicionario de rima, libro de rima
dictionnaire des données	Diccionario de datos
dictionnaire encyclopédique	Diccionario enciclopédico
dieu merci	Gracias a Dios
dieu veuille que	Ojalá
dieu vous le rende	Dios te lo pague, que Dios te lo pague, Dios se lo pague
différence de potentiel	Tensión eléctrica, diferencia de potencial
différenciation cellulaire	Diferenciación celular
différenciation sexuelle	Diferenciación sexual
digitale pourpre	Dedalera, digital, cartucho
digue dentaire	Barrera bucal, dique de goma
dilatation thermique	Dilatación térmica
dile que no	Dile que no
dilemme cornélien	Dilema corneliano
dimanche de pâques	Domingo de Pascua
dimanche des rameaux	Domingo de Ramos
dimorphisme sexuel	Dimorfismo sexual
diméthylhydrazine asymétrique	Dimetilhidrazina asimétrica, UDMH, 1,1-dimetilhidrazina
dinosaure non-avien	Dinosaurio no aviano
diode gunn	Diodo Gunn
diode schottky	Diodo Schottky, diodo de barrera Schottky
diode varicap	Diodo Varicap
diode électroluminescente	Diodo emisor de luz
dionée attrape-mouche	Atrapamoscas
dioxyde d'azote	Dióxido de nitrógeno, óxido de nitrógeno
dioxyde de carbone	Dióxido de carbono, anhídrido carbónico, gas carbónico
dioxyde de soufre	Dióxido de azufre
dioxyde de titane	Dióxido de titanio
diplotaxis à feuilles étroites	Flor amarilla
dipôle magnétique	Dipolo magnético
dire et faire font deux	Del dicho al hecho hay un trecho
dire quelque chose	Sonarle (a alguien)
directeur sportif	Director deportivo
directive anticipée	Testamento vital, voluntades anticipadas, instrucciones previas
directrice musicale	Directora musical
dirette argentée	Malcarado plateado
dirette de parin	Malcarado de Parin
dis donc	Mira, mire, oye
disc jockey	Disyóquey, pinchadiscos
discoglosse peint	Sapillo pintojo mediterráneo
discontinuité de gutenberg	Discontinuidad de Gutenberg
discrimination linguistique	Discriminación lingüística
discrimination positive	Discriminación positiva
diseur de bonne aventure	Adivino
disjoncteur différentiel	Interruptor diferencial
disparition forcée	Desaparición forzada
dispositif de pointage	Dispositivo apuntador
disque compact	Disco compacto
disque d'accrétion	Disco de acrecimiento, disco de acreción
disque de feutrine	Slipmat
disque de secchi	Disco de Secchi
disque de stationnement	Disco horario, disco de aparcamiento
disque dur	Disco duro
disque intervertébral	Disco intervertebral
disque zip	Disco zip
dissonance cognitive	Disonancia cognitiva
dissuasion nucléaire	Disuasión nuclear
distanciation sociale	Distanciamiento físico, distanciamiento personal, distanciamiento social
distant relative	Tataradeudo
distributeur automatique	Máquina expendedora
district d'hérens	Distrito de Hérens
diversité culturelle	Diversidad cultural
diversité fonctionnelle	Diversidad funcional
diversité sexuelle	Diversidad sexual
diviseur de zéro	Divisor de cero
division bleue	División Azul
division du travail	División del trabajo
docteur honoris causa	Doctor honoris causa
document unique de marché européen	Documento europeo único de contratación
dogue allemand	Gran danés
dogue argentin	Dogo argentino
dogue de bordeaux	Dogo de Burdeos
dogue de majorque	Perro dogo mallorquín
dogue des canaries	Presa canario, dogo canario
dogue du tibet	Dogo del Tíbet
doigt d'honneur	Higa, peineta
doigt de pied	Dedo del pie
doline d'effondrement	Dolina de hundimiento
dolique d'égypte	Judía de Egipto, zarandaja
dolium géant	Caracol tonel
dollar des états-unis d'amérique	Dólar estadounidense
dollar espagnol	Dólar español
domaine public	Dominio público
domination masculine	Dominación masculina
domination symbolique	Dominación simbólica
dommage collatéral	Daño colateral
dompte-venin noir	Vencetósigo negro
dompte-venin officinal	Vencetósigo
don d'organes	Donación de órganos
don de sang	Donación de sangre
don du sang	Donación de sangre
don juan	Donjuán
donnant donnant	Dando y dando
donner de la confiture à des cochons	No se hizo la miel para la boca del asno
donner du grain à moudre	Dar que pensar a, darle material de reflexión a, poner a pensar a
donner la chasse	Dar caza
donner le change	Dar el cambiazo, engañar
donner le jour	Dar a luz, traer al mundo
donner le sein	Dar el pecho
donner libre cours	Dar rienda suelta
donner naissance	Parir
donner suite	Tomar en cuenta
donner un coup de louche	Echar una mano
donner un coup de main	Echar una mano
donneur universel	Donante universal
donnée personnelle	Dato personal
dorade grise	Chopa
dorade rose	Hurta
dorica castra	Dorica castra
doris citron	Limón de mar
doris dalmatien	Vaquita suiza
dormir comme un bienheureux	Dormir el sueño del justo, dormir a pierna suelta, dormir del sueño de los justos
dormir comme un bébé	Dormir a pierna suelta
dormir du sommeil du juste	Dormir del sueño del justo, dormir del sueño de los justos
dormir à la belle étoile	Dormir al aire libre
dos argenté	Espalda plateada
dos d'âne	Badén, reductor de velocidad
dos du pied	Empeine
dos nu	Con la espalda al aire, escote de espalda
dos à dos	Dándose la espalda
dosette de café	Cápsula de café
dossier suspendu	Carpeta colgante
dotation factorielle	Dotación factorial
double décimètre	Decímetro doble
double hélice	Doble hélice
double journée	Doble jornada
double vie	Doble vida
double vitrage	Vidrio aislante
double vé	Doble ve, uve doble
doublet armant	Sayete de armas
doublure lumière	Doble de luz
douleur chronique	Dolor crónico
doux comme un agneau	Bueno como un cordero, manso como un cordero
doyen du collège des cardinaux	Decano
dragon boat	Barco-dragón
dragon de patagonie	Perla de los Andes, dragón de la Patagonia
dragonnier de socotra	Drago de Socotra
dragonnier des canaries	Drago, drago de Canarias
drainage minier acide	Drenaje ácido de minas
drama coréen	Drama coreano, K-drama
drap de bain	Toalla
drapeau blanc	Bandera blanca
drapeau de coin	Banderín de córner
drapeau de la fierté	Bandera del orgullo, bandera de la diversidad
drapeau rouge	Bandera roja
drapeau tricolore	Tricolor
drapeau à damier	Bandera a cuadros
drentse patrijshond	Perdiguero de Drenthe
dress code	Código vestimentario
drogue dure	Droga difícil
droit agraire	Derecho agrario
droit canonique	Derecho canónico
droit civil	Derecho civil
droit comme un i	(coloquial) Derecho como un huso (más tieso que un hus
droit constitutionnel	Derecho constitucional
droit continental	Derecho continental
droit d'auteur	(Quebec) Derecho de autor, derecho autoral
droit de cuissage	Derecho de pernada
droit de douane	Arancel
droit de genève	Derecho de Ginebra
droit de la haye	Derecho de La Haya
droit de pilotage	Pilotaje
droit de propriété	Derecho de propiedad
droit de regard	Dri de regarde
droit de superficie	Derecho de superficie
droit de veto	Derecho de veto
droit de vote	Derecho al voto, derecho a votar, derecho al sufragio
droit du travail	Derecho del trabajo
droit international humanitaire	Derecho internacional humanitario
droit privé	Derecho privado
droit public	Derecho público
droit pénal	Derecho penal
droit réel	Derecho real
droits de l'homme	Derechos humanos
drôle de	Raro
du bout des lèvres	Con la boca pequeña
du coin de l'œil	De reojo
du coq à l'âne	Saltar de un tema a otro, cambiar de tema, salir(se) por peteneras
du coup	En consecuencia, por lo tanto, por ende
du fil à retordre	Mucha guerra
du fleuve à la mer	Desde el río hasta el mar
du fond du cœur	Del fondo del corazón
du gâteau	Pan comido
du moins	Al menos o por lo menos
du moment que	Desde el momento que
du temps où jésus-christ était garde champêtre	Del tiempo de los godos
du tout au tout	De cabo a rabo
dulcimer des appalaches	Dulcémele, salterio de los Apalaches
durbec des sapins	Camachuelo picogrueso
dysphorie de genre	Disforia de género
dègue du chili	Degú
dès lors	En consecuencia, por consiguiente, por cua
dès lors que	Dado que, en cuanto, porque, puesto que o
dès là	De este momento, desde allí o desde aquí
dès que	Al punto que, apenas, en cuanto o tan pron
dès que possible	Lo antes posible
dès à présent	Desde ahora, de aquí en adelante
dé à coudre	Dedal
dé à jouer	Dado
débit de tabac	Estanque
décalage horaire	Diferencia horaria, desfase horario, jet lag
décennie perdue	Década perdida
décharge partielle	Descarga parcial
déchet radioactif	Residuo radiactivo
déclaration de guerre	Declaración de guerra
décolonisation linguistique	Descolonización lingüística
découpe laser	Corte con láser
découvrir le pot aux roses	Descubrir el pastel, quitar la hojaldre al pastel
décubitus dorsal	Decúbito dorsal, decúbito supino
décubitus latéral	Decúbito lateral
décubitus ventral	Decúbito ventral, decúbito prono
dédalée du chêne	Daedalea quercina
défense antiaérienne	Defensa antiaérea
défibrillateur automatique externe	Desfibrilador externo automático
déforestation importée	Deforestación importada
déformation mécanique	Deformación mecánica
déformation plastique	Deformación plástica, deformación permanente
dégraisser le mammouth	Matar de hambre a la bestia
déjà bien assez	Demasiadamente o excesivamente
délinquance en col blanc	Criminalidad de cuello blanco
délire de persécution	Delirio persecutorio, delirio de las persecuciones
délit de sale gueule	Discriminación por la apariencia, discriminación por los rasgos faciales
démence sémantique	Demencia semántica
démocratie directe	Democracia directa
démocratie participative	Democracia participativa
dénominateur commun	Denominador común
dépasser les bornes	Pasar de castaño oscuro, propasarse
déposer les armes	Dejar las armas
dépouille mortelle	Restos mortales
déprime amoureuse	Mal de amores
dépôt par ablation laser pulsé	Depósito por láser pulsado
dérivation lexicale	Derivación
dérivation régressive	Derivación regresiva
dérive des continents	Deriva continental
dérive des pesticides	Deriva de pesticidas
dérive génétique	Deriva genética
dérivé régressif	Derivado regresivo
dérivée croisée	Derivada mixta, derivada cruzada
dérivée partielle	Derivada parcial
dérivée seconde	Segunda derivada
désenchantement du monde	Desencantamiento del mundo
désert d'atacama	Desierto de Atacama
désert de sonora	Desierto de Sonora
désert fleuri	Desierto florido
désespoir des singes	Pehuén, piñonero, araucaria
déshabiller pierre pour habiller paul	Desvestir a un santo para vestir a otro
désobéissance civile	Desobediencia civil
déséconomie d'échelle	Deseconomía de escala
détecteur de métaux	Detector de metales
détournement de fonds	Malversación
détournement de mineur	Corrupción de menores
détournement de mineure	Estupro
détournement illégal de véhicule	Secuestro
développement durable	Desarrollo sostenible
développement personnel	Desarrollo personal
développé couché	Press de banca
déçu en bien	Gratamente sorprendido
dôme de sel	Domo de sal, diapiro salino
dôme salin	Domo de sal, diapiro salino
east side story	East Side Story
eau bénite	Agua bendita
eau courante	Agua corriente
eau de coco	Agua de coco
eau de cologne	Agua de colonia
eau de fleurs d'oranger	Agua de azahar
eau de javel	Agua de Javel, lejía
eau de mer	Agua de mar, agua marina
eau de source	Agua manantial
eau de toilette	Eau de toilette
eau douce	Agua dulce
eau du robinet	Agua del grifo
eau gazeuse	Gaseosa
eau lourde	Agua pesada
eau minérale	Agua mineral
eau oxygénée	Agua oxigenada
eau plate	Agua sin gas
eau pluviale	Agua pluvial
eau potable	Agua potable
eau régale	Agua regia
eau salée	Agua salada
eau saumâtre	Agua salobre
eau semi-lourde	Agua semi-pesada
eau tonique	Tónica
eaux polluées	Aguas negras
eaux usées	Aguas negras
effet bouba-kiki	Efecto bouba-kiki
effet cerenkov	Radiación de Cherenkov
effet de commerce	Efecto negociable
effet de peau	Efecto pelicular
effet de rebond	Efecto cucaracha
effet de serre	Efecto invernadero
effet djanibekov	Efecto Dzhanibekov
effet domino	Efecto dominó
effet joule	Efecto Joule
effet matilda	Efecto Matilda
effet papillon	Efecto mariposa
effet pervers	Efecto no deseado, efecto negativo
effet pygmalion	Efecto pigmalión
effet schiller	Adularescencia
effet schottky	Efecto Schottky
effet spécial	Efecto especiale
efflorescence algale	Proliferación de algas
effraie des clochers	Lechuza común, lechuza de los campanarios, lechuza blanca
eh bien	Pues
eider de steller	Eider de Steller
eider à duvet	Eider común
elfe de maison	Elfo doméstico
ellipsoïde de fresnel	Zona de Fresnel
ellébore blanc	Eléboro blanco
embarras du choix	Tener donde elegir
empennage en t	Cola en T
empennage en v	Cola en V, cola de mariposa
empennage papillon	Cola en V, cola de mariposa
empire byzantin	Imperio Bizantino
empire sur lequel le soleil ne se couche jamais	Imperio en el que nunca se pone el sol
emploi du temps	Horario, agenda
empreinte carbone	Huella de carbono
empreinte digitale	Huella dactilar
empreinte environnementale	Huella ecológica
empreinte fossile	Pista fósil
empreinte numérique	Huella digital
empreinte écologique	Huella ecológica
emprise coercitive conjugale	Control coercitivo
emprisonnement à perpétuité	Cadena perpetua
emprunt lexical	Préstamo lingüístico, préstamo léxico, préstamo
en abîme	En abismo, en corazon
en action	En acción
en amazone	A sentadillas, a asentadillas, a la mujeriega
en amont	Aguas arriba, río arriba, rio arriba
en arrière	Atrás
en aucune façon	En modo alguno
en aval	Aguas abajo
en avant	Delante, adelante
en avoir assez	Estar hasta la coronilla, tener suficiente
en avoir jusque-là	Estar hasta la coronilla
en avoir le cœur net	Tener la conciencia tranquila
en avoir marre	Harto
en avoir plein les couilles	Estar hasta los cojones
en avoir quelque chose à fiche	Importar un pito
en bas	Abajo, por abajo
en bas de	Bajo
en berne	A media asta
en bon français	En buen romance, hablando en plata, en rom
en bonne santé	Sano
en boucle	En bucle
en bras de chemise	En mangas de camisa
en cachette	A escondidas, a hurtadillas
en cas que	(literario) En caso de que o por si acaso
en cascade	En cascada
en catimini	A escondidas, a escuso, en escuso
en ce moment	Al momento, al instante, inmediatamente, s
en ce qui concerne	Por lo que respecta a
en cette occurrence	En el caso que nos ocupa, en este caso
en chaleur	Caliente
en col de cygne	De cuello de cisne
en commun	En común
en comparaison de	En comparación con
en conclusion	En conclusión
en connaissance de cause	Con conocimiento de causa
en conscience	En conciencia
en conserve	Enlatado
en conséquence	Por consiguiente, por tanto, por lo tanto
en conséquence de	Como consecuencia de o como resultado de
en cou de cygne	De cuello de cisne
en coulisse	Tras bambalinas
en cours	En curso, en marcha
en d'autres mots	En otras palabras o en otros términos
en d'autres termes	En otras palabras o en otros términos
en dehors de	Fuera de
en dessous	Debajo
en deçà	De este lado
en direct	Directamente; En directo o en vivo
en direction de	A
en définitive	En definitiva
en délit	A contralecho
en dépit de	A despecho de, a pesar de
en désespoir de cause	A la desesperada, como último recurso
en détail	En detalle
en effet	De verdad, efectivamente, en efecto, en re
en entier	En su totalidad, por completo, en conjunto
en essence	En esencia o esencialmente
en face	Enfrente
en faire voir	Traer por la calle de la amargura, llevar por la calle de la amargura, hacer la vida impossible
en fait	De hecho, de veras, de verdad, efectivamen
en faveur de	En apoyo de
en feu	Encendido; En llamas, ardiendo
en file indienne	A la deshilada, a la hila, en fila india
en fin de compte	A final de cuentas, al final de cuentas, al fin y al cabo
en finir	Acabar, acabar con
en fonction de	En función de
en garde	En guardia
en grande pompe	A lo grande, a bombo y platillo
en gros	A granel; Al por mayor
en guise de	A modo de
en général	En general, en su mayor parte, en su mayor; La mayoría de las veces
en haut	Encima, por encima, arriba
en huit	En ocho días
en l'occurrence	En el caso que nos ocupa, en este caso
en lambeaux	Hecho jirones, hecho trizas
en ligne	En línea
en main propre	En persona
en manches de chemise	En mangas de camisa
en marge	Al margen
en masse	En grupo, en masa, todos juntos
en moins de temps qu'il ne faut pour le dire	En menos de lo que canta un gallo
en même temps	A la vez, al mismo tiempo, a un tiempo, de; (coloquial) No obstante o sin embargo
en même temps que	Al mismo tiempo que
en option	Facultativo, opcional u optativo
en outre	Además, adicionalmente, allende, a mayor a
en particulier	Aparte, en particular o por separado; Principalmente o sobre todo
en partie	En parte
en permanence	En permanencia
en personne	En persona, personalmente
en pied	De cuerpo completo, de cuerpo entero
en pile	Mucho
en placer une	Meter baza, decir algo
en plein air	Al aire libre
en pointe	En punta
en premier lieu	En primer lugar, primeramente
en privé	En privado
en présentiel	En presencial
en question	En cuestión
en rang d'ognon	En fila india
en rang d'oignon	En fila india
en rester là	Quedarse ahí
en retard	En mora, rezagando o tarde; Atrasado, retardado, retrasado, retraso o; Poco sofi
en revanche	En despique, en desquite, en pago o en rec; Al contario o por otro lado
en route	En ruta, en camino
en rut	Rijoso
en résumé	En resumen
en silence	En silencio
en situation de handicap	Con discapacidad
en soi	En sí mismo
en somme	En resumen o en suma
en son for intérieur	En su fuero interno
en sorte que	De modo que, de manera que, de tal modo que
en surplusde trop	Sobrante
en sus de	Además de, amén de, aparte de, fuera de (s
en suspens	Pendiente, en suspenso
en tant que	Como, en calidad de, en cuanto o en tanto
en tant que tel	Por si mismo, en si mismo, en si
en termes de	En términos de, en lo tocante a, en cuanto al
en théorie	En teoría
en toucher	Competente
en tous cas	En cualquier caso, en todo caso
en tous les cas	En cualquier caso
en tout cas	En cualquier caso, en todo caso
en tout genre	De todo tipo
en toutes lettres	Sin abreviar, con todas sus letras
en un clin d'œil	En un abrir y cerrar de ojos
en un mot	En resumen
en un rien de temps	(coloquial) En breve (prontísimo)
en uniforme	Uniformado
en vain	En vano
en vase clos	En una burburja
en venir au fait	Llegar al grano, llegar al punto, ir a lo que interesa
en vertu de	En virtud de
en vigueur	Vigente
en voir des vertes et des pas mûres	Vérselas negras
en vrac	Suelto, a granel
en vue de	A la vista de, en vista de, con vistas a
enceinte acoustique	Bocina
encore mieux	Mejor aún
encore que	Aunque o si bien
encore une fois	De nuevo, una vez más
encre de chine	Tinta china
encre électronique	Tinta electrónica
enculer les mouches	Hilar muy fino
encéphalite écossaise	Encefalomielitis ovina
enfant illégitime	Hijo natural
enfant naturel	Hijo natural
enfant prodige	Niño prodigio
enfant prodigue	Hijo pródigo, hija pródiga
enfant trouvé	Expósito
enfant unique	Hijo único
engin de chantier	Maquinaria de construcción
engin de déplacement personnel	Vehículo de movilidad personal
english coonhound	Coonhound inglés americano, coonhound americano
engoulevent d'europe	Chotacabras gris, chotacabras europeo
engoulevent à collier roux	Chotacabras pardo
enjambement des chromosomes	Entrecruzamiento cromosómico
enseignement primaire	Educación primaria
ensemble dénombrable	Conjunto numerable, conjunto contable
ensemencement des nuages	Siembra de nubes
enterrement de vie de garçon	Despedida de soltero
enterrer la hache de guerre	Enterrar el hacha de guerra
entier algébrique	Número entero algebraico
entier naturel	Número natural
entier relatif	Número entero
entolome livide	Seta engañosa
entre autres	Entre otras cosas
entre chien et loup	Entre dos luces
entre l'arbre et l'écorce	Entre dos fuegos, entre tres y dos, contra las cuerdas
entre le marteau et l'enclume	(Entre el martillo y el yunque) Entre dos
entreprise publique	Empresa pública
entrer dans les ordres	Tomar el hábito
entrer en collision	Colidir
entrer en matière	Entrar en materia
entretien d'embauche	Entrevista de trabajo
entrée en matière	Introducción
entrée fictive	Entrada ficticia
enté en pointe	Entado en punta
envoi en possession	Entrada en posesión
envoyer par le fond	Echar a pique
envoyer promener	Mandar a paseo
envoyé spécial	Enviado especial
ers lentille	Yero
escadron de la mort	Escuadrón de la muerte
escalade de bloc	Búlder
escalier mécanique	Escalera mecánica, escalera eléctrica, escalador
escargot de bourgogne	Caracol de Borgoña
escargot de quimper	Caracol de Quimper, caracol moteado
escargot des bois	Caracol moro
escargot des jardins	Caracol de labio blanco
escargot géant d'afrique	Caracol gigante africano
escargot turc	Caracol europeo
esclavage salarié	Esclavitud salarial
escrime artistique	Esgrima escénica, combate escénico
escrime en fauteuil roulant	Esgrima en silla de ruedas
escudo portugais	Escudo portugués
ese eja	Ese Eja
ese ejja	Ese Eja
espace cislunaire	Espacio cislunar
espace de noms	Espacio de nombres
espace euclidien	Espacio euclídeo
espace fine insécable	Espacio fino duro
espace insécable	Espacio duro, espacio de no separación
espace liminal	Espacio liminal
espace métrique	Espacio metrico
espace public	Espacio público
espace topologique	Espacio topológico
espace vectoriel	Espacio vectorial
espace vert	Espacio verde
esprit critique	Espíritu crítico, pensamiento crítico
esprit d'entreprise	Emprendimiento
esprit de clocher	Aldeanismo
esprit de contradiction	Espíritu de contradicción
esprit de corps	Espíritu de cuerpo
esprit de genève	Espíritu de Ginebra
esprit de l'escalier	Espíritu del escalador, ingenio de la esca
esprit de sel	Espíritu de sal
esprit de vitriol	Espíritu de vitriolo
esprit frappeur	Poltergeist
espèce en voie de disparition	Especie en peligro de extinción
espèce type	Especie tipo
espèce éteinte	Especie extinta, especie extinguida, especie desaparecida
espérance de vie	Esperanza de vida
esquimau du canada	Perro esquimal canadiense
essai de traction	Ensayo de tracción
essaim sismique	Enjambre sísmico
essence de térébenthine	Aguarrás, esencia de trementina
essuyer les plâtres	Pagar el pato
estime de soi	Autoestima
et ainsi de suite	Etcétera; y así sucesivamente; y cosas sem
et bien	Pues
et cetera	Etcétera
et cætera	Etcétera
et cétéra	Etcétera
et patati et patata	(coloquial, despectivo) Etcétera; y así sucesivamente; y cosas sem
et patin-couffin	Y bla, bla, bla
et pour cause	Y con razón
et si	Y si
et tout le tralala	Y bla bla bla
eu égard à	Visto, sabiendo que
eucalyptus commun	Eucalipto blanco, eucalipto común, eucalipto azul
eulophe koklass	Faisán koklas
euphorbe dentée	Lechetrezna serrada, tártago de hoja serrada
euphorbe fluette	Euforbio enano
euphorbe petit-cyprès	Euforbia ciprés
euphorbe prostrée	Hierba de la golondrina
euphorbe réveille-matin	Lechetrezna común
euphorbe verruqueuse	Euforbio verrucoso
euphorie de genre	Euforia de género
euplecte ignicolore	Obispo rojo
ex aequo	Empatado, cabeza a cabeza, ex æquo
ex cathedra	Ex cathedra
ex ovo omnia	Todo viene del huevo
ex situ	Ex situ
exclusion mutuelle	Exclusión mutua
exclusion numérique	Exclusión digital
excès de vitesse	Exceso de velocidad
excès de zèle	Exceso de celo, celo excesivo
exhausteur de goût	Potenciador del sabor
exode rural	Éxodo rural
exotic shorthair	Gato exótico
exploration de données	Minería de datos, exploración de datos
exposer en détail	Detallar
expression orale	Expresión oral
expérience de mort imminente	Experiencia cercana a la muerte, ECM
extension algébrique	Extensión algebraica
extension sémantique	Extensión semántica
extrême droite	Extrema derecha
extrême gauche	Extrema izquierda
exécuteur testamentaire	Albacea, testamentario
exécutrice testamentaire	Albacea
face de rat	Cara de culo
face à	Frente a
face à face	Cara a cara
facteur de conversion	Factor de conversión
facteur de production	Factor de producción
facteur premier	Factor primo
faire allusion	Aludir
faire appel	Apelar
faire attention	Tener cuidado, actuar con cuidado, cuidarse
faire avec	Es lo que hay
faire bouillir la marmite	Traer a casa el pan de cada día
faire chanter	Chantajear
faire chier	Joder
faire confiance	Confiar
faire d'une mouche un éléphant	Hacer de una pulga un elefante, hacer una montaña de un grano de arena, hacerse una montaña de algo
faire d'une pierre deux coups	Matar dos pájaros de un tiro
faire de l'autostop	Hacer autostop
faire de l'eau	Aguada
faire de l'œil	Picar un ojo, guiñar un ojo, cortejar
faire de la lèche	Dar coba
faire de nécessité vertu	Hacer de la necesidad virtud
faire de son mieux	Hacer su mejor, hacer su mejor esfuerzo, hacer lo posible
faire demi-tour	Dar media vuelta
faire du lèche-vitrine	Ir de escaparates
faire du mal	Lastimar
faire du zèle	Mostrar excesivo celo
faire défaut	Hacer falta, faltar, carecer de
faire eau	Hacer agua
faire en sorte	Procurar
faire en sorte que	Procurar que
faire face	Hacer frente (físicamente); Hacer frente o resistir; Dar la cara
faire feu	Hacer fuego
faire fi de	Hacer caso omiso de
faire fortune	Hacer fortuna, hacerse rico
faire gaffe	Echarle aguas, tener cuidado, poner atención
faire grincer des dents	Rechinar los dientes
faire grise mine	Poner mala cara
faire honte	Avergonzar
faire irruption	Irrumpir
faire l'amour	Hacer el amor, follar, chingar
faire l'appel	Pasar lista
faire l'appoint	Dar el importe exacto
faire l'autruche	Esconder la cabeza bajo el ala, poner la cabeza bajo el ala, xerrar los ojos
faire l'objet	Ser objeto de, ser blanco de
faire l'école buissonnière	Copar, hacer la cimarra, hacer novillos
faire la conversation	Dar conversación, entablar conversación
faire la cour	Llevar gallo, cortejar
faire la grasse matinée	Dormir hasta tarde, hacer pereza
faire la lessive	Hacer la colada o lavar la ropa
faire la moue	Poner mala cara
faire la part belle	Dar prioridad, dar preferencia, dar mayor importancia
faire la queue	Hacer cola
faire la sourde oreille	Hacer orejas de mercader, hacer oídos de mercader
faire la vaisselle	Fregar los cacharros o lavar los platos
faire le courage	Loar
faire le dos rond	Encogerse de hombros, capear el temporal, aguantar el temporal
faire le lit	Hacer la cama
faire le ménage	Hacer limpieza, hacer la limpieza, limpiar la casa
faire le plein	Llenar
faire le point	Hacer balance
faire le poireau	Estar de plantón
faire le portrait de	Retratar
faire le sale boulot	Hacer el trabajo sucio
faire le singe	Payasear
faire le tour	Dar una vuelta alrededor de
faire les cent pas	Ir de un lado para el otro
faire les courses	Hacer la compra
faire machine arrière	Dar marcha atrás
faire mal	Dañar o doler
faire mouche	Dar en el blanco, dar en el clavo
faire naufrage	Naufragar
faire office de	Hacer de, servir de
faire partie	Hacer parte
faire peu de cas	Hacer poco caso
faire peur	Asustar, dar miedo
faire pipi	Hacer pis, hacer pipí
faire profil bas	Mantener un perfil bajo
faire revenir	Rehogar, saltear
faire semblant	Fingir, simular
faire ses premiers pas	Dar los primeros pasos, hacer pinitos
faire ses valises	Hacer las maletas
faire signe	Hacer señas
faire son beurre	Hacer agosto, hacer su agosto
faire surface	Ver la luz
faire table rase	Hacer borrón y cuenta nueva, volver a empe
faire tort	Perjudicar
faire tout son possible	Hacer todo lo posible, hacer lo posible, hacer todos los posibles
faire un bœuf	Jam session
faire un faux pas	Tropezar
faire un point	Hacer balance
faire un tour	Dar una vuelta
faire un vœu	Formular un deseo
faire une bouffe	Hacer una comida, montar una comilona
faire usage	Hacer uso
faire-part de décès	Esquela
faisan argenté	Faisán plateado
faisan d'elliot	Faisán de Elliot
faisan de bulwer	Faisán coliblanco, faisán de Bulwer
faisan de colchide	Faisán común
faisan de lady amherst	Faisán de Amherst, faisán de Lady Amherst
faisan de salvadori	Faisán de Salvadori
faisan de swinhoe	Faisán de Swinhoe
faisan doré	Faisán dorado
faisan mikado	Faisán mikado
faisan vénéré	Faisan venerado
faisant fonction	En funciones
faisceau arqué	Fascículo arqueado
faisceau d'ions	Haz de iones, haz iónico
faisceau d'isoglosses	Haz de isoglosas
faisceau d'électrons	Haz de electrones, haz electrónico
faisceau de licteur	Fasces
faisceau de particules	Haz de partículas
fait accompli	Hecho consumado
fait alternatif	Hechos alternativos
fait historique	Hecho histórico
fait maison	Casero, hecho en casa
fait social	Hecho social
falaise de verre	Acantilado de cristal
famille d'accueil	Familia de acogida
famille de langues	Familia de lenguas, familia lingüística
famille monoparentale	Familia monoparental
famille nucléaire	Familia nuclear
famille recomposée	Familia reconstituida, familia ensamblada
farce ou friandise	Truco o trato
fard à paupières	Sombra de ojos, sombra
farine de blé	Harina de trigo
farine de maïs	Harina de maiz
farine de riz	Harina de arroz
farine de tapioca	Harina de tapioca
fasciite plantaire	Fascitis plantar
fascisme clérical	Fascismo clerical, clerofascismo
fast fashion	Moda pronta, moda rápida, fast fashion
faucille et marteau	Hoz y martillo
faucon concolore	Alcotán unicolor
faucon crécerelle	Cernícalo vulgar
faucon d'éléonore	Halcón de Eleonor
faucon de l'amour	Cernícalo del Amur
faucon gerfaut	Gerifalte, halcón gerifalte
faucon hobereau	Alcotán europeo
faucon kobez	Cernícalo patirrojo
faucon lanier	Halcón borni, lanario
faucon pèlerin	Halcón peregrino
faucon sacre	Halcón sacre
faucon émerillon	Esmerejón
fausse allache	Machuelo, alacha de Madeira
fausse joie	Falsa alegría
fausse limande	Pelúa
fausse orque	Falsa orca
fausse sceptique	Fosa séptica
fausse équerre	Falsa escuadra, falsa regla
faute de frappe	Error tipográfico
faute de grives on mange des merles	A falta de pan buenas son tortas
faute de mieux	A falta de mejor alternativa
fauteuil de gynécologie	Sillón de ginecología, sillón de reconocimiento ginecológico
fauteuil gynécologique	Silla ginecológica
fauteuil roulant	Silla de ruedas
fauteuil à bascule	Silla mecedora, mecedora, silla balancín
fauteuil à oreilles	Sillón orejero
fauteur de troubles	Alborotador
fauvette babillarde	Curruca zarcerilla
fauvette des jardins	Curruca mosquitera
fauvette grisette	Curruca zarcera
fauvette mélanocéphale	Curruca cabecinegra
fauvette orphée	Curruca mirlona
fauvette passerinette	Curruca carrasqueña
fauvette pitchou	Curruca rabilarga
fauvette sarde	Curruca sarda
fauvette à lunettes	Curruca tomillera
fauvette à tête noire	Curruca capirotada
fauvette épervière	Curruca gavilana
faux bourdon	Zángano
faux cyprès du japon	Falso ciprés hinoki
faux départ	Salida en falso
faux frais	Gastos imprevistos, gastos varios
faux fraisier	Falsa fresa
faux jasmin	Jazmin estrella, jazmin de leche
faux jeton	Chaquetero
faux négatif	Falso negativo
faux pas	Paso en falso, traspié
faux positif	Falso positivo
faux souvenir	Falso recuerdo
faux-gavial d'afrique	Cocodrilo hociquifino africano
faux-poivrier odorant	Anacahuita, aguaribay, gualeguay
feldspath calcosodique	Feldespato calcosódico
femme au foyer	Ama de casa
femme cis	Mujer cis
femme d'état	Estadista, mujer de Estado
femme de chambre	Camarera, mucama, señora de la limpieza
femme de lettres	Mujer de letras
femme de réconfort	Mujer de confort
femme fatale	Mujer fatal
femme politique	Política
femme porteuse	Madre de alquiler, vientre de alquiler
femme trans	Mujer trans
femme à chats	Loca de los gatos
feng shui	Feng shui
fenouil annuel	Biznaga
fenouil marin	Hinojo marino, perejil marino
fente labiale	Labio leporino
fente palatine	Paladar hendido
fenêtre d'opportunité	Ventana de oportunidad
fenêtre d'overton	Ventana de Overton
fenêtre de sorcière	Ventana de bruja, ventana de Vermont
fenêtre intruse	Popup
fer blanc	Lata
fer de flèche	Hierro de flecha
fer de lance	Punta de lanza, macagua
fer de lance centro-américain	Tara
fer forgé	Forja
fer à cheval	Herradura
fer à lisser	Alisador de cabello
fer à repasser	Plancha, hierro
fer à souder	Soldador
ferme piscicole	Piscifactoría
fermentation lactique	Fermentación láctica
fermer à clé	Cerrar con llave, candar
fermeture éclair	Cremallera, cierre
feu d'artifice	Fuego artificial
feu de bengale	Luz de Bengala, bengala
feu de croisement	Luz de cruce, faro de cruce
feu de forêt	Incendio forestal
feu de joie	Fogata
feu de position	Luz de navegación, luz de posición
feu de route	Luces altas, altas
feu de saint-elme	Fuego de San Telmo, fuego de Santelmo
feu de signalisation	(Francia) Semáforo
feu follet	Fuego fatuo
feu grégeois	Fuego griego
feu persique	Fuego pérsico
feu sacré de saint antoine	Fuego de san Antón, fuego de san Marcial
feu sauvage	Calentura, escupidura, grano de calentura,; Fuego incontrolado
feu tricolore	Semáforo
feuille de chou	Hoja
feuille de laurier	Hoja de laurel
feuille de route	Hoja de ruta
feuilles mortes	Hojarasca
feux de la rampe	Candilejas
feux tricolores	Semáforo
fiatole commune	Palometa fiatola
fibre alimentaire	Fibra alimentaria
fibre de carbone	Fibra de carbono
fibre de verre	Fibra de vidrio
fibre optique	Fibra óptica
fibrillation atriale	Fibrilación auricular
fibrillation auriculaire	Fibrilación auricular
fiche de personnage	Hoja de personaje
fiche technique	Datasheet
ficher la paix	Dejar tranquilo
fichier texte	Fichero de texto, archivo de texto
field spaniel	Spaniel de campo
fifils à sa maman	Mamón
figue d'inde	Tuna, chumbera
figue de barbarie	Tuna, chumbera
figue des hottentots	Uña de gato, garra de bruja, garra de la bruja
figue précoce	Breva
figuier commun	Higuera
figuier de barbarie	(Opuntia) Nopal, chumbera
figuier sycomore	Sicomoro, sicómoro
figuier étrangleur	Higuerote
figure de proue	Mascarón de proa, figurón de proa, figura prominente
figure de rhétorique	Figura retórica
figure de style	Figura retórica, tropos
fil d'actualité	Fuente web
fil de brasage	Hilo de solda
fil de caret	Filástica
fil de fer	Alambre, cuerda floja
fil de fer barbelé	Alambre de púas
fil de fer barbelé concertina	Concertina
fil dentaire	Hilo dental, seda dental
fil rouge	Hilo conductor, tema central
fil à plomb	Plomada
fila brasileiro	Fila brasileño
fila de saint miguel	Cão de fila de São Miguel
file de travaux	Cola de entrada, fila de entrada, línea de entrada
file indienne	Fila india
filer un coup de louche	Echar una mano
filer à l'anglaise	Irse a la francesa
filet américain	Tártaro
filet de pêche	Red de pesca
filet dérivant	Red de deriva
fille de pute	Hija de puta
fille manquée	Afeminado
fille unique	Hija única
fille à pédés	Mariliendre
film d'exploitation	Película exploitation
film noir	Cine negro
fils de l'homme	Hijo del hombre
fils de pute	(vulgar) Hijo de puta, hijoputa o máncer; (malsonante, despectivo) Bastardo, hijo de la chingada, hijo de la; (malsonante, despectivo) Obje
fils prodigue	Hijo pródigo, hija pródiga
fils unique	Hijo único
filtre passe-bas	Filtro paso bajo
filtre à air	Filtro de aire
filtre à café	Filtro de café
filtre à particules	Filtro antipartículas
fin de course	Final de carrera
fin de semaine	Fin de semana, finde, wikén
fin du monde	Fin del mundo
fin mot	Intríngulis, meollo
finance comportementale	Finanzas conductuales
financement incitatif	Impulso financiero
fines herbes	Hierbas aromáticas
fission nucléaire	Fisión nuclear
fissure de timidité	Fisuras de timidez
fistuline hépatique	Hongo bistec, lengua de buey
fièvre aphteuse	Glosopeda, fiebre aftosa
fièvre du nil occidental	Fiebre del Nilo Occidental
fièvre jaune	Fiebre amarilla, vómito negro, vómito prieto
fièvre pappataci	Fiebre pappataci
fièvre porcine	Fiebre porcina, gripa porcina, gripe porci
flabelline à lignes rouges	Flabelina de líneas rojas
flagrant délit	Delito flagrante
flamand occidental	Flamenco occidental
flamant de james	Flamenco de James
flamant des andes	Flamenco andino, parina grande
flamant des caraïbes	Flamenco del Caribe
flamant du chili	Flamenco chileno
flamant nain	Flamenco chico
flamant rose	Flamenco
flamboyant bleu	Framboyán azul
flamboyant petit	Tara
flamme olympique	Llama olímpica
flanquer un coup	Sorrajar
flaque d'eau	Charco de agua
flavine mononucléotide	Flavin mononucleótido, riboflavina-5′-fosfato, fosfato de lactoflavina
fleur d'oranger	Azahar, flor de azahar
fleur de farine	Flor de harina
fleur de lys	Flor de lis
fleur de sel	Flor de sal
flocon de neige	Copo de nieve
flore aquatique	Flora acuática
flore intestinale	Flora intestinal
fluide supercritique	Fluido supercrítico
fluorure d'ammonium	Fluoruro de amonio
fluorure d'hydrogène	Fluoruro de hidrógeno
flute de pan	Zampoña
flute à bec	Flauta dulce
flux d'énergie	Flujo de energía
flux de trésorerie	Cash flow o flujo de caja
flux lumineux	Flujo luminoso
flux magnétique	Flujo magnético
flux thermique	Tasa de flujo de calor, flujo térmico, flujo calorífico
flèche du temps	Flecha del tiempo
fléole des prés	Fleo de los prados
flétan de l'atlantique	Pez mantequilla, fletán del atlántico, hipogloso
flétan noir	Fletán negro
flûte de pan	Zampoña, flauta de Pan
flûte polycalame	Zampoña
flûte traversière	Flauta travesera
flûte à bec	Flauta dulce
foie de soufre	Hígado de azufre
foie gras	Foie gras
foire aux questions	PUF, FAQ, preguntas frecuentes
foire d'empoigne	Rebatiña, jaula de grillos, jaula de locos
folie des grandeurs	Delirio de grandeza, delirio de grandezas
folle avoine	Avena loca
fonction algébrique	Función algebraica
fonction analytique	Función analítica
fonction continue	Función continua
fonction de transfert	Función de transferencia
fonction distance signée	Función distancia con signo
fonction gamma	Función gamma
fonction holomorphe	Función holomorfa
fonction rationnelle	Función racional
fonction syntaxique	Función gramatical
fonction sémiotique	Función semiótica
fonction transcendante	Función trascendente
fonction trigonométrique	Función trigonométrica
fonction virtuelle	Función virtual
fond de teint	Colorete
fond du ciel	Fondo del cielo
fonderie typographique	Fundición de tipos, empresa diseñadora de tipos
fondre sur	Abalanzarse, arrojarse
fonds de commerce	Fondo de comercio
fonds souverain	Fondo soberano de inversión
fonds vautour	Fondo buitre
fondé de pouvoir	Apoderado, procurador
fonio blanc	Mijo fonio
fonte des semis	Marchitamiento fúngico
fonte musculaire	Atrofia muscular
fonts baptismaux	Pila bautismal, pila
football américain	Fútbol americano
for intérieur	Fuero interno
force de marée	Fuerza de marea
force est	Protachero
force majeure	Fuerza mayor
force électromotrice	Fuerza electromotriz
forcer la main	Apretar los tornillos
foret nc	Broca CNC
foret à centrer	Granete
format tabloïd	Tabloide
formation continue	Educación por extensión
formation ferrifère	Formación ferrífera
formation ferrifère rubanée	Formación de hierro bandeado
formation rocheuse	Formación rocosa
forme de l'expression	Forma de la expresión
forme de vie	Forma de vida
forme du contenu	Forma del contenido
forme normale	Forma normal
forme savante	Forma académica
formule brute	Fórmula molecular
formule chimique	Fórmula química
formule d'euler	Fórmula de Euler
formule de moivre	Fórmula de De Moivre
formule de politesse	Fórmula de cortesía
formule semi-développée	Fórmula semidesarrollada
fort en thème	Sabelotodo, sabiondo, sabionda
forêt claire	Bosque abierto, monte hueco, oquedal
forêt de bambous	Bosque de bambú
forêt de lianes	Bosque de lianas
forêt noire	Selva negra
forêt primaire	Bosque primario, bosque primigenio
forêt secondaire	Renoval, bosque secondario
forêt tropicale	Selva tropical
forêt tropicale humide	Pluviselva
forêt vierge	Bosque virgen
fosse aux ours	Fosa de los osos
fosse commune	Fosa común
fosse d'atacama	Fosa de Atacama
fosse du pérou-chili	Fosa de Perú-Chile
fosse septique	Fosa séptica
fosse à bitume	Pozo de brea
fossette jugulaire	Hoyuela
fossette loréale	Foseta loreal
fou de bassan	Alcatraz común, alcatraz atlántico
fou masqué	Piquero enmascarado
fougère aigle	Helecho común
fougère commune	Helecho común
foulque macroule	Focha común
foulque à crête	Focha cornuda, focha moruna
four crématoire	Horno crematorio
four à chaux	Horno de cal
fourchette à poisson	Tenedor de pescado
fourmi charpentière	Hormiga carpintera
fourmi électrique	Hormiguita de fuego
fourmilier marsupial	Hormiguero marsupial, numbat
foutre en l'air	Saltar por los aires
foutre la paix	Dejar en paz
foutre un coup	Sorrajar
foxhound américain	Foxhound americano
fraction rationnelle	Fracción algebraica racional, fracción racional
fracturation hydraulique	Fractura hidráulica
fracture numérique	Brecha digital
frais et dispos	En forma, nuevo
fraise des bois	Fresa del bosque, meruéndano, fresa silvestre
fraise du chili	Frutilla chilena, fresa chilena, frutilla blanca
fraisier des bois	Meruéndano, fresa silvestre
fraisier des indes	Fresa india
framboisier noir	Frambuesa negra
franc belge	Franco belga
franc français	Franco francés
franc suisse	Franco suizo
franchir le rubicon	Pasar el Rubicón
frangipanier rouge	Frangipani, franchipán
frappé aux fruits	Batido de frutas
fraude électorale	Fraude electoral
frein de bouche	Freno de boca
frein du pénis	Frenillo del pene
frein lingual	Frenillo lingual
frein moteur	Freno de motor
frein à air automatique	Freno de aire combinado, freno Westinghouse
frein à main	Freno de mano
freinage électrodynamique	Frenado electrodinámico
frelon asiatique	Avispa asiática
frenulum breve	Frenillo corto
frise chronologique	Eje cronológico
frison saterlandais	Frisón de Saterland
fritillaire pintade	Tablero de damas
fromage blanc	Cuark
fromage de chèvre	Queso de cabra
fromage de tête	Queso de cabeza
fromage frais	Queso fresco
froncer les sourcils	Fruncir las cejas
front chaud	Frente cálido
front froid	Frente frío
fructosémie congénitale	Intolerancia hereditaria a la fructosa, fructosemia
fruit confit	Fruta confitada
fruit de la passion	Granadilla, maracuyá, calala
fruit de mer	Marisco
fruit du dragon	Pitahaya
fruit défendu	Fruto prohibido
fruit déguisé	Frutas encubiertas
fruit miraculeux	Baya mágica, fruta milagrosa
fruit sec	Fruto seco
fruit à pain	Fruta de pan
fruits de mer	Marisco
fruits et légumes	Frutas y verduras
frère d'armes	Compañero de armas
frère de lait	Hermano de leche
fréquence audio	Audiofrecuencia
fréquence respiratoire	Frecuencia respiratoria
frêne à feuilles étroites	Fresno de hojas estrechas
frêne à fleurs	Fresno de flor, fresno del maná
fuchsia de magellan	Chilco
fucus vésiculeux	Sargazo vejigoso, sargazo vesiculoso
fuite de mémoire	Fuga de memoria
fuite en avant	Huída hacia adelante
fuligule milouin	Porrón europeo
fuligule milouinan	Porrón bastardo
fuligule morillon	Porrón moñudo
fuligule nyroca	Porrón pardo
fuligule à tête rouge	Porrón americano
fulmar boréal	Fulmar boreal
fulmar des neiges	Petrel níveo
fumana à feuilles de thym	Tomillo morisco
fumer la moquette	Fumársela verde
fumeterre grimpante	Fumaria blanca, palomilla
fumeterre officinale	Fumaria, palomilla, zapaticos
fumeur blanc	Fumarola blanca
fumeur noir	Fumarola negra
fumée secondaire	Humo de segunda mano
funambule à cinq raies claires	Ardilla de la palma del norte, ardilla de la palma de cinco rayas
fusain d'europe	Bonete de cura, bonetero
fuseau horaire	Huso horario
fusil de précision	Fusil de francotirador
fusil à plasma	Fusil de plasma
fusil à pompe	Escopeta con acción de bombeo
fusion du cœur d'un réacteur nucléaire	Fusión de núcleo
fusion nucléaire	Fusión nuclear
fusée de proximité	Espoleta de proximidad
futur simple	Futuro
fève de café	Grano de café
fée du logis	Ama de casa, ama de la casa, ama de casa perfecta
féminicide de masse	Feminicidio de masa
féminisme chrétien	Feminismo cristiano
féminisme gitan	Feminismo gitano
féminisme islamique	Feminismo islámico
féminisme lesbien	Feminismo lesbiano, feminismo lésbico
féminisme libéral	Feminismo liberal
féminisme masculin	Feminismo masculino
féminisme noir	Feminismo negro
féminisme radical	Feminismo radical
férule commune	Cañaheja
fête de la saint-patrick	Día de San Patricio
fête des morts	Fiesta de los muertos
fête des mères	Día de la Madre
fête des pères	Día del Padre
fête des quinze ans	Quinceañera
fête foraine	Feria
gagner du temps	Ganar tiempo
gagner du terrain	Gañar terreno, gañar el terreno
gagner sa vie	Ganarse la vida
gai savoir	Gaya ciencia
gaillard d'avant	Castillo
gaillet jaune	Cuajaleche, galio, presera
gain de fonction	Ganancia de función
galactosémie congénitale	Galactosemia
galant de nuit	Dama de noche, galán de noche
galathée noire	Sastre negro
galathée striée	Sastre
galathée yéti	Cangrejo yeti
galaxie active	Galaxia activa
galaxie satellite	Galaxia satélite
galaxie à sursaut d'étoiles	Galaxia con brote estelar
galerie marchande	Centro comercial
gallinule poule d'eau	Polla gris, polla de agua, pollona negra
galloperdrix de ceylan	Faisancillo de Ceilán
galloperdrix lunulée	Faisancillo moteado
galloperdrix rouge	Faisancillo rojo
game jam	Game jam
gamme pythagoricienne	Escala pitagórica
ganga cata	Ganga ibérica, ganga común
ganga unibande	Ortega, ganga ortega
ganglioneuralgie sphénopalatine	Cefalea del helado, cefalea por estímulos fríos, congelación cerebral
gant de boxe	Guante de boxeo
gant de toilette	Guante de aseo, toallita para lavarse, toallita de ducha
garage à bites	Vertedero de semen
garance des teinturiers	Rubia roja
garance voyageuse	Rubia silvestre, agarrarropa
garde au drapeau	Guardia de la bandera
garde du corps	Guardaespaldas
garde forestier	Guardabosque
garde à vous	Firmes, cuadrarse
garde à vue	Custodia
garder de	Guardarse de
garder la tête froide	Mantener la cabeza fría, mantener la calma
garder le cap	Mantener el rumbo, seguir el rumbo
gardez la monnaie	Quédese con el vuelto, quédese con el cambio
gardien de but	Guardameta, arquero, golero
gardien de phare	Farero
gardon commun	Rutilo
gardon de la mer noire	Rutilo del mar Negro
gardon galant	Rutilo del Danubio
gardon rouge	(Scardinius erythrophthalmus) Gardí
gare de péage	Cabina de peaje
gare routière	Estación de autobús
garpique alligator	Pejelagarto
garrot d'islande	Porrón islándico
garrot à œil d'or	Porrón osculado
garçon manqué	Marimacho, chicazo
gastronomie moléculaire	Gastronomía molecular
gauloise dorée	Gala dorada
gaz carbonique	Gas carbónico
gaz d'échappement	Emisiones de escape, gases de escape
gaz de procédé	Gas de proceso
gaz de schiste	Gas de esquisto
gaz hilarant	Gas hilarante
gaz inerte	Gas inerte
gaz lacrymogène	Gas lacrimógeno, spray lacrimógeno
gaz naturel	Gas natural
gaz noble	Gas noble
gaz parfait	Gas ideal
gaz à effet de serre	Gas de efecto invernadero
gazelle de grant	Gacela de Grant
gazelle de thomson	Gacela de Thomson
gazelle de waller	Gerenuc
gazelle dorcas	Gacela común
gazon d'espagne	Clavelina de mar
gazon d'olympe	Clavelina de mar
gaélique irlandais	Irlandés
gaélique écossais	Gaélico escocés
geai des chênes	Arrendajo o gayo
geai panaché	Urraca pinta
geai à face blanche	Urraca copetona de garganta blanca
geai à gorge noire	Chara gorjinegra
gel douche	Gel de ducha
gel lubrifiant	Lubricante íntimo
geler blanc	Escarchar
gelée blanche	Helada blanca
gendarme couché	Policia acostado
genette commune	Gineta
genre littéraire	Género literario
genre musical	Género musical
genre neutre	Género neutro
gentilhomme verrier	Compañero vidriero
genévrier cade	Enebro rojo, enebro de la miera
genévrier commun	Enebro común
genévrier de phénicie	Sabina negral
genévrier sabine	Sabina rastrera
genévrier thurifère	Sabina albar
genêt d'espagne	Gayumbo
genêt scorpion	Aulaga, aliaga
genêt épineux	Aulaga, aliaga
gerboise des steppes	Jerbo
german rex	German rex
germandrée des chats	(Teucrium marum) Tomillo de gato
germandrée maritime	(Teucrium marum) Tomillo de gato
germandrée petit-chêne	Zamarrilla de los muros
germandrée scorodoine	(Teucrium scorodonia) Escorodonia
germandrée tomenteuse	Zamarilla
gesse chiche	Almorta de monte, titarro, guija
gesse commune	Almorta, chícharo, guija
gesse des montagnes	(Lathyrus montanus var. montanus)
gesse sans feuilles	Afaca
gesse sauvage	Almorta silvestre
gestation pour autrui	Gestación subrogada, maternidad subrogada
gestion d'affaires	Gestión de negocios
gestion des idées	Gestión de ideas
gestion des ressources humaines	Gestión de recursos humanos
gibbon de hainan	Gibón de Hainan
gilet de sauvetage	Chaleco salvavidas
gilet jaune	Chaleco amarillo
gilet pare-balles	Chaleco antibalas
gin tonic	Gin tonic
ginseng péruvien	Ginseng peruano
girafe de rothschild	Jirafa de Rothschild, Jirafa de Uganda, jirafa del Baringo
girafe réticulée	Jirafa reticulada, jirafa borracha
girelle commune	Julia
giroflée de mahon	Mahonesa
giroflée des murailles	(Erysimum cheiri) Alhelí amarillo, alhelí
givre dur	Cencellada dura
givre mou	Cencellada blanca
glace bleue	Hielo azul
glace carbonique	Hielo seco
glace sèche	Hielo seco
glace à l'eau	Paleta, polo, helado de agua
glace à l'italienne	Helado suave
glacer le sang	Asustar, atemorizar, aterrorizar, dar esca
gland du clitoris	Glande del clítoris
gland du pénis	Glande del pene, bálano, balano
glande endocrine	Glándula endocrina
glande exocrine	Glándula exocrina
glande lacrymale	Glándula lagrimal
glande surrénale	Glándula suprarrenal
glande thyroïde	Glándula tiroides
glaréole à ailes noires	Canastera alinegra
glaréole à collier	Canastera común
glaucière jaune	Adormidera marina, amapola loca, amapola marina
gliricidie du mexique	Madre de cacao
glissade d'eau	Tobogán
glissement de terrain	Deslave
glissement sémantique	Traslación de significado
globe planétaire	Globo terráqueo
globe terrestre	Globo terráqueo, globo
globicéphale commun	Calderón común
globulaire buissonnante	Coronilla de fraile
globule blanc	Glóbulo blanco, leucocito
globule rouge	Glóbulo rojo, eritrocito, hematocito
glycine du japon	Glicinia japonesa
glycosurie rénale	Glucosuria renal
glycérie flottante	Hierba del maná, esteba
gnou bleu	Ñu azul
gnou noir	Ñu negro
gobemouche gris	Papamoscas gris
gobemouche nain	Papamoscas papirrojo
gobemouche noir	Papamoscas cerrojillo
gobemouche à collier	Papamoscas collarino
gobie tacheté	Gobio común
godive orange	Godiva anaranjada
gomme adragante	Goma tragacanto, adraganto, alquitira
gomme arabique	Goma arábiga
gomme à mâcher	Chicle o goma de mascar
gommier rouge	Almácigo, cahuite, palo de jiote
gorfou huppé	Pingüino crestado, pingüino de Sclater
gorgebleue à miroir	Pechiazul
goudron de bouleau	Brea de abedul, pez de abedul
gouet d'italie	Aro común
goujon commun	Gobio común
goulet d'étranglement	Cuello de botella
goulot d'étranglement	Cuello de botella
goulot de bouteille	Cuello de botella
goura couronné	Gura occidental, paloma coronada occidental
goura de scheepmaker	Gura sureña, gura de Scheepmaker
goura de victoria	Gura victoria
gousse d'ail	Diente de ajo
goutte froide	Gota fría, depresión aislada en niveles altos, DANA
gouverne de profondeur	Timón de profundidad
gouverneur général	Governador general
goyavier du chili	Murta, murtilla
goéland argenté	Gaviota argéntea
goéland bourgmestre	Gavión hiperbóreo, gaviota hiperbórea
goéland brun	Gaviota sombría
goéland cendré	Gaviota cana
goéland d'audouin	Gaviota de Audouin
goéland marin	Gavión atlántico
goéland à ailes blanches	Gaviota polar
grade universitaire	Grado académico, grado universitario
graisser la patte	Engrasar la pata
grallaire bicolore	Tororoí bicolor, tororoi rufocenizo
grallaire buissonnière	Tororoí ventricanela colombiano, hormiguero pechicanelo, tororoi pechicanelo
grallaire ceinturée	Tororoí bandeado, tororoi de Miller
grallaire châtaine	Tororoí bayo
grallaire de blake	Tororoí castaño
grallaire de carriker	Tororoí de Carriker
grallaire de cuzco	Tororoí de Cuzco
grallaire de kaestner	Tororoí de Cundinamarca
grallaire de przewalski	Tororoí rojizo
grallaire de quito	Tororoí leonado
grallaire de ridgely	Tororoí jocotoco
grallaire de watkins	Tororoí matorralero
grallaire des andes	Tororoí andino, tororoi de cabeza listada
grallaire des santa marta	Tororoí de Santa Marta
grallaire du tachira	Tororoí de Táchira
grallaire flammée	Tororoí del Napo, tororoi estriado, tororoi ocre listado
grallaire géante	Tororoí gigante
grallaire masquée	Tororoí carirrufo
grallaire naine	Ponchito enano, tororoi de corona pizarrosa, tororoi enano
grallaire ocrée	Ponchito ocráceo, ponchito de pecho ocre, tororoi piquigualdo
grallaire ondée	Tororoí ondoso, tororoi ondulado, tororoi ondeado
grallaire oreillarde	Tororoí enmascarado, chululú boliviano
grallaire roi	Tororoí pintado, tororoi variegado
grallaire rousse	Tororoí rufo, gralaria rufa
grallaire secrète	Tororoí del Ucayali, tororoi evasivo
grallaire sobre	Tororoí flautista
grallaire tachetée	Tororoí moteado, tororoi carimanchado, hormiguero pichón punteado
grallaire teguy	Tororoí teguá
grallaire à dos uni	Tororoí torero, tororoi de dorso llano, hormiguero torero
grallaire à gorge blanche	Tororoí gorgiblanco
grallaire à lunettes	Tororoí de anteojos, hormiguero pechirrayado, hormiguero de anteojos
grallaire à moustaches	Tororoí bigotudo
grallaire à nuque grise	Tororoí nuquigrís
grallaire à nuque rousse	Tororoí nuquicastaño, tororoi chusquero, tororoi de nuca castaña
grallaire à poitrine jaune	Tororoí pechiamarillo, tororoi rufoamarillo
grallaire à tête rousse	Tororoí compadre, tororoi comprapán, tororoi de corona castaña
grallaire à ventre blanc	Tororoí ventriblanco, tororoi pechiblanco, tororoi de vientre blanco
grallaire à ventre fauve	Tororoí ventricanela ecuatoriano, tororoi loriblanca, tororoi buchicanelo
grallaire écaillée	Tororoí cholino, tororoi dorsiescamado, tororoi escamoso
grand bi	Biciclo
grand bien lui fasse	¡mira qué bien!
grand bleu de gascogne	Gran sabueso azul de Gascuña
grand boum	Big Bang, gran explosión
grand bouvier suisse	Gran boyero suizo
grand brochet	Lucio europeo
grand bénitier gaufré	Tridacna estriada
grand cacatois	Sobre mayor
grand cachalot	Cachalote
grand chevalier	Chorlo mayor de patas amarillas
grand corbeau	Cuervo común
grand dauphin	Delfín mular, delfín nariz de botella
grand esturgeon	Esturión beluga
grand glutéal	Glúteo mayor
grand gravelot	Chorlitejo grande
grand griffon vendéen	Grifón vandeano grande
grand grèbe	Huala
grand hocco	Hocofaisán, paujil, pajuil
grand héron	Garza azulada, garza ceniza
grand labbe	Págalo grande
grand livre	Libro mayor
grand magasin	Tienda por departamentos
grand maître	Gran maestre
grand monarque	Mariposa monarca
grand mât	Palo mayor
grand nacré	Lunares de Piata
grand nègre des bois	Ojos azules
grand paon de nuit	Pavón nocturno, gran pavón
grand pingouin	Alca gigante, alca imperial, gran pingüino
grand pont	Autopase
grand prêtre	Sumo sacerdote
grand public	Grande publico
grand renard volant	Gran zorro volador
grand requin blanc	Gran tiburón blanco
grand rhinolophe	Murciélago grande de herradura
grand rhombicuboctaèdre	Cuboctaedro truncado
grand rédunca	Redunca meridional
grand sphinx de la vigne	Gran esfinge morada
grand tétras	Urogallo, urogallo común
grand urubu	Aura selvática, urubú grande de cabeza amarilla, urubú de la selva
grand vaza	Loro vasa
grand veneur	Gran montero
grand écran	Gran pantalla
grand-duc d'amérique	Búho americano
grande aigrette	Garza blanca, garceta grande
grande alose	Sábalo
grande aunée	Elecampana, énula, helenio
grande camomille	Hierba santa
grande castagnole	Palometa negra, japuta
grande charte	Carta Magna
grande chélidoine	Celidonia
grande ciguë	Cicuta
grande civette indienne	Gran civeta india, gran civeta oriental
grande cuiller	Cucharada
grande cuillère	Cucharada
grande grallaire	Tororoí excelso
grande guerre patriotique	Grande Guerra Patriótica
grande gueule	Hocicón, bocaza, jetón
grande myrtille	Arándano
grande passerage	Draba
grande prêtresse	Suma sacerdotisa
grande roue	Noria, rueda de la fortuna
grande roussette	Alitán
grande sœur	Hermana mayor
grande vive	Pez escorpión
grandes vacances	Largas vacaciones
grandeur d'état	Magnitud de estado
grandeur de processus	Magnitud de proceso
gras abondant copieux fertile	Pingüe
gravelot semipalmé	Chorlo semipalmado
gravelot à collier interrompu	Chorlitejo patinegro
gravure sur bois	Grabado en madera
grec ancien	Griego antiguo
greffe en fente	Injerto de hendidura
greffe en écusson	Injerto de yema
grenache blanc	Llardoner blanco
grenadier commun	Granado, granado común
grenadier de roche	Granadero de roca
grenadier de socotra	Sacotrythra
grenadille douce	Granadilla dulce, parcha, parchita
grenouille de bénitier	Chupacirios, santurrón
grenouille de mer	Pez renacuajo
grenouille de pérez	Rana común
griffe rétractile	Uña retráctil
griffon belge	Grifón belga
griffon bleu de gascogne	Grifón azul de Gascuña
griffon bruxellois	Grifón de Bruselas
griffon italien	Spinone
griffon nivernais	Grifón nivernais
griffon à poil dur	Grifón korthal
grille de mots croisés	Cuadrícula de crucigramas
grillon domestique	Grillo doméstico
grimpereau des bois	Agateador norteño
grimpereau des jardins	Agateador común
grippe aviaire	Gripe aviaria
grippe espagnole	Gripe española
grippe porcine	Gripe porcina, influenza porcina, gripa porcina
gris argent	Gris plata
gris de cendre	Gris ceniza
gris de payne	Gris de Payne
gris de plomb	Gris plomo, plomo
gris perle	Grigio perla
gris souris	Gris rata
grive dama	Zorzal dorado
grive dorée	Zorzal dorado
grive draine	Zorzal charlo
grive litorne	Zorzal real
grive mauvis	Zorzal alirrojo
grive musicienne	Zorzal común
grive obscure	Zorzal rojigris
grive à ailes rousses	Zorzal eunomo
grive à dos olive	Zorzalito de Swainson, zorzal ustulado
grive à gorge noire	Zorzal papinegro
grondeur métis	Roncador
grondin du cap	Escarcho del Cabo
grondin perlon	Bejel, alfóndiga, perlón
gros intestin	Intestino grueso, colon
gros lard	Gordinflón, guatón
gros mot	Palabrota, garabato, taco
gros orteil	Gran artejo, gran ortejo, dedo gordo
gros plan	Primer plano
gros pourpier	Quelite de monte, joyas de Opar, verdolaga francesa
gros rire	Carcajada
gros titre	Titular
gros œuvre	Obra gruesa, sistema estructural
gros-bec casse-noyaux	Picogordo
groseille à maquereau	Agrazón, uva espina, agraz
groseillier à maquereau	Agrazón
grosse bertha	Gran Berta
grosse caisse	Bombo
grosse légume	Pez gordo
grosse voix	Voz fuerte
groupe abo	Grupo sanguíneo
groupe additif	Grupo aditivo
groupe consonantique	Grupo consonántico
groupe d'intérêt	Grupo de interés
groupe de la mort	Grupo de la muerte
groupe de lie	Grupo de Lie
groupe de parole	Grupo de apoyo
groupe de pression	Grupo de presión
groupe du tableau périodique	Grupo de la tabla periódica
groupe fonctionnel	Grupo funcional
groupe motopropulseur	Tren de potencia
groupe nominal	Sintagma nominal, grupo nominal
groupe parlementaire	Grupo parlamentario, fracción parlamentaria
groupe sanguin	Grupo sanguíneo
groupe social	Grupo social
groupe électrogène	Grupo electrógeno
groupement tactique	Grupo de batalla
grue antigone	Grulla de cola blanca
grue blanche	Grulla trompetera
grue cendrée	Grulla común
grue de paradis	Grulla del paraíso
grue de sibérie	Grulla siberiana
grue demoiselle	Grulla damisela
grue du canada	Grulla canadiense
grue du japon	Grulla de Manchuria
grue moine	Blankkapa gruo
grue royale	Grulla real gris
grue volante	Grúa volante
grâce à	Gracias a
grèbe castagneux	Zampullín chico, zampullín común
grèbe esclavon	Zampullín cuellirrojo
grèbe huppé	Somormujo lavanco
grèbe jougris	Somormujo cuellirrojo
grèbe à cou noir	Zampullín cuellinegro
grèce antique	Grecia antigua
grève de la faim	Huelga de hambre, huelga del hambre
grève du sexe	Huelga de sexo, huelga sexual
grève du zèle	Huelga de celo
grève générale	Huelga general
guaiabero lunulé	Lorito guayabero
guarani oriental bolivien	Chiriguano
guerre civile	Guerra civil
guerre d'attrition	Guerra de desgaste, guerra de atrición
guerre d'usure	Guerra de desgaste, guerra de atrición
guerre d'édition	Guerra de ediciones
guerre de pacification	Guerra de pacificación
guerre de position	Guerra de posiciones
guerre des tranchées	Guerra de trincheras
guerre froide	Guerra fría
guerre mondiale	Guerra mundial
guerre par procuration	Guerra subsidiaria
guerre psychologique	Guerra psicológica
guerre sainte	Guerra santa
guerre totale	Guerra total
gueule de bois	Resaca
guichet unique	Ventanilla única
guifette leucoptère	Fumarel aliblanco
guifette moustac	Fumarel cariblanco
guifette noire	Fumarel común
guillemet anglais	Comilla volada, comilla inglesa
guillemet français	Comilla latina, comilla española
guillemot de brünnich	Arao de Brunnich
guillemot marmette	Arao común
guillemot à cou blanc	Mérgulo antiguo
guillemot à miroir	Arao aliblanco
guimauve officinale	Malvavisco, bismalva, hierba cañamera
guimauve sauvage	Acalia
guimauve à feuilles de cannabis	Matilla cañamera
guirlande de noël	Espumillón
guitare acoustique	Guitarra acústica
guitare basse	Guitarra bajo, bajo, bajo eléctrico
guitare classique	Guitarra clásica
guitare de mer	Rinobátido
guitare flamenca	Guitarra flamenca
guitare portugaise	Guitarra portuguesa
guitare électrique	Guitarra eléctrica
guitare électro-acoustique	Guitarra electro-acústica
guyane française	Guayana Francesa
guérilla urbaine	Guerilla urbana
guêpier d'europe	Abejaruco europeo
gymnarque du nil	Pez navaja africano, aba
gypaète barbu	Quebrantahuesos
gyrus angulaire	Giro angular
gyrus postcentral	Giro poscentral
gyrus précentral	Giro precentral
gyrus supramarginal	Giro supramarginal
gâteau aux trois laits	Tres leches
gâteau basque	Pastel vasco
gâteau d'anniversaire	Torta de cumpleaños
gâteau de lune	Pastel de luna
gâteau de savoie	Bizcocho de Saboya
gâteau du diable	Pastel del Diablo
gâteau patate	Gâteau patate douce
gâteau sec	Galleta
géante de glace	Gigante helado
gélinotte de severtzov	Grévol chino
gélinotte des bois	Grévol
gélinotte huppée	Grévol engolado
génie civil	Ingeniería civil
génie génétique	Ingeniería genética
génitif saxon	Genitivo sajón
génocide blanc	Genocidio blanco, extinción blanca
génocide climatique	Genocidio climático
général d'armée	General de ejército
général d'armée aérienne	General del aire
général de brigade	General de brigada
général de brigade aérienne	General de brigada
général de corps aérien	Teniente general
général de corps d'armée	Teniente general
général de division	General de división
général de division aérienne	General de división
géographie humaine	Geografía humana
géographie linguistique	Geografía lingüística
géographie physique	Geografía física, fisiografía
géométrie algébrique	Geometría algebraica
géométrie analytique	Geometría analítica
gününa yajich	Gününa yajich
h aspiré	H aspirada, hache aspirada
h muet	H muda, hache muda
habit d'adam	Traje de Adán
habit de lumières	Traje de luces
hachis parmentier	Hachis parmentier
hall d'entrée	Hall de entrada
hamster commun	Hámster vulgar
hamster doré	Hámster dorado
happy end	Final feliz
harceleur sexuel	Acosador sexual
harcèlement de rue	Acoso callejero
harcèlement moral	Acoso laboral
harcèlement sexuel	Acoso sexual
hard rock	Hard rock, rock pesado, rock duro
hard science-fiction	Ciencia ficción dura, ciencia ficción hard
harelde boréale	Pato havelda
harfang des neiges	Búo nival, búho del Ártico, gran búho blanco
haricot commun	Poroto
haricot d'espagne	Ayacote, judía escarlata, judía de España
haricot de lima	Haba de Lima, judía de Lima, pallar
haricot de mer	Coquina, tellina
haricot noir	Frijol negro, caraota
haricot urd	Judía urd
haricot vert	Judía verde, vainilla, habichuela
harle bièvre	Serreta grande
harle huppé	Serreta mediana, mergansa de pico largo
harle piette	Serreta chica
harmonie vocalique	Armonía vocálica, sinarmonía vocálica
harpe laser	Arpa láser
harpe éolienne	Arpa eólica, arpa eolia
harpie féroce	Arpía mayor, águila harpía, harpía
hausser les épaules	Encogerse de hombros
haut allemand	Alto alemán
haut court	Crop top
haut de forme	Sombrero de copa
haut de gamme	Prémium, de gama alta
haut la main	Fácilmente, sin dificultad, de manera holgada
haut les mains	Arriba las manos
haut plateau	Altiplano
hautbois baroque	Oboe barroco
hautbois d'amour	Oboe de amor
hautbois de chasse	Oboe de caza
hautbois viennois	Oboe vienés
haute couture	Alta costura
haute mer	Alta mar
haute saison	Temporada alta
haute société	Alta sociedad
haute tension	Alta tensión
haute trahison	Alta traición
hawk tuah	Hawk tuah
heavy metal	Heavy metal, metal
hellébore d'hiver	Acónito de invierno, perdición del lobo
hellébore fétide	Heléboro fétido, eléboro fétido, hierba de ballesteros
hellébore noir	Eléboro negro, rosa de Navidad
hellébore oriental	Eléboro negro de Hipócrates
hellébore vert	Eléboro verde, ballestera verde
herbe aux chantres	Erísimo
herbe aux chats	Hierba de gato, hierba de gatos, hierba de
herbe aux mouches	Coniza
herbe aux poux	Estafisagria, stafisagria
herbe aux écus	Hierba de la moneda, zurrón boliviano, carraspique
herbe de grâce	Ruda
herbe de la pampa	Hierba de las Pampas, plumero de la Pampa
herbe de la rue	Ruda
herbes de provence	Hierbas de Provenza
hernie discale	Hernia discal
hernie hiatale	Hernia de hiato, hernia hiatal
herpès zoster	Herpes zóster, herpes zoster, culebrón
hespérie de la houlque	Dorada línea larga
heure bleue	Hora azul
heure d'été	Horario de verano
heure de pointe	Hora pico, hora punta
heure dernière	Hora suprema o última hora
heure dorée	Hora dorada
heure légale	Hora legal
heure suprême	Hora suprema o última hora
heures supplémentaires	Horas extraordinarias, horas extras
heureux comme dieu en france	Contento como Dios en Francia
hexagone logique	Hexágono lógico
hibiscus de syrie	Rosa de Siria, granado blanco
hibiscus rose de chine	Gumamela, cayena
hibou des marais	Búho campestre, lechuza campestre
hibou grand-duc	Búho real
hibou moyen-duc	Búho chico
hibou petit-duc	Autillo, autillo europeo
hic et nunc	Hic et nunc
hickory blanc	Hicoria ovada
hier soir	Anoche
hip hop	Hip hop
hippocampe à museau court	Caballito de mar común
hippopotame pygmée	Hipopótamo pigmeo
hippotrague noir	Antílope negro, antílope sable
hippotrague rouan	Hipótrago equino
hirondelle de fenétre	Avión
hirondelle de fenêtre	Avión común
hirondelle de rivage	Avión zapador, golondrina zapadora
hirondelle de rochers	Avión roquero
hirondelle rousseline	Golondrina dáurica
hirondelle rustique	Golondrina común
histoire de	Con la finalidad de, con tal de
histoire de l'art	Historia del arte
histoire naturelle	Historia natural
histoire que	A fin de que
historique web	Historial web
hoazin huppé	Hoacin, hoatzín, pava serere
hocco alector	Paujil culiblanco, pavón guayanés
hocco d'albert	Paujil colombiano, pavón piquiazul, pavón colombiano
hocco de daubenton	Pavón moquiamarillo, paujil de turbante
hocco globuleux	Pavón carunculado, paujil amazónico
hockey sur gazon	Jóquey sobre hierba
holbiche ventrue	Tiburón globo
hollandaise huppée	Holandesa moñuda
homicide sexiste	Crimen de género
homme blanc	Hombre blanco
homme cis	Hombre cis
homme d'affaires	Hombre de negocios
homme d'état	Hombre de estado
homme de chambre	Camarero
homme de dieu	Hombre de Dios
homme de ménage	Hombre de la limpieza, limpiador
homme de paille	Testaferro, hombre de paja
homme des cavernes	Hombre de las cavernas
homme du commun	Plebeyo
homme du peuple	Plebeyo
homme libre	Hombre libre
homme mort	Hombre muerto
homme politique	Político
homme trans	Hombre trans
homme transgenre	Hombre trans
homme à femmes	Mujeriego
homme à tout faire	Manitas, todólogo, hacelotodo
homo faber	Homo faber
homo œconomicus	Homo œconomicus
hongrois géant	Gigante de Hungría
horizon cosmologique	Horizonte cosmológico
horloge atomique	Reloj atómico
hormone anti-müllérienne	Hormona antimülleriana
hormone thyroïdienne	Hormona tiroidea
hors d'usage	Fuera de uso
hors d'âge	Muy antiguo (y anticuado)
hors de	Fuera de
hors de prix	Fuera de precio, inasequible
hors de question	Ni pensarlo, ni hablar
hors de soi	Fuera de si
hors du commun	Fuera de lo común
hors pair	Sin igual
hors service	Fuera de servicio
hotte aspirante	Campana extractora, campana
hovénie sucrée	Árbol de las pasas
huile concrète	Aceite concreto
huile d' olive	Aceite de oliva
huile d'olive	Aceite de oliva
huile d'égout	Aceite remanufacturado
huile de coco	Aceite de coco, manteca de coco
huile de foie de morue	Aceite de hígado de bacalao
huile de morue	Aceite de hígado de bacalao
huile de noix	Aceite de nuez
huile de palme	Aceite de palma
huile de ricin	Aceite de ricino
huile de schiste	Petróleo de esquisto bituminoso, petróleo de esquisto, petróleo de lutita
huile de tournesol	Aceite de girasol
huile essentielle	Aceite esencial
huile minérale	Aceite mineral
huile à broche	Aceite para barrenas, aceite para husillos
huit centième	Octingentésimo
humecter de salive	Ensalivar
humeur vitrée	Humor vítreo
humour noir	Humor negro, humor ácido
huppe fasciée	Abubilla
huppé de soultz	Capucha de Soultz
huppé picard	Moñudo de Picard
husky sibérien	Husky siberiano
hutte à sudation	Temazcal
huître creuse du pacifique	Ostra japonesa, ostra del Pacífico
huître de virginie	Ostión de Virginia
huître plate	Ostra común
huîtrier pie	Ostrero común euroasiático
hydravion à coque	Bote volador
hydrogène triatomique	Hidrógeno triatómico, trihidrógeno
hydroxyde de potassium	Hidróxido de potasio, potasa cáustica, potasia
hydroxyde de sodium	Hidróxido de sodio, hidróxido sódico, soda cáustica
hydrure d'antimoine	Estibano, trihidruro de antimonio
hydrure de lithium	Hidruro de litio
hydrure de phosphore	Fosfano, fosfina, hidruro fosforoso
hygiène de vie	Estilo de vida
hygiène publique	Higiene pública
hygrophore de mars	Seta de marzo
hygrophore à odeur agréable	Higróforo de olor agradable
hymne national	Himno nacional
hyperemesis gravidarum	Hiperémesis gravídica
hyperviseur de stockage	Hipervisor de almacenamiento
hypholome en touffe	Hifoloma de láminas verdes
hypochlorite de calcium	Hipoclorito de calcio, cal clorada
hypochlorite de sodium	Hipoclorito de sodio
hypolaïs des oliviers	Zarcero grande
hypolaïs ictérine	Zarcero icterino
hypolaïs polyglotte	Zarcero común
hypolaïs pâle	Zarcero pálido oriental
hypothèse de la savane	Hipótesis de la sabana
hypothèse du continu	Hipótesis del continuo
hypérodon austral	Zifio calderón austral, ballena de pico austral
hyène brune	Hiena parda
hyène rayée	Hiena rayada
hyène tachetée	Hiena manchada, hiena moteada
hélas non	Ni loca o ni loco
hélianthème des apennins	Rosa de las rocas blanca
hélianthème tacheté	Hierba turmera
héliotrope d'europe	Verrucaria
hémidactyle verruqueux	Salamanquesa rosada
hémisphère nord	Hemisferio norte
hémorragie cérébrale	Hemorragia intracraneal
hépatite a	Hepatitis A
hépatite b	Hepatitis B
hépatite c	Hepatitis C
hépatite f	Hepatitis F
hépatite g	Hepatitis G
hérisson commun	Erizo común
hérisson d'algérie	Erizo moruno
hérisson de mer	Erizo de mar
héritier apparent	Heredero natural
héritier présomptif	Heredero presunto
héron agami	Garza agami
héron bihoreau	Martinete
héron cendré	Garza real europea, garza real
héron cocoi	Garza cuca, garza mora
héron coiffé	Garza capirotada, garza pileada, garcilla peinada
héron crabier	Garcilla cangrejera
héron de humblot	Garza malgache
héron des galapagos	Garza enana de las Galápagos, garza plomiza, garcilla de Lava
héron flûte-du-soleil	Garza chiflona, garza silbadora, garza amarilla
héron goliath	Garza goliat
héron impérial	Garza de vientre blanco
héron intermédiaire	Garza intermedia, garza mediana
héron mélanocéphale	Garza de cabeza negra
héron pie	Garceta pía
héron pourpré	Garza imperial
héron strié	Garcita estriada
héron typhon	Garza de Sumatra
héron vert	Garcita verdosa, garcita verde
héron à tête blanche	Garza de cuello blanco
hétéronette à tête noire	Pato rinconero
hévéa du brésil	Árbol del caucho
hêtre austral	Haya del sur
hêtre d'orient	Haya oriental, haya del Asia Menor
hôpital militaire	Hospital militar
hôpital psychiatrique	Manicomio
hôtel de rapport	Edificio de alquiler, inmueble de alquiler, inmueble de inversión
hôtel de ville	Ayuntamiento, hotel de ciudad
hôtel des monnaies	Ceca, casa de moneda
hôtesse de l'air	Azafata, aeromoza
i barré	I herida, i tachada
i grec	I griega o ye
ia générative	IA generativa
ibis caronculé	Ibis carunculado
ibis chauve	Ibis eremita
ibis falcinelle	Morito común
ibis malgache	Ibis sagrado de Madagascar, ibis malgache
ibis nippon	Ibis nipón
ibis sacré	Ibis sagrado
ictus amnésique	Amnesia global transitoria
identité culturelle	Identidad cultural
identité de genre	Identidad de género
identité numérique	Identita digitale, identidad numérica
identité politique	Identidad política
identité remarquable	Producto notable
identité sexuelle	Identidad sexual
idiot du village	Tonto del pueblo
idiot utile	Idiota útil
idéalisme wilsonien	Wilsonianismo
idée fixe	Piñón fijo, idea fija, manía
idéologie du genre	Ideología de género
if aux prunes	Lleuque, uva de la cordillera, maniu
if commun	Tejo común
il est grand temps	Es tiempo, es hora, es gran tiempo
il est temps	Es hora
il faut battre le fer pendant qu'il est chaud	Cuando el hierro está encendido, entonces ha de ser batido
il n'en reste pas moins que	No impide que
il n'est pas question	No cabe la posibilidad de
il n'est pire sourd que celui qui ne veut pas entendre	No hay peor ciego que el que no quiere ver
il n'y a pas de fumée sans feu	No hay humo sin fuego, cuando el río suena, agua lleva
il n'y a pas de quoi	No hay nada de qué, no hay de qué
il n'y en aura pas de facile	(Quebec) La vida es difícil y es una lucha constant
il ne faut pas vendre la peau de l'ours avant de l'avoir tué	No vender la piel del oso antes de cazarlo
il ne manquait plus que ça	Lo que faltaba
il va sans dire	No hace falta decirlo, no hay ni que decirlo, no hace falta decir que
il vaut mieux	Más vale, es mejor
il vaut mieux être marteau qu'enclume	Más vale ser martillo que yunque
il y a	Hay; Hace
il y a loin de la coupe aux lèvres	Del dicho al hecho hay un gran trecho
il y a un temps pour tout	Todo tiene su tiempo
il y avait une fois	Había una vez, érase una vez
il était une fois	Érase una vez, había una vez
illico presto	Inmediatamente
illustration botanique	Ilustración botánica
ils vécurent heureux et eurent beaucoup d'enfants	Fueron felices y comieron perdices
image mentale	Imagen mental
immaculée conception	Inmaculada Concepción
immigration clandestine	Inmigración irregular
immigration illégale	Inmigración irregular
immigration irrégulière	Inmigración irregular
immortelle commune	Perpetua silvestre, jabatera
immortelle des sables	Guirnalda
immortelle fermée	Inmortal menor
immunité acquise	Inmunidad adquirida
immunité innée	Inmunidad innata
implant dentaire	Implante dental
impossible n'est pas français	Para un francés todo es posible. (Literalm; Nada es imposible
imprimante couleur	Impresora a color
imprimante laser	Impresora láser
improvisation libre	Improvisación libre
impérialisme linguistique	Imperialismo lingüístico
impôt du sang	Impuesto de sangre
in extenso	In extenso
in extremis	In extremis
in situ	In situ
in solidum	In solidum
incaspize à queue barrée	Platero
inconscient collectif	Inconsciente colectivo
indemnité de licenciement	Finiquito
indication géographique protégée	Indicación geográfica protegida
indice de masse corporelle	Índice de masa corporal, IMC, índice de Quetelet
indice de vieillissement	Índice de envejecimiento
individualisme méthodologique	Individualismo metodológico
induire en erreur	Induir a error
industrie agroalimentaire	Agroindustria
industrie minière	Minería
industrie pétrolière	Industria petrolera
infection urinaire	Infección urinaria, infección de vías urinarias
infinitif complet	Infinitivo completo
inflation cosmique	Inflación cósmica
information fallacieuse	Noticias falsas, información falsa
informatique en nuage	Computación en la nube
ingénierie politique	Ingeniería política
ingénierie sociale	Ingeniería social
ingénieur du son	Ingeniero de sonido
ingénieure du son	Ingeniera de sonido
ingénieuse du son	Ingeniera de sonido
inhibiteur calcique	Antagonista del calcio, bloqueadore de los canales de calcio
inie de geoffroy	Delfín rosado, boto, delfín del Amazonas
injection de dépendances	Inyección de dependencias
injection intraveineuse	Inyección intravenosa
innovation radicale	Innovación radical
insecte aquatique	Insecto acuático
insecte social	Insecto social
inspecteur du travail	Inspector de trabajo
inspection du travail	Inspección del trabajo, inspección laboral
inspectrice du travail	Inspectora de trabajo
institut de beauté	Instituto de belleza
instrument de mesure	Instrumento de medición, medidor
instrument de musique	Instrumento musical
instrument de navigation	Instrumento de navegación
instrument transpositeur	Instrumento transpositor
instrument à cordes	Instrumento de cuerda
insémination artificielle	Inseminación artificial
inséparable d'abyssinie	Inseparable abisinio, inseparable de frente roja
inséparable de fischer	Inseparable de Fischer
inséparable de lilian	Inseparable del Nyasa
inséparable masqué	Inseparable cabecinegro
inséparable rosegorge	Inseparable de Namibia
inséparable à collier noir	Inseparable acollarado
inséparable à joues noires	Inseparable cachetón
inséparable à tête grise	Inseparable malgache, inseparable de cabeza gris
inséparable à tête rouge	Inseparable carirrojo
intelligence artificielle	Inteligencia artificial
intelligence artificielle générative	Inteligencia artificial generativa
intelligence collective	Inteligencia colectiva
intelligence émotionnelle	Inteligencia emocional
intensité de courant électrique	Intensidad
intensité lumineuse	Intensidad luminosa
intensité énergétique	Intensidad radiante, intensidad energética
interaction biologique	Interacción biológica
interaction sociale	Interacción social, convivencia social
international standard serial number	ISSN
interpolation numérique	Interpolación
interruption volontaire de grossesse	Interrupción voluntaria del embarazo
intervalle de confiance	Intervalo de confianza
intervalle de tolérance	Intervalo de tolerancia
intervalle fermé	Intervalos cerrados, intervalo cerrado
intervalle musical	Intervalo musical
intervalle ouvert	Intervalo abierto
intestin grêle	Intestino delgado
intolérance héréditaire au fructose	Intolerancia hereditaria a la fructosa, fructosemia
intrication quantique	Entrelazamiento cuántico
intégrale de riemann	Integral de Riemann
intégration sensorielle	Integración sensorial
intégrité territoriale	Integridad territorial
intérêt général	Interés general, interés público
intérêt légitime	Interés legítimo
inule des montagnes	Arnica pulguera
inule visqueuse	Olivarda
inégalité des chances	Desigualdad de oportunidades
iodure d'hydrogène	Yoduro de hidrógeno
ion bromure	Bromuro
ion hydronium	Ion hidronio, ion oxonio
ipomée pied-de-chèvre	Churristate de playa
iris fétide	Lirio hediondo
irish wolfhound	Lobero irlandés, cazador de lobos irlandés
islamophobie genrée	Islamofobia de género
isomère de chaîne	Isómero de cadena
isomère de position	Isómero de posición
isotope radioactif	Isótopo radioactivo
isotope stable	Isótopo estable
ivraie enivrante	Cizaña, espantapájaros
j'en parlerai à mon cheval	Se lo contaré a mi abuela
jabiru d'afrique	Jabirú africano
jabiru d'amérique	Jabirú, jabirú americano, tuyuyú
jabiru d'asie	Jabirú asiático
jacamar à bec jaune	Jacamará piquigualdo
jacinthe d'eau	Jacinto de agua, flor de bora, camalote
jacinthe des bois	Jacinto de los bosques
jacques a dit	Simón dice
jamais deux sans trois	No hay dos sin tres
jambosier rouge	Manzana de agua, pomarrosa
jardin anglais	Jardín inglés
jardin arrière	Jardín trasero
jardin botanique	Jardín botánico
jardin d'enfants	Jardín infantil
jardin d'éden	Jardín de Edén
jardin de pluie	Jardín infiltrante
jardin des hespérides	Jardín de las Hespérides
jardin potager	Huerto
jardin public	Parque público
jardin vertical	Jardín vertical
jardin zoologique	Jardín zoológico
jaseur boréal	Ampelis europeo
jasmin d'espagne	Jazmín del país
jasmin de nuit	Dama de noche, galán de noche
jasmin du chili	Jazmín chileno
jaune d'œuf	Yema
jaune indien	Amarillo indio
jaune moutarde	Amarillo mostaza, color mostaza
je m'appelle	Yo me llamo…; mi nombre es…
je ne sais pas	No sé; no lo sé
je ne sais qu'une chose c'est que je ne sais rien	Solo sé que no sé nada
je ne sais quoi	Algo; No sé qué, objeto o cualidad difícil de de
je t'aime	Te amo; Te quiero
je t'en foutrais	Me vale un comino
je vous en prie	De nada
jet d'eau	Surtidor, chorro
jet ski	Moto de agua
jeter de l'huile sur le feu	Echar leña al fuego
jeter de la poudre aux yeux	Dar el camelo, hacer el verso
jeter l'ancre	Echar anclas
jeter l'éponge	Tirar la toalla
jeter la pierre	Tirar la primera piedra, arrojar la primera piedra
jeter le bébé avec l'eau du bain	Tirar al niño con el agua de bañarlo
jeter le grappin sur	Echar el guante, echar la garra
jeter un coup d'œil	Echar un vistazo
jeter un œil	Echar un ojo, echar un vistazo, ojear
jeu d'enfant	Pan comido
jeu d'instructions	Conjunto de instrucciones
jeu d'échecs	Ajedrez, juego de ajedrez
jeu de cartes	Baraja, naipe
jeu de dames	Damas
jeu de grattage	Juego de raspa y gana, tarjeta de raspa y gana, billete de raspa y gana
jeu de guerre	Simulacro de guerra, juego de guerra
jeu de hasard	Juego de azar
jeu de l'oie	Oca
jeu de la biscotte	Juego de la galleta
jeu de massacre	Tirar latas
jeu de mots	Juego de palabras
jeu de rôle	Juego de rol
jeu de rôle grandeur nature	Rol en vivo
jeu de rôles grandeur nature	Rol en vivo
jeu de société	Juego de tablero, juego de mesa
jeu de tir subjectif	Juego de acción en primera persona
jeu de verrou	Cerrojo
jeu des kyrielles	Palabras encadenadas
jeu du foulard	Juego del fular, juego del foulard
jeu du moulin	Juego del molino, molino
jeu royal d'ur	Juego real de Ur
jeu vidéo	Juego de vídeo o videojuego
jeu à boire	Juego de beber, juego de la bebida
jeu à gratter	Juego de raspa y gana, tarjeta de raspa y gana, billete de raspa y gana
jeu éducatif	Juego educativo
jeu électronique	Juego electrónico
jeudi gras	Jueves gordo, jueves lardero
jeudi saint	Jueves Santo
jeune marié	Novio
jeune mariée	Novia
jeux floraux	Floralias
jeux olympiques	Juegos olímpicos, olimpíada
jeux olympiques modernes	Juegos Olímpicos modernos
jeux paralympiques	Juegos Paralímpicos
jeûne intermittent	Ayuno intermitente
jindo coréen	Perro de Chindo
joie de vivre	Alegría de vivir
joindre le geste à la parole	Pasar de las palabras a los hechos
joindre les deux bouts	Llegar a final de mes, salir las cuentas
joint de culasse	Junta de culata
joint torique	Junta tórica
joko garbi	Joko garbi
joubarbe des montagnes	Siempreviva
joubarbe à toile d'araignée	Siempreviva de telarañas
jouer avec le feu	Jugar con fuego
jouer cartes sur table	Poner las cartas sobre la mesa, hablar a calzón quitado
jouer la prudence	Ir sobre seguro, jugar sobre seguro
jouer un rôle	Tener un papel, jugar un papel, cumplir un papel
jouer à cache-cache	Jugar a las escondidas
joueur d'échecs	Ajedrecista
joueur de basketball	Basquetbolista
joueur de rugby	Rugbista
joug et flèches	Yugo y flechas
jour de l'an	Año Nuevo
jour de l'indépendance	Día de la Independencia
jour de la marmotte	Día de la marmota
jour du seigneur	Día del Señor
jour férié	Día feriado, día festivo
jour j	Día D
jour julien	Fecha juliana
jour ouvrable	Día natural
jour ouvré	Día hábil, día laborable
journal de bord	Cuaderno de bitácora, bitácora
journal télévisé	Noticiario
journaliste citoyen	Periodista ciudadano
journaliste reporteur d'images	Periodista reportero de imágenes
journée du steak et de la pipe	Día del solomillo y de la mamada
joyaux de la couronne	Joyas de la corona
joyeuses fêtes	¡Felices Fiestas!, ¡Felices Navidades!
joyeux anniversaire	Feliz cumpleaños
joyeux nouvel an	Feliz año nuevo, próspero año nuevo
joyeux noël	¡Feliz Navidad!
joyeux noël et bonne année	Feliz Navidad
juge de ligne	Juez de línea, jueza de línea
juif errant	Judío errante
jujubier commun	Azufaifo, azofeifa
julienne de mahon	Mahonesa
jumeau numérique	Gemelo digital
junco ardoisé	Junco ojioscuro
jupiter chaud	Júpiter caliente, pegasidio, planeta pegasiano
jus de chaussette	Aguachirle, agua sucia, café aguado
jus de fruits	Zumo
jus de pomme	Zumo de manzana, jugo de manzana
jusqu'au bout	Hasta el final
jusqu'à ce que	Hasta cuando o hasta que
jusqu'à ce que mort s'ensuive	Hasta morir, hasta la muerte
jusqu'à la moelle	Hasta el caracú, hasta los caracuses
jusqu'à nouvel ordre	Hasta próximo aviso
jusquiame blanche	Beleño blanco
jusquiame noire	Beleño negro, hierba loca
jussie rampante	Enramada de las tarariras, onagraria
juste milieu	Justo medio
justice sociale	Justicia social
ketchup de bananes	Kétchup de plátano
kilogramme par mètre cube	Kilogramo por metro cúbico
kilomètre carré	Kilómetro cuadrado
kilomètre par heure	Kilómetro por hora
kiosque à journaux	Quiosco
kir royal	Kir Royal
kit de soins	Botiquín
kitti à nez de porc	Murciélago nariz de cerdo de Kitti, murciélago moscardón
kiwi austral	Kiwi común, kiwi sureño
kiwi d'okarito	Kiwi de Okarito, kiwi pardo de Okarito
kiwi d'owen	Kiwi moteado menor
kiwi de mantell	Kiwi marrón de la isla Norte
kiwi jaune	Kiwi amarillo, kiwi dorado
kiwi roa	Kiwi moteado mayor
kiwi vert	Kiwi verde
knautie des champs	Viuda silvestre
krav maga	Krav magá
kumi odori	Kumiodori
l'amour est aveugle	El amor es ciego, afición ciega razón
l'appétit vient en mangeant	Comiendo viene el apetito
l'argent n'a pas d'odeur	El dinero no tiene olor, el dinero no huele
l'argent ne fait pas le bonheur	El dinero no da la felicidad
l'art urbain	Arte callejero
l'avenir appartient à ceux qui se lèvent tôt	A quien madruga, Dios le ayuda
l'avoir échappé belle	Salvarse por los pelos
l'enfer est pavé de bonnes intentions	El infierno está lleno de buenas intenciones
l'erreur est humaine	Errar es humano
l'exactitude est la politesse des rois	La puntualidad es la cortesía de los reyes.
l'habit ne fait pas le moine	El hábito no hace al monje
l'herbe est plus verte ailleurs	La hierba parece más verde al otro lado de la valla, la gallina de mi vecina más huevos pone que la mía, la gallina de mi vecina siempre es más gorda que la mía
l'herbe est toujours plus verte ailleurs	La hierba siempre crece más verde al otro lado de la valla, siempre es más verde la hierba del vecino
l'homme est un loup pour l'homme	El hombre es un lobo para el hombre
l'homme propose et dieu dispose	El hombre propone y Dios dispone
l'occasion fait le larron	La ocasion hace el ladron
l'oisiveté est la mère de tous les vices	La ociasidad es madre de todo los vicios
l'un ou l'autre	Tal o cual, uno u otro, así o asá o esto o
l'union fait la force	La unión hace la fuerza
l'échapper belle	Salvarse por los pelos
l'éléphant dans la pièce	Elefante en la habitación
l'œil du maître engraisse le cheval	El ojo del amo engorda el caballo
la balle est dans le camp de quelqu'un	La pelota está en el campo de alguien, la pelota está en el tejado de alguien
la bourse ou la vie	La bolsa o la vida
la carotte et le bâton	El palo y la zanahoria
la carotte ou le bâton	El palo o la zanahoria
la chair est faible	La carne es débil
la curiosité est un vilain défaut	La curiosidad mató al gato, caja de botones para los preguntones
la ferme	Cállate el hocico, cierra el pico, calla
la fin justifie les moyens	El fin justifica los medios
la fortune sourit aux audacieux	A los osados, favorece la fortuna
la goutte d'eau qui fait déborder le vase	La gota que colma el vaso
la leur	La suya
la mienne	La mía
la montagne a accouché d'une souris	La montaña parió un ratón
la nuit des temps	El principio de los tiempos
la nuit porte conseil	Consultar con la almohada
la nécessité est mère de l'invention	La necesidad aguza el ingenio
la nôtre	La nuestra
la parole est d'argent et le silence est d'or	La palabra es plata, el silencio es oro
la plume est plus forte que l'épée	La pluma es más poderosa que la espada
la plupart du temps	La mayoría de las veces
la pomme ne tombe jamais loin de l'arbre	De tal palo tal astilla
la raison du plus fort est toujours la meilleure	Allá van leyes donde quieren reyes
la sienne	La suya
la tienne	La tuya
la tête basse	Cabizbajo
la tête en bas	Cabeza abajo
la tête la première	De cabeza
la vengeance est un plat qui se mange froid	La venganza es un plato que se sirve frío
la vôtre	La vuestra
labbe antarctique	Págalo subantártico
labbe brun	Págalo pardo antártico, salteador pardo antártico, skúa parda antártica
labbe de mccormick	Escúa polar, págalo antártico, págalo polar
labbe du chili	Salteador chileno
labbe à longue queue	Págalo rabero
lac artificiel	Estanque
lac de saumure	Lago de salmuera
lac marin	Lago marino
lacs à chapelet	Lagos de rosario
lactaire délicieux	Mízcalo, níscalo, robellon
lactaire poivré	Lactario picante
lactaire velouté	Lactario aterciopelado
lactaire à lait abondant	Lactario anaranjado
lactaire à toison	Falso níscalo
lagopède alpin	Lagópodo alpino, perdiz nival
lagopède d'écosse	Lagópodo escocés
lagopède des saules	Lagópodo común, lagópodo escandinavo
lagopède à queue blanche	Lagópodo coliblanco
laid comme le péché	Mas feo que un pecado
laid comme les sept péchés capitaux	Mas feo que un pecado
laid comme un pou	Mas feo que un pecado
laid comme un péché mortel	Mas feo que un pecado
laine d'acier	Lana de acero, estropajo
laisser de marbre	Dejar indiferente
laisser des plumes	Quedarse en cueros, perder las orejas, jugarse hasta la camisa
laisser faire	Dejarlo
laisser tomber	Dejarlo
laisser à désirer	Dejar que desear
laissez faire	Laissez faire
lait battu	Suero de mantequilla
lait de chaux	Lechada de cal
lait de coco	Leche de coco
lait de magnésie	Leche de magnesia
lait de soja	Leche de soja
lait en poudre	Leche en polvo
lait pasteurisé	Leche pasteurizada
lait écrémé	Leche desnatada, leche descremada
lait évaporé	Leche evaporada
laiteron maraîcher	Cerrajón, canayuyo
laiteron épineux	Cerraja
laitue de mer	Lechuga de mar, luche verde, luche
laitue romaine	Lechuga romana
lakeland terrier	Lakeland terrier
lamantin d'afrique	Manatí africano
lamantin d'amazonie	Manatí amazónico
lame de fond	Mar de fondo
lame de rasoir	Cuchilla
lamier blanc	Ortiga blanca, ortiga muerta
lamier jaune	Ortiga muerta amarilla, arcángel amarillo
lamier pourpre	Lamio púrpura, ortiga roja, ortiga muerta purpúrea
lampe de bureau	Flexo
lampe de chevet	Lámpara de mesita de noche
lampe de poche	Linterna
lampe de wood	Lámpara de Wood
lampe fluorescente	Tubo fluorescente
lampe à diode électroluminescente	Lámpara led
lampe à fente	Lámpara de hendidura
lampe à huile	Candil, lámpara de aceite
lampe à pétrole	Lámpara de petróleo
lampe à vapeur de mercure	Lámpara de vapor de mercurio
lampourde épineuse	Arrancamoños, agarramoños
lampris royal	Opah
lamproie de rivière	Lamprea de río
lamproie marine	Lamprea marina
lancer de nain	Lanzamiento de enanos
lancer du disque	Lanzamiento de disco
lancer du javelot	Lanzamiento de jabalina
lancer du marteau	Lanzamiento de martillo
lancer du poids	Lanzamiento de peso, lanzamiento de bala
lanceur d'alerte	Alertador, lanzador de alerta, revelador de secretos
langage de programmation	Lenguaje de programación
langage mixtèque	Mixteco
langage orienté objet	Lenguaje orientado a objetos
langage source	Lenguaje fuente
langue agglutinante	Lengua aglutinante
langue arawakienne	Lengua arahuaca
langue celtique	Lengua celta, lengua céltica
langue d'oc	Lengua de oc
langue d'oïl	Lengua de oíl
langue de bœuf	Lengua, lengua de res, lengua de buey
langue des signes	Lengua de señas, lengua de signos
langue des signes américaine	Lengua de signos americana
langue des signes française	Lengua de señas francesa
langue maternelle	Lengua materna, lengua nativa, lengua natal
langue morte	Lengua muerta
langue muskogéenne	Lengua muskogueana
langue officielle	Lengua oficial
langue romane	Romance
langue sifflée	Lenguaje silbado
langue vernaculaire	Lengua vernácula
langue véhiculaire	Lengua vehicular
langues algonquiennes	Lenguas algonquinas
langues amami	Lenguas amamis
langues coréaniques	Lenguas coreánicas
langues heiban	Lenguas heibán
langues hmong-mien	Lenguas hmong-mien, lenguas miao-yao, lenguas miao yao
langues hmongiques	Lenguas hmong
langues japoniques	Lenguas japónicas
langues japoniques insulaires	Lenguas japónicas insulares
langues miyako	Lenguas miyako
langues okinawaïennes	Lenguas okinawenses
langues sahariennes	Lenguas saharianas
langues sahariennes occidentales	Lenguas saharianas occidental
langues talodi-heiban	Lenguas talodí-heibán
langues viétiques	Lenguas viéticas
langues yaeyama	Lenguas yaeyama
lapin bélier	Conejo belier
lapin de garenne	Conejo común
lapin de pâques	Conejo de Pascua
lapin des volcans	Zacatuche, teporingo
lapphund suédois	Pastor lapón de Suecia
large white	Large white, cerdo blanco inglés
larguer les amarres	Soltar las amarras
larmes de crocodile	Lágrimas de cocodrilo
lathrée clandestine	Hierba de sotierra
latin ecclésiastique	Latín eclesiástico
latin scolastique	Latín escolástico
latin vulgaire	Latín vulgar o latín popular
latte macchiato	Latte macchiato
laurier d'alexandrie	Laurel alejandrino
laurier des canaries	Laurel canario
laurier du portugal	Laurel portugués
laurier sauce	Laurel, laurel común
lavage de cerveau	Lavado de cerebro
lavande aspic	Alfazema, alhucema
lavande stéchade	Cantueso, tomillo borriquero
lavande vraie	Espliego
lavatère d'hyères	Malvavisco rizado
laîche des sables	Zarzaparrilla alemana
le cas échéant	Llegado el caso, si fuera el caso, dado el caso
le gland ne tombe jamais loin du chêne	Cuales fueron los padres, los hijos serán
le jeu en vaut la chandelle	El juego no vale la pena
le leur	El suyo
le mien	El mío
le mieux	Mejor
le mieux est l'ennemi du bien	Lo perfecto es enemigo de lo bueno
le monde est petit	El mundo es un pañuelo
le même	Lo mismo
le nôtre	El nuestro, lo nuestro
le petit oiseau va sortir	Mira el pajarito
le plus tôt sera le mieux	Cuanto antes mejor
le plus vieux métier du monde	El oficio más viejo del mundo, la profesión más antigua del mundo
le poisson pourrit par la tête	El pescado se pudre por la cabeza
le sien	El suyo
le sort en est jeté	La suerte está echada
le temps presse	El tiempo apremia
le tien	El tuyo
le tout pour le tout	Jugarse el todo por el todo, jugárselo todo a una sola carta, ir a por todas
le vôtre	El vuestro
lecteur de disquette	Disquetera
lecture labiale	Lectura de labios, lectura labial
lecture publique	Lectura pública
lemming des toundras de norvège	Lemming vulgar
lentille bâtarde	Yero
lentille d'eau	Lenteja de agua
lentille erviliaire	Yero
lentille verte	Lenteja verdina, lenteja verde
lentin du chêne	Hongo del árbol shii
lepénisation des esprits	Lepenización de los espíritus
les affaires sont les affaires	Los negocios son los negocios
les anglais débarquent	(coloquial) Alguien menstrua
les anglais ont débarqué	(coloquial) Alguien menstruó
les bons comptes font les bons amis	Cuentas claras amistades largas
les carottes sont cuites	Se acabó lo que se daba
les chiens ne font pas des chats	De tal palo, tal astilla
les cordonniers sont toujours les plus mal chaussés	En casa del herrero, cuchillo de palo
les deux	Ambos
les leurs	Los suyos, las suyas
les miennes	Las mías
les miens	Los míos
les murs ont des oreilles	Las paredes oyen
les nôtres	Los nuestros, las nuestras
les parques	Parca
les petits ruisseaux font les grandes rivières	Más vale poco que nada, un grano no hace granero, pero ayuda a su compañero, muchos pocos hacen un mucho
les siennes	Las suyas
les siens	Los suyos
les siècles des siècles	Los siglos de los siglos
les tiennes	Las tuyas
les tiens	Los tuyos
les voies de dieu sont impénétrables	Los caminos del Señor son inescrutables
les vôtres	Los vuestros, las vuestras
leste sauvage	Caballito del diablo esmeralda
lettre d'information	Boletín informativo, boletín de novas
lettre de change	Letra de cambio
lettre de marque	Patente de corso
lettre de motivation	Carta de empleo
lettre de voiture	Carta de porte
lettre ouverte	Carta abierta
leurs majestés	Sus Majestades
lever de soleil	Salidad del sol, amanecer
lever l'ancre	Levar anclas
lever le coude	Empinar el codo
levure de riz rouge	Arroz de levadura roja
lhassa apso	Lhasa apso
liaison covalente	Enlace covalente
liaison glycosidique	Enlace glucosídico
liaison hydrogène	Enlace de hidrógeno
liaison hétérosidique	Enlace heterosídico
liaison osidique	Enlace osídico
liaison peptidique	Enlace peptídico
libellule déprimée	Libélula de vientre plano
libellule globe-trotter	Libélula rayadora naranja
libellule mélancolique	Libélula viuda
libellule à quatre taches	Libélula de cuatro puntos
liberté d'association	Libertad de asociación
liberté d'expression	Libertad de expresión
liberté d'opinion	Libertad de pensamiento
liberté de culte	Libertad de culto
liberté de la presse	Libertad de prensa
liberté de pensée	Libertad de pensamiento
liberté de religion	Libertad de culto, libertad religiosa
liberté de réunion	Derecho de reunión
libre arbitre	Albedrío, libre albedrío
libre comme l'air	Libre como un pájaro
libre penseur	Librepensador
libre pensée	Librepensamiento
libération sexuelle	Liberación sexual
licenciement abusif	Despido improcedente, despido injustificado
licenciement collectif	Despido colectivo
licenciement pour motif économique	Despido por causas económicas, regulación de empleo
licenciement économique	Despido por causas económicas, regulación de empleo
liche amie	Palometon
lichen d'islande	Liquen de Islandia
lichen géographique	Liquen geográfico
licorne des mers	Narval
lierre terrestre	Hiedra terrestre
lieu de culte	Lugar de culto
lieu de travail	Lugar de trabajo, puesto de trabajo
lieu jaune	Abadejo, abadejo de Alaska
lieu noir	Carbonero, fogonero, bacalao
ligament alvéolo-dentaire	Ligamento periodontal
ligament vocal	Cuerda vocal
ligature des trompes	Salpingoclasia
light novel	Novela ligera
ligne aérienne	Aerolínea
ligne de chemin de fer	Línea ferroviaria
ligne de commande	Línea de comandos
ligne de flottaison	Línea de flotación
ligne de mensuration	Línea de medición
ligne de partage des eaux	Línea divisoria, parteaguas, divisoria
ligne directrice	Lineamiento
ligne droite	Línea recta
ligne fixe	Telefonía fija, línea fija
ligne téléphonique	Línea telefónica
ligne verte	Línea verde
ligne à haute tension	Línea de alta tensión, línea de alto voltaje
limande commune	Ollaira
limaçon de mer	Abrojín
limaçon de pascal	Caracol de Pascal
lime de tahiti	Lima
lime à ongles	Lima de uñas
limettier acide	Limero
limettier doux de palestine	Lima dulce de Palestina
limite conventionnelle d'élasticité	Límite convencional de elasticidad
limite d'explosivité	Límite de explosividad
limite de hayflick	Límite de Hayflick
limiteur de vitesse	Regulador-limitador de velocidad, mecanismo limitador de velocidad
limma pythagoricien	Límma pitagórico
limodore à feuilles avortées	Planta hambrienta
limoselle aquatique	Limosella aquatica
lin cultivé	Lino, linaza
lin de narbonne	Lino azul, lino de Narbona
lin sauvage	Lino bravo, lino pálido, lino bienal
linge de maison	Ropa de casa, linería, ropa blanca
linge de table	Mantelería
linge sale	Trapo sucio
lingue franche	Maruca
linguistique comparative	Lingüística comparativa
linguistique diachronique	Lingüística diacrónica
linguistique historique	Lingüística histórica
linotte mélodieuse	Pardillo común
linotte à bec jaune	Pardillo piquigualdo
linsang africain	Linsang africano
linurge loriot	Canario oropéndola
linéaire b	Lineal B
lion de némée	León de Nemea
lion des montagnes	León de montaña
lion du transvaal	León sudafricano
liqueur de café	Licor de café, licor café
liqueur de fehling	Licor de Fehling, reactivo de Fehling
liqueur de schweizer	Reactivo de Schweizer
liquide amniotique	Líquido amniótico
liquide cérébro-spinal	Líquido cefalorraquídeo
lire en quelqu'un comme dans un livre ouvert	Te leo como un libro abierto
lire entre les lignes	Leer entre líneas
liseron d'eau	Cancón
liseron de biscaye	Campanilla de pobres, campanilla montañesa
liseron des champs	Correhuela
liseron des dunes	Campanilla de las dunas
liseron des haies	Correhuela mayor
liseron laineux	Campanilla lanuda
liseré de burton	Ribete de Burton
liste de lecture	Lista de reproducción
liste noire	Lista negra
liste à puces	Lista con viñetas
lit d'appoint	Cama supletoria
lit de camp	Catre
lit de mort	Lecho de muerte
lit de procuste	Cama de Procusto
lit de roses	Lecho de rosas
lit gigogne	Cama nido
lit majeur	Llanura de inundación
lit mezzanine	Cama alta
lit pliant	Catre
lit à ossements	Cama de huesos
lits superposés	Litera
littorine obtuse	Bígaro chato
littérature grise	Literatura gris
littérature orale	Literatura oral, literatura de tradición oral
lividités cadavériques	Lividez cadavérica
livre audio	Audiolibro
livre blanc	Livro blanco
livre d'artiste	Libro-arte, libro de artista
livre d'or	Libro de visitas
livre de cuisine	Libro de cocina o recetario
livre numérique	Libro electrónico, libro digital, ciberlibro
livre sterling	Libra esterlina
lièvre antilope	Liebre antílope
lièvre arctique	Liebre ártica, liebre polar
lièvre corse	Liebre corsa
lièvre coréen	Liebre de Corea
lièvre d'amérique	Liebre americana
lièvre d'europe	Liebre europea
lièvre de californie	Liebre de California, liebre de cola negra
lièvre de castroviejo	Liebre de piornal, liebre de Castroviejo
lièvre de chine	Liebre china
lièvre de mandchourie	Liebre de Manchuria
lièvre de mer	Liebre de mar, huevo de pulpo
lièvre de patagonie	Mara, liebre patagónica, liebre criola
lièvre de starck	Liebre de las tierras altas de Etiopía
lièvre de tehuantepec	Liebre de Tehuantepec
lièvre de townsend	Liebre de cola blanca
lièvre des buissons	Liebre de los matorrales
lièvre des hauts-plateaux éthiopiens	Liebre de las tierras altas de Etiopía
lièvre des rochers	Liebre de los matorrales
lièvre des savanes	Liebre de sabana africana
lièvre du cap	Liebre de El Cabo
lièvre du japon	Liebre japonesa
lièvre ibérique	Liebre ibérica
lièvre indien	Liebre india
lièvre italique	Liebre corsa
lièvre laineux	Liebre lanuda
lièvre variable	Liebre de montaña
lièvre à collier noir	Liebre india
lièvre à flancs blancs	Liebre torda, liebre de flancos blancos
lièvre à raquettes	Liebre americana
lièvre éthiopien	Liebre de Etiopía
lobe frontal	Lóbulo frontal
locomotive à vapeur	Locomotora de vapor
locomotive électrique	Locomotora eléctrica
locus cœruleus	Locus cerúleo
locus de contrôle	Locus de control
locustelle fluviatile	Buscarla fluvial
locustelle luscinoïde	Buscarla unicolor
locustelle tachetée	Buscarla pintoja
locution adverbiale	Adverbio locutivo
locution figée	Frase hecha
logarithme naturel	Logaritmo natural
logarithme népérien	Logaritmo neperiano
logement social	Vivienda social
logique formelle	Lógica formal
logique mathématique	Lógica formal
loi de la jungle	Ley de la selva
loi de murphy	Ley de Murphy
loi de stefan-boltzmann	Ley de Stefan-Boltzmann
loi des gaz parfaits	Ley de los gases ideales
loi du plus fort	Ley del más fuerte
loi du silence	Ley del silencio
loi du talion	Ley del talión
loi martiale	Ley marcial
loi mosaïque	Ley mosaica
loin de là	Ni de lejos, ni por asomo, ni siquiera un poco
lointain parent	Tataradeudo
loir gris	Lirón gris
long métrage	Largometraje
longhorn du texas	Texas longhorn
longueur d'onde	Longitud de onda
longueur de planck	Longitud de Planck
longueur hors-tout	Eslora
loot box	Caja de recompensas, caja de botín, cofre de recompensas
lophophore de lhuys	Monal coliverde, lofóforo chino
lophophore de sclater	Monal coliblanco, lofóforo de Sclater
lophophore resplendissant	Monal colirrojo, lofóforo del Himalaya
lorem ipsum	Lorem ipsum
lori arlequin	Lori de las Sangihe
lori bridé	Lori bigotudo
lori cardinal	Lori cardenal
lori coquet	Lori flanquirrojo
lori de buru	Lori de Buru
lori de duyvenbode	Lori pardo
lori de josephine	Lori de Josefina
lori de kuhl	Lori de Rimatara
lori de margaret	Lori de Margarita
lori de meek	Lori de Meek
lori de musschenbroek	Lori montano grande
lori de stephen	Lori de Stephen
lori de wilhelmina	Lori pigmeo
lori des dames	Lori damisela
lori des fidji	Lori solitario
lori des palmiers	Lori palmero
lori flamméché	Lori chispeado
lori fringillaire	Lori de Samoa
lori féerique	Lori lindo
lori masqué	Lori de Seram
lori noir	Lori negro
lori noira	Lori gárrulo
lori nonnette	Lori monjita
lori papou	Lori rabilargo
lori réticulé	Lori de las Tanimbar
lori sombre	Lori sombrío
lori strié	Lori estriado
lori tricolore	Lori tricolor
lori ultramarin	Lori ultramar
lori à bandeau rouge	Lori almizclero
lori à collier jaune	Lori acollarado
lori à couronne pourpre	Lori coronipúrpura
lori à diadème	Lori diadema
lori à front rouge	Lori frentirrojo
lori à gorge rouge	Lori gorjirrojo
lori à joues bleues	Lori alinegro
lori à masque rouge	Lori carirrojo
lori à menton rouge	Lori barbirrojo
lori à nuque blanche	Lori nuquiblanco
lori à ventre violet	Lori ventrivinoso
lori écaillé	Lori escamoso
lori écarlate	Lori rojo
lori émeraude	Lori montano chico
loriot d'europe	Oropéndola europea
loriquet arc-en-ciel	Lori arcoiris
loriquet de biak	Lori de Biak
loriquet de forsten	Lori pechiescarlata
loriquet de goldie	Lori de Goldie
loriquet de johnstone	Lori de Mindanao
loriquet de ponapé	Lori de Ponapé
loriquet de weber	Lori de Flores
loriquet eutèle	Lori humilde
loriquet harnaché	Lori embridado
loriquet iris	Lori iris
loriquet jaune et vert	Lori verdigualdo
loriquet orné	Lori adornado
loriquet versicolore	Lori versicolor
loriquet vert	Lori escuamiverde
loriquet à col rouge	Lori cuellirrojo
loriquet à tête bleue	Lori de cocotero
lors de	Durante
lors même que	Aun cuando o aunque
lotier corniculé	Loto corniculado, zapaticos de la virgen
lotus jaune	Loto americano
lotus sacré	Loto sagrado, loto indio
lotus tigré	Loto tigre, loto egipcio blanco
loulou de poméranie	Pomerania
loup arctique	Lobo ártico
loup commun	Lobo gris
loup d'abyssinie	Lobo etíope, abisinio, chacal del Semién
loup d'éthiopie	Lobo etíope, abisinio, chacal del Semién
loup de l'atlantique	Pez lobo
loup de mer	Lobo de mar, lubina, róbalo
loup de sibérie	Lobo de tundra
loup de tasmanie	Tilacino
loup de vancouver	Lobo de Vancouver
loup marsupial	Tilacino
loup rouge	Lobo rojo
loup solitaire	Lobo solitario
loup à crinière	Aguará guazú, lobo de crin, zorro grande
loupe binoculaire	Estereomicroscopio
loutre d'europe	Nutria europea
loutre de mer	Nutria marina
loutre géante	Nutria gigante
loutre à longue queue	Lobito de río
louvite hiéroglyphique	Jeroglífico luvita
luminosité solaire	Luminosidad solar
lumière blanche	Luz blanca
lumière de wood	Luz de Wood
lumière visible	Luz visible
lumière zodiacale	Luz zodiacal
lundi de pâques	Lunes de Pascua
lundi saint	Lunes Santo
lune de miel	Luna de miel
lune gibbeuse	Gibosa
lune noire	Luna negra
lunetière lisse	Anteojos
lunettes de soleil	Gafas de sol
lunettes de sécurité	Gafas de protección
lunettes de vue	Gafas
lupin blanc	Altramuz
lupin bleu	Altramuz azul, altramuz silvestre
lupin changeant	Tarhui, chocho
lupus érythémateux	Lupus eritematoso
lusciniole à moustaches	Carricerín real
lutte biologique	Lucha biológica
lutte des classes	Lucha de clases
lutte gréco-romaine	Lucha grecorromana
lutte libre	Lucha libre
lutte sociale	Lucha social
luxe discret	Lujo silencioso
luzerne arborescente	Alfalfa arbórea
luzerne marine	Carretón de playa
luzerne orbiculaire	Mielga de discos
lycanthropie clinique	Licantropía clínica
lycose de narbonne	Tarántula europea
lynx boréal	Lince boreal
lynx de pologne	Lince de Polonia
lynx pardelle	Lince ibérico
lynx roux	Lince rojo
lyre crétoise	Lira de Creta
lysimaque commune	Lisimaquia
là où le bât blesse	El quid de la cuestión
lâcher la bride	Aflojar las riendas, dar rienda suelta
lâcher un vu	Clavar el visto
lâcher une caisse	Tirarse un pedo
lèvre inférieure	Labio inferior
lèvre supérieure	Labio superior
lécher les bottes	Lamerle las botas, lamerle las suelas, dar coba
légitime défense	Defensa propia, legítima defensa
légume sec	Legumbre
léopard de mer	Foca leopardo
lépiote crêtée	Lepiota maloliente
lépiote déguenillée	Apagador menor
léporinus à trois taches	Boga
lérotin commun	Lirón balcánico
lévrier afghan	Sabueso afgano
lévrier galgo	Galgo español
lévrier greyhound	Galgo inglés, lebrel inglés
lévrier hongrois	Lebrel húngaro
lévrier longdog	Longdog
lévrier persan	Perro real de Egipto
lévrier polonais	Lebrel polaco
lévrier whippet	Whippet
lézard de bonnal	Lagartija pirenaica
lézard de fabian	Lagartija de Fabián
lézard de horvath	Lagartija de Horvath
lézard des murailles	Lagartija roquera
lézard des pyrénées	Lagartija pirenaica
lézard des souches	Lagarto ágil
lézard ocellé	Lagarto ocelado
lézard vert	Lagarto verde
lézard vivipare	Lagartija vivípara, lagartija de turbera
ma foi	Doy fe
ma gueule	Tío
macagua rieur	Halcón reidor, halcón, guaicurú
macareux moine	Frailecillo
machine agricole	Máquina agrícola
machine à café	Cafetera, máquina de café
machine à coudre	Máquina de coser, cosedora
machine à laver	Lavadora, lavarropa, lavarropas
machine à sous	Tragaperras, tragamonedas
machine à vapeur	Máquina de vapor
machine à écrire	Máquina de escribir
machinisme agricole	Maquinaria agrícola
macreuse brune	Negrón especulado
macreuse noire	Negrón común
magasin de chaussures	Tienda de calzado
magasin de cire	Cerería
magasin de cycles	Tienda de bicicletas
magasin de vêtements	Tienda de ropa
magasin à prix unique	Almacén de precios únicos
magie noire	Mágica negra
magna carta	Carta Magna
magnitude apparente	Magnitud aparente
magnolia de soulange	Magnolia tulípera
magnolia yoroconte	Yaro, cucharo, canelón
magnéton de bohr	Magnetón de Bohr
maigre commun	Corvina, perca regia
maigre consolation	Magra consolación
maillon faible	Eslabón débil
maillot de bain	Traje de baño, bañador
maillot jaune	Maillot amarillo
main courante	Diario, bitácora, registro
main dans la main	De la mano, mano a mano, codo con codo
main de dieu	Mano de Dios
main de fatima	Mano de Fátima
main de fer	Puño de hierro
main droite	Derecha
main gauche	Siniestra
main invisible	Mano invisible
main invisible du marché	Mano invisible del mercado
main nue	Mano
main pleine	Full house, full
maine coon	Maine coon
maintenant ou jamais	Ahora o nunca
maintenant que	Ahora que
mais encore	¿Y qué más?
mais pas que	No solamente
mais que	(coloquial, obsoleto, Canadá) Cuando; (coloquial, obsoleto, Canadá) Al punto que, apenas, en cuanto o tan pron
maison close	Prostíbulo
maison d'édition	Casa editora, casa editorial, editora
maison de campagne	Casa de campo
maison de fous	Manicomio
maison de jeu	Casa de apuestas
maison de plaisirs	Casa de putas, casa de citas, quilombo
maison de retraite	Hogar de ancianos, residencia de ancianos, hogar de retiro
maison de tolérance	Casa de tolerancia
maison du peuple	Casa del pueblo
maison en bande	Chalé adosado
maison hantée	Casa embrujada
maison longue	Casa comunal, casa larga
maison passive	Casa pasiva
majorité absolue	Mayoría absoluta
majorité sexuelle	Edad del consentimiento sexual
makaire bleu	Aguja azul
making of	Making-of, genesis
mal aux cheveux	(anticuado) Resaca, caña, chaqui, chuchaqui, cruda, go
mal caduc	Epilepsia
mal comitial	Epilepsia
mal d'amour	Amartelo
mal de dent	Dolor de muela, dolor en un diente
mal de mer	Mareo
mal de tête	Dolor de cabeza, jaqueca
mal de ventre	Dolor de barriga, dolor de estómago
mal des montagnes	Mal de montaña, soroche, puna
mal du pays	Añoranza, melancolía, morriña o nostalgia
mal français	Gálico
mal tourner	Echarse a perder, desvirtuarse, descarriarse
mal à l'aise	Incómodo o poco a gusto; Incomodidad
mal à la tête	Cefalalgia
mal élevé	Maleducado, malcriado
maladie auto-immune	Enfermedad autoinmunitaria, enfermedad autoinmune
maladie cœliaque	Celiaquía, enfermedad celíaca
maladie d'addison	Enfermedad de Addison
maladie d'alexander	Enfermedad de Alexander
maladie d'alzheimer	Enfermedad de Alzheimer, EA, mal de Alzheimer
maladie d'aujeszky	Pseudorrabia, enfermedad de Aujeszky
maladie de carré	Moquillo
maladie de gélineau	Narcolepsia
maladie de huntington	Enfermedad de Huntington
maladie de minamata	Enfermedad de Minamata
maladie de parkinson	Enfermedad de Parkinson
maladie du charbon	Carbunco
maladie du cri du chat	Síndrome del maullido del gato, síndrome de 5p menos, síndrome de 5p-
maladie du foie gras	Esteatohepatitis no alcohólica
maladie du fromage	Efecto queso
maladie du pays	Añoranza, melancolía, morriña o nostalgia
maladie du soda	Esteatohepatitis no alcohólica
maladie gynécologique	Enfermedad ginecológica
maladie infectieuse	Enfermedad infecciosa
maladie mentale	Enfermedad mental
maladie neurodégénérative	Enfermedad neurodegenerativa
maladie opportuniste	Infección oportunista
maladie professionnelle	Enfermedad profesional
malaise vagal	Síncope vasovagal
male gaze	Mirada masculina
malformation congénitale	Malformación congénita
malgré tout	A pesar de todo
malin comme un singe	Astuto como un zorro
maltraitance animale	Maltrato animal, abuso animal, crueldad animal
mamba noir	Mamba negra
mamba vert de l'est	Mamba común, mamba verde oriental
mamba vert de l'ouest	Mamba verde de África occidental, mamba verde occidental
manakin auréole	Saltarín cabecinaranja
manakin casqué	Saltarín de yelmo, soldadito
manakin casse-noisette	Saltarín barbiblanco, saltarín maraquero, saltarín de barba blanca
manakin de bokermann	Saltarín de Araripe
manakin fastueux	Saltarín colilargo, saltarín de cola larga, saltarín toledo
manakin filifère	Saltarín uirapuru, saltarín cola de alambre, saltarín cola de hilo
manakin rubis	Saltarín rayado oriental
manakin tijé	Saltarín dorsiazul
manakin à ailes blanches	Saltarín alitorcido, saltarín relámpago
manakin à ailes d'or	Saltarín alidorado, saltarín moñudo
manakin à bandeau jaune	Saltarín crestiamarillo, saltarín collarejo, saltarín gargantiplateado
manakin à bandeau orange	Saltarín crestinaranja, saltarín de corona naranja
manakin à col blanc	Saltarín cuelliblanco, manaquín cuello blanco
manakin à col d'or	Saltarín cuellidorado, saltarín barbiamarillo
manakin à cuisses jaunes	Saltarín cabecirrojo norteño, manaquín cabeza roja
manakin à longue queue	Saltarín azul, bailarín azul
manakin à panache doré	Saltarín coronigualdo, saltarín corona de oro, saltarín-tirano de cresta azafrán
manakin à queue barrée	Saltarín naranja
manakin à tête blanche	Saltarín coroniblanco, saltarín cabeciblanco
manakin à tête bleue	Saltarín coroniazul, saltarín coronado, saltarín de corona azul
manakin à tête d'or	Saltarín cabecidorado, saltarín de cabeza dorada
manakin à tête rouge	Saltarín cabecirrojo sureño, saltarín de cabeza roja
manakin à ventre blanc	Saltarín ventriblanco
manche à balai	Barra
manchester terrier	Manchester terrier
manchot adélie	Pingüino adelia
manchot antipode	Pingüino ojigualdo, pingüino de ojo amarillo, pingüino de ojos amarillos
manchot de humboldt	Pingüino de Humboldt, pachanca, patranca
manchot de magellan	Pingüino de Magallanes, pingüino patagónico, pingüino magallánico
manchot des galapagos	Pingüino de las Galápagos, pingüino de los Galápagos, pájaro bobo de las Galápagos
manchot du cap	Pingüino de El Cabo
manchot empereur	Pingüino emperador
manchot papou	Pingüino papúa, pingüino juanito
manchot pygmée	Pingüino pequeño, pingüino azul
manchot royal	Pingüino rey
manchot à ailerons blancs	Pingüino azul patas rayadas de blanco
manchot à jugulaire	Pingüino barbijo
mandat d'amener	Orden de detención, orden de arresto, orden de comparecencia
mandat impératif	Mandato imperativo
mandragore officinale	Mandrágora común
manette de jeu	Mando
manger de baisers	Comer a besos
manger les pissenlits par la racine	Estirar la pata, criar malvas
manger à tous les râteliers	Servir a Dios y al diablo
mangeur de grenouille	(despectivo) Francés, gabacho (literalmente: comedor de
mangeuse d'homme	Seductora, embaucadora
manglier gris	Yana
mangouste d'égypte	Meloncillo
mangouste jaune	Mangosta de cola gruesa, mangosta amarilla
manipulation psychosociale	Ingeniería social
mano à mano	Mano a mano
manquer de	Carecer
mante religieuse	Santateresa
manteau neigeux	Manto, nieve
mantelé renversé	Cabrio invertido, mantelados en jefe
manu militari	Manu militari
manuel scolaire	Libro de texto
maquereau commun	Caballa
maquereau espagnol	Estornino
marabout argala	Marabú argala
marais salant	Salina
marasme des oréades	Senderuela
marc de café	Poso de café
marchand de sable	Arenero, Sandman
marchand de tabac	Estanque
marche militaire	Marcha militar
marche nuptiale	Marcha nupcial
marcher sur les pieds	Pisar la manguera
marcher à quatre pattes	Gatear
marché aux puces	Mercadillo
marché du travail	Mercado laboral
marché noir	Mercado negro
mardi gras	Martes de carnaval
mardi saint	Martes Santo
marge de manœuvre	Margen de maniobra, margen de acción
mari des prairies	Mari de las praderas
mariage arrangé	Matrimonio arreglado, matrimonio concertado
mariage blanc	Matrimonio rato, matrimonio de conveniencia
mariage mixte	Matrimonio mixto
mariage pour tous	Matrimonio igualitario
marin d'eau douce	Marino de agua dulce
marine militaire	Marina de guerra, armada
mark allemand	Marco alemán
marlin commun	Marlín del Mediterráneo
marmite de géant	Marmita de gigante
marmite de singe	Olla de mono, coco de mono, olleto
marmotte américaine	Marmota canadiense
marmotte des alpes	Marmota alpina
marmotte des steppes	Marmota bobac
marouette de baillon	Polluela chica
marouette ponctuée	Polluela pintoja
marouette poussin	Polluela bastarda
marque blanche	Marca blanca
marque commerciale	Marca de comercio
marrube blanc	Marrubio, toronjil cuyano
marrube commun	Marrubio, toronjil cuyano
mars frit	Mars frito
marsouin aptère	Marsopa lisa, marsopa sin aleta, marsopa negra
marsouin commun	Marsopa común, marsopa de puerto
marsouin de burmeister	Marsopa negra, marsopa espinosa
marsouin de dall	Marsopa de Dall
marsouin du golfe de californie	Vaquita marina, cochito
marsouin à lunettes	Marsopa de anteojos
marteau d'armes	Martillo de guerra
martin-pêcheur d'amérique	Martín gigante norteamericano
martin-pêcheur d'europe	Martín pescador común, alción
martinet des maisons	Vencejo moro
martinet noir	Vencejo común
martinet pâle	Vencejo pálido
martinet à ventre blanc	Vencejo real
martre des pins	Marta
marxisme culturel	Marxismo cultural
marxisme-léninisme-maoïsme pensée gonzalo	Marxismo-leninismo-maoísmo-Pensamiento Gonzalo, Pensamiento Gonzalo
marxisme-léninisme-maoïsme pensée gonzalo principalement pensée gonzalo	Marxismo-leninismo-maoísmo pensamiento Gonzalo principalmente pensamiento Gonzalo
marécage alimentaire	Pantano de alimentos
marée basse	Bajamar, marea baja
marée haute	Marea alta, pleamar
marée noire	Marea negra
marée rouge	Marea roja
masculinité toxique	Masculinidad tóxica
masque de zorro	Mascara del Zorro
masque photographique	Máscara fotográfica
masque à gaz	Máscara antigás
masse atomique	Masa atómica
masse au repos	Masa en reposo
masse bilantaire	Masa patrimonial
masse critique	Masa crítica
masse d'armes	Maza de armas, maza
masse molaire	Masa molar
masse moléculaire	Masa molecular
masse ponctuelle	Masa puntual
masse propre	Masa en reposo
masse volumique	Densidad
mastic à greffer	Masilla para injertos
masturbation intellectuelle	Paja mental
mat du couloir	Mate del tubo, mate del pasillo
match nul	Empate
matelas gonflable	Colchón de aire, colchón hinchable, colchón neumático
matelas pneumatique	Colchón de aire, colchón hinchable, colchón neumático
mathématiques pures	Matemáticas puras
matière en suspension	Sólido en suspensión, sólido suspendido
matière fécale	Materia fecal
matière grasse	Grasa
matière noire	Materia oscura
matière organique	Materia orgánica
matière plastique	Plástico
matière première	Materia prima
matière scolaire	Asignatura
matière sombre	Materia oscura
matière sèche	Materia seca, extracto seco
matière étrange	Materia extraña
matrice carrée	Matriz cuadrada
matrice d'adjacence	Matriz de adyacencia
matrice de billes	Matriz de rejilla de bolas
matrice diagonale	Matriz diagonal
matrice extracellulaire	Matriz extracelular
matrice hessienne	Matriz hessiana
matrice identité	Matriz identidad
matrice orthonormée	Matriz ortonormal
matrice transposée	Matriz traspuesta
matériau composite	Compósito
matériau de construction	Material de construcción
matériel informatique	Hardware
mau égyptien	Mau egipcio
maubèche des champs	Correlimos batitú
mauvais fait	Defectuoso
mauvais fou	Alfil malo
mauvais payeur	Moroso
mauvais perdant	Mal perdedor
mauvais poil	Mala leche
mauvais temps	Mal tiempo
mauvais œil	Mal de ojo
mauvaise foi	Mala fe
mauvaise herbe	Mala hierba, maleza
mauvaise humeur	Mal humor
mauvaise passe	Bache
mauve blanche	Acalia
mauve sylvestre	Malva común
maxillaire supérieur	Maxilar superior
maximes de grice	Máximas de Grice
maya yucatèque	Maya yucateco
mazatèque de san bartolomé ayautla	Mazateco de San Bartolomé Ayautla
mazel tov	Mazel tov
maître d'armes	Maestro de esgrima
maître d'hôtel	Maestresala
maître d'oeuvre	Contratista
maître d'œuvre	Capataz, supervisor, contratista
maître de chapelle	Maestro de capilla
maître de conférences	Profesor de universidad
maître de maison	Señor de la casa, anfitrión
maître des travaux	Contratista
maîtresse de maison	Ama de casa
maîtresse poutre	Viga maestra
maîtrise d'œuvre	Maestro mayor de obras
maîtrise de soi	Autocontrol
maïs corné	Maíz amarillo, maíz morocho
maïs denté	Maíz diente de cabllo
maïs doux	Maíz dulce, choclo
maïs perlé	Maiz chapalote, maiz palomero, maiz reventon
maïs tendre	Maíz amiláceo
maïs éclaté	(Canadá) Cabritas, cancha, canchita, canguil, cocal
mea culpa	Mea culpa
meilleurs vœux	Muchas felicidades
melon d'eau	Aguamelón, melón de agua, paitilla, patill
membrane cellulaire	Membrana celular
membrane cytoplasmique	Membrana plasmática, membrana celular, membrana endoplasmática
membre d'honneur	Miembro de honor
membre de l'équipage	Tripulante
membre inférieur	Miembro inferior
membre supérieur	Miembro superior
memento mori	Recuerda que vas a morir
menace hybride	Amenaza hibrida
mener par le bout du nez	Tener a alguien agarrado por las narices, llevar por el narigón
mener à bien	Llevar a cabo, conseguir, lograr
mener à la baguette	Mangonear
mensonge blanc	Mentira blanca, mentira piadosa, mentirijilla
mensonge officieux	Mentirilla, mentirijilla, mentira oficiosa
menthe poivrée	Piperita
menthe sylvestre	Menta de caballo
menthe verte	Hierba buena, hierba santa, yerbabuena
mentir comme un arracheur de dents	Mentir como un bellaco
mer baltique	Mar Báltico
mer d'huile	Mar en calma, mar tranquilo
mer du nord	Mar del Norte
mer méditerranée	Mar Mediterráneo
mer noire	Mar Negro
mer rouge	Mar Rojo
merci beaucoup	Muchas gracias
merci pour ton aide	(coloquial) Gracias por tu ayuda
mercredi des cendres	Miércoles de Ceniza
mercredi saint	Miércoles Santo
mercuriale annuelle	Mercurial
merde caca	Caca
merganette des torrents	Pato cortacorrientes
mergule nain	Mérgulo atlántico
merlan bleu	Bacaladilla
merle abyssinien	Zorzal abisinio
merle africain	Zorzal africano
merle ardoisé	Zorzal plomizo, zorzal plomizo andino
merle austral	Zorzal patagónico, zorzal patagón
merle aux yeux blancs	Zorzal jamaicano
merle bleu	Roquero solitario
merle cacao	Tordo acanelado, mirla cacao, paraulata acanelada
merle cendré	Zorzal ceniciento
merle chiguanco	Zorzal chiguanco, mirlo chiguanco
merle cul-blanc	Zorzal ventripálido
merle d'amérique	Petirrojo americano, mirlo americano, robín americano
merle d'équateur	Mirlo ecuatoriano, zorzal ecuatoriano
merle de fea	Zorzal de Fea
merle de hauxwell	Zorzal de Hauxwell
merle de kessler	Zorzal de Kessler
merle de la selle	Zorzal de La Española
merle de lawrence	Zorzal imitador
merle de montagne	Zorzal serrano
merle de reeve	Zorzal dorsiplomizo
merle de roche	Roquero rojo
merle de sao tomé	Zorzal de Santo Tomé
merle de somalie	Zorzal somalí
merle des comores	Zorzal de las Comores
merle des îles	Zorzal insular
merle du japon	Zorzal japonés
merle du maranon	Zorzal del Marañón
merle du yémen	Zorzal yemení
merle enfumé	Tordo negro, zorzal montañés, mirlo negro
merle fauve	Zorzal pardo, yigüirro, mirlo pardo
merle fuligineux	Mirlo negruzco
merle géant	Paraulata morera, mirla patinaranja
merle kurrichane	Zorzal de Kurrichane
merle leucomèle	Zorzal sabiá
merle litsitsirupa	Zorzal litsitsirupa
merle lustré	Zorzal negro
merle noir	Mirlo común
merle olivâtre	Zorzal oliváceo
merle pâle	Zorzal pálido
merle unicolore	Zorzal unicolor
merle vantard	Zorzal patirrojo
merle à ailes grises	Tordo aligrís
merle à bec noir	Zorzal piquinegro, tordo de pico negro
merle à calotte grise	Zorzal campana, zorzal herrero
merle à col blanc	Zorzal cuelliblanco, tordo de collar blanco, zorzal cuelliblanco sureño
merle à col roux	Mirlo de pecho café, zorzal cuellirrufo
merle à collier blanc	Mirlo acollarado
merle à dos gris	Zorzal dorsigrís
merle à dos roux	Zorzal dorsicanelo, zorsal dorsirrufo
merle à flancs roux	Zorzal cabecipardo
merle à froc noir	Zorzal cabecinegro, mirla cabecinegra
merle à gorge blanche	Mirlo gorgiblanco, zorzal gorjiblanco, zorzal cuelliblanco norteño
merle à lunettes	Paraulata ojos de candil
merle à miroir	Zorzal de barbilla blanca, zorzal gorgiblanco
merle à plastron	Mirlo capiblanco, mirlo collarizo
merle à poitrine noire	Zorzal pechinegro
merle à tête grise	Zorzal castaño
merle à ventre clair	Zorzal chalchalero
merle à ventre fauve	Zorzal ventricastaño
merle à ventre roux	Zorzal colorado, tordo de vientre rufo
merle-bleu à dos marron	Azulejo de garganta azul
merlebleu azuré	Azulejo de las montañas
merlebleu de l'est	Azulejo gorjicanelo, azulejo garganta canela, pájaro azul del este
merlebleu de l'ouest	Azulejo de garganta azul
merlebleu à dos marron	Azulejo de garganta azul
mesdames et messieurs	Señoras y Señores, señoras y señores, dama
mesnie hellequin	Estantigua
message subliminal	Mensaje subliminal
messager sagittaire	Secretario
messe noire	Misa negra
mesurette à café	Cuchara medidora de café, cuchara dosificadora de café
metal symphonique	Metal sinfónico
metteur en scène	Director de escena, director de teatro, di
metteuse en scène	Directora, realizadora
mettre au clair	Poner en claro
mettre au monde	Parir
mettre au pas	Ponerse las pilas
mettre au pied du mur	Poner contra la pared
mettre bas	Parir
mettre dans le même sac	Meter en el mismo saco
mettre de l'huile sur le feu	Echar leña al fuego
mettre des bâtons dans les roues	Poner palos en las ruedas, poner chinitas
mettre du beurre dans les épinards	Redondear el presupuesto
mettre en accusation	Enjuiciar
mettre en avant	Poner en evidencia, proponer
mettre en berne	Izar a media asta
mettre en boïte	Tomar del pelo, tomar el pelo
mettre en cage	Enjaular
mettre en cause	Cuestionar
mettre en colère	Encolerizar
mettre en demeure	Instar
mettre en doute	Poner en duda
mettre en désordre	Desordenar
mettre en examen	Inculpar
mettre en exergue	Realzar, destacar, poner de realce
mettre en pièces	Descuartizar
mettre en scène	Poner en escena
mettre en échec	Jaquear
mettre en évidence	Evidenciar
mettre enceinte	Embarazar
mettre fin	Acabar con
mettre l'accent sur	Hacer hincapié en
mettre la charrue avant les bœufs	Poner el carro delante de los bueyes
mettre la charrue devant les bœufs	Poner el carro delante de los bueyes
mettre la main à la pâte	Ponerse manos a la obra, arrimar el hombro
mettre la puce à l'oreille	Tener la mosca en la oreja, estar mosca, tener la mosca detras de la oreja
mettre la table	Poner la mesa
mettre la tête à prix	Poner a precio la cabeza de uno
mettre le contact	Darle al contacto
mettre le doigt sur la plaie	Meter el dedo en la llaga
mettre le grappin sur	Echar el guante, echar la garra
mettre les bouts	(coloquial) Irse, marcharse, pirarse, meter los pies
mettre les petits plats dans les grands	Tirar la casa por la ventana
mettre les pieds	(coloquial) Llegar, arribar, poner los pies
mettre les pieds dans le plat	Meter la pata
mettre les points sur les i	Poner los puntos sobre las íes
mettre tous les œufs dans le même panier	Jugársela todo a una carta
mettre tous ses œufs dans le même panier	Poner todos los huevos en la misma cesta, poner toda la carne en el asador
mettre un point d'honneur	Destacar por
mettre un terme	Poner termino
mettre à bas	Desbaratar
mettre à disposition	Poner a disposición (de)
mettre à jour	Actualizar (en general); Actualizar, reactualizar o recargar
mettre à l'épreuve	Poner a prueba, comprobar
meule de foin	Almiar, pajar
meunier noir	Matalote blanco
mi-figue mi-raisin	Ni carne ni pescado, ni chicha ni limoná
miao de luobohe	Hmong luopohe, miao luobohe, miao ximahe
micocoulier de provence	Celtis australis, el almez
microlentille gravitationnelle	Microlente gravitatoria, microlente gravitacional
micromérie de grèce	Ajedrea de monte, colicosa, hierba de las calenturas
micromérie du liban	Poleo blanco, ajedrea blanca
micropsitte de bruijn	Microloro pechirrojo
micropsitte de finsch	Microloro de Finsch
micropsitte de geelvink	Microloro de Geelvink
micropsitte de meek	Microloro de Meek
micropsitte pygmée	Microloro de las Kai
micropsitte à tête fauve	Microloro pusio
microscope polarisant	Microscopio de luz polarizada, microscopio petrográfico, microscopio polarizador
microscope à effet tunnel	Microscopio cuántico
microtraumatismes répétés	Lesión por movimientos repetitivos
miel au couteau	Miel en panal
miel en brèche	Miel en panal
miel en rayon	Miel en panal
mieux vaut prévenir que guérir	Más vale prevenir que curar
mieux vaut tard que jamais	Más vale tarde que nunca
mieux vaut être seul que mal accompagné	Mejor solo que mal acompañado
milan noir	Milano negro
milan royal	Milano real
milan sacré	Milano indio
milan siffleur	Milano silbador
milan à plastron	Milano de pecho negro
mildiou de la pomme de terre	Tizón de la papa
milieu de terrain	Centrocampista, mediocampista
mille marin	Milla náutica, mijero
mille mercis	Mil gracias
millet commun	Mijo común, mijo major
millet d'italie	Panizo
millet des oiseaux	Panizo, mijo menor
millet perle	Mijo perla, mijo negro, mijo candela
millet perlé	Maíz negro, mijo negro, panizo negro
millet sanguin	Garrachuelo
millet à chandelle	Maíz negro, mijo negro, panizo negro
millet à grapes	Panizo
millimètre de mercure	Milímetro de mercurio
mimosa blanchissant	Acacia mimosa, mimosa, mimosa plateada
min dong	Min dong
mine antipersonnel	Mina antipersonal
minorité de blocage	Minoría de bloqueo
minstrel show	Minstrel
mint julep	Julepe de menta
minéral accessoire	Mineral accesorio
minéral argileux	Arcilla mineral
mirage gravitationnel	Lente gravitatoria, lente gravitacional
mise au point	Enfoque
mise en abyme	Construcción abismal, abismación, puesta en abismo
mise en bouteille	Embotellado
mise en demeure	Requerimiento, orden
mise en examen	(acta de) acusación
mise en pages	Compaginación, confección
mise en scène	Puesta en escena
mise en service	Puesta en servicio, puesta en funcionamiento
mise à jour	Actualización
mise à mort	Matanza, ejecución, ajusticiamiento
missile balistique	Misil balístico
missile à tête chercheuse	Mísil rastreador
misumène variable	Araña cangrejo
mixeur plongeur	Licuadora de mano, batidora de brazo, minipimer
mixtèque de mixtepec	Mixteco de Mixtepec
mixtèque de xochapa	Mixteco de Xochapa
mobilier urbain	Mobiliario
mobilité des facteurs de production	Movilidad de los factores de producción
mobilité durable	Movilidad sostenible
mobilité électrique	Electromovilidad
modalité de genre	Modalidad de género
mode avion	Modo avión
mode de syllogisme	Modo del silogismo
mode de vie	Modo de vida, estilo de vida
mode fenêtré	Modo ventana
mode subjonctif	Modo subjuntivo
mode texte	Modo texto
module d'élasticité	Módulo elástico
modèle de langage	Modelo del lenguaje
modèle de nice	Modelo de Niza
moelle osseuse	Médula ósea
moelle épinière	Médula espinal
moiled irlandais	Irish moiled
moineau domestique	Gorrión común
moineau espagnol	Gorrión moruno
moineau friquet	Gorrión molinero
moineau gris	Gorrión gris
moineau soulcie	Gorrión chillón
moins log	Cologaritmo
molinie bleue	Molinia
molosse de cestoni	Murciélago rabudo
molène bouillon-blanc	Cartucho amarillo, hierba del paño, gordolobo
molène thapsus	Cartucho amarillo, hierba del paño, gordolobo
molène à feuilles sinuées	Acigutre, tientayernos
moment inopportun	Deshora
moment magnétique	Momento magnético
moments perdus	Ratos perdidos
mon cœur	Amor
mon dieu	Dios mío
mon loup	Amor
mon petit doigt m'a dit	Un pajarito me dijo
monarchie constitutionnelle	Monarquía constitucional
monde libre	Mundo libre
monde super-habitable	Mundo superhabitable
monkey patch	Monkey patch
monnaie de nécessité	Moneda de necesidad
monnaie hélicoptère	Dinero helicoptario
monoamine oxydase	Monoamino oxidasa
monopole de la violence	Monopolio de la violencia
monopole naturel	Monopolio natural
monopôle magnétique	Monopolo magnético
monoxyde d'azote	Monóxido de nitrógeno, óxido de nitrógeno, óxido nítrico
monoxyde de carbone	Monóxido de carbono, anhídrido carbonoso, gas carbonoso
monoxyde de dihydrogène	Monóxido de dihidrógeno
monsieur propre	Don Limpio, Maestro Limpio
monsieur tout-le-monde	Señor Fulano
monstre du loch ness	Monstruo del lago Ness
monstre marin	Monstruo marino
mont de vénus	Monte de Venus
montage en surface	Montaje superficial
montagne de glace	Banquisa, iceberg, montaña de hielo, témpa
montagnes russes	Montaña rusa
monte cristo	Monte Cristo sándwich
monter au créneau	Saltar a la palestra
monter la garde	Montar guardia, hacer guardia
monter sur le trône	Subir al trono, empuñar el cetro
montre à gousset	Reloj de bolsillo
montrer du doigt	Señalar, señalar con el dedo
monument aux morts	Monumento a los caídos, memorial a la guerra
monument funéraire	Monumento funerario
moqueur plombé	Calandria
moqueur polyglotte	Sinsonte, cenzontle, cenzonte
morceau de sucre	Azucarillo
mordre la main qui nourrit	Morder la mano que te da de comer
morelle commune	Hierba mora
morelle de linné	Tomatillo del diablo
morelle noire	Tomatillo del diablo, hierba mora, tabaco cimarrón
morille commune	Cagarria
morille ronde	Cagarria
moro commun	Mora común
moro sphinx	Esfinge colibrí
morphologie de dissolution	Morfología de disolución
mort civile	Muerte civil
mort et enterré	Muerto y enterrado, muerto y bien muerto
mort sociale	Muerte social
mort subite	Muerte súbita
morue commune	Bacalao común
morue de l'atlantique	Bacalao
mot composé	Compuesto
mot d'ordre	Santo y seña
mot de la fin	Última palabra, palabras finales
mot de passe	Contraseña
mot fantôme	Palabra fantasma
mot lexical	Palabra lexical, palabra léxica, palabra pleremática
mot magique	Palabra mágica
mot savant	Cultismo, palabra culta
mote con huesillo	Mote con huesillo
moteur asynchrone	Motor asíncrono, motor de inducción
moteur de recherche	Motor de búsqueda, buscador
moteur deux temps	Motor de dos tiempos
moteur diesel	Motor diésel, motor diesel, motor Diesel
moteur hors-bord	Motor fueraborda
moteur quatre temps	Motor de cuatro tiempos
moteur stirling	Motor Stirling
moteur synchrone	Motor síncrono
moteur thermique	Motor térmico
moteur wankel	Motor Wankel
moteur à combustion	Motor de combustión
moteur à combustion interne	Motor de combustión interna
moteur à deux temps	Motor de dos tiempos
moteur à explosion	Motor de explosión
moteur à piston rotatif	Motor rotativo sin pistones
moteur à quatre temps	Motor de cuatro tiempos
moteur à réaction	Motor de reacción
moteur électrique	Motor eléctrico
motifs de turing	Patrones de Turing
motion de censure	Moción de censura
mots croisés	Crucigrama
mouche à viande	Moscardón
moucherolle à longue queue	Tijereta de las pajas, yetapá acollarado, yetapá de collar
moucherolle à queue large	Tijereta de las pajas, yetapá acollarado, yetapá de collar
moucheture d'hermine	Mota de armiño
mouette de bonaparte	Gaviota de Bonaparte
mouette de sabine	Gaviota de Sabine
mouette ivoire	Gaviota marfileña, gaviota marfil
mouette mélanocéphale	Gaviota cabecinegra
mouette pygmée	Gaviota enana
mouette rieuse	Gaviota reidora
mouette rosée	Gaviota de Ross
mouette tridactyle	Gaviota tridáctila
mouffette des andes	Chingue
mouflon corse	Muflón común
mouflon à manchettes	Carnero de berbería
moule de méditerranée	Mejillón mediterráneo
moule zébrée	Mejillón cebra
moule à tarte	Tarta
moulin à café	Molinillo de café, molino de café
moulin à eau	Molino de agua
moulin à huile	Molino de aceite
moulin à légumes	Pasapurés
moulin à poivre	Molinillo de pimiento
moulin à sel	Molinillo de sal
moulin à tan	Molino de casca, molino para quebrantar la casca para las tenerías, molino de corteza de roble
moulin à vent	Molino de viento, molinete
mouron rouge	Hierba corral
mousse espagnole	Musgo español
moustac à oreilles rousses	Cercopiteco de orejas rojas
moutarde blanche	Mostaza blanca
moutarde de dijon	Mostaza de Dijon
moutarde des champs	Mostaza de campo
moutarde noire	Mostaza negra, ajenabe
mouton domestique	Oveja doméstica
mouton noir	Garbanzo negro u oveja negra
mouvement autonome	Movimiento autónomo
mouvement rétrograde	Retrogradación
mouvement social	Movimiento social
moyen anglais	Inglés medio
moyen coréen	Coreano medio
moyen de communication	Medio de comunicación
moyen de subsistance	Medio de vida
moyen de transport	Medio de transporte
moyen français	Francés medio
moyen haut-allemand	Alto alemán medio
moyen japonais	Japonés medio
moyen okinawaïen	Okinawense medio
moyen âge	Edad Media, Medievo, Medioevo
moyenne harmonique	Media armónica
muay thaï	Muay thai
mulet doré	Lisa dorada, galupe
mulet à grosse tête	Mújol
multimètre analogique	Multímetro analógico
multimètre numérique	Multímetro digital, polímetro digital
mur coupe-feu	Muro cortafuego
mur de l'atlantique	Muro Atlántico
mur de l'œil	Pared del ojo, muro del ojo
mur de soutènement	Muro de contención
mur du son	Barrera del sonido
mur mitoyen	Pared medianera
mur à gauche	Frontón
murex droite épine	Cañadilla, cañaílla
murène commune	Morena del Mediterráneo
musaraigne alpine	Musaraña alpina
musaraigne bicolore	Musgaño de dientes blancos
musaraigne des jardins	Musaraña de campo
musaraigne minuscule	Musaraña mínima
musaraigne musette	Musaraña gris
musaraigne pygmée	Musaraña enana
muscat de hambourg	Moscatel negro
muscle canin	Músculo elevador del ángulo de la boca
muscle grand pectoral	Músculo pectoral mayor
muscle lisse	Músculo liso
muscle opposant du petit doigt de la main	Músculo oponente del meñique de la mano
muscle sartorius	Músculo sartorio
muscle sphincter	Esfínter
muscle squelettique	Músculo esquelético
muscle sterno-cléido-mastoïdien	Músculo esternocleidomastoideo, esternocle
muscle élévateur de l'angle de la bouche	Músculo elevador del ángulo de la boca
musique classique	Música clásica
musique contemporaine	Música contemporánea
musique cubaine	Jazz afrocubano
musique savante	Música culta
musique tonale	Música tonal
musique électronique	Música electrónica
musée de cire	Museo de cera
musée des horreurs	Museo de los horrores
mutation génétique	Mutación genética
mutilation génitale féminine	Mutilación genital femenina
mye commune	Almeja de Nueva Inglaterra
mye des sables	Almeja de Nueva Inglaterra
myoclonie phrénoglottique	Hipo
myrte commun	Arrayán, mirto, murta
myrte à écorce orange	Palo madroño, arrayán, cauchao
mystère dionysiaque	Misterio dionisíaco
mystères d'éleusis	Misterios eleusinos
mythologie comparée	Mitología comparada
mythologie grecque	Mitología griega
mâchoiron titan	Bagre titán
mât de cocagne	Cucaña
mâtin des pyrénées	Mastín de los Pirineos
mâtin espagnol	Mastín leonés
mâtin napolitain	Mastín napolitano
mèche à centrer	Granete
mère biologique	Madre biológica
mère courage	Madre valiente, madre fuerte
mère maquerelle	Madama, madrota, cabrona
mère noël	Señora Claus
mère patrie	Madre patria
mère porteuse	Madre de alquiler, vientre de alquiler
mère poule	Madraza
mètre au-dessus du niveau de la mer	Msnm
mètre carré	Metro cuadrado
mètre cube	Metro cúbico
mètre par seconde	Metro por segundo
mètre par seconde carrée	Metro por segundo al cuadrado
mètre pliant	Metro plegable
mètre ruban	Cinta métrica, flexómetro
méandre abandonné	Meandro abandonado
méat urétral	Meato uretral
mécanique ondulatoire	Mecánica ondulatoria
mécanique quantique	Mecánica cuántica
médaille d'argent	Medalla de plata
médaille d'or	Medalla de oro
médaille de bronze	Medalla de bronce
médaille dorée	Medalla de oro
médecin de campagne	Médico de cabecera
médecin de famille	Médico de cabecera
médecin légiste	Médico forense
médecine du travail	Medicina del trabajo
médecine légale	Medicia legal
médecine vétérinaire	Albeitería, veterinaria
médiation familiale	Mediación familiar
médicament orphelin	Medicamento huérfano
mégaconstellation de satellites	Megaconstelación de satélites
mégapode de freycinet	Telégalo de Freycinet
mégapode de la pérouse	Talégalo de las Marianas
mégapode de reinwardt	Talégalo de Reinwardt
mélanodère à sourcils blancs	Yal austral
mélia azedarach	Cinamomo
méliphage barbe-rouge	Mielero carunculado
méliphage barré	Mielero barrado
méliphage bridé	Mielero embridado
méliphage bruyant	Mielero chillón
méliphage carillonneur	Mielero maorí, campanera de Nueva Zelanda
méliphage chanteur	Mielero cantarín
méliphage cornu	Mielero ojigualdo
méliphage d'ovalau	Mielero carunculado de Viti Levu
méliphage de carol	Mielero de Carlota
méliphage de cockerell	Mielero de Cockerell
méliphage de guadalcanal	Mielero de Guadalcanal
méliphage de hindwood	Mielero de Hindwood
méliphage de kadavu	Mielero de la Kandavu
méliphage de macgregor	Mielero de MacGregor
méliphage de macleay	Mielero de Macleay
méliphage de nouvelle-hollande	Mielero de Nueva Holanda
méliphage de san cristobal	Mielero de San Cristóbal
méliphage de taveuni	Mielero carunculado de Taveuni
méliphage des célèbes	Mielero chico de Célebes
méliphage des mangroves	Mielero de manglar
méliphage des maoke	Mielero carinaranja
méliphage enfumé	Mielero ahumado
méliphage fardé	Mielero cariblanco
méliphage fascié	Mielero pechibarrado
méliphage festonné	Picoespina occidental
méliphage flavescent	Mielero amarillento
méliphage foulehaio	Mielero foulehaio
méliphage grimé	Mielero de boqueras
méliphage grisâtre	Mielero fusco
méliphage lancéolé	Mielero lanceolado
méliphage leucotique	Mielero orejiblanco
méliphage mao	Mielero mao
méliphage marbré	Mielero jaspeado
méliphage mineur	Mielero lunulado
méliphage modeste	Mielero modesto
méliphage moucheté	Mielero manchado
méliphage ocré	Mielero bulbul
méliphage orné	Mielero adornado
méliphage peint	Mielero pintado
méliphage régent	Mielero regente
méliphage serti	Mielero empenachado
méliphage toulou	Mielero cuervo
méliphage tui	Mielero tui
méliphage varié	Mielero pío
méliphage versicolore	Mielero versicolor
méliphage vert	Mielero gigante
méliphage à bavette	Mielero golicanelo
méliphage à bec grêle	Picoespina oriental
méliphage à calotte fauve	Mielero coronado
méliphage à cou jaune	Mielero goligualdo
méliphage à croissants	Mielero alifuego, pájaro azúcar lunado
méliphage à front blanc	Mielero frentiblanco
méliphage à gorge blanche	Mielero pechirrufo
méliphage à gorge jaune	Mielero de garganta amarilla, mielero cuelligualdo
méliphage à gorge rousse	Mielero golirrufo
méliphage à gouttelettes	Mielero alirrufo
méliphage à joues d'or	Mielero carigualdo
méliphage à long bec	Mielero piquilargo
méliphage à oreillons bleus	Mielero cariazul
méliphage à oreillons noirs	Mielero orejinegro
méliphage à pendeloques	Mielero ventriamarillo
méliphage à plumet noir	Mielero de plumón
méliphage à points	Mielero grande de Célebes
méliphage à sourcils noirs	Mielero cejinegro
méliphage à tête grise	Mielero cabecigrís
méliphage à ventre tacheté	Mielero de las Arfak
mélitte à feuilles de mélisse	Melittis
mélitée des centaurées	Doncella mayor
mélitée des linaires	Deion
mélitée des scabieuses	Minerva
mélitée du mélampyre	Athalia
mélitée du plantain	Doncella punteada
mélitée noirâtre	Doncella oscura
mélitée orangée	Doncella timida
mélèze commun	Alerce europeo
mémoire absolue	Memoria absoluta
mémoire autobiographique	Memoria autobiográfica
mémoire cache	Memoria caché, caché
mémoire collective	Memoria colectiva
mémoire d'éléphant	Memoria de elefante
mémoire déclarative	Memoria declarativa
mémoire eidétique	Memoria fotográfica, memoria eidética
mémoire flash	Memoria flash
mémoire holographique	Memoria holográfica
mémoire immunologique	Memoria inmunitaria, memoria inmunológica
mémoire olfactive	Memoria olfativa
mémoire photographique	Memoria fotográfica
mémoire sémantique	Memoria semántica
mémoire traumatique	Memoria traumática
mémoire virtuelle	Memoria virtual
mémoire vive dynamique	Memoria dinámica de acceso aleatorio
ménager ses arrières	Curarse en salud
mépris de classe	Desprecio de clase
méridien de greenwich	Meridiano de Greenwich
mérion couronné	Ratona australiana de corona morada, maluro coronado
mérion de lambert	Maluro variegado, ratona australiana variada
mérion de wallace	Maluro de Wallace
mérion leucoptère	Ratona australiana de alas blancas, maluro de alas blancas
mérion ravissant	Ratona australiana amable, maluro amable
mérion splendide	Maluro espléndido, ratona australiana franjeada
mérion superbe	Ratona australiana azul, maluro soberbio
mérion à dos rouge	Ratona australiana de lomo rojo, maluro dorsirrojo
mérion à gorge bleue	Ratona australiana de pecho azul, maluro pechiazul
mérion à épaulettes	Ratona australiana blanca y negra, maluro de hombros blancos
mérion élégant	Ratona australiana de alas rojas, maluro elegante
mérou blanc	Cherney de ley
mérou brun	Garopa
mésange azurée	Herrerillo cianeo
mésange bleue	Herrerillo común
mésange boréale	Carbonero montano
mésange charbonnière	Carbonero común
mésange huppée	Herrerillo capuchino
mésange lugubre	Carbonero lugubre
mésange noire	Carbonero garrapinos
mésange nonnette	Carbonero palustre
mésange à longue queue	Mito
mésangeai imitateur	Arrendajo funesto
mésoplodon japonais	Zifio japonés
métal alcalin	Metal alcalino
métal alcalino-terreux	Metal alcalinotérreo
métal campanaire	Metal campanil
métal de cloche	Metal campanil
métal de transition	Metal de transición
métal déployé	Metal desplegado
métal natif	Metal nativo
métal noble	Metal noble
méthode coué	Método de Coué, Couéismo
méthode des éléments finis	Método de los elementos finitos
méthode dialectique	Método dialéctico
méthode gravimétrique	Método gravimétrico
méthode scientifique	Método científico
méthode volumétrique	Método volumétrico
métier à broder	Telar para bordar
métier à tisser	Telar
métro léger	Tren ligero
mêlée ordonnée	Scrum, melé
même pas	Ni siquiera
même pas en rêve	Ni en sueños
même si	Aunque
mûre arctique	Té noruego
mûre de logan	Zarza de Logan
mûre de ronces	Mora
mûrier blanc	Morera blanca, moral blanco, morera
mûrier noir	Morera negra, moral negro
mûrier à papier	Morera del papel
n'avoir d'yeux que pour	Tener ojos solo para, tener los ojos solo en
n'avoir ni queue ni tête	No tener ni pies ni cabeza
n'avoir qu'à	Sólo tener que
n'avoir rien à envier	No ir en zaga
n'avoir rien à voir	No tener nada que ver
n'empêche que	Así y todo
n'en avoir rien à carrer	Sudársela
n'en avoir rien à cirer	Sudársela
n'est-ce pas	Verdad, cierto, no es así
n'importe comment	Como sea
n'importe où	Doquier, dondequiera, en cualquier parte
n'importe quand	Cuando sea
n'importe quel	Cualquier
n'importe qui	Quien sea o cualquier persona
n'importe quoi	Cualquier cosa, lo que sea
nageoire anale	Aleta anal
nageoire dorsale	Aleta dorsal
nageoire pelvienne	Aleta pélvica
nahuatl classique	Náhuatl clásico
nahuatl de guerrero	Náhuatl de Guerrero
nahuatl de l'isthme de mecayapan	Náhuatl de Mecayapan
nahuatl de la huasteca centrale	Náhuatl de la Huasteca central
nahuatl de mecayapan	Náhuatl de Mecayapan
nain de jardin	Enano de jardín
naine blanche	Enana blanca
naine brune	Enana marrón
nandou d'amérique	Ñandú común
nandou de darwin	Ñandú petiso, ñandú cordillerano, choique
nanisme thanatophore	Enanismo tanatofórico, displasia tanatofórica
narcisse des poètes	Narciso de los poetas
nata de coco	Nata de coco
nature morte	Bodegón
naucler d'afrique	Elanio golondrina
naucler à queue fourchue	Elanio tijereta
naufrage invisible	Naufragio invisible
navette spatiale	Transbordador espacial
naviguer à vue	Ir a ciegas
navire amiral	Buque insignia
navire de croisière	Crucero
navire jumeau	Buque gemelo
naître coiffé	Nacer con una flor en el culo
ne faire aucun doute	No caber duda de que, ser indudable que
ne faire ni chaud ni froid	No dar ni frío ni calor, ni fu ni fa
ne pas arriver à la cheville de	No llegarle a alguien a los talones, no llegarle a alguien a la suela del zapato
ne pas avoir sa langue dans sa poche	No tener pelos en la lengua
ne pas fermer l'œil de la nuit	No pegar ojo
ne pas lâcher d'une semelle	Convertirse en la sombra de una persona
ne pas mâcher ses mots	Ir sin rodeos, ir al grano
ne pas perdre une seconde	No perder un segundo
ne pas savoir sur quel pied danser	No saber a qué carta quedarse
ne pas tenir compte de	Hacer caso omiso
ne pas y aller avec le dos de la cuillère	No andar con rodeos
ne pas y aller par quatre chemins	No andarse por las ramas, ir sin rodeos, ir al grano
ne pas être en reste	No ir en zaga
ne pas être piqué des hannetons	De aqui te espero
ne plus avoir de jambes	Despernado
ne plus avoir l'habitude	Desusar
ne remets pas à demain ce que tu peux faire aujourd'hui	No dejes para mañana, lo que puedes hacer hoy
ne rien laisser paraître	La procesión va por dentro, no dejar transparentar nada, no aparentar nada
ne tenir qu'à un cheveu	Estar pendiente de un pelo, estar pendiente de un cabello
ne tenir qu'à un fil	Pender de un hilo
necture tacheté	Necturo
negro spiritual	Espiritual
neige carbonique	Hielo seco
neige marine	Nieve marina
neige roulée	Nieve granulada, granizo suave, graupel
neige visuelle	Nieve visual
neiges éternelles	Nieves perpetuas, nieves eternas
nerf cubital	Nervio cubital, nervio ulnar
nerf optique	Nervio óptico
nerf trochléaire	Nervio patético
nerf ulnaire	Nervio cubital, nervio ulnar
nerf vague	Nervio vago, nervio neumogástrico
nerprun alaterne	Aladierna, aladierno, alaterno
nestor superbe	Kaka
nette brune	Pato castaño
nette demi-deuil	Pato negro
nette rousse	Pato colorado, branta roja
nettoyage cryogénique	Limpieza criogénica
nettoyage de printemps	Limpieza general, limpieza de primavera
nettoyage ethnique	Limpieza étnica
nettoyage à sec	Tintorería
neuf centième	Noningentésimo
neurone bipolaire	Neurona bipolar, célula bipolar
neurone miroir	Neurona espejo
neurone multipolaire	Neurona multipolar
neurone pseudo-unipolaire	Neurona pseudounipolar
neurone unipolaire	Neurona unipolar
neutralité de genre	Neutralidad de género
nez grec	Nariz griega
nez à nez	Cara a cara o frente a frente
ni plus ni moins	Ni más ni menos
niche écologique	Nicho ecológico
nid de poule	Bache
nielle des blés	Neguilla
nigelle cultivée	Abésoda
nigelle de damas	Arañuela
nigritelle noire	Orquídea olorosa negra
nique sa mère	Que su madre
niquer sa mère	Chingar a su madre, conche tu madre
nitrate d'ammonium	Nitrato de amonio
nitrate d'argent	Nitrato de plata, sal infernal
nitrate de potassium	Nitrato de potasio
niveau de vie	Nivel de vida
niveau trophique	Nivel trófico
niveau à bulle	Nivel de burbuja
niveler par le bas	Nivelar hacia abajo, nivelar para abajo, nivelar por lo bajo
niverolle alpine	Gorrión alpino
no man's land	Tierra de nadie
noces d'or	Bodas de oro
noctuelle de la tomate	Gusano cogollero
noctuelle gamma	Plusia
noir de fumée	Negro de humo, negro de hollín
noir de jais	Negro como el azabache
noir et blanc	En blanco y negro
noir sur blanc	Negro sobre blanco
noisetier commun	Avellano
noisetier d'amérique	Avellano
noisetier du pays	Avellano
noix d'arec	Nuez de areca
noix de bétel	Nuez de betel
noix de cajou	Nuez de anacardo, anacardo
noix de coco	Coco
noix de cola	Nuez de cola
noix de cyprès	Nuez de ciprés
noix de galle	Gallarita, gallaruto
noix de grenoble	(Quebec) Nuez
noix de macadamia	Macadamia
noix de muscade	Nuez moscada, nuez de especia
noix de pécan	Nuez encarcelada, pacana, nogal pacanero
noix du brésil	Nuez de Brasil, castaña de Pará
noix muscade	Nuez moscada, nuez de especia
noix tigrée	Chufa
noix vomique	Nuez vómica
nom abstrait	Nombre abstracto, sustantivo abstracto
nom collectif	Sustantivo colectivo
nom commun	Nombre común, sustantivo
nom comptable	Nombre contable, nombre discreto, sustantivo contable
nom concret	Nombre concreto, sustantivo concreto
nom d'agent	Nombre de agente
nom d'un chien	Mecachis
nom d'utilisateur	Nombre de usuario
nom de baptême	Nombre de pila
nom de famille	Apellido
nom de jeune fille	Apellido de soltera
nom de scène	Nombre artístico
nom personnel	Nombre personal
nom propre	Nombre propio
nom scientifique	Nombre científico
nom vernaculaire	Nombre vernáculo
nom à suffixe patronymique	Patronímico
nombre algébrique	Número algebraico
nombre atomique	Número atómico
nombre cardinal	Número cardinal
nombre complexe	Número complejo
nombre composé	Número compuesto
nombre d'avogadro	Constante de Avogadro, número de Avogadro
nombre d'or	Número áureo
nombre de mach	Mach
nombre de masse	Número másico
nombre décimal	Número decimal
nombre imaginaire	Número imaginario
nombre irrationnel	Número irracional
nombre magique	Número mágico
nombre normal	Número normal
nombre ordinal	Número ordinal
nombre parfait	Número perfecto
nombre premier	Número primo
nombre premier de sophie germain	Número primo de Sophie Germain
nombre quantique	Número cuántico
nombre rationnel	Número racional
nombre réel	Número real
nombre transcendant	Número trascendente, número trascendental
nombril de vénus	Ombligo de Venus
nomen nescio	Mengano
non contrôlable	Incontrolable
non disponible	Indisponible
non fonctionnel	Infuncional
non merci	No, gracias
non nominatif	Nonominativo
non plus	Tampoco; Ya no; no más
non protégée	Desprotegido
non seulement	No sólo, sino
non stéroïdien	No esteroideo
norfolk terrier	Norfolk terrier
norme de sécurité	Norma de seguridad
norwich terrier	Norwich terrier
nota bene	Nota bene
notation du mouvement	Orquesografía
notation scientifique	Notación científica
note de cœur	Nota de corazón, nota media
note de fond	Nota de fondo
note de tête	Nota de cabeza
notre père	Padre nuestro
nouilles instantanées	Fideos instantáneos
nous autres	Nosotros [y no tú o vosotros]. (Plural exc; (Canadá) Nosotros. (Plural inclusivo.)
nouveau riche	Nuevo rico
nouveau réalisme	Nuevo realismo
nouveau testament	Nuevo Testamento
nouveau venu	Recién llegado
nouvel aliment	Nuevo alimento
nouvel an	Año Nuevo
nouvelle lune	Luna nueva, novilunio
nouvelle objectivité	Nueva objetividad
nouvelle york	Nueva York
nouvelles technologies	Nuevas tecnologías
noyau actif de galaxie	Núcleo activo de galaxia
noyau atomique	Núcleo atómico
noyau de condensation	Núcleo de condensación
noyau lenticulaire	Núcleo lenticular
noyer commun	Nogal de Castilla
noyer d'arizona	Nogal, nogal silvestre
noyer du brésil	Juvia, castaño
noyer le poisson	Marear la perdiz, andarse por las ramas, irse por las ramas
noël blanc	Blanca Navidad
nu comme un ver	En cueros, en pelotas
nu metal	Nu metal
nuage d'oort	Nube de Oort
nuage de fumée	Cortina de humo, fumarada, humareda
nuage noctulescent	Nube noctilucente, nube mesosférica polar
nuage nocturne lumineux	Nube noctilucente, nube mesosférica polar
nuage polaire mésosphérique	Nube noctilucente, nube mesosférica polar
nuit blanche	Noche toledana
nul et non avenu	Nulo y sin efecto
nul n'est prophète en son pays	Nadie es profeta en su tierra
nulle part	A ninguna parte, a ningún lugar; En ninguna parte, en ningún lugar
nulle part dense	Denso en ninguna parte
numéro atomique	Número atómico
numéro de sécurité sociale	Nùmero de la seguridad social
numéro de téléphone	Número de teléfono
nuoc mam	Salsa de pescado
nuée ardente	Flujo piroclástico, colada piroclástica, corriente de densidad piroclástica
nyctale de harris	Mochuelo canela
nyctère de thébaïde	Murciélago egipcio
nymphale de l'arbousier	El Bajá
nàhuatl central	Náhuatl central
nègre blanc	Negro blanco
nécessaire de toilette	Neceser, mariconera
nécessité est mère d'invention	La necesidad aguza el ingenio
néflier du japon	Nisperero del Japón, níspero japonés
négatif du logarithme	Cologaritmo
négation logique	Negación, negación lógica, complemento lógico
négligence spatiale unilatérale	Trastorno de omisión
nénuphar blanc	Nenúfar blanco europeo
néon noir	Tetra neón negro, tetra bandera negra
nœud d'écoute	Vuelta de escota
nœud de chaise	Nudo as de guía
nœud de conway	Nudo Conway
nœud de huit	Nudo de ocho
nœud de sangle	Nudo de cinta
nœud en huit	Nudo en ocho
nœud en tête d'alouette	Presilla de alondra
nœud gordien	Nudo gordiano
nœud papillon	Pajarita, corbata de moño, moño
nœud plat	Nudo de rizo
objecteur de conscience	Objetor de conciencia
objectification sexuelle	Cosificación sexual
objection de conscience	Objeción de conciencia
objectrice de conscience	Objetora de conciencia
objet céleste	Cuerpo celeste
objet interstellaire	Objeto interestelar
objet volant non identifié	Objeto volador no identificado
objet volant non-identifié	Ovni
objets trouvés	Objetos perdidos y encontrados
oblique externe	Oblicuo externo
obscurcissement global	Oscurecimiento global
obsolescence programmée	Obsolescencia planificada, obsolescencia prematura, obsolescencia programada
obstruction parlementaire	Filibusterismo
obstruction à la justice	Obstrucción a la justicia
obéissance anticipée	Obediencia anticipada
obésité morbide	Obesidad mórbida
ocellé rubané	Lobito listado
ocre rouge	Almagra, almagre
océan mondial	Océano mundial
océan pacifique	Pacífico, océano Pacífico
officier de réserve	Oficial de reserva
offre et demande	Oferta y demanda
offre publique d'achat	Oferta
ognon de roscoff	Cebolla de Roscoff
oh là là	Vesijue, újule
oie cendrée	Ánsar común, ganso común
oie cygnoïde	Ánsar cisne
oie de gambie	Ganso con espolones, ganso espolonado
oie de toulouse	Ganso de Toulouse, ganso de Tolosa
oie des moissons	Ánsar campestre
oie des neiges	Ansar hiperbóreo, ansar nival
oie flamande	Ganso flamenco
oie naine	Ánsar careto chico
oie rieuse	Ánsar careto grande
oie à bec court	Ánsar piquicorto
oiseau de malheur	Pájaro de mal agüero
oiseau de mauvais augure	Ave de mal agüero, pájaro de mal agüero
oiseau de mer	Ave marina
oiseau de nuit	Ave nocturna
oiseau migrateur	Ave migratoria, ave de paso
oiseau souris	Pájaro ratón
olive chinoise	Aceituna blanca
olivier de bohême	Árbol del paraíso
olé olé	Subido de tono, pícaro
omble chevalier	Trucha alpina
omble de fontaine	Trucha de manantial
ombre commun	Tímalo común
ombre à paupières	Sombra de ojos, sombra
ombres chinoises	Sombras chinescas
omphalée d'hispaniola	Avellano
on n'a rien sans rien	No hay atajo sin trabajo
on n'attrape pas des mouches avec du vinaigre	Más moscas se cogen con miel que con hiel
on n'est jamais aussi bien servi que par soi-même	Quien parte y reparte se lleva la mejor parte
on n'est jamais mieux servi que par soi-même	Quien parte y reparte se lleva la mejor parte
on ne fait pas d'omelette sans casser des œufs	No se cogen truchas a bragas enjutas, quien quiera peces, que se moje el culo, el que algo quiere, algo le cuesta
on ne peut plus	De padre y muy señor mío
on ne prête qu'aux riches	Al que tiene, se le da más
oncle maternel	Tío
onde acoustique	Onda acústica
onde de choc	Onda de choque
onde de tempête	Marejada ciclónica
onde gravitationnelle	Onda gravitacional
onde martenot	Onda Martenot
onde sismique	Onda sísmica
onde sonore	Onda acústica
onde stationnaire	Onda estacionaria
onde électromagnétique	Onda electromagnética
onoporde d'illyrie	Cardo del demonio
ontologie fondationnelle	Ontología superior, ontología de nivel superior, modelo superior
op art	Op-art, arte óptico
ophrys abeille	Orquídea abeja
ophrys araignée	Primera orquídea araña
ophrys brun	Orquídea abeja negra
ophrys jaune	Orquídea abeja
opinion publique	Opinión pública
oponce stricte	Nopal tunero costero, nopal estricto
opossum brun à quatre yeux	Cuica común, tlacuache cuatro ojos, filandro pardo
opossum commun	Zarigüeya común americana, zarigüeya cangrejera, tlacuache común
opossum d'amérique	Zarigüeya
opossum de patagonie	Comadrejita patagónica
opossum de virginie	Tlacuache, zarigüeya norteamericana, zarigüeya de Virginia
opossum gris à quatre yeux	Comadreja de cuatro ojos
opossum laineux	Zarigüeya lanuda, zarigüeya lanosa, zorrito de palo
opossum laineux de derby	Zarigüeya lanuda centroamericana, filandro centroamericano
opossum laineux jaune	Zarigüeya lanuda parda, filandro parduzco, zarigüeya lanuda de cola desnuda
opossum laineux roux	Cuica lanosa, zarigüeya lanuda occidental, raposa lanuda occidental
opossum mexicain	Zorricí
opossum à grosse queue	Zarigüeya de cola gruesa, comadreja colorada
opossum à oreilles blanches	Comadreja, comadreja overa, comadreja picaza
opossum à oreilles blanches des andes	Zarigüeya orejiblanca andina
opossum à queue touffue	Zarigüeya de cola de pincel, glironia gris
opossum à épaules noires	Zarigüeya lanuda de hombros negros, zarigüeya lanuda inca, filandro incaico
opossum-musaraigne gris	Colicorto gris, colicorto brasileño
opossum-musaraigne à trois rayures	Colicorto estriado
opossum-musaraigne à tête rouge	Colicorto de cabeza roja
opossum-souris bai	Marmosa grande baya
opossum-souris de bolivie	Comadrejita común
opossum-souris élégant	Marmosa elegante, yaca, llaca
opossums d'amérique	Zarigüeya
opossums laineux	Zarigüeyas lanudas, zarigüeyas lanosas, zorritos de palo
opus incertum	Encachado
opéra spatial	Ópera espacial
opérateur de services essentiels	Operador de servicios esenciales
opérateur différentiel	Operador diferencial
opérateur incrémentation	Operador de incremento
opération militaire spéciale	Operación militar especial
or du zimbabwe	Oro de Zimbabue
or noir	Oro negro
orage volcanique	Tormenta volcánica, tormenta sucia
oraison jaculatoire	Jaculatoria
oranger du mexique	Naranjo mejicano
orateur principal	Ponente principal
orbitale atomique	Orbital atómico
orbite cislunaire	Órbita cislunar
orbite de rebut	Órbita cementerio
orbite de satellite au rebut	Órbita cementerio
orcanette des teinturiers	Palomilla de tintes, orcaneta
orchestre d'harmonie	Banda de concierto, banda de música, banda sinfónica
orchestre philharmonique	Orquesta filarmónica
orchestre symphonique	Orquesta sinfónica
orchis géant	Orquídea gigante
orchis moucheron	Orquídea fragante
ordinateur de bureau	Ordenador de sobremesa
ordinateur de table	Ordenador de sobremesa
ordinateur personnel	Pecé
ordinateur portable	Laptop
ordre alphabétique	Orden alfabético
ordre chronologique	Orden cronológico
ordre d'achat	Orden de compra
ordre du jour	Orden del día
ordre mondial	Orden mundial
ordre sexuel	Orden sexual
ordures ménagères	Basura doméstica
oreillard gris	Murciélago orejudo gris
oreillard montagnard	Murciélago orejudo alpino
oreillard roux	Murciélago orejudo dorado
oreille absolue	Oído absoluto
organes génitaux	Genitales
organisateur de voyages	Turoperador, tour operador, operador turístico
organisation internationale	Organismo internacional
organisation scientifique du travail	Organización científica del trabajo
organisation sociale	Organización social
organisme public	Organismo público
organisme unicellulaire	Organismo unicelular
orge des rats	Zaragüelle, cebadilla ratonera
orge perlé	Cebada perlada
orge perlée	Cebada perlada
orge à six rangs	Cebada de seis carreras
orgue de barbarie	Organillo
orgue tonneau	Organillo, organito
orientation générale	Orientación general
orientation sexuelle	Orientación sexual
origan commun	Oregano
origma des rochers	Acantiza minero
orme d'amérique	Olmo americano
orpin blanc	Uva de gato
orpin âcre	Pampajarito, pan de cuco
ortalide du chaco	Charata, chachalaca charata
ortalide maillée	Guacharaca moteada, chachalaca moteada
ortalide à ventre marron	Chachalaca ventricastaña
ortalide à ventre roux	Guacharaca culirroja, chachalaca culirroja, cocrico
ortie dioïque	Ortiga mayor
ortie jaune	Ortiga muerta amarilla
ortie à pilules	Ortiga romana
orvet commun	Lución
orvet fragile	Lución
oryx algazelle	Órix de cuernos de cimitarra
oryx beisa	Órice beisa
oryx d'arabie	Órice de Arabia
oryx gazelle	Órice de El Cabo
os alvéolaire	Hueso alveolar
os blanc	Falda
os coxal	Hueso coxal, hueso ilíaco
os de la hanche	Cía
os de la pommette	Hueso pómulo
os de seiche	Jibión
os ethmoïde	Hueso etmoides, etmoides
os frontal	Hueso frontal
os fémoral	Fémur
os hyoïde	Hioides
os lacrymal	Hueso lagrimal, hueso lacrimal, unguis
os malaire	Hueso malar
os maxillaire	Maxila, maxilar, hueso maxilar
os nasal	Hueso nasal
os naviculaire	Hueso navicular
os occipital	Hueso occipital
os pariétal	Hueso parietal
os sphénoïde	Hueso esfenoides
os temporal	Hueso temporal
os tibial	Tibia
os triquetrum	Hueso piramidal
os ulnaire	Cúbito
os vertébral	Vértebra
os zygomatique	Hueso cigomático
oseille de guinée	Rosa de Jamaica, rosa de Abisinia, agrio de Guinea
osso buco	Osobuco
ostium utérin	Hocico de tenca
otala de catalogne	Cabrilla
otarie à crinière	León marino, lobo marino, lobo de mar
otomi de la vallée de mezquital	Otomí de Mezquital
ouette d'égypte	Oca del Nilo
ouette de magellan	Caiquén
ouette des andes	Piuquén, ganso andino, huachua
ouette marine	Caranca
ouette à tête grise	Canquén
ouette à tête rousse	Canquén colorado
ours blanc	Oso blanco, oso polar
ours bleu	Oso negro olímpico
ours brun	Oso pardo
ours des cavernes	Oso de las cavernas, oso cavernario
ours en peluche	Osito de peluche
ours kermode	Oso Kermode, orso spirito
ours noir	Oso negro, oso negro americano
ours noir argenté	Oso negro glaciar
ours noir cannelle	Oso canela
ours noir d'asie	Oso tibetano
ours noir de floride	Oso americano de Florida
ours noir de haïda gwaii	Oso negro Haida Gwaii
ours polaire	Oso polar
ours à face courte	Oso de hocico corto
ours à lunettes	Jucumari, oso de anteojos, oso frontino
oursin bleu	Cardo yesquero, cardo abadejo
ourson d'eau	Oso de agua
outarde barbue	Avutarda común
outarde canepetière	Sisón común
outarde houbara	Hubara, avutarda hubara
outarde kori	Avutarda kori
outre mesure	Con exceso, desmedidamente, en demasía, en
ouvrage d'art	Obra de ingeniería
ouvrage hydraulique	Obra hidráulica
ovaire supère	Súpero
oxalide corniculée	Acedera
oxydation anaérobie de l'ammonium	Oxidación anaerobia del ión amonio
oxyde d'azote	Óxido de nitrógeno
oxyde d'éthylène	Óxido de etileno
oxyde de deutérium	Óxido de deuterio
oxyde ferrique	Óxido férrico
pachycare nain	Silbador enano
pachyure étrusque	Musarañita
padine queue-de-paon	Cola de pavo
page blanche	Página en blanco
page d'accueil	Página de inicio
page de garde	Portada
page utilisateur	Página de usuario
page web	Página web
pageot acarné	Aligote
pageot rose	Besugo
pages préliminaires	Principios
pagre commun	Pargo
paille de fer	Estropajo
pain au chocolat	Napolitana, croissant de chocolate, garrote
pain azyme	Pan ácimo, pan ázimo
pain complet	Pan integral
pain d'épice	Bizcocho de especias, pan de especias, pan de jengibre
pain de mie	Pan de molde
pain de viande	Pastel de carne
pain grillé	Tostada
pain perdu	Torrija
pair de france	Par de Francia
paire minimale	Par mínimo
pala corta	Pala corta
palais de justice	Palacio de justicia
paleta cuir	Paleta cuero
paleta gomme creuse	Paleta goma, paletón
paleta gomme pleine	Pala ancha
palette de buru	Lorito momoto de Buru
palette de cassin	Lorito momoto amarillento
palette de mindanao	Lorito momoto de Mindanao
palette de palawan	Lorito momoto de Palawan
palette des sulu	Lorito momoto de las Sulu
palette momot	Lorito momoto montano
palette perdue	Palé desechable
palette verte	Lorito momoto de Luzón
palette à couronne bleue	Lorito momoto coroniazul
palette à manteau d'or	Lorito momoto dorsidorado
palissandre des indes	Palo santo de la India
palmier abricot	Palmera de la jalea
palmier bleu du mexique	Palmera azul, palma gris
palmier carnauba	Carnaúba, palma carnaúba, carnaubeira
palmier de californie	Washingtonia de California
palmier des canaries	Palmera canaria
palmier doum	Palmera dum
palmier nain	Palmito
palmier à cire du quindio	Palma de cera del Quindio
palmier à huile	Palma africana de aceite, palma aceitera, palmera de aceite
palmier à queue de poisson de birmanie	Cola de pescado multicaule
palmier à sucre	Palma de azúcar
palmier à échasses	Palmera que camina
palmiste africain	Buitre palmero
palourde américaine	Almeja americana
palourde bleue	Almeja babosa
palourde commune	Almeja fina
pame du nord	Pame norte
pamplemousse rose	Pomelo rosa
pan coupé	Chaflán
panache volcanique	Columna eruptiva
panicaut améthyste	Cardo amatista
panicaut champêtre	Cardo corredor, cardo setero
panicaut fétide	Culantro
panicaut maritime	Cardo marino, cardo de mar
panna cotta	Panna cotta
panne de courant	Apagón
panneau de signalisation	Señal de tráfico
panneau photovoltaïque	Panel fotovoltaico
panneau publicitaire	Valla publicitaria
panneau solaire	Panel fotovoltaico, colector solar
panneau solaire thermique	Captador solar, colector solar
panse à bière	Barriga cervecera
pantale bimaculée	Libélula rayadora de alas manchadas
pantale flavescente	Libélula rayadora naranja
pantale globe-trotteur	Libélula rayadora naranja
panthère d'afrique	Leopardo africano
panthère de floride	Pantera de Florida, puma norteamericano
panthère de l'amour	Leopardo del Amur
panthère de mer	Mero jorobado
panthère noire	Pantera negra, leopardo melánico
panthère nébuleuse	Pantera nebulosa, leopardo longibando
panure à moustaches	Bigotudo
paon du jour	Mariposa pavo real
papa gâteau	Padrazo
papa poule	Padrazo
papegeai maillé	Loro cacique
papier bulle	Film alveolar, plástico de burbuja
papier buvard	Papel secante
papier cadeau	Papel de regalo
papier calque	Papel de calco
papier cuisson	Papel sulfurizado
papier d'aluminium	Papel aluminio, papel plata
papier de riz	Papel de arroz
papier de tournesol	Papel tornasol, papel de tornasol
papier de verre	Papel de lija, lija
papier kraft	Papel de estraza, papel madera, papel kraft
papier marbré	Papel jaspeado
papier peau d'éléphant	Papel de piel de elefante
papier peint	Papel mural, papel pintado
papier pelure	Papel cebolla
papier toilette	Papel higiénico
papier à lettres	Papel de carta, papel para cartas
papier électronique	Papel electrónico
papillon de nuit	Polilla, mariposa nocturna
papillon lune	Mariposa luna
papillon lune chinois	Mariposa luna de la India
par acquit de conscience	Por el bien de la conciencia
par ailleurs	Por lo demás
par après	Después, entonces
par aventure	Eventualmente, de casualidad, por casualid
par bonheur	Por fortuna
par conséquent	En consecuencia
par contumace	En rebeldía
par cœur	De memoria, de corrido
par défaut	De forma predeterminada, en rebeldía, por
par endroits	En algunas partes
par example	Verbigracia
par excellence	Por excelencia
par exemple	Por ejemplo, e.g. o v.g
par extension	Por extensión
par force	Por fuerza
par hasard	Por casualidad
par le passé	Antes
par moments	A ratos, por momentos
par monts et par vaux	Por los montes y por los valles, por tierra y por mar, de la ceca a la meca
par nature	Por naturaleza
par rapport à	Con respecto a, en relación a o relativame; En comparación con; (coloquial) A causa de
par suite	Por tanto, por consiguiente
par suite de	Como consecuencia de
par surprise	Sorpresivamente
par voie de conséquence	Consecuentemente, por ende, por consiguiente
par à-coups	A golpes
paraboloïde hyperbolique	Paraboloide hiperbólica
parade nuptiale	Ritual de cortejo, danza de apareamiento
paradis fiscal	Paraíso fiscal
paradoxe du menteur	Paradoja del mentiroso
parallaxe horizontale	Paralaje horizontal
parallel ata	Integrated Drive Electronics
paralysie cérébrale	Parálisis cerebral
paralysie du sommeil	Parálisis del sueño
paralysie à tiques	Parálisis por picadura de garrapata
parc aquatique	Parque acuático
parc d'attractions	Parque de atracciones
parc national	Parque nacional
parc naturel	Parque natural, reserva natural
parc zoologique	Parque zoológico
parc à bébé	Corral para bebés, parque para bebés, corralito para bebés
parc éolien	Parque eólico
parce que	Porque (como causa, explicación o motivaci
pardalote de tasmanie	Pardalote tasmano
pardalote pointillé	Pardalote moteado
pardalote à point jaune	Pardalote estriado, pardalote de puntas amarillas
pardalote à sourcils rouges	Pardalote cejirrojo
parent lointain	Tataradeudo
paris ne s'est pas fait en un jour	(París no se construyó en un día) No se ga
parisette à quatre feuilles	Uva de zorra, uva de raposa, hierba de pares
parité de genre	Paridad de género
parle à ma main	Háblale a la mano
parlement européen	Parlamento Europeo
parler de la pluie et du beau temps	Hablar del tiempo
parler de tout et de rien	Hablar de lo divino y de lo humano
parler du nez	Hablar por la nariz
parler en langues	Hablar en lenguas
parler pour ne rien dire	Decir por decir, discutir por discutir, hablar por hablar
parler pour parler	Decir por decir, discutir por discutir, hablar por hablar
parler à cœur ouvert	Hablar francamente
parler à tort et à travers	Hablar a tontas y a locas
paroi abdominale	Pared abdominal
paroi primaire	Pared primaria
paroi secondaire	Pared secundaria
paroi utérine	Pared uterina
parole d'évangile	Evangelio
parquet flottant	Suelo flotante
part du lion	Parte del león o tajada del león
parterre de broderie	Parterre bordado
parti politique	Partido político
parti pris	Compromiso
participe passé	Participio pasado
participe présent	Participio presente
particule subatomique	Partícula subatómica
particule élémentaire	Partícula elemental
partie adverse	Parte contraria
partie de jambes en l'air	Echar un polvo
partie du discours	Parte de la oración
partie par million	Parte por millón, ppm
partie émergée de l'iceberg	Punta del iceberg
partir comme des petits pains	Como panes calientes
partir du mauvais pied	Comenzar con mal pie
partir en famille	Gravediĝi
partir en sucette	Hacer aguas
paruline jaune	Reinita amarilla, reinita dorada
pas de problème	No es nada, no es para tanto, no importa; De acuerdo, no hay problema
pas de quoi	De nada, no hay de qué
pas de souci	Da igual, no importa o no pasa nada
pas de tir	Plataforma de lanzamiento
pas de vis	Rosca
pas encore	Todavía no
pas moyen	Ni modo
pas à pas	Paso a paso
paso doble	Pasodoble, paso doble, paso-doble
passage canadien	Paso canadiense
passage piéton	Paso de cebra
passage protégé	Paso de cebra
passage secret	Pasaje secreto, pasaje oculto, túnel secreto
passage à l'acte	Paso al acto
passage à niveau	Paso a nivel
passage à tabac	Paliza
passage éclair	Paso relámpago, visita relámpago
passager clandestin	Polizón
passement de jambe	Bicicleta
passeport vaccinal	Pasaporte de vacunación, pasaporte vacunal
passer en douce	Deslizar
passer l'arme à gauche	Estirar la pata, colgar los guayos
passer la nuit	Pernoctar
passer la serpillière	Fregar
passer le temps	Poblar el tiempo
passer son temps à	Dedicarse
passer un examen	Pasar un examen
passer à l'acte	Pasar a la acción, pasar al acto, cometer el acto
passerine hérissée	Boalaga
passez-moi l'expression	Válgame la expresión
pata negra	Pata negra
patatas bravas	Patatas bravas
patate chaude	Patata caliente, batata caliente
patate douce	Patata dulce, batata, camote
patate frite	Papas fritas
pater familias	Paterfamilias
patin à roulettes	Patín sobre ruedas
patinage artistique	Patinaje artístico
patinage de vitesse	Patinaje de velocidad
patinage à roulettes	Patinaje sobre ruedas
patrimoine culturel immatériel	Cultura inmaterial, cultura simbólica
patrimoine industriel	Patrimonio industrial
patte folle	Abuelita pastosa
pattes d'éléphant	Pantalones acampanados
pauvre comme job	Más pobre que las ratas, no tener d'onde caerse muerto, no tener un céntimo
pauvre comme la gale	Más pobre que las ratas
pauvre diable	Pelanas, tuercebotas
pavillon bleu	Bandera Azul
pavillon de complaisance	Pabellón de conveniencia
pavot argémone	Argemone
pavot somnifère	Adormidera
pax americana	Pax Americana
payer les pots cassés	Pagar los platos rotos
pays baltes	Estados bálticos
pays constitutif	País constituyente
pays de cocagne	Jauja
pays de galles	Gales
pays développé	País desarrollado
pays imaginaire	País de Nunca Jamás
pays insulaire	Isla-Estado
pays noir	Países negros
pays-bas espagnols	Países Bajos españoles
paysage marin	Marina
peau de chamois	Gamuza
peau à peau	Piel contra piel
pectus carinatum	Tórax en quilla, pectus carinatum
pectus excavatum	Pectus excavatum, tórax en embudo
peigner la girafe	Pintar la mona
peine capitale	Ajusticiamiento
peine d'amour	Desamor
peine de mort	Ajusticiamiento, pena de muerte
peinture corporelle	Pintura corporal
peinture à l'eau	Pintura al agua
peinture à l'huile	Pintura al óleo
pelote basque	Pelota vasca
pelote de mer	Bola de fibras (de posidonia)
pelote de réjection	Egagrópila
peloton d'exécution	Pelotón de fusilamiento
pelouse aride	Pastizal seco
pendaison de crémaillère	Fiesta de inauguración, fiesta de bienvenida
pendant ce temps	Entretanto, mientras tanto
pendant que	Mientras; mientras que
pendule de newton	Péndulo de Newton, pelotas de Newton, cuna de Newton
pension de famille	Casa de huéspedes
pensée de groupe	Pensamiento de grupo, pensamiento grupal
pensée des champs	Pensamiento silvestre
pensée unique	Pensamiento único
pentaoxyde de diazote	Pentaóxido de dinitrógeno, pentóxido de dinitrógeno, anhídrido nítrico
pente savonneuse	Pendiente resbaladiza
perceptions extra-sensorielles	Percepción extrasensorial
perche commune	Perca, perca de río
perche du nil	Perca del Nilo
perche à selfie	Palo para autofoto
perche à égoportrait	Palo para autofoto
perche-soleil commune	Perca sol
perdre connaissance	Perder el conocimiento, perder el sentido, perder la consciencia
perdre courage	Perder coraje
perdre du terrain	Perder terreno
perdre la tête	Perder el juicio, perder la razón, perder la cabeza
perdre patience	Perder la paciencia, agotársele a uno la paciencia
perdre son latin	Perder el norte
perdre son sang froid	Perder los estribos, perder los nervios
perdrix bartavelle	Perdiz griega
perdrix choukar	Perdiz de Chukar
perdrix gambra	Perdiz moruna
perdrix grise	Perdiz pardilla
perdrix rouge	Perdiz roja
perle des cavernes	Perla de las cavernas
perle rare	Joya, perla
permanganate de sodium	Permanganato de sodio
permis de chasse	Permiso de caza
permis de conduire	Licencia de conducir, permiso de conducción, permiso de conducir
permis de construire	Licencia de construcción
permis de pêche	Permiso de pesca, licencia de pesca
perméabilité magnétique	Permeabilidad magnética
peroxyde d'azote	Tetróxido de dinitrógeno, óxido de nitrógeno, tetraóxido de dinitrógeno
peroxyde d'hydrogène	Peróxido de hidrógeno, dióxido de hidrógeno, agua oxigenada
perroquet de meyer	Lorito de Meyer
perroquet de rüppell	Lorito de Rüppell
perroquet des niam-niams	Lorito nianiam
perroquet jaco	Loro gris, loro yaco
perroquet robuste	Lorito robusto
perroquet youyou	Lorito senegalés
perroquet à calotte rouge	Lorito frentirrojo
perroquet à face jaune	Lorito carigualdo
perroquet à tête brune	Lorito cabecipardo
perroquet à ventre rouge	Lorito ventrirrojo
perruche alexandre	Cotorra alejandrina
perruche cornue	Perico cornudo
perruche d'alexandra	Perico princesa
perruche d'ouvéa	Perico de Uvea
perruche de barraband	Perico soberbio
perruche de bourke	Periquito rosado
perruche de brehm	Lorito tigre de Brehm
perruche de buru	Loro de Buru
perruche de derby	Cotorra de Derby
perruche de finsch	Cotorra de Finsch
perruche de geoffroy	Lorito carirrojo
perruche de l'himalaya	Cotorra del Himalaya
perruche de latham	Periquito migrador
perruche de layard	Cotorra de Ceilán
perruche de luçon	Loro nuquiazul
perruche de madarasz	Lorito tigre de Madarasz
perruche de malabar	Cotorra de Malabar
perruche de malherbe	Perico maorí montano
perruche de maurice	Cotorra de Mauricio
perruche de müller	Loro de Müller
perruche de norfolk	Perico de Norfolk
perruche de pennant	Perico elegante
perruche de sparrman	Perico maorí rojo
perruche des antipodes	Perico de las Antípodas
perruche des chatham	Perico de las Chatham
perruche des nicobar	Cotorra de Nicobar
perruche des rochers	Periquito roquero
perruche gracieuse	Perico gracioso
perruche hétéroclite	Lorito heteróclito
perruche jonquille	Papagayo de Timor
perruche masquée	Papagayo enmascarado
perruche modeste	Lorito tigre modesto
perruche multicolore	Perico variado
perruche mélanure	Perico regente
perruche nocturne	Perico nocturno
perruche omnicolore	Perico multicolor
perruche ondulée	Periquito común
perruche peinte	Lorito-tigre pintado
perruche pompadour	Papagayo granate
perruche royale	Papagayo australiano
perruche splendide	Periquito espléndido
perruche terrestre	Perico terrestre
perruche tricolore	Papagayo moluqueño
perruche turquoisine	Periquito turquesa
perruche à ailes d'or	Perico aligualdo
perruche à ailes vertes	Papagayo papú
perruche à bec de sang	Loro picogordo
perruche à bonnet bleu	Perico cariazul
perruche à bouche d'or	Periquito crisóstomo, papagayo de alas azules
perruche à capuchon noir	Perico capirotado
perruche à col bleu	Lorito acollarado
perruche à collier	Cotorra de Kramer
perruche à collier jaune	Perico de Port Lincoln
perruche à croupion bleu	Lorito dorsiazul
perruche à croupion rouge	Perico dorsirrojo
perruche à longs brins	Cotorra colilarga
perruche à moustaches	Cotorra pechirroja
perruche à oreilles jaunes	Perico carigualdo
perruche à tête d'or	Perico maorí cabecigualdo
perruche à tête pourpre	Perico capelo
perruche à tête prune	Cotorra cabeciazul
perruche à tête pâle	Perico pálido
perruche à tête rose	Cotorra carirrosa
perruche à ventre jaune	Perico de Tasmania
perruche à ventre orange	Periquito ventrinaranja
perruche écarlate	Papagayo escarlata
perruche élégante	Periquito elegante
perruche érythroptère	Papagayo alirrojo
persil des moissons	Perejil
personnalité juridique	Personalidad jurídica
personne de petite taille	Persona con talla baja, gente pequeña
personne en situation de handicap	Persona con discapacidad
personne handicapée	Persona con discapacidad
personne juridique	Persona juridica
personne morale	Persona moral
personne physique	Persona física
personne portée disparue	Ausente
personne à mobilité réduite	Persona con movilidad reducida, persona de
personne âgée	Anciano, anciana
personnel de santé	Personal sanitario, plantilla médica
personnel soignant	Personal sanitario, personal médico
perspective de genre	Perspectiva de género
perspective tordue	Perspectiva torcida
perte de fonction	Pérdida de función
pervers narcissique	Perverso narcisista, pervertido narcisista
peser le pour et le contre	Sopesar los pros y los contras
peseta guinéenne	Peseta guineana
peseta sahraouie	Peseta saharaui
peste noire	Peste negra
pet de boulanger	Pedo pinton
pet de maçon	Pedo pinton
petit ami	Novio
petit basset griffon vendéen	Grifón vandeano basset pequeño
petit blongios	Avetorillo panamericano
petit bois	Astillas
petit brabançon	Pequeño brabantino
petit chevalier à pattes jaunes	Pitotoy chico
petit chien courant suisse	Pequeño sabueso suizo, pequeño sabueso de Suiza
petit chien lion	Pequeño perro león
petit chionis	Paloma antártica de cara negra, picovaina de las Kerguelen
petit coin	Retrete
petit copain	Novio
petit doigt	Meñique
petit déjeuner	Desayuno
petit déjeuner continental	Desayuno continental
petit flamboyant	Ponciana enana
petit foc	Contrafoque
petit four	Masita, pasta, petit four
petit garçon	Niño
petit genêt d'espagne	Olaguina, aliaga negral
petit gravelot	Chorlitejo chico
petit grison	Quique
petit homme vert	Hombrecillo verde
petit houx	Rusco
petit jaque	Jack, yaca
petit lévrier italien	Pequeño lebrel italiano, galgo italiano
petit matin	Madrugada
petit monarque	Mariposa tigre
petit opossum-musaraigne	Colicorto pampeano
petit opossum-souris	Comadreja enana
petit orteil	Dedo meñique, meñique del pie
petit pain	Panecillo
petit paon de nuit	Pequeño pavón
petit peuple	Pueblo raso, pueblo llano
petit pingouin	Alca común
petit pois	Guisante, chícharo, arveja
petit pont	Caño
petit puffin	Pardela chica, pampero chico
petit rorqual	Rorcual aliblanco, ballena de minke común
petit rorqual de l'antarctique	Rorcual austral, Minke antártico
petit sphinx de la vigne	Esfinge morada pequeña
petit sylvain	Ninfa de bosque
petit à petit	Poco a poco
petit écran	Pequeña pantalla
petit épeautre	Escaña menor, escanda menor
petit-duc maculé	Autillo yanqui, autillo chillón, tecolote oriental
petite aiguille de mer	Pez pipa de rayas negras
petite amie	Novia
petite annonce	Anuncios clasificados
petite capitale	Versalita
petite centaurée	Centaurion
petite centaurée commune	Centáurea menor
petite civette indienne	Civeta enana, rasa
petite consoude	Hierba mora
petite copine	Novia
petite coronille	Coronila mínima
petite cuillère	Cucharilla, cucharadita
petite culotte	Bragas
petite fille	Niña
petite monnaie	Calderilla
petite mort	Síncope; Hecho de experimentar escalofríos; Orgasmo
petite nyctale	Tecolote afilador, lechuza norteña
petite pirogue	Cayuco
petite roussette	Pintarroja
petite souris	Ratoncito Pérez
petite sœur	Hermana pequeña, hermana menor
petites lèvres	Labios menores
petits peuples du nord	Pequeños pueblos del norte
peu après	Poco después
peu importer	No importa
peu ou prou	Mas o menos
peu à peu	Poco a poco
peuple non contacté	Pueblo no contactado
peuplier blanc	Álamo blanco, álamo común
peuplier deltoïde	Álamo carolino, álamo de la Carolina
peuplier noir	Álamo negro
peut-êtreau cas	Acaso
phagnalon des rochers	Manzanilla yesquera
phalangère à fleurs de lis	Hierba de la araña
phalarope de wilson	Falaropo de Wilson
phalarope à bec large	Falaropo de pico grueso
phalarope à bec étroit	Falaropo picofino
phalène du bouleau	Mariposa del abedul
phase liquide	Fase líquida
phase lutéale	Fase lútea
phase mobile	Fase móvil
phase solide	Fase sólida
phase stationnaire	Fase estacionaria
phase vapeur	Fase de vapor
phlomis lychnite	Candilera
phonétique syntaxique	Fonética sintáctica
phoque annelé	Foca ocelada, foca anillada
phoque barbu	Foca barbuda
phoque commun	Foca común
phoque crabier	Foca cangrejera
phoque de la caspienne	Foca del Caspio
phoque de weddell	Foca de Weddell
phoque du groenland	Foca de groenlandia
phoque gris	Foca gris
phoque moine	Foca monje
phoque moine de méditerranée	Foca monje del Mediterráneo
phoque à capuchon	Foca capuchina
phosphore blanc	Fósforo blanco
phragmite aquatique	Carricerín cejudo
phragmite des joncs	Carricerín común
phrase de passe	Frase de contraseña
phrase secrète	Frase de contraseña
phrygile du chili	Platero
phrygile à queue barrée	Platero
phrynorhombe unimaculé	Pelaya miseres
phyllanthe capucin	Charlatán capuchino
phyllanthe de chapin	Charlatán de Chapin
phyllanthe de galinier	Charlatán abisinio
phyllanthe à collier roux	Charlatán cuellirojo
phyllanthe à gorge blanche	Charlatán goliblanco
physicien médical	Físico médico
phénomène de voix électronique	Psicofonía
pian à oreilles blanches	Zarigüeya orejiblanca de Guayana
piano à queue	Piano de cola
piauhau hurleur	Guardabosques gritón
piauhau roux	Guardabosques rojizo
piauhau sombre	Guardabosques oscuro
piauhau à collier	Guardabosques acollarado
pic bûcheron	Carpinterito
pic cendré	Pito cano
pic flamboyant	Carpintero escapulario, carpintero de pechera
pic mar	Pico mediano
pic noir	Pito negro
pic syriaque	Pico sirio
pic tridactyle	Pico tridactilo
pic à dos blanc	Pico dorsiblanco
pic à glace	Picahielos
pic épeiche	Pico picapinos
pic épeichette	Pico menor
picarel commun	Caramel, picarel
pie bavarde	Urraca
pie bleue	Rabilargo
pie-grièche grise	Alcaudón real
pie-grièche masquée	Alcaudón núbico
pie-grièche à poitrine rose	Alcaudón chico
pie-grièche à tête rousse	Alcaudón común
pie-grièche écorcheur	Alcaudón dorsirrojo
pied bleu	Seta de pie azul, pimpinella morada
pied bot	Pie varo, patizambo, patizamba
pied d'alouette	Delfinio
pied d'arbre	Alcorque
pied d'athlète	Pie de atleta
pied de monnaie	Talla
pied de page	Pie de página
pied de tranchée	Pie de trinchera
pied grec	Pie griego
pied romain	Pie romano
pied à coulisse	Calibre, cartabón de corredera, pie de rey
pied égyptien	Pie egipcio
pieds nus	Descalzo
pierre angulaire	Piedra angular
pierre branlante	Piedra balanceante
pierre d'achoppement	Piedra de tropiezo
pierre d'alun	Piedra de alumbre
pierre de la faim	Piedra del hambre
pierre de latte	Piedra latte
pierre de lune	Piedra de luna
pierre de scandale	Piedra de escándalo, piedra del escándalo
pierre de soleil	Piedra solar, piedra del Sol
pierre de taille	Sillar
pierre de touche	Piedra de toque
pierre philosophale	Piedra filosofal
pierre ponce	Pumita, piedra pómez
pierre précieuse	Piedra preciosa
pierre qui roule n'amasse pas mousse	Piedra que rueda no cría musgo
pierre semi-précieuse	Piedra semipreciosa
pierre tombale	Lápida, laude, lauda
pierre à aiguiser	Afiladera, aguzadera, asperón
pierre à cerf	Piedra de ciervo
pierre à cerfs	Piedra de ciervo
pierre à fusil	Pedernal
pierre à lécher	Salegar
pieuvre commune	Pulpo común, pulpo de roca
pieuvre géante du pacifique	Pulpo gigante, pulpo gigante de California, pulpo del Pacífico Norte
pieuvre mimétique	Pulpo mimo, pulpo imitador, pulpo mimético
pieuvre à longs bras	Pulpón, pulpo patudo
pieux mensonge	Mentira piadosa, mentira blanca, mentirijilla
pigeon biset	Paloma bravía
pigeon colombin	Paloma zurita
pigeon couronné	Gura, paloma coronada
pigeon de beauté allemand	Mensajera de belleza Alemana
pigeon du chili	Paloma araucana
pigeon ramier	Paloma torcaz, torcaz
pigeon voyageur	Paloma mensajera
pigeon à queue barrée	Torcaza
pile ou face	Cara o cruz
pilier de bar	Barra pilar
pilote automatique	Piloto automático
pilule du lendemain	Píldora del día después, píldora del día siguiente, píldora anticonceptiva de emergencia
piment royal	Arrayan de los pantanos
pin aristé	Pino de Colorado
pin blanc de corée	Pino de Corea
pin bristlecone	Pino longevo
pin d'alep	Pino carrasco
pin de bordeaux	Pino rodeno
pin de l'arizona	Pino de Arizona, pino amarillo
pin de macédoine	Pino de Macedonia
pin de turquie	Pino de Chipre
pin de wollemi	Wollemia
pin maritime	Pino rodeno, pino marítimo, pino rubial
pin mugho	Pino moro
pin napoléon	Pino chino de Bunges, pino plateado
pin parasol	Pino piñonero, pino manso
pin ponderosa	Pino ponderosa, pino ponderoso
pin sylvestre	Pino silvestre, pino albar
pin à crochets	Pino negro
pince coupante	Cortaalambres, cortaalambres frontal, tenacilla
pince multiprise	Pico de loro, picoloro, alicates extensibles
pince universelle	Alicates universales, alicates
pince à linge	Pinza de la ropa
pince à téton	Pinza para pezón
pince à épiler	Pinzas, pinzas de depilar
pinscher allemand	Pinscher alemán
pinscher nain	Pinscher miniatura
pinson des arbres	Pinzón vulgar, pinzón común
pinson du nord	Pinzón real
pintade de numidie	Gallina de Guinea, pintada gris
pintade huppée	Pintada moñuda
pintade noire	Pintada negra
pintade plumifère	Guineo plumífero
pintade vulturine	Pintada vulturina
pintade à poitrine blanche	Pintada pechiblanca
pione de maximilien	Loro choclero
pione givrée	Loro seniloide, cotorra cabeciblanca
pione noire	Loro alibronceado, cotorra oscura, cotorra negra
pione pailletée	Loro tumultuoso, cotorra gorriblanca
pione violette	Loro morado, cotorra morada, cotorra de perijá
pione à bec rouge	Loro piquirrojo
pione à couronne blanche	Loro senil, loro coroniblanco, lora coroniblanca
pione à tête bleue	Loro cabeciazul
pioui de l'est	Pibí oriental
pioui de l'ouest	Pibí occidental
pipit correndera	Bailarín chico
pipit de la petchora	Bisbita del Pechora
pipit de richard	Bisbita patilargo, bisbita de Richard
pipit des arbres	Bisbita arbóreo
pipit farlouse	Bisbita pratense
pipit maritime	Bisbita ribereño costero
pipit rousseline	Bisbita campestre
pipit spioncelle	Bisbita ribereño alpino
pipit à dos olive	Bisbita de Hodgson
pipit à gorge rousse	Bisbita gorgirrojo
piquant loulou	Acacia arábiga, acacia gomifera, espino egipcio
piquer du nez	Quedarse dormido
piquer la curiosité	Aguijonear la curiosidad
piquer une tête	Darse un chapuzón, tirarse de cabeza
piranha à ventre rouge	Piraña roja, piraña de vientre rojo, piraña natt
pirate informatique	Pirata informático (hacker)
pisser dans un violon	Arar en el mar
pisser de rire	Mearse de risa
pistachier vrai	Alfóncigo, alfónsigo, pistachero
piste d'atterrissage	Pista
piste de danse	Pista de baile
piste de ski sèche	Pista de esquí seco
pistolet à air chaud	Pistola de aire caliente, pistola de calor
pistolet à eau	Pistola de agua
pit bull	Pitbull
pittasome à sourcils noirs	Tororoí capirrufo, tororoi cejinegro
pittasome à tête noire	Tororoí capinegro, tororoi pechiescamado
pittosporum de chine	Azahar de la China, azarero
pizza blanche	Pizza blanca
pièce anatomique	Pieza anatómica
pièce buccale	Pieza bucal
pièce de huit	Real de a ocho, peso de ocho
pièce de monnaie	Moneda
pièce de résistance	Plato fuerte
pièce de théâtre	Obra de teatro, obra teatral, pieza de teatro
pièce florale	Antofilo, antófilo
pièce jointe	Archivo adjunto, archivo anexo, adjunto de correo
piège à cons	Engañabobos
piéride de la rave	Pequeña mariposa de la Col
piéride du chou	Blanca de la col, mariposa de la col
place de souveraineté	Plaza de soberanía
placement de produit	Colocación de producto
plafond de bambou	Techo de bambú
plafond de verre	Techo de cristal
plafond à caissons	Artesonado
plaisir solitaire	Placer solitario
plan américain	Plano americano, plano de tres cuartos
plan complexe	Plano complejo
plan cul	Polvo
plan d'immanence	Plano de inmanencia
plan de contenu	Plano del contenido
plan de l'expression	Plano de la expresión
plan de référence	Plano de referencia
plan de transcendance	Plano de trascendencia
plan de travail	Encimera, mesa de trabajo, superficie de trabajo
plan directeur	Plan general
plan incliné	Plano inclinado
plan marshall	Plan Marshall
plan à trois	Trío
planche à battre	Trillo
planche à dépiquer	Trillo
planche à laver	Tabla de lavar
planche à repasser	Tabla de planchar
planche à roulettes	Patineta
plancher chauffant	Suelo radiante
planning familial	Planificación familiar
plantain d'eau	Llantén acuático, llantén de agua
plantain des indes	Llantén de la India
plantain maritime	Llantén marítimo
plante aquatique	Planta acuática
plante araignée	Cinta, malamadre, lazo de amor
plante aux œufs	Berenjena de huevo
plante corail	Lágrimas de Cupido
plante d'intérieur	Planta de interior
plante du pied	Planta del pie
plante grimpante	Planta trepadora
plante mellifère	Planta melífera
plante nectarifère	Flora nectarífera
plante ornementale	Planta ornamental
plante vasculaire	Planta vascular
plante à monnaie chinoise	Planta china del dinero, planta misionera
planète errante	Planeta interestelar
planète géante	Planeta gigante
planète naine	Planeta enano
planète rouge	El planeta rojo, Marte
planète super-habitable	Planeta superhabitable
planète tellurique	Planeta terrestre
plaque d'aiguille	Placa de la aguja
plaque d'immatriculation	Matrícula, placa, patente
plaque de rue	Placa de calle
plaque dentaire	Placa dental
plaque motrice	Unión neuromuscular
plaque tectonique	Placa tectónica
plaque tournante	Mesa giratoria
plaqueminier du japon	Palosanto, caqui, kaki
plaquette sanguine	Plaqueta sanguina
plaqué or	Enchapado en oro
plasma sanguin	Plasma sanguíneo
plasticité cérébrale	Plasticidad neuronal, neuroplasticidad, plasticidad neural
platane d'amérique	Plátano de Virginia
platane d'orient	Plátano oriental
plateau continental	Plataforma continental
plateau de tournage	Plató de rodaje, set de filmación, set de grabación
plateforme en ligne	Plataforma en línea
plectrophane blanc	Escribano de McKay
plectrophane de mccown	Escribano de McCown, arnoldo de Mccown
plectrophane de smith	Escribano de Smith
plectrophane des neiges	Escribano nival
plectrophane lapon	Arnoldo ártico, escribano lapón
plectrophane à ventre noir	Arnoldo ventrinegro, escribano collarejo
plein emploi	Pleno empleo
plein pouvoir	Poder absoluto
plein à craquer	Abarrotado
pleine lune	Luna llena
pleine mer	Alta mar
pleins gaz	A toda marcha, a todo trapo, a toda velocidad
pleins pouvoirs	Plenipotencia
pleurer comme une madeleine	Llorar como una Magdalena, llorar a mares
pleurer des litres	Llorar a mares
pleurer toutes les larmes de son corps	Llorar a moco tendido, llorar a mares
pleurer à chaudes larmes	Llorar a mares
pleurote de l'olivier	Seta de olivo
pleurote du panicaut	Seta de cardo
pleurote en huître	Champiñón ostra, pleuroto en forma de ostra
pleuvoir des cordes	Llover a cántaros
pleuvoir des hallebardes	Caer chuzos de punta, llover chuzos de punta
pleuvoir à seaux	Caer la lluvia a cántaros, llover a cántaros, llover a chorros
pleuvoir à verse	Caer la lluvia a cántaros, llover a cántaros, llover a chorros
plexus cœliaque	Plexo solar, plexo celíaco, plexo celiaco
plie commune	Solla
plongeon arctique	Colimbo ártico
plongeon catmarin	Colimbo chico
plongeon imbrin	Colimbo grande
plongée sportive	Buceo De Competición
pluie acide	Lluvia ácida
plurale tantum	Plurale tantum, pluralia tantum
plus de	Más
plus grand commun diviseur	Máximo común divisor
plus loin	Más adelante
plus mort que vif	(coloquial) Más muerto que vivo
plus offrant	Mejor postor
plus ou moins	Más o menos
plus petit commun multiple	Mínimo común múltiplo
plus tard	Más tarde
plutée couleur de cerf	Plúteo cervino
plutôt que	Antes que
pluvier argenté	Chorlito gris
pluvier bronzé	Chorlito dorado americano
pluvier de leschenault	Chorlito de Leschenault
pluvier doré	Chorlito dorado común
pluvier fauve	Chorlito dorado siberiano
pluvier guignard	Chorlito carambolo
pluvier kildir	Chorlitejo colirrojo, chorlo tildío
plût à dieu	Ojalá
pneu à plat	Llanta desinflada, llanta pinchada, llanta
poche abdominale	Marsupio
poche intérieure	Faltriquera
poche marsupiale	Marsupio
poche ventrale	Marsupio
podarge cornu	Podargo cornudo
podarge de blyth	Podargo de Blyth
podarge de bornéo	Podargo de Borneo
podarge de ceylan	Podargo de Ceilán
podarge de hartert	Podargo de Dulit
podarge de hodgson	Podargo colilargo
podarge de java	Podargo de Java
podarge de palawan	Podargo de Palawan
podarge des philippines	Podargo filipino
podarge des salomon	Podargo de las Salomón
podarge gris	Podargo australiano
podarge ocellé	Podargo ocelado
podarge oreillard	Podargo orejudo
podarge papou	Podargo papú
podarge à tête grise	Podargo colicorto
podarge étoilé	Podargo estrellado
podenco d'ibiza	Podenco ibicenco
podengo portugais	Podenco portugués
podophylle pelté	Podofilo
poids atomique	Peso atómico
poids net	Peso neto
poigne de fer	Puño de hierro
poignet de force	Muñequera
poignet mousquetaire	Puño francés
poignée d'amour	Llantas, michelín
poignée de main	Apretón de manos
poignée de porte	Perilla, pomo o pomo de la puerta
poil pubien	Vello púbico
poing de singe	Puño de mono
point a	Punto A
point aveugle	Punto ciego
point b	Punto B
point barre	Barra de punto
point cardinal	Punto cardinal
point chaud	Punto caliente, punto crítico
point critique	Punto crítico
point d'appui	Fulcro
point d'articulation	Punto de articulación
point d'auto-inflammation	Temperatura de autoignición
point d'exclamation	Signo de exclamación
point d'inflammation	Punto de inflamación
point d'inflexion	Punto de inflexión
point d'interrogation	Signo de interrogación
point d'orgue	Calderón, punto álgido
point d'ébullition	Punto de ebullición
point d'éclair	Punto de destello, punto de inflamabilidad
point d'écoute	Puño de escota
point de base	Punto base
point de code	Punto de código
point de conduite	Punto de guía
point de croix	Punto de cruz
point de fuite	Punto de fuga
point de fusion	Punto de fusión
point de lagrange	Punto de Lagrange
point de pourcentage	Punto porcentual
point de repère	Hito
point de rosée	Punto de rocío
point de rupture	Punto de ruptura
point de vie	Punto de resistencia
point de vue	Punto de vista
point de vue neutre	Punto de vista neutral
point droit	Puntada corrida, puntada recta
point détente	Punto gatillo
point exclarrogatif	Exclarrogativo
point faible	Punto débil
point final	Punto final, y punto final, y punto
point g	Punto G
point gâchette	Punto gatillo
point mort	Punto muerto
point médian	Punto medio
point relais	Punto de conveniencia, punto de recogida
point stationnaire	Punto estacionario
point triple	Punto triple
point à la ligne	Punto y a la raya, punto y seguido, punto seguido
point équivalent	Punto de equivalencia
points de suspension	Puntos suspensivos
poire de terre	Yacón, aricoma
poire sauvage	Peruétano
poireau perpétuel	Ajotrino
poirier à feuilles d'amandier	Peral de hojas de almendro
pois asperge	Arvejilla espárrago
pois cassés	Arvejas partidas, chícharos partidos
pois chiche	Garbanzo
pois d'angole	Guandul, gandul, guandú
pois de terre	Guisante de tierra, guandsú
pois patate	Ñame africano
pois sauteurs	Frijoles saltarines
poison neutronique	Veneno nuclear, veneno de neutrones
poisson ananas	Pez piña
poisson chauve-souris	Pez murciélago
poisson d'avril	Pez de abril
poisson de sable	Pez de arena
poisson pané	Palitos de pescado, varita de pescado
poisson pilote	Pez piloto
poisson pomme de pin	Pez piña
poisson rouge	Carpa dorada, carpín dorado
poisson tigre	Tarucha
poisson volant	Pez volador
poisson volant commun	Volador tropical
poisson-chat du mékong	Panga
poisson-chat géant du mékong	Pez gato del Mekong
poisson-chat épineux	Cuyú-cuyú, bagre hueso, boni
poisson-coffre jaune	Pez cofre amarillo, pez cofre moteado
poisson-papillon d'eau douce	Pez mariposa de agua dulce, pez mariposa africano
poisson-papillon de meyer	Pez mariposa de Meyer
poisson-papillon à nez noir	Pez mariposa barbero
poisson-papillon à tache bleue	Pez mariposa de color azul
poisson-perroquet méditerranéen	Vieja colorada
poisson-soldat à bande noire	Candil de piedra, soldado raya-negra
poisson-soldat à longues épines	Candil rufo, carajuelo rufo
poisson-soldat à œillères	Candil piñón
poisson-écureuil géant	Candil sable
poisson-écureuil sabre	Candil sable
poisson-écureuil sombre	Carajuelo oscuro, candil manchado
poivre des moines	Pimentera
poivre noire	Pimienta negra
poivre rose	Pimienta rosa
poix de bouleau	Brea de abedul, pez de abedul
poix de bourgogne	Pez de Borgoña
pole dance	Barra americana, baile en barra, baile en tubo
police d'assurance	Póliza de seguro
police de caractères	Fuente
police montée	Policía montada
police municipale	Policía municipal, policía local
police politique	Policía secreta
police scientifique	Policía científica
police secrète	Policía secreta
politique de l'autruche	Política de avestruz, política del avestruz
politique linguistique	Política lingüística
politiquement correct	Políticamente correcto; Corrección política (conducto)
polyméthacrylate de méthyle	PMMA
polypode du sud	Polipodio del sur
polyéthylène glycol	Polietilenglicol
polémoine bleue	Valeriana azul, valeriana griega
pom pom girl	Porrista
pom-pom girl	Porrista, animador, animadora
pomme cannelle	Anón, anona, riñón
pomme d'adam	Nuez de Adán, nuez, bocado de Adán
pomme d'api	Api, mela appiola
pomme de discorde	Manzana de la discordia
pomme de lait	Caimito
pomme de pin	Piña
pomme de terre	Patata, papa
pommier d'amour	Cereza de Jerusalén
pommier de sodome	Manzano de Sodoma
pompe centrifuge	Bomba centrífuga
pompe de cale	Bomba de sentina
pompe foulante	Bomba impelente
pompe péristaltique	Bomba peristáltica
pompe à béton	Bomba de hormigón
pompe à chapelet	Bomba hidráulica de cadena
pompe à engrenages	Bomba de engranajes
pompe à insuline	Bomba de insulina
pompe à membrane	Bomba de membrana
pompe à palettes	Bomba rotativa de paletas
pompe à vent	Bombeo eólico
pompe à vide	Bomba de vacío
pompe à vélo	Bomba de bicicleta
pompe éolienne	Bombeo eólico
pompes funèbres	Pompas fúnebres, funeraria
pont basculant	Puente basculante
pont couvert	Ponte cubierto
pont de diodes	Puente rectificador
pont de singe	Puente de cuerda
pont flottant	Puente de barcas
pont levant	Puente de levante
pont roulant	Puente-grúa
pont suspendu	Puente colgante
pont tournant	Puente giratorio
pont à haubans	Puente atirantado
pontet souscrit	Puente suscrito
popoloca de san juan atzingo	Popoloca de San Juan Atzingo
popoloca de san marcos tlacoyalco	Popoloca de San Marcos Tlacoyalco
populage des marais	Calta palustre, verruguera
porc du vietnam	Cerdo vietnamita
porc ibérique	Cerdo ibérico
porc laineux	Cerdo mangalica
porc-épic à crête	Puercoespín crestado
porcelaine dure	Porcelana de pasta dura
porcelaine tendre	Porcelana de pasta blanda
porcellane grise	Cangrejo de porcelana peludo
porno chic	Porno chic, porn chic
porphyre andésitique	Pórfido andesítico
porphyre picritique	Pórfido picrítico
port dû	Porte debido, flete debido
port parallèle	Puerto paralelo
port payé	Porte pagado
porte dérobée	Backdoor
porte papillon	Puerta de gaviota
porte à tambour	Puerta giratoria
portefeuille de crypto-monnaie	Cartera de criptodivisa
porter le chapeau	Cargar el muerto a alguien, echar el muerto a alguien
porter malheur	Traer mala suerte
porter plainte	Denunciar
porter sa croix	Llevar a sua cruz
porter secours	Prestar auxilio
porter un jugement sur	Enjuiciar
porter un toast	Brindar
porter à confusion	Llevar a confusión, inducir a error
porteur de charge	Portador de carga
portique de levage	Grúa pórtico
portrait de groupe	Retrato colectivo
porté disparu	Desaparecido
poser les yeux	Posar la vista
poser un lapin	Dar un plantón, dejar plantado
position latérale de sécurité	Posición lateral de seguridad
post bellum	Posbélico, posbélica
poste aérienne	Correo aéreo
poste de clôture	Pastor eléctrico
poste restante	Lista de correos
poste électrique	Subestación eléctrica
pot de chambre	Borcelana, porcelana, bacinica
pot de colle	Lapa
pot de peinture	Bote de pintura
pot à lait	Lechera
potamot crépu	Rizos de agua
potamot nageant	Espiga de agua
potamot à feuilles de renouée	Espiga de agua
potasse caustique	Potasa cáustica
poteau d'exécution	Paredón
pouding au pain	Budín de pan
poudre de perlimpinpin	Polvos de Madre Celestina
poudre noire	Pólvora negra
poudre à canon	Pólvora, pólvora de cañón
pouillot boréal	Mosquitero boreal
pouillot de bonelli	Mosquitero papialbo
pouillot de hume	Mosquitero de Hume
pouillot de pallas	Mosquitero de Pallas
pouillot de schwarz	Mosquitero de Schwarz
pouillot fitis	Mosquitero musical
pouillot siffleur	Mosquitero silbador
pouillot verdâtre	Mosquitero troquiloide
pouillot véloce	Mosquitero común
pouillot à grands sourcils	Mosquitero bilistado
poule d'eau	Polla de agua
poule domestique	Gallina
poule mouillée	Gallina
poulet à la kiev	Pollo Kiev
poulet à la kiévienne	Pollo Kiev
poulet à la kyiv	Pollo Kiev
poulet à la kyivienne	Pollo Kiev
poulet à la kyïv	Pollo Kiev
poulet à la mode de kiev	Pollo Kiev
poulet à la mode de kyiv	Pollo Kiev
poulet à la mode de kyïv	Pollo Kiev
poulpe diurne	Gran pulpo azul, pulpo del día
poumon d'acier	Pulmón de acero, pulmotor, pulmón artificial
poupée reborn	Bebé reborn
poupée russe	Matrioska, muñeca rusa
poupée vaudou	Muñeco vudú
pour ainsi dire	Por así decirlo
pour autant que	Con que, siempre y cuando
pour ce faire	Para ello
pour cent	Por ciento
pour de bon	Siempre, para siempre, seriamente
pour dire peu	Por decir poco
pour l'amour de dieu	Por el amor de Dios
pour l'instant	Por el momento
pour la plupart	En su mayor parte, en su mayoría, para la
pour ma part	Por mi parte
pour mille	Por mil
pour ne pas dire	Por no decir
pour peu que	Con poco que
pour que	Para que
pour sûr	Por seguro
pour toujours	Para siempre
pourpier d'hiver	Lechuga del minero, verdolaga de Cuba
pourpier de mer	Orgaza
pourquoi pas	¿Por qué no?
pourriture noble	Podredumbre noble
poursuite judiciaire	Pleito
poursuivre en justice	Demandar
pourvu que	Siempre y cuando, a condición de, ojalá
pousser sa chance	Tanto va el cántaro a la fuente que al final se rompe
pouvoir d'achat	Poder adquisitivo, poder de adquisición, poder de compra
pouvoir de contrôle	Poder de decisión
pouvoir de résolution	Poder de resolución
pouvoir exécutif	Poder ejecutivo
pouvoir intelligent	Poder inteligente
pouvoir judiciaire	Poder judicial
pouvoir législatif	Poder legislativo
pouvoir sucrant	Poder edulcorante, poder endulzante
pouvoir symbolique	Poder simbólico
pouvoir temporel	Poder temporal
pouvoirs publics	Poderes públicos
poème symphonique	Poema sinfónico
poêle à charbon	Estufa de carbón
praire commune	Escupiña grabada, almejón
premier de la classe	Primero de la clase, primera de la clase
premier ministre	Primer ministro
premier monde	Primer mundo
premier quartier	Cuarto creciente
premier secrétaire	Secretario general
premier étage	Planta primera
premiers entre eux	Primos entre sí
premiers secours	Primeros auxilios
première communion	Primera comunión
première guerre mondiale	Primera Guerra Mundial
première ligne	Línea de fuego, primera línea
première ministre	Primera ministra
première nouvelle	Primera noticia
première personne	Primera persona
première personne du pluriel	Primera persona del plural
première personne du singulier	Primera persona del singular
prendre au berceau	Asaltacunas
prendre au dépourvu	Coger desprevenido
prendre au mot	Tomar la palabra
prendre au sérieux	Tomar en serio
prendre aux tripes	Llegar, alma
prendre avec des pincettes	Tomar con pinzas
prendre congé	Despedirse
prendre courage	Cobrar ánimos, arnarse de valor
prendre de court	Coger por sorpresa
prendre des notes	Apuntar
prendre des nouvelles	Pedir noticias, pedir por alguien, querer saber de alguien
prendre des vessies pour des lanternes	Confundir las churras con las merinas, dar gato por liebre
prendre du temps	Llevar tiempo
prendre en charge	Hacerse cargo de
prendre en compte	Tener en cuenta
prendre en considération	Tomar en consideración
prendre en main	Encargarse de
prendre feu	Prender, coger candela
prendre forme	Tomar cuerpo, tomar forma
prendre froid	Resfriarse
prendre la grosse tête	Subirse los humos a la cabeza
prendre la main dans le sac	Agarrar la mano en la masa
prendre la mer	Hacerse a la mar
prendre la peine	Tomarse la molestia
prendre la poudre d'escampette	Poner pies en polvorosa
prendre le dessus	Reponerse, imponerse
prendre le relai	Coger el relevo, tomar el relevo
prendre le taureau par les cornes	Coger el toro por los cuernos
prendre les rênes	Tomar las riendas
prendre note	Tomar nota
prendre par surprise	Coger por sorpresa, coger de sorpresa, tomar por sorpresa
prendre parti	Tomar partido
prendre pour acquis	Dar por supuesto, dar por seguro, dar por sentado
prendre sa retraite	Jubilarse
prendre ses cliques et ses claques	Liar los bártulos, liar el petate
prendre ses jambes à son cou	Salir pitando
prendre soin	Atender, cuidar
prendre son courage à deux mains	Armarse de valor, hacer de tripas corazón, armar-se de coraje
prendre son temps	Tomarse su tiempo
prendre un raccourcicouper	Atajar
prendre un ris	Arrizar
prendre un virage à la corde	Tomar una curva cerrada
prendre une douche	Tomar una ducha
prendre à cœur	Tomar a pecho
prendre à revers	Tomar de revés
presque partout	Casi en todas partes
presque sûr	Casi seguro
presque sûrement	Casi seguramente
presse hydraulique	Prensa hidráulica
pression atmosphérique	Presión atmosférica
pression de sélection	Presión evolutiva
pression de vapeur saturante	Presión de vapor de saturación, presión de saturación de vapor
pression oncotique	Presión oncótica
pression osmotique	Presión osmótica
prestataire de services	Proveedor de servicios
prestation sociale	Prestación social
pretium doloris	Pretium doloris
preuve par neuf	Prueba del nueve
priacanthe commun	Catalufa espejuelo
priacanthe de bloch	Catalufa florera
priacanthe rouge	Catalufa ojón, catalufa toro
prima donna	Prima donna
primaires de l'élection présidentielle	Primaria presidencial
prime de risque	Plus de peligrosidad, prima de riesgo
prime time	Prime time
primevère officinale	Pan y quesillo
prince charmant	Príncipe azul
prince de galles	Príncipe de Gales
principe anthropique	Principio antrópico
principe d'immanence	Principio de inmanencia
principe de précaution	Principio de precaución
principe du pollueur-payeur	Principio quien contamina paga, principio contaminador-pagador
prion bleu	Petrel azulado
prion colombe	Pato-petrel piquicorto
prion de belcher	Pato petrel picofino, prion picofino, prión picofino
prion de forster	Pato-petrel piquiancho, prión piquiancho
prion de la désolation	Pato-petrel antártico, prión antártico
prion de salvin	Pato-petrel de Salvin
prion à bec épais	Pato petrel picogrueso, prión picogrueso
prise d'eau	Aguada
prise d'otage	Toma de rehenes
prise de courant	Enchufe, tomacorriente
prise de décision par consensus	Decisión por consenso
prise de pouvoir	Apoderamiento, toma del poder
prise de sang	Toma de sangre
prise de voile	Velorio
prise de vue	Toma de vistas
prise en main	Inicio de operación
prise en passant	Captura al paso
prise électrique	Enchufe
prisonnier de guerre	Prisionero de guerra
prisonnier politique	Preso político
private joke	Broma privada
privation de sommeil	Privación del sueño, privación de sueño
privilège blanc	Privilegio blanco
prix d'intervention	Precio de intervención
prix de revient	Precio natural
prix nobel	Premio Nobel
prière de	Favor de o por favor; (formal) Se ruega que …
problème de l'arrêt	Problema de la parada
processionnaire du pin	Procesionaria del pino
processus d'amélioration continue	Proceso de mejora continua, PMC
processus de paix	Processo de paz
processus xiphoïde	Xifoides
prochilodus noir	Boquichico, bocachico, sábalo
procureur général	Procurador general
procédure civile	Procedimiento civil
producteur primaire	Productor primario
production en série	Fabricación en serie, producción en cadena
productivité primaire	Productividad primaria
produit d'entretien	Limpiador
produit de beauté	Producto de belleza
produit de consommation	Producto de consumo
produit de contraste	Medio de contraste
produit de luxe	Producto de lujo
produit phare	Producto estrella
produit scalaire	Producto escalar, producto punto
profession libérale	Profesión liberal
profiter de	Aprovechar, aprovecharse de, disfrutar de,
profiter à	Beneficiar, beneficiar a o ser fructífero
programmation fonctionnelle	Programación funcional
programmation impérative	Programación imperativa
programmation informatique	Programación
programmation objet	Programación orientada a objetos, programación orientada al objeto
programmation orientée objet	Programación orientada a objetos, programación orientada al objeto
programmation orientée objets	Programación orientada a objetos, programación orientada al objeto
programmation orientée-objets	Programación orientada a objetos, programación orientada al objeto
programmation par objets	Programación orientada a objetos, programación orientada al objeto
programme informatique	Programa informático
projet de loi	Proyecto de ley
promesse de vente	Promesa de venta
promettre monts et merveilles	Prometer el oro y el moro
pronom de préférence	Pronombre preferido
pronom démonstratif	Pronombre demostrativo
pronom indéfini	Pronombre indefinido
pronom interrogatif	Pronombre interrogativo
pronom personnel	Pronombre personal
pronom possessif	Pronombre posesivo
pronom relatif	Pronombre relativo
pronom réfléchi	Pronombre reflexivo
propagande par le fait	Propaganda por el hecho
prophétie autoréalisatrice	Profecía autocumplida, profecía autorrealizada
proposition contraposée	Contraposición, contrarrecíproco, contrapositiva
proposition de loi	Proposición de ley
proposition subordonnée	Cláusula dependiente, oración subordinada, cláusula subordinada
proprement dit	Propiamente dicho, propiamente dicha
propriété intellectuelle	Propiedad intelectual
propulsion par réaction	Propulsión a chorro
propulsion thermique	Propulsión térmica
prosopopée inversée	Prosopopeya inversa
protection de l'environnement	Protección del medio ambiente
protection de la santé	Protección de la salud
protection des données personnelles	Protección de datos personales
prothèse dentaire	Prótesis dental
prothésiste dentaire	Protésico dental
proto-taï du sud-ouest	Prototai del suroeste
protoxyde d'azote	Monóxido de dinitrógeno, óxido nitroso, protóxido de nitrógeno
protée anguillard	Olm
province d'outre-mer	Provincia ultramarina, provincia de ultramar
province ultramarine	Provincia ultramarina, provincia de ultramar
prudence est mère de sûreté	La desconfianza es madre de la seguridad, la desconfianza aparta el engaño
prune de sainte-catherine	Ciruela de yema
prunelle de ses yeux	Niña de sus ojos
prunier chickasaw	Ciruelo chickasaw
prunier d'espagne	Jocote, abalá
prunier de cythère	Yuplón, cirolero de Filipinas, mangotin
prunier mombin	Jobo
près de	Cerca de; (+ être) Para (indicando una acción próxim
préjugé racial	Prejuicio racista
prélèvement sanguin	Toma de sangre
prénom composé	Nombre compuesto
présence maritime coordonnée	Presencia marítima coordinada
présent du subjonctif	Subjuntivo presente
président élu	Presidente electo
président-directeur général	Director gerente
présomption d'innocence	Presunción de inocencia
prêcher d'exemple	Predicar con el ejemplo
prêle des bois	Cola de caballo
prêt à usage	Comodato
prêter attention	Prestar atención
prêter main-forte	Echar una mano, dar una mano
prêter serment	Prestar juramento
prêtre ouvrier	Sacerdote obrero, cura obrero, cura rojo
psilocybe lancéolé	Mongui
psittacule d'edwards	Lorito de Edwards
psittacule de desmarest	Lorito de Desmarest
psittacule de salvadori	Lorito de Salvadori
psittacule double-œil	Lorito dobleojo
psittacule lunulé	Lorito guayabero
psittacule à poitrine orange	Lorito pechinaranja
psittirostre de laysan	Palila de Laysan
psittirostre de maui	Pseudonestor
psittirostre palila	Palila de Hawái
psittirostre psittacin	Ou
psittirostre à gros bec	Certiola Kona
psittrichas de pesquet	Loro aguileño, loro de pesquet
psoralée bitumineuse	Trébol hediondo
psychologie cognitive	Psicología cognitiva
psychologie sociale	Psicología social
ptine doré	Cascarudo amarillento
ptérophore blanc	Polilla penacho
puce chique	Nigua, pique
puce de mer	Pulga de mar
pudel pointer	Pudelpointer
puffin cendré	Pardela atlántica, pardela canaria, pardela cenicienta canaria
puffin cul-noir	Pardela culinegra
puffin d'audubon	Pardela de Audubon
puffin de baillon	Pardela tropical
puffin de bannerman	Pardela de Bannerman, pardela de las Bonin
puffin de boyd	Pardela chica de Cabo Verde
puffin de bryan	Pardela de Bryan
puffin de buller	Pardela dorsigrís
puffin de heinroth	Pardela de Heinroth
puffin de hutton	Pardela de Hutton
puffin de la nativité	Pardela de Pascua, pardela de Navidad
puffin de macaronésie	Pardela de Barolo, pardela chica del norte, pardela de la Macaronesia
puffin de newell	Pardela de Newell
puffin de parkinson	Pardela de Parkinson
puffin de scopoli	Pardela cenicienta mediterránea
puffin de townsend	Pardela de Townsend, pardela de Revillagigedo
puffin des anglais	Pardela pichoneta
puffin des baléares	Pardela balear
puffin des galapagos	Pardela de las Galápagos
puffin du cap-vert	Pardela de Cabo Verde, pardela cenicienta caboverdiana
puffin du westland	Pardela de Westland
puffin fouquet	Pardela del Pacífico
puffin fuligineux	Pardela sombría, pardela oscura
puffin gris	Pardela gris
puffin leucomèle	Pardela canosa
puffin majeur	Pardela mayor, pardela capirotada, pardela cabeza negra
puffin persique	Pardela persa
puffin volage	Pardela gavia
puffin yelkouan	Pardela mediterránea
puffin à bec grêle	Pardela de Tasmania
puffin à lunettes	Pardela de anteojos, petrel de anteojos
puffin à menton blanc	Pardela gorgiblanca, petrel de barba blanca, petrel de mentón blanco
puffin à pieds pâles	Pardela paticlara, pardela negruzca
puffin à pieds roses	Pardela patirrosa
puffinure de garnot	Yunco
puissance apparente rayonnée	Potencia radiada aparente
puissance de feu	Potencia de fuego
puits canadien	Pozo canadiense
puits de carbone	Sumidero de carbono
puits de mine	Pozo
puits de science	Pozo de sabiduría
puits provençal	Pozo provenzal
pulicaire dysentérique	Hierba de gato
pulpe camérale	Pulpa cameral
pulpe coronaire	Pulpa coronal
pulpe dentaire	Pulpa dentaria
pulpe radiculaire	Pulpa radicular
pulsatille des prés	Pulsatila negruzca
pulvérisation des récoltes	Aplicación aérea
punaise de lit	Chinche
punaise de sacristie	Chupacirios
punaise des lits	Chinche
punk à chien	Perroflauta
pur-sang arabe	Caballo de raza árabe
pure race espagnole	Caballo andaluz
purement et simplement	Simple y llanamente
putain de	(malsonante) Chingado, desgraciado, jodido, maldito, pi; (malsonante) Chingado o puto
putain de bordel de merde	(vulgar) Chingada madre, chingao, joder (expresa de
putain de merde	(malsonante) ¡Me cago en Dios!
putain que	A huevo
putois marbré	Turón búlgaro
pycnoptile compagnon	Acantiza piloto
pygargue vocifère	Pigargo vocinglero
pygargue à queue blanche	Pigargo europeo
pygargue à tête blanche	Águila calva
pylône électrique	Torre eléctrica, apoyo eléctrico
pyramide de ponzi	Esquema de Ponzi, esquema Ponzi
pyramide des âges	Pirámide de edades, pirámide demográfica, pirámide de población
pyramide olfactive	Pirámide de fragancias
pyramide tronquée	Pirámide truncada
pyrrhoplecte à nuque d'or	Pinzón nuquigualdo
python molure	Pitón de la India
pyxide arachnoïde	Tortuga araña de Madagascar
pyxide à queue plate	Tortuga de cola plana
pâquerette annuelle	Margarita annual
pâquerette des bois	Bellorita, margarita silvestre
pâquerette vivace	Margarita común, pascueta
pâte d'arachide	Mantequilla de cacahuete, mantequilla de maní, crema de cacahuate
pâte de cacao	Masa del cacao
pâte de coing	Dulce de membrillo
pâte de fruit	Pasta de frutas
pâte de maïs nixtamalisé	Masa
pâte feuilletée	Hojaldre
pâte lisse	Engrudo
pâte à choux	Pasta choux
pâte à modeler	Plastilina
pâte à papier	Pulpa de papel, pasta para papel, pulpa de celulosa
pâté de maisons	Manzana, cuadra, bloque
pâté impérial	Rollo de huevo
père biologique	Padre biológico
père conscrit	Padre conscripto
père noël	Papá Noel
péché capital	Pecado capital
péché originel	Pecado original
pédale de frein	Pedal de freno, pedal del freno
pélican blanc	Pelícano vulgar
pélican brun	Pelícano pardo
pélican d'amérique	Pelícano blanco americano, pelícano blanco, alcatraz blanco
pélican frisé	Pelícano ceñudo
pélican gris	Pelícano rosado
pélican à bec tacheté	Pelícano oriental
pélican à lunettes	Pelícano australiano
pélobate cultripède	Sapo de espuelas
pélodyte ponctué	Sapillo moteado común
pénélope de goudot	Pava maraquera, pava falcialar, pava cabeza blanca
pénélope pajuil	Pava pajuil, chachalaca negra, guan negro
pénélope panachée	Pava cojolita, cojolite
pénélope péoa	Pava chica, yacú poí
pénélope à poitrine rousse	Pava crestiblanca
pépoaza oeil-de-feu	Diucón
pépoaza œil-de-feu de chiloé	Huilco
péricarde fibreux	Pericardio fibroso
péril jaune	Peligro amarillo
périophtalme rayé d'argent	Saltarín del fango de líneas plateadas
péter les plombs	Volverte loco
pétition de principe	Petición de principio
pétoncle chilien	Ostión del norte, concha de abanico
pétoncle noir	Zamburiña
pétrel des neiges	Petrel níveo
pêche sechée	Huesillo
pêche à l'explosif	Pesca con explosivos
pêche à la dynamite	Pesca con dinamita
pêche à la grenade	Pesca con granada
pêcher en eau trouble	A río revuelto, ganancia de pescadores
pôle céleste	Polo celeste
pôle eurasien d'inaccessibilité	Polo de inaccesibilidad de Eurasia
pôle nord	Polo Norte
pôle nord céleste	Polo norte celeste
pôle sud céleste	Polo sur celeste
qr code	Código QR
qu'est-ce que	Qué
qu'est-ce que c'est	¿Qué es esto?, ¿Qué es eso?, ¿Qué es?
qu'est-ce qui	Qué (de un sujeto inanimado)
qu'on ne peut pas censurer	Incensurable
qu'à cela ne tienne	Pues bien, no importa
qualité de vie au travail	Calidad de vida laboral, calidad del empleo
quand bien même	Aun cuando o aunque
quand les poules auront des dents	Cuando las ranas críen pelo, cuando las vacas vuelen
quand même	Sin embargo; (anticuado) Aunque
quand on parle du loup	Hablando del rey de Roma
quant à	Acerca de, con relación a, concerniente a,
quantité de lumière	Energía lumínica
quantité de matière	Cantidad de sustancia
quantité de mouvement	Cantidad de movimiento
quark étrange	Cuark extraño, quark extraño
quart d'heure	Cuarto de hora
quart d'heure académique	Cuarto de hora académico
quart d'heure de rabelais	Cuarto de hora de Rabelais
quart de finale	Cuartos de final
quart de ton	Cuarto de tono
quarte juste	Cuarta justa
quartier général	Cuartel general
quartz fumé	Cuarzo ahumado
quartz rose	Cuarzo rosa
quatre cent quatre	Cuatrocientos cuatro
quatre centième	Cuadringentésimo
quatre heures	Merienda
quatrième de couverture	Contraportada
que dalle	Nada de nada
que je sache	Que yo sepa
que la lumière soit	Hágase la luz
quebracho blanc	Quebracho blanco
quebracho rouge	Quebracho colorado santiagueño, quebracho colorado chaqueño
quechua de cuzco	Quechua cuzqueño
quel que soit	Cual que sea
quel âge as-tu	¿Qué edad tienes?; ¿Cuántos años tienes?
quelle heure	Qué hora
quelque chose	Algo
quelque part	En algún sitio, en alguna parte
quelque temps	Algún tiempo
question piège	Pregunta capciosa
question rhétorique	Pregunta retórica
quetzal antisien	Quetzal crestado
quetzal brillant	Quetzal fúlgido
quetzal doré	Quetzal de cabeza dorada, quetzal cabecidorado
quetzal pavonin	Quetzal pavonino, quetzal amazónico
queue-de-gaze du mallee	Maluro del mallee
queue-de-gaze du sud	Maluro meridional
queue-de-gaze à calotte rousse	Maluro coronirrufo
qui abreuve	Abrevador
qui de droit	Quien corresponda, quien pueda concernir
qui ne dit mot consent	Quien calla, otorga
qui ne risque rien n'a rien	El que no arriesga no gana
qui ne tente rien n'a rien	Quien no arriesga, no gana
qui part à la chasse perd sa place	Quien se fue a Sevilla, perdió su silla
qui rapetisse	Achicador
qui s'y frotte s'y pique	El que juega con el fuego siempre sale quemado
qui sait	Quién sabe
qui se ressemble s'assemble	Cada oveja con su pareja, cada gorrión con su espigón
qui sème le vent récolte la tempête	Cada uno recoge lo que siembra
qui transgresse	Transgresor, trasgresor
qui trop embrasse mal étreint	Quien mucho abarca poco aprieta
qui va là	¿Quién va? ¿Quién va allá?
qui va à la chasse perd sa place	Quien se fue a Sevilla, perdió su silla
qui vivra verra	Quien viva, verá
qui vole un œuf vole un bœuf	Quien hace un cesto, hará ciento
quinine de cayenne	Palo de cuasia
quinquina jaune	Cascarilla, quina, quino
quinte juste	Quinta justa
quiscale à longue queue	Quiscal, zanate
quoi de neuf	(coloquial) ¿Qué hay de nuevo?
quoi qu'il en soit	De cualquier forma, de todas formas, de cualquier manera
quoi que ce soit	Lo que sea
quotient autistique	Cociente de espectro autista
quotient intellectuel	Cociente intelectual
quotité disponible	Tercio de libre disposición
raccourci clavier	Atajo de teclado, tecla aceleradora, hotkey
racine aérienne	Raíz aérea
racine carrée	Raíz cuadrada
racine cubique	Raíz cúbica
racisme anti-noir	Racismo antinegro, anti-negritud
racisme systémique	Racismo sistémico
raconter des salades	Hablar tonterías
radar automatique	Radar de tráfico
radical libre	Radical libre
rafale descendante	Reventón, martillazo, ráfaga descendente
rafeiro de l'alentejo	Rafeiro do Alentejo
rage de dents	Dolor de muelas
raide mort	Tieso muerto
raie bouclée	Raya de claros
raie des fesses	Raya del culo
raie léopard	Chucho, chucho pintado, gavilan pintado
raie manta	Mantarraya
rainette méridionale	Ranita meridional
rainette versicolore	Rana arbórea gris
rais d'escarboucle	Carbunculo
raisin de corinthe	Pasa de Corinto
raisin de loup	Hierba mora
raisin de table	Uva de mesa
raisin sec	Pasa, uva pasa
raisinier de chine	Árbol de las pasas
raison d'état	Razón de Estado
raison sociale	Razón social
ramasseur de balles	Recogepelotas
ramasseuse de balles	Recogepelotas
ramo grande	Ramo grande
rapace diurne	Ave rapaz diurna
raphé périnéal	Rafe perineal
rapport de conversion	Factor de conversión
rapport de force	Relación de fuerzas
rapport sexuel	Coito, relación sexual
rapporteur fictif	Ponente alternativo
rascasse rouge	Escórpora, escorpena, cabracho
rascasse à nageoires blanches	Pez león de aleta clara, pez león con barra de cola, pez león
rasoir d'ockham	Navaja de Occam
rasoir de hanlon	Principio de Hanlon
rastreador brasileiro	Rastreador brasileño
rat architecte	Rata arquitecto
rat brun	Rata parda
rat de bibliothèque	Ratón de biblioteca
rat de laboratoire	Rata de laboratorio
rat des moissons	Ratón espiguero
rat géant de gambie	Rata Druida
rat musqué	Rata almizclera
rat noir	Rata negra
rat rayé	Ratón listado
rat à crinière	Rata de crin
rat à crête	Rata de crin
rat épineux	Raton espinoso
rat épineux du caire	Ratón espinoso egipcio
rater son coup	Fracasar
raton crabier	Osito lavador
raton laveur	Mapache, osito lavador
rayon d'action	Radio de acción
rayon de miel	Panal
rayon x	Rayo X
rayonnement de hawking	Radiación de Hawking
rayonnement du corps noir	Radiación de cuerpo negro
rayonnement infrarouge	Radiación infrarroja
rayonnement thermique	Radiación térmica
rayonnement ultraviolet	Radiación ultravioleta
rayonnement électromagnétique	Radiación electromagnética
rayons alpha	Rayo alfa
rayons gamma	Rayo gamma
raz de marée	Maremoto
rebattre les oreilles	Calentar la cabeza
rebond post-glaciaire	Ajuste postglacial, ajuste isostático
rebrousser chemin	Desandar lo andado
received pronunciation	Pronunciación recibida
receveur universel	Receptor universal
recherche opérationnelle	Investigación de operaciones, investigación operativa
reconnaissance de dette	Reconocimiento de deuda, pagaré
reconnaissance faciale	Reconocimiento facial
reconnaissance optique de caractères	Reconocimiento óptico de caracteres
reconstitution historique	Recreación histórica
recouvrir d'un tapis	Alfombrar
red poll	Red poll
rein en fer à cheval	Riñón de herradura
reine mère	Reina madre
rejeter la faute	Echar la culpa
relation binaire	Relación binaria
relation queerplatonique	Relación queerplatónica
relations internationales	Relaciones internacionales, estudios internacionales
remettre en question	Poner en tela de juicio
remettre en état	Volver a poner en funcionamiento, recomponer, arreglar
remise de dette	Condonación, remisión de deuda
remise en liberté	Excarcelación
remorquer de haute mer	Remolcador de altura
rempli à craquer	Abarrotado
renard afghan	Zorro de Blanford, zorro afgano, zorro estepario
renard de blanford	Zorro de Blanford, zorro afgano, zorro estepario
renard de darwin	Zorro chilote, zorro de Darwin
renard de magellan	Culpeo, zorro culpeo, zorro colorado
renard de patagonie	Zorro gris, chilla
renard des pampas	Zorro
renard du cap	Zorro del Cabo
renard gris d'argentine	Zorro gris, chilla
renard polaire	Zorro polar
renard roux	Zorro rojo, zorro común
renard tibétain	Zorro tibetano
renard volant d'inde	Zorro volador de la India
renard volant des philippines	Murciélago diadema de Filipinas, zorro volador filipino
renard volant noir	Zorro volador negro
renard volant roux	Zorro volador de Madagascar
renard volant à barbe noire	Zorro volador de barba negra
renard volant à lunettes	Zorro volador de anteojos
rendement de pulvérisation	Rendimiento de pulverización
rendre compte	Dar cuenta
rendre fou	Volver loco
rendre gorge	Vomitar, restituir, devolver
rendre hommage	Homenajear, rendir homenaje
rendre la pareille	Devolver la invitación, devolver el favor, tomar represalias
rendre le dernier soupir	Dar el último suspiro, exhalar el último suspiro, dar las boqueadas
rendre les armes	Capitular, entregar sus armas, rendirse
rendre service	Echar una mano, ser útil
rendre visite	Visitar
renoncule aquatique	Ranúnculo acuático
renoncule bulbeuse	Ranúnculo bulboso, hierba velluda
renoncule capillaire	Hierba lagunera
renoncule des fleuristes	Marimoña, francesilla
renoncule des glaciers	Ranillo glacial
renoncule des montagnes	Ranúnculo de montaña
renoncule des pyrénées	Ranúnculo pirenaico
renoncule peltée	Ranúnculo acuático
renoncule rampante	Botón de oro, bugalla
renoncule scélérate	Apio sardónico, sardonia
renoncule à feuilles d'aconit	Botón de Francia
renoncule à feuilles de lierre	Flor de agua
renoncule âcre	Botón de oro, hierba belida
renouée des oiseaux	Centinodia
rente viagère	Renta vitalicia
rentrer dans les ordres	Tomar el hábito
rentrée atmosphérique	Reentrada atmosférica, reingreso atmosférico
rentrée des classes	Vuelta al cole, vuelta a las aulas
repair café	Cafetería de reparación
repas rapide	Comida rápida
repose en paix	Descanse en paz o que en paz descanse
reprendre ses esprits	Volver en sí, recobrar el juicio, despejarse
reprise de volée	Tiro de volea
reproduction sexuée	Reproducción sexual
représentant de commerce	Representante comercial, representante de ventas
représentant permanent	Representante permanente
représentante de commerce	Representante comercial, representante de ventas
représentation mentale	Representación mental
requin blanc	Tiburón blanco
requin bleu	Tintorera, tiburón azul
requin chagrin	Quelvacho
requin d'estuaire	Tiburón trozo
requin de nuit	Tiburón nocturno
requin dormeur cornu	Suño cornudo
requin du groenland	Tiburón de Groenlandia
requin féroce	Tiburón liso
requin griset	Cañabota gris
requin lézard	Tiburón anguila
requin perlon	Tiburón de siete branquias
requin pèlerin	Tiburón peregrino
requin à longue dorsale	Musolón de aleta larga
requin à pointes noires	Tiburón punta negra
requin-marteau commun	Tiburón martillo liso
requin-marteau halicorne	Tiburón martillo común
requin-renard commun	Tiburón azotador
requin-taupe bleu	Tiburón mako
requin-taupe commun	Tiburón cailón
respiration anaérobie	Respiración anaerobia
respiration végétale	Respiración vegetal
ressource naturelle	Recurso natural
ressources humaines	Recursos humanos
rester sur sa faim	Quedarse con una espina clavada
resto basket	Simpa
retard mental	Retraso mental
retomber en enfance	Volver a la infancia
retour chariot	Retorno de carro
retour de bâton	Contragolpe
retour sur investissement	Retorno sobre inversión, retorno de inversión
retourne acrobatique	Chilena, tijera, chalaca
retourner sa veste	Estar al sol que ma calienta
retraite complémentaire	Pensión complementaria
retriever de la baie de chesapeake	Retriever de Chesapeake
retriever de la nouvelle-écosse	Retriever de Nueva Escocia
retriever doré	Cobrador dorado
retriever du labrador	Cobrador del Labrador
retriever à poil bouclé	Retriever de pelo rizado
retriever à poil plat	Perro cobrador de cubierta lisa
revanchisme urbain	Revanchismo urbano
revenir à soi	Volver en sí, reponerse
revenons à nos moutons	¡retomemos el tema que estamos tratando!
revenu de citoyenneté	Ingreso ciudadano
revenu universel	Renta básica universal, RBU, renta básica incondicional
revue de presse	Revista de prensa
revue de troupe	Revista
rex de cornouailles	Cornish rex
rex devon	Devon rex
rhinocéros laineux	Rinoceronte lanudo
rhinolophe de blasius	Murciélago dálmata de herradura
rhinolophe de méhely	Murciélago de herradura mediano
rhinolophe euryale	Murciélago de herradura mediterráneo
rhodesian ridgeback	Perro crestado rodesiano
rhythm and blues	Rhythm and blues
riche comme crésus	Rico como Creso
rideau de douche	Cortina de ducha
rideau de fer	Cortina de hierro, telón de acero
rien de moins que	Nada mas y nada menos que
rien du tout	Nada de nada
rien que	Nada más que, tan solo, solamente, solo o
rien à cirer	Dar igual, sudársela
rien à foutre	Nada que hacer
rien à voir	Nada que ver
rigidité cadavérique	Rigor mortis
rira bien qui rira le dernier	El que ríe a lo último ríe mejor
rire aux éclats	Reirse a carcajadas
rire jaune	Risa de conejo
rire sardonique	Risa sardónica, rictus grin
rire sous cape	Reírse por lo bajo, reír para sus adentros, reírse por bajines
rire à gorge déployée	Reír a carcajadas
rite de passage	Rito de paso
rivière atmosphérique	Río atmosférico
rivière de diamants	Collar de diamantes
riz africain	Arroz africano
riz bomba	Arroz bomba
riz cantonais	Arroz cantonés
riz gluant	Arroz glutinoso
riz noir	Arroz negro
robe de mariée	Vestido de novia
robin à flancs roux	Coliazul cejiblanco
robinet d'arrêt	Grifo de cierre, llave de paso
robinier faux-acacia	Robinia
robot collaboratif	Cobot
roch hachana	Rosh Hashaná
roche carbonatée	Roca carbonatada
roche carbonée	Roca carbonosa
roche chimique	Roca química
roche clastique	Roca clástica
roche endogène	Roca endógena
roche exogène	Roca exógena
roche magmatique	Roca ígnea
roche mère	Roca madre
roche métamorphique	Roca metamórfica
roche phosphatée	Roca fosfatada
roche plutonique	Roca plutónica
roche sédimentaire	Roca sedimentaria
roche tarpéienne	Roca Tarpeya
roche ultramafique	Roca ultramáfica
roche volcanique	Roca volcánica
rocher champignon	Seta rocosa
rock and roll	Rock and roll
roi des rois	Rey de reyes
rois mages	Reyes Magos
roitelet huppé	Reyezuelo sencillo
roitelet à triple bandeau	Reyezuelo listado
roller derby	Roller derby
roller in line hockey	Hockey sobre patines en línea
rollier d'europe	Carraca europea
roman de gare	Novela de aeropuerto
roman graphique	Novela gráfica
roman vidéoludique	Novela visual, novela sonora
rome antique	Antigua Roma, Roma antigua
rome ne s'est pas faite en un jour	(Roma no se construyó en un día) No se gan
rondelle d'oignon	Aro de cebolla
ronger son frein	Hervir de impaciencia
rorqual boréal	Rorcual norteño
rorqual commun	Rorcual común
rosalie des alpes	Rosalia alpina
rose bengale	Rosa de bengala
rose bonbon	Rosa chicle, color chicle
rose d'inde	Cempaxochitl, clavel de las Indias, flor de muerto
rose de chine	Malva rosa de Cuba
rose de damas	Rosa de Damasco
rose de porcelaine	Bastón de emperador
rose des sables	Rosa del desierto
rose des vents	Rosa de los vientos
rose mountbatten	Rosa Mountbatten
rose poudré	Rosa empolvado
rose quartz	Rosa cuarzo
rose trémière	Malva real
rose vif	Rosa vivo
roselin cramoisi	Camachuelo carminoso
roselin de brandt	Pinzón montano de Brandt
roselin de burton	Pinzón de anteojos
roselin de lichtenstein	Camachuelo desertícola
roselin de mongolie	Camachuelo mongol
roselin de thura	Camachuelo de Thura
roselin du sinaï	Camachuelo del Sinaí
roselin githagine	Camachuelo trompetero
roselin rose	Camachuelo de Pallas
roselin sombre	Camachuelo oscuro
roselin tacheté	Camachuelo grande
roselin vineux	Camachuelo vinoso
roselin à ailes roses	Camachuelo alirrojo
roselin à dos rouge	Camachuelo dorsirrojo
roselin à longue queue	Camachuelo colilargo
rosier de damas	Rosa de Damasco
rosier toujours vert	Rosal silvestre
rossignol philomèle	Ruiseñor común
rossignol progné	Ruiseñor ruso
roue cinétique	Volante de inercia
roue de fromage	Rueda de queso
roue de médecine	Rueda medicinal
roue de secours	Rueda de repuesto, llanta de refacción
roue hydraulique	Rueda hidráulica
roue à aubes	Rueda de palas, rueda de paletas
roue à livres	Rueda de libros
rouge bordeaux	Color burdeos
rouge danoise	Roja danesa
rouge de falun	Rojo de Falun, rojo Falun
rouge de galice	Rubia gallega
rouge des ardennes	Colorada de Ardenas
rouge à lèvres	Pintalabios
rougequeue noir	Colirrojo tizón
rougequeue à front blanc	Colirrojo real
rouget de vase	Salmonete de fango
rouget-barbet de roche	Salmonete de roca
rouille vésiculeuse du pin blanc	Moho ampolla del pino blanco
rouleau compresseur	Apisonadora, aplanadora
rouleau à pâtisserie	Rodillo de cocina, palo de amasar, uslero
roulement de tambour	Redoble de tambor
rouler dans la farine	Engañar, chino
rouler une pelle	Morrear
roulette de wartenberg	Rueda de Wartenberg
roulette russe	Ruleta rusa
rousserolle des buissons	Carricero de Blyth
rousserolle effarvatte	Carricero común
rousserolle turdoïde	Carricero tordal
rousserolle verderolle	Carricero políglota
roussette d'amboine	Zorro volador de las Molucas, zorro volador de Amboina
roussette de livingstone	Murciélago frugívoro de Livingstone
roussette de madagascar	Zorro volador de Madagascar
roussette de malaisie	Gran zorro volador
roussette des ryukyu	Zorro volador de Ryukyu
roussette des seychelles	Zorro volador de las Seychelles
roussette noire	Zorro volador negro de Mauricio, murciélago de la fruta de Mauricio
roussette à couronne dorée	Murciélago diadema de Filipinas, zorro volador filipino
route de la soie	Ruta de la Seda
route des vins	Ruta del vino
route nationale	Carretera nacional, ruta nacional
route vraie	Rumbo verdadero
royaume chérifien	Reino jerifiano
royaume de dieu	Reino de Dios
royaume de valence	Reino de Valencia
royaume du commonwealth	Reino de la Mancomunidad
ruban de möbius	Banda de Möbius, cinta de Möbius
rubis sur l'ongle	Al contado, fondo blanco
rue d'alep	Ruda
rue de syrie	Alfarma, alharma, alhámega
rue fétide	Ruda
rue piétonne	Andador, calle peatonal
rue sauvage	Alfarma, alharma, alhámega
rue à feuilles étroites	Ruta bravía
rupture d'anévrisme	Ruptura de aneurisma
russule charbonnière	Carbonera
russule comestible	Rúsula comestible
russule dorée	Rúsula dorada
russule fétide	Rúsula fétida
russule émétique	Rúsula emética
râle d'eau	Rascón común, rascón europeo
râle des genêts	Guion de codornices, rey de codornices
râle des prés	Guion africano
râpe de maïs	Zuro
râteau de jardinier	Rastrillo
règle d'or	Regla de oro
règle de trois	Regla de tres
règle dorée	Regla dorada o regla de oro
règle zombie	Regla zombie
règlement de comptes	Ajuste de cuentas
règne animal	Reino animal
réacteur dorsal	Cinturón cohete
réacteur nucléaire	Reactor nuclear
réacteur à sels fondus	Reactor de sal fundida
réaction chimique	Reacción química
réaction en chaîne	Reacción en cadena
réaction immunitaire	Reacción inmune
réalisme social	Realismo social
réanimation cardio-pulmonaire	Reanimación cardiopulmonar
récession économique	Recesión
réchauffement climatique	Calentamiento global, calentamiento mundial, calentamiento climatico
réchauffer un serpent dans son sein	Cría cuervos y te sacarán los ojos
réduire en bouillie	Hacer papilla, hacer pedazos, hacer picadillo
régime crétois	Dieta mediterránea
régime de kiev	Régimen de Kiev
régime des mollahs	Régimen de los mulás
région biogéographique	Región biogeográfica
région ultrapériphérique	Región ultraperiférica
région valencienne	Región valenciana
réinventer la roue	Descubrir el agua tibia
rémiz penduline	Pájaro moscón
rémora commun	Rémora común
rémora fuselé	Rémora rayada
réponse combat-fuite	Reacción de lucha o huida, hiperexcitación, respuesta de estrés agudo
réponse immunitaire	Respuesta inmunitaria
république bananière	República bananera
république du nicaragua	República de Nicaragua
république islamique	República islámica
république populaire	República popular
république socialiste soviétique	República socialista soviética
répétition générale	Ensayo general
réseau de hartig	Red de Hartig
réseau de neurones artificiels	Red neuronal artificial
réseau lymphatique	Tejido linfático
réseau neuronal	Red neuronal
réseau social	Red social
réseau trophique	Red trófica
réseau téléphonique commuté	Red telefónica conmutada
réserve fractionnaire	Reserva fraccionaria
réserve naturelle	Reserva natural, parque natural
réservoir de biodiversité	Reservorio de biodiversidad
résident temporaire	Transeúnte
résistance au cisaillement	Resistencia al cizallamiento, resistencia a la cizalladura, resistencia al corte
résistance des matériaux	Resistencia de materiales
résistance interne	Resistencia interna
résistance négative	Resistencia negativa
résistance à la compression	Resistencia a la compresión
résistance à la traction	Resistencia a la tracción
résistance électrique	Resistencia, resistencia eléctrica, resistor
résonance magnétique nucléaire	Resonancia magnética nuclear
résumé introductif	Sección introductoria
réséda des teinturiers	Gualda
réséda jaune	Gabarro
réticulum endoplasmique	Retículo endoplásmico
réunion de famille	Reunión familiar
réveillon de la saint-sylvestre	Nochevieja
révolution numérique	Revolución informática
rêve américain	Sueño americano
rêve éveillé	Sueño despierto
rôle de genre	Rol de género
rôle sémantique	Rol semántico, rol temático
rôti haché	Pastel de carne
s'adonner à	Dedicarse
s'agir de	Tratarse de o incluir
s'aider de	Ayudarse de, ayudarse con, servirse de
s'armer de courage	Armarse de coraje, arnarse de valor
s'arracher les cheveux	Arrancarse el pelo, arrancarse el moño, tirarse de las greñas
s'emmêler les pinceaux	Hacerse un lío
s'en aller	Irse o quitarse; Desvanecerse; (eufemístico) Morir
s'en aller au diable	Irse al diablo
s'en falloir	Carecer, haber de menos, faltar o perder
s'en ficher	(coloquial) No importarle a
s'en laver les mains	Lavarse las manos
s'en mettre plein les fouilles	Forrarse
s'en mettre plein les poches	Forrarse
s'en mordre les doigts	Morderse las manos
s'en prendre à	Tomarla con
s'en sortir	Salirse de esa, arreglárselas
s'endormir sur ses lauriers	Dormirse sobre los laureles, dormir en los laureles, dormirse en sus laureles
s'envoyer en l'air	Echar un polvo
s'il te plaît	(coloquial) Por favor, porfa. (Usado para solo una per; (Bélgica) He aquí. (Usado cuando se le present
s'il vous plaît	(formal) Por favor (ya sea a una persona o varias); (Bélgica) He aquí; (Quebec) ¡Miércoles!
s'occuper de	Ocuparse de, atender
s'occuper à	Dedicarse
sa majesté	Su Majestad
sable bitumineux	Arena bituminosa
sables mouvants	Arenas movedizas
sabot de vénus	Zapato de venus
sabre d'abattage	Machete
sabre laser	Sable de luz
sac de couchage	Saco de dormir
sac de frappe	Saco de boxeo
sac de nœuds	Bolsa de gatos
sac isotherme	Bolsa nevera
sac lacrymal	Saco lacrimal
sac plastique	Bolsa de plástico
sac poubelle	Bolsa de la basura
sac à dos	Mochila
sac à main	Bolso de mano, bolsa de mano
sac à provisions	Bolsa de compras
sacrifice humain	Sacrificio humano
sacré de birmanie	Sagrado de Birmania
saignement d'implantation	Sangrado de implantación
saignement de nez	Epistaxis
sain et sauf	Sano y salvo
saindoux frit	Chicharrón
sainfoin d'espagne	Pipirigallo, zulla
saint des derniers jours	Santo de los Últimos Días
saint etienne	San Esteban
saint patron	Santo patrón
saint sacrement	Santísimo Sacramento, Santa Comunión
saints de glace	Santos de hielo
saisir l'occasion aux cheveux	La ocasión la pintan calva, al buen día, mételo en casa, ave que vuela, a la cazuela
saison des amours	Brama
saison froide	Estación fría
salade césar	Ensalada César
salade niçoise	Ensalada nizarda
saladelle commune	Lavanda de mar, acelga salada
salamandre géante du japon	Salamandra gigante japonesa
salamandre maculée	Salamandra moteada
salamandre terrestre	Salamandra común
salicaire commune	Arroyuella
salle blanche	Sala blanca
salle capitulaire	Sala capitular
salle d'attente	Sala de espera
salle d'audience	Sala de audiciones
salle d'opération	Sala de operación, sala de operaciones
salle de bains	Cuarto de baño
salle de bal	Salón de baile, sala de baile
salle de cinéma	Sala de cine
salle de classe	Aula
salle de douches	Sala de ducha
salle de lecture	Sala de lectura
salle de spectacle	Sala de espectáculos, salón de espectáculos, auditorio
salle de sport	Gimnasio
salle des professeurs	Sala de profesores
salle propre	Sala blanca
salle à manger	Comedor
salon de beauté	Salón de belleza, instituto de belleza
salon de coiffure	Peluquería
salon de thé	Salón de té, tetería
salpêtre du chili	Salitre de Chile
salsepareille d'europe	Zarzaparrilla, zarza morisca
salsifi blanc	Barba de cabra, planta de ostras, ostra vegetal
salsifi noir	Escorzonera, salsifí negro
salsifis des prés	Salsifí de prado
salut vulcain	Saludo vulcano
same du nord	Sami septentrional
samedi saint	Sábado Santo, Sábado de Gloria, Gran Sábado
san chlorophylle	Aclorófilo
sandale en cuir	Huarache, guarache
sang bleu	Sangre azul
sanglier barbu	Jabalí barbudo
sanglier commun	Jabalí
sanglier de java	Jabalí verrugoso de Java
sanglier de mindoro	Jabalí verrugoso de Mindoro, jabalí verrugoso de Oliver
sanglier des célèbes	Jabalí verrugoso de las Célebes
sanglier des philippines	Jabalí filipino
sanglier des visayas	Jabalí de las Bisayas, cerdo verrugoso, jabalí verrugoso de Bisayas
sanglier du vietnam	Jabalí vietnamita
sanglier géant de palawan	Jabalí barbudo de Palawan
sanglier nain	Jabalí enano, jabalí pigmeo
sanglier pygmée	Jabalí enano, jabalí pigmeo
sanglier à moustaches	Jabalí barbudo
sans abri	Mostrenco
sans ambages	Sin ambages
sans appel	Inapelable
sans aucun doute	Sin duda, sin ninguna duda, sin duda alguna
sans cesse	Sin cesar
sans commentaire	Sin comentarios
sans compter	Sin contar
sans doute	Sin duda
sans défense	Indefenso
sans détour	Sin rodeos
sans exception	Sin excepción
sans façon	Sin cumplidos
sans fil	Inalámbrico
sans l'ombre d'un doute	Sin sombra de duda
sans merci	Sin piedad, sin cuartel
sans parler de	Por no hablar de, sin hablar de, sin olvid
sans piper mot	No decir palabra, no decir ni pío, no decir chus ni mus
sans problème	No hay problema
sans précédent	Sin precedentes
sans que	Sin que
sans rancune	Sin rencores
sans rire	Sin reír, sin reírse, ¿En serio?
sans scrupules	Sin escrúpulos
sans surveillance	Desprotegido
sans tambour ni trompette	A hurtadillas, por lo bajini, a escondidas
sans vergogne	Sinvergüenza, desvergonzado, descarado
sans égal	Sin par
santoline petit cyprès	Abrótano hembra
santé au travail	Salud ocupacional
santé mentale	Salud mental
santé organisationnelle	Salud organizacional
santé publique	Salud pública
sao tomé-et-principe	Santo Tomé y Príncipe
sapin de douglas	Abeto de Douglas, pino de Oregón, falsa tsuga verde de las Rocosas
sapin de noël	Árbol de Navidad
sapin du colorado	Pino real blanco, pinabete
saponaire officinale	Jabonera
sapote noire	Zapote negro
sar commun	Sargo común
sar à tête noire	Mojarra
sarcelle bariolée	Pato capuchino
sarcelle cannelle	Pato colorado
sarcelle d'hiver	Cerceta común
sarcelle d'été	Cerceta carretona
sarcelle marbrée	Cerceta pardilla
sarcidiorne à bosse	Pato crestudo, pato de monte
sarcome de kaposi	Sarcoma de Kaposi
sarcoramphe roi	Zopilote rey
sardinelle blanche	Sardinela blanca
sardinelle plate	Machuelo, alacha de Madeira
sardinelle queue noire	Sardinela rabo negro
sardinelle ronde	Alacha
sarigue du sud-est brésilien	Zarigüeya brasileña, zarigüeya orejuda
sarriette vivace	Ajedrea
sata andagi	Sātā andāgī, andagi, sata andagi
sauce aigre-douce	Salsa agridulce
sauce aurore	Salsa aurora
sauce barbecue	Salsa barbacoa
sauce bbq	Salsa barbacoa
sauce béarnaise	Salsa bearnesa
sauce béchamel	Bechamel, besamel
sauce chasseur	Salsa cazadora
sauce d'huître	Salsa de ostras
sauce de soja	Salsa de soja, salsa de soya
sauce espagnole	Salsa española, salsa marrón, salsa oscura
sauce lyonnaise	Salsa lionesa
sauce marinara	Salsa marinera
sauce nantua	Salsa Nantua
sauce piquante	Salsa picante, salsa de chile
sauce tartare	Salsa tártara
sauce tomate	Salsa de tomate
saucisse de francfort	Salchicha de Frankfurt
saucisse de toulouse	Salchicha de Toulouse
saucisson au piment	Chorizo
sauf votre respect	Con el debido respeto
sauge officinale	Salvia
sauge sagittée	Salvia morada
sauge sclarée	Esclarea
saule blanc	Sauce blanco, salguero
saule du chili	Sauce chileno, sauce criollo, huayao
saule pleureur	Sauce llorón, sauce de Babilonia
saule pourpre	Mimbrera púrpura, salce colorado, mimbre púrpura
saumon atlantique	Salmón del Atlántico
saumon du danube	Salmón del Danubio
saumon du pacifique	Salmón chum
saumon fumé	Salmon ahumado
saumon quinnat	Salmón real, chinuc
saut d'obstacles	Salto ecuestre
saut dans l'inconnu	Salto a lo desconocido
saut de l'ange	Salto del ángel, clavado
saut en hauteur	Salto de altura
saut en longueur	Salto de longitud
saut périlleux	Salto mortal
saut à cloche-pied	Pedicoj
saut à l'élastique	Puentismo, puenting
saut à la perche	Salto con pértiga, salto con garrocha
sauter aux yeux	Saltar a la vista
sauter une classe	Saltarse un curso, saltarse un grado
sauver la face	Salvar la cara
sauver la vie	Salvar la vida, perdonar la vida
sauver les apparences	Mantener las apariencias, salvar las apari
sauver sa peau	Salvar la piel, salvar el pellejo
savoir gré	Estar agradecido
savon de castille	Jabón de Castilla
savon de marseille	Jabón de Marsella
savon de naplouse	Jabón de Nablus
savon noir	Jabón suave
saxophone basse	Saxofón bajo, saxófono bajo
scarabée rhinocéros	Escarabajo rinoceronte, escarabajo rinoceronte europeo
sceau de salomon	Estrella de David
schapendoes néerlandais	Schapendoes
schistes stériles	Zafras de esquito
schnauzer géant	Schnauzer gigante
schnauzer miniature	Schnauzer miniatura
schnauzer moyen	Schnauzer estándar
schéma corporel	Esquema corporal
schéma de liaison à la terre	Esquema de conexión a tierra
schéma vaccinal	Esquema de vacunación, esquema vacunal
scie circulaire	Sierra circular
scie musicale	Sierra musical, hoja sonora
scie mécanique	Sierra eléctrica
scie sabre	Sierra de sable
scie à chaîne	Sierra eléctrica
scie à dos	Serrucho de costilla
scie à guichet	Sierra de punta, serrucho de punta
science du droit	Jurisprudencia
science du travail	Ciencia del trabajo
science dure	Ciencia dura
science empirique	Ciencia fáctica
science formelle	Ciencia formal
science hermétique	Ciencia hermética
science participative	Ciencia ciudadana
science politique	Ciencia política
sciences de l'environnement	Ciencias ambientales
sciences de la nature	Ciencias naturales
sciences du vivant	Ciencias de la vida
sciences humaines	Ciencias humanas
sciences naturelles	Ciencias naturales
sclérose en plaques	Esclerosis múltiple, esclerosis de placas
sclérose latérale amyotrophique	Esclerosis lateral amiotrófica
scorzonère d'espagne	Escorzonera, salsifí negro
scorzonère noire	Escorzonera, salsifí negro
scottish fold	Fold escocés
script kiddie	Script kiddie
sculpteur sur bois	Tallista
scutigère véloce	Ciempiés doméstico
scène de crime	Escena del crimen
se altérer	Demudarse
se autonomiser	Empoderarse
se balader	Pasear, pasearse
se barbouiller	Embadurnarse, embarrarse
se battre	Pelearse
se battre les couilles de	No me importa un cojón
se bidonner	Doblarse de risa
se blottir	Acurrucarse
se briser	Romperse, quebrarse
se brosser	Cepillarse
se brouir	Ahornagarse
se cabrer	Encabritarse
se cacher	Esconderse, ocultarse
se calmer	Calmarse, tranquilizarse
se casser	Largarse
se casser la gueule	Hacerse mierda
se cogner la tête contre les murs	Darse con la cabeza contra la pared, darse por las paredes, darse contra una pared
se coiffer	Peinarse
se comporter	Comportarse
se composer	Componerse
se concentrer	Concentrarse
se consacrer à	Dedicarse
se conserver	Conservarse
se coucher	Acostarse
se coucher avec les poules	Acostarse con las gallinas
se creuser la tête	Comerse el coco, devanarse los sesos
se croire	Creerse, considerarse
se croire le premier moutardier du pape	Creerse un rey, llevar al rey en el cuerpo, tener al rey en el cuerpo
se croire tout permis	Creerse con derecho a todo
se crêper le chignon	Agarrarse del moño
se câliner	Apapacharse, apechicharse
se dandiner	Contonearse
se demander	Preguntarse
se dilater	Dilatarse
se dissocier	Separarse, desvincularse
se douter	Suponer, sospechar, imaginar
se droguer	Drogarse
se débarbouiller	Lavarse la cara
se débattre	Debatirse
se débrouiller	Desenvolverse
se décider	Definirse, decidirse
se décoller	Despegarse
se définir	Definirse
se déguiser	Disfrazarse
se démasquer	Desenmascararse
se démener	Agitarse, revolverse
se démerder	(coloquial, malsonante) Apañarse, arreglarselas, manejar, hundir o
se démésir	Despegarse
se dénuder	Desnudarse
se déplacer	Desplazarse
se dépêcher	Apresurarse
se dérouler	Tener lugar, ocurrir, desarrollarse
se déshabiller	Desvestirse, desnudarse
se détacher	Desatarse
se détendre	Relajarse o reposarse
se faire des idées	Montarse historias, creer erróneamente en
se faire du mauvais sang	Hacerse mala sangre, comerse el coco
se faire tard	Hacerse tarde
se faire une raison	Resignarse, conformarse, aceptar
se faner	Marchitarse
se fatiguer	Cansarse, fatigarse
se fendre la pêche	Partirse el pecho
se ficher	Importar un pito
se former	Formarse
se fourvoyer	Estar equivocado
se foutre comme de l'an quarante de	Importarse un pepino
se foutre de	Sudarsela (me la suda)
se foutre de la gueule de	Joder, vacilar, tomar el pelo
se froncer	Fruncirse
se fâcher	Enfadarse, cabrearse
se gaver	Atiborrarse, forrarse
se gorger	Anegarse, saturarse
se hasarder	Aventurarse
se jeter dans la gueule du loup	Meterse en la boca del lobo
se jeter la tête la première	Lanzarse de cabeza
se la couler douce	Pasarla bien
se laisser porter	Dejarse llevar
se lamenter	Plañir
se le tenir pour dit	Tenerlo presente
se lever	Estar de pie uno
se lever avant l'aube	Madrugar
se lever du pied gauche	Levantarse del lado equivocado de la cama, levantarse con el pie izquierdo
se lever matin	Madrugar
se lever tôt	Madrugar
se livrer à	Dedicarse
se maintenir	Mantenerse
se maquiller	Maquillarse
se marier	Casarse
se masturber	Masturbarse
se mettre	Ponerse
se mettre dans la tête	Metérsele en la cabeza
se mettre debout	Ponerse de pie
se mettre en colère	Enojarse, cabrearse
se mettre en ménage	Vivir en pareja, arrejuntarse
se mettre le doigt dans l'œil	Meter la pata hasta el corvejón, cagarla, meter la pata
se mettre sur son trente-et-un	Ponerse de punta y blanco
se mettre à l'aise	Ponerse a gusto
se moquer	Jugar
se mordre la langue	Morderse la lengua
se moucher	Sonarse, soplarse
se mouiller	Mojarse
se méfier	Desconfiar
se mêler	Inmiscuirse, entrometerse
se non è vero è bene trovato	Si no es cierto, es acertado
se noyer	Ahogarse
se noyer dans un verre d'eau	Ahogarse en un vaso de agua
se passer	Pasarse
se passer de	Prescindir de
se pavaner	Pavonearse
se payer de mots	Contentarse con palabras vacias, hablar mucho y hacer poco
se plaindre	Lamentarse, quejarse, denunciar
se plaire	Satisfacerse
se porter comme un charme	Estar más sano que una manzana
se poser	Posar
se pourlécher les babines	Relamerse
se prendre la tête dans les mains	Llevarse las manos a la cabeza
se profiler	Avecinarse
se promener	Pasear, pasearse
se prosterner	Prosternarse
se prostituer	Prostituirse
se précipiter	Apresurarse, precipitarse
se présenter	Presentarse, concurrir
se racler la gorge	Carraspear
se rappeler	Acordarse
se raser	Afeitarse
se regarder en chiens de faïence	(coloquial) Desafiarse con la mirada, mirarse como gal
se remémorer	Rememorar
se rendre	Ir a alguna parte; Capitular o rendirse; Someterse
se rendre compte	Darse cuenta, hacerse cuenta; Observar, ver
se repentir	Arrepentirse, repentirse
se reposer	Posar
se reposer sur ses lauriers	Descansar en los laureles, descansar sobre los laureles, descansar en sus laureles
se retrancher	Atrincherarse
se rincer l'œil	Darse un taco de ojo
se rompre	Romperse
se réfugier	Refugiarse, resguardarse, guarecerse
se répéter	Repetirse, reproducirse, reiterarse
se résigner	Resignarse
se réunir	Reunirse
se réveiller	Despedirse
se saigner aux quatre veines	Vender un riñón
se savonner	Jabonarse, enjabonarse
se signer	Santiguarse
se soustraire	Sustraerse, restarse
se souvenir	Recordar, acordarse
se spasmer	Tener espasmos, temblar o dar calambre
se suicider	Suicidarse
se syndiquer	Sindicarse
se taire	Callarse
se taper	Tirarse a
se taper le cul par terre	Partirse el culo, morirse de risa, destern
se teindre	Teñirse
se tirer	Abrirse
se tirer d'affaire	Salir del paso
se tirer une balle dans le pied	Tirar piedras al propio tejado, tirar piedras sobre el propio tejado, pegarse un tiro en el pie
se travestir	Travestirse
se tromper	Equivocarse, errar
se troubler	Abatatarse
se trouver	Hallarse
se tuer	Matarse
se vanter	Alardear
se vautrer	Revolcarse
se vendre comme des petits pains	Venderse como pan caliente, venderse como panes calientes, venderse como rosquillas
se venger	Vengarse
se vermouler	Abromar, caroncharse
se vouer à	Dedicarse
second couteau	Segundo cuchillo
second violon	Segundo violín
seconde guerre mondiale	Segunda Guerra Mundial
seconde mineure	Segundo menor
seconde personne	Segunda persona
secours frumentaire	Socorro frumentario
secret d'alcôve	Secreto de alcoba
secret d'état	Secreto de estado
secret de polichinelle	Secreto a voces
secret médical	Secreto médico
secrétaire de direction	Secretario ejecutivo, secretaria ejecutiva
secrétaire général	Secretario general
secteur primaire	Sector primario
secteur privé	Sector privado
secteur public	Sector público
secteur secondaire	Sector secundario
secteur tertiaire	Sector terciario, sector servicios
section cadastrale	Sección del catastro
segment sphérique	Segmento esférico
seiche africaine	Jibia africana
seiche aiguille	Sepia con punta
seiche andreana	Sepia andreana
seiche araignée	Sepia loriga
seiche australe	Sepia austral
seiche baisers	Sepia labiada
seiche capuchon	Sepia caperuza
seiche commune	Sepia común
seiche d'arabie	Sepia arábiga
seiche d'oman	Sepia omani
seiche de guinée	Sepia guineana
seiche dorée	Sepia dorada
seiche encrier	Sepia tintero
seiche gracile	Sepia grácil
seiche grenouille	Sepia ranuds
seiche gros dos	Sepia robusta
seiche géante	Sepia gigante
seiche hameçon	Sepia ganchuda
seiche kobi	Sepia kobi
seiche madokai	Sepia madokai
seiche moisson	Sepia segadora
seiche petites mains	Sepia mazicorta
seiche pharaon	Sepia faraónica
seiche pieuvre	Brazolargo
seiche rosée	Choquito con punta, choquito picudo, chopito
seiche trident	Sepia tridente
seiche à grandes mains	Sepia mozada, sepia mazuda
seiche élégante	Castaño
seigneur de la guerre	Señor de la guerra
seizième de finale	Dieciseisavos de final, dieciseisavos
sel de table	Sal de cocina
sel gemme	Sal gema
sel marin	Sal marina
sel noir	Sal negra
selkirk rex	Selkirk rex
selle français	Francés de silla
selon que	Según si, depende de si
semaine sainte	Semana Santa
semaine sante	Semana Santa
sens commun	Sentido común
sens contraire des aiguilles d'une montre	Sentido contrario al de las agujas del reloj, sentido contrario al de las manecillas del reloj
sens critique	Sentido crítico
sens de l'humour	Sentido del humor
sens de l'orientation	Sentido de orientación, sentido de la orientación
sens dessus dessous	Patas arriba
sens horaire	Sentido horario
sens inverse des aiguilles d'une montre	Sentido inverso al de las agujas del reloj, sentido inverso al de las manecillas del reloj
sens moral	Sentido de la moral
sentir le fauve	Oler a chabacano
seps strié	Eslizón común
sept centième	Septingentésimo
sept cents	Setecientos
sept jours sur sept	Los siete días de la semana
sept mers	Siete mares
sept péchés capitaux	Siete pecados capitales
septième art	Séptimo arte, sétimo arte
septième ciel	Séptimo cielo
septum nasal	Tabique nasal
serf arbitre	Siervo albedrío
serial ata	Serial ATA
serin cini	Serín verdecillo, verdecillo
serin d'abyssinie	Serín etíope
serin du cap	Serín dorsigrís
serin du mozambique	Serín frentiamarillo
serin du tibet	Jilguero tibetano
serin est-africain	Serín africano
serin malais	Serín montano
serin à diadème	Serín de diadema
serin à front d'or	Serín frentirrojo
serin à gorge blanche	Serín gorjiblanco
serin à gorge noire	Serín gorjinegro
serin à masque noir	Serín carinegro
serin à poitrine citron	Serín pechilimón
serin à tête noire	Serín cabecinegro
serin à ventre blanc	Serín dorsiestriado
serpent corail	Serpiente de coral
serpent de mer	Serpiente marina
serpent pénis	Serpiente pene
serpent à sonnette	Serpiente de cascabel, cascabel, víbora de cascabel
serpent à sonnettes	Serpiente de cascabel
serpillière espagnole	Fregona, escoba de trapear
serpillère espagnole	Fregona, escoba de trapear
serrer la main	Chocar esos cinco
serrer la vis	Apretar las tuercas
servant de messe	Monaguillo
serveur mandataire	Servidor proxy
service après-vente	Servicio posventa
service client	Servicio al cliente
service clientèle	Servicio al cliente
service d'aide médicale urgente	SAMU, Servicio o Centro de Informacion y Regulacion Regional de las Urgencias Medicas
service de renseignement	Servicio de inteligencia
service public	Servicio público
service secret	Servicio secreto
service trois-pièces	Paquete
service web	Servicio web
serviette hygiénique	Toalla sanitaria, toalla higiénica
servir à rien	No sirve de nada
setter anglais	Setter inglés
setter gordon	Setter escocés
setter irlandais	Setter irlandés
setter irlandais rouge et blanc	Setter irlandés rojo y blanco
seuil bas	Umbral mínimo
seuil de pauvreté	Línea de pobreza, umbral de pobreza
seuil de rentabilité	Punto muerto, punto de equilibrio, umbral de rentabilidad
seuil moyen	Umbral medio
seuil élevé	Umbral máximo
seuil épidémique	Umbral epidémico, umbral epidemiológico
sex friend	Follamigo, follamiga
sex on the beach	Sex on the beach
sexe oral	Sexo oral
shiba inu	Shiba inu
shih tzu	Shih tzu
si bien que	Tanto que, a tal punto que
si et seulement si	Si y sólo si
si seulement	Ojalá
si tu veux la paix prépare la guerre	Si quieres la paz prepara la guerra
siciste des bouleaux	Sicista nórdica
sifflet de la mort	Silbato de la muerte
sifflet de la mort aztèque	Silbato de la muerte azteca
sigmatisme interdental	Sigmatismo interdental
sigmatisme latéral	Ceceo lateral
signal analogique	Señal analógica
signal d'alarme	Señal de alarma
signal d'alerte	Señal de alerta
signal numérique	Señal digital
signalisation cellulaire	Señalización celular
signature électronique	Firma digital
signe de croix	Señal de la cruz, santiguamiento
signe de ponctuation	Signo de puntuación
signe diacritique	Signo diacrítico
signe du zodiaque	Signo del zodíaco
signer son arrêt de mort	Firmar su sentencia de muerte
silence de mort	Silencio sepulcral, silencio de piedra
silence radio	Silencio de radio
silicate d'aluminium	Silicato de aluminio
silure de verre	Gato de cristal
silure glane	Siluro
silure grenouille	Pez gato caminador
silure rayé	Bagre barbudo, barbudo, bocón
silure rayé de raphaël	Itaguá
silène de france	Calabacilla
silène enflé	Colleja, ben blanco
singe de l'ancien monde	Mono del Viejo Mundo
singe du nouveau monde	Mono del Nuevo Mundo
singe hurleur	Carayá, araguato
singulare tantum	Singulare tantum
singularité gravitationnelle	Singularidad gravitacional
singularité technologique	Singularidad tecnológica
sinus cardinal	Seno cardinal
sirli de dupont	Alondra de Dupont
sirop d'érable	Jarabe de arce
sirop de bouleau	Melaza de abedul
sirop de canne	Melado
site archéologique	Sitio arqueológico
site de la toile	Cibersitio, sitio electrónico o sitio web
site noir	Lugar negro
site sur la toile	Cibersitio, sitio electrónico o sitio web
site web	Sitio web
sittelle des rochers	Trepador rupestre
sittelle torchepot	Trepador azul
situation difficile	Predicamento
sitôt que	Al punto que, apenas, en cuanto o tan pron
six centième	Sexcentésimo
six cents	Seiscientos
sixte napolitaine	Acorde de sexta napolitana, acorde napolitano
sizerin blanchâtre	Pardillo del artico
sizerin flammé	Pardillo sizerín
siège avant	Asiento delantero
siège social	Sede social
ski de randonnée	Esquí de travesía
ski nautique	Esquí acuático
skye terrier	Skye terrier
slip brésilien	Braguita brasileña, tanga
slip de bain	Sunga, slip de baño, tanga masculina
sloppy joe	Sloppy joe
small computer system interface	Small Computer System Interface
société anonyme	Sociedad anónima
société de consommation	Sociedad de consumo
société de l'information	Sociedad de la información
société en commandite	Sociedad en comandita
société mère	Empresa matriz
société secrète	Sociedad secreta
société écran	Empresa fantasma
soigneur animalier	Cuidador
soigneur d'animaux	Cuidador
soirée pyjama	Pijamada
soit dit en passant	Sea dicho de paso, dicho sea de paso
soixante et onze	Setenta y uno, LXXI, lxxi o 71; Setenta y uno
sol bémol majeur	Sol bemol mayor
sol de toundra	Suelo de tundra
sole commune	Lenguado común
soleil noir	Sol negro
solution de continuité	Solución de continuidad
solution hydroalcoolique	Alcohol en gel, gel hidroalcohólico
somali à tête noire	Oveja de Somalia
somme de contrôle	Suma de verificación
somme des chiffres	Suma de los dígitos
somme globale	Cifra global, precio global, suma total (p
sommeil paradoxal	Sueño paradójico
sommeil éternel	Sueño eterno
sommet de l'iceberg	Punta del iceberg
sonde spatiale	Sonda espacial
sonneur de cloches	Campanero
sophora du japon	Acacia de Japón
sorbate de sodium	Sorbato de sodio
sorbier des oiseleurs	Serbal de los cazadores, azarollo
sortie de route	Salida del camino
sortie de secours	Salida de emergencia, salida de auxilio
sortir de l'ornière	Salir del atolladero
sortir de ses gonds	Salirse de sus casillas, sacar de quicio, desquiciarse
sortir de son chapeau	Sacar de la galera
sortir du placard	Salir del armario
sortir du silence	Romper el silencio
sotalie de chine	Delfín rosado de Hong Kong
sotalie de l'amazone	Tucuxi
sotalie du cameroun	Delfín giboso atlántico
sotho du nord	Sotho norteño
souci des champs	Maravilla silvestre, caléndula campestre
souci officinal	Mercadela, maravilla
soucoupe volante	Platillo volador
soude brûlée	Barrilla borde
soude caustique	Sosa cáustica
soude en buisson	Sosa blanca
souffleur de verre	Soplador de vidrio
souffleuse de verre	Sopladora de vidrio
souffrir le martyre	Sufrir el martirio
soufre natif	Azufre vivo
soufre végétal	Azufre vegetal
soulevé de terre	Peso muerto
soumission chimique	Sumisión química
soupe au lait	Como agua para chocolate, calentón
soupe populaire	Comedor de beneficencia, ollas comunes
soupe primordiale	Caldo primigenio, caldo primordial, caldo primitivo
source chaude	Agua termal
source proche de l'affaire	Fuente del caso
source proche de la procédure	Fuente del caso
souris grise	Ratón casero
souris à queue courte	Ratón moruno
sous couvert	Encubierto
sous la houlette de	Dirección
sous la main	A la mano (cerca; de la mano); Bajo la autoridad o dependencia (dominar a; Bajo
sous les barreaux	Entre rejas
sous-marin volant	Submarino volador
sous-salicylate de bismuth	Subsalicilato de bismuto, bismuto rosa
souverain pontife	Sumo pontífice
souveraineté alimentaire	Soberanía alimentaria
souveraineté nationale	Soberanía nacional
space cake	Space cake, pastel espacial, torta espacial
spartier à tiges de jonc	Retama de olor, gayomba, ginesta
spatule blanche	Espátula común
spectacle musical	Musical
spectacle vivant	Espectáculo en vivo
spectre électromagnétique	Espectro electromagnético
spectromètre de masse	Espectrómetro de masas
spectrométrie auger	Espectroscopia electrónica Auger
spectrométrie d'absorption atomique	Espectroscopia de absorción atómica
speed dating	Cita rápida
spermophile d'europe	Suslik europeo
spermophile tacheté	Suslik moteado
sphinx de l'euphorbe	Esfinge de la lechetrezna
sphinx de l'épilobe	Esfinge proserpina
sphinx demi-paon	Esfinge ocelada, semipavón
sphinx du chèvrefeuille	Esfinge abejorro de orla ancha
sphinx du laurier-rose	Esfinge de la adelfa
sphinx tête de mort	Esfinge de la calavera, mariposa de la muerte
sphynx du don	Don sphynx
sphère armillaire	Esfera armilar, astrolabio esférico, astrolabio esferico
sphère céleste	Esfera celeste
sphère d'influence	Esfera de influencia
sphère de dyson	Esfera de Dyson
sphère privée	Privacidad
sphère publique	Esfera pública
spitz japonais	Spitz japonés
spitz loup	Keeshond
sport de raquette	Deporte de raqueta
sport électronique	E-sport
sport équestre	Deporte ecuestre
springer anglais	Springer spaniel inglés
spécialiste du marketing	Mercadólogo
stade du miroir	Estadio del espejo, fase del espejo
stade olympique	Estadio olímpico
staffordshire bull terrier	Staffordshire bull terrier
stand up paddle	Surf con remo
station balnéaire	Estación balnearia
station d'essence	Gasolinera
station de lavage	Centro de lavado en autoservicio
station de métro	Parada de metro, estación de metro
station de nombres	Emisora de números, estacion numérica
station de radio	Emisora
station de recharge	Electrolinera
station de ski	Estación de esquí
station spatiale	Estación espacial
statu quo	Statu quo
status quo	Statu quo
statut social	Estatus social
stellaire intermédiaire	Álsine, pamplina
steppe à mammouths	Estepa de mamuts
stercoraire pomarin	Salteador pomarino, págalo pomarino
sterne arctique	Charrán ártico
sterne caspienne	Pagaza piquirroja
sterne caugek	Charrán patinegro
sterne de dougall	Charrán rosado
sterne hansel	Pagaza piconegra
sterne naine	Charrancito común
sterne pierregarin	Charrán común
stipe pennée	Pelaguer plomós
store vénitien	Persiana
street workout	Street workout
strelitzie de la reine	Ave del paraíso
stress thermique	Estrés térmico
strip club	Table dance
structure dissipative	Estructura disipativa
sturnelle australe	Loica común
sturnelle de l'ouest	Pradero gorjeador, turpial gorjeador
sturnelle de lilian	Pradero de Lilian
sturnelle des pampas	Loica pampeana
sturnelle des prés	Turpial oriental, pradero común
sturnelle du pérou	Loica peruana
sturnelle militaire	Loica pechirroja
sturnelle à sourcils blancs	Loica cejiblanca
style troubadour	Estilo trovador
stylo gomme	Porta-goma
stylo à bille	Bolígrafo, birome
stéatose hépatique non alcoolique	Esteatohepatitis no alcohólica
sténo rostré	Delfín de hocico estrecho
subjonctif présent	Subjuntivo presente
sublimation sous vide	Sublimación en vacío
substance active	Fármaco
substance de l'expression	Sustancia de la expresión
substance du contenu	Sustancia del contenido
succession écologique	Sucesión ecológica
succès de librairie	Best seller, best-seller, bestseller, éxit
sucre cristallisé	Azúcar granulado
sucre d'orge	Espagnol
sucre de canne	Azúcar de caña
sucre de raisin	Azúcar de uva
sucre glace	Azúcar glas, azúcar glacé, azúcar impalpable
sucre inverti	Azúcar invertido
sucre muscovado	Azúcar mascabado
sucre rapadura	Rapadura
sucre roux	Azúcar moreno, azúcar morena
sucre semoule	Azúcar extrafino
sucre syntaxique	Azúcar sintáctico
sucrer les fraises	Temblequear
suffixe dérivatif	Sufijo derivativo
suffixe flexionnel	Sufijo flexivo
suicide assisté	Suicidio asistido
suicide forcé	Suicidio forzado
suicide politique	Suicidio político
suite arithmétique	Sucesión aritmética, progresión aritmética
suite géométrique	Sucesión geométrica, progresión geométrica, progressão geométrica
suite à	Tras, a raíz de
suivre le mouvement	Subirse al carro, subirse al tren, sunarse a algo
sujet à caution	De poca confianza
sulfate d'ammonium	Sulfato de amonio
sulfate de calcium	Sulfato de calcio
sulfate de magnésium	Sulfato de magnesio, sulfato magnésico, sal de Epsom
sulfure d'hydrogène	Sulfuro de hidrógeno, ácido sulfhídrico
sumac des corroyeurs	Zumaque
sumac vénéneux	Hiedra venenosa
superlatif absolu	Superlativo absoluto, elativo
superlatif relatif	Superlativo relativo
supplice de la cale	Pasar por la quilla
suprémacisme blanc	Supremacismo blanco
sur l'ongle	Completamente o perfectamente
sur la pointe des pieds	De puntillas, de punta
sur le champ	En el acto
sur le point de	A punto de
sur le qui-vive	Mantener los ojos abiertos
sur le tard	Tarde
sur son trente et un	Ir de punta en blanco, ir de veinticinco alfileres, ir de tiros largos
sur un plateau	En una bandeja
sur un plateau d'argent	En bandeja de plata
sureau hièble	Saúco menor, yezgo
sureau noir	Saúco
surface terrière	Àrea basimétrica
sursaut gamma	Brote de rayos gama
surveillance syndromique	Vigilancia sindrómica
sussex spaniel	Sussex spaniel
suture sagittale	Sutura sagital
suzanne aux yeux noirs	Ojo de poeta, ojo de bruja Susanita
syllabe fermée	Sílaba cerrada
syllabe ouverte	Sílaba abierta
sylphe rouge	Espectro rojo, sprite
sylvain azuré	Ninfa de arroyos
symbole de nicée	Símbolo niceno-constantinopolitano
synallaxe rayadito	Rayadito
synapse électrique	Sinapsis eléctrica
syndrome coronaire aigu	Síndrome coronario agudo, SCA
syndrome d'alcoolisation fœtale	Síndrome alcohólico fetal
syndrome d'angelman	Síndrome de Angelman
syndrome d'asperger	Síndromo de Asperger
syndrome d'immunodéficience acquise	Síndrome de inmunodeficiencia adquirida
syndrome de diogène	Síndrome de Diógenes
syndrome de hurler	Gargolismo
syndrome de l'imposteur	Síndrome del impostor
syndrome de l'impostrice	Síndrome de la impostora
syndrome de l'x fragile	Síndrome X frágil, SFX
syndrome de la cabane	Síndrome de cabina
syndrome de la page blanche	Síndrome de la página en blanco
syndrome de la schtroumpfette	Principio de la Pitufina
syndrome de marfan	Síndrome de Marfan
syndrome de paris	Síndrome de París
syndrome de peter pan	Síndrome de Peter Pan
syndrome de prader-willi	Síndrome de Prader-Willi, SPW
syndrome de stockholm	Síndrome de Estocolmo
syndrome de stress post-traumatique	Síndrome de estrés postraumático
syndrome de turner	Monosomía X, síndrome de Turner, síndrome Ullrich-Turner
syndrome de west	Síndrome de West
syndrome de williams	Síndrome de Williams, síndrome de Williams-Beuren
syndrome de wolf-hirschhorn	Síndrome de Wolf-Hirschhorn
syndrome du bâtiment malsain	Síndrome del edificio enfermo
syndrome du bébé secoué	Síndrome del niño sacudido, síndrome del niño zarandeado o agitado
syndrome du choc toxique	Síndrome del choque tóxico
syndrome hémolytique et urémique	Síndrome hemolítico-urémico
syndrome métabolique	Síndrome metabólico
syndrome pieds-mains-bouche	Fiebre aftosa humana
syndrome prader-willi	Síndrome de Prader-Willi, SPW
syndrome prémenstruel	Síndrome premenstrual
syndrome respiratoire aigu sévère	Síndrome respiratorio agudo grave, síndrome respiratorio agudo severo
syngnathe aiguille	Aguja de mar, agujón, gran aguja
syntagme nominal	Sintagma nominal, grupo nominal
syntagme prépositionnel	Sintagma preposicional
synthèse additive	Síntesis aditiva
synthèse soustractive	Síntesis sustractiva
syrrhapte paradoxal	Ganga de Pallas
système circulatoire	Torrente circulatorio, torrente sanguíneo
système conjugué	Sistema conjugado
système d'exploitation	Sistema operativo
système d'écriture	Sistema de escritura, escritura
système d'équations	Sistema de ecuaciones
système de coordonnées	Sistema de coordenadas
système de crédit social	Sistema de crédito social
système de fichiers	Sistema de archivos
système de gestion	Sistema de gestión
système de gestion de base de données	Sistemas gestores de bases de datos
système de numération	Sistema de numeración
système de santé	Sistema de salud, sistema sanitario
système de signes	Sistema de signos
système décimal	Sistema decimal
système endocrinien	Sistema endocrino
système glymphatique	Sistema glinfático
système international	Sistema internacional
système international d'unités	Sistema Internacional de Unidades
système nerveux	Sistema nervioso
système nerveux autonome	Sistema nervioso autónomo
système nerveux entérique	Sistema nervioso entérico
système nerveux parasympathique	Sistema nervioso parasimpático
système nerveux sympathique	Sistema nervioso simpático
système olfactif	Sistema olfativo, sistema olfatorio
système physique	Sistema físico
système solaire	Sistema solar
système sémiotique	Sistema semiótico
système triclinique	Sistema triclínico
système trigonal	Sistema trigonal
sâme du nord	Sami septentrional
sécurité active	Seguridad activa
sécurité au travail	Seguridad en el trabajo, seguridad ocupacional, seguridad laboral
sécurité et santé au travail	Seguridad y salud laboral, seguridad y salud ocupacional, seguridad y salud en el trabajo
sécurité passive	Seguridad pasiva
sécurité sociale	Seguridad social, seguro social
sédiment clastique	Sedimento clástico
sélection naturelle	Selección natural
séléniure d'hydrogène	Seleniuro de hidrógeno, ácido selenhídrico
sémiotique connotative	Semiótica connotativa
sémiotique dénotative	Semiótica denotativa
séparateur décimal	Separador decimal
séparateur à œuf	Separaclaras
séparation de corps	Separación conyugal, separación matrimonial
séparation des biens	Separación de bienes
séparer le bon grain de l'ivraie	Apartar el grano de la paja
sépia inerme	Sepia inerme
sépiole atlantique	Sepiola atlántica
sépiole bobie	Globito pequeño
sépiole bouledogue	Globito cabezudo
sépiole calamarette	Globito tierno
sépiole colibri	Sepiola colibrí
sépiole commune	Sepieta común
sépiole du pacifique boréal	Globito del Pacífico boreal
sépiole grandes oreilles	Sepiola atlántica
sépiole gros yeux	Sepiolina
sépiole mignonne	Globito antillano
sépiole mimika	Sepiola mimika
sépiolette de koch	Sepiolilla de Koch
sépiolette du sud	Sepiolilla sureña
séquence principale	Secuencia principal
sérapias en cœur	Serapias en corazón
série de taylor	Serie de Taylor
série entière	Serie de potencias
série formelle	Serie formal de potencias
série temporelle	Serie temporal, serie cronológica
série télévisée	Serie de televisión
sériole ambrée	Pez de limón
sériole couronnée	Pez de limón
sérotine boréale	Murciélago norteño
sérotine brune	Murciélago moreno
sérotine commune	Murciélago hortelano
sérotine de nilsson	Murciélago norteño
sérum physiologique	Suero fisiológico
sérum sanguin	Suero sanguíneo
t-shirt de tournée	Camiseta de gira de conciertos, camiseta de gira
ta gueule	(malsonante, jergal) ¡Calla! ¡Cállate! ¡Cállate el hocico! ¡Cál
tabac d'espagne	Nacarada
table astronomique	Tabla astronómica
table d'hôte	Menú
table de camping	Mesa de camping
table de chevet	Mesita de luz, mesa de noche, buró
table de mixage	Mezclador
table de routage	Tabla de enrutamiento, tabla de encaminamiento
table de vérité	Tabla de verdad
table des matières	Lista de materias
table ronde	Mesa redonda
table à langer	Cambiador
table à thé	Mesa de té
tableau blanc	Pizarrón blanco
tableau de bord	Salpicadero, cuadro de mandos, tablero de instrumentos
tableau noir	Pizarra
tableau périodique des éléments	Tabla periódica de los elementos
tableau à double entrée	Tabla de doble entrada
tablette d'argile	Tablilla de barro, tablilla de arcilla
tablette de chocolat	Tableta de chocolate
tablette tactile	Tableta
tabouret perfolié	Mostacilla brava
tache aveugle	Punto ciego
tache bleue	Mancha mongólica
tache bleue mongolique	Mancha mongólica
tache bleue mongoloïde	Mancha mongólica
tache de mariotte	Punto ciego
tache de rousseur	Peca
tache de vin	Mancha de nacimiento, lunar
tache mongole	Mancha mongólica
tache mongolique	Mancha mongólica
tache mongoloïde	Mancha mongólica
tache solaire	Mancha solar
tactique du salami	Táctica salami, táctica del salami
tadorne casarca	Tarro canelo
tadorne de belon	Tarro blanco
taie d'oreiller	Funda de almohada
tailler le bout de gras	Darle a la sinhueso, darle a la sin hueso
tailler une pipe	Mamar
tailleur de pierre	Cantero
tailleuse de pierre	Cantera
talon aiguille	Tacón de aguja, zapato de tacón de aguja
talon d'achille	Talón de Aquiles
talève sultane	Calamón
tambour de basque	Pandero
tamier commun	Nueza negra, hierba de la mujer apaleada, brionia negra
tandis que	Mientras; mientras que
tangara fourchu	Naranjero
tanin condensé	Tanino condensado
tanin gallique	Galotanino
tant bien que mal	Mal que bien
tant mieux	Tanto mejor
tant pis	Ni modo, que lástima
tant qu'à faire	De perdidos, al río
tant que	Mientras
tant s'en faut	Ni con mucho
tant va la cruche à l'eau qu'à la fin elle se casse	Tanto va el cántaro al agua, que por fin se rompe, tanto va el cántaro al agua, hasta que un día se rompe, tanto va el cántaro a la fuente que al final se rompe
tantale ibis	Tántalo africano
tapette à mouche	Matamoscas
tapis de souris	Alfombrilla de ratón, alfombrilla, posa mouse
tapis de table	Sobremesa
tapis roulant	Cinta transportadora; Cinta de correr, cinta andadora; Cinta de equipaje
tapis volant	Alfombra mágica
tarente commune	Salamanquesa común
taret commun	Gusano de barco
tarif douanier	Arancel
tarin des aulnes	Lugano, lúgano, jilguero lúgano
taro d'eau	Malanga, yautía coco
tarot de marseille	Tarot de Marsella
tarte au riz	Tarta de arroz
tarte aux pommes	Tarta de manzana, tarta de manzanas
tarte sacher	Tarta Sacher
tarte à la crème	Tarta de crema
tartre dentaire	Cálculo dental, tártaro dental
tas de ferraille	Chatarra
tasse de thé	Taza de té
tasse à café	Taza de café
tatou géant	Armadillo gigante
taupe aveugle	Topo ciego
taupe d'europe	Topo común
taureau de combat	Toro de lidia, toro bravo
taux d'alcoolémie	Alcoholemia
taux d'intérêt	Tasa de interés
taux d'urbanisation	Tasa de urbanización, índice de urbanización
taux de change	Tipo de cambio, cambio
taux de clics	Proporción de clics, tasa de pulsación pasante, ratio de cliqueo
taux de conversion	Factor de conversión
taux de croissance	Tasa de crecimiento
taux de mortalité	Tasa bruta de mortalidad
taux de natalité	Tasa de natalidad, índice de natalidad
taxe rose	Impuesto rosa, tasa rosa
taxe sur la valeur ajoutée	Impuesto sobre el valor añadido, impuesto sobre el valor agregado, IVA
taï lü	Tai lü
tchouvatch slovaque	Cuvac eslovaco
technique de l'autruche	Táctica de avestruz, táctica del avestruz
technique du vide	Técnica de vacío, ingeniería del vacío
tectonique des plaques	Tectónica de placas
teinture de tournesol	Tornasol
tel est pris qui croyait prendre	Donde las dan, las toman, tal es el poco mordedor, quien a hierro mata a hierro muere
tel ou tel	Tal o cual, uno u otro, así o asá o esto o; Algún, determinado, cada, en particu
tel quel	Tal cual
tel qui rit vendredidimanche pleurera	A todo cerdo le llega su San Martín
tellement quellement	Adentro
tellurure d'hydrogène	Telururo de hidrógeno, ácido telurhídrico
temps de planck	Tiempo de Planck
temps géologique	Tiempo geológico
temps libre	Tiempo libre
temps magnifique	Tiempo magnífico
temps partiel	Tiempo parcial, jornada parcial
temps pascal	Tiempo pascual
temps réel	In tiempo real
temps universel coordonné	Tiempo universal coordinado
température absolue	Temperatura absoluta
température ambiante	Temperatura ambiente
température de couleur	Temperatura de color
température homologue	Temperatura homóloga
température thermodynamique	Temperatura termodinámica
tempête dans un verre d'eau	Tormenta en un vaso de agua
tempête de neige	Nevada, nevasca, tormenta de nieve
tempête de sable	Tormenta de polvo
tenants et aboutissants	Entresijos
tendon d'achille	Tendón de Aquiles
tendre le bâton pour se faire battre	Dar argumentos al enemigo, ponerse uno mismo la soga al cuello, tirar piedras a su propio tejado
tenir avec de la broche	Pender de un hilo
tenir bon	Aguantar firme, mantener el tipo
tenir compte	Tomar en consideración
tenir compte de	Tener en cuenta
tenir de	Tirar de
tenir en respect	Mantener a raya
tenir l'alcool	Aguantar bien el alcohol, ser resistente al alcohol
tenir la chandelle	Hacer de carabina
tenir la queue de la poêle	Tener vara alta
tenir le coup	Parar el golpe, encajar el golpe, aguantar el tipo
tenir les rênes	Llevar las riendas
tenir rigueur	Guardar rencor
tenir sa langue	Callar la boca, mantener la boca cerrada
tenir à cœur	Tomarse muy a pecho
tenir à un fil	Pender de un hilo
tennis de table	Tenis de mesa, ping-pong, pimpón
tenon et mortaise	Caja y espiga
tenseur des contraintes	Tensor tensión, tensor de tensiones, tensor de esfuerzos
tenseur des déformations	Tensor deformación, tensor de deformaciones
tension artérielle	Presión sanguínea
tension électrique	Tensión, voltaje
tente de toit	Tienda de techo
tenter le diable	Tentar al diablo
terminal de paiement électronique	Datáfono
terra rossa	Terra rosa
terrain vague	Descampado
terrain à bâtir	Solar, solar edificable, casal
terre battue	Tierra batida
terre brûlée	Tierra quemada
terre cuite	Terracota
terre de sienne	Tierra de Siena
terre ferme	Tierra firme
terre rare	Tierra rara
terres irrigables	Regadío
terrier australien	Terrier de Australia
terrier australien à poil soyeux	Australian silky terrier
terrier blanc west highland	West Highland white terrier
terrier brésilien	Terrier brasileño
terrier de boston	Boston terrier
terrier de chasse allemand	Terrier alemán
terrier du révérend russell	Parson Russell terrier
terrier du yorkshire	Yorkshire terrier
terrier gallois	Terrier galés
terrier irlandais	Terrier irlandés
terrier irlandais glen of imaal	Glen of Imaal terrier
terrier irlandais à poil doux	Irish soft coated wheaten terrier
terrier jack russell	Jack Russell terrier
terrier japonais	Terrier de Japón
terrier kerry blue	Kerry blue terrier
terrier sealyham	Sealyham terrier
terrier tchèque	Terrier checo
terrier tibétain	Terrier tibetano
terrier écossais	Terrier escocés
territoire historique	Territorio histórico
terrorisme intellectuel	Terrorismo intelectual
test d'intrusion	Prueba de intrusión, test de intrusión
test d'intégration	Prueba de integración
test de rorschach	Test de Rorschach
test unitaire	Prueba unitaria, test unitario
testostérone libre	Testosterona libre
thazard atlantique	Carite
thazard vrai	Melva
thaï du nord	Tailandés septentrional
thiopental sodique	Pentotal sódico, tiopentato de sodio, amital sódico
thon blanc	Atún blanco, atún claro, albacora
thon jaune	Atún de aleta amarilla, atún claro, atún blanco
thon rouge du nord	Atún azul
thon à dents de chien	Casarte ojón
thorax en carène	Tórax en quilla, pectus carinatum, pecho de paloma
thorax en entonnoir	Pectus excavatum, tórax en embudo
thrash metal allemand	Thrash metal alemán
thym commun	Tomillo
thècle de la ronce	Cejialba
thé aux perles	Té de burbujas, té de perlas
thé blanc	Té blanco
thé d'aubrac	Calamento de montaña
thé du brésil	Yerba
thé glacé	Té helado
thé noir	Té negro
thé vert	Té verde
thécla de l'yeuse	Querquera serrana
thécla du chêne	Nazarena
théologie morale	Teología moral
théorie atomique	Teoría del átomo
théorie de l'esprit	Teoría de la mente
théorie de l'information	Teoría de la información
théorie de la musique	Teoría musical
théorie des cordes	Teoría de cuerdas
théorie des ensembles	Teoría de conjuntos
théorie des jeux	Teoría de juegos
théorie des quanta	Teoría cuántica
théorie du complot	Teoría conspirativa, teoría de la conspiración
théorie du genre	Teoría del género
théorie du ruissellement	Teoría de la filtración
théorème de pythagore	Teorema de Pitágoras
théorème des gendarmes	Teorema del emparedado, teorema del sándwich, teorema del apretón
théorèmes d'incomplétude de gödel	Teoremas de incompletitud de Gödel
thérapie de conversion	Terapia de conversión
thérapie de réorientation sexuelle	Terapia de conversión
thérapie génique	Terapia génica
thérapie réparatrice	Terapia de conversión
théâtre anatomique	Teatro anatómico
théâtre d'ombres	Teatro de sombras
théâtre de rue	Teatro de calle, teatro callejero
tichodrome échelette	Treparriscos, pájaro arañero
ticket de quai	Billete de plataforma
tierce feuille	Trébol
tierce picarde	Tercera de Picardía
tiercé en bande	Terciado en banda
tiercé en barre	Terciado en barra
tiercé en chevron	Terciado en cabrio
tiercé en chevron renversé	Terciado en cabrio invertido
tiercé en fasce	Terciado en faja
tiercé en pairle	Terciado en perla
tiercé en pairle renversé	Terciado en perla
tiercé en pal	Terciado en pal
tige céleste	Tronco celestial
tigre de sibérie	Tigre siberiano
tigre de tasmanie	Tilacino
tigre du bengale	Tigre de Bengala
tigre à dents de sabre	Tigre de dientes de sable
tilleul d'appartement	Tilo de tiesto
tilleul à grandes feuilles	Tilo de hoja ancha
tilleul à petites feuilles	Tilo norteño
timbre fiscal	Estampilla fiscal
tir ami	Fuego amigo
tir fratricide	Fuego amigo
tir à l'arc	Tiro con arco
tirage au sort	Sorteo
tirant d'eau	Calado
tire bouton	Abotonador, abrochador
tirer au sort	Sortear, rifar
tirer de l'oubli	Desempolvar
tirer la chasse d'eau	Tirar, cadena
tirer la langue	Sacar la lengua
tirer le diable par la queue	Correr la coneja
tirer les cartes	Leerle las cartas a
tirer les ficelles	Mover los hilos
tirer parti	Sacar partido
tirer son chapeau	Quitarse el sombrero
tirer son épingle du jeu	Salir airoso
tirer un coup	Echar un polvo
tirer à la courte paille	Echar pajas
tiret bas	Guion bajo
tiret cadratin	Raya
tireur d'élite	Francotirador
tiré par les cheveux	Traído por los pelos
tiré à quatre épingles	Ir de punta en blanco, ir de veinticinco alfileres, ir de tiros largos
tisserin gendarme	Tejedor común, tejedor cogullado
tissu adipeux	Tejido adiposo
tissu conjonctif	Tejido conjuntivo
tissu social	Tejido social
tissu végétal	Tejido vegetal
toge prétexte	Pretexta
toile cirée	Lona, hule
toile d'araignée	Telaraña, tela de araña
toilettes publiques	Baño público
toilettes sèches	Baño seco ecológico
toit en pente	Tejado de dos vertientes
toit végétalisé	Techo verde
tok pisin	Tok pisin
toki pona	Toki pona
tomate cerise	Tomate cereza, tomate cherri
tomate de mer	Tomate de mar
tomber amoureux	Enamorarse
tomber aux mains	Caer en manos
tomber comme un couperet	Caer como una losa
tomber dans les pommes	Darle un patatús a
tomber de charybde en scylla	Huir del fuego y dar en las brasas, caer de la sarten al fuego
tomber des nues	Caer de las nubes
tomber du lit	Caer de la cama
tomber en panne	Tener una avería, descomponerse, estar descompuesto
tomber en rade	Tener una avería, descomponerse, estar descompuesto
tomber en rideau	Tener una avería, descomponerse, estar descompuesto
tomber malade	Caer enfermo, enfermar
tomber à pic	Venir de perlas
tombée de la nuit	Anochecer
tombée du jour	Atardecer
tomographie par émission de positons	Tomografía por emisión de positrones, TEP
tondeuse à gazon	Cortacésped
torcol fourmilier	Torcecuello
toro de fuego	Toro de fuego
torsion testiculaire	Torsión testicular
tortue d'hermann	Tortuga mediterránea
tortue de floride	Tortuga pintada, tortuga escurridiza
tortue de kemp	Tortuga lora, tortuga bastarda
tortue de l'amazone à taches jaunes	Taricaya, terecay
tortue des bois	Galápago de bosque
tortue imbriquée	Tortuga carey
tortue luth	Tortuga laúd
tortue marine	Tortuga marina
tortue mauresque	Tortuga mora
tortue olivâtre	Tortuga olivácea, tortuga golfina
tortue serpentine	Tortuga serpentina, tortuga lagarto norteño, tortuga lagarto
tortue verte	Tortuga verde
tortue à dos plat	Tortuga plana
tote bag	Bolsa de algodón
toucan montagnard	Arasarí de pico laminado, terlaque, tucán morado de pico pintado
toucan toco	Tucán grande, tucán gigante, tucán toco
touche finale	Toque final
toucher du bois	Tocar madera
toucher la corde sensible	Tocar la fibra sensible
toucher le fond	Tocar fondo
toucher rectal	Examen rectal, tacto rectal
toui aymara	Catita aimará, catita serrana grande
toui céleste	Cotorrita de piura
toui de d'achille	Cotorrita amazónica
toui de deville	Catita aliazul
toui de huet	Cotorrita alirroja
toui de sclater	Cotorrita de Sclater
toui de spix	Cotorrita aliazul
toui des tépuis	Cotorrita de tepuy
toui du costa rica	Cotorrita costarricense
toui du mexique	Cotorrita mexicana
toui flamboyant	Catita macareña
toui para	Catita alidorada
toui tacheté	Cotorrita alipinta
toui tirica	Catita tirica
toui à ailes jaunes	Catita chirirí
toui à ailes variées	Catita versicolor
toui à bandeau jaune	Catita frentidorada
toui à dos noir	Cotorrita dorsinegra
toui à front bleu	Cotorrita cariazul
toui à front d'or	Catita frentigualda
toui à lunettes	Cotorrita de anteojos
toui à menton d'or	Catita churica, periquito barbinaranja
toui à queue d'or	Cotorrita sorda
toui à queue pourprée	Cotorrita purpurada
toui à sept couleurs	Cotorrita sietecolores
toui à tête jaune	Cotorrita carigualda
toui été	Cotorrita culiverde
toujours est-il que	En todo caso, de todas formas, sea lo que sea
tour d'esprit	Forma de pensar
tour d'ivoire	Torre de marfil
tour de babel	Torre de Babel
tour de chauffe	Vuelta de calentamiento
tour de contrôle	Torre de control
tour de cou	Buff, medida del cuello, collar
tour de force	Hazaña, proeza
tour de guet	Atalaya, matacán
tour de main	Juego de manos
tour de passe-passe	Juegos malabares
tour de reins	Dolor lumbar
tour martello	Martello
tour par minute	Revolución por minuto
tourisme d'achats	Turismo de compras
tourisme rural	Agroturismo
tourisme sexuel	Turismo sexual
tourisme virtuel	Turismo virtual
tourisme équitable	Turismo responsable
tournepierre à collier	Vuelvepiedras común
tourner autour du pot	Andarse por las ramas, marear la perdiz
tourner de l'œil	Darsele vuelta los ojos
tourner la page	Voltear la página, pasar la página
tourner la tête	Ensandecer
tourner le dos	Dar la espalda
tournesol mexicain	Árbol maravilla, falso girasol, quil amargo
tournure d'esprit	Forma de pensar, manera de ver las cosas
tourte voyageuse	Paloma migratoria
tourterelle des bois	Tórtola europea
tourterelle des palmiers	Tórtola senegalesa
tourterelle oreillarde	Torcaza
tourterelle turque	Tórtola turca
tous deux	(literario) Ambos, ambos a dos o entrambos
tous droits réservés	Reservados todos los derechos o todos los
tous les chemins mènent à rome	Todos los caminos llevan a Roma, todos los
tous les chemins vont à rome	Todos los caminos llevan a Roma
tous les deux	Ambos, ambas
tous les goûts sont dans la nature	Sobre gustos no hay nada escrito
tous les jours	Cada día
tous les trente-six du mois	De Pascuas a Ramos
tout au long de	Durante
tout au moins	Menorete (a lo más o a lo menos)
tout au plus	Por lo más, en el mejor de los casos, como
tout ce qui brille n'est pas or	No es oro todo lo que reluce
tout ce qui est nécessaire	Todo lo que sea necesario
tout compte fait	A fin de cuentas, en resumidas cuentas, echando cuentas
tout d'abord	En primer lugar, primeramente
tout d'un coup	De una vez, de repente
tout de go	Sin previo aviso
tout de même	Igualmente, aun asi
tout de suite	En el acto, en seguida, inmediatamente
tout est bien qui finit bien	Bien está lo que bien acaba
tout feu tout flamme	Chispas y centellas
tout flatteur vit aux dépens de celui qui l'écoute	Cada adulador vive a expensas del oyente
tout l'or du monde	Todo el oro del mundo
tout le monde	Todo el mundo
tout le plaisir est pour moi	De nada, literalmente: «todo el placer es
tout le temps	Todo el tiempo, siempre
tout n'est pas rose dans la vie	No ser todo de color de rosa, no todo el monte es orégano
tout nu	En pelotas, en tarlipes
tout ouïe	Ser todo oídos
tout seul	Solo
tout soldat porte dans sa giberne le bâton de maréchal	Cada soldado lleva un bastón de mariscal en su bolsillo
tout son saoul	Todo lo que necesita
tout sourire	Todo sonrisa
tout vient à point à qui sait attendre	Las cosas buenas vienen a aquellos que esperan
tout yeux tout ouïe	Ser todo oídos
tout à coup	De golpe, repentinamente
tout à fait	Completamente, totalmente
tout à l'heure	Hace un rato, dentro de un rato
tout à la fois	De una vez, todo a la vez
tout à trac	A quemarropa, a bocajarro
tout ça	Todo eso, y los demás
toutes choses égales par ailleurs	Siempre y cuando las circunstancias no varíen, al igual que en todas partes
toutes les deux	Ambos, ambas
toutes sortes de	Toda clase de
toutes voiles dehors	Todos zarpan
toxicologie environnementale	Ecotoxicología
toxémie gravidique	Preeclampsia
trachélyoptère tacheté	Chupa, apretador
tradition orale	Tradición oral
traducteur automatique	Traductor automático
traduction automatique	Traducción automática, TA
traduction à vue	Traducción a la vista
trafic d'influence	Tráfico de influencias
trafic de stupéfiants	Tráfico de estupefacientes, tráfico de drogas
tragédie de l'horizon	Tragedia del horizonte
tragédie des biens communs	Tragedia de los bienes comunales
trail running	Trail running
train d'atterrissage	Tren de aterrizaje
train fantôme	Tren del terror, tren fantasma, tren infernal
train routier	Tren de carretera
train à crémaillère	Ferrocarril de cremallera
train à grande vitesse	Tren de alta velocidad
train électrique	Tren eléctrico a escala
trait d'union	Guión
trait d'union-signe moins	Guion menos
trait de scie	Aserradura
traitement de faveur	Tratamiento especial
traitement de surface	Tratamiento superficial
traitement de texte	Procesamiento de texto, tratamiento de texto
traité de paix	Tratado de paz
trancher résoudre	Zanjar
transcription phonétique	Transcripción fonética, notación fonética
transformation affine	Transformación afín
transformation isotherme	Proceso isotérmico
transition de genre	Transición de género
transition démocratique	Transición democrática
transition démographique	Transición demográfica
transition écologique	Transición ecológica
transport en commun	Transporte público
transport hectométrique	Transporte hectométrico
transport public	Transporte público
traquet du désert	Collalba desertica
traquet isabelle	Collalba isabel
traquet motteux	Collalba gris
traquet oreillard	Collalba rubia
traquet pie	Collalba pia
traquet pâtre	Tarabilla común europea
traquet rieur	Collalba negra
traquet tarier	Tarabilla norteña
travail alimentaire	Trabajo de sustento, trabajo para subsistir
travail au noir	Trabajo en negro
travail d'équipe	Trabajo de equipo
travail de sortie	Función de trabajo, trabajo de extracción
travail des mines	Minería
travail domestique	Trabajo doméstico
travail du sexe	Trabajo sexual
travail intellectuel	Trabajo intelectual
travail invisible	Trabajo invisible
travail mécanique	Trabajo mecánico
travail reproductif	Trabajo reproductivo
travail social	Trabajo social
travail temporaire	Trabajo temporero
travail à la chaîne	Trabajo en la línea de montaje, trabajo en cadena de montaje
travail à temps partiel	Jornada a tiempo parcial
travail émotionnel	Trabajo emocional
travailler au corps	Hostigar
travailleur du sexe	Trabajador sexual
travailleur sexuel	Trabajador sexual
travailleur social	Trabajador social
travailleurs pauvres	Trabajadores pobres
travailleuse du sexe	Trabajadora sexual
travailleuse sociale	Trabajadora social
travaux forcés	Trabajos forzados
traversée du désert	Travesía del desierto
traîneau à dépiquer	Trillo
traîner dans la boue	Llenar de fango a alguien
traîner ses guêtres	Vagar
traînée de poudre	Reguero de pólvora
treize à la douzaine	Docena del fraile; Cantidad más grande que sea necesaria
treizième mois	Salario de navidad
tremblante du mouton	Tembladera
tremblement de ciel	Cielomoto
tremblement de lune	Lunamoto
tremblement de mars	Martemoto
tremblement de terre	Terremoto, seísmo
trempé comme une lavette	Estar calado hasta los huesos
trempé comme une soupe	Estar calado hasta los huesos
trente-deuxième de soupir	Silencio de garrapatea
trente-trois tours	Doce pulgadas
tri sélectif	Recollida selectiva
tri à bulles	Ordenación de burbuja
triage médical	Triaje
triangle acutangle	Triángulo acutángulo, triángulo agudo
triangle amoureux	Triángulo amoroso
triangle culinaire	Triángulo culinario
triangle isocèle	Triángulo isósceles
triangle obtusangle	Triángulo obtusángulo, triángulo obtuso
triangle rectangle	Triángulo rectángulo
triangle scalène	Triángulo escaleno
triangle sphérique	Triángulo esférico
triangle vocalique	Triángulo vocalico
triangle équilatéral	Triángulo equilátero
tribunal d'exception	Tribunal de excepción
tricholome brûlé	Caballero quemado
tricholome couleur de souris	Negrilla
tricholome de la saint-georges	Seta de San Jorge, seta de primavera
tricholome prétentieux	Capuchina, carbonera, tortullo
tricholome équestre	Seta de los caballeros
trifluorure de chlore	Trifluoruro de cloro
trigle à ailes bleues	Testolín, rubio azul
trioxyde de diazote	Trióxido de dinitrógeno, anhídrido nitroso
triple parenthèse	(((eco))), paréntesis triples, triples paréntesis
triple saut	Triple salto
trique de copala	Trique de Copala
triton marbré	Tritón jaspeado
triton palmé	Tritón palmeado
triton vert	Tritón del este, tritón americano de lunares rojos, tritón verde americano
troglodyte mignon	Chochin
trois centième	Tricentésimo
trois sœurs	Tres hermanas
troisième classe	Tercera clase
troisième genre	Tercer sexo
troisième personne	Tercera persona
troisième personne du pluriel	Tercera persona del plural
troisième personne du singulier	Tercera persona del singular
troisième rail	Tercer riel
troisième voie	Tercera vía
troisième âge	Tercera edad
trolle d'europe	Flor de san Pallari
trombe tornadique	Manga de agua, tromba marina
trompe d'éléphant	Trompa del elefante
trompette basse	Trompeta baja
trompette de gabriel	Cuerno de Gabriel
tronc cérébral	Tronco cerebral, tallo cerebral
tronc des pauvres	Alcancía
tronche de cake	Cabeza de pene, pendejo, gilipollas
trop tard	Demasiado tarde
trottinette électrique	Patinete eléctrico
trou blanc	Agujero blanco
trou d'homme	Pozo de visita, boca de hombre
trou d'électron	Hueco de electrón, hueco
trou de la serrure	Ojo de cerradura
trou de ver	Agujero de gusano
trou du cul	(malsonante) Ano, culo, ojete; (malsonante, despectivo) Imbécil, estúpido, pendejo; Culo, presidente (juego de cartas)
trou du cul du monde	A tomar por culo
trou noir	Agujero negro
trou perdu	Pueblucho, pueblo de mala muerte, pueblo perdido
trouble bipolaire	Trastorno bipolar
trouble cognitif	Trastorno cognitivo
trouble de la personnalité	Trastorno de personalidad
trouble de la personnalité borderline	Trastorno límite de la personalidad
trouble de stress post-traumatique	Trastorno por estrés postraumático, TEPT
trouble du comportement alimentaire	Trastorno alimenticio, trastorno de la conducta alimentaria, TCA
trouble du déficit de l'attention avec ou sans hyperactivité	Trastorno por déficit de atención con hiperactividad
trouble obsessionnel compulsif	Trastorno obsesivo compulsivo
trousse de toilette	Neceser, bolsa de aseo
trousse à pharmacie	Botiquín (caja, maleta, mueble o similar)
troène commun	Aligustre, alheña
truffe noire	Trufa negra
truite arc-en-ciel	Trucha arcoiris
truite d'europe	Trucha marrón
truite de mer	Trucha europea, trucha marina
truite à lèvres molles	Trucha adriática
trèfle fausse bardane	Trébol lapáceo
trèfle à feuilles étroites	Jopitos
trèfle à quatre feuilles	Trébol de cuatro hojas
trésor public	Hacienda pública, erario
trêve de plaisanterie	Bromas aparte…
trêve olympique	Tregua olímpica
trône du chrysanthème	Trono del Crisantemo
tu m'étonnes	Me sorprendes, no me extraña, no me digas
tube capillaire	Tubo capilar
tube cathodique	Tubo de rayos catódicos
tube digestif	Tubo digestivo
tube nixie	Tubo Nixie
tube nommé	Tubería nombrada
tube à essai	Tubo de ensayo, tubo de prueba
tube à essais	Probeta
tube électronique	Válvula termoiónica
tuer dans l'œuf	Cortar de raíz
tuerie de masse	Asesinato masivo
tueur en série	Asesino en serie
tueur à gages	Asesino a sueldo, sicario, pistolero
tueuse en série	Asesina en serie
tuf calcaire	Toba calcárea, tufa calcárea
tumeur bénigne	Tumor benigno
turbo folk	Turbo-folk, yugofolk, narodna muzika
turc de van	Gato van turco
turnix d'andalousie	Torillo
tylodine jaune	Tylodina amarilla
tylodine perverse	Tylodina amarilla
tyran quiquivi	Benteveo
tyran à longue queue	Tirejeta rosada
tyranneau omnicolore	Sietecolores
tyrannosaurus rex	Tyrannosaurus
tâche domestique	Tarea doméstica
tâche ménagère	Tarea doméstica
tâter l'eau	Probar las aguas
tâter le terrain	Tantear el terreno, medir el terreno, descubrir el terreno
télescope de type cassegrain	Telescopio de Cassegrain
télescope spatial	Telescopio espacial
téléphone arabe	Radio macuto, el teléfono estropeado, el teléfono dañado
téléphone cellulaire	Teléfono celular
téléphone fixe	Teléfono fijo
téléphone intelligent	Teléfono inteligente
téléphone mobile	Móvil
téléphone portable	Celular
téléphone rose	Sexo telefónico
téléportation quantique	Teleportación cuántica
témia coiffée	Urraca de Sumatra
témoin de jéhovah	Testigo de Jehová
témoin oculaire	Testigo ocular, testigo directo
tétra amande	Tetra ambar
tétra cardinal	Tetra cardenal
tétra citron	Tetra limón
tétra joyau	Mojarra, tetra gota de sangre, tetra serpae
tétra noir	Monjita, tetra negro
tétra néon	Tetra neón
tétra vampire	Cachorro, pez diablo, dientón
tétragone cornue	Espinaca de Nueva Zelanda
tétras des armoises	Urogallo de las artemisas
tétras du canada	Gallo canadiense
tétras du caucase	Gallo lira caucasiano
tétras lyre	Gallo lira
tétras sombre	Gallo de las Rocosas, gallo oscuro
tétras à queue fine	Gallo de las praderas rabudo
tétraèdre tronqué	Tetraedro truncado
tête brûlée	Cabeza loca, calavera
tête carrée	(coloquial) Baturro, cabeciduro, cabezadura, cabezón o; (despectivo, Canadá) Gringo (especialmente de la Canadá a
tête d'ail	Cabeza de ajos
tête de cochon	Porfiado
tête de linotte	Cabeza de chorlito
tête de lit	Pelo despeinado, pelo desordenado, pelo descuidado
tête de mat	Calcés
tête de maure	Cabeza de moro
tête de mort	Calavera
tête de nœud	(malsonante, despectivo) Individual, estúpido, imbécil
tête de pont	Cabeza de puente
tête de turc	Cabeza de turco
tête de vis	Cabeza de tornillo
tête en l'air	Casquivano, despistado
tête à tête	Cara a cara
tôt ou tard	Tarde o temprano
ulcère de buruli	Úlcera de Buruli
ulcère gastro-duodénal	Úlcera péptica, ulcus péptico
un ange passe	Pasar un ángel
un autre	Otro
un certain nombre de	Cierto número de
un esprit sain dans un corps sain	Mente sana en cuerpo sano
un homme averti en vaut deux	Hombre prevenido vale por dos, hombre apercibido vale por dos, hombre prevenido vale por ciento
un homme à la mer	Hombre al agua
un lièvre va toujours mourir au gîte	La cabra siempre tira al monte
un malheur ne vient jamais seul	Las desgracias nunca vienen solas
un ou plusieurs	Uno o varios, uno o más
un peu	Un poco, algo
un point c'est tout	Un punto es todo
un tel	Citano, esperencejo, fulano, mengano peren
un tien vaut mieux que deux tu l'auras	Más vale pájaro en mano que ciento volando
un tiens vaut mieux que deux tu l'auras	Más vale pájaro en mano que ciento volando
un à un	Uno a uno
une bonne fois pour toutes	Una buena vez para todas
une fois n'est pas coutume	Una vez al año no hace daño
une fois pour toutes	Una vez por todas
une hirondelle ne fait pas le printemps	Una golondrina no hace verano
une image vaut mille mots	Una imagen vale más que mil palabras
une pluralité de	Una pluralidad de
unité arbitraire	Unidad arbitraria, unidades arbitrarias
unité astronomique	Unidad astronómica
unité de masse atomique	Unidad de masa atómica
unité de mesure	Unidad de medida
unité internationale	Unidad internacional
unité logique	Unidad lógica
unité paysagère	Unidad apaisada
univers parallèle	Universo paralelo
uranie de madagascar	Polilla crepuscular de Madagascar
uranium appauvri	Uranio empobrecido
uranoscope de l'atlantique	Miracielo
urgence climatique	Emergencia climàtica
urne cinéraire	Urna funeraria
urne funéraire	Urna funeraria
urosperme de daléchamp	Lechuguilla, roseta de Portugal
urubu noir	Zopilote, buitre negro americano, gallinazo de cabeza negra
urubu à tête jaune	Aura sabanera, zopilote cabecigualdo, zopilote sabanero
urubu à tête rouge	Aura gallipavo
usine à diplômes	Fábrica de diplomas
usine à gaz	Fábrica de gas
ustensile de cuisine	Utensilios de cocina
va te faire enculer	Vete a tomar por culo, vete a la chingada
va te faire foutre	(malsonante, despectivo) ¡A la verga! ¡Jódete! ¡Que te jodan!
vacances d'été	Vacaciones de verano
vache laitière	Vaca lechera
vache qui rit	Vaca que ríe
vache à lait	Vaca lechera
vague de froid	Ola de frío
vaine gloire	Vanagloria
vaisseau sanguin	Vaso sanguíneo
vaisseau spatial	Nave espacial
valencien central	Valenciano central
valencien septentrional	Valenciano septentrional
valet d'épée	Mozo de espadas, mozo de estoques
valet de ferme	Peón
valeur absolue	Valor absoluto
valeur ajoutée	Valor añadido
valeur cible	Valor objetivo, valor meta
valeur d'usage	Valor de uso
valeur de marché	Valor de mercado
valeur de vérité	Valor de verdad
valeur efficace	Valor eficaz
valeur faciale	Valor nominal
valeur mobilière	Valor mobiliario
valeur nominale	Valor nominal
valeur opposée	Opuesto, negación, complemento lógico
valeur propre	Eigenvalor, valor propio, valor característico
vallhund suédois	Vallhund sueco
vallée dérangeante	Valle inquietante
vallée inondable	Vega
vallée sèche	Valle seco
valoir la peine	Valer la pena
valoir le coup	Valer la pena
valve cardiaque	Válvula cardíaca
vanne mélangeuse	Válvula mezcladora
vanne à trois voies	Válvulas de tres vías
vanneau huppé	Avefría europea
vanneau sociable	Avefría sociable
vanneau téro	Queltehue, tero
vanneau à éperons	Avefría espinosa
vapeur d'eau	Vapor de agua
varan bigarré	Varano arborícola
varan des sables	Monitor Argus, monitor de manchas amarillas
varan des savanes	Varano de sabana
varan du désert	Varano del desierto
varan du nil	Varano del Nilo
variable globale	Variable global
variable locale	Variable local
variable statique	Variable estática
variation diatopique	Variación diatópica
variole du singe	Viruela de los monos, viruela del mono, VM
variole simienne	Viruela símica
vautour fauve	Buitre leonado, buitre comòn
vautour moine	Buitre negro
vautour oricou	Buitre torgo
vautour pape	Cóndor real, zopilote real, zopilote rey
vautour percnoptère	Alimoche
vautour percoptère	Abanto
vaza des seychelles	Loro de Seychelles
vaza noir	Loro negro
veau d'or	Becerro de oro
veau marin tacheté	Foca manchada
vecteur d'interruption	Vector de interrupciones
vecteur propre	Eigenvector, vector propio, vector característico
vecteur vitesse	Velocidad
veiller au grain	Estar al quite
veillée mortuaire	Velatorio, velorio
veillée pascale	Vigilia pascual
veine jugulaire	Yugular
veine porte	Vena porta hepática
velours côtelé	Pana
vendre la mèche	Irse de la lengua
vendredi saint	Viernes Santo
vendredi treize	Viernes 13, viernes trece
venir de	Acabar de
vent polaire	Viento polar
vent solaire	Viento solar
vent stellaire	Viento estelar
vente aux enchères	Almoneda, subasta, licitación
ventre à louer	Vientre de alquiler
venturon montagnard	Verderón serrano
ver de terre	Lombriz, gusano
ver luisant	Luciérnaga, bicho de luz
ver mopane	Mariposa emperador
ver solitaire	Lombriz solitaria
ver à soie	Gusano de seda
verbe déponent	Deponente
verbe pronominal	Verbo reflexivo, verbo matiz, verbo estrictamente pronominal
verbe transitif	Verbo transitivo
verdier d'europe	Verderón europeo, verderón común
vergerette du canada	Erígero del Canadá, hierba carnicera
vergue de civadière	Cebadera
vermis du cervelet	Vermis
vernis à ongles	Barniz de uñas, esmalte de uñas, pintura de uñas
verre de wood	Cristal de Wood
verre trempé	Vidrio templado
verre volcanique	Vidrio volcánico
vers libre	Verso libre
vert bouteille	Verde botella
vert céladon	Verdeceladón, verdeceledón
vert d'eau	Verde agua
vert de paris	Verde de París
vert de scheele	Verde de Scheele
vert de schweinfurt	Verde de Schweinfurth
vert guignet	Viridián
vert pistache	Verde pistacho
vert émeraude	Esmeralda, esmeraldino, verde esmeralda
vertèbre lombaire	Vértebra lumbar
vertèbre lombale	Vértebra lumbar
verveine anisée	Pitiona
verveine odorante	Cedrón, hierba luisa, verbena de Indias
vesce commune	Veza, arveja común
vesce craque	Arveja silvestre
vesce hérissée	Veza hirsuta
vesce jaune	Arveja amarilla
vesce sauvage	Arveja, veza
vesce à café	Café de la China
vesse-de-loup perlée	Pedo de lobo, cuesco de lobo, bejín perlado
vessie natatoire	Vejiga natatoria
veuve joyeuse	Viuda alegre
veuve noire	Viuda negra, chintlatlahua
vice versa	Viceversa
vice-amiral d'escadre	Almirante
victoire à la pyrrhus	Victoria pírrica, victoria a lo Pirro
vider son sac	Destapar un secreto
vidéocapture d'écran	Screencast
vie miroir	Vida especular, vida espejo
vieil espagnol	Castellano antiguo, español medieval
vieil haut allemand	Alemán antiguo
vieil irlandais	Irlandés antiguo
vieil okinawaïen	Okinawense antiguo
vieille fille	Solterona
vieillissement actif	Envejecimiento activo
vielle à roue	Zanfona, zanfoña, zanfonía
vierge de fer	Doncella de hierro
vierge ouvrante	Virgen abridera
vieux balinais	Balinés antiguo
vieux beau	Pendeviejo
vieux croûton	Carroza
vieux démon	Viejo demonio
vieux français	Francés antiguo
vieux garçon	Solterón
vieux jeton	Carroza
vieux khmer	Jemer antiguo
vieux prussien	Prusiano antiguo
vieux rose	Rosa antiguo
vieux slave	Antiguo eslavo eclesiástico
vigne vierge	Viña virgen
vilain petit canard	Garbanzo negro u oveja negra
village olympique	Villa olímpica
village planétaire	Aldea global
ville fantôme	Despoblado, ciudad fantasma
ville hôte	Ciudad anfitriona
ville nouvelle	Ciudad planificada
vin blanc	Vino blanco
vin chaud	Vino caliente
vin de champagne	Champaña, champán
vin de garde	Vino de crianza
vin de glace	Vino de hielo
vin de goutte	Vino de yema
vin de palme	Tuba
vin de riz	Vino de arroz
vin naturel	Vino natural
vin rosé	Vino rosado
vin rouge	Vino tinto
vinaigre balsamique	Vinagre balsámico
vingt et un	Veintiuno
viol collectif	Violación colectiva
viol conjugal	Violación marital, violación conyugal
viol en réunion	Violación colectiva, violación en grupo
viole d'amour	Viola de amor
viole de gambe	Viola da gamba
violence conjugale	Violencia conyugal, violencia marital, violencia de pareja
violence domestique	Violencia doméstica
violence institutionnelle	Violencia institucional
violence médicale	Violencia médica
violence physique	Violencia física
violence policière	Brutalidad policial
violence politique	Violencia política
violence psychologique	Maltrato psicológico, maltrato emocional, violencia psicológica
violence sexuelle	Violencia sexual
violence structurelle	Violencia estructural
violence symbolique	Violencia simbólica
violence verbale	Abuso verbal, violencia verbal
violence vicariante	Violencia vicaria
violent conjugal	Golpeador
violette odorante	Violeta común, viola
violon alto	Viola
vipère ammodyte	Víbora del cuerno, víbora de arena
vipère aspic	Víbora áspid, áspid
vipère d'orsini	Víbora de Orsini
vipère de kaznakov	Víbora de Kaznakov, víbora del Cáucaso
vipère de la mort	Víbora de muerte común
vipère de lataste	Víbora hocicuda, víbora de Lataste
vipère de séoane	Víbora de Seoane, víbora cantábrica
vipère du caucase	Víbora de Kaznakov, víbora del Cáucaso
vipère ottomane	Víbora de la costa, víbora otomana
vipère péliade	Víbora común europea
vipérine commune	Viborera, chupamieles, hierba azul
vipérine de crète	Buglosa de Creta
vipérine de madère	Orgullo de Madeira
virement lof pour lof	Trasluchar
virgule flottante	Coma flotante
virgule souscrite	Coma
virtual file system	Sistema de archivos virtual
virus d'epstein-barr	Virus de Epstein-Barr
virus de l'immunodéficience humaine	Virus de la inmunodeficiencia humana
virus de la grippe a	Influenzavirus A
virus du nil occidental	Virus del Nilo occidental
virus à adn	Virus ADN
virus à arn	Virus ARN
vis de purge	Tornillo de purga
visite virtuelle	Paseo virtual
vison d'europe	Visón europeo
vitesse de croisière	Velocidad de crucero
vitesse de la lumière	Velocidad de la luz
vitriol ammoniacal	Vitriolo amoniacal
vitriol blanc	Vitriolo blanco
vitriol bleu	Vitriolo azul
vivaneau flamme	Pargo de llama
vivre aux crochets de	Estar a la sopa boba
vivre et laisser vivre	Vivir y dejar vivir
voie aérienne	Aerovía
voie de fait	Vía de hecho, agresión
voie de garage	Via muerta
voie ferrée	Vía férrea
voie lactée	Vía Láctea
voie romaine	Calzada romana
voie sans issue	Calle sin salida, callejón, punto muerto
voie urinaire	Vía urinaria
voie verte	Vía verde
voie étroite	Vía estrecha
voies aériennes inférieures	Vías respiratorias inferiores
voies aériennes supérieures	Vías respiratorias superiores
voile au tiers	Vela al tercio
voile de fleur	Velo de flor
voile latine	Vela latina
voile solaire	Vela solar
voilier de l'atlantique	Pez vela del Atlántico
voir d'un bon œil	Ver con buenos ojos
voir la vie en rose	Ver todo de color de rosa
voir le verre à moitié plein	Ver el vaso medio lleno
voir trente-six chandelles	Ver las estrellas
voisin du dessus	Vecino de arriba
voiture de société	Vehículo de la empresa
voiture de sport	Automóvil deportivo, coche deportivo, deportivo
voiture piégée	Auto bomba, coche bomba
voix active	Voz activa
voix moyenne	Voz media
voix off	Voz en off
voix passive	Voz pasiva
vol de la mort	Vuelo de la muerte
vol nuptial	Vuelo nupcial
vol à l'arrachée	Tirón
volant d'inertie	Volante de inercia
volcan actif	Volcán activo
volcan endormi	Volcán apagado
volcan sous-marin	Volcán submarino
voler de ses propres ailes	Volar con sus propias alas
voler en éclats	Saltar por los aires
voler la vedette	Robar protagonismo
volet thoracique	Volet costal
voleur à la tire	Carterista
volley-ball de plage	Voleibol de playa
volonté de puissance	Voluntad de poder, voluntad de potencia, voluntad de pujanza
volonté de sens	Voluntad de sentido
volpino italien	Volpino italiano
volques arécomiques	Volcas arecómicos
vos altesses	Su Alteza
vote blanc	Voto en blanco
vote à main levée	Muestra de manos, votación a mano alzada
vote à second tour instantané	Segunda vuelta instantánea
votre excellence	Su Excelencia
votre grace	(formal) Usted, voacé, vuced, vucé, vuesa merced, v
votre grâce	(formal) Usted, voacé, vuced, vucé, vuesa merced, v
votre majesté	Su Majestad
vouloir c'est pouvoir	Querer es poder
vouloir dire	Querer decir significar
vous autres	Vosotros [y no nosotros o ellos]. (Plural; (Canadá) Vosotros. (Plural inclusivo.)
voué à l'échec	Abocado al fracaso
vox populi	Opinión pública, voz del pueblo
voyage d'affaires	Viaje de negocios
voyage de noces	Luna de miel
voyageur de commerce	Viajante comercial, viajero de comercio, agente viajero
voyelle fermée	Vocal cerrada
voyelle mi-fermée	Vocal semicerrada
voyelle mi-ouverte	Vocal semiabierta
voyons voir	A ver, vamos a ver
voûte céleste	Bóveda celeste
voûte plantaire	Puente del pie
vue d'ensemble	Visión de conjunto
véhicule spatial	Vehículo espacial
vélo cargo	Bicicleta de mercancías
vélo de montagne	Bicicleta de montaña, bicimontaña
vélo de piste	Bicicleta de sprinta
vélo stationnaire	Bicicleta estática
vénus poule	Chirla
véronique cresson de cheval	Hierba azul
véronique des ruisseaux	Hierba azul
vésicule biliaire	Vesícula biliar
vôtre grace	Vuestra merced
vœu pieux	Deseo inútil
wikimédien en résidence	Wikimedista residente
wikimédienne en résidence	Wikipedista residente
wombat commun	Wómbat común
wombat à nez poilu	Wómbat de hocico peludo
wombat à nez poilu du nord	Wombat del norte, wombat de nariz peluda del norte
wombat à nez poilu du sud	Wómbat de hocico peludo sureño
worcestershire sauce	Salsa Worcestershire, salsa Worcester, salsa inglesa
xeroderma pigmentosum	Xerodermia pigmentosa, xerodermia pigmentaria
xylocope violet	Abejorro carpintero europeo
y avoir	Haber
y avoir anguille sous roche	Hay gato encerrado
y compris	Inclusivo, incluso, incluyendo
y regarder à deux fois	Pensarselo dos veces
y être pour quelque chose	Tener algo que ver con
yerba maté	Yerba
yucca banane	Yuca banana
zapotèque de l'isthme	Zapoteco istmeño
zapotèque de mitla	Zapoteco de Mitla
zapotèque de san bartolomé zoogocho	Zapoteco de San Bartolomé Zoogocho
zapotèque de san francisco ozolotepec	Zapoteco de San Francisco Ozolotepec
zeuzère du marronnier	Taladro amarillo
zeuzère du poirier	Taladro amarillo
zone bleue	Zona azul
zone commerciale	Zona comercial
zone d'exclusion	Zona de exclusión
zone de confort	Zona de confort
zone démilitarisée	Zona desmilitarizada
zone euro	Eurozona
zone grise	Zona gris
zone humide	Humedal
zone intertidale	Zona intermareal
zone libre	Zona libre
zone monétaire optimale	Zona monetaria óptima
zone piétonne	Zona peatonal
zone sphérique	Zona esférica
zone tampon	Zona tampón
zone érogène	Zona erógena
zygène de la spirée	Ziygena de las seis puntos
zéro absolu	Cero absoluto
zéro de conduite	Cero en conducta
zéro défaut	Cero defectos
à aucun prix	Por nada del mundo
à bas	Abajo
à bas sa tête	¡Que le corten la cabeza!
à bientôt	Hasta pronto, nos vemos
à bon droit	Con razón
à bon entendeur salut	A buen entendedor, pocas palabras bastan
à bon escient	En sazón
à bon vin point d'enseigne	El buen paño en el arca se vende
à bord	A bordo
à bout de forces	Al límite de las fuerzas
à bout portant	A quemarropa
à brebis tondue dieu mesure le vent	Dios aprieta pero no ahorca
à brûle-pourpoint	A quemarropa
à bâtons rompus	A trancas y barrancas
à califourchon	A horcajadas
à capella	A capela
à cause de	A causa de
à cet effet	Para ello, para ese efecto
à chaque jour suffit sa peine	A cada jornada su sudor, mañana es otro día
à cheval	A caballo
à cheval donné on ne regarde pas la bouche	A caballo regalado, no le mires el diente, a caballo regalado, no se le mira el colmillo
à cheval donné on ne regarde pas la bride	A caballo regalado, no le mires el diente, a caballo regalado, no se le mira el colmillo
à cheval donné on ne regarde pas la denture	A caballo regalado no se le ve colmillo, a caballo regalado, no le mires el diente
à cheval donné on ne regarde pas les dents	A caballo regalado, no le mires el diente
à ciel ouvert	A cielo abierto, a rajo abierto, a tajo abierto
à clé	Con llave, en clave
à condition que	A condición de que, a condición que, con t
à contre-courant	En contra de, a contracorriente de
à contre-cœur	A regañadientes
à contre-main	A contramano
à contrecœur	A regañadientes
à coup de	A golpe de
à couper le souffle	Para quitar el hipo, para quitar el aliento, para dejar sin aliento
à court terme	A corto plazo
à cru	A pelo
à côté	Al lado
à côté de	Al lado de, con
à d'autres	¡a otro con ese asunto!
à demain	Hasta mañana
à demi	A medias
à demi-mot	A media voz
à dessein	A propósito
à destination de	A
à dextre	Al diestro
à discrétion	A discreción
à distance	A distancia
à dormir debout	Cuento chino
à droite	A la derecha
à défaut	Ossia, notas guía
à défaut de	A falta de
à feu doux	A fuego bajo, a fuego manso, a fuego suave
à feu et à sang	A sangre y fuego, a fuego y a sangre, a fuego y hierro
à fleur d'eau	A flor de agua
à forfait	A destajo
à gages	A sueldo
à gauche	A la izquierda
à gogo	(coloquial) A gogó, en abundancia
à grand renfort de	Con gran acompañamiento de
à grands traits	A grandes rasgos
à guichets fermés	A sala llena
à haute voix	En voz alta
à huis clos	A puerta cerrada
à jamais	Para siempre
à jeun	En ayunas
à jour	Actualizado
à l'aide	¡Auxilio! ¡Ayuda! ¡Socorro!
à l'aise	Agusto, a mi aire (a su aire, a tu aire, e
à l'albigeoise	Al estilo de Albi
à l'allemande	A la alemana
à l'alsacienne	A la alsaciana
à l'américaine	A la americana
à l'ancienne	A la antigua
à l'andalouse	A la andaluza
à l'anglaise	A la inglesa
à l'antillaise	A la manera de las Antillas
à l'antique	A la antigua, a lo antiguo
à l'anversoise	A la amberinesa
à l'appui	Al canto, apoyándose en, como prueba, con
à l'ardennaise	Al estilo de las Ardenas
à l'argenteuil	A la Argenteuil
à l'arlésienne	A la arlesiana
à l'armoricaine	A la armoricana
à l'arrache	Al tuntun
à l'article de la mort	Al artículo de la muerte, estar a la muerte
à l'athénienne	Al ateniense
à l'autrichienne	A la austriaca
à l'auvergnate	A la auvernesa
à l'avance	De antemano, por adelantado, por anticipado
à l'aveuglette	(coloquial) A ciegas, ciegamente
à l'encontre	En contra de
à l'envers	Al revés
à l'envi	Como en una competición
à l'espagnole	A la española
à l'exception de	A excepción de, con excepción de, excepto,
à l'excès	En exceso
à l'identique	De forma idéntica, de manera idéntica, de la misma manera
à l'improviste	De repente
à l'impériale	A la imperial
à l'indienne	A la india
à l'instar de	De la misma manera que, al ejemplo de, como
à l'insu de	Sin el conocimiento de, a espaldas de, por detrás de
à l'intérieur de	Dentro
à l'italienne	A la italiana
à l'occasion	Cuando la ocasion se presenta
à l'occasion de	Con motivo de
à l'ombre	En la sombra
à l'orléanaise	A la orleanesa
à l'écossaise	A la escocesa
à l'égal de	Al par de, a la par de
à l'égard de	En lo que respecta, con respecto a
à l'époque	De la época, en aquel momento, en aquella
à l'étouffade	En estofado
à l'étouffée	Estofado
à l'étuvée	Rehogado
à l'œil nu	A simple vista
à la	A la
à la banquière	A la banquera
à la basquaise	A la vasca
à la batelière	A la barquera
à la belle étoile	Al aire libre
à la bercy	A la Bercy
à la berrichonne	Al estilo de Berry
à la bolognaise	A la boloñesa
à la bonne femme	Al ama de casa
à la bonne franquette	Ceremonias, a la pata la llana, a la buena de Dios
à la bonne heure	Enhorabuena
à la bordelaise	A la bordolesa
à la bouchère	A la carnicera
à la boulangère	A la panadera
à la bourgeoise	A la burguesa
à la bourguignonne	A la borgoñona
à la bretonne	A la bretona
à la bruxelloise	Al estilo de Bruselas
à la bulgare	A la búlgara
à la béarnaise	A la bearnesa
à la béchamel	A la Bechamel, a la Besamela, a la Besamel
à la catalane	A la catalana
à la champenoise	A la champañesa
à la charcutière	A la salchichera, a la tocinera
à la chasseur	Al cazador
à la clamart	A la Clamart
à la colbert	A la Colbert
à la comtesse	A la condesa
à la cordon bleu	Al buen cocinero
à la croque au sel	Con sal
à la crécy	A la Crecy
à la créole	A la criolla
à la cévenole	Al estilo de los Cevennes
à la d'artagnan	A la d’Artagnan
à la diable	A la diabla, a la diablesa
à la dieppoise	Al estilo de Dieppes
à la différence de	A diferencia de, al contrario de o en cont
à la dijonnaise	A la dijonesa
à la du barry	A la Du Barry
à la défense de	En defensa de
à la fermière	A la granjera
à la file indienne	A la deshilada, a la hila, en fila india
à la financière	A la financiera
à la flamande	A la flamenca
à la florentine	A la florentina
à la fois	A la vez, al mismo tiempo, a un tiempo, de
à la forestière	A la forestal
à la française	A la francesa
à la gauloise	A la gala
à la grand veneur	Al montero mayor
à la grecque	A la greca, a la griegia
à la génoise	A la genovesa
à la henri iv	A la Enrique IV
à la hollandaise	A la holandesa
à la hongroise	A la húngara
à la hâte	A toda prisa
à la japonaise	A la japonesa
à la jardinière	A la jardinera
à la juive	A la judía
à la landaise	A la landesa
à la languedocienne	Al estilo del Languedoc
à la liégeoise	A la liejesa
à la longue	A la larga
à la lorraine	A la lorenesa
à la lucullus	A la Lúculo
à la lyonnaise	A la lionesa
à la légère	A la ligera, desconsideradamente
à la main	A mano
à la maraîchère	A la hortelana
à la marchand de vin	Al estilo del vendedor de vino
à la marinière	A la marinesca, a la marinera
à la maître d'hôtel	A la mayordomo
à la merci de	A merced de o en manos de
à la meunière	A la molinera
à la milanaise	A la milanesa
à la mirabeau	A la Mirabeau
à la mode	De moda
à la moderne	A la moderna
à la montmorency	A la Montmorency
à la mornay	A la Mornay
à la morvandelle	Al estilo de Morvan
à la mâconnaise	Al estilo de Mâcon
à la mémoire de	A la memoria de, en memoria de
à la ménagère	A la casera
à la nantaise	Al estilo nantesa
à la nantua	A la Nantua
à la napolitaine	A la napolitana
à la nesselrode	A la Nesselrode
à la nivernaise	A la nivernesa
à la niçoise	A la nizarda
à la noix	De chicha y nabo, de chichinabo, de tres al cuarto
à la normande	A la normanda
à la paloise	Al estilo de Pau
à la parisienne	A la parisina, a la parisiense
à la parmentier	A la Parmentier
à la pauvre homme	A la pobre, a la manera pobre
à la paysanne	A la campesina
à la pelle	A punta pala, a patadas, a montones
à la pièce d'arrache-pied	A destajo
à la piémontaise	A la piamontesa
à la place de	En lugar de, en sustitución de o en vez de
à la portugaise	A la portuguesa
à la poulette	A la gallinita
à la printanière	A la primavera, a la primaveral
à la provençale	A la provenzal
à la périgourdine	Al estilo del Périgord
à la périgueux	Al estilo de Perigueux
à la queue leu-leu	A la hila, a la deshilada, en fila india
à la richelieu	A la Richelieu
à la rohan	A la Rohan
à la rossini	A la Rossino
à la russe	A la rusa
à la saint-germain	A la Saint-Germain
à la sauvette	Vendedores ambulantes
à la savoyarde	A la saboyana
à la soubise	A la Soubise
à la strasbourgeoise	A la estrasburguesa
à la suite de	A continuación de, detrás de
à la suédoise	A la sueca
à la sévigné	A la Sévigné
à la tartare	A la tártara
à la tâche	A destajo
à la tête du client	A la cabeza del cliente
à la vichy	A la Vichy
à la viennoise	A la vienesa
à la volée	Al vuelo, al voleo
à la vénitienne	A la veneciana
à la zingara	A la gitana
à loilpé	En pelotas, en tarlipes
à ma connaissance	A mi entender, que yo sepa
à marche forcée	A marcha forzada, a marchas forzadas
à mauvais escient	Indebidamente
à merveille	A maravilla
à mesure que	Al mismo tiempo que, a la vez que, al paso
à mi-chemin	A medio camino, a medias
à mi-voix	A media voz
à moins que	A menos que o a no ser que
à moitié nu	Semidesnudo
à mon avis	En mi opinión
à mon humble avis	En mi humilde opinión
à mort	A muerte, muera
à neuf	De nuevo
à nouveau	De nuevo
à nu	Al descubierto, a la descubierta, descubiertamente
à oilpé	En pelotas, en tarlipes
à outrance	A ultranza
à part	Aparte, aparte de
à part entière	De pleno
à partir de	A partir de o desde
à pas de géant	Con pasos de gigante, a pasos agigantados
à peine	Apenas o solamente; En cuanto; Solamente o solo (de cantidades)
à perte de vue	Donde se pierde la vista
à petit feu	A fuego lento, a fuego bajo
à peu près	A eso de, cerca de, aproximadamente
à pied	A pie
à pieds joints	Con los pies juntos
à plat ventre	Boca abajo, en decúbito prono
à pleins poumons	A pleno pulmón, a todo pulmón, a grito pelado
à plumes	Penígero
à plus	Hasta luego, nos vemos
à plus forte raison	Con mas razon
à plus tard	Hasta luego
à poil	En pelotas, en tarlipes
à point	Al punto
à postériori	A posteriori
à première vue	A simple vista (superficialmente)
à prendre ou à laisser	O lo tomas o lo dejas
à profusion	A gogó, a tutiplén
à propos	Apropiado, adecuado; A propósito
à propos de	Acerca de
à proprement parler	Propiamente dicho
à proximité	Cerca
à présent	Ya
à quatre pattes	A gatas, a cuatro patas
à quelque chose malheur est bon	No hay mal que por bien no venga
à quoi bon	Qué hay de bueno en, qué gracia tiene, qué caso tiene
à racine nue	A raíz desnuda
à raison de	A razón de
à savoir	O sea, es decir
à senestre	A la siniestra
à souhait	Que ha salido a pedir de boca
à suffisance	A suficiencia, bastante, bastantemente, cu
à suivre	Continuará; para indicar que la obra es se
à table	A comer
à tantôt	Hasta pronto, hasta luego
à telle enseigne que	Tanto es así que
à temps	A tiempo
à terme	A la larga
à tes amours	María
à tes souhaits	¡Jesús! ¡Salud!
à tomber par terre	Que tira de espaldas, que te deja de espaldas, del otro mundo
à torrent	A cántaros, a chorros, a mares
à torrents	A cántaros, a chorros, a mares
à tort	Sin razón, injustamente
à tort et à travers	A diestra y siniestra, inconsideradamente, sin discernimiento
à tort ou à raison	Con o sin razón, pepene
à tour de bras	A brazo partido, a diestra y siniestra, a punta pala
à tour de rôle	Uno después de otro
à tous les coups	Como siempre, cada vez
à tout hasard	Por si acaso
à tout le moins	Como poco
à tout prendre	A todos los efectos
à tout prix	A toda costa
à tout à l'heure	Nos vemos o hasta luego
à toute allure	A toda mecha, a todo gas, a todo meter
à travers	A través de
à tue-tête	A todo pulmón
à tâtons	A tientas, a ciegas
à un jet de pierre	A un tiro de piedra
à vendre	Se vende
à venir	Venidero
à verse	A cántaros, a chorros, a mares
à vie	Vitalicio
à voix basse	En voz baja
à voix haute	En voz alta, en alta voz
à volonté	A voluntad
à vos souhaits	Jesús
à votre santé	Chin chin, salud
à votre service	A su servicio
à vrai dire	A decir verdad
âge bête	(coloquial, irónico) Edad del pavo
âge d'or	Edad de oro, época dorada
âge de pierre	Edad de Piedra
âge doré	Edad de oro, edad dorada, época dorada
âge du bronze	Edad del bronce
âge du fer	Edad del Hierro
âge mental	Edad mental
âme damnée	Condenado, condenada
âme sœur	Alma gemela
âne de buridan	Asno de Buridán
ça commence à bien faire	Ya basta o ya es suficiente
ça m'est égal	Me da igual
ça marche	Está bien
ça ne fait rien	Olvidalo
ça suffit	(Ya) basta
ça va	(coloquial) ¿Cómo estás?, ¿Cómo estáis?, ¿Cómo tás?, ¿; (coloquial) Estoy bien; ¡Esto es el colmo!, ¡No
ça y est	Ya está, listo
çà et là	Aquí y allá
ève africaine	Eva mitocondrial
ébène rouge	Granadillo negro
écaille chinée	Calimorfa
écaille martre	Gitana
écartelé en sautoir	Cuartelado en aspa, cuartelado en sotuer
échange de vues	Cambio de impresiones
échangeur air-sol	Intercambiador aire-suelo, tubo enfriados subterráneo
échasse blanche	Cigüeñuela común
échec et mat	Jaque mate
échelle de beaufort	Escala de Beaufort
échelle de douglas	Escala de Douglas
échelle de richter	Escala de Richter
échelle de scoville	Escala Scoville
échelle des temps géologiques	Escala temporal geológica, escala de tiempo geológico
échelle à poissons	Escalera de peces, salmonera
échiquier de l'ibérie	Medioluto ibérica
éclairement lumineux	Iluminancia
éclairer par derrière	Retroiluminar
éclat de rire	Carcajada
éclipse lunaire	Eclipse lunar
école de musique	Escuela de música
école maternelle	Parvulario
école néoclassique	Escuela neoclásica, economía neoclásica
école primaire	Escuela primaria
école élémentaire	Escuela
écologie du paysage	Ecología del paisaje
économie d'échelle	Economía de escala
économie de la santé	Economía de la salud, economía sanitaria
économie de subsistance	Economía de subsistencia
économie sociale	Tercer sector
économie socialiste de marché	Economía de mercado socialista
écorce de bouleau	Corteza de abedul
écoute téléphonique	Escucha telefónica, pinchazo telefónico
écran de fumée	Cortina de humo
écran de veille	Protector de pantalla
écran à cristaux liquides	Pantalla de cristal líquido
écran à plasma	Pantalla de plasma, televisión de plasma
écriture inclusive	Lenguaje no sexista, lenguaje de género neutro, lenguaje inclusivo
écriture spéculaire	Escritura especular
écrivain public	Escribiente
écrou à oreilles	Tuerca mariposa
écureuil de pallas	Ardilla de Pallas
écureuil de prévost	Ardilla de Prevost
écureuil gris	Ardilla de las Carolinas
écureuil géant de l'inde	Ardilla malabar, ardilla gigante india
écureuil rayé de l'himalaya	Ardilla listada del Himalaya
écureuil roux	Ardilla roja
écureuil terrestre	Ardilla terrestre
écureuil terrestre à queue ronde	Ardillón cola redonda
écureuil volant	Ardilla voladora
éditeur de liens	Editor de enlace, encadenador, enlazador
édition indépendante	Edición independiente
édition princeps	Edición príncipe
éducateur sportif	Educador deportivo
éducation populaire	Educación popular
éducatrice sportive	Educadora deportiva
égalité des chances	Igualdad de oportunidades
égilope ovale	Rompesacos, trigo bastardo, respigón
église monolithe	Iglesia rupestre, iglesia monolítica
église monolithique	Iglesia rupestre, iglesia monolítica
église paroissiale	Iglesia parroquial
église rupestre	Iglesia rupestre, iglesia monolítica
égypte ancienne	Antiguo Egipto, Egipto antiguo
éjaculation précoce	Eyaculación precoz
éjection de masse coronale	Eyección de masa coronal
élamite linéaire	Elamita lineal
élanion blac	Elanio azul
élection primaire	Primarias
électricité statique	Electricidad estática
électrochimie analytique	Electroquímica analítica
électron auger	Electrón Auger
électron de cœur	Electrón interno
électron de valence	Electrón de valencia
électron libre	Electrón libre, espíritu libre
électron périphérique	Electrón periférico
électron secondaire	Electrón secundario
électron solvaté	Electrón solvatado
électronique de puissance	Electrónica de potencia
éleusine cultivée	Coracán
élément chimique	Elemento químico
élément fini	Elemento finito
élément à charge	Elemento de cargo
éléphant d'afrique	Elefante africano
éléphant de mer	Elefante marino
émeraude orientale	Esmeralda oriental
éminence grise	Eminencia gris, jefe máximo
émission de champ	Emisión por campo
émissole tachetée	Musola dentuda
émyde lépreuse	Galápago leproso
énergie cinétique	Energía cinética
énergie fossile	Energía fósil
énergie hydroélectrique	Energía hidráulica
énergie marémotrice	Energía mareomotriz
énergie noire	Energía oscura
énergie nucléaire	Energía nuclear
énergie renouvelable	Energía renovable
énergie solaire	Energía solar
énergie sombre	Energía oscura
énergie thermique	Energía térmica
énergie éolienne	Energía eólica
énoncé indécidable	Enunciado indecidible
éolienne de pompage	Bombeo eólico
éolienne de secours	Turbina de aire de impacto
épagneul allemand	Perro de muestra alemán de pelo largo
épagneul breton	Spaniel bretón
épagneul d'eau irlandais	Perro de agua irlandés
épagneul de münster	Münsterländer
épagneul japonais	Spaniel japonés
épagneul king charles	Toy spaniel inglés
épagneul pékinois	Pekinés
épagneul springer gallois	Springer spaniel galés
épagneul tibétain	Spaniel del Tibet
épanchement de sang	Sangrado
épervier d'europe	Gavilán
épervier à pieds courts	Gavilán griego
épi de maïs	Mazorca
épicéa commun	Pícea común, pícea de Noruega
épicéa de wilson	Pícea de Wilson
épilobe hérissé	Epilobio velludo
épinard de nouvelle-zélande	Espinaca de Nueva Zelandia
épine dorsale	Espina dorsal
épinette blanche	Pícea blanca
épingle de cravate	Alfiler de corbata
épingle de sûreté	Imperdible
épingle à cheveux	Horquilla, horquilla de cabello
épingle à linge	Pinza de la ropa
épinoche à trois épines	Espinoso
épipactis rouge sombre	Heleborina rojo oscuro
épisode pilote	Episodio piloto
époque d'edo	Período Edo
époque moderne	Edad Moderna
éprouvette de traction	Probeta de tracción
épuisement professionnel	Agotamiento, desgaste profesional, desgaste ocupacional
épuration ethnique	Limpieza étnica
épée bâtarde	Espada bastarda, espada de mano y media
épée de damoclès	Espada de Damocles
équateur céleste	Ecuador celeste
équateur terrestre	Ecuador
équation aux dérivées partielles	Ecuación en derivadas parciales
équation différentielle	Ecuación diferencial
équation différentielle partielle	Ecuación en derivadas parciales, ecuación diferencial parcial
équipe médicale	Equipo médico
équivalent en dioxyde de carbone	CO₂ equivalente, equivalente de dióxido de carbono
équivalent en tnt	Kilotón
érable champêtre	(Acer campestre) Arce menor
érable de corée	Árbol coreano de arce
érable de montpellier	(Acer monspessulanum) Arce de Montpellier
érable negundo	(Acer negundo) Arce negundo
érable rouge	Arce rojo, arce rojo americano, arce de Canadá
érable sycomore	Plátano falso
érable à feuilles d'obier	Orón, asar, oroneta
érable à sucre	Arce azucarero, arce de azúcar
érismature ornée	Pato rana de pico delgado
érismature à tête blanche	Malvasía cabeciblanca
érodium bec-de-cigogne	Aguja, cigüeña, alfilere
éruption solaire	Fulguración solar
érythrine crête-de-coq	Ceibo
étage de végétation	Piso de vegetación
étage des brouillards	Piso de niebla
étage stratigraphique	Piso
étalement urbain	Expansión urbana
étant donné	En consideración de
état civil	Estado civil, registro civil
état d'esprit	Estado de ánimo
état d'exception	Estado de excepción
état d'urgence	Estado de emergencia
état d'âme	Estado de ánimo
état de la matière	Estado de agregación de la materia
état de mexico	Estado de México
état de santé	Estado de salud, situación de salud
état de siège	Estado de sitio
état de stress post-traumatique	Trastorno por estrés postraumático
état failli	Estado fallido
état gazeux	Estado gaseoso
état liquide	Estado líquido
état oniroïde	Delirio del sueño, estado oniroide
état plasma	Estado plasma
état profond	Estado profundo
état solide	Estado sólido
état supercritique	Estado supercrítico
étendue d'eau	Cuerpo de agua
éther diéthylique	Dietiléter, éter dietílico, éter etílico
étoile de david	Estrella de David
étoile de mer	Estrella de mar
étoile de neutrons	Estrella de neutrones
étoile de noël	Flor de navidad, flor de Pascua
étoile du matin	Lucero del alba, estrella del alba, lucífero
étoile filante	Estrella fugaz
étoile jaune	Estrella amarilla, insignia amarilla
étoile polaire	Estrella Polar
étoile rouge	Estrella roja
étoile variable	Estrella variable
étoile à neutrons	Estrella de neutrones
étouffer dans l'œuf	Cortar de raíz
étourneau roselin	Estornino rosado
étourneau sansonnet	Estornino pinto, estornino europeo, estornino común
étourneau unicolore	Estornino negro
étroit d'esprit	De miras estrechas
étroitesse d'esprit	Estrechez de miras, estrechez de espíritu
études de genre	Estudios de género
étymologie populaire	Etimología popular, paretología
été indien	El veranillo del membrillo, el sol del membrillo
évangile de la prospérité	Evangelio de la prosperidad
évaporation sous vide	Evaporación en vacío
évasion fiscale	Evasión fiscal
évêque de mer	Obispo de mar
être au four et au moulin	No se puede repicar y andar en la procesión, quien se acuesta en dos sillas, cae de costillas, no se puede estar en misa y repicando
être au parfum	Estar al día, estar al ajo
être au septième ciel	Estar en el séptimo cielo
être aux anges	Bañarse en agua de rosas
être bien vu	Estar bien visto, quedar bien
être cloué au lit	Estar clavado a la cama, estar postrado en cama
être d'accord	Estar de acuerdo
être dans la lune	Estar en la Luna, estar en la luna
être dans la mouise	Estar en apuros
être dans le rouge	Estar en rojo, estar en numéros rojos
être dans le vrai	Estar en lo cierto
être de mauvais augure	Ser un mal augurio
être debout	Estar de pie
être du chinois	Ser a chino
être défini	Estar en definición
être en chaleur	Encelar
être en porte-à-faux	Casar mal, no estar en consonancia
être en train de	Estar, -ndo
être fabuleux	Criatura legendaria, criatura fabulosa, ser legendario
être fini à la pisse	Ser un completo idiota
être fou de	Estar loco de, estar loco por
être humain	Ser humano
être le pied	Ser la polla
être mal vu	Estar mal visto, quedar mal
être marron	Dar com os burros na agua, entrar pelo cano, estrepado
être mordu	Enamorarse
être plus catholique que le pape	Más papista que el papa
être plus royaliste que le roi	Ser más papista que el Papa
être pour	Estar por
être sec	Estar en definición
être supérieure à	Exceder
être sur des charbons	Estar en brasas, estar como en brasas, estar como en ascuas
être sur la corde raide	Cuerda floja
être sur la même longueur d'onde	Estar en la misma sintonía, estar en sintonía
être sur le fil du rasoir	Al filo de la navaja
être sur les dents	Marchar de cabeza
être sur son trente-et-un	Estar de punta en blanco
être taillé de la même étoffe	Ser de la misma madera, ser tal para cual
être tiré à quatre épingles	Ir de punta en blanco, ir de veinticinco alfileres, ir de tiros largos
être tout oreilles	Ser todo orejas
être tout ouïe	Ser todo oídos
être trempé jusqu'aux os	Estar calado hasta los huesos
être vivant	Ser vivo
être à	Ser de, pertenecer, pertenecer a o ser suy
être à la hauteur	Estar a la altura
être à même de	Estar en condiciones de
être à prendre avec des pincettes	Tener que cogerse con pinzas
île fantôme	Isla fantasma
îles ioniennes	Islas Jónicas
îlot de stabilité	Isla de estabilidad
œdicnème criard	Alcaraván
œil au beurre noir	Ojo morado
œil de verre	Ojo de cristal
œil poché	Ojo morado
œil pour œil	Ojo por ojo
œillet d'espagne	Ponciana enana
œillet d'inde	Damasquina, clavel de moro, tagete
œillet marin	Clavelina de mar
œillet mignardise	Clavel coronado, clavelina de pluma
œillet prolifère	Clavelina prolífera
œnanthe aquatique	Felandrio acuático
œnanthe safranée	Nabo del diablo
œuf clair	Huevo huero
œuf de cent ans	Huevo centenario
œuf de colomb	Huevo de Colón, huevo de Juanelo
œuf de pâques	Huevo de Pascua
œuf dur	Huevo duro
œuf mimosa	Huevo relleno
œuf mollet	Huevo mollet
œuf poché	Huevo escalfado
œuf sur le plat	Huevo frito, huevo estrellado
œuf à la coque	Huevo pasado por agua, huevo en cáscara, huevo tibio
œuf à repriser	Huevo de zurcir
œufs brouillés	Huevos revueltos
œufs bénédicte	Huevos Benedict
œuvre cinématographique	Película
œuvre d'art	Obra de arte
œuvre orpheline	Obra huérfana
œuvres mortes	Obra muerta
œuvres vives	Obra viva
