aa	NOUN:1
aar	PROPN:1
abaissant	ADJ:1
abaissement	NOUN:3
abaisser	VERB:3
abaissé	ADJ:1
abandon	NOUN:1
abandonner	VERB:2
abaque	NOUN:1
abasourdi	ADJ:1
abats	NOUN:1
abattage	NOUN:3
abattant	NOUN:2
abattement	NOUN:2
abattis	NOUN:1
abattoir	NOUN:1
abattre	VERB:3
abaya	NOUN:1
abbatial	ADJ:1
abbaye	NOUN:1
abbesse	NOUN:1
abbé	NOUN:1
abc	NOUN:1
abcès	NOUN:2
abdication	NOUN:1
abdiquer	VERB:2
abdomen	NOUN:1
abdominal	ADJ:1
abdominaux	NOUN:1
abduction	NOUN:1
abeille	NOUN:1
aberrant	ADJ:1
aberration	NOUN:1
abject	ADJ:1
abjection	NOUN:1
abjurer	VERB:1
ablation	NOUN:1
able	NOUN:1
abnégation	NOUN:1
aboiement	NOUN:1
abolir	VERB:1
abolition	NOUN:1
abolitionniste	ADJ:1	NOUN:1
abominable	ADJ:1
abomination	NOUN:1
abondamment	ADV:1
abondance	NOUN:1
abondant	ADJ:1
abonder	VERB:1
abonnement	NOUN:1
abonner	VERB:1
abord	NOUN:1
abordable	ADJ:1
abordage	NOUN:1
aborder	VERB:1
aborigène	NOUN:1
about	NOUN:1
aboutir	VERB:2
aboutissant	ADJ:1	NOUN:1
aboutissement	NOUN:1
aboyer	VERB:1
abracadabra	NOUN:1
abrasif	ADJ:1	NOUN:1
abrasion	NOUN:1
abreuver	VERB:2
abreuvoir	NOUN:1
abri	NOUN:1
abribus	NOUN:1
abricot	NOUN:1
abricotier	NOUN:1
abriter	VERB:1
abrogation	NOUN:1
abroger	VERB:1
abrupt	ADJ:1
abruptement	ADV:1
abruti	ADJ:1
abrutir	VERB:1
abréger	VERB:3
abréviation	NOUN:1
abscisse	NOUN:1
abscons	ADJ:1
absence	NOUN:1
absent	ADJ:1	NOUN:1
absentéisme	NOUN:1
abside	NOUN:1
absinthe	NOUN:1
absolu	ADJ:1	NOUN:1
absolument	ADV:1
absolution	NOUN:1
absolutisme	NOUN:1
absolutiste	ADJ:1	NOUN:1
absorbant	ADJ:1
absorber	VERB:1
absorption	NOUN:1
absoudre	VERB:1
abstenir	VERB:1
abstention	NOUN:1
abstinence	NOUN:1
abstraction	NOUN:1
abstraire	VERB:1
abstrait	ADJ:1
absurde	ADJ:1	NOUN:1
absurdité	NOUN:1
abus	NOUN:1
abuser	VERB:1
abusif	ADJ:1
abusivement	ADV:1
abyssal	ADJ:1
abysse	NOUN:1
abyssinie	PROPN:1
abécédaire	ADJ:1	NOUN:1
abîme	NOUN:1
abîmer	VERB:1
acabit	NOUN:1
acacia	NOUN:1
académicien	NOUN:1
académie	NOUN:1
académique	ADJ:1
académisme	NOUN:1
acajou	NOUN:1
acanthe	NOUN:1
acapulco	PROPN:1
acarien	NOUN:1
acariâtre	ADJ:1
accablant	ADJ:1
accabler	VERB:4
accablé	ADJ:1
accaparement	NOUN:1
accaparer	VERB:1
accent	NOUN:1
accentuation	NOUN:1
accentuer	VERB:1
acceptabilité	NOUN:1
acceptable	ADJ:1
acceptation	NOUN:1
accepter	VERB:1
acception	NOUN:1
accessibilité	NOUN:1
accessible	ADJ:1
accessit	NOUN:1
accessoire	ADJ:1	NOUN:1
accessoirement	ADV:1
accident	NOUN:3
accidentel	ADJ:1
accidentellement	ADV:1
accidenté	ADJ:1
acclamation	NOUN:1
acclamer	VERB:1
acclimater	VERB:1
accolade	NOUN:2
accolé	ADJ:1
accommodation	NOUN:1
accommodement	NOUN:1
accommoder	VERB:1
accompagnateur	ADJ:1
accompagnement	NOUN:1
accompagner	VERB:1
accomplir	VERB:1
accomplissement	NOUN:1
accord	NOUN:2
accorder	VERB:1
accordeur	NOUN:1
accordéon	NOUN:1
accoster	VERB:1
accotement	NOUN:1
accouchement	NOUN:1
accoucher	VERB:2
accoucheur	NOUN:1
accoudoir	NOUN:1
accouplement	NOUN:1
accoupler	VERB:1
accourir	VERB:1
accoutumance	NOUN:1
accoutumer	VERB:1
accoutumé	ADJ:1
accro	NOUN:1	ADJ:1
accroc	NOUN:1
accrochage	NOUN:1
accrocher	VERB:1
accroissement	NOUN:1
accroupir	VERB:1
accroître	VERB:1
accréditation	NOUN:1
accréditer	VERB:1
accrétion	NOUN:1
accueil	NOUN:4
accueillir	VERB:3
acculer	VERB:1
acculturation	NOUN:1
accumulation	NOUN:1
accumuler	VERB:1
accusateur	NOUN:1
accusatif	ADJ:1	NOUN:1
accusation	NOUN:1
accuser	VERB:1
accès	NOUN:1
accéder	VERB:1
accélérateur	ADJ:1
accélération	NOUN:1
accélérer	VERB:1
accéléré	NOUN:1
aceh	ADJ:1
acerbe	ADJ:1
acharnement	NOUN:1
acharner	VERB:1
achat	NOUN:1
ache	NOUN:1
acheminer	VERB:1
acheter	VERB:2
acheteur	NOUN:1
achever	VERB:1
achèvement	NOUN:1
acide	ADJ:1	NOUN:1
acidification	NOUN:1
acidité	NOUN:1
acidose	NOUN:1
acier	NOUN:1
aciérie	NOUN:1
acmé	NOUN:1
acné	NOUN:1
acolyte	NOUN:1
acompte	NOUN:1
aconit	NOUN:1
acouphène	NOUN:1
acoustique	ADJ:1	NOUN:1
acquiescement	NOUN:1
acquiescer	VERB:1
acquisition	NOUN:1
acquittement	NOUN:1
acquitter	VERB:1
acquéreur	NOUN:1
acquérir	VERB:1
acre	NOUN:1
acrobate	NOUN:1
acrobatie	NOUN:1
acrobatique	ADJ:1
acronyme	NOUN:1
acropole	NOUN:1
acrylique	ADJ:1
actant	NOUN:1
acte	NOUN:1
acteur	NOUN:1
actif	ADJ:1	NOUN:1
action	NOUN:1
actionnaire	NOUN:1
actionner	VERB:1
activateur	ADJ:1
activation	NOUN:1
activement	ADV:1
activer	VERB:1
activisme	NOUN:1
activiste	ADJ:1	NOUN:1
activité	NOUN:1
actrice	NOUN:1
actualisation	NOUN:1
actualiser	VERB:1
actualité	NOUN:2
actuel	ADJ:1
actuellement	ADV:1
acuité	NOUN:1
acupuncture	NOUN:1
acv	X:1
acéré	ADJ:1
acétate	NOUN:1
acétique	ADJ:1
acétone	NOUN:1
acétylcholine	NOUN:1
acétylène	NOUN:1
adage	NOUN:1
adagio	ADV:1	NOUN:1
adaptabilité	NOUN:1
adaptable	ADJ:1
adaptateur	ADJ:1	NOUN:1
adaptation	NOUN:1
adapter	VERB:1
addendum	NOUN:1
addictif	ADJ:1
addiction	NOUN:1
addictologie	NOUN:1
additif	ADJ:1	NOUN:1
addition	NOUN:2
additionnel	ADJ:1
additionner	VERB:1
adducteur	ADJ:1
adduction	NOUN:1
adepte	ADJ:1	NOUN:1
adhérence	NOUN:1
adhérent	ADJ:1
adhérer	VERB:1
adhésif	ADJ:1	NOUN:1
adhésion	NOUN:1
adiabatique	ADJ:1
adieu	INTJ:1	NOUN:1
adipeux	ADJ:1
adjacent	ADJ:1
adjectif	ADJ:1
adjoindre	VERB:1
adjoint	NOUN:1
adjointe	NOUN:1
adjonction	NOUN:1
adjudant	NOUN:1
adjudicataire	NOUN:1
adjudication	NOUN:1
adjuger	VERB:1
adjuvant	ADJ:1	NOUN:1
admettre	VERB:1
administrateur	NOUN:1
administratif	ADJ:1
administration	NOUN:1
administrer	VERB:1
admirable	ADJ:1
admirablement	ADV:1
admirateur	NOUN:1
admiratif	ADJ:1
admiration	NOUN:1
admirer	VERB:1
admissibilité	NOUN:1
admissible	ADJ:1
admission	NOUN:1
adn	NOUN:1
adobe	NOUN:1
adolescence	NOUN:1
adolescent	ADJ:1
adolph	PROPN:1
adolphe	PROPN:1
adonner	VERB:1
adoptant	ADJ:1
adopter	VERB:1
adoptif	ADJ:1
adoption	NOUN:1
adorable	ADJ:1
adorateur	NOUN:1	ADJ:1
adoration	NOUN:1
adorer	VERB:1
adosser	VERB:1
adoubement	NOUN:1
adoucir	VERB:1
adoucissant	ADJ:1	NOUN:1
adoucissement	NOUN:1
adresse	NOUN:3
adresser	VERB:4
adriatique	ADJ:1
adroit	ADJ:1
adrénaline	NOUN:1
adsl	X:1
adulation	NOUN:1
adulte	NOUN:1	ADJ:1
adultère	ADJ:1	NOUN:1
advenir	VERB:1
adventice	ADJ:1
adventiste	ADJ:1
adverbe	NOUN:1
adversaire	NOUN:1
adverse	ADJ:1
adversité	NOUN:1
adèle	PROPN:1
adénome	NOUN:1
adénosine	NOUN:1
adéquat	ADJ:1
adéquatement	ADV:1
adéquation	NOUN:1
aec	X:1
aele	NOUN:1
afar	ADJ:1	NOUN:1
affable	ADJ:1
affabulation	NOUN:1
affaiblir	VERB:1
affaiblissement	NOUN:1
affaire	NOUN:1
affairé	ADJ:1
affaler	VERB:1
affamer	VERB:1
affamé	ADJ:1
affect	NOUN:1
affectation	NOUN:1
affecter	VERB:1
affectif	ADJ:1
affection	NOUN:1
affectivité	NOUN:1
affectueusement	ADV:1
affectueux	ADJ:1
affermir	VERB:1
affichage	NOUN:8
afficher	VERB:4
affidavit	NOUN:1
affiliation	NOUN:1
affilier	VERB:1
affinage	NOUN:1
affiner	VERB:1
affinité	NOUN:1
affirmatif	ADJ:1
affirmation	NOUN:1
affirmer	VERB:1
affixe	NOUN:1
affleurement	NOUN:1
affliction	NOUN:1
affligeant	ADJ:1
affluence	NOUN:1
affluent	NOUN:1
affluer	VERB:1
afflux	NOUN:1
affolement	NOUN:1
affoler	VERB:1
affranchi	NOUN:1
affranchir	VERB:1
affranchissement	NOUN:1
affreusement	ADV:1
affreux	ADJ:1
affront	NOUN:1
affrontement	NOUN:1
affronter	VERB:1
affréter	VERB:1
affubler	VERB:1
afférent	ADJ:1
affût	NOUN:1
affûter	VERB:1
afghan	ADJ:1	NOUN:1
afghanistan	PROPN:1
afk	NOUN:1
africain	ADJ:1	NOUN:1
afrikaans	NOUN:1
afrikaner	ADJ:1	NOUN:1
afrique	PROPN:1
afro	NOUN:1
afro-américain	NOUN:1	ADJ:1
agacement	NOUN:1
agacer	VERB:1
agate	NOUN:1
agave	NOUN:1
agaçant	ADJ:1
agence	NOUN:1
agencement	NOUN:1
agencer	VERB:1
agenda	NOUN:1
agenouiller	VERB:1
agent	NOUN:1
agglomération	NOUN:1
aggloméré	NOUN:1
agglutination	NOUN:1
aggravation	NOUN:1
aggraver	VERB:1
agile	ADJ:1
agilité	NOUN:1
agir	VERB:3	NOUN:1
agissement	NOUN:1
agitateur	NOUN:1
agitation	NOUN:1
agiter	VERB:1
agneau	NOUN:1
agnosticisme	NOUN:1
agnostique	ADJ:1	NOUN:1
agnus	NOUN:1
agnès	PROPN:1
agonie	NOUN:1
agonisant	ADJ:1	NOUN:1
agoniser	VERB:1
agora	NOUN:2
agoraphobie	NOUN:1
agrafe	NOUN:1
agrafeuse	NOUN:1
agraire	ADJ:1
agrandir	VERB:1
agrandissement	NOUN:1
agresser	VERB:1
agresseur	NOUN:1
agressif	ADJ:1
agression	NOUN:1
agressivement	ADV:1
agressivité	NOUN:1
agreste	NOUN:1
agricole	ADJ:1
agriculteur	NOUN:1
agriculture	NOUN:1
agripper	VERB:1
agrippine	NOUN:1
agroalimentaire	ADJ:1
agroforesterie	NOUN:1
agronome	NOUN:1
agronomie	NOUN:1
agronomique	ADJ:1
agroécologie	NOUN:1
agrume	NOUN:1
agrès	NOUN:1
agréable	ADJ:1
agréablement	ADV:1
agréer	VERB:1
agrégat	NOUN:1
agrégation	NOUN:1
agréger	VERB:1
agrément	NOUN:1
agrémenter	VERB:1
aguerrir	VERB:1
ah	INTJ:1
ahurissant	ADJ:1
aide	NOUN:1
aider	VERB:1
aigle	NOUN:2
aiglon	NOUN:1
aigre	ADJ:1
aigrette	NOUN:1
aigreur	NOUN:1
aigri	ADJ:1
aigu	ADJ:1
aigue-marine	NOUN:1
aiguillage	NOUN:1
aiguille	NOUN:1
aiguilleur	NOUN:1
aiguillon	NOUN:1
aiguiser	VERB:1
ail	NOUN:1
aile	NOUN:1
aileron	NOUN:1
ailier	NOUN:1
ailleurs	ADV:1
ailé	ADJ:1
aimable	ADJ:1
aimablement	ADV:1
aimer	VERB:1
ain	NOUN:1
aine	NOUN:1
ains	NOUN:1
ainsi	ADV:1
air	NOUN:1
airain	NOUN:1
airbag	NOUN:1
aire	NOUN:4
airsoft	NOUN:1
ais	NOUN:1
aisance	NOUN:1
aise	NOUN:1
aisselle	NOUN:2
aisé	ADJ:1
ajourner	VERB:1
ajouré	NOUN:1
ajout	NOUN:1
ajouter	VERB:1
ajustage	NOUN:1
ajustement	NOUN:1
ajuster	VERB:1
ajusteur	NOUN:1
aki	NOUN:2
al	X:1
ala	NOUN:1
alabama	PROPN:1
alain	PROPN:1
alambic	NOUN:1
alaouite	NOUN:1
alarmant	ADJ:1
alarme	NOUN:1
albanais	NOUN:1	ADJ:1
albanie	PROPN:1
albatros	NOUN:1
albe	NOUN:2	ADJ:1
albert	PROPN:1
albigeois	NOUN:1	ADJ:1
albinos	ADJ:1	NOUN:1
album	NOUN:1
albumine	NOUN:1
albâtre	NOUN:1
alcalin	ADJ:1
alcaloïde	NOUN:1
alcazar	NOUN:1
alchimie	NOUN:1
alchimique	ADJ:1
alchimiste	NOUN:1
alcool	NOUN:1
alcoolique	ADJ:1	NOUN:1
alcoolisme	NOUN:1
alcoolisé	ADJ:1
alcoolémie	NOUN:1
alcootest	NOUN:1
aldéhyde	NOUN:1
alentour	ADV:1
alentours	NOUN:1
aleph	NOUN:1
alerte	ADJ:1	INTJ:1	NOUN:1
alerter	VERB:1
alexandre	PROPN:1
alexandrin	NOUN:1	ADJ:1
alexandrine	NOUN:1
alexis	PROPN:1
alezan	ADJ:1
alfa	NOUN:1
alfred	PROPN:1
alger	PROPN:1
algonquin	NOUN:1	ADJ:1
algorithme	NOUN:1
algorithmique	NOUN:1	ADJ:1
algue	NOUN:1
algèbre	NOUN:1
algébrique	ADJ:1
algérie	PROPN:1
algérien	NOUN:1	ADJ:1
algérois	ADJ:1
alias	ADV:1	NOUN:1
alibi	NOUN:1
alice	PROPN:1
alien	ADJ:1
alignement	NOUN:1
aligner	VERB:1
aliment	NOUN:1
alimentaire	ADJ:1
alimentation	NOUN:1
alimenter	VERB:1
aline	PROPN:1
alinéa	NOUN:1
alise	NOUN:1
alizé	NOUN:1
aliénation	NOUN:1
aliéner	VERB:1
aliéné	NOUN:1
allah	PROPN:1
allaitant	ADJ:1
allaitement	NOUN:1
allaiter	VERB:1
allemagne	PROPN:1
allemand	ADJ:1	NOUN:1
aller	VERB:4	NOUN:1
aller-retour	NOUN:1
allergie	NOUN:1
allergique	ADJ:1
allergologue	NOUN:1
allergène	ADJ:1	NOUN:1
alleu	NOUN:1
alliage	NOUN:1
alliance	NOUN:1
allier	VERB:1
alligator	NOUN:1
allitération	NOUN:1
allié	ADJ:1	NOUN:1
allocation	NOUN:1
allocution	NOUN:1
allongement	NOUN:1
allonger	VERB:1
allouer	VERB:1
allumage	NOUN:1
allumer	VERB:7
allumette	NOUN:1
allumeuse	NOUN:1
allure	NOUN:3
allusion	NOUN:1
allègement	NOUN:1
allègre	ADJ:1
allègrement	ADV:1
allèle	NOUN:1
alléchant	ADJ:1
allégation	NOUN:1
alléger	VERB:1
allégorie	NOUN:1
allégorique	ADJ:1
allégrement	ADV:1
allégresse	NOUN:1
alléluia	NOUN:1	INTJ:1
allô	INTJ:1
almanach	NOUN:1
alopécie	NOUN:1
alors	ADV:2
alouette	NOUN:2
alourdir	VERB:2
aloès	NOUN:1
alpaga	NOUN:1
alpestre	ADJ:1
alpha	NOUN:1
alphabet	NOUN:1
alphabétique	ADJ:1
alphabétisation	NOUN:1
alphonse	PROPN:1
alpin	ADJ:1
alpinisme	NOUN:1
alpiniste	NOUN:1
alsacien	ADJ:1	NOUN:1
altercation	NOUN:1
alternance	NOUN:1
alternateur	NOUN:1
alternatif	ADJ:1
alternative	NOUN:1
alternativement	ADV:1
alterner	VERB:1
altesse	NOUN:1
altier	ADJ:1
altitude	NOUN:1
alto	NOUN:1
altruisme	NOUN:1
altruiste	ADJ:1	NOUN:1
altération	NOUN:1
altérer	VERB:1
altérité	NOUN:1
alumine	NOUN:1
aluminium	NOUN:1
alun	NOUN:1
alunissage	NOUN:1
alvéolaire	ADJ:1
alvéole	NOUN:1
aléa	NOUN:1
aléatoire	ADJ:1
alémanique	ADJ:1	NOUN:1
amabilité	NOUN:1
amadou	NOUN:1
amadouer	VERB:1
amaigrissement	NOUN:1
amalgame	NOUN:1
amalgamer	VERB:1
amande	NOUN:1
amandier	NOUN:1
amant	NOUN:1
amarante	NOUN:1
amarrage	NOUN:1
amarre	NOUN:1
amarrer	VERB:1
amaryllis	NOUN:1
amas	NOUN:3
amasser	VERB:1
amateur	ADJ:1
amazone	NOUN:1
amazonien	ADJ:1
ambassade	NOUN:1
ambassadeur	NOUN:1
ambassadrice	NOUN:1
ambiance	NOUN:1
ambiant	ADJ:1
ambidextre	ADJ:1
ambigu	ADJ:1
ambiguïté	NOUN:1
ambitieux	NOUN:1
ambition	NOUN:1
ambivalence	NOUN:1
ambivalent	ADJ:1
ambre	NOUN:3	ADJ:1
ambroisie	NOUN:1
ambré	ADJ:1
ambulance	NOUN:1
ambulant	ADJ:1
ambulatoire	ADJ:1
amen	ADV:1	NOUN:1
amende	NOUN:1
amendement	NOUN:1
amender	VERB:1
amener	VERB:1
amer	ADJ:1
amerrissage	NOUN:1
amertume	NOUN:1
ameuter	VERB:1
ami	NOUN:1
amiante	NOUN:1
amibe	NOUN:1
amical	ADJ:1
amicalement	ADV:1
amide	NOUN:1
amidon	NOUN:1
amie	NOUN:1
amigo	NOUN:1
amine	NOUN:1
amiral	NOUN:1
amirauté	NOUN:1
amitié	NOUN:1
amitiés	NOUN:1
ammoniac	NOUN:1
ammonium	NOUN:1
amniotique	ADJ:1
amnistie	NOUN:1
amnésie	NOUN:1
amnésique	ADJ:1
amoindrir	VERB:1
amoral	ADJ:1
amorce	NOUN:1
amorcer	VERB:1
amorphe	ADJ:1
amortir	VERB:1
amortissement	NOUN:1
amortisseur	NOUN:1
amour	NOUN:1
amourette	NOUN:1
amoureusement	ADV:1
amoureux	ADJ:2	NOUN:1
amovible	ADJ:1
amp	NOUN:1
amparo	NOUN:1
amphibie	ADJ:1
amphibien	ADJ:1
amphithéâtre	NOUN:1
amphitryon	NOUN:1
amphore	NOUN:1
amphétamine	NOUN:1
ample	ADJ:1
amplement	ADV:1
ampleur	NOUN:1
amplificateur	ADJ:1
amplification	NOUN:1
amplifier	VERB:1
amplitude	NOUN:1
ampoule	NOUN:1
ampoulé	ADJ:1
amputation	NOUN:1
amputer	VERB:1
ampère	NOUN:1
amsterdam	PROPN:1
amulette	NOUN:1
amusant	ADJ:1
amusement	NOUN:1
amuser	VERB:1
amygdale	NOUN:1
amylase	NOUN:1
amyotrophique	ADJ:1
amélie	PROPN:1
amélioration	NOUN:1
améliorer	VERB:1
aménorrhée	NOUN:1
américain	ADJ:1
américanisation	NOUN:1
américanisme	NOUN:1
amérindien	NOUN:1	ADJ:1
amérique	PROPN:1
améthyste	NOUN:1
an	NOUN:1
anachronique	ADJ:1
anachronisme	NOUN:1
anaconda	NOUN:1
anagramme	NOUN:1
anal	ADJ:1
analgésie	NOUN:1
analgésique	ADJ:1	NOUN:1
analogie	NOUN:1
analogique	ADJ:1
analogue	ADJ:1	NOUN:1
analphabète	NOUN:1
analphabétisme	NOUN:1
analyse	NOUN:1
analyser	VERB:1
analyseur	NOUN:1
analyste	NOUN:1
analytique	ADJ:1	NOUN:1
anamnèse	NOUN:1
anamorphose	NOUN:1
ananas	NOUN:1
anaphore	NOUN:1
anaphylactique	ADJ:1
anarchie	NOUN:1
anarchique	ADJ:1
anarchisme	NOUN:1
anarchiste	ADJ:1	NOUN:1
anastasia	PROPN:1
anastomose	NOUN:1
anathème	NOUN:1
anatomie	NOUN:1
anatomique	ADJ:1
anatomiquement	ADV:1
anatomiste	NOUN:1
anaérobie	ADJ:1
ancestral	ADJ:1
anche	NOUN:1
anchois	NOUN:1
ancien	ADJ:1	NOUN:1
ancienneté	NOUN:1
ancrage	NOUN:1
ancre	NOUN:1
ancrer	VERB:1
ancêtre	NOUN:1
andalou	NOUN:1	ADJ:1
andalousie	PROPN:1
andante	NOUN:1
andin	ADJ:1
andorre	PROPN:1
andouille	NOUN:1
andouillette	NOUN:1
androgyne	ADJ:1	NOUN:1
androïde	NOUN:1
andré	PROPN:1
anecdote	NOUN:1
anecdotique	ADJ:1
anesthésiant	ADJ:1	NOUN:1
anesthésie	NOUN:1
anesthésier	VERB:1
anesthésique	ADJ:1	NOUN:1
anesthésiste	NOUN:1
aneth	NOUN:1
ange	NOUN:1
angeline	PROPN:1
angine	NOUN:1
angiographie	NOUN:1
angioplastie	NOUN:1
angiotensine	NOUN:1
anglais	NOUN:1	ADJ:1
angle	NOUN:1
angleterre	PROPN:1
anglican	ADJ:1	NOUN:1
anglicisme	NOUN:1
anglo-américain	ADJ:1	NOUN:1
anglo-normand	ADJ:1	NOUN:1
anglo-saxon	NOUN:1
anglois	NOUN:1	ADJ:1
anglophone	NOUN:1	ADJ:1
angoissant	ADJ:1
angoisse	NOUN:1
angoisser	VERB:1
angola	PROPN:1
angolais	NOUN:1	ADJ:1
angora	ADJ:1	NOUN:1
anguille	NOUN:1
angulaire	ADJ:1
anguleux	ADJ:1
angus	NOUN:1
angélique	ADJ:1
angélus	NOUN:1
ani	NOUN:1
aniline	NOUN:1
animal	ADJ:1
animalerie	NOUN:1
animalier	NOUN:1
animalité	NOUN:1
animateur	NOUN:1
animation	NOUN:1
animer	VERB:1
animisme	NOUN:1
animiste	NOUN:1
animosité	NOUN:1
animé	NOUN:1
anis	NOUN:1
ankara	PROPN:1
ankh	NOUN:1
anne	PROPN:2
anneau	NOUN:1
annexe	ADJ:1	NOUN:1
annexer	VERB:1
annexion	NOUN:1
annie	PROPN:1
annihilation	NOUN:1
annihiler	VERB:1
anniversaire	ADJ:1	NOUN:1
annoncer	VERB:1
annonceur	NOUN:1
annonciateur	ADJ:1
annonciation	NOUN:1
annotation	NOUN:1
annoter	VERB:1
annuaire	NOUN:1
annuel	ADJ:1
annuellement	ADV:1
annuité	NOUN:1
annulaire	ADJ:1
annulation	NOUN:1
annuler	VERB:1
année	NOUN:1
année-lumière	NOUN:1
anode	NOUN:1
anodin	ADJ:1
anomalie	NOUN:1
anomie	NOUN:1
anonymat	NOUN:1
anonyme	ADJ:1
anonymement	ADV:1
anorak	NOUN:1
anorexie	NOUN:1
anorexique	ADJ:1
anormal	ADJ:1
anormalité	NOUN:1
anp	NOUN:1
anse	NOUN:1
antagonisme	NOUN:1
antagoniste	NOUN:1	ADJ:1
antan	ADV:1
antarctique	ADJ:1
ante	NOUN:1
antenne	NOUN:1
anthologie	NOUN:1
anthracite	NOUN:1
anthrax	NOUN:1
anthropique	ADJ:1
anthropocène	NOUN:1
anthropologie	NOUN:1
anthropologique	ADJ:1
anthropologue	NOUN:1
anthropomorphe	ADJ:1
anthropomorphique	ADJ:1
anthropomorphisme	NOUN:1
anthroposophie	NOUN:1
antibactérien	ADJ:1
antibiotique	ADJ:1	NOUN:1
anticancéreux	ADJ:1
anticapitalisme	NOUN:1
anticapitaliste	ADJ:1
antichambre	NOUN:1
anticipation	NOUN:1
anticiper	VERB:1
anticlinal	NOUN:1
anticlérical	ADJ:1
anticléricalisme	NOUN:1
anticoagulant	ADJ:1
anticolonialiste	ADJ:1	NOUN:1
anticommunisme	NOUN:1
anticommuniste	ADJ:1	NOUN:1
anticonstitutionnel	ADJ:1
anticorps	NOUN:1
anticorruption	ADJ:1
anticyclone	NOUN:1
antidopage	ADJ:1
antidote	NOUN:1
antidouleur	NOUN:1
antidrogue	ADJ:1
antidémocratique	ADJ:1
antidépresseur	NOUN:1
antienne	NOUN:1
antifascisme	NOUN:1
antifasciste	ADJ:1
antigel	NOUN:1
antigène	NOUN:1
antihistaminique	NOUN:1
antihéros	NOUN:1
antillais	ADJ:1
antilope	NOUN:1
antimatière	NOUN:1
antimilitariste	ADJ:1	NOUN:1
antimoine	NOUN:1
antinomique	ADJ:1
antinucléaire	ADJ:1	NOUN:1
antioxydant	ADJ:1	NOUN:1
antipape	NOUN:1
antiparasitaire	ADJ:1	NOUN:1
antipathie	NOUN:1
antipathique	ADJ:1
antipersonnel	ADJ:1
antipode	NOUN:1
antiquaire	NOUN:1
antique	ADJ:1
antiquité	NOUN:2
antiracisme	NOUN:1
antiraciste	ADJ:1
antiseptique	NOUN:1
antisocial	ADJ:1
antisystème	ADJ:1
antisémite	ADJ:1	NOUN:1
antisémitisme	NOUN:1
antitabac	ADJ:1
antiterroriste	ADJ:1	NOUN:1
antithèse	NOUN:1
antiviral	ADJ:1	NOUN:1
antoine	PROPN:1
antoinette	PROPN:1
antonyme	NOUN:1
antre	NOUN:1
antéchrist	NOUN:1
antécédent	NOUN:1
antérieur	ADJ:2	NOUN:1
antérieurement	ADV:1
antériorité	NOUN:1
anus	NOUN:1
anvers	PROPN:1
anxieux	ADJ:1
anxiogène	ADJ:1
anxiolytique	NOUN:1
anxiété	NOUN:1
anéantir	VERB:1
anéantissement	NOUN:1
anémie	NOUN:1
anémique	ADJ:1
anémomètre	NOUN:1
anémone	NOUN:1
anévrisme	NOUN:1
aop	NOUN:1
aorte	NOUN:1
aortique	ADJ:1
août	NOUN:1
apache	ADJ:1
apaisement	NOUN:1
apaiser	VERB:1
apartheid	NOUN:1
aparté	NOUN:1
apathie	NOUN:1
apathique	ADJ:1
apatite	NOUN:1
apatride	ADJ:1	NOUN:1
apennins	PROPN:1
apercevoir	VERB:4
aperture	NOUN:1
aperçu	NOUN:4
apesanteur	NOUN:1
apex	NOUN:1
aphasie	NOUN:1
aphorisme	NOUN:1
aphrodisiaque	NOUN:1
aphrodite	ADJ:1
api	PROPN:2	NOUN:1
apical	ADJ:1
apicole	ADJ:1
apiculteur	NOUN:1
apiculture	NOUN:1
apitoyer	VERB:1
aplanir	VERB:1
aplatir	VERB:1
aplomb	NOUN:1
apnée	NOUN:1
apocalypse	NOUN:1
apocalyptique	ADJ:1
apocryphe	ADJ:1
apogée	NOUN:1
apolitique	ADJ:1
apollinaire	ADJ:1
apollon	NOUN:1
apologie	NOUN:1
apologiste	NOUN:1
apologétique	ADJ:1	NOUN:1
apoplexie	NOUN:1
apoptose	NOUN:1
apostasie	NOUN:1
apostat	NOUN:1	ADJ:1
apostolat	NOUN:1
apostolique	ADJ:1
apostrophe	NOUN:1
apothicaire	NOUN:1
apothéose	NOUN:1
apparat	NOUN:1
apparaître	VERB:1
appareil	NOUN:1
appareiller	VERB:1
apparemment	ADV:1
apparence	NOUN:1
apparent	ADJ:1
apparenter	VERB:1
apparenté	ADJ:1
appariement	NOUN:1
apparition	NOUN:1
appartement	NOUN:2
appartenance	NOUN:1
appartenir	VERB:1
appauvrir	VERB:1
appauvrissement	NOUN:1
appel	NOUN:1
appeler	VERB:2
appellation	NOUN:1
appendice	NOUN:1
appendicite	NOUN:1
applaudir	VERB:1
applaudissement	NOUN:1
applicabilité	NOUN:1
applicable	ADJ:1
application	NOUN:1
appliquer	VERB:1
appontage	NOUN:1
apport	NOUN:1
apporter	VERB:1
apposer	VERB:1
apposition	NOUN:1
apprenant	NOUN:1
apprendre	VERB:3
apprenti	NOUN:1
apprentissage	NOUN:1
apprivoiser	VERB:1
approbation	NOUN:1
approche	NOUN:1
approcher	VERB:1
approfondir	VERB:1
approfondissement	NOUN:1
appropriation	NOUN:1
approprier	VERB:1
approprié	ADJ:1
approuver	VERB:1
approvisionnement	NOUN:1
approvisionner	VERB:1
approximatif	ADJ:1
approximation	NOUN:1
approximativement	ADV:1
appréciable	ADJ:1
appréciation	NOUN:1
apprécier	VERB:1
appréhender	VERB:1
appréhension	NOUN:1
apprêter	VERB:1
appui	NOUN:1
appuyer	VERB:4
appât	NOUN:1
appâter	VERB:1
appétence	NOUN:1
appétit	NOUN:1
après	ADP:1	ADV:1
après-demain	X:1
après-guerre	NOUN:1
après-midi	NOUN:1
apte	ADJ:1
aptitude	NOUN:1
apéritif	ADJ:1	NOUN:1
apéro	NOUN:1
apôtre	NOUN:1
aquaculture	NOUN:1
aquarelle	NOUN:1
aquarelliste	NOUN:1
aquarium	NOUN:1
aquatique	ADJ:1
aqueduc	NOUN:1
aqueux	ADJ:1
aquifère	ADJ:1
aquitain	NOUN:1	ADJ:1
ara	NOUN:1
arabe	NOUN:1	ADJ:1
arabesque	NOUN:1
arabique	ADJ:1
arable	ADJ:1
arachide	NOUN:1
aragon	PROPN:2
aragonais	NOUN:1
araignée	NOUN:2
araméen	ADJ:1	NOUN:1
aran	NOUN:1
arbalète	NOUN:1
arbitrage	NOUN:1
arbitraire	ADJ:1	NOUN:1
arbitrairement	ADV:1
arbitral	ADJ:1
arbitre	NOUN:1
arborer	VERB:1
arborescence	NOUN:1
arboretum	NOUN:1
arboricole	ADJ:1
arboriculture	NOUN:1
arbre	NOUN:1
arbrisseau	NOUN:1
arbuste	NOUN:1
arc	NOUN:1
arc-en-ciel	NOUN:1
arcade	NOUN:1
arcane	ADJ:1
archange	NOUN:1
archaïque	ADJ:1
archaïsme	NOUN:1
arche	NOUN:1
archer	NOUN:1
archet	NOUN:1
archevêché	NOUN:2
archevêque	NOUN:1
archidiacre	NOUN:1
archidiocèse	NOUN:1
archiduc	NOUN:1
archiduchesse	NOUN:1
archipel	NOUN:1
archiprêtre	NOUN:1
architecte	NOUN:1
architectural	ADJ:1
architecture	NOUN:1
architrave	NOUN:1
archiver	VERB:1
archiviste	NOUN:1
archivistique	NOUN:1
archivolte	NOUN:1
archiépiscopal	ADJ:1
archéologie	NOUN:1
archéologique	ADJ:1
archéologue	NOUN:1
archétype	NOUN:1
arctique	ADJ:1
ardemment	ADV:1
ardeur	NOUN:1
ardoise	NOUN:1
ardu	ADJ:1
are	NOUN:1
argent	NOUN:2
argenterie	NOUN:1
argentin	ADJ:1	NOUN:1
argentine	PROPN:1
argentique	ADJ:1
argenté	ADJ:1
argile	NOUN:1
argileux	ADJ:1
argon	NOUN:1
argot	NOUN:1
argotique	ADJ:1
argovie	PROPN:1
arguer	VERB:1
argument	NOUN:1
argumentatif	ADJ:1
argumentation	NOUN:1
argumenter	VERB:1
ari	PROPN:1
aria	NOUN:1
arianisme	NOUN:1
aride	ADJ:1
aridité	NOUN:2
ariel	PROPN:1
arielle	PROPN:1
aristocrate	NOUN:1
aristocratie	NOUN:1
aristocratique	ADJ:1
arithmétique	ADJ:1	NOUN:1
arlequin	NOUN:1
arlésienne	NOUN:1
armagnac	NOUN:1
armand	PROPN:2
armateur	NOUN:1
armature	NOUN:1
arme	NOUN:1
armement	NOUN:1
armer	VERB:1
armistice	NOUN:1
armoire	NOUN:1
armoiries	NOUN:1
armoise	NOUN:1
armoricain	ADJ:1
armure	NOUN:1
armurerie	NOUN:1
armurier	NOUN:1
armée	NOUN:1
arménie	PROPN:1
arménien	ADJ:1	NOUN:1
arn	X:1
arnaque	NOUN:1
arnaqueur	NOUN:1
arnica	NOUN:1
aromathérapie	NOUN:1
aromatique	ADJ:1
aronde	NOUN:1
arpent	NOUN:1
arpentage	NOUN:1
arpenter	VERB:1
arpenteur	NOUN:1
arpège	NOUN:1
arquebuse	NOUN:1
arracher	VERB:2
arrangement	NOUN:1
arranger	VERB:1
arrestation	NOUN:1
arrhes	NOUN:1
arrimer	VERB:1
arrivage	NOUN:1
arriver	VERB:3
arriviste	NOUN:1
arrivée	NOUN:1
arrière	ADV:1	ADJ:1	NOUN:1
arrière-grand-père	NOUN:1
arrière-petit-fils	NOUN:1
arrière-plan	NOUN:1
arriéré	NOUN:1
arrogance	NOUN:1
arrogant	ADJ:1
arrondi	ADJ:1
arrondir	VERB:1
arroser	VERB:1
arroseur	NOUN:1
arrosoir	NOUN:1
arroyo	NOUN:1
arrêt	NOUN:1
arrêter	VERB:2
arsenal	NOUN:1
arsenic	NOUN:1
art	NOUN:1
artefact	NOUN:1
arthrite	NOUN:1
arthrose	NOUN:1
arthur	PROPN:1
artichaut	NOUN:1
article	NOUN:2
articulaire	ADJ:1
articulation	NOUN:1
articuler	VERB:1
artifice	NOUN:1
artificiel	ADJ:1
artificiellement	ADV:1
artificier	NOUN:1
artillerie	NOUN:1
artilleur	NOUN:1
artisan	NOUN:1
artisanal	ADJ:1
artisanat	NOUN:1
artiste	NOUN:1
artistique	ADJ:1
artistiquement	ADV:1
artwork	NOUN:1
artère	NOUN:1
artéfact	NOUN:1
artériel	ADJ:1
artésien	ADJ:1
arum	NOUN:1
aryen	ADJ:1
arythmie	NOUN:1
arçon	NOUN:1
arène	NOUN:1
aréole	NOUN:1
aréopage	NOUN:1
arête	NOUN:1
arôme	NOUN:1
as	VERB:3
ascendance	NOUN:1
ascendant	ADJ:1	NOUN:1
ascenseur	NOUN:2
ascension	PROPN:1
ascensionnel	ADJ:1
ascii	X:1
ascite	NOUN:1
ascorbique	ADJ:1
ascèse	NOUN:1
ascète	NOUN:1
ascétique	ADJ:1
ascétisme	NOUN:1
asexué	ADJ:1
ashanti	ADJ:1
asiatique	NOUN:1	ADJ:1
asie	PROPN:1
asile	NOUN:1
asmr	NOUN:1
asocial	ADJ:1
aspartame	NOUN:1
aspect	NOUN:1
asperge	NOUN:1
asperger	VERB:1
aspersion	NOUN:1
asphalte	NOUN:1
asphyxie	NOUN:1
asphyxier	VERB:1
aspic	NOUN:1
aspirant	ADJ:1	NOUN:1
aspirateur	NOUN:1
aspiration	NOUN:1
aspirer	VERB:1
aspirine	NOUN:1
assaillant	NOUN:1
assaillir	VERB:1
assainir	VERB:1
assainissement	NOUN:1
assaisonnement	NOUN:1
assaisonner	VERB:1
assassin	NOUN:1
assassinat	NOUN:1
assassiner	VERB:1
assaut	NOUN:1
assemblage	NOUN:1
assembler	VERB:2
assembleur	NOUN:1
assemblée	NOUN:1
assentiment	NOUN:1
asseoir	VERB:1
assermentation	NOUN:1
assertion	NOUN:1
asservir	VERB:1
asservissement	NOUN:1
assez	ADV:1
assidu	ADJ:1
assiduité	NOUN:1
assidûment	ADV:1
assiette	NOUN:1
assignation	NOUN:1
assigner	VERB:1
assimilable	ADJ:1
assimilation	NOUN:1
assimiler	VERB:1
assis	ADJ:1
assise	PROPN:1
assistance	NOUN:1
assistant	NOUN:1
assister	VERB:1
assiéger	VERB:1
associatif	ADJ:1
association	NOUN:1
associer	VERB:1
assoiffé	ADJ:1
assombrir	VERB:1
assomption	NOUN:1
assortiment	NOUN:1
assortir	VERB:1
assoupir	VERB:1
assouplir	VERB:1
assouvir	VERB:1
assujettir	VERB:1
assumer	VERB:1
assurance	NOUN:1
assurer	VERB:1
assureur	NOUN:1
assurément	ADV:1
assyrien	ADJ:1
assèchement	NOUN:1
assécher	VERB:1
asséner	VERB:1
aster	NOUN:1
asthmatique	ADJ:1
asthme	NOUN:1
asthénie	NOUN:1
asticot	NOUN:1
astigmatisme	NOUN:1
astiquer	VERB:1
astragale	NOUN:1
astral	ADJ:1
astre	NOUN:1
astringent	ADJ:1
astrolabe	NOUN:1
astrologie	NOUN:1
astrologique	ADJ:1
astrologue	NOUN:1
astronaute	NOUN:1
astronautique	NOUN:1
astronef	NOUN:1
astronome	NOUN:1
astronomie	NOUN:1
astronomique	ADJ:2
astrophysique	NOUN:1
astuce	NOUN:1
astucieusement	ADV:1
astucieux	ADJ:1
astérisque	NOUN:1
astéroïde	NOUN:1	ADJ:1
asymptomatique	ADJ:1
asymptotique	ADJ:1
asymétrie	NOUN:1
asymétrique	ADJ:1
asynchrone	ADJ:1
atavisme	NOUN:1
ataxie	NOUN:1
atchoum	INTJ:1
atelier	NOUN:1
athlète	NOUN:1
athlétique	ADJ:1
athlétisme	NOUN:1
athènes	PROPN:1
athée	ADJ:1	NOUN:1
athéisme	NOUN:1
athénien	NOUN:1	ADJ:1
athénée	NOUN:1
athérome	NOUN:1
athérosclérose	NOUN:1
atlante	NOUN:1
atlantique	ADJ:1
atlas	NOUN:1
atmosphère	NOUN:1
atmosphérique	ADJ:1
atoll	NOUN:1
atome	NOUN:1
atomique	ADJ:1
atomisation	NOUN:1
atomiser	VERB:1
atone	ADJ:2
atonie	NOUN:1
atout	NOUN:1
atrium	NOUN:1
atroce	ADJ:1
atrocité	NOUN:1
atrophie	NOUN:1
atropine	NOUN:1
attachant	ADJ:1
attachement	NOUN:1
attacher	VERB:5
attaquable	ADJ:1
attaquant	NOUN:1
attaque	NOUN:1
attaquer	VERB:5
attarder	VERB:1
attardé	NOUN:1
atteignable	ADJ:1
atteindre	VERB:1
atteinte	NOUN:1
attelage	NOUN:1
atteler	VERB:1
attelle	NOUN:1
attendre	VERB:1
attendrir	VERB:1
attendrissant	ADJ:1
attentat	NOUN:1
attentatoire	ADJ:1
attente	NOUN:1
attenter	VERB:1
attentif	ADJ:1
attention	NOUN:1	INTJ:1
attentionné	ADJ:1
attentisme	NOUN:1
attentiste	ADJ:1
attentivement	ADV:1
atterrir	VERB:1
atterrissage	NOUN:1
atterrisseur	NOUN:1
attestation	NOUN:1
attester	VERB:1
attique	ADJ:1	NOUN:1
attirance	NOUN:1
attirer	VERB:1
attiser	VERB:1
attitude	NOUN:1
attractif	ADJ:1
attraction	NOUN:1
attrait	NOUN:1
attraper	VERB:1
attrayant	ADJ:1
attribuable	ADJ:1
attribuer	VERB:1
attribut	NOUN:1
attribution	NOUN:1
attrister	VERB:1
attroupement	NOUN:1
atténuation	NOUN:1
atténuer	VERB:1
atypique	ADJ:1
au-delà	ADV:1	NOUN:1
au-dessous	X:1
au-dessus	X:1
aubade	NOUN:1
aubaine	NOUN:1
aube	NOUN:1
auberge	NOUN:1
aubergine	NOUN:1	ADJ:1
aubergiste	NOUN:1
aubier	NOUN:1
aubry	PROPN:1
auburn	ADJ:1
aubépine	NOUN:1
aucun	ADJ:1	PRON:1
audace	NOUN:1
audacieux	ADJ:1
audible	ADJ:1
audience	NOUN:1
audimat	NOUN:1
audioguide	NOUN:1
audiovisuel	ADJ:1
audit	X:1	NOUN:1
auditer	VERB:1
auditeur	NOUN:1
auditif	ADJ:1
audition	NOUN:1
auditoire	NOUN:1
auditorium	NOUN:1
auge	NOUN:1
augmentation	NOUN:1
augmenter	VERB:1
augure	NOUN:1
augurer	VERB:1
auguste	PROPN:1
augustin	PROPN:1
aujourd'hui	ADV:2
aula	NOUN:3
aulas	NOUN:3
aulne	NOUN:1
aumône	NOUN:1
aumônier	NOUN:1
aune	NOUN:1
auparavant	ADV:1
auprès	ADV:1
auquel	PRON:2
aureus	NOUN:1
auriculaire	ADJ:1	NOUN:1
aurifère	ADJ:1
aurochs	NOUN:1
aurore	NOUN:1
aurélien	NOUN:1
auréole	NOUN:1
auréolé	ADJ:1
auscultation	NOUN:1
ausculter	VERB:1
aussi	ADV:2
aussitôt	ADV:1
austral	ADJ:1
australie	PROPN:1
australien	NOUN:1
austro-hongrois	ADJ:1
austère	ADJ:1
austérité	NOUN:1
autant	ADV:1
autarcie	NOUN:1
autarcique	ADJ:1
autel	NOUN:1
auteur	NOUN:1
auteur-compositeur	NOUN:1
auteur-compositeur-interprète	NOUN:1
authenticité	NOUN:1
authentification	NOUN:1
authentifier	VERB:1
authentique	ADJ:1
autisme	NOUN:1
autiste	ADJ:1	NOUN:1
autistique	ADJ:1
auto	NOUN:1
autobiographie	NOUN:1	VERB:1
autobiographique	ADJ:1
autobus	NOUN:1
autocar	NOUN:1
autocensure	NOUN:1
autochtone	ADJ:1
autoclave	NOUN:1
autocollant	ADJ:1	NOUN:1
autocrate	NOUN:1
autocratie	NOUN:1
autocratique	ADJ:1
autocritique	ADJ:1	NOUN:1
autodafé	NOUN:1
autodestruction	NOUN:1
autodidacte	ADJ:1	NOUN:1
autodrome	NOUN:1
autodéfense	NOUN:1
autodérision	NOUN:1
autodétermination	NOUN:1
autofiction	NOUN:1
autofinancement	NOUN:1
autofocus	NOUN:1
autogestion	NOUN:1
autographe	ADJ:1
automate	NOUN:1
automatique	ADJ:1	NOUN:2
automatiquement	ADV:1
automatisation	NOUN:1
automatiser	VERB:1
automatisme	NOUN:1
automnal	ADJ:1
automne	NOUN:1
automobile	NOUN:1
automobiliste	NOUN:1
automutilation	NOUN:1
automédication	NOUN:1
autonome	ADJ:1
autonomie	NOUN:1
autonomiste	ADJ:1
autoportrait	NOUN:1
autoproclamé	ADJ:1
autopsie	NOUN:1
autorisation	NOUN:1
autoriser	VERB:1
autoritaire	ADJ:1
autoritarisme	NOUN:1
autorité	NOUN:1
autoroute	NOUN:1
autorégulation	NOUN:1
autosuffisance	NOUN:1
autosuffisant	ADJ:1
autour	NOUN:1	ADV:1
autre	PRON:1
autrefois	ADV:1
autrement	ADV:1
autriche	PROPN:1
autrichien	NOUN:1	ADJ:1
autruche	NOUN:1
autrui	PRON:2
auvent	NOUN:1
auvergnat	NOUN:1	ADJ:1
auvergne	PROPN:1
auxiliaire	ADJ:1	NOUN:1
aval	NOUN:1
avalanche	NOUN:1
avaler	VERB:1
avaliser	VERB:1
avance	NOUN:1
avancement	NOUN:1
avancer	VERB:1
avancé	ADJ:1
avancée	NOUN:1
avant	ADP:1
avant-dernier	ADJ:1
avant-garde	NOUN:1
avant-gardiste	ADJ:1
avant-guerre	NOUN:1
avantage	NOUN:1
avantager	VERB:1
avantageusement	ADV:1
avantageux	ADJ:1
avare	ADJ:1	NOUN:1
avarice	NOUN:1
avarie	NOUN:1
avarié	ADJ:1
avatar	NOUN:1
ave	X:1
avec	ADP:5	ADV:2
aven	NOUN:1
avenant	ADJ:1	NOUN:1
avenir	NOUN:1
avent	NOUN:1
aventure	NOUN:1	VERB:4
aventurer	VERB:1
aventureux	ADJ:1
aventurier	NOUN:1	ADJ:1
avenue	NOUN:1
averse	NOUN:1
aversion	NOUN:1
avertir	VERB:1
avertissement	NOUN:1
avertisseur	NOUN:1
avesta	NOUN:1
aveu	NOUN:1
aveuglant	ADJ:1
aveugle	ADJ:1
aveuglement	NOUN:1
aveugler	VERB:1
aveuglément	ADV:1
aviaire	ADJ:1
aviateur	NOUN:1
aviation	NOUN:1
avicole	ADJ:1
aviculture	NOUN:1
avide	ADJ:1
avidement	ADV:1
avidité	NOUN:1
avignon	PROPN:1
avilir	VERB:1
avion	NOUN:1
avion-cargo	NOUN:1
aviron	NOUN:1
avis	NOUN:2
aviser	VERB:1
aviso	NOUN:1
avocat	NOUN:3
avoine	NOUN:1
avoir	VERB:3	NOUN:1
avortement	NOUN:1
avorter	VERB:1
avorton	NOUN:1
avouer	VERB:1
avril	NOUN:1
avènement	NOUN:1
avérer	VERB:1
axe	NOUN:1
axial	ADJ:1
axiomatique	ADJ:1
axiome	NOUN:1
axis	NOUN:1
ay	NOUN:1
aya	NOUN:2
ayahuasca	NOUN:1
ayatollah	NOUN:1
aymara	NOUN:1
azalée	NOUN:1
azerbaïdjan	PROPN:1
azerbaïdjanais	ADJ:1
azimut	NOUN:1
azote	NOUN:2
aztèque	NOUN:1	ADJ:1
azur	NOUN:1	ADJ:3
azuré	ADJ:1
azéri	ADJ:1	NOUN:1
aération	NOUN:1
aérer	VERB:1
aérien	ADJ:1
aérobic	NOUN:1
aérobie	ADJ:1
aéroclub	NOUN:1
aérodrome	NOUN:1
aérodynamique	ADJ:1	NOUN:1
aérodynamisme	NOUN:1
aéroglisseur	NOUN:1
aéromodélisme	NOUN:1
aéronautique	ADJ:1	NOUN:1
aéronaval	ADJ:1
aéronef	NOUN:1
aéroplane	NOUN:1
aéroport	NOUN:1
aéroportuaire	ADJ:1
aérosol	NOUN:1
aérospatial	ADJ:1
aérostat	NOUN:1
aîné	ADJ:1
aï	NOUN:1
aïe	INTJ:1
aïeul	NOUN:1
aïeule	NOUN:1
aïeux	NOUN:1
aïkido	NOUN:1
aïoli	NOUN:1
baa	PROPN:1
baba	NOUN:1
babeurre	NOUN:2
babine	NOUN:2
babouin	NOUN:1
baby-sitter	NOUN:1
babylonien	ADJ:1	NOUN:1
bac	NOUN:2
baccalauréat	NOUN:2
baccara	NOUN:1
bachata	NOUN:1
bachelet	PROPN:1
bachelier	NOUN:1
bachelot	PROPN:1
bachi	NOUN:1
bacille	NOUN:1
backlash	NOUN:1
baclofène	NOUN:1
bacon	NOUN:1
bactéricide	ADJ:1
bactérie	NOUN:1
bactérien	ADJ:1
bactériologie	NOUN:1
bactériologique	ADJ:1
badass	NOUN:1
badaud	NOUN:1
badiane	NOUN:1
badigeon	NOUN:1
badigeonner	VERB:1
badinage	NOUN:1
badine	NOUN:1
badminton	NOUN:1
bafouer	VERB:1
bafouiller	VERB:1
bagage	NOUN:1
bagarre	NOUN:2
bagarrer	VERB:1
bagatelle	NOUN:1
bagnard	NOUN:1
bagne	NOUN:2
bagnole	NOUN:1
bague	NOUN:1
baguette	NOUN:1
bahamas	PROPN:1
bahreïn	PROPN:1
bai	ADJ:1	NOUN:1
baie	NOUN:1
baigner	VERB:1
baigneur	NOUN:1
baignoire	NOUN:1
bail	NOUN:1
bailler	VERB:1
bain	NOUN:1
baisable	ADJ:1
baise	NOUN:1
baiser	VERB:6	NOUN:1
baiseur	ADJ:2
baisse	NOUN:1
baisser	VERB:1
baissier	ADJ:1	NOUN:1
bakchich	NOUN:1
bakou	PROPN:1
bal	NOUN:1
balade	NOUN:1
baladeur	NOUN:2
balafre	NOUN:1
balai	NOUN:1
balance	PROPN:1
balancement	NOUN:1
balancer	VERB:1
balancier	NOUN:1
balançoire	NOUN:1
balayage	NOUN:1
balayer	VERB:1
balayette	NOUN:1
balayeur	NOUN:1
balboa	NOUN:1
balcon	NOUN:1
baldaquin	NOUN:1
baleine	NOUN:1
baleinier	NOUN:1
balise	NOUN:1
baliser	VERB:1
balistique	ADJ:1	NOUN:1
balkanique	ADJ:1
balkanisation	NOUN:1
ballade	NOUN:1
balladur	PROPN:1
ballast	NOUN:1
balle	NOUN:1
ballerine	NOUN:1
ballet	NOUN:1
ballon	NOUN:1
ballot	NOUN:1
balourd	ADJ:2	NOUN:1
balsa	NOUN:1
balsamique	NOUN:1
balte	ADJ:1
baltique	ADJ:1
baluchon	NOUN:1
balustrade	NOUN:1
bambara	NOUN:1
bambi	NOUN:1
bambin	NOUN:1
bambou	NOUN:1
ban	NOUN:1
banal	ADJ:1
banalisation	NOUN:1
banaliser	VERB:1
banalité	NOUN:1
banane	NOUN:1
bananier	ADJ:1
banat	NOUN:1
banc	NOUN:1
bancaire	ADJ:1
bancal	ADJ:1
bandage	NOUN:1
bande	NOUN:1
bande-annonce	NOUN:1
bande-son	NOUN:1
bandeau	NOUN:1
bander	VERB:1
banderole	NOUN:1
bandicoot	NOUN:1
bandit	NOUN:1
banditisme	NOUN:1
bangkok	PROPN:1
bangladais	NOUN:1
banjo	NOUN:1
banlieue	NOUN:1
bannir	VERB:1
bannissement	NOUN:1
bannière	NOUN:1
banque	NOUN:1
banqueroute	NOUN:1
banquet	NOUN:1
banquier	NOUN:1
banquise	NOUN:1
banshee	NOUN:1
bantou	NOUN:1
baobab	NOUN:1
baptiser	VERB:1
baptiste	ADJ:1
baptistère	NOUN:1
baptême	NOUN:1
baquet	NOUN:1
bar	NOUN:4
baraque	NOUN:1
baraquement	NOUN:1
baratin	NOUN:1
baratte	NOUN:1
barbade	PROPN:1
barbant	ADJ:1
barbara	NOUN:1
barbare	NOUN:1
barbarie	NOUN:1
barbarisme	NOUN:1
barbe	NOUN:1
barbeau	NOUN:1
barbecue	NOUN:1
barbelé	NOUN:1
barberousse	ADJ:1
barbet	NOUN:1
barbiche	NOUN:1
barbier	NOUN:1
barboter	VERB:1
barbu	ADJ:1	NOUN:1
barbue	NOUN:1
barcelonais	NOUN:1
barcelone	PROPN:1
barde	NOUN:1
barder	VERB:1
bardot	PROPN:1
barge	NOUN:1
baril	NOUN:1
barillet	NOUN:1
bariolé	ADJ:1
barman	NOUN:1
barn	NOUN:1
barnier	PROPN:1
baromètre	NOUN:1
baron	NOUN:1
baronne	NOUN:1
baronnie	NOUN:1
baroque	ADJ:1	NOUN:1
baroudeur	NOUN:1
barque	NOUN:1
barquette	NOUN:1
barracuda	NOUN:1
barrage	NOUN:1
barral	NOUN:1
barre	NOUN:1
barreau	NOUN:1
barrer	VERB:1
barrette	NOUN:1
barricade	NOUN:1
barricader	VERB:1
barrique	NOUN:1
barrière	NOUN:1
barthélémy	PROPN:1
baryton	NOUN:1
baryum	NOUN:1
barème	NOUN:1
bas	ADJ:1
bas-côté	NOUN:1
bas-relief	NOUN:1
basal	ADJ:1
basalte	NOUN:1
basané	ADJ:1
bascule	NOUN:1
base	NOUN:1
baser	VERB:1
basilic	NOUN:2
basilique	NOUN:1
basin	NOUN:1
basique	ADJ:1
basiquement	ADV:1
basket	NOUN:1
basket-ball	NOUN:1
basketteur	NOUN:1
basque	ADJ:1	NOUN:1
basse-cour	NOUN:1
bassesse	NOUN:2
bassin	NOUN:1
bassine	NOUN:1
bassiner	VERB:1
bassiste	NOUN:1
basson	NOUN:1
basta	INTJ:1	NOUN:1
bastide	NOUN:1
bastien	PROPN:1
bastille	NOUN:1
bastion	NOUN:1
baston	NOUN:1
bastonner	VERB:1
bataclan	NOUN:1
bataille	NOUN:3
batailler	VERB:1
batailleur	ADJ:1
bataillon	NOUN:1
batch	NOUN:1
bateau	NOUN:1
bateleur	NOUN:1
batelier	NOUN:1
bath	ADJ:1
batifoler	VERB:1
batiste	NOUN:1
battage	NOUN:1
batte	NOUN:1
battement	NOUN:1
batterie	NOUN:1
batteur	NOUN:1
batteuse	NOUN:1
battre	VERB:1
baudrier	NOUN:1
baume	NOUN:1
bauxite	NOUN:1
bavard	ADJ:1
bavardage	NOUN:1
bavarder	VERB:1
bavarois	ADJ:1	NOUN:1
bave	NOUN:1
baver	VERB:1
bavette	NOUN:1
baveux	ADJ:1
bavière	NOUN:1
bavoir	NOUN:1
bayonnais	NOUN:1
bayonne	PROPN:1
bazar	NOUN:1
bazooka	NOUN:1
baïonnette	NOUN:1
bcd	NOUN:1
bce	X:1
bd	NOUN:1
bdd	NOUN:1
bdsm	NOUN:1
beagle	NOUN:1
beau	ADJ:4	NOUN:2	ADV:1
beau-frère	NOUN:1
beau-père	NOUN:1
beauchamp	PROPN:1
beaucoup	ADV:1
beauf	NOUN:1
beaujolais	NOUN:1
beaumont	PROPN:1
beaupré	NOUN:1
beauté	NOUN:1
beaux-arts	NOUN:1
bec	NOUN:1
becquerel	NOUN:1
bedaine	NOUN:1
bedeau	NOUN:1
bedonnant	VERB:1
beige	ADJ:1
beignet	NOUN:1
beira	NOUN:1
belette	NOUN:1
belfast	PROPN:1
belge	ADJ:1
belgique	PROPN:1
belladone	NOUN:1
belle-mère	NOUN:1
belle-sœur	NOUN:1
belliciste	ADJ:1
belliqueux	ADJ:2
bellâtre	NOUN:1
belvédère	NOUN:1
bene	ADV:1
bengal	NOUN:1
bengale	NOUN:1
bengali	ADJ:1	NOUN:1
benjamin	PROPN:1
benne	NOUN:1
benoît	PROPN:1
benzène	NOUN:1
berbère	ADJ:1	NOUN:1
berce	NOUN:1
berceau	NOUN:1
bercer	VERB:1
berceuse	NOUN:1
bergamote	NOUN:1
berge	NOUN:1
berger	NOUN:1
bergerie	NOUN:1
bergère	NOUN:1
berlin	PROPN:1
berline	NOUN:1
berlinois	NOUN:1
bermuda	NOUN:1
bernard	PROPN:1
berne	PROPN:2
berner	VERB:1
bernier	PROPN:1
bertha	NOUN:1
berthon	NOUN:1
bertrand	PROPN:1
besace	NOUN:1
besoin	NOUN:1
best-seller	NOUN:1
bestiaire	NOUN:1
bestialité	NOUN:1
bestiole	NOUN:1
betancourt	PROPN:1
bethsabée	PROPN:2
bette	NOUN:1
betterave	NOUN:1
beu	NOUN:1
beugler	VERB:1
beuh	INTJ:1
beurk	INTJ:1
beurre	NOUN:1
beurrer	VERB:1
beuverie	NOUN:1
bhoutan	PROPN:1
bi	ADJ:1
biais	ADJ:1	NOUN:1
biathlon	NOUN:1
bibelot	NOUN:1
biberon	NOUN:1
bible	NOUN:1
bibliographie	NOUN:1
bibliographique	ADJ:1
bibliophile	ADJ:1
bibliothèque	NOUN:2
bibliothécaire	NOUN:1
bibliothéconomie	NOUN:1
biblique	ADJ:1
bicarbonate	NOUN:1
bicentenaire	NOUN:1
biceps	NOUN:1
biche	NOUN:1
bichon	NOUN:1
bichonner	VERB:1
bicolore	ADJ:1
bicoque	NOUN:1
bicorne	ADJ:1	NOUN:1
bicyclette	NOUN:1
bicéphale	ADJ:1
bide	NOUN:2
bidet	NOUN:1
bidonville	NOUN:1
bidule	NOUN:1
bief	NOUN:1
bielle	NOUN:1
bien	ADV:5	NOUN:2	INTJ:1
bien-être	NOUN:1
bienfaisance	NOUN:1
bienfaisant	ADJ:1
bienfait	NOUN:1
bienfaiteur	NOUN:1
bienheureux	ADJ:1	NOUN:1
biennal	ADJ:1
bienséance	NOUN:1
bientôt	ADV:1
bienveillance	NOUN:1
bienveillant	ADJ:1
bienvenu	ADJ:1
bienvenue	NOUN:1	INTJ:2
bifteck	NOUN:1
bifurcation	NOUN:1
bifurquer	VERB:1
bigamie	NOUN:1
bigarré	ADJ:1
bigot	ADJ:1	NOUN:1
bigoterie	NOUN:1
bijou	NOUN:1
bijouterie	NOUN:1
bijoutier	NOUN:1
bikini	NOUN:1
bilan	NOUN:1
bilatéral	ADJ:1
bilboquet	NOUN:1
bile	NOUN:1
bilingue	ADJ:1
bilinguisme	NOUN:1
billard	NOUN:1
bille	NOUN:1
billet	NOUN:1
billetterie	NOUN:1
billion	NOUN:1
billon	NOUN:1
billot	NOUN:1
bimensuel	ADJ:1	NOUN:1
bimestriel	ADJ:1
bimoteur	NOUN:1
binaire	ADJ:1
binette	NOUN:1
biniou	NOUN:1
binoclard	NOUN:1
binôme	NOUN:1
bio	ADJ:1
biochimie	NOUN:1
biochimiste	NOUN:1
biodiversité	NOUN:1
biodégradable	ADJ:1
biogaz	NOUN:1
biographe	NOUN:1
biographie	NOUN:1
biographique	ADJ:1
biologie	NOUN:1
biologique	ADJ:1
biologiquement	ADV:1
biologiste	NOUN:1
biomasse	NOUN:1
biomécanique	NOUN:1	ADJ:1
biométrie	NOUN:1
bionique	ADJ:1	NOUN:1
biophysique	NOUN:1
biosphère	NOUN:1
biotechnologie	NOUN:1
biotope	NOUN:1
bioéthanol	NOUN:1
bioéthique	NOUN:1
bipartisme	NOUN:1
biper	VERB:1
biplace	NOUN:1
biplan	NOUN:1
bipolarisation	NOUN:1
bipolarité	NOUN:1
bipède	ADJ:1
birman	NOUN:1
birmanie	PROPN:1
bis	ADJ:1	NOUN:1
biscotte	NOUN:1
biscuit	NOUN:1
biscuiterie	NOUN:1
bise	NOUN:1
biseau	NOUN:1
bisexualité	NOUN:1
bisexuel	ADJ:1	NOUN:1
bismuth	NOUN:1
bison	NOUN:1
bisou	NOUN:1
bistro	NOUN:1
bit	NOUN:1
bitcoin	NOUN:1
bite	NOUN:1
bitte	NOUN:1
bitume	NOUN:1
bitumineux	ADJ:1
bivouac	NOUN:1
bizarre	ADJ:2
bizarrement	ADV:1
bizutage	NOUN:1
bière	NOUN:1
bièvre	NOUN:1
biélorusse	ADJ:1	NOUN:1
biélorussie	PROPN:1
blafard	ADJ:1
blagounette	NOUN:1
blague	NOUN:2
blaguer	VERB:1
blaireau	NOUN:1
blaise	PROPN:1
blanc	ADJ:1
blanchard	PROPN:1
blanchet	ADJ:1
blancheur	NOUN:1
blanchiment	NOUN:1
blanchir	VERB:1
blanchissant	ADJ:1	NOUN:1
blanchisserie	NOUN:1
blanchisseuse	NOUN:1
blanchâtre	ADJ:1
blason	NOUN:1
blasphème	NOUN:1
blasphémateur	NOUN:1
blasphémer	VERB:1
blasé	ADJ:1
blatte	NOUN:1
blaugrana	ADJ:1
bled	NOUN:1
blender	NOUN:1
blessant	ADJ:1
blesser	VERB:1
blessure	NOUN:1
bleu	ADJ:3	NOUN:5
bleuet	NOUN:1
bleuâtre	ADJ:1
blindage	NOUN:1
blinder	VERB:1
blister	NOUN:1
blizzard	NOUN:3
bloc	NOUN:1
blocage	NOUN:1
blockbuster	NOUN:1
blocus	NOUN:1
blog	NOUN:1
blogosphère	NOUN:1
blogue	NOUN:1
bloguer	VERB:1
blogueur	NOUN:1
blond	ADJ:1
blonde	ADJ:1
bloquer	VERB:1
blottir	VERB:1
blouse	NOUN:1
blouson	NOUN:1
bluff	NOUN:1
blâme	NOUN:1
blâmer	VERB:1
blé	NOUN:1
blême	ADJ:1
boa	NOUN:1
bobard	NOUN:1
bobine	NOUN:1
bobo	NOUN:1
bocal	NOUN:1
bodhisattva	NOUN:1
bof	INTJ:1
bogue	NOUN:1
bohème	ADJ:1	NOUN:1
bohémien	NOUN:1
boire	VERB:1
bois	NOUN:2
boiserie	NOUN:1
boisseau	NOUN:1
boisson	NOUN:2
boiter	VERB:1
boiteux	ADJ:1	NOUN:1
bol	NOUN:2
bolchevik	ADJ:1
bolchevique	ADJ:1
bolchévique	ADJ:1	NOUN:1
bolchévisme	NOUN:1
bolduc	NOUN:1
bolide	NOUN:1
bolivar	NOUN:1
bolivie	PROPN:1
bolivien	NOUN:1	ADJ:1
boléro	NOUN:1
bombarde	NOUN:1
bombardement	NOUN:1
bombarder	VERB:1
bombardier	NOUN:1
bombasse	NOUN:1
bombay	NOUN:1
bombe	NOUN:1
bomber	VERB:1	NOUN:1
bombyx	NOUN:1
bon	ADJ:1
bonapartisme	NOUN:1
bonasse	NOUN:1
bonbon	NOUN:1
bonbonne	NOUN:1
bond	NOUN:1
bondage	NOUN:1
bondir	VERB:1
bongo	NOUN:1
bonheur	NOUN:1
bonhomme	NOUN:1
bonite	NOUN:1
bonjour	INTJ:1
bonnemaison	PROPN:1
bonnet	NOUN:1
bonneterie	NOUN:1
bonobo	NOUN:1
bonsaï	NOUN:1
bonsoir	INTJ:2
bonté	NOUN:1
boomerang	NOUN:1
boost	NOUN:1
booster	NOUN:1	VERB:1
borax	NOUN:1
bord	NOUN:1
bordeaux	PROPN:1
bordel	NOUN:1
border	VERB:1
bore	NOUN:1
borgne	ADJ:1
borie	NOUN:1
borne	NOUN:1
borner	VERB:1
borné	ADJ:1
bort	NOUN:1
boréal	ADJ:1
bosco	NOUN:1
bosniaque	ADJ:1
bosnie-herzégovine	PROPN:1
bosnien	NOUN:1
boson	NOUN:1
bosquet	NOUN:1
boss	NOUN:1
bosse	NOUN:1
bosser	VERB:1
bossu	ADJ:1
botanique	ADJ:1	NOUN:1
botaniste	NOUN:1
botswana	PROPN:1
botte	NOUN:1
botter	VERB:1
bottine	NOUN:1
botulisme	NOUN:1
bouc	NOUN:1
bouchage	NOUN:1
bouche	NOUN:2
boucher	VERB:1	NOUN:2
boucherie	NOUN:2
bouchon	NOUN:2
bouchère	NOUN:1
bouchée	NOUN:1
boucle	NOUN:3
boucler	VERB:1
bouclier	NOUN:1
bouclé	ADJ:1
bouddha	NOUN:1
bouddhique	ADJ:1
bouddhisme	NOUN:1
bouddhiste	ADJ:1	NOUN:1
boudin	NOUN:1
boudoir	NOUN:1
boue	NOUN:1
boueux	ADJ:1
bouffe	NOUN:1
bouffer	VERB:1
bouffon	ADJ:1	NOUN:1
bouffonnerie	NOUN:1
bouffée	VERB:1
bougeoir	NOUN:1
bouger	VERB:1
bougie	NOUN:1
bougnoule	NOUN:1
bougon	ADJ:1
bouh	INTJ:1
bouillie	NOUN:1
bouillir	VERB:2
bouilloire	NOUN:1
bouillon	NOUN:2
bouillonnement	NOUN:1
bouillonner	VERB:1
bouillotte	NOUN:1
boulanger	NOUN:1
boulangerie	NOUN:1
boule	NOUN:1
bouleau	NOUN:1
bouledogue	NOUN:1
bouler	VERB:1
boulet	NOUN:1
boulette	NOUN:1
boulevard	NOUN:1
bouleverser	VERB:1
boulier	NOUN:1
boulimie	NOUN:1
boulimique	ADJ:1	NOUN:1
boulin	NOUN:1
boulon	NOUN:1
boulot	NOUN:1
boum	NOUN:1
bouquet	NOUN:1
bouquetin	NOUN:1
bouquin	NOUN:1
bouquiner	VERB:1
bouquiniste	NOUN:1
bourbe	NOUN:1
bourbier	NOUN:1
bourde	NOUN:1
bourdon	NOUN:5
bourdonnement	NOUN:1
bourg	NOUN:1
bourge	NOUN:1
bourgeois	NOUN:1
bourgeoisie	NOUN:1
bourgeon	NOUN:1
bourgmestre	NOUN:1
bourgogne	PROPN:1
bourguignon	ADJ:1	NOUN:1
bourrache	NOUN:1
bourrasque	NOUN:1
bourre	NOUN:1
bourreau	NOUN:1
bourrelet	NOUN:1
bourrer	VERB:1
bourru	ADJ:1
bourré	ADJ:5
bourse	NOUN:1
boursier	ADJ:1	NOUN:1
boursouflé	ADJ:1
bousculer	VERB:1
bouse	NOUN:1
bousiller	VERB:1
boussole	NOUN:1
bout	NOUN:7
bouteille	NOUN:1
bouter	VERB:1
boutique	NOUN:1
bouton	NOUN:2
boutonnière	NOUN:1
bouture	NOUN:1
bouvier	NOUN:1
bouée	NOUN:1
bovet	PROPN:1
bovin	ADJ:1
boxe	NOUN:1
boxer	NOUN:1	VERB:1
boxon	NOUN:1
boyard	NOUN:1
boycott	NOUN:1
boycotter	VERB:1
boyer	PROPN:2
boîte	NOUN:1
bpa	X:1
bpm	X:1
brabançon	NOUN:1	ADJ:1
bracelet	NOUN:1
braconnier	NOUN:1
brader	VERB:1
bradycardie	NOUN:1
braguette	NOUN:1
brahma	NOUN:1
brahmane	NOUN:1
braillard	ADJ:1	NOUN:1
brailler	VERB:1
brainstorming	NOUN:1
braire	VERB:1
braise	NOUN:1
branche	NOUN:1
brandebourg	NOUN:1
brandir	VERB:1
branlant	ADJ:1
branler	VERB:1
branlette	NOUN:1
branleur	NOUN:1
braque	NOUN:1
braquer	VERB:1
bras	NOUN:1
brassard	NOUN:1
brasse	NOUN:1
brasser	VERB:1
brasserie	NOUN:1
brasseur	NOUN:1
brassicole	ADJ:1
bratislava	PROPN:1
brave	ADJ:3
braver	VERB:1
bravo	INTJ:1	NOUN:2
bravoure	NOUN:1
brebis	NOUN:1
bref	ADJ:3
brelan	NOUN:1
breloque	NOUN:1
bretagne	PROPN:1
bretelle	NOUN:1
breton	ADJ:1	NOUN:1
bretzel	NOUN:1
breuvage	NOUN:1
brevet	NOUN:1
breveter	VERB:1
bricolage	NOUN:1
bricole	NOUN:1
bricoleur	NOUN:1
bride	NOUN:1
bridge	NOUN:2
brie	NOUN:2
brigade	NOUN:1
brigadier	NOUN:1
brigand	NOUN:1
brigitte	PROPN:1
briguer	VERB:1
brillamment	ADV:1
brillance	NOUN:1
brillant	ADJ:1
briller	VERB:1
brimer	VERB:1
brin	NOUN:1
brindille	NOUN:1
brio	NOUN:1
brioche	NOUN:1
brique	NOUN:5
briquet	NOUN:1
briqueterie	NOUN:1
briser	VERB:1
brisure	NOUN:1
britannique	ADJ:1	NOUN:1
brièvement	ADV:1
brièveté	NOUN:1
brocanteur	NOUN:1
brocard	NOUN:1
brocart	NOUN:1
broche	NOUN:1
brochet	NOUN:1
brochette	NOUN:1
brochure	NOUN:4
brocoli	NOUN:1
broder	VERB:1
broderie	NOUN:1
brome	NOUN:1
bronca	NOUN:1
bronche	NOUN:1
broncher	VERB:1
bronchite	NOUN:1
bronze	NOUN:1
bronzer	VERB:1
brosse	NOUN:1
brosser	VERB:3
brou	NOUN:1
brouette	NOUN:1
brouhaha	NOUN:1
brouillard	NOUN:1
brouiller	VERB:1
brouillon	NOUN:1	ADJ:1
brouter	VERB:1
broutille	NOUN:1
brownie	NOUN:1
broyer	VERB:1
bru	NOUN:1
bruant	NOUN:1
brucellose	NOUN:1
bruine	NOUN:1
bruit	NOUN:1
brulure	NOUN:1
brumaire	NOUN:1
brume	NOUN:1
brumeux	ADJ:1
brun	ADJ:1	NOUN:1
brune	NOUN:1
brunei	PROPN:1
brunet	PROPN:1
bruno	PROPN:1
brusque	ADJ:1
brusquement	ADV:1
brut	ADJ:1	ADV:1	NOUN:1
brutal	ADJ:1
brutalement	ADV:1
brutaliser	VERB:1
brutalité	NOUN:1
bruxelles	PROPN:1
bruxellois	NOUN:1	ADJ:1
bruyant	ADJ:1
bruyère	NOUN:1
brèche	NOUN:1
brème	NOUN:1
bréchet	NOUN:1
brésil	PROPN:1
brésilien	NOUN:1	ADJ:1
bréviaire	NOUN:1
brûlage	NOUN:1
brûler	VERB:1
brûleur	NOUN:1
brûlis	NOUN:1
brûlure	NOUN:1
buanderie	NOUN:1
bucarest	PROPN:1
bucolique	ADJ:1
budapest	PROPN:1
budget	NOUN:1
budgétaire	ADJ:1
buffet	NOUN:1
buffle	NOUN:1
bugle	NOUN:1
buis	NOUN:1
buisson	NOUN:1
bulbe	NOUN:1
bulgare	ADJ:1	NOUN:1
bulgarie	PROPN:1
bulldozer	NOUN:1
bulle	NOUN:2
bulletin	NOUN:1
bunker	NOUN:1
buraliste	NOUN:1
bure	NOUN:1
bureau	NOUN:2
bureaucrate	NOUN:1
bureaucratie	NOUN:1
bureautique	NOUN:1
burgonde	NOUN:1
burin	NOUN:1
burkinabé	NOUN:1	ADJ:1
burkini	NOUN:1
burlesque	ADJ:1
burqa	NOUN:1
burrito	NOUN:1
burritos	NOUN:1
burundais	NOUN:1
burundi	PROPN:1
bus	NOUN:1
buse	NOUN:1
buste	NOUN:1
bustier	NOUN:1
but	NOUN:1
but-sur-balles	X:1
butane	NOUN:1
buter	VERB:1
butin	NOUN:1
butiner	VERB:1
butor	NOUN:1
butter	VERB:2
buté	ADJ:3
butée	NOUN:1
buvette	NOUN:3
buveur	NOUN:1
buée	NOUN:1
byzantin	ADJ:1
bâbord	NOUN:1
bâche	NOUN:1
bâillement	NOUN:1
bâiller	VERB:1
bâillon	NOUN:1
bâillonner	VERB:1
bâle	PROPN:1
bât	NOUN:1
bâtard	ADJ:1	NOUN:1
bâtiment	NOUN:3
bâtir	VERB:3
bâtisseur	NOUN:1
bâton	NOUN:2
bâtonnet	NOUN:1
bègue	ADJ:1	NOUN:1
bé	NOUN:1
béat	ADJ:1
béatification	NOUN:1
béatitude	NOUN:1
bébé	NOUN:1
bécane	NOUN:1
bécasse	NOUN:1
bécassine	NOUN:1
béchamel	NOUN:1
bédouin	ADJ:1
bégaiement	NOUN:1
bégayer	VERB:1
béguin	NOUN:1
béguinage	NOUN:1
bélier	PROPN:1	NOUN:2
béluga	NOUN:1
bémol	NOUN:1	ADJ:1
bénin	PROPN:1
béninois	NOUN:1
bénir	VERB:1
bénitier	NOUN:1
bénédiction	NOUN:1
bénéfice	NOUN:1
bénéficiaire	ADJ:1	NOUN:1
bénéficier	VERB:1
bénéfique	ADJ:1
bénévole	ADJ:1
béotie	PROPN:1
béotien	ADJ:1	NOUN:1
béquille	NOUN:1
béret	NOUN:1
béryl	NOUN:1
béryllium	NOUN:1
bérénice	PROPN:1
bétail	NOUN:1
béton	NOUN:1
bétonner	VERB:1
bétonnière	NOUN:1
bévue	NOUN:1
bêche	NOUN:1
bêta	NOUN:1
bête	NOUN:1
bêtement	ADV:1
bêtise	NOUN:1
bûche	NOUN:1
bûcher	NOUN:1	VERB:1
bûcheron	NOUN:1
bœuf	NOUN:2
c'est-à-dire	X:1
cabale	NOUN:1
caban	NOUN:1
cabane	NOUN:1
cabaret	NOUN:1
cabas	NOUN:1
cabestan	NOUN:1
cabillaud	NOUN:1
cabine	NOUN:1
cabinet	NOUN:1
caboche	NOUN:1
cabossé	ADJ:1
cabotage	NOUN:1
cabrer	VERB:1
cabri	NOUN:1
cabriolet	NOUN:1
caca	NOUN:1
cacahuète	NOUN:1
cacao	NOUN:1
cacaoyer	NOUN:1
cacatoès	NOUN:1
cachalot	NOUN:1
cachemire	NOUN:1
cacher	VERB:1
cachet	NOUN:1
cachette	NOUN:1
cachot	NOUN:1
cachou	NOUN:1
cacique	NOUN:1
cacophonie	NOUN:1
cactus	NOUN:1
cadastral	ADJ:1
cadastre	NOUN:1
cadavre	NOUN:1
caddie	NOUN:1
cadeau	NOUN:2
cadenas	NOUN:1
cadence	NOUN:1
cadencé	ADJ:1
cadet	ADJ:1	NOUN:3
cadix	PROPN:1
cadmium	NOUN:1
cadran	NOUN:4
cadre	NOUN:4
cadrer	VERB:1
cadreur	NOUN:1
caduc	ADJ:1
caducité	NOUN:1
caducée	NOUN:1
caduque	NOUN:1
cafard	ADJ:1	NOUN:1
cafetière	NOUN:1
caftan	NOUN:1
café	NOUN:5
caféier	NOUN:1
caféine	NOUN:1
cafétéria	NOUN:1
cage	NOUN:1
cagibi	NOUN:1
cagnotte	NOUN:1
cagoule	NOUN:3
cahier	NOUN:1
caille	NOUN:1
cailler	VERB:1
caillou	NOUN:1
caillouteux	ADJ:1
caillé	NOUN:1
caisse	NOUN:6	ADJ:1
caissier	NOUN:1
caisson	NOUN:1
cajoler	VERB:1
cake	NOUN:1
cal	NOUN:1
calame	NOUN:1
calamine	NOUN:1
calamité	NOUN:1
calandre	NOUN:1
calanque	NOUN:1
calcaire	ADJ:1	NOUN:1
calcique	ADJ:1
calcite	NOUN:1
calcium	NOUN:1
calcul	NOUN:1
calculable	ADJ:1
calculatrice	NOUN:1
calculer	VERB:1
calculette	NOUN:1
caldeira	NOUN:1
cale	NOUN:2
calembour	NOUN:1
calendrier	NOUN:1
calepin	NOUN:1
caler	VERB:7
caleçon	NOUN:1
calibration	NOUN:1
calice	NOUN:1
califat	NOUN:1
calife	NOUN:1
californien	NOUN:1	ADJ:1
calleux	ADJ:1
calligraphe	NOUN:1
calligraphie	NOUN:1
calmar	NOUN:1
calme	ADJ:1	NOUN:1
calmer	VERB:1
calmos	INTJ:1
calomnie	NOUN:1
calomnier	VERB:1
calorie	NOUN:1
calorifique	ADJ:1
calorique	ADJ:1
calot	NOUN:1
calotte	NOUN:1
calque	NOUN:1
calquer	VERB:1
calumet	NOUN:1
calvaire	NOUN:1
calvinisme	NOUN:1
calviniste	ADJ:1
calvitie	NOUN:1
calèche	NOUN:1
camarade	NOUN:1
camargue	NOUN:1
camaïeu	NOUN:1
cambodge	PROPN:1
cambodgien	NOUN:1	ADJ:1
cambrien	ADJ:1	NOUN:1
cambriolage	NOUN:1
cambrioler	VERB:1
cambrioleur	NOUN:1
came	NOUN:1
camelote	NOUN:1
camembert	NOUN:2
cameroun	PROPN:1
camerounais	NOUN:1	ADJ:1
camion	NOUN:1
camionnette	NOUN:1
camionneur	NOUN:1
camisole	NOUN:1
camomille	NOUN:1
camouflage	NOUN:1
camoufler	VERB:1
camp	NOUN:4
campagne	NOUN:2
campagnol	NOUN:1
campanile	NOUN:1
campement	NOUN:1
camper	VERB:1
camphre	NOUN:1
campus	NOUN:1
camée	NOUN:1
camélia	NOUN:1
caméléon	NOUN:1
caméo	NOUN:1
caméra	NOUN:1
caméraman	NOUN:1
canada	PROPN:1
canadair	NOUN:1
canadian	NOUN:1
canadien	NOUN:1	ADJ:1
canaille	X:1
canal	NOUN:1
canalisation	NOUN:1
canaliser	VERB:1
canapé	NOUN:1
canard	NOUN:3
canari	NOUN:1	ADJ:1
canaria	NOUN:1
cancan	NOUN:1
cancer	PROPN:1
cancéreux	ADJ:1
cancérigène	ADJ:1
cancérogène	ADJ:1
cancérologue	NOUN:1
candace	NOUN:1
candela	NOUN:1
candeur	NOUN:1
candidat	NOUN:1
candidater	VERB:1
candidature	NOUN:1
canette	NOUN:1
caniche	NOUN:1
canicule	NOUN:1
canidé	ADJ:1
canif	NOUN:1
canin	ADJ:1
canine	NOUN:1
caniveau	NOUN:1
cannabis	NOUN:1
canne	NOUN:1
canneberge	NOUN:1
cannelle	ADJ:1	NOUN:1
cannibale	NOUN:1	ADJ:1
cannibalisme	NOUN:1
canon	NOUN:1
canonique	ADJ:1
canonisation	NOUN:1
canonnade	NOUN:1
canopée	NOUN:1
canot	NOUN:1
canoë	NOUN:1
cantal	NOUN:1
cantate	NOUN:1
cantatrice	NOUN:1
cantine	NOUN:1
cantique	NOUN:1
canton	NOUN:1
cantonais	NOUN:1	ADJ:1
cantonnement	NOUN:1
cantonner	VERB:1
cantonnier	NOUN:1
canular	NOUN:1
canyon	NOUN:1
caoutchouc	NOUN:1
cap	NOUN:1
capable	ADJ:2
capacité	NOUN:1
cape	NOUN:1
capharnaüm	NOUN:1
capillaire	ADJ:1
capillarité	NOUN:1
capitaine	NOUN:2
capitainerie	NOUN:1
capital	ADJ:1
capitale	NOUN:1
capitalisation	NOUN:1
capitaliser	VERB:1
capitalisme	NOUN:1
capitaliste	ADJ:1
capitalistique	ADJ:1
capitation	NOUN:1
capitole	NOUN:1
capitulaire	ADJ:1
capitulation	NOUN:1
capitule	NOUN:1
capituler	VERB:1
capoeira	NOUN:1
caporal	NOUN:1
capot	NOUN:1
capote	NOUN:1
capoter	VERB:1
cappuccino	NOUN:1
caprice	NOUN:1
capricieux	ADJ:1
capricorne	PROPN:1	NOUN:1
capsule	NOUN:1
captcha	NOUN:1
capteur	NOUN:1
captieux	ADJ:1
captif	NOUN:1
captivant	ADJ:1
captiver	VERB:1
captivité	NOUN:1
capturer	VERB:1
capuche	NOUN:1
capuchon	NOUN:1
capucin	NOUN:1
capucine	NOUN:1
caquet	NOUN:1
car	CCONJ:1	NOUN:1
carabine	NOUN:1
caracal	NOUN:1
caractère	NOUN:1
caractériel	ADJ:1
caractériser	VERB:1
caractéristique	ADJ:1	NOUN:1
carafe	NOUN:1
caramel	NOUN:1
carapace	NOUN:1
carat	NOUN:1
caravelle	NOUN:1
caraïbe	ADJ:1	NOUN:1
carbonate	NOUN:1
carbone	NOUN:1
carbonifère	ADJ:1	NOUN:1
carbonique	ADJ:1
carburant	NOUN:1
carburateur	NOUN:1
carbure	NOUN:1
carcasse	NOUN:1
carcassonne	PROPN:1
carcinome	NOUN:1
cardamome	NOUN:1
cardan	NOUN:1
carde	NOUN:1
cardiaque	ADJ:1	NOUN:1
cardigan	NOUN:1
cardinal	ADJ:1	NOUN:1
cardiologie	NOUN:1
cardiologue	NOUN:1
cardiovasculaire	ADJ:1
cardon	NOUN:1
carence	NOUN:1
caressant	ADJ:1
caresse	NOUN:1
caresser	VERB:1
carex	NOUN:1
cargaison	NOUN:1
cargo	NOUN:1
cari	NOUN:1
caribou	NOUN:1
caribéen	ADJ:1
caricatural	ADJ:1
caricature	NOUN:1
carie	NOUN:1
carillon	NOUN:1
carine	NOUN:1
carioca	ADJ:1
cariste	NOUN:1
caritatif	ADJ:1
carlin	NOUN:1
carmin	ADJ:1	NOUN:1
carmélite	NOUN:1
carnage	NOUN:1
carnassier	ADJ:1	NOUN:1
carnaval	NOUN:1
carnet	NOUN:1
carnivore	ADJ:1
caroline	PROPN:1
carolingien	ADJ:1
carotide	NOUN:1
carotte	NOUN:1
carotène	NOUN:1
carpe	NOUN:1
carquois	NOUN:1
carreau	NOUN:1
carrefour	NOUN:1
carrelage	NOUN:1
carrick	NOUN:1
carrière	NOUN:1
carrosse	NOUN:1
carrosserie	NOUN:1
carrossier	ADJ:1	NOUN:1
carrousel	NOUN:1
carré	ADJ:1	NOUN:1
cartable	NOUN:1
carte	NOUN:3
cartel	NOUN:1
carthaginois	ADJ:1	NOUN:1
cartilage	NOUN:1
cartographe	NOUN:1
cartographie	NOUN:1
cartographier	VERB:1
cartographique	ADJ:1
carton	NOUN:1
cartouche	NOUN:1
cartésien	ADJ:1
carène	NOUN:1
carême	NOUN:1
cas	NOUN:1
casanier	ADJ:1
casaque	NOUN:1
cascade	NOUN:1
cascadeur	NOUN:1
case	NOUN:1
casemate	NOUN:1
caserne	NOUN:2
casher	ADJ:1
casier	NOUN:1
casino	NOUN:1
casque	NOUN:1
casquer	VERB:1
casquette	NOUN:1
cassandre	PROPN:2
cassation	NOUN:1
casse	NOUN:1
casse-tête	NOUN:1
casser	VERB:1
casserole	NOUN:1
cassette	NOUN:1
cassie	NOUN:1
cassis	NOUN:1
cassonade	NOUN:1
cassure	NOUN:1
cassé	ADJ:1
castagne	NOUN:1
caste	NOUN:1
castillan	ADJ:1	NOUN:1
casting	NOUN:1
castor	NOUN:1
castral	ADJ:1
castration	NOUN:1
castrer	VERB:1
caséine	NOUN:1
cataclysme	NOUN:1
catalan	NOUN:1	ADJ:1
catalogage	NOUN:1
catalogne	NOUN:1
catalogue	NOUN:1
cataloguer	VERB:1
catalyseur	NOUN:1
catamaran	NOUN:1
catapulte	NOUN:1
cataracte	NOUN:1
catastrophe	NOUN:1
catastrophisme	NOUN:1
catch	NOUN:1
catering	NOUN:1
catharsis	NOUN:1
cathartique	ADJ:1
catherine	PROPN:1
cathode	NOUN:1
cathodique	ADJ:1
catholicisme	NOUN:1
catholicité	NOUN:1
catholique	ADJ:1	NOUN:1
cathédrale	NOUN:1
catin	NOUN:1
cation	NOUN:1
catéchisme	NOUN:1
catégorie	NOUN:1
catégorique	ADJ:1
catégoriquement	ADV:1
catégorisation	NOUN:1
catégoriser	VERB:1
caténaire	NOUN:1	ADJ:1
caucasien	NOUN:1	ADJ:1
cauchemar	NOUN:1
cauchois	NOUN:1
caudal	ADJ:1
causalité	NOUN:1
cause	NOUN:1
causer	VERB:1
caustique	ADJ:1
caution	NOUN:1
cautionnement	NOUN:1
cautionner	VERB:1
cavalcade	NOUN:1
cavaler	VERB:1
cavalerie	NOUN:1
cavalier	NOUN:1	ADJ:1
cave	NOUN:2
caverne	NOUN:1
caviar	NOUN:1
cavitation	NOUN:1
cavité	NOUN:1
caïd	NOUN:1
caïman	NOUN:1
cci	X:1
ccm	NOUN:1
cd	X:1
cdi	NOUN:1
ce	DET:1	PRON:1
ceci	PRON:1
cedh	NOUN:1
ceinture	NOUN:1
cela	PRON:1
cellier	NOUN:2
cellophane	NOUN:1
cellulaire	ADJ:1
cellule	NOUN:2
cellulite	NOUN:1
cellulose	NOUN:1
celluloïd	NOUN:1
celte	ADJ:1	NOUN:1
celtique	ADJ:1
celui	PRON:3
celui-ci	PRON:1
celui-là	PRON:1
cendre	NOUN:1
cendrier	NOUN:1
cendrillon	NOUN:1
cendré	ADJ:1
cens	NOUN:1
censure	NOUN:1
censurer	VERB:1
censé	ADJ:1
censément	ADV:1
cent	ADJ:1	NOUN:1
centaine	NOUN:1
centaure	NOUN:1
centenaire	ADJ:1	NOUN:1
centime	NOUN:1
centimètre	NOUN:1
centième	ADJ:1	NOUN:1
centrafricain	NOUN:1
central	ADJ:1
centralisme	NOUN:1
centre	NOUN:1
centre-ville	NOUN:1
centrer	VERB:1
centrifugation	NOUN:1
centrifuge	ADJ:1
centrifugeuse	NOUN:1
centuple	ADJ:1
centurion	NOUN:1
cependant	ADV:2
cerceau	NOUN:1
cercle	NOUN:1
cercueil	NOUN:1
cerdan	ADJ:1
cerf	NOUN:1
cerfeuil	NOUN:1
cerisaie	NOUN:1
cerise	NOUN:1
cerisier	NOUN:1
cern	X:1
cerne	NOUN:1
cerner	VERB:1
certain	ADJ:2	PRON:1
certainement	ADV:1
certes	ADV:1	INTJ:1
certificateur	ADJ:1
certification	NOUN:1
certifier	VERB:1
certitude	NOUN:1
cerveau	NOUN:1
cervelet	NOUN:1
cervelle	NOUN:1
cesser	VERB:1
cessez-le-feu	NOUN:1
cession	NOUN:1
cessionnaire	NOUN:1
ceste	NOUN:2
cet	ADJ:1
ceuta	PROPN:1
ceviche	NOUN:1
cfc	NOUN:1
chablis	NOUN:1
chacal	NOUN:1
chacun	PRON:1
chagrin	NOUN:1
chah	NOUN:1
chahuter	VERB:1
chai	NOUN:1
chair	NOUN:1
chaire	NOUN:1
chaise	NOUN:1
chakra	NOUN:1
chaland	NOUN:1
chalet	NOUN:1
chaleur	NOUN:1
chaleureux	ADJ:1
challenge	NOUN:1
chaloupe	NOUN:1
chalumeau	NOUN:1
chamailler	VERB:1
chamanique	ADJ:1
chambellan	NOUN:1
chambouler	VERB:1
chambranle	NOUN:1
chambre	NOUN:2
chameau	NOUN:1
chamelle	NOUN:1
chamois	NOUN:1
champ	NOUN:2
champagne	NOUN:1
champignon	NOUN:1
champion	NOUN:1
championnat	NOUN:1
champêtre	ADJ:1
chance	NOUN:1
chancelier	NOUN:1
chancellerie	NOUN:1
chanceux	ADJ:1
chancre	NOUN:1
chandail	NOUN:1
chandelier	NOUN:1
chandelle	NOUN:1
chanfrein	NOUN:1
changement	NOUN:1
changer	VERB:1
changeur	NOUN:1
chanoine	NOUN:1
chanson	NOUN:1
chansonnier	NOUN:1
chant	NOUN:1
chantage	NOUN:1
chanter	VERB:1
chanteur	NOUN:1
chanteuse	NOUN:1
chantier	NOUN:1
chantilly	NOUN:1
chantre	NOUN:1
chanvre	NOUN:2
chaos	NOUN:1
chaotique	ADJ:1
chape	NOUN:1
chapeau	NOUN:1	INTJ:1
chapelain	NOUN:1
chapelet	NOUN:2
chapelier	NOUN:1
chapelle	NOUN:2
chapelure	NOUN:1
chaperon	NOUN:3
chapiteau	NOUN:1
chapitre	NOUN:1
chapon	NOUN:1
chaque	ADJ:1
char	NOUN:1
charabia	NOUN:1
charade	NOUN:1
charançon	NOUN:1
charbon	NOUN:1
charbonneau	PROPN:1
charbonnier	NOUN:1
charcuter	VERB:1
charcuterie	NOUN:2
charcutier	NOUN:2
chardon	NOUN:1
chardonneret	NOUN:1
charge	NOUN:8
chargement	NOUN:1
charger	VERB:1
chargeur	NOUN:1
charia	NOUN:1
chariot	NOUN:1
charisme	NOUN:1
charité	NOUN:1
charivari	NOUN:1
charlatan	NOUN:1
charles	PROPN:1
charleston	NOUN:1
charlotte	PROPN:1
charmant	ADJ:1
charme	NOUN:1
charmer	VERB:1
charnel	ADJ:1
charnier	NOUN:1
charnière	NOUN:1
charnu	ADJ:1
charognard	NOUN:1
charogne	NOUN:1
charpenterie	NOUN:1
charpentier	NOUN:1
charpie	NOUN:1
charrette	NOUN:1
charron	NOUN:1
charrue	NOUN:1
charter	NOUN:1
chartreuse	NOUN:1
chartreux	NOUN:1
chas	NOUN:1
chasse	NOUN:1
chasse-neige	NOUN:1
chasser	VERB:1
chasseur	ADJ:1	NOUN:2
chasseur-cueilleur	NOUN:1
chaste	ADJ:1
chasteté	NOUN:1
chasuble	NOUN:1
chat	NOUN:2
chatière	NOUN:1
chaton	NOUN:3
chatouiller	VERB:1
chatouilleux	ADJ:1
chatoyant	ADJ:1
chatte	NOUN:1
chatterton	NOUN:1
chaud	ADJ:3
chaudasse	NOUN:1
chaudement	ADV:1
chaudière	NOUN:1
chaudron	NOUN:1
chaudronnier	NOUN:1
chauffage	NOUN:1
chauffer	VERB:4
chauffeur	NOUN:1
chauffeuse	NOUN:1
chaume	NOUN:1
chaumière	NOUN:1
chausse	NOUN:1
chausser	VERB:1
chaussette	NOUN:1
chausson	NOUN:1
chaussure	NOUN:1
chaussée	NOUN:1
chauve	ADJ:1
chauvinisme	NOUN:1
chaux	NOUN:1
chavisme	NOUN:1
chaviste	ADJ:1	NOUN:1
chaîne	NOUN:1
cheeseburger	NOUN:1
cheesecake	NOUN:1
chef	NOUN:1
chef-d'œuvre	NOUN:1
chefferie	NOUN:1
cheik	NOUN:1
cheikh	NOUN:1
chelou	ADJ:1
chemin	NOUN:1
cheminer	VERB:1
cheminot	NOUN:1
cheminée	NOUN:1
chemise	NOUN:2
chemisier	NOUN:1
chenal	NOUN:1
chenapan	NOUN:1
chenet	NOUN:1
chenil	NOUN:1
chenille	NOUN:1
chenu	ADJ:1
cheptel	NOUN:1
cher	ADJ:2
chercher	VERB:5
chercheur	NOUN:1
cherokee	NOUN:1
cherté	NOUN:1
cheshire	NOUN:1
chester	NOUN:1
cheval	NOUN:1
chevaleresque	ADJ:1
chevalerie	NOUN:1
chevalet	NOUN:1
chevalier	NOUN:1
chevalière	NOUN:1
chevaucher	VERB:2
chevauchée	NOUN:1
chevelu	ADJ:1
chevelure	NOUN:1
chevet	NOUN:1
cheveu	NOUN:1
cheville	NOUN:2
chevreau	NOUN:1
chevrette	NOUN:1
chevreuil	NOUN:1
chevrier	NOUN:1	ADJ:1
chevron	NOUN:1
chevronné	ADJ:1
chez	ADP:5
chialer	VERB:1
chiant	ADJ:1
chic	ADJ:1	NOUN:1
chicane	NOUN:1
chicaner	VERB:1
chicha	NOUN:1
chiche	ADJ:1	INTJ:1
chichi	NOUN:1
chicorée	NOUN:1
chicot	NOUN:1
chien	NOUN:1
chiendent	NOUN:1
chienne	NOUN:1
chier	VERB:1
chiffon	NOUN:4
chiffonnier	NOUN:1
chiffre	NOUN:1
chiffrement	NOUN:1
chiffrer	VERB:1
chignon	NOUN:1
chihuahua	NOUN:1
chiisme	NOUN:1
chiite	ADJ:1	NOUN:1
chikungunya	NOUN:1
chili	PROPN:1
chilien	ADJ:1	NOUN:1
chilienne	NOUN:1
chiller	VERB:1
chimie	NOUN:1
chimio	NOUN:1
chimiothérapie	NOUN:1
chimique	ADJ:1
chimiquement	ADV:1
chimiste	NOUN:1
chimpanzé	NOUN:1
chimère	NOUN:1
chimérique	ADJ:1
chinchilla	NOUN:1
chine	PROPN:1
chinois	ADJ:1	NOUN:1
chinook	NOUN:1
chiot	NOUN:1
chiotte	NOUN:1
chiper	VERB:1
chipoter	VERB:1
chipotle	NOUN:1
chips	NOUN:1
chirurgical	ADJ:1
chirurgicalement	ADV:1
chirurgie	NOUN:1
chirurgien	NOUN:1
chitine	NOUN:1
chlamydia	NOUN:1
chlore	NOUN:1
chlorhydrique	ADJ:1
chlorophylle	NOUN:1
chlorure	NOUN:1
choc	NOUN:1
chochotte	NOUN:1
chocolat	NOUN:2	ADJ:1
chocolaterie	NOUN:1
chocolatier	NOUN:1	ADJ:1
choir	VERB:1
choisir	VERB:1
choix	NOUN:1
cholestérol	NOUN:1
choléra	NOUN:1
chope	NOUN:1
choper	VERB:1
choquant	ADJ:1
choquer	VERB:1
choriste	NOUN:1
chorizo	NOUN:1
chorée	NOUN:1
chorégraphe	NOUN:1
chorégraphie	NOUN:1
chose	NOUN:1
chou	NOUN:2	ADJ:1
choucas	NOUN:1
chouchou	NOUN:1
chouchouter	VERB:1
choucroute	NOUN:1
chouette	NOUN:4	ADJ:2	INTJ:1
choyer	VERB:1
christ	PROPN:1
christian	PROPN:1
christianisme	NOUN:1
christianophobie	NOUN:1
christophe	PROPN:1
chromatine	NOUN:1
chromatique	ADJ:1
chrome	NOUN:1
chromosome	NOUN:1
chromosomique	ADJ:1
chronique	ADJ:1	NOUN:1
chroniqueur	NOUN:1
chronographe	NOUN:1
chronologie	NOUN:1
chronologique	ADJ:1
chronologiquement	ADV:1
chronomètre	NOUN:1
chronométrage	NOUN:1
chrysalide	NOUN:1
chrysanthème	NOUN:1
chrysostome	ADJ:1
chrétien	ADJ:1
chrétienté	NOUN:1
chuchotement	NOUN:1
chuchoter	VERB:1
chum	NOUN:1
chut	INTJ:1
chute	NOUN:1
chutney	NOUN:1
chypre	PROPN:1
chypriote	NOUN:1	ADJ:1
châle	NOUN:1
châssis	NOUN:2
châtaigne	NOUN:1
châtaigneraie	NOUN:1
châtaignier	NOUN:1
châtain	ADJ:1	NOUN:1
château	NOUN:2
châtelain	NOUN:1
chèque	NOUN:1
chèvre	NOUN:3
chèvrefeuille	NOUN:1
chéquier	NOUN:1
chéri	ADJ:1
chérif	NOUN:1
chérubin	NOUN:1
chétif	ADJ:1
chênaie	NOUN:1
chêne	NOUN:1
chômage	NOUN:1
chômer	VERB:1
chômeur	ADJ:1
chœur	NOUN:1
ci-dessus	ADV:1
ciao	INTJ:1
cible	NOUN:1
ciboire	NOUN:1
ciboulette	NOUN:1
cicatrice	NOUN:1
cidre	NOUN:1
ciel	NOUN:1
cierge	NOUN:1
cigale	NOUN:1
cigare	NOUN:1
cigarette	NOUN:1
cigogne	NOUN:1
cil	NOUN:1
ciller	VERB:1
cime	NOUN:1
ciment	NOUN:1
cimenter	VERB:1
cimenterie	NOUN:1
cimeterre	NOUN:1
cimetière	NOUN:1
cimier	NOUN:1
cinabre	NOUN:1	ADJ:1
cinglé	ADJ:1
cinq	NUM:1
cinquante	NUM:1
cinquante-six	ADJ:1	NOUN:1
cinquantenaire	NOUN:1
cinquantième	ADJ:1
cinquième	ADJ:1
cintre	NOUN:1
cintré	ADJ:2
cinéaste	NOUN:1
cinéma	NOUN:1
cinémascope	NOUN:1
cinématographe	NOUN:1
cinématographie	NOUN:1
cinématographique	ADJ:1
cinéphile	ADJ:1	NOUN:1
cinétique	ADJ:1
cirage	X:1	NOUN:1
circadien	ADJ:1
circoncire	VERB:1
circoncision	NOUN:1
circonflexe	ADJ:1	NOUN:1
circonférence	NOUN:1
circonscription	NOUN:1
circonscrire	VERB:1
circonspection	NOUN:1
circonstance	NOUN:1
circonstanciel	ADJ:1
circonstancié	ADJ:1
circulaire	ADJ:1	NOUN:1
circulation	NOUN:1
circulatoire	ADJ:1
circuler	VERB:1
cire	NOUN:1
cirer	VERB:1
cirque	NOUN:1
cirrhose	NOUN:1
cis	ADJ:1
cisaillement	NOUN:1
cisailles	NOUN:1
ciseau	NOUN:1
ciseaux	NOUN:1
ciste	NOUN:1
citadelle	NOUN:1
citadin	ADJ:1
citation	NOUN:1
citer	VERB:1
citerne	NOUN:1
cithare	NOUN:1
citoyen	NOUN:1
citoyenneté	NOUN:1
citrique	NOUN:1
citron	NOUN:1	ADJ:1
citronnelle	NOUN:1
citronnier	NOUN:1
citrouille	ADJ:1	NOUN:1
cité	NOUN:1
cité-état	NOUN:1
civette	NOUN:1
civil	ADJ:1
civilisation	NOUN:1
civiliser	VERB:1
civique	ADJ:1
civisme	NOUN:1
civière	NOUN:1
clair	ADJ:1	ADV:1
clairement	ADV:1
clairière	NOUN:1
clairon	NOUN:1
clairsemé	ADJ:1
clairvoyance	NOUN:1
clamer	VERB:1
clameur	NOUN:1
clamser	VERB:1
clan	NOUN:1
clandestin	ADJ:1	NOUN:1
clandestinement	ADV:1
clandestinité	NOUN:1
clanique	ADJ:1
clapier	NOUN:1
clapotis	NOUN:1
claquement	NOUN:1
claquer	VERB:1
claquette	NOUN:1
clarification	NOUN:1
clarifier	VERB:1
clarinette	NOUN:1
clarinettiste	NOUN:1
clarté	NOUN:1
classe	NOUN:1
classer	VERB:1
classification	NOUN:1
classifier	VERB:1
classique	ADJ:1	NOUN:1
claude	PROPN:2
clause	NOUN:1
claustrophobe	NOUN:1	ADJ:1
claustrophobie	NOUN:1
claveau	NOUN:1
clavecin	NOUN:1
claveciniste	NOUN:1
clavicule	NOUN:1
clavier	NOUN:1
claviériste	NOUN:1
claymore	NOUN:1
clef	NOUN:1
clerc	NOUN:1
clergé	NOUN:1
clic	NOUN:1
cliché	ADJ:1	NOUN:1
client	NOUN:1
clientèle	NOUN:1
clientéliste	ADJ:1
cligner	VERB:1
clignotant	ADJ:1	NOUN:1
clignoter	VERB:1
climat	NOUN:1
climatisation	NOUN:1
climatiser	VERB:1
climatiseur	NOUN:1
climatologie	NOUN:1
climax	NOUN:1
cline	NOUN:1
clinicien	ADJ:1	NOUN:1
clinique	ADJ:1	NOUN:1
clip	NOUN:1
clique	NOUN:1
cliquer	VERB:1
cliquet	NOUN:1
clitoris	NOUN:1
clivant	ADJ:1
cloaque	NOUN:1
clochard	NOUN:1
cloche	NOUN:1
clocher	NOUN:1
clochette	NOUN:1
cloison	NOUN:1
cloisonner	VERB:1
clonage	NOUN:1
clone	NOUN:1
clope	NOUN:1
cloque	NOUN:1
clore	VERB:1
clothilde	PROPN:1
clotilde	PROPN:1
clou	NOUN:1
clouer	VERB:1
clown	NOUN:1
cloître	NOUN:1
club	NOUN:1
clé	NOUN:2
clébard	NOUN:1
clématite	NOUN:1
clémence	NOUN:1
cléricalisme	NOUN:1
clôture	NOUN:1
coaguler	VERB:1
coalition	NOUN:1
coauteur	NOUN:1
cobalt	NOUN:1
cobaye	X:1	NOUN:1
cobra	NOUN:1
coca	NOUN:1
cocarde	NOUN:1
cocasse	ADJ:1
cocaïne	NOUN:1
coccinelle	NOUN:1
coccyx	NOUN:1
coche	NOUN:1
cochenille	NOUN:1
cocher	NOUN:1	VERB:1
cochon	NOUN:1
cochère	NOUN:1
cockpit	NOUN:1
cocktail	NOUN:1
cocon	NOUN:1
cocorico	INTJ:1
cocotier	NOUN:1
cocotte	NOUN:1
cocu	ADJ:1	NOUN:1
code	NOUN:1
codec	NOUN:1
coder	VERB:1
codex	NOUN:1
codification	NOUN:1
codifier	VERB:1
codéine	NOUN:1
coefficient	NOUN:1
coercitif	ADJ:1
coercition	NOUN:1
coexistence	NOUN:1
coexister	VERB:1
coffre	NOUN:1
coffrer	VERB:1
coffret	NOUN:1
cogiter	VERB:1
cognac	NOUN:1
cogner	VERB:1
cognitif	ADJ:1
cognée	NOUN:1
cohabitation	NOUN:1
cohabiter	VERB:1
cohen	NOUN:1
cohorte	NOUN:1
cohue	NOUN:1
cohérence	NOUN:1
cohérent	ADJ:1
cohésion	NOUN:1
coi	ADJ:1
coiffe	NOUN:1
coiffer	VERB:1
coiffeur	NOUN:1
coiffeuse	NOUN:1
coiffure	NOUN:2
coin	NOUN:1
coing	NOUN:1
cojones	NOUN:1
coke	NOUN:1
col	NOUN:2
colette	PROPN:1
colibri	NOUN:1
colin	NOUN:1
colique	ADJ:1	NOUN:1
colis	NOUN:1
colite	NOUN:1
collaborateur	NOUN:1
collaboration	NOUN:1
collaborer	VERB:1
collage	NOUN:1
collation	NOUN:2
colle	NOUN:1
collecter	VERB:1
collectif	ADJ:1	NOUN:1
collection	NOUN:1
collectionner	VERB:1
collectivement	ADV:1
collectivisation	NOUN:1
collectivisme	NOUN:1
collectivité	NOUN:1
collector	ADJ:1
coller	VERB:1
collier	NOUN:1
colline	NOUN:1
collision	NOUN:1
collisionneur	NOUN:1
collocation	NOUN:1
colloque	NOUN:1
collusion	NOUN:1
collyre	NOUN:1
collège	NOUN:1
collègue	NOUN:1
collégial	ADJ:1
colo	NOUN:1
colocataire	NOUN:1
colocation	NOUN:1
colombe	NOUN:1
colombie	PROPN:1
colombien	NOUN:1
colon	NOUN:1
colonel	NOUN:1
colonial	ADJ:1
colonialisme	NOUN:1
colonie	NOUN:1
colonisateur	ADJ:1	NOUN:1
colonisation	NOUN:1
coloniser	VERB:1
colonnade	NOUN:1
colonne	NOUN:1
colorado	PROPN:1
coloration	NOUN:1
colorectal	ADJ:1
colorer	VERB:1
colorier	VERB:1
colorimétrie	NOUN:1
colorimétrique	ADJ:1
coloris	NOUN:1
coloriste	NOUN:1
coloscopie	NOUN:1
colossal	ADJ:1
colosse	NOUN:1
colporter	VERB:2
colporteur	NOUN:1
coltan	NOUN:1
colza	NOUN:1
colère	NOUN:2
coléoptère	ADJ:1	NOUN:1
colérique	ADJ:2
comanche	ADJ:1	NOUN:1
comateux	ADJ:1
combat	NOUN:1
combatif	ADJ:1
combattant	NOUN:1
combattre	VERB:1
combe	NOUN:1
combien	ADV:1
combinatoire	ADJ:1	NOUN:1
combiner	VERB:1
combiné	NOUN:1
comble	NOUN:1
combler	VERB:1
combustible	ADJ:1
combustion	NOUN:1
comeback	NOUN:1
comestible	ADJ:1	NOUN:1
comique	ADJ:1
comite	NOUN:1
comité	NOUN:1
commandant	NOUN:1
commandement	NOUN:1
commander	VERB:1
commandeur	NOUN:1
commanditaire	NOUN:1
commandite	NOUN:1
comme	SCONJ:2	ADV:4
commencement	NOUN:1
commencer	VERB:1
comment	PRON:1
commentaire	NOUN:1
commentateur	NOUN:1
commenter	VERB:1
commerce	NOUN:1
commercer	VERB:1
commercialisation	NOUN:1
commercialiser	VERB:1
commerçant	ADJ:1	NOUN:1
commettant	NOUN:1
commettre	VERB:1
commissaire	NOUN:1
commissariat	NOUN:1
commission	NOUN:1
commissionnaire	NOUN:1
commode	ADJ:2	NOUN:1
commodité	NOUN:1
commodore	NOUN:1
commodément	ADV:1
commun	ADJ:1
communautaire	ADJ:1
communauté	NOUN:1
commune	NOUN:1
communicant	ADJ:1
communicateur	ADJ:1
communicatif	ADJ:1
communication	NOUN:1
communier	VERB:1
communion	NOUN:1
communiquer	VERB:2
communisme	NOUN:1
communiste	ADJ:1	NOUN:1
communément	ADV:1
commutateur	NOUN:1
commuter	VERB:1
commère	NOUN:1
commémoratif	ADJ:1
commémoration	NOUN:1
commémorer	VERB:1
comores	PROPN:1
compacité	NOUN:1
compact	ADJ:1
compagnie	NOUN:1
compagnon	NOUN:2
comparable	ADJ:1
comparaison	NOUN:1
comparateur	NOUN:1
comparatif	ADJ:1
comparativement	ADV:1
comparaître	VERB:1
comparer	VERB:1
compartiment	NOUN:1
comparution	NOUN:1
compas	NOUN:1
compassion	NOUN:1
compatibilité	NOUN:1
compatible	ADJ:1
compatir	VERB:1
compatissant	ADJ:1
compatriote	NOUN:1
compendium	NOUN:1
compensation	NOUN:1
compenser	VERB:1
compilateur	NOUN:1
compilation	NOUN:1
compiler	VERB:1
complainte	NOUN:1
complaire	VERB:1
complaisance	NOUN:1
complaisant	ADJ:1
complet	ADJ:1
complexe	ADJ:1
complexer	VERB:1
complexification	NOUN:1
complexité	NOUN:1
complication	NOUN:1
complice	ADJ:2	NOUN:1
complicité	NOUN:1
compliment	NOUN:1
complimenter	VERB:1
compliquer	VERB:1
compliqué	ADJ:1
complot	NOUN:1
comploter	VERB:1
complotisme	NOUN:1
complètement	ADV:1	NOUN:1
complémentaire	NOUN:1
compléter	VERB:1
complétude	NOUN:1
comportement	NOUN:1
comporter	VERB:1
composant	NOUN:1
composer	VERB:1
compositeur	NOUN:1
composition	NOUN:1
compost	NOUN:1
compostage	NOUN:1
compote	NOUN:1
comprendre	VERB:1
compresse	NOUN:1
compresseur	NOUN:1
compression	NOUN:1
comprimer	VERB:1
compromettre	VERB:1
compromis	ADJ:1	NOUN:1
compréhensible	ADJ:1
compréhension	NOUN:1
comptabiliser	VERB:1
comptabilité	NOUN:1
comptable	NOUN:1
compte	NOUN:1
compter	VERB:3
compteur	NOUN:1
comptoir	NOUN:2
computation	NOUN:1
compère	NOUN:1
compétence	NOUN:1
compétent	ADJ:1
compétition	NOUN:1
compétitivité	NOUN:1
comtal	ADJ:1
comte	NOUN:1
comtesse	NOUN:1
comté	NOUN:1
comète	NOUN:1
comédie	NOUN:1
comédien	NOUN:1
con	NOUN:2	ADJ:4	INTJ:1
concave	ADJ:1
concentrique	ADJ:1
concept	NOUN:1
conception	NOUN:1
conceptuel	ADJ:1
concernant	ADP:1
concerner	VERB:1
concert	NOUN:1
concerter	VERB:1
concertiste	NOUN:1
concession	NOUN:1
concevable	ADJ:1
concevoir	VERB:1
concierge	NOUN:1
conciergerie	NOUN:1
concile	NOUN:1
conciliation	NOUN:1
concilier	VERB:1
concis	ADJ:1
concitoyen	NOUN:1
conclave	NOUN:1
conclure	VERB:1
conclusion	NOUN:1
concombre	NOUN:1
concomitant	ADJ:1
concordance	NOUN:1
concorde	NOUN:1	VERB:2
concorder	VERB:1
concourir	VERB:1
concours	NOUN:1
concret	ADJ:1
concubinage	NOUN:1
concubine	NOUN:1
concupiscence	NOUN:1
concurrence	NOUN:1
concussion	NOUN:1
concéder	VERB:1
condamnation	NOUN:1
condamner	VERB:1
condensateur	NOUN:1
condensation	NOUN:1
condenser	VERB:1
condiment	NOUN:1
condition	NOUN:1
conditionnel	ADJ:1
conditionnement	NOUN:1
conditionner	VERB:1
condom	NOUN:1
condor	NOUN:1
conducteur	NOUN:1
conduction	NOUN:1
conductivité	NOUN:1
conduire	VERB:1
conduite	NOUN:1
confesser	VERB:1
confession	NOUN:1
confessionnal	NOUN:1
confetti	NOUN:1
confiance	NOUN:1
confiant	ADJ:1
confidence	NOUN:1
confident	NOUN:1
confidentialité	NOUN:1
confidentiel	ADJ:1
confier	VERB:1
configuration	NOUN:1
configurer	VERB:1
confinement	NOUN:1
confins	NOUN:1
confirmation	NOUN:1
confirmer	VERB:1
confiscation	NOUN:1
confiscatoire	ADJ:1
confiserie	NOUN:1
confiseur	NOUN:1
confisquer	VERB:1
confiture	NOUN:1
conflictuel	ADJ:1
conflit	NOUN:2
confluence	NOUN:1
confluent	NOUN:1
confondre	VERB:1
conformité	NOUN:1
confort	NOUN:1
confortable	ADJ:1
conforter	VERB:1
confrontation	NOUN:1
confronter	VERB:1
confrère	NOUN:1
confrérie	NOUN:1
confucianisme	NOUN:1
confus	ADJ:1
confusion	NOUN:1
confusément	ADV:1
confédération	NOUN:1
conférence	NOUN:1
conférencier	NOUN:1
conférer	VERB:1
conga	NOUN:1
congeler	VERB:1
congestion	NOUN:1
conglomérat	NOUN:1
congolais	NOUN:1
congrès	NOUN:1
congé	NOUN:1
congélateur	NOUN:1
congélation	NOUN:1
congénère	NOUN:1
conifère	ADJ:1	NOUN:1
conique	ADJ:1	NOUN:1
conjecture	NOUN:1
conjoint	NOUN:1
conjointement	ADV:1
conjonction	NOUN:1
conjonctivite	NOUN:1
conjugaison	NOUN:1
conjugal	ADJ:1
conjuguer	VERB:1
conjurer	VERB:1
connaissance	NOUN:1
connaisseur	NOUN:1
connard	NOUN:1
connasse	NOUN:1
connaître	VERB:1
connecter	VERB:1
connectique	NOUN:1
connectivité	NOUN:1
connerie	NOUN:1
connexe	ADJ:1
connexion	NOUN:1
connivence	NOUN:1
connotation	NOUN:1
connétable	NOUN:1
conque	NOUN:1
conquistador	NOUN:1
conquérant	NOUN:1
conquérir	VERB:1
conquête	NOUN:1
consacrer	VERB:1
consanguinité	NOUN:1
consciemment	ADV:1
conscience	NOUN:1
consciencieusement	ADV:1
consciencieux	ADJ:1
conscient	ADJ:1
conscientiser	VERB:1
conseil	NOUN:1
conseiller	NOUN:1	VERB:1
consensus	NOUN:1
consentant	ADJ:1
consentement	NOUN:1
consentir	VERB:1
conservateur	NOUN:1
conservation	NOUN:1
conservatisme	NOUN:1
conservatoire	NOUN:1
conserver	VERB:1
considérable	ADJ:1
considération	NOUN:1
considérer	VERB:1
consignation	NOUN:1
consigne	NOUN:1
consigner	VERB:1
consister	VERB:1
consistoire	NOUN:1
consolateur	ADJ:1
consolation	NOUN:1
consoler	VERB:1
consolider	VERB:1
consommateur	NOUN:1
consommation	NOUN:2
consommer	VERB:1
consonance	NOUN:1
consonne	NOUN:1
consort	ADJ:1	NOUN:1
consortium	NOUN:1
conspirateur	ADJ:1
conspiration	NOUN:1
conspirer	VERB:1
constamment	ADV:1
constant	ADJ:1
constatation	NOUN:1
constater	VERB:1
constellation	NOUN:1
consternation	NOUN:1
constipation	NOUN:1
constipé	ADJ:1
constituer	VERB:1
constitutif	ADJ:1
constitution	NOUN:1
constitutionnaliste	NOUN:1
constitutionnalité	NOUN:1
constitutionnel	ADJ:1
constriction	NOUN:1
constructeur	NOUN:1
constructif	ADJ:1
construction	NOUN:1
constructivisme	NOUN:1
construire	VERB:1
consubstantiel	ADJ:1
consulat	NOUN:1
consultant	ADJ:1
consultation	NOUN:1
consulter	VERB:1
consumer	VERB:1
consumérisme	NOUN:1
consumériste	ADJ:1	NOUN:1
consécration	NOUN:1
consécutif	ADJ:1
conséquence	NOUN:1
conséquent	ADJ:1	NOUN:1
contact	NOUN:1
contacter	VERB:1
contagieux	ADJ:1
contagion	NOUN:1
contamination	NOUN:1
contaminer	VERB:1
conte	NOUN:1
contemplatif	ADJ:1
contemplation	NOUN:1
contempler	VERB:1
contemporain	ADJ:1	NOUN:1
contenance	NOUN:1
conteneur	NOUN:1
contenir	VERB:1
content	ADJ:1
contentement	ADV:1	NOUN:1
contenter	VERB:1
contentieux	ADJ:1	NOUN:1
contenu	ADJ:1	NOUN:1
contestataire	ADJ:1
contestation	NOUN:1
contester	VERB:1
conteur	NOUN:1
contexte	NOUN:1
contextualiser	VERB:1
contextuel	ADJ:1
contigu	ADJ:1
continent	ADJ:1	NOUN:1
continental	ADJ:1
contingence	NOUN:1
contingent	ADJ:1
continu	ADJ:1
continuation	NOUN:1
continuel	ADJ:1
continuellement	ADV:1
continuer	VERB:1
continuité	NOUN:1
continuum	NOUN:1
continûment	ADV:1
contondant	ADJ:1
contour	NOUN:1
contournement	NOUN:1
contraceptif	ADJ:1	NOUN:1
contraception	X:1
contracter	VERB:1
contraction	NOUN:1
contractuel	ADJ:1
contracture	NOUN:1
contradiction	NOUN:1
contradictoire	ADJ:1
contraignant	ADJ:1
contraindre	VERB:1
contrainte	NOUN:1
contraire	NOUN:1	ADJ:1
contrairement	ADV:1
contralto	NOUN:1
contrarier	VERB:1
contrarié	ADJ:1
contrariété	NOUN:1
contraste	NOUN:1
contraster	VERB:1
contrat	NOUN:1
contravention	NOUN:1
contre	ADP:2
contre-amiral	NOUN:1
contre-attaque	NOUN:1
contre-la-montre	NOUN:1
contre-révolutionnaire	ADJ:1
contrebandier	NOUN:1
contrebasse	NOUN:1
contrebassiste	NOUN:1
contredire	VERB:1
contrefaire	VERB:1
contrefaçon	NOUN:1
contrefort	NOUN:1
contremaître	NOUN:1
contreplaqué	NOUN:1
contrepoids	NOUN:1
contrepoint	NOUN:1
contrepèterie	NOUN:1
contrer	VERB:3
contresens	NOUN:1
contretemps	NOUN:1
contrevenir	VERB:1
contribuable	NOUN:1
contribuer	VERB:1
contributeur	ADJ:1	NOUN:1
contribution	NOUN:1
contrit	ADJ:1
contrition	NOUN:1
controverse	NOUN:1
contrée	NOUN:1
contrôlable	ADJ:1
contrôle	NOUN:1
contrôler	VERB:1
contrôleur	NOUN:1
contumace	NOUN:1
contusion	NOUN:1
convaincant	ADJ:1
convaincre	VERB:1
convalescence	NOUN:1
convalescent	ADJ:1
convection	NOUN:1
convenable	ADJ:1
convenablement	ADV:1
convenance	NOUN:1
convenir	VERB:1
convention	NOUN:1
conventionnel	ADJ:1
convergence	NOUN:1
converger	VERB:1
conversation	NOUN:1
converser	VERB:1
conversion	NOUN:1
convertible	ADJ:1
convertir	VERB:1
convertisseur	NOUN:1
convexe	ADJ:1
conviction	NOUN:1
convive	NOUN:1
convivialité	NOUN:1
convocation	NOUN:1
convoi	NOUN:1
convoiter	VERB:1
convoitise	NOUN:1
convoler	VERB:1
convoquer	VERB:1
convoyer	VERB:1
convulsion	NOUN:1
cookie	NOUN:1
coopérant	NOUN:1
coopératif	ADJ:1
coopération	NOUN:1
coopérer	VERB:1
coordination	NOUN:1
coordonnateur	ADJ:1
coordonner	VERB:1
copain	NOUN:1
cope	X:1
copeau	NOUN:1
copenhague	PROPN:1
copie	NOUN:1
copier	VERB:1
copier-coller	VERB:1	NOUN:1
copieur	NOUN:1
copieux	ADJ:1
copilote	NOUN:1
copinage	NOUN:1
copiste	NOUN:1
coppa	NOUN:1
coproduction	NOUN:1
copropriété	NOUN:1
copte	ADJ:1	NOUN:1
copulation	NOUN:1
copule	NOUN:1
copuler	VERB:1
copyright	NOUN:1
copé	PROPN:1
coq	NOUN:1
coque	NOUN:1
coquelicot	NOUN:2
coqueluche	NOUN:1
coquet	ADJ:1
coquetterie	NOUN:1
coquillage	NOUN:1
coquille	NOUN:3
coquin	NOUN:1	ADJ:1
coquine	NOUN:1
cor	NOUN:2
corail	NOUN:1
coranique	ADJ:1
corbeau	NOUN:1
corbeille	NOUN:1
corbillard	NOUN:1
cordage	NOUN:1
corde	NOUN:1
cordeau	NOUN:1
cordial	ADJ:1
cordialement	ADV:1
cordialité	NOUN:1
cordillère	NOUN:1
cordoba	NOUN:1
cordon	NOUN:1
cordonnerie	NOUN:1
cordonnier	NOUN:1
cordoue	PROPN:1
coriandre	NOUN:1
corinthien	ADJ:1
cormier	NOUN:1
cormoran	NOUN:1
cornaline	NOUN:1
corne	NOUN:1
corneille	NOUN:1
cornemuse	NOUN:1
corner	VERB:1	NOUN:1
cornet	NOUN:1
cornette	NOUN:1
corniche	NOUN:1
cornichon	NOUN:1
cornu	PROPN:1
cornue	NOUN:1
cornée	NOUN:1
corollaire	NOUN:1
coronavirus	NOUN:1
corporation	NOUN:1
corporel	ADJ:1
corps	NOUN:3
corpulence	NOUN:1
corpulent	ADJ:1
corpus	NOUN:1
correct	ADJ:1
correctement	ADV:1
correctif	ADJ:1
correction	NOUN:1
correctionnel	ADJ:1
correspondance	NOUN:1
correspondant	ADJ:1
correspondre	VERB:1
corrida	NOUN:1
corridor	NOUN:1
corriger	VERB:1
corroborer	VERB:1
corrompre	VERB:1
corrosif	ADJ:1
corrosion	NOUN:1
corrupteur	NOUN:1	ADJ:1
corruption	NOUN:1
corrélation	NOUN:1
corrélativement	ADV:1
corréler	VERB:1
corsage	NOUN:1
corsaire	NOUN:1
corse	ADJ:1	NOUN:1
corset	NOUN:1
cortex	NOUN:1
cortical	ADJ:1
cortège	NOUN:1
coruscant	ADJ:1
corvette	NOUN:1
corvée	NOUN:1
coréen	ADJ:1	NOUN:1
cosaque	NOUN:1
cosinus	NOUN:1
cosmique	ADJ:1
cosmodrome	NOUN:1
cosmogonie	NOUN:1
cosmographie	NOUN:1
cosmologie	NOUN:1
cosmologique	ADJ:1
cosmonaute	NOUN:1
cosmopolite	NOUN:1	ADJ:1
cosmopolitisme	NOUN:1
cosmos	NOUN:1
cosmétique	ADJ:1	NOUN:1
cosplay	NOUN:1
cosse	NOUN:1
cossu	ADJ:1
costal	ADJ:1
costard	NOUN:1
costaud	ADJ:1
costume	NOUN:1
cotation	NOUN:1
cote	NOUN:1
coteau	NOUN:1
coter	VERB:1
coterie	NOUN:1
cotisation	NOUN:1
cotiser	VERB:1
coton	NOUN:1
cotre	NOUN:1
cotte	NOUN:1
cou	NOUN:1
couac	NOUN:1
couard	ADJ:1
couardise	NOUN:1
couche	NOUN:2
coucher	VERB:1	NOUN:1
coucou	INTJ:2	NOUN:6
coude	NOUN:1
coudre	VERB:1
couette	NOUN:4
cougar	NOUN:1
couille	NOUN:1
couilles	NOUN:1
couillon	ADJ:1	NOUN:1
couillu	ADJ:1
couiner	VERB:1
couler	VERB:1
couleur	NOUN:1
couleuvre	NOUN:1
couloir	NOUN:1
coulomb	NOUN:1
coup	NOUN:2
coupable	ADJ:1
coupant	ADJ:1
coupe	NOUN:1
coupelle	NOUN:1
couper	VERB:1
couperet	NOUN:1
coupeur	ADJ:1
couple	NOUN:2
coupler	VERB:1
coupole	NOUN:1
coupon	NOUN:1
coupure	NOUN:3
coupé	NOUN:1	ADJ:1
cour	NOUN:1
courage	NOUN:2
courageux	ADJ:1
couramment	ADV:1
courant	NOUN:1	ADJ:1
courbe	ADJ:1	NOUN:1
courber	VERB:3
courbure	NOUN:1
courbé	ADJ:1
courge	NOUN:1
courgette	NOUN:1
courir	VERB:1
courlis	NOUN:1
couronne	NOUN:1
couronnement	NOUN:5
couronner	VERB:1
courriel	NOUN:2	ADJ:1
courrier	NOUN:1
courroie	NOUN:1
courroux	NOUN:1
cours	NOUN:1
course	NOUN:4
court	ADJ:2	ADV:2	NOUN:1
court-circuiter	VERB:1
courtage	NOUN:1
courtisan	ADJ:1	NOUN:1
courtiser	VERB:1
courtois	ADJ:1
courtoisie	NOUN:1
couscous	NOUN:1
cousin	NOUN:1
coussin	NOUN:1
couteau	NOUN:1
coutelier	NOUN:1
coutume	NOUN:1
couture	NOUN:1
couturier	NOUN:1
couturière	NOUN:1
couvent	NOUN:3
couver	VERB:1
couvercle	NOUN:1
couvert	ADJ:1	NOUN:1
couverture	NOUN:1
couveuse	NOUN:1
couvre-feu	NOUN:1
couvreur	NOUN:1
couvrir	VERB:1
coyote	NOUN:1
coïncidence	NOUN:1
coïncider	VERB:1
coït	NOUN:1
coût	NOUN:1
coûter	VERB:1
coûteux	ADJ:1
cqfd	INTJ:1
crabe	NOUN:1
crachat	NOUN:1
cracher	VERB:1
crachin	NOUN:1
craie	NOUN:1
craindre	VERB:1
crainte	NOUN:1
craintif	ADJ:1
cramer	VERB:1
cramoisi	ADJ:1	NOUN:1
crampe	NOUN:1
crapaud	NOUN:1
crapuleux	ADJ:1
craquer	VERB:5
crasse	ADJ:1	NOUN:1
crasseux	ADJ:1
cratère	NOUN:1
cravache	NOUN:1
cravacher	VERB:1
cravate	NOUN:1
crayeux	ADJ:1
crayon	NOUN:5
crescendo	NOUN:1
cresson	NOUN:1
creuser	VERB:1
creuset	NOUN:1
creux	ADJ:1	NOUN:2
crevasse	NOUN:1
crever	VERB:1
crevette	NOUN:1
cri	NOUN:1
criard	ADJ:1
criblage	NOUN:1
cric	NOUN:1
crier	VERB:1
crime	NOUN:1
criminalisation	NOUN:1
criminaliser	VERB:1
criminalité	NOUN:1
criminel	ADJ:1	NOUN:1
criminellement	ADV:1
criminologie	NOUN:1
criminologue	NOUN:1
crinière	NOUN:1
crique	NOUN:1
criquet	NOUN:1
crise	NOUN:1
crissement	NOUN:1
crisser	VERB:1
cristal	NOUN:1
cristallin	ADJ:1	NOUN:1
cristallisation	NOUN:1
cristalliser	VERB:1
cristallographie	NOUN:1
critiquable	ADJ:1
critique	ADJ:1	NOUN:1
critiquer	VERB:1
critère	NOUN:1
croate	ADJ:1	NOUN:1
croatie	PROPN:1
croc	NOUN:1
croche	NOUN:1
crochet	NOUN:1
crocheter	VERB:1
crocodile	NOUN:1
crocus	NOUN:1
croire	VERB:2
croisade	NOUN:1
croisement	NOUN:1
croiseur	NOUN:1
croisillon	NOUN:3	ADJ:2
croisière	NOUN:1
croissance	NOUN:1
croissant	ADJ:1	NOUN:1
croisé	ADJ:1	NOUN:1
croix	NOUN:1
croquant	ADJ:1
croque-monsieur	NOUN:1
croquer	VERB:1
croquet	NOUN:1
croquette	NOUN:1
croquis	NOUN:1
crosse	NOUN:1
crotale	NOUN:1
croton	NOUN:1
crottin	NOUN:1
crotté	ADJ:4
crouler	VERB:1
croupe	NOUN:1
croupier	NOUN:1
croupion	NOUN:1
croustillant	ADJ:1
croyable	ADJ:1
croyance	NOUN:1
croître	VERB:1
croûte	NOUN:3
croûton	NOUN:1
cru	ADJ:1
cruauté	NOUN:1
cruche	NOUN:1
crucial	ADJ:2
crucifier	VERB:1
crucifix	NOUN:1
crucifixion	NOUN:1
cruciforme	ADJ:1
crue	NOUN:1
cruel	ADJ:1
cruellement	ADV:1
crush	NOUN:1
crustacé	NOUN:1
cruzeiro	NOUN:1
crypte	NOUN:1
cryptique	ADJ:1
cryptogramme	NOUN:1
cryptographie	NOUN:1
cryptographique	ADJ:1
cryptomonnaie	NOUN:1
crâne	NOUN:1
crânien	ADJ:1
crèche	NOUN:1
crème	NOUN:1
crèmerie	NOUN:1
créance	NOUN:1
créancier	NOUN:1
créateur	ADJ:1
créatine	NOUN:1
créatinine	NOUN:1
création	NOUN:1
créationnisme	NOUN:1
créature	NOUN:1
crédibilité	NOUN:1
crédit	NOUN:1
créditeur	NOUN:1
crédo	NOUN:1
crédulité	NOUN:1
créer	VERB:1
crémaillère	NOUN:1
crémation	NOUN:1
crématoire	ADJ:1
crématorium	NOUN:1
crémeux	ADJ:1
créneau	NOUN:1
créole	NOUN:1	ADJ:1
crépi	NOUN:1
crépu	ADJ:1
crépusculaire	ADJ:1
crépuscule	NOUN:1
crétacé	NOUN:1
crétin	ADJ:1
crétois	ADJ:1	NOUN:1
crêpe	NOUN:3
crêperie	NOUN:1
crête	NOUN:1
csv	NOUN:1
cta	X:1
cuba	PROPN:1
cubain	ADJ:1	NOUN:1
cube	NOUN:1
cubique	ADJ:1
cubitus	NOUN:1
cucul	ADJ:1
cueillir	VERB:1
cuiller	NOUN:1
cuillerée	NOUN:1
cuillère	NOUN:1
cuir	NOUN:1
cuirasse	NOUN:1
cuirassé	NOUN:1
cuire	VERB:1
cuisine	NOUN:1
cuisiner	VERB:1
cuisinier	NOUN:1
cuisinière	NOUN:1
cuisse	NOUN:1
cuisson	NOUN:1
cuit	ADJ:1
cuivre	NOUN:2
cuivré	ADJ:1
cul	NOUN:6	ADJ:1
cul-de-sac	NOUN:1
culasse	NOUN:1
culbuter	VERB:1
culinaire	ADJ:1
culminer	VERB:1
culot	NOUN:1
culotte	NOUN:1
culpabilisation	NOUN:1
culpabilité	NOUN:1
culte	ADJ:1	NOUN:1
cultissime	ADJ:1
cultivable	ADJ:1
cultivateur	NOUN:1
cultiver	VERB:1
cultuel	ADJ:1
culture	NOUN:1
culturel	ADJ:1
culturellement	ADV:1
culturisme	NOUN:1
culturiste	ADJ:1
culée	NOUN:1
cumbia	NOUN:1
cumin	NOUN:1
cumul	NOUN:1
cumulatif	ADJ:1
cumulonimbus	NOUN:1
cumulus	NOUN:1
cunnilingus	NOUN:1
cunéiforme	ADJ:1	NOUN:1
cupcake	NOUN:1
cupide	ADJ:2
cupidité	NOUN:1
curage	NOUN:1
curare	NOUN:1
curatif	ADJ:1
curcuma	NOUN:1
cure	NOUN:1
curer	VERB:1
curie	PROPN:1
curieusement	ADV:1
curieux	ADJ:1
curiosité	NOUN:1
curling	NOUN:1
curry	NOUN:1
curseur	NOUN:1
cursive	X:1
cursus	NOUN:1
curé	NOUN:1
customisation	NOUN:1
customiser	VERB:1
cutané	ADJ:1
cute	ADJ:1
cuticule	NOUN:1
cuve	NOUN:1
cuvette	NOUN:1
cv	SYM:1
cyan	NOUN:1
cyanure	NOUN:1
cyberattaque	NOUN:1
cybercriminalité	NOUN:1
cyberharcèlement	NOUN:1
cybernétique	ADJ:1	NOUN:2
cybersécurité	NOUN:1
cyborg	NOUN:1
cyclique	ADJ:1
cyclisme	NOUN:1
cycliste	ADJ:1	NOUN:1
cyclomoteur	NOUN:1
cyclone	NOUN:1
cyclope	NOUN:1
cyclotourisme	NOUN:1
cyclotron	NOUN:1
cygne	NOUN:1
cylindre	NOUN:1
cylindrique	ADJ:1
cynique	ADJ:1
cynisme	NOUN:1
cynégétique	ADJ:1
cyprès	NOUN:1
cyrillique	NOUN:1
cystite	NOUN:1
cytochrome	NOUN:1
cytoplasme	NOUN:1
câble	NOUN:1
câlin	ADJ:2	NOUN:2
câliner	VERB:1
cèdre	NOUN:1
cène	NOUN:1
cèpe	NOUN:1
cé	NOUN:1
cécile	PROPN:1
cécité	NOUN:1
céder	VERB:1
cédille	NOUN:1
céladon	NOUN:1
céleri	NOUN:1
céleste	ADJ:1
célestin	ADJ:1
célestine	NOUN:1
célia	NOUN:1
célibat	NOUN:1
célibataire	NOUN:1	ADJ:1
célèbre	ADJ:1
célébration	NOUN:1
célébrer	VERB:1
célébrissime	ADJ:1
célébrité	NOUN:1
célérité	NOUN:1
cénotaphe	NOUN:1
céphalique	ADJ:1
céphalée	NOUN:1
céramique	ADJ:1	NOUN:1
cérumen	NOUN:1
céréale	NOUN:1
cérébral	ADJ:1
cérémonie	NOUN:1
césarienne	NOUN:1
césarée	PROPN:1
césium	NOUN:1
césure	NOUN:1
cétacé	NOUN:1
côlon	NOUN:1
cône	NOUN:1
côte	NOUN:4
côtelette	NOUN:1
côtier	ADJ:1
côtoyer	VERB:1
côté	NOUN:1
cœliaque	ADJ:1
cœur	NOUN:1
da	PART:1	NOUN:1
dab	NOUN:1
dactylographie	NOUN:1
dada	NOUN:1
dague	NOUN:1
dahir	NOUN:1
dahlia	NOUN:1
dai	ADJ:1	NOUN:1
daigner	VERB:1
daim	NOUN:1
dais	NOUN:1
dalaï-lama	NOUN:1
dalle	NOUN:1
daller	VERB:1
dalmate	ADJ:1	NOUN:1
dalmatien	NOUN:1
daltonien	ADJ:1
damas	NOUN:1
damascène	NOUN:1	ADJ:1
dame	NOUN:5	INTJ:2
damien	PROPN:1
damier	NOUN:1
dandy	NOUN:1
danemark	PROPN:1
danger	NOUN:1
dangereusement	ADV:1
dangereux	ADJ:1
dangerosité	NOUN:1
daniel	PROPN:1
danielle	PROPN:1
danois	ADJ:1	NOUN:1
dans	ADP:1
danse	NOUN:1
danser	VERB:1
danseur	NOUN:1
danube	PROPN:1
daphne	NOUN:1
daphné	NOUN:1
dard	NOUN:1
daron	NOUN:1
darse	NOUN:1
darwinisme	NOUN:1
das	NOUN:1
datation	NOUN:1
date	NOUN:1
dater	VERB:1
datif	NOUN:1
datte	NOUN:1
dauphin	NOUN:1
davantage	ADV:2
dci	NOUN:1
ddt	NOUN:1
de	ADP:5	DET:3
dealer	NOUN:1
dealeur	NOUN:1
debout	ADJ:1	ADV:1
dedans	ADV:1	ADP:1	NOUN:1
degré	NOUN:2
dehors	ADV:1
delarue	PROPN:1
delta	NOUN:1
deltaplane	NOUN:1
demain	ADV:1
demander	VERB:2
demandeur	NOUN:1
demeurer	VERB:1
demi	NOUN:1	ADJ:1
demi-cercle	NOUN:1
demi-finale	NOUN:1
demi-frère	NOUN:1
demi-heure	NOUN:1
demoiselle	NOUN:1
dengue	NOUN:1
denier	NOUN:1
denim	NOUN:1
denis	PROPN:2
denise	PROPN:1
denrée	NOUN:1
dense	ADJ:1
densité	NOUN:1
dent	NOUN:1
dentaire	ADJ:1
dental	ADJ:1
dentelle	NOUN:1
dentifrice	NOUN:1
dentiste	NOUN:1
dentition	NOUN:1
depardieu	PROPN:1
depuis	ADP:1	ADV:1
derechef	ADV:1
dermatite	NOUN:1
dermatologie	NOUN:1
dermatologue	NOUN:1
derme	NOUN:1
dernier	ADJ:1
dernièrement	ADV:1
derrière	ADV:4	NOUN:2
derviche	NOUN:1
des	DET:1	X:1
desbordes	PROPN:1
descendance	NOUN:1
descendant	NOUN:1
descendre	VERB:1
descente	NOUN:1
deschamps	PROPN:1
description	NOUN:1
desiderata	NOUN:1
designer	VERB:1
despote	NOUN:1
despotique	ADJ:1
despotisme	NOUN:1
dessalement	NOUN:1
dessein	NOUN:1
desserrer	VERB:1
dessert	NOUN:1
dessin	NOUN:1
dessinateur	NOUN:1
dessiner	VERB:1
dessous	ADV:2	ADP:1	NOUN:1
dessus	ADV:2
dessèchement	NOUN:1
dessécher	VERB:1
destin	NOUN:1
destinataire	NOUN:1
destination	NOUN:1
destiner	VERB:1
destituer	VERB:1
destroyer	NOUN:1
destructif	ADJ:1
destruction	NOUN:1
dette	NOUN:1
deuil	NOUN:1
deutérium	NOUN:1
deux	NUM:1	ADJ:1	NOUN:1
deux-cents	NOUN:1
deux-roues	NOUN:1
deuxième	ADJ:1	NOUN:1
devancer	VERB:1
devant	ADV:2
devanture	NOUN:1
devenir	VERB:1	NOUN:1
devin	NOUN:1
deviner	VERB:1
devinette	NOUN:1
devis	NOUN:1
devise	NOUN:1
devoir	NOUN:1
dextre	ADJ:1
dextérité	NOUN:1
dharma	NOUN:1
diable	NOUN:1
diablement	ADV:1
diablesse	NOUN:3
diablotin	NOUN:1
diabolique	ADJ:1
diabolisation	NOUN:1
diabète	NOUN:1
diabétique	ADJ:2
diachronique	ADJ:1
diaconat	NOUN:1
diacre	NOUN:1
diadème	NOUN:1
diagnostic	NOUN:1
diagnostique	ADJ:1
diagnostiquer	VERB:1
diagonal	ADJ:1
diagonale	NOUN:1
diagramme	NOUN:1
dialectal	ADJ:1
dialecte	NOUN:1
dialectique	ADJ:1	NOUN:1
dialogue	NOUN:1
dialoguer	VERB:1
dialyse	NOUN:1
diamant	NOUN:1
diamètre	NOUN:1
diane	PROPN:1
diapason	NOUN:1
diaphane	ADJ:1
diaphragme	NOUN:1
diapo	NOUN:1
diaporama	NOUN:1
diapositive	NOUN:1
diarrhée	NOUN:1
diaspora	NOUN:1
diatribe	NOUN:1
dichotomie	NOUN:1
dictateur	NOUN:1
dictatorial	ADJ:1
dictature	NOUN:1
dicter	VERB:1
dictionnaire	NOUN:1
dicton	NOUN:1
didactique	ADJ:1	NOUN:1
didier	PROPN:1
dieu	NOUN:1
diffamation	NOUN:1
diffamer	VERB:1
difficile	ADJ:1
difficilement	ADV:1
difficulté	NOUN:1
difforme	ADJ:1
diffraction	NOUN:1
diffuser	VERB:1
diffuseur	NOUN:1
diffusion	NOUN:1
différence	NOUN:1
différenciation	NOUN:1
différencier	VERB:1
différencié	ADJ:1
différent	ADJ:1
différentiation	NOUN:1
différer	VERB:1
digestif	ADJ:1	NOUN:1
digital	ADJ:1
digitale	NOUN:1
digne	ADJ:1
dignement	ADV:1
dignitaire	NOUN:1
dignité	NOUN:1
digression	NOUN:1
digue	NOUN:1
digérer	VERB:1
dihydrogène	NOUN:1
dilapider	VERB:1
dilatation	NOUN:1
dilemme	NOUN:1
dilettante	NOUN:1
diligence	NOUN:1
diligent	ADJ:1
diluer	VERB:1
dimanche	NOUN:1
dimension	NOUN:1
dimensionnement	NOUN:1
diminuer	VERB:1
diminutif	NOUN:1
diminution	NOUN:1
dimorphisme	NOUN:1
dinar	NOUN:1
dinde	NOUN:1
dindon	NOUN:1
diner	VERB:1
dingo	NOUN:1
dingue	ADJ:1
dinosaure	NOUN:1
diocèse	NOUN:1
diocésain	ADJ:1
diode	NOUN:1
diorama	NOUN:1
dioxyde	NOUN:1
dioxygène	NOUN:1
diphtongue	NOUN:1
diphtérie	NOUN:1
diplomate	NOUN:1
diplomatie	NOUN:1
diplomatique	ADJ:1	NOUN:1
diplôme	NOUN:1
diptyque	NOUN:1
dire	VERB:1
direct	ADJ:1
directement	ADV:1
directeur	NOUN:1
direction	NOUN:1
directive	NOUN:1
directrice	NOUN:1
dirigeable	NOUN:1	ADJ:1
dirigeant	ADJ:1	NOUN:3
diriger	VERB:1
dirlo	NOUN:1
discerner	VERB:1
disciple	NOUN:1
disciplinaire	ADJ:1	NOUN:1
discipline	NOUN:1
disco	NOUN:1
discographie	NOUN:1
discontinu	ADJ:1
discorde	NOUN:1
discothèque	NOUN:1
discours	NOUN:1
discret	ADJ:1
discriminant	NOUN:1
discrimination	NOUN:1
discriminatoire	ADJ:1
discriminer	VERB:1
discrètement	ADV:1
discrédit	NOUN:1
discréditer	VERB:1
discrétion	NOUN:1
discrétionnaire	ADJ:1
disculper	VERB:1
discussion	NOUN:1
discutable	ADJ:1
discuter	VERB:2
disette	NOUN:1
disgracieux	ADJ:1
disjoncteur	NOUN:1
disloquer	VERB:1
disparate	ADJ:1	NOUN:1
disparaître	VERB:1
disparition	NOUN:1
dispendieux	ADJ:1
dispensaire	NOUN:1
dispensation	NOUN:1
dispenser	VERB:1
disperser	VERB:1
disponibilité	NOUN:1
disponible	ADJ:1
dispos	ADJ:1
disposer	VERB:1
dispositif	NOUN:1
disposition	NOUN:1
disproportion	NOUN:1
disproportionné	ADJ:1
disputer	VERB:1
disqualification	NOUN:1
disqualifier	VERB:1
disque	NOUN:1
disquette	NOUN:1
disruption	NOUN:1
dissection	NOUN:1
dissension	NOUN:1
dissertation	NOUN:1
disserter	VERB:1
dissidence	NOUN:1
dissident	NOUN:1
dissimulation	NOUN:1
dissimuler	VERB:1
dissipation	NOUN:1
dissiper	VERB:1
dissociation	NOUN:1
dissocier	VERB:1
dissolution	NOUN:1
dissolvant	ADJ:1	NOUN:1
dissonance	NOUN:1
dissoudre	VERB:1
dissuader	VERB:1
dissuasif	ADJ:1
dissuasion	NOUN:1
disséminer	VERB:1
disséquer	VERB:1
distance	NOUN:1
distancer	VERB:1
distanciation	NOUN:1
distant	ADJ:1
distillation	NOUN:1
distiller	VERB:1
distinct	ADJ:1
distinctement	ADV:1
distinctif	ADJ:1
distinction	NOUN:1
distinguer	VERB:1
distorsion	NOUN:1
distraction	NOUN:1
distraire	VERB:1
distrait	ADJ:1
distribuer	VERB:1
distributeur	NOUN:1
distribution	NOUN:1
distributrice	NOUN:1
district	NOUN:1
dithyrambique	ADJ:1
diurétique	ADJ:1
diva	NOUN:1
divaguer	VERB:1
divan	NOUN:1
divergence	NOUN:1
divergent	ADJ:1
diverger	VERB:1
divers	ADJ:1
diversement	ADV:1
diversifier	VERB:1
diversion	NOUN:1
diversité	NOUN:1
divertir	VERB:1
divertissant	ADJ:1
divertissement	NOUN:1
dividende	NOUN:1
divin	ADJ:1
divination	NOUN:1
divinement	ADV:1
divinité	NOUN:1
diviser	VERB:1
diviseur	NOUN:1
divisible	ADJ:1
division	NOUN:1
divo	NOUN:1
divorce	NOUN:2
divulgation	NOUN:1
divulguer	VERB:1
dix	NUM:1
dix-huit	NUM:1
dix-neuf	NUM:1
dix-neuvième	ADJ:1	NOUN:1
dix-sept	NUM:1
dix-septième	ADJ:1	NOUN:1
dixième	ADJ:1	NOUN:1
dizaine	NOUN:1
dièse	NOUN:1	ADJ:1
diète	NOUN:1
diététique	ADJ:1	NOUN:1
dj	NOUN:1
djeddah	PROPN:1
djellaba	NOUN:1
djibouti	PROPN:1
djihad	NOUN:1
djihadiste	ADJ:1	NOUN:1
djinn	NOUN:1
dns	X:1
do	NOUN:1
doberman	NOUN:1
docile	ADJ:1
docilité	NOUN:1
dock	NOUN:1
docker	NOUN:1
docte	ADJ:1
docteur	NOUN:1
doctorant	NOUN:1
doctorat	NOUN:1
doctrine	NOUN:1
document	NOUN:1
documentaire	ADJ:1	NOUN:1
documentaliste	NOUN:1
documentariste	NOUN:1
documentation	NOUN:1
documenter	VERB:1
dodo	NOUN:1
dodu	ADJ:1
doge	NOUN:1
dogmatique	ADJ:1	NOUN:1
dogmatisme	NOUN:1
dogme	NOUN:1
dogon	ADJ:1
dogue	NOUN:1
doigt	NOUN:1
doigter	VERB:1
doigté	NOUN:1
dol	NOUN:1
dollar	NOUN:1
dolmen	NOUN:1
dolomie	NOUN:1
dolomite	NOUN:1
dom	NOUN:1
domaine	NOUN:1
domestication	NOUN:1
domesticité	NOUN:1
domestique	NOUN:1
domestiquer	VERB:1
domicile	NOUN:1
domicilier	VERB:1
domination	NOUN:1
dominer	VERB:1
dominicain	ADJ:1	NOUN:1
dominique	PROPN:3
domino	NOUN:1
dommage	NOUN:1	INTJ:1
dommages-intérêts	NOUN:1
domotique	NOUN:1
dompter	VERB:1
donataire	NOUN:1
donateur	NOUN:1
donation	NOUN:1
donc	CCONJ:1
donjon	NOUN:1
donner	VERB:1
donneur	NOUN:1
dont	PRON:3
dopage	NOUN:1
dopamine	NOUN:1
dorade	NOUN:1
dorer	VERB:1
dorique	ADJ:1
dorloter	VERB:1
dormir	VERB:1
dorothée	PROPN:1
dorsal	ADJ:1
dortoir	NOUN:1
doré	ADJ:1	NOUN:2
dorénavant	ADV:1
dos	NOUN:1
dose	NOUN:1
doser	VERB:1
dossard	NOUN:2
dossier	NOUN:3
dot	NOUN:1
douaire	NOUN:1
douairière	NOUN:1
douane	NOUN:1
douanier	NOUN:1
douar	NOUN:1
doublage	NOUN:1
double	ADJ:1	NOUN:1
doublement	ADV:1
doubler	VERB:1
doublet	NOUN:1
doubleur	NOUN:1
doublon	NOUN:2
doublure	NOUN:1
doucement	ADV:1
douceur	NOUN:1
douche	NOUN:1
doucher	VERB:1
douleur	NOUN:1
douloureusement	ADV:1
douloureux	ADJ:1
doum	NOUN:1
doute	NOUN:1
douter	VERB:1
douteux	ADJ:1
douve	NOUN:1
doux	ADJ:2
douzaine	NOUN:1
douze	NUM:1
douzième	ADJ:1	NOUN:1
doué	ADJ:1
doxa	NOUN:1
doyen	NOUN:1
doyenne	NOUN:1
drachme	NOUN:1
draconien	ADJ:1
dragage	NOUN:1
dragon	NOUN:1
dragonne	NOUN:3
drague	NOUN:1
draguer	VERB:1
dragueur	NOUN:1
dragée	NOUN:1
drainage	NOUN:1
drainer	VERB:1
drama	NOUN:1
dramatique	ADJ:1
dramatiser	VERB:1
dramaturge	NOUN:1
dramaturgie	NOUN:1
drap	NOUN:1
drapeau	NOUN:1
drapier	NOUN:1
drastique	ADJ:1
dressage	NOUN:1
dresser	VERB:1
dresseur	NOUN:1
dressé	ADJ:1
dreyfus	PROPN:1
drh	NOUN:1
dribble	NOUN:1
dribbler	VERB:1
drill	NOUN:1
driver	NOUN:1
drogue	NOUN:1
droguer	VERB:1
droguerie	NOUN:1
droit	ADJ:2	NOUN:1
droite	NOUN:1
droitier	ADJ:1
droitisation	NOUN:1
droiture	NOUN:1
dromadaire	NOUN:1
drone	NOUN:1
dru	ADJ:1
druide	NOUN:1
druidique	ADJ:1
drôle	ADJ:4
ds	NOUN:1
du	X:1
dub	NOUN:1
dubitatif	ADJ:1
dubois	PROPN:1
dubstep	NOUN:1
duc	NOUN:1
ducal	ADJ:1
ducat	NOUN:1
duchesse	NOUN:1
duché	NOUN:1
ducoup	ADV:1
dudit	X:1
duel	NOUN:1
dufresne	PROPN:1
dulcinée	NOUN:1
dumas	PROPN:1
dumont	PROPN:1
dune	NOUN:1
duodénum	NOUN:1
duper	VERB:1
duperie	NOUN:1
duplex	NOUN:1
duplication	NOUN:1
duplicité	NOUN:1
dupliquer	VERB:1
duquel	X:1
dur	ADJ:1
durable	ADJ:1
durablement	ADV:1
durand	PROPN:1
durant	ADP:1
durcir	VERB:1
durement	ADV:2
durer	VERB:1
dureté	NOUN:1
durian	NOUN:1
durite	NOUN:1
duro	NOUN:1
duroc	NOUN:1
durée	NOUN:1
duvet	NOUN:2
dynamique	ADJ:1
dynamiser	VERB:1
dynamisme	NOUN:1
dynamiter	VERB:1
dynastie	NOUN:1
dynastique	ADJ:1
dysenterie	NOUN:1
dysfonction	NOUN:1
dysfonctionnel	ADJ:1
dysfonctionnement	NOUN:1
dyslexie	NOUN:1
dyslexique	ADJ:1	NOUN:1
dyspepsie	NOUN:1
dysplasie	NOUN:1
dyspnée	NOUN:1
dystopie	NOUN:1
dès	ADP:2
dé	NOUN:3
déambulateur	NOUN:1
déambulatoire	NOUN:1
déballer	VERB:1
débarcadère	NOUN:1
débardeur	NOUN:1
débarquer	VERB:1
débarrasser	VERB:1
débat	NOUN:1
débattre	VERB:1
débauche	NOUN:1
débaucher	VERB:1
débile	ADJ:3	NOUN:2
débilité	NOUN:1
débit	NOUN:1
débiter	VERB:1
débiteur	NOUN:1
déblatérer	VERB:1
déblayer	VERB:1
débonnaire	ADJ:3
déborder	VERB:3
déboucher	VERB:1
débourser	VERB:1
débraillé	ADJ:1
débrancher	VERB:1
débrider	VERB:1
débris	NOUN:1
débrouillard	ADJ:1
débrouiller	VERB:1
début	NOUN:2
débutant	NOUN:1
débuter	VERB:1
débâcle	NOUN:1
décade	NOUN:2
décadence	NOUN:1
décaler	VERB:1
décalogue	NOUN:1
décamper	VERB:1
décanter	VERB:1
décapant	ADJ:1
décapitation	NOUN:1
décapiter	VERB:1
décapotable	ADJ:1	NOUN:1
décapsuleur	NOUN:1
décathlon	NOUN:1
déceler	VERB:1
décembre	NOUN:1
décence	NOUN:1
décennie	NOUN:1
décent	ADJ:1
décentralisation	NOUN:1
déception	NOUN:2
décerner	VERB:1
décevant	ADJ:1
décevoir	VERB:1
déchanter	VERB:1
décharge	NOUN:1
déchargement	NOUN:1
décharger	VERB:1
décharné	ADJ:1
déchausser	VERB:1
déchaînement	NOUN:1
déchaîner	VERB:1
déchet	NOUN:2
déchiffrage	NOUN:1
déchiffrer	VERB:1
déchiqueter	VERB:1
déchirer	VERB:3
déchirure	NOUN:1
déchoir	VERB:1
déchristianisation	NOUN:1
déchèterie	NOUN:1
déchéance	NOUN:1
décider	VERB:1
décile	NOUN:1
décimal	ADJ:1	NOUN:1
décimer	VERB:1
décisif	ADJ:1
décision	NOUN:3
décisionnel	ADJ:1
déclamation	NOUN:1
déclamer	VERB:1
déclaration	NOUN:1
déclarer	VERB:1
déclenchement	NOUN:1
déclencher	VERB:1
déclin	NOUN:1
déclinaison	NOUN:1
déclinant	ADJ:1
déclivité	NOUN:1
décocher	VERB:1
décoder	VERB:1
décodeur	NOUN:1
décoiffer	VERB:1
décollage	NOUN:1
décoller	VERB:1
décolleté	NOUN:1
décolonisation	NOUN:1
décolorer	VERB:1
décombres	NOUN:1
décompensation	NOUN:1
décomposer	VERB:1
décomposition	NOUN:1
déconcertant	ADJ:1
déconcerter	VERB:1
décongeler	VERB:1
décongestionner	VERB:1
déconnecter	VERB:1
déconner	VERB:1
déconnexion	NOUN:1
déconseiller	VERB:1
déconvenue	NOUN:2
décor	NOUN:1
décorateur	NOUN:1
décoratif	ADJ:1
décoration	NOUN:1
décorer	VERB:1
décortiquer	VERB:1
décorum	NOUN:1
découdre	VERB:1
découler	VERB:2
découpage	NOUN:1
découper	VERB:1
découragement	NOUN:1
décourager	VERB:1
découverte	NOUN:1
découvrir	VERB:1
décrier	VERB:1
décrire	VERB:1
décrochage	NOUN:1
décrocher	VERB:1
décroissance	NOUN:1
décroissant	ADJ:1
décroître	VERB:1
décryptage	NOUN:1
décrédibiliser	VERB:1
décrépit	ADJ:1
décrépitude	NOUN:1
décréter	VERB:1
décuple	ADJ:1
décès	NOUN:1
décéder	VERB:1
décélération	NOUN:1
dédaigner	VERB:1
dédaigneux	ADJ:1
dédain	NOUN:1
dédale	NOUN:1
dédicace	NOUN:1
dédicacer	VERB:1
dédier	VERB:1
dédommager	VERB:1
dédouanement	NOUN:1
dédramatiser	VERB:1
déduction	NOUN:1
déduire	VERB:1
déesse	NOUN:2
défaillance	NOUN:1
défaillant	ADJ:1
défaillir	VERB:1
défaire	VERB:1
défaite	NOUN:1
défaitisme	NOUN:1
défaitiste	ADJ:1	NOUN:1
défausser	VERB:1
défaut	NOUN:1
défavorable	ADJ:1
défavorablement	ADV:1
défavorisé	ADJ:1
défection	NOUN:1
défectueux	ADJ:1
défendeur	NOUN:1
défendre	VERB:1
défense	NOUN:1
défenseur	NOUN:2
défensif	ADJ:1
déferler	VERB:1
défi	NOUN:1
défiance	NOUN:1
défibrillateur	NOUN:1
déficience	NOUN:1
déficient	ADJ:1
défier	VERB:1
défigurer	VERB:1
défiler	VERB:1
défilé	NOUN:1
définir	VERB:1
définitif	ADJ:1
définition	NOUN:1
définitivement	ADV:1
déflagration	NOUN:1
déflation	NOUN:1
défoncer	VERB:1
déforestation	NOUN:1
déformation	NOUN:1
déformer	VERB:1
défouler	VERB:1
défricher	VERB:1
défunt	ADJ:1	NOUN:1
défécation	NOUN:1
déféquer	VERB:1
déférence	NOUN:1
déférer	VERB:1
dégager	VERB:1
dégaine	NOUN:1
dégainer	VERB:1
dégeler	VERB:1
déglinguer	VERB:1
dégonfler	VERB:1
dégoter	VERB:1
dégourdi	ADJ:1
dégourdir	VERB:1
dégoût	NOUN:1
dégoûtant	ADJ:1	NOUN:1
dégoûter	VERB:1
dégradation	NOUN:1
dégrader	VERB:1
dégraissage	NOUN:1
déguerpir	VERB:1
dégueulasse	ADJ:3	NOUN:1
déguisement	NOUN:1
déguiser	VERB:1
dégustation	NOUN:1
dégât	NOUN:1
dégénérer	VERB:1
dégénérescence	NOUN:1
déhancher	VERB:1
déité	NOUN:1
déjeuner	NOUN:1	VERB:1
déjeûner	NOUN:1
déjouer	VERB:1
déjà	ADV:1
délabré	ADJ:1
délai	NOUN:2
délaisser	VERB:1
délateur	NOUN:1
délation	NOUN:1
délayer	VERB:1
délectable	ADJ:1
délectation	NOUN:1
délecter	VERB:1
délester	VERB:1
délibérer	VERB:1
délibéré	ADJ:1
délibérément	ADV:1
délicat	ADJ:1
délicatement	ADV:1
délicatesse	NOUN:1
délicieusement	ADV:1
délicieux	ADJ:1
délier	VERB:1
délimitation	NOUN:1
délimiter	VERB:1
délinquance	NOUN:1
délinquant	ADJ:1	NOUN:1
délirant	ADJ:1
délire	NOUN:1
délit	NOUN:1
délivrance	NOUN:1
délivrer	VERB:1
délocalisation	NOUN:1
délocaliser	VERB:1
déloyal	ADJ:1
déluge	NOUN:2
délégation	NOUN:1
délégitimer	VERB:1
déléguer	VERB:1
délégué	NOUN:1
délétère	ADJ:1
démangeaison	NOUN:1
démanteler	VERB:1
démarcation	NOUN:1
démarche	NOUN:1
démarquer	VERB:1
démarrage	NOUN:1
démarrer	VERB:1
démasquer	VERB:1
démembrement	NOUN:1
démembrer	VERB:1
démence	NOUN:1
démenti	NOUN:1
démentiel	ADJ:1
démesuré	ADJ:1
démettre	VERB:1
déminage	NOUN:1
démineur	NOUN:1
démission	NOUN:1
démissionnaire	ADJ:1
démissionner	VERB:1
démiurge	NOUN:1
démocrate	NOUN:1
démocratie	NOUN:1
démocratique	ADJ:1
démocratiquement	ADV:1
démocratisation	NOUN:1
démodé	ADJ:1
démographe	NOUN:1
démographique	ADJ:1
démographiquement	ADV:1
démolir	VERB:1
démolition	NOUN:1
démon	NOUN:1
démonstratif	ADJ:1
démonstration	NOUN:1
démontable	ADJ:1
démontage	NOUN:1
démonter	VERB:1
démontrable	ADJ:1
démontrer	VERB:1
démoraliser	VERB:1
démotivation	NOUN:1
démotiver	VERB:1
démultiplier	VERB:1
démystifier	VERB:1
déménagement	NOUN:1
déménager	VERB:1
déménageur	NOUN:1
déméter	PROPN:1
démêler	VERB:1
déni	NOUN:1
dénicher	VERB:1
dénier	VERB:1
dénigrement	NOUN:1
dénigrer	VERB:1
dénivellation	NOUN:1
dénombrable	ADJ:1
dénominateur	NOUN:1
dénomination	NOUN:1
dénoncer	VERB:1
dénonciateur	NOUN:1
dénonciation	NOUN:1
dénouement	NOUN:2
dénouer	VERB:1
dénucléarisation	NOUN:1
dénuder	VERB:1
dénuement	NOUN:1
dénutrition	NOUN:1
déontologie	NOUN:1
dépanner	VERB:1
dépanneur	NOUN:1
dépanneuse	NOUN:1
départ	NOUN:1
départager	VERB:1
département	NOUN:2
départemental	ADJ:1
départir	VERB:1
dépassement	NOUN:1
dépasser	VERB:1
dépaysement	NOUN:2
dépayser	VERB:3
dépecer	VERB:1
dépeindre	VERB:1
dépendance	NOUN:7
dépendre	VERB:1
dépense	NOUN:1
dépenser	VERB:1
dépensier	ADJ:1
déperdition	NOUN:1
dépeuplement	NOUN:1
déphasage	NOUN:1
dépistage	NOUN:1
dépit	NOUN:1
déplacement	NOUN:1
déplacer	VERB:1
déplaire	VERB:1
dépliant	ADJ:1	NOUN:1
déplier	VERB:1
déplorable	ADJ:1
déposant	NOUN:1
déposer	VERB:1
dépositaire	NOUN:1
dépotoir	NOUN:1
dépouille	NOUN:1
dépouiller	VERB:1
dépourvu	ADJ:1
dépravation	NOUN:1
dépravé	ADJ:1
dépressif	ADJ:1	NOUN:1
dépression	NOUN:1
dépressurisation	NOUN:1
déprimant	ADJ:1
déprimer	VERB:1
dépucelage	NOUN:1
dépuceler	VERB:1
députation	NOUN:1
député	NOUN:1
dépénalisation	NOUN:1
dépérir	VERB:1
dépêche	NOUN:1
dépêcher	VERB:1
dépêtrer	VERB:1
dépôt	NOUN:1
déraciner	VERB:1
déradicalisation	NOUN:1
déraillement	NOUN:1
dérailleur	NOUN:1
déraison	NOUN:1
déraisonnable	ADJ:1
déranger	VERB:1
déraper	VERB:1
dérider	VERB:1
dérision	NOUN:1
dérisoire	ADJ:1
dérivation	NOUN:1
dérive	NOUN:1
dériver	VERB:1
dériveur	NOUN:1
dérivée	NOUN:1
dérober	VERB:1
dérogation	NOUN:1
dérouiller	VERB:1
dérouler	VERB:1
déroute	NOUN:1
dérouter	VERB:1
dérèglement	NOUN:1
dérégler	VERB:1
dérégulation	NOUN:1
désaccord	NOUN:1
désacralisation	NOUN:1
désactivation	NOUN:1
désaffection	NOUN:1
désagréable	ADJ:1
désagréablement	ADV:1
désagréger	VERB:1
désaltérer	VERB:1
désamorcer	VERB:1
désamour	NOUN:1
désarmement	NOUN:1
désarmer	VERB:1
désarroi	NOUN:1
désastre	NOUN:1
désastreux	ADJ:1
désavantage	NOUN:1	VERB:4
désemparé	ADJ:1
désenchanté	ADJ:1
désensibilisation	NOUN:1
désert	NOUN:1
déserter	VERB:1
déserteur	NOUN:1
désertification	NOUN:1
désescalade	NOUN:1
désespoir	NOUN:1
désespérance	NOUN:1
désespérant	ADJ:1
désespérer	VERB:1
désespérément	ADV:1
déshabiller	VERB:1
déshabillé	ADJ:1	NOUN:1
désherbage	NOUN:1
désherber	VERB:1
déshonorer	VERB:1
déshydratation	NOUN:1
déshydrater	VERB:1
déshériter	VERB:1
désignation	NOUN:1
désigner	VERB:1
désillusion	NOUN:1
désindustrialisation	NOUN:1
désinence	NOUN:1
désinfectant	ADJ:1	NOUN:1
désinfecter	VERB:1
désinfection	NOUN:1
désinformation	NOUN:1
désinformer	VERB:1
désinscrire	VERB:1
désintoxication	NOUN:1
désintégration	NOUN:1
désintégrer	VERB:1
désintéresser	VERB:1
désintéressé	ADJ:1
désintérêt	NOUN:1
désinvolture	NOUN:1
désir	NOUN:1
désirable	ADJ:1
désirer	VERB:1
désireux	ADJ:1
désistement	NOUN:1
désister	VERB:1
désobéir	VERB:1
désobéissance	NOUN:1
désolation	NOUN:1
désoler	VERB:1
désolé	ADJ:1	INTJ:1
désordonné	ADJ:1
désordre	NOUN:1
désorganisation	NOUN:1
désorganiser	VERB:1
désorientation	NOUN:1
désorienter	VERB:1
désormais	ADV:1
désosser	VERB:1
déstabilisation	NOUN:1
déstabiliser	VERB:1
désuet	ADJ:1
désuétude	NOUN:1
déséquilibre	NOUN:1
déséquilibrer	VERB:1
détachement	NOUN:1
détacher	VERB:1
détail	NOUN:1
détailler	VERB:1
détecteur	NOUN:1
détection	NOUN:1
détective	NOUN:1	X:1
détendre	VERB:1
détenir	VERB:1
détente	NOUN:1
détenteur	NOUN:1
détention	NOUN:1
déterminant	NOUN:1
détermination	NOUN:1
déterminer	VERB:1
déterminisme	NOUN:1
déterministe	ADJ:1
détestable	ADJ:1
détestation	NOUN:1
détester	VERB:3
détonation	NOUN:1
détour	NOUN:1
détourner	VERB:1
détrempe	NOUN:1
détresse	NOUN:1
détriment	NOUN:1
détritus	NOUN:1
détroit	NOUN:1
détruire	VERB:1
détrôner	VERB:1
détériorer	VERB:1
dévaler	VERB:1
dévaliser	VERB:1
dévalorisation	NOUN:1
dévaloriser	VERB:1
dévaluation	NOUN:1
dévaluer	VERB:1
dévastation	NOUN:1
dévaster	VERB:1
développement	NOUN:1
développer	VERB:1
développeur	NOUN:1
déverrouiller	VERB:1
déversement	NOUN:1
déverser	VERB:1
déviation	NOUN:1
dévier	VERB:1
dévisager	VERB:1
dévisser	VERB:1
dévoiler	VERB:1
dévolution	NOUN:1
dévonien	NOUN:1
dévorer	VERB:1
dévot	ADJ:1
dévouement	NOUN:1
dévouer	VERB:1
dévêtir	VERB:1
dîme	NOUN:1
dîner	VERB:1	NOUN:1
dôme	NOUN:1
dûment	ADV:1
e-mail	NOUN:1
ean	NOUN:1
eau	NOUN:1
eau-forte	NOUN:1
ec	X:1
ecchymose	NOUN:1
ecclésial	ADJ:1
ecclésiastique	ADJ:1	NOUN:1
ecstasy	NOUN:1
ectoplasme	NOUN:1
eczéma	NOUN:1
edmond	PROPN:1
edmée	PROPN:1
effacement	NOUN:1
effacer	VERB:1
effaceur	NOUN:1
effaroucher	VERB:1
effectif	ADJ:1	NOUN:1
effectivement	ADV:1
effectuer	VERB:1
effervescence	NOUN:1
effervescent	ADJ:1
effet	NOUN:1
effeuillage	NOUN:1
efficace	ADJ:1
efficacité	NOUN:1
efficience	NOUN:1
efficient	ADJ:1
effigie	NOUN:1
effleurer	VERB:1
effondrement	NOUN:1
effondrer	VERB:1
efforcer	VERB:1
effort	NOUN:1
effraction	NOUN:1
effraie	NOUN:1	VERB:2
effrayant	ADJ:1
effrayer	VERB:1
effriter	VERB:1
effroi	NOUN:1
effronterie	NOUN:1
effronté	ADJ:1	NOUN:1
effrontément	ADV:1
effréné	ADJ:1
efféminé	ADJ:1
el	PRON:1
elfe	NOUN:1
elfique	ADJ:1	NOUN:1
elisabeth	PROPN:1
elle	PRON:1
elles	PRON:1
ellipse	NOUN:1
ellipsoïde	NOUN:1
elliptique	ADJ:1
emballage	NOUN:1
emballer	VERB:1
embarcadère	NOUN:1
embarcation	NOUN:1
embardée	NOUN:1
embarquement	NOUN:1
embarquer	VERB:1
embarras	NOUN:1
embarrasser	VERB:1
embarrassé	ADJ:1
embaucher	VERB:1
embaumer	VERB:1
embellir	VERB:1
emblème	NOUN:1
embobiner	VERB:1
embolie	NOUN:1
embonpoint	NOUN:1
embouchure	NOUN:1
embourber	VERB:1
embouteillage	NOUN:1
embranchement	NOUN:1
embraser	VERB:1
embrasser	VERB:2
embrassé	ADJ:1
embrasure	NOUN:1
embrayage	NOUN:1
embrayer	VERB:1
embrouiller	VERB:1
embryon	NOUN:1
embuscade	NOUN:1
embêtant	ADJ:1
embêter	VERB:1
emmagasiner	VERB:1
emmener	VERB:1
emmerde	NOUN:1
emmerder	VERB:3
emménager	VERB:1
emmêler	VERB:1
emo	NOUN:1
emoji	NOUN:1
empaler	VERB:1
emparer	VERB:1
empathie	NOUN:1
empattement	NOUN:1
empereur	NOUN:1
emphase	NOUN:1
emphatique	ADJ:1
emphysème	X:1	NOUN:1
empiffrer	VERB:1
empilement	NOUN:1
empiler	VERB:1
empire	NOUN:1
empirer	VERB:1
empirique	ADJ:1
empiriquement	ADV:1
empiéter	VERB:1
emplacement	NOUN:1
emplir	VERB:1
emploi	NOUN:5
employabilité	NOUN:1
employer	VERB:1
employeur	NOUN:1
empocher	VERB:1
empoigner	VERB:1
empoisonner	VERB:1
emportement	NOUN:1
emporter	VERB:1
empreinte	NOUN:1
empressement	NOUN:1
empresser	VERB:1
emprise	NOUN:1
emprisonnement	NOUN:1
emprisonner	VERB:1
emprunt	NOUN:1
emprunter	VERB:1
empêchement	NOUN:1
empêcher	VERB:1
en	ADP:5	ADV:1	PRON:2
en-cas	NOUN:1
encadrement	NOUN:1
encadrer	VERB:1
encaisser	VERB:1
enceinte	ADJ:1	NOUN:6
encens	NOUN:1
encenser	VERB:1
encensoir	NOUN:1
encercler	VERB:1
enchantement	NOUN:1
enchanter	VERB:1
enchanteur	ADJ:1	NOUN:1
enchaîner	VERB:2
enchevêtrement	NOUN:1
enchère	NOUN:1
enchérir	VERB:1
enclave	NOUN:1
enclencher	VERB:1
enclin	ADJ:1
enclos	NOUN:1
enclume	NOUN:1
encoche	NOUN:1
encombrer	VERB:1
encore	ADV:4
encouragement	NOUN:1
encourager	VERB:1
encourir	VERB:1
encre	NOUN:1
encrier	NOUN:1
enculer	VERB:1
enculeur	NOUN:1
enculé	NOUN:2	INTJ:1
encyclopédie	NOUN:1
encyclopédique	ADJ:1
encéphale	NOUN:1
encéphalite	NOUN:1
endetter	VERB:1
endiguer	VERB:1
endive	NOUN:1
endocardite	NOUN:1
endocrinologie	NOUN:1
endocrinologue	NOUN:1
endoctrinement	NOUN:1
endoctriner	VERB:1
endogamie	NOUN:1
endogène	ADJ:1
endommagement	NOUN:1
endommager	VERB:1
endomètre	NOUN:1
endométriose	NOUN:1
endormi	ADJ:1
endormir	VERB:1
endormissement	NOUN:1
endoscopie	NOUN:1
endosser	VERB:1
endroit	NOUN:5
enduire	VERB:4
enduit	NOUN:1
endurci	ADJ:1
endurcir	VERB:1
endurer	VERB:1
endémique	ADJ:1
enfance	NOUN:1
enfant	NOUN:2
enfantement	NOUN:1
enfanter	VERB:1
enfantin	ADJ:1
enfer	NOUN:1
enfermement	NOUN:1
enfermer	VERB:2
enfilade	NOUN:1
enfiler	VERB:1
enfin	SCONJ:1
enflammer	VERB:1
enfler	VERB:1
enflure	NOUN:1
enfoiré	ADJ:1
enfoncement	NOUN:1
enfoncer	VERB:1
enfouir	VERB:1
enfourcher	VERB:1
enfourner	VERB:1
enfreindre	VERB:1
enfuir	VERB:1
enfumer	VERB:1
engagement	NOUN:1
engager	VERB:1
engeance	NOUN:1
engendrer	VERB:1
engin	NOUN:2
englober	VERB:1
engloutir	VERB:1
engouement	NOUN:1
engouffrer	VERB:1
engourdi	ADJ:1
engrais	NOUN:1
engraissement	NOUN:1
engraisser	VERB:2
engranger	VERB:1
engrenage	NOUN:1
engrosser	VERB:1
engueuler	VERB:1
enigme	NOUN:1
enivrer	VERB:1
enjamber	VERB:1
enjeu	NOUN:1
enjoindre	VERB:1
enjoliver	VERB:1
enlacer	VERB:3
enlever	VERB:1
enliser	VERB:1
enluminure	NOUN:1
enlèvement	NOUN:2
enne	NOUN:1
ennemi	NOUN:1	ADJ:1
ennui	NOUN:1
ennuyer	VERB:1
ennuyeux	ADJ:1
enorgueillir	VERB:1
enquérir	VERB:1
enquête	NOUN:2
enquêteur	NOUN:1
enraciner	VERB:1
enrager	VERB:1
enregistrer	VERB:1
enrhumer	VERB:1
enrhumé	ADJ:1
enrichir	VERB:1
enrouler	VERB:1
enrôler	VERB:1
ensanglanté	ADJ:1
enseignement	NOUN:1
enseigner	VERB:1
ensemble	ADV:1	NOUN:1
ensemencement	NOUN:1
ensemencer	VERB:1
ensevelir	VERB:1
ensevelissement	NOUN:1
ensoleillement	NOUN:1
ensoleillé	ADJ:1
ensorceler	VERB:1
ensuite	ADV:1
entablement	NOUN:1
entacher	VERB:1
entailler	VERB:1
entamer	VERB:1
entasser	VERB:1
entendement	NOUN:1
entendre	VERB:1
entente	NOUN:1
enter	VERB:1
enterrement	NOUN:1
enterrer	VERB:1
enthalpie	NOUN:1
enthousiasme	NOUN:1
enthousiasmer	VERB:1
enthousiaste	ADJ:1
entier	ADJ:1
entité	NOUN:1
entièrement	ADV:1
entièreté	NOUN:1
entomologie	NOUN:1
entomologique	ADJ:1
entomologiste	NOUN:1
entonner	VERB:1
entonnoir	NOUN:1
entorse	NOUN:1
entourage	NOUN:3
entourer	VERB:1
entracte	NOUN:1
entraider	VERB:1
entrailles	NOUN:1
entrain	NOUN:1
entrainer	VERB:3
entrave	NOUN:1
entraver	VERB:1
entraînement	NOUN:1
entraîner	VERB:1
entraîneur	NOUN:1
entraîneuse	NOUN:1
entre	ADP:1
entre-deux-guerres	NOUN:1
entre-temps	ADV:1
entrecôte	NOUN:1
entrejambe	NOUN:1
entremetteur	NOUN:1
entremise	NOUN:1
entreposer	VERB:1
entreprenant	ADJ:1
entreprendre	VERB:1
entrepreneur	NOUN:1
entrepreneuriat	NOUN:1
entreprise	NOUN:1
entrepôt	NOUN:1
entrer	VERB:1
entresol	NOUN:1
entretemps	ADV:1
entretenir	VERB:1
entretien	NOUN:1
entretuer	VERB:1
entrevoir	VERB:1
entrevue	NOUN:1
entrisme	NOUN:1
entropie	NOUN:1
entrouvert	ADJ:1
entrée	NOUN:1
entériner	VERB:1
entêter	VERB:1
entêté	ADJ:1
envahir	VERB:1
envahissement	NOUN:1
envahisseur	NOUN:1
enveloppant	ADJ:1
enveloppe	NOUN:1
envelopper	VERB:1
envenimer	VERB:1
envergure	NOUN:1
envers	NOUN:2	ADP:2
envie	NOUN:6
envier	VERB:1
envieux	ADJ:1
environ	ADV:1	ADP:1
environnement	NOUN:1
environnemental	ADJ:1
environnementaliste	NOUN:1	ADJ:1
envisager	VERB:1
envoi	NOUN:1
envoler	VERB:1
envoyer	VERB:1
envoyeur	NOUN:1
envoûter	VERB:1
enzo	PROPN:1
enzymatique	ADJ:1
enzyme	NOUN:1
epi	NOUN:1
eps	NOUN:1
erevan	PROPN:1
erg	NOUN:1
ergo	SCONJ:1
ergonomie	NOUN:1
ergonomique	ADJ:1
ergot	NOUN:1
ergothérapeute	NOUN:1
ergothérapie	NOUN:1
ermite	NOUN:1
ernest	PROPN:1
ernestine	PROPN:1
errance	NOUN:1
erratique	ADJ:1
erratum	NOUN:1
errements	NOUN:1
errer	VERB:1
erreur	NOUN:3
erroné	ADJ:1
ers	NOUN:1
ersatz	NOUN:1
esbroufe	NOUN:1
escabeau	NOUN:1
escadre	NOUN:1
escadrille	NOUN:1
escadron	NOUN:1
escalade	NOUN:1
escalader	VERB:1
escalator	NOUN:1
escale	NOUN:1
escalier	NOUN:1
escamoter	VERB:1
escapade	NOUN:1
escape	NOUN:1
escarcelle	NOUN:1
escargot	NOUN:1
escarmouche	NOUN:1
escarpé	ADJ:1
eschatologie	NOUN:1
eschatologique	ADJ:1
esclandre	NOUN:1
esclavage	NOUN:1
esclavagisme	NOUN:1
esclavagiste	ADJ:1	NOUN:1
esclave	NOUN:1
escoffier	VERB:1
escompte	NOUN:1
escompter	VERB:1
escorter	VERB:1
escouade	NOUN:1
escrime	NOUN:1
escrimeur	NOUN:1
escroc	NOUN:1
escroquer	VERB:1
escroquerie	NOUN:1
esdras	NOUN:1
espace	NOUN:1
espacement	NOUN:1
espacer	VERB:1
espadon	NOUN:1
espagne	PROPN:1
espagnol	ADJ:1	NOUN:1
espion	NOUN:1
espionnage	NOUN:1
espionner	VERB:1
espiègle	ADJ:1	NOUN:1
espièglerie	NOUN:1
esplanade	NOUN:1
espoir	NOUN:1
esprit	NOUN:2
espèce	NOUN:1
espérance	NOUN:1
espéranto	NOUN:1
espérer	VERB:1
esquisse	NOUN:3
esquisser	VERB:2
esquive	NOUN:1
esquiver	VERB:1
essai	NOUN:2
essaim	NOUN:1
essaimer	VERB:1
essayer	VERB:1
essayiste	NOUN:1
essence	NOUN:1
essentialisme	NOUN:1
essentiel	ADJ:1
essentiellement	ADV:1
essieu	NOUN:1
essor	NOUN:1
essorer	VERB:1
essouffler	VERB:1
essuyer	VERB:1
establishment	NOUN:1
estacade	NOUN:1
estafette	NOUN:1
estampage	NOUN:1
estampe	NOUN:1
este	ADJ:1
ester	NOUN:1
esther	PROPN:1
esthète	NOUN:1
esthétique	ADJ:1
esthétiquement	ADV:1
estimable	ADJ:1
estimatif	ADJ:1
estimation	NOUN:1
estimer	VERB:5
estival	ADJ:1
estocade	NOUN:1
estomac	NOUN:1
estompe	NOUN:1
estomper	VERB:1
estonie	PROPN:1
estonien	ADJ:1	NOUN:1
estrade	NOUN:1
estragon	NOUN:1
estran	NOUN:1
estuaire	NOUN:1
esturgeon	NOUN:1
et	CCONJ:1
ethernet	NOUN:1
ethnicité	NOUN:1
ethnie	NOUN:1
ethnique	ADJ:1
ethnocentrisme	NOUN:1
ethnographie	NOUN:1
ethnographique	ADJ:1
ethnologie	NOUN:1
ethnologue	NOUN:1
ethos	NOUN:1
eucalyptus	NOUN:1
eucharistie	NOUN:1
eucharistique	ADJ:1
euclidien	ADJ:1
eugénie	PROPN:1
eugénisme	NOUN:1
eunuque	NOUN:1
euphorbe	NOUN:1
euphorie	NOUN:1
euphémisme	NOUN:1
eurasiatique	ADJ:1
eurasie	PROPN:1
euro	NOUN:1
eurodéputé	NOUN:1
europe	PROPN:1
européen	ADJ:1	NOUN:1
européiste	ADJ:1	NOUN:1
eurosceptique	ADJ:1	NOUN:1
eurêka	INTJ:1
euthanasie	NOUN:1
euthanasier	VERB:1
eux-mêmes	PRON:1
exa	X:1
exacerber	VERB:1
exact	ADJ:1
exactement	ADV:1
exagération	NOUN:1
exagérer	VERB:1
exagérément	ADV:1
exalter	VERB:1
examen	NOUN:1
examinateur	NOUN:1
examiner	VERB:1
exaspérant	ADJ:1
exaspérer	VERB:1
exaucer	VERB:1
excavation	NOUN:1
excellence	NOUN:1
excellent	ADJ:1
exceller	VERB:1
excentrique	ADJ:1
exception	NOUN:1
exceptionnel	ADJ:1
excepté	ADP:1
excessif	ADJ:1
excessivement	ADV:1
excision	NOUN:1
excitation	NOUN:1
exciter	VERB:1
excité	ADJ:1
exclamation	NOUN:1
exclamer	VERB:1
exclure	VERB:1
exclusif	ADJ:1
exclusion	NOUN:1
exclusivement	ADV:1
excommunication	NOUN:1
excommunier	VERB:1
excrément	NOUN:1
excrétion	NOUN:1
excursion	NOUN:1
excuse	NOUN:1
excuser	VERB:1
excès	NOUN:1
excédentaire	ADJ:1
excéder	VERB:1
exemplaire	NOUN:1
exemplarité	NOUN:1
exemple	NOUN:1
exempt	ADJ:1
exempter	VERB:1
exemption	NOUN:1
exercer	VERB:1
exercice	NOUN:1
exergue	NOUN:1
exhaustif	ADJ:1
exhaustivité	NOUN:1
exhiber	VERB:1
exhibition	NOUN:1
exhibitionnisme	NOUN:1
exhibitionniste	ADJ:1	NOUN:1
exhortation	NOUN:1
exhorter	VERB:1
exhumation	NOUN:1
exhumer	VERB:1
exigeant	ADJ:1
exigence	NOUN:1
exiger	VERB:1
exigu	ADJ:1
exil	NOUN:1
exiler	VERB:1
existant	ADJ:1
existence	NOUN:1
existentialisme	NOUN:1
existentialiste	NOUN:1
existentiel	ADJ:1
exister	VERB:1
exode	NOUN:1
exogène	ADJ:1
exonération	NOUN:1
exonérer	VERB:1
exoplanète	NOUN:1
exorbitant	ADJ:1
exorcisme	NOUN:1
exorciste	NOUN:1
exosquelette	NOUN:1
exotique	ADJ:1
expansif	ADJ:1
expansion	NOUN:1
expatrier	VERB:1
expatrié	NOUN:1
expert	ADJ:1	NOUN:1
expert-comptable	NOUN:1
expertise	NOUN:1
expiation	NOUN:1
expiatoire	ADJ:1
expier	VERB:1
expiration	NOUN:1
expirer	VERB:1
explication	NOUN:1
explicit	NOUN:1
explicite	ADJ:1
explicitement	ADV:1
expliciter	VERB:1
expliquer	VERB:1
exploit	NOUN:1
exploitant	ADJ:2	NOUN:1
exploitation	NOUN:1
exploiter	VERB:1
exploiteur	NOUN:1
explorateur	NOUN:1
exploration	NOUN:1
explorer	VERB:1
exploser	VERB:1
explosif	ADJ:1	NOUN:1
explosion	NOUN:1
exponentiel	ADJ:1
exportation	NOUN:1
exporter	VERB:1
exposer	VERB:1
exposition	NOUN:1
expres	ADJ:1
express	ADJ:1	NOUN:1
expressif	ADJ:1
expression	NOUN:1
expressionnisme	NOUN:1
expressivité	NOUN:1
expressément	ADV:1
exprimer	VERB:1
exproprier	VERB:1
exprès	ADJ:1	ADV:1
expulser	VERB:1
expulsion	NOUN:1
expédient	NOUN:1
expédier	VERB:1
expéditeur	NOUN:1
expédition	NOUN:1
expérience	NOUN:1
expérimental	ADJ:1
expérimentation	NOUN:1
expérimenter	VERB:1
exquis	ADJ:1
exsangue	ADJ:1
extase	NOUN:1
extasier	VERB:1
extatique	ADJ:1
extensible	ADJ:1
extension	NOUN:1
extermination	NOUN:1
exterminer	VERB:1
externe	ADJ:1
extincteur	NOUN:1
extinction	NOUN:1
extirper	VERB:1
extorquer	VERB:1
extorsion	NOUN:1
extra	ADJ:1	NOUN:1
extraction	NOUN:1
extradition	NOUN:1
extraire	VERB:1
extraordinaire	ADJ:1
extrapolation	NOUN:1
extrapoler	VERB:1
extraterrestre	ADJ:1	NOUN:1
extravagance	NOUN:1
extraverti	ADJ:1
extrémisme	NOUN:1
extrémiste	ADJ:1	NOUN:1
extrémité	NOUN:1
extrême	ADJ:1	NOUN:1
extrême-orient	X:1
extrêmement	ADV:1
extérieur	ADJ:1	NOUN:1
extérieurement	ADV:1
extérioriser	VERB:1
exécrable	ADJ:1
exécutable	ADJ:1
exécuter	VERB:1
exécuteur	NOUN:1
exécutif	ADJ:1	NOUN:1
exécution	NOUN:1
exécutoire	ADJ:1
exégèse	NOUN:1
exégète	NOUN:1
exérèse	NOUN:1
eyraud	PROPN:1
fabian	PROPN:1
fabien	PROPN:1
fable	NOUN:1
fabricant	NOUN:1
fabrication	NOUN:1
fabrique	NOUN:1
fabriquer	VERB:1
fabuleusement	ADV:1
fabuleux	ADJ:1
fabuliste	NOUN:1
fac	NOUN:1
face	NOUN:2
facette	NOUN:1
facho	NOUN:1
fachosphère	NOUN:1
facial	ADJ:1
facile	ADJ:1
facilement	ADV:1
faciliter	VERB:1
facteur	NOUN:1
factorielle	NOUN:1
factuellement	ADV:1
facturation	NOUN:1
facture	NOUN:1
facturer	VERB:1
facultatif	ADJ:1
faculté	NOUN:1
fada	ADJ:1
fade	ADJ:1
fado	NOUN:1
fagot	NOUN:1
faible	ADJ:3
faiblement	ADV:1
faiblesse	NOUN:3
faiblir	VERB:1
faille	NOUN:1
faillible	ADJ:1
faillir	VERB:1
faillite	NOUN:1
faim	NOUN:1
fainéant	ADJ:1
fainéantise	NOUN:1
faire	VERB:8
fairplay	NOUN:1
faisabilité	NOUN:1
faisable	ADJ:1
faisan	NOUN:1
faisceau	NOUN:1
faiseur	NOUN:1
falaise	NOUN:1
fallacieux	ADJ:1
falloir	VERB:1
falsification	NOUN:1
falsifier	VERB:1
fame	NOUN:1
fameux	ADJ:1
familial	ADJ:1
familiarité	NOUN:1
familier	ADJ:2
familièrement	ADV:1
famille	NOUN:1
famine	NOUN:1
famélique	ADJ:1
fanal	NOUN:1
fanatique	ADJ:1
fanatisme	NOUN:1
faner	VERB:1
fanfare	NOUN:1
fanfaron	ADJ:1
fanfaronner	VERB:1
fanfiction	NOUN:1
fange	NOUN:1
fanion	NOUN:1
fanon	NOUN:1
fantaisie	NOUN:1
fantaisiste	ADJ:1
fantasmatique	ADJ:1
fantasme	NOUN:2
fantasmer	VERB:1
fantasque	ADJ:1
fantassin	NOUN:1
fantastique	ADJ:1
fantoche	ADJ:1	NOUN:1
fantomatique	ADJ:2
fantôme	NOUN:1
fanzine	NOUN:1
fao	X:1
faon	NOUN:1
fap	NOUN:1
faq	NOUN:1
faque	ADV:1
farandole	NOUN:1
farce	NOUN:1
farceur	NOUN:1
farcir	VERB:1
fard	NOUN:1
fardeau	NOUN:1
farfadet	NOUN:1
farfelu	ADJ:1
farine	NOUN:1
farouche	ADJ:1
fart	NOUN:1
fasce	VERB:1
fascia	NOUN:1
fascinant	ADJ:1
fascination	NOUN:1
fasciner	VERB:1
fascisme	NOUN:1
fasciste	ADJ:1	NOUN:1
faste	NOUN:1
fastidieux	ADJ:1
fastueux	ADJ:1
fat	ADJ:1
fatal	ADJ:1
fatalisme	NOUN:1
fataliste	ADJ:1
fatalité	NOUN:1
fatidique	ADJ:1
fatigant	ADJ:1
fatigue	NOUN:1
fatiguer	VERB:1
fatwa	NOUN:1
faubourg	NOUN:1
faucher	VERB:1
faucheur	NOUN:1
faucheuse	NOUN:1
faucille	NOUN:1
faucon	NOUN:1
fauconnerie	NOUN:1
fauconnier	NOUN:1
faufiler	VERB:1
faune	NOUN:1
faussaire	NOUN:1
faussement	ADV:1
fausser	VERB:1
fausseté	NOUN:1
faute	NOUN:1
fauteuil	NOUN:2
fautif	ADJ:2
fauve	ADJ:1	NOUN:1
fauvette	NOUN:1
faux	ADJ:1
faux-fruit	NOUN:1
faveur	NOUN:1
favorable	ADJ:1
favorablement	ADV:1
favori	ADJ:1
favoriser	VERB:1
favoritisme	NOUN:1
fax	NOUN:1
fayot	NOUN:1
façade	NOUN:1
façon	NOUN:1
façonner	VERB:1
faîte	NOUN:1
faïence	NOUN:1
fdp	X:1
feedback	NOUN:1
fein	X:1
feindre	VERB:1
feinte	NOUN:1
feldspath	NOUN:1
fellation	NOUN:1
femelle	ADJ:1	NOUN:1
femme	NOUN:2
fendre	VERB:1
fennec	NOUN:1
fenouil	NOUN:1
fente	NOUN:1
fenwick	NOUN:1
fenêtre	NOUN:1
fer	NOUN:1
fermage	NOUN:1
ferme	ADJ:1	INTJ:1	ADV:1	NOUN:3
fermenter	VERB:1
fermer	VERB:1
fermeture	NOUN:1
fermeté	NOUN:1
fermier	ADJ:2	NOUN:1
fermoir	NOUN:1
ferrailleur	NOUN:1
ferrand	PROPN:1
ferrat	PROPN:1
ferrer	VERB:1
ferreux	ADJ:1
ferrite	NOUN:1
ferroviaire	ADJ:1
ferrugineux	ADJ:1
ferrure	NOUN:1
ferry	NOUN:1
ferré	ADJ:1
fertile	ADJ:1
fertilisant	NOUN:1
fertilisation	NOUN:1
fertiliser	VERB:1
fertilité	NOUN:1
ferveur	NOUN:1
fesse	NOUN:2
fesser	VERB:2
fessée	NOUN:1
festif	ADJ:1
festin	NOUN:1
festival	NOUN:1
festivité	NOUN:1
feta	NOUN:1
feu	NOUN:3
feuillage	NOUN:1
feuille	NOUN:1
feuillet	NOUN:1
feuilleter	VERB:1
feuillu	ADJ:1
feuillée	NOUN:1
feutre	NOUN:3
feydeau	PROPN:1
fez	NOUN:1
fi	INTJ:1
fiabilité	NOUN:1
fiacre	NOUN:1
fiancé	NOUN:1
fiançailles	NOUN:1
fiasco	NOUN:1
fibre	NOUN:2
fibreux	ADJ:1
fibrillation	NOUN:1
fibrome	NOUN:1
fibromyalgie	NOUN:1
ficelle	NOUN:1
fiche	NOUN:1
ficher	VERB:1
fichier	NOUN:1
fichtre	INTJ:1	ADV:1
fichu	ADJ:1	NOUN:1
fictif	ADJ:1
fiction	NOUN:1
fiduciaire	ADJ:1
fiducie	NOUN:1
fidèle	ADJ:1	NOUN:1
fidèlement	ADV:1
fidéliser	VERB:1
fidélité	NOUN:1
fief	NOUN:1
fiel	NOUN:2
fiente	NOUN:1
fier	ADJ:2
fierté	NOUN:1
fiesta	NOUN:1
fifre	NOUN:1
figer	VERB:1
figue	NOUN:1
figuier	NOUN:1
figurant	NOUN:1
figurer	VERB:1
figurine	NOUN:1
fil	NOUN:3
filament	NOUN:1
filature	NOUN:1
file	NOUN:1
filer	VERB:1
filet	NOUN:2
filial	ADJ:1
filiale	ADJ:1
filiation	NOUN:1
filiforme	ADJ:1
filigrane	NOUN:1
filière	NOUN:1
fille	NOUN:2
fillette	NOUN:1
filleul	NOUN:1
filleule	NOUN:1
fillon	PROPN:1
film	NOUN:1
filmer	VERB:1
filmographie	NOUN:1
filon	NOUN:1
fils	NOUN:1
filtration	NOUN:1
filtre	NOUN:1
filtrer	VERB:1
fin	NOUN:1
final	ADJ:1
finale	NOUN:1
finalement	ADV:1
finaliser	VERB:1
finaliste	ADJ:1	NOUN:1
finalité	NOUN:1
financement	NOUN:1
financer	VERB:1
financeur	NOUN:1
financiarisation	NOUN:1
financier	ADJ:1	NOUN:1
financièrement	ADV:1
finesse	NOUN:1
finir	VERB:1
finition	NOUN:1
finitude	NOUN:1
finlandais	ADJ:1	NOUN:1
finlande	PROPN:1
finnois	ADJ:1	NOUN:1
fiole	NOUN:4
fioul	NOUN:1
fir	X:1
firmament	NOUN:1
firmin	PROPN:1
fisc	NOUN:1
fiscal	ADJ:1
fiscalité	NOUN:1
fission	NOUN:1
fissuration	NOUN:1
fissure	NOUN:1
fister	VERB:1
fistule	NOUN:1
fiv	NOUN:1
fixe	ADJ:2	NOUN:2	INTJ:1
fixement	ADV:1
fixer	VERB:1
fièvre	NOUN:2
fiévreux	ADJ:1
fjord	NOUN:1
flacon	NOUN:1
flagellation	NOUN:1
flagelle	NOUN:1
flageller	VERB:1
flagrance	NOUN:1
flagrant	ADJ:1
flair	NOUN:2
flairer	VERB:1
flamand	ADJ:1	NOUN:1
flamant	NOUN:1
flamber	VERB:1
flamboyant	ADJ:1	NOUN:1
flambée	NOUN:1
flamenca	NOUN:1
flamenco	NOUN:1
flamme	NOUN:1
flan	NOUN:1
flanc	NOUN:1
flanelle	NOUN:1
flaque	NOUN:1
flash	NOUN:1
flashmob	NOUN:1
flashy	ADJ:1
flasque	ADJ:1
flatter	VERB:2
flatterie	NOUN:1
flatteur	ADJ:1	NOUN:1
flegmatique	ADJ:3
flegme	NOUN:1
flemmard	ADJ:1	NOUN:1
flemme	NOUN:1
fleur	NOUN:2
fleuret	NOUN:1
fleurette	PROPN:1
fleuri	ADJ:1
fleurir	VERB:3
fleurissement	NOUN:1
fleuriste	NOUN:1
fleuron	NOUN:1
fleuve	NOUN:1
flexibilité	NOUN:1
flexible	ADJ:1
flexion	NOUN:1
flibustier	NOUN:1
flic	NOUN:1
flipper	NOUN:1
flirt	NOUN:2
flirter	VERB:1
flocon	NOUN:1
floraison	NOUN:1
floral	ADJ:1
flore	NOUN:1
florence	PROPN:2
florent	PROPN:1
florentin	ADJ:1	NOUN:1
florette	PROPN:1
florilège	NOUN:1
florin	NOUN:1
floréal	NOUN:1
flot	NOUN:1
flotte	NOUN:1	X:1
flotter	VERB:1
flottille	NOUN:1
flou	ADJ:2
fluctuation	NOUN:1
fluctuer	VERB:1
fluence	NOUN:1
fluffy	ADJ:1
fluide	ADJ:1	NOUN:1
fluidité	NOUN:1
fluor	NOUN:1
fluorure	NOUN:1
fluvial	ADJ:1
flux	NOUN:1
flâner	VERB:1
flânerie	NOUN:1
flâneur	NOUN:1
flèche	NOUN:1
fléau	NOUN:1
fléchette	NOUN:1
fléchir	VERB:1
flétan	NOUN:1
flétrir	VERB:1
flûte	NOUN:1
flûtiste	NOUN:1
fmi	NOUN:1
foc	NOUN:1
focal	ADJ:1
focaliser	VERB:1
focus	NOUN:1
fofo	NOUN:1
foi	NOUN:1
foie	NOUN:1
foin	NOUN:1
foire	NOUN:3
fois	NOUN:1
foix	PROPN:1
foliaire	ADJ:1
folie	NOUN:1
folk	NOUN:1
folklore	NOUN:1
folklorique	ADJ:1
follement	ADV:1
follower	NOUN:1	VERB:1
fomenter	VERB:1
foncer	VERB:1
fonceur	NOUN:1
fonction	NOUN:1
fonctionnaire	NOUN:1
fonctionnalité	NOUN:1
fonctionnel	ADJ:1
fonctionnement	NOUN:1
fonctionner	VERB:1
foncé	ADJ:1
fond	NOUN:1
fondamental	ADJ:1
fondamentalement	ADV:1
fondateur	NOUN:1
fondation	NOUN:1
fondement	NOUN:1
fonder	VERB:2
fonderie	NOUN:1
fondre	VERB:1
fonds	NOUN:1
fondu	ADJ:1	NOUN:1
fondue	NOUN:1
fongicide	ADJ:1
fontaine	PROPN:1
fonte	NOUN:4
football	NOUN:1
footballeur	NOUN:1
footballistique	ADJ:1
footing	NOUN:1
for	NOUN:1
forain	ADJ:1
foramen	NOUN:1
force	NOUN:1
forcené	ADJ:2
forceps	NOUN:1
forcer	VERB:1
forer	VERB:1
foresterie	NOUN:1
forestier	ADJ:1
foret	NOUN:1
forfait	NOUN:4
forge	NOUN:1
forger	VERB:1
forgeron	NOUN:1
formaldéhyde	NOUN:1
formalité	NOUN:1
format	NOUN:1
formater	VERB:1
formateur	ADJ:1
formation	NOUN:1
forme	NOUN:1
formel	ADJ:1
former	VERB:1
formica	NOUN:1
formidable	ADJ:1
formidablement	ADV:1
formol	NOUN:1
formose	ADJ:1
formulaire	NOUN:1
formulation	NOUN:1
formule	NOUN:1
fornication	NOUN:1
forniquer	VERB:1
fors	ADP:1
fort	ADJ:1	NOUN:1
fortement	ADV:1
forteresse	NOUN:1
fortification	NOUN:1
fortifier	VERB:1
fortuit	ADJ:1
fortune	NOUN:2
fortuné	ADJ:1
forum	NOUN:1
forçat	NOUN:1
forêt	NOUN:1
fosse	NOUN:1
fossette	NOUN:1
fossile	ADJ:1	NOUN:1
fossoyeur	NOUN:1
fossé	NOUN:1
fou	ADJ:1	NOUN:2
foucher	PROPN:1
foudre	NOUN:1
foudroyer	VERB:1
fouet	NOUN:1
fouetter	VERB:1
fougue	NOUN:1
fougueux	ADJ:1
fougère	NOUN:1
fouille	NOUN:1
fouiller	VERB:1
fouillis	NOUN:1
fouine	NOUN:1
fouineur	ADJ:1
foule	NOUN:1
fouler	VERB:1
foulon	NOUN:1
foulé	ADJ:1
foulée	NOUN:1
four	NOUN:1
fourbe	ADJ:1	NOUN:1
fourberie	NOUN:1
fourche	NOUN:1
fourchette	NOUN:4
fourgon	NOUN:1
fourgonnette	NOUN:1
fourmi	NOUN:1
fourmilière	NOUN:1
fourmillement	NOUN:1
fournaise	NOUN:1
fourneau	NOUN:1
fourneyron	PROPN:1
fournier	PROPN:1
fournil	NOUN:1
fournir	VERB:1
fournisseur	ADJ:1
fourniture	NOUN:3
fournée	NOUN:1
fourreau	NOUN:1
fourrer	VERB:1
fourrure	NOUN:1
fourré	NOUN:1
foutoir	NOUN:1
foutre	VERB:2
foutu	ADJ:1
foyer	NOUN:4
fr	NOUN:1
frac	NOUN:1
fracas	NOUN:1
fracasser	VERB:1
fractal	ADJ:1
fractale	NOUN:1
fraction	NOUN:1
fractionner	VERB:1
fracturation	NOUN:1
fracture	NOUN:1
fracturer	VERB:1
fragile	ADJ:1
fragilité	NOUN:1
fragment	NOUN:1
fragmentaire	ADJ:1
fragmentation	NOUN:1
fragmenter	VERB:1
fragrance	NOUN:1
frais	ADJ:1	NOUN:1
fraise	NOUN:1
fraisier	NOUN:1
framboise	NOUN:1
franc	ADJ:1	NOUN:1	ADV:1
franc-maçon	ADJ:1	NOUN:1
franc-tireur	NOUN:1
france	PROPN:2
franchement	ADV:1
franchir	VERB:1
franchise	NOUN:2
franchissement	NOUN:1
franchouillard	ADJ:1
francisation	NOUN:1
franciscain	ADJ:1	NOUN:1
franciser	VERB:1
franco-provençal	NOUN:1
francophile	ADJ:1
francophone	ADJ:1
francophonie	NOUN:1
frange	NOUN:1
frangin	NOUN:1
frangine	NOUN:1
frangipane	NOUN:1
franquisme	NOUN:1
franquiste	NOUN:1
français	ADJ:1	NOUN:1
françois	PROPN:1
françoise	PROPN:1
frapper	VERB:3
fraternel	ADJ:1
fraternellement	ADV:1
fraternisation	NOUN:1
fraterniser	VERB:1
fraternité	NOUN:1
fratricide	ADJ:1	NOUN:1
fraude	NOUN:1
frauder	VERB:1
frayer	VERB:1
frayeur	NOUN:2
fraîchement	ADV:1
fraîcheur	NOUN:1
fredonner	VERB:1
frein	NOUN:1
freinage	NOUN:1
freiner	VERB:1
frelaté	ADJ:1
frelon	NOUN:1
fresque	NOUN:1
fret	NOUN:1
frette	NOUN:1
freudien	ADJ:1
friable	ADJ:1
friand	ADJ:1
friandise	NOUN:1
fribourg	PROPN:2
fric	NOUN:1
friche	NOUN:1
friction	NOUN:1
frigide	ADJ:1
frigo	NOUN:1
frileux	ADJ:1
frimaire	NOUN:1
frimer	VERB:1
frimousse	NOUN:1
fripon	ADJ:1
fripouille	NOUN:1
frire	VERB:1
frise	NOUN:1
friser	VERB:1
frison	ADJ:1	NOUN:1
frisson	NOUN:1
frissonner	VERB:1
frite	NOUN:1
friteuse	NOUN:1
friture	NOUN:1
frivole	ADJ:1
frivolité	NOUN:1
froid	ADJ:1
froidement	ADV:1
froideur	NOUN:1
froissement	NOUN:1
froisser	VERB:2
fromage	NOUN:3
fromager	ADJ:1	NOUN:3
fromagerie	NOUN:1
froment	NOUN:1
fronce	NOUN:1
froncer	VERB:1
fronde	NOUN:1
frondeur	NOUN:1
front	NOUN:1
frontal	NOUN:1
frontalier	ADJ:1
frontispice	NOUN:1
frontière	NOUN:1
fronton	NOUN:1
frottement	NOUN:1
frotter	VERB:1
frottis	NOUN:1
fructidor	NOUN:1
fructification	NOUN:1
fructifier	VERB:1
fructose	NOUN:1
fructueux	ADJ:1
frugal	ADJ:1
frugalité	NOUN:1
fruit	NOUN:1
fruitier	ADJ:1	NOUN:1
fruité	ADJ:1
fruste	ADJ:1
frustration	NOUN:1
frustrer	VERB:1
frustré	ADJ:1
frère	NOUN:1
frédéric	PROPN:1
frégate	NOUN:1
frémir	VERB:1
frénésie	NOUN:1
frénétique	ADJ:1
fréquemment	ADV:1
fréquence	NOUN:1
fréquent	ADJ:1
fréquenter	VERB:1
frérot	NOUN:1
frêle	ADJ:1
frêne	NOUN:1
frôler	VERB:1
fsf	X:1
fsh	X:1
ftth	NOUN:1
fuchsia	NOUN:1
fugace	ADJ:1
fugitif	ADJ:1
fuguer	VERB:1
fuir	VERB:1
fuite	NOUN:1
fulgurance	NOUN:1
fulgurant	ADJ:1
fumer	VERB:1
fumet	NOUN:1
fumeur	NOUN:1
fumeux	ADJ:1
fumier	NOUN:1
fumigène	NOUN:1
fumée	NOUN:1
funeste	ADJ:1
funiculaire	NOUN:1
furet	NOUN:1
fureter	VERB:1
fureur	NOUN:1
furie	NOUN:1
furieusement	ADV:1
furieux	ADJ:1
furoncle	NOUN:1
furry	NOUN:1
furtif	ADJ:1
furtivement	ADV:1
furtivité	NOUN:1
fusain	NOUN:1
fuseau	NOUN:1
fuselage	NOUN:1
fusible	ADJ:1	NOUN:1
fusil	NOUN:1
fusilier	NOUN:1
fusillade	NOUN:1
fusiller	VERB:2
fusion	NOUN:1
fusionner	VERB:1
fustiger	VERB:1
fusée	NOUN:1
futaie	NOUN:1
futile	ADJ:1
futilité	NOUN:1
futsal	NOUN:1
futur	ADJ:1	NOUN:1
futurisme	NOUN:1
futuriste	ADJ:1	NOUN:1
futé	ADJ:1
fâcher	VERB:2
fâché	ADJ:1
fèces	NOUN:1
fève	NOUN:1
fébrile	ADJ:1
fécond	ADJ:1
fécondation	NOUN:1
féconder	VERB:1
fécondité	NOUN:1
fécule	NOUN:1
fédéral	ADJ:1
fédéralisme	NOUN:1
fédération	NOUN:1
fédérer	VERB:1
fée	NOUN:1
féerique	ADJ:1
félicitation	NOUN:1
féliciter	VERB:1
félin	ADJ:1	NOUN:1
félonie	NOUN:1
féminin	ADJ:1
féminisation	NOUN:1
féminiser	VERB:1
féminisme	NOUN:1
féministe	ADJ:1	NOUN:1
féminité	NOUN:1
fémoral	ADJ:1
fémur	NOUN:1
féodal	ADJ:1
féodalisme	NOUN:1
féodalité	NOUN:1
férir	VERB:1
férié	ADJ:1
féroce	ADJ:1
férocement	ADV:1
férocité	NOUN:1
férule	NOUN:1
fétiche	NOUN:1
fétichisme	NOUN:1
fétide	ADJ:1
février	NOUN:1
fêlure	NOUN:1
fêlé	ADJ:1
fêtard	ADJ:1
fête	NOUN:1
fêter	VERB:2
fœtus	NOUN:1
gabart	PROPN:1
gabelle	NOUN:1
gabon	PROPN:1
gabonais	ADJ:1	NOUN:1
gaffe	NOUN:1
gaga	ADJ:1
gage	NOUN:1
gager	VERB:1
gagner	VERB:1
gai	ADJ:1
gaiement	ADV:1
gaieté	NOUN:1
gaillard	ADJ:1	NOUN:1
gaillarde	NOUN:1
gaine	NOUN:1
gal	NOUN:1
galactique	ADJ:1	NOUN:1
galactose	NOUN:1
galant	ADJ:1
galanterie	NOUN:1
galates	NOUN:1
galaxie	NOUN:1
gale	NOUN:1
galerie	NOUN:1
galeriste	NOUN:1
galet	NOUN:1
galicien	NOUN:1	ADJ:1
galilée	NOUN:1
galiléen	ADJ:1
galimatias	NOUN:1
galion	NOUN:1
galle	NOUN:1
gallium	NOUN:1
gallo	NOUN:1
gallois	PROPN:1
gallon	NOUN:1
galoche	NOUN:1
galon	NOUN:1
galop	NOUN:1
galoper	VERB:1
galvanique	ADJ:1
galène	NOUN:1
galère	NOUN:1
galérien	NOUN:2
gambader	VERB:1
gambie	PROPN:1
gambit	NOUN:1
gamin	ADJ:1	NOUN:1
gamma	NOUN:1
gamme	NOUN:1
ganache	NOUN:1
ganga	NOUN:1
ganglion	NOUN:1
gangrène	NOUN:1
gangster	NOUN:1
gangue	NOUN:1
gant	NOUN:1
gantelet	NOUN:1
garage	NOUN:1
garance	NOUN:1
garantie	NOUN:1
garantir	VERB:1
garce	NOUN:1
garcin	PROPN:1
garde	NOUN:1
garder	VERB:1
garderie	NOUN:1
gardien	NOUN:1
gardiennage	NOUN:3
gardon	NOUN:1
gare	NOUN:1
garenne	NOUN:1
garer	VERB:1
gargariser	VERB:1
gargouille	NOUN:1
gari	NOUN:1
garnir	VERB:1
garnison	NOUN:1
garniture	NOUN:1
garou	NOUN:1
garrot	NOUN:1
gars	NOUN:1
garçon	NOUN:2
garçonnet	NOUN:1
gascon	NOUN:1
gasoil	NOUN:1
gaspacho	NOUN:1
gaspard	PROPN:1
gaspillage	NOUN:1
gaspiller	VERB:1
gast	INTJ:1
gaston	PROPN:1
gastrite	NOUN:1
gastronome	NOUN:1
gastronomie	NOUN:1
gastronomique	ADJ:1
gaubert	PROPN:1
gauche	ADJ:4	NOUN:2
gaucher	ADJ:1
gauchiste	NOUN:1	ADJ:1
gaucho	NOUN:1
gaude	NOUN:1
gaudens	PROPN:1
gaufre	NOUN:1
gaufrier	NOUN:1
gaule	NOUN:1
gauler	VERB:1
gaullisme	NOUN:1
gaulliste	ADJ:1	NOUN:1
gaulois	ADJ:1	NOUN:1
gaver	VERB:1
gay	ADJ:1
gaz	NOUN:1
gazage	NOUN:1
gaze	NOUN:1
gazelle	NOUN:1
gazer	VERB:1
gazette	NOUN:1
gazeux	ADJ:1
gazoduc	NOUN:1
gazole	NOUN:1
gazon	NOUN:1	ADJ:1
gazéification	NOUN:1
gaélique	ADJ:1	NOUN:1
geai	NOUN:1
gecko	NOUN:1
geindre	VERB:1
geisha	NOUN:1
gel	NOUN:2
geler	VERB:1
gelée	NOUN:1
gemme	NOUN:1
gencive	NOUN:1
gendarme	NOUN:2
gendarmerie	NOUN:1
gendre	NOUN:1
generalitat	NOUN:1
genette	NOUN:1
geneviève	PROPN:1
genevois	ADJ:1
genièvre	NOUN:1
genou	NOUN:1
genre	NOUN:2
gens	NOUN:1
gent	NOUN:1
gentiane	NOUN:1
gentil	ADJ:1
gentilhomme	NOUN:1
gentillesse	NOUN:1
gentiment	ADV:1
gentleman	NOUN:1
gentrification	NOUN:1
genèse	NOUN:1
genève	PROPN:2
genévrier	NOUN:1
genêt	NOUN:1
georges	PROPN:1
georgette	PROPN:1
gerbe	NOUN:1
gerber	VERB:2
gerbille	NOUN:1
germain	PROPN:1
germanique	ADJ:1
germanium	NOUN:1
germe	NOUN:1
germer	VERB:1
germinal	NOUN:1
germination	NOUN:1
gestation	NOUN:1
geste	NOUN:1
gesticulation	NOUN:1
gesticuler	VERB:1
gestion	NOUN:1
gestuel	ADJ:1
gewurztraminer	NOUN:1
geyser	NOUN:1
geôle	NOUN:1
geôlier	NOUN:1
ghana	PROPN:1
ghanéen	ADJ:1	NOUN:1
ghb	NOUN:1
ghesquière	PROPN:1
ghetto	NOUN:1
ghislain	PROPN:1
ghislaine	PROPN:1
gibbon	NOUN:1
gibelin	ADJ:1
gibet	NOUN:1
gibier	NOUN:1
gicler	VERB:1
gif	NOUN:1
gifler	VERB:1
gigantesque	ADJ:1
gigantisme	NOUN:1
gigot	NOUN:1
gilet	NOUN:1
gilles	PROPN:1
gin	NOUN:1
ginette	PROPN:1
gingembre	NOUN:1
ginkgo	NOUN:1
ginseng	NOUN:1
girafe	NOUN:1
giratoire	ADJ:1	NOUN:1
giron	NOUN:1
girondin	NOUN:1
girouette	NOUN:1
gisant	NOUN:1
giscard	PROPN:1
giselle	PROPN:1
gisement	NOUN:2
gisèle	PROPN:1
gitan	NOUN:1
givre	NOUN:1
glabre	ADJ:1
glace	NOUN:4
glacer	VERB:1
glacial	ADJ:1
glaciation	NOUN:1
glacier	NOUN:1
glacis	NOUN:1
gladiateur	NOUN:1
glaise	NOUN:1
glaive	NOUN:1
gland	NOUN:1
glande	NOUN:1
glandulaire	ADJ:1
glaner	VERB:1
glaris	PROPN:2
glaucome	NOUN:1
glauque	ADJ:1
glaçage	NOUN:1
glaçon	NOUN:1
glissant	ADJ:1
glissement	NOUN:1
glisser	VERB:3
glissière	NOUN:1
global	ADJ:1
globalement	ADV:1
globalisation	NOUN:1
globe	NOUN:1
globe-trotter	NOUN:1
globule	NOUN:1
gloire	PROPN:1
glorieusement	ADV:1
glorieux	ADJ:1
glorifier	VERB:1
glose	NOUN:1
gloss	NOUN:1
glossaire	NOUN:1
glotte	NOUN:1
glou	INTJ:1
glousser	VERB:1
glouton	ADJ:1	NOUN:1
glu	NOUN:1
glucide	NOUN:1
glucose	NOUN:1
glutathion	NOUN:1
gluten	NOUN:1
glycine	NOUN:1
glycogène	NOUN:1
glycémie	NOUN:1
glycérine	NOUN:1
glycérol	NOUN:1
glyphe	NOUN:1
glyphosate	NOUN:1
gnangnan	ADJ:1
gneiss	NOUN:1
gnocchi	NOUN:1
gnome	NOUN:1
gnosticisme	NOUN:1
gnostique	NOUN:1
gnou	NOUN:1
gnu	X:1
gnôle	NOUN:1
go	NOUN:1
gobelet	NOUN:1
gobelin	NOUN:1
gober	VERB:1
godefroy	PROPN:1
gogo	NOUN:1
gogol	NOUN:1
goguenard	ADJ:1
goitre	NOUN:1
golem	NOUN:1
golf	NOUN:1
golfe	NOUN:1
golfeur	NOUN:1
gombo	NOUN:1
gomme	NOUN:1
gond	NOUN:1
gondole	NOUN:1
gonflable	ADJ:1
gonflage	NOUN:1
gonflement	NOUN:1
gonfler	VERB:1
gonflé	ADJ:1
gong	NOUN:1
gonorrhée	NOUN:1
gonzesse	NOUN:1
googler	VERB:1
goret	NOUN:1
gorge	NOUN:4
gorgone	NOUN:1
gorgée	NOUN:1
gorille	NOUN:1
gosier	NOUN:1
gospel	NOUN:1
goth	ADJ:1
gothique	ADJ:1
gouache	NOUN:1
gouda	NOUN:1
goudron	NOUN:2
gouffre	NOUN:1
gouine	NOUN:1
goujon	NOUN:1
goulag	NOUN:1
goule	NOUN:1
goupil	NOUN:1
goupille	NOUN:1
goupillon	NOUN:1
gourde	NOUN:1
gourdin	NOUN:1
gourmand	ADJ:1	NOUN:1
gourmandise	NOUN:1
gourmet	NOUN:1
gourmette	NOUN:1
gourou	NOUN:1
gousse	NOUN:3
goutte	NOUN:1
gouttière	NOUN:1
gouvernail	NOUN:1
gouvernance	NOUN:1
gouvernante	NOUN:1
gouvernement	NOUN:3
gouvernemental	ADJ:1
gouverner	VERB:1
gouverneur	NOUN:1
goy	NOUN:1
goyave	NOUN:1
goéland	NOUN:1
goélette	NOUN:1
goût	NOUN:1
goûter	VERB:1
gpl	NOUN:1
gr	NOUN:1
graal	NOUN:1
grabataire	ADJ:1
grabuge	NOUN:1
gracier	VERB:1
gracieusement	ADV:1
gracieux	ADJ:1
gracile	ADJ:1
gradation	NOUN:1
grade	NOUN:1
gradient	NOUN:1
gradin	NOUN:1
graduation	NOUN:1
graduer	VERB:1
graffiti	NOUN:1
grain	NOUN:1
graine	NOUN:1
graisse	NOUN:1
graisser	VERB:1
graminée	NOUN:1
grammaire	NOUN:1
grammairien	NOUN:1
grammatical	ADJ:1
grammaticalement	ADV:1
gramme	NOUN:1
gramophone	NOUN:1
grand	ADJ:1
grand-chose	PRON:1
grand-duc	NOUN:1
grand-mère	NOUN:1
grand-père	NOUN:1
grand-tante	NOUN:1
grande-bretagne	PROPN:1
grandement	ADV:1
grandeur	NOUN:1
grandiloquence	NOUN:1
grandiloquent	ADJ:1
grandiose	ADJ:1
grandir	VERB:1
grange	NOUN:1
granit	NOUN:1
granitique	ADJ:1
granola	NOUN:1
granulaire	ADJ:1
granularité	NOUN:1
granule	NOUN:1
granuleux	ADJ:1
graphie	NOUN:1
graphique	ADJ:1	NOUN:1
graphiquement	ADV:1
graphisme	NOUN:1
graphiste	NOUN:1
graphite	NOUN:1
graphène	NOUN:1
grappe	NOUN:1
grappiller	VERB:1
grappin	NOUN:1
gras	ADJ:1
grasset	NOUN:1
gratifiant	ADJ:1
gratifier	VERB:1
gratin	NOUN:1
gratis	ADJ:1	ADV:1
gratitude	NOUN:1
gratte-ciel	NOUN:1
gratter	VERB:1
gratuit	ADJ:2
gratuitement	ADV:1
gratuité	NOUN:1
gravats	NOUN:1
grave	ADJ:1	NOUN:1
graver	VERB:1
graveur	NOUN:1
gravier	NOUN:1
gravir	VERB:1
gravitation	NOUN:1
gravitationnel	ADJ:1
graviter	VERB:1
gravité	NOUN:1
gravière	NOUN:1
gravure	NOUN:1
gray	NOUN:1
grec	ADJ:1	NOUN:1
gredin	NOUN:1
greffe	NOUN:1
greffer	VERB:1
greffier	NOUN:1
greffon	NOUN:1
grelot	NOUN:1
grenache	NOUN:1
grenade	NOUN:1
grenadier	NOUN:1
grenadine	NOUN:1
grenat	NOUN:1
grenier	NOUN:1
grenouille	NOUN:1
grenouillère	NOUN:1
gribouillis	NOUN:1
grief	NOUN:1
griffe	NOUN:1
griffer	VERB:1
griffon	NOUN:1
griffure	NOUN:1
grignoter	VERB:1
gril	NOUN:1
grill	NOUN:1
grillade	NOUN:1
grillage	NOUN:1
grille	NOUN:1
griller	VERB:1
grillon	NOUN:1
grimace	NOUN:1
grimoire	NOUN:1
grimper	VERB:1
grincement	NOUN:1
grincer	VERB:1
gringalet	NOUN:1
gringo	NOUN:1
griot	NOUN:1
griotte	NOUN:1
grippe	NOUN:1
gris	ADJ:1	NOUN:1
grisaille	NOUN:1
griser	VERB:1
grison	NOUN:1
grisons	NOUN:1
grisou	NOUN:1
grisâtre	ADJ:1
grive	NOUN:1
grivois	ADJ:1
groenlandais	NOUN:1	ADJ:1
grog	NOUN:1
grognement	NOUN:1
grogner	VERB:1
grognon	ADJ:1
groin	NOUN:1	INTJ:1
grondement	NOUN:1
gronder	VERB:1
grondin	NOUN:1
gros	ADJ:1
groseille	NOUN:1
grosjean	PROPN:1
grossesse	NOUN:1
grosseur	NOUN:1
grossier	ADJ:1
grossir	VERB:1
grossiste	NOUN:1
grossièreté	NOUN:1
grossophobie	NOUN:1
grotesque	ADJ:1
grotte	NOUN:1
grouiller	VERB:1
groupe	NOUN:1
groupement	NOUN:1
grouper	VERB:1
groupuscule	NOUN:1
grue	NOUN:1
grutier	NOUN:1
grâce	NOUN:1
grèce	PROPN:1
grès	NOUN:1
grève	NOUN:1
gré	NOUN:1
gréement	NOUN:1
grégaire	ADJ:1
grégeois	ADJ:2
grégorien	ADJ:1
grésil	NOUN:1
gréviste	NOUN:1
grêle	ADJ:1	NOUN:1
guacamole	NOUN:1
guadeloupéen	ADJ:1
guano	NOUN:1
guarani	NOUN:1
guatemala	PROPN:1
guatémaltèque	ADJ:1	NOUN:1
guenon	NOUN:1
guernesey	NOUN:1
guerre	NOUN:4
guerrier	NOUN:1
guerroyer	VERB:1
guet	NOUN:1
guetter	VERB:1
gueule	NOUN:1
gueules	NOUN:1
gueux	NOUN:1
gui	NOUN:1
guichet	NOUN:1
guide	NOUN:1
guider	VERB:1
guidon	NOUN:1
guigne	NOUN:1
guignol	NOUN:1
guilde	NOUN:1
guillaume	PROPN:1
guillemet	NOUN:1
guillemot	PROPN:1
guillotine	NOUN:1
guimauve	NOUN:1
guimbarde	NOUN:1
guinguette	NOUN:1
guinéen	ADJ:1	NOUN:1
guirlande	NOUN:1
guise	NOUN:1
guitare	NOUN:1
guitariste	NOUN:1
guppy	NOUN:1
gus	NOUN:1
gustatif	ADJ:1
gustave	PROPN:1
guttural	ADJ:1
guyana	PROPN:1
guyanais	ADJ:1	NOUN:1
guyot	NOUN:1
guère	ADV:1
gué	NOUN:1
guépard	NOUN:1
guéridon	NOUN:1
guérilla	NOUN:1
guérillero	NOUN:1
guérir	VERB:1
guérison	NOUN:1
guérisseur	NOUN:1
guérite	NOUN:1
guêpe	NOUN:1
guêpier	NOUN:1
gymnaste	NOUN:1
gymnastique	ADJ:1	NOUN:1
gynécologie	NOUN:1
gynécologique	ADJ:1
gynécologue	NOUN:1
gypse	NOUN:1
gyrophare	NOUN:1
gyroscope	NOUN:1
gâche	NOUN:1
gâcher	VERB:1
gâchette	NOUN:1
gâchis	NOUN:1
gâteau	NOUN:1
gâter	VERB:2
gâteux	ADJ:1
gâté	ADJ:1
gène	NOUN:1
géant	ADJ:1	NOUN:1
géhenne	NOUN:1
gélule	NOUN:1
gémeaux	PROPN:1
gémir	VERB:1
gémissant	ADJ:1
gémissement	NOUN:1
gémonies	NOUN:1
génial	ADJ:2	INTJ:1
génie	NOUN:1
génisse	NOUN:1
génital	ADJ:1
géniteur	NOUN:1
génitif	NOUN:1
génocidaire	ADJ:1	NOUN:1
génocide	NOUN:1
génois	NOUN:1	ADJ:1
génome	NOUN:1
génomique	NOUN:1	ADJ:1
généalogie	NOUN:1
généalogiste	NOUN:1
général	NOUN:1
généralement	ADV:1
généralisation	NOUN:1
généraliser	VERB:1
généralissime	NOUN:1
généraliste	ADJ:1	NOUN:1
génération	NOUN:1
générationnel	ADJ:1
générer	VERB:1
généreux	ADJ:1
générique	ADJ:1
générosité	NOUN:1
généticien	NOUN:1
génétique	ADJ:1	NOUN:1
géochimie	NOUN:1
géode	NOUN:1
géodésie	NOUN:1
géodésique	ADJ:1
géographe	NOUN:1
géographie	NOUN:1
géographique	ADJ:1
géographiquement	ADV:1
géolocalisation	NOUN:1
géolocaliser	VERB:1
géologie	NOUN:1
géologique	ADJ:1
géologiquement	ADV:1
géologue	NOUN:1
géomorphologie	NOUN:1
géomètre	NOUN:1
géométrie	NOUN:1
géométrique	ADJ:1
géométriquement	ADV:1
géophysique	ADJ:1	NOUN:1
géopolitique	ADJ:1	NOUN:1
géorgie	PROPN:1
géorgien	ADJ:1	NOUN:1
gérald	PROPN:1
géraldine	PROPN:1
gérance	NOUN:1
géranium	NOUN:1
gérant	NOUN:1
gérard	PROPN:1
gérer	VERB:1
gériatrie	NOUN:1
gésier	NOUN:1
gêne	NOUN:1
gêner	VERB:1
gêné	ADJ:1
gîte	NOUN:1
habile	ADJ:1
habilement	ADV:1
habileté	NOUN:1
habilitation	NOUN:1
habilité	NOUN:1
habillage	NOUN:1
habillement	NOUN:1
habiller	VERB:1
habillé	ADJ:1
habit	NOUN:1
habitacle	NOUN:1
habitant	NOUN:1
habitat	NOUN:1
habitation	NOUN:1
habiter	VERB:1
habitude	NOUN:1
habituel	ADJ:1
habituellement	ADV:1
habituer	VERB:1
habitué	ADJ:1
hache	NOUN:1
hacher	VERB:1
hachette	NOUN:1
hachis	NOUN:1
hachoir	NOUN:1
haché	ADJ:1
hacienda	NOUN:1
hackathon	NOUN:1
hacker	VERB:1
hadith	NOUN:1
hafiz	NOUN:1
hagiographie	NOUN:1
hagiographique	ADJ:1
haha	INTJ:1
haie	NOUN:1
haine	NOUN:1
halde	NOUN:1
haleine	NOUN:1
haletant	ADJ:1
hall	NOUN:1
halle	NOUN:1
hallebarde	NOUN:1
hallier	NOUN:1
hallucinant	ADJ:1
hallucination	NOUN:1
hallucinatoire	ADJ:1
halluciner	VERB:1
hallucinogène	ADJ:1
halo	NOUN:1
halogène	NOUN:1
halte	NOUN:1
haltère	NOUN:1
haltérophile	NOUN:1
haltérophilie	NOUN:1
hamac	NOUN:1
hamada	NOUN:1
hambourgeois	ADJ:1
hamburger	NOUN:1
hameau	NOUN:3
hameçon	NOUN:1
hammam	NOUN:1
hampe	NOUN:1
hampshire	NOUN:1
hamster	NOUN:1
hanche	NOUN:1
handball	NOUN:1
handicap	NOUN:1
handicapant	ADJ:1
handicaper	VERB:1
handicapé	ADJ:1
handisport	NOUN:1
hangar	NOUN:1
hanneton	NOUN:1
hanter	VERB:1
hantise	NOUN:1
haoussa	NOUN:1
happer	VERB:1
harangue	NOUN:1
haranguer	VERB:1
haras	NOUN:1
harceler	VERB:1
harceleur	NOUN:1
harcèlement	NOUN:1
hardi	ADJ:1
hardiesse	NOUN:1
harem	NOUN:1
hareng	NOUN:1
hargne	VERB:1
hargneux	ADJ:1
haricot	NOUN:1
harissa	NOUN:1
harmonica	NOUN:1
harmonie	NOUN:1
harmonieux	ADJ:1
harmonique	ADJ:1	NOUN:1
harmonium	NOUN:1
harnais	NOUN:1
harpe	NOUN:1
harpie	NOUN:1
harpiste	NOUN:1
harpon	NOUN:1
hart	NOUN:1
hasard	NOUN:2
hasarder	VERB:1
hasardeux	ADJ:1
haschich	NOUN:1
hase	NOUN:1
hashtag	NOUN:1
hausse	NOUN:1
haussement	NOUN:1
hausser	VERB:1
haussier	ADJ:1	NOUN:1
haut	ADJ:1
haut-parleur	NOUN:1
hautain	ADJ:1
hautbois	NOUN:1
hautement	ADV:1
hauteur	NOUN:1
havana	NOUN:1
havane	NOUN:1
hawaïen	ADJ:1	NOUN:1
hayon	NOUN:1
haïku	NOUN:1
haïr	VERB:1
haïti	PROPN:1
haïtien	ADJ:1	NOUN:1
heaume	NOUN:1
hebdo	NOUN:1
hebdomadaire	ADJ:1	NOUN:1
hebdomadairement	ADV:1
hectare	NOUN:1
hector	PROPN:1
hein	INTJ:1
hellène	ADJ:1	NOUN:1
hellénique	ADJ:1
hellénisme	NOUN:1
helléniste	NOUN:1
hellénistique	ADJ:1
helsinki	PROPN:1
helvète	NOUN:1
hennissement	NOUN:1
henné	NOUN:1
henri	PROPN:1
henriette	PROPN:1
henry	NOUN:1
heptathlon	NOUN:1
herbe	NOUN:1
herbeux	ADJ:1
herbicide	NOUN:1
herbier	NOUN:1
herbivore	ADJ:1
herboriste	NOUN:1
hercule	NOUN:1
hereford	NOUN:1
hermaphrodite	NOUN:1
hermine	NOUN:1
herméneutique	ADJ:1	NOUN:1
hermétique	ADJ:1
hermétiquement	ADV:1
hermétisme	NOUN:1
hernie	NOUN:1
herpès	NOUN:1
herse	NOUN:1
hertz	NOUN:1
heur	NOUN:1
heure	NOUN:2
heureusement	ADV:1
heureux	ADJ:1
heuristique	NOUN:1
heurt	NOUN:1
heurter	VERB:1
hexadécimal	ADJ:1
hexagonal	ADJ:1
hexagone	NOUN:1
hi	INTJ:1
hiatus	NOUN:1
hibernation	NOUN:1
hiberner	VERB:1
hibou	NOUN:1
hic	NOUN:1
hidalgo	NOUN:1
hideux	ADJ:1
hier	ADV:1
highland	NOUN:1
hijab	NOUN:1
hilarant	ADJ:1
hilarité	NOUN:1
hindi	ADJ:1
hindou	ADJ:1	NOUN:1
hindouisme	NOUN:1
hindouiste	ADJ:1	NOUN:1
hippique	ADJ:1
hippocampe	NOUN:1
hippodrome	NOUN:1
hippolyte	PROPN:1
hippopotame	NOUN:1
hirondelle	NOUN:1
hirsute	ADJ:1
hispanique	ADJ:1
hispanophone	ADJ:1
hisser	VERB:1
histamine	NOUN:1
histogramme	NOUN:1
histoire	NOUN:1
histologie	NOUN:1
histologique	ADJ:1
historien	NOUN:1
historienne	NOUN:1
historiographe	NOUN:1
historiographie	NOUN:1
historiographique	ADJ:1
historique	ADJ:1	NOUN:1
historiquement	ADV:1
hit-parade	NOUN:1
hitlérien	ADJ:1
hittite	ADJ:1
hiver	NOUN:1
hivernal	ADJ:1
hiverner	VERB:1
hiérarchie	NOUN:1
hiérarchique	ADJ:1
hiérarchiquement	ADV:1
hiérarchisation	NOUN:1
hiérarchiser	VERB:1
hiératique	ADJ:1
hiéroglyphe	NOUN:1
hiéroglyphique	ADJ:1
ho	INTJ:2
hocher	VERB:1
hochet	NOUN:1
hockey	NOUN:1
holistique	ADJ:1
hollandais	ADJ:1
hollande	PROPN:2
holocauste	NOUN:1
holocène	NOUN:1
hologramme	NOUN:1
holstein	NOUN:1
homard	NOUN:1
hombre	NOUN:1
homer	NOUN:1
homicide	NOUN:1
hommage	NOUN:1
homme	NOUN:1
homo	ADJ:1
homogène	ADJ:1
homogénéité	NOUN:1
homologation	NOUN:1
homologue	ADJ:1
homologuer	VERB:1
homonyme	NOUN:1	ADJ:1
homonymie	NOUN:1
homophobe	ADJ:1
homophobie	NOUN:1
homosexualité	NOUN:1
homosexuel	ADJ:1
homère	PROPN:1
homélie	NOUN:1
homéopathe	ADJ:1
homéopathie	NOUN:1
homéopathique	ADJ:1
homéostasie	NOUN:1
homérique	ADJ:1
hon	INTJ:1
honduras	PROPN:1
hondurien	NOUN:1	ADJ:1
hongkongais	ADJ:1
hongre	ADJ:1	NOUN:1
hongrie	PROPN:1
hongrois	NOUN:1	ADJ:1
honneur	NOUN:1
honnête	ADJ:1
honnêtement	ADV:1
honnêteté	NOUN:1
honorabilité	NOUN:1
honorer	VERB:1
honoré	ADJ:1
honte	NOUN:1
honteux	ADJ:1
hoquet	NOUN:1
horace	PROPN:1
horaire	ADJ:1	NOUN:1
horde	NOUN:1
horizon	NOUN:1
horizontal	ADJ:1
horizontalement	ADV:1
horizontalité	NOUN:1
horloge	NOUN:1
horloger	NOUN:1
hormis	ADP:1
hormonal	ADJ:1
hormone	NOUN:1
horoscope	NOUN:1
horreur	NOUN:1
horrible	ADJ:1
horriblement	ADV:1
horrifique	ADJ:1
hors	ADP:1
hors-jeu	NOUN:1
hors-la-loi	NOUN:1
hortensia	NOUN:1
horticulteur	NOUN:1
hosanna	NOUN:1
hospice	NOUN:1
hospitalier	NOUN:1
hospitalité	NOUN:1
hostie	NOUN:1
hostile	ADJ:1
hostilité	NOUN:1
hot-dog	NOUN:1
hotte	NOUN:1
houblon	NOUN:1
houe	NOUN:1
houille	NOUN:1
houle	NOUN:1
houlette	NOUN:1
houmous	NOUN:1
hourra	NOUN:1
housse	NOUN:1
houx	NOUN:1
html	NOUN:1
http	X:1
hubert	PROPN:1
hublot	NOUN:1
huer	VERB:1
hui	ADV:1
huile	NOUN:1
huiler	VERB:1
huileux	ADJ:1
huis	NOUN:1
huissier	NOUN:1
huit	NUM:1
huitième	ADJ:1	NOUN:1
humain	ADJ:1	NOUN:1
humanisation	NOUN:1
humaniser	VERB:1
humanisme	NOUN:1
humaniste	NOUN:1	ADJ:1
humanitaire	ADJ:1
humanité	NOUN:1
humanoïde	ADJ:1	NOUN:1
humble	ADJ:1
humblement	ADV:1
humeur	NOUN:1
humide	ADJ:1
humidificateur	NOUN:1
humidifier	VERB:1
humidité	NOUN:1
humiliant	ADJ:1
humiliation	NOUN:1
humilier	VERB:1
humilité	NOUN:1
humoriste	NOUN:1
humoristique	ADJ:1
humour	NOUN:1
humus	NOUN:1
humérus	NOUN:1
hun	NOUN:1
hune	NOUN:1
huppe	NOUN:1
huppé	ADJ:1
hurlement	NOUN:1
hurler	VERB:1
hurleur	NOUN:1
hurluberlu	ADJ:1
hussard	NOUN:1
hutte	NOUN:1
huître	NOUN:1
hyacinthe	NOUN:1
hyaluronique	ADJ:1
hybridation	NOUN:1
hybride	ADJ:1
hydratation	NOUN:1
hydrater	VERB:1
hydravion	NOUN:1
hydre	NOUN:1
hydrocarbure	NOUN:1
hydrographie	NOUN:1
hydrogène	NOUN:1
hydrogéologie	NOUN:1
hydrolienne	NOUN:1
hydrologie	NOUN:1
hydromel	NOUN:1
hydrophile	ADJ:1
hydrophobe	ADJ:1	NOUN:1
hydroponique	ADJ:1
hydrothérapie	NOUN:1
hydroxyde	NOUN:1
hydroélectrique	ADJ:1
hydrure	NOUN:1
hygiène	NOUN:1
hygiénique	ADJ:1
hygiéniste	NOUN:1
hygrométrie	NOUN:1
hymen	NOUN:1
hymne	NOUN:1
hyoïde	ADJ:1	NOUN:1
hyperactif	ADJ:1
hyperactivité	NOUN:1
hyperbare	ADJ:1
hyperbole	NOUN:1
hypercholestérolémie	NOUN:1
hyperespace	NOUN:1
hyperglycémie	NOUN:1
hyperinflation	NOUN:1
hypermarché	NOUN:1
hypersensibilité	NOUN:1
hypersensible	ADJ:1
hypersexualisation	NOUN:1
hypertension	NOUN:1
hypertexte	NOUN:1
hyperthermie	NOUN:1
hyperthyroïdie	NOUN:1
hypertrophie	NOUN:1
hypnose	NOUN:1
hypnotique	ADJ:1	NOUN:1
hypnotiser	VERB:1
hypnotiseur	NOUN:1
hypnotisme	NOUN:1
hypocondriaque	NOUN:1
hypocondrie	NOUN:1
hypocrisie	NOUN:1
hypocrite	NOUN:1	ADJ:1
hypocritement	ADV:1
hypoglycémie	NOUN:1
hypokhâgne	NOUN:1
hypophyse	NOUN:1
hypotension	NOUN:1
hypothyroïdie	NOUN:1
hypothèque	NOUN:1
hypothèse	NOUN:1
hypothéquer	VERB:1
hypothétique	ADJ:1
hypoténuse	NOUN:1
hypoxie	NOUN:1
hystérectomie	NOUN:1
hystérie	NOUN:1
hystérique	NOUN:1
hyène	NOUN:1
hâte	NOUN:1
hâter	VERB:4
hâtif	ADJ:1
hé	INTJ:1
hébergement	NOUN:1
héberger	VERB:1
hébraïque	ADJ:1
hébreu	NOUN:1
hécatombe	NOUN:1
hédonisme	NOUN:1
hégire	NOUN:1
hégémonie	NOUN:1
hélas	INTJ:1
hélice	NOUN:1
hélicoptère	NOUN:1
héliport	NOUN:1
hélium	NOUN:1
hélix	NOUN:1
hélène	PROPN:1
hématite	NOUN:1
hématologie	NOUN:1
hématome	NOUN:1
hémisphère	NOUN:1
hémisphérique	ADJ:1
hémoglobine	NOUN:1
hémolytique	ADJ:1
hémophilie	NOUN:1
hémorragie	NOUN:1
hépatique	ADJ:1
hépatite	NOUN:1
héraldique	ADJ:1	NOUN:1
héraut	NOUN:1
hérisson	NOUN:1
hérissé	ADJ:1
héritage	NOUN:1
hériter	VERB:1
héritier	NOUN:1
héron	NOUN:1
héros	NOUN:1	ADJ:1
héroïne	NOUN:1
héroïque	ADJ:1
héroïquement	ADV:1
héroïsme	NOUN:1
hérésie	NOUN:1
hérétique	ADJ:1	NOUN:1
hésitant	ADJ:1
hésitation	NOUN:1
hésiter	VERB:1
hétéroclite	ADJ:1
hétérodoxe	ADJ:1
hétérogène	ADJ:1
hétérosexualité	NOUN:1
hétérosexuel	ADJ:1	NOUN:1
hêtre	NOUN:1
hôpital	NOUN:1
hôte	NOUN:2
hôtel	NOUN:1
hôtelier	NOUN:1
ia	NOUN:1
ibidem	ADV:1
ibis	NOUN:1
ibo	NOUN:1
ibuprofène	NOUN:1
ibérie	PROPN:1
ibérique	ADJ:1
iceberg	NOUN:1
ici	ADV:1
iconoclaste	NOUN:1
ictère	NOUN:1
icône	NOUN:1
identification	NOUN:1
identifier	VERB:1
identique	ADJ:1
identité	NOUN:1
idiome	NOUN:1
idiot	NOUN:1
idiotie	NOUN:1
ido	NOUN:1
idoine	ADJ:1
idole	NOUN:1
idolâtre	ADJ:1
idolâtrer	VERB:1
idolâtrie	NOUN:1
idylle	NOUN:1
idéal	ADJ:1	NOUN:1
idéaliser	VERB:1
idéalisme	NOUN:1
idée	NOUN:1
idéogramme	NOUN:1
idéologie	NOUN:1
idéologique	ADJ:1
idéologiquement	ADV:1
idéologue	NOUN:1
iel	PRON:1
iels	PRON:1
if	NOUN:1
ifr	X:1
igloo	NOUN:1
ignace	PROPN:1
igname	NOUN:1
ignare	ADJ:1
ignition	NOUN:1
ignoble	ADJ:1
ignominie	NOUN:1
ignorance	NOUN:1
ignorer	VERB:1
iguane	NOUN:1
il	PRON:2
iliaque	ADJ:1
ille	PRON:1
illettré	ADJ:1
illico	ADV:1
illimité	ADJ:1
illisible	ADJ:1
illogique	ADJ:1
illumination	NOUN:1
illuminer	VERB:1
illuminé	ADJ:1
illusion	NOUN:1
illustrateur	NOUN:1
illustration	NOUN:1
illustrer	VERB:1
illégal	ADJ:1
illégalement	ADV:1
illégalité	NOUN:1
illégitime	ADJ:1
ils	PRON:1
image	NOUN:1
imagerie	NOUN:1
imaginaire	ADJ:1	NOUN:1
imaginatif	ADJ:1
imagination	NOUN:1
imaginer	VERB:1
imago	NOUN:1
imam	NOUN:1
imbattable	ADJ:1
imberbe	ADJ:1
imbiber	VERB:1
imbuvable	ADJ:1
imbécile	ADJ:1
imbécillité	NOUN:1
imc	X:1
imitateur	NOUN:1
imitation	NOUN:1
imiter	VERB:1
immaculé	ADJ:1
immangeable	ADJ:1
immatriculation	NOUN:1
immaturité	NOUN:1
immense	ADJ:1
immensité	NOUN:1
immensément	ADV:1
immerger	VERB:1
immersion	NOUN:1
immeuble	NOUN:1	ADJ:1
immigrant	ADJ:1	NOUN:1
immigration	NOUN:1
immigrer	VERB:1
imminence	NOUN:1
imminent	ADJ:1
immixtion	NOUN:1
immobile	ADJ:1
immobilier	X:1
immobilisation	NOUN:1
immobiliser	VERB:1
immobilisme	NOUN:1
immobilité	NOUN:1
immolation	NOUN:1
immoler	VERB:1
immoral	ADJ:1
immoralité	NOUN:1
immortalité	NOUN:1
immortel	ADJ:1
immortelle	NOUN:1
immuable	ADJ:1
immunisation	NOUN:1
immuniser	VERB:1
immunitaire	ADJ:1
immunité	NOUN:1
immunodéficience	NOUN:1
immunologie	NOUN:1
immunothérapie	NOUN:1
immédiat	ADJ:1
immédiatement	ADV:1
immémorial	ADJ:1
impact	NOUN:1
impactant	ADJ:1
impair	ADJ:1
impala	NOUN:1
impardonnable	ADJ:1
imparfait	ADJ:1	NOUN:1
impartial	ADJ:1
impartialité	NOUN:1
impasse	NOUN:1
impassible	ADJ:1
impatience	NOUN:1
impatient	ADJ:1
impayé	ADJ:1
impeachment	NOUN:1
impensable	ADJ:1
imperceptible	ADJ:1
imperceptiblement	ADV:1
imperfection	NOUN:2
imperméabilité	NOUN:1
imperméable	NOUN:1
impersonnel	ADJ:1
impertinent	ADJ:1
impitoyable	ADJ:1
impitoyablement	ADV:1
impiété	NOUN:1
implacable	ADJ:1
implicite	ADJ:1
impliquer	VERB:1
implorer	VERB:1
imploser	VERB:1
implosion	NOUN:1
implémentation	NOUN:1
implémenter	VERB:1
impoli	ADJ:1
importance	NOUN:1
important	ADJ:1
importer	VERB:1
importun	ADJ:1
importuner	VERB:1
imposable	ADJ:1
imposant	ADJ:1
imposer	VERB:1
imposition	NOUN:1
impossibilité	NOUN:1
impossible	ADJ:1
imposteur	ADJ:1	NOUN:1
imposture	NOUN:1
impotent	ADJ:1
imprenable	ADJ:1
impression	NOUN:1
impressionnant	ADJ:1
impressionnisme	NOUN:1
impressionniste	ADJ:1	NOUN:1
imprimante	NOUN:1
imprimer	VERB:1
imprimerie	NOUN:1
imprimeur	NOUN:1
improbable	ADJ:1
improductif	ADJ:1
impromptu	NOUN:1
imprononçable	ADJ:1
impropre	ADJ:1
improprement	ADV:1
improviser	VERB:1
imprudence	NOUN:1
imprudent	ADJ:1
imprégner	VERB:1
impréparation	NOUN:1
imprésario	NOUN:1
imprévisible	ADJ:1
imprévu	ADJ:1
impudence	NOUN:1
impudeur	NOUN:1
impudique	ADJ:1
impuissance	NOUN:1
impulsif	ADJ:1
impulsion	NOUN:1
impunité	NOUN:1
impur	ADJ:1
impureté	NOUN:1
imputable	ADJ:1
imputation	NOUN:1
imputer	VERB:1
impédance	NOUN:1
impénétrable	ADJ:1
impératif	ADJ:1
impératrice	NOUN:1
impérial	ADJ:1
impérialisme	NOUN:1
impérialiste	ADJ:1
impérieux	ADJ:1
impétueux	ADJ:1
impétuosité	NOUN:1
impôt	NOUN:1
inabordable	ADJ:1
inaccessibilité	NOUN:1
inaccessible	ADJ:1
inachevé	ADJ:1
inactif	ADJ:1
inaction	NOUN:1
inactivité	NOUN:1
inadaptation	NOUN:1
inadmissible	ADJ:1
inadvertance	NOUN:1
inaliénable	ADJ:1
inaltérable	ADJ:1
inanimé	ADJ:1
inatteignable	ADJ:1
inattendu	ADJ:1
inaugural	ADJ:1
inaugurer	VERB:1
inca	ADJ:1	NOUN:1
incandescent	ADJ:1
incantation	NOUN:1
incapable	ADJ:1
incapacité	NOUN:1
incarcération	NOUN:1
incarcérer	VERB:1
incarner	VERB:1
incendiaire	ADJ:1
incendie	NOUN:1
incendier	VERB:1
incertain	ADJ:1
incertitude	NOUN:1
inceste	NOUN:1
incestueux	ADJ:1
inch'allah	INTJ:1
inchangé	ADJ:1
incidence	NOUN:1
incident	ADJ:1
incinération	NOUN:1
incinérer	VERB:1
incise	NOUN:1
incisif	ADJ:1
incision	NOUN:1
incisive	NOUN:1
incitant	NOUN:1
incitatif	ADJ:1
incitation	NOUN:1
inciter	VERB:1
inclination	NOUN:1
incliner	VERB:1
inclure	VERB:1
inclusif	ADJ:1
inclusion	NOUN:1
inclusivement	ADV:1
incohérence	NOUN:1
incolore	ADJ:1
incomparable	ADJ:1
incomparablement	ADV:1
incompatibilité	NOUN:1
incomplet	ADJ:1
incompréhensible	ADJ:1
incompréhension	NOUN:1
incompétence	NOUN:1
inconcevable	ADJ:1
inconfortable	ADJ:1
incongru	ADJ:1
inconnu	ADJ:1	NOUN:1
inconsciemment	ADV:1
inconsidéré	ADJ:1
inconsolable	ADJ:1
inconstance	NOUN:1
inconséquence	NOUN:1
inconséquent	ADJ:1
incontinence	NOUN:1
incontinent	ADJ:1
incontrôlable	ADJ:1
inconvenant	ADJ:1
incorporation	NOUN:1
incorporer	VERB:1
incorrect	ADJ:1
incorrectement	ADV:1
incorruptible	ADJ:1
incrimination	NOUN:1
incroyable	ADJ:1
incrustation	NOUN:1
incruster	VERB:1
incrédulité	NOUN:1
incubateur	NOUN:1
incubation	NOUN:1
inculpation	NOUN:1
inculper	VERB:1
inculquer	VERB:1
inculte	ADJ:1
incurable	ADJ:1
incurie	NOUN:1
inde	PROPN:1
indemne	ADJ:1
indemnisation	NOUN:1
indemniser	VERB:1
indemnité	NOUN:1
indescriptible	ADJ:1
indestructible	ADJ:1
index	NOUN:1
indexation	NOUN:1
indexer	VERB:1
indic	NOUN:1
indicatif	NOUN:1
indication	NOUN:1
indice	NOUN:1
indicible	ADJ:1
indien	NOUN:1	ADJ:1
indifféremment	ADV:1
indifférence	NOUN:1
indifférent	ADJ:1
indigence	NOUN:1
indigent	ADJ:1
indigestion	NOUN:1
indignation	NOUN:1
indigner	VERB:1
indigné	ADJ:1	NOUN:1
indigo	NOUN:1	ADJ:1
indigène	ADJ:1	NOUN:1
indiquer	VERB:1
indirect	ADJ:1
indirectement	ADV:1
indiscipline	NOUN:1
indiscipliné	ADJ:1
indiscrétion	NOUN:1
indiscutable	ADJ:1
indispensable	ADJ:1
indium	NOUN:1
individu	NOUN:1
individualisme	NOUN:1
individualité	NOUN:1
individuel	ADJ:1
individuellement	ADV:1
indivision	NOUN:1
indolent	ADJ:1
indomptable	ADJ:1
indonésie	PROPN:1
indonésien	ADJ:1	NOUN:1
indu	ADJ:1	NOUN:1
indubitablement	ADV:1
inductance	NOUN:1
inducteur	ADJ:1	NOUN:1
induction	NOUN:1
induire	VERB:1
indulgence	NOUN:1
indulgent	ADJ:1
industrialisation	NOUN:1
industrialiser	VERB:1
industrie	NOUN:1
industriel	ADJ:1
industriellement	ADV:1
indécence	NOUN:1
indécision	NOUN:1
indéfini	ADJ:1
indéfinissable	ADJ:1
indélébile	ADJ:1
indéniable	ADJ:1
indépendamment	ADV:1
indépendance	NOUN:1
indépendant	ADJ:1
indépendantisme	NOUN:1
indépendantiste	NOUN:1
indésirable	ADJ:1
indétermination	NOUN:1
indéterminé	ADJ:1
indûment	ADV:1
ineffable	ADJ:1
inefficace	ADJ:1
inerte	ADJ:1
inertie	NOUN:1
inespéré	ADJ:1
inexistant	ADJ:1
inexistence	NOUN:1
inexorable	ADJ:1
inexorablement	ADV:1
inexplicablement	ADV:1
inexprimable	ADJ:1
inextricable	ADJ:1
inextricablement	ADV:1
infaillible	ADJ:1
infamie	NOUN:1
infant	NOUN:1
infante	NOUN:1
infanterie	NOUN:1
infanticide	NOUN:1
infantile	ADJ:1
infarctus	NOUN:1
infatigable	ADJ:1
infect	ADJ:1
infecter	VERB:1
infectieux	ADJ:1
infection	NOUN:1
infernal	ADJ:1
infertile	ADJ:1
infertilité	NOUN:1
infestation	NOUN:1
infidélité	NOUN:1
infiltration	NOUN:1
infiltrer	VERB:1
infime	ADJ:1
infini	ADJ:1	NOUN:1
infiniment	ADV:1
infinitif	NOUN:1
infinité	NOUN:1
infinitésimal	ADJ:1
infirme	ADJ:1
infirmer	VERB:1
infirmerie	NOUN:1
infirmier	NOUN:1
infirmité	NOUN:1
infirmière	NOUN:1
inflammable	ADJ:1
inflammation	NOUN:1
inflammatoire	ADJ:1
inflation	NOUN:1
inflexible	ADJ:1
inflexion	NOUN:1
infliger	VERB:1
influence	NOUN:1
influencer	VERB:1
influent	ADJ:1
influer	VERB:1
infondé	ADJ:1
informateur	NOUN:1
information	NOUN:1
informatique	NOUN:1	ADJ:1
informel	ADJ:1
informer	VERB:1
infortune	NOUN:1
infraction	NOUN:1
infrarouge	ADJ:1
infructueux	ADJ:1
infréquentable	ADJ:1
infusion	NOUN:1
infâme	ADJ:1
inférer	VERB:1
inférieur	ADJ:1
infériorité	NOUN:1
ingestion	NOUN:1
ingouvernable	ADJ:1
ingrat	ADJ:1	NOUN:1
ingratitude	NOUN:1
ingrédient	NOUN:1
ingénierie	NOUN:1
ingénieur	NOUN:1
ingénieure	NOUN:1
ingéniosité	NOUN:1
ingénuité	NOUN:1
ingérence	NOUN:1
ingérer	VERB:1
inhabitable	ADJ:1
inhabité	ADJ:1
inhalateur	NOUN:1
inhiber	VERB:1
inhibiteur	ADJ:1	NOUN:1
inhibition	NOUN:1
inhospitalier	ADJ:1
inhumanité	NOUN:1
inhumation	NOUN:1
inhumer	VERB:1
inhérent	ADJ:1
inimitié	NOUN:1
inintelligible	ADJ:1
ininterrompu	ADJ:1
inique	ADJ:1
iniquité	NOUN:1
initial	ADJ:1
initiateur	NOUN:1
initiation	NOUN:1
initiatique	ADJ:1
initiative	NOUN:1
initier	VERB:1
injecter	VERB:1
injecteur	NOUN:1
injection	NOUN:1
injure	NOUN:1
injurieux	ADJ:1
injuste	ADJ:1
injustice	NOUN:1
injustifiable	ADJ:1
innocence	NOUN:1
innocent	ADJ:1
innocuité	NOUN:1
innombrable	ADJ:1
innommable	ADJ:1	NOUN:1
innovateur	ADJ:1
innovation	NOUN:1
inné	ADJ:1
inoculation	NOUN:1
inoculer	VERB:1
inodore	ADJ:1
inoffensif	ADJ:1
inondation	NOUN:1
inonder	VERB:1
inopiné	ADJ:1
inopinément	ADV:1
inoubliable	ADJ:1
inouï	ADJ:1
inoxydable	ADJ:1
inquiet	ADJ:1
inquisiteur	NOUN:1
inquisition	NOUN:1
inquiétude	NOUN:1
insalubre	ADJ:1
insalubrité	NOUN:1
insane	ADJ:1
insatiable	ADJ:1
inscription	NOUN:1
inscrire	VERB:1
insecte	NOUN:1
insecticide	ADJ:1
insensibilité	NOUN:1
insensible	ADJ:1
insensé	ADJ:1
insertion	NOUN:1
insidieux	ADJ:1
insignifiant	ADJ:1
insinuation	NOUN:1
insinuer	VERB:1
insipide	ADJ:1
insistance	NOUN:1
insister	VERB:1
insolation	NOUN:1
insolence	NOUN:1
insolent	ADJ:1
insolite	ADJ:1
insoluble	ADJ:1
insolvable	ADJ:1
insomniaque	ADJ:1	NOUN:1
insomnie	NOUN:1
insondable	ADJ:1
insouciance	NOUN:1
insouciant	ADJ:1
insoumis	ADJ:1	NOUN:1
inspecter	VERB:1
inspecteur	NOUN:1
inspection	NOUN:1
inspiration	NOUN:1
inspirer	VERB:1
instabilité	NOUN:1
instable	ADJ:1
installation	NOUN:1
installer	VERB:1
instamment	ADV:1
instant	NOUN:1	ADJ:2
instantané	ADJ:1
instauration	NOUN:1
instaurer	VERB:1
instinct	NOUN:1
instinctif	ADJ:1
instituer	VERB:1
institut	NOUN:1
instituteur	NOUN:1
institution	NOUN:1
institutionnalisation	NOUN:1
institutionnel	ADJ:1
institutrice	NOUN:1
instructif	ADJ:1
instruction	NOUN:1
instruire	VERB:1
instruit	ADJ:1
instrument	NOUN:1
instrumental	ADJ:1
instrumentaliser	VERB:1
instrumentiste	NOUN:1
insu	NOUN:1
insubmersible	ADJ:1
insuccès	NOUN:1
insuffisance	NOUN:1
insuffisant	ADJ:1
insuffler	VERB:1
insulaire	ADJ:1	NOUN:1
insularité	NOUN:1
insuline	NOUN:1
insulte	NOUN:1
insulter	VERB:1
insupportable	ADJ:1
insurger	VERB:1
insurgé	ADJ:1	NOUN:1
insurmontable	ADJ:1
insurrection	NOUN:1
insurrectionnel	ADJ:1
insécurité	NOUN:1
insémination	NOUN:1
inséparable	ADJ:1	NOUN:1
insérer	VERB:1
intact	ADJ:1
intangible	ADJ:2
intarissable	ADJ:1
intellect	NOUN:1
intellectualisme	NOUN:1
intellectuel	ADJ:1	NOUN:1
intelligence	NOUN:1
intelligent	ADJ:1
intelligible	ADJ:1
intello	ADJ:1	NOUN:1
intemporel	ADJ:1
intense	ADJ:1
intensif	ADJ:1
intensité	NOUN:1
intention	NOUN:1
intentionnalité	NOUN:1
intentionnel	ADJ:1
intentionnellement	ADV:1
interaction	NOUN:1
intercaler	VERB:1
interceltique	ADJ:1
intercepter	VERB:1
intercession	NOUN:1
interchangeable	ADJ:1
intercommunalité	NOUN:1
interconnexion	NOUN:1
intercontinental	ADJ:1
interculturel	ADJ:1	NOUN:1
intercéder	VERB:1
interdiction	NOUN:1
interdire	VERB:2
interdisciplinaire	ADJ:1
interdit	NOUN:1
interdépendance	NOUN:1
interface	NOUN:1
interférence	NOUN:1
interférer	VERB:1
interféron	NOUN:1
intergalactique	ADJ:1
intergouvernemental	ADJ:1
intergénérationnel	ADJ:1
interjection	NOUN:1
interjeter	VERB:1
interlocuteur	NOUN:1
interlope	ADJ:1
interlude	NOUN:1
interministériel	ADJ:1
intermède	NOUN:1
intermédiaire	ADJ:1
intermédiation	NOUN:1
internat	NOUN:1
international	ADJ:1
internationalisme	NOUN:1
internationaliste	ADJ:1	NOUN:1
internaute	NOUN:1
interne	ADJ:1	NOUN:1
interner	VERB:1
internet	NOUN:1
interopérabilité	NOUN:1
interpellation	NOUN:1
interpeller	VERB:1
interphone	NOUN:1
interplanétaire	ADJ:1
interpolation	NOUN:1
interposition	NOUN:1
interprétation	NOUN:1
interpréter	VERB:1
interrogateur	ADJ:1
interrogatif	ADJ:1
interrogation	NOUN:1
interrogatoire	NOUN:1
interroger	VERB:1
interrompre	VERB:1
interrupteur	NOUN:1
interruption	NOUN:1
interrègne	NOUN:1
intersection	NOUN:1
intersectionnalité	NOUN:1
intersidéral	ADJ:1
interstellaire	ADJ:1
interstice	NOUN:1
intertextualité	NOUN:1
intervalle	NOUN:1
intervenir	VERB:1
intervention	NOUN:1
interventionnisme	NOUN:1
interventionniste	ADJ:1
interview	NOUN:1
intestin	NOUN:1
intestinal	ADJ:1
intifada	NOUN:1
intime	ADJ:1
intimidation	NOUN:1
intimider	VERB:1
intimiste	ADJ:1
intimité	NOUN:1
intolérable	ADJ:1
intolérance	NOUN:1
intolérant	ADJ:1
intonation	NOUN:1
intouchable	ADJ:1	NOUN:1
intoxiquer	VERB:1
intra	NOUN:1
intracellulaire	ADJ:1
intrados	NOUN:1
intraduisible	ADJ:1
intransigeance	NOUN:1
intransigeant	ADJ:1
intrigant	ADJ:1
intrigue	NOUN:1
intriguer	VERB:1
intrinsèque	ADJ:1
intrinsèquement	ADV:1
introducteur	NOUN:1
introduction	NOUN:1
introduire	VERB:1
introspectif	ADJ:1
introspection	NOUN:1
intrus	ADJ:1	NOUN:1
intruse	NOUN:1
intrusif	ADJ:1
intrusion	NOUN:1
intrépide	ADJ:1
intrépidité	NOUN:1
intubation	NOUN:1
intuitif	ADJ:1
intuition	NOUN:1
intuitivement	ADV:1
intégrable	ADJ:1
intégral	ADJ:1
intégrale	NOUN:1
intégralement	ADV:1
intégralité	NOUN:1
intégrateur	NOUN:1	ADJ:1
intégration	NOUN:1
intégrer	VERB:1
intégrité	NOUN:1
intéressant	NOUN:1
intéressement	NOUN:1
intéresser	VERB:1
intérieur	ADJ:1
intérim	NOUN:1
intérimaire	ADJ:1
intériorisation	NOUN:1
intérioriser	VERB:1
intérêt	NOUN:1
inusité	ADJ:1
inutile	ADJ:1
inutilement	ADV:1
inutilisable	ADJ:1
inutilité	NOUN:1
invaincu	ADJ:1
invalidant	ADJ:1
invalide	ADJ:1
invalider	VERB:1
invariable	ADJ:1
invariablement	ADV:1
invasion	NOUN:1
invective	NOUN:1
inventaire	NOUN:1
inventer	VERB:1
inventeur	NOUN:1
invention	NOUN:1
inverse	ADJ:1	NOUN:1
inversement	ADV:1
inverser	VERB:1
investigateur	ADJ:1
investigation	NOUN:1
investiguer	VERB:1
investir	VERB:1
investissement	NOUN:1
investisseur	NOUN:1
investiture	NOUN:1
invincible	ADJ:1
inviolabilité	NOUN:1
inviolable	ADJ:1
invisibilité	NOUN:1
invisible	ADJ:1
inviter	VERB:1
invocation	NOUN:1
involontaire	ADJ:1
involontairement	X:1
invoquer	VERB:1
invraisemblable	ADJ:1
invulnérabilité	NOUN:1
invulnérable	ADJ:1
inébranlable	ADJ:1
inédit	ADJ:1
inégal	ADJ:1
inégalable	ADJ:1
inégalité	NOUN:1
inéluctable	ADJ:1
inépuisable	ADJ:1
inévitable	ADJ:1
inévitablement	ADV:1
iode	NOUN:2
iodure	NOUN:1
ion	NOUN:1
ionique	ADJ:1
ionisé	ADJ:1
iota	NOUN:1
iran	PROPN:1
iranien	ADJ:1	NOUN:1
irascible	ADJ:1
iridium	NOUN:1
iris	NOUN:2
irisé	ADJ:1
irlandais	ADJ:1	NOUN:1
irlande	PROPN:2
ironie	NOUN:1
ironique	ADJ:1
ironiser	VERB:1
irrationalité	NOUN:1
irrationnel	ADJ:1
irrecevable	ADJ:1
irrespect	NOUN:1
irrespectueux	ADJ:1
irresponsabilité	NOUN:1
irresponsable	ADJ:1
irrigation	NOUN:1
irriguer	VERB:1
irritabilité	NOUN:1
irritation	NOUN:1
irriter	VERB:1
irruption	NOUN:1
irréalité	NOUN:1
irréductible	ADJ:1
irréel	ADJ:1
irréfragable	ADJ:1
irréfutable	ADJ:1
irrégularité	NOUN:1
irrémédiable	ADJ:1
irrémédiablement	ADV:1
irréparable	ADJ:1
irrépressible	ADJ:1
irrésistible	ADJ:1
irréversible	ADJ:1
isaac	PROPN:1
isabelle	PROPN:1
ischémie	NOUN:1
ischémique	ADJ:1
iseult	PROPN:1
iseut	PROPN:1
islam	NOUN:1
islamique	ADJ:1
islamisation	NOUN:1
islamophobe	ADJ:1	NOUN:1
islamophobie	NOUN:1
islandais	ADJ:1	NOUN:1
islande	PROPN:1
isocèle	ADJ:1
isolant	ADJ:1
isolation	NOUN:1
isolationnisme	NOUN:1
isolationniste	ADJ:1
isolement	NOUN:1
isoler	VERB:1
isoloir	NOUN:1
isolément	ADV:1
isomorphisme	NOUN:1
isomère	NOUN:1
isotope	NOUN:1
isotopique	ADJ:1
isotrope	ADJ:1
israélien	ADJ:1	NOUN:1
israélite	ADJ:1
israël	PROPN:1
issu	ADJ:3
issue	NOUN:2
isthme	NOUN:1
italie	PROPN:1
italien	ADJ:1	NOUN:1
italique	ADJ:1	NOUN:1
item	ADV:2	NOUN:1
itinéraire	NOUN:1
itinérance	NOUN:2
itinérant	ADJ:1
itou	ADV:1
itératif	ADJ:1
itération	NOUN:1
ive	NOUN:1
ivg	NOUN:1
ivoire	NOUN:1
ivoirien	ADJ:1	NOUN:1
ivraie	NOUN:1
ivre	ADJ:1
ivresse	NOUN:1
ivrogne	NOUN:1
ivrognerie	NOUN:1
jabot	NOUN:1
jaccard	PROPN:1
jachère	NOUN:1
jacinthe	NOUN:1
jacob	PROPN:1
jacque	X:1
jacqueline	PROPN:1
jacques	PROPN:1
jacuzzi	NOUN:1
jade	NOUN:1
jadis	ADV:1	NOUN:1
jaguar	NOUN:1
jaillir	VERB:1
jais	NOUN:1
jal	X:1
jalon	NOUN:1
jalouser	VERB:1
jalousie	NOUN:2
jaloux	ADJ:2
jamais	ADV:1
jamaïcain	ADJ:1	NOUN:1
jamaïque	PROPN:1
jambe	NOUN:1
jambon	NOUN:1
jante	NOUN:1
janvier	NOUN:1
japon	PROPN:1
japonais	NOUN:2	ADJ:1
jaque	NOUN:1
jaquette	NOUN:1
jardin	NOUN:2
jardinier	NOUN:1
jardinière	NOUN:1
jargon	NOUN:1
jarre	NOUN:1
jarret	NOUN:1
jarretière	NOUN:1
jars	NOUN:1
jaser	VERB:1
jasmin	NOUN:1
jaspe	NOUN:1
jasper	VERB:1
jatte	NOUN:1
jaune	ADJ:1	NOUN:1
jaunisse	NOUN:1
jaunâtre	ADJ:1
java	NOUN:2
javanais	ADJ:1	NOUN:1
javelot	NOUN:1
jazz	NOUN:1
je	PRON:1
jean	ADJ:1	X:2
jeanne	PROPN:1
jeannette	PROPN:1
jeannin	PROPN:1
jeannine	PROPN:1
jeju	NOUN:1
jersey	NOUN:1
jessica	PROPN:1
jet	NOUN:1
jetable	ADJ:1
jeter	VERB:3
jeton	NOUN:1
jetée	NOUN:1
jeu	NOUN:5
jeudi	NOUN:1
jeune	ADJ:1	NOUN:1
jeunesse	NOUN:1
jeunet	ADJ:1
jeunette	ADJ:1
jeunot	NOUN:1
jeûne	NOUN:1
jeûner	VERB:1
jihadiste	ADJ:1	NOUN:1
jo	NOUN:1
joaillerie	NOUN:1
joaillier	NOUN:1
job	NOUN:1
jocelyn	PROPN:1
jocelyne	PROPN:1
jogger	VERB:1
jogging	NOUN:1
joie	NOUN:1
joindre	VERB:1
jointure	NOUN:1
joker	NOUN:1
joli	ADJ:1
joliment	ADV:2
jonas	NOUN:1
jonathan	PROPN:2
jonc	NOUN:1
jonction	NOUN:1
jonglage	NOUN:1
jongler	VERB:1
jonglerie	NOUN:1
jongleur	NOUN:1
jonquille	NOUN:1
jordan	PROPN:1
jordanie	PROPN:1
jordanien	NOUN:1	ADJ:1
joseph	PROPN:1
jospin	PROPN:1
josselin	PROPN:1
josé	PROPN:1
jouabilité	NOUN:1
jouable	ADJ:1
joual	ADJ:1
jouer	VERB:3
jouet	NOUN:1
joueur	NOUN:1
joufflu	ADJ:1
joug	NOUN:1
jouir	VERB:1
jouissance	NOUN:1
joule	NOUN:1
jour	NOUN:1
journal	NOUN:1
journalier	ADJ:1	NOUN:1
journalisme	NOUN:1
journaliste	NOUN:1
journellement	ADV:1
journée	NOUN:1
joute	NOUN:1
jovial	ADJ:1
jovialité	NOUN:1
joyau	NOUN:1
joyeusement	ADV:1
joyeux	ADJ:1
joël	PROPN:1
joëlle	PROPN:1
jsp	X:1
jubilation	NOUN:1
jubiler	VERB:1
jubilé	NOUN:1
jubé	NOUN:1
judas	NOUN:1
judaïque	ADJ:1
judaïsme	NOUN:1
judiciaire	ADJ:1
judiciarisation	NOUN:1
judicieux	ADJ:1
judith	PROPN:1
judo	NOUN:1
judoka	NOUN:1
judéité	NOUN:1
juge	NOUN:1
jugement	NOUN:1
jugeote	NOUN:1
juger	VERB:1
juif	ADJ:1
juillet	NOUN:1
juin	NOUN:1
juiverie	NOUN:1
jules	PROPN:1
julie	PROPN:1
julien	PROPN:1
julienne	NOUN:1
juliette	PROPN:1
jumeau	ADJ:1
jumeler	VERB:1
jumelle	NOUN:1
jument	NOUN:1
jungle	NOUN:1
junte	NOUN:1
jupe	NOUN:1
jura	PROPN:1
jurassique	NOUN:1
jurer	VERB:1
juridiction	NOUN:1
juridictionnel	ADJ:1
juridique	ADJ:1
juridiquement	ADV:1
jurisconsulte	NOUN:1
jurisprudence	NOUN:1
juriste	NOUN:1
juron	NOUN:1
jury	NOUN:1
juré	ADJ:1
jus	NOUN:4
jusque	ADP:1
jusque-là	ADV:1
justaucorps	NOUN:1
juste	ADJ:1
justement	ADV:1
justesse	NOUN:1
justice	NOUN:1
justiciable	ADJ:1
justifiable	ADJ:1
justificatif	NOUN:1
justification	NOUN:1
justifier	VERB:1
jute	ADJ:1	NOUN:1
juteux	ADJ:1
juvénile	ADJ:1
juxtaposition	NOUN:1
jérôme	PROPN:1
jésuite	ADJ:1
jésus	PROPN:1
ka	NOUN:1
kabbale	NOUN:1
kaboul	PROPN:1
kabuki	NOUN:1
kabyle	ADJ:1	NOUN:1
kaiser	NOUN:1
kaki	NOUN:1
kale	NOUN:1
kali	NOUN:1
kaléidoscope	NOUN:1
kamikaze	NOUN:1
kanak	ADJ:1
kangourou	NOUN:1
kaolin	NOUN:1
karaoké	NOUN:1
karaté	NOUN:1
karcher	NOUN:1
karité	NOUN:1
karst	NOUN:1
katana	NOUN:1
katia	PROPN:1
kayak	NOUN:1
kazakh	ADJ:1	NOUN:1
kelvin	NOUN:1
kermesse	NOUN:1
ketchup	NOUN:1
keuf	NOUN:1
keynésianisme	NOUN:1
keynésien	ADJ:1
khan	NOUN:1
khmer	NOUN:1	ADJ:1
kibboutz	NOUN:1
kidnapping	NOUN:1
kif	NOUN:1
kiffer	VERB:1
kiki	NOUN:2
kilo	NOUN:1
kilogramme	NOUN:1
kilomètre	NOUN:1
kilowatt	NOUN:1
kilt	NOUN:1
kimono	NOUN:1
kino	NOUN:1
kiné	NOUN:1
kinésiologie	NOUN:1
kinésithérapeute	NOUN:1
kinésithérapie	NOUN:1
kiosque	NOUN:1
kippa	NOUN:1
kir	NOUN:1
kitsch	ADJ:1
kiwi	NOUN:1
klaxon	NOUN:1
klaxonner	VERB:1
kleenex	NOUN:1
klingon	NOUN:1
koala	NOUN:1
kol	ADJ:1
kora	NOUN:1
kosovo	PROPN:1
krach	NOUN:1
krill	NOUN:1
kriss	NOUN:1
krypton	NOUN:1
kryptonite	NOUN:1
kurde	ADJ:1
kyrielle	NOUN:1
kyste	NOUN:1
kéké	NOUN:1
kényan	NOUN:1
képi	NOUN:1
kératine	NOUN:1
kérosène	NOUN:1
labbé	PROPN:1
label	NOUN:4
labelle	PROPN:1
labeur	NOUN:1
labonté	PROPN:1
laboratoire	NOUN:1
laborieux	ADJ:1
labour	NOUN:1
labourer	VERB:1
laboureur	NOUN:1
labyrinthe	NOUN:1
labyrinthique	ADJ:1
lac	NOUN:1
lacet	NOUN:1
laconique	ADJ:1
lacroix	PROPN:1
lacrymal	ADJ:1
lacrymogène	ADJ:1
lactation	NOUN:1
lactique	ADJ:1
lactose	NOUN:1
lacunaire	ADJ:1
lacune	NOUN:1
lacustre	ADJ:1
lagon	NOUN:1
lagune	NOUN:1
lahore	NOUN:1
lai	NOUN:1
laid	ADJ:2
laideur	NOUN:1
laine	NOUN:1
laineux	ADJ:1
laisser	VERB:1
laissez-passer	NOUN:1
lait	NOUN:1
laiteux	ADJ:1
laitier	NOUN:1
laiton	NOUN:1
laitue	NOUN:1
lama	NOUN:1
lamantin	NOUN:1
lambada	NOUN:1
lambeau	NOUN:1
lambert	PROPN:1
lambris	NOUN:1
lame	NOUN:6
lamentation	NOUN:1
lamentations	NOUN:1
laminage	NOUN:1
laminer	VERB:1
lampadaire	NOUN:1
lampe	NOUN:1
lampion	NOUN:1
lamé	NOUN:1
lance-grenade	NOUN:1
lancement	NOUN:1
lancer	VERB:1
lancinant	ADJ:1
landau	NOUN:1
lande	NOUN:1
landgrave	NOUN:1
langage	NOUN:1
lange	NOUN:1
langer	VERB:1
langoureux	ADJ:1
langouste	NOUN:1
langue	NOUN:2
languedoc	PROPN:1
languedoc-roussillon	NOUN:1
langueur	NOUN:1
languir	VERB:1
lanière	NOUN:1
lanterne	NOUN:1
lao	NOUN:1
laos	PROPN:1
laotien	NOUN:1
laparotomie	NOUN:1
lapidaire	ADJ:1	NOUN:1
lapidation	NOUN:1
lapider	VERB:1
lapin	NOUN:1
laps	NOUN:1
lapsus	NOUN:1
laptop	NOUN:1
laquais	NOUN:1
laque	NOUN:1
larcin	NOUN:1
lard	NOUN:1
lardon	NOUN:1
large	ADJ:3
largement	ADV:1
largeur	NOUN:1
larguer	VERB:1
larme	NOUN:1
larmoyant	ADJ:1
larron	NOUN:1
larve	NOUN:1
laryngite	NOUN:1
larynx	NOUN:1
larzac	PROPN:1
las	ADJ:1
lasagne	NOUN:1
lasser	VERB:1
lassitude	NOUN:1
lasso	NOUN:1
last	NOUN:1
latent	ADJ:1
latin	ADJ:1	NOUN:1
latino-américain	NOUN:1	ADJ:1
latitude	NOUN:1
latrines	NOUN:1
latte	NOUN:1
latter	VERB:2
latéral	ADJ:1
latéralement	ADV:1
laurence	PROPN:1
laurent	PROPN:1
laurentien	ADJ:1
laurie	PROPN:1
laurier	NOUN:1
lauréat	ADJ:1
lavable	ADJ:1
lavabo	NOUN:1
lavage	NOUN:1
lavande	NOUN:1	ADJ:1
lave	NOUN:1
lavement	NOUN:1
laver	VERB:1
lavoir	NOUN:1
laxatif	ADJ:1	NOUN:1
laxisme	NOUN:1
laxiste	ADJ:1
layette	NOUN:1
lazaret	NOUN:1
lazy	ADJ:1
laïc	ADJ:1	NOUN:1
laïcisme	NOUN:1
laïcité	NOUN:1
laïque	ADJ:1
le	DET:1
leader	NOUN:1
lecteur	NOUN:1
lectorat	NOUN:1
lecture	NOUN:1
ledit	DET:1
legs	NOUN:1
leishmaniose	NOUN:1
leitmotiv	NOUN:1
lek	NOUN:1
lemme	NOUN:1
lemoine	PROPN:1
lendemain	NOUN:1
lent	ADJ:1
lentement	ADV:1
lenteur	NOUN:1
lentille	X:1
lequel	PRON:2
lesbien	ADJ:1	NOUN:1
lesbienne	NOUN:1
leslie	PROPN:1
lessive	NOUN:1
lessiver	VERB:1
lest	NOUN:1
lester	VERB:1
letton	ADJ:1	NOUN:1
lettonie	PROPN:1
lettre	NOUN:1
lettré	ADJ:1
leucémie	NOUN:1
leur	PRON:1
leurre	NOUN:1
leurrer	VERB:1
lev	NOUN:1
levage	NOUN:1
levain	NOUN:1
lever	VERB:4	NOUN:3
levier	NOUN:1
levrette	NOUN:1
levure	NOUN:1
lexical	ADJ:1
lexique	NOUN:1
leçon	NOUN:1
lgbt	ADJ:1
lgbti	X:1
liaison	NOUN:1
liane	NOUN:1
liban	PROPN:1
libanais	ADJ:1	NOUN:1
libelle	NOUN:1
libellule	NOUN:1
liber	NOUN:1
libertaire	ADJ:1	NOUN:1
liberticide	ADJ:1	NOUN:1
libertin	ADJ:1	NOUN:1
liberté	NOUN:1
libidineux	ADJ:1
libido	NOUN:1
libraire	NOUN:1
librairie	NOUN:3
libre	ADJ:1
libre-échange	NOUN:1
librement	ADV:1
librettiste	NOUN:1
libye	PROPN:1
libyen	NOUN:1	ADJ:1
libéral	ADJ:1	NOUN:1
libéralisme	NOUN:1
libéralité	NOUN:1
libérateur	ADJ:1	NOUN:1
libération	NOUN:1
libérer	VERB:1
libérien	ADJ:1
licence	NOUN:1
licenciement	NOUN:1
licencier	VERB:1
licencieux	ADJ:1
lichen	NOUN:1
licorne	NOUN:1
liechtenstein	PROPN:1
lied	NOUN:1
lien	NOUN:5
lier	VERB:1
lierre	NOUN:1
liesse	NOUN:1
lieu	NOUN:3
lieue	NOUN:1
lieutenant	NOUN:2
lieutenant-colonel	NOUN:1
lieutenant-général	NOUN:1
ligament	NOUN:1
ligature	NOUN:1
lignage	NOUN:1
ligne	NOUN:1
ligneux	ADJ:3	NOUN:1
lignine	NOUN:1
lignite	NOUN:1
lignée	NOUN:1
ligoter	VERB:1
ligue	NOUN:1
like	NOUN:1
lilas	NOUN:1
lilian	PROPN:1
liliane	PROPN:1
lille	PROPN:1
limace	NOUN:1
limage	NOUN:1
limbe	NOUN:1
limbes	NOUN:1
limbique	ADJ:1
limbourgeois	NOUN:1
lime	NOUN:1
limer	VERB:1
limier	NOUN:1
liminaire	ADJ:1	NOUN:1
limitation	NOUN:1
limite	NOUN:1
limiter	VERB:1
limitrophe	ADJ:1
limoger	VERB:1
limon	NOUN:1
limonade	NOUN:1
limousin	ADJ:1	NOUN:1
limousine	NOUN:1
limpide	ADJ:1
limpidité	NOUN:1
lin	NOUN:1
linceul	NOUN:2
lincoln	NOUN:1
linette	NOUN:1
linge	NOUN:1
lingerie	NOUN:1
lingot	NOUN:1
lingue	NOUN:1
linguiste	NOUN:1
linguistique	ADJ:1	NOUN:1
linotte	NOUN:1
linteau	NOUN:1
linéaire	ADJ:1
lion	NOUN:4	PROPN:1
lionceau	NOUN:1
lionel	PROPN:1
liposuccion	NOUN:1
liqueur	NOUN:1
liquidation	NOUN:1
liquide	ADJ:1	NOUN:1
liquider	VERB:1
liquidité	NOUN:1
liquéfaction	NOUN:1
liquéfier	VERB:1
lire	VERB:2	NOUN:1
lisbonne	PROPN:1
liseron	NOUN:1
liseré	NOUN:1
lisette	PROPN:1
liseuse	NOUN:1
lisier	NOUN:1
lisière	NOUN:1
lisse	ADJ:1
lisser	VERB:1
lisseur	NOUN:1
liste	PROPN:1
lister	VERB:1
lit	NOUN:1
litchi	NOUN:1
lithique	ADJ:1
lithium	NOUN:1
lithographe	NOUN:1
lithographie	NOUN:1
litige	NOUN:1
litière	NOUN:1
litote	NOUN:1
litre	NOUN:1
littoral	ADJ:1
littéraire	ADJ:1
littéral	ADJ:1
littéralement	ADV:1
littératie	NOUN:1
littérature	NOUN:1
lituanie	PROPN:1
lituanien	ADJ:1	NOUN:1
liturgie	NOUN:1
livide	ADJ:1
livonie	NOUN:1
livraison	NOUN:1
livre	NOUN:2
livrer	VERB:3
livresque	ADJ:1
livret	NOUN:1
livreur	NOUN:1
liège	NOUN:1
lièvre	NOUN:1
loa	NOUN:1
lobby	NOUN:1
lobbyiste	NOUN:1
lobe	NOUN:1
lobotomie	NOUN:1
lobé	ADJ:1
local	ADJ:1
localement	ADV:1
localisation	NOUN:1
localiser	VERB:1
localité	NOUN:1
locataire	NOUN:1
locatif	ADJ:1
location	NOUN:1
loch	NOUN:1
locomotion	NOUN:1
locomotive	NOUN:1
locus	NOUN:1
locuteur	NOUN:1
locution	NOUN:1
logarithme	NOUN:1
logarithmique	ADJ:1
loge	NOUN:1
logement	NOUN:1
loger	VERB:1
loggia	X:1
logiciel	ADJ:1	NOUN:2
logique	ADJ:1	NOUN:1
logiquement	ADV:1
logistique	NOUN:1
logo	NOUN:1
logorrhée	NOUN:1
logotype	NOUN:1
loi	NOUN:1
loin	ADV:1
lointain	ADJ:1
loir	NOUN:1
loisir	NOUN:1
lol	INTJ:1
lolita	NOUN:1
lombaire	ADJ:1
lombard	NOUN:1
londonien	ADJ:1	NOUN:1
londres	PROPN:1
long	ADJ:1
longer	VERB:1
longiligne	ADJ:1
longitude	NOUN:1
longtemps	ADV:1
longuement	ADV:1
longueur	NOUN:1
longévité	NOUN:1
loquace	ADJ:1
loque	NOUN:1
loquet	NOUN:1
lorgnette	NOUN:1
lori	NOUN:1
lorient	NOUN:1
loriot	NOUN:1
lorsque	SCONJ:1
losange	NOUN:1
lot	NOUN:3
loterie	NOUN:1
lotion	NOUN:1
lotissement	NOUN:1
lotte	NOUN:1
lotus	NOUN:1
louable	ADJ:1
louange	NOUN:1
louche	ADJ:1	NOUN:1
loucher	VERB:1
louer	VERB:1
louis	PROPN:1
louise	PROPN:1
loup	NOUN:1
loup-garou	NOUN:1
loupe	NOUN:1
lourd	ADJ:2
lourdeur	NOUN:1
lourdingue	ADJ:1
loutre	NOUN:1
louve	NOUN:1
louveteau	NOUN:1
louvoyer	VERB:1
lover	VERB:1
loyal	ADJ:1
loyalement	ADV:1
loyauté	NOUN:1
loyer	NOUN:1
lsd	NOUN:1
lubie	NOUN:1
lubrification	NOUN:1
lubrifier	VERB:1
lubrique	ADJ:1
luc	X:1
lucarne	NOUN:1
lucas	X:1
lucerne	PROPN:2
lucide	ADJ:1
lucidité	NOUN:1
lucienne	PROPN:1
luciole	NOUN:1
ludique	ADJ:1
ludothèque	NOUN:1
lueur	NOUN:1
luge	NOUN:1
lugubre	ADJ:1
lui	PRON:2
luire	VERB:1
luisant	ADJ:1
lumen	NOUN:1
luminaire	NOUN:1
luminance	NOUN:1
luminescence	NOUN:1
lumineux	ADJ:1
luminosité	NOUN:1
lumière	NOUN:1
lunaire	ADJ:1
lunatique	ADJ:1	NOUN:1
lundi	NOUN:1
lune	NOUN:1	PROPN:1
lunel	NOUN:1
lunette	NOUN:1
lupanar	NOUN:1
lupin	NOUN:1	ADJ:1
lupus	NOUN:1
lusophone	ADJ:1
lustre	NOUN:1
lustrer	VERB:1
luth	NOUN:1
lutherie	NOUN:1
luthier	NOUN:1
luthéranisme	NOUN:1
luthérien	ADJ:1	NOUN:1
lutin	NOUN:1
lutrin	NOUN:1
lutte	NOUN:1
lutter	VERB:1
lux	NOUN:1
luxe	NOUN:1
luxembourg	PROPN:1
luxembourgeois	NOUN:1	ADJ:1
luxueux	ADJ:1
luxure	NOUN:1
luzerne	NOUN:1
lviv	PROPN:1
lycée	NOUN:1
lymphe	NOUN:1
lymphome	NOUN:1
lynchage	NOUN:1
lyncher	VERB:1
lynx	NOUN:1
lyon	PROPN:1
lyre	NOUN:1
lyrique	ADJ:1
lyrisme	NOUN:1
là	ADV:1
là-bas	ADV:1
lâcher	VERB:1
lætitia	PROPN:1
lèpre	NOUN:1
lès	ADP:1
lèvre	NOUN:1
lé	NOUN:1
léa	PROPN:1
lécher	VERB:1
légal	ADJ:1
légalement	ADV:1
légalisation	NOUN:1
légaliser	VERB:1
légalité	NOUN:1
légat	NOUN:2
légataire	NOUN:1
légation	NOUN:4
légendaire	ADJ:1
légende	NOUN:1
léger	ADJ:1
légiférer	VERB:1
légion	NOUN:1
légionnaire	NOUN:1
législateur	NOUN:1
législation	NOUN:1
législature	NOUN:1
légitimation	NOUN:1
légitime	ADJ:1
légitimement	ADV:1
légitimer	VERB:1
légitimiste	NOUN:1
légitimité	NOUN:1
léguer	VERB:1
légume	NOUN:3
légèrement	ADV:1
légèreté	NOUN:1
léninisme	NOUN:1
léniniste	ADJ:1	NOUN:1
léonais	ADJ:1	NOUN:1
léopard	NOUN:1
lépreux	ADJ:1
léproserie	NOUN:1
léser	VERB:1
lésiner	VERB:1
lésion	NOUN:1
létal	ADJ:1
léthargie	NOUN:1
léthargique	ADJ:1
léviathan	NOUN:1
lévitation	NOUN:1
lévite	NOUN:1
léviter	VERB:1
lévitique	ADJ:1
lévrier	NOUN:1
lévêque	PROPN:1
lézard	NOUN:1
ma	DET:1
maa	NOUN:1
maboul	ADJ:1	NOUN:1
macabre	ADJ:1
macadam	NOUN:1
macao	PROPN:1
macaque	NOUN:1
macareux	NOUN:1
macaron	NOUN:1
macaroni	NOUN:1
maccarthysme	NOUN:1
machette	NOUN:1
machiavélique	ADJ:1
machiavélisme	NOUN:1
machin	NOUN:1
machination	NOUN:1
machine	NOUN:1
machinerie	NOUN:1
machiniste	NOUN:1
machisme	NOUN:1
machiste	ADJ:1
macho	ADJ:1	NOUN:1
macramé	NOUN:1
macron	NOUN:1
macronisme	NOUN:1
macroscopique	ADJ:1
macroéconomie	NOUN:1
macumba	NOUN:1
macédoine	PROPN:1
macédonien	ADJ:1	NOUN:1
madagascar	PROPN:1
madame	NOUN:1
madeleine	PROPN:1
mademoiselle	NOUN:1
madi	NOUN:1
madrague	NOUN:1
madras	NOUN:1
madrid	PROPN:1
madrigal	NOUN:1
madrilène	NOUN:1	ADJ:1
madère	NOUN:1
maestro	NOUN:1
mafia	NOUN:1
magasin	NOUN:1
magazine	NOUN:1
mage	NOUN:1
magenta	NOUN:1
maghrébin	ADJ:1	NOUN:1
magicien	NOUN:1
magie	NOUN:1
magique	ADJ:1
magistral	ADJ:1
magistrat	NOUN:2
magistrature	NOUN:1
magistère	NOUN:1
magma	NOUN:1
magnanime	ADJ:1
magnanimité	NOUN:1
magnat	NOUN:1
magnificat	NOUN:1
magnifier	VERB:1
magnifique	ADJ:4
magnon	NOUN:1
magnum	NOUN:1
magnésium	NOUN:1
magnétique	ADJ:1
magnétiseur	NOUN:1
magnétisme	NOUN:1
magnétite	NOUN:1
magnétophone	NOUN:1
magnétoscope	NOUN:1
magouille	NOUN:1
maharaja	NOUN:1
mai	NOUN:1
maigre	ADJ:1
maigreur	NOUN:1
maigrichon	ADJ:1
maigrir	VERB:1
maille	NOUN:1
maillet	NOUN:1
maillon	NOUN:1
maillot	NOUN:3
main	NOUN:1
main-d'œuvre	NOUN:1
mainmise	NOUN:2
maint	ADJ:1
maintenant	ADV:1
maintenir	VERB:1
maire	NOUN:1
mairesse	NOUN:1
mairie	NOUN:1
mais	CCONJ:1
maison	NOUN:1
maisonnette	NOUN:1
maja	NOUN:1
majestueux	ADJ:1
majesté	NOUN:1
majeur	ADJ:1	NOUN:1
major	NOUN:2
majorat	NOUN:1
majordome	NOUN:1
majorité	NOUN:1
majuscule	NOUN:1	ADJ:1
mal	NOUN:3
malachite	NOUN:1
malade	ADJ:1
maladie	NOUN:1
maladif	ADJ:1
maladresse	NOUN:1
maladroit	ADJ:1
maladroitement	ADV:1
malais	ADJ:1	NOUN:1
malaise	NOUN:1
malaisie	PROPN:1
malaisien	NOUN:1	ADJ:1
malaisé	ADJ:1
malaria	NOUN:1
malawi	PROPN:1
malbec	NOUN:1
malbouffe	NOUN:1
malchance	NOUN:1
malchanceux	ADJ:1
malentendu	NOUN:1
malfaisant	ADJ:1
malfaiteur	NOUN:1
malformation	NOUN:1
malfrat	NOUN:1
malgache	ADJ:1	NOUN:1
malgré	ADP:1
malhabile	ADJ:1
malheur	NOUN:1
malheureusement	ADV:1
malheureux	ADJ:1
malhonnête	ADJ:1
malhonnêteté	NOUN:1
mali	PROPN:1
malice	NOUN:1
malicieusement	ADV:1
malicieux	ADJ:1
malien	NOUN:1
malin	ADJ:1
malingre	ADJ:1
malle	NOUN:1
mallette	NOUN:1
malmener	VERB:1
malnutrition	NOUN:1
malotru	NOUN:1
malouin	ADJ:1	NOUN:1
malpoli	ADJ:1
malsain	ADJ:1
malt	NOUN:1
maltais	ADJ:1	NOUN:1
malte	PROPN:1
malthusianisme	NOUN:1
maltraitance	NOUN:1
maltraiter	VERB:1
malveillance	NOUN:1
malveillant	ADJ:1
malédiction	NOUN:1
maléfique	ADJ:1
mam	NOUN:1
maman	NOUN:1
mambo	NOUN:1
mamelle	NOUN:1
mamelon	NOUN:2
mamie	NOUN:1
mammaire	ADJ:1
mammifère	ADJ:1
mammographie	NOUN:1
mammouth	NOUN:1
manager	NOUN:1
manche	NOUN:1
manchette	NOUN:1
manchot	ADJ:6	NOUN:2
mandala	NOUN:1
mandant	NOUN:1
mandarin	NOUN:1
mandarine	NOUN:1
mandat	NOUN:1
mandataire	NOUN:1
mandater	VERB:1
mander	VERB:1
mandibule	NOUN:1
mandingue	ADJ:1	NOUN:1
mandoline	NOUN:1
mandragore	NOUN:1
mandrin	NOUN:1
manette	NOUN:1
manga	NOUN:1
mangaka	NOUN:1
manganèse	NOUN:1
mangeable	ADJ:1
mangeoire	NOUN:1
manger	VERB:1	NOUN:1
mangeur	NOUN:1
mangouste	NOUN:1
mangrove	NOUN:1
mangue	NOUN:1
manguier	NOUN:1
maniabilité	NOUN:1
maniable	ADJ:1
manichéen	ADJ:1
manichéisme	NOUN:1
manie	NOUN:1
maniement	NOUN:1
manier	VERB:1
manifestante	NOUN:1
manifestation	NOUN:1
manifeste	ADJ:1	NOUN:1
manifestement	ADV:1
manifester	VERB:1
manille	NOUN:1
manioc	NOUN:1
manipulable	ADJ:1
manipulation	NOUN:1
manipuler	VERB:1
manitou	NOUN:2
manivelle	NOUN:1
manière	NOUN:1
maniérisme	NOUN:1
maniéré	ADJ:1
mannequin	NOUN:1
mannequinat	NOUN:1
manoir	NOUN:1
manomètre	NOUN:1
manque	NOUN:1
manquer	VERB:2
mansarde	NOUN:1
manse	NOUN:1
mansuétude	NOUN:1
mante	NOUN:1
manteau	NOUN:1
mantel	NOUN:1
manticore	NOUN:1
mantoue	PROPN:1
mantra	NOUN:1
manucure	NOUN:1
manuel	ADJ:1	NOUN:1
manuellement	ADV:1
manufacture	NOUN:1
manufacturier	ADJ:1
manuscrit	ADJ:1	NOUN:1
manutention	NOUN:1
manège	NOUN:3
manœuvre	NOUN:2
manœuvrer	VERB:1
maori	NOUN:1
maoïsme	NOUN:1
maoïste	ADJ:1	NOUN:1
mappemonde	NOUN:1
mapuche	NOUN:1
maquereau	NOUN:1
maquette	NOUN:1
maquillage	NOUN:1
maquiller	VERB:1
maquilleur	NOUN:1
maquis	NOUN:1
marabout	NOUN:1
maracas	NOUN:1
marais	NOUN:2
marasme	NOUN:1
marathon	NOUN:1
maraudeur	NOUN:1
maraîchage	NOUN:1
maraîcher	NOUN:1
marble	NOUN:1
marbre	NOUN:1
marbré	ADJ:1	NOUN:1
marc	PROPN:1
marcel	NOUN:1
marchand	NOUN:1	ADJ:1
marchandage	NOUN:1
marchander	VERB:1
marchandise	NOUN:1
marche	NOUN:1
marchepied	NOUN:1
marcher	VERB:1
marcheur	NOUN:1
marché	NOUN:1
marcotte	NOUN:1
mardi	NOUN:1
mare	NOUN:1
marelle	NOUN:1
margarine	NOUN:1
margarita	NOUN:1
marge	NOUN:1
margelle	NOUN:1
marginal	ADJ:1
marginalisation	NOUN:1
marginalité	NOUN:1
margot	PROPN:1
marguerite	PROPN:1
mari	NOUN:1
maria	PROPN:1
mariage	NOUN:1
marian	PROPN:1
marianne	PROPN:1
marie	PROPN:1
marielle	PROPN:1
marier	VERB:1
marijuana	NOUN:1
marin	NOUN:1
marina	NOUN:1
marinade	NOUN:1
marine	NOUN:1
marinette	NOUN:1
marinier	ADJ:1	NOUN:1
marion	PROPN:2
marionette	NOUN:1
marionnette	NOUN:1
marionnettiste	NOUN:1
maritime	ADJ:1
mariée	ADJ:1
marjolaine	NOUN:1
marketing	NOUN:1
marlin	NOUN:1
marmaille	NOUN:1
marmelade	NOUN:1
marmite	NOUN:1
marmiton	NOUN:2
marmonner	VERB:1
marmotte	NOUN:1
marne	NOUN:1
maroc	PROPN:1
marocain	NOUN:1	ADJ:1
marois	PROPN:1
maroquin	NOUN:1
maroquinerie	NOUN:1
marque	NOUN:1
marquer	VERB:1
marqueterie	NOUN:1
marquis	NOUN:1
marquisat	NOUN:1
marquise	NOUN:1
marrant	ADJ:1
marron	NOUN:1	ADJ:1
mars	NOUN:2	PROPN:1
marsault	NOUN:1
marseillais	ADJ:1	NOUN:1
marseille	PROPN:1
marsouin	NOUN:1
marteau	NOUN:1
marteler	VERB:1
martial	ADJ:1
martien	NOUN:1
martin	PROPN:2
martineau	PROPN:1
martinet	NOUN:1
martre	NOUN:1
martyr	NOUN:1
martyre	NOUN:1
martyriser	VERB:1
martyrologe	NOUN:1
marxisme	NOUN:1
marxiste	ADJ:1
maryse	NOUN:1
marâtre	NOUN:1
marécage	NOUN:1
maréchal	NOUN:1
maréchale	NOUN:1
marée	NOUN:1
mas	NOUN:1
mascarade	NOUN:1
mascarpone	NOUN:1
masculin	ADJ:2
masculinité	NOUN:1
masia	NOUN:1
masochisme	NOUN:1
masque	NOUN:1
massacre	NOUN:1
massacrer	VERB:1
massage	NOUN:1
masse	NOUN:1
massenet	PROPN:1
masser	VERB:3
massif	ADJ:1	NOUN:1
massue	NOUN:1
mastectomie	NOUN:1
mastication	NOUN:1
mastodonte	NOUN:1
masturbateur	NOUN:1
masturbation	NOUN:1
masturber	VERB:1
masure	NOUN:1
mat	ADJ:1	NOUN:1
matamore	ADJ:1
match	NOUN:1
matelas	NOUN:1
matelot	NOUN:1
maternité	NOUN:1
math	NOUN:1
mathias	PROPN:1
mathématicien	NOUN:1
mathématique	NOUN:1
matin	NOUN:1
matinal	ADJ:1
matinée	NOUN:1
matière	NOUN:1
matraque	NOUN:1
matriarcat	NOUN:1
matriarche	NOUN:1
matrice	NOUN:1
matriciel	ADJ:1
matricule	NOUN:1
matrimonial	ADJ:1
matthieu	X:1
maturité	NOUN:1
maté	NOUN:1
matérialiser	VERB:1
matérialisme	NOUN:1
matérialité	NOUN:1
matériau	NOUN:1
matériel	NOUN:1
matériellement	ADV:1
maudire	VERB:1
maure	ADJ:1	NOUN:1
mauresque	NOUN:1
maurice	PROPN:1
mauricien	NOUN:1	ADJ:1
mauritanien	NOUN:1
maurois	PROPN:1
mauser	NOUN:1
mausolée	NOUN:1
maussade	ADJ:1
mauvais	ADJ:1
mauve	ADJ:1	NOUN:1
mauviette	NOUN:1
maxillaire	ADJ:1	NOUN:1
maximal	ADJ:1
maxime	NOUN:1
maximisation	NOUN:1
maximiser	VERB:1
maximum	ADJ:1	NOUN:1
maya	ADJ:1	NOUN:1
mayonnaise	NOUN:1
maçon	NOUN:1
maçonnerie	NOUN:1
maître	NOUN:3
maîtresse	NOUN:1
maîtrise	NOUN:1
maîtriser	VERB:1
maïeutique	NOUN:1	ADJ:1
maïs	NOUN:1
mci	X:1
mdr	INTJ:1
me	PRON:1
mec	NOUN:4
mecha	NOUN:1
meeting	NOUN:1
meilleur	NOUN:1
melon	NOUN:1
membrane	NOUN:1
membre	NOUN:1
menace	NOUN:1
menacer	VERB:1
mendiant	NOUN:1
mendicité	NOUN:1
mendier	VERB:1
mener	VERB:1
meneur	NOUN:1
menhir	NOUN:1
menin	NOUN:1
menotte	NOUN:1
menotter	VERB:1
menottes	NOUN:1
mensonge	NOUN:1
menstruation	NOUN:1
mensuel	ADJ:1
mensuellement	ADV:1
mental	ADJ:1
mentalement	ADV:1
mentaliste	NOUN:1
mentalité	NOUN:1
menteur	ADJ:1	NOUN:1
menthe	NOUN:1
menthol	NOUN:1
mention	NOUN:1
mentionner	VERB:1
mentir	VERB:1
menton	NOUN:1
mentor	NOUN:1
mentorat	NOUN:1
menu	NOUN:1
menuet	NOUN:1
menuiserie	NOUN:1
menuisier	NOUN:1
mer	NOUN:1
mercantile	ADJ:1
mercantilisme	NOUN:1
mercatique	NOUN:1
mercenaire	ADJ:1
mercerie	NOUN:1
merci	NOUN:1	INTJ:1
mercredi	NOUN:1	INTJ:1
mercure	NOUN:1
mercurial	ADJ:1
mercurochrome	NOUN:1
merde	NOUN:5	INTJ:3
merder	VERB:1
merdeux	ADJ:3	NOUN:1
merengue	NOUN:1
meringue	NOUN:1
merisier	NOUN:1
merlan	NOUN:1
merle	ADJ:1	NOUN:1
merlin	NOUN:1
merlu	NOUN:1
mertens	NOUN:1
merveille	NOUN:1
merveilleux	ADJ:1
mes	DET:1
mesa	NOUN:1
mesquin	ADJ:1
mesquinerie	NOUN:1
message	NOUN:1
messager	NOUN:1
messagerie	NOUN:1
messe	NOUN:1
messidor	NOUN:1
messie	NOUN:1
mesurable	ADJ:1
mesure	NOUN:1
mesurer	VERB:1
mesureur	ADJ:1	NOUN:1
mets	NOUN:1
mettre	VERB:1
meuble	ADJ:1	NOUN:1
meubler	VERB:1
meuh	INTJ:1
meule	NOUN:1
meunier	NOUN:1
meunière	NOUN:1
meurtre	NOUN:1
meurtrier	ADJ:1
meute	NOUN:1
mexicain	ADJ:1	NOUN:1
mexico	PROPN:1
mexique	PROPN:1
mezzanine	NOUN:1
mgf	NOUN:1
mi	NOUN:1
miam	INTJ:1
miaou	INTJ:1	NOUN:2
miaulement	NOUN:1
miauler	VERB:1
mica	NOUN:1
michaud	PROPN:1
miche	NOUN:1
michel	PROPN:1
michelle	PROPN:1
micmac	NOUN:1
micro-onde	NOUN:1
microbiologie	NOUN:1
microbiologique	ADJ:1
microbiologiste	NOUN:1
microbiote	NOUN:1
microclimat	NOUN:1
microcosme	NOUN:1
microfilm	NOUN:1
micromètre	NOUN:1
micron	NOUN:1
microphone	NOUN:1
microprocesseur	NOUN:1
microscope	NOUN:1
microscopie	NOUN:1
microscopique	ADJ:1
miction	NOUN:1
midi	NOUN:1
mie	NOUN:1
miel	NOUN:1
mielleux	ADJ:1
mien	PRON:1
miette	NOUN:1
mieux	NOUN:1
mignon	ADJ:1
migraine	NOUN:1
migrant	NOUN:1
migration	NOUN:1
mijoter	VERB:1
mikado	NOUN:1
milan	PROPN:1
mildiou	NOUN:1
mile	NOUN:1
milice	NOUN:1
milicien	NOUN:1
milieu	NOUN:3
militaire	ADJ:1	NOUN:1
militant	ADJ:1	NOUN:1
militantisme	NOUN:1
militarisme	NOUN:1
mille	ADJ:1	NOUN:1
millefeuille	NOUN:1
millet	NOUN:1
milliard	NOUN:1
millier	NOUN:1
milligramme	NOUN:1
millimètre	NOUN:1
million	NOUN:1
millionaire	ADJ:1
millionième	NOUN:1
millionnaire	NOUN:1
millième	NOUN:1
millénaire	NOUN:1
millénium	NOUN:1
millésime	NOUN:1
mime	NOUN:1
mimosa	NOUN:2
mimétisme	NOUN:1
minable	ADJ:1
minaret	NOUN:1
mince	ADJ:1	INTJ:2
minceur	NOUN:1
mincir	VERB:1
mine	NOUN:7
miner	VERB:1
minerai	NOUN:1
minet	NOUN:1
mineur	ADJ:2	NOUN:3
miniature	NOUN:1
minibus	NOUN:1
minier	ADJ:1
minijupe	NOUN:1
minimalement	ADV:1
minimalisme	NOUN:1
minimum	ADJ:1
ministre	NOUN:1
ministère	NOUN:1
minisérie	NOUN:1
minorité	NOUN:1
minou	NOUN:1
minuit	NOUN:1
minuscule	NOUN:1
minute	NOUN:1	VERB:2
minuterie	NOUN:1
minuteur	NOUN:1
minéral	NOUN:1
minéralogie	NOUN:1
minéralogique	ADJ:1
miocène	NOUN:1
mirabelle	NOUN:1
miracle	NOUN:1
miraculeux	ADJ:1
mirador	NOUN:1
mirage	NOUN:2
mirande	NOUN:1
mirobolant	NOUN:1
miroir	NOUN:1
misaine	NOUN:1
misanthrope	NOUN:1	ADJ:1
misanthropie	NOUN:1
mise	NOUN:1
miser	VERB:1
miso	NOUN:1
misogyne	NOUN:1	ADJ:1
misogynie	NOUN:1
missel	NOUN:1
missile	ADJ:1
mission	NOUN:1
missionnaire	ADJ:1
mistral	PROPN:1
misère	NOUN:1
misérable	ADJ:1
miséreux	ADJ:1	NOUN:1
miséricorde	NOUN:1
miséricordieux	ADJ:1
mitaine	NOUN:1
mitan	NOUN:1
mite	NOUN:1
mitose	NOUN:1
mitrailler	VERB:1
mitraillette	NOUN:1
mitrailleuse	NOUN:2
mitre	NOUN:1
miura	NOUN:1
mixte	ADJ:1
mixture	NOUN:1
mièvrerie	NOUN:1
mlle	X:1
mme	X:1
mnémotechnique	NOUN:1
mobile	ADJ:1
mobilier	ADJ:1	NOUN:1
mobilisateur	ADJ:1
mobilisation	NOUN:1
mobiliser	VERB:1
mobilité	NOUN:1
moche	ADJ:1
modalité	NOUN:1
mode	NOUN:1
modelage	NOUN:1
modeler	VERB:1
modem	NOUN:1
moderne	ADJ:1
modernisme	NOUN:1
modernité	NOUN:1
modeste	ADJ:1
modestie	NOUN:1
modification	NOUN:1
modifier	VERB:1
modique	ADJ:1
modiste	NOUN:1
modo	NOUN:1
modulaire	ADJ:1
module	NOUN:1
moduler	VERB:1
modulo	NOUN:1
modèle	NOUN:1
modéliser	VERB:1
modérateur	NOUN:1
modération	NOUN:1
modérer	VERB:1
modéré	ADJ:1
moelle	NOUN:1
moelleux	ADJ:1
moi	PRON:1
moi-même	PRON:1
moignon	NOUN:1
moine	NOUN:1
moineau	NOUN:1
moins	ADV:1
moire	NOUN:1
mois	NOUN:1
moisi	ADJ:1	NOUN:1
moisir	VERB:1
moisissure	NOUN:1
moisson	NOUN:1
moissonner	VERB:1
moissonneuse	NOUN:1
moite	ADJ:1
moitié	NOUN:1
mojito	NOUN:1
molaire	NOUN:1
moldave	NOUN:1
moldavie	PROPN:1
moldu	NOUN:1
mole	NOUN:1
mollah	NOUN:1
mollesse	NOUN:1
mollet	NOUN:1	ADJ:1
mollusque	NOUN:1
molosse	NOUN:1
molybdène	NOUN:1
molène	NOUN:1
moléculaire	ADJ:1
molécule	NOUN:1
moment	NOUN:1
momie	NOUN:1
momification	NOUN:1
mon	DET:1
monachisme	NOUN:1
monaco	PROPN:1
monarchie	NOUN:1
monarchique	ADJ:1
monarchiste	ADJ:1	NOUN:1
monarque	NOUN:1
monastère	NOUN:1
monceau	NOUN:1
mondain	ADJ:1	NOUN:1
monde	NOUN:1
mondial	ADJ:1
mondialisation	NOUN:1
mondialiste	ADJ:1	NOUN:1
mongol	ADJ:1	NOUN:1
mongolie	PROPN:1
monique	PROPN:1
monisme	NOUN:1
moniteur	NOUN:1
monnaie	NOUN:1
monnayer	VERB:1
monochrome	ADJ:1	NOUN:1
monocle	NOUN:1
monocorde	NOUN:1	ADJ:1
monoculture	NOUN:1
monocycle	NOUN:1
monogamie	NOUN:1
monogramme	NOUN:1
monographie	NOUN:1
monolithe	ADJ:1	NOUN:1
monolithique	ADJ:1
monologue	NOUN:1
mononucléose	NOUN:1
monoplace	ADJ:1	NOUN:1
monopole	NOUN:1
monopoliser	VERB:1
monopolistique	ADJ:1
monorail	ADJ:1	NOUN:1
monothéisme	NOUN:1
monothéiste	ADJ:1	NOUN:1
monotone	ADJ:1
monotonie	NOUN:1
monoxyde	NOUN:1
monseigneur	NOUN:1
monsieur	NOUN:5
monstre	NOUN:1
monstrueux	ADJ:1
mont	NOUN:1
montage	NOUN:1
montagnais	NOUN:1
montagnard	ADJ:1
montagne	NOUN:1
montagneux	ADJ:1
montant	NOUN:1
monter	VERB:4
montevideo	PROPN:1
montfort	PROPN:1
montgolfière	NOUN:1
monticule	NOUN:1
montjoie	NOUN:1
montrer	VERB:1
montréal	PROPN:3
montréalais	NOUN:1
monture	NOUN:1
montée	NOUN:1
monténégrin	ADJ:1
monténégro	PROPN:1
monument	NOUN:1
monumental	ADJ:1
monégasque	ADJ:1	NOUN:1
monétaire	ADJ:1
moquer	VERB:1
moquerie	NOUN:1
moraine	NOUN:1
moral	ADJ:1	NOUN:2
moralement	ADV:1
moralisateur	ADJ:1	NOUN:1
moralisation	NOUN:1
moraliser	VERB:1
moralisme	NOUN:1
morbide	ADJ:1
morbidité	NOUN:1
morceau	NOUN:4
mordant	ADJ:1	NOUN:1
mordre	VERB:1
more	NOUN:1	ADJ:1
morgue	NOUN:1
moribond	ADJ:1
mormon	NOUN:1
morne	ADJ:1
morose	ADJ:1
morphine	NOUN:1
morphologie	NOUN:1
morphologique	ADJ:1
morphologiquement	ADV:1
morphée	NOUN:1
morpion	NOUN:1
mors	NOUN:3
morse	NOUN:1
morsure	NOUN:2
mort	NOUN:2	ADJ:1
mortalité	NOUN:1
mortel	ADJ:1
mortellement	ADV:1
mortier	NOUN:1
mortification	NOUN:1
mortifère	ADJ:1
mortuaire	ADJ:1
morue	NOUN:1
morve	NOUN:1
morveux	ADJ:1	NOUN:1
mosaïque	NOUN:1	ADJ:1
moscou	PROPN:1
moscovite	NOUN:1
mosquée	NOUN:1
mot	NOUN:1
mot-valise	NOUN:1
motel	NOUN:1
motet	NOUN:1
moteur	NOUN:1
motif	NOUN:2
motilité	NOUN:1
motivation	NOUN:1
motiver	VERB:1
moto	NOUN:1
motocross	NOUN:1
motocyclette	NOUN:1
motoneige	NOUN:1
motorisation	NOUN:1
motte	NOUN:1
mou	ADJ:2
mouais	INTJ:1
mouche	NOUN:1
moucher	VERB:2
moucheron	NOUN:1
mouchoir	NOUN:1
moudre	VERB:1
moue	NOUN:1
mouette	NOUN:1
moufle	NOUN:1
moui	INTJ:1
mouillage	NOUN:1
mouille	NOUN:1
mouiller	VERB:3
mouillé	ADJ:2
moule	NOUN:1
mouler	VERB:1
moulin	NOUN:1
moult	ADV:2
mourir	VERB:1
mousquet	NOUN:1
mousquetaire	NOUN:1
mousse	NOUN:4	ADJ:2
mousseline	NOUN:2
mousser	VERB:1
mousseux	ADJ:1
mousson	NOUN:1
moustache	NOUN:1
moustachu	ADJ:1
moustiquaire	NOUN:1
moustique	NOUN:2
moutarde	NOUN:1
mouton	NOUN:2
mouvement	NOUN:1
mouvementé	ADJ:1
mouvoir	VERB:1
moyen	ADJ:1
moyennant	ADP:3
moyenne	NOUN:1
moyeu	NOUN:1
mozambicain	NOUN:1
mozambique	PROPN:1
mozzarella	NOUN:1
moût	NOUN:1
mrp	X:1
mst	NOUN:1
mu	ADV:1
mucus	NOUN:1
muer	VERB:1
muesli	NOUN:1
muet	ADJ:1
muezzin	NOUN:1
muffin	NOUN:1
mufle	NOUN:1	ADJ:1
mufti	NOUN:1
muguet	NOUN:1
mule	NOUN:1
mulet	NOUN:1
muletier	NOUN:1
multicolore	ADJ:1
multiculturel	ADJ:1
multidisciplinaire	ADJ:1
multiethnique	ADJ:1
multifonction	ADJ:1
multijoueur	ADJ:1
multilatéral	ADJ:1
multilingue	ADJ:1
multimédia	ADJ:1
multipartisme	NOUN:1
multipartite	ADJ:1
multiplateforme	ADJ:1
multiple	ADJ:1
multiplication	NOUN:1
multiplicité	NOUN:1
multiplier	VERB:1
multirécidiviste	NOUN:1
multitude	NOUN:1
multitâche	ADJ:1
multivers	NOUN:1
mulâtre	NOUN:1	ADJ:1
munich	PROPN:1
municipal	ADJ:1
municipalité	NOUN:1
munir	VERB:3
munition	NOUN:1
munster	NOUN:1
muqueuse	NOUN:1
muqueux	ADJ:1
mur	NOUN:1
muraille	NOUN:1
mural	ADJ:1	NOUN:1
muret	NOUN:1
muriel	PROPN:1
murmure	NOUN:1
murmurer	VERB:1
musc	NOUN:1
muscat	NOUN:1
muscle	NOUN:1
muscler	VERB:1
musclé	ADJ:1
musculaire	ADJ:1
musculature	NOUN:1
musculeux	ADJ:1
museau	NOUN:1
museler	VERB:1
muselière	NOUN:1
musical	ADJ:1
musicalement	ADV:1
musicalité	NOUN:1
musicien	NOUN:1
musicologie	NOUN:1
musicologue	NOUN:1
musique	NOUN:1
musqué	ADJ:1
mustang	NOUN:1
musulman	ADJ:1	NOUN:1
musée	NOUN:1
muséologie	NOUN:1
mutation	NOUN:1
mutilation	NOUN:1
mutiler	VERB:1
mutinerie	NOUN:1
mutisme	NOUN:1
mutualité	NOUN:1
mutuel	ADJ:1
mycologie	NOUN:1
mycose	NOUN:1
mycélium	NOUN:1
myocarde	NOUN:1
myopathie	NOUN:1
myope	ADJ:1
myopie	NOUN:1
myosotis	NOUN:1
myriade	NOUN:1
myriam	PROPN:1
myrrhe	NOUN:1
myrte	NOUN:1
myrtille	NOUN:1
mysticisme	NOUN:1
mystification	NOUN:1
mystique	ADJ:1	NOUN:1
mystère	NOUN:1
mystérieusement	ADV:1
mystérieux	ADJ:1
mythe	NOUN:1
mythique	ADJ:1
mythologie	NOUN:1
mythologique	ADJ:1
mythomane	ADJ:1
mythomanie	NOUN:1
myéline	NOUN:1
mâche	NOUN:1
mâcher	VERB:1
mâchicoulis	NOUN:1
mâchoire	NOUN:2
mâle	ADJ:1	NOUN:2
mât	NOUN:1
mèche	NOUN:1
mème	NOUN:1
mère	NOUN:1
mètre	NOUN:1
méandre	NOUN:1
mécanicien	NOUN:1
mécanique	ADJ:1	NOUN:1
mécaniquement	ADV:1
mécanisation	NOUN:1
mécanisme	NOUN:1
méchanceté	NOUN:1
méchant	ADJ:3
méconnaissable	ADJ:1
méconnaissance	NOUN:1
méconnaître	VERB:1
mécontentement	NOUN:1
mécontenter	VERB:1
mécène	NOUN:1
mécénat	NOUN:1
médaille	NOUN:1
médecin	NOUN:1
médecine	NOUN:1
médiathèque	NOUN:1
médiation	NOUN:1
médiatique	ADJ:1
médiatiser	VERB:1
médiatrice	NOUN:1
médical	ADJ:1
médicament	NOUN:1
médication	NOUN:1
médicinal	ADJ:1
médico-légal	ADJ:1
médiocre	ADJ:1
médiocrité	NOUN:1
médire	VERB:1
médisance	NOUN:1
médisant	ADJ:1
méditation	NOUN:1
méditer	VERB:1
méditerranéen	ADJ:1
médium	NOUN:1
médiéval	ADJ:1
médullaire	ADJ:1
méduse	NOUN:1
mée	NOUN:1
méfait	NOUN:1
méfiance	NOUN:1
méfiant	ADJ:1
méfier	VERB:1
mégalomane	ADJ:1
mégalomanie	NOUN:1
mégaphone	NOUN:1
mégot	NOUN:1
mégère	NOUN:1
méiose	NOUN:1
mélamine	NOUN:1
mélancolie	NOUN:1
mélancolique	ADJ:1	NOUN:1
mélange	NOUN:1
mélanger	VERB:1
mélangeur	NOUN:1
mélanie	PROPN:1
mélanine	NOUN:1
mélanome	NOUN:1
mélasse	NOUN:1
mélatonine	NOUN:1
mélisse	NOUN:1
mélodie	NOUN:1
mélodieux	ADJ:1
mélodique	ADJ:1
mélomane	ADJ:1
mélopée	NOUN:1
mélèze	NOUN:1
mémento	NOUN:1
mémoire	NOUN:1
mémorable	ADJ:1
mémorandum	NOUN:1
mémorial	NOUN:1
mémé	NOUN:1
ménage	NOUN:2
ménager	ADJ:2	NOUN:1	VERB:3
ménagerie	NOUN:1
ménagère	ADJ:2
ménestrel	NOUN:1
méningite	NOUN:1
ménisque	NOUN:1
ménopause	NOUN:1
méprendre	VERB:1
mépris	NOUN:1
méprisable	ADJ:1
mépriser	VERB:1
méridien	NOUN:1
méridional	ADJ:1	NOUN:1
mérinos	NOUN:1
méritant	ADJ:1
mérite	NOUN:1
mériter	VERB:1
méritocratie	NOUN:1
méritoire	ADJ:1
mérou	NOUN:1
mérovingien	NOUN:1
mésange	NOUN:1
mésaventure	NOUN:1
mésentérique	ADJ:1
mésolithique	ADJ:1
métabolique	ADJ:1
métabolisme	NOUN:1
métal	NOUN:1
métallique	ADJ:1
métallurgie	NOUN:1
métallurgique	ADJ:1
métallurgiste	NOUN:1
métamorphe	NOUN:1
métamorphique	ADJ:1
métamorphose	NOUN:1
métaphore	NOUN:1
métaphorique	ADJ:1
métaphoriquement	ADV:1
métaphysique	NOUN:1	ADJ:1
métastase	NOUN:1
métastatique	ADJ:1
métayer	NOUN:1
méthadone	NOUN:1
méthane	NOUN:1
méthanol	NOUN:1
méthionine	NOUN:1
méthode	NOUN:3
méthodique	ADJ:1
méthodiste	ADJ:1	NOUN:1
méthodologie	NOUN:1
méthyle	NOUN:1
méthylène	NOUN:1
méticuleusement	ADV:1
méticuleux	ADJ:1
métier	NOUN:1	ADJ:1
métis	ADJ:1	NOUN:1
métissage	NOUN:1
métonymie	NOUN:1
métrage	NOUN:1
métrique	ADJ:1
métro	NOUN:1
métrologie	NOUN:1
métronome	NOUN:1
métropole	NOUN:1
métropolitain	ADJ:1	NOUN:1
métèque	NOUN:2
météo	NOUN:1
météore	NOUN:1
météorite	NOUN:1
météorologie	NOUN:1
météorologique	ADJ:1
météorologue	NOUN:1
mêler	VERB:1
même	ADJ:1	ADV:1
môle	NOUN:1
mûr	ADJ:1
mûre	NOUN:1
mûrier	NOUN:1
mûrir	VERB:1
mœurs	NOUN:2
nabab	NOUN:1
nabot	ADJ:1
nacelle	NOUN:1
nacre	NOUN:1
nacré	ADJ:1
nada	PRON:1
nadir	NOUN:1
nag	NOUN:1
nageoire	NOUN:1
nager	VERB:1
nageur	ADJ:1
nahum	PROPN:1
nain	ADJ:1	NOUN:1
naissance	NOUN:1
nak	NOUN:1
namibie	PROPN:1
nana	NOUN:1
nancéien	ADJ:1
nanisme	NOUN:1
nanotechnologie	NOUN:1
napalm	NOUN:1
naples	PROPN:1
napolitain	ADJ:1	NOUN:1
napoléon	NOUN:1
nappe	NOUN:1
napperon	NOUN:1
narbonnais	ADJ:1
narcisse	NOUN:1
narcissisme	NOUN:1
narco	NOUN:1
narcolepsie	NOUN:1
narcotique	ADJ:1
narcotrafic	NOUN:1
nard	NOUN:1
narguilé	NOUN:1
narine	NOUN:1
narquois	ADJ:1
narrateur	NOUN:1
narratif	ADJ:1
narration	NOUN:1
narrer	VERB:1
narthex	NOUN:1
narval	NOUN:1
nasal	ADJ:1	NOUN:1
nasse	NOUN:1
nat	X:1
nata	NOUN:1
natal	ADJ:1
natalité	NOUN:1
natation	NOUN:1
nathalie	PROPN:1
natif	ADJ:1
nation	NOUN:1
national	ADJ:1
nationalisation	NOUN:1
nationaliser	VERB:1
nationalisme	NOUN:1
nationaliste	ADJ:1	NOUN:1
nationalité	NOUN:1
nativité	NOUN:1
natte	NOUN:1
naturalisation	NOUN:1
naturaliser	VERB:1
naturaliste	NOUN:1
nature	NOUN:1
naturel	ADJ:1
naturellement	ADV:1
naturisme	NOUN:1
naufrage	NOUN:1
naufragé	NOUN:1
nauru	PROPN:1
nausée	NOUN:1
nauséeux	ADJ:1
navajo	NOUN:1
naval	ADJ:1
navarin	NOUN:1
navarrais	NOUN:1	ADJ:1
navarre	PROPN:1
navet	NOUN:1
navette	NOUN:1
navigable	ADJ:1
navigant	NOUN:1
navigation	NOUN:1
naviguer	VERB:1
navire	NOUN:1
nawak	NOUN:2	PRON:3
nazaréen	ADJ:1
nazisme	NOUN:1
naître	VERB:1
naïade	NOUN:1
naïf	ADJ:1
naïvement	ADV:1
naïveté	NOUN:1
nbc	ADJ:1
ne	PART:1
nectaire	NOUN:1
nectar	NOUN:1
nef	NOUN:1
neige	NOUN:1
neiger	VERB:1
neigeux	ADJ:1
nem	NOUN:1
nerf	NOUN:1
nerveux	ADJ:1
nervosité	NOUN:1
nervure	NOUN:1
net	ADJ:1	ADV:1	NOUN:1
nettement	ADV:1
netteté	NOUN:1
nettoyage	NOUN:1
nettoyant	ADJ:1
nettoyer	VERB:1
nettoyeur	ADJ:1	NOUN:1
neuf	NUM:1	ADJ:1
neurobiologie	NOUN:1
neurochirurgie	NOUN:1
neurochirurgien	NOUN:1
neurologie	NOUN:1
neurologue	NOUN:1
neuronal	ADJ:1
neurone	NOUN:1
neuropathie	NOUN:1
neuroscience	NOUN:1
neurotoxique	ADJ:1	NOUN:1
neurotransmetteur	NOUN:1
neutralisation	NOUN:1
neutralité	NOUN:1
neutre	ADJ:1
neutron	NOUN:1
neuvaine	NOUN:1
neuvième	ADJ:1	NOUN:1
neveu	NOUN:1
newton	NOUN:1
nexus	NOUN:1
ney	NOUN:1
nez	NOUN:1
ni	CCONJ:1
niais	ADJ:1
niaiserie	NOUN:1
nicaragua	PROPN:1
niche	NOUN:1
nicher	VERB:1
nichon	NOUN:1
nickel	NOUN:1
nicolas	PROPN:1
nicolette	PROPN:1
nicotine	NOUN:1
nid	NOUN:1
nier	VERB:1
niger	PROPN:1
nigeria	PROPN:1
nigérian	NOUN:1
nigérien	ADJ:1	NOUN:1
nihilisme	NOUN:1
nihiliste	NOUN:1	ADJ:1
nine	NOUN:1
ninette	PROPN:1
niobium	NOUN:1
niquer	VERB:1
nit	NOUN:1
nitrate	NOUN:1
nitrique	ADJ:1
nitrite	NOUN:1
nitroglycérine	NOUN:1
niveau	NOUN:1
niveler	VERB:1
nivellement	NOUN:1
nivôse	NOUN:1
niçois	ADJ:1
nièce	NOUN:1
no	X:1
noble	ADJ:2	NOUN:1
noblesse	NOUN:1
noce	NOUN:1
nocif	ADJ:1
nocivité	NOUN:1
noctambule	ADJ:3
nocturne	ADJ:1
nodule	NOUN:1
noir	ADJ:7
noirceur	NOUN:1
noirci	ADJ:1
noircir	VERB:1
noirâtre	ADJ:1
noisetier	NOUN:1
noisette	NOUN:1
noix	NOUN:1
nom	NOUN:2
nomade	ADJ:1	NOUN:1
nomadisme	NOUN:1
nombre	NOUN:2
nombreux	ADJ:1
nombril	NOUN:1
nombrilisme	NOUN:1
nomen	NOUN:1
nomenclature	NOUN:1
nominal	ADJ:1
nominatif	NOUN:1
nomination	NOUN:1
nominer	VERB:1
nommer	VERB:1
non	ADV:1
non-lieu	NOUN:1
non-violent	ADJ:1
nonante	NUM:1
nonchalant	ADJ:1
none	NOUN:1
nonne	NOUN:1
nono	ADV:1	NOUN:1
nonobstant	SCONJ:1	ADP:1
nope	NOUN:2	INTJ:1
noradrénaline	NOUN:1
norbert	PROPN:1
nord	NOUN:1	ADJ:1
nord-est	NOUN:1
nord-nord-ouest	NOUN:1
nord-ouest	NOUN:1	ADJ:1
nordique	ADJ:1
nordiste	ADJ:1
noria	NOUN:1
normal	ADJ:1
normalement	ADV:1
normaliser	VERB:1
normalité	NOUN:1
normand	ADJ:1	NOUN:1
normandie	PROPN:1
normatif	ADJ:1
norme	NOUN:1
norvège	PROPN:1
norvégien	ADJ:1	NOUN:1
nostalgie	NOUN:1
nostalgique	ADJ:1
notable	ADJ:1
notaire	NOUN:1
notamment	ADV:1
notation	NOUN:1
note	NOUN:1
noter	VERB:1
notice	NOUN:3
notification	NOUN:1
notifier	VERB:1
notion	NOUN:2
notoriété	NOUN:1
notre	DET:1
nouer	VERB:1
nougat	NOUN:1
nouille	NOUN:1
nounou	NOUN:1
nounours	NOUN:1
nourrice	NOUN:1
nourrir	VERB:1
nourrisson	NOUN:1
nourriture	NOUN:1
nous	PRON:2
nouveau	ADJ:1
nouveauté	NOUN:1
nouvelle-zélande	PROPN:1
nouvellement	ADV:1
nova	NOUN:1
novateur	ADJ:1
novation	NOUN:1
novembre	NOUN:1
novlangue	NOUN:1
noyade	NOUN:1
noyau	NOUN:1
noyer	NOUN:1	VERB:2
noël	PROPN:1
nsdap	X:1
nu	ADJ:1
nuage	NOUN:2
nuageux	ADJ:1
nuance	NOUN:1
nuancer	VERB:1
nucléaire	ADJ:1
nudisme	NOUN:1
nudiste	ADJ:1
nudité	NOUN:1
nuire	VERB:1
nuisance	NOUN:4
nuisette	NOUN:1
nuisible	ADJ:1
nuit	NOUN:1
nuitamment	ADV:1
nuitée	NOUN:1
nul	PRON:1
nullité	NOUN:1
numismatique	ADJ:1	NOUN:1
numération	NOUN:1
numérique	ADJ:1
numériser	VERB:1
numéro	NOUN:1
numéroter	VERB:1
nunuche	ADJ:1
nuptial	ADJ:1
nuque	NOUN:1
nutriment	NOUN:1
nutritif	ADJ:1
nutrition	NOUN:1
nylon	NOUN:1
nymphe	NOUN:1
nymphomane	ADJ:1	NOUN:1
nègre	NOUN:1
néanmoins	ADV:1
néant	NOUN:2
nébuleuse	NOUN:1
nébuleux	ADJ:1
nécessaire	ADJ:1
nécessiter	VERB:1
nécessiteux	ADJ:1
nécessité	NOUN:1
nécrologie	NOUN:1
nécromancie	NOUN:1
nécromancien	ADJ:1
nécropole	NOUN:1
nécrose	NOUN:1
néerlandais	NOUN:1	ADJ:1
néfaste	ADJ:1
négation	NOUN:1
négationnisme	NOUN:1
négationniste	ADJ:1
négligeable	ADJ:1
négligence	NOUN:1
négligent	ADJ:1
négliger	VERB:1
négligé	ADJ:1	NOUN:1
négoce	NOUN:1
négociable	ADJ:1
négociation	NOUN:1
négocier	VERB:1
négrier	NOUN:1
négritude	NOUN:1
némésis	NOUN:1
nénuphar	NOUN:1
néné	NOUN:1
néo-zélandais	NOUN:1	ADJ:1
néocolonialisme	NOUN:1
néolibéral	ADJ:1	NOUN:1
néolibéralisme	NOUN:1
néolithique	ADJ:1
néologisme	NOUN:1
néon	NOUN:1
néophyte	ADJ:1	NOUN:1
népalais	NOUN:1	ADJ:1
néphrologie	NOUN:1
népotisme	NOUN:1
névralgie	NOUN:1
névralgique	ADJ:1
névrose	NOUN:1
névrotique	ADJ:1	NOUN:1
nô	NOUN:1
nôtre	ADJ:1
nœud	NOUN:5
oasis	NOUN:1
objecter	VERB:1
objecteur	NOUN:1
objectif	ADJ:1	NOUN:1
objection	NOUN:1
objectivité	NOUN:1
objet	NOUN:1
oblast	NOUN:1
obligataire	NOUN:1
obligation	NOUN:1
obligatoire	ADJ:1
obligeance	NOUN:1
obliger	VERB:1
oblong	ADJ:1
obole	NOUN:1
obscur	ADJ:1
obscurantisme	NOUN:1
obscurcir	VERB:1
obscurité	NOUN:1
obscène	ADJ:1
obscénité	NOUN:1
observable	ADJ:1
observance	NOUN:1
observation	NOUN:1
observatoire	NOUN:1
observer	VERB:1
obsession	NOUN:1
obsidienne	NOUN:1
obsolète	ADJ:1
obstacle	NOUN:1
obstination	NOUN:1
obstiner	VERB:1
obstiné	ADJ:1
obstinément	ADV:1
obstruction	NOUN:1
obstruer	VERB:1
obstétricien	NOUN:1
obstétrique	NOUN:1
obsédant	ADJ:1
obséder	VERB:1
obtempérer	VERB:1
obtenir	VERB:1
obtention	NOUN:1
obturateur	NOUN:1
obturation	NOUN:1
obtus	ADJ:1
obus	NOUN:1
obèse	ADJ:1	NOUN:1
obéir	VERB:1
obéissance	NOUN:1
obéissant	ADJ:1
obélisque	NOUN:1
obésité	NOUN:1
oc	NOUN:1
oca	NOUN:1
ocarina	NOUN:1
occasion	NOUN:1
occasionnellement	ADV:1
occident	NOUN:1
occidental	ADJ:1
occidentalisation	NOUN:1
occipital	ADJ:1
occire	VERB:1
occitan	ADJ:1	NOUN:1
occitane	NOUN:1
occlusion	NOUN:1
occultation	NOUN:1
occulter	VERB:1
occultisme	NOUN:1
occupation	NOUN:1
occuper	VERB:1
occurrence	NOUN:1
ocde	NOUN:1
ocelot	NOUN:1
ocre	NOUN:1
octave	NOUN:1
octet	NOUN:1
octobre	NOUN:1
octogonal	ADJ:1
octogone	ADJ:1	NOUN:1
octroi	NOUN:1
octroyer	VERB:1
octuple	ADJ:1
oculaire	ADJ:1	NOUN:1
oculus	NOUN:1
ocytocine	NOUN:1
océan	NOUN:1
océanie	PROPN:1
océanique	ADJ:1
océanographe	NOUN:1
océanographie	NOUN:1
odd	NOUN:1
ode	NOUN:1
odette	PROPN:1
odeur	NOUN:1
odieux	ADJ:2
odontologie	NOUN:1
odorant	ADJ:1
odorat	NOUN:1
odyssée	NOUN:1
offensant	ADJ:1
offense	NOUN:1
offenser	VERB:1
offensif	ADJ:1
offensive	NOUN:1
offertoire	NOUN:1
office	NOUN:1
officialiser	VERB:1
officiel	ADJ:1	NOUN:1
officiellement	ADV:1
officier	NOUN:1
officieux	ADJ:1
offrande	NOUN:1
offrir	VERB:1
offset	NOUN:1
offshore	X:1
ogive	NOUN:1
ogre	NOUN:1
ogresse	NOUN:1
oh	INTJ:1
ohm	NOUN:1
oie	NOUN:1
oignon	NOUN:1
oint	ADJ:1
oiseau	NOUN:1
oiseleur	NOUN:1
oisif	ADJ:1
oisillon	NOUN:1
oisiveté	NOUN:1
ok	INTJ:1
okapi	NOUN:1
okay	INTJ:1
ol	PRON:1
olfactif	ADJ:1
olfaction	NOUN:1
oligarchie	NOUN:1
oligarchique	ADJ:1
oligarque	NOUN:1
oligocène	NOUN:1
oligopole	NOUN:1
olive	NOUN:3
oliveraie	NOUN:1
olivier	PROPN:1
olivine	NOUN:1
olonne	NOUN:1
olympiade	NOUN:1
olympique	ADJ:1
olé	INTJ:1
oléagineux	ADJ:1
oléoduc	NOUN:1
oman	PROPN:1
ombilic	NOUN:1
ombragé	ADJ:1
ombre	NOUN:4
ombrelle	NOUN:1
ombudsman	NOUN:1
omelette	NOUN:1
omerta	NOUN:1
omettre	VERB:1
omission	NOUN:1
omnibus	ADJ:3	NOUN:1
omnipotence	NOUN:1
omnipotent	ADJ:1
omniprésence	NOUN:1
omniprésent	ADJ:1
omniscience	NOUN:1
omniscient	ADJ:1
omnivore	ADJ:1
omoplate	NOUN:1
oms	NOUN:1
oméga	NOUN:1
on	PRON:8
onanisme	NOUN:1
once	NOUN:2
oncle	NOUN:1
oncologie	NOUN:1
oncologue	NOUN:1
onction	NOUN:1
onde	NOUN:2
ondine	NOUN:1
ondulant	ADJ:1
ondulation	NOUN:1
ondulatoire	ADJ:1
onduler	VERB:1
onduleur	NOUN:1
ong	X:1
ongle	NOUN:2
onglet	NOUN:1
onguent	NOUN:1
onirique	ADJ:1
onomastique	NOUN:1
onomatopée	NOUN:1
onsen	NOUN:1
ontologie	NOUN:1
ontologique	ADJ:1
onu	X:1
onyx	NOUN:1
onze	NOUN:1
onzième	ADJ:1	NOUN:1
onéreux	ADJ:1
opacité	NOUN:1
opale	NOUN:1
opaque	ADJ:1
opercule	NOUN:1
opex	NOUN:1
ophtalmique	ADJ:1
ophtalmologie	NOUN:1
ophtalmologiste	NOUN:1
ophtalmologue	NOUN:1
opinion	NOUN:1
opiniâtre	ADJ:1
opium	NOUN:1
opossum	NOUN:1
opportun	ADJ:1
opportunisme	NOUN:1
opportunité	NOUN:1
opportunément	ADV:1
opposable	ADJ:1
opposant	ADJ:1	NOUN:1
opposer	VERB:1
opposition	NOUN:1
oppresseur	NOUN:1
oppression	NOUN:1
opprimer	VERB:1
opprobre	NOUN:1
opter	VERB:1
opticien	NOUN:1
optimisation	NOUN:1
optimiser	VERB:1
optimisme	NOUN:1
optimiste	ADJ:1
option	NOUN:1
optionnel	ADJ:1
optique	ADJ:1	NOUN:1
opulence	NOUN:1
opulent	ADJ:1
opus	NOUN:1
opuscule	NOUN:1
opéra	NOUN:1
opérateur	NOUN:1
opération	NOUN:1
opérer	VERB:1
or	ADV:1	CCONJ:1	NOUN:1	ADJ:1
oracle	NOUN:3
orage	NOUN:1
orageux	ADJ:1
oraison	NOUN:1
oral	ADJ:1
orange	ADJ:1	NOUN:1
oranger	NOUN:1
orangé	ADJ:1
orateur	NOUN:1
orbe	NOUN:1
orbital	ADJ:1
orbite	NOUN:1
orbiter	VERB:1
orc	NOUN:1
orchestre	NOUN:1
orchestrer	VERB:1
orchidée	NOUN:1
orchis	NOUN:1
ordi	NOUN:1
ordinaire	ADJ:1	NOUN:1
ordinairement	ADV:1
ordinal	ADJ:1
ordinateur	NOUN:1
ordination	NOUN:1
ordonnance	NOUN:1
ordonner	VERB:2
ordovicien	NOUN:1
ordre	NOUN:1
ordure	NOUN:1
oreille	NOUN:1
oreiller	NOUN:1
oreillette	NOUN:1
oreillons	NOUN:1
orfèvre	NOUN:1
orfèvrerie	NOUN:1
organe	NOUN:1
organique	ADJ:1
organiquement	ADV:1
organisation	NOUN:1
organisationnel	ADJ:1
organiser	VERB:1
organisme	NOUN:1
organiste	NOUN:1
orgasme	NOUN:1
orge	NOUN:1
orgie	NOUN:1
orgue	NOUN:1
orgueil	NOUN:1
orgueilleux	ADJ:1
orient	NOUN:1
oriental	ADJ:2
orientalisme	NOUN:1
orientaliste	ADJ:1	NOUN:1
orientation	NOUN:1
orienter	VERB:1
orifice	NOUN:1
oriflamme	NOUN:1
origami	NOUN:1
origan	NOUN:1
originaire	ADJ:1
original	ADJ:1
originalité	NOUN:1
origine	NOUN:1
originel	ADJ:1
orignal	NOUN:1
orme	NOUN:1
ormeau	NOUN:1
ornement	NOUN:1
ornemental	ADJ:1
ornementation	NOUN:1
orner	VERB:1
ornithologie	NOUN:1
ornithologique	ADJ:1
ornithologue	NOUN:1
ornithorynque	NOUN:1
ornière	NOUN:1
orpaillage	NOUN:1
orphelin	ADJ:1
orphelinat	NOUN:1
orque	NOUN:1
orteil	NOUN:1
orthez	PROPN:1
orthodontie	NOUN:1
orthodoxe	ADJ:1
orthodoxie	NOUN:1
orthogonal	ADJ:1
orthographe	NOUN:1
orthographier	VERB:1
orthophonie	NOUN:1
orthophoniste	NOUN:1
orthopédie	NOUN:1
orthopédiste	NOUN:1
ortie	NOUN:1
orée	NOUN:1
os	NOUN:1
oscarisé	ADJ:1
oscillateur	NOUN:1
oscillation	NOUN:1
osciller	VERB:1
oseille	NOUN:1
oser	VERB:2
osier	NOUN:1
oslo	PROPN:1
osmose	NOUN:1
osmotique	ADJ:1
osseux	ADJ:2
ossuaire	NOUN:1
ostende	PROPN:1
ostensible	ADJ:1
ostensiblement	ADV:1
ostensoir	NOUN:1
ostentation	NOUN:1
ostentatoire	ADJ:1
ostracisme	NOUN:1
ostéopathe	NOUN:1
ostéoporose	NOUN:1
otage	NOUN:1
otaku	NOUN:1
otan	X:1
otarie	NOUN:1
otite	NOUN:1
ottawa	PROPN:1
ottoman	ADJ:1
ou	CCONJ:1
ouaf	INTJ:1
ouagadougou	PROPN:1
ouah	INTJ:1
ouais	INTJ:3
ouate	NOUN:1
oubli	NOUN:1
oublier	VERB:1
oued	NOUN:1
ouest	ADJ:1
ouf	INTJ:1
ouganda	PROPN:1
ougandais	NOUN:1
oui	INTJ:3	NOUN:1
ouija	NOUN:1
ouille	INTJ:1
ouin	INTJ:2
ouistiti	NOUN:1	INTJ:1
oups	INTJ:1
ouragan	NOUN:1
ourdou	NOUN:1
ourlet	NOUN:1
ouroboros	NOUN:1
ours	NOUN:1
ourse	NOUN:1
oursin	NOUN:1
ourson	NOUN:2
outarde	NOUN:1
outil	NOUN:1
outillage	NOUN:1
outiller	VERB:1
outre	ADP:2	ADV:1	NOUN:1
outre-mer	NOUN:1
outrecuidance	NOUN:1
outremer	NOUN:1
ouverture	NOUN:1
ouvrage	NOUN:1	VERB:4
ouvre-boîte	NOUN:1
ouvreur	NOUN:1
ouvrier	ADJ:1	NOUN:1
ouvrir	VERB:1
ouvrière	ADJ:1
ouzbek	NOUN:1
ouïe	NOUN:1
ouïghour	ADJ:1
ouïgour	NOUN:1
ovaire	NOUN:1
ovale	ADJ:1	NOUN:1
ovarien	ADJ:1
ove	NOUN:1
overdose	NOUN:1
ovin	NOUN:1
ovni	NOUN:1
ovoïde	ADJ:1
ovulation	NOUN:1
ovule	NOUN:1
oxalate	NOUN:1
oxford	NOUN:1
oxycodone	NOUN:1
oxydant	ADJ:1
oxydase	NOUN:1
oxydation	NOUN:1
oxyde	NOUN:1
oxyder	VERB:1
oxygène	NOUN:2
oxygéner	VERB:1
oxymore	NOUN:1
oye	NOUN:1
ozone	NOUN:1
oïdium	NOUN:1
où	ADV:2
pa	NOUN:1
paca	NOUN:1
pacha	NOUN:1
pacification	NOUN:1
pacifier	VERB:1
pacifique	PROPN:1	ADJ:1
pacifisme	NOUN:1
pacifiste	ADJ:1	NOUN:1
pacotille	NOUN:1
pacte	NOUN:1
pactiser	VERB:1
paddock	NOUN:1
paella	NOUN:1
pagaie	NOUN:1
pagaille	NOUN:1
paganisme	NOUN:1
pagayer	NOUN:1
page	NOUN:1
pagination	NOUN:1
pagne	NOUN:1
pagode	NOUN:1
paiement	NOUN:1
paillasse	NOUN:1
paillasson	NOUN:1
paille	NOUN:1
paillette	NOUN:1
pain	NOUN:1
paintball	NOUN:1
pair	NOUN:1	ADJ:1
paire	NOUN:1
paisible	ADJ:1
paisiblement	ADV:1
paix	NOUN:1
pakistan	PROPN:1
pakistanais	NOUN:1
pal	NOUN:1
pala	NOUN:1
palabre	NOUN:1
paladin	NOUN:1
palais	NOUN:1
palan	NOUN:1
palanquin	NOUN:1
palefrenier	NOUN:1
palerme	PROPN:1
palestinien	NOUN:1	ADJ:1
palette	NOUN:1
palier	NOUN:1
palimpseste	NOUN:1
palindrome	NOUN:1
palissandre	NOUN:1
palladium	NOUN:1
palliatif	ADJ:1
pallier	VERB:1
palmarès	NOUN:1
palme	NOUN:1
palmeraie	NOUN:1
palmier	NOUN:1
palomino	NOUN:1
palourde	NOUN:1
palpable	ADJ:1
palper	VERB:1
palpiter	VERB:1
paludisme	NOUN:1
paléographe	NOUN:1
paléographie	NOUN:1
paléolithique	ADJ:1
paléontologie	NOUN:1
paléontologue	NOUN:1
paléozoïque	ADJ:1
pampa	NOUN:1
pamphlet	NOUN:1
pamplemousse	NOUN:1
pan	NOUN:5
panache	NOUN:1
panaché	ADJ:1	NOUN:1
panacée	NOUN:1
panade	NOUN:1
panafricain	ADJ:1
panafricanisme	NOUN:1
panais	NOUN:1
panama	PROPN:1
panaméen	ADJ:1	NOUN:1
pancake	NOUN:1
pancarte	NOUN:1
pancréas	NOUN:1
pancréatite	NOUN:1
panda	NOUN:1
pandémie	NOUN:1
paneuropéen	ADJ:1
pangolin	NOUN:1
panic	NOUN:1
panier	NOUN:1
panique	ADJ:1	NOUN:1
paniquer	VERB:1
panne	NOUN:1
panneau	NOUN:1
panoplie	NOUN:1
panorama	NOUN:1
panoramique	ADJ:1	NOUN:1
panse	NOUN:1
pansement	NOUN:1
panser	VERB:1
pantalon	NOUN:1
panthère	NOUN:1
panthéisme	NOUN:1
panthéon	NOUN:1
pantin	NOUN:1
pantoufle	NOUN:1
panégyrique	NOUN:1
paon	NOUN:1
papa	NOUN:1
papal	ADJ:1
paparazzi	NOUN:1
papauté	NOUN:1
papaye	NOUN:1
pape	NOUN:1
paperasserie	NOUN:1
papesse	NOUN:1
papeterie	NOUN:1
papier	NOUN:1
papille	NOUN:1
papillomavirus	NOUN:1
papillon	NOUN:1
papillote	NOUN:1
papoter	VERB:1
papouasie	NOUN:1
paprika	NOUN:1
papyrus	NOUN:1
paquebot	NOUN:1
paquet	NOUN:1
par	ADP:7	NOUN:1
par-dessus	X:1
para	NOUN:5
parabole	NOUN:1
parabolique	ADJ:1
parachute	NOUN:1
parachutisme	NOUN:1
parachutiste	NOUN:1
paracétamol	NOUN:1
parader	VERB:1
paradigme	NOUN:1
paradis	NOUN:1
paradisiaque	ADJ:1
paradoxal	ADJ:1
paradoxalement	ADV:1
paradoxe	NOUN:1
parage	NOUN:1
paragraphe	NOUN:1
paraguay	PROPN:1
paraguayen	ADJ:1	NOUN:1
parallèle	ADJ:1	NOUN:1
parallèlement	ADV:1
parallélisme	NOUN:1
parallélogramme	NOUN:1
parallélépipède	NOUN:1
paralympique	ADJ:1
paralyser	VERB:1
paralysie	NOUN:1
paramilitaire	ADJ:1
paramètre	NOUN:1
parangon	NOUN:1
paranormal	ADJ:1	NOUN:1
parapet	NOUN:1
paraphe	NOUN:1
parapher	VERB:1
paraphraser	VERB:1
parapluie	NOUN:1
paraplégique	ADJ:1	NOUN:1
parapsychologie	NOUN:1
parasitaire	ADJ:1
parasite	NOUN:1
parasiter	VERB:1
parasitisme	NOUN:1
parasitologie	NOUN:1
parasol	NOUN:1
paratonnerre	NOUN:1
paravent	NOUN:1
paraître	VERB:3
parbleu	INTJ:1
parc	NOUN:1
parcelle	NOUN:1
parchemin	NOUN:1
parcimonie	NOUN:1
parcourir	VERB:1
parcours	NOUN:1
pardessus	NOUN:1
pardon	NOUN:1	INTJ:1
pardonnable	ADJ:1
pardonner	VERB:1
pare-brise	NOUN:1
pare-feu	NOUN:1
pareil	ADJ:1
pareillement	ADV:1
parenchyme	NOUN:1
parent	ADJ:1	NOUN:3
parentalité	NOUN:1
parenthèse	NOUN:1
parenté	NOUN:1
parer	VERB:1
paresse	NOUN:1
paresseux	ADJ:1
parfait	ADJ:1
parfaitement	ADV:1
parfois	ADV:1
parfum	NOUN:2
parfumer	VERB:1
parfumerie	NOUN:1
parfumeur	NOUN:1
parfumé	ADJ:1
pari	NOUN:1
paria	NOUN:1
parier	VERB:1
parieur	NOUN:1
paris	PROPN:1
parisien	ADJ:1
parité	NOUN:1
pariétal	ADJ:1
parjure	NOUN:1
parking	NOUN:1
parlement	NOUN:1
parlementaire	NOUN:1
parler	VERB:2
parleur	ADJ:1
parmesan	ADJ:1	NOUN:1
parmi	ADP:1
parnasse	NOUN:1
parodie	NOUN:1
parodique	ADJ:1
paroi	NOUN:3
paroisse	NOUN:1
paroissial	ADJ:1
paroissien	NOUN:1
parole	NOUN:3
parolier	NOUN:1
paroxysme	NOUN:1
paroxystique	ADJ:1
parque	VERB:4
parquer	VERB:4
parrain	NOUN:1
parrainage	NOUN:1
parrainer	VERB:1
parricide	NOUN:1	ADJ:1
partager	VERB:3
partenaire	NOUN:1
parterre	NOUN:1
parti	ADJ:1	NOUN:1
partial	ADJ:1
partialité	NOUN:1
participation	NOUN:1
participer	VERB:1
particularité	NOUN:1
particule	NOUN:1
particulier	ADJ:1
particulièrement	ADV:1
partie	NOUN:4
partiel	ADJ:1	NOUN:1
partiellement	ADV:1
partir	VERB:4
partisan	ADJ:1	NOUN:1
partisane	NOUN:1
partition	NOUN:1
partout	ADV:1
parure	NOUN:1
parvenir	VERB:4
parvis	NOUN:1
pas	NOUN:1	ADV:1
pascal	PROPN:2
pascaline	NOUN:1
paseo	NOUN:1
passablement	ADV:1
passage	NOUN:1
passager	ADJ:1	NOUN:1
passeport	NOUN:1
passer	VERB:1
passereau	NOUN:1
passerelle	NOUN:1
passeur	NOUN:3
passif	ADJ:1
passion	NOUN:1
passionnant	ADJ:1
passionner	VERB:1
passionné	ADJ:1
passionnément	ADV:1
passoire	NOUN:1
pastel	NOUN:1
pasteur	NOUN:1
pasteurisation	NOUN:1
pastiche	NOUN:1
pastille	NOUN:1
pastis	NOUN:1
pastèque	NOUN:1
pat	NOUN:1
patate	NOUN:1
pataud	ADJ:1
pataugeoire	NOUN:1
patauger	VERB:1
patch	NOUN:1
patchouli	NOUN:1
patelin	ADJ:1	NOUN:1
patent	ADJ:1
paternalisme	NOUN:1
paternaliste	ADJ:1	NOUN:1
paternel	ADJ:1
paternité	NOUN:2
pathologie	NOUN:1
pathologique	ADJ:1
pathétique	ADJ:1
patiemment	ADV:1
patience	NOUN:1
patient	ADJ:1	NOUN:1
patienter	VERB:1
patin	NOUN:1
patinage	NOUN:1
patiner	VERB:1
patineur	NOUN:1
patinoire	NOUN:1
patio	NOUN:1
patois	NOUN:1
patou	NOUN:1
patriarcal	ADJ:1
patriarcat	NOUN:1
patriarche	NOUN:1
patrice	PROPN:1
patricien	ADJ:1	NOUN:1
patrie	NOUN:1
patrimoine	NOUN:1
patrimonial	ADJ:1
patriote	ADJ:1
patriotique	ADJ:1
patriotisme	PROPN:1
patristique	ADJ:1	NOUN:1
patron	NOUN:1
patronne	NOUN:1
patronyme	NOUN:1
patrouille	NOUN:1
patrouilleur	NOUN:1
patte	NOUN:1
patère	NOUN:1
paul	PROPN:1
paulette	PROPN:1
pauline	PROPN:1
paume	NOUN:1
paupière	NOUN:1
paupérisation	NOUN:1
pause	NOUN:1
pauvre	ADJ:2	NOUN:1
pauvrement	ADV:1
pauvreté	NOUN:1
pavage	NOUN:1
pavaner	VERB:1
pavement	NOUN:1
paver	VERB:1
pavillon	NOUN:1
pavoiser	VERB:1
pavot	NOUN:1
pavé	NOUN:1
payable	ADJ:1
payer	VERB:1
pays	NOUN:1
pays-bas	PROPN:1
paysage	NOUN:1
paysager	ADJ:1
paysagiste	NOUN:1
paysan	ADJ:1	NOUN:1
paître	VERB:1
païen	ADJ:1	NOUN:1
pci	NOUN:1
peau	NOUN:1
peaufiner	VERB:1
pectoral	ADJ:1
pedigree	NOUN:1
peigne	NOUN:1
peigner	VERB:1
peindre	VERB:1
peine	NOUN:1
peiner	VERB:1
peintre	NOUN:1
peinture	NOUN:1
pelage	NOUN:1
peler	VERB:1
pelle	NOUN:1
pellet	PROPN:1
pelleteuse	NOUN:1
pellicule	NOUN:4
pelote	NOUN:3
peloter	VERB:1
peloton	NOUN:1
pelouse	NOUN:1
peluche	NOUN:1
pelvien	ADJ:1
pelvis	NOUN:1
pelé	ADJ:1
penalty	NOUN:1
penchant	NOUN:1
pencher	VERB:1
pendaison	NOUN:1
pendant	ADJ:1	ADP:1	NOUN:1
pendentif	NOUN:1
penderie	NOUN:1
pendre	VERB:1
pendulaire	ADJ:1
pendule	NOUN:1
pennsylvanie	PROPN:1
penny	NOUN:1
pensable	ADJ:1
penser	VERB:1
penseur	ADJ:1
pensif	ADJ:1
pension	NOUN:1
pensionnaire	NOUN:1
pensionnat	NOUN:1
pensée	NOUN:1
pentagone	NOUN:1
pentagramme	NOUN:1
pente	NOUN:1
pentecôte	NOUN:1
penthouse	NOUN:1
peptide	NOUN:1
percepteur	NOUN:1
percer	VERB:1
perceuse	NOUN:1
percevoir	VERB:1
perche	NOUN:1
percheron	NOUN:1
perchiste	NOUN:1
perchoir	NOUN:1
percussion	NOUN:1
percussionniste	NOUN:1
percuter	VERB:1
percuteur	NOUN:1
perdant	ADJ:1	NOUN:1
perdition	NOUN:1
perdre	VERB:1
perdrix	NOUN:1
perdurer	VERB:1
perfection	NOUN:1
perfectionner	VERB:1
perfectionniste	ADJ:1	NOUN:1
perfide	ADJ:1
perfidie	NOUN:1
perforer	VERB:1
performance	NOUN:2
performatif	ADJ:1
perfusion	NOUN:1
pergola	NOUN:1
perle	NOUN:2
permaculture	NOUN:1
permanent	ADJ:1
permettre	VERB:1
permien	NOUN:1
permissif	ADJ:1
permission	NOUN:1
permutation	NOUN:1
permuter	VERB:1
perméabilité	NOUN:1
pernicieux	ADJ:1
peroxyde	NOUN:1
perpendiculaire	ADJ:1
perplexe	ADJ:1
perplexité	NOUN:1
perpétrer	VERB:1
perpétuation	NOUN:1
perpétuellement	ADV:1
perpétuer	VERB:1
perpétuité	NOUN:1
perret	PROPN:1
perron	NOUN:1
perroquet	NOUN:1
perruche	NOUN:1
perruque	NOUN:1
persan	ADJ:1	NOUN:1
perse	NOUN:1	ADJ:1
persil	NOUN:1
persique	ADJ:1
persistance	NOUN:1
persistant	ADJ:1
persister	VERB:1
perso	ADJ:2	ADV:1	NOUN:1
personnage	NOUN:1
personnaliser	VERB:1
personnalité	NOUN:1
personne	NOUN:1	PRON:1
personnel	ADJ:1	NOUN:1
personnellement	ADV:1
personnification	NOUN:1
personnifier	VERB:1
perspicace	ADJ:1
perspicacité	NOUN:1
persuader	VERB:1
persuasif	ADJ:1
persuasion	NOUN:1
persécution	NOUN:1
persévérance	NOUN:1
persévérer	VERB:1
perte	NOUN:1
pertinence	NOUN:1
pertinent	ADJ:1
pertuis	NOUN:1
perturbant	ADJ:1
perturbateur	NOUN:1
perturbation	NOUN:1
perturber	VERB:1
pervenche	NOUN:1
pervers	ADJ:1	NOUN:1
perversion	NOUN:1
perversité	NOUN:1
pervertir	VERB:1
perçant	ADJ:1
pesanteur	NOUN:1
peser	VERB:1
peso	NOUN:1
pessimisme	NOUN:1
pessimiste	ADJ:1	NOUN:1
peste	NOUN:1
pester	VERB:1
pesticide	NOUN:1
pestiféré	ADJ:1
pesto	NOUN:1
pet	NOUN:1
petiot	NOUN:1
petit	ADJ:4	NOUN:3	ADV:1
petit-déjeuner	VERB:1
petit-fils	NOUN:1
petite-fille	NOUN:1
petitesse	NOUN:1
peu	PRON:1
peuplade	NOUN:1
peuple	ADJ:1	NOUN:1
peuplement	NOUN:1
peupler	VERB:1
peuplier	NOUN:1
peur	NOUN:1
peureux	ADJ:1	NOUN:1
peut-être	ADV:1
peyrefitte	PROPN:1
phalange	NOUN:1
phalanstère	NOUN:1
phallique	ADJ:1
phallus	NOUN:1
pharaon	NOUN:1
pharaonique	ADJ:1
phare	NOUN:1
pharisien	NOUN:1
pharmaceutique	ADJ:1	NOUN:1
pharmacie	NOUN:1
pharmacien	NOUN:1
pharmacologie	NOUN:1
pharmacologique	ADJ:1
pharmacovigilance	NOUN:1
pharynx	NOUN:1
phase	NOUN:1
phaéton	NOUN:1
phi	NOUN:1
philanthropie	NOUN:1
philharmonique	ADJ:1
philippe	PROPN:1
philippiens	NOUN:1
philippin	ADJ:1	NOUN:1
philippine	NOUN:1
philippines	PROPN:1
philistin	ADJ:1
philologie	NOUN:1
philosophe	NOUN:1
philosophie	NOUN:1
philosophique	ADJ:1
philosophiquement	ADV:1
phlox	NOUN:1
phlébite	NOUN:1
phobie	NOUN:1
phobique	ADJ:1
phone	NOUN:1
phonographe	NOUN:1
phonologie	NOUN:1
phonologique	ADJ:1
phonème	NOUN:1
phonétique	NOUN:1
phonétiquement	ADV:1
phoque	NOUN:1
phosphate	NOUN:1
phosphore	NOUN:1
phosphorescent	ADJ:1
photo	NOUN:1
photocopier	VERB:1
photocopieur	NOUN:1
photographe	NOUN:1
photographie	NOUN:1
photographier	VERB:1
photographique	ADJ:1
photogénique	ADJ:1
photomaton	NOUN:1
photomontage	NOUN:1
photon	NOUN:1
photosynthèse	NOUN:1
photothèque	NOUN:1
photovoltaïque	ADJ:1
photoélectrique	ADJ:1
phrase	NOUN:1
phraséologie	NOUN:1
phylogénétique	ADJ:1
physicien	NOUN:1
physiologie	NOUN:1
physiologiquement	ADV:1
physiologiste	NOUN:1
physiopathologie	NOUN:1
physiothérapie	NOUN:1
physique	NOUN:1	ADJ:1
physiquement	ADV:1
phytoplancton	NOUN:1
phytosanitaire	ADJ:1
phénicien	NOUN:1
phénix	NOUN:1
phénol	NOUN:1
phénomène	NOUN:1
phénoménologie	NOUN:1
phénoménologique	ADJ:1
phénotype	NOUN:1
pi	NOUN:1
piaf	NOUN:1
pianiste	NOUN:1
piano	NOUN:1
piastre	NOUN:1
pib	X:1
pic	NOUN:1
picaresque	NOUN:1	ADJ:1
picart	PROPN:1
piccolo	NOUN:1
pichenette	NOUN:1
pichet	NOUN:1
pickpocket	NOUN:1
picoler	VERB:1
picorer	VERB:1
picotement	NOUN:1
pictogramme	NOUN:1
pictural	ADJ:1
pie	NOUN:1	ADJ:1
pied	NOUN:1
pierre	NOUN:1
pierreries	NOUN:1
pierreux	ADJ:1
pietà	NOUN:1
pieu	NOUN:1
pieuvre	NOUN:1
pieux	ADJ:1
pif	NOUN:1
pigeon	NOUN:1
pigeonnier	NOUN:1
piger	VERB:1
pigment	NOUN:1
pigmentation	NOUN:1
pignon	NOUN:1
pignouf	NOUN:1
pika	NOUN:1
pilaf	NOUN:1
pilastre	NOUN:1
pile	NOUN:1	ADV:1
piler	VERB:1
pileux	ADJ:1
pilier	NOUN:1
pillage	NOUN:1
pilon	NOUN:1
pilori	NOUN:1
pilosité	NOUN:1
pilot	NOUN:1
pilotage	NOUN:1
pilote	NOUN:1
piloter	VERB:1
pilotis	NOUN:1
pilule	NOUN:1
piment	NOUN:1
pimprenelle	NOUN:1
pin	NOUN:1
pinacle	NOUN:1
pinacothèque	NOUN:1
pinailler	VERB:1
pince	NOUN:1
pinceau	NOUN:1
pincement	NOUN:1
pincer	VERB:1
pincée	NOUN:1
pingouin	NOUN:2
pinochet	PROPN:1
pinson	NOUN:1
pintade	NOUN:1
pinte	NOUN:1
pinède	NOUN:1
pioche	NOUN:1
piocher	VERB:1
piolet	NOUN:1
pion	NOUN:1
pionnier	NOUN:1
pipa	NOUN:1
pipe	NOUN:1
pipeline	NOUN:1
pipette	NOUN:1
pipi	NOUN:1
pipo	PROPN:1	NOUN:1
piquant	ADJ:1
pique	NOUN:2
piquer	VERB:1
piquette	NOUN:1
piqué	NOUN:1
piqûre	NOUN:1
piranha	NOUN:1
pirate	NOUN:1
piraterie	NOUN:1
pire	ADJ:1
pirogue	NOUN:1
pirouette	NOUN:1
pis	NOUN:4
pisan	NOUN:1
piscine	NOUN:1
pisse	NOUN:1
pissenlit	NOUN:1
pisser	VERB:1
pistache	NOUN:1	ADJ:1
piste	NOUN:1
pistil	NOUN:1
pistolet	NOUN:1
piston	NOUN:1
pisé	NOUN:1
pitance	NOUN:1
piteusement	ADV:1
piteux	ADJ:1
pitié	NOUN:1
pitoyable	ADJ:1
pitre	NOUN:1
pittoresque	ADJ:1
pivert	NOUN:1
pivoine	NOUN:1
pivot	NOUN:1
pivoter	VERB:1
pixel	NOUN:1
pizza	NOUN:1
pizzeria	NOUN:1
pièce	NOUN:1
piège	NOUN:1
piètre	ADJ:2
piédestal	NOUN:1
piéger	VERB:1
piémont	NOUN:1
piémontais	ADJ:1
piéton	NOUN:1
piété	NOUN:1
placard	NOUN:2
place	NOUN:4	VERB:2
placement	NOUN:1
placenta	NOUN:1
placer	VERB:1
placide	ADJ:1
plafond	NOUN:1
plafonner	VERB:1
plage	NOUN:3
plagiat	NOUN:1
plagier	VERB:1
plaider	VERB:1
plaidoyer	NOUN:1
plaie	NOUN:1
plaignant	NOUN:1
plaindre	VERB:1
plaine	NOUN:1
plainte	NOUN:1
plaire	VERB:1
plaisamment	ADV:2
plaisant	ADJ:2
plaisanter	VERB:1
plaisanterie	NOUN:1
plaisantin	NOUN:1
plaisir	NOUN:1
plan	NOUN:1	ADJ:2
planche	NOUN:2
plancher	NOUN:1
planchette	NOUN:2
plancton	NOUN:1
planer	VERB:1
planeur	NOUN:1
planifier	VERB:1
planisphère	NOUN:1
planning	NOUN:1
plantain	NOUN:1
plantation	NOUN:1
plante	NOUN:1
planter	VERB:1
planton	NOUN:1
planète	NOUN:1
planétaire	ADJ:1
planétarium	NOUN:1
plaque	NOUN:1
plaquer	X:1
plaquette	NOUN:1
plasma	NOUN:1
plasmatique	ADJ:1
plastic	NOUN:1
plasticien	NOUN:1	ADJ:1
plasticité	NOUN:1
plastique	NOUN:1
plat	ADJ:1
platane	NOUN:1
plate-bande	NOUN:1
plate-forme	NOUN:1
plateau	NOUN:1
platine	NOUN:1
plausible	ADJ:1
playa	NOUN:1
playstation	NOUN:1
plein	ADJ:1
pleinement	ADV:1
pleur	NOUN:1
pleurer	VERB:2
pleureur	ADJ:1	NOUN:1
pleureuse	NOUN:1
pleurnicher	VERB:1
pleuvoir	VERB:1
plexus	NOUN:1
pli	NOUN:1
pliable	ADJ:2
pliage	NOUN:1
plier	VERB:1
plinthe	NOUN:1
pliocène	NOUN:1
plomb	NOUN:2
plomberie	NOUN:1
plombier	NOUN:1	ADJ:1
plongeoir	NOUN:1
plongeon	NOUN:1
plonger	VERB:1
plongeur	NOUN:1
plongée	NOUN:1
plot	NOUN:1
plouc	NOUN:1
plouf	NOUN:1	INTJ:1
ploutocratie	NOUN:1
pluie	NOUN:1
plumage	NOUN:1
plume	NOUN:1
plumer	VERB:1
plupart	NOUN:1
pluralisme	NOUN:1
pluralité	NOUN:1
pluriel	ADJ:1	NOUN:1
plus	ADV:2	SCONJ:1
plusieurs	PRON:1	ADJ:1
pluton	NOUN:1
plutonium	NOUN:1
plutôt	ADV:2
pluvial	ADJ:1
pluvier	NOUN:1
pluvieux	ADJ:1
pluviôse	NOUN:1
plâtre	NOUN:1
plèbe	NOUN:1
plèvre	NOUN:1
plébiscite	VERB:1
plébéien	NOUN:1
pléistocène	ADJ:1	NOUN:1
plénipotentiaire	NOUN:1
plénitude	NOUN:1
pléonasme	NOUN:1
pléthorique	ADJ:1
pma	NOUN:1
pme	NOUN:1
pnb	X:1
pneu	NOUN:1
pneumatique	ADJ:1	NOUN:1
pneumonie	NOUN:1
pneumothorax	NOUN:1
pnl	NOUN:1
poche	NOUN:1
pochoir	NOUN:1
podcast	NOUN:1
podologue	NOUN:1
pognon	NOUN:1
pogo	NOUN:1
pogrom	NOUN:1
poids	NOUN:6
poignard	NOUN:1
poignarder	VERB:1
poignet	NOUN:1
poignée	NOUN:2
poil	NOUN:1
poilu	ADJ:1
poing	NOUN:1
point	NOUN:2	ADV:1
pointage	NOUN:1
pointe	NOUN:1
pointer	NOUN:1
pointeur	NOUN:1
pointilleux	ADJ:1
pointillé	NOUN:1
pointu	ADJ:2
poinçon	NOUN:1
poire	NOUN:1
poireau	NOUN:1
poirier	NOUN:1
poiré	NOUN:1
pois	NOUN:2
poison	NOUN:1
poisse	NOUN:1
poisson	NOUN:1
poisson-perroquet	NOUN:1
poissonnerie	NOUN:1
poissonnier	NOUN:1	ADJ:1
poitrine	NOUN:1
poivre	NOUN:1
poivron	NOUN:1
poivrot	NOUN:1
poix	NOUN:1
poker	NOUN:1
pokémon	NOUN:1
polaire	ADJ:1
polarisation	NOUN:1
polarité	NOUN:1
polaroïd	NOUN:1
polder	NOUN:1
polenta	NOUN:1
poli	ADJ:1
police	NOUN:1
polichinelle	NOUN:1
policier	NOUN:1	ADJ:1
poliomyélite	NOUN:1
polir	VERB:1
polisario	NOUN:1
polisson	ADJ:1
politburo	NOUN:1
politesse	NOUN:1
politicard	NOUN:1
politicien	NOUN:1
politique	ADJ:1	NOUN:1
politiquement	ADV:1
politisation	NOUN:1
politiser	VERB:1
politologue	NOUN:1
polka	NOUN:1
pollen	NOUN:1
pollinisation	NOUN:1
polluer	VERB:1
pollueur	NOUN:1
pollution	NOUN:1
pologne	PROPN:1
polonais	ADJ:1
polonium	NOUN:1
poltergeist	NOUN:1
polyarthrite	NOUN:1
polycarbonate	NOUN:1
polychrome	ADJ:1
polychromie	NOUN:1
polyester	NOUN:2
polygamie	NOUN:1
polyglotte	ADJ:1	NOUN:1
polygonal	ADJ:1
polygone	NOUN:1
polymorphe	ADJ:1
polymorphisme	NOUN:1
polymère	NOUN:1
polymérisation	NOUN:1
polynôme	NOUN:1
polype	NOUN:1
polyphonie	NOUN:1
polypropylène	NOUN:1
polysémie	NOUN:1
polysémique	ADJ:1
polytechnique	ADJ:1
polythéisme	NOUN:1
polyèdre	NOUN:1
polyéthylène	NOUN:1
polémique	NOUN:1
pommade	NOUN:1
pomme	NOUN:1
pommeau	NOUN:1
pommeraie	NOUN:1
pommette	NOUN:1
pommier	NOUN:1
pompe	NOUN:1
pomper	VERB:1
pompeux	ADJ:1
pompidou	PROPN:1
pompier	NOUN:1
pompon	NOUN:1
ponce	NOUN:1	X:1
ponceau	NOUN:1	ADJ:1
poncer	VERB:1
ponceuse	NOUN:1
poncif	ADJ:1	NOUN:1
ponction	NOUN:1
ponctualité	NOUN:1
ponctuation	NOUN:1
ponctuel	ADJ:1
ponctuellement	ADV:1
pondre	VERB:1
pont	NOUN:1
pont-levis	NOUN:1
pontage	NOUN:1
pontet	NOUN:1
pontife	NOUN:1
pontifical	ADJ:1
pontificat	NOUN:1
poo	NOUN:1
pop	NOUN:1	ADV:1
popo	NOUN:1
popotin	NOUN:1
populace	NOUN:1
populaire	ADJ:1
popularité	NOUN:1
population	NOUN:1
populeux	ADJ:1
populisme	NOUN:1
porc	NOUN:2
porcelaine	NOUN:1
porcelet	NOUN:1
porche	NOUN:1
porcher	NOUN:1
porcherie	NOUN:1
porcin	ADJ:1
pore	NOUN:1
poreux	ADJ:1
porn	NOUN:1
porno	ADJ:1	NOUN:1
pornographie	NOUN:1
pornographique	ADJ:1
porosité	NOUN:1
porphyre	NOUN:1
port	NOUN:1
portabilité	NOUN:1
portable	ADJ:1	NOUN:1
portail	NOUN:1
portance	NOUN:1
portatif	ADJ:1
porte-avions	NOUN:1
porte-drapeau	NOUN:1
porte-monnaie	NOUN:1
porte-parole	NOUN:1
porte-voix	NOUN:1
porte-à-faux	NOUN:1
portefeuille	NOUN:3
porter	VERB:1
porteur	NOUN:1
portier	NOUN:1
portion	NOUN:1
portique	NOUN:1
portière	NOUN:1
portoricain	ADJ:1	NOUN:1
portrait	NOUN:1
portraitiste	NOUN:1
portuaire	ADJ:1
portugais	ADJ:1	NOUN:1
portugal	PROPN:1
portée	NOUN:1
posada	NOUN:1
poser	VERB:1
poseur	NOUN:1
positif	ADJ:1
position	NOUN:2
posologie	NOUN:1
possesseur	NOUN:1
possessif	ADJ:1
possession	NOUN:1
possibilité	NOUN:1
possible	ADJ:1
posséder	VERB:1
postal	ADJ:1
poste	NOUN:1
poster	NOUN:1
posthume	ADJ:1
postiche	NOUN:1
postier	NOUN:1
postillon	NOUN:1
postmoderne	ADJ:1
postmodernisme	NOUN:1
postopératoire	ADJ:1
postproduction	NOUN:1
postulat	NOUN:1
postuler	VERB:1
postérité	NOUN:1
posément	ADV:1
pot	NOUN:1
potable	ADJ:2
potage	NOUN:1
potager	NOUN:1
potasse	NOUN:1
potasser	VERB:1
potassium	NOUN:1
pote	NOUN:2
poteau	NOUN:1
potence	NOUN:1
potential	ADJ:1
potentiel	ADJ:1	NOUN:1
potentiellement	ADV:1
poterie	NOUN:1
poterne	NOUN:1
potiche	NOUN:1
potier	NOUN:1
potin	NOUN:1
potion	NOUN:1
potiron	NOUN:1
pou	NOUN:1
pouah	INTJ:1
poubelle	NOUN:1
pouce	NOUN:2
poudre	NOUN:1
poudrière	NOUN:1
pouf	NOUN:1
pouilleux	ADJ:1	NOUN:1
poulain	NOUN:1
poule	NOUN:1
poulet	NOUN:6
poulette	NOUN:1
pouliche	NOUN:1
poulie	NOUN:1
pouliot	NOUN:1
poulpe	NOUN:1
pouls	NOUN:1
poumon	NOUN:1
poupe	NOUN:1
pouponnière	NOUN:1
poupée	NOUN:1
pour	ADP:2
pourboire	NOUN:1
pourcentage	NOUN:1
pourchasser	VERB:3
pourfendre	VERB:1
pourpoint	NOUN:1
pourpre	ADJ:1	NOUN:1
pourquoi	ADV:1
pourri	ADJ:1
pourrir	VERB:1
poursuivre	VERB:1
pourtant	ADV:1
pourtour	NOUN:1
pourvoir	VERB:1
pourvoyeur	NOUN:1
pousser	VERB:1
poussette	NOUN:1
poussin	NOUN:2
poussière	NOUN:1
poussiéreux	ADJ:1
poussoir	NOUN:1
poussée	NOUN:1
poutine	NOUN:1
poutou	NOUN:1
poutre	NOUN:1
pouvoir	VERB:1
pouzzolane	NOUN:1
poème	NOUN:1
poète	NOUN:1
poésie	NOUN:1
poétique	ADJ:1	NOUN:1
poêle	NOUN:1
pragmatique	ADJ:1	NOUN:1
pragmatisme	NOUN:1
prague	PROPN:1
prairial	NOUN:1
prairie	NOUN:1
praliné	NOUN:1
pratique	ADJ:1
pratiquement	ADV:1
pratiquer	VERB:1
premier	NUM:1
premièrement	ADV:1
prendre	VERB:3
presbytère	NOUN:1
presbytérien	NOUN:1	ADJ:1
prescience	NOUN:1
prescription	NOUN:1
prescrire	VERB:1
presqu'île	NOUN:1
presque	ADV:1
pressant	ADJ:1
presse	NOUN:2
pressentiment	NOUN:1
pressentir	VERB:1
presser	VERB:7
pressing	NOUN:1
pression	NOUN:1
pressoir	NOUN:1
pressurisation	NOUN:1
pressurisé	ADJ:1
prestation	NOUN:1
prestige	NOUN:1
preuve	NOUN:1
preux	ADJ:1	NOUN:1
pride	NOUN:1
prier	VERB:1
prieur	NOUN:1
prieure	NOUN:1
prieuré	NOUN:1
primaire	ADJ:1
primat	NOUN:1
primate	NOUN:1
primauté	NOUN:1
primer	VERB:1
primeur	NOUN:1
primevère	NOUN:1
primitif	ADJ:1
primordial	ADJ:1
prince	NOUN:1
princesse	NOUN:1
princier	ADJ:1
principal	ADJ:3	NOUN:1
principalement	ADV:1
principat	NOUN:1
principauté	NOUN:1
principe	NOUN:6
printanier	ADJ:1
printemps	NOUN:1
prion	NOUN:1
prioriser	VERB:1
prioritaire	ADJ:1
priorité	NOUN:1
prise	NOUN:3
prismatique	ADJ:1
prisme	NOUN:1
prison	NOUN:3
prisonnier	NOUN:1
privation	NOUN:1
privatisation	NOUN:1
privatiser	VERB:1
priver	VERB:1
privilège	NOUN:1
privé	ADJ:1
prix	NOUN:1
prière	NOUN:1
pro	NOUN:1
proactif	ADJ:1
probable	ADJ:1
probablement	ADV:1
probe	ADJ:1
probité	NOUN:1
problème	NOUN:1
processeur	NOUN:1
procession	NOUN:1
processus	NOUN:1
prochain	ADJ:1
prochainement	ADV:1
proche	ADV:1	ADJ:1
proclamation	NOUN:1
proclamer	VERB:1
procrastination	NOUN:1
procrastiner	VERB:1
procréation	NOUN:1
procréer	VERB:1
procuration	NOUN:1
procurer	VERB:1
procureur	NOUN:1
procès	NOUN:1
procès-verbal	NOUN:1
procéder	VERB:1
procédural	ADJ:1
procédure	NOUN:1
procédé	NOUN:1
prodige	NOUN:1
prodigieusement	ADV:1
prodigieux	ADJ:1
prodiguer	VERB:1
producteur	NOUN:1
productif	ADJ:1
production	NOUN:1
productivisme	NOUN:1
productiviste	ADJ:1
productivité	NOUN:1
produire	VERB:1
profanation	NOUN:1
profane	ADJ:1	NOUN:1
profaner	VERB:1
professer	VERB:1
professeur	NOUN:1
profession	NOUN:1
professionnalisation	NOUN:1
professionnel	ADJ:1
professorat	NOUN:1
profil	NOUN:1
profiler	VERB:1
profit	NOUN:1
profitabilité	NOUN:1
profitable	ADJ:1
profiter	VERB:1
profiteur	NOUN:1
profond	ADJ:1	NOUN:1
profondeur	NOUN:1
profondément	ADV:1
profusion	NOUN:1
proférer	VERB:1
progestérone	NOUN:1
programmable	ADJ:1
programmation	NOUN:1
programmatique	ADJ:1
programme	NOUN:1
programmer	VERB:1
programmeur	NOUN:1
progresser	VERB:1
progression	NOUN:1
progressiste	ADJ:1
progrès	NOUN:1
prohibitif	ADJ:1
prohibition	NOUN:1
prohibé	ADJ:1
proie	NOUN:1
projecteur	NOUN:1
projectile	NOUN:1
projection	NOUN:1
projet	NOUN:1
projeter	VERB:1
prolifique	ADJ:1
prolifération	NOUN:1
proliférer	VERB:1
prolixe	ADJ:1
prologue	NOUN:1
prolongation	NOUN:1
prolongement	NOUN:1
prolonger	VERB:1
prolétaire	NOUN:1
prolétariat	NOUN:1
promenade	NOUN:1
promener	VERB:1
promesse	NOUN:1
prometteur	ADJ:1
promettre	VERB:1
promiscuité	NOUN:1
promoteur	NOUN:1
promotion	NOUN:1
promouvoir	VERB:1
prompt	ADJ:1
promptement	ADV:1
prompteur	NOUN:1
promptitude	NOUN:1
promulgation	NOUN:1
promulguer	VERB:1
pronom	NOUN:1
prononcer	VERB:1
prononciation	NOUN:1
pronostic	NOUN:1
pronostiquer	VERB:1
pronotum	NOUN:1
propagande	NOUN:1
propagandiste	ADJ:1
propagation	NOUN:1
propager	VERB:1
propane	NOUN:1
prophylactique	ADJ:1
prophylaxie	NOUN:1
prophète	NOUN:1
prophétie	NOUN:1
prophétique	ADJ:1
propice	ADJ:1
proportion	NOUN:1
proportionnel	ADJ:1
propos	NOUN:1
proposer	VERB:2
proposition	NOUN:1
propre	ADJ:1	NOUN:1
proprement	ADV:1
propreté	NOUN:1
propriétaire	ADJ:1	NOUN:1
propriété	NOUN:1
propulser	VERB:1
propulseur	ADJ:1	NOUN:1
propulsion	NOUN:1
propylène	NOUN:1
propédeutique	NOUN:1
prorata	NOUN:1
prorogation	NOUN:1
proroger	VERB:1
prose	NOUN:1
prosodie	NOUN:1
prospecteur	NOUN:1
prospection	NOUN:1
prospectus	NOUN:1
prospère	ADJ:1
prospérer	VERB:1
prospérité	NOUN:1
prostate	NOUN:1
prostatique	ADJ:1	NOUN:1
prosterner	VERB:1
prostituer	VERB:1
prostitution	NOUN:1
prostitué	NOUN:1
prostituée	NOUN:1
prosélyte	NOUN:1
prosélytisme	NOUN:1
protagoniste	NOUN:1
protecteur	NOUN:1
protection	NOUN:1
protectionnisme	NOUN:1
protectionniste	ADJ:1	NOUN:1
protectorat	NOUN:1
protestant	NOUN:1	ADJ:1
protestantisme	NOUN:1
protestation	NOUN:1
protester	VERB:1
prothèse	NOUN:1
protocolaire	ADJ:1
protocole	NOUN:1
protohistoire	NOUN:1
proton	NOUN:1
prototype	NOUN:1
protoxyde	NOUN:1
protubérance	NOUN:1
protée	NOUN:1
protéger	VERB:1
protéine	NOUN:1
protéique	ADJ:1
proue	NOUN:1
prouesse	NOUN:1
prout	INTJ:1	NOUN:1
prouver	VERB:2
provenance	NOUN:1
provence	PROPN:1
provenir	VERB:1
provençal	ADJ:1	NOUN:1
proverbe	NOUN:1
providence	NOUN:1
providentiel	ADJ:1
province	NOUN:1
provincial	ADJ:1
provision	NOUN:1
provisoire	ADJ:1
provocateur	NOUN:1
provocation	NOUN:1
provoquer	VERB:1
proximité	NOUN:1
proxénète	NOUN:1
proxénétisme	NOUN:1
proéminent	ADJ:1
prude	ADJ:1
prudemment	ADV:1
prudence	NOUN:2
prudent	NOUN:1
prune	NOUN:1	ADJ:1
pruneau	NOUN:1
prunelle	NOUN:1
prunier	NOUN:1
prurit	NOUN:1
prusse	PROPN:1
prussien	ADJ:1
près	ADV:1	ADP:1
pré	NOUN:3
préalable	ADJ:2
préalablement	ADV:1
préambule	NOUN:1
préau	NOUN:1
prébende	NOUN:1
précaire	ADJ:1
précambrien	ADJ:1
précarisation	NOUN:1
précarité	NOUN:1
précaution	NOUN:1
précautionneusement	ADV:1
précautionneux	ADJ:1
précepte	NOUN:1
précepteur	NOUN:1
précession	NOUN:1
précieusement	ADV:1
précieux	ADJ:2
préciosité	NOUN:1
précipice	NOUN:1
précipitamment	ADV:1
précipitation	NOUN:1
précipiter	VERB:1
précis	ADJ:3	NOUN:1
précision	NOUN:1
précisément	ADV:1
précoce	ADJ:1
préconiser	VERB:1
précontraint	ADJ:1
précurseur	ADJ:1	NOUN:1
précédent	ADJ:1	NOUN:1
précéder	VERB:1
prédateur	NOUN:1	ADJ:1
prédation	NOUN:1
prédestination	NOUN:1
prédicat	NOUN:1
prédicateur	NOUN:1
prédiction	NOUN:1
prédilection	NOUN:1
prédire	VERB:1
prédécesseur	NOUN:1
préfabriqué	ADJ:1
préface	NOUN:1
préfecture	NOUN:1
préfet	NOUN:1
préfiguration	NOUN:1
préfixe	NOUN:1
préfrontal	ADJ:1
préfète	NOUN:1
préférable	ADJ:1
préférablement	ADV:1
préférentiel	ADJ:1
préférer	VERB:1
prégnant	ADJ:2
préhension	NOUN:1
préhistoire	NOUN:1
préhistorique	ADJ:1
préjudice	NOUN:1
préjudiciable	ADJ:1
préjuger	VERB:1
préjugé	NOUN:1
prélasser	VERB:2
prélat	NOUN:1
prélever	VERB:1
préliminaire	ADJ:1
prélude	NOUN:1
prélèvement	NOUN:1
prématuré	ADJ:1
prématurément	ADV:1
prémices	NOUN:1
prémisse	NOUN:1
prémonition	NOUN:1
prémontré	NOUN:1
prémunir	VERB:1
préméditation	NOUN:1
prénatal	ADJ:1
prénom	NOUN:1
préoccupation	NOUN:1
préoccuper	VERB:1
préparateur	NOUN:1
préparation	NOUN:1
préparatoire	ADJ:1
préparer	VERB:1
prépondérance	NOUN:1
prépondérant	ADJ:1
préposition	NOUN:1
préposé	NOUN:1
prépuce	NOUN:1
prérequis	NOUN:1
prérogative	NOUN:1
présager	VERB:1
préscolaire	ADJ:1
présence	NOUN:1
présent	ADJ:1	NOUN:1
présentateur	NOUN:1
présentation	NOUN:1
présenter	VERB:1
présentiel	ADJ:1	NOUN:1
présentoir	NOUN:1
préservatif	ADJ:1	NOUN:1
préservation	NOUN:1
préserver	VERB:1
présidence	NOUN:1
président	NOUN:1
présidentiable	ADJ:1	NOUN:1
présidentiel	ADJ:1
présider	VERB:1
présomption	NOUN:1
présomptueux	ADJ:1
présumer	VERB:1
présure	NOUN:1
prétendre	VERB:1
prétendument	ADV:1
prétentieux	ADJ:1
prétention	NOUN:1
préteur	NOUN:1
prétexte	NOUN:1
prétexter	VERB:1
prétoire	NOUN:1
prévalence	NOUN:1
prévaloir	VERB:1
prévenir	VERB:1
préventif	ADJ:1
prévention	NOUN:1
prévision	NOUN:1
prévoir	VERB:1
prévôt	NOUN:1
prééminence	NOUN:1
prêcher	VERB:1
prêt	ADJ:1	NOUN:1
prêter	VERB:1
prêteur	NOUN:1
prêtre	NOUN:1
prêtresse	NOUN:1
psalmodie	NOUN:1
psaume	NOUN:1
pseudonyme	ADJ:1	NOUN:1
psoriasis	NOUN:1
psychanalyse	NOUN:1
psychanalyste	NOUN:1
psychiatre	NOUN:1
psychiatrie	NOUN:1
psychiatrique	ADJ:1
psychique	ADJ:1
psychodrame	NOUN:1
psychologie	NOUN:1
psychologique	ADJ:1
psychologiquement	ADV:1
psychologue	NOUN:1
psychomoteur	ADJ:1
psychomotricité	NOUN:1
psychopathe	NOUN:1
psychopathie	NOUN:1
psychopathologie	NOUN:1
psychose	NOUN:1
psychosocial	ADJ:1
psychosomatique	ADJ:1
psychothérapie	NOUN:1
psychotique	ADJ:1
psychotrope	NOUN:1	ADJ:1
psyché	NOUN:1
puant	ADJ:1
puanteur	NOUN:1
pub	NOUN:1
puberté	NOUN:1
pubien	ADJ:1
pubis	NOUN:1
public	ADJ:1
publication	NOUN:1
publiciste	NOUN:1
publicitaire	NOUN:1
publicité	NOUN:1
publier	VERB:1
publiquement	ADV:1
puce	NOUN:1
puceau	NOUN:1
puceron	NOUN:1
pudeur	NOUN:1
pudique	ADJ:1
puer	VERB:2
pugnace	ADJ:1
puis	ADV:1
puiser	VERB:1
puisque	SCONJ:1
puissance	NOUN:3
puissant	ADJ:1
puits	NOUN:1
pull	NOUN:1
pulmonaire	NOUN:1
pulsar	NOUN:1
pulvérisateur	NOUN:1
pulvérisation	NOUN:1
pulvériser	VERB:1
puma	NOUN:1
punaise	NOUN:1	INTJ:1
punch	NOUN:1
punir	VERB:1
punitif	ADJ:1
punition	NOUN:1
punk	ADJ:1	NOUN:1
pupille	NOUN:1
pupitre	NOUN:1
pur	ADJ:1
purement	ADV:1
pureté	NOUN:1
purgatoire	NOUN:1
puri	NOUN:1
purificateur	ADJ:1	NOUN:1
purification	NOUN:1
purifier	VERB:1
puriste	ADJ:1	NOUN:1
purée	NOUN:1	INTJ:1
pus	VERB:1
putaclic	ADJ:1
putain	NOUN:2	INTJ:1
pute	NOUN:1
putois	NOUN:1
putride	ADJ:1
putréfaction	NOUN:1
putschiste	NOUN:1
puzzle	NOUN:1
puériculture	NOUN:1
puéril	ADJ:1
pygmée	NOUN:1
pyjama	NOUN:1
pylône	NOUN:1
pyramidal	ADJ:1
pyramide	NOUN:1
pyrite	NOUN:1
pyrolyse	NOUN:1
pyromane	ADJ:1
pyrotechnie	NOUN:1
pyrénéen	ADJ:1
pythie	NOUN:1
python	NOUN:1
pâle	ADJ:1
pâleur	NOUN:1
pâlir	VERB:1
pâquerette	NOUN:1
pâques	NOUN:1
pâte	NOUN:2
pâteux	ADJ:1
pâtir	VERB:1
pâtisserie	NOUN:1
pâtissier	NOUN:1
pâtre	NOUN:1
pâturage	NOUN:1
pâture	NOUN:1
pâté	NOUN:1
pègre	NOUN:1
pèlerin	NOUN:1
pèlerinage	NOUN:1
pèlerine	NOUN:1
père	NOUN:1
péage	NOUN:1
péan	ADJ:1
pécher	VERB:1
pécheur	ADJ:1	NOUN:1
péché	NOUN:1
pécuniaire	ADJ:1
pédagogie	NOUN:1
pédagogique	ADJ:1
pédagogue	NOUN:1
pédalage	NOUN:1
pédale	NOUN:1
pédaler	VERB:1
pédalo	NOUN:1
pédant	ADJ:1	NOUN:1
pédiatre	NOUN:1
pédiatrie	NOUN:1
pédologie	NOUN:1
pédoncule	NOUN:1
pédophile	ADJ:1	NOUN:1
pédophilie	NOUN:1
pédopornographie	NOUN:1
pédopsychiatre	NOUN:1
pédopsychiatrie	NOUN:1
pédé	NOUN:1
péjoratif	ADJ:1
pékinois	ADJ:1	NOUN:1
pélagique	ADJ:1
pélican	NOUN:1
pénal	ADJ:1
pénalisation	NOUN:1
pénaliser	VERB:1
pénibilité	NOUN:1
pénible	ADJ:1
péniche	NOUN:1
pénicilline	NOUN:1
péninsulaire	ADJ:1	NOUN:1
péninsule	NOUN:1
pénis	NOUN:1
pénitence	NOUN:1
pénurie	NOUN:1
pénétrant	ADJ:1
pénétrer	VERB:1
pépin	NOUN:1
pépinière	NOUN:1
pépite	NOUN:1
péremption	NOUN:1
péremptoire	ADJ:1
pérenne	ADJ:1
pérenniser	VERB:1
pérennité	NOUN:1
péricarde	NOUN:1
péricliter	VERB:1
périgée	NOUN:1
périhélie	NOUN:1
péril	NOUN:1
périlleux	ADJ:1
périmètre	NOUN:1
périnée	NOUN:1
période	NOUN:1
périodique	ADJ:1	NOUN:1
périodiquement	ADV:1
périphrase	NOUN:1
périphérie	NOUN:1
périphérique	ADJ:1
périple	NOUN:1
péripétie	NOUN:1
périr	VERB:1
périscope	NOUN:1
péristyle	NOUN:1
péritoine	NOUN:1
péritonite	NOUN:1
péroné	NOUN:1
pérorer	VERB:1
pérou	PROPN:1
péruvien	ADJ:1	NOUN:1
péréquation	NOUN:1
pétale	NOUN:1
pétanque	NOUN:1
pétard	NOUN:1
pétasse	NOUN:1
péter	VERB:1
pétillant	ADJ:1
pétiole	NOUN:1
pétition	NOUN:1
pétrin	NOUN:1
pétrir	VERB:2
pétrochimie	NOUN:1
pétrole	NOUN:1	ADJ:1
pétrolifère	ADJ:1
pêche	NOUN:1
pêcher	NOUN:1	VERB:1
pêcheur	ADJ:1
pôle	NOUN:1
qatar	PROPN:1
qatari	NOUN:1	ADJ:1
qatarien	ADJ:1
qi	X:1
qu'en-dira-t-on	NOUN:1
quad	NOUN:1
quadragénaire	ADJ:1	NOUN:1
quadrangulaire	ADJ:1
quadrant	NOUN:1
quadratique	ADJ:1
quadrige	NOUN:1
quadrilatère	NOUN:1
quadripartite	ADJ:1
quadruple	ADJ:1
quadrupler	VERB:1
quadrupède	NOUN:1
quai	NOUN:2
quaker	NOUN:1
qual	NOUN:1
qualificatif	ADJ:1
qualification	NOUN:1
qualifier	VERB:1
qualitatif	ADJ:1
qualité	NOUN:1
quand	SCONJ:1	ADV:1
quant	SCONJ:1	NOUN:1
quantification	NOUN:1
quantifier	VERB:1
quantique	ADJ:1
quantitatif	ADJ:1
quantité	NOUN:1
quantum	NOUN:1
quarantaine	NOUN:1
quarante	NOUN:1
quarante-cinq	ADJ:1	NOUN:1
quarante-neuf	ADJ:1	NOUN:1
quarantième	ADJ:1	NOUN:1
quark	NOUN:1
quart	NOUN:1
quarteron	NOUN:1
quartette	NOUN:1
quartier	NOUN:1
quartz	NOUN:1
quartzite	NOUN:1
quasi	ADV:1
quasiment	ADV:1
quaternaire	ADJ:1	NOUN:1
quatorze	NUM:1
quatorzième	ADJ:1
quatrain	NOUN:1
quatre	NUM:1
quatre-cents	NOUN:1	ADJ:1
quatre-vingt-dix	ADJ:1	NOUN:1
quatre-vingt-quatre	ADJ:1	NOUN:1
quatrième	ADJ:1
quatuor	NOUN:1
que	PRON:2
quechua	ADJ:1	NOUN:1
queer	ADJ:1	NOUN:1
quel	ADJ:2	PRON:1
quelconque	ADJ:1
quelqu'un	PRON:3
quelque	ADJ:1	ADV:1
quelquefois	ADV:1
quenouille	NOUN:1
querelle	NOUN:1
quereller	VERB:1
questeur	NOUN:1
question	NOUN:4
questionnaire	NOUN:1
questionner	VERB:1
queue	NOUN:2
qui	PRON:2
quiche	NOUN:1
quiconque	PRON:1
quignon	NOUN:1
quille	NOUN:1
quincaillerie	NOUN:1
quinconce	NOUN:1
quinine	NOUN:1
quinoa	NOUN:1
quinquagénaire	ADJ:1	NOUN:1
quinquennal	ADJ:1
quinquina	NOUN:1
quintal	NOUN:1
quinte	NOUN:1
quintessence	NOUN:1
quintette	NOUN:1
quintuple	ADJ:1
quinzaine	NOUN:1
quinze	NUM:1
quinzième	ADJ:1
quiproquo	NOUN:1
quittance	NOUN:1
quitter	VERB:1
quiétude	NOUN:1
quoi	PRON:5	INTJ:2
quoique	SCONJ:1
quorum	NOUN:1
quota	NOUN:1
quotidien	NOUN:1
quotidiennement	ADV:1
quotient	NOUN:1
qué	ADJ:1	INTJ:2	ADV:1
québec	PROPN:1
québécois	NOUN:1
quéquette	NOUN:1
quérir	VERB:1
quête	NOUN:2
rabais	NOUN:1
rabaisser	VERB:1
rabbin	NOUN:1
rabbinique	ADJ:1
rabot	NOUN:1
rabrouer	VERB:1
racaille	NOUN:2
raccommoder	VERB:1
raccompagner	VERB:1
raccord	NOUN:1
raccorder	VERB:1
raccourci	NOUN:1
raccourcir	VERB:1
raccrocher	VERB:1
race	NOUN:2
rachel	PROPN:1
racheter	VERB:1
rachidien	ADJ:1
rachis	NOUN:1
racial	ADJ:1
racine	NOUN:1
racisme	NOUN:1
raciste	ADJ:1	NOUN:1
racler	VERB:1
raclure	NOUN:1
raclée	NOUN:1
racoler	VERB:1
raconter	VERB:1
racé	ADJ:1
radar	NOUN:1
rade	NOUN:1
radeau	NOUN:1
radiateur	NOUN:1
radiation	NOUN:1
radical	ADJ:1	NOUN:1
radicalisation	NOUN:1
radicalisme	NOUN:1
radicalité	NOUN:1
radier	VERB:1
radin	ADJ:1	NOUN:1
radio	NOUN:1
radioactif	ADJ:1
radioactivité	NOUN:1
radioamateur	NOUN:1
radiographie	NOUN:1
radiologie	NOUN:1
radiologique	ADJ:1
radiophonique	ADJ:1
radioprotection	NOUN:1
radis	NOUN:1
radium	NOUN:1
radius	NOUN:1
radon	NOUN:1
radoter	VERB:1
rafale	NOUN:1
raffarin	PROPN:1
raffinement	NOUN:1
raffiner	VERB:1
raffinerie	NOUN:1
raffiné	ADJ:1
rafle	NOUN:1
rafraîchir	VERB:7
rafraîchissant	ADJ:1	NOUN:1
rafraîchissement	NOUN:1
rage	NOUN:1
rager	VERB:1
rageur	ADJ:1
rageux	NOUN:1
ragondin	NOUN:1
ragot	NOUN:1
ragoût	NOUN:1
ragtime	NOUN:1
raide	ADJ:1
raie	NOUN:1
raifort	NOUN:1
rail	NOUN:1
railler	VERB:1
raillerie	NOUN:1
rainette	NOUN:1
rainure	NOUN:1
raiponce	NOUN:1
raisin	NOUN:1
raison	NOUN:1
raisonnable	ADJ:1
raisonnablement	ADV:1
raisonnement	NOUN:1
raisonner	VERB:1
raja	NOUN:1
rajah	NOUN:1
rajasthan	NOUN:1
rajeunir	VERB:1
ralenti	NOUN:3	ADV:1
ralentir	VERB:1
ralentissement	NOUN:1
ralentisseur	NOUN:1
rallonge	NOUN:1
rallonger	VERB:1
ram	X:1
ramadan	NOUN:1
ramasser	VERB:1
ramassis	NOUN:1
rambarde	NOUN:1
rambla	NOUN:1
rame	NOUN:1
rameau	NOUN:1
ramer	VERB:1
rameur	NOUN:1
rami	NOUN:1
ramier	NOUN:1
ramoner	VERB:2
ramoneur	NOUN:1
rampe	NOUN:1
ramper	VERB:2
rance	ADJ:1
ranch	NOUN:1
rancho	NOUN:1
rancune	NOUN:1
rancunier	ADJ:1
rancœur	NOUN:1
randonneur	NOUN:1
randonnée	NOUN:1
rang	NOUN:1
ranger	VERB:4
rangée	NOUN:1
ranimer	VERB:1
rançon	NOUN:1
rap	NOUN:1
rapace	ADJ:1	NOUN:1
rapacité	NOUN:1
rapatrier	VERB:1
rapetisser	VERB:1
raphaël	PROPN:1
raphia	NOUN:1
rapide	ADJ:1
rapidement	ADV:1
rapidité	NOUN:1
rapido	ADV:1
rapière	NOUN:1
rappel	NOUN:4
rappeler	VERB:1
rapper	VERB:1
rappeur	NOUN:1
rapport	NOUN:4
rapporter	VERB:1
rapporteur	NOUN:1
rapprochement	NOUN:1
rapprocher	VERB:1
rapt	NOUN:1
raptor	NOUN:1
raquer	VERB:1
raquette	NOUN:1
rare	ADJ:1
rarement	ADV:1
rareté	NOUN:1
rarissime	ADJ:1
raréfier	VERB:1
rasage	NOUN:1
raser	VERB:1
rash	NOUN:1
rasoir	NOUN:1
rassasier	VERB:1
rassasié	ADJ:1
rassemblement	NOUN:1
rassembler	VERB:1
rassis	ADJ:1
rassurer	VERB:1
rat	NOUN:1
ratatouille	NOUN:4
rater	VERB:1
ratification	NOUN:1
ratifier	VERB:1
ratio	NOUN:1
ration	NOUN:1
rationalisation	NOUN:1
rationaliser	VERB:1
rationalisme	NOUN:1
rationalité	NOUN:1
rationnel	ADJ:1
rationnellement	ADV:1
rationnement	NOUN:1
rationner	VERB:1
raton	NOUN:1
rattacher	VERB:3
rattraper	VERB:1
rauque	ADJ:1
ravager	VERB:1
ravaler	VERB:1
rave	NOUN:1
ravin	NOUN:1
ravioli	NOUN:1
ravir	VERB:1
raviser	VERB:1
ravissant	ADJ:1
ravissement	NOUN:1
ravisseur	NOUN:1
ravitaillement	NOUN:1
ravitailler	VERB:1
raviver	VERB:1
rayer	VERB:1
raymond	PROPN:1
rayon	NOUN:1
rayonnement	NOUN:1
rayonner	VERB:1
rayure	NOUN:1
rayé	ADJ:1
raz-de-marée	NOUN:1
razzia	NOUN:1
raï	NOUN:1
rebelle	NOUN:1
rebeller	VERB:1
reblochon	NOUN:1
reboisement	NOUN:1
rebond	NOUN:1
rebondi	ADJ:1
rebondir	VERB:1
rebrousser	VERB:1
rebâtir	VERB:1
recalculer	VERB:1
recaler	VERB:1
recel	NOUN:1
receler	VERB:1
receleur	NOUN:1
recensement	NOUN:1
recenser	VERB:1
recette	NOUN:1
receveur	NOUN:1
recevoir	VERB:1
rechange	NOUN:1
recharge	NOUN:1
rechargeable	ADJ:1
recharger	VERB:5
recherche	NOUN:2
rechercher	VERB:2
rechigner	VERB:1
rechute	NOUN:2
rechuter	VERB:1
reclasser	VERB:1
recoin	NOUN:1
recommandable	ADJ:1
recommandation	NOUN:1
recommander	VERB:1
recommencer	VERB:1
recomposer	VERB:1
recompter	VERB:1
reconduire	VERB:1
reconfigurer	VERB:1
reconnaissance	NOUN:1
reconnaître	VERB:1
reconquérir	VERB:1
reconquête	NOUN:1
reconstituer	VERB:1
reconstruction	NOUN:1
reconstruire	VERB:1
record	NOUN:1
recourir	VERB:1
recours	NOUN:1
recouvrement	NOUN:1
recouvrer	VERB:1
recouvrir	VERB:1
recrutement	NOUN:1
recruter	VERB:1
recruteur	NOUN:1
rectal	ADJ:1
rectangle	NOUN:1
rectangulaire	ADJ:1
recteur	NOUN:1
rectifier	VERB:1
rectitude	NOUN:1
recto	NOUN:1
rectrice	NOUN:1
rectum	NOUN:1
recueil	NOUN:1
recueillir	VERB:1
recul	NOUN:1
reculer	VERB:1
recyclable	ADJ:1
recycler	VERB:1
reddition	NOUN:1
redevable	ADJ:1
redevance	NOUN:1
rediffusion	NOUN:1
redingote	NOUN:1
redire	VERB:1
redistributif	ADJ:1
redistribution	NOUN:1
redondance	NOUN:1
redondant	ADJ:1
redorer	VERB:1
redoubler	VERB:1
redoutable	ADJ:1
redouter	VERB:1
redresser	VERB:1
redécouverte	NOUN:1
redéfinir	VERB:1
redémarrer	VERB:1
refaire	VERB:2
refermer	VERB:2
reflet	NOUN:1
reflux	NOUN:1
refléter	VERB:1
reformer	VERB:1
refrain	NOUN:1
refroidir	VERB:3
refroidissement	NOUN:1
refuge	NOUN:1
refus	NOUN:1
refuser	VERB:1
reg	NOUN:1
regard	NOUN:3
regarder	VERB:5
reggae	NOUN:1
reggaeton	NOUN:1
registre	NOUN:1
regret	NOUN:3
regretter	VERB:1
regroupement	NOUN:1
regrouper	VERB:1
rehausser	VERB:1
rein	NOUN:1
reine	NOUN:1
rejaillir	VERB:1
rejet	NOUN:1
rejeter	VERB:5
rejeton	NOUN:1
rejoindre	VERB:1
relater	VERB:1
relatif	ADJ:1
relation	NOUN:1
relationnel	ADJ:1	NOUN:1
relativement	ADV:1
relativisme	NOUN:1
relativiste	ADJ:1
relativité	NOUN:1
relayer	VERB:1
relayeur	ADJ:1
relent	NOUN:1
relief	NOUN:1
relier	VERB:3
relieur	NOUN:1
religieusement	ADV:1
religieux	ADJ:1
religion	NOUN:1
religiosité	NOUN:1
reliquaire	NOUN:1
reliquat	NOUN:1
relique	NOUN:1
relire	VERB:1
reliure	NOUN:1
relou	ADJ:1
relâcher	VERB:1
reléguer	VERB:1
remaniement	NOUN:1
remarquable	ADJ:1
remarquer	VERB:1
rembourrage	NOUN:1
remboursement	NOUN:1
rembourser	VERB:1
remerciement	NOUN:1
remercier	VERB:1
remettre	VERB:1
remise	NOUN:1
remodeler	VERB:1
remonter	VERB:1
remords	NOUN:1
remorque	NOUN:1
remorquer	VERB:1
remorqueur	NOUN:1
rempart	NOUN:1
remplacement	NOUN:1
remplacer	VERB:1
remplir	VERB:1
remporter	VERB:1
remuer	VERB:2
remède	NOUN:1
remédier	VERB:1
renaissance	NOUN:1	ADJ:1
renard	NOUN:1
renaître	VERB:1
renchérissement	NOUN:1
rencontre	NOUN:1
rencontrer	VERB:1
rendement	NOUN:1
rendez-vous	NOUN:3
rendre	VERB:7
renfermer	VERB:1
renforcement	NOUN:1
renforcer	VERB:1
renfort	NOUN:1
renier	VERB:3
renifler	VERB:1
renne	NOUN:1
renom	NOUN:1
renommée	NOUN:1
renoncement	NOUN:1
renoncer	VERB:1
renouvelable	ADJ:1
renouveler	VERB:1
renouvellement	NOUN:1
renseignement	NOUN:1
renseigner	VERB:1
rentabiliser	VERB:1
rentabilité	NOUN:1
rentable	ADJ:1
rente	NOUN:1
rentier	NOUN:1
rentrer	VERB:2
rentrée	NOUN:1
renversement	NOUN:1
renverser	VERB:3
renvoi	NOUN:1
renvoyer	VERB:4
renégat	NOUN:1
renégociation	NOUN:1
renégocier	VERB:1
repaire	NOUN:1
repas	NOUN:2
repasser	VERB:1
repenser	VERB:1
repentir	NOUN:1
repli	NOUN:1
replier	VERB:1
reportage	NOUN:1
reporter	VERB:2	NOUN:1
repos	NOUN:1
reposer	VERB:1
repoussant	ADJ:1
repousser	VERB:1
reprendre	VERB:7
reprocher	VERB:5
reproducteur	ADJ:1
reproductif	ADJ:1
reproduction	NOUN:1
reproduire	VERB:1
reprogrammer	VERB:1
représentant	NOUN:1
représentatif	ADJ:1
représentation	NOUN:1
représenter	VERB:1
reps	NOUN:1
reptile	NOUN:1
reptilien	NOUN:1
repu	ADJ:1
repère	NOUN:1
requiem	NOUN:1
requin	NOUN:1
requérir	VERB:1
requête	NOUN:1
rer	X:1
rescapé	NOUN:1
respect	NOUN:1	INTJ:1
respectabilité	NOUN:1
respectable	ADJ:1
respecter	VERB:1
respectif	ADJ:1
respectivement	ADV:1
respectueusement	ADV:1
respectueux	ADJ:1
respiration	NOUN:1
respirer	VERB:1
resplendissant	ADJ:1
responsabiliser	VERB:1
responsabilité	NOUN:1
responsable	ADJ:1
ressac	NOUN:1
ressasser	VERB:3
ressaut	NOUN:1
ressemblance	NOUN:1
ressemblant	ADJ:1
ressembler	VERB:1
ressenti	NOUN:1
ressentiment	NOUN:1
ressentir	VERB:1
resserrement	NOUN:1
ressortir	VERB:1
ressortissant	NOUN:1
ressource	NOUN:1
ressusciter	VERB:1
restaurant	NOUN:1
restaurateur	NOUN:1
restauration	NOUN:1
restaurer	VERB:1
rester	VERB:1
restituer	VERB:1
restitution	NOUN:1
restriction	NOUN:1
retable	NOUN:1
retard	NOUN:1
retarder	VERB:1
retenir	VERB:1
retentir	VERB:1
retirer	VERB:1
retomber	VERB:1
retordre	VERB:1
retors	ADJ:1
retoucher	VERB:1
retour	NOUN:1
retourner	VERB:1
retraite	NOUN:1
retraité	ADJ:1
retranchement	NOUN:3
retrancher	VERB:1
retransmettre	VERB:1
retriever	NOUN:1
retrousser	VERB:1
retweeter	VERB:1
revanche	NOUN:1
revendeur	NOUN:1
revendication	NOUN:1
revendiquer	VERB:1
revenir	VERB:6
revenu	NOUN:1
revers	NOUN:1
reviser	VERB:1
revisiter	VERB:1
revitalisation	NOUN:1
revitaliser	VERB:1
revivifier	VERB:1
revivre	VERB:1
revoir	VERB:1
revue	NOUN:1
revêche	ADJ:1
revêtir	VERB:1
rez-de-chaussée	NOUN:1
rhapsodie	NOUN:1
rhinite	NOUN:1
rhinocéros	NOUN:1
rhinoplastie	NOUN:1
rhizome	NOUN:1
rhodium	NOUN:1
rhododendron	NOUN:1
rhubarbe	NOUN:1
rhum	NOUN:1
rhumatisme	NOUN:1
rhumatoïde	ADJ:1
rhume	NOUN:1
rhénan	ADJ:1	NOUN:1
rhétorique	ADJ:1	NOUN:1
ria	NOUN:1
ribambelle	NOUN:1
ricaner	VERB:1
richard	PROPN:1
riche	ADJ:1
richelieu	PROPN:1
richement	ADV:1
richesse	NOUN:1
richissime	ADJ:1
ricin	NOUN:1
ricine	NOUN:1
ricochet	NOUN:1
ricotta	NOUN:1
ride	NOUN:2
rideau	PROPN:1
rider	VERB:1
ridicule	ADJ:1
riel	NOUN:1
rien	PRON:3	NOUN:1	ADV:2
rieur	ADJ:1
rigide	ADJ:1
rigidité	NOUN:1
rigole	NOUN:1
rigolo	ADJ:1
rigoureux	ADJ:1
rime	NOUN:1
rimer	VERB:1
rincer	VERB:1
ring	NOUN:1
ringard	ADJ:1	NOUN:1
rinçage	NOUN:1
rioja	NOUN:1
riou	PROPN:1
ripaille	NOUN:1
riposte	NOUN:1
ripou	ADJ:1
rire	NOUN:1	VERB:1
ris	NOUN:4	VERB:2
risque	NOUN:1
risquer	VERB:1
risqué	ADJ:1
ristourne	NOUN:1
risée	NOUN:1
rital	NOUN:1
rite	NOUN:1
rivage	NOUN:1
rivaliser	VERB:1
rivalité	NOUN:1
rive	NOUN:1
river	VERB:1
riverain	NOUN:1
rivet	NOUN:1
rivière	NOUN:3
rixe	NOUN:1
riyad	PROPN:1
riz	NOUN:1
rizière	NOUN:1
rob	NOUN:1
robe	NOUN:4
robert	PROPN:1
robichaud	PROPN:1
robidoux	PROPN:1
robillard	PROPN:1
robinet	NOUN:1
robot	NOUN:1
robotique	NOUN:1	ADJ:1
robotisation	NOUN:1
robuste	ADJ:1
roc	NOUN:1
rocambolesque	ADJ:1
rocard	PROPN:1
roche	NOUN:1
rocher	NOUN:1
rock	NOUN:1
rococo	ADJ:1	NOUN:1
roder	VERB:1
rodolphe	PROPN:1
roger	PROPN:1
rognon	NOUN:1
rogue	ADJ:1
rohingya	NOUN:1
roi	NOUN:1
roitelet	NOUN:1
roland	PROPN:1
rom	ADJ:1
romain	ADJ:1
roman	ADJ:2	NOUN:1
romance	NOUN:3
romanche	NOUN:1
romancier	NOUN:1
romancière	NOUN:1
romanesque	ADJ:1	NOUN:1
romani	NOUN:1
romanisation	NOUN:1
romantique	ADJ:1
romantisme	NOUN:1
romarin	NOUN:1
rome	PROPN:1
romeu	PROPN:1
rompre	VERB:1
ronce	NOUN:1
rond	NOUN:1	ADJ:1
rond-point	NOUN:1
ronde	NOUN:1
rondeau	PROPN:1
rondelet	ADJ:1
rondelle	NOUN:1
rondin	NOUN:1
ronfler	VERB:1
ronger	VERB:1
rongeur	NOUN:1
ronronnement	NOUN:1
ronronner	VERB:1
roque	NOUN:1
roquefort	PROPN:2
roquette	NOUN:1
rorqual	NOUN:1
ros	PROPN:1
rosace	NOUN:1
rosaire	NOUN:1
rosbif	NOUN:1
rose	NOUN:2
roseau	NOUN:1
roseraie	NOUN:1
rosette	NOUN:1
rosier	NOUN:1
rosse	NOUN:1
rosser	VERB:1
rossignol	NOUN:1
rosé	NOUN:1
rosée	NOUN:1
rot	NOUN:1
rotatif	ADJ:1
rotation	NOUN:1
roter	VERB:1
rotin	NOUN:1
rotonde	NOUN:1
rotor	NOUN:1
rotterdam	PROPN:1
rottweiler	NOUN:1
rotule	NOUN:1
roturier	ADJ:1	NOUN:1
rouage	NOUN:1
roublard	ADJ:1
rouble	NOUN:1
roue	NOUN:1
rouergue	PROPN:1
rouet	NOUN:1
rouge	ADJ:1
rouge-gorge	NOUN:1
rougeole	NOUN:1
rouget	NOUN:1
rougeur	NOUN:1
rougeâtre	ADJ:1
rougir	VERB:2
rougé	PROPN:1
rouille	NOUN:1
rouiller	VERB:1
rouillé	ADJ:1
roulage	NOUN:1
rouleau	PROPN:1
roulement	NOUN:1
rouler	VERB:1
roulette	NOUN:1
roulotte	NOUN:1
roumain	ADJ:1	NOUN:1
roumanie	PROPN:1
rouquin	ADJ:1	NOUN:1
rous	PROPN:1
rousseau	PROPN:1
roussel	PROPN:1
rousset	PROPN:1
rouste	NOUN:1
routage	NOUN:1
routard	NOUN:1
route	NOUN:1
router	VERB:2
routeur	NOUN:1
routier	NOUN:1
routine	NOUN:1
routinier	ADJ:1
rouvre	NOUN:1
rouvrir	VERB:1
roux	ADJ:1	NOUN:1
rouy	PROPN:1
roy	PROPN:3
royal	ADJ:2
royalisme	NOUN:1
royaliste	ADJ:1
royaume	NOUN:1
royaume-uni	PROPN:1
royauté	NOUN:1
rpm	NOUN:1
rsf	NOUN:1
rss	X:1
ru	NOUN:1
ruban	NOUN:1
rubis	NOUN:1
rubrique	NOUN:1
rubéole	NOUN:1
ruche	NOUN:1
rucher	NOUN:1
rude	ADJ:1
rudimentaire	ADJ:1
rue	NOUN:1
ruelle	NOUN:1
ruer	VERB:1
rugby	NOUN:1
rugir	VERB:1
rugissement	NOUN:1
rugosité	NOUN:1
rugueux	ADJ:1
ruine	NOUN:1
ruiner	VERB:1
ruineux	ADJ:1
ruisseau	NOUN:1
ruisseler	VERB:1
rumba	NOUN:1
rumeur	NOUN:1
ruminant	NOUN:1
ruminer	VERB:1
rune	NOUN:1
rupestre	ADJ:1
rupture	NOUN:1
rural	ADJ:2	NOUN:1
ruse	NOUN:1
russe	ADJ:1	NOUN:1
russie	PROPN:1
russophone	NOUN:1
rustique	ADJ:1
rustre	ADJ:1	NOUN:1
rusé	ADJ:1
rwandais	NOUN:1
rythme	NOUN:1
râler	VERB:1
râpe	NOUN:1
râper	VERB:1
râteau	NOUN:1
râtelier	NOUN:1
règle	NOUN:1
règlement	NOUN:1
règne	NOUN:1
ré	NOUN:1
réa	NOUN:1
réacteur	NOUN:1
réactif	NOUN:1
réaction	NOUN:1
réactionnaire	ADJ:1	NOUN:1
réactiver	VERB:1
réagir	VERB:1
réajustement	NOUN:1
réal	NOUN:1
réalisable	ADJ:1
réalisateur	NOUN:1
réalisation	NOUN:1
réaliser	VERB:1
réalisme	NOUN:1
réalité	NOUN:1
réanimation	NOUN:1
réappropriation	NOUN:1
réapprovisionner	VERB:1
rébarbatif	ADJ:1
rébellion	NOUN:1
rébus	NOUN:1
récapitulation	NOUN:1
récemment	ADV:1
récent	ADJ:1
réceptacle	NOUN:1
récepteur	NOUN:1
réceptif	ADJ:1
réception	NOUN:1
réceptivité	NOUN:1
récession	NOUN:1
réchaud	NOUN:1
réchauffer	VERB:1
récidiver	VERB:1
récidiviste	ADJ:1	NOUN:1
récif	NOUN:1
récipiendaire	NOUN:1
récipient	NOUN:1
réciprocité	NOUN:1
réciproque	ADJ:1
réciproquement	ADV:1
récit	NOUN:1
récital	NOUN:1
récitatif	NOUN:1
réciter	VERB:1
réclamer	VERB:8
récolte	NOUN:1
récolter	VERB:2
récompense	NOUN:1
récompenser	VERB:1
réconciliation	NOUN:1
réconcilier	VERB:1
réconforter	VERB:1
récré	NOUN:1
récréation	NOUN:1
récupération	NOUN:1
récupérer	VERB:1
récurer	VERB:1
récurrence	NOUN:1
récurrent	ADJ:1
rédacteur	NOUN:1
rédaction	NOUN:1
rédempteur	ADJ:1	NOUN:1
rédemption	NOUN:1
rédiger	VERB:1
réductible	ADJ:1
réduction	NOUN:1
réduire	VERB:1
réel	ADJ:1
réemploi	NOUN:1
réfection	NOUN:1
réfectoire	NOUN:1
réflexe	NOUN:1
réflexion	NOUN:1
réflexivité	NOUN:1
réfléchir	VERB:1
réfléchissant	ADJ:1
réformateur	ADJ:1
réforme	NOUN:1
réformer	VERB:1
réformiste	ADJ:1
réfractaire	ADJ:1
réfraction	NOUN:1
réfrigérateur	NOUN:1
réfrigération	NOUN:1
réfugié	NOUN:1
réfutation	NOUN:1
réfuter	VERB:1
référence	NOUN:1
référendum	NOUN:1
référer	VERB:1
régaler	VERB:1
régate	NOUN:1
régence	NOUN:1
régent	ADJ:1
régicide	NOUN:1
régime	NOUN:1
régiment	NOUN:2
régine	PROPN:1
région	NOUN:1
régional	ADJ:1	NOUN:1
régionalisme	NOUN:1
régir	VERB:1
régisseur	NOUN:2
réglage	NOUN:3
réglementation	NOUN:1
réglementer	VERB:1
régler	VERB:1
réglisse	NOUN:1
réglé	ADJ:1
régner	VERB:1
régularisation	NOUN:1
régulariser	VERB:1
régularité	NOUN:1
régulier	ADJ:1
régulièrement	ADV:1
réhabilitation	NOUN:1
réhabiliter	VERB:1
réhydratation	NOUN:1
réincarnation	NOUN:1
réincarner	VERB:1
réinformation	NOUN:1
réinstaller	VERB:1
réinterpréter	VERB:1
réjouir	VERB:1
réjouissance	NOUN:1
rémanence	NOUN:1
réminiscence	NOUN:1
rémission	NOUN:1
rémunération	NOUN:1
rénal	ADJ:1
rénovateur	ADJ:1
rénovation	NOUN:1
rénover	VERB:1
réorientation	NOUN:1
répandre	VERB:1
répandu	ADJ:1
réparable	ADJ:1
réparateur	ADJ:1	NOUN:1
réparation	NOUN:1
réparer	VERB:1
répartir	VERB:1
répartition	NOUN:1
répercussion	NOUN:1
répertoire	NOUN:1
répit	NOUN:1
réplication	NOUN:1
réplique	NOUN:1
répondre	VERB:1
réponse	NOUN:1
répression	NOUN:1
réprimande	NOUN:1
réprimander	VERB:1
réprimer	VERB:1
réprobation	NOUN:1
républicain	ADJ:1	NOUN:1
république	NOUN:1
répudiation	NOUN:1
répudier	VERB:1
répugnance	NOUN:1
répulsion	NOUN:1
réputation	NOUN:1
répéter	VERB:1
répétiteur	NOUN:2
répétitif	ADJ:1
répétition	NOUN:1
réseau	NOUN:1
réservation	NOUN:1
réserve	NOUN:1
réserver	VERB:1
réservoir	NOUN:1
résidence	NOUN:1
résident	ADJ:1
résidu	NOUN:1
résiduel	ADJ:1
résignation	NOUN:1
résigner	VERB:1
résiliation	NOUN:1
résilience	NOUN:1
résilier	VERB:1
résille	NOUN:1
résine	NOUN:1
résistance	NOUN:1
résistant	ADJ:1	NOUN:1
résister	VERB:1
résistivité	NOUN:1
résolument	ADV:1
résolution	NOUN:1
résonance	NOUN:1
résonner	VERB:1
résoudre	VERB:1
résultat	NOUN:1
résulter	VERB:1
résumer	VERB:1
résumé	NOUN:1
résurgence	NOUN:1
résurrection	NOUN:1
rétablissement	NOUN:1
réticence	NOUN:1
réticent	ADJ:1
réticulum	NOUN:1
rétine	NOUN:1
rétorquer	VERB:1
rétorsion	NOUN:1
rétribution	NOUN:1
rétroaction	NOUN:1
rétroactivement	ADV:1
rétrograde	ADJ:1
rétrospective	NOUN:1
rétroviseur	NOUN:1
rétrécir	VERB:1
réunification	NOUN:1
réunifier	VERB:1
réunion	NOUN:1
réunir	VERB:1
réussir	VERB:3
réussite	NOUN:1
réutilisation	NOUN:1
réutiliser	VERB:1
réveil	NOUN:1
réveiller	VERB:1
réveillon	NOUN:1
réverbère	NOUN:1
réverbération	NOUN:1
réversibilité	NOUN:1
réviser	VERB:1
révocation	NOUN:1
révoltant	ADJ:1
révolte	NOUN:1
révolter	VERB:1
révolu	ADJ:1
révolution	NOUN:1
révolutionnaire	ADJ:1
révolutionner	VERB:1
révolver	NOUN:1
révélateur	NOUN:1
révélation	NOUN:1
révéler	VERB:1
révérence	NOUN:1
révérend	ADJ:1	NOUN:1
réécrire	VERB:1
rééducation	NOUN:1
rééduquer	VERB:1
réélection	NOUN:1
réélire	VERB:1
rêche	ADJ:1
rêvasser	VERB:1
rêve	NOUN:1
rêver	VERB:8
rêverie	NOUN:2
rêveur	NOUN:1
rôder	VERB:1
rôdeur	ADJ:1
rôle	NOUN:1
rôti	ADJ:1	NOUN:1
rôtir	VERB:1
sabatier	PROPN:1
sabbat	NOUN:1
sabbatique	ADJ:1
sable	NOUN:3
sableux	ADJ:1
sablier	NOUN:1
sablière	NOUN:1
sablonneux	ADJ:1
sablé	NOUN:1
sabot	NOUN:3
sabotage	NOUN:3
saboter	VERB:6
saboteur	ADJ:1
sabre	NOUN:1
sac	NOUN:3
saccadé	ADJ:1
saccharose	NOUN:1
sacerdoce	NOUN:1
sacoche	NOUN:2
sacralisation	NOUN:1
sacralité	NOUN:1
sacrebleu	INTJ:1
sacrement	NOUN:1
sacrer	VERB:2
sacrificateur	NOUN:1
sacrifice	NOUN:1
sacrifier	VERB:1
sacrilège	ADJ:1	NOUN:1
sacristain	NOUN:1
sacristie	NOUN:1
sacrum	NOUN:1
sacré	ADJ:1
sadisme	NOUN:1
sadomasochisme	NOUN:1
safar	NOUN:1
safari	NOUN:1
safran	NOUN:1
saga	NOUN:1
sagacité	NOUN:1
sage	ADJ:1
sage-femme	NOUN:1
sagement	ADV:1
sagesse	NOUN:1
saget	PROPN:1
sagittaire	PROPN:1	NOUN:2
sahara	PROPN:1
saharien	ADJ:1
sahib	NOUN:1
sahraoui	NOUN:1
saignement	NOUN:1
saigner	VERB:2
saignée	NOUN:1
saillant	ADJ:1
saillie	NOUN:1
sain	ADJ:1	NOUN:1
saindoux	NOUN:1
saint	ADJ:1
saint-bernard	NOUN:1
saint-marin	PROPN:1
saint-pierre	NOUN:1
saint-étienne	NOUN:1
sainte	NOUN:1
sainte-barbe	NOUN:1
sainteté	NOUN:1
saisine	NOUN:1
saisir	VERB:1
saison	NOUN:2
saisonnier	ADJ:1	NOUN:1
salace	ADJ:1
salade	NOUN:1
saladier	NOUN:1
salaire	NOUN:1
salaison	NOUN:1
salamandre	NOUN:1
salami	NOUN:1
salarial	ADJ:1
salarié	NOUN:1
salaud	NOUN:1
sale	ADJ:1
saler	VERB:2
saleté	NOUN:1
salinité	NOUN:1
salir	VERB:1
salive	NOUN:1
salle	NOUN:1
salmonelle	NOUN:1
salon	NOUN:1
salope	NOUN:1
saloperie	NOUN:1
salopette	NOUN:1
salpêtre	NOUN:1
salsa	NOUN:1
salsifis	NOUN:1
saltimbanque	NOUN:1
salubre	ADJ:1
salubrité	NOUN:1
saluer	VERB:1
salut	NOUN:2	INTJ:2
salvador	PROPN:1
salvadorien	NOUN:1	ADJ:1
salve	NOUN:1
salé	ADJ:1
samba	NOUN:1
samedi	NOUN:1
samoa	PROPN:1
samoan	ADJ:1	NOUN:1
samouraï	NOUN:1
samovar	NOUN:1
sampler	NOUN:1
sanatorium	NOUN:1
sanctifier	VERB:1
sanction	NOUN:1
sanctionner	VERB:1
sanctuaire	NOUN:1
sanctus	NOUN:1
sandale	NOUN:1
sandre	NOUN:1
sandrine	PROPN:1
sandwich	NOUN:1
sandwicherie	NOUN:1
sang	NOUN:1
sanglant	ADJ:1
sangle	NOUN:1
sanglier	NOUN:1
sanglot	NOUN:1
sangloter	VERB:1
sango	NOUN:1
sangria	NOUN:1
sangsue	NOUN:1
sanguin	ADJ:2
sanguinaire	ADJ:1
sanhédrin	NOUN:1
sanitaire	ADJ:1
sans	ADP:1
sans-abri	NOUN:1
sanscrit	NOUN:1
sanskrit	NOUN:1	ADJ:1
santal	NOUN:1
santé	NOUN:1
saoudien	NOUN:1	ADJ:1
saoudite	ADJ:1
saoul	ADJ:1
saouler	VERB:1
sape	NOUN:1
saper	VERB:1
sapeur	NOUN:1
sapeur-pompier	NOUN:1
saphir	NOUN:1	ADJ:1
sapin	NOUN:1
sapristi	INTJ:1
saquer	VERB:1
sar	ADJ:1
sarbacane	NOUN:1
sarcasme	NOUN:1
sarcelle	NOUN:1
sarcophage	NOUN:1
sarde	ADJ:1	NOUN:1
sardine	NOUN:1
sari	NOUN:1
sarin	NOUN:1
sarl	NOUN:1
sarment	NOUN:1
sarrasin	NOUN:1
sartorius	NOUN:1
sas	NOUN:3
satanique	ADJ:1
satanisme	NOUN:1
satellitaire	ADJ:1
satellite	NOUN:1
satin	NOUN:1
satire	NOUN:1
satirique	ADJ:1	NOUN:1
satisfaction	NOUN:1
satisfactions	NOUN:1
satisfaire	VERB:1
satisfaisant	ADJ:1
satisfait	ADJ:1
saturation	NOUN:1
saturer	VERB:1
saturne	X:1
saturnisme	NOUN:1
satyre	NOUN:1
satyrique	ADJ:1
sauce	NOUN:1
saucisse	NOUN:2
saucisson	NOUN:1
sauf	ADJ:1	ADP:1
sauge	NOUN:1
saugrenu	ADJ:1
saule	NOUN:1
saumon	NOUN:1	ADJ:1
saumure	NOUN:1
sauna	NOUN:1
saunier	NOUN:1
saupoudrer	VERB:1
saut	NOUN:1
sauter	VERB:1
sauterelle	NOUN:1
sautillant	ADJ:1
sautiller	VERB:1
sautoir	NOUN:1
sauvage	ADJ:3
sauvagerie	NOUN:2
sauvegarde	NOUN:3
sauvegarder	VERB:1
sauver	VERB:1
sauvetage	NOUN:1
sauveur	ADJ:1
savane	NOUN:1
savant	ADJ:1
savate	NOUN:1
saveur	NOUN:1
savoir	VERB:1
savoir-faire	NOUN:1
savon	NOUN:1
savonner	VERB:1
savourer	VERB:1
savoureux	ADJ:1
savoyard	ADJ:1	NOUN:1
saxon	ADJ:1	NOUN:1
saxophone	NOUN:1
saxophoniste	NOUN:1
saynète	NOUN:1
sbire	NOUN:1
scabreux	ADJ:1
scalaire	NOUN:1	ADJ:1
scalpel	NOUN:1
scandale	NOUN:1
scandaleusement	ADV:1
scandaleux	ADJ:1
scander	VERB:1
scandinave	ADJ:1	NOUN:1
scapulaire	ADJ:1
scarabée	NOUN:1
scare	NOUN:1
scarification	NOUN:1
scarlatine	NOUN:1
scat	NOUN:1
sceau	NOUN:1
sceller	VERB:1
scepticisme	NOUN:1
sceptique	ADJ:1	NOUN:1
sceptre	NOUN:1
schilling	NOUN:1
schisme	NOUN:1
schiste	NOUN:1
schisteux	ADJ:1
schizophrène	NOUN:1
schizophrénie	NOUN:1
schizophrénique	ADJ:1
schnaps	NOUN:1
schtroumpf	NOUN:1	ADJ:1
schtroumpfette	NOUN:1
schéma	NOUN:1
schématique	ADJ:1
schématiquement	ADV:1
schématiser	VERB:1
sciage	NOUN:1
sciatique	ADJ:1	NOUN:1
scie	NOUN:1
sciemment	ADV:1
science	NOUN:2
science-fiction	NOUN:1
scientifique	ADJ:1
scientiste	ADJ:1	NOUN:1
scier	VERB:1
scierie	NOUN:1
scinder	VERB:1
scintigraphie	NOUN:1
scintiller	VERB:1
scission	NOUN:1
sciure	NOUN:1
sclérose	NOUN:1
scolaire	ADJ:1
scolarisation	NOUN:1
scolariser	VERB:1
scolastique	ADJ:1
scoliose	NOUN:1
scoop	NOUN:1
scooter	NOUN:1
scop	NOUN:1
scopolamine	NOUN:1
scorbut	NOUN:1
scorpion	PROPN:2
scotch	NOUN:1
scots	NOUN:1
scottish	NOUN:1
scout	NOUN:1
scoutisme	NOUN:1
screenshot	NOUN:1
scribe	NOUN:1
scrotum	NOUN:1
scrupule	NOUN:1
scrupuleusement	ADV:1
scrupuleux	ADJ:1
scruter	VERB:1
scrutin	NOUN:1
sculpteur	NOUN:1
sculptural	ADJ:1
sculpture	NOUN:1
scythe	ADJ:1
scène	NOUN:1
scélérat	ADJ:1
scénario	NOUN:1
scénariste	NOUN:1
scénique	ADJ:1
sdf	NOUN:1
se	PRON:1
seat	X:1
seau	NOUN:1
sec	ADJ:1
second	NUM:1	NOUN:1
secondaire	ADJ:1
secondairement	ADV:1
secouer	VERB:1
secourir	VERB:1
secourisme	NOUN:1
secours	NOUN:1
secousse	NOUN:1
secret	ADJ:1
secrètement	ADV:1
secrétaire	NOUN:1
secrétariat	NOUN:1
sectaire	ADJ:1
sectarisme	NOUN:1
secte	NOUN:1
secteur	NOUN:1
section	NOUN:1
sectionner	VERB:1
sectoriel	ADJ:1
segment	NOUN:1
seiche	NOUN:1
seigle	NOUN:1
seigneur	NOUN:1	INTJ:1
seigneurial	ADJ:1
seigneurie	NOUN:1
seille	NOUN:1
sein	NOUN:4
seing	NOUN:1
seize	NOUN:1
seizième	ADJ:1
sel	NOUN:1
selle	NOUN:1
seller	VERB:1
sellier	NOUN:1
selon	ADP:1
selve	NOUN:1
semaine	NOUN:1
semblable	ADJ:1
sembler	VERB:1
semelle	NOUN:1
semence	NOUN:3
semer	VERB:1
semestre	NOUN:1
semestriel	ADJ:1
semeur	NOUN:1
semis	NOUN:1
semoule	NOUN:1
sempiternel	ADJ:1
sempre	ADV:1
senestre	ADJ:1
sens	NOUN:1
sensation	NOUN:1
sensationnalisme	NOUN:1
sensationnel	ADJ:1
sensibilité	NOUN:1
sensible	ADJ:1
sensitive	NOUN:1
sensoriel	ADJ:1
sensualité	NOUN:1
sensuel	ADJ:1
sensé	ADJ:1
sentence	NOUN:1
sentier	NOUN:1
sentiment	NOUN:1
sentimental	ADJ:1
sentinelle	NOUN:1
sentir	VERB:2
sep	NOUN:1
sept	NUM:1
septante	NUM:1
septembre	NOUN:1
septentrional	ADJ:1
septicémie	NOUN:1
septique	ADJ:1
septième	ADJ:1	NOUN:1
septuple	ADJ:1
serbe	ADJ:1	NOUN:1
serbie	PROPN:1
serein	ADJ:1	NOUN:1
serengeti	NOUN:1
serf	NOUN:1	ADJ:1
serge	NOUN:1
sergent	NOUN:1
sergent-major	NOUN:1
serin	NOUN:1
seringue	NOUN:1
serment	NOUN:1
sermon	NOUN:1
sermonner	VERB:1
serpe	NOUN:1
serpent	NOUN:3
serpillière	NOUN:1
serre	NOUN:1
serrer	VERB:2
serrure	NOUN:1
serrurerie	NOUN:1
serrurier	NOUN:1
servage	NOUN:2
serval	NOUN:1
serveur	NOUN:1
serveuse	NOUN:1
serviable	ADJ:1
service	NOUN:1
serviette	NOUN:1
servir	VERB:1
serviteur	NOUN:1
servitude	NOUN:1
session	NOUN:1
setter	NOUN:1
seuil	NOUN:1
seul	ADJ:2
seulement	ADV:1
severus	NOUN:1
sevrage	NOUN:1
sevrer	VERB:1
sexe	NOUN:1
sexisme	NOUN:1
sexiste	ADJ:1
sexologue	NOUN:1
sextant	NOUN:1
sextuple	ADJ:1
sexualisation	NOUN:1
sexualiser	VERB:1
sexualité	NOUN:1
sexuel	ADJ:1
sexuellement	ADV:1
sexué	ADJ:1
sexy	ADJ:1
seychelles	PROPN:1
sgbd	NOUN:1
shabbat	NOUN:1
shaker	NOUN:1
shampoing	NOUN:1
shampooing	NOUN:1
shell	NOUN:1
shetland	NOUN:1
shift	NOUN:1
shikoku	NOUN:1
shinto	NOUN:1
shogun	NOUN:1
shogunat	NOUN:1
shooter	NOUN:1
shot	NOUN:1
shrapnel	NOUN:1
shérif	NOUN:1
si	SCONJ:1	INTJ:1	ADV:1	NOUN:1
siamois	NOUN:1
sibylle	NOUN:1
sibérien	NOUN:1
sic	ADV:1
sicilien	ADJ:1	NOUN:1
sida	NOUN:1
sidéral	ADJ:1
sidérurgie	NOUN:1
siemens	NOUN:1
sieste	NOUN:1
sieur	NOUN:1
sifflement	NOUN:1
siffler	VERB:5
sifflet	NOUN:1
signal	NOUN:1
signalement	NOUN:1
signaler	VERB:1
signalisation	NOUN:1
signalétique	ADJ:1	NOUN:1
signataire	NOUN:1
signature	NOUN:1
signer	VERB:1
signet	NOUN:1
signification	NOUN:1
significativement	ADV:1
signifier	VERB:1
sikh	ADJ:1	NOUN:1
silence	NOUN:1
silencieusement	ADV:1
silencieux	ADJ:1	NOUN:1
silex	NOUN:1
silhouette	NOUN:1
silicate	NOUN:1
silice	NOUN:1
siliceux	ADJ:1
silicium	NOUN:1
silicone	NOUN:1
sillage	NOUN:1
sillon	NOUN:1
sillonner	VERB:1
silo	NOUN:1
silure	NOUN:1
silurien	ADJ:1	NOUN:1
silène	NOUN:1
similaire	ADJ:1
similarité	NOUN:1
similitude	NOUN:1
simon	PROPN:2
simonet	PROPN:1
simple	ADJ:1
simplement	ADV:1
simplex	NOUN:1
simplicité	NOUN:1
simplification	NOUN:1
simpliste	ADJ:1
simulacre	NOUN:1
simulateur	ADJ:1
simulation	NOUN:1
simuler	VERB:1
simultané	ADJ:1
simultanéité	NOUN:1
simultanément	ADV:1
sincère	ADJ:1
sincèrement	ADV:1
sincérité	NOUN:1
singapourien	ADJ:1	NOUN:1
singe	NOUN:1
single	NOUN:1
singleton	NOUN:1
singularité	NOUN:1
singulier	ADJ:1	NOUN:1
singulièrement	ADV:1
sinistre	ADJ:1
sinon	SCONJ:1
sinople	NOUN:1
sinueux	ADJ:1
sinus	NOUN:1
sinusite	NOUN:1
sinécure	NOUN:1
sioux	ADJ:1
siphon	NOUN:1
sire	NOUN:1
sirocco	NOUN:1
sirop	NOUN:1
sirène	NOUN:1
sis	ADJ:1
sisal	NOUN:1
sismicité	NOUN:1
sismique	ADJ:1
sit-in	NOUN:1
sitar	NOUN:1
site	NOUN:1
situation	NOUN:2
situer	VERB:1
sitôt	ADV:1
six	NUM:1
sixième	ADJ:1	NOUN:1
siècle	NOUN:1
siège	NOUN:4
ska	NOUN:1
skateboard	NOUN:1
skeleton	NOUN:1
sketch	NOUN:1
ski	NOUN:1
skier	VERB:1
skieur	NOUN:1
skipper	NOUN:1
sla	NOUN:1
slave	ADJ:1	NOUN:1
slip	NOUN:1
slogan	NOUN:1
sloop	NOUN:1
slovaque	ADJ:1	NOUN:1
slovaquie	PROPN:1
slovène	NOUN:1	ADJ:1
slovénie	PROPN:1
smack	NOUN:1
smala	NOUN:1
smartphone	NOUN:1
smicard	NOUN:1
smog	NOUN:1
smoking	NOUN:1
sne	NOUN:1
sniff	NOUN:1
sniffer	VERB:1
sniper	NOUN:1
snob	ADJ:1
snobisme	NOUN:1
soap	NOUN:1
sobre	ADJ:1
sobrement	ADV:1
sobriquet	NOUN:1
sobriété	NOUN:1
soc	NOUN:1
sociable	ADJ:1
social	ADJ:1	NOUN:1
social-démocrate	ADJ:1
socialement	ADV:1
socialisation	NOUN:1
socialisme	NOUN:1
socialiste	ADJ:1	NOUN:1
socio-économique	ADJ:1
sociologie	NOUN:1
sociologue	NOUN:1
sociopathe	ADJ:1
société	NOUN:1
socle	NOUN:1
socratique	ADJ:1
soda	NOUN:1
sodique	ADJ:1
sodium	NOUN:1
sodomie	NOUN:1
sodomiser	VERB:1
sodomite	ADJ:1	NOUN:1
sofa	NOUN:1
sofia	PROPN:1
softball	NOUN:1
soi	PRON:1
soi-disant	ADJ:2	ADV:1
soi-même	NOUN:1
soie	NOUN:2
soierie	NOUN:1
soif	NOUN:1
soigner	VERB:2
soigneur	NOUN:1
soigneusement	ADV:1
soigneux	ADJ:1
soigné	ADJ:3
soin	NOUN:1
soir	NOUN:1
soirée	NOUN:1
soixante	NUM:1	NOUN:1
soixante-dix	ADJ:1	NOUN:1
soixante-dix-neuf	ADJ:1	NOUN:1
soixante-neuf	NOUN:1
soixante-quinze	NOUN:1
soixantième	NOUN:1
soja	NOUN:1
sol	NOUN:2
solaire	ADJ:1
solange	PROPN:1
soldat	NOUN:1
solde	NOUN:1
sole	NOUN:1
soleil	NOUN:1	PROPN:1
solennel	ADJ:1
solennité	NOUN:1
solfège	NOUN:1
solidaire	ADJ:1
solidarité	NOUN:1
solide	ADJ:1	NOUN:1
solidification	NOUN:1
solidifier	VERB:1
solidité	NOUN:1
soliste	NOUN:1
solitaire	ADJ:1	NOUN:1
solitude	NOUN:1
sollicitation	NOUN:1
solliciter	VERB:1
solliciteur	NOUN:1
solstice	NOUN:1
solubilité	NOUN:1
soluble	ADJ:1
solution	NOUN:1
solutionner	VERB:1
soluté	NOUN:1
solvabilité	NOUN:1
solvable	ADJ:1
solénoïde	NOUN:1
somali	ADJ:1
somalie	PROPN:1
somalien	ADJ:1	NOUN:1
somatique	ADJ:1
sombre	ADJ:1
sombrer	VERB:2
sombrero	NOUN:1
sommairement	ADV:1
sommation	NOUN:1
somme	NOUN:1
sommeil	NOUN:1
sommelier	NOUN:2
sommet	NOUN:2
sommier	NOUN:1
sommité	NOUN:2
somnambule	ADJ:1	NOUN:1
somnambulisme	NOUN:1
somnifère	ADJ:1	NOUN:1
somnolence	NOUN:1
somnolent	ADJ:1
somnoler	VERB:1
somptueux	ADJ:1
son	PRON:1	NOUN:2
sonate	NOUN:1
sondage	NOUN:1
sonder	VERB:1
songer	VERB:2
songeur	ADJ:1
sonia	PROPN:1
sonique	ADJ:1
sonner	VERB:1
sonnet	NOUN:1
sonnette	NOUN:1
sono	NOUN:1
sonore	ADJ:1
sonorité	NOUN:1
sophie	PROPN:1
sophisme	NOUN:1
sophistication	NOUN:1
soporifique	ADJ:1
sorbet	NOUN:1
sorbier	NOUN:1
sorcellerie	NOUN:1
sorcier	NOUN:1
sorcière	NOUN:1
sordide	ADJ:1
sorgho	NOUN:1
sororité	NOUN:1
sortant	ADJ:1
sorte	NOUN:1
sortie	NOUN:1
sortilège	NOUN:2
sortir	VERB:1
sosie	NOUN:1
sot	NOUN:1
sottise	NOUN:1
souabe	NOUN:1
soubassement	NOUN:1
souche	NOUN:1
souchet	NOUN:1
souci	NOUN:1
soucier	VERB:1
soucieux	ADJ:1
soucoupe	NOUN:1
soudage	NOUN:1
soudain	ADJ:1	ADV:1
soudainement	ADV:1
soudan	PROPN:1
soudanais	ADJ:1	NOUN:1
soude	NOUN:1
souder	VERB:1
soudeur	NOUN:1
soudoyer	VERB:1
soudure	NOUN:1
souffle	NOUN:6
souffler	VERB:1
soufflerie	NOUN:1
soufflet	NOUN:1
souffleuse	NOUN:1
soufflé	NOUN:1
souffrance	NOUN:1
souffrir	VERB:1
soufisme	NOUN:1
soufre	NOUN:1
souhait	NOUN:1
souhaiter	VERB:1
souiller	VERB:1
souillure	NOUN:1
souk	NOUN:1
soul	ADJ:1	NOUN:1
soulagement	NOUN:1
soulager	VERB:1
soulever	VERB:1
soulier	NOUN:1
souligner	VERB:1
soumettre	VERB:1
soumission	NOUN:1
soupe	NOUN:1
souper	VERB:1	NOUN:1
soupir	NOUN:1
soupirer	VERB:1
soupière	NOUN:1
souple	ADJ:1
souplesse	NOUN:1
soupçon	NOUN:4
soupçonner	VERB:1
sourate	NOUN:1
source	NOUN:1
sourcier	NOUN:1
sourcil	NOUN:1
sourd	ADJ:1
sourd-muet	ADJ:1
sourdine	NOUN:1
souriant	ADJ:1
souricière	NOUN:1
sourire	VERB:1	NOUN:1
souris	NOUN:1
sournois	ADJ:1
sous	ADP:4
sous-continent	NOUN:1
sous-cutané	ADJ:1
sous-entendre	VERB:1
sous-espèce	NOUN:1
sous-groupe	NOUN:1
sous-jacent	ADJ:1
sous-marin	NOUN:1
sous-officier	NOUN:1
sous-sol	NOUN:3
sous-système	NOUN:1
sous-titre	NOUN:1
souscripteur	NOUN:1
souscription	NOUN:1
soustraction	NOUN:1
soustraire	VERB:1
soute	NOUN:2
soutenabilité	NOUN:1
souteneur	NOUN:1
soutenir	VERB:4
souterrain	ADJ:1
soutien	NOUN:1
soutirer	VERB:1
soutènement	NOUN:1
souvenir	VERB:1	NOUN:1
souvent	ADV:1
souverain	ADJ:1
souveraineté	NOUN:1
soviet	NOUN:1
soviétique	NOUN:1	ADJ:1
soyeux	ADJ:1
soûl	ADJ:1
spacieux	ADJ:1
spaghetti	NOUN:1
sparadrap	NOUN:1
sparte	NOUN:1
spartiate	NOUN:1
spasme	NOUN:1
spatial	ADJ:1
spatule	NOUN:3
speck	NOUN:1
spectacle	NOUN:1
spectaculaire	ADJ:1
spectateur	NOUN:1
spectral	ADJ:1
spectre	NOUN:1
spectromètre	NOUN:1
speech	NOUN:1
spermatozoïde	NOUN:1
sperme	NOUN:1
sphincter	NOUN:1
sphinx	NOUN:1
sphynx	NOUN:1
sphère	NOUN:1
sphérique	ADJ:1	NOUN:1
spin	NOUN:1
spiral	ADJ:1
spirale	NOUN:1
spiritualité	NOUN:1
spirituel	ADJ:1
spirituellement	ADV:1
spiritueux	NOUN:1
spiruline	NOUN:1
spleen	NOUN:1
splendeur	NOUN:1
splendide	ADJ:1
spoiler	NOUN:1
spongieux	ADJ:1
sponsor	NOUN:1
sponsoring	NOUN:1
sponsoriser	VERB:1
spontané	ADJ:1
spontanéité	NOUN:1
spontanément	ADV:1
sporadique	ADJ:1
sporadiquement	ADV:1
spore	NOUN:1
sport	NOUN:1
sportif	NOUN:1
spot	NOUN:1
springer	NOUN:1
sprinter	VERB:1
sprinteur	NOUN:1
spécial	ADJ:1
spécialement	ADV:1
spécialisation	NOUN:1
spécialiste	NOUN:1
spécialité	NOUN:1
spécieux	ADJ:1
spécifier	VERB:1
spécifique	ADJ:1
spécimen	NOUN:1
spéculation	NOUN:1
spéculer	VERB:1
spéculum	NOUN:1
spéléologie	NOUN:1
sql	NOUN:1
squale	NOUN:1
square	NOUN:1
squat	NOUN:1
squatter	NOUN:1	VERB:1
squatteur	NOUN:1
squelette	NOUN:3
squelettique	ADJ:1
sras	NOUN:1
ssl	NOUN:1
st	NOUN:1
stabilisateur	ADJ:1
stabilisation	NOUN:1
stabiliser	VERB:1
stabilité	NOUN:1
stable	ADJ:1
stack	NOUN:1
stade	NOUN:1
stage	NOUN:1
stagiaire	NOUN:1
stagnation	NOUN:1
stagner	VERB:1
stalinien	ADJ:1
stalinisme	NOUN:1
standard	NOUN:1
standardiser	VERB:1
standardiste	NOUN:1
star	NOUN:1
stathouder	NOUN:1
station	NOUN:1
stationnement	NOUN:1
stationner	VERB:1
statique	ADJ:1	NOUN:1
statistique	NOUN:1	ADJ:1
stator	NOUN:1
statuaire	ADJ:1	NOUN:1
statue	NOUN:1
statuette	NOUN:1
stature	NOUN:1
statut	NOUN:1
steak	NOUN:1
stellaire	ADJ:1
steppe	NOUN:1
sterne	NOUN:1
sternum	NOUN:1
steward	NOUN:1
stigmate	NOUN:1
stigmatisation	NOUN:1
stigmatiser	VERB:1
stimulant	ADJ:1
stimulation	NOUN:1
stimuler	VERB:1
stimulus	NOUN:1
stipe	NOUN:1
stochastique	ADJ:1
stock	NOUN:1
stockage	NOUN:1
stocker	VERB:1
stockholm	PROPN:1
stop	NOUN:1
store	NOUN:1
stoïcisme	NOUN:1
strabisme	NOUN:1
strangulation	NOUN:1
strapontin	NOUN:1
strass	NOUN:1
strasser	NOUN:1
stratagème	NOUN:1
strate	NOUN:1
stratification	NOUN:1
stratigraphie	NOUN:1
stratosphère	NOUN:1
stratège	NOUN:1
stratégie	NOUN:1
stress	NOUN:1
stressant	ADJ:1
stresser	VERB:1
strict	ADJ:1
strictement	ADV:1
strident	ADJ:1
string	NOUN:1
strip	X:1
strontium	NOUN:1
strophe	NOUN:1
structural	ADJ:1
structuralisme	NOUN:1
structure	NOUN:1
strychnine	NOUN:1
stuc	NOUN:1
studieux	ADJ:1
studio	NOUN:1
stupeur	NOUN:1
stupide	ADJ:1
stupidement	ADV:1
stupidité	NOUN:1
stupéfaction	NOUN:1
stupéfait	ADJ:1
stupéfiant	ADJ:1
style	NOUN:1
stylisation	NOUN:1
stylisme	NOUN:1
styliste	NOUN:1
stylistique	ADJ:1	NOUN:1
stylo	NOUN:1
styrène	NOUN:1
stèle	NOUN:1
sténographie	NOUN:1
sténose	NOUN:1
stéphane	PROPN:2
stéphanie	PROPN:1
stérile	ADJ:1
stérilisation	NOUN:1
stériliser	VERB:1
stérilité	NOUN:1
stéréoscopique	ADJ:1
stéréotype	NOUN:1
stéthoscope	NOUN:1
suaire	NOUN:1
suave	ADJ:1
suavité	NOUN:1
subalterne	ADJ:1
subconscient	ADJ:1
subir	VERB:4
subitement	ADV:1
subjectif	ADJ:1
subjonctif	NOUN:1
subjuguer	VERB:1
sublimation	NOUN:1
sublime	ADJ:1
sublimer	VERB:1
subliminal	ADJ:1
submerger	VERB:1
submersible	ADJ:1
submersion	NOUN:1
subordination	NOUN:1
subordonner	VERB:1
subordonné	ADJ:1
subside	NOUN:1
subsister	VERB:1
substance	NOUN:1
substantif	NOUN:1
substituer	VERB:1
substitution	NOUN:1
substrat	NOUN:1
subséquemment	ADV:1
subterfuge	NOUN:1
subtil	ADJ:1
subtilement	ADV:1
subtilité	NOUN:1
subvenir	VERB:1
subvention	NOUN:1
subventionner	VERB:1
successeur	NOUN:1
succession	NOUN:1
successivement	ADV:1
succinct	ADJ:1
succinctement	ADV:1
succion	NOUN:1
succube	NOUN:1
succulent	ADJ:1
succursale	NOUN:1
succès	NOUN:1
sucer	VERB:1
sucette	NOUN:1
sucre	NOUN:1
sucrer	VERB:1
sucrerie	NOUN:1
sucrier	ADJ:1	NOUN:1
sucré	ADJ:1
sud	NOUN:1
sud-africain	NOUN:1	ADJ:1
sud-américain	ADJ:1
sud-coréen	ADJ:1	NOUN:1
sud-est	NOUN:1
sud-occidental	ADJ:1
sud-ouest	NOUN:1
sud-sud-est	NOUN:1
sudation	NOUN:1
sudiste	ADJ:1
sudoku	NOUN:1
suer	VERB:1
sueur	NOUN:1
suffire	VERB:1
suffisament	ADV:1
suffisamment	ADV:1
suffisance	NOUN:1
suffisant	ADJ:1
suffixe	NOUN:1
suffocation	NOUN:1
suffolk	NOUN:1
suffoquer	VERB:1
suffragant	ADJ:1
suffrage	NOUN:1
suggestif	ADJ:1
suggestion	NOUN:1
suggérer	VERB:1
suicidaire	ADJ:1	NOUN:1
suicide	NOUN:1
suie	NOUN:1
suif	NOUN:1
suisse	PROPN:1
suite	NOUN:8
suivant	ADJ:1
suiveur	NOUN:1
suivre	VERB:1
sujet	ADJ:1	NOUN:1
sulfurique	ADJ:1
sulla	NOUN:1
sultan	NOUN:1
sultanat	NOUN:1
sumac	NOUN:1
sumo	NOUN:1
sumérien	ADJ:1	NOUN:1
sundae	NOUN:1
sunnisme	NOUN:1
sunnite	ADJ:1	NOUN:1
super	ADJ:1
super-héros	NOUN:1
superficialité	NOUN:1
superficie	NOUN:1
superficiel	ADJ:1
superflu	ADJ:1	NOUN:1
superhéros	NOUN:1
superintendant	NOUN:1
superlatif	ADJ:1
supermarché	NOUN:1
superposer	VERB:1
superposition	NOUN:1
superpuissance	NOUN:1
supersonique	ADJ:1
superstitieux	ADJ:1
superstition	NOUN:1
superstructure	NOUN:1
supplanter	VERB:1
supplier	VERB:1
supplique	NOUN:1
suppléance	NOUN:1
suppléant	NOUN:1
supplément	NOUN:1
supplémentaire	ADJ:1
supplétif	ADJ:1
suppo	NOUN:1
support	NOUN:1
supportable	ADJ:1
supporter	VERB:1	NOUN:1
supposer	VERB:1
supposition	NOUN:1
suppositoire	NOUN:1
supposément	ADV:1
suppression	NOUN:1
supprimer	VERB:1
supraconducteur	NOUN:1	ADJ:1
supranational	ADJ:1
suprématie	NOUN:1
suprême	ADJ:1
supérette	NOUN:1
supérieur	ADJ:1
supériorité	NOUN:1
sur	ADP:1	ADJ:1
surabondance	NOUN:1
suranné	ADJ:1
surcharge	NOUN:1
surcroît	NOUN:1
surdité	NOUN:1
surdose	NOUN:1
sureau	NOUN:1
surexploitation	NOUN:1
surface	NOUN:1
surfer	VERB:1
surfeur	NOUN:1
surgir	VERB:1
surhomme	NOUN:1
suriname	PROPN:1
surintendance	NOUN:1
surlendemain	NOUN:1
surmenage	NOUN:2
surmoi	NOUN:1
surmonter	VERB:3
surmortalité	NOUN:1
surnom	NOUN:1
surnommer	VERB:1
surnuméraire	ADJ:1
surpasser	VERB:1
surplus	NOUN:2
surpoids	NOUN:1
surprenant	ADJ:1
surprendre	VERB:1
surprise	NOUN:1
surréalisme	NOUN:1
surréaliste	ADJ:1	NOUN:1
sursaut	NOUN:1
sursauter	VERB:1
surseoir	VERB:1
sursis	NOUN:1
surtout	ADV:1	NOUN:1
surveillance	NOUN:1
surveiller	VERB:6
survenir	VERB:1
survie	NOUN:1
survivant	NOUN:1
survivre	VERB:1
survoler	VERB:1
survêtement	NOUN:1
susanne	PROPN:1
susceptible	ADJ:1
susciter	VERB:1
sushi	NOUN:1
suspect	NOUN:1
suspecter	VERB:1
suspendre	VERB:1
suspicieux	ADJ:1
suspicion	NOUN:1
sussex	NOUN:1
suture	NOUN:1
suzanne	PROPN:1
suzerain	NOUN:1
suçon	NOUN:1
suède	PROPN:1
suédois	ADJ:1	NOUN:1
svastika	NOUN:1
svelte	ADJ:1
swahili	NOUN:1
sycomore	NOUN:1	X:1
syllabe	NOUN:1
syllogisme	NOUN:1
sylphide	NOUN:1
sylvestre	ADJ:1
sylviculture	NOUN:1
sylvie	PROPN:1
symbiose	NOUN:1
symbiote	NOUN:1
symbiotique	ADJ:1
symbole	NOUN:1
symbolique	ADJ:1	NOUN:1
symboliser	VERB:1
symbolisme	NOUN:1
symboliste	ADJ:1
sympa	ADJ:1
sympathie	NOUN:1
sympathique	ADJ:1
sympathiser	VERB:1
symphonie	NOUN:1
symphonique	ADJ:1
symposium	NOUN:1
symptomatique	ADJ:1
symptôme	NOUN:1
symétrie	NOUN:1
symétrique	ADJ:1
symétriquement	ADV:1
synagogue	NOUN:1
synapse	NOUN:1
synchrone	ADJ:1
synchronicité	NOUN:1
synchronisation	NOUN:1
synchroniser	VERB:1
synchronisme	NOUN:1
synclinal	NOUN:1
syncope	NOUN:1
syncrétique	ADJ:1
syncrétisme	NOUN:1
syndic	NOUN:1
syndical	ADJ:1
syndicalisation	NOUN:1
syndicalisme	NOUN:1
syndicaliste	ADJ:1	NOUN:1
syndicat	NOUN:2
syndiquer	VERB:1
syndrome	NOUN:1
synergie	NOUN:1
synesthésie	NOUN:1
synode	NOUN:1
synonyme	ADJ:1
synopsis	NOUN:1
syntagme	NOUN:1
syntaxe	NOUN:1
syntaxique	ADJ:1
synthèse	NOUN:1
synthétique	ADJ:1
synthétiser	VERB:1
synthétiseur	NOUN:1
syphilis	NOUN:1
syriaque	ADJ:1	NOUN:1
syrie	PROPN:1
syrien	NOUN:1	ADJ:1
système	NOUN:1
systématique	ADJ:1	NOUN:1
systématisation	NOUN:1
systémique	ADJ:1
sèche-cheveux	NOUN:1
sève	NOUN:1
séance	NOUN:1
sébastien	PROPN:1
sécateur	NOUN:1
sécession	NOUN:1
sécessionniste	ADJ:1	NOUN:1
séchage	NOUN:1
sécher	VERB:1
sécheresse	NOUN:1
séchoir	NOUN:1
sécréter	VERB:1
sécrétion	NOUN:1
séculaire	ADJ:1
séculier	ADJ:1
sécurisé	ADJ:1
sécurité	NOUN:1
sédatif	ADJ:1	NOUN:1
sédiment	NOUN:1
séditieux	ADJ:1	NOUN:1
séducteur	ADJ:1	NOUN:1
séduction	NOUN:1
séduisant	ADJ:1
ségrégation	NOUN:1
ségrégationniste	ADJ:1
séisme	NOUN:1
séjour	NOUN:1
séjourner	VERB:1
sélectif	ADJ:1
sélection	NOUN:1
sélectionner	VERB:1
sélectivité	NOUN:1
sélénium	NOUN:1
sémantique	ADJ:1	NOUN:1
sémaphore	NOUN:1
séminaire	NOUN:1
sémiotique	NOUN:1
sémite	ADJ:1	NOUN:1
sémitique	ADJ:1
sénat	NOUN:1
sénateur	NOUN:1
sénescence	NOUN:1
sénile	ADJ:1
sénilité	NOUN:1
sénéchal	NOUN:1
sénéchaussée	NOUN:1
sénégal	PROPN:1
sénégalais	ADJ:1
séparation	NOUN:1
séparatisme	NOUN:1
séparatiste	ADJ:1	NOUN:1
séparer	VERB:1
séparément	ADV:1
sépia	NOUN:1
sépulcre	NOUN:1
sépulture	NOUN:1
séquelle	NOUN:1
séquestration	NOUN:1
séquoia	NOUN:1
sérail	NOUN:1
séraphin	NOUN:1
sérendipité	NOUN:1
série	NOUN:1
sérieusement	ADV:1
sérieux	ADJ:1	NOUN:1
sérologie	NOUN:1
sérologique	ADJ:1
séropositif	ADJ:1
séropositivité	NOUN:1
sérotonine	NOUN:1
sérum	NOUN:1
sérénade	NOUN:1
sérénissime	ADJ:1
sérénité	NOUN:1
sésame	NOUN:1
sévices	NOUN:1
sévillan	ADJ:1	NOUN:1
sévir	VERB:1
sévère	ADJ:1
sévèrement	ADV:1
sévérité	NOUN:1
sûr	ADJ:1
sûrement	ADV:1
sœur	NOUN:2
sœurette	NOUN:1
ta	DET:1
tabac	NOUN:1
tabard	NOUN:1
tabasser	VERB:1
tabatière	NOUN:1
tabernacle	NOUN:1
tablature	NOUN:1
table	NOUN:5
tableau	NOUN:1
tablette	NOUN:1
tablier	NOUN:1
tabou	ADJ:1	NOUN:1
taboulé	NOUN:1
tabouret	NOUN:1
tache	NOUN:2
tacher	VERB:1
tachycardie	NOUN:1
tacite	ADJ:1
tacitement	ADV:1
taciturne	ADJ:1
taco	NOUN:1
tacot	NOUN:1
tactile	ADJ:1
tactique	ADJ:1
tactiquement	ADV:1
tadjik	ADJ:1	NOUN:1
taf	NOUN:1
taffer	VERB:1
taffetas	NOUN:2
tahitien	NOUN:1
taie	NOUN:1
taille	NOUN:5
taille-douce	NOUN:1
tailler	VERB:1
tailleur	NOUN:1
taillis	NOUN:1
taire	VERB:1
taka	NOUN:1
talc	NOUN:1
talent	NOUN:1
taliban	NOUN:1
talion	NOUN:1
talisman	NOUN:1
talmud	NOUN:1
talmudique	ADJ:1
talon	NOUN:1
talus	NOUN:1
tamarin	NOUN:1
tamaris	NOUN:1
tambour	NOUN:1
tambourin	NOUN:1
tamis	NOUN:1
tamiser	VERB:1
tamoul	NOUN:1
tampon	NOUN:1
tan	NOUN:1
tanche	NOUN:1
tandem	NOUN:1
tanga	NOUN:1
tangente	NOUN:1
tangible	ADJ:1
tango	NOUN:1
tanguer	VERB:1
tanin	NOUN:1
tanière	NOUN:3
tank	NOUN:1
tannage	NOUN:1
tanner	VERB:1
tannerie	NOUN:1
tanneur	NOUN:1
tanné	ADJ:1
tant	ADV:2
tantale	NOUN:1
tante	NOUN:1
tantôt	X:1
tanzanien	ADJ:1	NOUN:1
taoïsme	NOUN:1
tapage	NOUN:1
tape	NOUN:1
taper	VERB:1
tapette	NOUN:1
tapin	NOUN:1
tapioca	NOUN:1
tapir	NOUN:1
tapis	NOUN:1
tapisser	VERB:1
tapisserie	NOUN:1
tapissier	NOUN:1
taquin	NOUN:1
taratata	INTJ:1	NOUN:1
tard	ADV:1
tarder	VERB:1
tardif	ADJ:1
tardivement	ADV:1
tare	NOUN:3
tarente	NOUN:1
tarentule	NOUN:1
targuer	VERB:1
tarif	NOUN:1
tarir	VERB:1
tarlouze	NOUN:1
taro	NOUN:1
tarot	NOUN:1
tartan	NOUN:1
tartare	ADJ:1	NOUN:1
tarte	NOUN:1
tartiflette	NOUN:1
tartine	NOUN:1
tartiner	VERB:1
tartre	NOUN:1
tartuffe	ADJ:1
taré	ADJ:1
tas	NOUN:1
tasse	NOUN:1
tasser	VERB:1
tatar	NOUN:1
tatiana	PROPN:1
tatie	NOUN:1
tatou	NOUN:1
tatouage	NOUN:1
tatouer	VERB:1
tatoueur	NOUN:1
tau	NOUN:1
taudis	NOUN:1
taulard	NOUN:1
taupe	NOUN:1
taureau	PROPN:1	NOUN:1
tauromachie	NOUN:1
tautologie	NOUN:1
taverne	NOUN:1
taxation	NOUN:2
taxe	NOUN:1
taxer	VERB:1
taxi	NOUN:1
taxidermie	NOUN:1
taxidermiste	NOUN:1
taxon	NOUN:1
taxonomie	NOUN:1
taïga	NOUN:1
taïwanais	ADJ:1	NOUN:1
tbilissi	PROPN:1
tchad	PROPN:1
tchèque	ADJ:1	NOUN:1
tchétchène	NOUN:1
tdah	NOUN:1
te	PRON:1
technical	NOUN:1
technicien	NOUN:1
technique	NOUN:1
techno	NOUN:1
technocrate	NOUN:1
technocratie	NOUN:1
technocratique	ADJ:1
technologie	NOUN:1
technologique	ADJ:1
technologiquement	ADV:1
teck	NOUN:1
teckel	NOUN:1
tectonique	ADJ:1
teigne	NOUN:1
teigneux	NOUN:1
teindre	VERB:1
teint	NOUN:1
teinte	NOUN:1
teinture	NOUN:1
teinturier	NOUN:1
tel	ADJ:1
telenovela	NOUN:1
tell	NOUN:1
tellement	ADV:1
tellure	NOUN:1
tellurique	ADJ:1
tempe	NOUN:1
temple	NOUN:1
temporaire	ADJ:1
temporairement	ADV:1
temporal	ADJ:1
temporel	ADJ:1
temporellement	ADV:1
temps	NOUN:1
tempérance	NOUN:1
température	NOUN:1
tempérer	VERB:1
tempête	NOUN:1
tenable	ADJ:2
tenace	ADJ:1
tendance	NOUN:1
tendancieux	ADJ:1
tendinite	NOUN:1
tendre	ADJ:1	VERB:1
tendresse	NOUN:1
teneur	NOUN:1
tenir	VERB:1
tennis	NOUN:1
tenseur	ADJ:1
tension	NOUN:1
tentaculaire	ADJ:1
tentacule	NOUN:1
tentation	NOUN:1
tentative	NOUN:1
tenter	VERB:2
tenture	NOUN:1
tep	X:1
tequila	NOUN:1
tergiverser	VERB:1
terme	NOUN:2
terminaison	NOUN:1
terminal	ADJ:1	NOUN:1
terminer	VERB:1
terminologie	NOUN:1
terne	ADJ:1
ternir	VERB:1
terrain	NOUN:1
terrasse	NOUN:1
terrasser	VERB:1
terre	NOUN:1	PROPN:1
terreau	NOUN:1
terrestre	ADJ:2
terreur	NOUN:1
terreux	ADJ:1
terrible	ADJ:1	NOUN:1
terriblement	ADV:1
terrien	NOUN:1
terrier	NOUN:1
terrifiant	ADJ:1
terrifier	VERB:1
territoire	NOUN:1
territorial	ADJ:1
territorialisation	NOUN:1
terroriser	VERB:1
terrorisme	NOUN:1
terroriste	NOUN:1
tertiaire	ADJ:1
tertre	NOUN:1
tes	DET:1
tesla	NOUN:1
tessiture	NOUN:1
test	NOUN:1
testament	NOUN:1
testamentaire	ADJ:1
testateur	NOUN:1
tester	VERB:1
testiculaire	ADJ:1
testicule	NOUN:1
teuton	ADJ:1	NOUN:1
teutonique	ADJ:1
texan	NOUN:1
texte	NOUN:1
textile	ADJ:1	NOUN:1
texto	ADV:1	NOUN:1
textuellement	ADV:1
texture	NOUN:1
tgv	NOUN:1
thalamus	NOUN:1
thalassothérapie	NOUN:1
thaler	NOUN:1
thallium	NOUN:1
thaumaturge	NOUN:1
thaï	ADJ:1	NOUN:1
thaïlandais	ADJ:1	NOUN:1
thaïlande	PROPN:1
thermal	ADJ:1
thermes	NOUN:1
thermidor	NOUN:1
thermique	ADJ:1
thermodynamique	NOUN:1
thermomètre	NOUN:1
thermonucléaire	ADJ:1
thermos	NOUN:1
thessaloniciens	NOUN:1
thierry	PROPN:2
thon	NOUN:1
thoracique	ADJ:1
thorax	NOUN:1
thorium	NOUN:1
thrombose	NOUN:1
thune	NOUN:1
thuya	NOUN:1
thym	NOUN:1
thymus	NOUN:1
thyroïde	NOUN:1
thème	NOUN:1
thèse	NOUN:1
thé	NOUN:1
théisme	NOUN:1
théière	NOUN:1
thématique	ADJ:1
théocratie	NOUN:1
théocratique	ADJ:1
théologie	NOUN:1
théologien	NOUN:1
théologique	ADJ:1
théorie	NOUN:1
théorique	ADJ:1
théoriser	VERB:1
théorème	NOUN:1
thérapeutique	ADJ:1
thérapie	NOUN:1
thérèse	PROPN:1
thésaurus	NOUN:1
théâtral	ADJ:1
théâtralité	NOUN:1
théâtre	NOUN:1
tiare	NOUN:1
tibia	NOUN:1
tibétain	ADJ:1
ticket	NOUN:1
tierce	NOUN:1
tiercé	ADJ:1
tiers	NOUN:1
tig	NOUN:1
tige	NOUN:2
tignasse	NOUN:1
tigre	NOUN:1
tigresse	NOUN:1
tigré	ADJ:1
tilde	NOUN:1
tiller	VERB:1
tilleul	NOUN:1
timbale	NOUN:1
timbre	NOUN:1
timbre-poste	NOUN:1
timide	ADJ:1
timidité	NOUN:1
timon	NOUN:1
timonier	NOUN:1
timoré	ADJ:1
timothée	PROPN:1
tinter	VERB:1
tintin	INTJ:1
tipi	NOUN:1
tique	NOUN:1
tir	NOUN:1
tirade	NOUN:3
tiramisu	NOUN:1
tire-bouchon	NOUN:1
tirelire	NOUN:1
tirer	VERB:1
tireur	NOUN:1
tiroir	NOUN:1
tison	NOUN:1
tissage	NOUN:1
tisser	VERB:1
tisserand	NOUN:1
tissu	NOUN:1	ADJ:1
tissulaire	ADJ:1
titan	NOUN:1
titane	NOUN:1
titanesque	ADJ:1
titine	NOUN:1
titre	NOUN:1
titulaire	ADJ:1
tiède	ADJ:1
tiédeur	NOUN:1
tkt	INTJ:1
tle	NOUN:1
tls	NOUN:1
tma	X:1
tnf	NOUN:1
toast	NOUN:1
toboggan	NOUN:1
toc	NOUN:1
tocard	ADJ:1	NOUN:1
tocsin	NOUN:1
tofu	NOUN:1
toge	NOUN:1
togo	PROPN:1
togolais	NOUN:1
toi	PRON:1
toile	NOUN:1
toilette	NOUN:1
toise	NOUN:1
toison	NOUN:1
toit	NOUN:1
toiture	NOUN:1
tolérable	ADJ:1
tolérance	NOUN:1
tolérant	ADJ:1
tolérer	VERB:1
tomate	NOUN:1
tombeau	NOUN:1
tomber	VERB:1	NOUN:1
tombeur	NOUN:1
tombola	NOUN:1
tome	NOUN:1
tomme	NOUN:1
tomographie	NOUN:1
ton	DET:1	NOUN:2
tondeuse	NOUN:1
tondre	VERB:1
toner	NOUN:1
tong	NOUN:1
tonga	PROPN:1
tonique	ADJ:1	NOUN:1
tonnage	NOUN:1
tonne	NOUN:1
tonneau	NOUN:1
tonnelier	NOUN:1
tonnelle	NOUN:1
tonnellerie	NOUN:1
tonner	VERB:1
tonnerre	NOUN:1	INTJ:1
tonsure	NOUN:1
tonte	NOUN:1
tonton	NOUN:1
topaze	NOUN:1
topinambour	NOUN:1
topique	ADJ:1
topographie	NOUN:1
topographique	ADJ:1
topologie	NOUN:1
topologique	ADJ:1
toponyme	NOUN:1
toque	NOUN:1
torche	NOUN:1
torchis	NOUN:1
torchon	NOUN:1
tordre	VERB:1
tordu	ADJ:1
tore	NOUN:1
torero	NOUN:1
torique	ADJ:1
tornade	NOUN:1
toronto	PROPN:1
torpedo	NOUN:1
torpille	NOUN:1
torpiller	VERB:1
torpilleur	NOUN:1
torque	NOUN:1
torrent	NOUN:1
torride	ADJ:1
torse	NOUN:1
torsion	NOUN:1
tort	NOUN:2
torticolis	NOUN:1
tortilla	NOUN:1
tortionnaire	NOUN:1
tortue	NOUN:1
tortueux	ADJ:1
torture	NOUN:1
torturer	VERB:1
toscan	NOUN:1
toscane	NOUN:1
total	ADJ:1
totalement	ADV:1
totalitaire	ADJ:1
totalitarisme	NOUN:1
totalité	NOUN:1
totem	NOUN:1
totémique	ADJ:1
touareg	ADJ:1
toubib	NOUN:1
toucan	NOUN:1
toucher	NOUN:1	VERB:7
touffu	ADJ:1
toujours	ADV:4
toulouse	PROPN:1
toundra	NOUN:1
toupet	NOUN:1
toupie	NOUN:1
tour	NOUN:4
tourbe	NOUN:1
tourbillon	NOUN:2
tourbière	NOUN:1
tourisme	NOUN:1
touriste	NOUN:1
tourmaline	NOUN:1
tourment	NOUN:1
tourmenter	VERB:1
tournage	NOUN:1
tournant	NOUN:1
tourner	VERB:1
tournesol	NOUN:1
tourneur	ADJ:1	NOUN:1
tournevis	NOUN:1
tournoi	NOUN:1
tournoyer	VERB:1
tournure	NOUN:1
tournée	NOUN:1
touron	NOUN:1
tourte	NOUN:1
tourteau	NOUN:1
tourterelle	NOUN:1
toussaint	X:1
tousser	VERB:1
tout	ADJ:2	ADV:1
toutefois	SCONJ:1	ADV:1
toutou	NOUN:1
toux	NOUN:1	PRON:1
toxicité	NOUN:1
toxicologie	NOUN:1
toxicologique	ADJ:1
toxicomane	NOUN:1
toxicomanie	NOUN:1
toxine	NOUN:1
toxique	ADJ:1	NOUN:1
trac	NOUN:2
trace	NOUN:1
tracer	VERB:1
trachée	NOUN:1
trachéotomie	NOUN:1
tract	NOUN:1
tracter	VERB:1
tracteur	NOUN:1
traction	NOUN:1
tractopelle	NOUN:1
tractus	NOUN:1
tradition	NOUN:1
traditionaliste	ADJ:1	NOUN:1
traditionnel	ADJ:1
traditionnellement	ADV:1
traducteur	NOUN:1
traduction	NOUN:1
traduire	VERB:1
trafic	NOUN:1
trafiquant	NOUN:1
trafiquer	VERB:1
tragique	ADJ:1
tragédie	NOUN:1
trahir	VERB:1
trahison	NOUN:1
trail	NOUN:1
train	NOUN:1
trainer	VERB:1
traire	VERB:1
trait	NOUN:1
traitement	NOUN:1
traiter	VERB:1
traiteur	NOUN:1
traité	NOUN:1
trajectoire	NOUN:1
trajet	NOUN:1
trame	NOUN:1
tramway	NOUN:1
tranchant	ADJ:1
tranche	NOUN:1
trancher	VERB:1
tranquille	ADJ:1
tranquillement	ADV:1
tranquilliser	VERB:1
tranquillité	NOUN:1
trans	ADJ:1
transaction	NOUN:1
transactionnel	ADJ:1
transatlantique	NOUN:1
transbordement	NOUN:1
transcendance	NOUN:1
transcendant	ADJ:1
transcendantal	ADJ:1
transcontinental	NOUN:1
transcription	NOUN:1
transcrire	VERB:1
transducteur	NOUN:1
transe	NOUN:1
transept	NOUN:1
transfert	NOUN:1
transformateur	NOUN:1
transformation	NOUN:1
transformer	VERB:1
transfrontalier	ADJ:1
transfusion	NOUN:1
transférer	VERB:1
transgenre	ADJ:1
transgresser	VERB:1
transgressif	ADJ:1
transgression	NOUN:1
transhumance	NOUN:1
transhumanisme	NOUN:1
transiger	VERB:1
transistor	NOUN:1
transit	NOUN:1
transiter	VERB:1
transitif	ADJ:1
transition	NOUN:1
transitoire	ADJ:1
translation	NOUN:1
translucide	ADJ:1
transmetteur	NOUN:1
transmettre	VERB:1
transmission	NOUN:1
transmutation	NOUN:1
transnational	ADJ:1
transparence	NOUN:1
transparent	ADJ:1	NOUN:1
transphobe	ADJ:1	NOUN:1
transphobie	NOUN:1
transpirer	VERB:1
transplant	NOUN:1
transplantation	NOUN:1
transplanter	VERB:1
transport	NOUN:1
transportable	ADJ:1
transporter	VERB:1
transposer	VERB:1
transposition	NOUN:1
transversal	ADJ:1
trapp	NOUN:1
trappe	NOUN:1
trapèze	NOUN:1
traque	NOUN:1
traquer	VERB:1
trauma	NOUN:1
traumatique	ADJ:1
traumatisant	ADJ:1
traumatiser	VERB:1
traumatisme	NOUN:1
traumatologie	NOUN:1
travail	NOUN:1
travailler	VERB:1
travailleur	NOUN:1
travelo	NOUN:1
travers	NOUN:1
traverser	VERB:1
travertin	NOUN:1
travesti	ADJ:1	NOUN:1
travestir	VERB:1
travestissement	NOUN:1
travée	NOUN:1
traçabilité	NOUN:1
traçable	ADJ:1
traîne	NOUN:1
traîneau	NOUN:1
traîner	VERB:1
traître	NOUN:1	ADJ:1
traîtrise	NOUN:1
treillis	NOUN:1
treize	NUM:1
treizième	NOUN:1	ADJ:1
tremblant	ADJ:1
tremblay	PROPN:1
tremble	NOUN:1
tremblement	NOUN:1
trembler	VERB:1
tremper	VERB:3
trempette	NOUN:1
tremplin	NOUN:1
trempé	ADJ:1
trente	NUM:1
trente-cinq	ADJ:1	NOUN:1
trente-deux	ADJ:1	NOUN:1
trente-neuf	ADJ:1	NOUN:1
trente-quatre	ADJ:1	NOUN:1
trente-quatrième	ADJ:1
trente-sept	ADJ:1	NOUN:1
trente-septième	ADJ:1
trente-six	ADJ:1	NOUN:1
trentenaire	NOUN:1
trentième	ADJ:1	NOUN:1
tres	NOUN:1
tresse	NOUN:1
tresser	VERB:1
treuil	NOUN:1
tri	NOUN:1
triade	NOUN:1
triage	NOUN:1
triangle	NOUN:1
triathlon	NOUN:1
triathlète	NOUN:1
tribal	ADJ:1
tribalisme	NOUN:1
tribord	ADJ:1	NOUN:1
tribu	NOUN:1
tribun	NOUN:1
tribunal	NOUN:1
tribunat	NOUN:1
tribune	NOUN:1
tribut	NOUN:1
tributaire	ADJ:1
tricentenaire	ADJ:1	NOUN:1
tricher	VERB:1
tricherie	NOUN:1
tricheur	ADJ:1	NOUN:1
tricheuse	NOUN:1
tricolore	ADJ:1
tricot	NOUN:1
tricoter	VERB:1
tricycle	NOUN:1
trident	NOUN:1
tridimensionnel	ADJ:1
trier	VERB:1
trigonométrie	NOUN:1
trigonométrique	ADJ:1
trilingue	ADJ:1
trilogie	NOUN:1
trimaran	NOUN:1
trimestre	NOUN:1
trinitaire	ADJ:1	NOUN:1
trinité	NOUN:1
trinquer	VERB:1
triolet	NOUN:1
triomphe	NOUN:1
triompher	VERB:1
tripartite	ADJ:1
tripe	NOUN:1
tripes	NOUN:1
triple	ADJ:1
tripler	VERB:1
triplé	NOUN:1
tripot	NOUN:1
tripoter	VERB:1
triptyque	NOUN:1
triste	ADJ:1
tristement	ADV:1
tristesse	NOUN:1
tritium	NOUN:1
triton	NOUN:1
trivial	ADJ:1
troc	NOUN:1
troglodyte	NOUN:1
trois	ADJ:1
troisième	ADJ:1	NOUN:1
troll	NOUN:1
troller	VERB:1
trolleybus	NOUN:1
trombe	NOUN:1
trombone	NOUN:2
trompe	NOUN:1
trompe-l'œil	NOUN:1
tromper	VERB:2
tromperie	NOUN:1
trompette	NOUN:1
trompeur	ADJ:1	NOUN:1
tronc	NOUN:1
tronçon	NOUN:1
tronçonneuse	NOUN:1
trop	ADV:1
trope	NOUN:1
trophique	ADJ:1
tropique	NOUN:1
troquer	VERB:1
troquet	NOUN:1
trot	NOUN:1
trotskiste	NOUN:1
trotter	VERB:1
trotteur	NOUN:1
trottinette	NOUN:1
trottoir	NOUN:1
trou	NOUN:1
troubadour	NOUN:1
trouble	NOUN:2
troubler	VERB:1
trouduc	NOUN:1
trouer	VERB:1
trouille	NOUN:2
troupe	NOUN:1
troupeau	NOUN:1
trousse	NOUN:3	VERB:2
trousseau	NOUN:1
trouvaille	NOUN:1
trouver	VERB:5
trouvère	NOUN:1
troyen	ADJ:1
trublion	NOUN:1
truc	NOUN:1
truculent	ADJ:1
truelle	NOUN:1
truffe	NOUN:1
truie	NOUN:1
truite	NOUN:1
truquer	VERB:1
trèfle	NOUN:1
très	ADV:1
trève	NOUN:1
trébucher	VERB:1
trébuchet	NOUN:1
tréma	NOUN:1
trémie	NOUN:1
trépas	NOUN:1
trépied	NOUN:1
trésor	NOUN:1
trésorerie	NOUN:1
trésorier	NOUN:1
trêve	NOUN:1
trône	NOUN:1
tsa	NOUN:1
tsar	NOUN:1
tsarine	NOUN:1
tsigane	ADJ:1
tsunami	NOUN:1
tu	PRON:1
tuba	NOUN:1
tube	NOUN:1
tubercule	NOUN:1
tuberculeux	ADJ:1	NOUN:1
tuberculose	NOUN:1
tuer	VERB:1
tuerie	NOUN:1
tueur	NOUN:1
tuf	NOUN:1
tuffeau	NOUN:1
tuile	NOUN:1
tuilerie	NOUN:1
tulipe	NOUN:1
tulle	NOUN:1
tumeur	NOUN:1
tumoral	ADJ:1
tumulte	NOUN:1
tumultueux	ADJ:1
tumulus	NOUN:2
tuner	VERB:1
tungstène	NOUN:1
tunique	NOUN:1
tunisie	PROPN:1
tunisien	NOUN:1	ADJ:1
tunnel	NOUN:1
tunnelier	NOUN:1
tupperware	NOUN:1
turban	NOUN:1
turbine	NOUN:1
turbocompresseur	NOUN:1
turbot	NOUN:1
turc	ADJ:1	NOUN:1
turkménistan	PROPN:1
turpitude	NOUN:1
turquie	PROPN:1
turquoise	NOUN:1
tutelle	NOUN:1
tuteur	NOUN:1
tutoiement	NOUN:1
tutoriel	ADJ:1	NOUN:1
tutoyer	VERB:2
tutu	NOUN:1
tuyau	NOUN:1
tuyauterie	NOUN:1
tva	NOUN:1
tweed	NOUN:1
tweet	NOUN:1
tweeter	VERB:1
twist	NOUN:1
tympan	NOUN:1
type	NOUN:1
typhon	NOUN:1
typhoïde	ADJ:1
typhus	NOUN:1
typiquement	ADV:1
typographe	NOUN:1
typographie	NOUN:1
typographique	ADJ:1
typologie	NOUN:1
typologique	ADJ:1
tyran	NOUN:1
tyrannie	NOUN:1
tyrannique	ADJ:1
tyrannosaure	NOUN:1
tyrolienne	NOUN:1
tyrosine	NOUN:1
tzigane	NOUN:1	ADJ:1
tâche	NOUN:1
tâcher	VERB:1
tâter	VERB:1
té	NOUN:1
tégument	NOUN:1
télescope	NOUN:1
télescopique	ADJ:1
télex	NOUN:1
télécharger	VERB:1
télécommande	NOUN:1
télédiffusion	NOUN:1
téléfilm	NOUN:1
télégramme	NOUN:1
télégraphe	NOUN:1
télématique	NOUN:1
télémédecine	NOUN:1
téléobjectif	NOUN:1
télépathie	NOUN:1
téléphone	NOUN:1
téléphoner	VERB:1
téléphonique	ADJ:1
téléphérique	NOUN:1
téléréalité	NOUN:1
télésiège	NOUN:1
téléski	NOUN:1
téléspectateur	NOUN:1
télétravail	NOUN:1
téléviseur	NOUN:1
télévision	NOUN:1
témoignage	NOUN:4
témoigner	VERB:1
témoin	NOUN:1
téméraire	ADJ:1
témérité	NOUN:1
ténacité	NOUN:1
ténia	NOUN:1
ténu	ADJ:1
ténébreux	ADJ:1
térébenthine	NOUN:1
tétanos	NOUN:1
téter	VERB:1
tétine	NOUN:1
téton	NOUN:1
tétralogie	NOUN:1
tétras	NOUN:1
tétraèdre	NOUN:1
tété	NOUN:1
têtard	NOUN:1
tête	NOUN:1
têtu	ADJ:1
tôle	NOUN:1
tôt	ADV:2
ua	NOUN:1
uberisation	NOUN:1
ubiquité	NOUN:1
uchronie	NOUN:1
ukraine	PROPN:1
ukrainien	ADJ:1	NOUN:1
ukulélé	NOUN:1
ulcère	NOUN:1
ulm	NOUN:1
ulric	PROPN:1
ultimatum	NOUN:1
ultime	ADJ:1
ultra	ADV:1
ultrason	NOUN:1
ultraviolet	NOUN:1
ultérieur	ADJ:1
uma	NOUN:1
un	NUM:1	DET:1	NOUN:1	PRON:1
unanime	ADJ:1
unanimement	ADV:1
unanimité	NOUN:1
unicef	NOUN:1
unicité	NOUN:1
unification	NOUN:1
uniforme	ADJ:1	NOUN:1
uniformiser	VERB:1
uniformité	NOUN:1
unilingue	ADJ:1
uninominal	ADJ:1
union	NOUN:1
unique	ADJ:1
uniquement	ADV:1
unir	VERB:1
unitaire	ADJ:1
unité	NOUN:1
univ	NOUN:1
univers	NOUN:1
universal	NOUN:1
universalisme	NOUN:1
universalité	NOUN:1
universel	ADJ:1
universellement	ADV:1
universitaire	NOUN:1
université	NOUN:1
univoque	ADJ:1
upc	X:1
uranium	NOUN:1
urbain	ADJ:1
urbanisation	NOUN:1
urbaniser	VERB:1
urbaniste	NOUN:1
urbanistique	ADJ:1
urbanité	NOUN:1
urbex	NOUN:1
urgence	NOUN:1
urgent	ADJ:1
urgentiste	NOUN:1
uri	NOUN:1
urinaire	ADJ:1
urine	NOUN:1
uriner	VERB:1
urinoir	NOUN:1
urique	ADJ:1
urne	NOUN:1
urologie	NOUN:1
ursule	PROPN:1
urticaire	NOUN:1
uruguay	PROPN:1
uruguayen	NOUN:1	ADJ:1
urètre	NOUN:1
us	X:1
usa	X:1
usage	NOUN:1
usager	NOUN:1
user	VERB:1
usine	NOUN:1
ustensile	NOUN:1
usufruit	NOUN:1
usure	NOUN:2
usurier	NOUN:1
usurpateur	NOUN:1
usurper	VERB:1
ut	NOUN:1
ute	ADJ:1	NOUN:1
utile	ADJ:1
utilisable	ADJ:1
utilisateur	NOUN:1
utilisation	NOUN:1
utiliser	VERB:1
utilitarisme	NOUN:1
utilité	NOUN:1
utopie	NOUN:1
utopique	ADJ:1
utopiste	ADJ:1	NOUN:1
utérin	ADJ:1
utérus	NOUN:1
vacance	NOUN:1
vacancier	NOUN:1
vacant	ADJ:1
vacarme	NOUN:1
vacataire	NOUN:1
vaccin	NOUN:1
vaccination	NOUN:1
vacciner	VERB:1
vache	NOUN:1
vachement	ADV:1
vacher	NOUN:1
vacherie	NOUN:1
vaciller	VERB:1
vacuité	NOUN:1
vacuum	NOUN:1
vagabond	ADJ:1	NOUN:1
vagabondage	NOUN:1
vagabonder	VERB:1
vagin	NOUN:1
vaginal	ADJ:1
vague	ADJ:1	NOUN:1
vaguement	ADV:1
vaillamment	ADV:1
vaillant	ADJ:2
vain	ADJ:1
vaincre	VERB:1
vainqueur	NOUN:1
vair	NOUN:1
vaisseau	NOUN:1
vaisselle	NOUN:1
val	NOUN:1
valable	ADJ:1
valencien	NOUN:1
valet	NOUN:1
valeur	NOUN:1
valeureux	ADJ:1
validation	NOUN:1
valide	ADJ:1
valider	VERB:1
validité	NOUN:1
valise	NOUN:1
vallée	NOUN:1
valoir	VERB:1
valoriser	VERB:1
valse	NOUN:1
valuation	NOUN:1
valve	NOUN:1
valériane	NOUN:1
valérie	PROPN:1
valéry	PROPN:1
vamp	NOUN:1
vampire	NOUN:1
van	NOUN:1
vanadium	NOUN:1
vandale	NOUN:1
vandaliser	VERB:1
vandalisme	NOUN:1
vanille	NOUN:1
vaniteux	ADJ:1
vanité	NOUN:2
vanne	NOUN:1
vanner	VERB:1
vantard	ADJ:1
vantardise	NOUN:1
vanter	VERB:1
vapeur	NOUN:1
vaporeux	ADJ:1
vaporisateur	NOUN:1
vaporisation	NOUN:1
vaporiser	VERB:1
vapoter	VERB:1
varan	NOUN:1
varech	NOUN:1
variabilité	NOUN:1
variable	ADJ:1	NOUN:1
variance	NOUN:1
variante	NOUN:1
variateur	NOUN:1
variation	NOUN:1
varicelle	NOUN:1
varier	VERB:1
variole	NOUN:1
varié	ADJ:1
variété	NOUN:2
varsovie	PROPN:1
vase	NOUN:1
vasectomie	NOUN:1
vaseline	NOUN:1
vassal	NOUN:1
vassalité	NOUN:1
vaste	ADJ:1
vat	NOUN:1
vatican	ADJ:1
vaudeville	NOUN:1
vaudois	ADJ:1
vaudou	NOUN:1
vaurien	NOUN:1
vautour	NOUN:1
veau	NOUN:2
vecteur	NOUN:1
vectoriel	ADJ:1
vedette	NOUN:1
veille	NOUN:1
veiller	VERB:1
veillée	NOUN:1
velcro	NOUN:1
velle	NOUN:1
velléité	NOUN:1
velours	NOUN:1
velouté	ADJ:1
velu	ADJ:1
velvet	NOUN:1
vendange	NOUN:1
vendeur	NOUN:1
vendeuse	NOUN:1
vendre	VERB:1
vendredi	NOUN:1
vendémiaire	NOUN:1
veneur	NOUN:1
vengeance	NOUN:1
venger	VERB:1
vengeur	NOUN:1
venimeux	ADJ:1
venin	NOUN:1
venir	VERB:1
venise	PROPN:1
vent	NOUN:1
vente	NOUN:1
venter	VERB:1
ventilateur	NOUN:1
ventilation	NOUN:1
ventiler	VERB:1
ventouse	NOUN:1
ventral	ADJ:1
ventre	NOUN:1
ventriculaire	ADJ:1
ventricule	NOUN:1
ventriloque	ADJ:1
ventôse	NOUN:1
ver	NOUN:1
verbal	ADJ:1
verbatim	NOUN:1
verbe	NOUN:2
verbeux	ADJ:1
verbiage	NOUN:1
verdict	NOUN:1
verdier	NOUN:1
verdir	VERB:1
verdâtre	ADJ:1
verge	NOUN:1
verger	NOUN:1
verglas	NOUN:1
vergogne	NOUN:1
vergue	NOUN:1
verlan	NOUN:1
vermeil	ADJ:1
vermifuge	ADJ:1
vermillon	NOUN:1	ADJ:1
vermine	NOUN:1
vermouth	NOUN:1
vernaculaire	ADJ:1
vernier	NOUN:1
vernir	VERB:1
vernis	NOUN:1
verrat	NOUN:1
verre	NOUN:2
verrerie	NOUN:1
verrier	NOUN:1
verrière	NOUN:1
verrou	NOUN:1
verrouillage	NOUN:1
verrouiller	VERB:1
verrue	NOUN:1
vers	ADP:1
versailles	PROPN:1
versant	NOUN:1
versatile	ADJ:1
verseau	ADJ:1
versement	NOUN:1
verser	VERB:1
versification	NOUN:1
version	NOUN:1
verso	NOUN:1
versus	ADP:1
vert	ADJ:1	NOUN:3
vertical	ADJ:1
verticalement	ADV:1
verticalité	NOUN:1
vertige	NOUN:1
vertigineux	ADJ:1
vertu	NOUN:1
vertueux	ADJ:1
vertèbre	NOUN:1
vertébral	ADJ:1
verve	NOUN:2
verveine	NOUN:1
vessie	NOUN:1
veste	NOUN:1
vestiaire	NOUN:1
vestibule	NOUN:1
vestige	NOUN:1
vestimentaire	ADJ:1
veston	NOUN:1
veto	NOUN:1
veuf	ADJ:1
veuve	NOUN:1
vexer	VERB:1
vfr	X:1
via	NOUN:1	ADP:1
viable	ADJ:1
viaduc	NOUN:1
viager	ADJ:1	NOUN:1
viande	NOUN:1
viatique	NOUN:1
vibrant	ADJ:1
vibration	NOUN:1
vibrato	NOUN:1
vibrer	VERB:1
vibromasseur	NOUN:1
vicaire	NOUN:1
vice	NOUN:1
vice-amiral	NOUN:1
vice-président	NOUN:1
vice-roi	NOUN:1
vicieux	ADJ:1	NOUN:1
vicomte	NOUN:1
vicomtesse	NOUN:1
vicomté	NOUN:1
victime	NOUN:1
victimisation	NOUN:1
victimiser	VERB:1
victoire	NOUN:1
victoria	NOUN:1
victorien	ADJ:1
victorieusement	ADV:1
victorieux	ADJ:1
vide	ADJ:1	NOUN:1
vider	VERB:1
vidéaste	NOUN:1
vidéo	NOUN:1	ADJ:1
vidéoclip	NOUN:1
vidéoconférence	NOUN:1
vidéoprojecteur	NOUN:1
vidéosurveillance	NOUN:1
vie	NOUN:1
vieillard	NOUN:1
vieillesse	NOUN:1
vieilli	ADJ:1
vieillir	VERB:1
vieillissement	NOUN:3
viel	PROPN:1
vielle	PROPN:1
viennois	NOUN:1	ADJ:1
viennoiserie	NOUN:1
vierge	ADJ:1	PROPN:1
vietnam	PROPN:1
vietnamien	NOUN:1	ADJ:1
vieux	ADJ:1
vif	ADJ:1
vigilance	NOUN:1
vigilant	ADJ:1
vigile	NOUN:1
vigne	NOUN:1
vigneau	PROPN:1
vigneron	NOUN:1
vignette	NOUN:1
vignoble	NOUN:1
vigoureusement	ADV:1
vigoureux	ADJ:1
viguerie	NOUN:1
vigueur	NOUN:1
viguier	NOUN:1
vih	NOUN:1
viking	NOUN:1
vil	ADJ:1
vilain	ADJ:5	NOUN:3
vilayet	NOUN:1
vilebrequin	NOUN:1
vilipender	VERB:1
villa	NOUN:1
village	NOUN:1
villageois	NOUN:1
ville	NOUN:1
villette	NOUN:1
vin	NOUN:1
vinaigre	NOUN:1
vinaigrette	NOUN:1
vincent	PROPN:1
vindicatif	ADJ:1
vingt	ADJ:1
vingt-cinq	NUM:1
vingt-neuf	NUM:1
vingt-quatre	ADJ:1	NOUN:1
vingt-quatrième	NUM:1	ADJ:1
vingt-sept	NUM:1
vingt-sixième	NUM:1	ADJ:1
vingtaine	NOUN:1
vingtième	NUM:1
viol	NOUN:1
violacé	ADJ:1
violation	NOUN:1
violemment	ADV:1
violence	NOUN:1
violent	ADJ:1
violenter	VERB:1
violer	VERB:1
violet	ADJ:1	NOUN:1
violette	NOUN:1
violeur	NOUN:1
violine	NOUN:1	ADJ:1
violon	NOUN:1
violoncelle	NOUN:1
violoncelliste	NOUN:1
violoniste	NOUN:1
vipère	NOUN:1
virage	NOUN:1
viral	ADJ:1
viralité	NOUN:1
virer	VERB:1
virevoltant	NOUN:1
virevolter	VERB:1
virginal	ADJ:1
virginie	PROPN:2
virginité	NOUN:2
virgule	NOUN:1
viril	ADJ:1
virologie	NOUN:1
virtualisation	NOUN:1
virtualité	NOUN:1
virtuel	ADJ:1
virtuellement	ADV:1
virtuose	ADJ:1	NOUN:1
virulence	NOUN:1
virulent	ADJ:1
virus	NOUN:1
virée	NOUN:1
vis	NOUN:1
vis-à-vis	ADV:1
visa	NOUN:1
visage	NOUN:1
viscose	NOUN:1
viscosité	NOUN:1
viscère	NOUN:1
viser	VERB:1
visibilité	NOUN:1
visible	ADJ:1
visiblement	ADV:1
visioconférence	NOUN:1
vision	NOUN:1
visionnage	NOUN:1
visionnaire	ADJ:1	NOUN:1
visite	NOUN:1
visiter	VERB:1
visiteur	NOUN:1
visière	NOUN:1
vison	NOUN:1
visqueux	ADJ:1
visser	VERB:1
vista	NOUN:1
visualisation	NOUN:1
visuel	ADJ:1
vital	ADJ:1
vitalité	NOUN:1
vitamine	NOUN:1
vite	ADJ:1	ADV:1
vitesse	NOUN:1
viticole	ADJ:1
viticulture	NOUN:1
vitiligo	NOUN:1
vitrail	NOUN:1
vitre	NOUN:1
vitreux	ADJ:1
vitrier	NOUN:1
vitrification	NOUN:1
vitrine	NOUN:1
vitriol	NOUN:1
vitré	ADJ:1
vivace	ADJ:1
vivarium	NOUN:1
viviane	PROPN:1
vivien	PROPN:1
vivier	NOUN:1
vivre	VERB:1
vizir	NOUN:1
vladivostok	PROPN:1
vocable	NOUN:1
vocabulaire	NOUN:1
vocal	ADJ:1
vocalique	ADJ:1
vocation	NOUN:1
vodka	NOUN:1
vogue	NOUN:1
voguer	VERB:1
voici	VERB:1
voie	NOUN:1
voile	NOUN:1
voiler	VERB:1
voilier	ADJ:1	NOUN:1
voilure	NOUN:1
voilà	INTJ:2
voir	VERB:1
voire	ADV:2
voisin	ADJ:1
voisinage	NOUN:1
voiture	NOUN:1
voiturette	NOUN:1
voiturier	ADJ:1
voix	NOUN:1
vol	NOUN:1
volage	ADJ:1
volaille	NOUN:1
volant	NOUN:1
volcan	NOUN:1
volcanique	ADJ:1
volcanisme	NOUN:1
voler	VERB:3
volet	NOUN:1
voleur	ADJ:1
volière	NOUN:1
volley-ball	NOUN:1
volontaire	ADJ:1	NOUN:1
volontarisme	NOUN:1
volontiers	ADV:1
volonté	NOUN:1
volt	NOUN:1
voltage	NOUN:1
volubile	ADJ:1
volume	NOUN:1
volumineux	ADJ:1
volupté	NOUN:1
volute	NOUN:1
volée	NOUN:1
vomi	NOUN:1
vomir	VERB:1
vomissement	NOUN:1
vor	X:1
vorace	ADJ:1
voracité	NOUN:1
votant	NOUN:1
vote	NOUN:1
voter	VERB:1
votre	DET:1
vouloir	VERB:2
vous	PRON:2
vouvoiement	NOUN:1
vouvoyer	VERB:1
voyage	NOUN:1
voyager	VERB:1
voyageur	ADJ:1
voyagiste	NOUN:1
voyance	NOUN:1
voyelle	NOUN:1
voyeur	NOUN:1
voyeurisme	NOUN:1
voyou	NOUN:3
voûte	NOUN:1
vrac	X:1
vrai	ADJ:1
vraiment	ADV:1
vraisemblable	ADJ:1
vraisemblance	NOUN:1
vrille	NOUN:1
vtt	NOUN:1
vue	NOUN:2
vulcain	NOUN:1
vulgaire	ADJ:1	NOUN:2
vulgarisation	NOUN:1
vulgariser	VERB:1
vulgarité	NOUN:1
vulgate	NOUN:1
vulnérabilité	NOUN:1
vulnérable	ADJ:1
vulve	NOUN:1
végan	ADJ:1	NOUN:1
véganisme	NOUN:1
végétal	ADJ:1	NOUN:1
végétalisation	NOUN:1
végétarien	ADJ:1	NOUN:1
végétarisme	NOUN:1
végétation	NOUN:1
végéter	VERB:1
véhiculaire	ADJ:1
véhicule	NOUN:1
véhémence	NOUN:1
véhément	ADJ:1
vélin	NOUN:1
vélo	NOUN:1
véloce	ADJ:1
vélocité	NOUN:1
vénal	ADJ:1
vénalité	NOUN:1
vénerie	NOUN:1
vénitien	NOUN:1
vénus	PROPN:1
vénéneux	ADJ:1
vénérable	ADJ:1
vénération	NOUN:1
vénérer	VERB:1
vénézuéla	PROPN:1
vénézuélien	ADJ:1	NOUN:1
véracité	NOUN:1
véranda	NOUN:1
véreux	ADJ:1
véridique	ADJ:1
vérificateur	NOUN:1
vérification	NOUN:1
vérifier	VERB:1
véritable	ADJ:2
vérité	NOUN:1
véronique	PROPN:1
vésicule	NOUN:1
vétusté	NOUN:1
vétéran	NOUN:1
vétérinaire	ADJ:1	NOUN:1
vêtement	NOUN:1
vêtir	VERB:1
vœu	NOUN:1
wagon	NOUN:1
waifu	NOUN:1
wali	NOUN:1
walkman	NOUN:1
wallon	ADJ:1
wapiti	NOUN:1
warrant	NOUN:2
wasabi	NOUN:1
watt	NOUN:1
weber	NOUN:1
webinaire	NOUN:1
week-end	NOUN:1
western	NOUN:1
wheeling	NOUN:1
whig	ADJ:1
whisky	NOUN:1
wi-fi	NOUN:1
wiki	NOUN:1
wikipédia	PROPN:1
wiktionnaire	PROPN:1
wilaya	NOUN:1
wilfrid	PROPN:1
winter	NOUN:1
wok	NOUN:1
woke	ADJ:1
wolfram	NOUN:1
wolof	ADJ:1
won	NOUN:1
xe	NOUN:1
xhosa	NOUN:1	ADJ:1
xml	NOUN:1
xylophone	NOUN:1
xénon	NOUN:1
xénophobe	NOUN:1
xénophobie	NOUN:1
xérès	NOUN:1
y	PRON:2
yacht	NOUN:1
yak	NOUN:1
yankee	NOUN:1
yaourt	NOUN:2
yard	NOUN:1
yen	NOUN:1
yiddish	NOUN:1
yoga	NOUN:1
yole	NOUN:1
yorkais	ADJ:1
yoruba	ADJ:1	NOUN:1
yougoslave	ADJ:1
yougoslavie	PROPN:1
youpi	INTJ:1
yourte	NOUN:1
youtubeur	NOUN:1
yoyo	NOUN:1
yseult	PROPN:1
yuan	NOUN:1
yucca	NOUN:1
yunnan	PROPN:1
yuzu	NOUN:1
yves	PROPN:1
yvette	PROPN:1
yvon	PROPN:1
yvonne	PROPN:1
yé	X:1
yémen	PROPN:1
yéménite	NOUN:1
yéti	NOUN:1
zambie	PROPN:1
zambien	NOUN:1
zapper	VERB:1
zapping	NOUN:1
zarbi	ADJ:1
zee	NOUN:1
zen	NOUN:1
zeppelin	NOUN:1
zeste	NOUN:3
zibeline	NOUN:1
zigouiller	VERB:1
zigzag	NOUN:1
zimbabwe	PROPN:1
zimbabwéen	NOUN:1
zinc	NOUN:1
zine	NOUN:1
zinzin	ADJ:1	NOUN:1
zircon	NOUN:1
zirconium	NOUN:1
zizanie	NOUN:1
zizi	NOUN:1
zob	NOUN:1
zodiac	NOUN:1
zodiaque	NOUN:1
zola	PROPN:1
zombie	NOUN:1
zona	NOUN:1
zone	NOUN:1
zoo	NOUN:1
zoologie	NOUN:1
zoologiste	NOUN:1
zoophile	NOUN:1	ADJ:1
zoophilie	NOUN:1
zoulou	ADJ:1
zut	INTJ:1
zèbre	NOUN:1
zèle	NOUN:1
zébu	NOUN:1
zélandais	ADJ:1
zélé	ADJ:1
zénith	NOUN:1
zéphyr	NOUN:1
zéro	NOUN:1
à	ADP:8
âcre	ADJ:1
âge	NOUN:1
âme	NOUN:1
âne	NOUN:1
ânerie	NOUN:1
âpre	ADJ:1
âprement	ADV:1
âpreté	NOUN:1
âtre	NOUN:1
ça	PRON:1
çà	ADV:1	INTJ:1
ère	NOUN:1
ès	ADP:1	X:1
ève	PROPN:1
ébahi	ADJ:1
ébauche	NOUN:1
ébaucher	VERB:1
éblouir	VERB:1
éblouissant	ADJ:1
éblouissement	NOUN:1
éboueur	NOUN:1
ébranler	VERB:1
ébriété	NOUN:1
ébruiter	VERB:1
ébullition	NOUN:1
ébène	NOUN:1	ADJ:1
ébéniste	NOUN:1
écaille	NOUN:1
écarlate	NOUN:1	ADJ:1
écart	NOUN:1
écartelé	ADJ:1
écarter	VERB:1
écervelé	ADJ:1
échafaud	NOUN:1
échafaudage	NOUN:1
échalas	NOUN:1
échalote	NOUN:1
échancrure	NOUN:1
échange	NOUN:1
échanger	VERB:1
échangeur	NOUN:1
échangisme	NOUN:1
échanson	NOUN:1
échantillon	NOUN:2
échantillonnage	NOUN:1
échappatoire	NOUN:1
échappement	NOUN:1
échapper	VERB:1
échappée	NOUN:1
écharde	NOUN:1
écharpe	NOUN:1
échauffement	NOUN:1
échauffer	VERB:2
échec	NOUN:1
échelle	NOUN:2
échelon	NOUN:1
échelonnement	NOUN:1
échelonner	VERB:1
écheveau	NOUN:1
échevin	NOUN:1
échine	NOUN:1
échiquier	NOUN:1
écho	NOUN:1
échographie	NOUN:1
échoir	VERB:1
échoppe	NOUN:1
échouer	VERB:1
échéance	NOUN:1
éclabousser	VERB:1
éclair	NOUN:1
éclairage	NOUN:1
éclaircir	VERB:1
éclaircissement	NOUN:1
éclairer	VERB:1
éclampsie	NOUN:1
éclat	NOUN:1
éclatement	NOUN:1
éclater	VERB:1
éclectique	ADJ:1
éclectisme	NOUN:1
éclipse	NOUN:1
éclipser	VERB:1
écliptique	ADJ:1	NOUN:1
éclore	VERB:1
éclosion	NOUN:1
écluse	NOUN:1
école	NOUN:1
écolière	NOUN:1
écologie	NOUN:4
écologique	ADJ:1
écologiquement	ADV:1
écologisme	NOUN:1
écologiste	NOUN:1	ADJ:1
écomusée	NOUN:1
économe	ADJ:1	NOUN:1
économie	NOUN:1
économique	ADJ:1	NOUN:1
économiser	VERB:1
économiste	NOUN:1
économétrie	NOUN:1
écoper	VERB:1
écorce	NOUN:2
écorcher	VERB:1
écossais	ADJ:1	NOUN:1
écosse	PROPN:1
écosystème	NOUN:1
écotaxe	NOUN:1
écotourisme	NOUN:1
écoulement	NOUN:4
écouler	VERB:1
écourter	VERB:1
écoute	INTJ:1	NOUN:3
écouter	VERB:1
écouteur	NOUN:1
écoutille	NOUN:1
écran	NOUN:2
écraser	VERB:1
écrevisse	NOUN:1
écrire	VERB:1
écriture	NOUN:1
écrivain	NOUN:1
écrou	NOUN:1
écroulement	NOUN:1
écrouler	VERB:1
écru	ADJ:1
écu	NOUN:1
écueil	NOUN:2
écuelle	NOUN:1
écume	NOUN:1
écumer	VERB:1
écureuil	NOUN:1
écurie	NOUN:1
écusson	NOUN:1
écuyer	NOUN:1
écœurant	ADJ:1
éden	NOUN:1
édicter	VERB:1
édicule	NOUN:1
édification	NOUN:1
édifice	NOUN:1
édifier	VERB:1
édile	NOUN:1
édit	NOUN:1
éditer	VERB:1
éditeur	NOUN:1
édith	PROPN:1
édition	NOUN:1
éditorial	NOUN:1
édouard	PROPN:1
édredon	NOUN:1
éducatif	ADJ:1
éducation	NOUN:1
édulcorant	NOUN:1
éduquer	VERB:1
égal	ADJ:1
également	ADV:1
égaler	VERB:1
égaliser	VERB:1
égalitarisme	NOUN:1
égalité	NOUN:2
égard	NOUN:1
égarer	VERB:1
égayer	VERB:1
égide	NOUN:2
églantier	NOUN:1
églantine	NOUN:1
église	NOUN:1
égocentrisme	NOUN:1
égorger	VERB:1
égout	NOUN:1
égoutter	VERB:1
égoïsme	NOUN:1
égoïste	ADJ:1
égratigner	VERB:1
égratignure	NOUN:1
égrener	VERB:1
égypte	PROPN:1
égyptien	ADJ:1	NOUN:1
égyptologie	NOUN:1
égyptologue	NOUN:1
éhonté	NOUN:1
éjaculation	NOUN:1
éjaculer	VERB:1
éjectable	ADJ:1
éjecter	VERB:1
éjection	NOUN:1
élaboration	NOUN:1
élaborer	VERB:1
élaguer	VERB:1
élan	NOUN:1
élancer	VERB:1
élargir	VERB:1
élargissement	NOUN:1
élasticité	NOUN:1
élastique	NOUN:1
électeur	NOUN:1
électif	ADJ:1
élection	NOUN:1
électoral	ADJ:1
électoraliste	ADJ:1
électricien	NOUN:1
électricité	NOUN:1
électrification	NOUN:1
électrifier	VERB:1
électrique	ADJ:1
électrocardiogramme	NOUN:1
électrochimie	NOUN:1
électrocuter	VERB:1
électrocution	NOUN:1
électrode	NOUN:1
électrolyte	NOUN:1
électromagnétique	ADJ:1
électromagnétisme	NOUN:1
électromécanique	NOUN:1	ADJ:1
électroménager	NOUN:1
électron	NOUN:1
électronique	ADJ:1	NOUN:1
élevage	NOUN:2
élever	VERB:1
éleveur	NOUN:1
élimination	NOUN:1
éliminatoire	ADJ:1	NOUN:1
éliminer	VERB:1
élire	VERB:2
élision	NOUN:1
élite	NOUN:1
élitisme	NOUN:1
élitiste	ADJ:1
élixir	NOUN:1
élocution	NOUN:1
éloge	NOUN:1
élogieux	ADJ:1
éloignement	NOUN:1
éloigner	VERB:1
élongation	NOUN:1
éloquence	NOUN:1
éloquent	ADJ:1
élucider	VERB:1
éluder	VERB:1
élysée	ADJ:1
élégance	NOUN:1
élégant	ADJ:1
élégiaque	ADJ:1
élégie	NOUN:1
élément	NOUN:1
élémentaire	ADJ:1
éléphant	NOUN:1
élévation	NOUN:1
émacié	ADJ:1
émail	NOUN:1
émancipateur	ADJ:1
émancipation	NOUN:1
émanciper	VERB:1
émaner	VERB:1
émeraude	NOUN:1
émergence	NOUN:1
émergent	ADJ:1
émerger	VERB:2
émerveillement	NOUN:1
émerveiller	VERB:1
émetteur	ADJ:1
émettre	VERB:1
émeute	NOUN:1
émigrant	ADJ:1
émigration	NOUN:1
émigrer	VERB:1
émile	PROPN:1
éminemment	ADV:1
éminence	NOUN:1
éminent	ADJ:1
émir	NOUN:1
émirat	NOUN:1
émirati	NOUN:1
émissaire	NOUN:1
émission	NOUN:1
émoticône	NOUN:1
émotif	ADJ:1
émotion	NOUN:1
émotionnel	ADJ:1
émotionnellement	ADV:1
émotivité	NOUN:1
émoussé	ADJ:1
émouvant	ADJ:1
émouvoir	VERB:1
émulateur	ADJ:1
émulsion	NOUN:1
émérite	ADJ:1
énergie	NOUN:1
énergique	ADJ:1
énergumène	NOUN:1
énergétique	ADJ:1	NOUN:1
énervement	NOUN:1
énerver	VERB:8
énigmatique	ADJ:1
énigme	NOUN:1
énième	ADJ:1
énoncer	VERB:1
énonciation	NOUN:1
énoncé	NOUN:1
énorme	ADJ:1
énormément	ADV:1
énumération	NOUN:1
énumérer	VERB:1
éocène	NOUN:1
éolien	ADJ:1	NOUN:1
éon	NOUN:1
épagneul	NOUN:1
épais	ADJ:4
épaisseur	NOUN:1
épaissir	VERB:1
épanchement	NOUN:1
épancher	VERB:1
épanouir	VERB:1
épargner	VERB:1
éparpiller	VERB:1
épatant	ADJ:1
épater	VERB:2
épaule	NOUN:1
épauler	VERB:1
épave	NOUN:1
épeautre	NOUN:1
épeler	VERB:1
éperdu	ADJ:1
éperdument	ADV:1
éperon	NOUN:1
épervier	NOUN:1
éphèbe	NOUN:1
éphémère	ADJ:1	NOUN:1
épi	NOUN:1
épice	NOUN:1
épicentre	NOUN:1
épicerie	NOUN:2
épicier	NOUN:1
épicurien	ADJ:1
épicurisme	NOUN:1
épicé	ADJ:1
épicéa	NOUN:1
épiderme	NOUN:1
épidémie	NOUN:1
épidémiologie	NOUN:1
épidémiologique	ADJ:1
épidémiologiste	NOUN:1
épidémique	ADJ:1
épier	VERB:1
épigramme	NOUN:1
épigraphe	NOUN:1
épigénétique	ADJ:1	NOUN:1
épilepsie	NOUN:1
épileptique	ADJ:1
épiler	VERB:1
épilogue	NOUN:1
épinard	NOUN:1
épine	NOUN:1
épinette	NOUN:1
épineux	ADJ:1
épingle	NOUN:2
épiphanie	NOUN:1
épiphénomène	NOUN:1
épique	ADJ:1
épiscopal	ADJ:1
épisode	NOUN:1
épisodique	ADJ:1
épisodiquement	ADV:1
épistémologie	NOUN:1
épistémologique	ADJ:1
épitaphe	NOUN:1
épithète	NOUN:1
épithélium	NOUN:1
éplucher	VERB:1
éponge	NOUN:1
éponger	VERB:1
éponyme	NOUN:1
épopée	NOUN:1
époque	NOUN:1
épouse	NOUN:1
épouser	VERB:1
épouvantable	ADJ:1
épouvantail	NOUN:1
épouvante	NOUN:1
époux	NOUN:1
épreuve	NOUN:1
épris	ADJ:1
éprouver	VERB:2
épuisement	NOUN:1
épuiser	VERB:1
épuration	NOUN:1
épure	NOUN:1
épurer	VERB:2
épée	NOUN:1
épéiste	NOUN:1
épître	NOUN:1
équateur	PROPN:1
équation	NOUN:1
équatorial	ADJ:1
équatorien	ADJ:1	NOUN:1
équerre	NOUN:1
équestre	ADJ:1
équilatéral	ADJ:1
équilibrage	NOUN:1
équilibre	NOUN:1
équilibrer	VERB:1
équin	ADJ:1	NOUN:1
équinoxe	NOUN:1
équipage	NOUN:1
équipe	NOUN:1
équipement	NOUN:1
équiper	VERB:1
équitable	ADJ:1
équitation	NOUN:1
équité	NOUN:1
équivalence	NOUN:1
équivalent	ADJ:1
équivoque	ADJ:1	NOUN:1
érable	NOUN:1
éradication	NOUN:1
éradiquer	VERB:1
érectile	ADJ:1
érection	NOUN:1
ériger	VERB:1
éroder	VERB:1
érogène	ADJ:1
érosion	NOUN:1
érotique	ADJ:1
érotisme	NOUN:1
érudit	ADJ:1
érudition	NOUN:1
éruption	NOUN:1
érythrée	PROPN:1
érythème	NOUN:1
ésope	PROPN:1
ésotérique	ADJ:1
ésotérisme	NOUN:1
étable	NOUN:1
établir	VERB:1
établissement	NOUN:1
étage	NOUN:4
étagère	NOUN:1
étai	NOUN:1
étain	NOUN:1
étal	NOUN:1
étalage	NOUN:1
étaler	VERB:1
étalon	NOUN:1
étalonnage	NOUN:1
étamine	NOUN:1
étanche	ADJ:1
étancher	VERB:1
étanchéité	NOUN:1
étang	NOUN:1
étape	NOUN:1
état	NOUN:1
étatique	ADJ:1
étatisation	NOUN:1
étatisme	NOUN:1
états-unis	PROPN:1
étau	NOUN:1
étayer	VERB:1
éteindre	VERB:1
étendard	NOUN:1
étendre	VERB:1
éternel	ADJ:1
éternellement	ADV:1
éternité	NOUN:1
éternuement	NOUN:1
éternuer	VERB:1
éthane	NOUN:1
éthanol	NOUN:1
éther	NOUN:1
éthiopie	PROPN:1
éthiopien	ADJ:1	NOUN:1
éthique	ADJ:1	NOUN:1
éthologie	NOUN:1
éthyle	NOUN:1
éthylique	ADJ:1
éthylotest	NOUN:1
éthylène	NOUN:1
éthéré	ADJ:1
étiage	NOUN:1
étienne	PROPN:1
étincelant	ADJ:1
étincelle	NOUN:1
étiologie	NOUN:1
étiologique	ADJ:1
étiqueter	VERB:1
étiquette	NOUN:1
étirement	NOUN:1
étirer	VERB:1
étoffe	NOUN:1
étoffer	VERB:1
étoile	NOUN:1
étole	NOUN:1
étonnamment	ADV:1
étonnant	ADJ:1
étonnement	NOUN:1
étonner	VERB:1
étouffant	ADJ:1
étouffer	VERB:1
étoupe	NOUN:1
étourdi	ADJ:1
étourdir	VERB:1
étourdissement	NOUN:1
étrange	ADJ:1
étrangement	ADV:1
étranger	ADJ:3
étrangeté	NOUN:1
étranglement	NOUN:1
étrangler	VERB:1
étrangleur	NOUN:1
étrave	NOUN:1
étreindre	VERB:1
étreinte	NOUN:1
étrier	NOUN:1
étrille	NOUN:1
étroit	ADJ:2
étroitement	ADV:1
étroitesse	NOUN:1
étron	NOUN:1
étude	NOUN:1
étudiant	NOUN:1
étudier	VERB:1
étui	NOUN:1
étuve	NOUN:1
étymologie	NOUN:1
étymologiquement	ADV:1
éu	X:1
évacuation	NOUN:1
évacuer	VERB:1
évaluation	NOUN:1
évaluer	VERB:1
évangile	NOUN:1
évangélisation	NOUN:1
évangéliser	VERB:1
évangéliste	NOUN:1
évanouir	VERB:1
évanouissement	NOUN:1
évaporation	NOUN:1
évaporer	VERB:1
évasif	ADJ:1
évasion	NOUN:1
éveiller	VERB:1
éveillé	ADJ:1
éventail	NOUN:1
éventrer	VERB:1
éventualité	NOUN:1
éventuel	ADJ:1
éventuellement	ADV:2
évidemment	ADV:1
évidence	NOUN:1
évident	ADJ:1
évier	NOUN:1
évincer	VERB:1
évitement	NOUN:1
éviter	VERB:1
évocation	NOUN:1
évoluer	VERB:1
évolutif	ADJ:1
évolution	NOUN:1
évolutionnisme	NOUN:1
évolutionniste	ADJ:1	NOUN:1
évoquer	VERB:1
événement	NOUN:1
évêché	NOUN:1
évêque	NOUN:1
ézéchiel	NOUN:1
être	NOUN:1	VERB:3
île	NOUN:1
îlot	NOUN:1
ô	PART:1
ôter	VERB:3
œcuménique	ADJ:1
œcuménisme	NOUN:1
œdème	NOUN:1
œil	NOUN:1
œillet	NOUN:2
œnologie	NOUN:1
œsophage	NOUN:1
œsophagien	ADJ:1
œstrogène	NOUN:1
œuf	NOUN:1
œuvre	NOUN:1
œuvrer	VERB:1
