a	NOUN:1	ADP:4	INTJ:1
aa	PROPN:1
aal	NOUN:1
aap	PROPN:1
aarón	PROPN:1
aba	INTJ:1
abad	NOUN:1	PROPN:1
abadejo	NOUN:1
abadesa	NOUN:1
abadía	NOUN:2
abajo	ADV:3	INTJ:1
abanderado	NOUN:1
abandonar	VERB:2
abandono	NOUN:1
abanico	NOUN:3
abaratamiento	NOUN:1
abaratar	VERB:1
abarcador	ADJ:1
abarcar	VERB:5
abarrotado	ADJ:1
abascal	PROPN:1
abastecedor	ADJ:1	NOUN:1
abastecer	VERB:1
abastecimiento	NOUN:1
abasto	NOUN:5
abate	NOUN:1
abatimiento	NOUN:3
abatir	VERB:5
abc	NOUN:3
abdicación	NOUN:1
abdicar	VERB:1
abdomen	NOUN:1
abdominal	ADJ:1	NOUN:2
abducción	NOUN:1
abdón	PROPN:2
abecedario	NOUN:2
abedul	NOUN:1
abeja	NOUN:1
abejorro	NOUN:2
abel	PROPN:2
abelardo	PROPN:1
abello	PROPN:1
aberración	NOUN:1
aberrante	ADJ:2
abertura	NOUN:3
abertzale	ADJ:1	NOUN:1
abeto	NOUN:1
abiertamente	ADV:2
abierto	ADJ:6	NOUN:1
abigeato	NOUN:1
abimael	PROPN:1
abisinia	PROPN:1
abismal	ADJ:2
abismo	NOUN:1
abiyán	PROPN:1
abjasia	PROPN:1
ablación	NOUN:2
ablandar	VERB:2
ablativo	ADJ:1
abnegación	NOUN:1
abnegado	ADJ:1
abner	PROPN:2
abo	PROPN:1
abocado	ADJ:1
abofetear	VERB:1
abogacía	NOUN:2
abogado	NOUN:1
abogar	VERB:2
abolengo	NOUN:1
abolicionismo	NOUN:1
abolicionista	ADJ:1	NOUN:1
abolición	NOUN:1
abolir	VERB:2
abolladura	NOUN:1
abominable	ADJ:1
abominación	NOUN:2
abonado	NOUN:2
abonar	VERB:8
abono	NOUN:4
abordaje	NOUN:3
abordar	VERB:6
abordo	NOUN:1
aborigen	ADJ:1	NOUN:1
aborrecer	VERB:2
aborrecible	ADJ:1
aborrecido	ADJ:1
aborrecimiento	NOUN:1
abortado	ADJ:1
abortar	VERB:3
abortista	ADJ:1
aborto	NOUN:3
abovedado	ADJ:1
abracadabra	INTJ:1
abraham	PROPN:2
abram	PROPN:1
abrasador	ADJ:1
abrasivo	ADJ:2	NOUN:1
abrasión	NOUN:3
abrazadera	NOUN:3
abrazar	VERB:3
abrazo	NOUN:1
abrazote	NOUN:1
abrego	PROPN:1
abrelatas	NOUN:1
abrevadero	NOUN:2
abreviación	NOUN:2
abreviado	ADJ:1
abreviar	VERB:2
abreviatura	NOUN:2
abridor	ADJ:1	NOUN:4
abrigado	ADJ:2
abrigar	VERB:4
abrigo	NOUN:6	PROPN:1
abril	NOUN:2
abrir	VERB:7	NOUN:1
abrochar	VERB:3
abrogación	NOUN:1
abrumador	ADJ:2
abrumadoramente	ADV:1
abrumar	VERB:3
abruptamente	ADV:1
abrupto	ADJ:4
abs	NOUN:1
absalón	PROPN:1
absceso	NOUN:1
absenta	NOUN:1
absentismo	NOUN:1
absolución	NOUN:2
absolutamente	ADV:2
absolutismo	NOUN:1
absolutista	ADJ:1
absoluto	ADJ:1
absolver	VERB:2
absorbente	ADJ:1	NOUN:2
absorber	VERB:2
absorción	NOUN:1
absorto	ADJ:1
abstemio	ADJ:1	NOUN:1
abstencionismo	NOUN:1
abstención	NOUN:1
abstinencia	NOUN:1
abstracción	NOUN:2
abstracto	ADJ:2
absurdamente	ADV:1
absurdo	ADJ:1	NOUN:1
abu	NOUN:1
abuchear	VERB:2
abucheo	NOUN:1
abue	NOUN:1
abuela	NOUN:2
abuelo	NOUN:3
abulense	ADJ:1	NOUN:1
abultado	ADJ:1
abultamiento	NOUN:1
abundancia	NOUN:1
abundante	ADJ:2
abundantemente	ADV:1
abundar	VERB:2
aburrido	ADJ:2
aburrimiento	NOUN:1
aburrir	VERB:2
abusador	NOUN:1
abusar	VERB:3
abusivamente	ADV:1
abusivo	ADJ:1
abuso	NOUN:2
abyecto	ADJ:2
ac	ADV:1
acabado	ADJ:3	NOUN:1
acabar	VERB:8
acabose	NOUN:2
acacia	NOUN:1
academia	NOUN:1
academicismo	NOUN:1
acadio	ADJ:2	NOUN:2
académicamente	ADV:1
académico	ADJ:2	NOUN:1
acallar	VERB:1
acaloradamente	ADV:1
acalorado	ADJ:1
acampada	NOUN:1
acampar	VERB:1
acantilado	ADJ:1	NOUN:1
acanto	NOUN:2
acaparador	NOUN:1
acaparamiento	NOUN:1
acaparar	VERB:1
acapulco	PROPN:1
acariciar	VERB:4
acarrear	VERB:2
acarreo	NOUN:2
acaso	ADV:2
acatamiento	NOUN:1
acatar	VERB:1
acaudalado	ADJ:1
acb	PROPN:1
acceder	VERB:5
accesar	VERB:1
accesibilidad	NOUN:1
accesible	ADJ:1
accesión	NOUN:1
acceso	NOUN:4
accesorio	ADJ:3	NOUN:1
accidentado	ADJ:3
accidental	ADJ:2
accidentalmente	ADV:1
accidente	NOUN:3
accionamiento	NOUN:1
accionante	NOUN:1
accionar	VERB:2
accionariado	NOUN:1
accionario	ADJ:1	NOUN:1
accionista	NOUN:1
acción	NOUN:6	INTJ:1
accra	PROPN:1
accésit	NOUN:1
ace	NOUN:1
acebo	NOUN:1	PROPN:1
acechar	VERB:2
acecho	NOUN:1
acedo	ADJ:3	NOUN:1	PROPN:1
aceite	NOUN:2
aceitera	NOUN:1
aceitoso	ADJ:1
aceituna	NOUN:1
aceituno	ADJ:1	NOUN:2	PROPN:1
aceleración	NOUN:2
aceleradamente	ADV:1
acelerador	ADJ:1	NOUN:3
acelerar	VERB:2
acelga	NOUN:1
acento	NOUN:2
acentuación	NOUN:2
acentuar	VERB:3
acepción	NOUN:2
aceptabilidad	NOUN:1
aceptable	ADJ:1
aceptación	NOUN:1
aceptar	VERB:3
acequia	NOUN:1
acera	NOUN:1
acerca	ADV:1
acercamiento	NOUN:2
acercar	VERB:8
acero	NOUN:4	PROPN:1
acertadamente	ADV:1
acertar	VERB:2
acertijo	NOUN:1
acervo	NOUN:2
acería	NOUN:1
acetato	NOUN:1
acetil	NOUN:1
acetilcolina	NOUN:1
acetileno	NOUN:1
acetilsalicílico	ADJ:1
acetona	NOUN:1
acevedo	PROPN:2
aceves	PROPN:1
achacar	VERB:1
achicar	VERB:6
achicoria	NOUN:1
achiote	NOUN:3
acho	NOUN:1
achuar	ADJ:1
aciago	ADJ:1	NOUN:1
acicate	NOUN:2
acid	ADJ:1
acidez	NOUN:3
acidificación	NOUN:1
acidosis	NOUN:1
acierto	NOUN:3
aclamación	NOUN:1
aclamar	VERB:1
aclaración	NOUN:2
aclarado	NOUN:1
aclaramiento	NOUN:1
aclarar	VERB:6
aclaratorio	ADJ:1
aclimatación	NOUN:1
acné	NOUN:1
acobardado	ADJ:2
acogedor	ADJ:3
acoger	VERB:3
acogida	NOUN:2
acogimiento	NOUN:1
acojonante	ADJ:1
acolchado	ADJ:1	NOUN:1
acometer	VERB:3
acometida	NOUN:1
acomodación	NOUN:1
acomodado	ADJ:3	NOUN:2
acomodar	VERB:4
acomodarse	VERB:4
acomodo	NOUN:1
acompañamiento	NOUN:3
acompañante	ADJ:1	NOUN:5
acompañar	VERB:2
acomplejado	ADJ:1	NOUN:1
aconcagua	PROPN:2
acondicionado	ADJ:2
acondicionador	NOUN:1
acondicionamiento	NOUN:2
acondicionar	VERB:2
aconfesional	ADJ:1
aconsejable	ADJ:1
aconsejar	VERB:1
acontecer	VERB:1	NOUN:2
acontecido	ADJ:1
acontecimiento	NOUN:1
acopiar	VERB:3
acopio	NOUN:1
acoplado	ADJ:2	NOUN:1
acoplamiento	NOUN:3
acoplar	VERB:3
acorazado	ADJ:2	NOUN:2
acordar	VERB:7
acorde	ADJ:1	NOUN:1
acordeón	NOUN:2
acorralar	VERB:1
acortamiento	NOUN:2
acortar	VERB:3
acosado	ADJ:2
acosador	ADJ:2	NOUN:2
acosar	VERB:3
acoso	NOUN:2
acosta	PROPN:1
acostado	ADJ:1
acostar	VERB:6
acostumbrar	VERB:3
acotación	NOUN:2
acotado	ADJ:1
acotar	VERB:6
acra	PROPN:1
acre	ADJ:2	NOUN:1
acrecentar	VERB:1
acreditación	NOUN:2
acreditar	VERB:1
acreditativo	ADJ:1
acreedor	NOUN:1
acristalado	ADJ:1
acritud	NOUN:1
acrobacia	NOUN:2
acrobático	ADJ:1
acrílico	ADJ:1
acróbata	NOUN:1
acrónimo	ADJ:1	NOUN:1
acrópolis	NOUN:1	PROPN:1
acs	NOUN:1
acta	NOUN:4
actitud	NOUN:2
activación	NOUN:1
activador	ADJ:1	NOUN:1
activamente	ADV:2
activar	VERB:3
actividad	NOUN:2
activismo	NOUN:1
activista	ADJ:1
activo	ADJ:3	NOUN:1
acto	NOUN:3
actor	NOUN:2
actoral	ADJ:1
actriz	NOUN:1
actuación	NOUN:4
actual	ADJ:4	NOUN:1
actualidad	NOUN:2
actualidades	NOUN:1
actualización	NOUN:3
actualizar	VERB:3
actualmente	ADV:1
actuante	ADJ:1
actuar	VERB:4
actuarial	ADJ:1
actuario	NOUN:1
acuacultura	NOUN:1
acuarela	NOUN:2
acuario	NOUN:2	PROPN:2
acuartelamiento	NOUN:2
acuchillado	NOUN:1
acuchillar	VERB:3
acuciante	ADJ:1
acudir	VERB:4
acueducto	NOUN:1
acuerdo	NOUN:2
acuicultura	NOUN:1
aculturación	NOUN:1
acumulación	NOUN:2
acumulador	NOUN:2
acumular	VERB:1
acumulativo	ADJ:1
acuoso	ADJ:2
acupuntura	NOUN:1
acusación	NOUN:1
acusador	ADJ:1	NOUN:3
acusar	VERB:8
acusativo	ADJ:1	NOUN:1
acusatorio	ADJ:1
acuático	ADJ:1
acuícola	ADJ:1
acuífero	ADJ:1	NOUN:1
acuña	PROPN:1
acuñación	NOUN:2
acuñar	VERB:2
acv	NOUN:1
acá	ADV:2	ADJ:1
acéfalo	ADJ:2
acérrimo	ADJ:3
acético	ADJ:1
acólito	NOUN:3
acústico	ADJ:2	NOUN:1
ada	PROPN:2
adagio	ADV:1	NOUN:1
adalberto	PROPN:1
adalid	NOUN:2
adam	PROPN:2
adame	PROPN:2
adaptabilidad	NOUN:1
adaptable	ADJ:1
adaptación	NOUN:6
adaptador	NOUN:2
adaptar	VERB:4
adaptativo	ADJ:1
adarve	NOUN:4
addenda	NOUN:1
ade	NOUN:1
adeco	ADJ:1	NOUN:1
adecuación	NOUN:1
adecuadamente	ADV:1
adecuado	ADJ:2
adecuar	VERB:1
adefesio	ADJ:1	NOUN:2
adela	PROPN:1
adelaida	PROPN:2
adelantamiento	NOUN:3
adelantar	VERB:8
adelante	ADV:2	INTJ:2
adelanto	NOUN:5
adelfa	NOUN:1
adelgazamiento	NOUN:1
adelgazar	VERB:4
adelina	PROPN:1
adelita	PROPN:1	NOUN:1
adema	VERB:2
ademar	VERB:2
ademán	NOUN:3
además	ADV:2
adenda	NOUN:1
adenocarcinoma	NOUN:1
adenoma	NOUN:1
adenosina	NOUN:1
adentro	ADV:1	NOUN:1	INTJ:1
adepto	NOUN:1
aderezado	ADJ:1
aderezar	VERB:4
aderezo	NOUN:1
adeudo	NOUN:2
adherencia	NOUN:1
adherente	ADJ:1	NOUN:2
adherir	VERB:1
adhesivo	ADJ:1	NOUN:1
adhesión	NOUN:3
adicción	NOUN:2
adicional	ADJ:1
adicionalmente	ADV:2
adicionar	VERB:1
adición	NOUN:4
adictivo	ADJ:1
adicto	ADJ:2	NOUN:2
adiestramiento	NOUN:3
adiestrar	VERB:1
adif	PROPN:1
adinerado	ADJ:1
adios	INTJ:1
adiposo	ADJ:1
aditamento	NOUN:3
aditivo	ADJ:1	NOUN:1
adivinación	NOUN:2
adivinanza	NOUN:2
adivinar	VERB:3
adivino	NOUN:2
adiós	INTJ:1	NOUN:1	PROPN:1
adjetivo	ADJ:1	NOUN:1
adjudicación	NOUN:2
adjudicar	VERB:2
adjudicatario	ADJ:1	NOUN:2
adjuntar	VERB:1
adjunto	ADJ:2	ADV:1
adl	PROPN:1
admin	NOUN:1
administración	NOUN:3
administrador	NOUN:2
administrar	VERB:2
administrativamente	ADV:1
administrativo	ADJ:1
admirable	ADJ:1
admirablemente	ADV:1
admiración	NOUN:1
admirador	ADJ:1	NOUN:1
admirar	VERB:3
admisibilidad	NOUN:1
admisible	ADJ:1
admisión	NOUN:4
admitir	VERB:3
adn	X:1
adobe	NOUN:1
adobo	NOUN:1
adoctrinamiento	NOUN:1
adoctrinar	VERB:1
adolescencia	NOUN:1
adolescente	ADJ:1	NOUN:1
adolfo	PROPN:1
adolorido	ADJ:1
adonai	PROPN:2
adonde	ADV:2
adonis	NOUN:1
adopción	NOUN:2
adoptando	NOUN:1
adoptante	ADJ:1	NOUN:1
adoptar	VERB:3
adoptivo	ADJ:2
adoquinado	ADJ:2	NOUN:2
adoquín	NOUN:2
ador	NOUN:1
adorable	ADJ:2
adoración	NOUN:1
adorador	NOUN:1
adorar	VERB:2
adormecer	VERB:4
adormecido	ADJ:1
adormecimiento	NOUN:2
adornar	VERB:4
adorno	NOUN:1
adoro	NOUN:1
adosado	ADJ:1
adquirente	NOUN:1
adquirir	VERB:2
adquisición	NOUN:1
adquisitivo	ADJ:1
adrede	ADV:1
adrenal	ADJ:1
adrenalina	NOUN:1
adri	PROPN:1
adriana	PROPN:1
adriano	PROPN:2
adrián	PROPN:1	NOUN:1
adriático	ADJ:1
adscripción	NOUN:1
adsl	NOUN:1
adsorción	NOUN:1
aduana	NOUN:2
aduanal	ADJ:1
aduanero	ADJ:1	NOUN:1
aducir	VERB:2
aductor	NOUN:1
adulación	NOUN:2
adulador	NOUN:1
adular	VERB:1
adulteración	NOUN:1
adulterar	VERB:1
adulterio	NOUN:1
adultez	NOUN:1
adulto	ADJ:1
adusto	ADJ:2
advenedizo	ADJ:2	NOUN:2
advenimiento	NOUN:1
adventista	ADJ:1
adverbio	NOUN:1
adversamente	ADV:1
adversario	NOUN:2
adversidad	NOUN:3
adverso	ADJ:1
advertencia	NOUN:2
advertir	VERB:2
adviento	PROPN:1
advocación	NOUN:2
adyacente	ADJ:1
adán	PROPN:2	NOUN:2
adén	PROPN:1
adónde	ADV:1
adúltero	ADJ:1	NOUN:1
aedo	NOUN:1	PROPN:1
aeroclub	NOUN:1
aerodinámica	NOUN:1
aerodinámico	ADJ:1
aeroespacial	ADJ:1
aerogenerador	NOUN:1
aerolínea	NOUN:1
aeronaval	ADJ:1
aeronave	NOUN:2
aeronáutica	NOUN:1
aeronáutico	ADJ:1
aeroparque	NOUN:1
aeroplano	NOUN:1
aeroportuario	ADJ:1
aeropuerto	NOUN:2
aerosol	NOUN:1
aerostático	ADJ:1
aeróbico	ADJ:1
aeródromo	NOUN:1
aesthetic	ADJ:1
afable	ADJ:2
afamado	ADJ:1
afanar	VERB:3
afanosamente	ADV:1
afasia	NOUN:1
afd	PROPN:1
afección	NOUN:2
afectación	NOUN:2
afectado	ADJ:2
afectar	VERB:6
afectivamente	ADV:1
afectividad	NOUN:1
afectivo	ADJ:2
afecto	ADJ:2	NOUN:1
afectuosamente	ADV:1
afectuoso	ADJ:1
afeitada	NOUN:1
afeitado	NOUN:1
afeitadora	NOUN:1
afeitar	VERB:2
afeite	NOUN:1
afeminado	ADJ:1
aferrar	VERB:4
affair	NOUN:1
affaire	NOUN:1
afganistán	PROPN:1
afgano	ADJ:1	NOUN:1
afi	PROPN:1
afianzamiento	NOUN:1
afianzar	VERB:4
afiche	NOUN:1
afición	NOUN:3
afilado	ADJ:1	NOUN:2
afilador	NOUN:3
afilar	VERB:3
afiliación	NOUN:1
afiliado	NOUN:2
afiliar	VERB:1
afinación	NOUN:2
afinador	NOUN:1
afinar	VERB:2
afincado	ADJ:1
afinidad	NOUN:1
afirmación	NOUN:1
afirmar	VERB:1
afirmativamente	ADV:1
afirmativo	ADJ:1
aflicción	NOUN:2
afligido	ADJ:1
aflojar	VERB:5
afloramiento	NOUN:2
aflorar	VERB:2
afluencia	NOUN:1
afluente	ADJ:3	NOUN:1
aforado	ADJ:2	NOUN:1
aforamiento	NOUN:1
aforismo	NOUN:1
aforo	NOUN:3
afortunadamente	ADV:1
afortunado	ADJ:1
afrancesado	ADJ:1	NOUN:2
afrenta	NOUN:1
africano	ADJ:1	NOUN:1
afro	NOUN:1
afroamericano	ADJ:1
afrodescendiente	ADJ:1	NOUN:1
afrodisíaco	ADJ:1
afrodita	PROPN:2
afrontamiento	NOUN:1
afrontar	VERB:3
afrutado	ADJ:1
after	NOUN:2
afuera	ADV:2	INTJ:1
afueras	NOUN:1
afán	NOUN:3
afín	ADJ:2	NOUN:1
ag	PROPN:2
aga	NOUN:1
agachada	NOUN:1
agachado	ADJ:2
agachar	VERB:3
agamenón	PROPN:1
agapito	PROPN:1
agar	PROPN:1
agarrada	NOUN:1
agarrado	ADJ:2
agarrar	VERB:3
agarre	NOUN:1
agarro	NOUN:1
agasajar	VERB:2
agasajo	NOUN:2
agave	NOUN:1
agazapado	ADJ:1	NOUN:1
agencia	NOUN:5
agenda	NOUN:2
agendar	VERB:2
agente	NOUN:2
agilidad	NOUN:1
agilización	NOUN:1
agilizar	VERB:1
agitación	NOUN:3
agitado	ADJ:3
agitador	NOUN:1
agitar	VERB:7
aglomeración	NOUN:2
aglutinador	ADJ:1
aglutinante	ADJ:1
aglutinar	VERB:2
agnosticismo	NOUN:1
agnóstico	ADJ:1
agobiado	ADJ:2
agobiante	ADJ:2
agobiar	VERB:4
agobio	NOUN:1
agonista	ADJ:1	NOUN:3
agonizante	ADJ:2
agonizar	VERB:4
agonía	NOUN:1
agonías	ADJ:1
agora	ADV:7
agorafobia	NOUN:1
agostini	PROPN:1
agostino	ADJ:1
agosto	NOUN:1
agotado	ADJ:2
agotador	ADJ:1
agotamiento	NOUN:1
agotar	VERB:4
agote	NOUN:1
agraciado	ADJ:3	NOUN:1
agradable	ADJ:1
agradablemente	ADV:1
agradar	VERB:1
agradecer	VERB:2
agradecido	ADJ:1
agradecimiento	NOUN:2
agrado	NOUN:2
agramonte	PROPN:2
agrandamiento	NOUN:1
agrandar	VERB:1
agrario	ADJ:1
agravamiento	NOUN:1
agravante	ADJ:1	NOUN:2
agravar	VERB:3
agravio	NOUN:2
agredido	NOUN:1
agredir	VERB:1
agregación	NOUN:1
agregado	NOUN:4
agregador	NOUN:1
agregar	VERB:2
agresivamente	ADV:1
agresividad	NOUN:1
agresivo	ADJ:1
agresión	NOUN:2
agresor	NOUN:1
agreste	ADJ:1
agricultor	ADJ:1	NOUN:1
agricultura	NOUN:1
agridulce	ADJ:2
agrietado	ADJ:2
agrimensor	NOUN:1
agrimensura	NOUN:1
agrio	ADJ:3
agrios	NOUN:1
agro	NOUN:1
agroalimentario	ADJ:1
agroecología	NOUN:1
agroexportador	ADJ:1	NOUN:1
agroindustria	NOUN:1
agroindustrial	ADJ:1
agronomía	NOUN:1
agronómico	ADJ:1
agropecuario	ADJ:1
agrupación	NOUN:1
agrupamiento	NOUN:2
agrupar	VERB:2
agrícola	ADJ:1
agrónomo	NOUN:1	ADJ:1
ags	PROPN:2
agua	NOUN:7
aguacate	NOUN:5
aguacero	NOUN:1
aguado	ADJ:6	PROPN:1
aguador	NOUN:2
aguadulce	NOUN:1
aguafiestas	NOUN:1
aguafuerte	NOUN:2
aguamarina	NOUN:2
aguamiel	NOUN:2
aguanieve	NOUN:1
aguanta	INTJ:2
aguantar	VERB:6
aguante	NOUN:4	INTJ:1
aguar	VERB:2
aguardar	VERB:3
aguardiente	NOUN:2
aguardo	NOUN:1
aguarrás	NOUN:1
aguascalientes	PROPN:2
aguayo	NOUN:1	PROPN:1
agudamente	ADV:1
agudeza	NOUN:1
agudización	NOUN:1
agudizar	VERB:2
agudo	ADJ:8
aguerrido	ADJ:3
aguiar	PROPN:1
aguijón	NOUN:4
aguilar	PROPN:1
aguilera	NOUN:1	PROPN:1
aguilucho	ADJ:2	NOUN:2
aguinaga	PROPN:1
aguinaldo	PROPN:2	NOUN:4
aguirre	PROPN:1
aguja	NOUN:7
agujereado	NOUN:1	ADJ:1
agujerear	VERB:1
agujero	NOUN:3
agur	INTJ:1
agustina	PROPN:1
agustiniano	ADJ:1
agustino	ADJ:1
agustín	PROPN:2
agónico	ADJ:1
agüero	NOUN:3	PROPN:1
agüita	INTJ:1
ah	INTJ:2
ahi	ADV:2
ahijada	NOUN:1
ahijado	NOUN:1
ahogamiento	NOUN:1
ahogar	VERB:4
ahogo	NOUN:3
ahondar	VERB:2
ahora	ADV:7	SCONJ:1
ahorcamiento	NOUN:1
ahorcar	VERB:2
ahorita	ADV:2
ahorrador	ADJ:2	NOUN:1
ahorrar	VERB:4
ahorro	NOUN:1
ahre	INTJ:1
ahuachapán	PROPN:2
ahumada	NOUN:1	PROPN:1
ahumado	ADJ:3
ahuyentar	VERB:2
ahí	ADV:2
ahínco	NOUN:1
aikido	NOUN:1
aimar	PROPN:1
aimara	ADJ:1	NOUN:2
aina	ADV:4
ainara	PROPN:1
aine	NOUN:1
ainhoa	PROPN:1
ainu	ADJ:1	NOUN:2
airadamente	ADV:1
airado	ADJ:1
airbag	NOUN:1
aire	NOUN:7	INTJ:1
aireación	NOUN:1
airear	VERB:2
airoso	ADJ:1
airsoft	NOUN:1
aislacionismo	NOUN:1
aislacionista	ADJ:1
aislación	NOUN:1
aisladamente	ADV:1
aislado	ADJ:1
aislamiento	NOUN:3
aislante	ADJ:1	NOUN:1
aislar	VERB:2
aita	NOUN:1
aitana	PROPN:2
aitor	PROPN:1
aj	NOUN:1
aja	NOUN:1	INTJ:1
ajedrecista	NOUN:1
ajedrez	NOUN:1
ajenjo	NOUN:2
ajeno	ADJ:3
ajetreado	ADJ:2
ajetreo	NOUN:2
ajiaco	NOUN:2
ajillo	NOUN:1
ajo	NOUN:2
ajonjolí	NOUN:2
ajuar	NOUN:2
ajustable	ADJ:1
ajustado	ADJ:2
ajustador	NOUN:2
ajustar	VERB:5
ajuste	NOUN:3
ajusticiamiento	NOUN:1
ajusticiar	VERB:2
ajá	INTJ:2
ají	NOUN:1
akan	NOUN:2
aki	ADV:1
akita	NOUN:1
al	X:1
ala	NOUN:7
alabado	NOUN:1
alabama	PROPN:1
alabanza	NOUN:1
alabar	VERB:1
alabastro	NOUN:1
alacena	NOUN:4
alacrán	NOUN:1
alado	ADJ:1
alagoas	PROPN:1
alajuela	PROPN:2
alajuelense	ADJ:1	NOUN:1
alamar	NOUN:1
alambique	NOUN:2
alambrada	NOUN:1
alambrado	NOUN:3
alambre	NOUN:3
alameda	NOUN:2	PROPN:2
alamillo	PROPN:1
alamán	ADJ:1
alante	ADV:1
alar	ADJ:1	NOUN:1
alarcón	PROPN:2
alarde	NOUN:4
alardear	VERB:1
alargado	ADJ:1
alargamiento	NOUN:1
alargar	VERB:2
alargue	NOUN:2
alarido	NOUN:1
alarma	NOUN:4
alarmado	ADJ:2
alarmante	ADJ:1
alarmantemente	ADV:1
alarmar	VERB:3
alarmismo	NOUN:1
alarmista	ADJ:2
alaska	PROPN:1
alatorre	PROPN:1
alavés	ADJ:1	NOUN:1
alba	NOUN:2	PROPN:2
albacea	NOUN:1
albacete	PROPN:2
albahaca	NOUN:1
albaida	NOUN:1
albania	PROPN:1
albano	PROPN:2	ADJ:1	NOUN:1
albany	PROPN:1
albanés	ADJ:1	NOUN:2
albar	NOUN:5
albaricoque	NOUN:1
albariño	NOUN:2
albarracín	PROPN:1
albarrán	PROPN:1
albatros	NOUN:1
albañil	NOUN:2
albañilería	NOUN:1
albedrío	NOUN:1
alberca	NOUN:2
alberche	PROPN:1
albergar	VERB:1
albergo	NOUN:1
albergue	NOUN:1
albero	NOUN:3
alberta	PROPN:1
alberto	PROPN:1
albiazul	NOUN:1
albiceleste	ADJ:2	NOUN:1
albinismo	NOUN:1
albino	ADJ:1	NOUN:1
albo	ADJ:1
albor	NOUN:3
alborada	NOUN:2
albornoz	NOUN:2	PROPN:1
alborotado	ADJ:1
alborotador	ADJ:1	NOUN:1
alborotar	VERB:5
alboroto	NOUN:6
alborozo	NOUN:2
albufera	NOUN:1
albuquerque	PROPN:2
albur	NOUN:3
alburquerque	PROPN:2
albóndiga	NOUN:1
albúmina	NOUN:1
alca	NOUN:1
alcabala	NOUN:2
alcachofa	NOUN:2
alcahuete	NOUN:6
alcaide	NOUN:3	PROPN:1
alcalde	NOUN:3	PROPN:1
alcaldesa	NOUN:1
alcaldía	NOUN:4
alcalinidad	NOUN:1
alcalino	ADJ:1
alcaloide	NOUN:1
alcalá	PROPN:2
alcance	NOUN:1
alcancía	NOUN:3
alcanfor	NOUN:1
alcantarilla	NOUN:2
alcantarillado	NOUN:2
alcanzable	ADJ:1
alcanzar	VERB:6
alcaraz	PROPN:1
alcarria	NOUN:1
alcatraz	NOUN:5
alcazaba	NOUN:1
alce	NOUN:1
alcira	PROPN:1
alcista	ADJ:1
alcoba	NOUN:1
alcocer	PROPN:1
alcohol	NOUN:3
alcoholemia	NOUN:1
alcoholismo	NOUN:1
alcoholizado	ADJ:2
alcoholímetro	NOUN:2
alcohólico	ADJ:1
alcor	NOUN:1
alcorcón	PROPN:1
alcornoque	NOUN:3
alcoy	PROPN:1
alcubierre	PROPN:3
alcurnia	NOUN:1
alcácer	PROPN:1
alcántara	NOUN:3	PROPN:2
alcázar	NOUN:3	PROPN:1
alcón	PROPN:1
aldama	PROPN:1
aldana	PROPN:2
aldea	NOUN:1
aldeano	ADJ:2	NOUN:1
aldebarán	PROPN:1
aldehuela	NOUN:1
alderete	PROPN:1
aldo	PROPN:1
aldonza	PROPN:1
aldosterona	NOUN:1
ale	NOUN:1	PROPN:2
aleación	NOUN:2
aleatoriamente	ADV:1
aleatoriedad	NOUN:1
aleatorio	ADJ:1
aleccionador	ADJ:2
aledaño	ADJ:1
alef	NOUN:1
alegación	NOUN:1
alegar	VERB:5
alegato	NOUN:4
alegoría	NOUN:1
alegrar	VERB:3
alegre	ADJ:6	PROPN:1
alegremente	ADV:1
alegría	NOUN:3	PROPN:2
alegórico	ADJ:1
aleixandre	PROPN:1
aleja	PROPN:1
alejado	ADJ:1
alejamiento	NOUN:3
alejandra	PROPN:2
alejandrino	ADJ:3	NOUN:2	PROPN:2
alejandro	PROPN:2
alejandría	PROPN:1
alejar	VERB:5
alejo	ADJ:1	PROPN:1
alelo	NOUN:1
aleluya	INTJ:1
alemania	PROPN:2
alemán	ADJ:2	NOUN:2	PROPN:1
alentador	ADJ:1
alentar	VERB:5
alentejo	PROPN:1
alepo	PROPN:2
alerce	NOUN:3
alergia	NOUN:1
alero	NOUN:4
alerta	ADJ:1	ADV:1	NOUN:1
alertado	ADJ:1
alertar	VERB:1
alerón	NOUN:3
alessandro	PROPN:1
aleta	NOUN:4
aletargado	ADJ:1
aleteo	NOUN:1
alevoso	ADJ:1	NOUN:1
alevosía	NOUN:2
alevín	NOUN:2
alexander	PROPN:1
alexis	PROPN:1
alfa	NOUN:1
alfabetismo	NOUN:1
alfabetización	NOUN:1
alfabeto	NOUN:2	ADJ:1
alfabéticamente	ADV:1
alfabético	ADJ:1
alfaguara	NOUN:1
alfajor	NOUN:2
alfalfa	NOUN:1
alfar	NOUN:2
alfarero	ADJ:1	NOUN:1
alfarería	NOUN:2
alfaro	PROPN:2
alfil	NOUN:2
alfiler	NOUN:3
alfileres	NOUN:1
alfombra	NOUN:2
alfombrilla	NOUN:2
alfonsina	PROPN:1
alfonso	PROPN:2
alforja	NOUN:2
alfoz	NOUN:1
alfredo	PROPN:1
alféizar	NOUN:1
alférez	NOUN:1	PROPN:1
alga	NOUN:1
algar	NOUN:2
algarabía	NOUN:3
algarroba	NOUN:1
algarrobo	NOUN:3
algarve	PROPN:1
algebra	NOUN:1
algebraico	ADJ:1
algeciras	PROPN:1
algete	PROPN:1
algo	PRON:1	ADV:1
algodonero	ADJ:2	NOUN:2
algodón	NOUN:2
algoritmo	NOUN:1
alguacil	NOUN:2
alguien	PRON:2
alguno	DET:3	PRON:3
alhambra	PROPN:1
alharaca	NOUN:1
alhóndiga	NOUN:1
aliado	ADJ:1	NOUN:2
aliaga	PROPN:1
alianza	NOUN:5
aliar	VERB:2
alias	ADV:1	NOUN:1
alicante	PROPN:2
alicantino	ADJ:1	NOUN:1
alicate	NOUN:3
alicia	PROPN:1
aliciente	NOUN:2
alien	NOUN:1
alienación	NOUN:1
alienado	ADJ:1
alienante	ADJ:1
alienar	VERB:1
aliento	NOUN:1
alienígena	ADJ:2
aligerar	VERB:2
alijo	NOUN:2
alimaña	NOUN:2
alimentación	NOUN:5
alimentador	ADJ:1
alimentar	VERB:2
alimentario	ADJ:2
alimenticio	ADJ:1
alimento	NOUN:3
alina	PROPN:1
alineación	NOUN:2
alineado	ADJ:1
alineamiento	NOUN:1
alinear	VERB:1
alipio	PROPN:2
alirio	PROPN:1
alisado	NOUN:1
alisar	NOUN:1	VERB:2
aliso	NOUN:1
alistamiento	NOUN:1
alistar	VERB:3
alita	NOUN:1	PROPN:1
aliviado	ADJ:1
aliviar	VERB:3
alivio	NOUN:1
aliño	NOUN:3
aljama	NOUN:1
aljibe	NOUN:1
allanamiento	NOUN:5
allanar	VERB:5
allegado	ADJ:1	NOUN:2
allende	ADV:2	ADP:1	PROPN:1
alli	ADV:1
allá	ADV:3
allí	ADV:1
alma	NOUN:2	PROPN:1
almacenaje	NOUN:1
almacenamiento	NOUN:3
almacenar	VERB:1
almacenero	NOUN:1
almacén	NOUN:6
almadraba	NOUN:2
almadén	PROPN:1	NOUN:1
almagro	PROPN:2
almaguer	PROPN:1
almanaque	NOUN:1
almanza	PROPN:1
almaraz	PROPN:1
almazara	NOUN:1
almazán	PROPN:2
almeida	PROPN:1
almeja	NOUN:2
almenara	NOUN:3
almendares	PROPN:1
almendra	NOUN:3	PROPN:1
almendralejo	PROPN:1
almendras	PROPN:1
almendro	NOUN:1
almeriense	ADJ:1	NOUN:1
almería	PROPN:2
almeyda	PROPN:1
almidón	NOUN:1
almirantazgo	NOUN:1
almirante	NOUN:1
almirón	NOUN:1
almizcle	NOUN:1
almodóvar	PROPN:1
almohada	NOUN:1
almohade	ADJ:1
almohadilla	NOUN:5
almohadón	NOUN:1
almorzar	VERB:4
almudena	PROPN:1
almuerzo	NOUN:1
almunia	NOUN:1
almíbar	NOUN:2
alocado	ADJ:2
alocución	NOUN:1
aloe	NOUN:2
alojado	NOUN:1
alojamiento	NOUN:2
alojar	VERB:2
alondra	PROPN:1	NOUN:1
alonso	PROPN:2
alopecia	NOUN:1
alpaca	NOUN:1
alpargata	NOUN:1
alpes	PROPN:1
alpinismo	NOUN:1
alpinista	NOUN:1
alpino	ADJ:2
alpiste	NOUN:2
alquería	NOUN:1
alquilar	VERB:2
alquiler	NOUN:1
alquilo	NOUN:1
alquimia	NOUN:1
alquimista	NOUN:1
alquitrán	NOUN:1
alrededor	NOUN:1	ADV:1
alsa	NOUN:1
alsacia	PROPN:1
alsasua	PROPN:1
altagracia	PROPN:1
altamar	NOUN:1
altamente	ADV:1
altamira	PROPN:3
altamirano	PROPN:2
altanero	ADJ:1
altanería	NOUN:1
altar	NOUN:2	PROPN:1
altavoz	NOUN:3
altea	PROPN:2
alteración	NOUN:2
alterado	ADJ:2
alterar	VERB:3
altercado	NOUN:1
alteridad	NOUN:1
alternadamente	ADV:1
alternador	NOUN:1
alternancia	NOUN:1
alternar	VERB:2
alternativa	NOUN:3
alternativamente	ADV:1
alternativo	ADJ:1
alterne	NOUN:1
altero	NOUN:1
alteza	NOUN:3
altillo	NOUN:1
altiplanicie	NOUN:1
altiplano	NOUN:1
altiro	ADV:1
altitud	NOUN:2
altivez	NOUN:1
altivo	ADJ:1
alto	ADJ:2	NOUN:3	ADV:2	INTJ:1
altozano	NOUN:1
altruismo	NOUN:1
altruista	ADJ:1	NOUN:1
altura	NOUN:3
altímetro	NOUN:1
alubia	NOUN:4
alucina	INTJ:1
alucinación	NOUN:1
alucinado	ADJ:1	NOUN:1
alucinante	ADJ:3
alucinar	VERB:2
alucine	NOUN:3
alucinógeno	ADJ:1	NOUN:1
alud	NOUN:3
aludido	ADJ:1
aludir	VERB:1
alumbrado	NOUN:1	ADJ:1
alumbramiento	NOUN:2
alumbrar	VERB:4
alumbre	NOUN:2
aluminio	NOUN:1
alumnado	NOUN:1
alumno	NOUN:1
alunizaje	NOUN:2
alusivo	ADJ:1
alusión	NOUN:1
aluvial	ADJ:1
aluvión	NOUN:2
alv	X:3
alvarado	PROPN:2
alvarenga	PROPN:1
alveolar	ADJ:1
alza	NOUN:1
alzada	NOUN:3
alzado	ADJ:4	NOUN:4
alzamiento	NOUN:2
alzamora	PROPN:1
alzar	VERB:6
alzate	PROPN:1
alzheimer	NOUN:1
alzhéimer	NOUN:1
alá	PROPN:1
alérgico	ADJ:1
alí	PROPN:3
alícuota	NOUN:1	ADJ:1
aló	INTJ:1
alúmina	NOUN:1
am	ADV:1
ama	NOUN:7
amabilidad	NOUN:1
amable	ADJ:2
amablemente	ADV:1
amadeo	PROPN:1
amado	ADJ:1	PROPN:1
amador	ADJ:1	NOUN:1	PROPN:1
amagar	VERB:2
amago	NOUN:3
amague	NOUN:3
amalgama	NOUN:2
amalia	PROPN:1
amamantamiento	NOUN:1
amamantar	VERB:1
amancio	PROPN:1
amanda	PROPN:1
amanecer	VERB:7	NOUN:1
amanerado	ADJ:2
amansar	VERB:1
amante	ADJ:2	NOUN:3
amapola	NOUN:1	PROPN:1
amar	VERB:2
amaranto	ADJ:1	NOUN:1
amargado	ADJ:1
amargamente	ADV:1
amargar	VERB:2
amargo	ADJ:1	NOUN:1
amargor	NOUN:1
amargura	NOUN:2
amarillento	ADJ:1
amarillismo	NOUN:1
amarillista	ADJ:1
amarillo	ADJ:2	NOUN:2	PROPN:1
amaro	NOUN:1	PROPN:1
amarra	NOUN:2
amarrado	NOUN:1
amarrar	VERB:2
amarre	NOUN:5
amasado	NOUN:1
amasar	VERB:2
amasijo	NOUN:1
amate	NOUN:4
amateur	ADJ:1	NOUN:1
amateurismo	NOUN:1
amatista	ADJ:1	NOUN:1	PROPN:1
amaya	PROPN:2
amazigh	ADJ:1
amazona	NOUN:3
amazonas	PROPN:5
amazonia	PROPN:1
amazonía	PROPN:1
amazónico	ADJ:1
amañar	VERB:1
amaño	NOUN:2
ambages	NOUN:2
amberes	PROPN:2
ambicioso	ADJ:1
ambición	NOUN:1
ambidiestro	ADJ:1
ambientación	NOUN:2
ambientador	NOUN:1
ambiental	ADJ:1
ambientalismo	NOUN:1
ambientalista	ADJ:1	NOUN:1
ambientalmente	ADV:1
ambientar	VERB:3
ambiente	NOUN:3
ambiguo	ADJ:2
ambigüedad	NOUN:1
ambivalencia	NOUN:1
ambivalente	ADJ:1
ambo	NOUN:1	PROPN:1
ambos	ADJ:1
ambrosía	NOUN:1
ambulancia	NOUN:1
ambulante	ADJ:2	NOUN:1
ambulatorio	ADJ:1	NOUN:1
ameba	NOUN:1
amedrentamiento	NOUN:1
amedrentar	VERB:1
ameghino	PROPN:1
amelia	PROPN:1
amenaza	NOUN:2
amenazador	ADJ:1
amenazante	ADJ:2
amenazar	VERB:2
amenizar	VERB:2
ameno	ADJ:1
amenorrea	NOUN:1
americanismo	NOUN:1
americanista	ADJ:1	NOUN:1
americano	ADJ:2	NOUN:4
ametralladora	NOUN:1
ami	NOUN:1	X:1
amianto	NOUN:1
amida	NOUN:1
amigable	ADJ:2
amigablemente	ADV:1
amigdalitis	NOUN:1
amigo	NOUN:2	INTJ:1	PROPN:1
amigote	NOUN:2
amiguete	NOUN:2
amiguis	NOUN:2
amiguismo	NOUN:1
amiguita	NOUN:2
amiguito	NOUN:2
amilasa	NOUN:1
amiloide	ADJ:1
amina	NOUN:1
amino	ADJ:1
aminorar	VERB:1
aminoácido	NOUN:1
amish	ADJ:1
amistad	NOUN:1
amistosamente	ADV:1
amistoso	ADJ:1	NOUN:1
ammán	PROPN:1
amnesia	NOUN:1
amnistía	NOUN:1
amniótico	ADJ:1
amnésico	ADJ:1	NOUN:1
amo	NOUN:3	INTJ:1
amoladora	NOUN:1
amonestación	NOUN:2
amonestar	VERB:1
amoniaco	NOUN:1
amonio	NOUN:1
amontonamiento	NOUN:2
amontonar	VERB:3
amoníaco	NOUN:1
amor	PROPN:1	NOUN:2
amoral	ADJ:1
amordazar	VERB:2
amorebieta	PROPN:2
amorfo	ADJ:1
amorosamente	ADV:2
amoroso	ADJ:3
amortiguación	NOUN:1
amortiguador	ADJ:1	NOUN:2
amortiguamiento	NOUN:2
amortiguar	VERB:2
amortización	NOUN:1
amortizar	VERB:1
amorío	NOUN:1
amotinado	NOUN:1
amotinamiento	NOUN:1
amoxicilina	NOUN:1
amparar	VERB:1
amparo	NOUN:4	PROPN:1
amperaje	NOUN:1
ampicilina	NOUN:1
ampli	NOUN:1
ampliable	ADJ:1
ampliación	NOUN:4
ampliamente	ADV:2
ampliar	VERB:6
amplificación	NOUN:1
amplificador	ADJ:1	NOUN:1
amplificar	VERB:2
amplio	ADJ:2
amplitud	NOUN:2
ampolla	NOUN:3
ampolleta	NOUN:3
amputación	NOUN:1
amputar	VERB:1
amritsar	PROPN:1
amsterdam	PROPN:1
amueblar	VERB:1
amuleto	NOUN:1
amur	PROPN:2
amurallado	ADJ:1
amá	NOUN:1
amán	PROPN:1
amén	INTJ:1
américa	PROPN:2
américo	PROPN:1
amígdala	NOUN:2
amílcar	PROPN:1
amón	PROPN:2
amós	PROPN:2
ana	PROPN:3
anabel	PROPN:1
anacleto	PROPN:1
anaco	NOUN:2
anaconda	NOUN:2
anacronismo	NOUN:1
anacrónico	ADJ:1
anafilaxia	NOUN:1
anagrama	NOUN:1
anahí	PROPN:1
anal	ADJ:1	NOUN:2
analfabetismo	NOUN:2
analfabeto	ADJ:1	NOUN:1
analgesia	NOUN:1
analgésico	ADJ:1	NOUN:1
analista	NOUN:2
analizador	ADJ:1	NOUN:1
analizar	VERB:1
analogía	NOUN:1
analía	PROPN:1
analíticamente	ADV:1
analítico	ADJ:1
analógico	ADJ:2
anamnesis	NOUN:1
ananá	NOUN:1
anaquel	NOUN:1
anaranjado	NOUN:2	ADJ:1
anarcocapitalismo	NOUN:1
anarcosindicalista	ADJ:1
anarquismo	NOUN:1
anarquista	ADJ:1	NOUN:1
anarquía	NOUN:3
anastasia	PROPN:1
anastasio	PROPN:1
anastomosis	NOUN:1
anata	NOUN:1
anatema	NOUN:1
anatolia	PROPN:1
anatomía	NOUN:2
anatómicamente	ADV:1
anatómico	ADJ:2
anaya	PROPN:1
anca	NOUN:2
ancestral	ADJ:1
ancestro	NOUN:1
anchamente	ADV:1
ancho	ADJ:2	NOUN:1
anchoa	NOUN:1
anchor	NOUN:1
anchorage	PROPN:1
anchoveta	NOUN:1
anchura	NOUN:1
ancianidad	NOUN:1
anciano	ADJ:2	NOUN:1
ancla	NOUN:1
anclaje	NOUN:1
anclar	VERB:2
ancud	PROPN:1
andado	VERB:8
andador	ADJ:1	NOUN:2
andadura	NOUN:4
andalucista	NOUN:1
andalucía	PROPN:1
andalusí	ADJ:1	NOUN:1
andaluz	ADJ:1	NOUN:2
andamiaje	NOUN:1
andamio	NOUN:1
andanada	NOUN:4
andante	ADJ:2	NOUN:3	ADV:1
andar	VERB:6	NOUN:2
ande	ADV:1
anderson	PROPN:2
andesita	NOUN:1
andino	ADJ:1	NOUN:1
andorra	PROPN:1	NOUN:1
andrada	PROPN:1
andrade	PROPN:1
andrea	PROPN:1
andreu	PROPN:3
android	PROPN:1
androide	NOUN:1
andré	PROPN:1
andrés	PROPN:3
andrógino	ADJ:3	NOUN:2
andrómeda	PROPN:3
andén	NOUN:4
anecdotario	NOUN:1
anecdótico	ADJ:1
anejo	ADJ:1	NOUN:1
anemia	NOUN:1
anestesia	NOUN:2
anestesiar	VERB:1
anestesiología	NOUN:1
anestesista	NOUN:1
anestesiólogo	NOUN:1
anestésico	ADJ:1
aneurisma	NOUN:1
anexar	VERB:1
anexión	NOUN:1
anexo	ADJ:2	NOUN:3
anfetamina	NOUN:1
anfibio	ADJ:1	NOUN:1
anfiteatro	NOUN:1
anfitrión	NOUN:2	PROPN:1
angelical	ADJ:1
angelina	PROPN:1
angelino	ADJ:1	NOUN:1
angelito	NOUN:3
angelópolis	PROPN:1
angina	NOUN:1
anginas	NOUN:1
angiografía	NOUN:2
angioplastia	NOUN:1
angiotensina	NOUN:1
anglicano	ADJ:1
anglicismo	NOUN:1
anglo	ADJ:3	NOUN:3
angloparlante	ADJ:1	NOUN:1
anglosajón	ADJ:1	NOUN:2
angol	PROPN:2
angola	PROPN:1
angoleño	ADJ:1
angora	NOUN:1	PROPN:1
angosto	ADJ:1
angostura	NOUN:3
anguiano	PROPN:1
anguila	NOUN:1	PROPN:1
angular	ADJ:1
angustia	NOUN:2
angustiado	ADJ:3
angustiante	ADJ:1
angustioso	ADJ:2
angélica	PROPN:1	NOUN:1
angélico	ADJ:1
anhelar	VERB:2
anhelo	NOUN:1
anhidro	ADJ:1
anhídrido	NOUN:1
aniceto	PROPN:1	NOUN:1
anidación	NOUN:1
anidar	VERB:2
anilina	NOUN:2
anilla	NOUN:2
anillo	NOUN:3
animación	NOUN:3
animadamente	ADV:1
animador	NOUN:4
animadversión	NOUN:2
animal	ADJ:1
animalista	ADJ:1	NOUN:2
animar	VERB:8
anime	NOUN:5
animismo	NOUN:1
animista	ADJ:1	NOUN:1
animosidad	NOUN:1
animé	NOUN:5
aniquilación	NOUN:1
aniquilamiento	NOUN:1
aniquilar	VERB:1
anita	PROPN:2
aniversario	ADJ:1	NOUN:2
anión	NOUN:1
ankara	PROPN:2
ano	NOUN:1
anoche	ADV:1
anochecer	VERB:2	NOUN:1
anodino	ADJ:2
anomalía	NOUN:1
anomia	NOUN:1
anonadado	ADJ:1
anonimato	NOUN:1
anorexia	NOUN:1
anormal	ADJ:2
anormalidad	NOUN:1
anormalmente	ADV:1
anotación	NOUN:2
anotado	ADJ:1
anotador	NOUN:2
anotar	VERB:3
ansa	PROPN:1
ansar	NOUN:1
anselmo	PROPN:1
ansia	NOUN:4
ansiedad	NOUN:1
ansina	ADV:2
ansiosamente	ADV:1
ansioso	ADJ:2
anta	NOUN:1	PROPN:1
antagonismo	NOUN:1
antagonista	ADJ:1	NOUN:1
antagónico	ADJ:1
antananarivo	PROPN:1
antaño	ADV:2	NOUN:1
ante	ADP:2	NOUN:3
anteayer	ADV:1
antebrazo	NOUN:1
antecedente	ADJ:1	NOUN:2
antecesor	NOUN:1
antecámara	NOUN:1
antedicho	ADJ:2
antejuicio	NOUN:1
antelación	NOUN:1
antemano	NOUN:1
antena	NOUN:1
anteojeras	NOUN:1
anteojos	NOUN:1
antepasado	ADJ:1	NOUN:1
antepecho	NOUN:2
antepenúltimo	ADJ:1
anteponer	VERB:2
anteproyecto	NOUN:1
antequera	PROPN:1
anterior	ADJ:2
anterioridad	NOUN:1
anteriormente	ADV:1
antero	PROPN:1
antes	ADV:6	ADP:1
antesala	NOUN:3
anti	ADJ:1
antiarrugas	ADJ:1
antiaéreo	ADJ:1
antibacterial	ADJ:1
antibalas	ADJ:1
antibiótico	ADJ:1
anticapitalismo	NOUN:1
anticapitalista	ADJ:1
anticipación	NOUN:2
anticipadamente	ADV:1
anticipado	ADJ:2
anticipar	VERB:3
anticipo	NOUN:1
anticlerical	ADJ:1
anticlericalismo	NOUN:1
anticoagulante	ADJ:1
anticolonial	ADJ:1
anticomunismo	NOUN:1
anticomunista	NOUN:1
anticoncepción	NOUN:1
anticonceptiva	NOUN:1
anticonceptivo	ADJ:1	NOUN:1
anticongelante	NOUN:1
anticonstitucional	ADJ:1
anticorrupción	ADJ:1
anticristo	NOUN:1
anticuado	ADJ:3
anticuario	ADJ:1	NOUN:1
anticuerpo	NOUN:1
antidemocrático	ADJ:1
antidepresivo	ADJ:1
antidisturbios	ADJ:1	NOUN:2
antidopaje	ADJ:1
antidoping	NOUN:1
antidroga	ADJ:1
antidumping	ADJ:1
antier	ADV:1
antifa	ADJ:1
antifascismo	NOUN:1
antifascista	ADJ:1
antifaz	NOUN:2
antifranquista	ADJ:1
antiglobalización	NOUN:1
antiguamente	ADV:2
antiguo	ADJ:5
antigás	ADJ:1
antigüedad	PROPN:1	NOUN:4
antihéroe	NOUN:1
antiimperialismo	NOUN:1
antiimperialista	ADJ:1
antiinflamatorio	ADJ:1
antilla	PROPN:1
antillano	ADJ:1
antillas	PROPN:1
antimateria	NOUN:1
antimilitarista	ADJ:1	NOUN:1
antimisiles	ADJ:1
antimonio	NOUN:1
antimonopolio	ADJ:1
antimotines	ADJ:1	NOUN:2
antinatural	ADJ:1
antiniebla	ADJ:1
antinuclear	ADJ:1
antioqueño	ADJ:1	NOUN:1
antioquia	PROPN:1
antioquía	PROPN:2
antioxidante	ADJ:1
antiparras	NOUN:2
antipatía	NOUN:2
antiperonista	NOUN:1
antipersona	ADJ:1
antipersonal	ADJ:1
antipático	ADJ:2
antirracista	ADJ:1	NOUN:1
antirretroviral	ADJ:1
antirrobo	ADJ:1
antisemita	ADJ:1	NOUN:1
antisemitismo	NOUN:1
antisistema	ADJ:1	NOUN:1
antisocial	ADJ:1
antiséptico	ADJ:1
antitabaco	ADJ:1
antitanque	ADJ:1
antiterrorismo	NOUN:1
antiterrorista	ADJ:1
antitoxina	NOUN:1
antivacunas	ADJ:1	NOUN:1
antiviral	ADJ:1
antivirus	NOUN:1
antofagasta	PROPN:4
antojo	NOUN:2
antología	NOUN:1
antológico	ADJ:2
antonia	PROPN:1
antonieta	PROPN:1
antonio	PROPN:2
antonomasia	NOUN:1
antorcha	NOUN:1
antracita	NOUN:1
antro	NOUN:4
antropocentrismo	NOUN:1
antropología	NOUN:1
antropológico	ADJ:1
antropólogo	NOUN:1
antártica	ADJ:2
antártico	ADJ:2
antártida	PROPN:1
antídoto	NOUN:1
antígeno	NOUN:1
antílope	NOUN:1
antítesis	NOUN:1
antón	PROPN:1
antónimo	ADJ:1	NOUN:1
antúnez	PROPN:1
anual	ADJ:1
anualidad	NOUN:1
anualmente	ADV:1
anuario	NOUN:1
anubis	PROPN:1
anudar	VERB:2
anuencia	NOUN:1
anulación	NOUN:1
anular	ADJ:1	NOUN:1	VERB:3
anunciación	NOUN:1	PROPN:1
anunciador	ADJ:1	NOUN:2
anunciante	ADJ:1	NOUN:1
anunciar	VERB:5
anuncio	NOUN:4
anverso	NOUN:1
anyway	ADV:1
anzoátegui	PROPN:1
anzuelo	NOUN:1
análisis	NOUN:3
análogamente	ADV:1
análogo	ADJ:1
anárquico	ADJ:1
anécdota	NOUN:1
anémona	NOUN:1
aníbal	PROPN:1
anímicamente	ADV:1
anímico	ADJ:2
anís	NOUN:3
anómalo	ADJ:2
anónimamente	ADV:1
anónimo	ADJ:1	NOUN:1
aorta	NOUN:1
apabullante	ADJ:1
apache	NOUN:2
apacible	ADJ:1
apaciguamiento	NOUN:1
apaciguar	VERB:2
apadrinamiento	NOUN:1
apadrinar	VERB:2
apagado	ADJ:2
apagar	VERB:8
apagón	NOUN:3
apalaches	PROPN:1
apalancamiento	NOUN:2
apalear	VERB:2
aparador	NOUN:3
aparataje	NOUN:1
aparato	NOUN:5
aparatoso	ADJ:2
aparcamiento	NOUN:3
aparcar	VERB:1
apareamiento	NOUN:1
aparecer	VERB:1
aparejado	ADJ:1
aparejador	ADJ:1	NOUN:4
aparejo	NOUN:5
aparentar	VERB:2
aparente	ADJ:2
aparentemente	ADV:2
aparicio	PROPN:2
aparición	NOUN:3
apariencia	NOUN:2
apartamento	NOUN:1
apartamiento	NOUN:2
apartar	VERB:4
aparte	ADJ:2	ADV:2
apartheid	NOUN:2
apartidista	ADJ:1
apasionadamente	ADV:1
apasionado	ADJ:2
apasionamiento	NOUN:1
apasionante	ADJ:1
apatía	NOUN:1
apaza	PROPN:1
apañado	ADJ:2
apañar	VERB:3
apaño	NOUN:3
apeadero	NOUN:1
apec	PROPN:1
apedrear	VERB:1
apego	NOUN:1
apelación	NOUN:2
apelado	NOUN:1
apelar	VERB:1
apelativo	ADJ:2	NOUN:2
apellido	NOUN:2
apena	ADV:3
apenado	ADJ:2
apenas	ADV:3
apendicitis	NOUN:1
apeninos	PROPN:1
apercibimiento	NOUN:1
aperitivo	NOUN:2
apertura	NOUN:5
apesadumbrado	ADJ:1
apestado	NOUN:3
apestar	VERB:6
apestoso	ADJ:1
apetecible	ADJ:1
apetito	NOUN:1
apetitoso	ADJ:3
apia	PROPN:1
apical	ADJ:1
apicultor	NOUN:1
apicultura	NOUN:1
apilar	VERB:2
apio	NOUN:2
apisonadora	NOUN:2
aplacar	VERB:1
aplanadora	NOUN:1
aplanar	VERB:3
aplastamiento	NOUN:1
aplastante	ADJ:2
aplastar	VERB:4
aplaudir	VERB:1
aplauso	NOUN:1
aplazado	ADJ:1
aplazamiento	NOUN:1
aplazar	VERB:2
aplicabilidad	NOUN:1
aplicable	ADJ:1
aplicación	NOUN:6
aplicador	NOUN:1
aplicar	VERB:5
aplicativo	ADJ:2	NOUN:1
aplique	NOUN:1
aplomo	NOUN:1
apnea	NOUN:2
apocalipsis	NOUN:2	PROPN:1
apocalíptico	ADJ:1
apodaca	PROPN:3
apoderado	NOUN:2	ADJ:1
apoderamiento	NOUN:3
apoderar	VERB:3
apodo	NOUN:1
apogeo	NOUN:2
apolinar	PROPN:2
apolo	PROPN:1
apologista	NOUN:1
apología	NOUN:2
apolonia	PROPN:1
apolonio	PROPN:2
apolítico	ADJ:1
aponte	PROPN:1
apoplejía	NOUN:1
apoptosis	NOUN:1
aportación	NOUN:1
aportante	ADJ:1	NOUN:1
aportar	VERB:4
aporte	NOUN:1
aposento	NOUN:2
aposta	ADV:1
apostadero	NOUN:2
apostador	NOUN:1
apostar	VERB:2
apostasía	NOUN:1
apostilla	NOUN:2
apostolado	NOUN:3
apostólico	ADJ:1
apoteosis	NOUN:1
apoteósico	ADJ:1
apoyar	VERB:6
apoyo	NOUN:1
app	NOUN:1
apreciable	ADJ:1
apreciación	NOUN:1
apreciar	VERB:3
aprecio	NOUN:1
aprehender	VERB:2
aprehensión	NOUN:1
apremiante	ADJ:1
apremio	NOUN:2
aprender	VERB:2
aprendiz	NOUN:2
aprendizaje	NOUN:2
aprensión	NOUN:1
apresamiento	NOUN:1
apresar	VERB:2
apresuradamente	ADV:1
apresurado	ADJ:1
apresurar	VERB:2
apretado	ADJ:3
apretar	VERB:8
apretón	NOUN:3
aprieto	NOUN:2
aprisa	ADV:1
aprista	ADJ:1	NOUN:2
aprobación	NOUN:2
aprobar	VERB:2
aprobatorio	ADJ:1
apropiación	NOUN:1
apropiadamente	ADV:2
apropiado	ADJ:1
apropiar	VERB:2
apropósito	NOUN:1
aprovechable	ADJ:2
aprovechamiento	NOUN:3
aprovechar	VERB:4
aprovisionamiento	NOUN:1
aprox	ADV:1
aproximación	NOUN:1
aproximadamente	ADV:1
aproximado	ADJ:1
aproximar	VERB:2
aptitud	NOUN:3
apto	ADJ:1
apud	ADP:1
apuesta	NOUN:1
apuleyo	PROPN:1
apuntado	ADJ:5
apuntador	ADJ:1	NOUN:2
apuntalar	VERB:1
apuntar	VERB:8
apunte	NOUN:1
apurado	ADJ:2
apurar	VERB:3
apure	PROPN:1
apuro	NOUN:4
apurímac	PROPN:1
apus	PROPN:1
apuñalamiento	NOUN:1
apuñalar	VERB:1
apá	NOUN:1
apático	ADJ:1
apátrida	ADJ:1	NOUN:1
apéndice	NOUN:2
apícola	ADJ:1
apócope	NOUN:1
apócrifo	ADJ:1
apófisis	NOUN:1
apósito	NOUN:1
apóstata	NOUN:1
apóstol	NOUN:1	PROPN:1
aquel	DET:1
aquelarre	NOUN:4
aquiescencia	NOUN:1
aquila	PROPN:1
aquiles	PROPN:1
aquilino	PROPN:1
aquino	PROPN:1
aquisgrán	PROPN:1
aquitania	PROPN:1
aquél	PRON:3
aquí	ADV:1
ara	NOUN:2	PROPN:1
arabia	PROPN:2
arabista	NOUN:2
araceli	PROPN:1
aracely	PROPN:1
aracena	PROPN:1
arada	NOUN:3
arado	NOUN:1
aragonés	ADJ:1	NOUN:1	PROPN:1
aragua	PROPN:1
aragón	PROPN:2
araiza	PROPN:1
arameo	ADJ:1	NOUN:1
arana	PROPN:1	NOUN:1
arancel	NOUN:2
arancelario	ADJ:1
arancibia	PROPN:1
aranda	PROPN:1
arandela	NOUN:1
arango	PROPN:1
aranjuez	PROPN:1
arantxa	PROPN:1
arar	VERB:1	NOUN:2
arauca	PROPN:1
araucano	ADJ:3	NOUN:2
araucanía	PROPN:2
araucaria	NOUN:2
arauco	PROPN:3
araujo	PROPN:1
arauz	PROPN:1
araña	NOUN:2	PROPN:1
arañar	VERB:1
arañazo	NOUN:1
araújo	PROPN:1
arbeláez	PROPN:1
arbitraje	NOUN:3
arbitral	ADJ:1
arbitrar	VERB:2
arbitrariamente	ADV:1
arbitrariedad	NOUN:2
arbitrario	ADJ:1
arbitrio	NOUN:1
arbolado	NOUN:1	ADJ:1
arboleda	NOUN:1	PROPN:1
arbolito	NOUN:1
arbusto	NOUN:1
arbóreo	ADJ:1
arc	ADJ:1	PROPN:1
arca	NOUN:1
arcabuz	NOUN:2
arcada	NOUN:2
arcade	NOUN:1
arcadia	PROPN:2	NOUN:1
arcadio	ADJ:1
arcaico	ADJ:1
arcano	ADJ:1	NOUN:1
arcaísmo	NOUN:1
arce	NOUN:2	PROPN:1
arcediano	NOUN:1
archicofradía	NOUN:1
archidiócesis	NOUN:1
archiduque	NOUN:1
archienemigo	NOUN:1
archipiélago	NOUN:1
archivador	ADJ:1	NOUN:3
archivar	VERB:1
archivero	NOUN:1
archivista	NOUN:1
archivo	NOUN:3
arcilla	NOUN:1	PROPN:1
arcilloso	ADJ:1
arciprestazgo	NOUN:1
arcipreste	NOUN:1
arco	NOUN:5
arcoiris	NOUN:1
arcoíris	NOUN:1
arcángel	NOUN:1
arcén	NOUN:2
arcón	NOUN:1
arda	NOUN:1
ardenas	PROPN:2
arder	VERB:6
ardid	NOUN:1	ADJ:2
ardido	ADJ:2
ardiente	ADJ:3
ardientemente	ADV:1
ardilla	NOUN:1
ardor	NOUN:5
arduamente	ADV:2
arduo	ADJ:2
arecibo	PROPN:3
arellano	PROPN:2
arena	NOUN:2
arenal	NOUN:1
arenero	ADJ:2	NOUN:6
arenga	NOUN:1
arengar	VERB:1
arenisca	NOUN:1
arenoso	ADJ:1
arenque	NOUN:1
areola	NOUN:1
arepa	NOUN:1
arequipa	PROPN:3
arequipeño	ADJ:1	NOUN:1
ares	PROPN:1
arete	NOUN:1
argamasa	NOUN:1
argel	PROPN:1	ADJ:1
argelia	PROPN:1
argelino	ADJ:2	NOUN:2
argentina	PROPN:1
argentine	NOUN:1
argentinidad	NOUN:1
argentino	ADJ:2	NOUN:1
argento	NOUN:1	PROPN:1
arginina	NOUN:1
argo	PROPN:1
argolla	NOUN:7
argos	PROPN:1
argot	NOUN:1
argote	PROPN:1
argucia	NOUN:1
argueta	PROPN:1
argumentación	NOUN:1
argumental	ADJ:2
argumentar	VERB:2
argumentario	NOUN:2
argumentativo	ADJ:1
argumento	NOUN:2
argón	NOUN:1
argüelles	PROPN:1
argüello	PROPN:1
ariana	PROPN:1
arias	PROPN:1
arica	PROPN:3
aridez	NOUN:1
ariel	PROPN:1
aries	PROPN:2
ariete	NOUN:3
ario	ADJ:1
arisco	ADJ:2
arista	NOUN:5
aristarco	NOUN:1
aristizábal	PROPN:1
aristocracia	NOUN:1
aristocrático	ADJ:1
aristotélico	ADJ:1	NOUN:1
aristócrata	NOUN:1
aristófanes	PROPN:1
aristóteles	PROPN:3
aritmético	ADJ:1	NOUN:1
arizona	PROPN:1
arjona	PROPN:1
arkansas	PROPN:1
arlequín	NOUN:1
arma	NOUN:1
armada	NOUN:2
armadillo	NOUN:1
armado	ADJ:1
armador	NOUN:2
armadura	NOUN:3
armagedón	PROPN:1
armamentista	ADJ:1
armamento	NOUN:3
armando	PROPN:1
armar	VERB:8
armario	NOUN:3
armarla	VERB:1
armatoste	NOUN:2
armazón	NOUN:4
armendáriz	PROPN:1
armenia	PROPN:3
armenio	ADJ:1	NOUN:2
armero	ADJ:1	NOUN:3
armería	NOUN:2
armilla	NOUN:2
armisticio	NOUN:1
armiño	NOUN:1
armonio	NOUN:1
armoniosamente	ADV:1
armonioso	ADJ:2
armonización	NOUN:1
armonizar	VERB:1
armonía	NOUN:1
armónica	NOUN:1
armónicamente	ADV:1
armónico	ADJ:1	NOUN:1
arn	NOUN:1
arnaiz	PROPN:1
arnm	NOUN:1
arnoldo	PROPN:1
arnulfo	PROPN:1
arnés	NOUN:2
aro	NOUN:4	INTJ:1	PROPN:1
aroma	NOUN:1
aromaterapia	NOUN:1
aromático	ADJ:2
arpa	NOUN:1
arpillera	NOUN:1
arpista	NOUN:1
arpía	NOUN:2
arpón	NOUN:1
arqueado	ADJ:1
arqueo	NOUN:1
arqueología	NOUN:1
arqueológico	ADJ:1
arquero	NOUN:2
arquería	NOUN:1
arqueta	NOUN:2
arquetipo	NOUN:1
arquetípico	ADJ:1
arqueólogo	NOUN:1
arqui	NOUN:1
arquidiócesis	NOUN:1
arquitecto	NOUN:1
arquitectura	NOUN:2
arquitectónico	ADJ:1
arquímedes	PROPN:1
arrabal	NOUN:1
arraigado	ADJ:1
arraigar	VERB:3
arraigo	NOUN:4
arrancada	NOUN:3
arrancar	VERB:6
arranque	NOUN:4
arras	NOUN:1
arrasar	VERB:4
arrastrado	ADJ:3	NOUN:3
arrastrar	VERB:7
arrastre	NOUN:3
arrayán	NOUN:2
arre	INTJ:1
arrear	VERB:4
arrebatar	VERB:4
arrechera	NOUN:1
arrecho	ADJ:6
arrecife	NOUN:1
arredondo	PROPN:2
arreglar	VERB:8
arreglista	NOUN:1
arreglo	NOUN:5
arreglárselas	VERB:1
arremeter	VERB:3
arrendador	NOUN:2
arrendamiento	NOUN:2
arrendar	VERB:2
arrendatario	NOUN:2
arreo	NOUN:2	ADV:1
arrepentido	ADJ:1
arrepentimiento	NOUN:3
arrepentirse	VERB:2
arrepienta	VERB:2
arrestar	VERB:1
arresto	NOUN:2
arriaga	PROPN:3
arriano	ADJ:1
arriar	VERB:3
arriba	ADV:2	INTJ:3
arribar	VERB:2
arribismo	NOUN:1
arribista	NOUN:1
arribo	NOUN:1
arriendo	NOUN:2
arriero	NOUN:1
arriesgado	ADJ:2
arriesgar	VERB:3
arrieta	PROPN:4
arrimar	VERB:5
arrimo	NOUN:1
arrinconar	VERB:2
arrio	PROPN:1
arriola	PROPN:1
arritmia	NOUN:1
arroba	NOUN:2
arrocera	NOUN:4
arrodillar	VERB:2
arrogancia	NOUN:1
arrogante	ADJ:1
arrojar	VERB:6
arroje	NOUN:1
arrojo	NOUN:1
arrollador	ADJ:1
arrollar	VERB:5
arropar	VERB:2
arrope	NOUN:1
arroyo	NOUN:1	PROPN:1
arroz	NOUN:2
arrozal	NOUN:1
arruga	NOUN:1
arrugado	ADJ:1
arrugar	VERB:3
arruinado	ADJ:1
arruinar	VERB:1
arrullo	NOUN:2
arsenal	NOUN:3
arsénico	NOUN:1
arte	NOUN:2
arteaga	PROPN:1
artefacto	NOUN:2
artemio	PROPN:1
artemisa	PROPN:2	NOUN:1
artemisia	NOUN:1
arteria	NOUN:1
arterial	ADJ:1
arteriosclerosis	NOUN:1
artero	ADJ:2
artes	NOUN:2
artesa	NOUN:1
artesanal	ADJ:1
artesanalmente	ADV:1
artesano	ADJ:1	NOUN:1
artesanía	NOUN:1
artesonado	ADJ:1	NOUN:1
articulación	NOUN:2
articulador	ADJ:1	NOUN:1
articular	ADJ:1	VERB:2
articulista	NOUN:1
artificial	ADJ:1
artificialmente	ADV:1
artificio	NOUN:3
artigas	PROPN:3
artiguista	ADJ:1	NOUN:1
artillero	ADJ:1	NOUN:2
artillería	NOUN:1
artilugio	NOUN:4
artimaña	NOUN:2
artista	NOUN:2
artola	PROPN:1
artritis	NOUN:1
artrosis	NOUN:2
arturo	PROPN:1	ADJ:1	NOUN:1
artículo	NOUN:5
artífice	NOUN:1
artísticamente	ADV:1
artístico	ADJ:1
aruba	PROPN:1
arveja	NOUN:2
arzobispado	NOUN:2
arzobispal	ADJ:1
arzobispo	NOUN:1
arábigo	ADJ:1	NOUN:1
arácnido	ADJ:1	NOUN:1
arán	NOUN:1
arándano	NOUN:1
arévalo	PROPN:2
as	NOUN:3
asa	NOUN:2
asado	ADJ:4	NOUN:1
asador	NOUN:2
asalariado	ADJ:1
asaltante	NOUN:1
asaltar	VERB:3
asalto	NOUN:4
asamblea	NOUN:1
asambleísta	NOUN:1
asar	VERB:4
asbesto	NOUN:1
ascanio	ADJ:1
ascendencia	NOUN:2
ascendente	ADJ:1
ascender	VERB:3
ascendiente	NOUN:3
ascensión	PROPN:1	NOUN:1
ascenso	NOUN:3
ascensor	NOUN:1
asceta	NOUN:1
ascetismo	NOUN:1
ascii	X:1
ascitis	NOUN:1
asco	NOUN:3
ascua	NOUN:1
ascético	ADJ:1
ascórbico	ADJ:1
asdrúbal	PROPN:1
ase	VERB:4
aseado	ADJ:1
asediar	VERB:2
asedio	NOUN:1
asegurador	ADJ:1	NOUN:2
aseguradora	NOUN:1
aseguramiento	NOUN:1
asegurar	VERB:7
asentado	ADJ:3
asentamiento	NOUN:2
asentar	VERB:3
asentimiento	NOUN:2
asentir	VERB:2
aseo	NOUN:3
asepsia	NOUN:1
asequible	ADJ:3
aser	PROPN:1
aserradero	NOUN:1
aserrado	NOUN:1
aserrín	NOUN:1
asertividad	NOUN:1
asertivo	ADJ:1
asesinar	VERB:1
asesinato	NOUN:3
asesino	ADJ:1	NOUN:3
asesor	NOUN:1
asesoramiento	NOUN:1
asesorar	VERB:3
asesoría	NOUN:2
asestar	VERB:3
aseveración	NOUN:1
aseverar	VERB:1
asexual	ADJ:1
asfaltado	NOUN:1
asfaltar	VERB:1
asfalto	NOUN:1
asfixia	NOUN:1
asfixiante	ADJ:1
asfixiar	VERB:1
asfáltico	ADJ:1
asia	PROPN:2
asidero	NOUN:2
asiduamente	ADV:1
asiduidad	NOUN:1
asiduo	ADJ:2
asiento	NOUN:8
asignación	NOUN:2
asignar	VERB:1
asignatura	NOUN:1
asilado	NOUN:1
asilo	NOUN:5
asimetría	NOUN:1
asimilable	ADJ:1
asimilación	NOUN:1
asimilar	VERB:2
asimismo	ADV:1
asimétrico	ADJ:1
asintomático	ADJ:1
asique	SCONJ:1
asir	VERB:2
asiria	PROPN:1
asirio	NOUN:1
asistencia	NOUN:5
asistencial	ADJ:1
asistencialismo	NOUN:1
asistenta	NOUN:1
asistente	NOUN:2
asistir	VERB:2
asiático	ADJ:1	NOUN:1
asma	NOUN:1
asmr	NOUN:1
asmático	ADJ:1	NOUN:1
asno	NOUN:2
asociacionismo	NOUN:1
asociación	NOUN:2
asocial	ADJ:1
asociar	VERB:1
asociativo	ADJ:1
asomar	VERB:5
asombrado	ADJ:1
asombrar	VERB:2
asombro	NOUN:4
asombrosamente	ADV:1
asombroso	ADJ:3
asomo	NOUN:2
asonada	NOUN:1
aspa	NOUN:8
aspecto	NOUN:2
aspereza	NOUN:2
aspersión	NOUN:1
aspiracional	ADJ:1
aspiración	NOUN:2
aspirado	ADJ:1
aspirador	NOUN:1	ADJ:1
aspiradora	NOUN:1
aspirante	ADJ:1	NOUN:2
aspirar	VERB:3
aspirina	NOUN:1
asqueado	ADJ:2
asquerosamente	ADV:1
asquerosidad	NOUN:2
asqueroso	ADJ:1
assam	PROPN:1
asta	NOUN:4
astaná	PROPN:1
astenia	NOUN:1
asterisco	NOUN:2
asteroide	NOUN:1	ADJ:1
astigmatismo	NOUN:2
astilla	NOUN:2
astillero	ADJ:1	NOUN:3
astorga	PROPN:2
astracán	NOUN:1	PROPN:1
astral	ADJ:1
astrea	PROPN:1
astringente	ADJ:1
astro	NOUN:2
astrofísica	NOUN:1
astrofísico	ADJ:1	NOUN:1
astrolabio	NOUN:1
astrología	NOUN:1
astrológico	ADJ:1
astronauta	NOUN:1
astronomía	NOUN:1
astronáutica	NOUN:1
astronómico	ADJ:2
astrágalo	NOUN:2
astrólogo	NOUN:1
astrónomo	NOUN:1
astucia	NOUN:2
astudillo	PROPN:1
astur	ADJ:2
asturiano	ADJ:1	NOUN:2
asturias	PROPN:2
astutamente	ADV:1
astuto	ADJ:3
astérix	PROPN:1
asu	INTJ:1
asueto	NOUN:1	ADJ:1
asumible	ADJ:1
asumir	VERB:2
asun	PROPN:1
asunción	NOUN:2	PROPN:2
asunto	NOUN:2
asustadizo	ADJ:1
asustado	ADJ:1
asustar	VERB:5
asuán	NOUN:1
asá	ADV:1
aséptico	ADJ:2
así	ADV:2
asín	ADV:2
asís	PROPN:1
at	PROPN:1
atacama	PROPN:3	ADJ:1
atacante	ADJ:1	NOUN:1
atacar	VERB:3
atado	ADJ:4	NOUN:3
atadura	NOUN:3
atajada	NOUN:4
atajar	VERB:6
atajo	NOUN:4
atalaya	NOUN:2	PROPN:1
ataque	NOUN:5
atar	VERB:2
atardecer	VERB:1	NOUN:1
atareado	ADJ:2
atasco	NOUN:2
ataxia	NOUN:1
ataúd	NOUN:2
atelier	NOUN:1
atemorizante	ADJ:1
atemorizar	VERB:1
atemporal	ADJ:1
atena	PROPN:1
atenas	PROPN:1
atencio	PROPN:1
atencional	ADJ:1
atención	NOUN:3
atender	VERB:5
atenea	PROPN:1
ateneo	NOUN:2
atener	VERB:5
ateniense	ADJ:1
atentado	ADJ:1	NOUN:2
atentamente	ADV:3
atentar	VERB:2
atentatorio	ADJ:1
atento	ADJ:3
atenuación	NOUN:1
atenuante	ADJ:1
atenuantes	NOUN:1
atenuar	VERB:1
ateo	ADJ:1
aterciopelado	ADJ:1
aterosclerosis	NOUN:1
aterrador	ADJ:1
aterrizaje	NOUN:1
aterrizar	VERB:2
aterrorizar	VERB:1
atesorar	VERB:2
atestado	ADJ:3	NOUN:1
atestiguar	VERB:1
ateísmo	NOUN:1
atiborrado	ADJ:1
atienza	PROPN:2
atila	PROPN:1
atinado	ADJ:1
atinar	VERB:2
atisbar	VERB:4
atisbo	NOUN:3
atizar	VERB:2
atlanta	PROPN:1
atlante	NOUN:2	ADJ:1
atlas	NOUN:2	PROPN:2
atleta	NOUN:2
atleti	PROPN:1
atletismo	NOUN:2
atlántico	ADJ:1	PROPN:1
atlántida	PROPN:2
atlético	ADJ:2	PROPN:1
atmosfera	NOUN:1
atmosférico	ADJ:1
atmósfera	NOUN:1
atocha	NOUN:1
atole	NOUN:1
atolladero	NOUN:3
atolondrado	ADJ:2
atolón	NOUN:1
atomización	NOUN:1
atontado	ADJ:2
atormentar	VERB:1
atornillar	VERB:1
atorrante	ADJ:2	NOUN:2
atracadero	NOUN:1
atracador	NOUN:1
atracar	VERB:8
atracción	NOUN:3
atraco	NOUN:3
atractivo	ADJ:2	NOUN:1
atracón	NOUN:1
atraer	VERB:1
atrapada	NOUN:1
atrapado	ADJ:2
atrapante	ADJ:1
atrapar	VERB:2
atrapasueños	NOUN:1
atraque	NOUN:1
atrasado	ADJ:2
atrasar	VERB:1
atraso	NOUN:3
atravesar	VERB:3
atrayente	ADJ:1
atrever	VERB:2
atrevido	ADJ:3
atrevimiento	NOUN:1
atrezzo	NOUN:1
atribución	NOUN:1
atribuible	ADJ:1
atribuir	VERB:2
atributo	NOUN:1
atril	NOUN:3
atrincherado	ADJ:1
atrio	NOUN:2
atrocidad	NOUN:1
atrofia	NOUN:1
atronador	ADJ:2
atropellado	ADJ:1
atropellar	VERB:2
atropello	NOUN:2
atropina	NOUN:1
atroz	ADJ:3
atrás	ADV:2	INTJ:1
atuendo	NOUN:2
aturdido	ADJ:2
aturdimiento	NOUN:2
aturdir	VERB:1
atípico	ADJ:1
atómico	ADJ:1
atónito	ADJ:1
atún	NOUN:2
auch	INTJ:1
auckland	PROPN:1
audacia	NOUN:1
audaz	ADJ:1
audazmente	ADV:1
audible	ADJ:1
audicionar	VERB:1
audición	NOUN:4
audiencia	NOUN:2	PROPN:1
audio	NOUN:2
audiolibro	NOUN:1
audiovisual	ADJ:1
auditar	VERB:1
auditivo	ADJ:1
auditor	NOUN:1
auditorio	NOUN:2
auditoría	NOUN:1
audífono	NOUN:2
audífonos	NOUN:1
auge	NOUN:2
augsburgo	PROPN:1
augurar	VERB:1
augurio	NOUN:1
augusto	ADJ:1	PROPN:1
aula	NOUN:1
aullar	VERB:1
aullido	NOUN:1
aumentar	VERB:5
aumento	NOUN:2
aun	ADV:2
aunar	VERB:2
aunq	SCONJ:2
aunque	SCONJ:2
aura	NOUN:2
aurelia	PROPN:1
aureliano	PROPN:1
aurelio	PROPN:1
aureola	NOUN:3
auri	PROPN:1
auricular	ADJ:2	NOUN:3
auriga	NOUN:1	PROPN:1
aurinegro	ADJ:3	NOUN:3
aurora	NOUN:2	PROPN:2
aurícula	NOUN:3
auschwitz	PROPN:2
auscultación	NOUN:1
ausencia	NOUN:2
ausente	ADJ:1
ausentismo	NOUN:1
auspiciador	NOUN:2	ADJ:1
auspiciar	VERB:1
auspicio	NOUN:2
auspicios	NOUN:1
auspicioso	ADJ:1
austeridad	NOUN:1
austero	ADJ:1
austin	PROPN:1
austral	ADJ:1	NOUN:1
australia	PROPN:2
australiano	ADJ:1	NOUN:1
austria	PROPN:1
austriaco	ADJ:1	NOUN:1
austro	NOUN:2
austrohúngaro	ADJ:1
austríaco	ADJ:1
autarquía	NOUN:1
autenticación	NOUN:1
autenticar	VERB:1
autenticidad	NOUN:1
autentificación	NOUN:1
autismo	NOUN:1
autista	ADJ:1	NOUN:1
auto	NOUN:4
autoabastecimiento	NOUN:1
autoaprendizaje	NOUN:1
autoayuda	NOUN:1
autobiografía	NOUN:1
autobiográfico	ADJ:1
autobombo	NOUN:1
autobús	NOUN:1
autocar	NOUN:1
autocaravana	NOUN:1
autocensura	NOUN:2
autocine	NOUN:1
autoclave	NOUN:1
autocompasión	NOUN:1
autocomplacencia	NOUN:3
autoconcepto	NOUN:1
autoconciencia	NOUN:1
autoconfianza	NOUN:1
autoconocimiento	NOUN:1
autoconstrucción	NOUN:1
autoconsumo	NOUN:1
autocontrol	NOUN:1
autocorrector	NOUN:1
autocracia	NOUN:1
autocrático	ADJ:1
autocrítica	NOUN:1
autocrítico	ADJ:1
autocuidado	NOUN:1
autocultivo	NOUN:1
autodefensa	NOUN:1
autodenominado	ADJ:1
autodescubrimiento	NOUN:1
autodestrucción	NOUN:1
autodestructivo	ADJ:1
autodestruirse	VERB:1
autodeterminación	NOUN:1
autodisciplina	NOUN:1
autoedición	NOUN:1
autoempleo	NOUN:1
autoengaño	NOUN:1
autoescuela	NOUN:1
autoestima	NOUN:1
autoestopista	NOUN:1
autoevaluación	NOUN:1
autogestión	NOUN:1
autogobierno	NOUN:1
autogol	NOUN:1
autogolpe	NOUN:1
autoimagen	NOUN:1
autoimpuesto	ADJ:1
autoinmune	ADJ:1
automatismo	NOUN:1
automatización	NOUN:1
automatizar	VERB:1
automoción	NOUN:2
automotor	ADJ:2
automovilismo	NOUN:2
automovilista	NOUN:1
automovilístico	ADJ:2
automáticamente	ADV:2
automático	ADJ:1
automóvil	NOUN:1
autonomismo	NOUN:1
autonomista	NOUN:1
autonomía	NOUN:3
autonómico	ADJ:2
autoorganización	NOUN:1
autopartes	NOUN:1
autopista	NOUN:1
autoproclamado	ADJ:1
autopromoción	NOUN:1
autoprotección	NOUN:1
autopsia	NOUN:1
autor	NOUN:2
autora	NOUN:1
autoral	ADJ:1
autoridad	NOUN:3
autoritario	ADJ:1
autoritarismo	NOUN:1
autorización	NOUN:1
autorizar	VERB:1
autorrealización	NOUN:1
autorregulación	NOUN:1
autorretrato	NOUN:1
autoría	NOUN:2
autoservicio	NOUN:1
autostop	NOUN:1
autosuficiencia	NOUN:1
autosuficiente	ADJ:1
autotransporte	NOUN:1
autovía	NOUN:1
autárquico	ADJ:1
auténticamente	ADV:1
auténtico	ADJ:1
autócrata	NOUN:1
autóctono	NOUN:1	ADJ:1
autódromo	NOUN:1
autógrafo	ADJ:1	NOUN:1
autómata	NOUN:1
autónomamente	ADV:1
autónomo	ADJ:2	NOUN:1
auvernia	PROPN:1
auxiliar	ADJ:3	NOUN:1	VERB:1
auxilio	NOUN:1
av	NOUN:2
ava	NOUN:1
aval	NOUN:3
avalancha	NOUN:2
avalar	VERB:1
avalúo	NOUN:1
avance	NOUN:4
avante	ADV:1
avanzadilla	NOUN:1
avanzado	ADJ:1
avanzar	VERB:2
avaricia	NOUN:1
avaricioso	ADJ:1
avaro	ADJ:2	NOUN:1
avasallamiento	NOUN:1
avasallante	ADJ:1
avasallar	VERB:2
avatar	NOUN:2
avda	NOUN:2
ave	NOUN:3	INTJ:1
avelar	PROPN:1
avelina	PROPN:1
avelino	PROPN:1
avellana	NOUN:1	ADJ:1
avellaneda	PROPN:5	NOUN:1
avellano	NOUN:2	PROPN:1
avendaño	PROPN:1
avenida	NOUN:2
avenir	VERB:4
aventado	ADJ:1
aventajado	ADJ:1
aventar	VERB:5
aventura	NOUN:2
aventurar	VERB:2
aventurero	ADJ:1	NOUN:1
aventón	NOUN:2
aver	INTJ:8
avergonzar	VERB:3
averiguación	NOUN:1
averiguar	VERB:3
averno	NOUN:1
aversión	NOUN:1
avería	NOUN:1
avestruz	NOUN:1
avezado	ADJ:2
aviación	NOUN:1
aviador	NOUN:1
aviar	ADJ:1	VERB:3
avicena	PROPN:1
avicultura	NOUN:1
avidez	NOUN:2
avifauna	NOUN:1
avilés	PROPN:2	ADJ:1	NOUN:1
avioncito	NOUN:1
avioneta	NOUN:1
avisador	NOUN:1
avisar	VERB:3
aviso	NOUN:3
avispa	NOUN:2
avispado	ADJ:1
avispero	NOUN:2
avispón	NOUN:1
avistamiento	NOUN:1
avistar	VERB:1
avituallamiento	NOUN:1
avivamiento	NOUN:1
avivar	VERB:2
avizor	ADJ:1
aviñón	PROPN:1
avión	NOUN:3
avocado	NOUN:1
avícola	ADJ:1
awa	NOUN:7
awebo	INTJ:1
aweonao	ADJ:1
ax	INTJ:1
axial	ADJ:1
axila	NOUN:2
axilar	ADJ:1
axioma	NOUN:2
axis	NOUN:1
ay	INTJ:3
ayacucho	PROPN:2	NOUN:1
ayahuasca	NOUN:2
ayala	PROPN:1
ayatolá	NOUN:1
aye	NOUN:1
ayer	ADV:1	NOUN:1
ayerbe	PROPN:2
ayllón	PROPN:1
aylwin	PROPN:1
aymara	ADJ:1
ayo	NOUN:1
aysén	PROPN:4
ayuda	NOUN:4
ayudante	ADJ:1	NOUN:1
ayudantía	NOUN:1
ayudar	VERB:1
ayunar	VERB:1
ayuno	ADJ:1	NOUN:1
ayuntamiento	NOUN:3
ayurveda	NOUN:1
ayuso	PROPN:1
azabache	NOUN:2	ADJ:1
azada	NOUN:1
azafata	NOUN:2
azafrán	NOUN:3
azahar	NOUN:3
azalea	NOUN:1
azar	NOUN:5
azaroso	ADJ:3
azawad	PROPN:1
azaña	PROPN:1
azcapotzalco	PROPN:1
azcona	NOUN:1
azerbaiyano	ADJ:1	NOUN:1
azerbaiyán	PROPN:1
azerí	ADJ:1	NOUN:2
azimut	NOUN:1
aznar	PROPN:1
azogue	NOUN:1
azor	NOUN:1
azores	PROPN:1
azotado	NOUN:1
azotar	VERB:2
azote	NOUN:4
azotea	NOUN:2
azpeitia	PROPN:2
azrael	PROPN:1
azteca	ADJ:2	NOUN:1
azuay	PROPN:1
azucarado	ADJ:1
azucarera	NOUN:2
azucarero	ADJ:1	NOUN:2
azucena	NOUN:1	PROPN:1
azuela	NOUN:1
azufre	NOUN:1
azul	ADJ:1	PROPN:1	NOUN:2
azulado	ADJ:1
azulejo	ADJ:3	NOUN:1
azulgrana	ADJ:2
azur	ADJ:2
azuzar	VERB:1
azúcar	NOUN:1
aéreo	ADJ:1
aída	PROPN:1
añada	NOUN:2
añadido	NOUN:1
añadidura	NOUN:4
añadir	VERB:4
añejo	ADJ:3
añicos	NOUN:1
añil	NOUN:3
año	NOUN:2	PROPN:1
añoranza	NOUN:1
añorar	VERB:1
aórtico	ADJ:1
aún	ADV:2
aúpa	INTJ:2
b	SYM:1
baba	NOUN:3
babear	VERB:2
babel	PROPN:1
babeo	NOUN:1
babero	NOUN:1
babi	NOUN:1
babia	PROPN:1
babilonia	PROPN:2	NOUN:1
babilónico	ADJ:1
bable	NOUN:1
babor	NOUN:1
babosa	NOUN:1
baboso	ADJ:4	NOUN:4
baby	NOUN:2
baca	NOUN:2
bacalao	NOUN:3
bacanal	NOUN:1
bacardí	PROPN:1
bacha	NOUN:1
bachaqueo	NOUN:2
bachaquero	NOUN:1
bachata	NOUN:2
bache	NOUN:3
bachelet	PROPN:1
bacheo	NOUN:1
bachiller	NOUN:4	PROPN:1
bachillerato	NOUN:2
bacilo	NOUN:1
backgammon	NOUN:1
background	NOUN:1
backstage	NOUN:1
baco	PROPN:1
bacon	NOUN:1
bacteria	NOUN:1
bacterial	ADJ:1
bacteriano	ADJ:1
bactericida	ADJ:1	NOUN:1
bacteriología	NOUN:1
bacán	NOUN:5	ADJ:3
bada	NOUN:1
badajoz	PROPN:2
badalona	PROPN:1
baden	NOUN:2
bae	NOUN:1
baeza	PROPN:1
baga	NOUN:2
bagaje	NOUN:3
bagatela	NOUN:1
bagazo	NOUN:3
bagdad	PROPN:2
bagre	NOUN:2
bagua	PROPN:1
baguette	NOUN:1
bah	INTJ:1
bahamas	PROPN:1
bahiano	ADJ:1	NOUN:1
bahiense	ADJ:1	NOUN:1
bahrein	PROPN:1
bahréin	PROPN:1
baht	NOUN:1
bahía	NOUN:1
baiano	ADJ:1
bailable	ADJ:1
bailador	NOUN:1	ADJ:1
bailar	VERB:2
bailarina	NOUN:1
bailarín	ADJ:1	NOUN:2	PROPN:1
baile	NOUN:4
bailecito	NOUN:2
bailón	ADJ:1
baires	PROPN:1
bait	NOUN:2
bajada	NOUN:2
bajamar	NOUN:1
bajar	VERB:8
bajeza	NOUN:3
bajista	ADJ:1	NOUN:2
bajo	ADJ:3	ADV:2	NOUN:2	ADP:1
bajonear	VERB:2
bajorrelieve	NOUN:1
bajá	NOUN:1
bajío	NOUN:1
bajón	NOUN:5
baker	PROPN:1
bakú	PROPN:1
bala	NOUN:1
balacera	NOUN:1
balada	NOUN:1
baladí	ADJ:2
balaguer	PROPN:1
balance	NOUN:2
balanceado	ADJ:1
balancear	VERB:3
balanceo	NOUN:2
balancín	NOUN:3
balandra	NOUN:2
balanza	NOUN:3
balasto	NOUN:1
balaustrada	NOUN:1
balazo	NOUN:1
balbino	PROPN:2
balboa	NOUN:1	PROPN:1
balbucear	VERB:3
balbuceo	NOUN:1
balbuena	PROPN:1
balcanes	PROPN:1
balcánico	ADJ:1
balcón	NOUN:1
balda	NOUN:2
balde	NOUN:1
balderas	PROPN:1
balderrama	PROPN:1
baldomero	PROPN:1
baldor	PROPN:1
baldosa	NOUN:1
balduino	PROPN:1
baldío	ADJ:2	NOUN:1
balear	VERB:1	ADJ:1
baleares	ADJ:1
bali	PROPN:1
baliza	NOUN:2
balizamiento	NOUN:1
ballena	NOUN:2
ballenero	ADJ:1	NOUN:2
ballesta	NOUN:3
ballester	PROPN:1
ballestero	NOUN:2
ballesteros	PROPN:1
ballet	NOUN:1
ballivián	PROPN:1
ballotage	NOUN:1
balmaceda	PROPN:1
balmaseda	PROPN:1
balmes	PROPN:2
balneario	ADJ:1	NOUN:1
balompié	NOUN:1
baloncesto	NOUN:1
balonmano	NOUN:1
balotaje	NOUN:1
balsa	NOUN:4
balsámico	ADJ:1
balta	PROPN:1
baltazar	PROPN:3
baluarte	NOUN:1
balística	NOUN:1
balístico	ADJ:1
balón	NOUN:2
bamako	PROPN:1
bamba	NOUN:4
bambi	NOUN:1
bamboleo	NOUN:1
bambuco	NOUN:1
bambú	NOUN:2
banal	ADJ:1
banalidad	NOUN:1
banalización	NOUN:1
banalizar	VERB:1
banana	NOUN:4
bananero	ADJ:1	NOUN:1
banano	NOUN:1
banca	NOUN:5
bancada	NOUN:1
bancar	VERB:6
bancario	ADJ:1	NOUN:1
bancarización	NOUN:1
bancarrota	NOUN:1
banco	NOUN:4
banda	NOUN:4
bandada	NOUN:4
bandeja	NOUN:1
bandera	NOUN:1
banderazo	NOUN:1
banderola	NOUN:2
banderín	NOUN:2
bandidaje	NOUN:1
bandido	NOUN:1
bando	NOUN:4
bandolera	NOUN:1
bandolerismo	NOUN:1
bandolero	NOUN:1
bandoneón	NOUN:1
baneo	NOUN:1
banesto	NOUN:1
banfield	PROPN:1
bangalore	PROPN:1
bangkok	PROPN:1
bangla	NOUN:1
bangladesh	PROPN:1
bangladés	PROPN:1
bangui	PROPN:1
banjo	NOUN:1
banner	NOUN:1
banquero	NOUN:2
banqueta	NOUN:3
banquete	NOUN:2
banquillo	NOUN:2
banquina	NOUN:1
banquito	NOUN:1
bantú	NOUN:1	ADJ:1
bao	NOUN:1
baobab	NOUN:1
bap	NOUN:1
baptista	ADJ:1
baptisterio	NOUN:2
baquedano	PROPN:2
baqueta	NOUN:2
bar	NOUN:2
bara	ADJ:1
baracoa	PROPN:1
barahona	PROPN:1
baraja	NOUN:2
barajar	VERB:4
baraka	NOUN:1
baranda	NOUN:4
barandal	NOUN:2
barandilla	NOUN:2
barangay	NOUN:1
barata	NOUN:1
baratillo	NOUN:2
barato	ADJ:1
barba	NOUN:5
barbacoa	NOUN:3
barbadense	ADJ:1
barbado	ADJ:1
barbados	PROPN:1
barbanegra	PROPN:1
barbaridad	NOUN:4	INTJ:1
barbarie	NOUN:1
barbarismo	NOUN:1
barbaro	ADJ:1
barbas	NOUN:1
barbecho	NOUN:1
barbera	NOUN:2
barbero	NOUN:1
barbería	NOUN:1
barbie	NOUN:1
barbijo	NOUN:2
barbilla	NOUN:3
barbosa	PROPN:1
barbudo	ADJ:1
barbón	ADJ:1
barca	NOUN:1
barcaza	NOUN:2
barcelona	PROPN:4
barcelonista	ADJ:1	NOUN:1
barcelonés	ADJ:1
barcia	NOUN:1
barcino	PROPN:2	NOUN:1
barco	NOUN:1	PROPN:1
barda	NOUN:2
bardear	VERB:1
bardo	NOUN:5
baremo	NOUN:3
bari	PROPN:2
bariloche	PROPN:1
barinas	PROPN:1
bario	NOUN:1
barista	NOUN:1
barita	NOUN:1
barlovento	NOUN:1
barman	NOUN:1
barn	NOUN:1
barna	PROPN:4
barniz	NOUN:1
barnizado	NOUN:1
baronesa	NOUN:1
baronía	NOUN:1
barquero	NOUN:1
barquilla	PROPN:1	NOUN:1
barquillo	NOUN:2
barquisimeto	PROPN:1
barra	NOUN:8
barrabás	NOUN:1	PROPN:1
barraca	NOUN:3
barracas	PROPN:2
barracuda	NOUN:1
barracón	NOUN:1
barragán	ADJ:1	NOUN:4
barrameda	PROPN:1
barranca	NOUN:1	PROPN:1
barranco	NOUN:1
barranquillero	ADJ:1	NOUN:1
barraza	PROPN:1
barreda	PROPN:1
barredora	NOUN:1
barreiro	PROPN:1
barrena	NOUN:2
barrendero	NOUN:1
barrer	VERB:1
barrera	NOUN:2	PROPN:1
barrero	NOUN:1
barreta	NOUN:2
barreto	PROPN:1
barreño	NOUN:1
barriada	NOUN:2
barrial	ADJ:1	NOUN:1
barrica	NOUN:1
barricada	NOUN:1
barrida	NOUN:2
barrido	ADJ:1	NOUN:1
barrientos	PROPN:1
barriga	NOUN:1
barriguita	NOUN:1
barrigón	ADJ:1
barril	NOUN:2
barrilete	NOUN:1
barrio	NOUN:3
barrionuevo	PROPN:1
barro	NOUN:3
barroco	ADJ:1
barroquismo	NOUN:1
barroso	ADJ:1	PROPN:1
barrón	NOUN:1
bartender	NOUN:1
bartolo	PROPN:1
bartolomé	PROPN:3
barullo	NOUN:2
baréin	PROPN:1
barítono	NOUN:2	ADJ:1
barómetro	NOUN:1
barón	NOUN:2
basadre	PROPN:1
basal	ADJ:1
basalto	NOUN:1
basamento	NOUN:1
basar	VERB:1
basculante	ADJ:2	NOUN:2
base	NOUN:6
basicamente	ADV:1
basilar	ADJ:1
basilea	PROPN:1
basilio	PROPN:1
basilisco	NOUN:2
basis	NOUN:1
basquet	NOUN:1
basquetbol	NOUN:1
basquetbolista	NOUN:1
bastante	ADJ:3	ADV:3
bastar	VERB:1
bastardo	ADJ:1	PROPN:1
bastidor	NOUN:6
bastilla	NOUN:2	PROPN:1
bastión	NOUN:1
basto	NOUN:2	ADJ:5
bastón	NOUN:4
basura	NOUN:2
basural	NOUN:1
basurero	NOUN:3
basílica	NOUN:3
bat	NOUN:1
bata	NOUN:4	PROPN:1
batacazo	NOUN:2
batalla	NOUN:1
batallador	ADJ:1
batallar	VERB:1
batallón	NOUN:1
batata	NOUN:1
batavia	PROPN:1
batazo	NOUN:1
bate	NOUN:2
batea	NOUN:3
bateador	NOUN:1
batear	VERB:1
bateo	NOUN:1
baterista	NOUN:1
batería	NOUN:4
batey	NOUN:1
batiburrillo	NOUN:1
batida	NOUN:3
batidor	NOUN:1
batidora	NOUN:4
batiente	ADJ:1	NOUN:2
batir	VERB:4
batista	PROPN:1	NOUN:1
batlle	PROPN:1
batllismo	NOUN:1
batllista	NOUN:1
batman	PROPN:1
bato	NOUN:5
batres	PROPN:1
battaglia	PROPN:1
batucada	NOUN:1
batuta	NOUN:2
batán	NOUN:2
baudilio	PROPN:1
bautismal	ADJ:1
bautismo	NOUN:1
bautista	NOUN:5	PROPN:1
bautizar	VERB:2
bautizo	NOUN:1
bauxita	NOUN:1
baviera	PROPN:1
bay	INTJ:1
baya	NOUN:1
bayamo	PROPN:1
bayamón	PROPN:1
bayo	ADJ:1	NOUN:1
bayona	PROPN:1
bayoneta	NOUN:2
bayón	PROPN:1	NOUN:1
baz	PROPN:1
baza	NOUN:3
bazar	NOUN:1
bazo	NOUN:1
bazofia	NOUN:1
bazooka	NOUN:1
bazán	PROPN:1
bañadera	NOUN:1
bañador	NOUN:3
bañar	VERB:3
bañera	NOUN:4
bañista	NOUN:1
baño	NOUN:4
baúl	NOUN:2
bb	NOUN:1
bbc	PROPN:1
bce	PROPN:1
bcn	PROPN:4
bdsm	NOUN:1
be	NOUN:1
bea	PROPN:1
beagle	NOUN:1
bearne	PROPN:1
beatificación	NOUN:1
beatle	NOUN:1
beatles	PROPN:1
beato	ADJ:1	PROPN:1
beatriz	PROPN:1
bebe	NOUN:1
bebedero	NOUN:1
bebedor	ADJ:2	NOUN:2
beber	VERB:3	NOUN:1
bebida	NOUN:2
bebido	ADJ:1
bebo	NOUN:1
bebop	NOUN:1
bebé	NOUN:1
beca	NOUN:2
becada	NOUN:1
becario	NOUN:2
becerra	NOUN:2	PROPN:1
becerro	NOUN:2
bechamel	NOUN:1
beda	PROPN:1
bedel	NOUN:2
bedoya	PROPN:1
beduino	ADJ:1	NOUN:1
begoña	PROPN:2
beibi	NOUN:1
beicon	NOUN:1
beige	ADJ:1
beirut	PROPN:1
beis	ADJ:1
beisbolista	NOUN:1
bejarano	ADJ:1	NOUN:1
bejuco	NOUN:1
bel	NOUN:1
belarmino	PROPN:1
belasco	PROPN:1
belcebú	NOUN:2
belfast	PROPN:1
belga	ADJ:2	NOUN:1
belgrado	PROPN:1
belgrano	PROPN:2
belice	PROPN:1
belicista	ADJ:1	NOUN:1
belicoso	ADJ:1
beligerancia	NOUN:1
beligerante	ADJ:1
belisario	PROPN:3
bellaco	NOUN:3	ADJ:3
belladona	NOUN:1
bellamente	ADV:1
bellavista	PROPN:1
belleza	NOUN:2
bellido	ADJ:2
bello	ADJ:2	PROPN:1
bellota	NOUN:1
belmonte	PROPN:1
beltrán	PROPN:2
beluga	NOUN:1
belvedere	NOUN:1
belén	PROPN:2	NOUN:1
bemba	NOUN:1
bemol	ADJ:1	NOUN:1
benalmádena	PROPN:1
benarés	PROPN:1
benasque	PROPN:2
benavides	PROPN:1
benceno	NOUN:1
bencina	NOUN:1
bendecir	VERB:1
bendición	NOUN:2
bendito	ADJ:1	NOUN:1
benedictino	ADJ:2	NOUN:1
benedicto	PROPN:1
benefactor	NOUN:1
beneficencia	NOUN:1
beneficiar	VERB:1
beneficiario	ADJ:1
beneficio	NOUN:2
beneficioso	ADJ:1
benemérito	ADJ:1
beneplácito	NOUN:1
benevolencia	NOUN:1
benevolente	ADJ:1
bengala	NOUN:2	PROPN:1
bengalí	ADJ:1	NOUN:2
bengasi	PROPN:1
bengoechea	PROPN:1
beni	PROPN:1
benicio	PROPN:1
benidorm	PROPN:1
benignidad	NOUN:1
benigno	ADJ:1	PROPN:1
benita	PROPN:1
benito	PROPN:1	NOUN:1
benjamín	PROPN:2	ADJ:1	NOUN:2
bento	NOUN:1
bentos	NOUN:1
benzoato	NOUN:1
benéfico	ADJ:2
benévolo	ADJ:1
benín	PROPN:1
benítez	PROPN:1
berbería	PROPN:1
berceo	NOUN:1
bereber	ADJ:1	NOUN:2
berenjena	NOUN:1
berga	NOUN:6
bergantín	NOUN:1
bergoglio	PROPN:1
berilio	NOUN:1
berlanga	PROPN:2	NOUN:2
berlina	NOUN:1
berlinés	ADJ:1	NOUN:1
berlín	PROPN:3	NOUN:1
bermejo	ADJ:2	NOUN:1	PROPN:1
bermellón	NOUN:2
bermeo	PROPN:2
bermuda	NOUN:1
bermudas	PROPN:1	NOUN:1
bermudo	PROPN:2
bermúdez	PROPN:1
berna	PROPN:1
bernabé	PROPN:3
bernabéu	PROPN:1
bernal	PROPN:2
bernarda	NOUN:1	PROPN:1
bernardino	PROPN:1
bernardo	PROPN:1
bernárdez	PROPN:1
berreta	ADJ:1
berrinche	NOUN:1
berro	NOUN:2
berrocal	NOUN:1	PROPN:1
berta	PROPN:1
bertrán	PROPN:1
berza	NOUN:1
berón	ADJ:1	NOUN:1
bes	NOUN:1
besamanos	NOUN:1
besar	VERB:3
beso	NOUN:1
bestia	NOUN:3	ADJ:1	PROPN:1
bestial	ADJ:3
bestialidad	NOUN:2
bestiario	NOUN:1
bestseller	NOUN:1
besugo	NOUN:2
bet	NOUN:1
beta	NOUN:2
betancourt	PROPN:1
betania	PROPN:2
betel	NOUN:1
beteta	PROPN:1
beti	PROPN:1
beto	PROPN:1
betsabé	PROPN:2
betsy	PROPN:1
betún	NOUN:5
bey	NOUN:1
bff	NOUN:1
bi	ADJ:1
bianca	PROPN:1
bianchi	PROPN:1
bianual	ADJ:1
biatlón	NOUN:1
biberón	NOUN:1
bibi	NOUN:1
bibiana	PROPN:1
biblia	PROPN:1	NOUN:2
biblio	NOUN:1
bibliografía	NOUN:1
bibliográfico	ADJ:1
biblioteca	NOUN:2
bibliotecario	NOUN:1
bibliotecología	NOUN:1
biblioteconomía	NOUN:1
bibliófilo	NOUN:1
bibliógrafo	NOUN:1
biblos	PROPN:1
bicameral	ADJ:1
bicampeonato	NOUN:1
bicampeón	NOUN:1
bicarbonato	NOUN:1
bicentenario	ADJ:2
bicha	NOUN:4
bichi	NOUN:1	ADJ:1
bichito	NOUN:1
bicho	NOUN:6
bici	NOUN:4
bicicleta	NOUN:4
bicoca	NOUN:2
bicolor	ADJ:1
bidet	NOUN:1
bidimensional	ADJ:1
bidireccional	ADJ:2
bidé	NOUN:1
bidón	NOUN:1
biela	NOUN:2
bielorrusia	PROPN:1
bielorruso	ADJ:1	NOUN:2
bien	ADV:3	ADJ:2	SCONJ:1	NOUN:2
bienal	ADJ:1	NOUN:1
bienamado	ADJ:1
bienaventurado	ADJ:1
bienaventuranza	NOUN:2
bienestar	NOUN:1
bienio	NOUN:1
bienvenida	NOUN:2	INTJ:1
bienvenido	ADJ:1	INTJ:1	PROPN:1
bife	NOUN:1
bifurcación	NOUN:2
bigamia	NOUN:1
bigote	NOUN:2
bigotudo	ADJ:1	NOUN:1
bihar	PROPN:1
bija	NOUN:1
biker	NOUN:1
bikini	NOUN:2
bilateral	ADJ:1
bilbao	PROPN:1
bilbaíno	ADJ:1
biliar	ADJ:1
bilingüe	ADJ:1
bilingüismo	NOUN:1
bilirrubina	NOUN:1
bilis	NOUN:1
billar	NOUN:3
billete	NOUN:4
billetera	NOUN:1
billonario	NOUN:2
billón	NOUN:2
bimba	NOUN:1
bimensual	ADJ:1
bimestral	ADJ:1
bimestre	ADJ:1	NOUN:1
binacional	ADJ:1
binario	ADJ:1
bingo	NOUN:1
binocular	ADJ:1	NOUN:1
binomial	ADJ:1
binominal	ADJ:1
binomio	ADJ:1	NOUN:1
bio	ADJ:2
biobío	PROPN:3
biocombustible	NOUN:1
biodegradable	ADJ:1
biodisponibilidad	NOUN:1
biodiversidad	NOUN:1
biodiésel	NOUN:1
bioetanol	NOUN:1
biofísica	NOUN:1
biografía	NOUN:3
biográfico	ADJ:1
biogás	NOUN:1
bioinformática	NOUN:1
bioingeniería	NOUN:1
biología	NOUN:1
bioluminiscencia	NOUN:1
biológicamente	ADV:1
biológico	ADJ:2
biomasa	NOUN:1
biombo	NOUN:1
biomecánica	NOUN:1
biomedicina	NOUN:1
biometría	NOUN:1
biométrico	ADJ:1
biopic	NOUN:1
biopsia	NOUN:1
bioquímica	NOUN:1
bioquímico	ADJ:1	NOUN:1
bioseguridad	NOUN:1
biosfera	NOUN:1
biosíntesis	NOUN:1
biotecnología	NOUN:1
biotecnológica	NOUN:1
biotina	NOUN:1
bioética	NOUN:1
bip	NOUN:1
bipartidismo	NOUN:2
bipartidista	ADJ:1
bipartito	ADJ:1
biplaza	ADJ:1
bipolar	ADJ:1
bipolaridad	NOUN:1
biquini	NOUN:2
birmania	PROPN:1
birmano	ADJ:1	NOUN:2
birra	NOUN:1
birrete	NOUN:1
birria	NOUN:3
bis	NOUN:1
bisabuela	NOUN:1
bisabuelo	NOUN:2
bisagra	NOUN:1
bisayas	PROPN:1
bisel	NOUN:1
bisexual	ADJ:1
bisexualidad	NOUN:1
bisiesto	NOUN:1
bismuto	NOUN:1
bisnieto	NOUN:1
bisonte	NOUN:1
bissau	PROPN:1
bistec	NOUN:1
bistro	NOUN:1
bisturí	NOUN:1
bisutería	NOUN:1
bisáu	PROPN:1
bit	NOUN:1
bitcoin	NOUN:1
bituminoso	ADJ:1
bitácora	NOUN:3
bizancio	PROPN:1
bizantino	ADJ:1
bizarro	ADJ:3
bizco	ADJ:2
bizcocho	NOUN:5
bizcochuelo	NOUN:2
biógrafo	NOUN:1
biólogo	NOUN:1
biónica	NOUN:1
biónico	ADJ:1
biósfera	NOUN:1
bla	NOUN:1
blackjack	NOUN:1
blackout	NOUN:1
blancanieves	PROPN:1
blanchard	PROPN:1
blanco	ADJ:3	NOUN:4	PROPN:1
blancura	NOUN:1
blandengue	ADJ:1	NOUN:1
blandir	VERB:1
blando	ADJ:6
blandón	NOUN:3
blanqueador	ADJ:1	NOUN:2
blanqueamiento	NOUN:5
blanquear	VERB:4
blanquecino	ADJ:1
blanqueo	VERB:4
blanquiazul	ADJ:2	NOUN:1
blanquitos	NOUN:1
blasco	PROPN:1
blasfemar	VERB:1
blasfemia	NOUN:1
blasfemo	ADJ:1	NOUN:1
blasón	NOUN:4
blaugrana	ADJ:1
blazer	NOUN:1
bledo	NOUN:2
blender	NOUN:1
blindaje	NOUN:1
blindar	VERB:2
blitz	NOUN:1
bloc	NOUN:2
block	NOUN:2
blockbuster	NOUN:1
blog	NOUN:1
blogger	NOUN:1
blogosfera	NOUN:1
bloguero	ADJ:1	NOUN:1
blonda	NOUN:1
blondie	NOUN:1
bloque	NOUN:3
bloqueador	NOUN:2	ADJ:1
bloquear	VERB:7
bloqueo	NOUN:4
bluegrass	NOUN:1
blues	NOUN:2
bluetooth	NOUN:1
blunt	NOUN:1
blusa	NOUN:1
blázquez	PROPN:1
bm	PROPN:1
bn	ADV:6
bo	INTJ:1
boa	NOUN:2
boato	NOUN:1
bob	NOUN:1	PROPN:1
boba	ADJ:2
bobada	NOUN:2
bobadilla	PROPN:1
bobina	NOUN:2
bobo	ADJ:2	NOUN:1
boca	NOUN:3
bocabajo	ADV:1
bocadillo	NOUN:4
bocado	NOUN:4
bocana	NOUN:1
bocanada	NOUN:5
bocata	NOUN:1
bocaza	NOUN:1
bocazas	NOUN:1
boceto	NOUN:2
bocha	NOUN:3
bochinche	NOUN:4
bocho	ADJ:1	NOUN:1	PROPN:1
bochorno	NOUN:3
bochornoso	ADJ:2
bocina	NOUN:5
bocinazo	NOUN:1
bocio	NOUN:1
bocón	ADJ:1	NOUN:2
boda	NOUN:1
bodega	NOUN:8
bodeguero	NOUN:2
bodegón	NOUN:1
bodrio	NOUN:6
body	NOUN:1
boecio	PROPN:1
bofetada	NOUN:1
bofetón	NOUN:1
boga	NOUN:4
bogotano	ADJ:1
bogotá	PROPN:1
bohemia	PROPN:1	NOUN:1
bohemio	ADJ:2	NOUN:2
bohol	PROPN:2
boicot	NOUN:1
boicotear	VERB:1
boiler	NOUN:1
boina	NOUN:1
boj	NOUN:1
boja	VERB:3
bol	NOUN:1
bola	NOUN:8
bolaño	NOUN:1
bolaños	PROPN:1
bolchevique	NOUN:1
bolchevismo	NOUN:1
boldo	NOUN:1
bolera	NOUN:1
bolero	NOUN:4
boleta	NOUN:4	ADJ:1
boletería	NOUN:1
boleto	NOUN:4
boletín	NOUN:2
boli	NOUN:1
boliche	NOUN:8
bolilla	NOUN:1
bolillo	NOUN:6
bolita	NOUN:2
bolivariano	ADJ:1
bolivia	PROPN:2
boliviano	ADJ:1	NOUN:1
bollería	NOUN:2
bollo	NOUN:5	ADJ:1
bollywood	PROPN:1
bolo	NOUN:7	ADJ:1
bolognesi	PROPN:2
bolonia	PROPN:2
bolos	NOUN:1
boloñesa	NOUN:1
bols	NOUN:1
bolsa	NOUN:8
bolsillo	NOUN:2
bolso	NOUN:5
boludear	VERB:3
boludez	NOUN:2
boludo	ADJ:4	NOUN:2
bolígrafo	NOUN:2
bolívar	NOUN:1	PROPN:6
bomba	NOUN:8
bombacha	NOUN:2
bombardear	VERB:1
bombardeo	NOUN:2
bombardero	ADJ:1	NOUN:1
bombay	PROPN:1
bombazo	NOUN:3
bombear	VERB:4
bombeo	NOUN:1
bombero	NOUN:2
bombilla	NOUN:3
bombillo	NOUN:2
bombo	ADJ:3	INTJ:1	NOUN:4
bombona	NOUN:2
bombonera	NOUN:1
bombín	NOUN:2
bombón	NOUN:4
bon	ADJ:8
bonachón	ADJ:1
bonaerense	ADJ:1	NOUN:1
bonanza	NOUN:2
bondad	NOUN:3
bondadoso	ADJ:1
bondage	NOUN:1
bondi	PROPN:2	NOUN:1
bondiola	NOUN:1
bonete	NOUN:4
bongo	NOUN:2
boniato	NOUN:2
bonifacio	PROPN:2
bonifaz	PROPN:1
bonificación	NOUN:3
bonilla	PROPN:1
bonito	ADJ:2	NOUN:2
bono	NOUN:4
bonobo	NOUN:1
bonsai	NOUN:1
bonsái	NOUN:1
bonus	NOUN:1
bonzo	NOUN:1
boogie	NOUN:1
boom	NOUN:3
boomerang	NOUN:1
boost	NOUN:1
booster	NOUN:1
boquerón	NOUN:1	PROPN:1
boquete	NOUN:3	PROPN:1
boquiabierto	ADJ:2
boquilla	NOUN:4
boquita	NOUN:1
borbón	NOUN:1	PROPN:1
borbónico	ADJ:1
borda	NOUN:1
bordado	ADJ:1	ADV:1	NOUN:1
bordar	VERB:2
borde	NOUN:5	ADJ:2
bordear	VERB:1
borderline	NOUN:1
bordillo	NOUN:1
bordo	NOUN:4
bordura	NOUN:1
bordó	ADJ:1
bordón	NOUN:1
boreal	ADJ:1
borges	PROPN:1
borgoña	NOUN:1	PROPN:2
boric	PROPN:1
boricua	ADJ:1
borja	PROPN:3
borla	NOUN:1
borne	NOUN:2
borneo	PROPN:1
boro	NOUN:1
borra	NOUN:6
borracha	NOUN:1
borrachera	NOUN:2
borracho	ADJ:2	NOUN:1
borrachín	ADJ:1	NOUN:1
borrado	ADJ:1	NOUN:2
borrador	NOUN:3
borrar	VERB:1
borrasca	NOUN:2
borrego	NOUN:3	ADJ:1
borrico	NOUN:2
borroso	ADJ:1
borrón	NOUN:2
boscoso	ADJ:1
bosnia	PROPN:2
bosnio	ADJ:1	NOUN:1
bosque	NOUN:1	PROPN:1
bosquecillo	NOUN:1
bosquejo	NOUN:1
bosta	NOUN:2
bostero	ADJ:1	NOUN:1
bostezar	VERB:1
bostezo	NOUN:1
boston	PROPN:1
bosón	NOUN:1
bot	NOUN:1
bota	NOUN:2
botana	NOUN:2	PROPN:1
botar	VERB:6
botarga	NOUN:4
bote	NOUN:6
botella	NOUN:2
botello	PROPN:1
botellón	NOUN:2
botero	PROPN:1	NOUN:2
botica	NOUN:2
boticario	NOUN:1
botija	NOUN:2
botijo	NOUN:1
botiquín	NOUN:2
botnet	NOUN:1
botnia	PROPN:1
boto	ADJ:1
botox	NOUN:1
botsuana	PROPN:1
botswana	PROPN:1
botulismo	NOUN:1
botánico	ADJ:1	NOUN:1
botín	NOUN:3
botón	NOUN:5
bou	NOUN:2
boucher	PROPN:1
boulevard	NOUN:1
bourbon	NOUN:1
boutique	NOUN:1
bovino	ADJ:1	NOUN:1
bowl	NOUN:1
bowling	NOUN:2
box	NOUN:3
boxeador	NOUN:1
boxear	VERB:1
boxeo	NOUN:1
boxer	NOUN:3
boy	NOUN:1
boya	NOUN:1
boyacense	ADJ:1	NOUN:1
boyacá	PROPN:1
boyante	ADJ:2
boyero	PROPN:1	NOUN:1
boza	NOUN:1
bozal	NOUN:3	ADJ:3
bozo	NOUN:3
bpa	X:1
brabante	PROPN:1
bracamonte	PROPN:1
bracket	NOUN:2
braco	ADJ:1	NOUN:1
bradicardia	NOUN:1
braga	NOUN:4
bragado	ADJ:1
braganza	PROPN:2
bragueta	NOUN:2
braguitas	NOUN:1
brahman	NOUN:1
brahmán	NOUN:1
braille	NOUN:1
brama	NOUN:1
bramante	ADJ:1	NOUN:3
brandeburgo	PROPN:1
brandi	NOUN:1
branding	NOUN:1
brandy	NOUN:1
branquial	ADJ:1
braquial	ADJ:1
brasa	NOUN:1
brasero	NOUN:2
brasier	NOUN:1
brasil	PROPN:1	NOUN:1
brasilero	ADJ:1	NOUN:1
brasileño	ADJ:1	NOUN:1
brasilia	PROPN:1
bratislava	PROPN:1
braulio	PROPN:1
bravo	ADJ:5	INTJ:2	PROPN:1
bravucón	ADJ:1	NOUN:2
bravura	NOUN:4
brayan	PROPN:1
braza	NOUN:1
brazalete	NOUN:1
brazo	NOUN:2
brazzaville	PROPN:1
braña	NOUN:2
brea	NOUN:2
break	NOUN:3
breakdance	NOUN:1
breaker	NOUN:1
brebaje	NOUN:1
brecha	NOUN:6
brega	NOUN:2
bregar	VERB:3
brenda	PROPN:1
brenes	PROPN:1
brescia	PROPN:2
brest	PROPN:2
bretaña	PROPN:2
brete	NOUN:3
bretón	ADJ:1	NOUN:2
breva	NOUN:5
breve	ADJ:1	NOUN:1
brevedad	NOUN:1
brevemente	ADV:1
breviario	NOUN:3
brexit	PROPN:1
brezo	NOUN:1
breña	NOUN:2
brian	PROPN:1
briana	NOUN:1
bribón	ADJ:1	NOUN:1
bric	PROPN:1
briceño	PROPN:3
bricolaje	NOUN:2
brics	PROPN:1
brida	NOUN:2
bridge	NOUN:1
bridgetown	PROPN:1
brie	NOUN:1
brigada	NOUN:2
brigadier	NOUN:1
brillante	ADJ:2	NOUN:1
brillantemente	ADV:1
brillantez	NOUN:1
brillantina	NOUN:1
brillar	VERB:3
brillo	NOUN:3
brilloso	ADJ:1
brin	NOUN:1
brincar	VERB:2
brinco	NOUN:2
brindar	VERB:5
brindis	NOUN:1
brioche	NOUN:1
briones	PROPN:2
brisa	NOUN:1
brisbane	PROPN:1
british	ADJ:1
británico	ADJ:2	NOUN:1
brizna	NOUN:2
brizuela	PROPN:1
bro	NOUN:2
broca	NOUN:1
brocado	NOUN:1
brocal	NOUN:1
brocha	NOUN:1
broche	NOUN:5
brocheta	NOUN:1
broker	NOUN:2
broma	NOUN:3
bromatología	NOUN:1
bromear	VERB:1
bromista	ADJ:1	NOUN:1
bromo	NOUN:2
bromuro	NOUN:1
bronca	NOUN:4
bronce	NOUN:1
bronceado	ADJ:1	NOUN:2
bronceador	NOUN:1	ADJ:1
bronco	ADJ:1
bronquial	ADJ:1
bronquitis	NOUN:1
brotar	VERB:1
brote	NOUN:2
brother	NOUN:1
brownie	NOUN:1
browser	NOUN:1
brucelosis	NOUN:1
bruces	NOUN:1
bruja	NOUN:6
brujas	PROPN:1
brujería	NOUN:2
brujita	NOUN:1
brujo	NOUN:3
bruma	NOUN:2
brumoso	ADJ:1
brunch	NOUN:1
brunete	PROPN:1
brunilda	PROPN:1
bruno	ADJ:1	PROPN:1
brunéi	PROPN:1
bruscamente	ADV:1
brusco	ADJ:2
bruselas	PROPN:1
brusquedad	NOUN:2
brutal	ADJ:2
brutalidad	NOUN:1
brutalmente	ADV:2
bruto	ADJ:3	NOUN:3	PROPN:1
bruxismo	NOUN:1
brígido	ADJ:3	PROPN:1
brío	NOUN:2
brócoli	NOUN:1
brújula	NOUN:1	PROPN:1
bs	PROPN:1
bso	X:1
bu	INTJ:1
bubi	ADJ:1	NOUN:2
bucal	ADJ:2
bucanero	NOUN:1
bucaramanga	PROPN:1
bucarest	PROPN:1
buceador	ADJ:1	NOUN:1
bucear	VERB:5
buceo	NOUN:2
buche	NOUN:3
buchón	NOUN:3
bucle	NOUN:2
buco	NOUN:1
bucólico	ADJ:1
buda	PROPN:1	NOUN:1
budapest	PROPN:1
budismo	NOUN:1
budista	ADJ:1
budín	NOUN:1
buelna	PROPN:2
buena	NOUN:1
buenamente	ADV:3
buenas	INTJ:1
buenaventura	NOUN:2	PROPN:2
buenazo	ADJ:1
buendía	PROPN:1
buenismo	NOUN:1
bueno	ADJ:4	INTJ:3	PROPN:1
buey	NOUN:4
buf	INTJ:1
bufa	NOUN:1
bufanda	NOUN:1
bufet	NOUN:1
bufete	NOUN:1
buffalo	PROPN:1
buffer	NOUN:1
buffet	NOUN:1
bufo	NOUN:1	ADJ:1
bufé	NOUN:1
bufón	NOUN:3
bug	NOUN:1
buga	NOUN:2	ADJ:1
buggy	NOUN:1
bugle	NOUN:1
buhardilla	NOUN:2
buho	NOUN:3
buin	PROPN:1
buitre	NOUN:1
buitrón	NOUN:2
buje	NOUN:2
bujía	NOUN:3
bukele	PROPN:1
bula	NOUN:3
bulbo	NOUN:2
bulevar	NOUN:1
bulgaria	PROPN:1
bulimia	NOUN:1
bulla	NOUN:3
bulldog	NOUN:1
bulldozer	NOUN:1
bullicio	NOUN:1
bullicioso	ADJ:1
bullpen	NOUN:1
bully	NOUN:1
bullying	NOUN:1
bulnes	PROPN:3
bulo	NOUN:1
bulto	NOUN:4
bum	INTJ:2
bumerán	NOUN:1
bumper	NOUN:1
bundestag	PROPN:1
bungalow	NOUN:1
bungee	NOUN:1
bunker	NOUN:1
buque	NOUN:1
burbuja	NOUN:1
burbujeante	ADJ:1
burda	ADJ:1
burdamente	ADV:1
burdel	NOUN:1
burdeos	ADJ:1	NOUN:2	PROPN:1
burdo	ADJ:3
burgalés	ADJ:1	NOUN:1
burger	NOUN:2
burgo	NOUN:2
burgomaestre	NOUN:1
burgos	PROPN:3
burguer	NOUN:2
burguesía	NOUN:1
burgués	ADJ:1
buril	NOUN:1	PROPN:1
burka	NOUN:1
burla	NOUN:2
burlar	VERB:6
burlesco	ADJ:1	NOUN:1
burlonamente	ADV:1
burlón	ADJ:1	NOUN:1
buro	NOUN:1
burocracia	NOUN:1
burocratización	NOUN:1
burocrático	ADJ:1
burra	NOUN:1
burrada	NOUN:2
burrito	NOUN:3
burro	NOUN:4	ADJ:4
bursa	NOUN:1
bursátil	ADJ:1
burundanga	NOUN:4
burundi	PROPN:1
buró	NOUN:2
burócrata	NOUN:1
bus	NOUN:1
buscador	ADJ:1	NOUN:3
buscar	VERB:4
buscarla	NOUN:1
buscavidas	NOUN:2
buscona	NOUN:1
buscón	ADJ:3	NOUN:2
bustamante	PROPN:1
busto	NOUN:1
butaca	NOUN:2
butano	NOUN:2
butifarra	NOUN:2
butrón	NOUN:1
bután	PROPN:1
buzo	NOUN:4	ADJ:1
buzón	NOUN:3
buñuel	PROPN:1
buñuelo	NOUN:1
bypass	NOUN:1
byte	NOUN:1
báculo	NOUN:1
bádminton	NOUN:1
báez	PROPN:1
bálsamo	NOUN:3
báltico	PROPN:2	ADJ:1	NOUN:1
bárbara	PROPN:1
bárbaro	ADJ:7	NOUN:1
bárcenas	PROPN:1
bártulos	NOUN:1
báscula	NOUN:2
básicamente	ADV:1
básico	ADJ:2
básquet	NOUN:1
básquetbol	NOUN:1
bávaro	ADJ:1	NOUN:1
báñez	PROPN:1
béisbol	NOUN:1
béjar	PROPN:2
bélgica	PROPN:1
bélico	ADJ:1
bérgamo	PROPN:2
bético	ADJ:2	NOUN:1
bíblico	ADJ:1
bíceps	ADJ:2	NOUN:1
bípedo	ADJ:1	NOUN:1
bólido	NOUN:3
bórax	NOUN:1
bórico	ADJ:1
bósforo	PROPN:1
bótox	NOUN:1
bóveda	NOUN:4
bóxer	NOUN:3
bóxers	NOUN:1
búfalo	NOUN:2
búho	NOUN:3
búlgaro	ADJ:2	NOUN:2
búnker	NOUN:2
búsqueda	NOUN:2
c	NOUN:5
ca	SCONJ:1	INTJ:1	NOUN:1
cabal	ADJ:3	ADV:1
cabales	NOUN:1
cabalgada	NOUN:2
cabalgar	VERB:3
cabalgata	NOUN:2
caballa	NOUN:1
caballar	ADJ:1
caballeresco	ADJ:2
caballeriza	NOUN:1
caballerizo	NOUN:1
caballero	NOUN:4	PROPN:1
caballerosidad	NOUN:3
caballeroso	ADJ:1
caballería	NOUN:5
caballete	NOUN:6
caballito	NOUN:5	PROPN:1
caballo	NOUN:5
cabalmente	ADV:2
cabanillas	PROPN:1
cabaret	NOUN:1
cabaré	NOUN:1
cabaña	NOUN:2
cabecear	VERB:4
cabeceo	NOUN:3
cabecera	NOUN:7
cabecero	NOUN:1
cabecilla	NOUN:1
cabecita	NOUN:1
cabellera	NOUN:2
cabello	NOUN:2	PROPN:1
cabelludo	ADJ:3
caber	VERB:8
cabestrillo	NOUN:1
cabeza	NOUN:3	PROPN:1
cabezada	NOUN:5
cabezal	NOUN:4
cabezazo	NOUN:2
cabezo	NOUN:2
cabezota	ADJ:1
cabezuela	NOUN:6
cabezón	ADJ:2	NOUN:1
cabida	NOUN:1
cabildeo	NOUN:1
cabildo	NOUN:4
cabilia	PROPN:1
cabina	NOUN:5
cabizbajo	ADJ:1
cable	NOUN:3
cableado	NOUN:1
cabo	NOUN:8
caborca	PROPN:1
cabotaje	NOUN:2
caboverdiano	ADJ:1
cabra	NOUN:3
cabrales	NOUN:1
cabreado	ADJ:2
cabrear	VERB:3
cabreo	NOUN:1
cabrera	PROPN:5
cabrero	NOUN:1
cabrestante	NOUN:1
cabria	NOUN:1
cabrio	NOUN:2
cabrita	NOUN:2
cabrito	NOUN:2
cabro	NOUN:4
cabronazo	NOUN:1
cabrío	ADJ:1
cabrón	NOUN:5	ADJ:3
caca	PROPN:1	NOUN:2
cacahuate	NOUN:1
cacahuete	NOUN:1
cacao	NOUN:3	PROPN:1
cacatúa	NOUN:1
cacereño	ADJ:1	NOUN:1
cacerola	NOUN:2
cacerolazo	NOUN:1
cacería	NOUN:1
cacha	NOUN:7
cachalote	NOUN:1
cachar	VERB:4
cacharro	NOUN:5
cachas	ADJ:1
cachaza	NOUN:2
cache	VERB:4
cachemir	NOUN:3	ADJ:1
cachemira	PROPN:1
cacheo	NOUN:2
cachetada	NOUN:1
cachetazo	NOUN:1
cachete	NOUN:3
cachi	NOUN:1
cachimba	NOUN:2
cachiporra	ADJ:1	NOUN:3
cachis	INTJ:1
cachito	NOUN:2
cachivache	NOUN:1
cacho	NOUN:6	PROPN:1
cachondeo	NOUN:3
cachondo	ADJ:3	NOUN:2
cachorra	NOUN:1
cachorro	NOUN:3
cachucha	NOUN:3
caché	NOUN:2
cachón	NOUN:1
cacicazgo	NOUN:2
cacique	NOUN:3
caciquil	ADJ:2
caciquismo	NOUN:2
caco	NOUN:1
cacofonía	NOUN:1
cactus	NOUN:1
cada	DET:1	ADV:1
cadalso	NOUN:2
cade	NOUN:1
cadena	NOUN:5
cadencia	NOUN:1
cadera	NOUN:2
cadete	NOUN:2
cadmio	NOUN:1
cado	NOUN:1
caducado	ADJ:3
caducar	VERB:1
caducidad	NOUN:3
caduco	ADJ:4
cadáver	NOUN:1
cadí	NOUN:1
caer	VERB:8
caerle	VERB:1
cafetal	NOUN:1
cafetalera	NOUN:1
cafetera	NOUN:3
cafetero	ADJ:1
cafetería	NOUN:3
cafeína	NOUN:1
cafre	NOUN:2	ADJ:3
café	ADJ:1	NOUN:2
cagada	NOUN:3
cagadero	NOUN:1
cagado	ADJ:5
cagar	VERB:8
cagarla	VERB:1
cagazo	NOUN:1
cagliari	PROPN:2
caguama	NOUN:2
caguas	PROPN:1
cagón	ADJ:2	NOUN:3
caicedo	PROPN:1
caifás	PROPN:1
caimito	NOUN:2	PROPN:1
caimán	NOUN:3
caio	PROPN:1
cairo	PROPN:2
caja	NOUN:7
cajamarca	PROPN:1
cajero	NOUN:2
cajeta	NOUN:2
cajetilla	NOUN:1
cajuela	NOUN:1
cajón	NOUN:5
cajún	ADJ:1	NOUN:1
cake	NOUN:1
cal	NOUN:1	SYM:1
calabacín	NOUN:1
calabaza	NOUN:5	PROPN:1
calabozo	NOUN:3
calabria	PROPN:1
calada	NOUN:1
calado	ADJ:2	NOUN:5
calafate	NOUN:2
calahorra	NOUN:1
calama	PROPN:2
calamar	NOUN:2	PROPN:1
calambre	NOUN:2
calamidad	NOUN:1
calamitoso	ADJ:2
calamuchita	PROPN:1
calandria	NOUN:2
calar	ADJ:1	NOUN:1	VERB:6
calatayud	PROPN:1
calatrava	PROPN:1
calavera	NOUN:4
calaña	NOUN:4
calbuco	PROPN:2
calcado	ADJ:1	NOUN:1
calcar	VERB:2	NOUN:1
calce	NOUN:5
calcedonia	NOUN:1	PROPN:1
calceta	NOUN:1
calcetín	NOUN:1
calchaquí	ADJ:1
calcificación	NOUN:1
calcinación	NOUN:1
calcio	NOUN:1
calcita	NOUN:1
calco	NOUN:5
calcomanía	NOUN:3
calculador	NOUN:1	ADJ:1
calculadora	NOUN:1
calcular	VERB:1
calcuta	PROPN:1
calcáneo	NOUN:1
calcáreo	ADJ:1
caldas	PROPN:1
caldea	PROPN:1
caldeo	ADJ:1
caldera	NOUN:3	PROPN:2
calderilla	NOUN:2
caldero	ADJ:1	NOUN:1
calderón	NOUN:4	PROPN:1
caldo	NOUN:5
caledonia	PROPN:1
calefacción	NOUN:1
calefactor	ADJ:1	NOUN:1
calefón	NOUN:1
caleidoscopio	NOUN:1
calendario	NOUN:1
calentador	NOUN:2	ADJ:1
calentamiento	NOUN:2
calentar	VERB:3
calentito	NOUN:1
calentura	NOUN:4
calentón	ADJ:2	NOUN:3
calera	NOUN:2
calero	ADJ:1	NOUN:1
calesa	NOUN:1
calesita	NOUN:1
caleta	NOUN:1	ADV:2	ADJ:1
caleño	ADJ:1	NOUN:1
calgary	PROPN:2
cali	PROPN:2
calibración	NOUN:1
calibrar	VERB:1
calibre	NOUN:3
caliche	NOUN:3
calidad	NOUN:2
calidez	NOUN:2
caliente	ADJ:3
califa	NOUN:1
califal	ADJ:1
califato	NOUN:1
calificación	NOUN:2
calificador	ADJ:1
calificar	VERB:5
calificativo	ADJ:1	NOUN:1
california	PROPN:2
californiano	ADJ:1
caligrafía	NOUN:2
calima	NOUN:2
calipso	NOUN:1	PROPN:1
calistenia	NOUN:1
calisto	PROPN:2
calixto	PROPN:1
caliza	NOUN:1
calizo	ADJ:2
calladamente	ADV:1
callado	ADJ:1
callampa	NOUN:2
callao	NOUN:2	PROPN:6
callar	VERB:6
calle	NOUN:2	PROPN:1
calleja	NOUN:1	PROPN:1
callejero	ADJ:1	NOUN:4
callejo	NOUN:1
callejuela	NOUN:3
callejón	NOUN:2
callista	NOUN:1
callo	NOUN:4
callos	NOUN:1
calma	NOUN:2
calmadamente	ADV:1
calmado	ADJ:1
calmante	ADJ:1	NOUN:3
calmar	VERB:8
calmo	ADJ:1
calo	NOUN:1
calor	NOUN:1
caloría	NOUN:1
calorífico	ADJ:1
calumnia	NOUN:1
calumniar	VERB:1
calurosamente	ADV:1
caluroso	ADJ:1
calva	NOUN:5
calvario	NOUN:6
calvicie	NOUN:1
calvinismo	NOUN:1
calvinista	ADJ:1
calvo	ADJ:2	NOUN:1	PROPN:1
calza	NOUN:2
calzada	NOUN:4
calzado	ADJ:1	NOUN:1
calzador	NOUN:1
calzar	VERB:5
calzo	NOUN:1
calzoncillo	NOUN:1
calzón	NOUN:2
calé	ADJ:1	NOUN:1
calígrafo	NOUN:1
calígula	PROPN:1
caló	NOUN:2
calórico	ADJ:1
cam	PROPN:1
cama	NOUN:1
camacho	PROPN:1
camada	NOUN:1
camafeo	NOUN:1
camagüey	PROPN:2
camal	NOUN:1
camaleón	NOUN:2
camaná	PROPN:2
camarada	NOUN:2
camaradería	NOUN:1
camarena	PROPN:1
camarero	NOUN:1
camargo	PROPN:1
camarilla	NOUN:1
camarista	NOUN:2
camarote	NOUN:2
camarín	NOUN:2
camarógrafo	NOUN:1
camarón	NOUN:8
camba	NOUN:1
cambalache	NOUN:1
cambiador	ADJ:1	NOUN:3
cambiante	ADJ:2	NOUN:1
cambiar	VERB:8
cambiario	ADJ:1
cambiazo	NOUN:1
cambio	NOUN:4	INTJ:1
camboya	PROPN:1
camboyana	NOUN:1
camboyano	ADJ:1	NOUN:2
cambra	NOUN:2
cambridge	PROPN:1
cambur	NOUN:1
camelia	NOUN:1
camello	NOUN:4
camellón	NOUN:6
camelo	NOUN:3
camelot	PROPN:1
camembert	NOUN:1
cameo	NOUN:1
camerino	NOUN:2
camero	ADJ:2	NOUN:1
camerunés	ADJ:1
camerún	PROPN:1
camilla	NOUN:1
camillero	NOUN:2
camilo	PROPN:1	ADJ:1
caminadora	NOUN:2
caminante	ADJ:1	NOUN:2
caminar	VERB:5
caminata	NOUN:1
caminera	NOUN:1
caminero	ADJ:1
camino	NOUN:3
camionero	ADJ:1	NOUN:1
camioneta	NOUN:2
camisa	NOUN:3
camiseta	NOUN:1
camisola	NOUN:2
camisón	NOUN:1
camión	NOUN:2
camorra	NOUN:1	PROPN:1
camote	NOUN:2
campal	ADJ:2
campamento	NOUN:3
campana	NOUN:5
campanada	NOUN:1
campanario	ADJ:1	NOUN:1
campanero	NOUN:2
campania	PROPN:1
campanilla	NOUN:4	PROPN:1
campanillas	NOUN:1
campanita	PROPN:1
campante	ADJ:4
campari	NOUN:1
campaña	NOUN:3
campeador	NOUN:1
campechano	ADJ:5	NOUN:1
campeche	PROPN:2
campeonato	NOUN:1
campera	NOUN:1
campero	ADJ:5	NOUN:3
campesinado	NOUN:2
campesino	ADJ:1	NOUN:2
campestre	ADJ:2
campeón	NOUN:1
camping	NOUN:2
campiña	NOUN:1
campo	NOUN:7	PROPN:1
camposanto	NOUN:1
campoy	PROPN:1
campus	NOUN:1
camuflado	ADJ:1
camuflaje	NOUN:1
camuflar	VERB:2
can	NOUN:1
cana	NOUN:4
canadiense	NOUN:1	ADJ:1
canadá	PROPN:1
canal	NOUN:4
canaleta	NOUN:3
canalización	NOUN:1
canalizar	VERB:1
canalizo	NOUN:1
canalla	NOUN:2
canallada	NOUN:1
cananea	PROPN:1
canapé	NOUN:3
canarias	PROPN:2
canario	ADJ:1	NOUN:2
canasta	NOUN:4
canasto	NOUN:2
canberra	PROPN:1
cancel	NOUN:5
cancela	NOUN:1
cancelación	NOUN:1
cancelar	VERB:5
cancerbero	NOUN:3
canceroso	ADJ:1
cancerígeno	ADJ:1
cancha	NOUN:6
canchero	NOUN:1	ADJ:3
canciller	NOUN:1
cancillería	NOUN:1
cancio	PROPN:1
cancionero	NOUN:1
canción	NOUN:1
cancún	PROPN:1
candado	NOUN:1
candamo	PROPN:1
candela	NOUN:5	ADJ:1	PROPN:1
candelabro	NOUN:1
candelaria	NOUN:1	PROPN:6
candelario	PROPN:1
candelero	NOUN:3
candente	ADJ:4
candida	PROPN:1
candidato	NOUN:1
candidatura	NOUN:1
candidez	NOUN:1
candidiasis	NOUN:1
candido	ADJ:2
candil	NOUN:4
candombe	NOUN:1
candomblé	NOUN:1
candor	NOUN:1
canela	NOUN:2	PROPN:1
canelo	NOUN:2	ADJ:2
canelones	PROPN:2
canelón	NOUN:2	PROPN:1
caney	NOUN:1
cangallo	PROPN:2
cangas	PROPN:2
cangrejo	NOUN:1
canguro	NOUN:4
cani	NOUN:1
canibalismo	NOUN:1
canica	NOUN:1
caniche	NOUN:1
canijo	ADJ:2	NOUN:4
canilla	NOUN:6
canino	ADJ:3	NOUN:2
canje	NOUN:1
canjear	VERB:2
cannabis	NOUN:1
cano	ADJ:3	PROPN:1
canoa	NOUN:2
canon	NOUN:2	ADJ:1
canonización	NOUN:1
canopy	NOUN:1
canoso	ADJ:1
canotaje	NOUN:1
cansado	ADJ:4
cansador	ADJ:3	NOUN:1
cansancio	NOUN:1
cansar	VERB:2
canseco	PROPN:1
cansino	ADJ:1
cantabria	PROPN:1
cantaleta	NOUN:2
cantante	ADJ:1	NOUN:1
cantaor	NOUN:1
cantar	VERB:2	NOUN:1
cantata	NOUN:1
cantautor	NOUN:1
cante	NOUN:1
cantera	NOUN:4
canterano	NOUN:1
canterbury	PROPN:2
cantero	NOUN:4
cantería	NOUN:1
cantidad	NOUN:4	ADV:1
cantimplora	NOUN:1
cantina	NOUN:6
cantinas	NOUN:1
cantinela	NOUN:2
cantinero	NOUN:1
canto	NOUN:8
cantonal	ADJ:1
cantonés	ADJ:1	NOUN:2
cantor	ADJ:1	NOUN:1	PROPN:1
cantora	NOUN:1
cantoral	ADJ:1
cantuta	NOUN:1
cantábrico	ADJ:1	NOUN:2
cantón	NOUN:5	PROPN:2
canuto	NOUN:3	ADJ:1	PROPN:2
canvas	NOUN:1
cané	NOUN:1
caníbal	ADJ:1	NOUN:1
canícula	NOUN:1
canónicamente	ADV:1
canónico	ADJ:1
canónigo	NOUN:2
cao	NOUN:1
caoba	ADJ:1	NOUN:1
caolín	NOUN:1
caos	NOUN:3
capa	NOUN:4
capacho	NOUN:2	ADJ:1
capacidad	NOUN:4
capacitación	NOUN:1
capacitar	VERB:2
capacitor	NOUN:1
capadocia	PROPN:2
caparazón	NOUN:4
capataz	NOUN:2
capaz	ADJ:1	ADV:1
capea	NOUN:1
capear	VERB:3
capellanía	NOUN:1
capellán	NOUN:1	PROPN:1
capelo	NOUN:1
capi	NOUN:1
capiatá	PROPN:1
capilar	ADJ:1	NOUN:1
capilaridad	NOUN:1
capilla	NOUN:2
capirote	NOUN:5
capital	ADJ:2	NOUN:2	PROPN:1
capitalidad	NOUN:1
capitalino	ADJ:3	NOUN:4
capitalismo	NOUN:1
capitalista	ADJ:1	NOUN:1
capitalización	NOUN:1
capitalizar	VERB:1
capitan	NOUN:1
capitana	NOUN:1
capitanía	NOUN:7
capitel	NOUN:1
capitolio	PROPN:1	NOUN:1
capitulación	NOUN:2
capitular	VERB:1
capitán	NOUN:1
capo	NOUN:3
capoeira	NOUN:1
caporal	NOUN:2
capot	NOUN:1
capota	NOUN:2
capote	NOUN:2	PROPN:1
cappa	NOUN:1
cappuccino	NOUN:1
capri	NOUN:1
capricho	NOUN:1
caprichoso	ADJ:1
capricornio	ADJ:1	PROPN:1
caprino	ADJ:1
captación	NOUN:1
captador	ADJ:1	NOUN:2
captar	VERB:1
captcha	NOUN:1
captor	NOUN:1
captura	NOUN:3
capturar	VERB:1
capucha	NOUN:2
capuchino	ADJ:1	NOUN:2	PROPN:1
capuchón	NOUN:2
capullo	NOUN:6
caputo	PROPN:1
capítulo	NOUN:1
capó	NOUN:1
capón	ADJ:1	NOUN:2
caquetá	PROPN:2
caqui	NOUN:3
car	SCONJ:1
cara	NOUN:7
caraballo	PROPN:1
carabanchel	PROPN:1
carabela	NOUN:1
carabina	NOUN:3
carabinero	NOUN:4
carabobeño	ADJ:1	NOUN:1
carabobo	PROPN:1
caracas	PROPN:1
caracazo	NOUN:1
caracol	NOUN:2
caracola	NOUN:2
caracoles	INTJ:2
caracter	NOUN:2
caracterización	NOUN:1
caracterizar	VERB:1
característica	NOUN:1
característicamente	ADV:1
característico	ADJ:1
caradura	ADJ:1	NOUN:1
caraja	NOUN:1
carajito	NOUN:1
carajo	NOUN:4	INTJ:2
caramba	INTJ:1
carambola	NOUN:5
caramelo	NOUN:2
carancho	NOUN:2
caraqueño	ADJ:1	NOUN:1
caravana	NOUN:4
caray	INTJ:2
carazo	PROPN:1
carbajal	PROPN:1
carballo	PROPN:1
carbohidrato	NOUN:1
carbonara	NOUN:1
carbonato	NOUN:1
carboncillo	NOUN:1
carbonell	PROPN:1
carbonera	NOUN:2
carbonero	NOUN:3
carbonilla	NOUN:2
carbono	NOUN:1
carbonífero	ADJ:1
carburador	NOUN:1
carburante	ADJ:1
carburo	NOUN:2
carbón	NOUN:2
carbónico	ADJ:1
carca	ADJ:1	NOUN:1
carcajada	NOUN:1
carcasa	NOUN:6
carcasona	PROPN:1
carcelario	ADJ:1
carcelero	ADJ:1	NOUN:1
carchi	PROPN:1
carcinoma	NOUN:1
carcoma	NOUN:2
cardamomo	NOUN:1
cardenal	NOUN:4
cardenalicio	ADJ:1
cardeña	PROPN:1
cardiaco	ADJ:1
cardinal	ADJ:2
cardio	NOUN:1
cardiología	NOUN:1
cardiopatía	NOUN:1
cardiopulmonar	ADJ:1
cardiovascular	ADJ:1
cardiólogo	NOUN:1
cardo	NOUN:4
cardona	PROPN:1
cardoso	PROPN:1
cardumen	NOUN:2
cardíaco	ADJ:1
cardón	NOUN:1
care	NOUN:1
careaga	PROPN:1
carecer	VERB:1
carena	NOUN:2
carencia	NOUN:1
carente	ADJ:1
careo	NOUN:1
carestía	NOUN:2
careta	NOUN:3
careto	ADJ:2	NOUN:1
carey	NOUN:3
carga	NOUN:6
cargador	ADJ:1	NOUN:7
cargamento	NOUN:1
cargante	ADJ:1
cargar	VERB:8
cargo	NOUN:5
carguero	NOUN:1
cari	NOUN:1
caribe	ADJ:4	NOUN:1	PROPN:1
caribeño	ADJ:1
caricatura	NOUN:2
caricaturesco	ADJ:2
caricaturista	NOUN:1
caricia	NOUN:1
caridad	NOUN:1	PROPN:1
caries	NOUN:1
carilla	NOUN:2
carina	PROPN:2
carioca	ADJ:2	NOUN:2
carisma	NOUN:1
carismático	ADJ:1
carita	NOUN:1
caritativo	ADJ:1
carito	PROPN:1
cariz	NOUN:2
cariñena	NOUN:1
cariño	NOUN:5	PROPN:2
cariñosa	NOUN:1
cariñosamente	ADV:1
cariñoso	ADJ:3
carla	PROPN:1
carles	PROPN:1
carlino	NOUN:1
carlismo	NOUN:1
carlista	ADJ:1
carlito	PROPN:1
carlitos	PROPN:1
carlomagno	PROPN:1
carlos	PROPN:1
carlota	PROPN:1
carmelita	ADJ:1
carmelo	PROPN:1	ADJ:1	NOUN:1
carmen	PROPN:2	NOUN:1
carmencita	PROPN:1
carmesí	ADJ:1
carmina	PROPN:1
carmona	PROPN:4	NOUN:1
carmín	NOUN:2	ADJ:1
carnada	NOUN:1
carnal	ADJ:2
carnaval	NOUN:1
carnavalesco	ADJ:1
carnaza	NOUN:1
carne	NOUN:2
carnero	NOUN:5
carnestolendas	NOUN:1
carnet	NOUN:2
carnicero	NOUN:2	PROPN:1
carnicería	NOUN:2
carnitas	NOUN:1
carnoso	ADJ:1
carné	NOUN:2
carnívoro	ADJ:2	NOUN:1
caro	ADJ:2	ADV:1	PROPN:2
carolina	PROPN:2	NOUN:2
carolingio	ADJ:1
carolino	ADJ:3	NOUN:3
caronte	PROPN:2
caroteno	NOUN:1
carozo	NOUN:2
carpa	NOUN:4
carpaccio	NOUN:1
carpe	NOUN:1
carpeta	NOUN:8
carpiano	ADJ:1
carpincho	NOUN:1
carpintero	NOUN:2	PROPN:1
carpintería	NOUN:1
carpio	PROPN:2
carpo	NOUN:2
carraca	NOUN:5
carranza	PROPN:1
carrascal	NOUN:1
carrasco	NOUN:2	PROPN:1
carrasquilla	NOUN:2	PROPN:1
carrera	NOUN:7	PROPN:1
carrerilla	NOUN:3
carrero	PROPN:1	NOUN:1
carreta	NOUN:1
carrete	NOUN:4
carretear	VERB:3
carretera	NOUN:1
carretero	ADJ:1	NOUN:2
carretilla	NOUN:2
carreño	PROPN:2
carril	NOUN:4
carrillo	NOUN:1	PROPN:1
carrito	NOUN:1
carrizal	NOUN:1
carrizo	NOUN:4
carrión	PROPN:1
carro	NOUN:6	PROPN:1
carrocería	NOUN:1
carromato	NOUN:1
carroza	NOUN:4	ADJ:1
carroña	NOUN:1
carroñero	ADJ:3	NOUN:1
carruaje	NOUN:1
carrusel	NOUN:1
carta	NOUN:4
cartagena	PROPN:3
cartagenero	ADJ:1
cartaginés	ADJ:2
cartago	PROPN:4
cartel	NOUN:5
cartela	NOUN:1
cartelera	NOUN:3
cartelería	NOUN:1
cartera	NOUN:3
carterista	NOUN:1
cartero	NOUN:1
cartesiano	ADJ:1
cartilla	NOUN:3
cartografiar	VERB:1
cartografía	NOUN:1
cartográfico	ADJ:1
cartonero	NOUN:1
cartoné	NOUN:1
cartoon	NOUN:1
cartuchera	NOUN:4
cartucho	NOUN:3
cartuja	NOUN:1
cartujo	NOUN:2	ADJ:1
cartulario	NOUN:1
cartulina	NOUN:2
cartílago	NOUN:1
cartógrafo	NOUN:1
cartón	NOUN:3
carvajal	PROPN:2
carvallo	NOUN:2	PROPN:1
carácter	NOUN:4
carátula	NOUN:2
carótida	NOUN:1
cas	NOUN:2
casa	NOUN:1
casabe	NOUN:1
casablanca	PROPN:3
casaca	NOUN:2
casación	NOUN:1
casado	ADJ:1	NOUN:2	PROPN:1
casal	NOUN:4	PROPN:1
casamiento	NOUN:4
casanare	PROPN:1
casandra	PROPN:1
casanova	NOUN:1	PROPN:1
casar	VERB:6
cascabel	NOUN:5
cascada	NOUN:1
cascajo	NOUN:4
cascanueces	NOUN:3	PROPN:1
cascarilla	NOUN:2
cascarrabias	NOUN:1	ADJ:1
cascarón	NOUN:2
casco	NOUN:8
casero	ADJ:3	NOUN:3
casería	NOUN:1
caserío	NOUN:2
caseta	NOUN:2
casete	NOUN:1
caseína	NOUN:1
cash	NOUN:1
casi	ADV:1
casilla	NOUN:8
casillero	NOUN:3
casimir	NOUN:3
casimiro	PROPN:1
casino	NOUN:2
casiopea	PROPN:1
casita	NOUN:2
caso	NOUN:4
casorio	NOUN:1
caspa	NOUN:1
caspio	PROPN:1	ADJ:1
casquete	NOUN:8
casquillo	NOUN:2
cast	NOUN:1
casta	NOUN:4
castaña	NOUN:7
castañar	NOUN:1
castañeda	PROPN:2
castaño	ADJ:1	NOUN:1	PROPN:1
castel	PROPN:1
castell	NOUN:1
castellanización	NOUN:1
castellano	ADJ:2	NOUN:5
castellonense	ADJ:1	NOUN:1
castellón	PROPN:2
castidad	NOUN:1
castigado	ADJ:2
castigador	NOUN:1
castigar	VERB:2
castigo	NOUN:1
castilla	PROPN:4
castillejo	NOUN:1
castillo	NOUN:1	PROPN:1
casting	NOUN:2
castizo	ADJ:4
casto	ADJ:2
castor	NOUN:1
castración	NOUN:1
castrado	ADJ:1	NOUN:1
castrar	VERB:2
castrense	ADJ:1
castrillón	PROPN:1
castrismo	NOUN:1
castrista	ADJ:1	NOUN:1
castro	NOUN:1	PROPN:3
casual	ADJ:3
casualidad	NOUN:1
casualmente	ADV:3
casucha	NOUN:1
casuística	NOUN:1
cata	NOUN:3
catabolismo	NOUN:1
cataclismo	NOUN:1
catador	NOUN:1
catadura	NOUN:2
catalanismo	NOUN:1
catalanista	ADJ:1
catalejo	NOUN:2
catalina	PROPN:1	NOUN:1
catalizador	ADJ:1	NOUN:2
catalizar	VERB:1
catalogación	NOUN:1
catalogar	VERB:1
catalunya	PROPN:1
cataluña	PROPN:1
catalán	ADJ:1	NOUN:2	PROPN:1
catalítico	ADJ:1
catamarca	PROPN:1
catamarán	NOUN:1
cataplasma	NOUN:1
catapulta	NOUN:1
catar	VERB:3	PROPN:1
catarata	NOUN:2
catarina	NOUN:1
catarro	NOUN:3
catarsis	NOUN:1
catarí	ADJ:1
catastral	ADJ:1
catastro	NOUN:1
catastrófico	ADJ:1
catatónico	ADJ:1
catcher	NOUN:1
cate	NOUN:2
catecismo	NOUN:1
catedral	NOUN:1
catedralicio	ADJ:1
catedrático	NOUN:1
categorización	NOUN:1
categorizar	VERB:1
categoría	NOUN:2
categóricamente	ADV:1
categórico	ADJ:1
catenaria	NOUN:2
cateo	NOUN:1
catequesis	NOUN:1
catequista	NOUN:1
catering	NOUN:1
caterva	NOUN:1
cateterismo	NOUN:1
cateto	NOUN:2
catión	NOUN:1
catolicismo	NOUN:1
catorce	NUM:1
catracho	ADJ:1	NOUN:2
catre	NOUN:3
catrina	PROPN:1
catulo	PROPN:1
catálogo	NOUN:1
catán	NOUN:1
catártico	ADJ:1
catástrofe	NOUN:1
catéter	NOUN:1
católico	ADJ:4
catón	NOUN:1
cauca	PROPN:1
cauce	NOUN:3
caucho	NOUN:1
caución	NOUN:2
caucus	NOUN:1
caucásico	ADJ:2	NOUN:1
cauda	NOUN:1
caudal	NOUN:4	ADJ:1
caudaloso	ADJ:1
caudillismo	NOUN:1
caudillo	NOUN:2
caupolicán	PROPN:1
cauquenes	PROPN:3
causa	NOUN:4
causal	ADJ:1	NOUN:1
causalidad	NOUN:1
causante	ADJ:1	NOUN:3
causar	VERB:3
cautela	NOUN:2
cautelar	ADJ:1	VERB:2
cautelosamente	ADV:1
cauteloso	ADJ:1
cautivado	ADJ:1
cautivador	ADJ:1
cautivante	ADJ:1
cautivar	VERB:3
cautiverio	NOUN:1
cautividad	NOUN:1
cautivo	ADJ:1
cauto	ADJ:1
cautín	PROPN:2
cava	NOUN:4
cavallero	NOUN:4
cavallo	NOUN:5
cavar	VERB:2
cave	NOUN:1
caverna	NOUN:1
cavernario	ADJ:2
cavernoso	ADJ:1
cavernícola	ADJ:2	NOUN:2
cavero	PROPN:1
caviar	NOUN:2
cavidad	NOUN:1
cavite	PROPN:2
cavo	ADJ:1	NOUN:1
cay	NOUN:1
cayado	NOUN:1
cayena	PROPN:1	NOUN:1
cayetano	PROPN:1	NOUN:2
cayo	NOUN:1
caz	NOUN:1
caza	NOUN:6
cazador	ADJ:1	NOUN:4
cazadora	NOUN:2
cazafantasmas	NOUN:1
cazafortunas	NOUN:1
cazalla	NOUN:1
cazar	VERB:2
cazarrecompensas	NOUN:1
cazatalentos	NOUN:3
cazavampiros	NOUN:1
cazo	NOUN:5
cazoleta	NOUN:5
cazuela	NOUN:3
cazón	NOUN:1
caí	NOUN:1
caída	NOUN:3
caín	PROPN:1
caña	NOUN:7
cañada	NOUN:2	PROPN:1
cañadón	NOUN:1
cañar	NOUN:2	PROPN:1
cañaveral	NOUN:3
cañedo	PROPN:1
cañero	ADJ:2	NOUN:1
cañería	NOUN:2
cañerías	NOUN:1
cañete	PROPN:4	NOUN:1
cañita	NOUN:1
cañizares	PROPN:1
caño	NOUN:7
cañonazo	NOUN:2
cañonera	NOUN:2
cañonero	NOUN:2
cañón	NOUN:4	ADJ:1
caótico	ADJ:1
cbp	PROPN:1
cbtis	NOUN:1
cc	NOUN:1
cci	PROPN:1
cco	X:1
cd	NOUN:1
cdc	PROPN:1
cdmx	PROPN:1
ce	PROPN:1
cebador	NOUN:3
ceballos	PROPN:1
cebar	VERB:6
cebiche	NOUN:1
cebo	NOUN:4
cebolla	NOUN:1
cebolleta	NOUN:4
cebollita	NOUN:1
cebra	NOUN:1
cebú	PROPN:2	NOUN:1
ceca	NOUN:2
ceceo	NOUN:1
cecilia	PROPN:1	NOUN:1
cecilio	PROPN:1
cecina	NOUN:2	PROPN:1
ceda	NOUN:4
cedente	NOUN:1	ADJ:1
ceder	VERB:4
cedeño	PROPN:1
cedo	ADV:1
cedro	NOUN:1
cedrón	NOUN:1
cedula	NOUN:3
cefalea	NOUN:1
cefalorraquídeo	ADJ:1
ceferino	PROPN:1
cegar	VERB:4
ceguera	NOUN:1
cei	PROPN:1
ceiba	NOUN:1
ceibo	NOUN:1
ceilán	PROPN:1
ceja	NOUN:5
cejudo	ADJ:1
cel	NOUN:1
cela	PROPN:1
celada	NOUN:1
celador	ADJ:1	NOUN:3
celar	VERB:4
celaya	PROPN:2
celda	NOUN:2
celebración	NOUN:1
celebrante	NOUN:1
celebrar	VERB:3
celebridad	NOUN:1
celebrity	NOUN:1
celedonio	PROPN:1
celeridad	NOUN:1
celeste	ADJ:2	NOUN:3
celestial	ADJ:2
celestina	NOUN:3	PROPN:1
celestino	NOUN:1
celia	PROPN:1
celiaco	ADJ:2
celibato	ADJ:1
celina	PROPN:1
celo	NOUN:4
celofán	NOUN:1
celosamente	ADV:2
celoso	ADJ:2
celosía	NOUN:2
celsius	NOUN:1
celta	ADJ:1	NOUN:1	PROPN:1
celu	NOUN:1
celular	ADJ:1	NOUN:1
celulitis	NOUN:2
celuloide	NOUN:1
celulosa	NOUN:1
celíaco	ADJ:2	NOUN:1
cementera	NOUN:1
cementerio	NOUN:2
cemento	NOUN:1
cena	NOUN:1
cenado	ADJ:1
cenador	NOUN:1
cenar	VERB:1
cencerro	NOUN:1
cencosud	PROPN:1
cenefa	NOUN:1
cenicero	NOUN:1
cenicienta	PROPN:1	NOUN:1
ceniciento	ADJ:2
cenit	NOUN:1
cenital	ADJ:1
ceniza	NOUN:2
cenizo	NOUN:2	ADJ:2
cenobio	NOUN:2	PROPN:1
cenote	NOUN:1
censal	ADJ:1
censar	VERB:1
censo	NOUN:1
censor	ADJ:1	NOUN:3
censura	NOUN:2
censurable	ADJ:2
censurar	VERB:2
cent	NOUN:1
centauro	NOUN:1
centavo	ADJ:1	NOUN:1
centella	NOUN:1
centena	NOUN:1
centenar	NOUN:1
centenario	ADJ:2
centeno	NOUN:1	ADJ:1	PROPN:1
center	NOUN:1
centinela	NOUN:1
central	ADJ:1	NOUN:5	PROPN:1
centralidad	NOUN:1
centralismo	NOUN:1
centralista	NOUN:1
centralita	NOUN:1
centralización	NOUN:1
centralizado	ADJ:1
centralizar	VERB:1
centralmente	ADV:1
centrar	VERB:2
centrifugación	NOUN:1
centrismo	NOUN:1
centrista	ADJ:1
centro	NOUN:6
centroamericano	ADJ:1	NOUN:1
centroamérica	PROPN:1
centrocampista	NOUN:1
centroderecha	NOUN:1
centroeuropeo	ADJ:1
centroizquierda	NOUN:1
centrífugo	ADJ:1
centuria	NOUN:2
centurión	NOUN:1
centésimo	ADJ:1	NOUN:1
centímetro	NOUN:1
cenáculo	NOUN:2
ceo	PROPN:1
cepa	NOUN:8
cepillar	VERB:6
cepillo	NOUN:3
cepo	NOUN:5
cera	NOUN:2
ceramista	NOUN:1
cerbatana	NOUN:3
cerbero	PROPN:1
cerca	ADV:3	NOUN:2
cercanamente	ADV:1
cercano	ADJ:1
cercanía	NOUN:1
cercar	VERB:1
cercas	ADV:3
cercenar	VERB:1
cerco	NOUN:5
cerda	NOUN:4
cerdaña	PROPN:1
cerdeña	PROPN:1
cerdito	NOUN:1
cerdo	ADJ:1	NOUN:3
cereal	NOUN:3
cerebelo	NOUN:1
cerebral	ADJ:1
cerebrito	NOUN:1
cerebro	NOUN:2
cerebrovascular	ADJ:1
ceremonia	NOUN:1
ceremonial	ADJ:1
ceremonioso	ADJ:1
ceres	PROPN:2
cereza	ADJ:1	NOUN:1
cerezo	NOUN:1	PROPN:1
cerilla	NOUN:3
cerillo	NOUN:1
cerio	NOUN:1
cern	X:1
cernícalo	NOUN:2
cero	NUM:1
cerrador	NOUN:1
cerradura	NOUN:1
cerrajero	NOUN:1
cerrajería	NOUN:1
cerramiento	NOUN:1
cerrar	VERB:8
cerrazón	NOUN:2
cerrillo	NOUN:1
cerro	NOUN:2
cerrojo	NOUN:3
certamen	NOUN:2
certeramente	ADV:1
certero	ADJ:3
certeza	NOUN:1
certidumbre	NOUN:1
certificación	NOUN:1
certificar	VERB:1
cervantes	PROPN:2
cervantino	ADJ:1
cervecero	ADJ:1	NOUN:1
cervecería	NOUN:2
cerveza	NOUN:1
cervical	ADJ:1
cerámica	NOUN:3
cerámico	ADJ:1
cerón	PROPN:1
cesación	NOUN:1
cesante	ADJ:2	NOUN:1
cesantía	NOUN:1
cesar	VERB:3	PROPN:2
cesarea	PROPN:2
cese	NOUN:1
cesio	NOUN:1
cesionario	NOUN:1	ADJ:1
cesión	NOUN:2
cesta	NOUN:3
cestería	NOUN:3
cesto	NOUN:4
cesárea	NOUN:1
cesáreo	ADJ:1
cetrería	NOUN:1
cetro	NOUN:1
cetáceo	ADJ:1	NOUN:1
ceuta	PROPN:1
ceutí	ADJ:1	NOUN:1
cevallos	PROPN:1
ceviche	NOUN:1
ceñido	ADJ:3
ceño	NOUN:3
cfc	NOUN:1
ch	PROPN:3
cha	NOUN:1
chabacano	ADJ:1	NOUN:2
chabola	NOUN:1
chabón	NOUN:1
chacabuco	PROPN:4
chacal	NOUN:2
chacarera	NOUN:1
chacarero	NOUN:2
chacarita	PROPN:1
chacha	NOUN:2
chachapoyas	PROPN:2
chachi	ADJ:1
chacho	NOUN:3	ADJ:1
chaco	NOUN:2	PROPN:1
chacota	NOUN:1
chacra	NOUN:4
chacón	PROPN:1
chad	PROPN:1	NOUN:1
chafa	ADJ:1
chaflán	NOUN:2
chagas	NOUN:1
chaira	NOUN:3
chairo	NOUN:3
chakra	NOUN:1
chal	NOUN:1
chala	NOUN:3
chalatenango	PROPN:2
chalco	PROPN:1
chale	INTJ:2
chaleco	NOUN:3
chales	INTJ:1
chalet	NOUN:1
chalina	NOUN:1
chalupa	NOUN:5
chalé	NOUN:1
chama	NOUN:1
chamaco	NOUN:2
chamamé	NOUN:1
chamanismo	NOUN:1
chamarra	NOUN:1
chamartín	PROPN:1
chamba	NOUN:4	PROPN:1
chambear	VERB:2
chambelán	NOUN:2
chambre	NOUN:1
chamita	NOUN:1
chamizo	NOUN:2
chamo	NOUN:2
chamorro	PROPN:1	NOUN:2
champa	NOUN:4
champagne	NOUN:1
champaña	PROPN:1
champions	PROPN:1
champiñón	NOUN:3
champán	NOUN:2
champú	NOUN:1
chamullo	NOUN:2
chamuscado	ADJ:1
chamuyar	VERB:3
chamuyo	NOUN:3
chamán	NOUN:1
chan	PROPN:1
chana	NOUN:1	PROPN:1
chanca	NOUN:1
chancay	NOUN:2
chance	NOUN:2	SCONJ:1
chancha	NOUN:1
chanchito	NOUN:3
chancho	NOUN:1	ADJ:1
chanchullo	NOUN:3
chancillería	NOUN:1
chancla	NOUN:3
chancleta	NOUN:5
chancro	NOUN:1
changa	NOUN:5
chango	NOUN:6
chano	PROPN:1
chanson	NOUN:1
chanta	NOUN:2	ADJ:1
chantaje	NOUN:2
chantajear	VERB:1
chantajista	NOUN:1
chantre	NOUN:1
chanza	NOUN:1
chao	INTJ:1
chapa	NOUN:8
chapado	ADJ:2
chapar	VERB:8
chaparra	NOUN:2
chaparral	NOUN:1
chaparro	NOUN:6	PROPN:1
chaparrón	NOUN:2
chapas	NOUN:1
chape	NOUN:1
chapeau	INTJ:1
chapero	NOUN:1
chapita	NOUN:1
chapo	NOUN:2
chapoteo	NOUN:2
chapucero	ADJ:3	NOUN:2
chapultepec	PROPN:1
chapulín	NOUN:3
chapuza	NOUN:3
chapuzón	NOUN:1
chapín	ADJ:1	NOUN:3
chapó	INTJ:1
chaqueta	NOUN:2
chaquetón	NOUN:1
chaqueño	ADJ:1	NOUN:1
chara	NOUN:1
charada	NOUN:1
charanga	NOUN:1
charango	NOUN:1
charca	NOUN:3
charco	NOUN:2
charcutería	NOUN:1
chardonnay	NOUN:1
charla	NOUN:1
charlar	VERB:1
charlatanería	NOUN:1
charlatán	ADJ:1	NOUN:3
charles	NOUN:1
charleston	NOUN:1
charo	ADJ:1	NOUN:2	PROPN:1
charol	NOUN:2
charola	NOUN:2
charqui	NOUN:1
charrería	NOUN:1
charro	ADJ:3	NOUN:3	INTJ:1
charros	INTJ:2
charrúa	ADJ:1
chart	NOUN:1
charter	NOUN:1
chas	INTJ:1
chascarrillo	NOUN:1
chasco	NOUN:1
chasis	NOUN:1
chasquear	VERB:3
chasquido	NOUN:2
chat	NOUN:2
chata	NOUN:2
chatarra	NOUN:3
chatear	VERB:2
chateo	NOUN:1
chato	ADJ:5
chau	INTJ:1
chaucha	NOUN:6
chauvinismo	NOUN:1
chaval	NOUN:3
chavarría	PROPN:1
chaves	PROPN:1
chaveta	NOUN:4	ADJ:1
chavismo	NOUN:1
chavista	ADJ:1
chavito	NOUN:1
chavo	NOUN:8
chavín	ADJ:1
chaya	NOUN:2
chayote	NOUN:1
chañar	NOUN:1
chañaral	PROPN:3
che	INTJ:1	NOUN:3	PROPN:1
checa	PROPN:1
checar	VERB:2
chechenia	PROPN:1
checheno	ADJ:1	NOUN:2
check	NOUN:1
checkout	NOUN:1
checo	ADJ:2	NOUN:3	PROPN:1
checoslovaco	ADJ:1	NOUN:1
checoslovaquia	PROPN:1
cheddar	NOUN:1
cheesecake	NOUN:1
chef	NOUN:1
chek	NOUN:1
chela	NOUN:1
chele	NOUN:6	ADJ:2
chelito	NOUN:3	ADJ:1
cheliábinsk	PROPN:2
chelo	ADJ:1	NOUN:2	PROPN:1
chelín	NOUN:1
chema	NOUN:1	PROPN:1
chente	PROPN:1
cheo	PROPN:1
chepa	NOUN:2	PROPN:1
chepe	PROPN:1	NOUN:1
cheque	NOUN:3	ADV:1
chequear	VERB:2
chequeo	NOUN:3
chequera	NOUN:1
chernóbil	PROPN:1
cheroqui	ADJ:1	NOUN:2
cherry	NOUN:1
cheta	NOUN:1
cheto	ADJ:3	NOUN:3
chetumal	PROPN:1
cheve	NOUN:1
chiapaneco	ADJ:1	NOUN:1
chiapas	PROPN:1
chiba	PROPN:2
chibcha	ADJ:1
chic	ADJ:1
chica	NOUN:2
chicago	PROPN:1
chicana	NOUN:2
chicano	ADJ:1	NOUN:1
chicha	NOUN:4	PROPN:1
chicharra	NOUN:1
chicharro	NOUN:2
chicharrón	NOUN:1
chiche	ADJ:2	NOUN:2
chichi	NOUN:5	ADJ:1
chichimeca	ADJ:1
chicho	NOUN:1
chichón	ADJ:2	NOUN:1
chiclayo	PROPN:1	NOUN:1
chicle	NOUN:2
chico	ADJ:1	NOUN:5
chicote	NOUN:4
chicuelo	NOUN:1
chido	ADJ:1
chiflado	ADJ:1	NOUN:1
chigüire	NOUN:1
chihuahua	NOUN:1	PROPN:3
chihuahuense	ADJ:1	NOUN:1
chiita	ADJ:1
chikungunya	NOUN:1
chilango	ADJ:1	NOUN:1
chilaquiles	NOUN:1
chilca	NOUN:1
chile	PROPN:1	NOUN:3
chileno	ADJ:1
chilensis	ADJ:1	NOUN:1
chili	NOUN:1
chilla	NOUN:1
chillar	VERB:4
chillido	NOUN:1
chillón	ADJ:5	NOUN:1
chilo	ADJ:1
chilote	ADJ:1	NOUN:2
chiloé	PROPN:2
chilpancingo	PROPN:2
chimaltenango	PROPN:1
chimba	NOUN:1	ADV:1
chimbo	ADJ:2	NOUN:3
chimborazo	PROPN:1
chimenea	NOUN:4
chimichurri	NOUN:1
chimpancé	NOUN:1
chimuelo	ADJ:1
chimú	ADJ:1
chin	NOUN:1
china	PROPN:1	NOUN:7
chinandega	PROPN:1
chincha	PROPN:1
chinche	NOUN:3	ADJ:1
chinchero	PROPN:1	NOUN:1
chinchilla	NOUN:1	PROPN:1
chinchorro	NOUN:4
chinchón	PROPN:1	NOUN:2
chinga	NOUN:2	INTJ:1	X:1
chingada	NOUN:2
chingadera	NOUN:4
chingado	ADJ:1	INTJ:1
chingados	INTJ:1
chingar	VERB:8
chingaste	NOUN:2
chingo	ADJ:1	NOUN:2
chingolo	NOUN:1
chingue	NOUN:3
chingón	ADJ:2	NOUN:3
chinito	NOUN:2
chino	ADJ:2	NOUN:6
chip	NOUN:1
chipa	NOUN:3
chipotle	NOUN:1
chipre	PROPN:1
chipriota	ADJ:1
chipset	NOUN:1
chiquero	NOUN:2
chiqui	NOUN:2
chiquilín	NOUN:1
chiquimula	PROPN:1
chiquita	NOUN:1
chiquito	ADJ:2	NOUN:1
chira	NOUN:1
chirigota	NOUN:2
chirimoya	NOUN:1
chiringuito	NOUN:1
chirino	PROPN:1
chiripa	NOUN:2
chiriquí	PROPN:1
chirriante	ADJ:1
chirrido	NOUN:1
chis	NOUN:1
chisme	NOUN:4
chismear	VERB:1
chismorreo	NOUN:1
chismoso	ADJ:2	NOUN:1
chispa	NOUN:5	ADJ:2
chispazo	NOUN:1
chispeante	ADJ:1
chistar	VERB:2
chiste	NOUN:2
chistera	NOUN:2
chistoso	ADJ:1	NOUN:1
chita	NOUN:1
chito	INTJ:1
chitré	PROPN:1
chiva	NOUN:6
chivatazo	NOUN:1
chivato	NOUN:3
chivatos	NOUN:1
chivilcoy	PROPN:1
chivito	NOUN:1
chivo	NOUN:7	ADJ:1
chií	NOUN:1	ADJ:1
cho	INTJ:1
chocante	ADJ:2
chocar	VERB:5
chocha	NOUN:3
chocho	NOUN:6	ADJ:2
choclo	NOUN:2
choco	ADJ:2	NOUN:4	PROPN:2
chocolatada	NOUN:1
chocolate	NOUN:4
chocolatero	ADJ:1	NOUN:1
chocolatina	NOUN:2
chocotorta	NOUN:1
chocó	PROPN:1
chofer	NOUN:2
chol	ADJ:1
chola	NOUN:4
chollo	NOUN:2
cholo	NOUN:4	ADJ:4
choluteca	PROPN:1
chomba	NOUN:2
chon	NOUN:1
chongo	NOUN:8
chongos	NOUN:8
chongqing	PROPN:1
choni	NOUN:2
chontales	PROPN:1
chopo	NOUN:2
choque	NOUN:3
chor	NOUN:1
chora	NOUN:1
chorear	VERB:3
chori	NOUN:1
choripán	NOUN:1
chorizo	NOUN:6	ADJ:1
chorlito	NOUN:2
choro	ADJ:3	NOUN:5
chorra	NOUN:4	ADJ:1	INTJ:1
chorrada	NOUN:1
chorras	NOUN:4
chorrear	VERB:5
chorreo	NOUN:2
chorrera	NOUN:5
chorrillos	PROPN:1
chorro	NOUN:7
chos	INTJ:1
chota	NOUN:7	PROPN:1
choto	NOUN:1	ADJ:1
chovinismo	NOUN:1
choy	PROPN:1
choza	NOUN:1
chp	PROPN:1
chubasco	NOUN:1
chubut	PROPN:2
chubutense	ADJ:1	NOUN:1
chucha	NOUN:5	X:1	INTJ:1
chuchi	ADJ:2	NOUN:1
chucho	PROPN:1	NOUN:7
chuco	ADJ:2
chucrut	NOUN:1
chueca	NOUN:1
chueco	ADJ:4
chula	NOUN:1
chulada	NOUN:2
chulería	NOUN:1
chuleta	NOUN:4
chuletón	NOUN:1
chulo	ADJ:3	NOUN:3
chumbo	NOUN:1
chunga	NOUN:1
chungo	ADJ:3	NOUN:1
chupa	NOUN:3
chupacabras	NOUN:1
chupada	NOUN:1
chupado	ADJ:2
chupamedias	NOUN:1
chupapijas	NOUN:1
chupar	VERB:8
chupasangre	NOUN:2
chupe	NOUN:1
chupete	NOUN:3
chupetín	NOUN:1
chupi	ADJ:1
chupito	NOUN:1
chupo	NOUN:1
chupón	ADJ:1	NOUN:6
chuquisaca	PROPN:1
churrasco	NOUN:2
churro	NOUN:4	ADJ:2
churubusco	PROPN:3
chus	PROPN:2
chusco	ADJ:2	NOUN:2
chusma	NOUN:3	ADJ:1
chusmear	VERB:3
chut	NOUN:1
chute	NOUN:2	ADJ:1
chutney	NOUN:1
chuy	PROPN:2
chuzo	NOUN:6
cháchara	NOUN:2
chándal	NOUN:1
chárter	ADJ:1
chávarry	PROPN:1
chávez	PROPN:1
chévere	ADJ:1	NOUN:1
chía	NOUN:1
chícharo	NOUN:1
chófer	NOUN:2
ci	NOUN:1
cia	PROPN:1
cian	ADJ:1
cianuro	NOUN:1
ciao	INTJ:1
cibeles	PROPN:1
ciber	NOUN:1
ciberacoso	NOUN:1
ciberataque	NOUN:1
cibercafé	NOUN:1
cibercrimen	NOUN:1
ciberespacio	NOUN:1
cibernética	NOUN:1
cibernético	ADJ:1
ciberseguridad	NOUN:1
ciborg	NOUN:1
cicatriz	NOUN:1
cicatrización	NOUN:1
cicatrizar	VERB:2
cicerón	PROPN:1
ciclismo	NOUN:1
ciclista	NOUN:1	ADJ:1
ciclo	NOUN:3
ciclomotor	NOUN:1
cicloturismo	NOUN:1
ciclovía	NOUN:1
ciclón	NOUN:1
cicuta	NOUN:1
cid	PROPN:2	NOUN:1
cidra	NOUN:1
ciegamente	ADV:1
ciego	NOUN:2	ADJ:2
cielito	NOUN:2
cielo	NOUN:2
cielorraso	NOUN:1
ciempiés	NOUN:1
cien	NUM:1
ciencia	NOUN:2
cienciología	NOUN:1
cienfuegos	PROPN:3
cieno	NOUN:1
cientista	NOUN:1
ciento	NUM:1	NOUN:2
científicamente	ADV:1
científico	ADJ:1	NOUN:1
cierne	NOUN:1
cierre	NOUN:4
cierro	NOUN:2
ciertamente	ADV:1
cierto	ADJ:1	DET:1
ciervo	NOUN:1
cierzo	NOUN:1
cifra	NOUN:4
cifrado	ADJ:1
cifrar	VERB:2
cigala	NOUN:1
cigarra	NOUN:2
cigarrera	NOUN:2
cigarrillo	NOUN:1
cigarro	NOUN:2
cigoto	NOUN:1
cigüeña	NOUN:3
cigüeñal	NOUN:2
cilantro	NOUN:1
ciliar	ADJ:1
cilicia	PROPN:1
cilicio	ADJ:1	NOUN:1
cilindrada	NOUN:1
cilindro	NOUN:1
cilla	NOUN:1
cilíndrico	ADJ:1
cima	NOUN:3
cimarrón	ADJ:4
cimentación	NOUN:1
cimentar	VERB:2
cimera	NOUN:2
cimiento	NOUN:2
cimitarra	NOUN:1
cinabrio	NOUN:1
cinc	NOUN:1
cincel	NOUN:1	PROPN:1
cincelado	NOUN:1
cincha	NOUN:2
cinco	NUM:1	NOUN:1
cincuenta	NUM:1
cincuentas	NOUN:1
cincuentena	NOUN:3
cincuentenario	NOUN:1
cine	NOUN:3
cineasta	NOUN:1
cineclub	NOUN:1
cinema	NOUN:3	ADJ:1
cinemateca	NOUN:1
cinematografía	NOUN:1
cinematográfico	ADJ:1
cinematógrafo	NOUN:2
cinemática	NOUN:2
cineteca	NOUN:1
cinismo	NOUN:1
cinta	NOUN:2
cintia	PROPN:2
cintillo	NOUN:1
cinto	NOUN:1	PROPN:1
cintura	NOUN:1
cinturón	NOUN:3
cinéfilo	ADJ:1	NOUN:1
cinética	NOUN:2
cinético	ADJ:1
cipayo	NOUN:2
cipolletti	PROPN:1
cipote	ADJ:2	NOUN:3
cipriano	PROPN:1
ciprés	NOUN:1
circa	ADP:1
circadiano	ADJ:1
circe	PROPN:1
circense	ADJ:1
circo	NOUN:2
circuito	NOUN:1
circulación	NOUN:2
circulante	ADJ:2
circular	ADJ:1	NOUN:1	VERB:3
circulatorio	ADJ:1
circuncisión	NOUN:1
circundante	ADJ:1
circunferencia	NOUN:1
circunscripción	NOUN:2
circunstancia	NOUN:1
circunstancial	ADJ:1
circunstancialmente	ADV:1
circunvalación	NOUN:2
circunvalar	VERB:1
ciriaco	PROPN:1
cirilo	PROPN:2
cirio	NOUN:1
ciro	PROPN:2
cirrosis	NOUN:1
ciruela	NOUN:2
ciruelo	NOUN:1
cirugía	NOUN:1
ciruja	NOUN:1
cirujano	NOUN:1
cirílico	ADJ:1
cis	ADJ:1
cisco	NOUN:3
cisjordania	PROPN:1
cisma	NOUN:1
cisne	NOUN:1
cisneros	PROPN:1
cisterciense	ADJ:1
cisterna	NOUN:1
cistitis	NOUN:1
cita	NOUN:3
citación	NOUN:3
citadino	ADJ:2	NOUN:1
citar	VERB:3
citatorio	NOUN:2
citerior	ADJ:1
citocromo	NOUN:1
citología	NOUN:1
citoplasma	NOUN:1
citrato	NOUN:1
ciudad	NOUN:1
ciudadano	ADJ:4	NOUN:2
ciudadanos	PROPN:1
ciudadanía	NOUN:2
ciudadela	NOUN:1
civil	ADJ:1
civilidad	NOUN:1
civilista	ADJ:1	NOUN:1
civilización	NOUN:1
civilizadamente	ADV:1
civilizado	ADJ:1
civilizar	VERB:1
civilmente	ADV:1
civismo	NOUN:1
cizalla	NOUN:5
cizaña	NOUN:3
ciática	NOUN:1
ciático	ADJ:1	NOUN:1
ciénaga	NOUN:1
ciénega	NOUN:1
cl	PROPN:1
clac	NOUN:2
clamar	VERB:3
clamidia	NOUN:1
clamor	NOUN:3
clamoroso	ADJ:1
clan	NOUN:1
clandestinamente	ADV:1
clandestinidad	NOUN:1
clandestino	ADJ:1	NOUN:1
claraboya	NOUN:1
claramente	ADV:1
claridad	NOUN:2
clarificación	NOUN:1
clarificador	ADJ:1	NOUN:1
clarificar	VERB:1
clarinete	NOUN:2
clarisa	NOUN:1	PROPN:1
clarividencia	NOUN:1
clarividente	ADJ:1	NOUN:1
claro	ADJ:2	ADV:1	NOUN:2	INTJ:1	PROPN:2
claroscuro	NOUN:1
clarín	NOUN:1	PROPN:1
clase	NOUN:7
clasicismo	NOUN:1
clasicista	ADJ:1	NOUN:1
clasificación	NOUN:4
clasificador	ADJ:1	NOUN:2
clasificar	VERB:4
clasificatorio	ADJ:2
clasismo	NOUN:1
clasista	ADJ:1
claudia	PROPN:1	NOUN:1
claudicación	NOUN:1
claudicar	VERB:3
claudina	NOUN:1
claudio	PROPN:1
claustro	NOUN:2
claustrofobia	NOUN:1
claustrofóbico	ADJ:1	NOUN:1
clausura	NOUN:3
clausurar	VERB:2
clava	NOUN:1
clavadista	NOUN:1
clavado	ADJ:4	INTJ:1	NOUN:1
clavar	VERB:1
clave	NOUN:5	ADJ:1
clavel	NOUN:2
clavero	NOUN:1
clavicordio	NOUN:2
clavija	NOUN:3
clavijero	NOUN:2
clavo	NOUN:7
clavícula	NOUN:1
claxon	NOUN:1
claymore	NOUN:1
claypole	PROPN:1
claúsula	NOUN:2
clc	PROPN:1
clearing	NOUN:1
clemencia	NOUN:1	PROPN:2
clemente	ADJ:1	PROPN:2
clementina	NOUN:1
cleopatra	PROPN:1
cleptocracia	NOUN:1
clerecía	NOUN:1
clerical	ADJ:1
clericalismo	NOUN:1
clero	NOUN:1
cleveland	PROPN:1
clic	NOUN:1
clica	NOUN:1
clicar	VERB:1
cliché	NOUN:1
click	NOUN:1
cliente	NOUN:2
clientela	NOUN:1
clientelar	ADJ:1
clientelismo	NOUN:1
clientelista	ADJ:1
clima	NOUN:1
climatización	NOUN:1
climatología	NOUN:1
climax	NOUN:1
climático	ADJ:1
clip	NOUN:4
clo	NOUN:1
cloaca	NOUN:2
cloacal	ADJ:2
clon	NOUN:1
clonación	NOUN:1
clonar	VERB:1
clonazepam	NOUN:1
clorato	NOUN:1
clorhidrato	NOUN:1
clorhídrico	ADJ:1
cloro	NOUN:2
clorofila	NOUN:1
cloroformo	NOUN:1
cloruro	NOUN:1
closet	NOUN:2
clotilde	PROPN:1
cloud	NOUN:1
clown	NOUN:1
club	NOUN:1
clube	NOUN:1
cluster	NOUN:1
clutch	NOUN:1
clásicamente	ADV:1
clásico	ADJ:5	NOUN:2	PROPN:1
cláusula	NOUN:1
clérigo	NOUN:2
clímax	NOUN:1
clínica	NOUN:1
clínicamente	ADV:1
clínico	ADJ:1	NOUN:1
clítoris	NOUN:1
clóset	NOUN:2
clúster	NOUN:1
cm	PROPN:2
cnn	PROPN:1
co	NOUN:1
coa	NOUN:3
coacalco	PROPN:1
coaccionar	VERB:1
coacción	NOUN:1
coach	NOUN:1
coaching	NOUN:1
coactivo	ADJ:1
coadjutor	NOUN:1
coadyuvante	NOUN:1
coadyuvar	VERB:2
coagulación	NOUN:2
coahuila	PROPN:1
coahuilense	ADJ:1	NOUN:1
coalición	NOUN:1
coartar	VERB:2
coatepeque	PROPN:2
coatzacoalcos	PROPN:3
coautor	NOUN:1
coautoría	NOUN:1
coaxial	ADJ:1
coba	NOUN:2
cobalto	NOUN:1
cobarde	ADJ:2	NOUN:2
cobardemente	ADV:1
cobardía	NOUN:1
cobaya	NOUN:3
cobertizo	NOUN:1
cobertor	ADJ:1	NOUN:1
cobertura	NOUN:6
cobijar	VERB:4
cobijo	NOUN:3
cobo	PROPN:1	NOUN:1
cobrador	NOUN:3
cobranza	NOUN:1
cobrar	VERB:5
cobre	NOUN:1
cobrizo	ADJ:2
cobro	NOUN:4
coca	NOUN:4
cocacola	NOUN:1
cocaína	NOUN:1
cocción	NOUN:4
cocer	VERB:4
cochabamba	PROPN:1
coche	NOUN:3
cochecito	NOUN:1
cochera	NOUN:5
cochero	NOUN:2
cochinada	NOUN:1
cochinero	ADJ:1	NOUN:1
cochinilla	NOUN:2
cochinillo	NOUN:1
cochino	NOUN:2	ADJ:1
cociente	NOUN:1	ADJ:2
cocimiento	NOUN:7
cocina	NOUN:4
cocinar	VERB:1
cocinero	NOUN:1
cocktail	NOUN:2
coclear	ADJ:1
coclé	PROPN:1
coco	NOUN:7	PROPN:1
cocoa	NOUN:1
cocodrilo	NOUN:2
cocotero	ADJ:1	NOUN:2
coctel	NOUN:2
coctelería	NOUN:2
cocuy	NOUN:2
cocuyo	NOUN:1
coda	NOUN:1
codazo	NOUN:1
codeína	NOUN:1
codicia	NOUN:2
codicioso	ADJ:1	NOUN:1
codificación	NOUN:1
codificador	ADJ:1	NOUN:2
codificar	VERB:2
codirector	NOUN:1
codo	NOUN:3	ADJ:1
codorniz	NOUN:1
coedición	NOUN:1
coeditor	NOUN:1
coeducación	NOUN:1
coeficiente	ADJ:1
coello	PROPN:1
coenzima	NOUN:1
coercitivo	ADJ:1
coerción	NOUN:1
coetáneo	ADJ:2
coexistencia	NOUN:1
coexistir	VERB:1
cof	INTJ:1
cofia	NOUN:2
cofrade	NOUN:2
cofradía	NOUN:2
cofre	NOUN:3
cofundador	NOUN:1
cogeneración	NOUN:1
coger	VERB:8
cogida	NOUN:5
cognición	NOUN:1
cognitivo	ADJ:1
cogobierno	NOUN:1
cogollo	NOUN:5
cogote	NOUN:1
cohabitación	NOUN:2
cohabitar	VERB:2
cohecho	NOUN:2
coherencia	NOUN:2
coherente	ADJ:3
coherentemente	ADV:2
cohesionar	VERB:1
cohesión	NOUN:1
cohete	NOUN:7
cohorte	NOUN:1
coima	NOUN:1
coincidencia	NOUN:3
coincidente	ADJ:1
coincidentemente	ADV:1
coincidir	VERB:2
coito	NOUN:1
coja	NOUN:1
cojedes	PROPN:1
cojer	VERB:8
cojera	NOUN:1
cojinete	NOUN:2
cojo	ADJ:2	NOUN:1
cojones	INTJ:1	ADV:1	NOUN:2
cojonudo	ADJ:1	INTJ:1
cojín	NOUN:1
col	NOUN:1
cola	NOUN:8
colab	NOUN:1
colaboracionismo	NOUN:1
colaboracionista	NOUN:1
colaboración	NOUN:1
colaborador	NOUN:1
colaborar	VERB:1
colaborativo	ADJ:1
colación	NOUN:6
colada	NOUN:5
coladera	NOUN:1
coladero	NOUN:4
colado	ADJ:1
colador	NOUN:2
colapsado	ADJ:1
colapsar	VERB:2
colapso	NOUN:1
colar	VERB:8
colateral	ADJ:1
colca	NOUN:1
colcha	NOUN:2
colchagua	PROPN:2
colchonero	ADJ:2	NOUN:2
colchoneta	NOUN:2
colchón	NOUN:3
cole	NOUN:1
coleccionable	ADJ:1	NOUN:1
coleccionar	VERB:1
coleccionismo	NOUN:1
coleccionista	NOUN:1
colección	NOUN:1
colecta	NOUN:1
colectar	VERB:1
colectivamente	ADV:1
colectivero	NOUN:1
colectividad	NOUN:1
colectivismo	NOUN:1
colectivista	ADJ:1
colectivización	NOUN:1
colectivo	ADJ:1	NOUN:3
colector	NOUN:1
colega	NOUN:2
colegiación	NOUN:1
colegiado	ADJ:2	NOUN:1
colegial	ADJ:1	NOUN:4
colegiata	NOUN:1
colegiatura	NOUN:1
colegio	NOUN:2
colesterol	NOUN:1
coleta	NOUN:4
coletilla	NOUN:1
coleto	NOUN:3
colgajo	NOUN:2
colgante	ADJ:1	NOUN:2
colgar	VERB:6
colibrí	NOUN:1
coliflor	NOUN:1
colilla	NOUN:2
colima	PROPN:1
colina	NOUN:2
colindante	ADJ:1
colirio	NOUN:1
coliseo	NOUN:1	PROPN:1
colisionador	NOUN:1
colisionar	VERB:2
colisión	NOUN:2
colista	NOUN:2
colita	NOUN:4
colitis	NOUN:2
colla	NOUN:2
collado	PROPN:1	NOUN:2
collage	NOUN:1
collantes	PROPN:1
collar	NOUN:2
collarín	NOUN:2
collazo	NOUN:1
colleja	NOUN:2
collie	NOUN:1
collipulli	PROPN:2
colmado	ADJ:1	NOUN:2
colmar	VERB:4
colmena	NOUN:3
colmenar	NOUN:1
colmenares	PROPN:1
colmenero	NOUN:1	PROPN:1
colmillo	NOUN:2
colmo	NOUN:5	ADJ:1
colo	VERB:8
colocación	NOUN:2
colocar	VERB:5
colofón	NOUN:2	PROPN:1
coloidal	ADJ:1
coloma	PROPN:1
colombia	PROPN:1
colombiano	ADJ:1
colombino	ADJ:1
colombo	PROPN:1
colon	NOUN:2
colonia	NOUN:3	PROPN:2
coloniaje	NOUN:3
colonial	ADJ:1
colonialismo	NOUN:1
colonialista	ADJ:1
colonización	NOUN:1
colonizado	NOUN:1
colonizador	ADJ:1	NOUN:1
colonizar	VERB:1
colonna	PROPN:1
colono	NOUN:2
colonoscopia	NOUN:1
coloquial	ADJ:1
coloquialmente	ADV:1
coloquio	NOUN:2
color	NOUN:8
coloración	NOUN:1
colorado	PROPN:1	ADJ:3
colorante	ADJ:1	NOUN:1
colorear	VERB:3
colorete	NOUN:2
colorido	ADJ:1	NOUN:1
colorista	NOUN:1
colorrectal	ADJ:1
colorín	ADJ:1	NOUN:1
colosal	ADJ:1
colosenses	PROPN:1
coloso	NOUN:1
colt	NOUN:1
coltán	NOUN:1
columba	PROPN:1
columbia	PROPN:1
columela	NOUN:1
columna	NOUN:2
columnata	NOUN:1
columnista	NOUN:1
columpio	NOUN:1
colusión	NOUN:1
colza	NOUN:1
colágeno	ADJ:1	NOUN:2
colérico	ADJ:1
colín	NOUN:2
colón	NOUN:1	PROPN:7
coma	NOUN:5
comadre	NOUN:6
comadreja	NOUN:3
comal	NOUN:1
comanche	ADJ:1	NOUN:2
comanda	NOUN:1
comandancia	NOUN:1
comandante	NOUN:1
comandar	VERB:1
comandita	NOUN:1
comando	NOUN:1
comarca	NOUN:1
comarcal	ADJ:1
comatoso	ADJ:1
comayagua	PROPN:2
comba	NOUN:2
combate	NOUN:1
combatiente	ADJ:1	NOUN:2
combatir	VERB:1
combatividad	NOUN:1
combativo	ADJ:1
combi	NOUN:1
combinación	NOUN:1
combinado	ADJ:1	NOUN:1
combinar	VERB:2
combinatoria	NOUN:1
combo	NOUN:2
combustible	ADJ:1	NOUN:1
combustión	NOUN:1
comedero	ADJ:2	NOUN:2
comedia	NOUN:3
comediante	NOUN:1
comedido	ADJ:1
comediógrafo	NOUN:1
comedor	NOUN:5
comemierda	NOUN:1
comendador	NOUN:1
comensal	NOUN:1
comentador	NOUN:1
comentar	VERB:1
comentario	NOUN:2
comentarista	NOUN:1
comenzar	VERB:1
comer	VERB:6	NOUN:1
comercial	ADJ:1	NOUN:1
comercialización	NOUN:1
comercializar	VERB:1
comercialmente	ADV:1
comerciante	NOUN:2
comerciar	VERB:1
comercio	NOUN:3
comestible	ADJ:1	NOUN:1
cometer	VERB:2
comezón	NOUN:1
comic	NOUN:1
comicial	ADJ:1
comicidad	NOUN:1
comida	NOUN:4
comidilla	NOUN:1
comienzo	NOUN:1
comigo	ADV:2
comilona	NOUN:2
comino	NOUN:1
comisario	NOUN:4
comisaría	NOUN:1
comisionado	NOUN:1
comisionista	NOUN:2
comisión	NOUN:4
comisura	NOUN:1
comitente	ADJ:1
comitiva	NOUN:3
comité	NOUN:1
commodity	NOUN:1
como	PROPN:2	ADV:2	SCONJ:2	ADP:2
comodato	NOUN:1
comodidad	NOUN:3
comodoro	NOUN:2
comodín	ADJ:1	NOUN:4
comoquiera	ADV:1
comoras	PROPN:2
compa	NOUN:2
compactación	NOUN:1
compacto	ADJ:1
compadrazgo	NOUN:2
compadre	NOUN:8
compaginar	VERB:2
comparable	ADJ:1
comparación	NOUN:1
comparador	NOUN:3
comparar	VERB:1
comparativamente	ADV:1
comparativo	ADJ:1
comparecencia	NOUN:1
comparecer	VERB:1
comparsa	NOUN:4
compartición	NOUN:1
compartido	ADJ:2
compartimentación	NOUN:1
compartimento	NOUN:1
compartimiento	NOUN:2
compartir	VERB:4
compasivo	ADJ:1
compasión	NOUN:2
compatibilidad	NOUN:1
compatibilizar	VERB:2
compatible	ADJ:1
compatriota	NOUN:1
compaña	NOUN:2
compañerismo	NOUN:2
compañero	NOUN:8
compañia	NOUN:1
compañía	NOUN:1
compendio	NOUN:1
compenetración	NOUN:1
compensación	NOUN:3
compensador	ADJ:1	NOUN:1
compensar	VERB:2
compensatorio	ADJ:1
competencia	NOUN:3
competencial	ADJ:1
competente	ADJ:2
competición	NOUN:1
competidor	ADJ:1	NOUN:1
competir	VERB:1
competitividad	NOUN:1
competitivo	ADJ:1
compi	NOUN:1
compilación	NOUN:1
compilador	ADJ:1	NOUN:1
compilar	VERB:2
compilatorio	ADJ:1
compinche	NOUN:3
complacencia	NOUN:1
complacer	VERB:4	NOUN:1
complacido	ADJ:1
complaciente	ADJ:1
complejidad	NOUN:1
complejo	ADJ:2	NOUN:4
complementación	NOUN:1
complementar	VERB:2
complementariamente	ADV:1
complementariedad	NOUN:1
complementario	ADJ:1
complemento	NOUN:5
completamente	ADV:1
completar	VERB:1
completo	ADJ:2	NOUN:1
complexión	NOUN:1
complicación	NOUN:1
complicado	ADJ:2
complicadísimo	ADJ:1
complicar	VERB:3
complicidad	NOUN:2
complot	NOUN:1
complutense	ADJ:1	NOUN:1
componente	NOUN:2
componer	VERB:4
comportamiento	NOUN:1
comportar	VERB:5
comporte	NOUN:1
composición	NOUN:1
composite	ADJ:1
compositivo	ADJ:1
compositor	NOUN:1
compost	NOUN:1
compostaje	NOUN:1
compostela	PROPN:1
compostelano	ADJ:1	NOUN:1
compostura	NOUN:1
compota	NOUN:1
compra	NOUN:2
comprador	ADJ:1	NOUN:1
comprar	VERB:2
compraventa	NOUN:1
comprender	VERB:2
comprensible	ADJ:2
comprensiblemente	ADV:1
comprensivo	ADJ:2
comprensión	NOUN:2
compresa	NOUN:2
compresión	NOUN:1
compresor	ADJ:1
comprimido	NOUN:1
comprimir	VERB:2
comprobable	ADJ:2
comprobación	NOUN:2
comprobante	NOUN:1
comprobar	VERB:7
comprometedor	ADJ:1
comprometer	VERB:2
comprometido	ADJ:2	NOUN:1
compromiso	NOUN:4
compu	NOUN:1
compuerta	NOUN:3
compulsivamente	ADV:1
compulsivo	ADJ:1
compulsión	NOUN:2
compungido	ADJ:1
computable	ADJ:1
computacional	ADJ:1
computación	NOUN:3
computador	ADJ:1	NOUN:1
computadora	NOUN:1
computar	VERB:1
compás	NOUN:5
comulgar	VERB:3
comun	ADJ:3
comuna	NOUN:1
comunal	ADJ:1
comunero	NOUN:1
comunicacional	ADJ:1
comunicación	NOUN:1
comunicado	NOUN:1
comunicador	NOUN:1
comunicante	NOUN:2	ADJ:1
comunicar	VERB:2
comunicativo	ADJ:1
comunidad	NOUN:1
comunismo	NOUN:1
comunista	ADJ:2
comunitario	ADJ:1
comunión	NOUN:2
común	ADJ:3	NOUN:3
comúnmente	ADV:2
con	ADP:2
conato	NOUN:1
concatenación	NOUN:1
concavidad	NOUN:1
concebible	ADJ:1
concebir	VERB:3
conceder	VERB:2
concejal	NOUN:1
concejalía	NOUN:1
concejo	NOUN:2
concello	NOUN:1
concentración	NOUN:2
concentrado	ADJ:1	NOUN:1
concentrador	ADJ:1	NOUN:1
concentrar	VERB:1
concepción	NOUN:2	PROPN:2
concepto	NOUN:2
conceptual	ADJ:1
conceptualización	NOUN:1
conceptualizar	VERB:1
conceptualmente	ADV:1
concerniente	ADJ:1
concertación	NOUN:1
concertar	VERB:2
concertista	NOUN:1
concesionario	ADJ:1	NOUN:2
concesión	NOUN:2
concha	NOUN:4	PROPN:2
conchetumadre	INTJ:1
conchetumare	INTJ:1
conchi	PROPN:1
concho	NOUN:3
conchudo	ADJ:3
conciencia	NOUN:3
concienciación	NOUN:1
concienciar	VERB:2
conciente	ADJ:3
concientización	NOUN:1
concientizar	VERB:2
concienzudamente	ADV:1
concienzudo	ADJ:1
concierto	NOUN:2
conciliación	NOUN:1
conciliador	NOUN:1
conciliar	ADJ:1	NOUN:1	VERB:1
concilio	NOUN:1
concisión	NOUN:1
conciso	ADJ:1
conciudadano	NOUN:1
concluir	VERB:3
conclusivo	ADJ:1
conclusión	NOUN:4
concluyente	ADJ:2
concomitante	ADJ:1
concordancia	NOUN:3
concordar	VERB:1
concordato	NOUN:1
concorde	ADJ:1
concordia	NOUN:2	PROPN:5
concreción	NOUN:1
concretamente	ADV:2
concretar	VERB:7
concreto	ADJ:2	NOUN:1
concubina	NOUN:1
concubinato	NOUN:1
concurrencia	NOUN:2
concurrente	ADJ:1
concurrido	ADJ:1
concurrir	VERB:6
concursal	ADJ:1
concursante	ADJ:1	NOUN:2
concursar	VERB:1
concurso	NOUN:5
concusión	NOUN:3
concéntrico	ADJ:1
concón	NOUN:3	PROPN:1
condado	NOUN:2
condal	ADJ:1
conde	NOUN:1	PROPN:1
condecoración	NOUN:1
condena	NOUN:1
condenable	ADJ:1
condenación	NOUN:1
condenadamente	ADV:1
condenar	VERB:1
condenatorio	ADJ:2
condensación	NOUN:1
condensador	NOUN:2
condensar	VERB:1
condesa	NOUN:1
condescendencia	NOUN:1
condescendiente	ADJ:2
condestable	NOUN:1
condicionado	VERB:1
condicional	ADJ:1	NOUN:1
condicionalmente	ADV:1
condicionamiento	NOUN:1
condicionante	ADJ:1
condicionar	VERB:1
condición	NOUN:2
condimentar	VERB:1
condimento	NOUN:1
condolencia	NOUN:1
condominio	NOUN:2
condonación	NOUN:1
condonar	VERB:3
condori	PROPN:1
conducción	NOUN:2
conducente	ADJ:1
conducir	VERB:1
conducta	NOUN:1
conductismo	NOUN:1
conductista	ADJ:1
conductividad	NOUN:1
conducto	NOUN:2
conductor	NOUN:4
conductual	ADJ:1
condón	NOUN:1
conectar	VERB:6
conecte	NOUN:2
conectividad	NOUN:1
conectivo	ADJ:1	NOUN:1
conector	ADJ:1	NOUN:4
conejera	NOUN:3
conejillo	NOUN:1
conejo	NOUN:5
conexión	NOUN:2
conexo	ADJ:1
confabulación	NOUN:1
confeccionar	VERB:1
confección	NOUN:2
confederación	NOUN:1
confederado	ADJ:1
confederal	ADJ:1
conferencia	NOUN:3
conferenciante	NOUN:1
conferencista	NOUN:1
conferir	VERB:2
confesar	VERB:3
confesional	ADJ:3
confesionario	NOUN:1
confesión	NOUN:1
confeso	ADJ:1	NOUN:1
confesor	NOUN:2
confeti	NOUN:1
confetti	NOUN:1
confiabilidad	NOUN:1
confiable	ADJ:2
confiadamente	ADV:1
confiado	ADJ:4
confianza	NOUN:1
confiar	VERB:5
confidencia	NOUN:1
confidencial	ADJ:1
confidencialidad	NOUN:1
confidencialmente	ADV:1
confidente	NOUN:1
configurable	ADJ:1
configuración	NOUN:2
configurar	VERB:2
confinado	ADJ:2	NOUN:1
confinamiento	NOUN:2
confinar	VERB:2
confines	PROPN:1
confirmación	NOUN:1
confirmar	VERB:1
confiscación	NOUN:1
confiscar	VERB:1
confite	NOUN:1
confitería	NOUN:1
conflagración	NOUN:2
conflictividad	NOUN:1
conflictivo	ADJ:1
conflicto	NOUN:1
confluencia	NOUN:1	PROPN:1
confluir	VERB:2
conformación	NOUN:2
conformar	VERB:3
conforme	ADJ:4	SCONJ:1	NOUN:1	INTJ:1
conformidad	NOUN:3
conformismo	NOUN:1
conformista	ADJ:1	NOUN:1
confort	NOUN:2
confortable	ADJ:1
confortablemente	ADV:1
confraternidad	NOUN:2
confraternizar	VERB:2
confrontación	NOUN:1
confrontar	VERB:1
confucianismo	NOUN:1
confucio	PROPN:1
confundido	ADJ:1
confundir	VERB:3
confusión	NOUN:1
confuso	ADJ:2
confín	NOUN:2
conga	NOUN:1
congelación	NOUN:1
congelado	ADJ:1	NOUN:1
congelador	NOUN:1
congelamiento	NOUN:3
congelar	VERB:2
congeniar	VERB:1
congestionado	ADJ:1
congestionamiento	NOUN:1
congestión	NOUN:1
conglomerado	NOUN:1
congo	PROPN:3	NOUN:1
congoja	NOUN:2
congoleño	NOUN:1	ADJ:1
congregación	NOUN:1
congregar	VERB:2
congresal	ADJ:1	NOUN:1
congresista	NOUN:1
congreso	NOUN:2
congrio	NOUN:1
congruencia	NOUN:1
congruente	ADJ:1
congénito	ADJ:1
coni	PROPN:1
conjetura	NOUN:3
conjeturar	VERB:1
conjugación	NOUN:1
conjugar	VERB:2
conjunción	NOUN:2
conjuntamente	ADV:1
conjuntiva	NOUN:1
conjuntivitis	NOUN:1
conjuntivo	ADJ:2
conjunto	ADJ:1	NOUN:4
conjura	VERB:5
conjuración	NOUN:3
conjurar	VERB:5
conjuro	NOUN:2
conllevar	VERB:3
conmemoración	NOUN:1
conmemorar	VERB:1
conmemorativo	ADJ:1
conmigo	ADV:2
conmiseración	NOUN:1
conmoción	NOUN:2
conmovedor	ADJ:1
conmover	VERB:1
conmutación	NOUN:3
conmutador	NOUN:2
conmutar	VERB:2
connecticut	PROPN:1
connivencia	NOUN:1
connotación	NOUN:1
cono	NOUN:6
conocedor	ADJ:2
conocer	VERB:8
conocimiento	NOUN:3
conque	SCONJ:2
conquense	ADJ:1	NOUN:1
conquista	NOUN:1
conquistador	ADJ:1	NOUN:2
conquistar	VERB:3
conrado	PROPN:1
consabido	ADJ:2
consagración	NOUN:1
consagrar	VERB:4
consanguinidad	NOUN:1
consciencia	NOUN:3
consciente	ADJ:3
conscientemente	ADV:1
conscripción	NOUN:1
conscripto	NOUN:1
consecución	NOUN:2
consecuencia	NOUN:1
consecuente	ADJ:2
consecuentemente	ADV:1
consecutivamente	ADV:2
consecutivo	ADJ:1
conseguir	VERB:7
consejero	NOUN:2
consejería	NOUN:2
consejo	NOUN:2
conseller	NOUN:1
conselleria	NOUN:1
consenso	NOUN:1
consensual	ADJ:1
consensuar	VERB:1
consentido	ADJ:2
consentimiento	NOUN:1
consentir	VERB:3
conserje	NOUN:3
conserjería	NOUN:3
conservacionista	NOUN:1
conservación	NOUN:1
conservador	ADJ:1	NOUN:1
conservadurismo	NOUN:1
conservante	ADJ:1
conservar	VERB:2
conservatorio	NOUN:1
considerable	ADJ:2
considerablemente	ADV:1
consideración	NOUN:2
considerar	VERB:3
consiente	ADJ:3
consigna	NOUN:3
consignación	NOUN:2
consignar	VERB:4
consigo	ADV:1
consiguiente	ADJ:2
consiguientemente	ADV:1
consiliario	NOUN:1
consistencia	NOUN:1
consistente	ADJ:2
consistentemente	ADV:1
consistir	VERB:1
consistorial	ADJ:2
consistorio	NOUN:2
consola	NOUN:1
consolación	PROPN:1	NOUN:1
consolador	ADJ:1	NOUN:2
consolar	VERB:1
consolidación	NOUN:1
consolidar	VERB:1
consomé	NOUN:1
consonancia	NOUN:3
consonante	ADJ:1
consorcio	NOUN:2
consorte	NOUN:4
conspicuo	ADJ:2
conspiración	NOUN:1
conspirador	NOUN:1
conspirar	VERB:1
conspirativo	ADJ:1
constable	ADJ:1
constancia	NOUN:4
constancio	PROPN:2
constante	ADJ:1
constantemente	ADV:1
constantino	PROPN:1
constantinopla	PROPN:1
constanza	PROPN:3
constar	VERB:3
constatación	NOUN:1
constatar	VERB:1
constelación	NOUN:1
consternación	NOUN:1
consternado	ADJ:1
constipación	NOUN:1
constipado	ADJ:1	NOUN:1
constitucional	ADJ:1
constitucionalidad	NOUN:1
constitucionalismo	NOUN:1
constitucionalista	ADJ:1
constitucionalmente	ADV:1
constitución	NOUN:1	PROPN:4
constituir	VERB:1
constitutivo	ADJ:1
constituyente	ADJ:1
constricción	NOUN:1
constrictor	ADJ:1
construcción	NOUN:1
constructivamente	ADV:1
constructivismo	NOUN:1
constructivista	ADJ:1
constructivo	ADJ:1
constructo	NOUN:1
constructor	ADJ:1	NOUN:1
construir	VERB:2
consuelo	NOUN:2	PROPN:1
consuetudinario	ADJ:2
consulado	NOUN:1
consular	ADJ:1
consulta	NOUN:3
consultante	ADJ:1
consultar	VERB:1
consultivo	ADJ:1
consultor	ADJ:1	NOUN:1
consultorio	NOUN:2
consultoría	NOUN:2
consumación	NOUN:2
consumar	VERB:2
consumición	NOUN:1
consumidor	ADJ:1	NOUN:1
consumir	VERB:1
consumismo	NOUN:1
consumista	ADJ:1	NOUN:1
consumo	NOUN:1
consustancial	ADJ:1
contabilidad	NOUN:1
contabilización	NOUN:1
contabilizar	VERB:2
contable	ADJ:1	NOUN:1
contactar	VERB:1
contacto	NOUN:1
contador	NOUN:4
contaduría	NOUN:1
contagiar	VERB:1
contagio	NOUN:1
contagioso	ADJ:1
container	NOUN:1
contaminación	NOUN:1
contaminado	ADJ:2
contaminante	ADJ:1	NOUN:1
contaminar	VERB:3
contante	ADJ:1
contar	VERB:5
contemplación	NOUN:1
contemplar	VERB:5
contemplativo	ADJ:1
contemporaneidad	NOUN:1
contemporáneamente	ADV:1
contemporáneo	ADJ:1
contencioso	ADJ:1	NOUN:1
contención	NOUN:5
contender	VERB:2
contendiente	ADJ:1	NOUN:1
contendor	ADJ:1	NOUN:2
contenedor	ADJ:1	NOUN:2
contener	VERB:4
contenido	NOUN:2
contentar	VERB:2
contento	ADJ:4	NOUN:1
conteo	NOUN:4
contertulio	NOUN:1
contestación	NOUN:3
contestador	ADJ:1	NOUN:1
contestar	VERB:1
contestatario	ADJ:1	NOUN:2
contexto	NOUN:1
contextual	ADJ:1
contextualización	NOUN:1
contextualizar	VERB:1
contextura	NOUN:2
conti	X:1
contienda	NOUN:1
contiguo	ADJ:1
continencia	NOUN:1
continental	ADJ:1
continente	NOUN:1
contingencia	NOUN:1
contingente	ADJ:1
continuación	NOUN:1
continuador	ADJ:1	NOUN:1
continuamente	ADV:2
continuar	VERB:3
continuidad	NOUN:1
continuismo	NOUN:1
continuista	NOUN:2	ADJ:1
continuo	ADJ:4	NOUN:4
continuum	NOUN:4
contorno	NOUN:2
contra	ADP:1	NOUN:5	ADV:1
contraalmirante	NOUN:1
contraatacar	VERB:1
contraataque	NOUN:1
contrabajista	NOUN:2
contrabajo	NOUN:1
contrabandear	VERB:1
contrabandista	NOUN:1
contrabando	NOUN:3
contracara	NOUN:1
contracción	NOUN:1
contracepción	NOUN:1
contrachapado	ADJ:1	NOUN:1
contracorriente	NOUN:1
contractual	ADJ:1
contractualmente	ADV:1
contractura	NOUN:1
contracultura	NOUN:1
contracultural	ADJ:1
contradanza	NOUN:1
contradecir	VERB:1
contradicción	NOUN:1
contradictoriamente	ADV:1
contradictorio	ADJ:2
contraejemplo	NOUN:1
contraer	VERB:3
contraespionaje	NOUN:1
contrafuerte	NOUN:1
contragolpe	NOUN:2
contraindicado	ADJ:1
contrainsurgencia	NOUN:1
contrainteligencia	NOUN:1
contralmirante	NOUN:1
contralor	NOUN:1
contraloría	NOUN:1
contralto	NOUN:1
contraluz	NOUN:2
contramaestre	NOUN:1
contramarcha	NOUN:1
contraofensiva	NOUN:1
contraparte	NOUN:3
contrapartida	NOUN:5
contrapeso	NOUN:1
contrapoder	NOUN:1
contraponer	VERB:1
contraportada	NOUN:1
contraposición	NOUN:1
contraprestación	NOUN:1
contraproducente	ADJ:1
contrapropuesta	NOUN:1
contrapunto	NOUN:3
contrariamente	ADV:1
contrariar	VERB:3
contrariedad	NOUN:2
contrario	ADJ:2
contrarreforma	NOUN:1
contrarreloj	ADJ:1	ADV:1	NOUN:1
contrarrestar	VERB:1
contrarrevolucionario	ADJ:1
contrarrevolución	NOUN:1
contrasentido	NOUN:2
contraseña	NOUN:2
contrastante	ADJ:1
contrastar	VERB:2
contraste	NOUN:4
contratación	NOUN:1
contratante	ADJ:1	NOUN:1
contratapa	NOUN:1
contratar	VERB:2
contraterrorismo	NOUN:1
contratiempo	NOUN:2
contratista	NOUN:1
contrato	NOUN:1
contravención	NOUN:1
contravenir	VERB:1
contreras	PROPN:1
contribución	NOUN:2
contribuir	VERB:1
contributivo	ADJ:2
contribuyente	NOUN:2
contrición	NOUN:1
contrincante	NOUN:3
control	NOUN:6
controlable	ADJ:1
controlador	ADJ:1	NOUN:4
controlar	VERB:6
controversia	NOUN:1
controversial	ADJ:1
controvertido	ADJ:1
contubernio	NOUN:2
contumaz	ADJ:3
contundencia	NOUN:1
contundente	ADJ:4
contundentemente	ADV:1
contusión	NOUN:1
conurbano	NOUN:1
convalecencia	NOUN:1
convaleciente	ADJ:1
convalidación	NOUN:1
convalidar	VERB:1
convección	NOUN:1
convencer	VERB:2
convencido	ADJ:1
convencimiento	NOUN:1
convencional	ADJ:1
convencionalmente	ADV:1
convención	NOUN:1
conveniencia	NOUN:3
conveniente	ADJ:2
convenientemente	ADV:1
convenio	NOUN:3
convenir	VERB:5
conventillo	NOUN:1
convento	NOUN:1
conventual	ADJ:1
convergencia	NOUN:1
convergente	ADJ:3	NOUN:1
converger	VERB:1
conversa	NOUN:1
conversacional	ADJ:1
conversación	NOUN:1
conversador	NOUN:1	ADJ:1
conversar	VERB:2
conversatorio	NOUN:1
conversión	NOUN:1
converso	NOUN:1
conversor	ADJ:1	NOUN:1
convertibilidad	NOUN:1
convertible	ADJ:1	NOUN:1
convertidor	ADJ:1	NOUN:1
convertir	VERB:2
convexo	ADJ:1
convicción	NOUN:1
convicto	ADJ:2	NOUN:1
convidado	NOUN:1
convidar	VERB:2
convincente	ADJ:2
convincentemente	ADV:1
convite	NOUN:2
convivencia	NOUN:1
conviviente	NOUN:1
convivio	NOUN:2
convivir	VERB:1
convocación	NOUN:3
convocante	ADJ:1	NOUN:1
convocar	VERB:2
convocatoria	NOUN:3
convoy	NOUN:1
convulsionar	VERB:2
convulsión	NOUN:1
convulso	ADJ:1
conyugal	ADJ:1
cooficial	ADJ:1
cookie	NOUN:1
cool	ADJ:1
coop	NOUN:1
cooperación	NOUN:1
cooperador	ADJ:2	NOUN:2
cooperante	NOUN:1	ADJ:1
cooperar	VERB:1
cooperativa	NOUN:1
cooperativismo	NOUN:1
cooperativista	NOUN:1
cooperativo	ADJ:1
cooptación	NOUN:1
coordenada	NOUN:1
coordinación	NOUN:1
coordinadamente	ADV:1
coordinador	ADJ:1	NOUN:1
coordinar	VERB:1
copa	NOUN:8
copacabana	PROPN:1
copada	NOUN:1
copado	ADJ:3
copago	NOUN:1
copal	NOUN:2
copar	VERB:7
coparticipación	NOUN:1
copenhague	PROPN:1
copera	NOUN:1
copero	ADJ:1	NOUN:3
copete	NOUN:6
copia	NOUN:2
copiadora	NOUN:1
copiapó	PROPN:3
copiar	VERB:3
copiloto	NOUN:1
copiosamente	ADV:1
copista	NOUN:1
copla	NOUN:2
copo	NOUN:2
copresidente	ADJ:1	NOUN:1
coproducción	NOUN:1
copropiedad	NOUN:1
copropietario	NOUN:1
coprotagonista	NOUN:1
copto	ADJ:1	NOUN:2
copular	VERB:1
copyleft	NOUN:1
copyright	NOUN:1
copán	PROPN:1
copérnico	PROPN:1
copón	NOUN:1
coque	NOUN:1	PROPN:1
coquetear	VERB:3
coqueteo	NOUN:1
coquetería	NOUN:1
coqueto	ADJ:2	NOUN:1
coquimbo	PROPN:4
coquito	NOUN:1
cor	NOUN:4
cora	NOUN:2
coraje	NOUN:2
coral	NOUN:3	ADJ:2
coraza	NOUN:3
corazonada	NOUN:2
corazoncito	NOUN:1
corazón	NOUN:4
corbata	NOUN:1
corbeta	NOUN:1
corcel	NOUN:1
corchete	NOUN:4
corcho	NOUN:2
corcovado	NOUN:1
corcuera	PROPN:1
corda	NOUN:1
cordal	NOUN:2
cordel	NOUN:4
cordelia	PROPN:1
cordero	NOUN:1	PROPN:2
cordial	ADJ:1
cordialidad	NOUN:1
cordialmente	ADV:2
cordillera	NOUN:1	PROPN:3
cordillerano	ADJ:1
cordobés	ADJ:1
cordura	NOUN:3
cordón	NOUN:7	PROPN:1
corea	PROPN:2	NOUN:1
coreano	ADJ:1	NOUN:2
corear	VERB:1
corella	PROPN:2
coreo	NOUN:2
coreografía	NOUN:1
coreográfico	ADJ:1
coreógrafo	NOUN:1
corfú	PROPN:2
cori	PROPN:1
coria	PROPN:1
corina	PROPN:1
corintio	ADJ:1
corintios	PROPN:1
corinto	PROPN:2	ADJ:1
corista	NOUN:2
cornada	NOUN:1
cornamenta	NOUN:1
corneal	ADJ:1
corneja	NOUN:1
cornejo	NOUN:2	PROPN:1
cornelio	PROPN:2
corner	NOUN:1
corneta	NOUN:2	ADV:1
cornetas	ADV:1
cornisa	NOUN:3
corno	NOUN:2
cornualles	PROPN:1
cornucopia	NOUN:1
cornudo	ADJ:2	NOUN:1
coro	NOUN:3
corocoro	NOUN:1
corola	NOUN:1
corolario	NOUN:1
corominas	PROPN:1
corona	NOUN:7	PROPN:1
coronación	NOUN:1
coronal	ADJ:2	NOUN:1
coronamiento	NOUN:1
coronar	VERB:2
coronario	ADJ:1
coronavirus	NOUN:1
coronel	NOUN:1	PROPN:3
coronilla	NOUN:4
corozal	PROPN:1
corozo	NOUN:1
corpiño	NOUN:4
corporación	NOUN:3
corporal	ADJ:2	NOUN:1
corporativismo	NOUN:1
corporativista	NOUN:1
corporativo	ADJ:1
corpulencia	NOUN:1
corpulento	ADJ:2
corpus	NOUN:1
corpóreo	ADJ:2
corral	NOUN:1
corralito	NOUN:2
correa	NOUN:2	PROPN:1
correcaminos	NOUN:1
correccional	ADJ:1	NOUN:1
corrección	NOUN:2
correctamente	ADV:1
correctivo	ADJ:1	NOUN:1
correcto	ADJ:2
corrector	ADJ:1	NOUN:3
corredera	PROPN:1
corredizo	ADJ:1
corredor	NOUN:4	ADJ:2
corregidor	ADJ:1	NOUN:1	PROPN:1
corregimiento	NOUN:1
corregir	VERB:1
correlacionar	VERB:2
correlación	NOUN:1
correlativo	ADJ:1
correlato	NOUN:1
correligionario	NOUN:1
correntino	ADJ:1	NOUN:1
correo	NOUN:3
correr	VERB:7	NOUN:1
correría	NOUN:3
correspondencia	NOUN:2
corresponder	VERB:6
correspondiente	ADJ:2
corresponsabilidad	NOUN:1
corresponsable	NOUN:1
corresponsal	NOUN:1
corresponsalía	NOUN:2
corretaje	NOUN:1
corretear	VERB:3
corrida	NOUN:5
corriente	ADJ:4	NOUN:2
corrientemente	ADV:1
corrillo	NOUN:2
corrimiento	NOUN:3
corro	NOUN:1	PROPN:1
corroboración	NOUN:1
corroborar	VERB:1
corromper	VERB:3
corrompido	ADJ:1	NOUN:1
corrosivo	ADJ:1
corrosión	NOUN:2
corrupción	NOUN:3
corruptela	NOUN:1
corrupto	ADJ:1
corruptor	ADJ:2	NOUN:1
corsario	ADJ:1
corset	NOUN:1
corso	ADJ:1	NOUN:2
corsé	NOUN:1
cortacésped	NOUN:1
cortado	ADJ:6	NOUN:1
cortador	ADJ:1	NOUN:4
cortadora	NOUN:1
cortafuegos	NOUN:3
cortamente	ADV:2
cortante	ADJ:2	NOUN:1
cortar	VERB:8
cortarla	VERB:1
corte	NOUN:8
cortejar	VERB:1
cortejo	NOUN:6
corten	INTJ:1
cortesana	NOUN:1
cortesano	NOUN:1
cortesía	NOUN:3
cortez	PROPN:1
corteza	NOUN:3
cortical	ADJ:1
cortijo	NOUN:1
cortina	NOUN:2	PROPN:1
cortisol	NOUN:1
cortisona	NOUN:1
cortito	ADJ:1
corto	ADJ:4	NOUN:4
cortocircuito	NOUN:1
cortometraje	NOUN:1
cortázar	PROPN:1
cortés	ADJ:1	PROPN:2
cortésmente	ADV:2
coruñés	ADJ:1	NOUN:1
corvina	NOUN:1
corvo	ADJ:1	NOUN:2
corvus	PROPN:1
corzo	NOUN:1	PROPN:1
corán	PROPN:1	NOUN:1
cosa	NOUN:2
cosaco	ADJ:1
cosecha	NOUN:2
cosechadora	NOUN:1
cosechar	VERB:1
coseno	NOUN:1
coser	VERB:1
cosido	NOUN:1
cosificación	NOUN:2
cosmogonía	NOUN:1
cosmología	NOUN:1
cosmológico	ADJ:1
cosmonauta	NOUN:1
cosmopolita	ADJ:1	NOUN:1
cosmopolitismo	NOUN:1
cosmos	NOUN:3
cosmovisión	NOUN:1
cosmética	NOUN:1
cosmético	ADJ:1
cosmógrafo	NOUN:1
coso	NOUN:5
cosplay	NOUN:1
cosplayer	NOUN:1
cosquillas	NOUN:1
cosquilleo	NOUN:1
costa	NOUN:3	PROPN:1
costado	NOUN:4
costal	ADJ:1	NOUN:2
costanera	NOUN:1
costar	VERB:2
costarricense	ADJ:1
coste	NOUN:1
costear	VERB:2
costero	ADJ:1
costeño	NOUN:1
costilla	NOUN:2	PROPN:1
costillar	NOUN:1
costo	NOUN:2
costoso	ADJ:1
costra	NOUN:3
costumbre	NOUN:2
costumbrismo	NOUN:1
costumbrista	ADJ:1	NOUN:1
costura	NOUN:4
costurero	NOUN:2
cota	NOUN:3
cotabato	PROPN:2
cotarro	NOUN:4
cotejar	VERB:1
cotejo	NOUN:2
cotidianamente	ADV:1
cotidianeidad	NOUN:1
cotidianidad	NOUN:1
cotidiano	ADJ:1
cotilla	ADJ:1	NOUN:2
cotillear	VERB:1
cotilleo	NOUN:1
cotillón	NOUN:2
cotiza	NOUN:1
cotización	NOUN:2
cotizado	ADJ:1
cotizar	VERB:4
coto	NOUN:8
cotopaxi	PROPN:1
cotorra	NOUN:5	PROPN:1
cotorrear	VERB:1
cotorro	ADJ:2
couch	NOUN:1
coulomb	NOUN:1
counter	NOUN:2
country	NOUN:1
coupé	NOUN:1
courier	NOUN:1
courrier	NOUN:1
cova	PROPN:1
covadonga	PROPN:2
covalente	ADJ:1
cover	NOUN:1
covid	NOUN:1
cowboy	NOUN:1
coworking	NOUN:2
coxis	NOUN:1
coy	NOUN:1
coya	NOUN:1
coyhaique	PROPN:2
coyote	NOUN:4	PROPN:1
coyuntura	NOUN:3
coyuntural	ADJ:2
coz	NOUN:1
coágulo	NOUN:2
coña	NOUN:1
coñac	NOUN:1
coñazo	NOUN:2	INTJ:1
coño	NOUN:4	ADJ:1	INTJ:1
cpi	PROPN:1
cpu	NOUN:1
crac	INTJ:1	NOUN:2
crack	NOUN:2
cracovia	PROPN:1
craneal	ADJ:1
craneo	NOUN:1
craneoencefálico	ADJ:1
crash	NOUN:1
craso	ADJ:3
crater	PROPN:1
crayola	NOUN:1
crazy	ADJ:1
creacionismo	NOUN:1
creacionista	NOUN:1	ADJ:1
creación	NOUN:2
creador	ADJ:1	NOUN:1
crear	VERB:1
creatina	NOUN:1
creatinina	NOUN:1
creativamente	ADV:1
creatividad	NOUN:1
creativo	ADJ:1
creatura	NOUN:1
crecer	VERB:1
creces	NOUN:1
crecida	NOUN:1
creciente	ADJ:2	NOUN:1
crecientemente	ADV:1
crecimiento	NOUN:1
credencial	ADJ:1	NOUN:1
credibilidad	NOUN:1
crediticio	ADJ:1
credo	NOUN:1
credulidad	NOUN:1
creencia	NOUN:1
creer	VERB:4
crema	NOUN:6	ADJ:1
cremación	NOUN:1
cremallera	NOUN:2	INTJ:1
crematorio	ADJ:1	NOUN:1
cremoso	ADJ:1
crepe	NOUN:1
crepuscular	ADJ:1
crepúsculo	NOUN:2
crescencio	PROPN:1
crescendo	NOUN:1
crespo	ADJ:1	NOUN:1
cresta	NOUN:5	INTJ:1
creta	PROPN:1	NOUN:2
cretense	ADJ:1
cretino	ADJ:2	NOUN:3
cretáceo	ADJ:1	PROPN:1
cretácico	ADJ:1	PROPN:1
crew	NOUN:1
creyente	ADJ:2
creérselo	VERB:2
creíble	ADJ:1
creído	ADJ:1
criadero	NOUN:1
criado	NOUN:1	PROPN:1
criador	NOUN:1
crianza	NOUN:2
criar	VERB:2
criatura	NOUN:2
criba	NOUN:2
cribado	NOUN:2
cric	NOUN:1
cricket	NOUN:1
crimea	PROPN:1
crimen	NOUN:1
criminal	ADJ:1
criminalidad	NOUN:1
criminalista	NOUN:1
criminalización	NOUN:1
criminalizar	VERB:1
criminalmente	ADV:1
criminalística	NOUN:1
criminología	NOUN:1
criminólogo	NOUN:1
crin	NOUN:1
cringe	NOUN:1
criogénico	ADJ:1
criollo	ADJ:2	NOUN:2
cripta	NOUN:1
cripto	NOUN:1
criptografía	NOUN:1
criptomoneda	NOUN:1
criquet	NOUN:1
crisantemo	NOUN:1
crisanto	PROPN:2
crisis	NOUN:2
crisma	NOUN:2
crisol	NOUN:3
crispación	NOUN:3
crispín	PROPN:1
crista	NOUN:1
cristal	NOUN:4
cristalería	NOUN:3
cristalino	ADJ:1	NOUN:1
cristalización	NOUN:1
cristalizar	VERB:2
cristalografía	NOUN:1
cristiandad	NOUN:1
cristianismo	NOUN:2
cristianización	NOUN:1
cristiano	ADJ:1	NOUN:2
cristina	PROPN:2	NOUN:1
cristino	ADJ:1	NOUN:1
cristián	PROPN:1
cristo	PROPN:1	NOUN:2
cristología	NOUN:1
cristopher	PROPN:1
cristóbal	PROPN:1	NOUN:1
crisálida	NOUN:1
crisóstomo	PROPN:2
criterio	NOUN:2
criticable	ADJ:1
criticar	VERB:1
criticismo	NOUN:1
criticón	ADJ:1	NOUN:1
croacia	PROPN:1
croata	ADJ:1	NOUN:2
croc	NOUN:1
crocante	ADJ:1	NOUN:1
crochet	NOUN:1
croissant	NOUN:1
croma	NOUN:1
cromado	NOUN:1
cromatina	NOUN:1
cromatismo	NOUN:1
cromatografía	NOUN:1
cromañón	NOUN:1
cromo	NOUN:3
cromosoma	NOUN:1
cromosómico	ADJ:1
cromático	ADJ:1
cronista	NOUN:2
crono	NOUN:1
cronograma	NOUN:1
cronología	NOUN:2
cronológicamente	ADV:1
cronológico	ADJ:1
cronos	PROPN:1
cronómetro	NOUN:2
croquet	NOUN:1
croqueta	NOUN:2
croquis	NOUN:2
cross	NOUN:1
crossfit	NOUN:1
crossover	NOUN:1
croto	NOUN:1	ADJ:1
crowdfunding	NOUN:1
cruce	NOUN:5
crucero	NOUN:6
crucería	NOUN:1
cruceta	NOUN:6
cruceño	ADJ:1	NOUN:1
crucial	ADJ:1
crucificado	ADJ:1
crucificar	VERB:2
crucifijo	NOUN:1
crucifixión	NOUN:1
crucigrama	NOUN:1
crudamente	ADV:1
crudeza	NOUN:2
crudo	ADJ:5	NOUN:2
cruel	ADJ:2
crueldad	NOUN:1
cruelmente	ADV:1
cruento	ADJ:1
cruising	NOUN:1
crujido	NOUN:2
crujiente	ADJ:1
crujir	VERB:3
crujía	NOUN:2
crunch	NOUN:1
crupier	NOUN:1
crush	NOUN:2
crustáceo	NOUN:1
cruz	NOUN:3	PROPN:3
cruzada	NOUN:1
cruzamiento	NOUN:1
cruzar	VERB:4
cruzeiro	NOUN:1
cráneo	NOUN:1
cráter	NOUN:1
crédito	NOUN:1
crédulo	ADJ:1
cría	NOUN:4
crío	NOUN:1
críptico	ADJ:1
críquet	NOUN:1
crítica	NOUN:2
críticamente	ADV:1
crítico	ADJ:2	NOUN:1
crónica	NOUN:1
crónicamente	ADV:1
crónico	ADJ:1
cs	PROPN:1
cta	NOUN:8
ctm	INTJ:1
ctra	NOUN:1
cu	NOUN:1
cuac	NOUN:1
cuaderna	NOUN:2
cuaderno	NOUN:1
cuado	ADJ:1	NOUN:1
cuadra	NOUN:4
cuadrado	ADJ:1	NOUN:5
cuadragésimo	ADJ:1
cuadrangular	ADJ:1	NOUN:1
cuadrante	NOUN:2
cuadrar	VERB:5
cuadratura	NOUN:1
cuadriculado	ADJ:2
cuadrilla	NOUN:5
cuadrilátero	ADJ:1	NOUN:1
cuadrito	NOUN:1
cuadro	NOUN:8
cuadrícula	NOUN:1
cuadrúpedo	NOUN:1	ADJ:1
cuajada	NOUN:2
cuajado	ADJ:2
cuajar	VERB:5	NOUN:1
cuajo	NOUN:4
cual	ADV:1	PRON:1
cualidad	NOUN:1
cualificación	NOUN:1
cualificado	ADJ:1
cualitativamente	ADV:1
cualitativo	ADJ:1
cualquiera	PRON:1	DET:1	NOUN:2
cuan	ADV:1
cuando	ADV:1
cuantificable	ADJ:1
cuantificación	NOUN:1
cuantificar	VERB:1
cuantioso	ADJ:1
cuantitativamente	ADV:1
cuantitativo	ADJ:1
cuanto	PRON:1	DET:3	ADV:1	NOUN:1
cuantía	NOUN:4
cuarcita	NOUN:1
cuarenta	NUM:1
cuarentena	NOUN:4
cuarentón	NOUN:1
cuaresma	PROPN:1
cuartel	NOUN:4
cuarteta	NOUN:1
cuarteto	NOUN:2
cuartilla	NOUN:4
cuarto	ADJ:1	NOUN:7
cuartos	NOUN:1
cuarzo	NOUN:1
cuasi	ADV:1
cuate	NOUN:2
cuaternario	ADJ:1	NOUN:1
cuatrero	NOUN:1
cuatri	NOUN:1
cuatrienio	NOUN:1
cuatrimestral	ADJ:1
cuatrimestre	NOUN:1	ADJ:1
cuatro	NUM:1	NOUN:1
cuatrocientos	NUM:1
cuauhtémoc	PROPN:3
cuautla	PROPN:1
cuba	PROPN:1	NOUN:1
cubano	ADJ:1	NOUN:1
cubero	NOUN:2
cubertería	NOUN:2
cubeta	NOUN:2
cubil	NOUN:1
cubilete	NOUN:5
cubillas	PROPN:1
cubismo	NOUN:1
cubista	ADJ:1	NOUN:1
cubital	ADJ:1
cubito	NOUN:1
cubo	NOUN:4
cubrimiento	NOUN:1
cubrir	VERB:3
cubículo	NOUN:1
cuc	NOUN:1
cuca	NOUN:7	PROPN:1
cucaracha	NOUN:1
cucha	NOUN:4
cucharada	NOUN:1
cucharadita	NOUN:1
cucharilla	NOUN:4
cucharita	NOUN:1
cucharón	NOUN:2
cuchi	NOUN:2	INTJ:1	ADJ:1
cuchilla	NOUN:7
cuchillada	NOUN:2
cuchillería	NOUN:2
cuchillo	NOUN:2
cuchitril	NOUN:1
cucho	INTJ:1	NOUN:3	ADJ:1
cuco	NOUN:4	ADJ:2
cucurucho	NOUN:5
cucú	ADJ:1	NOUN:2
cudillero	PROPN:1
cueca	NOUN:1
cuelgue	NOUN:1
cuello	NOUN:2
cuenca	NOUN:3	PROPN:3
cuenco	NOUN:1
cuentacuentos	NOUN:1
cuentagotas	NOUN:1
cuentero	NOUN:1
cuentista	NOUN:2
cuer	NOUN:1
cuera	NOUN:1
cuerda	NOUN:5
cuerdo	ADJ:2
cuernavaca	PROPN:2
cuerno	NOUN:4
cuero	NOUN:5
cuerpazo	NOUN:1
cuerpo	NOUN:8
cuervo	NOUN:2
cuestionable	ADJ:1
cuestionamiento	NOUN:1
cuestionar	VERB:1
cuestionario	NOUN:1
cuestión	NOUN:3
cuete	NOUN:6
cueto	PROPN:3	NOUN:1
cueva	NOUN:3	PROPN:1
cui	NOUN:2
cuica	NOUN:1
cuidado	INTJ:3	NOUN:3	ADJ:1
cuidador	NOUN:1
cuidadosamente	ADV:1
cuidadoso	ADJ:2
cuidao	NOUN:3
cuidar	VERB:5
cuido	NOUN:1
cul	ADJ:1
culata	NOUN:3
culatazo	NOUN:1
culear	VERB:2
culebra	NOUN:3	PROPN:1
culebrón	NOUN:3
culero	ADJ:2	ADV:1	NOUN:5
culiacán	PROPN:1
culiado	ADJ:1	NOUN:1
culiao	ADJ:1
culiar	VERB:1
culinario	ADJ:1
culito	NOUN:1
culmen	NOUN:2
culminación	NOUN:1
culminante	ADJ:1
culminar	VERB:2
culo	NOUN:7	ADJ:1
culote	NOUN:3
culotte	NOUN:3
culpa	NOUN:3
culpabilidad	NOUN:2
culpabilizar	VERB:1
culpable	ADJ:2	NOUN:1
culpar	VERB:1
culposo	ADJ:1
cultivable	ADJ:2
cultivador	NOUN:1	ADJ:1
cultivar	VERB:1	NOUN:1
cultivo	NOUN:3
culto	ADJ:3	NOUN:3
cultura	NOUN:5
cultural	ADJ:1
culturalmente	ADV:1
culturismo	NOUN:1
culturista	NOUN:1
culé	ADJ:1	NOUN:1
cum	NOUN:1
cuma	NOUN:1
cumbia	NOUN:1
cumbre	NOUN:3	ADJ:1
cumbrera	NOUN:2
cumpa	NOUN:1
cumpleañero	NOUN:1
cumpleaños	NOUN:1
cumplidor	ADJ:1
cumplimentar	VERB:2
cumplimiento	NOUN:3
cumplir	VERB:8
cuna	NOUN:4
cunda	NOUN:1
cundinamarca	PROPN:1
cuneiforme	ADJ:1
cuneta	NOUN:3
cunnilingus	NOUN:1
cuota	NOUN:2
cupcake	NOUN:1
cupido	NOUN:1	PROPN:2
cuplé	NOUN:1
cupo	NOUN:3
cupé	NOUN:1
cupón	NOUN:1
cuqui	ADJ:1	NOUN:1
cura	NOUN:4
curable	ADJ:1
curaca	NOUN:1
curación	NOUN:2
curado	ADJ:4	NOUN:1
curador	NOUN:3
curaduría	NOUN:2
curandero	NOUN:3
curar	VERB:8
curare	NOUN:1
curativo	ADJ:1
curato	NOUN:1
curazao	PROPN:1	NOUN:1
curda	NOUN:1
curia	NOUN:1
curial	ADJ:1
curicó	PROPN:5
curie	NOUN:1
curio	NOUN:2
curiosamente	ADV:1
curiosear	VERB:2
curiosidad	NOUN:1
curioso	ADJ:4	NOUN:1
curita	NOUN:1
curitiba	PROPN:1
curo	ADJ:1	NOUN:2
currante	ADJ:1	NOUN:1
currar	VERB:1
curricular	ADJ:1
curro	NOUN:4	ADJ:1	PROPN:1
curry	NOUN:1
currícula	NOUN:1
currículo	NOUN:2
currículum	NOUN:1
cursado	ADJ:1
cursar	VERB:1
cursi	ADJ:1
cursilería	NOUN:2
cursiva	NOUN:1
curso	NOUN:4
cursor	NOUN:1
curtido	ADJ:4	NOUN:1
curtir	VERB:8
curul	NOUN:1
curva	NOUN:1
curvado	ADJ:1
curvatura	NOUN:1
curvo	ADJ:1
cuscatlán	PROPN:1
cusco	PROPN:1
cuscús	NOUN:1
cusqueño	NOUN:1
custodia	NOUN:3
custodiar	VERB:2
custodio	NOUN:4	PROPN:2
cute	ADJ:1
cutis	NOUN:1
cutre	ADJ:3
cutáneo	ADJ:1
cutícula	NOUN:1
cuy	NOUN:2
cuyo	DET:1	PROPN:2
cuzco	PROPN:1
cuádriceps	NOUN:1
cuádruple	NOUN:1	ADJ:2
cuál	DET:1	PRON:1
cuán	ADV:1
cuándo	ADV:1
cuántas	PRON:1
cuántico	ADJ:1
cuánto	ADV:1
cuéllar	PROPN:2
cuña	NOUN:8
cuñado	NOUN:2
cuño	NOUN:2
cv	NOUN:1
cyber	NOUN:1
cyberpunk	NOUN:1
cyborg	NOUN:1
cyl	PROPN:1
cábala	NOUN:2
cáceres	PROPN:4
cádiz	PROPN:2
cálcico	ADJ:2
cálculo	NOUN:5
cálidamente	ADV:1
cálido	ADJ:1
cáliz	NOUN:3
cállate	INTJ:1
cámara	NOUN:8
cámbrico	ADJ:1
cámpora	PROPN:1
cáncer	NOUN:1	PROPN:2
cándido	ADJ:2	PROPN:1
cántabro	ADJ:2	NOUN:1
cántaro	NOUN:2
cántico	NOUN:1
cánula	NOUN:1
cápsula	NOUN:4
cárcamo	NOUN:1
cárcel	NOUN:1
cárdenas	PROPN:4
cárnico	ADJ:1
cárpatos	PROPN:1
cártel	NOUN:5
cárter	NOUN:2
cáscara	NOUN:2
cátedra	NOUN:2
cátodo	NOUN:1
cáucaso	PROPN:1
cáustica	NOUN:1
cáustico	ADJ:1
cáñamo	NOUN:2
cédula	NOUN:3
céfiro	NOUN:1	PROPN:1
célebes	PROPN:1
célebre	ADJ:2
célibe	ADJ:1
céltico	ADJ:1
célula	NOUN:2
cénit	NOUN:1
céntimo	ADJ:1	NOUN:1
céntrico	ADJ:2
cérvix	NOUN:1
césar	PROPN:2	NOUN:1
césped	NOUN:3
cíclico	ADJ:1
cíclope	NOUN:1
cínicamente	ADV:1
cínico	ADJ:1	NOUN:1
círculo	NOUN:1
cítara	NOUN:1
cítrico	ADJ:3	NOUN:2
cívico	ADJ:3
cóctel	NOUN:2
códice	NOUN:1
código	NOUN:2
cólera	NOUN:3
cólico	ADJ:1	NOUN:1
cómic	NOUN:1
cómicamente	ADV:1
cómico	ADJ:2	NOUN:1
cómo	ADV:1	INTJ:1	NOUN:1
cómodamente	ADV:2
cómodo	ADJ:3
cómplice	ADJ:1	NOUN:1
cómputo	NOUN:1
cóncavo	ADJ:1	NOUN:2
cónclave	NOUN:1
cóndilo	NOUN:1
cóndor	NOUN:2
cónico	ADJ:1
cónsul	NOUN:2
cónyuge	NOUN:1
cópula	NOUN:3
córcega	PROPN:1
córdoba	PROPN:7	NOUN:1
córdova	PROPN:1
córnea	NOUN:1
córneo	ADJ:1
córner	NOUN:1
córtex	NOUN:1
cósmico	ADJ:1
cúa	NOUN:1
cúbico	ADJ:1
cúbito	NOUN:1
cúcuta	PROPN:1
cúmulo	NOUN:2
cúpula	NOUN:2
cúrcuma	NOUN:2
cúspide	NOUN:1
cúter	NOUN:2
d	NOUN:4
dable	ADJ:2
daca	INTJ:1	PROPN:1
dacha	NOUN:1
dacia	PROPN:1
dación	NOUN:2
dacosta	PROPN:1
dactilar	ADJ:1
dadaísmo	NOUN:1
dador	NOUN:2
daga	NOUN:1
daguestán	PROPN:1
dah	INTJ:1
daiana	PROPN:1
daisy	PROPN:1
dakar	PROPN:1
dale	INTJ:2
dalia	NOUN:1	PROPN:1
dalila	PROPN:2
dalle	NOUN:1
dalmacia	PROPN:2
daltonismo	NOUN:1
daltónico	ADJ:1
dama	NOUN:4
damasceno	ADJ:1
damasco	NOUN:3	PROPN:1
damisela	NOUN:1
damián	PROPN:1
damnificado	NOUN:1	ADJ:2
damocles	PROPN:1
dancing	NOUN:1
dandi	NOUN:1
dandy	NOUN:1
dani	PROPN:2
daniel	PROPN:3
daniela	PROPN:1
danilo	PROPN:1
danta	NOUN:2
dante	PROPN:1
dantesco	ADJ:1
danubio	PROPN:1
danza	NOUN:1
danzante	ADJ:1	NOUN:1
danzar	VERB:1
danzón	NOUN:1
danés	ADJ:2	NOUN:2
daphne	NOUN:1
dar	VERB:8
dardo	NOUN:1
dardos	NOUN:1
dari	NOUN:1
darién	PROPN:1
darwinismo	NOUN:1
darío	PROPN:2
datación	NOUN:1
datar	VERB:2
dativo	ADJ:1
dato	NOUN:1
david	PROPN:2
davis	PROPN:1
dayana	PROPN:1
daza	PROPN:1
dañar	VERB:3
dañino	ADJ:1
daño	NOUN:2
dcho	ADJ:4
ddl	NOUN:1
ddt	NOUN:1
de	ADP:8
dea	NOUN:1
deal	ADJ:1	NOUN:1
dealer	NOUN:1
deambular	VERB:1
debacle	NOUN:1
debajo	ADV:2	ADP:1
debate	NOUN:2
debatible	ADJ:1
debatir	VERB:2
deber	VERB:4	NOUN:4
deberes	NOUN:1
debidamente	ADV:1
debilidad	NOUN:2
debilitamiento	NOUN:1
debilitante	ADJ:1
debilitar	VERB:1
debut	NOUN:1
debutante	ADJ:1	NOUN:1
debutar	VERB:2
decadencia	NOUN:2
decadente	ADJ:2
decaer	VERB:1
decaimiento	NOUN:1
decanato	NOUN:1
decano	NOUN:2
decantación	NOUN:2
decantar	VERB:3
decapitación	NOUN:1
decapitar	VERB:1
decatlón	NOUN:1
decena	NOUN:1	PROPN:1
decenal	ADJ:2
decencia	NOUN:2
decenio	NOUN:1
decente	ADJ:3
decentemente	ADV:1
decepcionado	ADJ:1
decepcionante	ADJ:2
decepcionar	VERB:1
decepción	NOUN:3
deceso	NOUN:1
dechado	NOUN:3
decididamente	ADV:1
decidir	VERB:3
decil	NOUN:1
decimal	ADJ:1
decimocuarto	ADJ:1
decimonónico	ADJ:2
decimoquinto	ADJ:1
decimosexto	ADJ:1
decimoséptimo	ADJ:1
decimotercero	ADJ:1
decir	VERB:6	NOUN:2
decisivamente	ADV:1
decisivo	ADJ:4
decisión	NOUN:1
decisorio	ADJ:1
declamación	NOUN:2
declaración	NOUN:3
declarante	NOUN:1
declarar	VERB:5
declarativo	ADJ:1
declaratoria	NOUN:1
declinación	NOUN:2
declinar	VERB:3
declive	NOUN:2
deco	NOUN:1
decocción	NOUN:1
decodificación	NOUN:1
decodificador	ADJ:1	NOUN:1
decodificar	VERB:1
decoloración	NOUN:1
decomisar	VERB:1
decomiso	NOUN:1
deconstrucción	NOUN:1
deconstruir	VERB:1
decoración	NOUN:1
decorado	ADJ:1	NOUN:3
decorador	NOUN:1
decorar	VERB:5
decorativo	ADJ:1
decoro	NOUN:1
decoroso	ADJ:1
decrecer	VERB:1
decrecido	ADJ:1
decreciente	ADJ:1
decrecimiento	NOUN:1
decremento	NOUN:1
decretar	VERB:1
decreto	NOUN:1
decrépito	ADJ:1
decálogo	NOUN:2	PROPN:1
decúbito	NOUN:1
dedal	NOUN:1
dedazo	NOUN:2
dedicación	NOUN:1
dedicar	VERB:3
dedicatoria	NOUN:1
dedo	NOUN:4
deducción	NOUN:1
deducible	ADJ:1
deducir	VERB:1
deductivo	ADJ:1
default	NOUN:1
defecación	NOUN:1
defecar	VERB:1
defección	NOUN:1
defecto	NOUN:3
defectuoso	ADJ:1
defender	VERB:8
defendible	ADJ:1
defensa	NOUN:4
defensivamente	ADV:1
defensivo	ADJ:1
defensor	ADJ:1	NOUN:2
defensoría	NOUN:1
deferencia	NOUN:1
deferente	ADJ:1
deficiencia	NOUN:1
deficiente	ADJ:2
deficientemente	ADV:1
deficitario	ADJ:1
definición	NOUN:4
definido	ADJ:2
definidor	ADJ:1	NOUN:1
definir	VERB:1
definitivamente	ADV:2
definitivo	ADJ:2
definitorio	ADJ:1
deflación	NOUN:1
deflexión	NOUN:1
deforestación	NOUN:1
deformación	NOUN:1
deformar	VERB:1
deforme	ADJ:1
deformidad	NOUN:1
defraudación	NOUN:1
defraudador	NOUN:1
defraudar	VERB:3
defunción	NOUN:1
degeneración	NOUN:2
degenerado	ADJ:2	NOUN:1
degenerar	VERB:1
deglución	NOUN:1
degollar	VERB:1
degradación	NOUN:2
degradado	NOUN:1
degradante	ADJ:2
degradar	VERB:1
degustación	NOUN:1
degustar	VERB:1
degüello	NOUN:1
dehesa	NOUN:2
dehiscencia	NOUN:1
deidad	NOUN:2
dejación	NOUN:1
dejada	NOUN:1
dejadez	NOUN:2
dejar	VERB:8
del	X:1
dela	X:1
delación	NOUN:1
delantal	NOUN:1
delante	ADV:3	ADP:1
delantera	NOUN:1
delantero	ADJ:2	NOUN:1
delas	X:1
delatar	VERB:2
delator	ADJ:1	NOUN:2
delaware	PROPN:1
delegacional	ADJ:1
delegación	NOUN:1
delegado	NOUN:2
delegar	VERB:1
deleitar	VERB:2
deleite	NOUN:1
deletrear	VERB:2
deletreo	NOUN:1
deleznable	ADJ:5
delfi	PROPN:1
delfina	NOUN:1
delfino	NOUN:1
delfos	PROPN:2
delfín	NOUN:3
delgadez	NOUN:1
delgado	ADJ:2	PROPN:2
delhi	PROPN:1
delia	PROPN:1
deliberación	NOUN:1
deliberadamente	ADV:1
deliberado	ADJ:1
deliberante	ADJ:1
deliberar	VERB:1
deliberativo	ADJ:1
delicadamente	ADV:1
delicadeza	NOUN:3
delicado	ADJ:6
delicatessen	NOUN:1
delicia	NOUN:2
deliciosamente	ADV:1
delicioso	ADJ:2
delictivo	ADJ:1
delictual	ADJ:1
delicuente	NOUN:1
delimitación	NOUN:1
delimitar	VERB:1
delincuencia	NOUN:1
delincuencial	ADJ:1
delincuente	ADJ:2	NOUN:1
delineador	NOUN:1
delineante	NOUN:1
delinear	VERB:1
delinquir	VERB:2
delirante	ADJ:1
delirar	VERB:1
delirio	NOUN:2
delito	NOUN:1
delivery	NOUN:3
dello	X:1
dellos	X:1
delos	X:1
delta	NOUN:2
deltoides	ADJ:1
deluxe	ADJ:1
demaciado	ADV:3
demacrado	ADJ:1
demagogia	NOUN:1
demagogo	ADJ:1	NOUN:2
demagógico	ADJ:1
demanda	NOUN:2
demandado	NOUN:1
demandante	NOUN:1
demandar	VERB:3
demarcación	NOUN:1
demasiado	ADJ:1	ADV:3
demasía	NOUN:3
demencia	NOUN:2
demencial	ADJ:1
demente	ADJ:2
demetrio	PROPN:1
demiurgo	NOUN:1
demo	NOUN:1
democracia	NOUN:2
democratización	NOUN:1
democratizar	VERB:1
democráticamente	ADV:1
democrático	ADJ:1
demografía	NOUN:1
demográficamente	ADV:1
demográfico	ADJ:1
demoledor	ADJ:2	NOUN:1
demoler	VERB:1
demolición	NOUN:1
demoniaco	ADJ:2
demonio	NOUN:1
demonización	NOUN:1
demonizar	VERB:1
demoníaco	ADJ:2
demora	NOUN:1
demorar	VERB:4
demostrable	ADJ:1
demostración	NOUN:2
demostrar	VERB:2
demostrativo	ADJ:1
demás	ADJ:1	ADV:1	PRON:1
demérito	NOUN:1
demócrata	NOUN:1
demócrito	PROPN:1
denario	NOUN:1
dende	ADV:1
denegación	NOUN:1
denegado	ADJ:1
denegar	VERB:2
dengue	NOUN:2
denigración	NOUN:1
denigrante	ADJ:1
denigrar	VERB:1
denim	NOUN:1
denodadamente	ADV:2
denominación	NOUN:1
denominador	ADJ:1	NOUN:2
denominar	VERB:1
denostar	VERB:1
denotar	VERB:2
densamente	ADV:1
densidad	NOUN:2
denso	ADJ:1
dentado	ADJ:2	NOUN:1
dentadura	NOUN:2
dental	ADJ:1
dentario	ADJ:1
dentición	NOUN:1
dentina	NOUN:1
dentista	NOUN:1
dentro	ADV:3
dentífrico	ADJ:1	NOUN:1
denuedo	NOUN:1
denuncia	NOUN:1
denunciable	ADJ:1
denunciante	NOUN:1
denunciar	VERB:4
deontología	NOUN:1
deontológico	ADJ:1
dep	X:1
depa	NOUN:2
deparar	VERB:3
departamental	ADJ:1
departamento	NOUN:2
dependencia	NOUN:2
depender	VERB:3
dependiente	ADJ:1	NOUN:1
depilación	NOUN:1
depilar	VERB:1
deplorable	ADJ:1
deponer	VERB:2
deportación	NOUN:1
deportar	VERB:1
deporte	NOUN:1
deportista	NOUN:1
deportivamente	ADV:2
deportividad	NOUN:1
deportivo	ADJ:2	NOUN:1	PROPN:1
deposición	NOUN:2
depositar	VERB:2
depositario	ADJ:1	NOUN:1
depravación	NOUN:1
depravado	ADJ:1
depre	ADJ:1	NOUN:1
depreciación	NOUN:1
depredación	NOUN:2
depredador	ADJ:1	NOUN:1
depresivo	ADJ:1
depresión	NOUN:2
deprimente	ADJ:2
deprimido	ADJ:1
deprimir	VERB:3
deprisa	ADV:1
depronto	ADV:2
depto	NOUN:1
depuración	NOUN:4
depurado	ADJ:1
depurador	ADJ:1	NOUN:2
depuradora	NOUN:1
depurar	VERB:2
depósito	NOUN:5
derbez	PROPN:1
derbi	NOUN:1
derecha	NOUN:2
derechamente	ADV:2
derechazo	NOUN:1
derechista	ADJ:1	NOUN:1
derecho	ADJ:3	NOUN:3	ADV:2
derechohabiente	NOUN:1
derivación	NOUN:2
derivar	VERB:1
derivativo	ADJ:1
dermatitis	NOUN:1
dermatología	NOUN:1
dermatólogo	NOUN:1
dermis	NOUN:1
derogación	NOUN:1
derogar	VERB:1
derrama	NOUN:2
derramado	ADJ:1
derramamiento	NOUN:3
derramar	VERB:3
derrame	NOUN:2
derrapar	VERB:1
derrape	NOUN:1
derredor	NOUN:1
derrepente	ADV:1
derretido	ADJ:2	NOUN:2
derretimiento	NOUN:1
derretir	VERB:2
derribar	VERB:4
derribo	NOUN:1
derrito	NOUN:1
derrocamiento	NOUN:1
derrocar	VERB:4
derrochador	ADJ:1
derrochar	VERB:1
derroche	NOUN:3
derrota	NOUN:3
derrotar	VERB:1
derrotero	NOUN:2
derrotismo	NOUN:1
derrotista	ADJ:1
derrumbamiento	NOUN:1
derrumbar	VERB:3
derrumbe	NOUN:3
des	VERB:8
desa	X:1
desabastecimiento	NOUN:1
desabasto	NOUN:1
desabrochar	VERB:1
desacato	NOUN:1
desaceleración	NOUN:1
desacelerar	VERB:1
desacertado	ADJ:1
desacierto	NOUN:1
desacreditado	ADJ:1
desacreditar	VERB:1
desactivación	NOUN:2
desactivar	VERB:2
desacuerdo	NOUN:1
desafección	NOUN:1
desafiante	ADJ:1	NOUN:2
desafiar	VERB:4
desafiliación	NOUN:1
desaforado	ADJ:1
desafortunadamente	ADV:1
desafortunado	ADJ:1
desafuero	NOUN:3
desafío	NOUN:2
desagradable	ADJ:2
desagradablemente	ADV:1
desagradecido	ADJ:1
desagrado	NOUN:1
desagravio	NOUN:1
desaguadero	NOUN:1
desaguar	VERB:2
desaguisado	ADJ:1	NOUN:2
desagüe	NOUN:1
desahogar	VERB:3
desahogo	NOUN:2
desahuciar	VERB:2
desahucio	NOUN:1
desaire	NOUN:1
desajuste	NOUN:3
desalentado	ADJ:1
desalentador	ADJ:1
desalentar	VERB:2
desaliento	NOUN:1
desalinización	NOUN:1
desaliñado	ADJ:1
desalmado	ADJ:3
desalojar	VERB:2
desalojo	NOUN:1
desamor	NOUN:6
desamortización	NOUN:1
desamparados	PROPN:1
desamparo	NOUN:2
desandar	VERB:1
desangrar	VERB:2
desangre	NOUN:1
desanimado	ADJ:2
desanimar	VERB:1
desaparecer	VERB:4
desaparición	NOUN:2
desapego	NOUN:1
desapercibido	ADJ:1
desaprender	VERB:1
desaprobación	NOUN:1
desaprobar	VERB:2
desaprovechado	ADJ:3
desaprovechar	VERB:2
desarmado	ADJ:2
desarmar	VERB:3
desarme	NOUN:1
desarollo	NOUN:1
desarraigar	VERB:1
desarraigo	NOUN:2
desarrollador	NOUN:2
desarrollar	VERB:1
desarrollismo	NOUN:1
desarrollista	NOUN:1
desarrollo	NOUN:1
desarticulación	NOUN:1
desarticular	VERB:3
desasosiego	NOUN:2
desastre	NOUN:5
desastroso	ADJ:2
desatar	VERB:2
desatención	NOUN:1
desatender	VERB:2
desatino	NOUN:2
desautorizar	VERB:1
desavenencia	NOUN:1
desayunado	ADJ:1
desayunar	VERB:2
desayuno	NOUN:1
desazón	NOUN:4
desbalance	NOUN:1
desbancar	VERB:3
desbandada	NOUN:1
desbarajuste	NOUN:1
desbaratar	VERB:3
desbloquear	VERB:2
desbloqueo	NOUN:1
desbocado	ADJ:3
desbordamiento	NOUN:1
desbordante	ADJ:1
desbordar	VERB:3
desborde	VERB:3
descabellado	ADJ:1
descafeinado	ADJ:1	NOUN:1
descalabro	NOUN:2
descalificación	NOUN:3
descalificar	VERB:2
descalzo	ADJ:1
descamación	NOUN:1
descampado	NOUN:1
descansado	ADJ:2
descansar	VERB:3
descanso	NOUN:3
descapotable	NOUN:1
descaradamente	ADV:4
descarado	ADJ:4
descarga	NOUN:7
descargable	ADJ:1
descargar	VERB:4
descargo	NOUN:3
descarnado	ADJ:1
descaro	NOUN:1
descarrilamiento	NOUN:2
descarrilar	VERB:1
descartable	ADJ:1
descartar	VERB:2
descarte	NOUN:3
descendencia	NOUN:2
descendente	ADJ:1
descender	VERB:1
descendiente	NOUN:2
descendimiento	NOUN:1
descenso	NOUN:2
descentralización	NOUN:1
descentralizar	VERB:1
descerebrado	ADJ:1	NOUN:1
desciframiento	NOUN:1
descifrar	VERB:1
desclasificación	NOUN:2
descolgar	VERB:4
descolocado	ADJ:2
descolonización	NOUN:1
descolorido	ADJ:1
descompensación	NOUN:2
descomponer	VERB:3
descomposición	NOUN:1
descompostura	NOUN:3
descompresión	NOUN:1
descomprimir	VERB:2
descomunal	ADJ:2
desconcentración	NOUN:2
desconcertado	ADJ:1
desconcertante	ADJ:2
desconcierto	NOUN:2
desconectado	ADJ:2
desconectar	VERB:4
desconexión	NOUN:1
desconfiado	ADJ:2
desconfianza	NOUN:1
desconfiar	VERB:1
descongelar	VERB:3
descongestionar	VERB:1
desconocer	VERB:2
desconocido	ADJ:3	NOUN:3
desconocimiento	NOUN:1
desconsideración	NOUN:1
desconsiderado	ADJ:2
desconsoladamente	ADV:1
desconsolado	ADJ:3
desconsuelo	NOUN:2
descontaminación	NOUN:1
descontar	VERB:1
descontento	ADJ:1	NOUN:1
descontrol	NOUN:1
descontrolado	ADJ:1
descoordinación	NOUN:1
descorazonador	ADJ:1
descorchar	VERB:1
descortesía	NOUN:2
descortés	ADJ:1
descosido	ADJ:1
describir	VERB:2
descripción	NOUN:1
descriptivo	ADJ:1
descriptor	NOUN:1
descrédito	NOUN:1
descuartizar	VERB:2
descubridor	ADJ:1	NOUN:1
descubrimiento	NOUN:3
descubrir	VERB:3
descuento	NOUN:2
descuida	INTJ:1
descuidadamente	ADV:1
descuidado	ADJ:4
descuidar	VERB:4
descuide	INTJ:1
descuido	NOUN:3
desde	ADP:3
desdentado	ADJ:1
desdeñable	ADJ:1
desdeñar	VERB:1
desdeñosa	NOUN:1
desdeñoso	ADJ:1
desdicha	NOUN:2
desdichado	ADJ:1
desdoblamiento	NOUN:2
desdoblar	VERB:3
desdémona	PROPN:1
desdén	NOUN:1
dese	X:1	NOUN:1
deseable	ADJ:1
deseado	ADJ:1
desear	VERB:3
desecación	NOUN:2
desechable	ADJ:2
desechar	VERB:3
desecho	NOUN:2
desembarcar	VERB:2
desembarco	NOUN:3
desembarque	NOUN:1
desembocadura	NOUN:1
desembocar	VERB:2
desembolsar	VERB:1
desembolso	NOUN:1
desemboque	VERB:2
desempate	NOUN:1
desempeñar	VERB:3
desempeño	NOUN:1
desempleado	ADJ:1	NOUN:1
desempleo	NOUN:1
desempolvar	VERB:1
desencadenamiento	NOUN:1
desencadenante	ADJ:1	NOUN:1
desencadenar	VERB:3
desencantado	ADJ:1
desencanto	NOUN:2
desenchufar	VERB:1
desencriptar	VERB:1
desencuentro	NOUN:2
desenfadado	ADJ:2
desenfado	NOUN:2
desenfoque	NOUN:1
desenfrenado	ADJ:1
desenfreno	NOUN:1
desengañado	ADJ:1
desengaño	NOUN:2
desenlace	NOUN:3
desenmascarar	VERB:1
desenredar	VERB:1
desentenderse	VERB:1
desenterrar	VERB:2
desentrañar	VERB:2
desenvoltura	NOUN:1
desenvolver	VERB:3
desenvolvimiento	NOUN:1
desenvuelto	ADJ:4
deseo	NOUN:1
deseoso	ADJ:2
desequilibrado	ADJ:2
desequilibrar	VERB:2
desequilibrio	NOUN:2
deserción	NOUN:1
desertar	VERB:1
desertificación	NOUN:1
desertización	NOUN:1
desertor	NOUN:1	ADJ:1
desesperación	NOUN:1
desesperadamente	ADV:2
desesperante	ADJ:1
desesperanza	NOUN:1
desesperanzado	ADJ:1
desesperar	VERB:2
desespero	NOUN:1
desestabilización	NOUN:1
desestabilizador	ADJ:1
desestabilizar	VERB:1
desestimación	NOUN:2
desestimar	VERB:1
desfachatez	NOUN:1
desfalco	NOUN:1
desfallecer	VERB:1
desfasado	ADJ:1
desfase	NOUN:6
desfavorable	ADJ:1
desfavorablemente	ADV:1
desfavorecido	ADJ:1
desfibrilador	NOUN:1
desfiguración	NOUN:1
desfigurar	VERB:2
desfiladero	NOUN:1
desfilar	VERB:1
desfile	NOUN:1
desgana	NOUN:1
desganado	ADJ:3
desgano	NOUN:1
desgarrador	ADJ:2
desgarrar	VERB:2
desgarre	NOUN:1
desgarro	NOUN:3
desgastante	ADJ:1
desgastar	VERB:3
desgaste	NOUN:3
desglosar	VERB:1
desglose	NOUN:1
desgobierno	NOUN:1
desgracia	NOUN:3
desgraciadamente	ADV:1
desgraciado	ADJ:1	NOUN:3
desgranar	VERB:4
desgravación	NOUN:1
desguace	NOUN:2
deshabilitar	VERB:2
deshabitado	ADJ:1
deshacer	VERB:8
deshidratación	NOUN:1
deshidratado	ADJ:1
deshidrogenasa	NOUN:1
deshielo	NOUN:2
deshonestidad	NOUN:1
deshonesto	ADJ:1
deshonor	NOUN:1
deshonra	NOUN:2
deshonrar	VERB:1
deshonroso	ADJ:1
deshumanización	NOUN:1
deshumanizado	ADJ:1
deshumanizante	ADJ:1
desidia	NOUN:2
desierto	ADJ:3
designación	NOUN:1
designar	VERB:1
designio	NOUN:1
desigual	ADJ:3
desigualdad	NOUN:1
desilusionado	ADJ:2
desilusionar	VERB:2
desilusión	NOUN:2
desincentivar	VERB:1
desindustrialización	NOUN:1
desinfección	NOUN:1
desinfectante	ADJ:1
desinfectar	VERB:1
desinflar	VERB:1
desinformación	NOUN:2
desinformado	ADJ:1
desinformar	VERB:1
desinstalar	VERB:1
desintegración	NOUN:1
desintegrar	VERB:1
desinteresadamente	ADV:1
desinteresado	ADJ:2
desinterés	NOUN:1
desintoxicación	NOUN:1
desintoxicar	VERB:1
desinversión	NOUN:1
desistimiento	NOUN:1
desistir	VERB:2
deslave	NOUN:2
desleal	ADJ:1
deslealtad	NOUN:1
deslegitimación	NOUN:1
deslegitimar	VERB:1
desligar	VERB:3
deslindar	VERB:1
deslinde	NOUN:2
desliz	NOUN:2
deslizamiento	NOUN:2
deslizante	ADJ:1
deslizar	VERB:5
deslocalización	NOUN:2
deslucido	ADJ:2
deslumbramiento	NOUN:3
deslumbrante	ADJ:1
deslumbrar	VERB:2
desmadre	NOUN:1
desmantelamiento	NOUN:1
desmantelar	VERB:1
desmarcado	ADJ:2
desmayado	ADJ:2
desmayar	VERB:3
desmayo	NOUN:1
desmedido	ADJ:1
desmedro	NOUN:1
desmembración	NOUN:1
desmembramiento	NOUN:1
desmembrar	VERB:2
desmemoria	NOUN:1
desmentir	VERB:2
desmenuzar	VERB:2
desmerecer	VERB:2
desmesura	NOUN:2
desmesuradamente	ADV:1
desmesurado	ADJ:2
desmilitarización	NOUN:1
desmitificar	VERB:1
desmontable	ADJ:1
desmontaje	NOUN:2
desmontar	VERB:5
desmonte	NOUN:2
desmoralización	NOUN:1
desmoralizar	VERB:2
desmoronamiento	NOUN:1
desmoronar	VERB:1
desmotivación	NOUN:1
desmovilización	NOUN:1
desmovilizar	VERB:1
desnacionalización	NOUN:1
desnaturalización	NOUN:1
desnivel	NOUN:3
desnuclearización	NOUN:1
desnudar	VERB:1
desnudez	NOUN:1
desnudo	ADJ:4
desnutrición	NOUN:1
desnutrido	ADJ:1
deso	X:1
desobedecer	VERB:1
desobediencia	NOUN:1
desobediente	ADJ:2
desocupación	NOUN:2
desocupado	ADJ:2
desocupar	VERB:1
desodorante	NOUN:1
desolación	NOUN:1
desolado	ADJ:2
desolador	ADJ:1
desorbitado	ADJ:1
desorden	NOUN:2
desordenado	ADJ:1
desordenar	VERB:1
desorganización	NOUN:1
desorganizado	ADJ:1
desorientación	NOUN:1
desorientado	ADJ:1
desorientar	VERB:1
desove	NOUN:1
despachador	NOUN:1
despachar	VERB:6
despacho	NOUN:2
despacio	ADV:2
despacito	ADJ:1
despampanante	ADJ:1
desparecer	VERB:4
desparpajo	NOUN:4
desparramado	ADJ:1
despavorido	ADJ:1
despechado	ADJ:1
despecho	NOUN:4
despectivamente	ADV:1
despectivo	ADJ:1
despedazar	VERB:3
despedida	NOUN:3
despedir	VERB:3
despegar	VERB:3
despegue	NOUN:1
despeinado	ADJ:2
despejado	ADJ:2
despejar	VERB:5
despeje	NOUN:1
despejo	NOUN:1
despelote	NOUN:1
despenalización	NOUN:1
despenalizar	VERB:1
despensa	NOUN:1
desperdiciado	ADJ:1
desperdiciar	VERB:1
desperdicio	NOUN:1
desperfecto	NOUN:1
despersonalización	NOUN:1
despertador	NOUN:1
despertar	VERB:4	NOUN:1
despeñadero	NOUN:1
despeñaperros	PROPN:1
despiadadamente	ADV:1
despiadado	ADJ:1
despido	NOUN:1
despiece	NOUN:1
despierto	ADJ:1
despilfarrar	VERB:1
despilfarro	NOUN:1
despistado	ADJ:1
despistar	VERB:3
despiste	NOUN:2
desplante	NOUN:4
desplazamiento	NOUN:4
desplazar	VERB:2
desplegable	ADJ:3	NOUN:3
desplegar	VERB:2
despliegue	NOUN:2
desplome	NOUN:1
despoblación	NOUN:1
despoblado	ADJ:1
despoblamiento	NOUN:1
despojado	ADJ:1
despojar	VERB:2
despojo	NOUN:4
despolarización	NOUN:1
despolitización	NOUN:1
despolitizar	VERB:1
desposesión	NOUN:1
despotismo	NOUN:1
despotricar	VERB:1
despreciable	ADJ:2
despreciar	VERB:1
desprecio	NOUN:1
desprender	VERB:2
desprendimiento	NOUN:3
despreocupación	NOUN:2
despreocupadamente	ADV:1
despreocupado	ADJ:3
desprestigiar	VERB:1
desprestigio	NOUN:1
desprevenido	ADJ:3
desprolijo	ADJ:1
desproporcionadamente	ADV:1
desproporcionado	ADJ:1
desproporción	NOUN:1
despropósito	NOUN:1
desprotección	NOUN:1
desprotegido	ADJ:1
desprovisto	ADJ:1
despues	ADV:3
despuntar	VERB:2
después	ADV:3
despótico	ADJ:1
desquiciado	ADJ:1
desquitar	VERB:2
desquite	NOUN:1
desregulación	NOUN:1
desta	X:1
destacable	ADJ:1
destacamento	NOUN:1
destacar	VERB:5
destajo	NOUN:1
destapar	VERB:3
destape	NOUN:1
destaque	NOUN:1
destartalado	ADJ:1
deste	X:1
destello	NOUN:2
desterrado	ADJ:1
desterrar	VERB:1
destete	NOUN:1
destierro	NOUN:2
destilación	NOUN:1
destilar	VERB:3
destilería	NOUN:1
destinación	NOUN:1
destinar	VERB:2
destinatario	NOUN:1
destino	NOUN:4
destitución	NOUN:1
destituir	VERB:1
destornillador	NOUN:1
destrabar	VERB:1
destreza	NOUN:2
destripador	NOUN:1
destripar	VERB:3
destronar	VERB:1
destrozado	ADJ:3
destrozar	VERB:1
destrozo	NOUN:2
destrucción	NOUN:1
destructivo	ADJ:1
destructor	ADJ:2	NOUN:2
destruir	VERB:1
desubicado	ADJ:1
desunión	NOUN:2
desuso	NOUN:3
desvalido	ADJ:1
desvalorización	NOUN:1
desvanecer	VERB:2
desvanecimiento	NOUN:1
desvarío	NOUN:1
desvelar	VERB:5
desvelo	NOUN:2
desventaja	NOUN:1
desventura	NOUN:3
desvergonzado	ADJ:1
desvergüenza	NOUN:1
desviación	NOUN:2
desviar	VERB:8
desvinculación	NOUN:1
desvincular	VERB:2
desvirtuar	VERB:1
desván	NOUN:1
desvío	NOUN:3
desánimo	NOUN:1
desértico	ADJ:1
detalladamente	ADV:1
detallado	ADJ:2
detallar	VERB:1
detalle	NOUN:3
detallista	ADJ:2	NOUN:2
detección	NOUN:1
detectable	ADJ:1
detectar	VERB:1
detective	NOUN:1
detector	ADJ:1	NOUN:1
detención	NOUN:4
detener	VERB:4
detenidamente	ADV:1
detenimiento	NOUN:1
detentar	VERB:1
detente	NOUN:3
detergente	ADJ:1
deteriorar	VERB:2
deterioro	NOUN:1
determinación	NOUN:5
determinado	ADJ:3
determinante	NOUN:2	ADJ:1
determinar	VERB:1
determinismo	NOUN:1
determinista	ADJ:1	NOUN:1
detestable	ADJ:1
detestar	VERB:1
detonación	NOUN:1
detonado	ADJ:2
detonador	ADJ:1	NOUN:2
detonante	ADJ:1	NOUN:1
detonar	VERB:2
detractor	NOUN:1
detrimento	NOUN:1
detritus	NOUN:1
detroit	PROPN:1
detrás	ADV:2	ADP:1
deuda	NOUN:3
deudor	NOUN:1
deuterio	NOUN:1
deuteronomio	PROPN:1
devaluación	NOUN:1
devaluar	VERB:1
devastación	NOUN:1
devastado	ADJ:1
devastador	ADJ:2
devastar	VERB:1
develación	NOUN:1
develar	VERB:1
devengo	NOUN:1
devenir	VERB:2	NOUN:1
devocional	ADJ:1
devoción	NOUN:1
devolución	NOUN:3
devolver	VERB:4
devorador	ADJ:1	NOUN:1
devorar	VERB:2
devotamente	ADV:1
devoto	ADJ:2	NOUN:2
devuelta	NOUN:1
devónico	ADJ:1
dexametasona	NOUN:1
dextrosa	NOUN:1
deán	NOUN:2
df	PROPN:1
dhs	PROPN:1
diabetes	NOUN:1
diablito	NOUN:3
diablo	NOUN:2	PROPN:1
diabético	ADJ:1
diabólico	ADJ:1
diaconado	NOUN:1
diadema	NOUN:4
diafragma	NOUN:6
diagnosis	NOUN:1
diagnosticar	VERB:1
diagnóstico	ADJ:1	NOUN:1
diagonal	ADJ:1
diagonalmente	ADV:1
diagrama	NOUN:1
diagramación	NOUN:1
diaguita	ADJ:1
dial	NOUN:1	ADJ:1
dialectal	ADJ:1
dialecto	NOUN:2
dialectología	NOUN:1
dialogante	ADJ:1	NOUN:1
dialogar	VERB:2
dialéctico	ADJ:1
diamante	NOUN:3
diametralmente	ADV:1
diana	PROPN:2	NOUN:3
diantre	NOUN:1	INTJ:1
diantres	ADV:1
diapasón	NOUN:3
diapositiva	NOUN:2
diariamente	ADV:1
diario	ADJ:1	NOUN:2
diarrea	NOUN:1
diatriba	NOUN:1
diazepam	NOUN:1
dibujante	ADJ:1	NOUN:1
dibujar	VERB:5
dibujo	NOUN:2
diccionario	NOUN:1
dicción	NOUN:1
dicho	ADJ:1	DET:1	NOUN:4
dichoso	ADJ:3
diciembre	NOUN:1
dicotomía	NOUN:3
dictablanda	NOUN:1
dictador	NOUN:1
dictadura	NOUN:1
dictamen	NOUN:2
dictaminar	VERB:1
dictar	VERB:4
dictatorial	ADJ:1
didáctico	ADJ:1
diecinueve	NUM:1
dieciocho	NUM:1	PROPN:1
dieciseisavos	NOUN:1
diecisiete	NUM:1
dieciséis	NUM:1
diego	PROPN:1
diente	NOUN:3
diesel	NOUN:1
diestra	NOUN:1
diestro	ADJ:4	NOUN:2
dieta	NOUN:3
dietario	ADJ:1	NOUN:1
dietista	NOUN:1
dietética	NOUN:1
dietético	ADJ:1
diez	NUM:1	NOUN:1	PROPN:1
diezmar	VERB:2
diezmo	NOUN:1	ADJ:1
difamación	NOUN:1
difamar	VERB:1
difamatorio	ADJ:1
diferencia	NOUN:2
diferenciación	NOUN:1
diferenciador	ADJ:1
diferencial	ADJ:1	NOUN:1
diferenciar	VERB:1
diferendo	NOUN:1
diferente	ADJ:1	ADV:1
diferentemente	ADV:1
diferido	NOUN:1
diferir	VERB:2
dificil	ADJ:4
dificultad	NOUN:3
dificultar	VERB:1
dificultoso	ADJ:1
difracción	NOUN:1
difteria	NOUN:1
difuminar	VERB:2
difundir	VERB:1
difunto	ADJ:1
difusión	NOUN:1
difuso	ADJ:2
difusor	ADJ:1	NOUN:2
difícil	ADJ:4
difícilmente	ADV:2
digamos	X:1
digerible	ADJ:1
digerir	VERB:1
digestibilidad	NOUN:1
digestivo	ADJ:1
digestión	NOUN:1
digitación	NOUN:1
digital	ADJ:4	NOUN:1
digitalización	NOUN:1
digitalizar	VERB:1
digitalmente	ADV:1
dignamente	ADV:1
dignatario	NOUN:1
digne	VERB:1
dignidad	NOUN:1
dignificación	NOUN:1
dignificar	VERB:1
digno	ADJ:3
digoxina	NOUN:1
digresión	NOUN:1
dijon	PROPN:1
dilación	NOUN:2
dilapidar	VERB:1
dilatación	NOUN:2
dilatado	ADJ:1
dilatar	VERB:3
dildo	NOUN:1
dilema	NOUN:1
dili	PROPN:1
diligencia	NOUN:3
diligente	ADJ:2
diligentemente	ADV:1
dilucidar	VERB:2
dilución	NOUN:1
diluir	VERB:1
diluvio	NOUN:1
dimas	PROPN:1
dimensional	ADJ:1
dimensionar	VERB:1
dimensión	NOUN:3
diminutivo	ADJ:1
diminuto	ADJ:2
dimisión	NOUN:2
dimitir	VERB:1
dimorfismo	NOUN:1
din	NOUN:2
dina	PROPN:1	NOUN:1
dinamarca	PROPN:1
dinamismo	NOUN:1
dinamita	NOUN:1
dinamitar	VERB:1
dinamización	NOUN:1
dinamizador	ADJ:1
dinamizar	VERB:1
dinamo	NOUN:1
dinar	NOUN:1
dinastía	NOUN:1
dineral	NOUN:1
dinero	NOUN:2
dingo	NOUN:1
dino	ADJ:3
dinosaurio	NOUN:1
dintel	NOUN:1
dinámicamente	ADV:1
dinámico	ADJ:1
dinástico	ADJ:1
diocesano	ADJ:1
diocleciano	PROPN:1	ADJ:1
diodo	NOUN:1
diomedes	PROPN:1
dion	PROPN:1
dionisio	PROPN:1
dioniso	PROPN:1
diorama	NOUN:1
dios	NOUN:1	PROPN:1
diosa	NOUN:2
diosdado	PROPN:1
dip	NOUN:1
diploma	NOUN:1
diplomacia	NOUN:1
diplomado	ADJ:1	NOUN:2
diplomatura	NOUN:1
diplomáticamente	ADV:1
diplomático	ADJ:1	NOUN:1
dipolo	NOUN:1
diptongo	NOUN:1
diputación	NOUN:1
diputado	NOUN:2
dique	NOUN:4	ADV:1	INTJ:1
direccional	ADJ:1	NOUN:1
direccionalidad	NOUN:1
direccionamiento	NOUN:1
direccionar	VERB:2
dirección	NOUN:4
directamente	ADV:2
directiva	NOUN:1
directivo	ADJ:1	NOUN:1
directo	ADJ:5	NOUN:1
director	NOUN:4
directora	NOUN:1
directorio	NOUN:2
directriz	NOUN:2
dirigencia	NOUN:1
dirigencial	ADJ:1
dirigente	ADJ:2	NOUN:1
dirigible	NOUN:1
dirigir	VERB:5
dirimir	VERB:2
discal	ADJ:1
discapacidad	NOUN:1
discapacitado	ADJ:1
discazo	NOUN:1
discernimiento	NOUN:1
discernir	VERB:2
disciplina	NOUN:3
disciplinado	ADJ:1
disciplinar	VERB:1	ADJ:1
disciplinario	ADJ:1
disco	NOUN:6
discografía	NOUN:1
discográfico	ADJ:1
disconforme	ADJ:1
disconformidad	NOUN:1
discontinuidad	NOUN:1
discontinuo	ADJ:1
discordancia	NOUN:1
discordante	ADJ:2
discordia	NOUN:3
discoteca	NOUN:1
discrecional	ADJ:1
discrecionalidad	NOUN:1
discrecionalmente	ADV:1
discreción	NOUN:1
discrepancia	NOUN:2
discrepante	ADJ:2
discrepar	VERB:1
discretamente	ADV:1
discreto	ADJ:4
discrimen	NOUN:2
discriminación	NOUN:1
discriminador	ADJ:1	NOUN:1
discriminante	ADJ:1
discriminar	VERB:1
discriminatorio	ADJ:1
disculpa	NOUN:2	INTJ:1
disculpar	VERB:2
disculpe	INTJ:1
discurrir	VERB:6
discursivo	ADJ:1
discurso	NOUN:2
discusión	NOUN:3
discutible	ADJ:1
discutir	VERB:2
discípulo	NOUN:2
disecado	ADJ:3	NOUN:2
diseccionar	VERB:1
disección	NOUN:1
diseminación	NOUN:1
diseminar	VERB:1
disensión	NOUN:2
disenso	NOUN:1
disentería	NOUN:1
disentimiento	NOUN:1
disentir	VERB:1
disertación	NOUN:1
disertante	NOUN:1
disertar	VERB:2
diseñador	NOUN:1
diseñar	VERB:1
diseño	NOUN:3
disfagia	NOUN:1
disforia	NOUN:1
disfraz	NOUN:2
disfrazar	VERB:2
disfrutable	ADJ:1
disfrutar	VERB:1
disfrute	NOUN:1
disfuncional	ADJ:1
disfunción	NOUN:1
disgregación	NOUN:1
disgustado	ADJ:4
disgustar	VERB:3
disgusto	NOUN:3
disidencia	NOUN:1
disidente	ADJ:1	NOUN:1
disimuladamente	ADV:1
disimulado	ADJ:1
disimular	VERB:2
disimulo	NOUN:1
disipación	NOUN:2
disipador	ADJ:1	NOUN:1
disipar	VERB:1
dislexia	NOUN:2
dislocación	NOUN:2
disléxico	ADJ:1
disminución	NOUN:1
disminuido	ADJ:1
disminuir	VERB:1
disnea	NOUN:1
disney	NOUN:1
disneylandia	PROPN:1
disociación	NOUN:1
disociativo	ADJ:1
disolución	NOUN:2
disolvente	ADJ:1	NOUN:1
disolver	VERB:3
disonancia	NOUN:1
disonante	ADJ:1
dispar	ADJ:4
disparador	NOUN:3
disparar	VERB:3
disparatado	ADJ:3
disparate	NOUN:4
disparidad	NOUN:1
disparo	NOUN:2
dispendio	NOUN:1
dispensa	NOUN:1
dispensación	NOUN:1
dispensador	NOUN:1	ADJ:1
dispensar	VERB:2
dispensario	NOUN:2
dispepsia	NOUN:1
dispersar	VERB:1
dispersión	NOUN:1
disperso	ADJ:2
displasia	NOUN:1
display	NOUN:1
displicente	ADJ:1
disponer	VERB:4
disponibilidad	NOUN:1
disponible	ADJ:1
disposición	NOUN:6
dispositivo	ADJ:1	NOUN:2
dispuesto	ADJ:2
disputa	NOUN:3
disputar	VERB:1
disquera	NOUN:1
disquete	NOUN:1
disrupción	NOUN:1
disruptivo	ADJ:1
distal	ADJ:1
distancia	NOUN:1
distanciamiento	NOUN:2
distanciar	VERB:2
distante	ADJ:2
distendido	ADJ:1
distensión	NOUN:2
distinción	NOUN:1
distingo	NOUN:1
distinguible	ADJ:1
distinguir	VERB:4
distintivo	ADJ:1	NOUN:1
distinto	ADJ:1	ADV:1
distopía	NOUN:1
distorsionado	ADJ:1
distorsionar	VERB:1
distorsión	NOUN:1
distracción	NOUN:1
distractor	NOUN:1	ADJ:1
distraer	VERB:2
distraído	ADJ:1
distribución	NOUN:1
distribuidor	NOUN:2
distribuidora	NOUN:1
distribuir	VERB:1
distributivo	ADJ:1
distrital	ADJ:1
distrito	NOUN:1
distrofia	NOUN:1
disturbio	NOUN:1
distópico	ADJ:1
disuadir	VERB:1
disuasivo	ADJ:1
disuasión	NOUN:1
disuasorio	ADJ:1
disuelto	ADJ:1
disyunción	NOUN:1
disyuntiva	NOUN:2
dita	NOUN:1
diu	NOUN:1
diurno	ADJ:1	NOUN:1
diurético	ADJ:1
diva	NOUN:1
divagar	VERB:2
divergencia	NOUN:1
divergente	ADJ:1
diversidad	NOUN:1
diversificación	NOUN:1
diversificar	VERB:1
diversión	NOUN:1
diverso	ADJ:2
divertido	ADJ:1
divertimento	NOUN:1
divertir	VERB:4
dividendo	NOUN:1
dividir	VERB:4
divinamente	ADV:1
divinidad	NOUN:2
divino	ADJ:2
divisa	NOUN:3
divisar	VERB:2
divisibilidad	NOUN:1
divisible	ADJ:2
divisional	ADJ:1
división	NOUN:7
divisor	ADJ:1	NOUN:1
divisorio	ADJ:1
divo	ADJ:1	NOUN:1
divorciado	ADJ:1	NOUN:1
divorciar	VERB:3
divorcio	NOUN:2
divulgación	NOUN:2
divulgador	ADJ:1
divulgar	VERB:1
divulgativo	ADJ:2
diván	NOUN:3
dixie	NOUN:1
dixit	ADP:1
dizque	ADV:2	X:1	ADJ:1
diácono	NOUN:1
diáfano	ADJ:3
diálisis	NOUN:1
diálogo	NOUN:2
diámetro	NOUN:1
diáspora	NOUN:1
diéguez	PROPN:1
diéresis	NOUN:1
diésel	NOUN:1
diócesis	NOUN:2
dióxido	NOUN:1
dj	NOUN:1
djinn	NOUN:1
dlv	ADJ:1
dna	NOUN:1
dnd	X:1	ADV:1
dni	NOUN:1
dns	X:1
do	NOUN:2	ADV:1
dobla	NOUN:1
dobladillo	NOUN:1
doblado	ADJ:3
doblaje	NOUN:1
doblar	VERB:7
doble	ADJ:2	NOUN:2
doblegar	VERB:4
doblemente	ADV:1
doblete	NOUN:5
doblez	NOUN:2
doce	NUM:1
doceavo	ADJ:1
docena	NOUN:1
docencia	NOUN:2
docente	ADJ:1	NOUN:2
docilidad	NOUN:1
docto	ADJ:1
doctor	NOUN:2
doctora	NOUN:1
doctorado	NOUN:1
doctoral	ADJ:1
doctorando	NOUN:1
doctrina	NOUN:2
doctrinal	ADJ:1
doctrinario	ADJ:1	NOUN:1
documentación	NOUN:2
documentado	ADJ:1
documental	NOUN:1
documentalista	NOUN:1
documentalmente	ADV:1
documentar	VERB:2
documentario	ADJ:1
documento	NOUN:2
dodo	NOUN:1
dogma	NOUN:1
dogmatismo	NOUN:1
dogmática	NOUN:1
dogmático	ADJ:1
dogo	NOUN:1
doha	PROPN:1
dojo	NOUN:1
dolar	VERB:1
dolarización	NOUN:1
dolarizar	VERB:1
dolencia	NOUN:1
doler	VERB:3
dolido	ADJ:1	NOUN:1
doliente	ADJ:2	NOUN:1
dolina	NOUN:1
dolmen	NOUN:1
dolo	NOUN:2
dolomita	NOUN:1
dolor	NOUN:5
dolorido	ADJ:1
dolorosamente	ADV:1
doloroso	ADJ:1
doloso	ADJ:2
doma	NOUN:2
domada	NOUN:1
domador	NOUN:1
domain	NOUN:1
domar	VERB:1
domesticación	NOUN:1
domesticar	VERB:1
domiciliario	ADJ:1
domicilio	NOUN:3
dominación	NOUN:1
dominador	ADJ:2	NOUN:1
dominadora	NOUN:1
dominancia	NOUN:1
dominante	ADJ:4
dominar	VERB:1
dominatrix	NOUN:1
dominga	PROPN:1	NOUN:1
domingo	NOUN:1	PROPN:2
dominguero	ADJ:1	NOUN:1
dominica	PROPN:1
dominical	ADJ:1
dominicano	ADJ:2	NOUN:2
dominico	ADJ:1	NOUN:1
dominio	NOUN:6
dominó	NOUN:2
domo	NOUN:1
doméstico	ADJ:1	NOUN:1
domínguez	PROPN:1
domínico	ADJ:1
domótica	NOUN:1
don	NOUN:6
dona	NOUN:1
donación	NOUN:1
donador	NOUN:1
donaire	NOUN:2	PROPN:1
donaldo	PROPN:1
donante	ADJ:1	NOUN:1
donar	VERB:1
donatario	NOUN:1
donativo	NOUN:1
donayre	PROPN:1
doncel	NOUN:1
doncella	NOUN:3
donde	ADV:2	SCONJ:2	ADP:2
dondequiera	ADV:1
donetsk	PROPN:1
dong	NOUN:1
donoso	ADJ:1
donostiarra	ADJ:1	NOUN:1
donut	NOUN:1
doodle	NOUN:1
dopaje	NOUN:1
dopamina	NOUN:1
doping	NOUN:1
doquier	ADV:2
dora	PROPN:1
dorado	PROPN:1	ADJ:1	NOUN:2
doral	NOUN:1
dorama	NOUN:1
dorar	VERB:3
doris	PROPN:1
dormida	NOUN:3
dormido	ADJ:2
dormilón	ADJ:1	NOUN:1
dormir	VERB:7
dormitorio	NOUN:2
dorotea	PROPN:1
doroteo	PROPN:2
dorsal	ADJ:1	NOUN:2
dorso	NOUN:2
dos	NUM:1	NOUN:1
doscientos	NUM:1
dosel	NOUN:2
dosificación	NOUN:1
dosificar	VERB:1
dosis	NOUN:1
dossier	NOUN:1
dotación	NOUN:4
dotado	ADJ:2
dotar	VERB:2
dote	NOUN:2
douglas	PROPN:2
down	ADJ:1
downtown	NOUN:1
doña	NOUN:4
dps	ADV:3
dpto	NOUN:2
dracma	NOUN:2
draco	PROPN:1
draft	NOUN:1
drag	NOUN:1
draga	NOUN:1
dragado	NOUN:1
dragar	VERB:1
drago	NOUN:2
dragona	NOUN:1
dragón	NOUN:3
drama	NOUN:5
dramatismo	NOUN:1
dramatización	NOUN:1
dramatizar	VERB:1
dramaturgia	NOUN:1
dramaturgo	NOUN:1
dramáticamente	ADV:1
dramático	ADJ:1
dren	NOUN:1
drenaje	NOUN:1
drenar	VERB:1
dresde	PROPN:1
drink	NOUN:1
droga	NOUN:2
drogadicción	NOUN:1
drogadicto	ADJ:1	NOUN:1
drogado	ADJ:2
drogar	VERB:1
drogo	ADJ:1	NOUN:1
droguería	NOUN:1
droide	NOUN:1
dromedario	NOUN:1
dron	NOUN:1
drone	NOUN:1
druida	NOUN:1
druso	NOUN:1
drácula	PROPN:1
drásticamente	ADV:2
drástico	ADJ:2
du	PROPN:1
dual	ADJ:1
dualidad	NOUN:1
dualismo	NOUN:1
dualista	ADJ:1
duarte	PROPN:1
duatlón	NOUN:1
dub	NOUN:1
dubitativo	ADJ:1
dublín	PROPN:1
dubrovnik	PROPN:1
dubstep	NOUN:1
dubái	PROPN:2
ducado	NOUN:3
ducal	ADJ:1
ducha	NOUN:2
duchar	VERB:2
ducho	ADJ:1
ductilidad	NOUN:1
ducto	NOUN:1
duda	NOUN:3
dudar	VERB:1
dudosamente	ADV:1
dudoso	ADJ:2
duela	NOUN:2
duelo	NOUN:3
duende	NOUN:4
duero	PROPN:1
dueto	NOUN:1
dueña	NOUN:1
dueño	NOUN:2
dufour	PROPN:1
dulce	ADJ:3	NOUN:3	PROPN:1
dulcemente	ADV:1
dulcería	NOUN:1
dulcinea	PROPN:1
dulzor	NOUN:1
dulzura	NOUN:2
dulzón	ADJ:1
dumping	NOUN:1
duna	NOUN:1
dunkerque	PROPN:1
duodenal	ADJ:1
duodeno	NOUN:1
duodécimo	ADJ:1
duopolio	NOUN:1
dupla	NOUN:2
duplicación	NOUN:1
duplicado	ADJ:1
duplicar	VERB:3
duplicidad	NOUN:1
duque	NOUN:1	PROPN:1
duquesa	NOUN:1
durabilidad	NOUN:1
durable	ADJ:1
duración	NOUN:1
duradero	ADJ:3
duramente	ADV:1
durango	PROPN:1
duranguense	ADJ:1	NOUN:1
durante	ADP:2
durar	VERB:2
durazno	NOUN:3	PROPN:2
dureza	NOUN:4
durmiente	ADJ:2	NOUN:2
duro	ADJ:6	NOUN:2
durán	PROPN:2
dux	NOUN:1
dvd	NOUN:1
dádiva	NOUN:1
dálmata	ADJ:1	NOUN:1
dámaso	PROPN:2
dársela	VERB:2
dársena	NOUN:3
dátil	NOUN:1
dávila	PROPN:1
débil	ADJ:1
débilmente	ADV:1
débito	NOUN:1
débora	PROPN:2
década	NOUN:1
décimo	ADJ:1	NOUN:3
dédalo	PROPN:1	NOUN:2
déficit	NOUN:2
dépor	PROPN:1
déspota	NOUN:1
día	NOUN:6
díaz	PROPN:1
dícese	VERB:1
dígito	NOUN:1
dínamo	NOUN:1
díptico	NOUN:1
díscolo	ADJ:1	NOUN:1
dócil	ADJ:1
dólar	NOUN:1
dónde	ADV:2	NOUN:1
dórico	NOUN:1	ADJ:1
dúctil	ADJ:3
dúo	NOUN:1
dúplex	NOUN:1
düsseldorf	PROPN:1
e	CCONJ:1
ea	INTJ:2
ean	NOUN:1
eau	PROPN:1
ebanista	NOUN:2
ebanistería	NOUN:3
ebook	NOUN:1
ebriedad	NOUN:1
ebrio	ADJ:1
ebro	PROPN:1
ebullición	NOUN:2
eca	NOUN:1
ecchi	ADJ:1
ecg	NOUN:1
echagüe	PROPN:3
echar	VERB:8
echegaray	PROPN:1
echenique	PROPN:1
echevarria	PROPN:1
echeverri	PROPN:1
echeverría	PROPN:1
echo	NOUN:1
eclecticismo	NOUN:1
eclesial	ADJ:1
eclesiastés	PROPN:1
eclesiología	NOUN:1
eclesiástico	ADJ:1
eclipsar	VERB:2
eclipse	NOUN:2
eclosión	NOUN:1
ecléctico	ADJ:1	NOUN:1
eclíptica	NOUN:1
eco	NOUN:1
ecocidio	NOUN:1
ecografía	NOUN:2
ecologismo	NOUN:1
ecologista	ADJ:1	NOUN:1
ecología	NOUN:1
ecológicamente	ADV:1
ecológico	ADJ:2
economato	NOUN:2
econometría	NOUN:1
economicista	NOUN:1
economista	NOUN:1
economizar	VERB:1
economía	NOUN:2
económicamente	ADV:1
económico	ADJ:2
ecoparque	NOUN:1
ecosistema	NOUN:1
ecoturismo	NOUN:1
ectópico	ADJ:1
ecuación	NOUN:1
ecuador	PROPN:1	NOUN:1
ecualizador	NOUN:1
ecuanimidad	NOUN:2
ecuatorial	ADJ:1
ecuatoriano	ADJ:1
ecuestre	ADJ:1
ecumenismo	NOUN:1
ecuménico	ADJ:1
ecuánime	ADJ:2
eczema	NOUN:1
ecónomo	NOUN:2
edad	NOUN:3
edafología	NOUN:1
edecán	NOUN:3
edema	NOUN:1
eder	PROPN:2
edgardo	PROPN:1
edición	NOUN:2
edicto	NOUN:1
edificación	NOUN:2
edificante	ADJ:1
edificar	VERB:2
edificio	NOUN:1
edil	NOUN:2
edilicio	ADJ:1
edimburgo	PROPN:2
edipo	PROPN:1
editable	ADJ:1
editar	VERB:2
edith	PROPN:1
editor	NOUN:1
editora	NOUN:1
editorial	ADJ:1	NOUN:1
editorialista	ADJ:1
edmonton	PROPN:1
edmundo	PROPN:1
edna	PROPN:1
edo	NOUN:1
edredón	NOUN:1
eduardo	PROPN:1
educacional	ADJ:1
educación	NOUN:3
educadamente	ADV:1
educador	ADJ:1	NOUN:1
educando	NOUN:1
educar	VERB:1
educativo	ADJ:1
edulcorante	NOUN:1
edwin	PROPN:1
edén	NOUN:1
eee	PROPN:1
eei	X:1
eeuu	X:1
efa	NOUN:1
efectista	ADJ:2
efectivamente	ADV:2
efectividad	NOUN:1
efectivo	ADJ:2	NOUN:2
efecto	NOUN:1
efectuar	VERB:1
efedrina	NOUN:1
efeméride	NOUN:2
efemérides	NOUN:2
efervescencia	NOUN:1
efervescente	ADJ:1
efesios	PROPN:1
eficacia	NOUN:2
eficaz	ADJ:2
eficazmente	ADV:1
eficiencia	NOUN:1
eficiente	ADJ:1
eficientemente	ADV:1
efigie	NOUN:1
efluente	ADJ:1
efraín	PROPN:2
efrén	PROPN:1
efusivamente	ADV:1
efusivo	ADJ:1
efusión	NOUN:3
efímera	NOUN:1
efímero	ADJ:2
egeo	ADJ:1
egidio	PROPN:1
egipcio	ADJ:1	NOUN:2
egipto	PROPN:2
ego	NOUN:1
egocentrismo	NOUN:1
egocéntrico	ADJ:1
egolatría	NOUN:1
egoísmo	NOUN:1
egoísta	ADJ:2	NOUN:1
egoístamente	ADV:1
egresado	NOUN:1
egresar	VERB:2
egreso	NOUN:1
eguía	PROPN:1
ególatra	ADJ:1	NOUN:1
eh	INTJ:5
ei	PROPN:1
eibar	PROPN:1
eileen	PROPN:1
eiza	PROPN:1
eje	NOUN:6
ejecución	NOUN:6
ejecutable	ADJ:1
ejecutante	ADJ:1	NOUN:2
ejecutar	VERB:3
ejecutiva	NOUN:1
ejecutivo	ADJ:1
ejecutor	ADJ:1	NOUN:1
ejecutoria	NOUN:1
ejem	INTJ:1
ejemplar	ADJ:1	NOUN:4
ejemplaridad	NOUN:1
ejemplarizante	ADJ:2
ejemplarmente	ADV:1
ejemplificar	VERB:1
ejemplo	NOUN:2
ejercer	VERB:1
ejercicio	NOUN:3
ejercitación	NOUN:1
ejercitar	VERB:1
ejidal	ADJ:1
ejido	NOUN:2
ejército	NOUN:1
ekaterimburgo	PROPN:1
el	DET:2
ela	NOUN:1
elaboración	NOUN:1
elaborar	VERB:2
eladio	PROPN:1
elam	PROPN:1
elasticidad	NOUN:2
elba	PROPN:2
elcano	PROPN:2
elche	PROPN:1
eleazar	PROPN:1
eleccionario	ADJ:1
elección	NOUN:2
electivo	ADJ:1
electo	ADJ:1
elector	NOUN:1
electorado	NOUN:1
electoral	ADJ:1
electoralismo	NOUN:1
electoralista	ADJ:1
electoralmente	ADV:1
electra	PROPN:1
electricidad	NOUN:2
electricista	NOUN:1
electrificación	NOUN:1
electrizante	ADJ:1
electro	NOUN:2
electroacústica	NOUN:1
electrocardiograma	NOUN:1
electrocución	NOUN:1
electrodo	NOUN:1
electrodoméstico	NOUN:1
electroencefalograma	NOUN:1
electroforesis	NOUN:1
electrolito	NOUN:1
electrolítico	ADJ:1
electromagnetismo	NOUN:1
electromagnético	ADJ:1
electromecánica	NOUN:1
electromecánico	ADJ:1
electroquímica	NOUN:1
electroshock	NOUN:1
electrostática	NOUN:1
electrógeno	ADJ:1	NOUN:1
electrólisis	NOUN:1
electrón	NOUN:1
electrónicamente	ADV:1
electrónico	ADJ:1
elefante	NOUN:1
elegancia	NOUN:3
elegante	ADJ:2
elegantemente	ADV:1
elegibilidad	NOUN:1
elegible	ADJ:1
elegir	VERB:2
elegía	NOUN:1
elemental	ADJ:1
elemento	NOUN:8
elena	PROPN:1
elenco	NOUN:3
eleuterio	PROPN:1
elevación	NOUN:2
elevado	ADJ:1
elevador	ADJ:1	NOUN:3
elevar	VERB:3
elfa	NOUN:1
elfo	NOUN:1
eligio	PROPN:1
eligir	VERB:2
eliminación	NOUN:1
eliminador	ADJ:1	NOUN:1
eliminar	VERB:1
eliminatoria	NOUN:2
eliminatorio	ADJ:2
elio	PROPN:1
elipse	NOUN:1
elipsis	NOUN:1
elipsoide	NOUN:1
elisa	PROPN:2
elisabet	PROPN:2
eliseo	PROPN:2
elite	NOUN:1
elitismo	NOUN:1
elitista	ADJ:1
elixir	NOUN:1
elizabeth	PROPN:1
elizalde	PROPN:1
elizondo	PROPN:1
elle	PRON:1
elles	PRON:1
elmer	PROPN:1
elocuencia	NOUN:1
elocuente	ADJ:1
elocuentemente	ADV:1
elogiar	VERB:1
elogio	NOUN:1
elongación	NOUN:1
elorriaga	PROPN:1
elote	NOUN:1
eloy	PROPN:1
elpidio	PROPN:2
elqui	PROPN:2
elsa	PROPN:1
eludir	VERB:3
elusivo	ADJ:2
elusión	NOUN:1
elvira	PROPN:1
elvis	PROPN:1
elástico	ADJ:1
eléctricamente	ADV:1
eléctrico	ADJ:1
elías	PROPN:2
elíptico	ADJ:2
elíseo	ADJ:1	PROPN:1
email	NOUN:2
emanación	NOUN:2
emanar	VERB:2
emancipación	NOUN:1
emancipador	ADJ:1	NOUN:1
emanuel	PROPN:2
embajada	NOUN:1
embajador	NOUN:1
embalaje	NOUN:1
embalar	VERB:2
embalsamamiento	NOUN:1
embalse	NOUN:1
embarazado	ADJ:2
embarazar	VERB:3
embarazo	NOUN:3
embarazoso	ADJ:2
embarcación	NOUN:2
embarcadero	NOUN:1
embarcar	VERB:5
embarco	NOUN:1
embargar	VERB:2
embargo	NOUN:6
embarque	NOUN:1
embarrar	VERB:5
embate	NOUN:3
embaucador	NOUN:1
embaucar	VERB:2
embellecer	VERB:2
embellecimiento	NOUN:1
emberá	ADJ:1
embestida	NOUN:3
embestir	VERB:3
emblema	NOUN:1
emblemático	ADJ:1
embocadura	NOUN:5
embocar	VERB:3
embole	NOUN:4
embolia	NOUN:1
emborrachar	VERB:3
emboscada	NOUN:1
embotellado	NOUN:1
embotelladora	NOUN:1
embotellamiento	NOUN:3
embotellar	VERB:1
embravecido	ADJ:1
embriagado	ADJ:1
embriagador	ADJ:1
embriaguez	NOUN:1
embriología	NOUN:1
embrionario	ADJ:1
embrión	NOUN:1
embrollo	NOUN:3
embrujado	ADJ:1
embrujo	NOUN:1
embudo	NOUN:1
embuste	NOUN:2
embustero	ADJ:1	NOUN:1
embutido	NOUN:2
eme	NOUN:6
emergencia	NOUN:2
emergente	ADJ:1
emerger	VERB:1
emeterio	PROPN:1
emg	NOUN:1
emigración	NOUN:1
emigrado	NOUN:1
emigrante	ADJ:1
emigrar	VERB:1
emilia	PROPN:1
emiliano	ADJ:1	PROPN:2
emilio	PROPN:1
eminencia	NOUN:1
eminente	ADJ:1
eminentemente	ADV:1
emir	NOUN:1
emirato	NOUN:2
emisario	NOUN:1
emisión	NOUN:2
emisor	ADJ:1	NOUN:1
emisora	NOUN:1
emitir	VERB:3
emma	PROPN:1
emo	NOUN:2
emocionado	ADJ:2
emocional	ADJ:1
emocionalidad	NOUN:1
emocionalmente	ADV:1
emocionante	ADJ:2
emocionar	VERB:4
emoción	NOUN:2
emoji	NOUN:1
emoliente	ADJ:1	NOUN:1
emoticon	NOUN:1
emoticono	NOUN:1
emoticón	NOUN:1
emotividad	NOUN:1
emotivo	ADJ:1	NOUN:1
empacadora	NOUN:2
empacar	VERB:7
empacho	NOUN:2
empadronamiento	NOUN:1
empalagoso	ADJ:3
empalizada	NOUN:1
empalmado	ADJ:1
empalmar	VERB:4
empalme	NOUN:2
empanada	NOUN:3
empanado	ADJ:2
empapado	ADJ:2
empapar	VERB:1
empapelado	NOUN:1
empapelar	VERB:2
empaque	NOUN:3
empaquetado	NOUN:1
empaquetar	VERB:1
emparedado	NOUN:1
emparejamiento	NOUN:2
emparejar	VERB:4
empaste	NOUN:1
empatar	VERB:2
empate	NOUN:3
empatizar	VERB:1
empatía	NOUN:1
empañar	VERB:5
empecinado	ADJ:1
empecinamiento	NOUN:2
empedernido	ADJ:3
empedrado	NOUN:1
empeine	NOUN:3
empeoramiento	NOUN:1
empeorar	VERB:2
emperador	NOUN:2
empero	ADV:1
empezar	VERB:5
empeñado	ADJ:1
empeñar	VERB:4
empeño	NOUN:8
empiezo	NOUN:1
empinado	ADJ:1
empirismo	NOUN:1
emplazamiento	NOUN:2
emplazar	VERB:4
empleabilidad	NOUN:1
empleador	ADJ:1	NOUN:1
emplear	VERB:3
empleo	NOUN:2
emplumado	ADJ:1
empobrecer	VERB:1
empobrecido	ADJ:2
empobrecimiento	NOUN:1
empoderamiento	NOUN:1
empoderar	VERB:1
emporio	NOUN:2
emprendedor	ADJ:1	NOUN:1
emprendedurismo	NOUN:1
emprender	VERB:4
emprendimiento	NOUN:1
empresa	NOUN:3
empresariado	NOUN:2
empresarial	ADJ:1
empresario	NOUN:3
empréstito	NOUN:1
empujar	VERB:2
empuje	NOUN:4
empujo	NOUN:4
empujoncito	NOUN:2
empujón	NOUN:2
empuñadura	NOUN:2
empuñar	VERB:3
empático	ADJ:2
empíricamente	ADV:1
empírico	ADJ:1	NOUN:1
ems	NOUN:1
emulación	NOUN:1
emulador	ADJ:1	NOUN:2
emular	VERB:1
emulsión	NOUN:2
emérito	ADJ:1
en	ADP:5
enagua	NOUN:1
enajenación	NOUN:1
enajenado	ADJ:1	NOUN:1
enajenar	VERB:2
enaltecer	VERB:1
enaltecimiento	NOUN:1
enamorado	ADJ:2	NOUN:1
enamoramiento	NOUN:2
enamorar	VERB:2
enana	NOUN:1
enanismo	NOUN:1
enano	ADJ:2	NOUN:1
enarbolar	VERB:5
encabezamiento	NOUN:3
encabezar	VERB:1
encabronado	ADJ:1
encabronar	VERB:2
encadenado	ADJ:1	NOUN:1
encadenamiento	NOUN:1
encadenar	VERB:2
encajar	VERB:8
encaje	NOUN:2
encallar	VERB:2
encaminado	ADJ:1
encaminar	VERB:4
encantado	ADJ:4
encantador	ADJ:3	NOUN:1
encantamiento	NOUN:1
encantar	VERB:3
encanto	NOUN:5
encapuchado	ADJ:1	NOUN:2
encarar	VERB:3
encarcelación	NOUN:1
encarcelamiento	NOUN:1
encarcelar	VERB:1
encarecer	VERB:2
encarecidamente	ADV:1
encarecimiento	NOUN:1
encargar	VERB:3
encargo	NOUN:3
encarna	PROPN:1
encarnación	PROPN:2	NOUN:2
encarnado	ADJ:1
encarnar	VERB:3
encarnizado	ADJ:1
encasillar	VERB:2
encausar	VERB:1
encauzamiento	NOUN:1
encauzar	VERB:2
encefalitis	NOUN:1
encefalopatía	NOUN:1
encefálico	ADJ:1
encendedor	NOUN:1
encender	VERB:3
encendido	ADJ:4	NOUN:1
encerado	NOUN:1
encerio	ADV:1
encerrar	VERB:8
encerrona	NOUN:3
encestar	VERB:1
enchilada	NOUN:2
enchufado	NOUN:1
enchufar	VERB:2
enchufe	NOUN:4
enciclopedia	NOUN:1
enciclopédico	ADJ:1
encierre	VERB:8
encierro	NOUN:5
encima	ADV:6	ADP:1
encimera	NOUN:1
encina	NOUN:1
encinar	NOUN:1
encino	NOUN:1
enclave	NOUN:1
enclenque	ADJ:2
encofrado	NOUN:1
encoger	VERB:5
encogido	ADJ:1
encogimiento	NOUN:3
encomendar	VERB:1
encomendero	NOUN:2
encomiable	ADJ:1
encomienda	NOUN:3
enconado	ADJ:1
encono	NOUN:1
encontrar	VERB:7
encontronazo	NOUN:2
encorvado	ADJ:2
encriptación	NOUN:1
encriptar	VERB:1
encrucijada	NOUN:1
encuadernación	NOUN:1
encuadrar	VERB:1
encuadre	NOUN:3
encubierto	ADJ:3
encubridor	NOUN:1	ADJ:1
encubrimiento	NOUN:3
encubrir	VERB:1
encuentro	NOUN:6
encuesta	NOUN:3
encuestado	NOUN:1
encuestador	NOUN:1
encuestar	VERB:2
encéfalo	NOUN:2
encía	NOUN:1
encíclica	NOUN:1
ende	ADV:3
endeble	ADJ:3
endemoniado	ADJ:2
enderezar	VERB:2
endeudamiento	NOUN:1
endeudar	VERB:2
endiablado	ADJ:3
endocarditis	NOUN:1
endocrino	ADJ:1	NOUN:1
endocrinología	NOUN:1
endodoncia	NOUN:2
endogamia	NOUN:2
endometrial	ADJ:1
endometrio	NOUN:1
endometriosis	NOUN:1
endoscopia	NOUN:1
endoso	NOUN:1
endotelial	ADJ:1
endotelio	NOUN:1
endulzante	NOUN:1
endulzar	VERB:1
endurecer	VERB:1
endurecimiento	NOUN:1
enduro	NOUN:1
endémico	ADJ:1
endógeno	ADJ:1
ene	ADJ:1	ADV:1
enea	NOUN:1
enebro	NOUN:1
eneida	PROPN:1
enel	X:1
eneldo	NOUN:1
enema	NOUN:2
enemigo	ADJ:1	NOUN:1
enemistad	NOUN:1
energizante	ADJ:1
energéticamente	ADV:1
energético	ADJ:1
energía	NOUN:1
energúmeno	NOUN:2
enero	NOUN:1
enfadado	ADJ:1
enfadar	VERB:4
enfado	NOUN:1
enfatizar	VERB:1
enfermar	VERB:2
enfermedad	NOUN:1
enfermero	NOUN:1
enfermería	NOUN:3
enfermizo	ADJ:2
enfermo	ADJ:2	NOUN:1
enfisema	NOUN:1
enfocar	VERB:1
enfoque	NOUN:2
enfrentamiento	NOUN:5
enfrentar	VERB:4
enfrente	ADV:1
enfriador	NOUN:1
enfriamiento	NOUN:2
enfriar	VERB:3
enfurecer	VERB:2
enfáticamente	ADV:1
enfático	ADJ:1
engagement	NOUN:1
enganchado	ADJ:3
enganchar	VERB:4
enganche	NOUN:5
engatusar	VERB:1
engañar	VERB:4
engaño	NOUN:1
engañosamente	ADV:1
engañoso	ADJ:2
engendrar	VERB:1
engendro	NOUN:4
englobar	VERB:2
engomado	NOUN:1	ADJ:1
engordar	VERB:2
engorde	NOUN:3
engorroso	ADJ:1
engranaje	NOUN:4
engrandecer	VERB:3
engrandecimiento	NOUN:1
engrasar	VERB:1
engrase	NOUN:2
engreído	ADJ:1
engrosamiento	NOUN:1
engrosar	VERB:2
engrudo	NOUN:1
engullir	VERB:2
enhebrar	VERB:1
enhorabuena	INTJ:1	NOUN:1
enigma	NOUN:2
enigmático	ADJ:1
enjambre	NOUN:2
enjuagar	VERB:1
enjuague	NOUN:2
enjuiciamiento	NOUN:2
enjuiciar	VERB:1
enjundia	NOUN:2
enjuto	ADJ:3
enlace	NOUN:7
enlatado	ADJ:1
enlazar	VERB:1
enlistar	VERB:1
enlodar	VERB:1
enloquecer	VERB:4
enloquecido	ADJ:1
enlucido	NOUN:1
enmarañado	ADJ:1
enmarcar	VERB:1
enmascarado	ADJ:1	NOUN:1
enmascaramiento	NOUN:1
enmascarar	VERB:2
enmedio	NOUN:1
enmendar	VERB:2
enmienda	NOUN:2
enoc	PROPN:2
enojar	VERB:2
enojo	NOUN:1
enología	NOUN:1
enorme	ADJ:1
enormemente	ADV:1
enormidad	NOUN:1
enquistado	ADJ:1
enredadera	NOUN:1
enredar	VERB:4
enredo	NOUN:3
enrejado	NOUN:2
enrevesado	ADJ:2
enrique	PROPN:2
enriquecedor	ADJ:1
enriquecer	VERB:2
enriquecimiento	NOUN:1
enriqueta	PROPN:1
enrojecimiento	NOUN:1
enrolamiento	NOUN:1
enrollado	ADJ:1	NOUN:1
enrollar	VERB:8
enroque	NOUN:1
enrutador	NOUN:1
enrutamiento	NOUN:1
enríquez	PROPN:1
ensalada	NOUN:3
ensaladera	NOUN:1
ensalzar	VERB:1
ensamblado	NOUN:1	ADJ:1
ensamblador	ADJ:1	NOUN:1
ensamblaje	NOUN:1
ensamblar	VERB:1
ensamble	NOUN:1
ensanchamiento	NOUN:1
ensanchar	VERB:1
ensanche	NOUN:2
ensartar	VERB:2
ensayar	VERB:3
ensayista	NOUN:1
ensayo	NOUN:4
ensañamiento	NOUN:1
enseguida	ADV:2
ensemble	NOUN:1
ensenada	NOUN:1	PROPN:2
enseres	NOUN:4
enserio	VERB:2
enseñanza	NOUN:1
enseñar	VERB:2
ensima	NOUN:1
ensimismado	ADJ:2
ensordecedor	ADJ:1
ensoñación	NOUN:1
ensuciar	VERB:4
ensueño	NOUN:2
entablado	NOUN:1
entablamento	NOUN:1
entablar	VERB:3
ente	NOUN:2
entelequia	NOUN:2
entendedor	ADJ:1	NOUN:1
entender	VERB:5	NOUN:1
entendible	ADJ:1
entendimiento	NOUN:1
entente	NOUN:1
enteramente	ADV:1
enterar	VERB:3
entereza	NOUN:2
entero	ADJ:2	NOUN:1
enterrador	NOUN:2
enterramiento	NOUN:2
enterrar	VERB:2
entidad	NOUN:1
entierro	NOUN:2
entomología	NOUN:1
entomólogo	NOUN:1
entonación	NOUN:1
entonar	VERB:4
entonce	ADV:2
entonces	ADV:2
entorno	NOUN:2
entorpecer	VERB:3
entorpecido	ADJ:5
entorpecimiento	NOUN:2
entrada	NOUN:8
entramado	NOUN:2
entrante	ADJ:1
entrar	VERB:8
entraña	NOUN:3
entrañable	ADJ:2
entre	ADP:5
entrecejo	NOUN:1
entrecortado	ADJ:2
entrecruzamiento	NOUN:2
entredicho	NOUN:2
entrega	NOUN:5
entregar	VERB:4
entrego	NOUN:1
entreguista	NOUN:1
entrelazado	ADJ:1
entrelazamiento	NOUN:1
entrelazar	VERB:1
entremedio	ADV:1	NOUN:1
entremés	NOUN:3
entrenador	NOUN:2
entrenamiento	NOUN:1
entrenar	VERB:1
entreno	NOUN:1
entrepierna	NOUN:2
entrepiso	NOUN:1
entrerriano	ADJ:1	NOUN:1
entresijos	NOUN:1
entresuelo	NOUN:1
entretanto	ADV:1	NOUN:1
entretención	NOUN:1
entretener	VERB:1
entretenido	ADJ:1
entretenimiento	NOUN:2
entretiempo	NOUN:2
entrever	VERB:1
entrevista	NOUN:1
entrevistado	NOUN:1
entrevistador	NOUN:1
entrevistar	VERB:1
entristecido	ADJ:1
entrometerse	VERB:1
entrometido	ADJ:1	NOUN:1
entronización	NOUN:1
entronque	NOUN:3
entropía	NOUN:1
entuerto	NOUN:2
entumecimiento	NOUN:1
enturbiar	VERB:2
entusiasmado	ADJ:3
entusiasmar	VERB:2
entusiasmo	NOUN:1
entusiasta	ADJ:1	NOUN:1
entusiastamente	ADV:1
enumeración	NOUN:1
enumerar	VERB:1
enunciación	NOUN:1
enunciado	NOUN:2
enunciar	VERB:1
envalentonado	ADJ:1
envasado	NOUN:1
envasar	VERB:1
envase	NOUN:2
envejecer	VERB:3
envejecimiento	NOUN:1
envenenado	ADJ:1
envenenamiento	NOUN:1
envenenar	VERB:4
envergadura	NOUN:4
enviar	VERB:1
envidiable	ADJ:1
envidiar	VERB:1
envidioso	ADJ:1
envite	NOUN:4
enviudar	VERB:1
envión	NOUN:1
envoltorio	NOUN:2
envoltura	NOUN:4
envolvente	ADJ:1
envolver	VERB:2
envolvimiento	NOUN:3
envuelto	ADJ:2
envés	NOUN:1
envío	NOUN:1
enya	NOUN:1
enzima	NOUN:1
enzimático	ADJ:1
enzo	PROPN:1
enérgicamente	ADV:2
enérgico	ADJ:3
enésimo	ADJ:2
eoceno	PROPN:1
eolo	PROPN:1
eos	PROPN:1
epa	INTJ:2
epazote	NOUN:1
epicentro	NOUN:1
epicuro	PROPN:1
epidemia	NOUN:1
epidemiología	NOUN:1
epidemiológico	ADJ:1
epidemiólogo	NOUN:1
epidermis	NOUN:1
epidural	NOUN:1
epidémico	ADJ:1
epidérmico	ADJ:1
epifanía	NOUN:3
epigrafía	NOUN:1
epigrama	NOUN:1
epilepsia	NOUN:1
epiléptico	ADJ:1
epinefrina	NOUN:1
epiro	PROPN:2
episcopado	NOUN:2
episcopal	ADJ:1
episodio	NOUN:2
epistemología	NOUN:1
epistemológico	ADJ:1
epistolar	ADJ:1
epistolario	NOUN:1
episódico	ADJ:1
epitafio	NOUN:1
epitelial	ADJ:1
epitelio	NOUN:1
epoc	NOUN:1
epopeya	NOUN:2
epígrafe	NOUN:1
epílogo	NOUN:1
epístola	NOUN:1
epíteto	NOUN:1
epítome	NOUN:1
epónimo	ADJ:1	NOUN:1
equidad	NOUN:1
equidistancia	NOUN:1
equidistante	ADJ:1
equilibrado	ADJ:1
equilibrar	VERB:3
equilibre	ADJ:1
equilibrio	NOUN:1
equilibrista	NOUN:1
equilátero	ADJ:1
equino	ADJ:1	NOUN:1
equinoccio	NOUN:1
equipación	NOUN:2
equipaje	NOUN:2
equipamiento	NOUN:1
equipar	VERB:3
equiparable	ADJ:2
equiparación	NOUN:1
equiparar	VERB:1
equipazo	NOUN:1
equipo	NOUN:4
equis	ADJ:1
equitación	NOUN:1
equitativamente	ADV:1
equitativo	ADJ:2
equivalencia	NOUN:1
equivalente	ADJ:1
equivaler	VERB:1
equivocación	NOUN:1
equivocadamente	ADV:1
equivocado	ADJ:1
equivocar	VERB:2
equívoco	ADJ:2	NOUN:1
erario	NOUN:1
erasmo	PROPN:2
erasmus	NOUN:2
erazo	PROPN:1
ere	NOUN:1
erección	NOUN:2
erecto	ADJ:1
eremita	NOUN:1
ereván	PROPN:1
erg	NOUN:1
ergo	SCONJ:1
ergonomía	NOUN:1
erguido	ADJ:1
erial	ADJ:1	NOUN:1
erica	PROPN:1
erigir	VERB:2
eritema	NOUN:1
eritematoso	ADJ:1
eritrea	PROPN:1
eritromicina	NOUN:1
erizado	ADJ:1
erizo	NOUN:1
ermita	NOUN:2
ermitaño	NOUN:1
ernestina	PROPN:1
ernesto	PROPN:1
eros	NOUN:2	PROPN:1
erosionar	VERB:2
erosión	NOUN:1
erotismo	NOUN:1
erp	X:1
erradicación	NOUN:2
erradicar	VERB:1
errado	ADJ:1
errante	ADJ:4
errar	VERB:3
errata	NOUN:2
erre	VERB:3
errejón	PROPN:1
error	NOUN:1
errático	ADJ:1
erróneamente	ADV:1
erróneo	ADJ:2
ertzaintza	PROPN:1
eructar	VERB:1
eructo	NOUN:1
erudición	NOUN:1
erudito	ADJ:1	NOUN:1
erupción	NOUN:2
eruptivo	ADJ:1
eréctil	ADJ:1
erótico	ADJ:1
esaú	PROPN:1
esbeltez	NOUN:1
esbelto	ADJ:1
esbirro	NOUN:1
esbozar	VERB:1
esbozo	NOUN:1
esca	NOUN:1
escabeche	NOUN:2
escabiar	VERB:2
escabio	NOUN:3	ADJ:1
escabroso	ADJ:3
escabullirse	VERB:2
escafandra	NOUN:1
escala	NOUN:7
escalabilidad	NOUN:1
escalable	ADJ:2
escalada	NOUN:3
escalador	NOUN:1	ADJ:1
escalafón	NOUN:1
escalamiento	NOUN:3
escalante	PROPN:1	ADJ:1
escalar	VERB:1	ADJ:1
escaldado	ADJ:1
escalera	NOUN:4
escalinata	NOUN:2
escalofriante	ADJ:2
escalofrío	NOUN:3
escalona	PROPN:1
escalpelo	NOUN:1
escalón	NOUN:4	PROPN:1
escama	NOUN:2
escamilla	PROPN:1
escamoso	ADJ:1
escandalizar	VERB:2
escandalosa	NOUN:1
escandalosamente	ADV:1
escandaloso	ADJ:1
escandinavia	PROPN:2
escandinavo	ADJ:1	NOUN:1
escaneado	NOUN:1
escanear	VERB:1
escaneo	NOUN:1
escapada	NOUN:3
escapar	VERB:4
escaparate	NOUN:2
escapatoria	NOUN:2
escape	NOUN:3
escapismo	NOUN:2
escapista	ADJ:1	NOUN:1
escapular	ADJ:1
escapulario	NOUN:3
escarabajo	NOUN:2
escaramuza	NOUN:1
escarapela	NOUN:1
escarbar	VERB:4
escarcha	NOUN:2
escarlata	NOUN:1
escarlatina	NOUN:1
escarmiento	NOUN:2
escarnio	NOUN:1
escarpa	NOUN:2
escarpado	ADJ:2
escasamente	ADV:1
escasear	VERB:2
escasez	NOUN:1
escaso	ADJ:3
escatimar	VERB:2
escatología	NOUN:2
escatológico	ADJ:2
escayola	NOUN:2
escaño	NOUN:2
escena	NOUN:3
escenario	NOUN:3
escenificación	NOUN:2
escenificar	VERB:1
escenografía	NOUN:2
escenógrafo	NOUN:1
escepticismo	NOUN:1
escisión	NOUN:1
escita	ADJ:1
esclarecedor	ADJ:1
esclarecer	VERB:4
esclarecimiento	NOUN:1
esclava	NOUN:1
esclavismo	NOUN:1
esclavista	ADJ:1	NOUN:1
esclavitud	NOUN:1
esclavizar	VERB:2
esclavo	NOUN:1
esclerodermia	NOUN:1
esclerosis	NOUN:1
esclusa	NOUN:1
escoba	NOUN:2
escobar	VERB:1	PROPN:1
escobedo	PROPN:1
escobilla	NOUN:2
escocia	PROPN:1
escocés	ADJ:2	NOUN:3
escogencia	NOUN:1
escoger	VERB:1
escolano	NOUN:1
escolar	ADJ:1	NOUN:2	VERB:1
escolaridad	NOUN:1
escolarización	NOUN:2
escolarizar	VERB:1
escoliosis	NOUN:1
escollera	NOUN:1
escollo	NOUN:2
escolta	NOUN:3
escoltar	VERB:1
escolástica	PROPN:1
escolástico	ADJ:1	NOUN:1
escombro	NOUN:2
esconder	VERB:1
escondida	NOUN:1
escondite	NOUN:3
escondrijo	NOUN:2
escopeta	NOUN:1
escopetazo	NOUN:1
escopolamina	NOUN:1
escorbuto	NOUN:1
escoria	NOUN:3
escorial	NOUN:2	PROPN:1
escorpio	PROPN:2
escorpión	NOUN:2	PROPN:1
escorrentía	NOUN:1
escorzo	NOUN:1
escotado	ADJ:1
escote	NOUN:2
escotilla	NOUN:2
escoto	NOUN:1	PROPN:1
escozor	NOUN:2
escrachar	VERB:3
escrache	NOUN:1
escriba	NOUN:1
escribano	NOUN:3	PROPN:1
escribanía	NOUN:3
escribiente	NOUN:3
escribir	VERB:8
escritor	NOUN:1
escritorio	NOUN:3
escritura	NOUN:3
escrituración	NOUN:1
escriturar	VERB:2
escroto	NOUN:1
escrupulosamente	ADV:1
escrupuloso	ADJ:3
escrutar	VERB:2
escrutinio	NOUN:2
escrúpulo	NOUN:5
escuadra	NOUN:4
escuadrilla	NOUN:1
escuadrón	NOUN:1
escuchar	VERB:3
escucho	VERB:1
escudero	NOUN:4	PROPN:1
escudería	NOUN:2
escudo	NOUN:4
escudriñar	VERB:1
escuela	NOUN:3
escuetamente	ADV:1
escueto	ADJ:2
escuintla	PROPN:1
esculpir	VERB:1
escultor	NOUN:1
escultura	NOUN:1
escultural	ADJ:2
escultórico	ADJ:1
escupida	NOUN:1
escupido	NOUN:1
escupir	VERB:2
escupitajo	NOUN:1
escupo	NOUN:1
escurra	NOUN:1
escurridizo	ADJ:2
escurrido	ADJ:1
escurrimiento	NOUN:1
escurrir	VERB:4
escusa	NOUN:2
escusado	NOUN:1
escuálido	ADJ:2
escándalo	NOUN:1
escáner	NOUN:2
escápula	NOUN:1
escénico	ADJ:1
escéptico	ADJ:1	NOUN:1
esdras	PROPN:2
esdrújula	NOUN:1
ese	DET:1	INTJ:1
esencia	NOUN:2
esencial	ADJ:1
esencialmente	ADV:1
esequibo	ADJ:1
esfera	NOUN:3
esfinge	NOUN:3	PROPN:2
esforzado	ADJ:2
esforzar	VERB:4
esfuerzo	NOUN:1
esférico	ADJ:1	NOUN:1
esfínter	NOUN:1
esgrima	NOUN:1
esgrimir	VERB:3
esgrimista	NOUN:1
esguince	NOUN:1
esi	ADV:1
eslabón	NOUN:1
eslava	PROPN:1
eslavo	ADJ:1	NOUN:2
eslogan	NOUN:1
eslora	NOUN:1
eslovaco	ADJ:2	NOUN:2
eslovaquia	PROPN:1
eslovenia	PROPN:1
esloveno	ADJ:2	NOUN:2
esmaltado	NOUN:1
esmalte	NOUN:4
esmerado	ADJ:2
esmeralda	PROPN:2	NOUN:1
esmero	NOUN:1
esmirna	PROPN:2
esmoquin	NOUN:1
esnifar	VERB:1
esnobismo	NOUN:2
esopo	PROPN:1
esoterismo	NOUN:1
esotérico	ADJ:1
espabilado	ADJ:1
espabilar	VERB:5
espacial	ADJ:2
espacialmente	ADV:1
espacio	NOUN:8
espacioso	ADJ:1
espada	NOUN:5
espadachín	NOUN:1
espadaña	NOUN:2
espagueti	NOUN:1
espalda	NOUN:2
espaldarazo	NOUN:2
espantapájaros	NOUN:1
espantar	VERB:2
espanto	NOUN:3
espantosamente	ADV:1
espantoso	ADJ:3
esparadrapo	NOUN:1
esparcido	ADJ:3
esparcimiento	NOUN:4
esparcir	VERB:3
esparta	PROPN:1
espartaco	PROPN:1
espartano	ADJ:2
espartero	NOUN:1	PROPN:1
esparto	NOUN:2
espasmo	NOUN:1
españa	PROPN:3
españistán	PROPN:1
español	ADJ:2	NOUN:2	PROPN:1
españolidad	NOUN:1
españolismo	NOUN:2
españolista	ADJ:2	NOUN:2
especia	NOUN:1
especial	ADJ:2	NOUN:1
especialidad	NOUN:1
especialista	NOUN:2
especialización	NOUN:1
especializado	ADJ:1
especializar	VERB:2
especialmente	ADV:2
especie	NOUN:2
especificación	NOUN:1
especificar	VERB:1
especificidad	NOUN:1
espectacular	ADJ:1
espectacularidad	NOUN:1
espectacularmente	ADV:1
espectador	NOUN:2
espectativa	NOUN:1
espectral	ADJ:1
espectro	NOUN:2
espectrometría	NOUN:1
espectroscopia	NOUN:1
espectrómetro	NOUN:1
espectáculo	NOUN:2
especulación	NOUN:1
especulador	ADJ:1	NOUN:1
especular	VERB:1
especulativo	ADJ:1
específicamente	ADV:1
específico	ADJ:1
espejismo	NOUN:2
espejo	NOUN:1
espejuelos	NOUN:1
espeleología	NOUN:2
espeluznante	ADJ:2
esperable	ADJ:1
esperado	ADJ:1
esperanto	NOUN:1
esperanza	NOUN:2	PROPN:1
esperanzado	ADJ:1
esperanzador	ADJ:1
esperar	VERB:5
esperiencia	NOUN:2
esperma	NOUN:4
espermatozoide	NOUN:1
esperpento	NOUN:4
esperpéntico	ADJ:2
espeso	ADJ:3
espesor	NOUN:2
espesura	NOUN:3
espiar	VERB:1
espiga	NOUN:2
espigón	NOUN:1
espina	NOUN:3	PROPN:1
espinaca	NOUN:1
espinal	ADJ:1	PROPN:1
espinar	NOUN:2	VERB:3	PROPN:1
espinazo	NOUN:1
espinel	NOUN:1
espinilla	NOUN:2
espinita	NOUN:1
espino	NOUN:1
espinosa	PROPN:1
espinoso	ADJ:3	NOUN:1
espinoza	PROPN:1
espionaje	NOUN:1
espira	NOUN:1
espiración	NOUN:1
espiral	ADJ:1
espiritismo	NOUN:1
espiritista	ADJ:1	NOUN:1
espiritual	ADJ:1	NOUN:1
espiritualidad	NOUN:1
espiritualismo	NOUN:1
espiritualmente	ADV:1
espita	NOUN:4
esplendor	NOUN:1
esplendoroso	ADJ:1
espléndidamente	ADV:1
espléndido	ADJ:2
espoleta	NOUN:2
espolvorear	VERB:1
espolón	NOUN:4
esponja	NOUN:4
esponjoso	ADJ:2
esponsales	NOUN:1
espontaneidad	NOUN:1
espontáneamente	ADV:1
espontáneo	ADJ:1
espora	NOUN:1
esporádicamente	ADV:1
esporádico	ADJ:1
esposa	NOUN:2
esposado	ADJ:2	NOUN:1
esposito	NOUN:1
esposo	NOUN:1
espray	NOUN:2
espresso	NOUN:1
espuela	NOUN:2
espuma	NOUN:2
espumante	ADJ:1
espumoso	ADJ:2
espurio	ADJ:2
esputo	NOUN:1
espárrago	NOUN:1
espátula	NOUN:4
espécimen	NOUN:1
espéculo	NOUN:1
espía	NOUN:1
espín	NOUN:2
espíndola	PROPN:1
espíritu	NOUN:2
esq	SCONJ:1
esquel	PROPN:1
esquela	NOUN:2
esqueleto	NOUN:2
esquelético	ADJ:2
esquema	NOUN:6
esquemático	ADJ:1
esquiador	NOUN:1
esquiar	VERB:1
esquila	NOUN:4
esquilo	NOUN:1	PROPN:1
esquimal	NOUN:1
esquina	NOUN:1
esquinero	ADJ:1
esquire	NOUN:3
esquirol	NOUN:1
esquisto	NOUN:1
esquivar	VERB:2
esquivel	PROPN:1
esquivo	ADJ:4
esquizofrenia	NOUN:2
esquizofrénico	ADJ:1
esquizoide	ADJ:1
esquí	NOUN:2
estabilidad	NOUN:1
estabilización	NOUN:1
estabilizador	ADJ:1	NOUN:1
estabilizar	VERB:1
estable	ADJ:1
establecer	VERB:2
establecimiento	NOUN:1
establishment	PROPN:1
establo	NOUN:1
estaca	NOUN:2
estacada	NOUN:2
estacio	PROPN:1
estacionado	ADJ:1
estacional	ADJ:2
estacionalidad	NOUN:1
estacionamiento	NOUN:2
estacionar	VERB:1
estacionario	ADJ:1
estación	NOUN:2
estada	NOUN:1
estadal	NOUN:2
estadia	NOUN:2
estadidad	NOUN:1
estadio	NOUN:2
estadista	NOUN:2
estado	NOUN:4	PROPN:1
estadounidense	ADJ:1	NOUN:1
estadual	ADJ:1
estadunidense	ADJ:1
estadía	NOUN:2
estadística	NOUN:2
estadísticamente	ADV:1
estadístico	ADJ:1	NOUN:1
estafa	NOUN:3
estafador	NOUN:1
estafar	VERB:2
estafeta	NOUN:1
estalinismo	NOUN:1
estalinista	ADJ:1
estallar	VERB:7
estallido	NOUN:2
estambre	NOUN:2
estambul	PROPN:1
estamento	NOUN:1
estampa	NOUN:2
estampación	NOUN:2
estampado	NOUN:1
estampar	VERB:3
estampida	NOUN:2
estampilla	NOUN:1
estampita	NOUN:1
estancado	ADJ:2
estancamiento	NOUN:3
estancar	VERB:4
estancia	NOUN:4
estanciero	NOUN:1
estanco	ADJ:1	NOUN:3
estand	NOUN:1
estandarización	NOUN:1
estandarizado	ADJ:1
estandarizar	VERB:1
estandarte	NOUN:1
estanislao	PROPN:1
estanque	NOUN:3
estante	ADJ:3	NOUN:1
estantería	NOUN:2
estar	VERB:8
estasis	NOUN:1
estatal	ADJ:1
estatismo	NOUN:1
estatista	NOUN:1
estatización	NOUN:1
estatizar	VERB:1
estatua	NOUN:1
estatura	NOUN:2
estatus	NOUN:1
estatutario	ADJ:1
estatuto	NOUN:1
estay	NOUN:1
estaño	NOUN:3
este	DET:1	INTJ:1	NOUN:1
esteban	PROPN:3
estefanía	PROPN:1
estela	PROPN:1	NOUN:6
estelada	NOUN:1
estelar	ADJ:2
estella	PROPN:1
estelí	PROPN:1
estenosis	NOUN:1
estepa	NOUN:1
estepario	ADJ:1
estepona	PROPN:1
ester	PROPN:3
estera	NOUN:3
estercolero	NOUN:1
estereotipo	NOUN:1
esterilidad	NOUN:2
esterilización	NOUN:1
esterilizada	ADJ:1
esterilizado	ADJ:3
esterilizar	VERB:1
esterilla	NOUN:1
esterlina	NOUN:1
esternón	NOUN:1
estero	NOUN:6
esteroide	NOUN:1
esteticista	NOUN:1
estetoscopio	NOUN:1
esteva	NOUN:1
estevan	PROPN:3
esther	PROPN:3
estiaje	NOUN:1
estiba	NOUN:1
estibador	NOUN:1
estigia	PROPN:1
estigma	NOUN:1
estigmatización	NOUN:1
estigmatizar	VERB:1
estilete	NOUN:1
estilismo	NOUN:1
estilista	NOUN:2
estilización	NOUN:1
estilo	NOUN:4
estilística	NOUN:1
estilísticamente	ADV:1
estilístico	ADJ:1
estimable	ADJ:2
estimación	NOUN:1
estimado	ADJ:1
estimador	ADJ:1	NOUN:1
estimar	VERB:3
estimativo	ADJ:1	NOUN:1
estimulación	NOUN:1
estimulador	NOUN:1
estimulante	ADJ:1	NOUN:1
estimular	VERB:1
estipendio	NOUN:1
estipulación	NOUN:1
estipular	VERB:1	ADJ:1
estirada	NOUN:1
estirado	ADJ:2	NOUN:1
estiramiento	NOUN:1
estirar	VERB:2
estirpe	NOUN:1
estirón	NOUN:3
estival	ADJ:1
estiércol	NOUN:2
estocada	NOUN:5
estocolmo	PROPN:1
estocástico	ADJ:1
estofado	NOUN:2
estoicamente	ADV:1
estoicismo	NOUN:1
estoico	ADJ:1	NOUN:1
estola	NOUN:1
estomacal	ADJ:1
estonia	PROPN:1
estonio	ADJ:2	NOUN:2
estopa	NOUN:2
estoque	NOUN:4
estor	NOUN:1
estorbar	VERB:3
estorbo	NOUN:3
estornudar	VERB:1
estornudo	NOUN:1
estrabismo	NOUN:2
estrabón	PROPN:1
estrada	NOUN:1	PROPN:1
estradiol	NOUN:1
estrado	NOUN:3
estrafalario	ADJ:2
estrago	NOUN:3
estrangulación	NOUN:2
estrangulador	ADJ:1	NOUN:3
estrangulamiento	NOUN:1
estrangular	VERB:1
estrasburgo	PROPN:1
estratagema	NOUN:1
estratega	NOUN:1
estrategia	NOUN:1
estratificación	NOUN:1
estratigrafía	NOUN:1
estrato	NOUN:3
estratosfera	NOUN:1
estratosférico	ADJ:1
estratégicamente	ADV:1
estratégico	ADJ:1
estratósfera	NOUN:1
estraño	ADJ:4
estrechamente	ADV:2
estrechamiento	NOUN:1
estrechar	VERB:3
estrechez	NOUN:4
estrecho	ADJ:5	NOUN:1
estrella	NOUN:4	PROPN:2
estrellado	ADJ:3
estrellar	VERB:3	ADJ:1
estrellato	NOUN:1
estrellita	NOUN:1
estremecedor	ADJ:2
estremecer	VERB:3
estremecimiento	NOUN:3
estrenar	VERB:4
estreno	NOUN:3
estrepitosamente	ADV:2
estrepitoso	ADJ:2
estreptococo	NOUN:1
estresado	ADJ:1
estresante	ADJ:1
estresar	VERB:1
estreñido	ADJ:1
estreñimiento	NOUN:1
estriado	ADJ:1
estribillo	NOUN:2
estribo	NOUN:4
estribor	NOUN:1
estricnina	NOUN:1
estrictamente	ADV:1
estricto	ADJ:1
estridencia	NOUN:1
estridente	ADJ:2
estro	NOUN:3
estrofa	NOUN:2
estroma	NOUN:1
estroncio	NOUN:1
estropajo	NOUN:4
estropeado	ADJ:5
estropear	VERB:3
estropicio	NOUN:2
estructura	NOUN:1
estructuración	NOUN:1
estructurado	ADJ:1
estructural	ADJ:1
estructuralismo	NOUN:1
estructuralista	ADJ:1
estructuralmente	ADV:1
estructurar	VERB:1
estruendo	NOUN:2
estruendoso	ADJ:1
estrujar	VERB:2
estrépito	NOUN:1
estrés	NOUN:1
estría	NOUN:2
estrógeno	NOUN:1	ADJ:1
estuario	NOUN:1
estuche	NOUN:6
estuco	NOUN:1
estudiantado	NOUN:1
estudiante	NOUN:2	ADJ:1
estudiantil	ADJ:1
estudiantina	NOUN:1
estudiar	VERB:2
estudio	NOUN:2
estudioso	ADJ:1
estufa	NOUN:2
estulticia	NOUN:1
estupefacción	NOUN:1
estupefaciente	ADJ:2	NOUN:1
estupefacto	ADJ:1
estupendamente	ADV:1
estupendo	ADJ:4
estupidez	NOUN:2
estupor	NOUN:2
estupro	NOUN:2
esturión	NOUN:1
estándar	ADJ:1
estático	ADJ:1
estéreo	ADJ:1	NOUN:4
estéril	ADJ:2
estética	NOUN:2
estéticamente	ADV:1
estético	ADJ:1
estévez	PROPN:1
estímulo	NOUN:1
estío	NOUN:1
estómago	NOUN:1
estúpidamente	ADV:1
estúpido	ADJ:1
esvástica	NOUN:1
esófago	NOUN:1
et	NOUN:1
eta	NOUN:1
etano	NOUN:1
etanol	NOUN:1
etapa	NOUN:5
etario	ADJ:2
etarra	ADJ:1	NOUN:1
etcheverry	PROPN:1
etcétera	ADV:1	NOUN:1
eternal	ADJ:1
eternamente	ADV:1
eternidad	NOUN:1
eterno	ADJ:1
ethos	NOUN:1
etileno	NOUN:1
etilo	NOUN:1
etimología	NOUN:1
etimológicamente	ADV:1
etimológico	ADJ:1
etiología	NOUN:1
etiológico	ADJ:1
etiopía	PROPN:1
etiqueta	NOUN:4
etiquetado	NOUN:1
etiquetar	VERB:2
etnia	NOUN:1
etnicidad	NOUN:1
etnocentrismo	NOUN:1
etnografía	NOUN:1
etnográfico	ADJ:1
etnología	NOUN:1
etnológico	ADJ:1
etnólogo	NOUN:1
etología	NOUN:1
etruria	PROPN:1
etrusco	ADJ:1	NOUN:2
ets	NOUN:1
ett	NOUN:1
etéreo	ADJ:1
etílico	ADJ:1
etíope	ADJ:1
eu	PROPN:1
eua	PROPN:1
eucalipto	NOUN:1
eucaristía	NOUN:1
eucarístico	ADJ:1
euclides	PROPN:1
eufemia	PROPN:1
eufemismo	NOUN:1
eufemísticamente	ADV:1
euforia	NOUN:1
eufórico	ADJ:1
eugenesia	NOUN:1
eugenia	PROPN:1
eugenio	PROPN:1
eulalia	PROPN:1
eulogio	PROPN:1
eunuco	NOUN:1
eurasia	PROPN:1
eureka	INTJ:1
euribor	NOUN:1
euro	NOUN:1
euroasiático	ADJ:1
eurocopa	PROPN:1
eurocámara	PROPN:1
eurodiputado	NOUN:1
eurogrupo	NOUN:1
europa	PROPN:4
europeo	ADJ:1
europeísta	NOUN:1
eurovisión	PROPN:2
eurozona	PROPN:1
eurídice	PROPN:1
eusebio	PROPN:2
euskara	NOUN:1
euskera	ADJ:1	NOUN:1
eusko	NOUN:1
eutanasia	NOUN:1
eva	PROPN:2
evacuación	NOUN:2
evacuado	ADJ:1	NOUN:1
evacuar	VERB:2
evadir	VERB:2
evaluación	NOUN:2
evaluador	ADJ:1	NOUN:1
evaluar	VERB:2
evangelina	PROPN:1
evangelio	NOUN:1
evangelismo	NOUN:1
evangelista	ADJ:1	NOUN:1
evangelización	NOUN:1
evangelizador	ADJ:1	NOUN:1
evangelizar	VERB:1
evangélico	ADJ:1	NOUN:1
evaporación	NOUN:1
evaporador	NOUN:1
evaporar	VERB:1
evapotranspiración	NOUN:1
evaristo	PROPN:1
evasiva	NOUN:2
evasivo	ADJ:1
evasión	NOUN:1
evasor	ADJ:1	NOUN:1
evelio	PROPN:1
evento	NOUN:1
eventual	ADJ:5
eventualidad	NOUN:1
eventualmente	ADV:2
everardo	PROPN:1
everest	PROPN:1
evidencia	NOUN:1
evidenciar	VERB:3
evidente	ADJ:1
evidentemente	ADV:1
evitable	ADJ:1
evitación	NOUN:1
evitar	VERB:6
evo	NOUN:1
evocación	NOUN:1
evocador	ADJ:1
evocar	VERB:1
evolucionar	VERB:1
evolucionismo	NOUN:1
evolucionista	ADJ:2	NOUN:1
evolución	NOUN:2
evolutivamente	ADV:1
evolutivo	ADJ:1
ew	INTJ:1
ex	NOUN:1	ADJ:1
exabrupto	NOUN:1
exacerbación	NOUN:1
exacerbar	VERB:1
exactamente	ADV:1
exactitud	NOUN:1
exacto	ADJ:1	NOUN:1	ADV:1
exageración	NOUN:2
exageradamente	ADV:1
exagerado	ADJ:3	NOUN:1
exagerar	VERB:4
exalcalde	NOUN:1
exaltación	NOUN:2
exaltado	ADJ:3
exaltar	VERB:1
exalumno	NOUN:1
examen	NOUN:1
examinación	NOUN:1
examinador	NOUN:1
examinar	VERB:1
exasesor	NOUN:1
exasperación	NOUN:1
exasperante	ADJ:1
excampeón	NOUN:1
excanciller	NOUN:1
excandidato	NOUN:1
excapitán	NOUN:1
excarcelación	NOUN:1
excavación	NOUN:1
excavadora	NOUN:1
excavar	VERB:1
excedencia	NOUN:1
excedente	ADJ:2	NOUN:2
exceder	VERB:1
excel	PROPN:1
excelencia	NOUN:2
excelente	ADJ:3
excelentemente	ADV:1
excelentísimo	ADJ:1
excelso	ADJ:1
excentricidad	NOUN:1
excepcional	ADJ:1
excepcionalidad	NOUN:1
excepcionalmente	ADV:1
excepción	NOUN:1
excepto	ADP:1
excesivamente	ADV:1
excesivo	ADJ:1
exceso	NOUN:2
excitación	NOUN:1
excitado	ADJ:1
excitante	ADJ:2
excitar	VERB:1
exclamación	NOUN:1
exclamar	VERB:1
excluir	VERB:1
exclusiva	NOUN:1
exclusivamente	ADV:1
exclusividad	NOUN:1
exclusivo	ADJ:2
exclusión	NOUN:1
excluyente	ADJ:1
excmo	ADJ:2
excomandante	NOUN:1
excompañero	NOUN:1
excomunión	NOUN:1
exconcejal	NOUN:1
exconsejero	NOUN:1
exconvicto	NOUN:1
excreción	NOUN:1
excremento	NOUN:1
exculpar	VERB:1
excursionismo	NOUN:1
excursionista	NOUN:3
excursión	NOUN:1
excusa	NOUN:2
excusado	NOUN:1
excusar	VERB:1
excéntrico	ADJ:1
exdictador	NOUN:1
exdiputado	NOUN:1
exdirector	NOUN:1
execrable	ADJ:1
exembajador	NOUN:1
exención	NOUN:1
exento	ADJ:3
exentrenador	NOUN:1
exequias	NOUN:1
exequátur	NOUN:1
exesposo	NOUN:1
exfiscal	NOUN:1
exfoliación	NOUN:4
exfoliante	ADJ:1	NOUN:1
exfuncionario	NOUN:1
exfutbolista	NOUN:1
exgeneral	NOUN:1
exgerente	NOUN:1
exgobernador	NOUN:1
exguerrillero	NOUN:1
exhalación	NOUN:1
exhalar	VERB:1
exhaustivamente	ADV:1
exhaustivo	ADJ:1
exhausto	ADJ:1
exhibicionismo	NOUN:1
exhibicionista	NOUN:2
exhibición	NOUN:1
exhibir	VERB:3
exhortación	NOUN:1
exhortar	VERB:1
exhorto	NOUN:1
exhumación	NOUN:1
exhumar	VERB:1
exigencia	NOUN:4
exigente	ADJ:5
exigibilidad	NOUN:1
exigible	ADJ:1
exigir	VERB:4
exiguo	ADJ:1
exilado	ADJ:1	NOUN:1
exiliar	VERB:1
exilio	NOUN:1
eximio	ADJ:1
eximir	VERB:1
existencia	NOUN:2
existencial	ADJ:1
existencialismo	NOUN:1
existencialista	ADJ:1	NOUN:1
existente	ADJ:1
existir	VERB:1
exitazo	NOUN:1
exitosamente	ADV:1
exitoso	ADJ:2
exjefe	NOUN:1
exjuez	NOUN:1
exjugador	NOUN:1
exlíder	NOUN:1
exmandatario	NOUN:1
exmarido	NOUN:1
exmiembro	NOUN:1
exmilitar	NOUN:1
exministro	NOUN:1
exmujer	NOUN:1
exnovia	NOUN:2
exnovio	NOUN:2
exoesqueleto	NOUN:1
exoficial	NOUN:1
exoneración	NOUN:1
exonerar	VERB:1
exoplaneta	NOUN:1
exorbitante	ADJ:1
exorcismo	NOUN:1
exorcista	NOUN:1
exorcizar	VERB:1
exotismo	NOUN:1
expandir	VERB:1
expansionismo	NOUN:1
expansionista	NOUN:1
expansivo	ADJ:3
expansión	NOUN:5
expareja	NOUN:1
expatriado	NOUN:1
expectación	NOUN:1
expectante	ADJ:1
expectativa	NOUN:1
expectoración	NOUN:2
expedicionario	ADJ:1
expedición	NOUN:1
expediente	NOUN:2
expedir	VERB:2
expedito	ADJ:1
expendedora	NOUN:1
expendio	NOUN:3
expensas	NOUN:1
experiencia	NOUN:2
experiencial	ADJ:1
experimentación	NOUN:1
experimentador	NOUN:1
experimental	ADJ:1
experimentalmente	ADV:1
experimentar	VERB:3
experimento	NOUN:1
experticia	NOUN:1
expertise	NOUN:1
experto	ADJ:1
expiación	NOUN:1
expiar	VERB:1
expiatorio	ADJ:2
expiración	NOUN:3
expirar	VERB:3
explanada	NOUN:1
explicable	ADJ:1
explicación	NOUN:1
explicar	VERB:2
explicativo	ADJ:1
explicitar	VERB:1
exploración	NOUN:2
explorador	ADJ:1	NOUN:1
explorar	VERB:1
exploratorio	ADJ:1
explosividad	NOUN:1
explosivo	ADJ:1
explosión	NOUN:2
explotable	ADJ:1
explotación	NOUN:1
explotador	ADJ:1	NOUN:1
explotar	VERB:2
explícitamente	ADV:1
explícito	ADJ:1
expo	NOUN:3
expoliación	NOUN:1
expolicía	NOUN:1
expolio	NOUN:2
exponencial	ADJ:1
exponencialmente	ADV:1
exponente	ADJ:1	NOUN:3
exponer	VERB:2
exportable	ADJ:1
exportación	NOUN:1
exportador	ADJ:1	NOUN:1
exportar	VERB:1
exposición	NOUN:3
expositivo	ADJ:1
expositor	NOUN:3
expresamente	ADV:1
expresar	VERB:3
expresidente	NOUN:1
expresionismo	NOUN:1
expresionista	ADJ:1
expresividad	NOUN:1
expresivo	ADJ:1
expresión	NOUN:1
expreso	NOUN:1	ADJ:1
exprimido	VERB:2
exprimidor	NOUN:1
exprimir	VERB:2
expropiación	NOUN:1
expropiar	VERB:1
exprés	ADJ:1	NOUN:1
expulsar	VERB:3
expulsión	NOUN:1
expulso	ADJ:1
expósito	ADJ:1	NOUN:1	PROPN:1
exquisitamente	ADV:1
exquisitez	NOUN:2
exquisito	ADJ:2
exsecretario	NOUN:1
exsenador	NOUN:1
extemporáneo	ADJ:1
extender	VERB:4
extendido	ADJ:1
extensamente	ADV:1
extensible	ADJ:1	NOUN:1
extensivamente	ADV:1
extensivo	ADJ:2
extensión	NOUN:6
extenso	ADJ:1
extensor	ADJ:1	NOUN:1
extenuación	NOUN:1
extenuante	ADJ:2
exterior	ADJ:1	NOUN:2
exteriorizar	VERB:2
exteriormente	ADV:1
exterminación	NOUN:1
exterminador	NOUN:1
exterminar	VERB:1
exterminio	NOUN:1
externalidad	NOUN:1
externalización	NOUN:2
externalizar	VERB:1
externamente	ADV:1
externo	ADJ:1
extesorero	NOUN:1
extinción	NOUN:1
extinguir	VERB:3
extinto	ADJ:2
extintor	ADJ:1	NOUN:1
extirpación	NOUN:2
extirpar	VERB:3
extorsionador	NOUN:1
extorsionar	VERB:1
extorsión	NOUN:1
extra	ADJ:3	NOUN:1
extracción	NOUN:2
extracelular	ADJ:1
extracontractual	ADJ:1
extractivismo	NOUN:1
extractivista	ADJ:1
extractivo	ADJ:1
extracto	NOUN:2
extractor	ADJ:1	NOUN:1
extradición	NOUN:1
extraditar	VERB:1
extraer	VERB:2
extraescolar	ADJ:1
extrajudicial	ADJ:1
extrajudicialmente	ADV:1
extramatrimonial	ADJ:1
extramuros	ADV:1
extranjero	ADJ:1	NOUN:2
extranjería	NOUN:1
extraoficial	ADJ:1
extraoficialmente	ADV:1
extraordinariamente	ADV:1
extraordinario	ADJ:1
extrapolación	NOUN:1
extrapolar	VERB:1
extrarradio	NOUN:1
extraterrestre	ADJ:1
extraterritorial	ADJ:1
extravagancia	NOUN:2
extravagante	ADJ:1
extraviado	ADJ:1
extravío	NOUN:3
extraíble	ADJ:1
extrañamente	ADV:1
extrañamiento	NOUN:1
extrañar	VERB:3
extrañeza	NOUN:3
extraño	ADJ:4	NOUN:1
extremadamente	ADV:1
extremadura	PROPN:1
extremamente	ADV:1
extremar	VERB:2
extremaunción	NOUN:1
extremeño	ADJ:1	NOUN:2
extremidad	NOUN:3
extremismo	NOUN:1
extremista	NOUN:1
extremo	ADJ:1	NOUN:3
extrovertido	ADJ:1	NOUN:1
extrusión	NOUN:1
exuberancia	NOUN:1
exuberante	ADJ:1
exudado	NOUN:1
exultante	ADJ:1
exvicepresidente	NOUN:1
exámen	NOUN:1
exégesis	NOUN:1
exótico	ADJ:1
ey	INTJ:1
eyaculación	NOUN:1
eyacular	VERB:1
eyección	NOUN:1
ezequiel	PROPN:3
eólico	ADJ:1
f	INTJ:1
fa	NOUN:1	INTJ:1
faa	PROPN:1
fabada	NOUN:1
fabela	NOUN:1
fabiana	PROPN:1
fabiano	ADJ:1
fabio	PROPN:1
fabián	PROPN:1
fabricación	NOUN:1
fabricante	NOUN:1
fabricar	VERB:2
fabricio	PROPN:1
fabril	ADJ:1
fabro	NOUN:1
fabuloso	ADJ:2
faca	NOUN:1
facción	NOUN:2
face	NOUN:2
facebook	PROPN:1
faceta	NOUN:3
facha	NOUN:4	ADJ:2
fachada	NOUN:1
fachero	ADJ:3	NOUN:2
facho	NOUN:1
facial	ADJ:1
facies	NOUN:1
facilidad	NOUN:1
facilismo	NOUN:1
facilitación	NOUN:1
facilitador	NOUN:2
facilitar	VERB:2
facsimilar	ADJ:1
facsímil	NOUN:1
factibilidad	NOUN:1
factible	ADJ:1
facto	NOUN:2
factor	NOUN:2
factorial	ADJ:1
factoría	NOUN:3
factual	ADJ:1
factura	NOUN:3
facturación	NOUN:2
facturar	VERB:2
facu	NOUN:4
facultad	NOUN:4
facultar	VERB:1
facultativo	ADJ:1	NOUN:1
facundo	ADJ:1	PROPN:2
fada	NOUN:2
fado	NOUN:1
faena	NOUN:6
faenar	VERB:3
fagot	NOUN:1
fahrenheit	ADJ:1
fairy	NOUN:1
faisán	NOUN:1
faja	NOUN:8
fajar	VERB:3
fajardo	PROPN:1
fajo	NOUN:1
fajín	NOUN:2
fake	ADJ:1
falacia	NOUN:1
falafel	NOUN:1
falange	NOUN:3
falangista	ADJ:1
falaz	ADJ:2
falciforme	ADJ:1
falcón	NOUN:1	PROPN:2
falda	NOUN:5
faldero	ADJ:2
faldón	NOUN:2
falencia	NOUN:2
falible	ADJ:1
falla	NOUN:4
fallar	VERB:4
fallecer	VERB:1
fallecimiento	NOUN:1
fallido	ADJ:1
fallo	NOUN:5
falo	NOUN:1
falopa	ADJ:1	NOUN:3
falopero	NOUN:1
falopio	PROPN:1
falsamente	ADV:1
falsear	VERB:1
falsedad	NOUN:1
falsete	NOUN:1
falsificación	NOUN:1
falsificado	ADJ:1
falsificador	NOUN:1
falsificar	VERB:1
falso	ADJ:2
falta	NOUN:6
faltante	ADJ:1
faltar	VERB:5
falte	NOUN:1
falto	ADJ:2
fama	NOUN:2
fame	NOUN:1
familia	NOUN:3
familiar	ADJ:4	NOUN:2
familiaridad	NOUN:1
familiarizar	VERB:1
familiarmente	ADV:1
famoso	ADJ:1	NOUN:1
famélico	ADJ:2
fan	NOUN:1
fanaticada	NOUN:1
fanatismo	NOUN:1
fanboy	NOUN:1
fancy	ADJ:1
fandango	NOUN:1
fandiño	PROPN:1
fandom	NOUN:1
fanfarria	NOUN:2
fanfarronería	NOUN:1
fanfarrón	ADJ:1	NOUN:1
fanfic	NOUN:1
fang	NOUN:1
fangio	PROPN:1
fango	NOUN:1
fangoso	ADJ:2
fani	PROPN:1
fanpage	NOUN:1
fanta	PROPN:1
fantasear	VERB:1
fantaseo	NOUN:1
fantasioso	ADJ:2
fantasma	NOUN:2
fantasmagórico	ADJ:1
fantasmal	ADJ:2
fantasía	NOUN:4
fantoche	NOUN:1
fantásticamente	ADV:1
fantástico	ADJ:2
fanzine	NOUN:1
fanático	ADJ:1	NOUN:3
fao	PROPN:1
far	VERB:8
fara	NOUN:1
farallón	NOUN:1
faraona	NOUN:1
faraón	NOUN:1
faraónico	ADJ:1
fardo	NOUN:4
farfán	PROPN:1
farina	NOUN:2
faringe	NOUN:1
faringitis	NOUN:1
fariseo	NOUN:1
fariña	NOUN:1	PROPN:1
farmacia	NOUN:2
farmacocinética	NOUN:1
farmacología	NOUN:1
farmacológico	ADJ:1
farmacopea	NOUN:1
farmacéutico	ADJ:1	NOUN:1
faro	NOUN:4
farol	NOUN:5
farola	NOUN:1
farra	NOUN:1
farré	PROPN:1
farsa	NOUN:4
farsante	ADJ:1	NOUN:1
farsi	NOUN:1
farándula	NOUN:3
fascia	NOUN:1
fascinación	NOUN:1
fascinante	ADJ:1
fascinar	VERB:1
fascismo	NOUN:1
fascista	ADJ:3	NOUN:1
fascículo	NOUN:1
fase	NOUN:2
fashion	ADJ:1	NOUN:1
fashionista	NOUN:1
faso	NOUN:1
fasta	ADP:2
fastidiado	ADJ:1
fastidiar	VERB:4
fastidio	NOUN:1
fastidioso	ADJ:1
fastuoso	ADJ:1
fatah	PROPN:1
fatal	ADJ:2	ADV:1
fatalidad	NOUN:2
fatalismo	NOUN:1
fatalista	ADJ:1	NOUN:1
fatalmente	ADV:2
fati	PROPN:1
fatiga	NOUN:2
fato	ADJ:2
fatuo	ADJ:2
fatídico	ADJ:3
fauna	NOUN:1
fauno	NOUN:1	PROPN:1
faustino	PROPN:1
fausto	ADJ:1	PROPN:1
favela	NOUN:1
favor	NOUN:1
favorable	ADJ:1
favorablemente	ADV:1
favorecedor	ADJ:1
favorecer	VERB:3
favorecido	NOUN:1
favorecimiento	NOUN:1
favoritismo	NOUN:1
favorito	ADJ:1
fax	NOUN:1
faz	NOUN:4
fazer	VERB:8
fbi	PROPN:1
fc	NOUN:3
fcb	PROPN:1
fcc	PROPN:1
fda	PROPN:1
fdez	PROPN:1
fe	NOUN:1
fealdad	NOUN:1
febrero	NOUN:1
febril	ADJ:2
febrilmente	ADV:1
fec	PROPN:1
fecal	ADJ:1
fecha	NOUN:2
fechar	VERB:1
fechoría	NOUN:1
fecundación	NOUN:2
fecundar	VERB:1
fecundidad	NOUN:2
fecundo	ADJ:1
fede	PROPN:1
federación	NOUN:1
federal	ADJ:1	NOUN:2
federalismo	NOUN:1
federalista	ADJ:1
federalización	NOUN:1
federativo	ADJ:1
federico	PROPN:1	ADJ:1
fedora	NOUN:1
feed	NOUN:1
feedback	NOUN:1
feeling	NOUN:2
fehaciente	ADJ:2
fehacientemente	ADV:2
fein	X:1
felación	NOUN:1
feldespato	NOUN:1
feli	PROPN:1
felice	ADJ:3
feliciano	PROPN:1	NOUN:1
felicidad	NOUN:2	PROPN:1
felicidades	INTJ:1
felicitación	NOUN:1
felicitar	VERB:1
feligresía	NOUN:2
felino	ADJ:1	NOUN:1
felipa	PROPN:1
felipe	PROPN:2
felisa	PROPN:1
feliz	ADJ:3
felizmente	ADV:1
fellow	NOUN:1
felonía	NOUN:2
felpa	NOUN:2
felpudo	NOUN:1
femenil	ADJ:1
femenino	ADJ:2	NOUN:1
femicidio	NOUN:1
feminazi	ADJ:1
femineidad	NOUN:1
feminicidio	NOUN:1
feminidad	NOUN:1
feminismo	NOUN:1
feminista	ADJ:1
feminización	NOUN:1
femoral	ADJ:1
fenicia	PROPN:1
fenicio	ADJ:1	NOUN:2
fenobarbital	NOUN:1
fenol	NOUN:2
fenomenal	ADJ:1
fenomenología	NOUN:1
fenotipo	NOUN:1
fentanilo	NOUN:1
fenómeno	NOUN:2
feo	ADJ:3
fer	PROPN:1
feral	ADJ:1
feria	NOUN:3
feriado	NOUN:1
ferial	ADJ:1
fermentación	NOUN:1
fermentar	VERB:1
fermento	NOUN:1
fermina	PROPN:1
fermín	PROPN:1
fernanda	PROPN:1
fernando	PROPN:1	NOUN:1
fernet	NOUN:1
fernán	PROPN:1
fernández	PROPN:1
ferocidad	NOUN:1
feroz	ADJ:1
ferozmente	ADV:1
ferrando	PROPN:1
ferrari	NOUN:1
ferraz	PROPN:3
ferreira	PROPN:1
ferrer	PROPN:1
ferrero	PROPN:1
ferrería	NOUN:1
ferretero	ADJ:1	NOUN:2
ferretería	NOUN:1
ferri	NOUN:1
ferrocarril	NOUN:3	PROPN:1
ferrocarrilero	ADJ:1	NOUN:1
ferrol	PROPN:1
ferroso	ADJ:1
ferrovial	ADJ:1
ferroviario	ADJ:1	NOUN:1
ferry	NOUN:1
fertilidad	NOUN:1
fertilización	NOUN:1
fertilizante	NOUN:1
fertilizar	VERB:1
ferviente	ADJ:2
fervientemente	ADV:1
fervor	NOUN:1
fervorosamente	ADV:1
fervoroso	ADJ:1
festa	NOUN:4
festejar	VERB:2
festejo	NOUN:1
festival	NOUN:1
festividad	NOUN:3
festivo	ADJ:1	NOUN:1
festo	PROPN:1
festín	NOUN:1
feta	NOUN:2
fetal	ADJ:1
fetiche	NOUN:1
fetichismo	NOUN:1
fetichista	NOUN:1	ADJ:1
feto	NOUN:2
feudal	ADJ:1
feudalismo	NOUN:1
feudo	NOUN:3
feve	PROPN:1
fez	NOUN:1	PROPN:1
ffcc	NOUN:3
fi	NOUN:1
fiabilidad	NOUN:1
fiable	ADJ:2
fiaca	NOUN:3
fiado	NOUN:1
fiador	NOUN:8
fiambre	NOUN:3
fiambrera	NOUN:1
fianza	NOUN:4
fiar	VERB:5
fiasco	NOUN:1
fiba	PROPN:1
fibra	NOUN:4
fibrilación	NOUN:1
fibrina	NOUN:1
fibromialgia	NOUN:1
fibrosis	NOUN:1
fibroso	ADJ:2
ficcional	ADJ:1
ficción	NOUN:1
fichaje	NOUN:1
fichar	VERB:5
fichero	NOUN:2
ficticio	ADJ:2
ficus	NOUN:1
fide	PROPN:1
fidedigno	ADJ:1
fideicomisario	NOUN:1	ADJ:1
fideicomiso	NOUN:1
fidel	PROPN:1
fidelidad	NOUN:2
fidelización	NOUN:1
fideo	NOUN:1
fido	ADJ:1
fiduciario	ADJ:1
fiebre	NOUN:1
fiel	ADJ:2
fielmente	ADV:1
fieltro	NOUN:2
fiera	NOUN:4
fiereza	NOUN:2
fiero	ADJ:3
fierro	NOUN:7	ADJ:1
fierros	NOUN:2
fiesta	NOUN:4
fiestero	ADJ:1	NOUN:2
fifa	PROPN:2
fife	NOUN:2
fifí	NOUN:1
figari	PROPN:1
figo	NOUN:2
figueras	PROPN:2
figueredo	PROPN:1
figueroa	PROPN:1
figura	NOUN:5
figuración	NOUN:2
figuradamente	ADV:1
figurado	ADJ:1
figurar	VERB:1
figurativamente	ADV:1
figurativo	ADJ:1
figurita	NOUN:2	ADJ:1
fijación	NOUN:2
fijador	ADJ:1	NOUN:1
fijamente	ADV:1
fijar	VERB:5
fijo	ADJ:3	ADV:1
fila	NOUN:3
filadelfia	PROPN:3
filamento	NOUN:1
filantropía	NOUN:1
filantrópico	ADJ:1
filarmónica	NOUN:1
filatelia	NOUN:1
filatélico	ADJ:1
filemón	PROPN:2
filete	NOUN:3
filia	NOUN:1
filiación	NOUN:3
filial	ADJ:1	NOUN:2
filibustero	NOUN:1
filigrana	NOUN:3
filipenses	PROPN:1
filipinas	PROPN:2
filipino	ADJ:1	NOUN:3
filipo	PROPN:1
filisteo	ADJ:1	NOUN:1
film	NOUN:1
filmación	NOUN:1
filmar	VERB:1
filme	NOUN:1
filmografía	NOUN:1
filmoteca	NOUN:1
filo	NOUN:5	INTJ:1
filología	NOUN:1
filológico	ADJ:1
filomena	PROPN:1
filoso	ADJ:2
filosofal	ADJ:1
filosofar	VERB:1
filosofía	NOUN:2
filosóficamente	ADV:1
filosófico	ADJ:1
filoxera	NOUN:2
filtración	NOUN:2
filtrante	ADJ:1
filtrar	VERB:4
filtro	NOUN:3
filántropo	ADJ:1	NOUN:1
filólogo	NOUN:1
filón	NOUN:2
filósofo	NOUN:1
fimosis	NOUN:1
fin	NOUN:3
finado	ADJ:1	NOUN:1
final	ADJ:2	NOUN:2
finalidad	NOUN:1
finalista	NOUN:1
finalización	NOUN:1
finalizar	VERB:2
finalmente	ADV:1
finamente	ADV:2
financiación	NOUN:1
financiador	NOUN:1
financiamiento	NOUN:1
financiar	VERB:1
financieramente	ADV:1
financiero	ADJ:1
financista	NOUN:1
finanza	NOUN:3
finca	NOUN:2
finde	NOUN:1
fineza	NOUN:3
finger	NOUN:2
fingir	VERB:2
finiquitar	VERB:1
finiquito	NOUN:1
finisterre	PROPN:3
finito	ADJ:2	INTJ:1
finitud	NOUN:1
finlandia	PROPN:1
finlandés	ADJ:2	NOUN:2
fino	ADJ:3
finta	NOUN:3
finura	NOUN:2
finés	ADJ:2	NOUN:1
fiordo	NOUN:1
fiori	PROPN:1
fir	X:1
firewall	NOUN:1
firma	NOUN:3
firmamento	NOUN:2
firmante	NOUN:1
firmar	VERB:1
firme	ADJ:6
firmemente	ADV:1
firmeza	NOUN:1
firmware	NOUN:1
fiscal	ADJ:2	NOUN:1	PROPN:1
fiscalidad	NOUN:1
fiscalización	NOUN:3
fiscalizador	ADJ:1	NOUN:1
fiscalizar	VERB:3
fiscalmente	ADV:1
fiscalía	NOUN:1
fisco	NOUN:3
fisgón	ADJ:1
fisicoculturista	NOUN:1
fisio	NOUN:2
fisiografía	NOUN:1
fisiología	NOUN:1
fisiológicamente	ADV:1
fisiológico	ADJ:1
fisionomía	NOUN:1
fisiopatología	NOUN:1
fisioterapeuta	NOUN:1
fisioterapia	NOUN:1
fisiólogo	NOUN:1
fisión	NOUN:1
fisonomía	NOUN:3
fisura	NOUN:1
fit	ADJ:1
fitness	NOUN:1
fito	PROPN:2
fitopatología	NOUN:1
fitoplancton	NOUN:1
fitoterapia	NOUN:1
fiv	X:1
fixture	NOUN:3
fiyi	PROPN:1
flaca	NOUN:1
flacidez	NOUN:1
flaco	ADJ:1	NOUN:5
flagelación	NOUN:1
flagelo	NOUN:4
flagrancia	NOUN:1
flagrante	ADJ:1
flagrantemente	ADV:1
flaite	NOUN:1
flama	NOUN:1
flamante	ADJ:2
flamear	VERB:3
flamenco	ADJ:3	NOUN:5
flamingo	NOUN:1
flan	NOUN:1
flanco	NOUN:1
flandes	PROPN:3
flap	NOUN:1
flaquear	VERB:4
flaqueza	NOUN:2
flash	NOUN:2
flashback	NOUN:1
flashear	VERB:1
flashmob	NOUN:1
flatulencia	NOUN:1
flauta	NOUN:3
flautista	NOUN:1
flavio	PROPN:1	ADJ:1
flecha	NOUN:1
flechazo	NOUN:3
fleco	NOUN:3
flema	NOUN:1
flequillo	NOUN:1
fletar	VERB:2
flete	NOUN:3
flexibilidad	NOUN:1
flexibilización	NOUN:1
flexibilizar	VERB:1
flexible	ADJ:1
flexionar	VERB:2
flexión	NOUN:5
flexo	NOUN:1
flexor	ADJ:1
flia	NOUN:3
flipa	INTJ:1
flipante	ADJ:3
flipar	VERB:3
flirtear	VERB:1
flirteo	NOUN:1
flogger	NOUN:1
flojera	NOUN:1
flojo	ADJ:3
flor	NOUN:7	PROPN:1
flora	NOUN:1	PROPN:2
floración	NOUN:1
floral	ADJ:1
florecer	VERB:3
floreciente	ADJ:1
florecimiento	NOUN:1
florencia	PROPN:5
florencio	PROPN:1
florentino	ADJ:2	NOUN:2	PROPN:2
florero	NOUN:5
florería	NOUN:1
floresta	NOUN:2	PROPN:2
florete	NOUN:1
floricultura	NOUN:1
florida	PROPN:5
florido	ADJ:1
florinda	PROPN:1
florista	NOUN:1
floristería	NOUN:1
floro	NOUN:2	PROPN:1
florín	NOUN:2
flota	NOUN:2
flotabilidad	NOUN:1
flotación	NOUN:1
flotador	ADJ:1	NOUN:3
flotante	ADJ:1
flotar	VERB:1
flote	NOUN:1
flotilla	NOUN:1
flow	NOUN:2
fluctuación	NOUN:1
fluctuante	ADJ:1
fluctuar	VERB:2
fluencia	NOUN:1
fluidamente	ADV:1
fluidez	NOUN:2
fluido	ADJ:2	ADV:1	NOUN:2
fluir	VERB:2
flujo	NOUN:4
fluminense	ADJ:1	NOUN:1
fluorescencia	NOUN:1
fluorescente	ADJ:1
fluorita	NOUN:1
fluoruro	NOUN:1
fluoxetina	NOUN:1
fluvial	ADJ:1
flux	NOUN:2
flácido	ADJ:1
flórez	PROPN:1
flúor	NOUN:1
fmi	PROPN:1
foam	NOUN:1
fobia	NOUN:1
foca	NOUN:3
focal	ADJ:1
focalización	NOUN:1
focalizar	VERB:2
foco	NOUN:5	ADJ:2
fofo	ADJ:2
fogata	NOUN:2
fogonazo	NOUN:1
fogonero	NOUN:1
fogoso	ADJ:1
fogueo	NOUN:2
fogón	NOUN:6
foie	NOUN:1
foja	NOUN:2
fol	NOUN:1
folclor	NOUN:1
folclore	NOUN:1
folclórico	ADJ:2
folder	NOUN:1
foliar	ADJ:1	VERB:1
folicular	ADJ:1
folio	NOUN:1
folk	NOUN:1
folklore	NOUN:1
folklorista	NOUN:1
folklórico	ADJ:2
folla	NOUN:1
follaje	NOUN:1
follar	VERB:5
folleto	NOUN:1
folletín	NOUN:1
follón	ADJ:1	NOUN:3
folículo	NOUN:1
fome	ADJ:1
fomentar	VERB:5
fomento	NOUN:3	PROPN:1
fon	NOUN:1
fonda	NOUN:3
fondant	NOUN:1
fondeadero	NOUN:1
fondear	VERB:4
fondeo	NOUN:3
fondo	NOUN:7
fondue	NOUN:1
fonema	NOUN:1
fono	NOUN:2
fonología	NOUN:1
fonológico	ADJ:1
fonseca	PROPN:2
fontaine	PROPN:1
fontana	NOUN:1	PROPN:2
fontanero	NOUN:1
fontanería	NOUN:1
fontán	PROPN:1
fonética	NOUN:1
fonéticamente	ADV:1
fonético	ADJ:1
fonógrafo	NOUN:1
footing	NOUN:1
forajido	ADJ:1	NOUN:1
foral	ADJ:1
foramen	NOUN:1
forastero	ADJ:1	NOUN:2
forcejear	VERB:1
forcejeo	NOUN:2
forense	ADJ:1	NOUN:2
forero	ADJ:1	NOUN:1
foresta	NOUN:1
forestación	NOUN:1
forestal	ADJ:1
forex	NOUN:1
forja	NOUN:2
forjador	NOUN:1
forjar	VERB:1
forma	NOUN:4
formación	NOUN:3
formador	ADJ:2	NOUN:2
formal	ADJ:3
formaldehído	NOUN:1
formalidad	NOUN:1
formalismo	NOUN:1
formalización	NOUN:1
formalizar	VERB:2
formalmente	ADV:1
formar	VERB:4
formatear	VERB:1
formateo	NOUN:1
formativo	ADJ:1
formato	NOUN:2
formentera	PROPN:1
formidable	ADJ:3
formol	NOUN:1
formosa	PROPN:6
formulación	NOUN:1
formular	ADJ:1	VERB:3
formulario	ADJ:1	NOUN:2
fornicación	NOUN:1
fornicar	VERB:1
fornido	ADJ:1
foro	NOUN:3	PROPN:1
forrado	ADJ:3
forraje	NOUN:2
forrar	VERB:5
forro	NOUN:5
fortalecer	VERB:1
fortalecimiento	NOUN:2
fortaleza	NOUN:4
forte	ADJ:1
fortificación	NOUN:1
fortificado	ADJ:1
fortificar	VERB:1
fortuito	ADJ:1
fortuna	NOUN:4
fortunato	PROPN:1
fortín	NOUN:1
fortísimo	ADJ:1
forzadamente	ADV:1
forzado	ADJ:2	NOUN:1
forzar	VERB:4
forzosamente	ADV:1
forzoso	ADJ:1
foráneo	ADJ:1
fos	INTJ:1
fosa	NOUN:4
fosfatasa	NOUN:1
fosfato	NOUN:1
fosforescente	ADJ:1
fosforilación	NOUN:1
fosforito	ADJ:2	NOUN:3
fosfórico	ADJ:1
foso	NOUN:3
fossati	PROPN:1
foto	NOUN:1
fotocopia	NOUN:1
fotocopiadora	NOUN:1
fotocopiar	VERB:1
fotogalería	NOUN:1
fotografiar	VERB:1
fotografía	NOUN:2
fotograma	NOUN:1
fotográfico	ADJ:1
fotogénico	ADJ:2
fotolog	NOUN:1
fotomontaje	NOUN:1
fotoperiodismo	NOUN:1
fotoperiodista	NOUN:1
fotosíntesis	NOUN:1
fototeca	NOUN:1
fotovoltaico	ADJ:1
fotógrafo	NOUN:1
fotón	NOUN:1
foul	NOUN:1
foxtrot	NOUN:1
fpv	NOUN:1
frac	NOUN:1
fracasado	ADJ:1	NOUN:1
fracasar	VERB:2
fracaso	NOUN:2
fraccionamiento	NOUN:1
fraccionar	VERB:1
fracción	NOUN:3
fracking	NOUN:1
fractal	NOUN:1
fractura	NOUN:1
fracturación	NOUN:1
fracturar	VERB:1
fraga	PROPN:1
fragancia	NOUN:1
fragante	ADJ:2
fragata	NOUN:2
fragilidad	NOUN:1
fragmentación	NOUN:1
fragmentar	VERB:1
fragmentario	ADJ:1
fragmento	NOUN:2
fragor	NOUN:2
fragoso	ADJ:2
fragua	NOUN:1
fraguar	VERB:3
fraile	NOUN:1
frambuesa	NOUN:1
fran	PROPN:1
francamente	ADV:1
frances	ADJ:1
francia	PROPN:2
francisca	PROPN:1
franciscano	ADJ:1
francisco	PROPN:2
francmasonería	NOUN:1
franco	NOUN:1	ADJ:5	PROPN:2
francofonía	NOUN:1
francotirador	NOUN:1
francés	ADJ:1	NOUN:3
francófono	ADJ:1	NOUN:1
franela	NOUN:2
franja	NOUN:3
frankenstein	PROPN:3
franquear	VERB:2
franqueo	NOUN:1
franqueza	NOUN:1
franquicia	NOUN:4
franquismo	NOUN:1
franquista	ADJ:1	NOUN:1
frasco	NOUN:2
frase	NOUN:2
fraseo	NOUN:1
fraseología	NOUN:1
fraternal	ADJ:1
fraternalmente	ADV:1
fraternidad	NOUN:2
fraterno	ADJ:1
fratricida	ADJ:1	NOUN:1
fraude	NOUN:1
fraudulentamente	ADV:1
fraudulento	ADJ:1
fray	NOUN:1
frazada	NOUN:1
freaky	ADJ:1
frecuencia	NOUN:2
frecuentar	VERB:1
frecuente	ADJ:2
frecuentemente	ADV:1
fredo	ADJ:4
freelance	ADJ:1	NOUN:1
freelancer	NOUN:1
freestyle	NOUN:1
freetown	PROPN:1
fregadero	NOUN:1
fregado	ADJ:1	NOUN:4
fregar	VERB:4
fregona	NOUN:2
freidora	NOUN:1
freir	VERB:1
freire	PROPN:1
frenada	NOUN:3
frenado	NOUN:1
frenar	VERB:2
frenazo	NOUN:1
frenesí	NOUN:1
frenillo	NOUN:4
freno	NOUN:4
frente	NOUN:2
frenteamplista	NOUN:1	ADJ:1
frentista	ADJ:1
frenéticamente	ADV:1
frenético	ADJ:2
fresa	NOUN:6	ADJ:1
fresco	ADJ:3	NOUN:3
frescor	NOUN:1
frescura	NOUN:2
fresneda	NOUN:1
fresno	NOUN:1
freudiano	ADJ:1
freático	ADJ:1
freír	VERB:1
frialdad	NOUN:1
friburgo	PROPN:3
fricción	NOUN:2
frida	PROPN:1
friend	NOUN:1
frigia	PROPN:1
frigio	ADJ:1
frigo	NOUN:1
frigorífico	ADJ:1	NOUN:2
frijol	NOUN:2
friki	ADJ:2	NOUN:2
friolera	NOUN:1
frisia	PROPN:2
friso	NOUN:1
frisón	ADJ:1	NOUN:2
fritanga	NOUN:2
frito	ADJ:3	NOUN:1
fritura	NOUN:1
frivolidad	NOUN:1
frizz	NOUN:1
froilán	PROPN:1
fronda	NOUN:1
frondoso	ADJ:3
frontal	ADJ:1	NOUN:3
frontalmente	ADV:2
frontera	NOUN:2	PROPN:1
fronterizo	ADJ:1	NOUN:1
frontis	NOUN:1
frontispicio	NOUN:1
frontón	NOUN:4
frotar	VERB:1
frote	NOUN:1
frotis	NOUN:1
fructificación	NOUN:1
fructificar	VERB:1
fructosa	NOUN:1
fructuoso	ADJ:1
fructífero	ADJ:2
frugal	ADJ:2
frugalidad	NOUN:1
fruición	NOUN:1
frunce	NOUN:1
fruncido	ADJ:1	NOUN:1
fruncir	VERB:3
frustración	NOUN:1
frustrado	ADJ:2
frustrante	ADJ:1
frustrar	VERB:1
fruta	NOUN:3
frutal	ADJ:2	NOUN:2
frutera	NOUN:1
frutero	ADJ:2	NOUN:3
frutería	NOUN:1
fruticultura	NOUN:1
frutilla	NOUN:3
fruto	NOUN:5
frutícola	ADJ:1
frágil	ADJ:2
fráncfort	PROPN:1
fríamente	ADV:1
fríjol	NOUN:2
frío	ADJ:4	NOUN:1
frívolo	ADJ:2
ft	NOUN:1
ftc	PROPN:1
fu	INTJ:2
fua	NOUN:1
fuchi	INTJ:1
fuck	INTJ:1
fucking	ADJ:1
fucsia	NOUN:2	ADJ:1
fuego	NOUN:1	INTJ:1
fueguino	ADJ:1	NOUN:1
fuel	NOUN:1
fuelle	NOUN:5
fuengirola	PROPN:1
fuenlabrada	PROPN:1
fuente	NOUN:4	PROPN:1
fuer	NOUN:6
fuera	ADV:2	INTJ:1
fuero	NOUN:6
fuerte	ADJ:3	ADV:1	NOUN:3
fuertemente	ADV:1
fuerteventura	PROPN:1
fuerza	NOUN:2
fuga	NOUN:3
fugacidad	NOUN:2
fugar	VERB:3
fugaz	ADJ:1
fugazmente	ADV:1
fugitivo	ADJ:1
fujimori	PROPN:1
fujimorismo	NOUN:1
fujimorista	NOUN:1	ADJ:1
fujiwara	PROPN:1
ful	ADJ:1
fula	NOUN:2
fulana	NOUN:2
fulani	ADJ:1
fulano	PROPN:1	NOUN:2
fulbito	NOUN:5
fulgencio	PROPN:2
fulgor	NOUN:1
fulgurante	ADJ:2
full	NOUN:1
fulminante	ADJ:4	NOUN:1
fuma	NOUN:2
fumada	NOUN:1
fumado	ADJ:2
fumador	ADJ:1	NOUN:1
fumar	VERB:4
fumigación	NOUN:1
fumigador	NOUN:3
fumigar	VERB:1
fumo	NOUN:1
funa	NOUN:3
funcional	ADJ:1
funcionalidad	NOUN:1
funcionalismo	NOUN:1
funcionalista	NOUN:1
funcionalmente	ADV:1
funcionamiento	NOUN:1
funcionar	VERB:1
funcionariado	NOUN:1
funcionarial	ADJ:1
funcionario	NOUN:2
función	NOUN:3
fundacional	ADJ:1
fundación	NOUN:2
fundador	ADJ:1	NOUN:1
fundamentación	NOUN:1
fundamental	ADJ:1
fundamentalismo	NOUN:3
fundamentalista	ADJ:1
fundamentalmente	ADV:1
fundamentar	VERB:1
fundamento	NOUN:3
fundante	ADJ:1
fundar	VERB:1
fundente	NOUN:1
fundición	NOUN:4
fundido	ADJ:1
fundidor	ADJ:1	NOUN:1
fundir	VERB:6
fundo	NOUN:1
funeral	ADJ:1	NOUN:1
funeraria	NOUN:1
funerario	ADJ:1
funes	PROPN:2
funesto	ADJ:3
fungicida	NOUN:1	ADJ:1
fungir	VERB:1
funicular	NOUN:1
funk	NOUN:1
funky	ADJ:1	NOUN:1
furgo	NOUN:1
furgoneta	NOUN:1
furgón	NOUN:1
furia	NOUN:3
furibundo	ADJ:1
furiosamente	ADV:1
furioso	ADJ:2
furor	NOUN:2
furtivamente	ADV:2
furtivo	ADJ:3	NOUN:1
fusca	NOUN:1
fuselaje	NOUN:1
fusible	ADJ:1	NOUN:1
fusiforme	ADJ:1
fusil	NOUN:1
fusilamiento	NOUN:1
fusilar	VERB:2
fusilería	NOUN:2
fusionar	VERB:4
fusión	NOUN:4
fusta	NOUN:4
fuste	NOUN:8
futa	NOUN:1
futbolero	ADJ:1	NOUN:1
futbolista	NOUN:1
futbolín	NOUN:1
futbolísticamente	ADV:1
futbolístico	ADJ:1
futilidad	NOUN:1
futsal	NOUN:1
futurismo	NOUN:1
futurista	ADJ:1	NOUN:1
futuro	ADJ:1	NOUN:2
fuzz	NOUN:1
fábregas	PROPN:1
fábrica	NOUN:1
fábula	NOUN:3
fácil	ADJ:4	ADV:1
fácilmente	ADV:1
fáctico	ADJ:1
fálico	ADJ:1
fármaco	NOUN:1
fátima	PROPN:3
fécula	NOUN:1
félix	PROPN:2
fémina	NOUN:1
fémur	NOUN:1
fénix	NOUN:2	PROPN:1
féretro	NOUN:1
férreamente	ADV:1
férreo	ADJ:4
férrico	ADJ:1
fértil	ADJ:1
férula	NOUN:4
fétido	ADJ:1
fígaro	NOUN:2
fílmico	ADJ:1
físicamente	ADV:1
físico	ADJ:1	NOUN:2
fístula	NOUN:1
fólico	ADJ:1
fórceps	NOUN:1
fórmula	NOUN:1
fórum	NOUN:3
fósforo	NOUN:2
fósil	NOUN:1
fúnebre	ADJ:2
fútbol	NOUN:1
fútil	ADJ:3
führer	NOUN:1
g	SYM:1
gabacho	ADJ:2	NOUN:4
gabaldón	PROPN:1
gabardina	NOUN:2
gabarra	NOUN:1
gabela	NOUN:1
gabi	PROPN:2
gabinete	NOUN:1
gabo	PROPN:2
gabriel	PROPN:2
gabriela	PROPN:1
gabón	PROPN:1
gacela	NOUN:1
gaceta	NOUN:2
gacetilla	NOUN:2
gacha	NOUN:4
gachas	NOUN:2
gacho	ADJ:2	NOUN:1
gad	PROPN:1
gadget	NOUN:1
gaditano	ADJ:1	NOUN:1
gael	PROPN:1
gaetano	ADJ:1	NOUN:1
gafa	NOUN:3
gafas	NOUN:1
gafe	ADJ:1	NOUN:1
gafete	NOUN:1
gafo	ADJ:2	NOUN:2
gag	NOUN:1
gago	ADJ:1	NOUN:1
gaita	NOUN:4
gaitero	NOUN:1
gaitán	PROPN:1
gajo	NOUN:7
gal	NOUN:1
gala	NOUN:2
galaico	ADJ:1	NOUN:1
galante	ADJ:2
galantería	NOUN:1
galardón	NOUN:2
galarza	PROPN:1
galaxia	NOUN:1
galdós	PROPN:1
galea	NOUN:6
galeano	PROPN:1
galega	NOUN:1
galena	NOUN:1
galeno	NOUN:1
galera	NOUN:6
galerista	NOUN:2
galerna	NOUN:1
galería	NOUN:2
gales	PROPN:1
galeón	NOUN:1
galga	NOUN:1
galgo	NOUN:2
galia	PROPN:1
galicia	PROPN:2
galileo	ADJ:1
galimatías	NOUN:2
galindo	PROPN:1
galio	NOUN:1
gallardo	ADJ:2	PROPN:1
gallardía	NOUN:2
gallego	ADJ:1	NOUN:2	PROPN:1
galleta	NOUN:2
gallina	NOUN:3
gallinazo	NOUN:2
gallinero	NOUN:5
gallito	NOUN:1
gallitos	NOUN:1
gallo	NOUN:7	PROPN:1
galo	ADJ:2	NOUN:1	PROPN:1
galopante	ADJ:2
galopar	VERB:1
galope	NOUN:1
galpón	NOUN:4
galveston	PROPN:1
galván	PROPN:1
galáctico	ADJ:1	NOUN:1
galán	ADJ:2	NOUN:3	ADV:2	PROPN:1
galápago	NOUN:2
galápagos	PROPN:2
galés	ADJ:2	NOUN:2
galíndez	PROPN:1
galón	NOUN:3
gama	NOUN:4	PROPN:1
gamaliel	PROPN:2
gamarra	PROPN:2
gamba	NOUN:5	PROPN:1
gamberro	ADJ:1	NOUN:1
gambeta	NOUN:1
gambia	PROPN:1
gamboa	PROPN:3
game	NOUN:1
gameplay	NOUN:1
gamer	NOUN:1
gamificación	NOUN:1
gaming	NOUN:1
gamma	NOUN:1
gamo	NOUN:1
gamonal	NOUN:2
gamuza	NOUN:3
ganadero	ADJ:1	NOUN:1
ganadería	NOUN:2
ganador	ADJ:1	NOUN:1
ganancia	NOUN:1
gananciales	NOUN:1
ganar	VERB:7
ganchillo	NOUN:1
gancho	NOUN:8
gandul	ADJ:1	NOUN:2
gang	NOUN:1
ganga	NOUN:4
ganges	PROPN:1
ganglio	NOUN:1
gangrena	NOUN:1
gangster	NOUN:1
gansa	NOUN:1
ganso	ADJ:1	NOUN:4
gante	PROPN:1
ganímedes	PROPN:2
gao	PROPN:1
gaona	PROPN:1
gap	NOUN:1
gara	PROPN:2
garabato	NOUN:6
garage	NOUN:1
garaje	NOUN:3
garante	NOUN:1
garantista	ADJ:2	NOUN:1
garantizado	ADJ:1
garantizar	VERB:1
garantía	NOUN:1
garay	PROPN:1
garbanzo	NOUN:2
garbo	NOUN:2
garca	NOUN:2	PROPN:1
garcha	NOUN:1
garchar	VERB:1
garcés	PROPN:1
garcía	PROPN:2
gardenia	NOUN:1
garduño	NOUN:1
garfio	NOUN:2
garganta	NOUN:2
gargantilla	NOUN:1
gari	NOUN:1
garita	NOUN:2
garito	NOUN:2
garmendia	PROPN:1
garnacha	NOUN:3
garona	PROPN:1
garra	NOUN:5
garrafa	NOUN:2
garrafal	ADJ:1
garrafón	NOUN:3
garrapata	NOUN:1
garrido	ADJ:3	PROPN:1
garriga	NOUN:1
garrocha	NOUN:3
garrote	NOUN:5
garrucha	NOUN:1
garrón	NOUN:2
garza	NOUN:1	PROPN:1
garzón	NOUN:3	PROPN:2
garífuna	ADJ:1
gas	NOUN:4
gasa	NOUN:2
gascuña	PROPN:1
gascón	PROPN:1	ADJ:1	NOUN:1
gaseoso	ADJ:2
gasificación	NOUN:1
gasista	ADJ:1	NOUN:1
gasoducto	NOUN:1
gasoil	NOUN:1
gasolina	NOUN:1
gasolinazo	NOUN:1
gasolinera	NOUN:3
gaspar	PROPN:1
gastar	VERB:6
gasteiz	PROPN:2
gasto	NOUN:2
gastritis	NOUN:1
gastroenteritis	NOUN:1
gastroenterología	NOUN:1
gastrointestinal	ADJ:1
gastronomía	NOUN:1
gastronómico	ADJ:1
gastón	PROPN:2
gasóleo	NOUN:1
gasómetro	NOUN:1
gata	NOUN:1
gatear	VERB:3
gatera	NOUN:2
gatillo	NOUN:1
gatito	NOUN:1
gato	NOUN:8
gatopardo	NOUN:1
gatuno	ADJ:2
gauchesco	ADJ:1
gaucho	ADJ:2	NOUN:1
gaveta	NOUN:4
gavia	NOUN:2
gavilla	NOUN:3
gavilán	NOUN:4	PROPN:1
gaviota	NOUN:1
gay	ADJ:1	NOUN:1
gayo	PROPN:1	NOUN:1	ADJ:1
gayoso	PROPN:1
gaza	PROPN:1	NOUN:1
gazeta	NOUN:2
gazpacho	NOUN:1
gaélico	NOUN:1	ADJ:1
gañán	NOUN:2
gc	NOUN:1
gdansk	PROPN:1
gdl	PROPN:3
gea	PROPN:1
geek	NOUN:1
gei	NOUN:1
geisha	NOUN:1
gel	NOUN:2
gelatina	NOUN:1
gelatinoso	ADJ:1
gema	NOUN:2	PROPN:1
gemelo	ADJ:1	NOUN:4
gemido	NOUN:1
gemir	VERB:2
gen	NOUN:1
genaro	PROPN:1
gendarme	NOUN:1
gendarmería	NOUN:1
gene	NOUN:1
genealogía	NOUN:1
genealógico	ADJ:1
generacional	ADJ:1
generación	NOUN:1
generador	ADJ:1	NOUN:1
general	ADJ:1	NOUN:2
generala	NOUN:1
generalidad	NOUN:3
generalista	ADJ:2
generalización	NOUN:1
generalizar	VERB:1
generalmente	ADV:1
generalísimo	PROPN:1	NOUN:1
generar	VERB:2
generosamente	ADV:1
generosidad	NOUN:1
generoso	ADJ:1	PROPN:1
genesis	NOUN:1
genetista	NOUN:1
gengis	PROPN:1
genial	ADJ:4	ADV:1
genialidad	NOUN:1
genio	NOUN:3
genital	ADJ:1
genitivo	ADJ:1	NOUN:1
genocida	ADJ:1	NOUN:1
genocidio	NOUN:1
genoma	NOUN:1
genotipo	NOUN:1
genovés	ADJ:1	NOUN:2
gens	NOUN:1
gente	NOUN:2
gentil	ADJ:2	NOUN:1
gentileza	NOUN:2
gentilhombre	NOUN:1
gentilicio	NOUN:1
gentilmente	ADV:1
gentleman	NOUN:1
gentrificación	NOUN:1
gentuza	NOUN:1
gentío	NOUN:1
genuinamente	ADV:1
genuino	ADJ:2
genéricamente	ADV:1
genérico	ADJ:1
genéticamente	ADV:1
genético	ADJ:1
genómica	NOUN:1
geo	NOUN:1	PROPN:1
geodesia	NOUN:1
geodésico	ADJ:1
geoespacial	ADJ:1
geofísica	NOUN:1
geofísico	ADJ:1	NOUN:1
geografía	NOUN:2
geográficamente	ADV:1
geográfico	ADJ:1
geolocalización	NOUN:1
geología	NOUN:1
geológicamente	ADV:1
geológico	ADJ:1
geometría	NOUN:1
geomorfología	NOUN:1
geométricamente	ADV:1
geométrico	ADJ:1
geopolítica	NOUN:1
geopolítico	ADJ:1
geoquímica	NOUN:1
georgetown	PROPN:1
georgia	PROPN:2
georgiano	ADJ:1	NOUN:1
geotermia	NOUN:1
geraldo	PROPN:1
geranio	NOUN:2
gerardo	PROPN:1
gerencia	NOUN:1
gerencial	ADJ:1
gerenciar	VERB:1
gerente	NOUN:1
geriatría	NOUN:1
geriátrico	ADJ:1	NOUN:1
germania	PROPN:1
germano	ADJ:1	NOUN:1
germen	NOUN:3
germinación	NOUN:1
germinal	ADJ:1	NOUN:1
germinar	VERB:1
germoplasma	NOUN:1
germán	PROPN:1
germánico	ADJ:1
gerona	PROPN:3
gerontología	NOUN:1
gerson	PROPN:1
gertrudis	PROPN:1
gerundense	ADJ:1	NOUN:1
gerundio	NOUN:1
gerónimo	PROPN:1
gesta	NOUN:1
gestacional	ADJ:1
gestación	NOUN:1
gestante	ADJ:1	NOUN:1
gestar	VERB:3
gestionar	VERB:4
gestión	NOUN:3
gesto	NOUN:2
gestor	NOUN:2
gestoría	NOUN:1
gestual	ADJ:1
geta	NOUN:2
getafe	PROPN:1
geógrafo	NOUN:1
geólogo	NOUN:1
ghana	PROPN:1
ghanés	ADJ:1	NOUN:1
gianluca	PROPN:1
gibara	PROPN:1
gibraltar	PROPN:2
gif	NOUN:1
giga	NOUN:2
gigabit	NOUN:1
gigabyte	NOUN:1
gigante	ADJ:1	NOUN:2	PROPN:1
gigantesco	ADJ:1
gigantismo	NOUN:1
gigoló	NOUN:1
gijón	PROPN:1
gil	ADJ:1	NOUN:3	PROPN:1
gilberto	PROPN:1
gilda	NOUN:1
gilgamesh	PROPN:1
gilipollas	ADJ:1	NOUN:1
gilipollez	NOUN:1
gillette	NOUN:1
gimnasia	NOUN:1
gimnasio	NOUN:1
gimnasta	NOUN:1
gimnástica	NOUN:1
gimnástico	ADJ:1
giménez	PROPN:1
gin	NOUN:1
ginebra	NOUN:1	PROPN:4
ginecología	NOUN:1
ginecólogo	NOUN:1
gingival	ADJ:1
gingivitis	NOUN:1
ginkgo	NOUN:1
ginseng	NOUN:1
ginés	PROPN:1
giovanny	PROPN:1
gira	NOUN:1
giralda	NOUN:1
girar	VERB:2
girasol	NOUN:1
giratorio	ADJ:1
giro	NOUN:7
giroscopio	NOUN:1
girón	PROPN:1
gis	NOUN:1
gisela	PROPN:1
giselle	PROPN:1
gitano	ADJ:1	NOUN:1
giusti	PROPN:1
glabro	ADJ:1
glaciación	NOUN:1
glacial	ADJ:2
glaciar	NOUN:1
gladiador	NOUN:1
gladio	NOUN:1
gladis	PROPN:1
gladys	PROPN:1
glam	NOUN:1
glamoroso	ADJ:1
glamour	NOUN:1
glamuroso	ADJ:1
glande	NOUN:1
glandular	ADJ:1
glaseado	NOUN:1
glasgow	PROPN:1
glauco	ADJ:1	NOUN:1
glaucoma	NOUN:1
glenda	PROPN:1
glicerina	NOUN:1
glicerol	NOUN:1
glicina	NOUN:2
glifo	NOUN:1
glifosato	NOUN:1
glitter	NOUN:1
global	ADJ:1	NOUN:1
globalidad	NOUN:1
globalista	ADJ:1
globalización	NOUN:1
globalmente	ADV:1
globo	NOUN:4
globoso	ADJ:1
globular	ADJ:1
glomerular	ADJ:1
gloria	NOUN:1	PROPN:1
glorieta	NOUN:4
glorificación	NOUN:1
glorificar	VERB:2
gloriosamente	ADV:1
glorioso	ADJ:1
glosa	NOUN:1
glosario	NOUN:1
glotonería	NOUN:1
glotón	ADJ:1	NOUN:2
glp	NOUN:1
glucemia	NOUN:1
glucosa	NOUN:1
glucógeno	NOUN:1
glutamato	NOUN:1
glutamina	NOUN:1
gluten	NOUN:1
glándula	NOUN:1
glúteo	ADJ:1
gnc	NOUN:1
gnome	X:1	NOUN:1
gnomo	NOUN:1
gnosis	NOUN:1
gnosticismo	NOUN:1
gnu	X:1
gnóstico	ADJ:1
go	NOUN:1
goa	PROPN:1
gobernabilidad	NOUN:1
gobernación	NOUN:1
gobernador	NOUN:1	ADJ:1
gobernanta	NOUN:1
gobernante	ADJ:1	NOUN:2
gobernanza	NOUN:1
gobernar	VERB:3
gobernatura	NOUN:1
gobierno	NOUN:1
goce	NOUN:1
god	ADJ:1
godard	PROPN:1
godo	NOUN:3	ADJ:1
godofredo	PROPN:1
godoy	PROPN:1
godínez	PROPN:1
goethe	PROPN:1
gofio	NOUN:1
gofre	NOUN:1
gol	NOUN:1	INTJ:1
gola	NOUN:6
golazo	NOUN:2	INTJ:2
golden	NOUN:1
goldstein	PROPN:1
goleada	NOUN:2
goleador	ADJ:1	NOUN:1
golear	VERB:1
golem	NOUN:1
golero	NOUN:2
goleta	NOUN:1
golf	NOUN:1
golfa	NOUN:1
golfista	NOUN:1
golfito	NOUN:1
golfo	NOUN:4	ADJ:3
goliat	PROPN:1	NOUN:1
golondrina	NOUN:3
golosa	NOUN:1
golosina	NOUN:1
goloso	ADJ:2
golpe	NOUN:8
golpeador	ADJ:1	NOUN:1
golpear	VERB:1
golpeteo	NOUN:1
golpismo	NOUN:2
golpista	NOUN:1	ADJ:1
golpiza	NOUN:1
goma	NOUN:7	ADJ:1
gomera	NOUN:1
gomero	ADJ:1	NOUN:1
gomina	NOUN:1
gomita	NOUN:2
gondwana	PROPN:1
gong	NOUN:1
gonorrea	NOUN:1
gonzaga	PROPN:1
gonzales	PROPN:1
gonzalo	PROPN:2
gonzález	PROPN:1
google	PROPN:1
googlear	VERB:1
gorbea	PROPN:2
gordi	NOUN:1
gordiano	ADJ:1
gordo	ADJ:2	NOUN:4
gordura	NOUN:1
gore	NOUN:1
gorgojo	NOUN:3
gorgona	NOUN:1
gorila	NOUN:4
gorjeo	NOUN:2
gorra	NOUN:2
gorrita	NOUN:2
gorrito	NOUN:2
gorrión	NOUN:2
gorro	NOUN:5
gospel	NOUN:1
gota	NOUN:4
gotcha	NOUN:1
gotear	VERB:1
gotemburgo	PROPN:1
goteo	NOUN:2
gotera	NOUN:3
gotero	NOUN:1
goto	NOUN:1
gouda	NOUN:1
gourmet	ADJ:1
govern	PROPN:1
govierno	NOUN:1
goy	NOUN:1	PROPN:1
goya	NOUN:1	PROPN:2
goyeneche	PROPN:1
goyo	PROPN:1
gozada	NOUN:1
gozar	VERB:2
gozo	NOUN:2
gozos	NOUN:1
gozoso	ADJ:2
gps	NOUN:2
gpu	NOUN:1
gr	PROPN:2
grabación	NOUN:1
grabador	NOUN:2
grabadora	NOUN:1
grabar	VERB:2
gracia	NOUN:6	PROPN:1
graciano	PROPN:1	ADJ:1	NOUN:1
graciela	PROPN:1
graciosamente	ADV:2
gracioso	ADJ:6	NOUN:2
graco	PROPN:1
grada	NOUN:4
gradación	NOUN:1
gradería	NOUN:2
gradiente	NOUN:2
grado	NOUN:8
graduación	NOUN:1
gradual	ADJ:1
gradualismo	NOUN:1
gradualmente	ADV:1
graduar	VERB:3
grafeno	NOUN:1
graffiti	NOUN:1
graficar	VERB:1
grafismo	NOUN:3
grafitero	NOUN:1
grafiti	NOUN:1
grafito	NOUN:1
grafo	NOUN:2
grafología	NOUN:1
grafía	NOUN:1
grajales	PROPN:1
gral	NOUN:2
grama	NOUN:1
gramado	NOUN:1
gramatical	ADJ:2
gramaticalmente	ADV:1
gramo	NOUN:1
gramática	NOUN:1
gramático	NOUN:1	ADJ:1
gramínea	NOUN:1
gramófono	NOUN:1
grana	NOUN:4
granada	NOUN:3	PROPN:4
granadero	NOUN:2
granadilla	NOUN:2
granadino	ADJ:3	NOUN:2
granado	ADJ:3	NOUN:1
granados	PROPN:2
granate	ADJ:1	NOUN:1
granda	PROPN:1
grande	ADJ:3	NOUN:2	PROPN:1
grandemente	ADV:1
grandeza	NOUN:2
grandilocuencia	NOUN:1
grandilocuente	ADJ:1
grandiosidad	NOUN:1
grandioso	ADJ:1
grandote	ADJ:2
grandullón	NOUN:1
granel	NOUN:1
granero	NOUN:2
granito	NOUN:1
granizada	NOUN:1
granizado	NOUN:1
granizo	NOUN:2
granja	NOUN:2
granjero	NOUN:1
granma	PROPN:1
grano	NOUN:8
granola	NOUN:1
granuja	NOUN:3	ADJ:1
granular	ADJ:1	VERB:1
granulometría	NOUN:1
granítico	ADJ:1
grao	NOUN:1
grapa	NOUN:3
grapo	NOUN:1
gras	NOUN:1
grasa	NOUN:2
grasiento	ADJ:1
graso	ADJ:1
grasoso	ADJ:2
grass	NOUN:1
gratamente	ADV:1
gratificación	NOUN:1
gratificante	ADJ:1
gratis	ADJ:1
gratitud	NOUN:1
grato	ADJ:2
gratuidad	NOUN:2
gratuitamente	ADV:2
gratuito	ADJ:2
grau	PROPN:1
grava	NOUN:1
gravable	ADJ:1
gravamen	NOUN:2
gravar	VERB:2
grave	ADJ:4
gravedad	NOUN:2
gravemente	ADV:1
gravilla	NOUN:2
gravitacional	ADJ:1
gravitación	NOUN:1
gravitatorio	ADJ:1
gravoso	ADJ:2
grax	INTJ:1
graz	PROPN:1
graznido	NOUN:3
greca	NOUN:2
grecia	PROPN:2
greco	ADJ:1
greda	NOUN:1
green	NOUN:1
gregario	ADJ:1	NOUN:1
gregoriano	ADJ:1
gregorio	PROPN:1
gremial	ADJ:1
gremialista	ADJ:1	NOUN:1
gremio	NOUN:3
gresca	NOUN:2
gretel	PROPN:2
greve	NOUN:1
grey	NOUN:2
greña	NOUN:2
grial	NOUN:1
griego	ADJ:2	NOUN:4
grieta	NOUN:2
grifo	NOUN:3	ADJ:1
grijalva	PROPN:1
grill	NOUN:1
grilla	NOUN:6
grillete	NOUN:2
grillo	NOUN:1
grillos	NOUN:1
grima	NOUN:2
grimaldo	PROPN:1
grimorio	NOUN:1
gringa	NOUN:1
gringo	NOUN:3	ADJ:1
gripa	NOUN:1
gripal	ADJ:2
gripe	NOUN:1
gris	ADJ:4
griselda	PROPN:1
grisáceo	ADJ:1
grita	NOUN:2
gritar	VERB:1
gritería	NOUN:1
griterío	NOUN:1
grito	NOUN:1
gritón	ADJ:1	NOUN:1
groenlandia	PROPN:1
grooming	NOUN:1
groove	NOUN:1
grosella	NOUN:1
groseramente	ADV:1
grosero	ADJ:1
grosería	NOUN:5
groso	ADJ:2
grosor	NOUN:1
grosso	ADJ:2
grotescamente	ADV:1
grotesco	ADJ:1
groupie	NOUN:1
grozni	PROPN:1
grueso	ADJ:2	NOUN:2
grulla	NOUN:1
grumete	NOUN:2
grunge	NOUN:1
grupa	NOUN:1
grupal	ADJ:1
grupete	NOUN:1
grupo	NOUN:8
grupúsculo	NOUN:1
gruta	NOUN:1
gruñido	NOUN:3
gruñir	VERB:3
gruñón	ADJ:1	NOUN:3
grácil	ADJ:3
gráficamente	ADV:1
gráfico	ADJ:1	NOUN:1
grúa	NOUN:2
gt	PROPN:1
guacamaya	NOUN:2
guacamayo	NOUN:1
guacamole	NOUN:1
guacho	ADJ:4	NOUN:4
guaco	NOUN:1
guadalajara	PROPN:3
guadalcanal	PROPN:2
guadalete	PROPN:1
guadalhorce	PROPN:1
guadalquivir	PROPN:1
guadalupano	ADJ:1
guadalupe	PROPN:6
guadaña	NOUN:1
guadiana	PROPN:1
guadix	PROPN:1
guadua	NOUN:1
guagua	NOUN:5	PROPN:1
guaidó	PROPN:1
guainía	PROPN:1
guairá	PROPN:1
guaje	ADJ:1	NOUN:3
guajira	NOUN:1
guajiro	ADJ:2	NOUN:3
guajolote	NOUN:2
gualberto	PROPN:1
gualeguaychú	PROPN:2
guam	PROPN:1
guamúchil	NOUN:1	PROPN:1
guanacaste	PROPN:1
guanaco	NOUN:3	ADJ:1
guanajuatense	ADJ:1	NOUN:1
guanajuato	PROPN:1
guanche	NOUN:2
guano	NOUN:1
guanta	NOUN:1
guantazo	NOUN:1
guante	NOUN:2
guantelete	NOUN:1
guantera	NOUN:1
guantánamo	PROPN:2
guanábana	NOUN:1
guao	INTJ:1	NOUN:1
guaperas	NOUN:1
guapetón	ADJ:1	NOUN:2
guapi	NOUN:1
guapo	NOUN:1	ADJ:5
guar	NOUN:1
guara	NOUN:1
guaracha	NOUN:1
guaranda	PROPN:1
guaraná	NOUN:1
guaraní	ADJ:1	NOUN:3
guarapo	NOUN:2
guardabarros	NOUN:1
guardabosques	NOUN:3
guardacostas	NOUN:2
guardado	NOUN:2
guardaespaldas	NOUN:1
guardameta	NOUN:1
guardaparques	NOUN:1
guardapolvo	NOUN:2
guardapolvos	NOUN:2
guardar	VERB:6
guardarropa	NOUN:4
guardavidas	NOUN:1
guardería	NOUN:1
guardia	NOUN:7	PROPN:1
guardiamarina	NOUN:1
guardiola	PROPN:1
guardián	NOUN:2
guarida	NOUN:4
guarimba	NOUN:4
guarnición	NOUN:3
guaro	NOUN:3
guarra	NOUN:1
guarrilla	NOUN:1
guarro	NOUN:3	ADJ:2
guasa	NOUN:2
guasca	NOUN:6
guasón	ADJ:2	NOUN:1
guata	NOUN:4
guate	NOUN:2
guatemala	PROPN:3
guatemalteco	ADJ:4	NOUN:3
guateque	NOUN:2	PROPN:1
guatón	ADJ:1	NOUN:2
guau	INTJ:2
guaviare	PROPN:1
guay	ADJ:1	INTJ:1
guaya	NOUN:1
guayabera	NOUN:1
guayabo	NOUN:2
guayacán	NOUN:1
guayana	PROPN:1
guayanas	PROPN:1
guayaquil	PROPN:1
guayaquileño	ADJ:1	NOUN:1
guayas	PROPN:1
gubernamental	ADJ:1
gubernativo	ADJ:1
gubernatura	NOUN:1
gudiño	PROPN:1
guepardo	NOUN:1
guera	NOUN:1
guernica	PROPN:1
guerra	NOUN:1	PROPN:1
guerrear	VERB:2
guerrerense	ADJ:1	NOUN:1
guerrero	ADJ:1	NOUN:2	PROPN:2
guerrilla	NOUN:2
guerrillero	ADJ:1	NOUN:1
gueto	NOUN:1
guevara	PROPN:2
guevo	NOUN:1
guiado	ADJ:2
guiar	VERB:7
guido	PROPN:1
guijarro	NOUN:1
guijo	NOUN:2
guille	PROPN:1
guillermina	PROPN:1
guillermo	PROPN:2
guillotina	NOUN:1
guillén	PROPN:1
guinda	NOUN:2
guindilla	NOUN:1
guindo	NOUN:2
guinea	PROPN:1	NOUN:1
guineano	ADJ:2	NOUN:2
guineo	ADJ:1
guion	NOUN:3
guionista	NOUN:1
guipuzcoano	ADJ:1	NOUN:1
guipúzcoa	PROPN:1
guiri	NOUN:4
guirnalda	NOUN:4
guisa	NOUN:2	PROPN:1
guisado	NOUN:2
guisante	NOUN:1
guisar	VERB:2
guiso	NOUN:2
guita	NOUN:1
guitarra	NOUN:3
guitarrista	NOUN:1
guiza	PROPN:1
guiño	NOUN:2
guiñol	NOUN:1
guión	NOUN:3
gujarat	PROPN:1
gula	NOUN:2
gulag	NOUN:1
gules	ADJ:1
gumersindo	PROPN:1
guna	NOUN:1
gunner	NOUN:1
gupta	ADJ:1
gurú	NOUN:1
gusana	NOUN:1
gusanillo	NOUN:2
gusano	NOUN:4
gustar	VERB:6
gustavo	PROPN:1
gustazo	NOUN:1
gusto	NOUN:5
gustosamente	ADV:2
gustoso	ADJ:2
guta	PROPN:1
gutierre	PROPN:1
gutiérrez	PROPN:1
gutural	ADJ:1
guyana	PROPN:1
guzmán	PROPN:1
guárico	PROPN:1
guía	NOUN:4
gym	NOUN:1
gálatas	PROPN:1
gálvez	PROPN:1
gángster	NOUN:1
gánster	NOUN:1
gárgola	NOUN:1
gástrico	ADJ:1
géiser	NOUN:1
gélido	ADJ:2
géminis	PROPN:1	ADJ:1
género	NOUN:7
génesis	NOUN:1	PROPN:1
génova	PROPN:4	NOUN:1
gólgota	PROPN:1
gómez	PROPN:3
góndola	NOUN:1
góngora	PROPN:1
góspel	NOUN:2	ADJ:1
gótico	ADJ:2	NOUN:2
güeno	ADJ:1
güero	ADJ:1	NOUN:1
güevo	NOUN:7
güey	NOUN:2
güisqui	NOUN:1
h	SYM:1
haba	NOUN:7
habana	ADJ:1
habanera	NOUN:1
habanero	ADJ:1	NOUN:2
habano	ADJ:1	NOUN:1
habar	NOUN:1
habbo	NOUN:1
habemus	VERB:1
haber	VERB:5	NOUN:3
haberlas	VERB:6
haberlo	VERB:6
habia	VERB:1
habichuela	NOUN:3
habilidad	NOUN:1
habilidoso	ADJ:2
habilitación	NOUN:3
habilitante	ADJ:1
habilitar	VERB:3
habitabilidad	NOUN:1
habitable	ADJ:1
habitacional	ADJ:2
habitación	NOUN:4
habitante	ADJ:1	NOUN:1
habitar	VERB:1
habitual	ADJ:1	NOUN:1
habitualmente	ADV:1
habitáculo	NOUN:2
hablador	ADJ:1	NOUN:2
hablante	ADJ:1	NOUN:1
hablar	VERB:3
habsburgo	NOUN:1
hacedor	NOUN:1
hacendado	ADJ:1	NOUN:1
hacer	VERB:7	NOUN:1
hach	NOUN:1
hacha	NOUN:5
hachazo	NOUN:1
hache	VERB:1
hachís	NOUN:1
haci	ADV:2
hacia	ADP:2
hacienda	NOUN:4
hacinamiento	NOUN:2
hackathon	NOUN:1
hackear	VERB:4
hackeo	NOUN:1
hacker	NOUN:1
hacking	NOUN:1
hada	NOUN:2
hades	PROPN:2
hado	NOUN:1
hafiz	NOUN:1
hagiografía	NOUN:1
haha	INTJ:1
hai	VERB:1
haiga	NOUN:1
haiku	NOUN:1
haitiano	ADJ:1
haití	PROPN:1
hala	INTJ:3
halagado	ADJ:1
halagador	ADJ:1
halagar	VERB:3
halago	NOUN:2
halal	ADJ:1
halcón	NOUN:3
halifax	PROPN:2
hall	NOUN:1
hallaca	NOUN:1
hallar	VERB:4
hallazgo	NOUN:2
halloween	NOUN:1
halo	NOUN:2
halterofilia	NOUN:1
hamaca	NOUN:4
hambre	NOUN:1
hambriento	ADJ:2	NOUN:1
hambruna	NOUN:1
hamburger	NOUN:1
hamburgo	PROPN:2
hamburguesa	NOUN:1
hamburguesería	NOUN:1
hamlet	PROPN:1
hammam	NOUN:1
hampa	NOUN:1
hamster	NOUN:1
hamás	PROPN:1
handball	NOUN:1
handicap	NOUN:1
handle	NOUN:1
handling	NOUN:1
hangar	NOUN:1
hangul	NOUN:1
hanukkah	PROPN:1
hanzo	ADJ:1
hanói	PROPN:1
hao	NOUN:1	INTJ:1
happening	NOUN:1
haragán	ADJ:1	NOUN:2
harakiri	NOUN:1
harare	PROPN:1
hard	ADJ:1
hardcore	NOUN:1
hardware	NOUN:1
harina	NOUN:2
harinero	ADJ:1
haroldo	PROPN:1
hartar	VERB:4
hartazgo	NOUN:2
harto	ADJ:3	ADV:1
harvey	PROPN:1
haryana	PROPN:1
harén	NOUN:1
hashtag	NOUN:1
hasta	ADV:1	ADP:2
hastag	NOUN:1
hastiado	ADJ:1
hastío	NOUN:1
hatchback	NOUN:1
hater	NOUN:1
hatillo	NOUN:1
hato	NOUN:7
hausa	NOUN:2
hawaiana	NOUN:1
hawaiano	ADJ:1	NOUN:1
hawái	PROPN:1
haydée	PROPN:1
hayedo	NOUN:1
haza	NOUN:1
hazaña	NOUN:1
hazel	PROPN:1
hazmerreír	NOUN:1
hdp	NOUN:1
heavy	ADJ:3
hebert	PROPN:1
hebilla	NOUN:1
hebra	NOUN:2
hebreo	ADJ:1	NOUN:2
hebrón	PROPN:1
hecatombe	NOUN:2
hechar	VERB:8
hechicero	NOUN:1	ADJ:1
hechicería	NOUN:2
hechizo	ADJ:3	NOUN:2
hecho	ADJ:2	NOUN:3
hechura	NOUN:1
hectárea	NOUN:1
hediondo	ADJ:1
hedonismo	NOUN:1
hedonista	ADJ:1	NOUN:1
hedor	NOUN:1
hefesto	PROPN:1
hegemonía	NOUN:1
hegemónico	ADJ:1
helada	NOUN:2
heladera	NOUN:2
heladero	NOUN:1
heladería	NOUN:1
helado	ADJ:2	NOUN:2
helecho	NOUN:1
helenismo	NOUN:3
heleno	ADJ:1
helenístico	ADJ:1
helicoidal	ADJ:1
helicoide	NOUN:1
helicóptero	NOUN:1
helio	NOUN:1
helios	PROPN:1
helipuerto	NOUN:1
helsinki	PROPN:1
helénico	ADJ:1
hematita	NOUN:1
hematocrito	NOUN:1
hematología	NOUN:1
hematoma	NOUN:1
hematuria	NOUN:1
hembra	NOUN:1
hembrismo	NOUN:1
heme	X:1
hemeroteca	NOUN:1
hemiciclo	NOUN:2
hemisferio	NOUN:3
hemisférico	ADJ:2
hemo	NOUN:1
hemodinámica	NOUN:1
hemodiálisis	NOUN:1
hemofilia	NOUN:1
hemoglobina	NOUN:1
hemograma	NOUN:1
hemorragia	NOUN:1
hemorroides	NOUN:1
hemorrágico	ADJ:1
henao	PROPN:1
henar	NOUN:1
henares	PROPN:1
hendaya	PROPN:1
hendido	ADJ:1
hendidura	NOUN:1
henequén	NOUN:1
henna	NOUN:1
heno	NOUN:1
henos	X:1
henrique	PROPN:1
henry	PROPN:1
henríquez	PROPN:1
hentai	NOUN:1
heparina	NOUN:1
hepatitis	NOUN:1
hepático	ADJ:1
her	VERB:8
hera	PROPN:1
heracles	PROPN:1
heraldo	NOUN:1
herbal	ADJ:1
herbario	ADJ:1	NOUN:1
herbicida	ADJ:1	NOUN:1
herbolario	ADJ:1
herbívoro	ADJ:1	NOUN:1
herculano	PROPN:1	ADJ:1	NOUN:1
heredad	NOUN:1
heredar	VERB:1
heredero	NOUN:1
heredia	PROPN:3
herediano	ADJ:1	NOUN:1
hereditario	ADJ:1
hereje	ADJ:3
herejía	NOUN:1
herencia	NOUN:1
heriberto	PROPN:1
herida	NOUN:1
herido	ADJ:1
herir	VERB:2
herma	NOUN:1
hermafrodita	ADJ:1	NOUN:1
hermana	NOUN:1
hermanamiento	NOUN:2
hermanastro	NOUN:2
hermandad	NOUN:1
hermano	NOUN:3
hermenegildo	PROPN:1
hermenéutica	NOUN:2
hermes	PROPN:1	NOUN:1
hermetismo	NOUN:2
hermosa	PROPN:2
hermosamente	ADV:1
hermosilla	PROPN:1
hermosillo	PROPN:2
hermoso	ADJ:1
hermosura	NOUN:2
herméticamente	ADV:1
hermético	ADJ:1
hermógenes	PROPN:1
hernandarias	PROPN:1
hernando	PROPN:1
hernani	PROPN:1
hernia	NOUN:1
hernán	PROPN:1
hernández	PROPN:1
herodes	PROPN:1
heroicamente	ADV:1
heroicidad	NOUN:2
heroico	ADJ:1
heroína	NOUN:2
heroísmo	NOUN:2
herpes	NOUN:2
herrada	PROPN:1
herradura	NOUN:1
herramienta	NOUN:1
herrera	NOUN:1	PROPN:2
herrero	NOUN:1	PROPN:1
herrería	NOUN:4
herrumbre	NOUN:1
hertz	NOUN:1
hervidero	NOUN:3
hervido	NOUN:2
hervir	VERB:3
hervor	NOUN:5
herzegovina	PROPN:1
heráclito	PROPN:1
heráldica	NOUN:1
heráldico	ADJ:1
herético	ADJ:1
heródoto	PROPN:2
hespérides	PROPN:1
hesse	PROPN:1
hesíodo	PROPN:1
hete	X:1
hetero	ADJ:1
heterodoxia	NOUN:1
heterodoxo	ADJ:1
heterogeneidad	NOUN:1
heterogéneo	ADJ:1
heteropatriarcado	NOUN:1
heterosexual	ADJ:1
heterosexualidad	NOUN:1
hexadecimal	NOUN:1
hexagonal	ADJ:1
hexágono	ADJ:1	NOUN:1
hey	INTJ:1
hezbolá	PROPN:1
hg	PROPN:2
hialurónico	ADJ:1
hiato	NOUN:4
hibernación	NOUN:1
hibernar	VERB:1
hibridación	NOUN:2
hidalgo	ADJ:2	NOUN:4	PROPN:2
hidalguense	ADJ:1	NOUN:1
hidalguía	NOUN:1
hidra	NOUN:1	PROPN:2
hidrante	NOUN:1
hidratación	NOUN:1
hidratante	ADJ:1
hidratar	VERB:1
hidrato	NOUN:1
hidroavión	NOUN:1
hidrocarburo	NOUN:1
hidrocefalia	NOUN:1
hidroelectricidad	NOUN:1
hidroeléctrico	ADJ:1
hidrogeno	NOUN:1
hidrografía	NOUN:1
hidrográfico	ADJ:1
hidrología	NOUN:1
hidrológico	ADJ:1
hidromasaje	NOUN:1
hidromiel	NOUN:1
hidrostática	NOUN:1
hidroterapia	NOUN:1
hidrotermal	ADJ:1
hidrovía	NOUN:1
hidráulico	ADJ:1
hidrógeno	NOUN:1
hidrólisis	NOUN:1
hidróxido	NOUN:1
hiedra	NOUN:1
hiel	NOUN:1
hielera	NOUN:1
hielo	NOUN:1
hiena	NOUN:1
hiera	NOUN:1
hierba	NOUN:4
hierbabuena	NOUN:1
hierro	NOUN:7	PROPN:1
higa	NOUN:1
highlight	NOUN:1
higiene	NOUN:1
higienista	NOUN:1
higinio	PROPN:1
higiénico	ADJ:1
higo	NOUN:2
higuchi	PROPN:1
higuera	NOUN:1
higüey	PROPN:1
hija	NOUN:1
hijastra	NOUN:1
hijastro	NOUN:1
hijito	NOUN:1
hijo	NOUN:3
hijoputa	NOUN:1
hijueputa	NOUN:1
hila	NOUN:1
hilacha	NOUN:1
hilado	NOUN:1
hilar	VERB:2
hilarante	ADJ:1
hilaria	PROPN:1
hilaridad	NOUN:1
hilario	PROPN:2
hilarión	PROPN:1
hilda	PROPN:1
hilera	NOUN:2
hilo	NOUN:6
hilvanar	VERB:3
himalaya	PROPN:1
himen	NOUN:1
himno	NOUN:2
hin	INTJ:1
hincapié	NOUN:2	PROPN:1
hincar	VERB:2
hincha	NOUN:3	ADJ:1	PROPN:1
hinchable	ADJ:1
hinchada	NOUN:1
hinchado	ADJ:2	NOUN:1
hinchar	VERB:2
hinchazón	NOUN:1
hindi	NOUN:1
hinduismo	NOUN:1
hinduista	ADJ:1
hindú	ADJ:2	NOUN:1
hinojo	NOUN:2
hinojosa	PROPN:1
hinostroza	PROPN:1
hioides	NOUN:1
hiperactividad	NOUN:1
hiperactivo	ADJ:1
hiperbólico	ADJ:2
hiperespacio	NOUN:2
hiperglucemia	NOUN:1
hiperinflación	NOUN:1
hiperión	PROPN:2
hipermercado	NOUN:1
hiperplasia	NOUN:1
hipersensibilidad	NOUN:2
hipersensible	ADJ:1
hipertensión	NOUN:1
hipertenso	ADJ:1
hipertermia	NOUN:1
hipertexto	NOUN:1
hipertextual	ADJ:1
hipertiroidismo	NOUN:1
hipertrofia	NOUN:1
hiperventilación	NOUN:1
hipnosis	NOUN:1
hipnotismo	NOUN:1
hipnotizador	ADJ:1	NOUN:1
hipnotizar	VERB:1
hipnótico	ADJ:1	NOUN:1
hipo	NOUN:2
hipoacusia	NOUN:1
hipocampo	NOUN:3
hipoclorito	NOUN:1
hipocondríaco	ADJ:1	NOUN:1
hipocresía	NOUN:1
hipocrático	ADJ:1
hipoglucemia	NOUN:1
hipona	PROPN:2
hipopótamo	NOUN:1
hipoteca	NOUN:1
hipotecar	VERB:2
hipotecario	ADJ:1
hipotensión	NOUN:1
hipotenusa	NOUN:1
hipotermia	NOUN:1
hipotiroidismo	NOUN:1
hipotálamo	NOUN:1
hipotéticamente	ADV:1
hipotético	ADJ:1
hipoxia	NOUN:1
hippie	NOUN:1
hippy	NOUN:1
hipster	NOUN:1
hipérbole	NOUN:1
hipócrita	ADJ:1	NOUN:1
hipócritamente	ADV:1
hipódromo	NOUN:1
hipófisis	NOUN:1
hipólito	PROPN:2
hipótesis	NOUN:1
hiragana	NOUN:1
hiriente	ADJ:1
hirviente	ADJ:2
hisopo	NOUN:3
hispalense	ADJ:1
hispanidad	NOUN:2
hispanismo	NOUN:1
hispanista	NOUN:1
hispano	ADJ:3
hispanoamericano	ADJ:1
hispanoamérica	PROPN:1
hispanohablante	ADJ:1	NOUN:1
hispanoparlante	ADJ:1
hispánico	ADJ:1
histamina	NOUN:1
histerectomía	NOUN:1
histeria	NOUN:1
histograma	NOUN:1
histología	NOUN:1
histológico	ADJ:1
historia	NOUN:6
historiador	NOUN:1
historial	NOUN:1
historicidad	NOUN:1
historicismo	NOUN:1
historicista	ADJ:1
historieta	NOUN:2
historiografía	NOUN:1
historiográfico	ADJ:1
histrionismo	NOUN:1
histriónico	ADJ:1
histérico	ADJ:1
históricamente	ADV:1
histórico	ADJ:3	NOUN:1
hit	NOUN:1
hitler	PROPN:1
hito	NOUN:3
hiyab	NOUN:1
hmong	ADJ:1
hobbit	NOUN:1
hobby	NOUN:1
hocico	NOUN:2
hockey	NOUN:1
hogar	NOUN:4
hogareño	ADJ:3
hogaza	NOUN:1
hoguera	NOUN:2
hoja	NOUN:8
hojalata	NOUN:2
hojaldre	NOUN:1
hojarasca	NOUN:4
hojear	VERB:1
hola	INTJ:1
holanda	PROPN:2	NOUN:2
holandés	ADJ:2	NOUN:3
hold	NOUN:1
holding	NOUN:1
holgadamente	ADV:1
holgado	ADJ:4
holgazanear	VERB:3
holgazanería	NOUN:1
holgazán	ADJ:1	NOUN:2
holgura	NOUN:4
holguín	PROPN:3
holi	INTJ:1
holis	INTJ:1
hollywood	PROPN:2
hollywoodense	ADJ:1
hollín	NOUN:1
holocausto	NOUN:2	PROPN:1
holoceno	ADJ:1
holograma	NOUN:1
holográfico	ADJ:1
holotipo	NOUN:1
holístico	ADJ:1
hombre	NOUN:5	INTJ:3
hombrecillo	NOUN:1
hombro	NOUN:2
hombría	NOUN:4
homenaje	NOUN:1
homenajear	VERB:1
homeopatía	NOUN:1
homeopático	ADJ:1
homeostasis	NOUN:1
homer	NOUN:1
homero	PROPN:2
homeópata	NOUN:1
homicida	ADJ:1	NOUN:1
homicidio	NOUN:1
homilía	NOUN:1
homo	ADJ:1
homofobia	NOUN:1
homofóbico	ADJ:1	NOUN:1
homogeneidad	NOUN:1
homogeneización	NOUN:1
homogeneizar	VERB:1
homogéneo	ADJ:1
homologación	NOUN:1
homologar	VERB:1
homología	NOUN:1
homoparental	ADJ:1
homosexual	ADJ:1
homosexualidad	NOUN:1
homosexualismo	NOUN:1
homérico	ADJ:1
homínido	ADJ:1
homófobo	ADJ:1	NOUN:1
homólogo	NOUN:1	ADJ:3
homónimo	ADJ:3	NOUN:2
honda	NOUN:1	PROPN:2
hondamente	ADV:1
hondo	ADJ:2	ADV:1
hondonada	NOUN:1
hondura	NOUN:1
honduras	PROPN:1
hondureño	ADJ:1
honestamente	ADV:1
honestidad	NOUN:1
honesto	ADJ:2
hongkonés	ADJ:1	NOUN:1
hongo	NOUN:4
honor	NOUN:1
honorabilidad	NOUN:1
honorable	ADJ:1
honorablemente	ADV:1
honorario	ADJ:1	NOUN:2
honorio	PROPN:1
honorífico	ADJ:1
honradamente	ADV:1
honradez	NOUN:1
honrado	ADJ:3
honrar	VERB:1
honroso	ADJ:1
hood	NOUN:1
hooligan	NOUN:1
hopi	ADJ:1	NOUN:1
hora	NOUN:5
horacio	PROPN:2
horario	ADJ:2	NOUN:3
horca	NOUN:2
horchata	NOUN:1
horda	NOUN:1
horizontal	ADJ:2
horizontalidad	NOUN:2
horizontalmente	ADV:1
horizonte	NOUN:1
horma	NOUN:5
hormiga	NOUN:1
hormigueo	NOUN:1
hormiguero	NOUN:4	ADJ:1
hormiguita	NOUN:1
hormigón	NOUN:2
hormona	NOUN:1
hormonal	ADJ:1
hornacina	NOUN:2
hornada	NOUN:2
hornalla	NOUN:1
horneada	NOUN:3
horneado	NOUN:2
hornear	VERB:1
hornero	ADJ:1	NOUN:2
hornillo	NOUN:2
horno	NOUN:3
horqueta	NOUN:2
horquilla	NOUN:5
horrendo	ADJ:1
horrible	ADJ:2
horriblemente	ADV:1
horripilante	ADJ:2
horror	NOUN:1
horrorizado	ADJ:1
horroroso	ADJ:1
hortaliza	NOUN:2
hortelano	ADJ:1	NOUN:2
hortensia	NOUN:1	PROPN:1
hortera	ADJ:1	NOUN:3
horticultura	NOUN:1
hortícola	ADJ:1
horus	PROPN:1
horóscopo	NOUN:1
hosanna	INTJ:1	NOUN:1
hosco	ADJ:1
hospedador	NOUN:1
hospedaje	NOUN:2
hospedar	VERB:2
hospedero	NOUN:2
hospedería	NOUN:1
hospicio	NOUN:1
hospital	NOUN:1
hospitalario	ADJ:2	NOUN:1
hospitalidad	NOUN:1
hospitalización	NOUN:1
host	NOUN:1
hostal	NOUN:1
hostel	NOUN:1
hostelero	ADJ:1	NOUN:1
hostelería	NOUN:2
hostería	NOUN:1
hostia	NOUN:3	INTJ:2
hostias	NOUN:3
hostigamiento	NOUN:1
hostigar	VERB:2
hostil	ADJ:1
hostilidad	NOUN:1
hot	ADJ:1
hotdog	NOUN:1
hotel	NOUN:1
hotelero	ADJ:1	NOUN:1
hotelería	NOUN:2
hotspot	NOUN:1
house	NOUN:1
houston	PROPN:1
hoy	ADV:1
hoya	NOUN:2
hoyada	NOUN:1
hoyo	NOUN:1
hoyuelo	NOUN:1
hoz	NOUN:2
hp	NOUN:1
hsi	PROPN:1
hsm	X:1
html	PROPN:1
http	X:1
huaca	NOUN:1
huacho	ADJ:5
huala	NOUN:1
huallaga	PROPN:2
huamanga	PROPN:1
huamán	PROPN:1
huanca	ADJ:1
huancavelica	PROPN:3
huancayo	PROPN:2
huanta	PROPN:2
huapango	NOUN:1
huarache	NOUN:2
huaral	PROPN:1
huaraz	PROPN:2
huari	ADJ:1
huasco	PROPN:2
huaso	ADJ:3	NOUN:2
huaura	PROPN:1
hub	NOUN:1
huberto	PROPN:1
hucha	NOUN:1
huea	NOUN:3
hueco	ADJ:3	NOUN:3
huehuetenango	PROPN:2
huelga	NOUN:1
huella	NOUN:5
huelva	PROPN:2
huemul	NOUN:1
huequito	ADJ:3
huerta	NOUN:3	PROPN:1
huerto	NOUN:3
huesca	PROPN:2
hueso	NOUN:5
hueste	NOUN:2	ADJ:2
hueva	NOUN:3
huevada	NOUN:4
huevo	NOUN:7
huevón	NOUN:5	ADJ:2
hueá	NOUN:4
hueón	NOUN:5
hugo	PROPN:1
huichol	ADJ:1	NOUN:1
huida	NOUN:1
huila	NOUN:1	PROPN:1
huinca	NOUN:1
huir	VERB:3
hule	NOUN:2
hulla	NOUN:1
huma	NOUN:1
humahuaca	PROPN:1
humala	PROPN:1
humanamente	ADV:2
humanidad	NOUN:1
humanismo	NOUN:1
humanista	NOUN:1
humanitario	ADJ:1
humanización	NOUN:1
humanizar	VERB:1
humano	ADJ:2	NOUN:1
humanoide	ADJ:1
humanístico	ADJ:1
humareda	NOUN:1
humberto	PROPN:1
humeante	ADJ:2
humectante	ADJ:1	NOUN:1
humedad	NOUN:3
humedal	NOUN:1
humedecer	VERB:1
humildad	NOUN:1
humilde	ADJ:2
humildemente	ADV:1
humillación	NOUN:1
humilladero	NOUN:1
humillante	ADJ:1
humillar	VERB:1
hummus	NOUN:1
humo	NOUN:4
humor	NOUN:2
humorada	NOUN:1
humorismo	NOUN:1
humorista	NOUN:1
humorístico	ADJ:1
humus	NOUN:2
hundimiento	NOUN:2
hundir	VERB:5
hungría	PROPN:1
huno	ADJ:1
huracán	NOUN:1
huraño	ADJ:2
hurgar	VERB:2
hurra	INTJ:1	NOUN:1
hurtado	PROPN:1
hurtar	VERB:1
hurto	NOUN:2
hurón	NOUN:1
husillo	NOUN:2
husky	NOUN:1
husmear	VERB:2
huso	NOUN:1
hutu	ADJ:1
huy	INTJ:2
huánuco	PROPN:1
huérfano	ADJ:1
huésped	NOUN:3
hyderabad	PROPN:2
hydra	PROPN:1
hábil	ADJ:3
hábilmente	ADV:1
hábitat	NOUN:1
hábito	NOUN:5
hálito	NOUN:3
hámster	NOUN:1
hándicap	NOUN:1
héctor	PROPN:2
hégira	NOUN:1	PROPN:1
hélice	NOUN:2	PROPN:1
hércules	PROPN:1	NOUN:1
héroe	NOUN:1
híbrido	ADJ:1
hídrico	ADJ:2
hígado	NOUN:1
híper	NOUN:1
hípica	NOUN:1
hípico	ADJ:2
húmedo	ADJ:1
húmero	NOUN:1
húngaro	ADJ:2	NOUN:3
i	ADJ:1
ia	NOUN:1
iago	PROPN:1
ibagué	PROPN:1
ibarra	PROPN:2
iberia	PROPN:2
ibero	ADJ:1
iberoamericano	ADJ:1
iberoamérica	PROPN:1
ibex	NOUN:1
ibidem	ADV:1
ibis	NOUN:1
ibiza	PROPN:1
ibuprofeno	NOUN:1
ibáñez	PROPN:1
ibérico	ADJ:1	NOUN:1
ibídem	ADV:1
ica	PROPN:4
icc	PROPN:1
ice	PROPN:1
iceberg	NOUN:2
icono	NOUN:4
iconoclasta	ADJ:1	NOUN:1
iconografía	NOUN:1
iconográfico	ADJ:1
ictericia	NOUN:1
ictus	NOUN:1
icónico	ADJ:1
ida	NOUN:4
idaho	PROPN:1
idea	NOUN:1
ideación	NOUN:1
ideal	ADJ:1
idealismo	NOUN:1
idealista	ADJ:1	NOUN:1
idealización	NOUN:1
idealizar	VERB:1
idealmente	ADV:1
idear	VERB:1
ideario	NOUN:1
idem	PRON:1
identidad	NOUN:1
identificable	ADJ:1
identificación	NOUN:1
identificador	ADJ:1	NOUN:1
identificar	VERB:1
identificativo	ADJ:1
identitario	ADJ:1
ideograma	NOUN:1
ideología	NOUN:1
ideológicamente	ADV:1
ideológico	ADJ:1
ideólogo	NOUN:1
idilio	NOUN:1
idioma	NOUN:1
idiomático	ADJ:2
idiosincrasia	NOUN:1
idiota	ADJ:1	NOUN:2
idiotez	NOUN:2
idolatrado	ADJ:1
idolatrar	VERB:1
idolatría	NOUN:1
idoneidad	NOUN:1
idus	NOUN:1
idéntico	ADJ:1
idílico	ADJ:1
idóneo	ADJ:2
iep	NOUN:1
ifigenia	PROPN:2
ig	PROPN:1	NOUN:2
igbo	ADJ:1
iglesia	NOUN:1	PROPN:1
iglú	NOUN:1
ignacio	PROPN:1
ignición	NOUN:1
ignominia	NOUN:1
ignorancia	NOUN:1
ignorante	ADJ:1	NOUN:1
ignorar	VERB:2
ignoto	ADJ:1
igual	ADJ:3	NOUN:2	ADV:3
iguala	NOUN:4
igualación	NOUN:2
igualada	NOUN:1
igualado	ADJ:2
igualar	VERB:2
igualdad	NOUN:1
igualitario	ADJ:1
igualitarismo	NOUN:1
igualmente	ADV:2	INTJ:1
iguana	NOUN:1
iguazú	PROPN:2
ikurriña	NOUN:1
ildefonso	PROPN:1
ilegal	ADJ:1	NOUN:1
ilegalidad	NOUN:1
ilegalización	NOUN:1
ilegalizar	VERB:1
ilegalmente	ADV:1
ilegible	ADJ:1
ilegitimidad	NOUN:1
ilegítimamente	ADV:1
ilegítimo	ADJ:1
ileso	ADJ:1
iletrado	ADJ:2	NOUN:2
ilimitado	ADJ:1
illapel	PROPN:2
illinois	PROPN:1
illo	INTJ:4
ilo	PROPN:1
ilu	NOUN:4
iluminación	NOUN:2
iluminado	ADJ:1	NOUN:2
iluminador	ADJ:1	NOUN:1
iluminar	VERB:1
ilusionado	ADJ:1
ilusionante	ADJ:1
ilusionar	VERB:1
ilusionismo	NOUN:1
ilusionista	NOUN:1
ilusión	NOUN:4
iluso	ADJ:1	NOUN:2
ilusorio	ADJ:1
ilustración	NOUN:1	PROPN:1
ilustrado	ADJ:1	NOUN:2
ilustrador	NOUN:1
ilustrar	VERB:3
ilustrativo	ADJ:1
ilustre	ADJ:1
ilíada	PROPN:1
ilícitamente	ADV:1
ilícito	ADJ:1
ilógico	ADJ:1
imagen	NOUN:1
imaginable	ADJ:1
imaginación	NOUN:1
imaginar	VERB:2
imaginario	ADJ:1
imaginativo	ADJ:1
imaginero	NOUN:1
imaginería	NOUN:1
imago	NOUN:1
imam	NOUN:1
imbabura	PROPN:1
imbatible	ADJ:1
imbecilidad	NOUN:1
imberbe	ADJ:1
imborrable	ADJ:1
imbécil	ADJ:1	NOUN:2
imc	NOUN:1
ime	NOUN:1
imelda	PROPN:1
imitación	NOUN:4
imitador	ADJ:1	NOUN:3
imitar	VERB:1
impaciencia	NOUN:1
impaciente	ADJ:1
impacientemente	ADV:1
impactante	ADJ:1
impactar	VERB:2
impacto	NOUN:2
impagable	ADJ:2
impago	NOUN:1
impala	NOUN:1
impalpable	ADJ:1
impar	ADJ:1	NOUN:1
imparable	ADJ:1
imparcial	ADJ:1
imparcialidad	NOUN:3
imparcialmente	ADV:1
impartición	NOUN:1
impartir	VERB:3
impasible	ADJ:2
impasse	NOUN:1
impeachment	NOUN:1
impecable	ADJ:2
impecablemente	ADV:1
impedancia	NOUN:1
impedido	ADJ:1
impedimento	NOUN:2
impedir	VERB:1
impenetrable	ADJ:1
impenitente	ADJ:1
impensable	ADJ:1
impensado	ADJ:2
imperante	ADJ:3
imperar	VERB:3
imperativo	ADJ:1	NOUN:1
imperceptible	ADJ:1
imperdible	ADJ:1	NOUN:1
imperdonable	ADJ:1
imperecedero	ADJ:4
imperfección	NOUN:1
imperfecto	ADJ:1
imperial	ADJ:1	PROPN:1
imperialismo	NOUN:1
imperialista	ADJ:1
impericia	NOUN:1
imperio	NOUN:4
imperiosamente	ADV:1
imperioso	ADJ:2
impermeabilidad	NOUN:1
impermeabilización	NOUN:1
impermeable	ADJ:1	NOUN:1
impersonal	ADJ:2
impertinencia	NOUN:1
impertinente	ADJ:2
imperturbable	ADJ:1
impetuoso	ADJ:3
impiedad	NOUN:1
implacable	ADJ:3
implacablemente	ADV:1
implantación	NOUN:1
implantar	VERB:3
implante	NOUN:1
implementación	NOUN:1
implementar	VERB:1
implemento	NOUN:2
implicación	NOUN:1
implicado	ADJ:2
implicancia	NOUN:1
implicar	VERB:2
implorar	VERB:1
implosión	NOUN:1
implícitamente	ADV:1
implícito	ADJ:1
impoluto	ADJ:2
imponente	ADJ:2
imponer	VERB:4
imponible	ADJ:1
impopular	ADJ:1
impopularidad	NOUN:1
importación	NOUN:2
importador	ADJ:1	NOUN:1
importancia	NOUN:1
importante	ADJ:1
importar	VERB:3
importe	NOUN:2
importunar	VERB:2
imposibilidad	NOUN:1
imposibilitar	VERB:1
imposible	ADJ:3
imposición	NOUN:1
impositivo	ADJ:2
impostergable	ADJ:1
impostor	NOUN:1
impostura	NOUN:2
impotencia	NOUN:3
impotente	ADJ:3
impracticable	ADJ:1
imprecisión	NOUN:1
impreciso	ADJ:1
impredecible	ADJ:1
impregnar	VERB:1
imprenta	NOUN:3
imprescindible	ADJ:1
imprescriptibilidad	NOUN:1
imprescriptible	ADJ:1
impresentable	ADJ:3
impresionable	ADJ:1
impresionado	ADJ:1
impresionante	ADJ:3
impresionantemente	ADV:1
impresionar	VERB:1
impresionismo	NOUN:1
impresionista	ADJ:1	NOUN:1
impresión	NOUN:3
impreso	ADJ:1	NOUN:1
impresor	ADJ:1	NOUN:1
impresora	NOUN:1
imprevisibilidad	NOUN:1
imprevisible	ADJ:1
imprevisión	NOUN:1
imprevisto	ADJ:2	NOUN:1
imprimir	VERB:1
impro	NOUN:1
improbable	ADJ:1
improcedencia	NOUN:1
improcedente	ADJ:1
improductivo	ADJ:1
impronta	NOUN:2
impronunciable	ADJ:1
impropio	ADJ:1
improvisación	NOUN:1
improvisado	ADJ:2	NOUN:1
improvisar	VERB:1
improviso	ADJ:1
imprudencia	NOUN:1
imprudente	ADJ:1
imprudentemente	ADV:1
impudicia	NOUN:1
impuesto	NOUN:2
impugnación	NOUN:1
impugnar	VERB:2
impulsar	VERB:4
impulsivamente	ADV:1
impulsividad	NOUN:1
impulsivo	ADJ:1
impulsión	NOUN:3
impulso	NOUN:2
impulsor	ADJ:2	NOUN:1
impune	ADJ:1
impunemente	ADV:1
impunidad	NOUN:1
impuntual	ADJ:1
impuntualidad	NOUN:1
impureza	NOUN:2
impuro	ADJ:1
imputabilidad	NOUN:1
imputable	ADJ:1
imputación	NOUN:2
imputar	VERB:2
impávido	ADJ:1
impío	ADJ:3
imágen	NOUN:1
imán	NOUN:3
inabarcable	ADJ:1
inacabable	ADJ:2
inacabado	ADJ:1
inaccesibilidad	NOUN:1
inaccesible	ADJ:1
inacción	NOUN:1
inaceptable	ADJ:1
inactivación	NOUN:1
inactividad	NOUN:1
inactivo	ADJ:2
inadaptado	NOUN:1	ADJ:1
inadecuadamente	ADV:1
inadecuado	ADJ:1
inadmisibilidad	NOUN:1
inadmisible	ADJ:2
inadvertidamente	ADV:1
inadvertido	ADJ:1
inagotable	ADJ:1
inaguantable	ADJ:1
inaguración	NOUN:1
inalcanzable	ADJ:1
inalienable	ADJ:1
inalterable	ADJ:1
inalterado	ADJ:1
inalámbrico	ADJ:2
inamovible	ADJ:1
inamovilidad	NOUN:1
inanición	NOUN:1
inanimado	ADJ:1
inapelable	ADJ:1
inaplicabilidad	NOUN:1
inaplicable	ADJ:1
inapreciable	ADJ:1
inapropiadamente	ADV:2
inapropiado	ADJ:1
inasistencia	NOUN:2
inaudible	ADJ:1
inaudito	ADJ:2
inauguración	NOUN:1
inaugural	ADJ:1
inaugurar	VERB:1
inbox	NOUN:1
inca	NOUN:1
incaico	ADJ:1
incalculable	ADJ:1
incalificable	ADJ:1
incandescencia	NOUN:1
incandescente	ADJ:1
incansable	ADJ:2
incansablemente	ADV:1
incapacidad	NOUN:2
incapacitado	ADJ:1
incapacitante	ADJ:1
incapacitar	VERB:1
incapaz	ADJ:1
incauta	ADJ:2
incautación	NOUN:1
incautar	VERB:2
incauto	ADJ:2	NOUN:1
incendiar	VERB:1
incendiario	ADJ:1	NOUN:1
incendio	NOUN:3
incentivar	VERB:1
incentivo	NOUN:1
incertidumbre	NOUN:1
incesante	ADJ:1
incesantemente	ADV:1
incesto	NOUN:1
incestuoso	ADJ:1
incidencia	NOUN:2
incidental	ADJ:1
incidentalmente	ADV:1
incidente	NOUN:3
incidir	VERB:5
incienso	NOUN:2
incierto	ADJ:2
incineración	NOUN:1
incinerador	NOUN:1
incinerar	VERB:1
incipiente	ADJ:1
incisivo	ADJ:1	NOUN:1
incisión	NOUN:1
inciso	ADJ:1	NOUN:2
incitación	NOUN:3
incitar	VERB:1
incivilizado	ADJ:1
inclemente	ADJ:2
inclinación	NOUN:3
inclinar	VERB:3
incluir	VERB:1
inclusive	ADV:1
inclusivo	ADJ:1
inclusión	NOUN:1
incluso	ADJ:1	ADV:2
incluyente	ADJ:1
incoación	NOUN:1
incogible	NOUN:1	ADJ:1
incoherencia	NOUN:1
incoherente	ADJ:1
incoloro	ADJ:1
incombustible	ADJ:1
incomible	ADJ:1
incomodar	VERB:4
incomodidad	NOUN:2
incomodo	NOUN:1
incomparable	ADJ:1
incomparecencia	NOUN:1
incompatibilidad	NOUN:1
incompatible	ADJ:1
incompetencia	NOUN:1
incompetente	ADJ:1
incompleto	ADJ:1
incomprendido	ADJ:2
incomprensible	ADJ:1
incomprensiblemente	ADV:1
incomprensión	NOUN:1
incomunicación	NOUN:3
inconcebible	ADJ:1
inconciente	ADJ:1
inconcluso	ADJ:1
incondicional	ADJ:1
incondicionalmente	ADV:1
inconfesable	ADJ:1
inconforme	ADJ:1	NOUN:1
inconformidad	NOUN:1
inconformismo	NOUN:1
inconformista	NOUN:1
inconfundible	ADJ:1
incongruencia	NOUN:1
incongruente	ADJ:1
inconmensurable	ADJ:1
inconsciencia	NOUN:1
inconsciente	ADJ:1
inconscientemente	ADV:1
inconsecuencia	NOUN:1
inconsecuente	ADJ:1
inconsistencia	NOUN:1
inconsistente	ADJ:1
inconsolable	ADJ:1
inconstancia	NOUN:1
inconstante	ADJ:2
inconstitucional	ADJ:1
inconstitucionalidad	NOUN:1
incontable	ADJ:1
incontenible	ADJ:1
incontestable	ADJ:1
incontinencia	NOUN:1
incontrolable	ADJ:1
incontrolado	ADJ:1
incontrovertible	ADJ:1
inconveniencia	NOUN:1
inconveniente	ADJ:1	NOUN:2
incordiar	VERB:1
incordio	NOUN:1
incorporación	NOUN:1
incorporar	VERB:4
incorrección	NOUN:2
incorrectamente	ADV:1
incorrecto	ADJ:1
incorregible	ADJ:1
incorruptible	ADJ:1
incorrupto	ADJ:1
incredulidad	NOUN:1
incremental	ADJ:1
incrementar	VERB:1
incremento	NOUN:2
increpar	VERB:1
increíble	ADJ:1
increíblemente	ADV:1
incriminación	NOUN:1
incriminar	VERB:1
incrustación	NOUN:1
incrustar	VERB:2
incrédulo	ADJ:1
incubación	NOUN:1
incubadora	NOUN:1
incubar	VERB:1
incuestionable	ADJ:1
incuestionablemente	ADV:1
inculcar	VERB:1
inculpación	NOUN:1
inculpar	VERB:3
inculto	ADJ:2
incultura	NOUN:2
incumbencia	NOUN:3
incumplido	ADJ:1
incumplimiento	NOUN:1
incumplir	VERB:2
incurable	ADJ:1
incurrir	VERB:1
incursionar	VERB:3
incursión	NOUN:1
incógnita	NOUN:2
incógnito	ADJ:1
incólume	ADJ:1
incómodamente	ADV:1
incómodo	ADJ:2
inda	PROPN:1
indagación	NOUN:1
indagar	VERB:1
indebidamente	ADV:2
indebido	ADJ:2
indecencia	NOUN:1
indecente	ADJ:1
indecible	ADJ:1
indecisión	NOUN:1
indeciso	ADJ:2
indecoroso	ADJ:1
indefectiblemente	ADV:1
indefendible	ADJ:1
indefensión	NOUN:1
indefenso	ADJ:1
indefinible	ADJ:1
indefinición	NOUN:2
indefinidamente	ADV:1
indefinido	ADJ:5
indeleble	ADJ:1
indemne	ADJ:1
indemnización	NOUN:1
indemnizar	VERB:1
indepe	NOUN:1
independencia	NOUN:1
independentismo	NOUN:1
independentista	ADJ:1	NOUN:1
independiente	ADJ:2
independientemente	ADV:2
independizar	VERB:2
indescifrable	ADJ:1
indescriptible	ADJ:1
indeseable	ADJ:1
indeseado	ADJ:1
indestructible	ADJ:1
indetectable	ADJ:1
indetenible	ADJ:1
indeterminación	NOUN:1
indeterminado	ADJ:1
indexación	NOUN:1
indexado	ADJ:1
indexar	VERB:1
india	PROPN:1
indiana	PROPN:1	NOUN:1
indiano	ADJ:3	NOUN:3
indianápolis	PROPN:1
indicación	NOUN:2
indicador	ADJ:1	NOUN:3
indicar	VERB:2
indicativo	ADJ:2	NOUN:1
indicio	NOUN:3
indie	NOUN:2
indiferencia	NOUN:2
indiferente	ADJ:1
indiferentemente	ADV:2
indigencia	NOUN:1
indigenismo	NOUN:1
indigenista	ADJ:1
indigente	ADJ:1	NOUN:1
indigestión	NOUN:1
indignación	NOUN:3
indignante	ADJ:2
indignar	VERB:2
indignidad	NOUN:1
indigno	ADJ:1
indio	ADJ:3	NOUN:4
indirectamente	ADV:1
indirecto	ADJ:2
indisciplina	NOUN:1
indisciplinado	ADJ:1
indiscreción	NOUN:2
indiscreto	ADJ:1
indiscriminadamente	ADV:1
indiscriminado	ADJ:1
indiscutible	ADJ:3
indiscutiblemente	ADV:1
indiscutido	ADJ:1
indisoluble	ADJ:2
indisolublemente	ADV:2
indispensable	ADJ:1
indisposición	NOUN:1
indispuesto	ADJ:1
indistinguible	ADJ:1
indistintamente	ADV:2
indistinto	ADJ:1
individuación	NOUN:2
individual	ADJ:5	NOUN:1
individualidad	NOUN:1
individualismo	NOUN:2
individualista	ADJ:1	NOUN:1
individualización	NOUN:1
individualizar	VERB:1
individualmente	ADV:1
individuo	ADJ:1	NOUN:1
indivisibilidad	NOUN:1
indivisible	ADJ:1
indización	NOUN:1
indo	PROPN:1
indochina	PROPN:2
indocumentado	ADJ:2	NOUN:2
indoeuropeo	ADJ:1
indolencia	NOUN:1
indolente	ADJ:2
indoloro	ADJ:1
indomable	ADJ:1
indonesia	PROPN:1
indonesio	ADJ:1
indoor	ADJ:1
indra	PROPN:1
inducción	NOUN:1
inducido	NOUN:1
inducir	VERB:2
inductivo	ADJ:1
inductor	ADJ:1	NOUN:1
indudable	ADJ:1
indudablemente	ADV:1
indulgencia	NOUN:1
indulgente	ADJ:1
indultar	VERB:2
indulto	NOUN:2
industria	NOUN:3
industrial	ADJ:1
industrialización	NOUN:1
industrializar	VERB:1
industrialmente	ADV:1
indígena	ADJ:1	NOUN:1
indómito	ADJ:3
inefable	ADJ:1
inefectivo	ADJ:1
ineficacia	NOUN:1
ineficaz	ADJ:1
ineficiencia	NOUN:1
ineficiente	ADJ:1
ineludible	ADJ:2
ineludiblemente	ADV:1
inenarrable	ADJ:1
inentendible	ADJ:1
ineptitud	NOUN:1
inepto	ADJ:1
inequidad	NOUN:1
inequívocamente	ADV:1
inequívoco	ADJ:2
inercia	NOUN:3
inercial	ADJ:1
inerme	ADJ:1
inerte	ADJ:2
inervación	NOUN:1
inescrupuloso	ADJ:1
inescrutable	ADJ:1
inesperadamente	ADV:1
inesperado	ADJ:1
inestabilidad	NOUN:1
inestable	ADJ:1
inestimable	ADJ:1
inevitabilidad	NOUN:1
inevitable	ADJ:1
inevitablemente	ADV:1
inexactitud	NOUN:1
inexacto	ADJ:1
inexcusable	ADJ:2
inexistencia	NOUN:1
inexistente	ADJ:1
inexorable	ADJ:2
inexorablemente	ADV:1
inexperiencia	NOUN:1
inexperto	ADJ:1	NOUN:1
inexplicable	ADJ:1
inexplicablemente	ADV:1
inexplorado	ADJ:1
inexpresivo	ADJ:1
inexpugnable	ADJ:1
infalibilidad	NOUN:1
infalible	ADJ:1
infaliblemente	ADV:1
infaltable	ADJ:1
infame	ADJ:2
infamia	NOUN:1
infancia	NOUN:2
infanta	NOUN:1
infantado	NOUN:1
infante	NOUN:3	PROPN:1
infantería	NOUN:1
infanticidio	NOUN:1
infantil	ADJ:3	NOUN:1
infantilismo	NOUN:1
infarto	NOUN:2
infatigable	ADJ:1
infeccioso	ADJ:1
infección	NOUN:1
infectado	ADJ:1
infectar	VERB:1
infecto	ADJ:1
infelicidad	NOUN:2
infeliz	ADJ:2
infelizmente	ADV:1
inferencia	NOUN:1
inferior	ADJ:3
inferioridad	NOUN:1
inferir	VERB:1
infernal	ADJ:3
infertilidad	NOUN:1
infestación	NOUN:1
infidelidad	NOUN:1
infiel	ADJ:1	NOUN:2
infierno	NOUN:1
infiltración	NOUN:1
infiltrado	NOUN:1
infiltrar	VERB:1
infinidad	NOUN:2
infinitamente	ADV:1
infinitesimal	ADJ:1
infinitivo	NOUN:1
infinito	ADJ:4	ADV:1	NOUN:1
infinitud	NOUN:1
inflable	ADJ:1	NOUN:1
inflacionario	ADJ:1
inflación	NOUN:1
inflado	NOUN:1
inflamable	ADJ:1
inflamación	NOUN:1
inflamar	VERB:2
inflamatorio	ADJ:1
inflar	VERB:2
inflexibilidad	NOUN:1
inflexible	ADJ:1
inflexión	NOUN:2
infligir	VERB:1
inflorescencia	NOUN:1
influencer	NOUN:1
influencia	NOUN:2
influenciable	ADJ:1
influenciar	VERB:2
influenza	NOUN:1
influir	VERB:2
influjo	NOUN:2
influyente	ADJ:1
info	NOUN:1
infografía	NOUN:1
informacional	ADJ:1
información	NOUN:1
informador	NOUN:1
informal	ADJ:1
informalidad	NOUN:1
informalmente	ADV:1
informante	NOUN:1
informar	VERB:2
informativo	ADJ:1	NOUN:1
informatización	NOUN:1
informe	NOUN:1	ADJ:2
informática	NOUN:1
informático	ADJ:2	NOUN:1
infortunadamente	ADV:1
infortunado	ADJ:1
infortunio	NOUN:2
infracción	NOUN:1
infractor	ADJ:1	NOUN:1
infraestructura	NOUN:2
inframundo	NOUN:1
infranqueable	ADJ:3
infrarrojo	ADJ:1
infrastructura	NOUN:2
infrecuente	ADJ:1
infringir	VERB:1
infructuosamente	ADV:1
infructuoso	ADJ:1
infumable	ADJ:3
infundado	ADJ:1
infundir	VERB:1
infusión	NOUN:2
infértil	ADJ:1
inge	NOUN:1
ingenieril	ADJ:1
ingeniero	NOUN:1
ingeniería	NOUN:1
ingenio	NOUN:8
ingeniosamente	ADV:1
ingenioso	ADJ:3
ingente	ADJ:1
ingenua	NOUN:2
ingenuamente	ADV:1
ingenuidad	NOUN:1
ingenuo	ADJ:3	NOUN:1
ingerir	VERB:1
ingesta	NOUN:2
ingestión	NOUN:1
inglaterra	PROPN:1
ingle	NOUN:1
inglés	ADJ:1	NOUN:2
ingobernabilidad	NOUN:1
ingobernable	ADJ:2
ingratitud	NOUN:1
ingrato	ADJ:2	NOUN:1
ingravidez	NOUN:2
ingrediente	NOUN:1
ingresar	VERB:6
ingreso	NOUN:3
ingrid	PROPN:1
inguinal	ADJ:1
inhabilidad	NOUN:1
inhabilitación	NOUN:1
inhabilitar	VERB:1
inhabitable	ADJ:1
inhalación	NOUN:1
inhalador	NOUN:1
inhalar	VERB:1
inherente	ADJ:1
inherentemente	ADV:1
inhibición	NOUN:1
inhibidor	NOUN:1
inhibir	VERB:1
inhibitoria	NOUN:1
inhibitorio	ADJ:1
inhumación	NOUN:1
inhumanidad	NOUN:1
inhumano	ADJ:1
inhábil	ADJ:3
inhóspito	ADJ:1
iniciación	NOUN:1
iniciador	NOUN:2
inicial	ADJ:1	NOUN:1
inicialmente	ADV:1
iniciar	VERB:1
iniciativa	NOUN:1
inicio	NOUN:2
iniciático	ADJ:1
iniesta	PROPN:1
inigualable	ADJ:1
inimaginable	ADJ:1
inimitable	ADJ:1
inimputabilidad	NOUN:1
inimputable	ADJ:1
ininteligible	ADJ:1
ininterrumpidamente	ADV:1
ininterrumpido	ADJ:1
iniquidad	NOUN:1
injerencia	NOUN:1
injerto	NOUN:2
injuria	NOUN:2
injuriar	VERB:1
injurioso	ADJ:3
injustamente	ADV:1
injusticia	NOUN:1
injustificable	ADJ:1
injustificadamente	ADV:2
injustificado	ADJ:1
injusto	ADJ:1
inka	NOUN:1
inma	PROPN:1
inmaculada	PROPN:1
inmaculado	ADJ:2
inmadurez	NOUN:1
inmaduro	ADJ:2
inmanejable	ADJ:1
inmanencia	NOUN:1
inmanente	ADJ:1
inmaterial	ADJ:1
inmediación	NOUN:3
inmediatamente	ADV:1
inmediatez	NOUN:1
inmediato	ADJ:1
inmejorable	ADJ:1
inmemorial	ADJ:1
inmensamente	ADV:1
inmensidad	NOUN:1
inmenso	ADJ:2
inmerecido	ADJ:1
inmersión	NOUN:1
inmerso	ADJ:2
inmigración	NOUN:1
inmigrante	ADJ:1
inmigrar	VERB:1
inmigratorio	ADJ:1
inminencia	NOUN:1
inminente	ADJ:1
inmiscuirse	VERB:1
inmisericorde	ADJ:1
inmobiliario	ADJ:1
inmolación	NOUN:1
inmoral	ADJ:1
inmoralidad	NOUN:1
inmortal	ADJ:2	NOUN:2
inmortalidad	NOUN:1
inmortalizar	VERB:1
inmovilidad	NOUN:1
inmovilismo	NOUN:1
inmovilización	NOUN:1
inmovilizar	VERB:1
inmueble	NOUN:2
inmundicia	NOUN:1
inmundo	ADJ:1
inmune	ADJ:3
inmunidad	NOUN:1
inmunitario	ADJ:1
inmunización	NOUN:1
inmunodeficiencia	NOUN:1
inmunoglobulina	NOUN:1
inmunología	NOUN:1
inmunológico	ADJ:1
inmunoterapia	NOUN:1
inmutable	ADJ:1
inmóvil	ADJ:4
innato	ADJ:1
innecesariamente	ADV:1
innecesario	ADJ:1
innegable	ADJ:1
innegablemente	ADV:1
inning	NOUN:1
innoble	ADJ:1
innombrable	ADJ:1
innovación	NOUN:1
innovador	ADJ:1	NOUN:1
innovar	VERB:1
innumerable	ADJ:1
inobjetable	ADJ:1
inobservancia	NOUN:1
inocencia	NOUN:1
inocencio	PROPN:2
inocentada	NOUN:2
inocente	ADJ:1	NOUN:1
inocentemente	ADV:1
inocuidad	NOUN:1
inoculación	NOUN:1
inocular	VERB:1
inocuo	ADJ:2
inodoro	ADJ:1	NOUN:2
inofensivo	ADJ:2
inolvidable	ADJ:1
inoperancia	NOUN:1
inoperante	ADJ:2
inoperativo	ADJ:1
inopia	NOUN:1
inoportuno	ADJ:1
inorgánico	ADJ:1
inoxidable	ADJ:1
input	NOUN:1
inquebrantable	ADJ:1
inquietante	ADJ:2
inquietar	VERB:1
inquieto	ADJ:2
inquietud	NOUN:2
inquilino	NOUN:2
inquina	NOUN:1
inquisición	NOUN:3	PROPN:1
inquisidor	ADJ:2	NOUN:1
inquisitivo	ADJ:2
inquisitorial	ADJ:1
insaciable	ADJ:1
insalubre	ADJ:1
insalubridad	NOUN:1
insalvable	ADJ:1
insano	ADJ:3
insatisfacción	NOUN:1
insatisfactorio	ADJ:1
insatisfecho	ADJ:1
inscribir	VERB:2
inscripción	NOUN:2
insecticida	NOUN:1
insecto	NOUN:1
inseguridad	NOUN:2
inseguro	ADJ:3
inseminación	NOUN:1
insensatez	NOUN:1
insensato	ADJ:2
insensibilidad	NOUN:1
insensible	ADJ:1
insensiblemente	ADV:1
inseparable	ADJ:1	NOUN:1
insepulto	ADJ:1
inserción	NOUN:1
insertar	VERB:1
inserto	ADJ:1
inservible	ADJ:1
insidioso	ADJ:1
insigne	ADJ:1
insignia	NOUN:1
insignificancia	NOUN:1
insignificante	ADJ:2
insinuación	NOUN:2
insinuante	ADJ:1
insinuar	VERB:2
insistencia	NOUN:1
insistente	ADJ:1
insistentemente	ADV:1
insistir	VERB:1
insolación	NOUN:2
insolencia	NOUN:1
insolente	ADJ:1
insolidaridad	NOUN:1
insoluble	ADJ:2
insolvencia	NOUN:1
insolvente	ADJ:1
insomne	ADJ:2
insomnio	NOUN:1
insondable	ADJ:1
insoportable	ADJ:1
insoportablemente	ADV:1
insoslayable	ADJ:1
insospechado	ADJ:1
insostenible	ADJ:1
inspeccionar	VERB:1
inspección	NOUN:1
inspector	NOUN:1
inspectoría	NOUN:1
inspiración	NOUN:1
inspirador	ADJ:1	NOUN:1
inspirar	VERB:2
insta	VERB:2
instagram	PROPN:1
instalación	NOUN:3
instalador	ADJ:1	NOUN:2
instalar	VERB:3
instancia	NOUN:4
instante	NOUN:1
instantáneamente	ADV:1
instantáneo	ADJ:1
instar	VERB:2
instauración	NOUN:1
instaurar	VERB:1
insti	NOUN:1
instigación	NOUN:1
instigador	ADJ:1	NOUN:1
instigar	VERB:1
instintivamente	ADV:1
instintivo	ADJ:1
instinto	NOUN:2
institucional	ADJ:1
institucionalidad	NOUN:1
institucionalización	NOUN:1
institucionalizar	VERB:1
institucionalmente	ADV:1
institución	NOUN:1
instituir	VERB:1
instituto	NOUN:2
institutriz	NOUN:1
instrucción	NOUN:2
instructivo	ADJ:1	NOUN:1
instructor	NOUN:1
instruido	ADJ:1
instruir	VERB:4
instrumentación	NOUN:1
instrumental	ADJ:1
instrumentalización	NOUN:1
instrumentar	VERB:1
instrumentista	NOUN:1
instrumento	NOUN:4
insubordinación	NOUN:1
insuficiencia	NOUN:2
insuficiente	ADJ:1
insuficientemente	ADV:1
insuflar	VERB:2
insufrible	ADJ:1
insular	ADJ:1	NOUN:2
insulina	NOUN:1
insulso	ADJ:3
insultante	ADJ:1
insultar	VERB:1
insulto	NOUN:1
insumisión	NOUN:2
insumo	NOUN:1
insuperable	ADJ:1
insurgencia	NOUN:1
insurgente	NOUN:1	ADJ:1
insurreccional	ADJ:1
insurrección	NOUN:1
insurrecto	ADJ:1	NOUN:1
insustancial	ADJ:1
insustituible	ADJ:1
insípido	ADJ:2
insólito	ADJ:1
intachable	ADJ:1
intacto	ADJ:1
intangibilidad	NOUN:1
intangible	ADJ:1
integración	NOUN:1
integrador	ADJ:1
integral	ADJ:4
integralidad	NOUN:1
integralmente	ADV:1
integrante	NOUN:1	ADJ:1
integrar	VERB:5
integridad	NOUN:1
integrismo	NOUN:1
integrista	ADJ:1
intelecto	NOUN:2
intelectual	ADJ:1
intelectualidad	NOUN:2
intelectualismo	NOUN:1
intelectualmente	ADV:1
inteligencia	NOUN:1
inteligente	ADJ:3
inteligentemente	ADV:1
inteligibilidad	NOUN:1
inteligible	ADJ:1
intemperie	NOUN:1
intempestivamente	ADV:1
intemporal	ADJ:1
intencionadamente	ADV:1
intencionado	ADJ:1
intencional	ADJ:1
intencionalidad	NOUN:1
intencionalmente	ADV:1
intención	NOUN:1
intendencia	NOUN:3
intendente	NOUN:8
intensamente	ADV:1
intensidad	NOUN:1
intensificación	NOUN:1
intensificar	VERB:1
intensivamente	ADV:1
intensivo	ADJ:1
intensión	NOUN:2
intenso	ADJ:2
intentar	VERB:1
intento	NOUN:1
intentona	NOUN:1
interaccionar	VERB:1
interacción	NOUN:1
interactividad	NOUN:1
interactivo	ADJ:1
interactuar	VERB:1
interamericano	ADJ:1
interanual	ADJ:1
interbancario	ADJ:1
intercalar	ADJ:1	VERB:3
intercambiable	ADJ:1
intercambiador	ADJ:1	NOUN:2
intercambiar	VERB:1
intercambio	NOUN:2
interceder	VERB:1
intercepción	NOUN:2
interceptación	NOUN:1
interceptar	VERB:2
interceptor	ADJ:1	NOUN:1
intercesión	NOUN:1
intercomunal	ADJ:1
intercomunicación	NOUN:1
intercomunicador	NOUN:1
interconectado	ADJ:1
interconectar	VERB:1
interconexión	NOUN:1
intercontinental	ADJ:1
intercostal	ADJ:1
intercultural	ADJ:1
interculturalidad	NOUN:1
interdepartamental	ADJ:1
interdependencia	NOUN:1
interdependiente	ADJ:1
interdicción	NOUN:1
interdicto	ADJ:1	NOUN:1
interdimensional	ADJ:1
interdisciplinar	ADJ:1
interdisciplinariedad	NOUN:1
interdisciplinario	ADJ:1
interes	NOUN:4
interesadamente	ADV:1
interesado	ADJ:3
interesante	ADJ:1
interesar	VERB:2
interese	NOUN:4
interestatal	ADJ:1
interestelar	ADJ:1
interfase	ADJ:1
interfaz	NOUN:1
interferencia	NOUN:1
interferir	VERB:1
interferón	NOUN:1
interfono	NOUN:1
intergaláctico	ADJ:1
intergeneracional	ADJ:1
intergubernamental	ADJ:1
interinamente	ADV:1
interinato	NOUN:1
interinidad	NOUN:1
interino	ADJ:1	NOUN:1
interinstitucional	ADJ:1
interior	ADJ:1	NOUN:2
interioridad	NOUN:2
interiorismo	NOUN:1
interiorización	NOUN:1
interiorizar	VERB:1
interiormente	ADV:2
interjección	NOUN:1
interlocución	NOUN:1
interlocutor	NOUN:2
interludio	NOUN:1
intermediación	NOUN:1
intermediario	ADJ:1	NOUN:2
intermedio	ADJ:1	NOUN:1
interminable	ADJ:2
interminablemente	ADV:1
interministerial	ADJ:1
intermitencia	NOUN:1
intermitente	ADJ:1	NOUN:1
intermitentemente	ADV:1
intermodal	ADJ:1
intermunicipal	ADJ:1
internacional	ADJ:1	PROPN:1
internacionalismo	NOUN:1
internacionalista	ADJ:1
internacionalización	NOUN:1
internacionalizar	VERB:1
internacionalmente	ADV:1
internación	NOUN:1
internado	NOUN:1
internalización	NOUN:2
internamente	ADV:1
internamiento	NOUN:1
internar	VERB:5
internauta	NOUN:1
internet	NOUN:1
internista	NOUN:1
interno	ADJ:1	NOUN:2
interoceánico	ADJ:1
interoperabilidad	NOUN:1
interpelación	NOUN:1
interpelar	VERB:2
interpersonal	ADJ:1
interplanetario	ADJ:1
interpolación	NOUN:1
interponer	VERB:4
interposición	NOUN:2
interpretación	NOUN:5
interpretar	VERB:4
interpretativo	ADJ:1
interprofesional	ADJ:1
interprovincial	ADJ:1
interpuesto	ADJ:1
interracial	ADJ:1
interregional	ADJ:1
interregno	NOUN:1
interrelación	NOUN:1
interreligioso	ADJ:1
interrogación	NOUN:1
interrogador	ADJ:1	NOUN:1
interrogante	ADJ:1	NOUN:4
interrogar	VERB:1
interrogativo	ADJ:1
interrogatorio	NOUN:1
interrumpir	VERB:7
interrupción	NOUN:1
interruptor	ADJ:1	NOUN:1
interseccionalidad	NOUN:1
intersección	NOUN:2
intersectorial	ADJ:1
intersexual	ADJ:1
intersticial	ADJ:1
interterritorial	ADJ:1
intertextualidad	NOUN:1
interuniversitario	ADJ:1
interurbano	ADJ:2
intervalo	NOUN:4
intervencionismo	NOUN:1
intervencionista	ADJ:1
intervención	NOUN:1
intervenir	VERB:2
interventor	NOUN:2
interviniente	NOUN:1
interviú	NOUN:1
interés	NOUN:4
intestinal	ADJ:1
intestino	ADJ:1	NOUN:1
inti	NOUN:1	PROPN:1
intibucá	PROPN:1
intifada	NOUN:1
intimación	NOUN:1
intimar	VERB:2
intimidación	NOUN:2
intimidad	NOUN:2
intimidante	ADJ:1
intimidar	VERB:2
intimidatorio	ADJ:1
intimista	NOUN:1
intocable	ADJ:1
intolerable	ADJ:1
intolerancia	NOUN:2
intolerante	ADJ:1
intoxicación	NOUN:1
intoxicar	VERB:1
intracelular	ADJ:1
intracraneal	ADJ:1
intrafamiliar	ADJ:1
intramuros	ADV:1	PROPN:1
intramuscular	ADJ:1
intranet	NOUN:1
intranquilidad	NOUN:1
intranquilo	ADJ:1
intransferible	ADJ:1
intransigencia	NOUN:1
intransigente	ADJ:1
intransitable	ADJ:1
intraocular	ADJ:1
intrascendente	ADJ:1
intratable	ADJ:2
intrauterino	ADJ:1
intravascular	ADJ:1
intravenoso	ADJ:1
intrepidez	NOUN:1
intriga	NOUN:1
intrigado	ADJ:1
intrigante	ADJ:2	NOUN:2
intrincado	ADJ:4
intro	NOUN:3
introducción	NOUN:2
introducir	VERB:3
introductor	ADJ:1	NOUN:1
introductorio	ADJ:1
intromisión	NOUN:1
introspección	NOUN:1
introspectivo	ADJ:1
introversión	NOUN:1
introvertido	ADJ:1	NOUN:1
intrusismo	NOUN:1
intrusivo	ADJ:1
intrusión	NOUN:2
intruso	ADJ:1	NOUN:3
intrépido	ADJ:3
intrínsecamente	ADV:1
intrínseco	ADJ:1
intubación	NOUN:1
intuición	NOUN:2
intuir	VERB:1
intuitivamente	ADV:1
intuitivo	ADJ:1
intérprete	NOUN:2
inuit	ADJ:1	NOUN:1
inundable	ADJ:1	NOUN:1
inundación	NOUN:2
inundado	ADJ:1
inundar	VERB:1
inusitado	ADJ:1
inusual	ADJ:1
inusualmente	ADV:1
inutilidad	NOUN:1
inutilizable	ADJ:1
inutilizar	VERB:4
invadir	VERB:1
invalidación	NOUN:1
invalidar	VERB:1
invalidez	NOUN:2
invalorable	ADJ:1
invaluable	ADJ:1
invariable	ADJ:1
invariablemente	ADV:1
invariante	NOUN:1
invasivo	ADJ:1
invasión	NOUN:2
invasor	ADJ:1	NOUN:1
invencibilidad	NOUN:1
invencible	ADJ:1
invención	NOUN:3
inventar	VERB:2
inventariar	VERB:1
inventario	NOUN:1
inventiva	NOUN:1
invento	NOUN:2
inventor	NOUN:1
invernada	NOUN:2
invernadero	NOUN:1
invernal	ADJ:1
invernar	VERB:1
inverosímil	ADJ:2
inversamente	ADV:1
inversionista	NOUN:1
inversión	NOUN:2
inverso	ADJ:2
inversor	NOUN:2
invertebrado	ADJ:1	NOUN:1
invertir	VERB:2
investidura	NOUN:1
investigación	NOUN:2
investigado	ADJ:1
investigador	ADJ:1	NOUN:1
investigar	VERB:1
investigativo	ADJ:1
investir	VERB:2
inviabilidad	NOUN:1
inviable	ADJ:2
invicto	ADJ:2
invidente	ADJ:1	NOUN:1
invierno	NOUN:1
inviolabilidad	NOUN:2
inviolable	ADJ:1
invisibilidad	NOUN:1
invisibilización	NOUN:1
invisibilizar	VERB:1
invisible	ADJ:1
invitación	NOUN:1
invitar	VERB:2
invite	NOUN:1
invito	ADJ:1
invocación	NOUN:1
invocar	VERB:1
involución	NOUN:3
involucración	NOUN:1
involucrado	ADJ:1
involucramiento	NOUN:1
involucrar	VERB:2
involucro	NOUN:1
involuntariamente	ADV:1
involuntario	ADJ:1
invulnerabilidad	NOUN:1
invulnerable	ADJ:1
inválido	ADJ:1
inyección	NOUN:1
inyectable	ADJ:1
inyectar	VERB:1
inyector	ADJ:1	NOUN:2
inédito	ADJ:2
inés	PROPN:2
inútil	ADJ:1	NOUN:1
inútilmente	ADV:2
iodo	NOUN:1
ion	NOUN:1
ione	PROPN:1
ionización	NOUN:1
ionizante	ADJ:1
ionosfera	NOUN:1
iota	NOUN:1
iowa	PROPN:1
ipc	NOUN:1
iphone	NOUN:1
iquique	PROPN:3
iquitos	PROPN:1
ir	VERB:8
ira	NOUN:2
iracundo	ADJ:2
irak	PROPN:1
iraní	ADJ:1
irapuato	PROPN:1
iraq	PROPN:1
iraquí	ADJ:1
irascible	ADJ:1
irene	PROPN:1
ireneo	PROPN:1
iridio	NOUN:1
irigoyen	PROPN:1
irina	PROPN:1
iris	NOUN:1	PROPN:1
irlanda	PROPN:1	NOUN:1
irlandés	ADJ:2	NOUN:2
irma	PROPN:1
iro	NOUN:1
ironía	NOUN:1
irpf	NOUN:1
irracional	ADJ:1
irracionalidad	NOUN:1
irracionalmente	ADV:1
irradiación	NOUN:1
irradiar	VERB:1
irrazonable	ADJ:1
irreal	ADJ:2
irrealidad	NOUN:1
irrealizable	ADJ:1
irreconciliable	ADJ:1
irreconocible	ADJ:1
irrecuperable	ADJ:1
irreductible	ADJ:2
irreemplazable	ADJ:1
irreflexivo	ADJ:2
irrefrenable	ADJ:1
irrefutable	ADJ:1
irregular	ADJ:4
irregularidad	NOUN:1
irregularmente	ADV:1
irrelevancia	NOUN:1
irrelevante	ADJ:1
irremediable	ADJ:1
irremediablemente	ADV:1
irremisiblemente	ADV:1
irremplazable	ADJ:1
irrenunciable	ADJ:1
irreparable	ADJ:1
irreparablemente	ADV:1
irrepetible	ADJ:1
irreprochable	ADJ:1
irresistible	ADJ:1
irresistiblemente	ADV:1
irresoluble	ADJ:1
irrespeto	NOUN:1
irrespetuoso	ADJ:1
irrespirable	ADJ:1
irresponsabilidad	NOUN:1
irresponsable	ADJ:1
irresponsablemente	ADV:1
irrestricto	ADJ:2
irreverencia	NOUN:1
irreverente	ADJ:1
irreversible	ADJ:1
irreversiblemente	ADV:1
irrevocable	ADJ:1
irrevocablemente	ADV:1
irrigación	NOUN:2
irrigar	VERB:1
irrisorio	ADJ:3
irritabilidad	NOUN:1
irritable	ADJ:1
irritación	NOUN:1
irritante	ADJ:2	NOUN:1
irritar	VERB:2
irrompible	ADJ:1
irrumpir	VERB:1
irrupción	NOUN:1
irs	PROPN:1
irónicamente	ADV:1
irónico	ADJ:1
isa	NOUN:1	PROPN:1
isaac	PROPN:2
isabel	PROPN:2
isabela	PROPN:1
isabelino	ADJ:1
isapre	NOUN:1
isaías	PROPN:3
isela	PROPN:1
isfahán	PROPN:2
ishii	PROPN:1
ishikawa	PROPN:1
isidoro	PROPN:1
isidro	PROPN:1
isis	PROPN:1
isla	NOUN:2	PROPN:1
islam	NOUN:1
islamabad	PROPN:1
islamismo	NOUN:1
islamista	NOUN:1
islamización	NOUN:1
islamofobia	NOUN:1
islandia	PROPN:1
islandés	ADJ:2	NOUN:2
islay	PROPN:1
isleta	NOUN:1
isleño	ADJ:1	NOUN:2
islote	NOUN:1
islámico	ADJ:1
isma	PROPN:1
ismael	PROPN:2
ismo	NOUN:1
iso	PROPN:1
isolda	PROPN:1
isquemia	NOUN:1
isquémico	ADJ:1
israel	PROPN:3
israelita	ADJ:1
israelí	ADJ:1	NOUN:1
issn	X:1
issue	NOUN:1
istmo	NOUN:2
istria	PROPN:1
isósceles	ADJ:1
isótopo	NOUN:1
italia	PROPN:1
italiano	ADJ:3	NOUN:2
itapúa	PROPN:1
itata	PROPN:2
iteración	NOUN:1
itinerante	ADJ:1
itinerario	NOUN:2
its	NOUN:1
itu	NOUN:1
iturbide	PROPN:1
iturralde	PROPN:1
itzá	ADJ:1	NOUN:1
itálico	ADJ:1
iu	X:1
iva	X:1
ive	NOUN:1
iván	PROPN:1
ixmiquilpan	PROPN:1
izabal	PROPN:1
izada	NOUN:1
izado	NOUN:1
izaguirre	PROPN:1
izalco	PROPN:1
izamiento	NOUN:1
izar	VERB:1
izda	NOUN:2
izq	NOUN:2
izquierda	NOUN:2
izquierdismo	NOUN:1
izquierdista	ADJ:1	NOUN:1
izquierdo	ADJ:3	PROPN:1
iñaki	PROPN:1
iñárritu	PROPN:1
ión	NOUN:1
iónico	ADJ:1
j	SYM:1
ja	INTJ:1
jab	NOUN:1
jaba	NOUN:1
jabalina	NOUN:1
jabalí	NOUN:3
jabárovsk	PROPN:1
jabón	NOUN:1
jaca	NOUN:2	PROPN:1
jacinta	PROPN:1
jacinto	NOUN:1	PROPN:2
jacks	NOUN:1
jacky	PROPN:1
jaco	NOUN:2
jacob	PROPN:1
jacobino	ADJ:1
jacobo	PROPN:4
jacqueline	PROPN:1
jactancia	NOUN:1
jactancioso	NOUN:1	ADJ:1
jacuzzi	NOUN:1
jada	NOUN:1
jade	NOUN:1
jadeante	ADJ:1
jadear	VERB:2
jadeo	NOUN:3
jafet	PROPN:2
jagua	NOUN:3
jaguar	NOUN:1
jaiba	NOUN:2
jailbreak	NOUN:1
jaime	PROPN:1
jaimes	PROPN:1
jaina	NOUN:1
jairo	PROPN:1
jaja	INTJ:1
jajaja	INTJ:1
jal	X:1
jalada	NOUN:1
jalapa	PROPN:3
jalapeño	ADJ:1	NOUN:2
jalar	VERB:8
jale	NOUN:4
jalea	NOUN:2
jaleo	NOUN:4
jalisciense	ADJ:1	NOUN:1
jalisco	PROPN:1
jalón	NOUN:4
jam	NOUN:1
jama	NOUN:1
jamaica	PROPN:1	NOUN:1
jamaicano	ADJ:1
jamaiquino	NOUN:1
jamba	NOUN:1
jamestown	PROPN:1
jamás	ADV:2
jamón	NOUN:2
janeth	PROPN:1
janina	PROPN:1
jano	PROPN:2
japi	NOUN:1
japo	ADJ:1	NOUN:1
japonés	ADJ:1	NOUN:2
japón	PROPN:2	ADJ:1
jaque	NOUN:2
jaqueca	NOUN:1
jaqueline	PROPN:1
jara	NOUN:2	PROPN:1
jarabe	NOUN:5
jarama	PROPN:1
jaramillo	PROPN:1
jarana	NOUN:7
jardin	NOUN:2
jardinera	NOUN:1
jardinero	NOUN:2
jardinería	NOUN:1
jardín	NOUN:2
jarocho	ADJ:1	NOUN:1
jarra	NOUN:2
jarro	NOUN:2
jarrón	NOUN:1
jartum	PROPN:1
jaspe	NOUN:1
jaspeado	ADJ:2
jasón	PROPN:1
jato	NOUN:2	ADJ:1
jauja	NOUN:1
jaula	NOUN:2
jauría	NOUN:1
java	PROPN:2
javi	PROPN:1
javier	PROPN:1
javiera	PROPN:1
jazmín	NOUN:1	PROPN:1
jazz	NOUN:1
jazzy	ADJ:1
jaén	PROPN:3
je	INTJ:1
jean	NOUN:1
jeans	NOUN:1
jebe	NOUN:3
jedi	NOUN:2
jeep	NOUN:1
jefatura	NOUN:2
jefazo	NOUN:1
jefe	NOUN:6
jefferson	PROPN:1
jehovah	PROPN:1
jehová	PROPN:1
jeje	INTJ:1
jemer	NOUN:1
jenga	NOUN:2
jengibre	NOUN:1
jennifer	PROPN:1
jenofonte	PROPN:1
jeque	NOUN:1
jerarca	NOUN:1
jerarquización	NOUN:1
jerarquizar	VERB:1
jerarquía	NOUN:2
jeremías	PROPN:2	NOUN:1
jerez	NOUN:1	PROPN:2
jerezano	ADJ:1	NOUN:1	PROPN:1
jerga	NOUN:2
jericó	PROPN:1	NOUN:1
jeringa	NOUN:1
jeringuilla	NOUN:1
jerjes	PROPN:1
jermu	NOUN:1
jeroglífico	NOUN:1
jersey	NOUN:1	PROPN:1
jerusalén	PROPN:3
jerárquicamente	ADV:1
jerárquico	ADJ:1
jerónimo	PROPN:1	ADJ:1
jessica	PROPN:1
jesucristo	PROPN:1
jesuita	NOUN:1
jesusa	PROPN:1
jesús	PROPN:2	INTJ:1
jet	NOUN:1
jeta	NOUN:6
jeva	NOUN:3
jezabel	PROPN:1
jhon	PROPN:1
ji	NOUN:1	INTJ:1
jiennense	ADJ:1	NOUN:1
jiji	INTJ:1
jijona	PROPN:1
jilguero	NOUN:1
jima	NOUN:1
jimena	PROPN:1
jimeno	PROPN:1
jiménez	PROPN:1
jinete	NOUN:2
jingle	NOUN:1
jinn	NOUN:1
jinotega	PROPN:1
jipi	NOUN:1
jira	NOUN:2
jirafa	NOUN:2
jirón	NOUN:3	PROPN:1
jitomate	NOUN:1
jo	INTJ:2
joaquina	PROPN:1
joaquín	PROPN:1
job	PROPN:2
jocelyn	PROPN:1
jockey	NOUN:2
jocosamente	ADV:1
jocoso	ADJ:3
joda	NOUN:4
joder	VERB:5	INTJ:2	ADV:1
joderla	VERB:1
jodidamente	ADV:2
jodido	ADJ:7
jodienda	NOUN:2
joel	PROPN:2
jogging	NOUN:1
johannesburgo	PROPN:1
johnson	PROPN:2
jolgorio	NOUN:1
jolín	INTJ:2
jonathan	PROPN:1
jonatán	PROPN:2
jondo	ADJ:1
jonrón	NOUN:1
jonás	PROPN:2
jora	NOUN:1
jordania	PROPN:1
jordano	NOUN:1
jordi	PROPN:1
jordy	PROPN:1
jordán	PROPN:2
jorge	PROPN:1	NOUN:1
jornada	NOUN:6
jornal	NOUN:1
jornalero	NOUN:1
joroba	NOUN:3
jorobado	ADJ:1	NOUN:1
joropo	NOUN:1
josafat	PROPN:2
jose	PROPN:4
josefa	PROPN:1
josefina	PROPN:1
joselito	PROPN:1
joshua	PROPN:1
josué	PROPN:3
josé	PROPN:4
jota	NOUN:4
jote	NOUN:3	ADJ:1
joto	NOUN:3
jou	NOUN:1
joule	NOUN:1
jovellanos	PROPN:1
joven	ADJ:1	NOUN:1	PROPN:1
jovenzuelo	NOUN:1
jovial	ADJ:2
joya	NOUN:6	ADJ:1
joyero	NOUN:3
joyería	NOUN:2
joystick	NOUN:1
joé	INTJ:2
json	X:1
juan	PROPN:3
juana	PROPN:2
juancho	PROPN:1
juanete	NOUN:2
juanfran	PROPN:1
juanita	PROPN:1
juanito	PROPN:1	NOUN:1
juanjo	PROPN:1
juanma	PROPN:1
juarista	NOUN:1
jubilación	NOUN:2
jubilado	ADJ:1	NOUN:1
jubilar	VERB:3
jubilatorio	ADJ:1
jubileo	NOUN:1
jubiloso	ADJ:1
juchitán	PROPN:2
judaico	ADJ:1
judas	NOUN:1	PROPN:2
judaísmo	NOUN:1
judea	PROPN:1
judería	NOUN:2
judicatura	NOUN:1
judicial	ADJ:1
judicialización	NOUN:1
judicializar	VERB:1
judicialmente	ADV:1
judit	PROPN:2
judo	NOUN:1
judoca	NOUN:1
judá	PROPN:2
judío	ADJ:2	NOUN:2
jue	INTJ:1
juego	NOUN:6
juerga	NOUN:2
jueves	NOUN:2
juez	NOUN:2
jueza	NOUN:1
jugabilidad	NOUN:2
jugable	ADJ:1
jugada	NOUN:3
jugador	NOUN:2
jugadorazo	NOUN:1
jugar	VERB:3
jugarreta	NOUN:2
juglar	NOUN:3
jugo	NOUN:2
jugoso	ADJ:1
juguete	NOUN:1
juguetear	VERB:2
juguetería	NOUN:1
juguetón	ADJ:1	PROPN:1
jugársela	VERB:2
juicio	NOUN:5
juicioso	ADJ:2
jujeño	ADJ:1	NOUN:1
juju	NOUN:1
jujuy	PROPN:1
julia	PROPN:1
juliana	PROPN:1	NOUN:2
juliano	ADJ:1
julieta	PROPN:2
julio	NOUN:2	PROPN:1
julián	PROPN:1
juma	NOUN:1
jumbo	ADJ:1
jumo	ADJ:1	NOUN:1
juncal	ADJ:1	NOUN:1
junco	NOUN:2
jungla	NOUN:1
jungle	NOUN:1
junio	NOUN:1	PROPN:1
juno	PROPN:1
junquera	NOUN:1
junta	NOUN:4
juntada	NOUN:1
juntamente	ADV:1
juntar	VERB:6
junto	ADJ:3	ADP:3	ADV:1
junín	PROPN:5
junípero	NOUN:1
jur	NOUN:1
jura	NOUN:2
jurado	ADJ:1	NOUN:3	PROPN:1
juramentación	NOUN:1
juramentado	NOUN:2	ADJ:2
juramentar	VERB:1
juramento	NOUN:2
jurar	VERB:2
jurel	NOUN:2
jurisconsulto	NOUN:1
jurisdiccional	ADJ:1
jurisdicción	NOUN:1
jurisprudencia	NOUN:1
jurisprudencial	ADJ:1
jurista	NOUN:1
juro	NOUN:1
jurásico	ADJ:1
jurídicamente	ADV:1
jurídico	ADJ:1
justamente	ADV:2
justicia	NOUN:3
justicialismo	NOUN:1
justicialista	ADJ:1	NOUN:1
justiciero	ADJ:1	NOUN:2
justificable	ADJ:1
justificación	NOUN:1
justificadamente	ADV:1
justificante	NOUN:3
justificar	VERB:2
justificativo	ADJ:1
justiniano	PROPN:2	ADJ:1
justo	ADV:3	ADJ:2	PROPN:1
jutiapa	PROPN:2
jutlandia	PROPN:1
juvenal	PROPN:1
juvenil	ADJ:4
juventino	ADJ:1	NOUN:1
juventud	NOUN:2
juzgado	NOUN:3
juzgador	ADJ:1	NOUN:1
juzgamiento	NOUN:1
juzgar	VERB:4
juárez	PROPN:2
járkov	PROPN:2
jáuregui	PROPN:1
jódete	INTJ:1
jónico	ADJ:2	NOUN:1
jóven	ADJ:1
júbilo	NOUN:1
júcar	PROPN:1
júnior	NOUN:2
júpiter	PROPN:3
k	SCONJ:5
kaaba	PROPN:1
kabuki	NOUN:1
kabul	PROPN:1
kafkiano	ADJ:1
kagoshima	PROPN:2
kalahari	PROPN:1
kalashnikov	NOUN:1
kalimba	NOUN:1
kaliningrado	PROPN:2
kaluga	PROPN:2
kamchatka	PROPN:3
kamikaze	NOUN:2
kampala	PROPN:1
kan	NOUN:1
kanagawa	PROPN:2
kanji	NOUN:1
kansas	PROPN:1
kaohsiung	PROPN:1
kaori	PROPN:1
kappa	NOUN:2
karachi	PROPN:1
karaoke	NOUN:4
karate	NOUN:1
karelia	PROPN:2
kari	PROPN:1
karina	PROPN:1
karité	NOUN:1
karma	NOUN:1
karnataka	PROPN:1
karst	NOUN:1
kart	NOUN:1
kast	PROPN:1
katakana	NOUN:1
katana	NOUN:1
katmandú	PROPN:1
kawaii	ADJ:1
kayak	NOUN:1
kazajistán	PROPN:1
kazajo	ADJ:1	NOUN:2
kazajstán	PROPN:1
kazán	PROPN:1
kebab	NOUN:1
keiko	PROPN:1
keith	PROPN:1
kelvin	NOUN:1
kendo	NOUN:1
kenia	PROPN:1
keniano	ADJ:1
keniata	ADJ:1
kenji	PROPN:1
kentucky	PROPN:1
kerala	PROPN:1
keratina	NOUN:1
kerosene	NOUN:1
ketamina	NOUN:1
ketchup	NOUN:1
kevin	PROPN:1
kevlar	NOUN:1
keynesianismo	NOUN:1
keynesiano	ADJ:1
kgb	PROPN:1
khe	INTJ:1
khé	INTJ:1
kibbutz	NOUN:1
kibutz	NOUN:1
kichwa	NOUN:2
kickboxing	NOUN:1
kiev	PROPN:2
kigali	PROPN:1
kiki	ADV:1
kiko	NOUN:1	PROPN:2
kilimanjaro	PROPN:1
kill	NOUN:1
kilo	NOUN:4
kilogramo	NOUN:1
kilometraje	NOUN:1
kilométrico	ADJ:2
kilovatio	NOUN:1
kilómetro	NOUN:1
kimchi	NOUN:1
kimono	NOUN:1
kimura	PROPN:1
kindergarten	NOUN:1
kinesiología	NOUN:1
kingston	PROPN:1
kinshasa	PROPN:1
kiosco	NOUN:2
kiosko	NOUN:2
kioto	PROPN:1
kirchner	PROPN:1
kirchnerismo	NOUN:1
kirchnerista	ADJ:1	NOUN:1
kirguistán	PROPN:1
kirguís	ADJ:1	NOUN:2
kiribati	PROPN:1
kit	NOUN:1
kitsch	NOUN:1	ADJ:1
kiwi	NOUN:2
kk	NOUN:2
kleenex	NOUN:1
klingon	ADJ:1	NOUN:2
knesset	NOUN:1
knut	NOUN:1
koala	NOUN:1
kokoro	NOUN:1
kol	ADJ:1	NOUN:1
komodo	PROPN:1
komsomol	PROPN:1
kosher	ADJ:1
kosovo	PROPN:1
kowalski	PROPN:1
kp	NOUN:1
krasnodar	PROPN:1
krasnoyarsk	PROPN:2
kremlin	PROPN:1
kriptonita	NOUN:1
kryptonita	NOUN:1
kuczynski	PROPN:1
kuka	NOUN:1
kuna	NOUN:1
kundalini	NOUN:1
kunming	PROPN:1
kurdistán	PROPN:3
kurdo	ADJ:1	NOUN:2
kursk	PROPN:2
kuwait	PROPN:1
kuwaití	ADJ:1
káiser	NOUN:1
kárate	NOUN:1
kétchup	NOUN:1
kínder	NOUN:1
l	SYM:1
lab	NOUN:1
labastida	PROPN:2
laberinto	NOUN:1
laberíntico	ADJ:1
labia	NOUN:1
labial	ADJ:2	NOUN:2
labio	NOUN:2
labor	NOUN:4
laborable	ADJ:2
laboral	ADJ:1
laboralista	ADJ:1
laboralmente	ADV:1
laborar	VERB:1
laboratorio	NOUN:1
laboreo	NOUN:1
laboriosamente	ADV:1
laboriosidad	NOUN:1
laborioso	ADJ:1
laborismo	NOUN:1
laborista	ADJ:1	NOUN:1
labra	NOUN:1
labrada	NOUN:1
labrado	NOUN:1	ADJ:1
labrador	PROPN:2	NOUN:2
labranza	NOUN:3
labrar	VERB:3
laburante	NOUN:1
laburar	VERB:2
laburo	NOUN:1
laca	NOUN:2
lacayo	NOUN:1
lacio	ADJ:5	PROPN:2
lacra	NOUN:2
lacre	NOUN:1
lacrimógeno	ADJ:3
lacrosse	NOUN:1
lactancia	NOUN:2
lactante	NOUN:1
lactar	VERB:2
lactato	NOUN:1
lactosa	NOUN:1
lacustre	ADJ:1
lacónico	ADJ:1
ladera	NOUN:1
ladilla	NOUN:1	ADJ:1
ladino	ADJ:2	NOUN:4
ladislao	PROPN:1
lado	NOUN:2
ladra	NOUN:1
ladrar	VERB:1
ladrido	NOUN:1
ladrillo	NOUN:1
ladrón	ADJ:1	NOUN:2	PROPN:1
lady	NOUN:1
laertes	PROPN:1
lafourcade	PROPN:1
lafuente	PROPN:1
lag	NOUN:1
lagar	NOUN:1
lagartija	NOUN:2
lagarto	NOUN:3
lago	NOUN:1	PROPN:1
lagrima	NOUN:1
lagrimal	ADJ:3
lagrimeo	NOUN:1
laguardia	PROPN:1
laguna	NOUN:6
lagunero	ADJ:2	NOUN:1
lagunilla	NOUN:1
laical	ADJ:1
laicidad	NOUN:1
laicismo	NOUN:1
laicista	ADJ:1
laico	ADJ:1	NOUN:1
laika	NOUN:1
laja	NOUN:2
lajas	PROPN:2
lakota	NOUN:1
lali	PROPN:1
lalo	PROPN:5
lama	NOUN:4
lambayeque	ADJ:1	PROPN:2
lambda	NOUN:1
lambán	PROPN:1
lamebotas	NOUN:1
lameculos	NOUN:1
lamela	NOUN:1
lamentable	ADJ:1
lamentablemente	ADV:1
lamentaciones	PROPN:1
lamentación	NOUN:1
lamentar	VERB:2
lamento	NOUN:3
lamer	VERB:2
lamia	NOUN:2
lamida	NOUN:1
laminación	NOUN:1
laminado	NOUN:1
laminar	ADJ:1	VERB:1
lampa	NOUN:1
lamparita	NOUN:1
lampiño	ADJ:2
lana	NOUN:3
lanar	ADJ:1
lance	NOUN:5
lancero	NOUN:1
lancha	NOUN:2
land	NOUN:1
landa	NOUN:1	PROPN:2
landry	PROPN:1
langosta	NOUN:2
langostino	NOUN:1
langreo	PROPN:1
languidez	NOUN:1
lanudo	ADJ:2
lanuza	PROPN:1
lanza	NOUN:1
lanzacohetes	NOUN:1
lanzadera	NOUN:4
lanzador	NOUN:1
lanzagranadas	NOUN:1
lanzallamas	NOUN:1
lanzamiento	NOUN:3
lanzamisiles	NOUN:1
lanzar	VERB:5
lanzarote	PROPN:2
lanús	PROPN:1
lao	ADJ:3	NOUN:2
laos	PROPN:1
lapa	NOUN:4
lapacho	NOUN:1
laparoscopia	NOUN:1
laparotomía	NOUN:1
lapicera	NOUN:2
lapicero	NOUN:4
lapidación	NOUN:1
lapidario	ADJ:1
lapislázuli	NOUN:1
laponia	PROPN:1
laporte	PROPN:1
laprida	PROPN:1
lapso	NOUN:1
lapsus	NOUN:2
laptop	NOUN:1
lar	NOUN:1
lara	PROPN:2
larco	PROPN:1
laredo	PROPN:1
lares	PROPN:1	NOUN:1
largada	NOUN:2
largamente	ADV:2
largar	VERB:4
largo	ADJ:3	NOUN:2	INTJ:2	PROPN:1
largometraje	NOUN:1
larguero	NOUN:4
largura	NOUN:1
larguísimo	ADJ:1
laringe	NOUN:1
laringitis	NOUN:1
larrañaga	PROPN:1
larrea	PROPN:1
larreta	PROPN:1
larry	PROPN:1
larva	NOUN:3	ADJ:1
larval	ADJ:1
lasarte	PROPN:3
lasaña	NOUN:1
lasca	NOUN:2
lascano	PROPN:1
lascivia	NOUN:2
lascivo	ADJ:1
laso	ADJ:2
lastimado	ADJ:1
lastimar	VERB:5
lastimero	ADJ:2
lastimosamente	ADV:1
lastimoso	ADJ:1
lastra	NOUN:1
lastre	NOUN:3
lata	NOUN:8
latam	PROPN:1
latencia	NOUN:1
latente	ADJ:1
lateral	ADJ:1	NOUN:3
lateralmente	ADV:1
latido	NOUN:1
latifundio	NOUN:1
latifundista	ADJ:1	NOUN:1
latigazo	NOUN:1
latiguillo	NOUN:7
latine	ADJ:1	NOUN:1
latinidad	NOUN:2
latinización	NOUN:1
latino	ADJ:6	NOUN:2
latinoamericano	ADJ:1
latinoamérica	PROPN:1
latir	VERB:3
latitud	NOUN:1
lato	ADJ:1
latorre	PROPN:1
latrocinio	NOUN:1
latín	NOUN:1
latón	NOUN:2
laucha	NOUN:2
laude	NOUN:2
laudo	NOUN:2
laura	PROPN:1
laurel	NOUN:1	PROPN:1
laurencio	NOUN:1
lauro	NOUN:2
lausana	PROPN:1
lautaro	PROPN:2
lava	NOUN:2
lavabo	NOUN:2
lavada	NOUN:1
lavadero	NOUN:4
lavado	NOUN:2
lavador	NOUN:1
lavadora	NOUN:1
lavalle	PROPN:1
lavalleja	PROPN:1
lavamanos	NOUN:2
lavanda	NOUN:2
lavandera	NOUN:3	PROPN:1
lavandero	NOUN:1
lavandería	NOUN:1
lavandina	NOUN:1
lavapiés	PROPN:1
lavaplatos	NOUN:2
lavar	VERB:4
lavarropas	NOUN:1
lavatorio	NOUN:2
lavavajillas	NOUN:2
laxante	ADJ:1
laxitud	NOUN:1
laxo	ADJ:1
laya	NOUN:1
lazar	VERB:1
lazareto	NOUN:1
lazarillo	NOUN:2
lazcano	PROPN:1
lazo	NOUN:7
laúd	NOUN:1
lcd	NOUN:1
lcr	NOUN:1
le	PRON:8
leader	NOUN:1
leal	ADJ:1
lealmente	ADV:1
lealtad	NOUN:1
leandro	PROPN:2
leasing	NOUN:1
leblanc	PROPN:1
lebu	PROPN:2
lección	NOUN:4
lechada	NOUN:2
lechazo	NOUN:2
leche	NOUN:2	INTJ:1
lechera	NOUN:4
lechero	ADJ:3	NOUN:4
lechería	NOUN:1
lechita	NOUN:1
lecho	NOUN:5
lechosa	NOUN:1
lechoso	ADJ:1	NOUN:1
lechuga	NOUN:1	INTJ:1
lechugas	INTJ:1
lechuza	NOUN:2
lechón	NOUN:1
lectivo	ADJ:1
lecto	NOUN:1
lectoescritura	NOUN:1
lector	ADJ:2	NOUN:3
lectura	NOUN:3
lecumberri	PROPN:1
led	NOUN:1
ledesma	PROPN:2
leeds	PROPN:1
leer	VERB:1
legación	NOUN:1
legado	NOUN:1
legajo	NOUN:1
legal	ADJ:4
legalidad	NOUN:1
legalista	NOUN:1
legalización	NOUN:1
legalizar	VERB:2
legalmente	ADV:1
leganés	PROPN:1
legar	VERB:3
legarreta	PROPN:1
legazpi	PROPN:2
legendario	ADJ:1
leggings	NOUN:1
legibilidad	NOUN:1
legible	ADJ:1
legionario	ADJ:1
legislación	NOUN:1
legislador	NOUN:1
legislar	VERB:1
legislativo	ADJ:1
legislatura	NOUN:1
legista	ADJ:1	NOUN:1
legitimación	NOUN:1
legitimar	VERB:1
legitimidad	NOUN:1
legitimizar	VERB:1
legión	NOUN:1
lego	ADJ:1	NOUN:3
legrand	PROPN:1
legua	NOUN:2
legumbre	NOUN:2
leguía	PROPN:1
legítimamente	ADV:1
legítimo	ADJ:4
leila	PROPN:1
leire	PROPN:1
leishmaniasis	NOUN:1
leitmotiv	NOUN:2
leiva	PROPN:2
lejanamente	ADV:1
lejano	ADJ:1
lejanía	NOUN:2
lejos	ADV:1
lejía	NOUN:2
lelo	ADJ:1
lema	NOUN:5
lempira	PROPN:1	NOUN:1
lemus	PROPN:1
len	NOUN:1
lencería	NOUN:1
lene	ADJ:3
lenga	NOUN:2
lengua	NOUN:3
lenguado	NOUN:1
lenguaje	NOUN:4
lengüeta	NOUN:1
leningrado	PROPN:2
leninismo	NOUN:1
leninista	ADJ:1
lentamente	ADV:1
lente	NOUN:2
lenteja	NOUN:1
lenticular	ADJ:1
lentitud	NOUN:1
lento	ADJ:1
leo	ADJ:1	PROPN:3
leocadia	PROPN:1
leonado	ADJ:2
leonardo	PROPN:1
leoncio	PROPN:1
leonel	PROPN:1
leonor	PROPN:1
leonés	ADJ:1	NOUN:2
leopardo	NOUN:1
leopoldo	PROPN:1
leotardo	NOUN:1
lepe	PROPN:1
leporino	ADJ:1
lepra	NOUN:1
leproso	ADJ:1
leptina	NOUN:1
leptospirosis	NOUN:1
lerdo	ADJ:2
lero	INTJ:2
leroux	PROPN:1
les	DET:1
lesbiana	NOUN:1
lesbianismo	NOUN:1
lesbiano	ADJ:2	NOUN:1
lesbos	PROPN:1
lescano	PROPN:1
lesionar	VERB:1
lesivo	ADJ:3
lesión	NOUN:1
leslie	PROPN:1
lesoto	PROPN:1
lesseps	PROPN:1
letal	ADJ:1
letalidad	NOUN:1
letanía	NOUN:2
letargo	NOUN:1
lete	PROPN:1
leti	PROPN:1
leticia	PROPN:2	NOUN:1
leto	PROPN:1
letonia	PROPN:1
letra	NOUN:4
letrado	ADJ:2	NOUN:1
letrero	NOUN:1
letrina	NOUN:1
letrista	NOUN:1
letón	ADJ:2	NOUN:2
leu	NOUN:1
leucemia	NOUN:1
leucina	NOUN:1
leva	NOUN:3
levadizo	ADJ:1
levadura	NOUN:1
levantamiento	NOUN:3
levantar	VERB:8
levante	NOUN:2	PROPN:1
levantino	ADJ:1
levantón	ADJ:1
levar	VERB:3
leve	ADJ:2
levedad	NOUN:1
levemente	ADV:2
leviatán	NOUN:2
levita	NOUN:5
levitación	NOUN:1
levitar	VERB:1
leví	PROPN:1
levítico	PROPN:1	ADJ:1	NOUN:1
lexicografía	NOUN:1
ley	NOUN:4
leyenda	NOUN:6
leyte	PROPN:3
leyva	PROPN:1
lezcano	PROPN:1
leña	NOUN:2
leñador	NOUN:3
leñero	ADJ:1	NOUN:1
leño	NOUN:2
leñoso	ADJ:1
león	PROPN:6	NOUN:2
leónidas	NOUN:1
lgbt	ADJ:1
lgbti	ADJ:1
lgtb	ADJ:1
lgtbi	ADJ:1
lhasa	PROPN:1
liana	NOUN:1
liar	VERB:5
liarla	VERB:1
libanés	ADJ:1
libelo	NOUN:2
liberación	NOUN:2
liberador	NOUN:1
liberal	ADJ:2
liberalidad	NOUN:1
liberalismo	NOUN:1
liberalización	NOUN:1
liberalizar	VERB:2
liberar	VERB:4
liberia	PROPN:2
libertad	NOUN:2
libertador	ADJ:1	NOUN:1
libertar	VERB:1
libertario	ADJ:1
libertarismo	NOUN:1
libertinaje	NOUN:2
libertino	ADJ:1	NOUN:1
liberto	ADJ:1	NOUN:1
libia	PROPN:1
libidinoso	ADJ:2
libido	NOUN:1
libio	ADJ:1
libra	NOUN:5	PROPN:2
libramiento	NOUN:3
librar	VERB:8
libre	ADJ:5
librea	NOUN:1
libremente	ADV:1
librepensador	NOUN:1
librero	NOUN:2
librería	NOUN:2
libreta	NOUN:1
libretista	NOUN:1
libreto	NOUN:3
libreville	PROPN:1
librillo	NOUN:2
libro	NOUN:1
libélula	NOUN:1
lic	NOUN:1
licencia	NOUN:4
licenciado	ADJ:1	NOUN:1
licenciamiento	NOUN:2
licenciar	VERB:1
licenciatura	NOUN:1
liceo	NOUN:1	PROPN:1
licha	PROPN:2	NOUN:1
licia	PROPN:2
licitación	NOUN:1
licitante	ADJ:1	NOUN:1
licitar	VERB:1
licitud	NOUN:1
licor	NOUN:1
licorería	NOUN:1
licra	NOUN:1
licuado	NOUN:1
licuadora	NOUN:1
licuar	VERB:1
licuefacción	NOUN:1
licurgo	ADJ:1	NOUN:1
licántropo	NOUN:1
lid	NOUN:2
liderar	VERB:1
liderato	NOUN:1
liderazgo	NOUN:1
lidia	PROPN:3	NOUN:1
lidiar	VERB:6
lidio	ADJ:1
lidocaína	NOUN:1
liebre	NOUN:2
liechtenstein	PROPN:1
lieja	PROPN:2
liendo	PROPN:1
lienzo	NOUN:3
lifestyle	NOUN:1
lifting	NOUN:1
liga	NOUN:7	PROPN:1
ligadura	NOUN:4
ligamento	NOUN:1
ligando	NOUN:1
ligar	VERB:5
ligazón	NOUN:2
ligeramente	ADV:2
ligereza	NOUN:4
ligero	ADJ:1
light	ADJ:3
lignina	NOUN:1
lignito	NOUN:1
ligue	NOUN:2
liguero	ADJ:1	NOUN:1
liguilla	NOUN:1
liguria	PROPN:1
ligón	ADJ:1	NOUN:1
lija	NOUN:2
lijar	VERB:3
like	NOUN:1
lila	NOUN:4	ADJ:1
lilia	PROPN:1
lilian	PROPN:1
liliana	PROPN:1
lillo	NOUN:1
lima	NOUN:4	PROPN:2
limache	PROPN:2
limar	VERB:1
limarí	PROPN:1
limay	PROPN:1
limbo	NOUN:4
limeño	ADJ:1	NOUN:1
limitación	NOUN:2
limitado	ADJ:1
limitador	ADJ:1
limitante	ADJ:1
limitar	VERB:2
limo	NOUN:2
limonada	NOUN:2
limonero	NOUN:4
limosna	NOUN:2
limosnero	ADJ:1	NOUN:1
limpiabotas	NOUN:1
limpiador	ADJ:1	NOUN:3
limpiamente	ADV:1
limpiaparabrisas	NOUN:1
limpiar	VERB:4
limpiavidrios	NOUN:1
limpieza	NOUN:2
limpio	ADJ:2
limusina	NOUN:1
limítrofe	ADJ:1
limón	NOUN:2	PROPN:2
linaje	NOUN:1
linares	PROPN:5
linaza	NOUN:1
lince	NOUN:1
linchamiento	NOUN:1
linchar	VERB:1
lindante	ADJ:1
linde	NOUN:1
lindero	NOUN:2	ADJ:2
lindo	ADJ:2
lindura	NOUN:2
line	NOUN:1
linea	VERB:2
lineal	ADJ:1
linealidad	NOUN:1
linealmente	ADV:1
lineamiento	NOUN:1
linear	ADJ:1	VERB:2
liner	NOUN:1
lineup	NOUN:1
linfa	NOUN:2
linfoma	NOUN:1
linfático	ADJ:1
lingote	NOUN:1
lingual	ADJ:1
lingüista	NOUN:1
lingüísticamente	ADV:1
lingüístico	ADJ:1
link	NOUN:1
lino	NOUN:2
linterna	NOUN:2
linyera	NOUN:2
linóleo	NOUN:1
lipo	NOUN:1
liposucción	NOUN:1
lipstick	NOUN:1
liquen	NOUN:1
liquidación	NOUN:1
liquidador	NOUN:1
liquidar	VERB:5
liquidez	NOUN:1
lira	NOUN:3	PROPN:2
lirio	NOUN:3
lirismo	NOUN:1
lis	NOUN:2
lisa	NOUN:1
lisandro	PROPN:1
lisboa	PROPN:1
lisiado	ADJ:1
lisina	NOUN:1
lisis	NOUN:2
liso	ADJ:5
lista	NOUN:3
listado	NOUN:2	ADJ:2
listar	VERB:2
listening	NOUN:1
listillo	NOUN:1
listo	ADJ:3	INTJ:2
listín	NOUN:2
listón	NOUN:6
litera	NOUN:4
literal	ADJ:1	ADV:1
literalidad	NOUN:1
literalmente	ADV:2
literariamente	ADV:1
literario	ADJ:1
literato	NOUN:1
literatura	NOUN:1
litiasis	NOUN:1
litigación	NOUN:1
litigante	ADJ:1	NOUN:1
litigar	VERB:2
litigio	NOUN:1
litio	NOUN:1
lito	PROPN:1
litografía	NOUN:2
litoral	ADJ:1	NOUN:1
litro	NOUN:1
lituania	PROPN:1
lituano	ADJ:2	NOUN:2
liturgia	NOUN:2
litúrgico	ADJ:1
liubliana	PROPN:1
liverpool	PROPN:2
liviandad	NOUN:2
liviano	ADJ:3	NOUN:1
living	NOUN:1
livorno	PROPN:1
lixiviación	NOUN:1
liza	NOUN:3
lizardo	PROPN:2
lizárraga	PROPN:1
liébana	PROPN:1
llaga	NOUN:3
llamador	NOUN:3
llamamiento	NOUN:2
llamar	VERB:4
llamarada	NOUN:2
llamativa	NOUN:1
llamativamente	ADV:1
llamativo	ADJ:2
llameante	ADJ:1
llanada	NOUN:1
llanamente	ADV:1
llanero	NOUN:1
llanes	PROPN:2
llano	ADJ:4	NOUN:1
llanquihue	PROPN:3
llanta	NOUN:4
llanto	NOUN:1
llanura	NOUN:1
llave	NOUN:8
llavero	NOUN:3
llegada	NOUN:1
llegar	VERB:4
llegarle	VERB:1
llenado	NOUN:1
llenar	VERB:7
lleno	ADJ:1
llera	NOUN:1
llerena	PROPN:1
llevadero	ADJ:2
llevar	VERB:8
llobregat	PROPN:1
llorar	VERB:2
llorente	PROPN:1
lloriquear	VERB:1
lloriqueo	NOUN:2
lloro	NOUN:1
llorona	NOUN:4
llorón	NOUN:1	ADJ:1
llosa	NOUN:1	PROPN:1
llover	VERB:1
llovizna	NOUN:1
lluvia	NOUN:2
lluvioso	ADJ:1
lo	DET:1
loa	NOUN:1	PROPN:1
loable	ADJ:1
loaiza	PROPN:1
loayza	PROPN:1
lob	NOUN:1
loba	NOUN:2
lobato	NOUN:1
lobby	NOUN:2
lobezno	NOUN:1
lobo	NOUN:2
lobotomía	NOUN:1
locación	NOUN:2
local	ADJ:1	NOUN:2
localidad	NOUN:3
localista	ADJ:1
localizable	ADJ:2
localización	NOUN:2
localizador	NOUN:1	ADJ:1
localizar	VERB:3
localmente	ADV:1
localía	NOUN:1
locamente	ADV:1
locatario	NOUN:1
locativo	ADJ:1
loción	NOUN:1
locker	NOUN:1
loco	ADJ:4	NOUN:4
locomoción	NOUN:1
locomotor	ADJ:1
locomotora	NOUN:1
locro	NOUN:2
locuaz	ADJ:2
locución	NOUN:1
locura	NOUN:3
locus	NOUN:1
locutor	NOUN:1
locutorio	NOUN:1
lodazal	NOUN:1
lodo	NOUN:1
loera	PROPN:1
loft	NOUN:1
logar	VERB:1
logaritmo	NOUN:1
logia	NOUN:1
logical	ADJ:1
login	NOUN:1
logo	VERB:1
logotipo	NOUN:1
lograr	VERB:3
logro	NOUN:2
logroño	PROPN:1
logístico	ADJ:1
loira	PROPN:2
loja	PROPN:3
lola	PROPN:1	NOUN:2
loles	PROPN:1
loli	NOUN:3	PROPN:1
lolita	PROPN:1	NOUN:1
lolly	NOUN:3
lolo	ADJ:1	NOUN:1
loly	NOUN:3
loma	NOUN:3
lomba	PROPN:1
lombardo	ADJ:1
lombardía	PROPN:1
lombriz	NOUN:1
lomelí	PROPN:1
lomito	NOUN:2
lomo	NOUN:8
lomé	PROPN:1
lona	NOUN:4
lonche	NOUN:3
lonchera	NOUN:1
londinense	ADJ:1	NOUN:1
londoño	PROPN:1
londres	PROPN:1
longa	NOUN:1
longaniza	NOUN:2
longevidad	NOUN:1
longevo	ADJ:1
longitud	NOUN:2
longitudinal	ADJ:2
longitudinalmente	ADV:1
longo	ADJ:3	NOUN:1
longoria	PROPN:1
lonja	NOUN:3
look	NOUN:1
loor	NOUN:1
lope	PROPN:1
loquera	NOUN:1
loquero	NOUN:1
lora	NOUN:1
lorca	PROPN:2
lord	NOUN:1
lore	NOUN:1
lorena	PROPN:2
lorente	PROPN:1
lorenza	PROPN:1
lorenzana	PROPN:1
lorenzo	PROPN:4
loreto	PROPN:2
lorito	NOUN:1
loro	NOUN:3
losa	NOUN:1
losada	PROPN:1
lot	PROPN:1
lota	NOUN:1
lote	NOUN:4
loteo	NOUN:1
lotería	NOUN:2
loto	NOUN:1
lounge	NOUN:1
lourdes	PROPN:1
lovaina	PROPN:1
loza	NOUN:4
lozada	PROPN:2
lozano	ADJ:3	PROPN:1
lp	NOUN:1
lpm	INTJ:1
lsd	NOUN:1
lse	NOUN:1
lta	PROPN:1
luan	PROPN:1
luanda	PROPN:1
lubina	NOUN:1
lubricación	NOUN:1
lubricante	NOUN:1
lubricar	VERB:1
luca	NOUN:2
lucano	ADJ:1	PROPN:1
lucas	PROPN:3
lucena	PROPN:2
lucense	ADJ:1	NOUN:1
lucerna	NOUN:1	PROPN:3
lucero	NOUN:3	PROPN:1
lucha	NOUN:4	PROPN:2
luchador	ADJ:2	NOUN:4
luchar	VERB:3
luche	NOUN:1
luciana	PROPN:1
luciano	PROPN:2
lucidez	NOUN:1
lucido	ADJ:1
lucifer	PROPN:1
lucimiento	NOUN:3
lucio	NOUN:2	ADJ:2	PROPN:1
lucir	VERB:5
luciérnaga	NOUN:1
lucrar	VERB:3
lucrativo	ADJ:2
lucrecia	PROPN:1
lucro	NOUN:1
luctuoso	ADJ:1
lucía	PROPN:1
ludo	NOUN:1
ludopatía	NOUN:1
ludovico	PROPN:1
luego	ADV:3	SCONJ:1
luengo	ADJ:1
lugar	NOUN:1
lugareño	NOUN:1
lugarteniente	NOUN:1
lugo	PROPN:2
luis	NOUN:1	PROPN:1
luisa	PROPN:1
luisiana	PROPN:1
luisito	PROPN:1
luismi	PROPN:1
lujazo	ADJ:1	NOUN:1
lujo	NOUN:4
lujosamente	ADV:1
lujoso	ADJ:1
lujuria	NOUN:2
lujurioso	ADJ:1
luján	PROPN:1
lula	PROPN:1
lulo	NOUN:1	PROPN:1
luma	NOUN:1
lumbago	NOUN:1
lumbar	ADJ:1
lumbre	NOUN:4
lumbrera	NOUN:7
lumbreras	PROPN:1
lumen	NOUN:1
lumi	NOUN:1
lumia	NOUN:1
luminaria	NOUN:4
luminosidad	NOUN:1
luminoso	ADJ:1
lumpen	NOUN:1
lumínico	ADJ:1
luna	NOUN:4	PROPN:3
lunar	ADJ:1	NOUN:3
lunch	NOUN:1
lunes	NOUN:1
luneta	NOUN:4
lunfardo	ADJ:1
lunático	ADJ:1
lupa	NOUN:1
lupe	PROPN:1
lupita	PROPN:1
lupus	NOUN:1	PROPN:1
luque	PROPN:1
luqueño	ADJ:1	NOUN:1
lusaka	PROPN:1
lusitania	PROPN:1
lusitano	ADJ:1
luso	ADJ:1
lustrar	VERB:1
lustre	NOUN:1
lustro	NOUN:1
lustroso	ADJ:2
luterano	ADJ:1	NOUN:1
lutero	PROPN:1
luthier	NOUN:1
luto	NOUN:1
lux	NOUN:1
luxación	NOUN:1
luxemburgo	PROPN:4
luz	NOUN:6	PROPN:1
luzbel	PROPN:1
luzuriaga	PROPN:1
luzón	PROPN:2
lxs	DET:1
lycra	NOUN:1
lyon	PROPN:1
lábaro	NOUN:1
lácteo	NOUN:2	ADJ:3
láctico	ADJ:1
lágrima	NOUN:1
lámina	NOUN:5
lámpara	NOUN:4
lánguido	ADJ:1
lápida	NOUN:1
lápiz	NOUN:1
láser	NOUN:1
lástima	NOUN:1
látex	NOUN:1
látigo	NOUN:1
lázaro	PROPN:2
lémur	NOUN:1
lérida	PROPN:3
lésbico	ADJ:1
léxico	ADJ:1	NOUN:1
líbano	PROPN:1
líbero	NOUN:2
lícito	ADJ:2
líder	NOUN:1
límbico	ADJ:1
límite	NOUN:1
línea	NOUN:8
lío	NOUN:4
líquido	ADJ:1	NOUN:1
lírica	NOUN:2
líricamente	ADV:1
lírico	ADJ:1
lítico	ADJ:2
lóbulo	NOUN:3
lógica	NOUN:2
lógicamente	ADV:1
lógico	ADJ:1	NOUN:1
lópez	PROPN:3
lúcido	ADJ:1
lúdico	ADJ:1
lúgubre	ADJ:2
lúpulo	NOUN:1
ma	NOUN:1
mabel	PROPN:1
maca	NOUN:1	PROPN:1
macabeo	ADJ:3	NOUN:3
macabro	ADJ:1
macaco	NOUN:4	ADJ:1
macadamia	NOUN:1
macana	NOUN:7
macanudo	ADJ:3
macao	PROPN:1
macarena	PROPN:1
macario	PROPN:1
macarra	ADJ:1	NOUN:2
macarrones	NOUN:2
macarrón	NOUN:6
macau	PROPN:1
maceda	PROPN:1
macedonia	PROPN:6	NOUN:1
macedonio	ADJ:1
maceo	PROPN:1
maceración	NOUN:1
maceta	NOUN:1
mach	NOUN:1
macha	NOUN:1
machaca	NOUN:2
machacado	ADJ:1
machacar	VERB:2
machado	NOUN:1	PROPN:1
machete	NOUN:4
machi	NOUN:1
machirulo	NOUN:1
machismo	NOUN:1
machista	ADJ:1	NOUN:1
macho	ADJ:3	NOUN:4
machote	NOUN:4
machín	NOUN:1	ADJ:1
macias	PROPN:1
maciza	ADJ:1
macizo	ADJ:3	NOUN:4
maco	NOUN:2	ADJ:1
macri	PROPN:1
macrismo	NOUN:1
macrista	ADJ:1	NOUN:1
macro	NOUN:1
macroeconomía	NOUN:2
macroeconómico	ADJ:1
macroscópico	ADJ:1
macul	PROPN:1
macular	ADJ:2	VERB:1
macuto	NOUN:2
macías	PROPN:1
mad	PROPN:5
madagascar	PROPN:1
madalena	NOUN:2
madama	NOUN:1
madame	NOUN:2
madariaga	PROPN:1
madeira	PROPN:2
madeja	NOUN:1
madera	NOUN:3
maderero	NOUN:4	ADJ:1
maderista	ADJ:1	NOUN:1
madero	NOUN:4	PROPN:1
madona	NOUN:1
madrastra	NOUN:1
madraza	NOUN:1
madrazo	NOUN:1
madre	NOUN:6
madrear	VERB:3
madreselva	NOUN:1
madrid	PROPN:5
madridismo	NOUN:1
madridista	ADJ:1	NOUN:1
madrigal	NOUN:1
madriguera	NOUN:3
madrileño	ADJ:1	NOUN:1
madrina	NOUN:2
madriz	PROPN:1
madriza	NOUN:1
madrona	NOUN:1
madroño	NOUN:3
madrugada	NOUN:2
madrugador	ADJ:1	NOUN:1
madrugar	VERB:1
madrás	NOUN:1
maduración	NOUN:2
madurar	VERB:3
madurativo	ADJ:1
madurez	NOUN:2
madurismo	NOUN:1
madurista	ADJ:1	NOUN:1
madurita	NOUN:1
maduro	ADJ:2	PROPN:1
mae	NOUN:3
maese	NOUN:1
maestranza	NOUN:2
maestrazgo	NOUN:1
maestre	NOUN:4
maestro	NOUN:4	ADJ:1
maestría	NOUN:2
mafalda	PROPN:1
mafia	NOUN:2
mafioso	ADJ:1	NOUN:1
maga	NOUN:2
magallanes	PROPN:6
magallón	PROPN:2
magazine	NOUN:2
magazín	NOUN:2
magaña	PROPN:1
magdalena	PROPN:3	NOUN:2
magdaleniense	ADJ:1
magenta	NOUN:1	ADJ:1
magestad	NOUN:1
magia	NOUN:3
magico	ADJ:2
magisterial	ADJ:1
magisterio	NOUN:4
magistrado	NOUN:2
magistral	ADJ:1
magistralmente	ADV:1
magistratura	NOUN:1
magma	NOUN:1
magnanimidad	NOUN:1
magnate	NOUN:1
magnesia	NOUN:1
magnesio	NOUN:2
magnetismo	NOUN:2
magnetita	NOUN:1
magneto	NOUN:1
magnicidio	NOUN:1
magnificar	VERB:1
magnificencia	NOUN:1
magnitud	NOUN:1
magno	ADJ:1
magnolia	NOUN:1
magnánimo	ADJ:1
magnético	ADJ:1
magníficamente	ADV:1
magnífico	ADJ:1
mago	ADJ:1	NOUN:3	PROPN:1
magra	NOUN:1
magrebí	ADJ:1
magro	ADJ:1	NOUN:1
maguey	NOUN:1
magullada	NOUN:1
maguncia	PROPN:1
magíster	NOUN:1
maharajá	NOUN:1
mahjong	NOUN:1
mahoma	PROPN:1
mahón	NOUN:2	PROPN:2
mai	NOUN:1
maicao	PROPN:1
maicena	NOUN:1
maid	NOUN:1
mail	NOUN:1
mailing	NOUN:1
maillot	NOUN:1
maine	PROPN:1
mainframe	NOUN:1
mainstream	NOUN:1
maipo	PROPN:5
maipú	PROPN:1
maison	NOUN:1
maite	PROPN:2
maitines	NOUN:1
maizal	NOUN:1
maizena	NOUN:1
majada	NOUN:5
majadero	NOUN:3
majadería	NOUN:2
maje	INTJ:1	ADJ:1	NOUN:1
majestad	NOUN:1
majestuosidad	NOUN:1
majestuoso	ADJ:2
majete	ADJ:1
majo	ADJ:3	PROPN:1
major	NOUN:1
mal	ADV:4	NOUN:3	ADJ:1
mala	NOUN:3
malabar	ADJ:1	NOUN:1
malabarismo	NOUN:3
malabarista	NOUN:1
malabo	PROPN:1
malacate	NOUN:1
malagueño	ADJ:1	NOUN:1
malambo	NOUN:1	PROPN:1
malamente	ADV:2
malandro	NOUN:1
malanga	NOUN:1
malaquita	NOUN:1
malaquías	PROPN:1
malaria	NOUN:1
malasaña	PROPN:1
malasia	PROPN:1
malasio	ADJ:1
malaspina	PROPN:1
malaui	PROPN:1
malawi	PROPN:1
malaya	INTJ:1
malayalam	NOUN:1
malayo	ADJ:1	NOUN:2
malcriado	ADJ:2	NOUN:2
maldad	NOUN:2
maldecir	VERB:1
maldición	NOUN:1	INTJ:1
malditamente	ADV:1
maldito	ADJ:2	INTJ:1	NOUN:1
maldivas	PROPN:1
maldonado	PROPN:3
maleable	ADJ:2
maleante	ADJ:1	NOUN:2
malecón	NOUN:3
maleducado	ADJ:1
maleficio	NOUN:1
malena	PROPN:1
malentendido	NOUN:1
malestar	NOUN:2
maleta	NOUN:3	ADJ:1
maletera	NOUN:1
maletero	NOUN:2
maletín	NOUN:1
malevo	NOUN:1
maleza	NOUN:2
malformación	NOUN:1
malgache	ADJ:1	NOUN:1
malgastar	VERB:1
malhechor	NOUN:1
malhumor	NOUN:1
malhumorado	ADJ:2
malibú	PROPN:1	NOUN:1
malicia	NOUN:1
maliciosamente	ADV:1
malicioso	ADJ:1
maliense	ADJ:1
malignidad	NOUN:1
maligno	ADJ:2	NOUN:1
malinas	PROPN:1
malinche	NOUN:2
malintencionado	ADJ:1
malinterpretar	VERB:1
malito	ADJ:1
mall	NOUN:1
malla	NOUN:5
malleco	PROPN:2
mallo	NOUN:2
mallorca	PROPN:1
mallorquín	ADJ:1	NOUN:1
malnacido	ADJ:1	NOUN:1
malnutrición	NOUN:1
malo	ADJ:6	NOUN:2
malogrado	ADJ:1
malograr	VERB:2
maloliente	ADJ:1
malote	ADJ:1	NOUN:1
malparido	ADJ:1	NOUN:1
malsano	ADJ:2
malta	PROPN:2	NOUN:2
malteada	NOUN:3
maltratador	NOUN:1
maltratar	VERB:1
maltrato	NOUN:1
maltrecho	ADJ:3
maltés	ADJ:2	NOUN:2
malva	NOUN:1	ADJ:1
malvado	ADJ:1
malvavisco	NOUN:2
malversación	NOUN:1
malversar	VERB:1
malvinas	PROPN:1
malware	NOUN:1
malé	PROPN:1
maléfico	ADJ:1
malévolo	ADJ:1
malí	PROPN:1
malón	NOUN:3	ADJ:1
mam	ADJ:1	NOUN:2
mama	NOUN:2
mamacita	NOUN:1
mamada	NOUN:6	ADV:1
mamadera	NOUN:3
mamado	ADJ:3
mamador	NOUN:1
mamaguevo	NOUN:1
mamani	PROPN:1
mamar	VERB:6
mamario	ADJ:1
mamarracho	NOUN:2
mamba	NOUN:1
mambo	NOUN:2
mameluco	ADJ:1	NOUN:2
mamen	PROPN:1
mamerto	NOUN:2
mamey	NOUN:1
mami	NOUN:6
mamografía	NOUN:1
mamotreto	NOUN:2
mampara	NOUN:1
mampostería	NOUN:1
mamut	NOUN:1
mamá	NOUN:2
mamífero	ADJ:1	NOUN:1
mamón	ADJ:1	NOUN:7
man	NOUN:1
mana	NOUN:2
manabita	ADJ:1	NOUN:1
manabí	PROPN:1
manada	NOUN:3
management	NOUN:1
manager	NOUN:1
managua	PROPN:2	NOUN:1
manantial	NOUN:1	ADJ:1
manar	VERB:3
manatí	NOUN:1	PROPN:3
mancebo	ADJ:1	NOUN:3
mancera	NOUN:1
mancha	NOUN:4	PROPN:1
manchado	ADJ:2
manchar	VERB:3
manchego	PROPN:1	ADJ:1	NOUN:2
manchuria	PROPN:1
manchón	NOUN:1
manchú	ADJ:1	NOUN:1
mancilla	NOUN:1
mancillar	VERB:1
manco	ADJ:4	NOUN:3
mancomunadamente	ADV:1
mancomunidad	NOUN:1
mancuerna	NOUN:2
mancuso	NOUN:1
mandadero	NOUN:2
mandala	NOUN:1
mandamiento	NOUN:3
mandamás	ADJ:1	NOUN:1
mandante	NOUN:1
mandar	VERB:5
mandarina	NOUN:1
mandarín	ADJ:1	NOUN:2
mandatario	NOUN:1
mandato	NOUN:3
mande	INTJ:1
mandibular	ADJ:1
mandil	NOUN:1
mandinga	ADJ:1	NOUN:1
mandioca	NOUN:1
mando	NOUN:3
mandolina	NOUN:1
mandril	NOUN:2
mandrágora	NOUN:1
mandíbula	NOUN:1
mandón	ADJ:1	NOUN:1
manecilla	NOUN:4
manejable	ADJ:2
manejador	ADJ:1	NOUN:1
manejar	VERB:3
manejo	NOUN:2
manera	NOUN:1
manes	NOUN:1
maneta	NOUN:1
manfredo	PROPN:1
manga	NOUN:5	PROPN:1
mangaka	NOUN:1
manganeso	NOUN:1
manglar	NOUN:1
mangle	NOUN:1
mango	NOUN:2
mangonear	VERB:3
mangos	NOUN:1
mangosta	NOUN:1
manguera	NOUN:3
manguito	NOUN:2
mani	NOUN:1
maniaco	ADJ:1
manicomio	NOUN:2
manicura	NOUN:1
manicure	NOUN:1
manido	ADJ:1
manierismo	NOUN:2
manierista	NOUN:1
manifestación	NOUN:2
manifestante	NOUN:1
manifestar	VERB:3
manifiestamente	ADV:1
manifiesto	ADJ:1	NOUN:1
manigua	NOUN:5
manija	NOUN:2
manila	PROPN:1	NOUN:1
manilla	NOUN:4
manillar	NOUN:1
maniobra	NOUN:1
maniobrabilidad	NOUN:1
maniobrar	VERB:1
manipulable	ADJ:1
manipulación	NOUN:1
manipulador	ADJ:1	NOUN:1
manipular	VERB:1
maniqueísmo	NOUN:1
maniquí	NOUN:2
manita	NOUN:1
manitas	NOUN:1
manitoba	PROPN:1
manivela	NOUN:3
maniático	NOUN:1	ADJ:2
manjar	NOUN:4
manlio	PROPN:1
mano	NOUN:8
manojo	NOUN:1
manolo	PROPN:1
manopla	NOUN:5
manosear	VERB:2
manoseo	NOUN:2
manotazo	NOUN:1
manrique	PROPN:1
mansedumbre	NOUN:2
mansión	NOUN:1
manso	ADJ:2	NOUN:1
manta	NOUN:4
manteca	NOUN:3
mantecado	NOUN:2
mantel	NOUN:1
mantenedor	ADJ:1	NOUN:1
mantener	VERB:8
mantenimiento	NOUN:2
mantequilla	NOUN:1
mantero	NOUN:1
mantilla	NOUN:1
mantillo	NOUN:1
mantis	NOUN:1
manto	NOUN:3
mantra	NOUN:1
mantua	PROPN:2
mantón	NOUN:1
manu	PROPN:1
manual	ADJ:3	NOUN:2
manualidad	NOUN:2
manualmente	ADV:1
manubrio	NOUN:5
manuel	PROPN:1
manuela	PROPN:1	NOUN:1
manuelita	PROPN:1
manufactura	NOUN:3
manufacturación	NOUN:1
manufacturar	VERB:1
manufacturero	ADJ:1
manuscrito	ADJ:1	NOUN:1
manutención	NOUN:1
manya	NOUN:1
manzana	NOUN:3	PROPN:1
manzanero	PROPN:1
manzanilla	NOUN:2	PROPN:1
manzanillo	NOUN:1	PROPN:1
manzanita	NOUN:1
manzano	NOUN:1	PROPN:1
manzur	PROPN:1
maná	NOUN:1
maní	NOUN:1
manía	NOUN:5
maníaco	ADJ:1	NOUN:1
manómetro	NOUN:1
maorí	ADJ:1
maoísmo	NOUN:1
maoísta	ADJ:1
mapa	NOUN:1
mapache	NOUN:2
mapamundi	NOUN:1
mapear	VERB:1
mapeo	NOUN:1
maple	NOUN:3
mapo	NOUN:1
mapping	NOUN:1
mapuche	ADJ:1
mapudungun	NOUN:1
maqueda	PROPN:1
maqueta	NOUN:2
maquetación	NOUN:2
maqui	NOUN:1
maquiavélico	ADJ:1
maquila	NOUN:1
maquiladora	NOUN:1
maquillador	NOUN:1
maquillaje	NOUN:1
maquillar	VERB:4
maquinación	NOUN:1
maquinar	VERB:1
maquinaria	NOUN:1
maquinilla	NOUN:2
maquinista	NOUN:2
maquinita	NOUN:1
maquis	NOUN:2
mar	NOUN:5
mara	NOUN:4
marabunta	NOUN:2
maraca	NOUN:3
maracaibo	PROPN:1
maracuyá	NOUN:1
maradona	PROPN:2
marasmo	NOUN:3
maratonista	NOUN:1
maratón	NOUN:2
maravilla	NOUN:3	PROPN:1
maravillosamente	ADV:2
maravilloso	ADJ:1
maraña	NOUN:2
marañón	NOUN:2	PROPN:3
marbella	PROPN:1
marca	NOUN:8
marcación	NOUN:2
marcadamente	ADV:1
marcado	ADJ:1
marcador	ADJ:1	NOUN:4
marcaje	NOUN:1
marcano	ADJ:1
marcapasos	NOUN:1
marcar	VERB:8
marcela	PROPN:1
marcelina	PROPN:1
marcelino	PROPN:1
marcelo	PROPN:1
marcha	NOUN:5
marchante	ADJ:1	NOUN:2
marchar	VERB:4
marchito	ADJ:1
marcial	ADJ:1	PROPN:1
marciano	ADJ:2	NOUN:3	PROPN:1
marco	PROPN:1	NOUN:6
mardoqueo	PROPN:1
mare	NOUN:6
marea	NOUN:1
marear	VERB:3
marechal	PROPN:1
marejada	NOUN:2
maremoto	NOUN:1
marengo	ADJ:1
mareo	NOUN:2
marfil	NOUN:1	PROPN:1
marfileño	ADJ:1
marga	NOUN:1
margarina	NOUN:1
margarita	NOUN:3	PROPN:2
margen	NOUN:3
marginación	NOUN:1
marginado	ADJ:1	NOUN:2
marginal	ADJ:1
marginalidad	NOUN:1
marginalización	NOUN:1
marginalmente	ADV:1
marginar	VERB:1
mari	ADJ:1
mariachi	NOUN:4
mariano	ADJ:1	PROPN:2
maribel	PROPN:1
marica	NOUN:5
maricarmen	PROPN:1
maricela	PROPN:1
marichalar	PROPN:1
marico	NOUN:2
maricona	NOUN:1
mariconada	NOUN:1
maricón	NOUN:3
maridaje	NOUN:2
marido	NOUN:1
mariel	PROPN:2
mariela	PROPN:1
mariguana	NOUN:1
marihuana	NOUN:1
marilú	PROPN:1
marimacho	NOUN:1
marimba	NOUN:1
marina	NOUN:1	PROPN:1
marinada	NOUN:1
marinado	ADJ:1
marinar	VERB:1
marine	NOUN:1
marinero	ADJ:1	NOUN:1	PROPN:1
marinería	NOUN:3
marino	ADJ:2	NOUN:1	PROPN:1
mario	PROPN:1
marioneta	NOUN:1
mariposa	NOUN:6
mariquita	NOUN:2
mariscal	NOUN:3	PROPN:1
marisco	NOUN:2
marisma	NOUN:1
marisol	PROPN:1
marista	ADJ:2
marital	ADJ:1
maritza	PROPN:1
mariátegui	PROPN:1
markarián	PROPN:1
marketing	NOUN:1
marlene	PROPN:1
marlo	NOUN:1
marlon	PROPN:1
marmita	NOUN:4
marmota	NOUN:2
maroma	NOUN:2
maronita	NOUN:1
marplatense	ADJ:1
marquesa	NOUN:1
marquesado	NOUN:1
marquesina	NOUN:2
marquina	PROPN:2
marqués	NOUN:1
marrakech	PROPN:1
marrana	NOUN:1
marrano	NOUN:3	ADJ:1
marraqueta	NOUN:1
marrero	PROPN:1
marro	NOUN:3
marroquí	ADJ:1
marroquín	PROPN:1
marruecos	PROPN:1
marrón	ADJ:1	NOUN:1
marsala	NOUN:2
marsella	PROPN:1
marshmallow	NOUN:1
marsupial	ADJ:1
marta	PROPN:2	NOUN:1
marte	PROPN:2
martel	PROPN:1
martell	PROPN:1
martes	NOUN:1
martha	PROPN:1
martillar	VERB:1
martillazo	NOUN:1
martilleo	NOUN:1
martillero	NOUN:1
martillo	NOUN:4
martina	PROPN:1
martinelli	NOUN:1
martini	NOUN:1
martinica	PROPN:1
martirio	NOUN:4
martirologio	NOUN:1
martita	PROPN:1
martos	PROPN:2
martí	PROPN:2
martín	PROPN:2	NOUN:1
martínez	PROPN:1
maruca	NOUN:1
maruja	NOUN:1
marvin	PROPN:1
marxismo	NOUN:1
marxista	ADJ:1
maryland	PROPN:1
marzo	NOUN:1	PROPN:1
maría	PROPN:3	NOUN:5
marín	PROPN:2
marítimo	ADJ:1
mas	SCONJ:2
masa	NOUN:3
masacrar	VERB:1
masacre	NOUN:1
masaje	NOUN:1
masajear	VERB:1
masajista	NOUN:1
masaya	PROPN:1
mascar	VERB:2
mascarada	NOUN:1
mascareñas	PROPN:1
mascarilla	NOUN:4
mascarón	NOUN:1
mascate	PROPN:1
mascota	NOUN:2
masculinidad	NOUN:1
masculino	ADJ:1
masificación	NOUN:1
masificar	VERB:1
masilla	NOUN:1
masivamente	ADV:1
masividad	NOUN:1
masivo	ADJ:1
maso	ADV:1
masonería	NOUN:1
masoquismo	NOUN:1
masoquista	ADJ:1	NOUN:1
massa	PROPN:1
massachusetts	PROPN:1
massismo	NOUN:1
mastectomía	NOUN:1
masterización	NOUN:1
masticación	NOUN:1
masticar	VERB:2
mastitis	NOUN:1
mastodonte	NOUN:1
masturbación	NOUN:1
masturbador	ADJ:1	NOUN:2
masturbar	VERB:2
mastín	NOUN:1
masía	NOUN:1
masón	NOUN:1
masónico	ADJ:1
mat	NOUN:1
matadero	NOUN:3
matador	NOUN:2
matagalpa	PROPN:1	ADJ:1
matambre	NOUN:1
matamoros	PROPN:2	NOUN:1
matanza	NOUN:4
matar	VERB:8
matarife	NOUN:1
mataró	PROPN:1
matasellos	NOUN:1
matate	NOUN:1
match	NOUN:2
mate	ADJ:2	NOUN:6
matemática	NOUN:1
matemáticamente	ADV:1
matemático	ADJ:1	NOUN:1
mateo	PROPN:3	ADJ:1	NOUN:1
matera	NOUN:1
materia	NOUN:2
material	ADJ:1
materialidad	NOUN:1
materialismo	NOUN:2
materialista	ADJ:1
materialización	NOUN:1
materializar	VERB:2
materialmente	ADV:1
maternal	ADJ:1
maternidad	NOUN:2
materno	ADJ:2
mates	NOUN:1
mati	PROPN:1
matilda	PROPN:1
matilde	PROPN:1
matina	NOUN:1
matinal	ADJ:1
matiz	NOUN:2
matización	NOUN:1
matizar	VERB:3
mato	NOUN:1
matorral	NOUN:2
matraca	NOUN:4
matraz	NOUN:1
matriarca	NOUN:1
matriarcado	NOUN:2
matriarcal	ADJ:1
matricial	ADJ:1
matriculación	NOUN:1
matriculado	ADJ:2	NOUN:1
matricular	VERB:1
matrimonial	ADJ:2
matrimonio	NOUN:4
matritense	ADJ:1
matriz	NOUN:6
matrona	NOUN:2
matrícula	NOUN:4
matsumoto	PROPN:1
matthei	PROPN:1
maturín	PROPN:1
matus	PROPN:1
matusalén	PROPN:1	NOUN:1
matutino	ADJ:1
matías	PROPN:2
matón	NOUN:1
maule	PROPN:2
maullido	NOUN:1
maura	PROPN:1	NOUN:1
mauricio	PROPN:3
mauritania	PROPN:1
mauritano	ADJ:1
mauro	PROPN:1
mausoleo	NOUN:1
maxi	NOUN:1	PROPN:1
maxilar	ADJ:1
maxilofacial	ADJ:1
maximiliano	PROPN:1
maximización	NOUN:1
maximizar	VERB:1
maya	ADJ:1	NOUN:5
mayagüez	PROPN:1
maynas	PROPN:1
mayo	NOUN:5
mayonesa	NOUN:1
mayor	ADJ:4	NOUN:4
mayora	NOUN:1
mayoral	NOUN:3
mayorazgo	NOUN:3
mayordomo	NOUN:1
mayordomía	NOUN:2
mayoreo	NOUN:1
mayorga	PROPN:1
mayorista	NOUN:1
mayoritariamente	ADV:1
mayoritario	ADJ:1
mayormente	ADV:2
mayoría	NOUN:1
mayra	PROPN:1
mayte	PROPN:1
mayúscula	NOUN:1
mayúsculo	ADJ:2
maza	NOUN:5
mazahua	ADJ:1
mazamorra	NOUN:2
mazapán	NOUN:1
mazar	VERB:2
mazatlán	PROPN:1
mazazo	NOUN:2
mazmorra	NOUN:1
mazo	NOUN:6	ADV:1
mazorca	NOUN:1
maíz	NOUN:1
maña	NOUN:4
mañana	ADV:2	NOUN:2
mañanera	NOUN:1
mañanero	ADJ:2	NOUN:2
mañanita	NOUN:2
maño	ADJ:2	NOUN:1
mañoso	ADJ:4	NOUN:1
mbappé	PROPN:1
mc	PROPN:1
mcd	NOUN:1
mci	NOUN:1
mclaren	NOUN:1
mcm	NOUN:1
mdd	NOUN:1
mde	NOUN:1
mdp	PROPN:1
mdq	PROPN:1
meada	NOUN:1
meandro	NOUN:2
mear	VERB:2
meca	INTJ:1	NOUN:2
mecanicista	ADJ:1
mecanismo	NOUN:1
mecanización	NOUN:1
mecanizado	NOUN:1
mecanizar	VERB:2
mecano	ADJ:1	NOUN:1
mecanografía	NOUN:2
mecate	NOUN:1
mecedora	NOUN:1
mecenas	NOUN:1
mecenazgo	NOUN:1
mecer	VERB:2
mecha	NOUN:4
mechero	NOUN:2
mechón	NOUN:2
meco	ADJ:1	NOUN:2
mecánicamente	ADV:1
mecánico	ADJ:1	NOUN:1
meda	NOUN:1
medal	PROPN:1
medalla	NOUN:1
medallero	NOUN:1
medallista	NOUN:1
medallón	NOUN:2
medardo	PROPN:1
medellín	PROPN:2
mediación	NOUN:1
mediado	ADJ:1
mediador	NOUN:1
medial	ADJ:1
medialuna	NOUN:4
medianamente	ADV:2
medianera	NOUN:1
medianero	NOUN:1
mediano	ADJ:3
medianoche	NOUN:5
mediante	ADP:1
medianía	NOUN:2
mediapunta	NOUN:1
mediar	VERB:2
mediastino	NOUN:1
mediatización	NOUN:1
mediato	ADJ:1
medible	ADJ:1
medicación	NOUN:2
medicamento	NOUN:1
medici	PROPN:1
medicina	NOUN:1
medicinal	ADJ:1
medición	NOUN:1
medida	NOUN:4
medidor	ADJ:1	NOUN:3
medieval	ADJ:1
medievo	PROPN:1
medina	PROPN:3	NOUN:1
medio	ADJ:5	ADV:2	NOUN:1
medioambiental	ADJ:1
medioambiente	NOUN:1
mediocampista	NOUN:1
mediocampo	NOUN:1
mediocentro	NOUN:1
mediocre	ADJ:1
mediocridad	NOUN:1
mediodía	NOUN:4
medioevo	PROPN:1
medir	VERB:2
meditación	NOUN:1
meditar	VERB:2
meditativo	ADJ:1
mediterráneo	PROPN:1	ADJ:2
mediáticamente	ADV:1
mediático	ADJ:1
medley	NOUN:1
medo	ADJ:1	NOUN:1
medrano	PROPN:1
medrar	VERB:2
medula	NOUN:3
medular	ADJ:2
medusa	PROPN:1	NOUN:1
meeting	NOUN:1
meetup	NOUN:1
mefistófeles	PROPN:1
mega	NOUN:1
megafonía	NOUN:1
megalomanía	NOUN:1
megalómano	NOUN:1
megalópolis	NOUN:1
megaminería	NOUN:2
megaproyecto	NOUN:1
megáfono	NOUN:1
meh	INTJ:1
meiosis	NOUN:1
mejicano	ADJ:2
mejilla	NOUN:1
mejillón	NOUN:2
mejo	NOUN:1
mejor	ADJ:5
mejora	NOUN:3
mejorable	ADJ:1
mejoramiento	NOUN:1
mejorana	NOUN:3
mejorar	VERB:4
mejoría	NOUN:1
mejía	PROPN:1
mela	NOUN:1
melamina	NOUN:1
melancolía	NOUN:1
melancólico	ADJ:1
melania	PROPN:1
melanina	NOUN:1
melanoma	NOUN:1
melatonina	NOUN:1
melaza	NOUN:1
melbourne	PROPN:1
melchor	PROPN:2
melena	NOUN:2
melero	ADJ:1	NOUN:3
melgar	VERB:1	PROPN:1
melgarejo	PROPN:1
melilla	PROPN:1
melipilla	PROPN:3
melisa	NOUN:1
mella	NOUN:2	PROPN:1
mellado	ADJ:3
melli	NOUN:1
mellizo	ADJ:1	NOUN:1
melo	ADJ:1	PROPN:1
melocotón	NOUN:1
melodrama	NOUN:1
melodramático	ADJ:1
melodía	NOUN:1
melosa	NOUN:1
meloso	ADJ:1
melquisedec	PROPN:1
melvin	PROPN:1
melódico	ADJ:1
melómano	ADJ:1	NOUN:1
melón	NOUN:3
membrana	NOUN:1
membresía	NOUN:1
membrete	NOUN:3
membrillo	NOUN:2
meme	NOUN:3
memento	NOUN:1
memo	PROPN:1	NOUN:2	ADJ:1
memorable	ADJ:1
memorando	NOUN:1
memoria	NOUN:4
memorial	NOUN:1
memorización	NOUN:1
memorizar	VERB:1
memorándum	NOUN:1
men	NOUN:1
mena	NOUN:1	PROPN:1
menaje	NOUN:1
menchaca	PROPN:1
menchu	PROPN:1
mencio	PROPN:1
mencionar	VERB:1
mención	NOUN:1
menda	NOUN:1	PRON:1
mendes	PROPN:1
mendicidad	NOUN:1
mendieta	PROPN:1
mendigar	VERB:1
mendigo	NOUN:1
mendiola	PROPN:1
mendizábal	PROPN:1
mendo	PROPN:1
mendocino	ADJ:1	NOUN:1
mendoza	PROPN:3
mendrugo	NOUN:2
menea	NOUN:1
menear	VERB:3
menelao	PROPN:1
menem	PROPN:1
menemismo	NOUN:1
menemista	NOUN:1	ADJ:1
meneo	NOUN:2
meneses	PROPN:1
menester	NOUN:2
menestra	NOUN:1
mengano	NOUN:1	PROPN:1
mengua	NOUN:3
menguante	ADJ:1
menguar	VERB:2
menina	NOUN:1
meningitis	NOUN:1
menisco	NOUN:3
meno	PROPN:1
menonita	ADJ:1
menopausia	NOUN:1
menor	ADJ:2	NOUN:3	PROPN:1
menorca	PROPN:1
menos	ADV:2	DET:2	ADP:1	SCONJ:1	NOUN:1
menoscabar	VERB:3
menoscabo	NOUN:3
menospreciar	VERB:2
menosprecio	NOUN:1
mensaje	NOUN:2
mensajero	NOUN:1
mensajería	NOUN:1
menso	ADJ:6
menstruación	NOUN:1
menstrual	ADJ:1
menstruar	VERB:1
mensual	ADJ:1
mensualidad	NOUN:2
mensualmente	ADV:1
mensura	NOUN:1
mensurable	ADJ:1
menta	NOUN:2
mental	ADJ:1
mentalidad	NOUN:1
mentalista	NOUN:1
mentalmente	ADV:1
mentar	VERB:1
mente	NOUN:1
mentecato	ADJ:2
mentir	VERB:1
mentira	NOUN:1
mentiroso	ADJ:2	NOUN:1
mentol	NOUN:1
mentor	NOUN:1
mentís	NOUN:1
mentón	NOUN:1
menudeo	NOUN:1
menudo	ADJ:3	NOUN:3
menéndez	PROPN:1
menú	NOUN:3
meollo	NOUN:3
mequetrefe	NOUN:1
meramente	ADV:2
merca	NOUN:2
mercadeo	NOUN:3
mercader	NOUN:1
mercadería	NOUN:1
mercadillo	NOUN:1
mercado	NOUN:1	PROPN:1
mercadotecnia	NOUN:1
mercancía	NOUN:2
mercante	ADJ:1
mercantil	ADJ:1
mercantilismo	NOUN:1
mercantilista	ADJ:1	NOUN:1
mercantilización	NOUN:1
mercato	NOUN:1
merce	PROPN:1
merced	NOUN:1
mercedario	ADJ:1
mercedes	PROPN:6
mercenario	ADJ:1	NOUN:2
mercería	NOUN:1
merchandising	NOUN:1
merche	PROPN:1
mercia	PROPN:1
mercosur	PROPN:1
mercurial	ADJ:1
mercurio	NOUN:1	PROPN:2
mercé	NOUN:1
mere	ADV:1
merecedor	ADJ:1
merecer	VERB:2
merecidamente	ADV:1
merecidas	INTJ:1
merecido	ADJ:1	NOUN:1
merecimiento	NOUN:1
merendar	VERB:2
merendero	NOUN:2
merengue	NOUN:4
meretriz	NOUN:1
meridianamente	ADV:1
meridiano	ADJ:2	NOUN:1
meridional	ADJ:1
merienda	NOUN:3
merindad	NOUN:1
merino	ADJ:1	NOUN:2	PROPN:1
meritocracia	NOUN:1
meritorio	ADJ:1	NOUN:1
merlo	NOUN:2
merlot	NOUN:1
merluza	NOUN:3
merlín	PROPN:2
merma	NOUN:2
mermar	VERB:1
mermelada	NOUN:1
mero	ADJ:3	ADV:2	NOUN:1
merodeador	ADJ:1	NOUN:1
merodear	VERB:3
mes	NOUN:1
mesa	NOUN:6
mesada	NOUN:3
mesana	NOUN:1
meseguer	PROPN:1
mesero	NOUN:1
meseta	NOUN:1
mesianismo	NOUN:1
mesilla	NOUN:2
mesina	PROPN:1
mesiánico	ADJ:1
mesmo	ADJ:4
mesoamericano	ADJ:1
mesoamérica	PROPN:1
mesonero	NOUN:2
mesopotamia	PROPN:3
mesozoico	ADJ:1
messi	PROPN:1
mestizaje	NOUN:1
mestizo	ADJ:3	NOUN:3
mesura	NOUN:1
mesías	NOUN:1	PROPN:2
mesón	NOUN:3
meta	NOUN:2	PROPN:1
metaanálisis	NOUN:1
metabolismo	NOUN:1
metabolito	NOUN:1
metabolizar	VERB:1
metabólico	ADJ:1
metacarpiano	ADJ:1	NOUN:1
metadatos	NOUN:1
metadona	NOUN:1
metafísica	NOUN:1
metafísico	ADJ:1	NOUN:1
metafóricamente	ADV:1
metafórico	ADJ:1
metal	NOUN:1
metalero	NOUN:2	ADJ:1
metalizado	ADJ:1
metalmecánica	NOUN:1
metalurgia	NOUN:1
metalúrgico	ADJ:1	NOUN:1
metamorfismo	NOUN:1
metamorfosis	NOUN:1
metanfetamina	NOUN:1
metano	NOUN:1
metanol	NOUN:1
metapán	PROPN:1
metastásico	ADJ:1
metatarsiano	ADJ:1
metatarso	NOUN:1
metedura	NOUN:1
metegol	NOUN:1
meteorito	NOUN:1
meteorización	NOUN:1
meteoro	NOUN:1
meteorología	NOUN:1
meteorológico	ADJ:1
meteorólogo	NOUN:1
meter	VERB:8
metete	ADJ:1
meteórico	ADJ:2
metformina	NOUN:1
metiche	ADJ:1	NOUN:1
meticulosamente	ADV:1
meticulosidad	NOUN:1
meticuloso	ADJ:1
metida	ADJ:1
metido	ADJ:1
metil	NOUN:1
metileno	NOUN:1
metilo	NOUN:1
metionina	NOUN:1
metodista	ADJ:1
metodología	NOUN:1
metodológico	ADJ:1
metonimia	NOUN:1
metotrexato	NOUN:1
metraje	NOUN:2
metralla	NOUN:2
metralleta	NOUN:1
metro	NOUN:5
metrobús	NOUN:1
metrología	NOUN:1
metronidazol	NOUN:1
metropolitana	ADJ:1
metropolitano	ADJ:1	NOUN:2
metrosexual	NOUN:1
metrónomo	NOUN:1
metrópoli	NOUN:1
metáfora	NOUN:1
metálico	ADJ:1
metástasis	NOUN:1
metódicamente	ADV:1
metódico	ADJ:1
mexica	ADJ:1
mexicali	PROPN:1
mexicano	ADJ:2	NOUN:2
mexiquense	ADJ:1	NOUN:1
meza	PROPN:1
mezcal	NOUN:2
mezcla	NOUN:3
mezclador	NOUN:2
mezcladora	NOUN:2
mezclar	VERB:2
mezclilla	NOUN:1
mezcolanza	NOUN:1
mezquindad	NOUN:2
mezquino	ADJ:2
mezquita	NOUN:2
mezquital	NOUN:1
mezquite	NOUN:1
mezzo	NOUN:1
meñique	ADJ:1	NOUN:2
mi	NOUN:2
miaja	NOUN:2
miami	PROPN:1
miao	ADJ:1	NOUN:1
miastenia	NOUN:1
miau	NOUN:1	INTJ:1
mica	NOUN:2
micaela	PROPN:1
micción	NOUN:1
micelio	NOUN:1
micenas	PROPN:1
michelena	PROPN:1
michelín	NOUN:1
michi	NOUN:2
michigan	PROPN:1
micho	NOUN:1
michoacano	ADJ:1
michoacán	PROPN:1
mico	NOUN:5
micología	NOUN:1
micosis	NOUN:1
micro	NOUN:2
microbiano	ADJ:1
microbio	NOUN:1
microbiología	NOUN:1
microbiota	NOUN:1
microblogging	NOUN:1
microbús	NOUN:1
microcefalia	NOUN:1
microcentro	NOUN:1	PROPN:1
microchip	NOUN:1
microclima	NOUN:1
microcontrolador	NOUN:1
microcosmos	NOUN:1
microcrédito	NOUN:1
microeconomía	NOUN:1
microelectrónica	NOUN:1
microempresa	NOUN:1
microfilm	NOUN:1
micromecenazgo	NOUN:1
micronesia	PROPN:2
microondas	NOUN:2
microorganismo	NOUN:1
microprocesador	NOUN:1
microrrelato	NOUN:1
microscopio	NOUN:1
microscopía	NOUN:1
microscópico	ADJ:1
micrositio	NOUN:1
microsoft	PROPN:1
microteatro	NOUN:1
micrófono	NOUN:1
micrómetro	NOUN:1
midi	NOUN:1
miedo	NOUN:1
miedoso	ADJ:1	NOUN:1
miel	NOUN:1
mielina	NOUN:1
mieloide	ADJ:1
mieloma	NOUN:1
miembro	NOUN:3
miente	NOUN:1
mientra	ADV:1
mientras	ADV:1	SCONJ:4
miercoles	NOUN:1
mierda	NOUN:5	PRON:1	INTJ:1	ADV:1
mierdero	ADJ:2
mieres	PROPN:2
mies	NOUN:2
miga	NOUN:4
migaja	NOUN:2
migajas	NOUN:1
migo	PROPN:1
migra	NOUN:1
migración	NOUN:1
migrante	ADJ:2
migrar	VERB:1
migratorio	ADJ:1
migraña	NOUN:1
migue	PROPN:1
miguel	PROPN:3
miguelete	NOUN:1
miguelito	PROPN:1
mijares	PROPN:2
mijita	NOUN:2	ADJ:1
mijo	NOUN:3
mikado	NOUN:1
mil	NUM:1	NOUN:1
mila	PROPN:1
milagro	NOUN:2	PROPN:1
milagrosamente	ADV:1
milagroso	ADJ:1
milanesa	NOUN:1
milanga	NOUN:1
milano	NOUN:3
milanés	ADJ:1
milei	PROPN:1
milenario	ADJ:3
milenio	NOUN:1
mileto	PROPN:1
milf	NOUN:1
mili	NOUN:1
milicia	NOUN:3
miliciano	ADJ:1	NOUN:1
milico	NOUN:1
miligramo	NOUN:1
militancia	NOUN:1
militante	NOUN:3
militar	ADJ:1	NOUN:2	VERB:1
militarismo	NOUN:1
militarista	NOUN:1
militarización	NOUN:1
militarizar	VERB:1
militarmente	ADV:1
milla	NOUN:2
millar	NOUN:3
millardo	NOUN:1
millenial	NOUN:1
millennial	NOUN:1
millo	NOUN:1
millonada	NOUN:1
millonario	ADJ:1	NOUN:1
millón	NOUN:1
milonga	NOUN:2
milord	NOUN:1
milpa	NOUN:1
milton	PROPN:1
milán	PROPN:2
milímetro	NOUN:1
mimado	ADJ:1
mimar	VERB:2
mimbre	NOUN:1
mimetismo	NOUN:1
mimo	NOUN:2
mimosa	NOUN:1
mimoso	ADJ:1
mina	NOUN:5
minar	VERB:4
minarete	NOUN:1
minas	PROPN:3
minaya	PROPN:1
mindanao	PROPN:1	NOUN:1
mindfulness	NOUN:1
minecraft	PROPN:1
mineral	ADJ:1	NOUN:1
mineralización	NOUN:1
mineralogía	NOUN:1
minero	ADJ:1	NOUN:1
minerva	PROPN:2	NOUN:1
minería	NOUN:1
minga	NOUN:2	INTJ:1
mingo	NOUN:1
mini	ADJ:1
miniatura	NOUN:3
minibar	NOUN:1
minibús	NOUN:1
minifalda	NOUN:1
minigolf	NOUN:1
minijuego	NOUN:1
minimal	ADJ:1
minimalismo	NOUN:1
minimalista	ADJ:1	NOUN:1
minimización	NOUN:1
minimizar	VERB:1
minino	NOUN:1
miniserie	NOUN:1
ministerial	ADJ:1
ministerio	NOUN:1
ministra	NOUN:1
ministro	NOUN:1
minivan	NOUN:1
minnesota	PROPN:1
mino	NOUN:2
minor	NOUN:1
minorista	ADJ:1	NOUN:1
minoritario	ADJ:1
minoría	NOUN:2
minotauro	PROPN:1	NOUN:1
minsk	PROPN:1
minucia	NOUN:2
minuciosamente	ADV:1
minuciosidad	NOUN:1
minucioso	ADJ:1
minusvalía	NOUN:1
minusválido	ADJ:1
minuta	NOUN:7
minuto	NOUN:2
minúscula	NOUN:1
minúsculo	ADJ:2
mio	INTJ:1
miocardio	NOUN:1
miocardiopatía	NOUN:1
mioceno	ADJ:1
miope	ADJ:2	NOUN:1
miopía	NOUN:1
miqueas	PROPN:1
mir	NOUN:1
mirada	NOUN:1
mirador	NOUN:2
miraflores	PROPN:2
miramar	PROPN:8
miramiento	NOUN:3
miranda	PROPN:2
mirandés	ADJ:2	NOUN:3
mirar	VERB:8
mirasol	NOUN:1
mireia	PROPN:1
mireles	PROPN:1
mirella	PROPN:1
mireya	PROPN:1
mirian	PROPN:1
mirilla	NOUN:1
mirlo	NOUN:1
mirna	PROPN:1
mirra	NOUN:1
mirrey	NOUN:1
mirto	NOUN:1
miríada	NOUN:1
mirón	ADJ:2	NOUN:3
misa	NOUN:1
misael	PROPN:1
misal	NOUN:1
miscelánea	NOUN:1
miserable	ADJ:3
miserablemente	ADV:1
miseria	NOUN:4
misericordia	NOUN:2
misericordioso	ADJ:1	NOUN:1
mish	NOUN:1
misia	PROPN:1
misil	NOUN:1
misional	ADJ:1
misionero	ADJ:1	NOUN:2
misisipi	PROPN:1
misisipí	PROPN:1
misiva	NOUN:1
misión	NOUN:5
mismamente	ADV:2
mismo	ADJ:4	ADV:1
miso	NOUN:1	INTJ:1
misoginia	NOUN:1
misoprostol	NOUN:1
miss	NOUN:2
misterio	NOUN:3
misteriosamente	ADV:1
misterioso	ADJ:4
misticismo	NOUN:1
mistral	NOUN:1
misuri	PROPN:1
misántropo	ADJ:1	NOUN:1
misógino	ADJ:1	NOUN:1
mitad	NOUN:1
mitigación	NOUN:1
mitigar	VERB:2
mitin	NOUN:2
mito	NOUN:2
mitocondria	NOUN:1
mitocondrial	ADJ:1
mitología	NOUN:1
mitológico	ADJ:1
mitosis	NOUN:1
mitra	NOUN:1
mitral	ADJ:1
mitín	NOUN:2
mitómano	ADJ:1	NOUN:1
miura	NOUN:1
mix	NOUN:1
mixco	PROPN:1
mixe	ADJ:1	NOUN:2
mixer	NOUN:1
mixteco	NOUN:1
mixto	ADJ:2	NOUN:2
mixtura	NOUN:1
miyamoto	PROPN:1
miz	NOUN:1
miércoles	NOUN:1	INTJ:1
miño	PROPN:1
ml	PROPN:1
mm	NOUN:1
mmd	NOUN:1
moa	PROPN:1
mobbing	NOUN:1
mobiliario	ADJ:1	NOUN:1
mochica	ADJ:1
mochila	NOUN:4
mochilero	NOUN:1
mocho	ADJ:5	NOUN:1
mochuelo	NOUN:2
moción	NOUN:1
moco	NOUN:2
mocoso	ADJ:4	NOUN:2
mod	ADJ:1	NOUN:2
moda	NOUN:3
modal	ADJ:1
modalidad	NOUN:1
modelación	NOUN:1
modelado	NOUN:1
modelaje	NOUN:1
modelar	VERB:1
modelismo	NOUN:1
modelización	NOUN:1
modelo	NOUN:4
modem	NOUN:1
moderación	NOUN:1
moderadamente	ADV:1
moderado	ADJ:1
moderador	ADJ:1	NOUN:1
moderar	VERB:1
modernamente	ADV:1
modernidad	NOUN:1
modernismo	NOUN:1
modernista	ADJ:1
modernización	NOUN:1
modernizar	VERB:1
moderno	ADJ:2
modestamente	ADV:1
modestia	NOUN:1
modesto	ADJ:2	PROPN:1
modificable	ADJ:1
modificación	NOUN:2
modificador	ADJ:1
modificar	VERB:1
modismo	NOUN:1
modista	NOUN:1
modisto	NOUN:1
modo	NOUN:2
modorra	NOUN:1
modulación	NOUN:1
modulador	ADJ:1	NOUN:1
modular	ADJ:1	VERB:1
modélico	ADJ:1
mofa	NOUN:1
mofeta	NOUN:1
mofongo	NOUN:1
mogadiscio	PROPN:1
mogol	ADJ:1
mogollón	NOUN:1	ADV:1	PROPN:1
mogólico	ADJ:3
mohamed	PROPN:2
mohawk	NOUN:1
moho	PROPN:1	NOUN:2
mohoso	ADJ:2
moisés	NOUN:1	PROPN:2
mojado	ADJ:1
mojar	VERB:3
mojarra	NOUN:2
mojave	ADJ:1
mojito	NOUN:1
mojo	NOUN:1
mojón	NOUN:4
moka	NOUN:1
mol	NOUN:3
molar	NOUN:1	ADJ:2	VERB:1
molcajete	NOUN:1
moldava	PROPN:1
moldavia	PROPN:1
moldavo	ADJ:1
molde	NOUN:2
moldeado	NOUN:1
moldear	VERB:4
moldeo	NOUN:1
moldura	NOUN:1
mole	ADJ:1	NOUN:3
molecular	ADJ:1
moler	VERB:5
molero	NOUN:1
molestar	VERB:7
molestia	NOUN:2
molesto	ADJ:3
molibdeno	NOUN:1
molido	ADJ:3	NOUN:1
molienda	NOUN:5
molina	PROPN:2
molinar	NOUN:1	VERB:1
molinero	NOUN:1	PROPN:1
molinete	NOUN:3
molinillo	NOUN:4
molino	NOUN:1
molla	NOUN:1
molle	NOUN:1
molleja	NOUN:2
mollendo	PROPN:1
mollera	NOUN:2
molusco	NOUN:1	ADJ:1
molécula	NOUN:1
molón	NOUN:2	ADJ:2
moma	NOUN:2
momento	NOUN:3
momentáneamente	ADV:1
momentáneo	ADJ:1
momia	NOUN:2
momificación	NOUN:1
momo	NOUN:2
monacal	ADJ:1
monacato	NOUN:2
monada	NOUN:5
monagas	PROPN:2
monago	NOUN:1
monaguillo	NOUN:1
monarca	NOUN:1
monarquía	NOUN:1
monasterio	NOUN:1
moncada	PROPN:1
monchi	PROPN:1
moncloa	PROPN:2
monda	NOUN:3
mondadientes	NOUN:1
mondo	ADJ:1
mondongo	NOUN:2
mondragón	PROPN:2
moneda	NOUN:2
monedero	NOUN:1
monesterio	NOUN:1
monetario	ADJ:1
monetización	NOUN:1
monetizar	VERB:1
monforte	PROPN:1
monge	PROPN:1
mongo	NOUN:2	ADJ:1
mongol	ADJ:1	NOUN:2
mongolia	PROPN:2
mongólico	ADJ:2
monigote	NOUN:6
monitor	NOUN:3
monitorear	VERB:1
monitoreo	NOUN:1
monitorización	NOUN:1
monitorizar	VERB:1
monja	NOUN:1	PROPN:1
monje	NOUN:1	PROPN:1
monjita	NOUN:1
mono	NOUN:6	ADJ:2
monoambiente	NOUN:1
monocolor	ADJ:2
monocromo	ADJ:1
monocultivo	NOUN:1
monogamia	NOUN:2
monografía	NOUN:1
monograma	NOUN:1
monográfico	ADJ:1
monolingüe	ADJ:1
monolito	NOUN:1
monolítico	ADJ:1
mononucleosis	NOUN:1
monoparental	ADJ:2
monopatín	NOUN:1
monoplaza	ADJ:1	NOUN:1
monopolio	NOUN:1
monopolista	NOUN:1
monopolización	NOUN:1
monopolizar	VERB:1
monopoly	NOUN:1
monopólico	ADJ:1
monoteísmo	NOUN:1
monoteísta	NOUN:1	ADJ:1
monotonía	NOUN:1
monovolumen	NOUN:1
monreal	PROPN:1
monrovia	PROPN:1
monroy	PROPN:1
monserrat	PROPN:2
monseñor	NOUN:1
monstruo	NOUN:4
monstruosidad	NOUN:3
monstruoso	ADJ:2
montacargas	NOUN:2
montador	NOUN:2
montaje	NOUN:4
montalbán	PROPN:2
montalvo	PROPN:1
montana	PROPN:1
montaner	PROPN:1
montano	ADJ:1
montante	NOUN:5
montar	VERB:7
montaraz	NOUN:1	ADJ:1
montarla	VERB:1
montaña	NOUN:2
montañero	ADJ:1	NOUN:2
montañismo	NOUN:1
montañista	NOUN:1
montaño	PROPN:1
montañoso	ADJ:1
montañés	ADJ:2	NOUN:2	PROPN:1
montblanc	PROPN:1
monte	NOUN:6	PROPN:1
montealegre	PROPN:1
montecristo	PROPN:2
montejo	PROPN:1
montellano	PROPN:1
montemayor	PROPN:1
montenegro	PROPN:2
montepío	NOUN:2
montera	NOUN:2
montero	NOUN:2	PROPN:1
monterrey	PROPN:4
monterroso	PROPN:1
montería	NOUN:1
montesinos	PROPN:1
monteverde	NOUN:1
montevideano	ADJ:1	NOUN:1
montevideo	PROPN:2
montiel	PROPN:1
montilla	PROPN:1
montjuic	PROPN:1
monto	NOUN:2
montonazo	NOUN:1
montonera	NOUN:2
montonero	NOUN:2
montones	PRON:1
montoya	PROPN:1
montreal	PROPN:1
montréal	PROPN:1
montserrat	PROPN:3
montura	NOUN:5
montés	ADJ:1
montículo	NOUN:2
montón	NOUN:2
monumental	ADJ:1
monumentalidad	NOUN:1
monumento	NOUN:1
monzón	NOUN:1	PROPN:2
monárquico	ADJ:2	NOUN:1
monástico	ADJ:1
monóculo	NOUN:1
monólogo	NOUN:1
monótono	ADJ:1
monóxido	NOUN:1
mopa	NOUN:1
moquegua	PROPN:2
moqueta	NOUN:1
moquillo	NOUN:1
mora	NOUN:5	PROPN:1
morabito	NOUN:1
morada	NOUN:2	PROPN:1
morado	ADJ:2	NOUN:2
morador	ADJ:1	NOUN:1
moral	ADJ:2	NOUN:3
moraleja	NOUN:1
moralidad	NOUN:1
moralina	NOUN:1
moralismo	NOUN:1
moralista	ADJ:1	NOUN:1
moralizante	ADJ:1
moralmente	ADV:1
morante	PROPN:1
morar	VERB:3
morato	PROPN:1
moratoria	NOUN:1
moravia	PROPN:1
morazán	PROPN:2
morbilidad	NOUN:1
morbo	NOUN:4
morbosidad	NOUN:1
morboso	ADJ:3
morcilla	NOUN:1
morcillo	NOUN:2	ADJ:1
mordacidad	NOUN:1
mordaz	ADJ:3
mordaza	NOUN:2
mordedor	ADJ:2	NOUN:1
mordedura	NOUN:1
morder	VERB:6
mordida	NOUN:3
mordido	ADJ:2
mordisco	NOUN:1
morelense	ADJ:1	NOUN:1
morelia	PROPN:1
morelos	PROPN:1
morena	NOUN:1	PROPN:2
morenista	NOUN:1	ADJ:1
moreno	ADJ:3	NOUN:2	PROPN:3
morera	NOUN:1
morería	NOUN:1
moretón	NOUN:1
morfar	VERB:2
morfema	NOUN:1
morfeo	PROPN:1
morfi	NOUN:1
morfina	NOUN:1
morfo	NOUN:1
morfología	NOUN:1
morfológicamente	ADV:1
morfológico	ADJ:1
morgue	NOUN:1
mori	PROPN:1
moribundo	ADJ:1
morillo	NOUN:1
moringa	NOUN:1
morir	VERB:4
morisco	ADJ:1	NOUN:2
mormón	ADJ:1
moro	NOUN:4	ADJ:4
morocho	NOUN:2	ADJ:2
morosidad	NOUN:2
moroso	ADJ:1	NOUN:1
morra	NOUN:4	INTJ:1
morral	NOUN:4
morralla	NOUN:4
morrillo	NOUN:2
morrito	ADJ:1
morriña	NOUN:4
morro	NOUN:8
morrocoy	NOUN:1
morrón	NOUN:1
morsa	NOUN:2
mortadela	NOUN:2
mortadelo	NOUN:2
mortaja	NOUN:1
mortal	ADJ:3
mortalidad	NOUN:1
mortalmente	ADV:1
mortandad	NOUN:1
mortero	NOUN:4
mortificación	NOUN:1
mortuorio	ADJ:1
mortífero	ADJ:1
moruno	ADJ:1
morán	PROPN:1
morón	NOUN:2	ADJ:1	PROPN:2
mosa	PROPN:2
mosaico	ADJ:2
mosca	NOUN:3
moscatel	NOUN:1
mosco	NOUN:1
moscoso	PROPN:1	NOUN:1
moscovita	ADJ:1	NOUN:2
moscú	PROPN:2
mosh	NOUN:1
mosquera	PROPN:1
mosqueta	NOUN:4
mosquete	NOUN:2
mosquetero	NOUN:1
mosquitera	NOUN:1
mosquitero	NOUN:2
mosquito	NOUN:3
mosso	NOUN:1
mostacho	NOUN:1
mostaza	NOUN:1
mosto	NOUN:2
mostrador	NOUN:2
mostrar	VERB:2
mostro	NOUN:1	ADJ:1
mosul	PROPN:1
mosén	NOUN:2
mota	NOUN:3
motagua	PROPN:1
mote	NOUN:3
moteado	ADJ:2
motel	NOUN:2
motero	NOUN:2
motherboard	NOUN:1
motilidad	NOUN:1
motivacional	ADJ:1
motivación	NOUN:1
motivador	ADJ:1	NOUN:1
motivante	ADJ:1	NOUN:2
motivar	VERB:1
motivo	NOUN:1
moto	NOUN:1
motocicleta	NOUN:1
motociclismo	NOUN:1
motociclista	NOUN:1
motocross	NOUN:1
motoneta	NOUN:2
motor	ADJ:1	NOUN:5
motora	NOUN:2
motorista	NOUN:1
motorización	NOUN:1
motorizado	ADJ:1	NOUN:2
motosierra	NOUN:1
mototaxi	NOUN:1
motricidad	NOUN:1
motriz	ADJ:1
motín	NOUN:1
mouse	NOUN:1
mousse	NOUN:1
mover	VERB:8
movible	ADJ:2
movida	NOUN:5
movido	ADJ:1
movilidad	NOUN:1
movilización	NOUN:1
movilizador	ADJ:1	NOUN:1
movilizar	VERB:2
movimiento	NOUN:5
moya	PROPN:1
moyano	PROPN:1
moyo	NOUN:1
moyobamba	PROPN:1
mozambique	PROPN:1
mozart	PROPN:1
mozo	NOUN:4	ADJ:2	PROPN:1
mozzarella	NOUN:1
mozárabe	ADJ:1	NOUN:2
moño	NOUN:4
mrd	NOUN:1
mrp	X:1
msj	NOUN:2
msm	X:1
msnm	NOUN:1
mu	INTJ:1
mua	NOUN:1
mucama	NOUN:2
muchachada	NOUN:1
muchacho	NOUN:1
muchedumbre	NOUN:2
mucho	DET:2	ADV:3	PRON:2
mucosa	NOUN:1
mucosidad	NOUN:1
muda	NOUN:1
mudanza	NOUN:2
mudar	VERB:5	NOUN:1
mudo	ADJ:5	NOUN:1
mudéjar	ADJ:1
mueble	NOUN:5
mueblería	NOUN:1
mueca	NOUN:2
muela	NOUN:6	PROPN:1
muelle	ADJ:1	NOUN:2
muermo	NOUN:5
muerte	NOUN:3
muesca	NOUN:1
muestral	ADJ:1
muestrario	NOUN:2
muestreo	NOUN:1
mufa	NOUN:4	ADJ:1
muftí	NOUN:1
muga	NOUN:2
muger	NOUN:2
mugre	NOUN:1
mugriento	ADJ:1
mugroso	ADJ:1
muisca	ADJ:1	NOUN:1
mujer	NOUN:2
mujercita	NOUN:1
mujeriego	ADJ:2	NOUN:2
mujerzuela	NOUN:1
mujica	PROPN:1
mula	NOUN:3
mular	ADJ:1
mulato	ADJ:2	NOUN:6
muleta	NOUN:2
muletilla	NOUN:1
mullido	ADJ:1
mulo	NOUN:1
multa	NOUN:1
multar	VERB:1
multi	NOUN:1
multicanal	ADJ:1
multicolor	ADJ:1
multicultural	ADJ:1
multiculturalidad	NOUN:1
multiculturalismo	NOUN:1
multidimensional	ADJ:1
multidisciplinar	ADJ:1
multidisciplinario	ADJ:1
multifactorial	ADJ:1
multifacético	ADJ:1
multiforme	ADJ:1
multifuncional	ADJ:1
multifunción	ADJ:1
multijugador	ADJ:1
multilateral	ADJ:1
multilateralismo	NOUN:1
multilingüe	ADJ:2
multilingüismo	NOUN:1
multimedia	NOUN:1	ADJ:1
multimedios	ADJ:1
multimillonario	ADJ:1	NOUN:2
multimodal	ADJ:1
multinacional	ADJ:1	NOUN:1
multinivel	ADJ:1
multipartidista	ADJ:2
multiplataforma	ADJ:1
multiplicación	NOUN:1
multiplicador	ADJ:1	NOUN:2
multiplicar	VERB:2
multiplicidad	NOUN:1
multipolar	ADJ:1
multipropósito	ADJ:1
multirracial	ADJ:1
multisectorial	ADJ:1
multitarea	ADJ:1
multitud	NOUN:3
multitudinario	ADJ:2
multiuso	ADJ:1
multiverso	NOUN:1
multiétnico	ADJ:1
mulá	NOUN:1
mundanal	ADJ:1
mundano	ADJ:1
mundial	ADJ:1	NOUN:1
mundialista	ADJ:1	NOUN:1
mundialito	NOUN:2
mundialización	NOUN:1
mundialmente	ADV:2
mundillo	NOUN:4
mundo	NOUN:6
munguía	PROPN:1
municipal	ADJ:1
municipalidad	NOUN:1
municipalismo	NOUN:1
municipalista	ADJ:1
municipalización	NOUN:1
municipio	NOUN:1
munición	NOUN:1
munir	VERB:2
mur	NOUN:1
mural	ADJ:1
muralismo	NOUN:1
muralista	NOUN:1
muralla	NOUN:1
murano	NOUN:1
murcia	PROPN:2
murciano	ADJ:1	NOUN:2
murciélago	NOUN:1
murga	NOUN:3
murillo	PROPN:1
murmullo	NOUN:2
murmurar	VERB:3
muro	NOUN:2
murrieta	PROPN:1
mus	NOUN:1
musa	NOUN:4
musculación	NOUN:1
muscular	ADJ:1	VERB:1
musculatura	NOUN:2
musculosa	NOUN:1
musculoso	ADJ:1
muselina	NOUN:1
museo	NOUN:1
musgo	NOUN:1
musical	ADJ:1
musicalidad	NOUN:1
musicalización	NOUN:1
musicalmente	ADV:1
musicología	NOUN:1
musicoterapia	NOUN:1
musicólogo	NOUN:1
muslo	NOUN:1
musso	PROPN:1
mustafá	PROPN:1
mustang	NOUN:1
musulmán	ADJ:1
mutación	NOUN:1
mutante	ADJ:1	NOUN:1
mutar	VERB:1
muti	NOUN:1
mutilación	NOUN:1
mutilado	ADJ:1
mutilar	VERB:1
mutis	INTJ:1	NOUN:1
mutismo	NOUN:2
mutual	ADJ:1
mutualidad	NOUN:1
mutualismo	NOUN:2
mutualista	ADJ:1
mutuamente	ADV:1
mutuo	ADJ:1
muy	ADV:3
muérdago	NOUN:1
muñeca	NOUN:1
muñeco	NOUN:4
muñequito	NOUN:1
muñoz	PROPN:1
muñón	NOUN:4
mvd	PRON:1
mx	PROPN:3
mácula	NOUN:2
mágicamente	ADV:1
mágico	ADJ:2
málaga	PROPN:2
mánager	NOUN:1
mánchester	PROPN:1
máquina	NOUN:2
márgen	NOUN:3
mármol	NOUN:1
márquez	PROPN:1
mártir	NOUN:1
más	ADV:5	DET:2	SCONJ:1
máscara	NOUN:1
máster	NOUN:1
mástil	NOUN:2
máxime	ADV:2
máximo	PROPN:1	ADJ:3
médano	NOUN:2
médicamente	ADV:1
médico	NOUN:2	ADJ:1
médium	NOUN:1
médula	NOUN:3
méjico	PROPN:3
méndez	PROPN:1
mérida	PROPN:4
mérito	ADJ:1	NOUN:2
método	NOUN:1
métrico	ADJ:1
méxico	PROPN:3
mí	PRON:1
míchigan	PROPN:1
mínimamente	ADV:1
mínimo	ADJ:3	NOUN:2
mío	PRON:1	DET:1
mísero	ADJ:7
míster	NOUN:2
místico	ADJ:1	NOUN:1
mítico	ADJ:1
módem	NOUN:1
módena	PROPN:2
módico	ADJ:2
módulo	NOUN:1
mónaco	PROPN:1
mónica	PROPN:1
mórbido	ADJ:1
móstoles	PROPN:1
móvil	ADJ:1	NOUN:3
múltiple	ADJ:1	DET:1
múltiplo	NOUN:1
múnich	PROPN:1
músculo	NOUN:2
música	NOUN:2
músico	ADJ:1	NOUN:1
n	NOUN:5
na	PROPN:1
nabo	NOUN:7
nabucodonosor	PROPN:1
nacer	VERB:3
nacha	NOUN:1
nacho	NOUN:1	ADJ:1	PROPN:1
naciente	ADJ:1	NOUN:1
nacimiento	NOUN:3	PROPN:3
nacional	ADJ:2	NOUN:1
nacionalidad	NOUN:1
nacionalismo	NOUN:1
nacionalista	ADJ:1
nacionalización	NOUN:1
nacionalizar	VERB:1
nacionalmente	ADV:1
nacionalsocialismo	NOUN:1
nacionalsocialista	ADJ:1
nación	NOUN:1
naco	ADJ:2	NOUN:2	PROPN:1
nada	PRON:1	NOUN:2	ADV:1
nadador	NOUN:1
nadal	NOUN:1
nadando	ADJ:1
nadar	VERB:2
nadi	PRON:1
nadie	PRON:1	NOUN:1
nadien	PRON:1
nadies	PRON:1
nadir	NOUN:1
nado	NOUN:1
nafta	NOUN:2
naftalina	NOUN:1
nagua	NOUN:1	PROPN:1
nahua	ADJ:1
nahual	NOUN:4
nahum	PROPN:1
nai	NOUN:1
naif	ADJ:1
nailon	NOUN:1
naipe	NOUN:2
nairobi	PROPN:1
nakamura	PROPN:1
nalga	NOUN:1
nalgada	NOUN:4
namibia	PROPN:1
namur	PROPN:2
nana	NOUN:8
nanai	NOUN:1	INTJ:1
nanay	INTJ:1	NOUN:1	ADJ:1
nance	NOUN:3
nando	PROPN:1
nano	NOUN:1
nanotecnología	NOUN:1
nao	NOUN:2
naomi	PROPN:2
napa	NOUN:1
napalm	NOUN:1
napo	NOUN:2	PROPN:1
napoleón	PROPN:1	NOUN:2
napoleónico	ADJ:1
napolitana	NOUN:1
napolitano	ADJ:1	NOUN:2
naranja	ADJ:2	NOUN:3
naranjal	NOUN:1
naranjas	PRON:1
naranjo	NOUN:3	PROPN:1
narbona	PROPN:1
narcea	PROPN:1
narcisa	PROPN:1
narcisismo	NOUN:1
narcisista	ADJ:1	NOUN:1
narciso	NOUN:2	PROPN:2
narco	NOUN:2
narcoestado	NOUN:1
narcolepsia	NOUN:1
narcomenudeo	NOUN:1
narcoterrorismo	NOUN:1
narcotraficante	NOUN:2
narcotráfico	NOUN:1
narcótico	ADJ:1	NOUN:1
nardo	NOUN:2
nariz	NOUN:2
nariño	PROPN:1
narración	NOUN:2
narrador	NOUN:3
narrar	VERB:1
narrativa	NOUN:3
narrativo	ADJ:1
narváez	PROPN:1
nasa	NOUN:2
nasal	ADJ:1	NOUN:1
naso	NOUN:2
nat	X:1
nata	NOUN:4	PROPN:1
natación	NOUN:1
natal	ADJ:3
natalia	PROPN:1
natalicio	ADJ:1	NOUN:1
natalidad	NOUN:2
natalio	PROPN:1
nataly	PROPN:1
nati	PROPN:1
natilla	NOUN:2
natillas	NOUN:1
natividad	NOUN:1	PROPN:2
nativo	ADJ:1	NOUN:1
nato	ADJ:1
natura	NOUN:1
natural	ADJ:4	NOUN:4
naturaleza	NOUN:1
naturalidad	NOUN:1
naturalismo	NOUN:1
naturalista	ADJ:1	NOUN:2
naturalización	NOUN:1
naturalizado	ADJ:1
naturalizar	VERB:1
naturalmente	ADV:1
naturista	ADJ:1	NOUN:1
natán	PROPN:1
naufragar	VERB:3
naufragio	NOUN:1
nauru	PROPN:1
nauseabundo	ADJ:2
nauta	NOUN:1
nava	NOUN:1
navaja	NOUN:3
navajazo	NOUN:1
navajo	ADJ:1
naval	ADJ:1
navarra	PROPN:5
navarrete	PROPN:1
navarro	ADJ:1	NOUN:2	PROPN:2
nave	NOUN:2
navegabilidad	NOUN:1
navegable	ADJ:1
navegación	NOUN:2
navegador	ADJ:1	NOUN:2
navegante	NOUN:2
navegar	VERB:2
navia	PROPN:1
navidad	PROPN:5	NOUN:1
navideño	ADJ:1	NOUN:1
naviera	NOUN:1
naviero	ADJ:1	NOUN:2
navy	NOUN:1
navío	NOUN:1
nayarit	PROPN:1
nayeli	PROPN:1
nayib	PROPN:1
nazareno	ADJ:2	NOUN:2
nazaret	PROPN:1
nazario	PROPN:1
nazarí	NOUN:1
nazi	NOUN:1
nazismo	NOUN:1
nba	PROPN:1
nd	PRON:1
ne	NOUN:1
neandertal	ADJ:1	NOUN:1
neblina	NOUN:1
nebraska	PROPN:1
nebulosa	NOUN:2
nebuloso	ADJ:2
necedad	NOUN:3
necesariamente	ADV:1
necesario	ADJ:1
neceser	NOUN:1
necesidad	NOUN:4
necesitar	VERB:1
necio	ADJ:2	NOUN:1
necrofilia	NOUN:1
necrológica	NOUN:1
necropsia	NOUN:1
necrosis	NOUN:1
necrópolis	NOUN:1
neerlandés	ADJ:1	NOUN:2
nefasto	ADJ:2
nefritis	NOUN:1
nefrología	NOUN:1
nefropatía	NOUN:1
neftalí	PROPN:2
negacionismo	NOUN:1
negacionista	ADJ:1	NOUN:1
negación	NOUN:1
negar	VERB:2
negativa	NOUN:2
negativamente	ADV:1
negatividad	NOUN:1
negativismo	NOUN:1
negativo	ADJ:1	NOUN:1
negligencia	NOUN:2
negligente	ADJ:1
negociable	ADJ:1
negociación	NOUN:2
negociador	ADJ:1	NOUN:1
negociante	NOUN:3
negociar	VERB:3
negocio	NOUN:5
negrada	NOUN:1
negrero	ADJ:1	NOUN:3
negrete	PROPN:1
negrita	NOUN:3
negrito	NOUN:3	ADJ:1
negritud	NOUN:1
negro	NOUN:4	ADJ:4
negrura	NOUN:3
negruzco	ADJ:1
nehemías	PROPN:2
neira	PROPN:1
neko	NOUN:1
nel	ADV:1
nelson	PROPN:2
nemesio	PROPN:1
nena	NOUN:1
nene	NOUN:3
nenita	NOUN:1
nené	NOUN:1
neo	NOUN:2
neoclasicismo	NOUN:1
neoclásico	ADJ:1	NOUN:1
neocolonial	ADJ:1
neocolonialismo	NOUN:1
neoliberal	ADJ:1
neoliberalismo	NOUN:1
neologismo	NOUN:1
neolítico	ADJ:1	PROPN:1
neonatal	ADJ:1
neonato	NOUN:1
neonatología	NOUN:1
neonazi	ADJ:1
neoplasia	NOUN:2
neoplatonismo	NOUN:1
neopreno	NOUN:2
neorrealismo	NOUN:1
neoyorkino	ADJ:1
neoyorquino	ADJ:1	NOUN:1
neozelandés	ADJ:1	NOUN:1
nepal	PROPN:1
nepalí	ADJ:1	NOUN:2
nepotismo	NOUN:1
neptuno	PROPN:1
nerd	NOUN:1
nerea	PROPN:1
nervadura	NOUN:2
nervio	NOUN:1
nerviosamente	ADV:1
nerviosismo	NOUN:1
nervioso	ADJ:3
nerón	PROPN:1
net	NOUN:1
netamente	ADV:1
netanyahu	PROPN:1
netbook	NOUN:1
neto	ADJ:2
networking	NOUN:1
neumología	NOUN:1
neumonía	NOUN:1
neumotórax	NOUN:1
neumática	NOUN:1
neumático	ADJ:1	NOUN:1
neuquino	ADJ:1	NOUN:1
neuquén	PROPN:3
neural	ADJ:1
neuralgia	NOUN:1
neurobiología	NOUN:1
neurociencia	NOUN:1
neurocientífico	ADJ:1	NOUN:1
neurocirugía	NOUN:1
neurocirujano	NOUN:1
neurofisiología	NOUN:1
neurología	NOUN:1
neurológico	ADJ:1
neuromuscular	ADJ:1
neurona	NOUN:1
neuronal	ADJ:1
neuropatía	NOUN:1
neuropsicología	NOUN:1
neurosis	NOUN:1
neurotransmisor	ADJ:1	NOUN:1
neurálgico	ADJ:2
neurólogo	NOUN:1
neurótico	ADJ:2
neutral	ADJ:1
neutralidad	NOUN:1
neutralización	NOUN:1
neutralizar	VERB:1
neutrino	NOUN:1
neutro	ADJ:6
neutrón	NOUN:1
nevada	PROPN:1	NOUN:2
nevado	ADJ:2	NOUN:1
nevar	VERB:2
nevera	NOUN:1
newton	NOUN:1
nexo	NOUN:1
neymar	PROPN:1
neyra	PROPN:1
neófito	NOUN:1
neón	NOUN:2
nfl	PROPN:1
ni	CCONJ:1	ADV:2	NOUN:1
niacina	NOUN:1
niamey	PROPN:1
nica	ADJ:1
nicanor	PROPN:1
nicaragua	PROPN:1
nicaragüense	ADJ:1
nice	ADJ:1
niche	NOUN:1
nicho	NOUN:2
nico	PROPN:1
nicolasa	PROPN:1
nicolás	PROPN:1
nicosia	PROPN:1
nicotina	NOUN:1
nicoya	ADJ:1
nidal	NOUN:1
nido	NOUN:3
niebla	NOUN:2	PROPN:1
nieta	NOUN:1
nieto	NOUN:1	PROPN:1
nieve	NOUN:2
nif	NOUN:1
nigeria	PROPN:1
nigeriano	ADJ:1
nightclub	NOUN:1
nigromante	NOUN:1
nihilismo	NOUN:1
nihilista	ADJ:1	NOUN:1
nike	PROPN:2
nikkei	NOUN:2
nilda	PROPN:1
nilo	PROPN:1
nimiedad	NOUN:2
nimio	ADJ:3
ninfa	NOUN:2
ninfómana	NOUN:1
ningunear	VERB:2
ninguneo	NOUN:1
ninguno	DET:1	PRON:2
nini	NOUN:1
ninja	NOUN:1
nintendo	PROPN:1	NOUN:2
niobio	NOUN:1
nipón	ADJ:1
nirvana	NOUN:1
nisiquiera	ADV:1
nitidez	NOUN:3
nito	PROPN:1
nitrato	NOUN:1
nitrito	NOUN:1
nitro	NOUN:1
nitroglicerina	NOUN:1
nitroso	ADJ:1
nitrógeno	NOUN:1
niue	PROPN:1
nivel	NOUN:3
nivelación	NOUN:2
nivelar	VERB:4
nix	PROPN:1
nixtamal	NOUN:1
niza	PROPN:1
niña	NOUN:3
niñato	ADJ:1	NOUN:1
niñera	NOUN:2
niñero	NOUN:1
niñez	NOUN:1
niñita	NOUN:1
niño	NOUN:1
nl	PROPN:1
nmms	X:1
nn	NOUN:1
no	ADV:1	INTJ:2
nobel	NOUN:2
nobiliario	ADJ:1
noble	ADJ:1
noblemente	ADV:1
nobleza	NOUN:1
noboa	PROPN:1
nocaut	NOUN:1
noche	NOUN:2	ADV:1
nochebuena	PROPN:1	NOUN:1
nochevieja	PROPN:1
nocilla	NOUN:1
nocivo	ADJ:2
noción	NOUN:1
nocturnidad	NOUN:1
nocturno	ADJ:2	NOUN:1
nodal	ADJ:1
nodo	NOUN:1
nodriza	NOUN:1
noe	PROPN:1
noel	PROPN:2
noelia	PROPN:1
noemi	PROPN:1
noemí	PROPN:2
nogada	NOUN:1
nogal	NOUN:2	ADJ:1
nogales	PROPN:2
noguera	NOUN:1	PROPN:1
nolasco	PROPN:2
nombramiento	NOUN:1
nombrar	VERB:1
nombre	NOUN:2	INTJ:2
nome	NOUN:1
nomenclatura	NOUN:1
nomenclátor	NOUN:1
nominación	NOUN:1
nominal	ADJ:1
nominalmente	ADV:1
nominar	VERB:1
nominativo	ADJ:2	NOUN:2
nomo	NOUN:1
nomás	ADV:1	SCONJ:1
non	ADJ:1
nona	NOUN:1
nonato	ADJ:1
nones	ADV:1
noni	NOUN:1
nono	ADJ:1
nop	INTJ:1
nopal	NOUN:2
noquear	VERB:1
nora	PROPN:1
noradrenalina	NOUN:1
norcorea	PROPN:1
norcoreano	ADJ:1
nordeste	NOUN:1
noreste	NOUN:1
noria	NOUN:2
noriega	PROPN:1
norma	PROPN:1	NOUN:1
normal	ADJ:4	ADV:1	NOUN:1
normalidad	NOUN:1
normalista	NOUN:1
normalización	NOUN:2
normalizar	VERB:1
normalmente	ADV:1
normando	ADJ:1
normandía	PROPN:1
normar	VERB:2
normativa	NOUN:1
normatividad	NOUN:1
normativo	ADJ:1
noroccidental	ADJ:1
noroeste	NOUN:1
nororiental	ADJ:1
nororiente	ADJ:1
norte	ADJ:1	NOUN:5	PROPN:1
norteamericano	ADJ:2	NOUN:2
norteamérica	PROPN:1
norteño	ADJ:2	NOUN:1
noruega	PROPN:1
noruego	ADJ:2	NOUN:2
nos	PRON:2
nose	X:1
nosequé	NOUN:1
nosocomio	NOUN:1
nosotras	PRON:1
nosotros	PRON:2
nostalgia	NOUN:1
nostálgico	ADJ:3
nota	NOUN:3
notable	ADJ:1
notablemente	ADV:1
notación	NOUN:1
notar	VERB:2
notariado	NOUN:1
notarial	ADJ:1
notario	NOUN:2
notaría	NOUN:1
notebook	NOUN:1
noticia	NOUN:4
noticiario	NOUN:1
noticiero	NOUN:3
noticioso	ADJ:1
notición	NOUN:1
notificación	NOUN:1
notificar	VERB:1
noto	NOUN:2
notoriamente	ADV:1
notoriedad	NOUN:1
notorio	ADJ:2
nova	NOUN:1
novatada	NOUN:2
novato	ADJ:1	NOUN:1
novecientos	NUM:1
novedad	NOUN:3
novedoso	ADJ:1
novel	ADJ:1	NOUN:1
novela	NOUN:2
novelesco	ADJ:1
novelista	NOUN:1
novelita	NOUN:1
novenario	NOUN:1
noveno	ADJ:1
noventa	NUM:1
noventas	NOUN:1
novia	NOUN:1
noviazgo	NOUN:3
noviciado	NOUN:1
novicio	NOUN:1
noviembre	NOUN:1
novillada	NOUN:1
novillero	NOUN:2
novillo	NOUN:3
novio	NOUN:3
novo	ADJ:3
novohispano	NOUN:1	ADJ:1
noé	PROPN:2
npd	PROPN:1
ns	X:1
nsa	PROPN:1
ntc	X:1
ntp	X:1
nube	NOUN:6
nublado	ADJ:1
nublar	VERB:2
nublo	NOUN:1	ADJ:1
nubosidad	NOUN:1
nuboso	ADJ:1
nuca	NOUN:1
nuclear	ADJ:1	VERB:1
nude	NOUN:1
nudillo	NOUN:1
nudismo	NOUN:1
nudista	ADJ:1
nudo	NOUN:2	ADJ:1
nuera	NOUN:1
nuestro	PRON:1	DET:2
nuevamente	ADV:2
nueve	NUM:1	NOUN:1
nuevo	ADJ:3	PROPN:1
nuez	NOUN:3
nugget	NOUN:1
nulidad	NOUN:2
nulo	ADJ:3
numeración	NOUN:1
numerado	ADJ:1
numerador	NOUN:1
numeral	NOUN:1
numerar	VERB:2
numerario	ADJ:2	NOUN:1
numerología	NOUN:1
numeroso	ADJ:1
numidia	PROPN:2
numismática	NOUN:1
numismático	ADJ:1	NOUN:1
numéricamente	ADV:1
numérico	ADJ:1
nunca	ADV:2
nunciatura	NOUN:1
nuncio	NOUN:2
nupcial	ADJ:1
nupcias	NOUN:1
nuria	PROPN:1
nutella	NOUN:1
nutria	NOUN:2
nutricional	ADJ:1
nutricionista	NOUN:1
nutrición	NOUN:1
nutrido	ADJ:2
nutriente	NOUN:1
nutrir	VERB:1
nutritivo	ADJ:1
nuño	PROPN:1	NOUN:1
nv	NOUN:1
ny	NOUN:1
nylon	NOUN:1
nyu	PROPN:1
ná	PRON:1
nácar	NOUN:1
náhuatl	ADJ:1	PROPN:2
nájera	PROPN:1
nápoles	PROPN:2
náufrago	ADJ:1	NOUN:1
náusea	NOUN:2
náutico	ADJ:1
néctar	NOUN:3
némesis	PROPN:1	NOUN:1
néstor	PROPN:2
níger	PROPN:2
nínive	PROPN:1
níquel	NOUN:1
níspero	NOUN:4
nítidamente	ADV:1
nítido	ADJ:2
nítrico	ADJ:1
nódulo	NOUN:2
nómada	ADJ:1	NOUN:1
nómade	ADJ:1
nómina	NOUN:2
nórdico	ADJ:2	NOUN:1
núcleo	NOUN:4
núm	NOUN:1
número	NOUN:5
núremberg	PROPN:1
núñez	PROPN:1
o	CCONJ:2	ADV:1
oa	PROPN:3
oasis	NOUN:1
oaxaca	PROPN:3
oaxaqueño	ADJ:1	NOUN:1
obama	PROPN:2
obedecer	VERB:2
obediencia	NOUN:1
obediente	ADJ:2
obelisco	NOUN:1
obertura	NOUN:1
obesidad	NOUN:1
obeso	ADJ:1	NOUN:1
obispado	NOUN:1
obispo	NOUN:1	PROPN:1
obituario	NOUN:1
objeción	NOUN:1	INTJ:1
objetable	ADJ:1
objetar	VERB:2
objetivamente	ADV:1
objetividad	NOUN:1
objetivismo	NOUN:1
objetivo	ADJ:1	NOUN:1
objeto	NOUN:2
objetor	NOUN:2
oblea	NOUN:2
oblicuamente	ADV:1
oblicuo	ADJ:1
obligación	NOUN:2
obligadamente	ADV:1
obligado	ADJ:3
obligar	VERB:5
obligatoriamente	ADV:1
obligatoriedad	NOUN:1
obligatorio	ADJ:2
oblongo	ADJ:1
oboe	NOUN:1
obra	NOUN:2
obrador	NOUN:1	PROPN:1
obrar	VERB:2
obregón	ADJ:1	PROPN:1
obrero	ADJ:1	NOUN:1
obscenidad	NOUN:1
obsceno	ADJ:1
obscuridad	NOUN:2
obscuro	ADJ:5
obsecuente	ADJ:1	NOUN:1
obsequiar	VERB:1
obsequio	NOUN:1
observable	ADJ:1
observacional	ADJ:1
observación	NOUN:1
observador	ADJ:1	NOUN:1
observancia	NOUN:1
observar	VERB:2
observatorio	NOUN:1
obsesionado	ADJ:3
obsesivamente	ADV:1
obsesivo	ADJ:1
obsesión	NOUN:1
obsidiana	NOUN:1
obsolescencia	NOUN:1
obsoleto	ADJ:2
obstaculizar	VERB:1
obstante	ADJ:2
obstetra	NOUN:1
obstetricia	NOUN:1
obstinación	NOUN:1
obstinadamente	ADV:1
obstinado	ADJ:2
obstrucción	NOUN:1
obstruir	VERB:3
obstáculo	NOUN:3
obtención	NOUN:1
obtener	VERB:1
obturación	NOUN:1
obturador	ADJ:1	NOUN:1
obtuso	ADJ:3
obviamente	ADV:1
obviar	VERB:3
obviedad	NOUN:2
obvio	ADJ:2
obús	NOUN:1
oc	INTJ:1
oca	NOUN:2
ocampo	PROPN:1
ocarina	NOUN:1
ocasio	PROPN:1
ocasional	ADJ:1
ocasionalmente	ADV:1
ocasionar	VERB:1
ocasión	NOUN:1
ocaso	NOUN:3
ocaña	PROPN:2
occidental	ADJ:1	NOUN:1
occidentalización	NOUN:1
occidente	NOUN:1
occipital	ADJ:1	NOUN:3
occiso	NOUN:1
occitano	ADJ:3	NOUN:3
oceanografía	NOUN:1
oceanográfico	ADJ:1
oceanía	PROPN:1
ocelote	NOUN:1
oceánico	ADJ:1
ochenta	NUM:1
ochentas	NOUN:1
ochentero	ADJ:1	NOUN:1
ocho	NUM:1	NOUN:3
ochoa	PROPN:1
ochocientos	NUM:1
ocio	NOUN:4
ociosidad	NOUN:1
ocioso	ADJ:2	NOUN:1
oclusiva	NOUN:1
oclusión	NOUN:3
ocote	NOUN:3
ocotepeque	PROPN:2
ocre	NOUN:1
octanaje	NOUN:1
octavio	PROPN:1
octavo	ADJ:1
octogenario	ADJ:1
octogonal	ADJ:1
octubre	NOUN:1
ocular	ADJ:1	NOUN:1
oculista	NOUN:1
ocultación	NOUN:1
ocultamiento	NOUN:1
ocultar	VERB:4
ocultismo	NOUN:1
ocultista	NOUN:1
oculto	ADJ:2
ocupacional	ADJ:1
ocupación	NOUN:3
ocupante	ADJ:1	NOUN:1
ocupar	VERB:8
ocurrencia	NOUN:2
ocurrente	ADJ:2
ocurrir	VERB:2
océano	NOUN:1
oda	NOUN:1
odesa	PROPN:1
odessa	PROPN:1
odeón	NOUN:1
odiar	VERB:1
odio	NOUN:2
odiosidad	NOUN:2
odioso	ADJ:1
odisea	NOUN:1	PROPN:1
odiseo	PROPN:1
odontología	NOUN:1
odontológico	ADJ:1
odontólogo	NOUN:1
odría	PROPN:1
odín	PROPN:1
oe	INTJ:1
oea	X:1
oeste	NOUN:1	PROPN:1
ofelia	PROPN:1
ofenda	NOUN:1
ofender	VERB:2
ofendido	ADJ:2
ofensa	NOUN:2
ofensiva	NOUN:1
ofensivamente	ADV:1
ofensivo	ADJ:1
ofensor	ADJ:1	NOUN:1
oferente	NOUN:1
oferta	NOUN:4
ofertar	VERB:1
ofertón	NOUN:1
off	ADJ:2
offline	ADJ:1
offset	NOUN:1
offshore	ADJ:1	NOUN:1
offside	NOUN:1
ofi	NOUN:3
oficial	ADJ:1	NOUN:7
oficialidad	NOUN:1
oficialismo	NOUN:2
oficialista	ADJ:1	NOUN:1
oficialización	NOUN:1
oficializar	VERB:1
oficialmente	ADV:1
oficialía	NOUN:1
oficiante	NOUN:1
oficiar	VERB:2
oficina	NOUN:3
oficinista	NOUN:1
oficio	NOUN:2
oficioso	ADJ:2
ofimática	NOUN:1
ofrecer	VERB:2
ofrecimiento	NOUN:1
ofrenda	NOUN:1
ofrendar	VERB:1
oftalmología	NOUN:1
oftalmólogo	NOUN:1
ofuscación	NOUN:3
ogm	NOUN:1
ogro	NOUN:3
oh	INTJ:1
ohio	PROPN:1
ohm	NOUN:1
oidor	NOUN:2
oiea	PROPN:1
oigan	INTJ:1
oja	NOUN:1
ojal	NOUN:2
ojalá	ADV:2	INTJ:1
ojeada	NOUN:1
ojear	VERB:3
ojeda	PROPN:1
ojete	NOUN:4
ojinaga	PROPN:1
ojiva	NOUN:2
ojival	ADJ:1
ojo	NOUN:3	INTJ:1
ojota	NOUN:1
ok	ADJ:1
okey	NOUN:1
okinawa	PROPN:1
oklahoma	PROPN:1
okupa	NOUN:1
ola	NOUN:3
olancho	PROPN:1
olano	PROPN:1
olarte	PROPN:1
olavarría	PROPN:2
olaya	PROPN:1
olazábal	PROPN:1
ole	INTJ:1
oleada	NOUN:1
oleaje	NOUN:1
oleico	ADJ:1
oleksandr	PROPN:1
oleoducto	NOUN:1
oler	VERB:6
olfatear	VERB:2
olfativo	ADJ:1
olfato	NOUN:1
olga	PROPN:1
oli	INTJ:1
oligarca	NOUN:1
oligarquía	NOUN:1
oligoceno	ADJ:1
oligopolio	NOUN:1
oligárquico	ADJ:1
olimpia	PROPN:1
olimpiada	NOUN:1
olimpiadas	PROPN:1
olimpo	PROPN:3	NOUN:1
olimpíada	NOUN:2
oliva	NOUN:2	PROPN:1
olivar	ADJ:1	NOUN:1	PROPN:1
olivares	PROPN:1
olivenza	PROPN:1
olivera	NOUN:1	PROPN:1
oliverio	PROPN:1
oliveros	PROPN:1
olivo	NOUN:1
olivos	PROPN:2
olla	NOUN:3
olmeca	ADJ:1
olmeda	NOUN:1
olmedo	PROPN:1
olmo	NOUN:1	PROPN:1
olor	NOUN:2
olorcito	NOUN:1
oloroso	ADJ:2	NOUN:1
olvidable	ADJ:1
olvidadizo	ADJ:1
olvidar	VERB:4
olvido	NOUN:3
olvídate	X:1
olé	INTJ:1	PROPN:1
olímpicamente	ADV:1
olímpico	ADJ:3	NOUN:1
omar	PROPN:1
ombligo	NOUN:1
ombre	NOUN:6
ombudsman	NOUN:1
ombú	NOUN:1
omega	NOUN:1
omelette	NOUN:1
omeprazol	NOUN:1
omeya	NOUN:1
ominoso	ADJ:2
omisión	NOUN:1
omiso	ADJ:1
omitir	VERB:1
omm	PROPN:1
omnipotencia	NOUN:1
omnipotente	ADJ:1
omnipresencia	NOUN:1
omnipresente	ADJ:1
omnisciente	ADJ:1
omnívoro	ADJ:1	NOUN:1
oms	PROPN:1
omán	PROPN:1
omóplato	NOUN:1
once	NUM:1	NOUN:1
onceavo	ADJ:1
oncología	NOUN:1
oncológico	ADJ:1
oncólogo	NOUN:1
onda	NOUN:5
onde	ADV:1	PRON:1	SCONJ:1
ondear	VERB:2
ondina	NOUN:1
ondulación	NOUN:3
ondulado	ADJ:1
ondulante	ADJ:1
oneroso	ADJ:1
ong	NOUN:1
online	ADJ:1
onofre	PROPN:1	INTJ:1
onomatopeya	NOUN:1
onomástica	NOUN:2
onomástico	ADJ:1	NOUN:2
onsen	NOUN:1
ontario	PROPN:2
ontología	NOUN:1
ontológico	ADJ:1
onu	PROPN:1
onubense	ADJ:1	NOUN:1
onza	NOUN:8
onze	NUM:1
onírico	ADJ:2
opa	ADJ:1	NOUN:1	INTJ:1
opacar	VERB:2
opacidad	NOUN:1
opaco	ADJ:1
opcional	ADJ:1
opcionalmente	ADV:1
opción	NOUN:1
open	NOUN:1
opening	NOUN:1
opep	PROPN:1
operable	ADJ:1
operacional	ADJ:2
operación	NOUN:3
operador	NOUN:1
operante	ADJ:2
operar	VERB:4
operario	NOUN:2
operativamente	ADV:1
operatividad	NOUN:1
operativo	ADJ:1	NOUN:1
operatorio	ADJ:2
opereta	NOUN:1
opinable	ADJ:1
opinar	VERB:2
opinión	NOUN:1
opio	NOUN:1
oponente	NOUN:1	ADJ:1
oponer	VERB:3
oporto	PROPN:1	NOUN:1
oportunamente	ADV:1
oportunidad	NOUN:2
oportunismo	NOUN:1
oportunista	ADJ:1	NOUN:1
oportuno	ADJ:2
oposición	NOUN:2
opositor	ADJ:1	NOUN:3
opresivo	ADJ:1
opresión	NOUN:1
opresor	NOUN:1
oprimido	ADJ:1
oprimir	VERB:2
oprobio	NOUN:1
ops	INTJ:1
optar	VERB:1
optativa	ADJ:1
optativo	ADJ:1	NOUN:1
optimismo	NOUN:1
optimista	ADJ:2	NOUN:1
optimización	NOUN:1
optimizar	VERB:1
opuesto	ADJ:3
opulencia	NOUN:1
opulento	ADJ:2
opérculo	NOUN:1
opúsculo	NOUN:1
oquendo	PROPN:1
ora	SCONJ:1
oración	NOUN:4
orador	NOUN:2
oral	ADJ:1
oralidad	NOUN:1
oralmente	ADV:1
oramas	PROPN:1
orangután	NOUN:1
orante	NOUN:1
orar	VERB:2
orate	NOUN:1
oratorio	ADJ:1
orbe	NOUN:4
orbegoso	PROPN:1
orbital	ADJ:2	NOUN:1
orbitar	VERB:1
orca	NOUN:1
orco	NOUN:4
orden	NOUN:8
ordenación	NOUN:1
ordenadamente	ADV:1
ordenador	NOUN:2
ordenamiento	NOUN:2
ordenanza	NOUN:4
ordenar	VERB:8
ordesa	PROPN:1
ordeña	NOUN:1
ordeñar	VERB:3
ordeño	NOUN:1
ordinal	ADJ:1
ordinariamente	ADV:1
ordinario	ADJ:3
ordoño	PROPN:1
ordóñez	PROPN:1
ore	NOUN:1
oregón	PROPN:1
oreja	NOUN:1
orejudo	ADJ:1
orejuela	NOUN:1
orejón	ADJ:2	NOUN:5
orellana	NOUN:1	PROPN:2
oremburgo	PROPN:2
orense	PROPN:2	ADJ:1	NOUN:1
oreo	NOUN:2
orfanato	NOUN:1
orfandad	NOUN:3
orfebre	NOUN:1
orfebrería	NOUN:1
orfeo	PROPN:1
orfeón	NOUN:1
organigrama	NOUN:1
organismo	NOUN:4
organista	NOUN:1
organizacional	ADJ:1
organización	NOUN:1
organizador	NOUN:1
organizar	VERB:1
organizativo	ADJ:1
orgasmo	NOUN:1
orgia	NOUN:1
orgullo	NOUN:3	PROPN:1
orgullosamente	ADV:1
orgulloso	ADJ:2
orgánicamente	ADV:1
orgánico	ADJ:4
orgía	NOUN:1
oribe	NOUN:1
orientación	NOUN:3
orientador	NOUN:1
oriental	ADJ:3	NOUN:1
orientalismo	NOUN:1
orientalista	ADJ:1
orientar	VERB:4
oriente	NOUN:1	PROPN:1
orificio	NOUN:1
origami	NOUN:2
origen	NOUN:1
original	ADJ:1
originalidad	NOUN:1
originalmente	ADV:2
originar	VERB:3
originariamente	ADV:1
originario	ADJ:2
orilla	NOUN:2
orina	NOUN:1
orinal	NOUN:1
orinar	VERB:2
orine	NOUN:1
orinoco	PROPN:1
oriol	PROPN:1
orisha	NOUN:1
oriundo	ADJ:1	NOUN:1
orión	PROPN:1
orla	NOUN:3
orlando	PROPN:2
ormuz	PROPN:1
ornamentación	NOUN:1
ornamental	ADJ:1
ornamento	NOUN:1
ornato	NOUN:1
ornitología	NOUN:1
ornitorrinco	NOUN:1
ornitólogo	NOUN:1
oro	NOUN:3	ADJ:1
orografía	NOUN:2
oromo	ADJ:1
oropel	NOUN:3
oropesa	PROPN:2
oropeza	PROPN:1
orozco	PROPN:1
orquesta	NOUN:2
orquestación	NOUN:1
orquestal	ADJ:1
orquestar	VERB:1
orquestra	NOUN:2
orquídea	NOUN:1
orrego	PROPN:1
ortega	PROPN:1	NOUN:1
ortiga	NOUN:1
ortiz	PROPN:1
orto	NOUN:4
ortodoncia	NOUN:1
ortodoncista	NOUN:1
ortodoxia	NOUN:2
ortodoxo	ADJ:2
ortogonal	ADJ:1
ortografía	NOUN:3
ortográfico	ADJ:1
ortopedia	NOUN:1
ortopédico	ADJ:1	NOUN:1
ortúzar	PROPN:1
oruga	NOUN:2
orujo	NOUN:2
oruro	PROPN:1
orwelliano	ADJ:1
oráculo	NOUN:1
orán	PROPN:1
orégano	NOUN:1
orín	NOUN:2
os	PRON:1
osado	ADJ:1
osadía	NOUN:2
osaka	PROPN:2
osamenta	NOUN:1
osario	NOUN:1
oscense	ADJ:1	NOUN:1
oscilación	NOUN:1
oscilador	NOUN:1
oscilante	ADJ:1
oscilar	VERB:1
osciloscopio	NOUN:1
oscuramente	ADV:1
oscurantismo	NOUN:1
oscurantista	NOUN:1
oscurecer	VERB:1	NOUN:1
oscurecimiento	NOUN:1
oscuridad	NOUN:2
oscuro	ADJ:5
osea	ADV:1
oseas	PROPN:1
oseguera	PROPN:1
osetia	PROPN:1
osiris	PROPN:1
osito	NOUN:1
oslo	PROPN:1
osmar	PROPN:1
oso	NOUN:3
osorio	PROPN:1
osorno	PROPN:3
ospina	PROPN:1
ostensible	ADJ:1
ostensiblemente	ADV:1
ostentación	NOUN:2
ostentar	VERB:2
ostentoso	ADJ:2
osteoporosis	NOUN:1
ostia	NOUN:3
ostión	NOUN:1
ostra	NOUN:1
ostracismo	NOUN:1
ostras	INTJ:1
osuna	PROPN:1
osvaldo	PROPN:1
oswaldo	PROPN:1
otaku	NOUN:1
otamendi	PROPN:1
otan	X:1
otavalo	PROPN:1
otelo	PROPN:1
otero	NOUN:1	PROPN:1
otitis	NOUN:1
otomano	ADJ:1	NOUN:1
otomí	NOUN:2	ADJ:1
otorgamiento	NOUN:1
otorgar	VERB:3
otorrinolaringología	NOUN:1
otoñal	ADJ:1
otoño	NOUN:1
otredad	NOUN:1
otro	DET:1	INTJ:1	PRON:2
otrora	ADJ:1	ADV:1
ottawa	PROPN:1
otuzco	PROPN:1
otón	PROPN:1
ourense	PROPN:2
out	NOUN:1
outdoor	ADJ:1
outfit	NOUN:1
outlet	NOUN:1
output	NOUN:1
outsider	NOUN:1
outsourcing	NOUN:1
ovación	NOUN:1
oval	ADJ:1
ovalado	ADJ:1
ovalle	PROPN:2
ovando	PROPN:1
ovario	NOUN:2
ovarios	NOUN:1
oveja	NOUN:1
ovejero	NOUN:1
ovejita	NOUN:1
overo	ADJ:1
overol	NOUN:1
ovetense	ADJ:1	NOUN:1
ovidio	PROPN:2
oviedo	PROPN:2
ovillo	NOUN:3
ovino	ADJ:1
ovni	NOUN:1
ovo	NOUN:1
ovoide	ADJ:1	NOUN:1
ovulación	NOUN:1
ovárico	ADJ:1
owen	PROPN:1
ox	INTJ:1
oxalato	NOUN:1
oxicodona	NOUN:1
oxidación	NOUN:1
oxidado	ADJ:2
oxidante	NOUN:1	ADJ:1
oxidar	VERB:1
oxidativo	ADJ:1
oxigenación	NOUN:1
oxigenar	VERB:2
oxitocina	NOUN:1
oxígeno	NOUN:1
oxímoron	NOUN:1
oyente	ADJ:1	NOUN:3
ozono	NOUN:1
ozuna	PROPN:1
oída	NOUN:1
oído	NOUN:2
oír	VERB:5
oña	PROPN:2
oñate	PROPN:1
pa	NOUN:1
pabellón	NOUN:4
pablito	PROPN:1
pablo	PROPN:3
pabón	PROPN:1
pac	NOUN:1
paca	NOUN:2	PROPN:1
pacasmayo	PROPN:2
pacaya	NOUN:1
pacense	ADJ:1	NOUN:1
pacer	VERB:3
paceño	ADJ:1	NOUN:1
pacha	NOUN:1
pachamama	PROPN:1
pachanga	NOUN:3
pacheco	PROPN:1	ADJ:1	NOUN:2
pacho	ADJ:4	PROPN:2
pachorra	NOUN:1
pachuca	PROPN:1
pachá	NOUN:1
paciencia	NOUN:1
paciente	ADJ:1
pacientemente	ADV:1
pacificación	NOUN:1
pacificador	ADJ:1	NOUN:1
pacificar	VERB:1
pacifismo	NOUN:1
pacifista	ADJ:1
pack	NOUN:3
package	NOUN:1
packaging	NOUN:1
paco	ADJ:1	NOUN:4	PROPN:1
pacos	NOUN:1
pacotilla	NOUN:4
pactar	VERB:2
pacto	NOUN:2
pacíficamente	ADV:1
pacífico	ADJ:1	PROPN:1
pad	NOUN:1
paddock	NOUN:1
padecer	VERB:1
padecimiento	NOUN:1
padilla	PROPN:2	NOUN:1
padrastro	NOUN:2
padre	NOUN:3	ADJ:2	PRON:1
padrenuestro	NOUN:1
padrinazgo	NOUN:1
padrino	NOUN:3
padrote	NOUN:3
padrón	NOUN:6
padua	PROPN:3
paella	NOUN:1
paf	INTJ:1
pagador	ADJ:1	NOUN:1
pagafantas	NOUN:1
paganismo	NOUN:1
pagano	ADJ:1
pagar	VERB:2
pagarla	VERB:1
pagarlas	VERB:1
pagaré	NOUN:1
page	NOUN:1
paginación	NOUN:1
pago	NOUN:2
pagoda	NOUN:1
pagué	NOUN:1
pagán	PROPN:1
pai	NOUN:1
paila	NOUN:5
paine	PROPN:1
paintball	NOUN:1
paipa	PROPN:1
paisa	NOUN:6
paisaje	NOUN:2
paisajismo	NOUN:2
paisajista	NOUN:1
paisajístico	ADJ:1
paisano	NOUN:3
paita	PROPN:2
paja	NOUN:8
pajar	NOUN:1
pajarera	NOUN:2
pajares	PROPN:1
pajarita	NOUN:2
pajarito	NOUN:4	PROPN:2
pajaritos	NOUN:1
pajarraco	NOUN:1
paje	NOUN:2
pajero	NOUN:7	ADJ:1
pajilla	NOUN:2
pajita	NOUN:1
pajizo	ADJ:2
paki	NOUN:2
pakistaní	ADJ:1
pakistán	PROPN:1
pal	NOUN:1
pala	NOUN:7
palabra	NOUN:3
palabrería	NOUN:1
palabrota	NOUN:1
palacete	NOUN:1
palaciego	ADJ:1	NOUN:1
palacio	NOUN:2
palada	NOUN:2
paladar	NOUN:2
paladino	NOUN:1	ADJ:1
paladio	NOUN:1
paladín	NOUN:2
palafox	PROPN:1
palanca	NOUN:6
palangana	NOUN:1
palatal	ADJ:1
palatinado	NOUN:1
palatino	ADJ:2
palawan	NOUN:1
palazo	NOUN:1
palazzo	NOUN:1
palco	NOUN:1
palear	VERB:1
palena	PROPN:5
palencia	PROPN:2
palenque	NOUN:7	PROPN:1
palentino	ADJ:1	NOUN:1
paleografía	NOUN:1
paleolítico	ADJ:1	PROPN:1
paleontología	NOUN:1
paleontológico	ADJ:1
paleontólogo	NOUN:1
paleozoico	ADJ:1
palermo	PROPN:3	ADJ:1	NOUN:1
palero	NOUN:4
palestina	PROPN:4
palestino	ADJ:1	NOUN:3
palestra	NOUN:1
paleta	NOUN:5
paleto	ADJ:1	NOUN:1
pali	ADJ:1
paliar	VERB:1
paliativo	ADJ:1
palidez	NOUN:1
palillo	NOUN:7
palimpsesto	NOUN:1
palio	NOUN:1
palito	NOUN:4
paliza	NOUN:2
pallares	PROPN:1
palma	NOUN:4	PROPN:2
palmada	NOUN:2
palmar	ADJ:2	NOUN:1	VERB:2
palmarés	NOUN:1
palmera	NOUN:2
palmeral	NOUN:1
palmero	NOUN:3	ADJ:1
palmira	PROPN:2
palmito	NOUN:1	PROPN:1
palmo	NOUN:3
palo	NOUN:8
paloma	NOUN:3	ADJ:2	PROPN:1
palomar	NOUN:1	PROPN:1
palomera	PROPN:1
palomero	NOUN:1
palomino	NOUN:4	PROPN:1
palomita	NOUN:5
palomo	NOUN:2
palosanto	NOUN:8
palpable	ADJ:1
palpación	NOUN:1
palpar	VERB:2
palpitante	ADJ:1
palpitar	VERB:1
palta	NOUN:3	ADJ:1
paludismo	NOUN:1
palurdo	ADJ:1	NOUN:1
pame	ADJ:1
pamela	PROPN:1	NOUN:1
pamir	PROPN:1
pampa	NOUN:2
pampeano	ADJ:1	NOUN:1
pampero	ADJ:1	NOUN:3
pamplinas	INTJ:1
pamplona	PROPN:1
pan	NOUN:3
pana	NOUN:5
panacea	NOUN:1
panadero	NOUN:1	PROPN:1
panadería	NOUN:1
panal	NOUN:1
panamericano	ADJ:1
panameñista	ADJ:1	NOUN:1
panameño	ADJ:1	PROPN:1
panamá	PROPN:2	NOUN:1
panay	PROPN:1
pancarta	NOUN:1
panceta	NOUN:1
panchito	NOUN:2
pancho	ADJ:2	NOUN:4	PROPN:1
pancita	NOUN:1
pancracio	NOUN:1	PROPN:1
pancreatitis	NOUN:1
pancreático	ADJ:1
panda	NOUN:2
pandemia	NOUN:1
pandereta	NOUN:2
panderetas	NOUN:1
pandero	NOUN:2
pandilla	NOUN:1
pandillero	NOUN:1
pando	ADJ:4	NOUN:1	PROPN:1
pandora	PROPN:1
panegírico	ADJ:1
panel	NOUN:2
panela	NOUN:2
panelista	NOUN:1
panera	NOUN:2
panero	NOUN:2	ADJ:1
panfleto	NOUN:1
panga	NOUN:3
pangea	PROPN:1
panguipulli	PROPN:2
panhispánico	ADJ:1
paniagua	PROPN:1
panismo	NOUN:1
panista	ADJ:1	NOUN:1
panocha	NOUN:6
panoplia	NOUN:3
panorama	NOUN:3
panorámico	ADJ:1
panqueque	NOUN:1
pansa	NOUN:1
pansexual	ADJ:1
pantaletas	NOUN:1
pantaleón	PROPN:2
pantalla	NOUN:5
pantallazo	NOUN:1
pantalón	NOUN:1
pantanal	NOUN:1
pantano	NOUN:3
pantanoso	ADJ:2
pantera	NOUN:1
panteísmo	NOUN:1
panteón	NOUN:3	PROPN:1
pantoja	PROPN:1
pantomima	NOUN:1
pantorrilla	NOUN:1
pants	NOUN:2
pantufla	NOUN:1
panty	NOUN:1
panza	NOUN:3
panzer	NOUN:1
panzón	ADJ:1
panóptico	ADJ:1	NOUN:1
paola	PROPN:1
papa	NOUN:6	PROPN:1
papada	NOUN:2
papado	NOUN:1
papagayo	NOUN:8
papal	ADJ:1
papalote	NOUN:1
papanatas	NOUN:1
paparazzi	NOUN:1
papaya	NOUN:3	ADJ:1
pape	NOUN:1
papel	NOUN:2
papeleo	NOUN:1
papelera	NOUN:3
papelería	NOUN:2
papeleta	NOUN:6
papelito	NOUN:1
papelón	NOUN:3
paper	NOUN:1
paperas	NOUN:1
papi	NOUN:3
papilar	ADJ:1
papilla	NOUN:1
papiloma	NOUN:1
papiro	NOUN:3
papista	NOUN:2
papita	NOUN:2
papo	NOUN:2	ADJ:1
paprika	NOUN:1
papu	NOUN:1
papus	NOUN:1
papá	NOUN:3
papúa	PROPN:1
paquete	NOUN:5
paquetería	NOUN:2
paqui	ADJ:1	PROPN:1
paquistaní	ADJ:1
paquistán	PROPN:1
paquita	PROPN:1
paquito	PROPN:1
par	ADJ:1	NOUN:6
para	ADP:7	NOUN:1
parabrisas	NOUN:1
parabólico	ADJ:1
paracaidismo	NOUN:2
paracaidista	NOUN:3
paracas	PROPN:1
paracaídas	NOUN:1
paracelso	PROPN:1
paracetamol	NOUN:1
parachoques	NOUN:3
parada	NOUN:3	PROPN:1
paradero	NOUN:2
paradigma	NOUN:1
paradigmático	ADJ:1
paradisíaco	ADJ:1
parado	ADJ:6	NOUN:1
paradoja	NOUN:1
parador	NOUN:3
paradójicamente	ADV:1
paradójico	ADJ:1
paraestatal	ADJ:1	NOUN:1
parafernalia	NOUN:1
parafilia	NOUN:1
parafina	NOUN:1
parafrasear	VERB:1
paragolpes	NOUN:1
paragua	NOUN:1
paraguay	PROPN:2	NOUN:1
paraguaya	NOUN:2
paraguayo	ADJ:2	NOUN:2
paraje	NOUN:2
paralaje	NOUN:1
paralelamente	ADV:1
paralelismo	NOUN:1
paralelo	ADJ:1
paralelogramo	NOUN:1
paralización	NOUN:2
paralizante	ADJ:1
paralizar	VERB:1
paralímpico	ADJ:1	NOUN:1
paralítico	ADJ:2
paramento	NOUN:1
paramilitar	ADJ:1	NOUN:1
paramilitarismo	NOUN:1
paramédico	NOUN:1
paranaense	ADJ:1	NOUN:1
parangón	NOUN:1
paraninfo	NOUN:3
paranoia	NOUN:1
paranoico	ADJ:1	NOUN:1
paranoide	ADJ:1
paranormal	ADJ:1
paraná	PROPN:4
parao	NOUN:1
parapente	NOUN:2
parapeto	NOUN:1
parapléjico	ADJ:1
parapolítica	NOUN:1
parapsicología	NOUN:1
parar	VERB:8
pararrayos	NOUN:1
parasitario	ADJ:1
parasitismo	NOUN:1
parasitología	NOUN:1
parasitosis	NOUN:1
parasol	NOUN:4
parate	NOUN:1
paraíso	NOUN:2
parca	NOUN:2	PROPN:1
parce	NOUN:2
parcela	NOUN:2
parcelación	NOUN:1
parcero	NOUN:1
parche	NOUN:7
parchís	NOUN:1
parcial	ADJ:3	NOUN:1
parcialidad	NOUN:2
parcialmente	ADV:1
parco	ADJ:1
pardillo	NOUN:2	ADJ:1
pardo	ADJ:4	NOUN:1	PROPN:1
pare	NOUN:2
pareado	NOUN:1
parecer	VERB:6	NOUN:2
parecido	ADJ:1	NOUN:1
pared	NOUN:1
paredón	NOUN:2
pareja	NOUN:2	PROPN:1
parejo	ADJ:2
parental	ADJ:1
parentela	NOUN:1
parenteral	ADJ:1
parentesco	NOUN:1
pareo	NOUN:1
pargo	NOUN:2
parida	NOUN:3
paridad	NOUN:1
parienta	NOUN:1
pariente	NOUN:2
parietal	ADJ:1	NOUN:1
parinacota	PROPN:1
pario	ADJ:1
paripé	NOUN:2
parir	VERB:3
paris	PROPN:1
parisiense	ADJ:1
parisino	ADJ:1
paritario	ADJ:1
parka	NOUN:1
parking	NOUN:1
parkour	NOUN:1
parla	NOUN:1	PROPN:1
parlament	PROPN:1
parlamentar	VERB:1
parlamentario	ADJ:1	NOUN:1
parlamentarismo	NOUN:1
parlamento	NOUN:3
parlanchín	ADJ:2
parlante	NOUN:2	ADJ:2
parloteo	NOUN:1
parmesano	ADJ:1	NOUN:1
parménides	PROPN:1
parnaso	PROPN:1	NOUN:2
paro	NOUN:6
parodi	PROPN:1
parodia	NOUN:2
parodiar	VERB:1
parole	NOUN:1
paroxismo	NOUN:2
parpadear	VERB:2
parpadeo	NOUN:2
parque	NOUN:3
parqueadero	NOUN:1
parqueo	NOUN:1
parquet	NOUN:1
parqué	NOUN:2
parra	NOUN:1	PROPN:1
parrafada	NOUN:3
parral	NOUN:1	PROPN:2
parranda	NOUN:3
parricidio	NOUN:1
parrilla	NOUN:7
parrillada	NOUN:1
parrillero	NOUN:2
parroquia	NOUN:1
parroquial	ADJ:1
parsimonia	NOUN:3
parte	NOUN:8
parteaguas	NOUN:2
partenón	PROPN:1
parterre	NOUN:1
partia	PROPN:2
participación	NOUN:1
participante	ADJ:1	NOUN:1
participar	VERB:1
participativo	ADJ:1
participio	NOUN:1
partición	NOUN:1
particulado	ADJ:1
particular	ADJ:4	NOUN:1
particularidad	NOUN:1
particularmente	ADV:1
partida	NOUN:4
partidario	ADJ:1	NOUN:1
partidazo	NOUN:2
partidismo	NOUN:2
partidista	ADJ:1
partido	ADJ:4	NOUN:4
partidocracia	NOUN:1
partir	VERB:5
partisano	NOUN:1
partitura	NOUN:1
parto	NOUN:2	ADJ:1
party	NOUN:1
partícipe	ADJ:1	NOUN:1
partícula	NOUN:1
parva	NOUN:2
parvulario	NOUN:3
parábola	NOUN:2
paráfrasis	NOUN:2
parágrafo	NOUN:2
parálisis	NOUN:1
parámetro	NOUN:1
parásito	ADJ:1	NOUN:1
paré	ADJ:1
parénquima	NOUN:1
paréntesis	NOUN:2
parís	PROPN:3
paródico	ADJ:1
parón	NOUN:1
pasable	ADJ:1
pasacalle	NOUN:1
pasacalles	NOUN:1
pasadizo	NOUN:2
pasado	ADJ:3	NOUN:1
pasador	NOUN:8
pasaje	NOUN:6
pasajero	ADJ:1	NOUN:1
pasamanos	NOUN:3
pasamontañas	NOUN:2
pasante	NOUN:3	ADJ:1
pasantía	NOUN:1
pasapalabra	INTJ:1
pasaporte	NOUN:1
pasar	VERB:8
pasarela	NOUN:3
pasarlo	VERB:1
pasatiempo	NOUN:1
pascal	NOUN:1
pasco	PROPN:2
pascua	NOUN:3
pascual	PROPN:2	ADJ:1
pascuala	PROPN:1
paseador	NOUN:1
paseante	ADJ:1
pasear	VERB:7
paseo	NOUN:8
pasible	ADJ:2
pasillo	NOUN:3
pasional	ADJ:1
pasionaria	NOUN:1
pasito	NOUN:1
pasivamente	ADV:1
pasividad	NOUN:1
pasivo	ADJ:2	NOUN:1
pasión	NOUN:2	PROPN:2
pasma	NOUN:2
pasmado	ADJ:4
pasmo	NOUN:1
paso	NOUN:7	ADJ:1
pasodoble	NOUN:1
pasquín	NOUN:2
password	NOUN:1
pasta	NOUN:4
pastar	VERB:1
pastaza	PROPN:1
paste	NOUN:2
pastel	NOUN:3
pastelero	NOUN:1	ADJ:1
pastelería	NOUN:2
pastelito	NOUN:1
pasteurización	NOUN:1
pastiche	NOUN:1
pastilla	NOUN:5
pastis	NOUN:1
pastizal	NOUN:2
pasto	NOUN:4
pastor	NOUN:3	PROPN:1
pastora	NOUN:1
pastoral	ADJ:1
pastorear	VERB:1
pastoreo	NOUN:2
pastoril	ADJ:1
pastoso	ADJ:1
pastrana	PROPN:2
pastura	NOUN:1
pastón	NOUN:1
pastún	ADJ:1	NOUN:2
pata	NOUN:7
patada	NOUN:3
patagones	PROPN:1
patagonia	PROPN:1
patagónico	ADJ:1
patalear	VERB:1
pataleo	NOUN:1
pataleta	NOUN:1
patata	NOUN:2	INTJ:1
patchwork	NOUN:1
pateador	ADJ:1	NOUN:1
patear	VERB:4
patena	NOUN:1
patentado	NOUN:1
patentar	VERB:1
patente	ADJ:3	NOUN:3
pateo	NOUN:1
patera	NOUN:1
paternal	ADJ:1
paternalismo	NOUN:1
paternalista	ADJ:1	NOUN:1
paternidad	NOUN:1
paterno	ADJ:2
patetismo	NOUN:1
pathos	NOUN:1
pati	PROPN:1
patilla	NOUN:3
patinador	ADJ:1	NOUN:1
patinaje	NOUN:1
patinar	VERB:3
patinazo	NOUN:2
patineta	NOUN:2
patinete	NOUN:1
patio	NOUN:4
patito	NOUN:1
patiño	PROPN:1
pato	NOUN:3	PROPN:1
patogenia	NOUN:1
patología	NOUN:1
patológico	ADJ:1
patota	NOUN:1
patraña	NOUN:2
patri	PROPN:1
patria	NOUN:1
patriarca	NOUN:1
patriarcado	NOUN:2
patriarcal	ADJ:1
patricia	PROPN:1	NOUN:1
patricio	ADJ:1	PROPN:1
patrimonial	ADJ:3
patrimonio	NOUN:3	PROPN:1
patrio	ADJ:2
patriota	ADJ:1	NOUN:1
patrioterismo	NOUN:1
patriotismo	NOUN:1
patriótico	ADJ:1
patrocinador	NOUN:1
patrocinante	NOUN:1
patrocinar	VERB:1
patrocinio	NOUN:1
patroclo	PROPN:1
patronal	ADJ:5	NOUN:2
patronato	NOUN:1
patronazgo	NOUN:2
patrono	NOUN:5
patronímico	ADJ:1
patrulla	NOUN:1
patrullaje	NOUN:1
patrullar	VERB:1
patrullera	NOUN:1
patrullero	ADJ:1	NOUN:2
patrón	NOUN:4	PROPN:1
patán	NOUN:1
paté	NOUN:1
patéticamente	ADV:1
patético	ADJ:2
patíbulo	NOUN:1
patín	NOUN:4
patógeno	ADJ:1	NOUN:1
patólogo	NOUN:1
patón	ADJ:1
paula	PROPN:1
paulatinamente	ADV:1
paulatino	ADJ:1
paulette	PROPN:1
paulina	PROPN:1
paulino	PROPN:1	ADJ:1
paulista	NOUN:1
paulo	PROPN:1
pausa	NOUN:1
pausadamente	ADV:1
pausado	ADJ:1
pausar	VERB:1
pauta	NOUN:3
pautar	VERB:3
pava	NOUN:3
pavada	NOUN:3
pavimentación	NOUN:1
pavimentado	NOUN:1
pavimentar	VERB:1
pavimento	NOUN:2
pavo	NOUN:5
pavor	NOUN:1
pavoroso	ADJ:1
pavía	PROPN:2	NOUN:1
pavón	NOUN:2
pax	NOUN:1
pay	NOUN:2
paya	PROPN:1
payador	NOUN:1
payasada	NOUN:1
payaso	ADJ:1	NOUN:1
payo	ADJ:2	NOUN:1
paypal	PROPN:1	NOUN:1
paysandú	PROPN:2
payá	PROPN:1
payés	ADJ:1	NOUN:1
paz	NOUN:2	PROPN:3
pazmiño	PROPN:1
pazo	NOUN:1
país	NOUN:2
pañal	NOUN:1
paño	NOUN:3
pañoleta	NOUN:1
pañuelo	NOUN:4
paúl	NOUN:1
pbi	NOUN:1
pc	NOUN:1
pca	PROPN:1
pce	PROPN:1
pcus	PROPN:1
pd	NOUN:1
pdc	NOUN:1
pdf	NOUN:1
pdi	NOUN:1
pdv	NOUN:1
pea	NOUN:1
peaje	NOUN:1
peana	NOUN:1
pear	VERB:1
peatonal	ADJ:1
peatón	NOUN:1
pebete	NOUN:3
pebetero	NOUN:1
pebre	NOUN:2
peca	NOUN:1
pecado	NOUN:1
pecador	ADJ:1	NOUN:1
pecaminoso	ADJ:1
pecar	VERB:1
pecera	NOUN:2
peces	PROPN:1
pecha	NOUN:1
pechera	NOUN:2
pechito	NOUN:1
pecho	NOUN:5
pechuga	NOUN:3
pecio	NOUN:2
peciolo	NOUN:1
pecoso	ADJ:1
pectina	NOUN:1
pectoral	ADJ:1
pecuario	ADJ:1
peculado	NOUN:1
peculiar	ADJ:1
peculiaridad	NOUN:2
pecíolo	NOUN:1
peda	NOUN:1
pedacito	NOUN:2
pedagogo	NOUN:2
pedagogía	NOUN:1
pedagógico	ADJ:1
pedal	NOUN:2
pedalear	VERB:1
pedaleo	NOUN:1
pedante	ADJ:1	NOUN:1
pedantería	NOUN:1
pedanía	NOUN:1
pedazo	NOUN:6
peder	VERB:1
pederasta	NOUN:2
pederastia	NOUN:2
pedernal	NOUN:1
pedestal	NOUN:2
pedestre	ADJ:1
pediatra	NOUN:1
pediatría	NOUN:1
pedicelo	NOUN:1
pedicura	NOUN:1
pedida	NOUN:1
pedigree	NOUN:1
pedigrí	NOUN:1
pedimento	NOUN:1
pedir	VERB:6
pediátrico	ADJ:1
pedo	NOUN:5	ADJ:1
pedofilia	NOUN:1
pedorro	ADJ:2	NOUN:2
pedrada	NOUN:2
pedraza	PROPN:1
pedregal	NOUN:2
pedregoso	ADJ:1
pedrera	NOUN:1
pedrero	NOUN:3
pedrería	NOUN:1
pedro	PROPN:2
pedrosa	PROPN:1
pedroso	ADJ:1
pedófilo	ADJ:1	NOUN:1
pedúnculo	NOUN:2
peeling	NOUN:1
peer	VERB:1
pega	NOUN:6
pegadizo	ADJ:3
pegado	ADJ:5
pegajosa	NOUN:1
pegajoso	ADJ:3
pegamento	NOUN:2
pegar	VERB:8
pegarse	VERB:4
pegaso	PROPN:1
pegatina	NOUN:1
pegote	NOUN:3
peinado	NOUN:1
peinar	VERB:3
peine	NOUN:1
peineta	NOUN:3
peje	NOUN:1	PROPN:1
pejelagarto	NOUN:1
pejerrey	NOUN:1
pekín	PROPN:1
pela	NOUN:2
pelada	NOUN:1
pelado	ADJ:6	NOUN:2
pelagatos	NOUN:1
pelaje	NOUN:1
pelao	ADJ:8
pelar	VERB:8
pelayo	PROPN:1
peldaño	NOUN:2
pelea	NOUN:4
peleada	NOUN:1
peleador	ADJ:2
pelear	VERB:6
pelele	NOUN:4
peletería	NOUN:2
peleón	ADJ:1	NOUN:1
peli	NOUN:3
peliagudo	ADJ:1
peliculón	NOUN:1
peligrar	VERB:1
peligro	NOUN:1
peligrosamente	ADV:1
peligrosidad	NOUN:1
peligroso	ADJ:1
pelin	PROPN:1
pelirrojo	ADJ:1	NOUN:1
pella	NOUN:1
pellegrini	PROPN:2
pellejo	NOUN:3
pellizcar	VERB:1
pellizco	NOUN:2
pelo	NOUN:3
pelona	NOUN:1
peloponeso	PROPN:1
pelota	NOUN:4
pelotas	NOUN:1
pelotazo	NOUN:3
peloteo	NOUN:5
pelotero	NOUN:1
pelotudear	VERB:1
pelotudez	NOUN:1
pelotudo	ADJ:1	NOUN:2
pelotón	NOUN:3
pelu	NOUN:1
peluca	NOUN:1
peluche	NOUN:6	ADJ:2
pelucón	NOUN:1
peludo	ADJ:3	NOUN:2
peluquero	NOUN:1
peluquería	NOUN:1
peluquín	NOUN:1
pelusa	NOUN:4
pelvis	NOUN:1
peláez	PROPN:1
pelícano	NOUN:2
película	NOUN:3
pelín	NOUN:1
pelón	ADJ:4	NOUN:4
pemón	ADJ:1
pen	NOUN:1
pena	NOUN:6
penacho	NOUN:2
penado	ADJ:1	NOUN:2
penal	ADJ:1	NOUN:2
penalidad	NOUN:1
penalista	NOUN:1
penalización	NOUN:1
penalizar	VERB:1
penalmente	ADV:1
penalti	NOUN:2
penalty	NOUN:2
penar	VERB:2
penca	ADJ:1	NOUN:7
penco	NOUN:4
pend	NOUN:1
pendejada	NOUN:2
pendejez	NOUN:1
pendejo	NOUN:4	ADJ:4
pendenciero	ADJ:1	NOUN:1
pender	VERB:2
pendiente	ADJ:3	NOUN:4
pendrive	NOUN:1
pendular	ADJ:2
pendón	NOUN:2	ADJ:2
pene	NOUN:2
penetración	NOUN:1
penetrante	ADJ:5
penetrar	VERB:1
penicilina	NOUN:1
peninsular	ADJ:1	NOUN:2
penique	NOUN:1
penitencia	NOUN:1
penitencial	ADJ:1
penitenciario	ADJ:1
penitenciaría	NOUN:2
penitente	NOUN:1
penonomé	PROPN:1
penosamente	ADV:2
penoso	ADJ:4
pensador	ADJ:1	NOUN:1
pensamiento	NOUN:3
pensante	ADJ:1
pensar	VERB:4
pensativo	ADJ:1
pensilvania	PROPN:1
pensionado	ADJ:1	NOUN:2
pensionista	NOUN:1
pensión	NOUN:3
pentagrama	NOUN:2
pentateuco	PROPN:1
pentecostal	ADJ:1
pentecostés	PROPN:1
penthouse	NOUN:1
pentágono	ADJ:1	NOUN:1	PROPN:1
penumbra	NOUN:3
penuria	NOUN:2
penélope	PROPN:2
península	NOUN:2
penúltimo	ADJ:1
peo	NOUN:5
peonza	NOUN:1
pepa	NOUN:6	PROPN:2
pepe	PROPN:1
pepero	ADJ:1	NOUN:2
pepinillo	NOUN:1
pepino	NOUN:2
pepita	NOUN:2	PROPN:1
pepito	NOUN:1	PROPN:1
peque	NOUN:1
pequeñez	NOUN:3
pequeño	ADJ:1
pera	NOUN:3
peral	NOUN:1
perales	PROPN:1
peralta	PROPN:1
perca	NOUN:2
percal	NOUN:3
percance	NOUN:1
percentil	NOUN:1
percepción	NOUN:1
perceptible	ADJ:1
perceptivo	ADJ:2
percha	NOUN:4
perchero	NOUN:1
percibir	VERB:1
percibo	NOUN:1
percusionista	NOUN:1
percusión	NOUN:1
percutor	NOUN:1
perdedor	ADJ:1	NOUN:1
perder	VERB:6
perdición	NOUN:2
perdidamente	ADV:2
perdiguero	NOUN:1	PROPN:1
perdigón	NOUN:2
perdiz	NOUN:3
perdomo	PROPN:1
perdonar	VERB:1
perdurabilidad	NOUN:1
perdurable	ADJ:1
perdurar	VERB:2
perdón	INTJ:2	NOUN:2
pere	INTJ:1
perecedero	ADJ:1
perecer	VERB:2
pereda	PROPN:1
peregrina	NOUN:1	PROPN:1
peregrinación	NOUN:2
peregrinaje	NOUN:1
peregrinar	VERB:1
peregrino	ADJ:3	NOUN:2
pereira	PROPN:1
perejil	NOUN:1
perenne	ADJ:1
perentorio	ADJ:3
perera	PROPN:1
perestroika	NOUN:1
pereza	NOUN:3
perezoso	ADJ:1	NOUN:2
perfeccionamiento	NOUN:1
perfeccionar	VERB:1
perfeccionismo	NOUN:1
perfeccionista	ADJ:1	NOUN:1
perfección	NOUN:1
perfect	ADJ:1	ADV:1
perfectamente	ADV:1
perfecto	ADJ:1	PROPN:1
perfidia	NOUN:1
perfil	NOUN:3
perfilar	VERB:1
perfomance	NOUN:2
perforación	NOUN:2
perforador	NOUN:1	ADJ:1
perforadora	NOUN:4
perforar	VERB:1
performance	NOUN:2
perfumar	VERB:1
perfume	NOUN:1
perfumería	NOUN:1
perfusión	NOUN:1
pergamino	NOUN:1
pericardio	NOUN:1
pericia	NOUN:2
pericial	ADJ:1
pericles	PROPN:1
perico	NOUN:5	ADJ:1	PROPN:2
pericón	NOUN:3
periferia	NOUN:1
periférico	ADJ:1	NOUN:1
perilla	NOUN:2
perimetral	ADJ:1
perinatal	ADJ:1
perineo	NOUN:1
periné	NOUN:1
periodicidad	NOUN:1
periodismo	NOUN:1
periodista	NOUN:1
periodización	NOUN:1
periodo	NOUN:1
periodontal	ADJ:1
periodontitis	NOUN:1
periodístico	ADJ:1
peripecia	NOUN:3
periplo	NOUN:1
periquito	NOUN:1	ADJ:1	PROPN:1
periscopio	NOUN:1
perita	INTJ:1
peritaje	NOUN:1
perito	ADJ:2
peritoneal	ADJ:1
peritoneo	NOUN:1
peritonitis	NOUN:1
periódicamente	ADV:1
periódico	ADJ:1	NOUN:1
perjudicado	NOUN:1
perjudicar	VERB:2
perjudicial	ADJ:1
perjuicio	NOUN:1
perjurio	NOUN:1
perkin	NOUN:1
perla	NOUN:4	PROPN:2
perlado	ADJ:1
perlita	NOUN:3
permacultura	NOUN:1
permafrost	NOUN:1
permanecer	VERB:1
permanencia	NOUN:4
permanente	ADJ:1	NOUN:2
permanentemente	ADV:1
permanganato	NOUN:1
permeabilidad	NOUN:1
permeable	ADJ:1
permisible	ADJ:1
permisividad	NOUN:1
permisivo	ADJ:1
permiso	NOUN:3
permitir	VERB:3
pernada	NOUN:1
pernambuco	NOUN:1
pernicioso	ADJ:1
pernil	NOUN:5
perno	NOUN:1
pernoctar	VERB:1
pero	CCONJ:3	NOUN:2
perol	NOUN:1
peroncho	ADJ:1	NOUN:1
peronia	PROPN:1
peronismo	NOUN:1
peronista	ADJ:1
peroné	NOUN:1
perorata	NOUN:1
perpendicular	ADJ:1
perpendicularmente	ADV:1
perpetración	NOUN:1
perpetrador	NOUN:1
perpetrar	VERB:1
perpetuación	NOUN:1
perpetuamente	ADV:1
perpetuar	VERB:1
perpetuidad	NOUN:1
perpetuo	ADJ:1
perpiñán	PROPN:2
perplejidad	NOUN:2
perplejo	ADJ:2
perra	NOUN:4
perras	NOUN:1
perredista	ADJ:1	NOUN:1
perreo	NOUN:1
perrera	NOUN:3
perrito	NOUN:5
perro	NOUN:4	ADJ:3
perroflauta	NOUN:2
perruno	ADJ:2
persa	ADJ:1	NOUN:2
persecución	NOUN:3
perseguidor	NOUN:1
perseguir	VERB:1
perseo	PROPN:1
perseverancia	NOUN:1
perseverante	ADJ:1
perseverar	VERB:1
persia	PROPN:1
persiana	NOUN:2
persistencia	NOUN:1
persistente	ADJ:1
persistentemente	ADV:1
persistir	VERB:2
persona	NOUN:4
personaje	NOUN:4
personal	ADJ:1	NOUN:2
personalidad	NOUN:1
personalismo	NOUN:1
personalista	NOUN:1
personalizable	ADJ:2
personalización	NOUN:1
personalizado	ADJ:1
personalizar	VERB:1
personalmente	ADV:1
personarse	VERB:1
personero	NOUN:1
personería	NOUN:1
personificación	NOUN:1
personificar	VERB:1
perspectiva	NOUN:2
perspicacia	NOUN:1
perspicaz	ADJ:2
persuadir	VERB:1
persuasivo	ADJ:1
persuasión	NOUN:3
perséfone	PROPN:1
persépolis	PROPN:1
pertenecer	VERB:2
perteneciente	ADJ:1
pertenencia	NOUN:2
perth	PROPN:1
pertinaz	ADJ:2
pertinencia	NOUN:2
pertinente	ADJ:3
pertrechos	NOUN:1
perturbación	NOUN:4
perturbado	ADJ:1
perturbador	ADJ:4	NOUN:2
perturbar	VERB:1
peruano	ADJ:1	NOUN:1
perversamente	ADV:1
perversidad	NOUN:1
perversión	NOUN:1
perverso	ADJ:3
pervertir	VERB:1
pervivencia	NOUN:1
perífrasis	NOUN:1
perímetro	NOUN:2
período	NOUN:2
perón	PROPN:1
peróxido	NOUN:1
perú	PROPN:1
pesadamente	ADV:2
pesadez	NOUN:4
pesadilla	NOUN:2
pesado	ADJ:6	NOUN:1
pesadumbre	NOUN:3
pesaje	NOUN:2
pesar	VERB:5	NOUN:1
pesas	NOUN:1
pesca	NOUN:1
pescadero	NOUN:1
pescadería	NOUN:2
pescadilla	NOUN:3
pescado	NOUN:2
pescador	ADJ:1	NOUN:1
pescar	VERB:7
pescuezo	NOUN:2
pesebre	NOUN:3
peseta	NOUN:1
pesimismo	NOUN:1
pesimista	ADJ:1	NOUN:1
peso	NOUN:7
pesquero	ADJ:2	NOUN:1
pesquería	NOUN:2
pesquisa	NOUN:2
pestaña	NOUN:3
pestañear	VERB:2
pestañeo	NOUN:2
peste	NOUN:3
pesticida	ADJ:1	NOUN:1
pestilencia	NOUN:1
pestilente	ADJ:1
pestillo	NOUN:2
pesto	NOUN:1
pet	NOUN:1
peta	NOUN:2
petaca	NOUN:6
petanca	NOUN:1
petar	VERB:8
petardo	NOUN:7
petate	NOUN:3
pete	NOUN:3
peticionario	NOUN:1
petición	NOUN:1
petirrojo	NOUN:1
petiso	ADJ:2	NOUN:3
petitorio	ADJ:1
peto	NOUN:7
petorca	PROPN:3
petra	NOUN:1
petrarca	PROPN:1
petro	PROPN:1	NOUN:1
petrolero	ADJ:1	NOUN:1
petrolífero	ADJ:1
petrona	PROPN:1
petronila	PROPN:1
petroquímica	NOUN:1
petroquímico	ADJ:1	NOUN:1
petróleo	NOUN:1
petulante	ADJ:1	NOUN:1
petunia	NOUN:1
petén	PROPN:1
peuco	NOUN:1
peyorativamente	ADV:1
peyorativo	ADJ:1	NOUN:1
peyote	NOUN:1
pez	NOUN:3
pezuña	NOUN:1
pezón	NOUN:1
peña	NOUN:5	PROPN:1
peñafiel	PROPN:2
peñaflor	PROPN:1
peñalosa	PROPN:2
peñaloza	PROPN:1
peñaranda	PROPN:1
peñasco	NOUN:1
peñíscola	PROPN:1
peñón	NOUN:1
peón	NOUN:7
phishing	NOUN:1
phoenix	PROPN:1
photoshop	NOUN:1
pi	NOUN:1
piadoso	ADJ:2
piamonte	PROPN:1
pianista	NOUN:1
piano	NOUN:1
piar	VERB:1
piara	NOUN:1
pib	X:1
piba	NOUN:2
pibe	NOUN:3
pica	NOUN:5	PROPN:1
picacho	NOUN:1
picada	NOUN:5
picadero	NOUN:2
picadillo	NOUN:2
picado	ADJ:4
picador	NOUN:3
picadora	NOUN:2
picadura	NOUN:2
picaflor	NOUN:2
picana	NOUN:1
picante	ADJ:2	NOUN:2
picaporte	NOUN:2
picar	VERB:8
picardia	NOUN:1
picardía	NOUN:3	PROPN:1
picas	NOUN:1
picasso	PROPN:2
picazo	NOUN:2
picazón	NOUN:2
piccolo	NOUN:1
picha	NOUN:5
piche	NOUN:1	ADJ:1
pichi	NOUN:4
pichichi	NOUN:1
pichilemu	PROPN:2
pichincha	PROPN:1	NOUN:1
pichula	NOUN:1
pichón	NOUN:4
pickles	NOUN:1
pickup	NOUN:1
picnic	NOUN:1
pico	NOUN:8
picor	NOUN:2
picota	NOUN:3	PROPN:1
picotear	VERB:2
picoteo	NOUN:3
pictórico	ADJ:1
picudo	ADJ:5	NOUN:1
picó	NOUN:1
picón	ADJ:5	NOUN:1
pidgin	NOUN:1
pie	NOUN:7
piedad	NOUN:3	PROPN:1
piedemonte	NOUN:1
piedra	NOUN:5	PROPN:1
piel	NOUN:2
piercing	NOUN:1
pierna	NOUN:1
piero	PROPN:1
pieza	NOUN:3
pifia	NOUN:2
pigmentación	NOUN:1
pigmento	NOUN:1
pigmeo	ADJ:1
pija	NOUN:1
pijama	NOUN:1
pijamada	NOUN:1
pijo	ADJ:1	NOUN:2
pila	NOUN:6
pilar	NOUN:2	VERB:1	PROPN:2
pilates	NOUN:1
pilato	PROPN:1
pileta	NOUN:2
pili	PROPN:1
pilla	NOUN:1
pillada	NOUN:2
pillaje	NOUN:1
pillar	VERB:8
pillo	ADJ:3	NOUN:1
pilo	NOUN:1
piloncillo	NOUN:1
piloso	ADJ:2
pilotaje	NOUN:1
pilotar	VERB:1
pilote	NOUN:1
pilotear	VERB:1
piloto	NOUN:3
pilsen	NOUN:1
piltrafa	NOUN:5
pilón	NOUN:6	PROPN:1
pima	ADJ:1
pimentel	PROPN:1
pimentero	NOUN:1
pimentón	NOUN:4
pimienta	NOUN:1
pimiento	NOUN:2
pimpinela	NOUN:2
pimpollo	NOUN:6
pin	NOUN:3
pina	NOUN:1	PROPN:1
pinacoteca	NOUN:1
pinar	NOUN:1
pinball	NOUN:1
pincel	NOUN:1
pincelada	NOUN:1
pincha	NOUN:1
pinchada	NOUN:2
pinchado	ADJ:2	NOUN:2
pinchar	VERB:8
pinchazo	NOUN:4
pinche	ADJ:2	ADV:1	NOUN:4
pincho	NOUN:8
pindo	PROPN:1
pineal	ADJ:1
pineda	PROPN:1
pinedo	PROPN:1
ping	NOUN:1
pinga	NOUN:1
pingüino	NOUN:3
pini	PROPN:1
pinillos	PROPN:1
pino	NOUN:2
pinochet	PROPN:1
pinochetista	NOUN:1	ADJ:1
pinocho	PROPN:1
pinta	NOUN:5
pintalabios	NOUN:1
pintar	VERB:8
pinto	ADJ:4	PROPN:2
pintor	NOUN:2
pintoresco	ADJ:2
pintura	NOUN:3
pinza	NOUN:8
pinzón	NOUN:1
pináculo	NOUN:2
piojo	NOUN:1
piojoso	ADJ:1
piola	NOUN:4	ADJ:4
piolín	NOUN:1
pionero	ADJ:1	NOUN:1
pipa	NOUN:7	ADV:1
pipe	NOUN:1	PROPN:1
pipeta	NOUN:2
pipi	NOUN:1
pipo	NOUN:1
pipí	NOUN:1
pique	NOUN:8
piqueta	NOUN:3
piquete	NOUN:6
piquetero	NOUN:1
piqué	NOUN:1
pira	NOUN:2
pirado	ADJ:1
piragua	NOUN:2
piragüismo	NOUN:1
piramidal	ADJ:2	NOUN:1
pirata	NOUN:3	ADJ:1
pirateado	ADJ:1
piratear	VERB:2
pirateo	NOUN:1
piratería	NOUN:1
piraña	NOUN:1
pirenaico	ADJ:1
pireo	PROPN:1
pirineo	ADJ:1
pirineos	PROPN:1
pirita	NOUN:1
piro	NOUN:1
piropo	NOUN:3
pirotecnia	NOUN:3
pirotécnico	ADJ:1	NOUN:1
pirro	PROPN:1
pirueta	NOUN:2
piruleta	NOUN:1
pirulo	NOUN:5	ADJ:1
pirámide	NOUN:1
pirómano	NOUN:2
pis	NOUN:1
pisa	NOUN:3	PROPN:1
pisada	NOUN:1
pisado	ADJ:1
pisagua	PROPN:2
pisano	ADJ:1
pisapapeles	NOUN:1
pisar	VERB:3
piscicultura	NOUN:1
piscina	NOUN:3
piscis	ADJ:1	PROPN:2
pisco	NOUN:2	PROPN:2
pisito	NOUN:1
piso	NOUN:8
pisotear	VERB:1
pisotón	NOUN:1
pista	NOUN:6
pistacho	NOUN:1
pistear	VERB:3
pistilo	NOUN:1
pisto	NOUN:3
pistola	NOUN:2
pistolero	NOUN:2
pistoletazo	NOUN:1
pistón	NOUN:1
pisuerga	PROPN:1
pisón	NOUN:1
pita	NOUN:4
pital	PROPN:1
pitalito	PROPN:1
pitar	VERB:2
pitazo	NOUN:1
pitbull	NOUN:1
pitcheo	NOUN:1
pitcher	NOUN:1
piti	NOUN:1
pitido	NOUN:2
pitillo	NOUN:4
pito	NOUN:8
pitonisa	NOUN:3
pitufo	NOUN:5
pitágoras	PROPN:1
pitón	NOUN:3
piu	INTJ:1
piura	PROPN:3
pivot	NOUN:1
pivote	NOUN:5
pixel	NOUN:1
piyama	NOUN:1
pizarra	NOUN:5
pizarro	PROPN:1
pizarrón	NOUN:1
pizca	NOUN:2
pizza	NOUN:1
pizzero	NOUN:1
pizzería	NOUN:1
pié	NOUN:7
piérdete	INTJ:1
piña	NOUN:7	PROPN:1
piñata	NOUN:1
piñera	PROPN:1	NOUN:1
piñero	PROPN:1
piñón	NOUN:5	PROPN:1
placa	NOUN:7
placebo	NOUN:1
placenta	NOUN:1
placentero	ADJ:1
placer	VERB:2	NOUN:3
placetas	PROPN:1
plaga	NOUN:2
plagiar	VERB:2
plagio	NOUN:2
plaguicida	NOUN:1
plan	NOUN:4
plancha	NOUN:8
planchado	ADJ:3	NOUN:1
planchar	VERB:5
plancton	NOUN:1
planeación	NOUN:1
planeado	ADJ:1
planeador	NOUN:2
planeamiento	NOUN:1
planear	VERB:2
planeo	NOUN:1
planeta	NOUN:1
planetario	ADJ:1	NOUN:1
planicie	NOUN:1
planificación	NOUN:1
planificador	NOUN:1
planificar	VERB:1
planilla	NOUN:4
planimetría	NOUN:1
plano	ADJ:2	NOUN:5
planta	NOUN:5
plantación	NOUN:1
plantar	VERB:7	ADJ:1
plante	NOUN:1
planteamiento	NOUN:2
plantear	VERB:5
plantel	NOUN:3
planteo	NOUN:2
plantilla	NOUN:5
plantío	NOUN:2
plantón	NOUN:2
plaqueta	NOUN:1
plaquita	NOUN:1
plas	INTJ:2
plasencia	PROPN:1
plasma	NOUN:1
plasmación	NOUN:1
plasmar	VERB:2
plasmático	ADJ:1
plasta	NOUN:8
plasticidad	NOUN:1
plastilina	NOUN:1
plata	ADJ:1	NOUN:2
plataforma	NOUN:3
platea	NOUN:1
plateado	ADJ:2	NOUN:1
platense	ADJ:2	NOUN:2
plateresco	ADJ:1
platero	NOUN:2
platería	NOUN:2
platicar	VERB:1
platillo	NOUN:4
platina	NOUN:3
platino	ADJ:1	NOUN:1
platito	NOUN:1
plato	NOUN:6
platonismo	NOUN:1
plató	NOUN:1
platón	PROPN:1	NOUN:1
platónico	ADJ:2	NOUN:1
plausible	ADJ:2
plauto	PROPN:1
play	NOUN:1	PROPN:1
playa	NOUN:2
playback	NOUN:1
playboy	NOUN:1
playera	NOUN:2
playero	ADJ:2	NOUN:4
playlist	NOUN:1
playoff	NOUN:1
playón	NOUN:1
plaza	NOUN:6	PROPN:1
plazo	NOUN:3
plazoleta	NOUN:1
plc	X:1
pleamar	NOUN:1
plebe	NOUN:4
plebeyo	ADJ:1	NOUN:2
plebiscito	NOUN:1
plegable	ADJ:2
plegamiento	NOUN:1
plegar	VERB:1
plegaria	NOUN:2
pleistoceno	ADJ:1
pleitesía	NOUN:3
pleito	NOUN:3
plenamente	ADV:1
plenario	ADJ:1	NOUN:1
plenilunio	NOUN:1
plenipotenciario	ADJ:1
plenitud	NOUN:1
pleno	NOUN:1	ADJ:4
pleonasmo	NOUN:1
pletórico	ADJ:3
pleura	NOUN:1
pleural	ADJ:1
plexo	NOUN:1
pliego	NOUN:2
pliegue	NOUN:2
plin	INTJ:1
plinio	PROPN:1
plioceno	ADJ:1	NOUN:1
plis	INTJ:1
plomada	NOUN:1
plomero	NOUN:1
plomería	NOUN:1
plomizo	ADJ:2
plomo	NOUN:6
plot	NOUN:1
plugin	NOUN:1
pluma	NOUN:7
plumaje	NOUN:1
plumazo	NOUN:2
plumero	NOUN:2
plumilla	NOUN:2
plumón	NOUN:3
plural	ADJ:1	NOUN:1
pluralidad	NOUN:1
pluralismo	NOUN:1
pluralista	ADJ:1
pluricultural	ADJ:1
plurilingüe	ADJ:1
plurinacional	ADJ:1
plurinominal	ADJ:1
plus	NOUN:2
plusvalía	NOUN:2
plutarco	PROPN:2
plutocracia	NOUN:1
plutonio	NOUN:1
plutón	PROPN:2	NOUN:1
pluvial	ADJ:1
plácidamente	ADV:1
plácido	ADJ:1	PROPN:1
plástico	ADJ:1	NOUN:1
plátano	NOUN:4
plática	NOUN:1
plétora	NOUN:2
pléyade	NOUN:1
pléyades	PROPN:1
pm	ADV:1
pnl	NOUN:1
po	INTJ:2
poblacional	ADJ:2
población	NOUN:4
poblado	ADJ:2	NOUN:1
poblador	NOUN:1
poblamiento	NOUN:1
poblano	ADJ:1	NOUN:2
poblar	VERB:1
poblete	PROPN:2
pobre	ADJ:2
pobremente	ADV:1
pobreza	NOUN:1
pocho	NOUN:2	ADJ:5	PROPN:1
pochoclo	NOUN:1
pocilga	NOUN:2
pocillo	NOUN:2
poción	NOUN:1
poco	DET:3	ADV:1	NOUN:2
poda	NOUN:1
podar	VERB:1
podcast	NOUN:1
podemita	ADJ:1	NOUN:1
poder	VERB:2	NOUN:4
poderosamente	ADV:1
poderoso	ADJ:1
poderío	NOUN:1
podestá	NOUN:1
podio	NOUN:1
podium	NOUN:1
podre	NOUN:1
podredumbre	NOUN:1
podrido	ADJ:2
podólogo	NOUN:1
poema	NOUN:1
poemario	NOUN:1
poesía	NOUN:2
poeta	NOUN:1
poetisa	NOUN:1
pogo	NOUN:1
poison	NOUN:1
pokemón	NOUN:2
poko	NOUN:2
pokémon	NOUN:2
pola	NOUN:1
polaco	ADJ:2	NOUN:3
polanco	PROPN:3
polar	ADJ:2	NOUN:1
polaridad	NOUN:1
polarización	NOUN:1
polarizador	ADJ:1
polarizante	ADJ:1
polarizar	VERB:2
polaroid	NOUN:1
polca	NOUN:2
pole	NOUN:1
polea	NOUN:1
polemista	NOUN:1
polemizar	VERB:2
polen	NOUN:1
polenta	NOUN:1
poleo	NOUN:3
polera	NOUN:3
poli	NOUN:2	ADJ:1
poliamor	NOUN:1
policarbonato	NOUN:1
policarpo	PROPN:1
policiaco	ADJ:3
policial	ADJ:3
policlínica	NOUN:1
policlínico	ADJ:1	NOUN:1
policromía	NOUN:1
policía	NOUN:3
policíaco	ADJ:3
polideportivo	ADJ:1	NOUN:1
poliedro	NOUN:1
poliestireno	NOUN:1
polietileno	NOUN:1
polifacético	ADJ:2
polifonía	NOUN:1
polifónico	ADJ:2
poligamia	NOUN:3
poligonal	ADJ:1
polilla	NOUN:3
polimerasa	NOUN:1
polimerización	NOUN:1
polimorfismo	NOUN:1
polinesia	PROPN:1
polinesio	ADJ:1
polinización	NOUN:1
polinomio	NOUN:1
polio	NOUN:1	PROPN:1
poliomielitis	NOUN:1
polipropileno	NOUN:1
polis	NOUN:1
polisario	ADJ:1
polisemia	NOUN:1
politburó	NOUN:1
politeísmo	NOUN:1
politiqueo	NOUN:1
politiquería	NOUN:1
politización	NOUN:1
politizar	VERB:2
politécnico	ADJ:1
politólogo	NOUN:1
poliuretano	NOUN:1
polivalencia	NOUN:1
polivalente	ADJ:2
polizón	NOUN:2
poliéster	NOUN:1
polka	NOUN:1
polla	NOUN:4
pollas	ADV:1
pollera	NOUN:4
pollero	NOUN:3
pollito	NOUN:2
pollo	NOUN:4	ADJ:1
polluelo	NOUN:2
polo	NOUN:7	PROPN:1
pololo	NOUN:2
polonia	PROPN:1
polonio	NOUN:1
poltergeist	NOUN:1
poltrona	NOUN:1
polución	NOUN:3
polvareda	NOUN:2
polvillo	NOUN:2
polvo	NOUN:3
polvoriento	ADJ:1
polvorín	NOUN:3
polvos	NOUN:1
polémica	NOUN:2
polémico	ADJ:2
polígamo	ADJ:1
polígono	NOUN:2	ADJ:1
polígrafo	NOUN:1
polímero	NOUN:1
política	NOUN:2
políticamente	ADV:1
político	ADJ:2	NOUN:1
poma	NOUN:3
pomada	NOUN:2
pomelo	NOUN:2
pomerania	PROPN:1
pomo	NOUN:3
pomona	PROPN:4
pompa	NOUN:6
pompeya	PROPN:1
pompeyo	PROPN:2
pompis	NOUN:1
pomposo	ADJ:1
pompón	NOUN:1
ponce	PROPN:2
ponche	NOUN:1
poncho	NOUN:1	PROPN:1
ponderación	NOUN:2
ponderado	ADJ:2
ponderar	VERB:2
ponele	ADV:1
ponencia	NOUN:1
ponente	NOUN:3
poner	VERB:8
ponerle	VERB:1
ponferrada	PROPN:1
pongo	NOUN:2
poni	NOUN:1
poniente	ADJ:2	NOUN:1
pontevedra	PROPN:2
pontificado	NOUN:2
pontifical	ADJ:1
pontificio	ADJ:2
ponto	NOUN:1	PROPN:3
pontífice	NOUN:2
pontón	NOUN:2
pony	NOUN:1
ponzoña	NOUN:1
poo	PROPN:1
pool	NOUN:1
pop	NOUN:2	ADJ:1
popa	NOUN:1
popayán	PROPN:1
popcorn	NOUN:1
pope	NOUN:1
popo	NOUN:1
popocatépetl	PROPN:1
popote	NOUN:1
popper	NOUN:1
populacho	NOUN:1
popular	ADJ:2	NOUN:1
popularidad	NOUN:1
popularización	NOUN:1
popularizar	VERB:1
popularmente	ADV:1
populismo	NOUN:1
populista	ADJ:1
populoso	ADJ:1
popurrí	NOUN:2
popó	NOUN:2
por	ADP:7	INTJ:1
pora	NOUN:1
porcelana	NOUN:1
porcentaje	NOUN:1
porcentual	ADJ:1
porcentualmente	ADV:1
porche	NOUN:1
porciento	ADV:1
porcino	ADJ:1	NOUN:1
porción	NOUN:2
porciúncula	PROPN:1
porco	NOUN:1
pordiosero	NOUN:1
porfi	ADV:1
porfiado	ADJ:1
porfiria	NOUN:1
porfiriato	NOUN:1
porfirio	PROPN:2
porfirista	ADJ:1	NOUN:1
pork	SCONJ:1
pormenorizado	ADJ:1
porno	NOUN:3
pornografía	NOUN:1
pornográfico	ADJ:1
poro	NOUN:2
poronga	NOUN:2
porosidad	NOUN:1
poroso	ADJ:1
poroto	NOUN:1
porq	SCONJ:1
porque	SCONJ:1
porquería	NOUN:2
porqué	NOUN:1
porra	NOUN:5	INTJ:1
porras	INTJ:1	PROPN:1
porrazo	NOUN:1
porrista	NOUN:1
porro	ADJ:1	NOUN:2
porrón	NOUN:4
portaaviones	NOUN:1
portabilidad	NOUN:1
portable	ADJ:1
portación	NOUN:1
portada	NOUN:4
portador	NOUN:1
portafolio	NOUN:1
portafolios	NOUN:1
portal	NOUN:1	ADJ:1
portante	ADJ:1	NOUN:1
portaobjetos	NOUN:1
portapapeles	NOUN:1
portar	VERB:3
portaviones	NOUN:1
portavocía	NOUN:1
portavoz	NOUN:2
portazo	NOUN:2
porte	NOUN:5
porteador	ADJ:1	NOUN:1
portento	NOUN:3
portentoso	ADJ:3
portero	NOUN:3
portería	NOUN:3
porteño	ADJ:3	NOUN:3
portilla	NOUN:1
portillo	NOUN:1
portobello	NOUN:1
portocarrero	PROPN:1
portorriqueño	NOUN:1
portuario	ADJ:1
portugal	PROPN:1
portugués	ADJ:1	NOUN:2
portuondo	PROPN:1
portátil	ADJ:1	NOUN:1
portón	NOUN:2
porvenir	NOUN:3
pos	ADP:1
posada	NOUN:1	PROPN:1
posadero	NOUN:4
posar	VERB:3
posavasos	NOUN:2
poscolonial	ADJ:1
posconflicto	ADJ:1
posdata	NOUN:1
pose	NOUN:1
poseedor	ADJ:1	NOUN:1
poseer	VERB:2
poseidón	PROPN:1
poser	NOUN:1
posesivo	ADJ:1
posesión	NOUN:1
poseído	ADJ:1
posgrado	NOUN:1
posguerra	NOUN:1
posibilidad	NOUN:3
posibilitar	VERB:1
posible	ADJ:1
posiblemente	ADV:1
posicional	ADJ:1
posicionamiento	NOUN:1
posicionar	VERB:1
posición	NOUN:1
positivamente	ADV:1
positividad	NOUN:1
positivismo	NOUN:2
positivista	ADJ:1
positivo	ADJ:1
posmodernidad	NOUN:1
posmodernismo	NOUN:1
posmoderno	ADJ:1
poso	NOUN:2
posparto	ADJ:1
posponer	VERB:1
posproducción	NOUN:1
post	NOUN:1
posta	NOUN:3	ADJ:2	ADV:1	INTJ:2
postal	ADJ:1	NOUN:1
postcolonial	ADJ:1
postdata	NOUN:1
poste	NOUN:1
postear	VERB:2
postelectoral	ADJ:1
postemporada	NOUN:1
posteo	NOUN:1
postergación	NOUN:1
postergar	VERB:1
posteridad	NOUN:1
posterior	ADJ:1
posterioridad	NOUN:1
posteriormente	ADV:1
postgrado	NOUN:1
postguerra	NOUN:1
postigo	NOUN:1
postizo	ADJ:2	NOUN:1
postmodernidad	NOUN:1
postmodernismo	NOUN:1
postmoderno	ADJ:1
postnatal	ADJ:1
postoperatorio	ADJ:1	NOUN:1
postor	NOUN:1
postparto	ADJ:1
postproducción	NOUN:1
postración	NOUN:2
postrado	ADJ:2
postraumático	ADJ:1
postre	NOUN:1
postrero	ADJ:1
postrimerías	NOUN:1
postulación	NOUN:1
postulante	NOUN:1
postular	VERB:3
postura	NOUN:3
postural	ADJ:1
postureo	NOUN:1
postín	NOUN:2
posverdad	NOUN:1
pota	NOUN:1
potable	ADJ:1
potaje	NOUN:4
potasa	NOUN:1
potasio	NOUN:1
pote	NOUN:3
potencia	NOUN:2
potenciación	NOUN:1
potenciador	ADJ:1	NOUN:1
potencial	ADJ:1	NOUN:1
potencialidad	NOUN:2
potencialmente	ADV:1
potenciar	VERB:1
potente	ADJ:2
potestad	NOUN:1
potito	NOUN:1
poto	NOUN:1
potosino	ADJ:1	NOUN:1
potosí	PROPN:1
potra	NOUN:2
potrero	NOUN:4
potro	NOUN:5
potásico	ADJ:1
pou	PROPN:1
pov	X:1
powerpoint	NOUN:1
poyo	NOUN:2
poza	NOUN:2
pozo	NOUN:1	PROPN:1
pozoblanco	PROPN:1
pozol	NOUN:1
pozole	NOUN:1
pozuelo	NOUN:1
poéticamente	ADV:1
poético	ADJ:1
pp	NOUN:1
ppsoe	PROPN:1
ppt	PROPN:1
pq	ADV:1
pr	PROPN:1
practicable	ADJ:1
practicamente	ADV:1
practicante	NOUN:2
practicar	VERB:2
practicidad	NOUN:2
pradera	NOUN:2
prado	NOUN:1	PROPN:1
praga	PROPN:1
pragmatismo	NOUN:1
pragmático	ADJ:1
pran	NOUN:1
prana	NOUN:1
pravia	PROPN:1
praxis	NOUN:1
pre	NOUN:1
preacuerdo	NOUN:1
preadolescente	ADJ:1
preaviso	NOUN:2
preboste	NOUN:1
precalentamiento	NOUN:2
precampaña	NOUN:1
precandidato	NOUN:1
precandidatura	NOUN:1
precariamente	ADV:1
precariedad	NOUN:1
precario	ADJ:3
precarización	NOUN:2
precaución	NOUN:1
precavido	ADJ:1
precedencia	NOUN:1
precedente	ADJ:1	NOUN:1
precedentemente	ADV:1
preceder	VERB:1
preceptivo	ADJ:1
precepto	NOUN:2
preceptor	NOUN:2
preciado	ADJ:2
precinto	NOUN:2
precio	NOUN:2
preciosidad	NOUN:2
precioso	ADJ:3
preciosura	NOUN:1
precipicio	NOUN:2
precipitación	NOUN:1
precipitadamente	ADV:1
precipitado	ADJ:1
precipitar	VERB:3
precisamente	ADV:1
precisar	VERB:2
precisión	NOUN:1
preciso	ADJ:2
preclásico	ADJ:1
precocidad	NOUN:1
precolombino	ADJ:1
precolonial	ADJ:1
precordillera	NOUN:1
precoz	ADJ:2
precozmente	ADV:1
precuela	NOUN:1
precursor	ADJ:1	NOUN:2
predador	ADJ:1	NOUN:1
predecesor	NOUN:1
predecible	ADJ:1
predecir	VERB:1
predestinación	NOUN:1
predestinado	ADJ:1
predeterminado	ADJ:1
predial	ADJ:1
predicación	NOUN:1
predicado	NOUN:1
predicador	ADJ:1	NOUN:1
predicamento	NOUN:3
predicar	VERB:1
predicción	NOUN:1
predictivo	ADJ:1
predictor	ADJ:1	NOUN:1
predilección	NOUN:1
predilecto	ADJ:1
predio	NOUN:1
predisposición	NOUN:1
prednisona	NOUN:1
predominancia	NOUN:1
predominante	ADJ:1
predominantemente	ADV:1
predominar	VERB:1
predominio	NOUN:1
preeclampsia	NOUN:1
preelectoral	ADJ:1
preeminencia	NOUN:1
preeminente	ADJ:1
preescolar	ADJ:1
preestablecido	ADJ:1
preestreno	NOUN:1
preexistente	ADJ:1
prefabricado	ADJ:1
prefacio	NOUN:1
prefecto	NOUN:1
prefectura	NOUN:1
preferencia	NOUN:2
preferencial	ADJ:1
preferente	ADJ:1
preferentemente	ADV:1
preferible	ADJ:1	ADV:1
preferiblemente	ADV:1
preferir	VERB:2
prefijo	NOUN:2	ADJ:1
prefrontal	ADJ:1
pregonar	VERB:1
pregonero	ADJ:2	NOUN:1
pregrado	NOUN:1
preguerra	NOUN:1
preguntar	VERB:2
preguntón	ADJ:1
pregón	NOUN:1
prehispánico	ADJ:1
prehistoria	NOUN:1
prehistórico	ADJ:1
preindustrial	ADJ:1
preinscripción	NOUN:1
prejudicial	ADJ:1
prejuicio	NOUN:1
prejuicioso	ADJ:1
prejuzgar	VERB:1
prelación	NOUN:1
prelado	NOUN:1
prelatura	NOUN:1
preliminar	ADJ:2
preliminarmente	ADV:1
preludio	NOUN:2
prematrimonial	ADJ:1
prematuramente	ADV:1
prematuro	ADJ:1
premeditación	NOUN:1
premeditadamente	ADV:1
premenstrual	ADJ:1
premia	NOUN:1
premiación	NOUN:1
premiar	VERB:2
premier	NOUN:1	PROPN:1
premiere	NOUN:1
premio	NOUN:3
premisa	NOUN:1
premium	ADJ:1
premonición	NOUN:1
premonitorio	ADJ:1
premundial	NOUN:1
premura	NOUN:1
prenatal	ADJ:1
prenda	NOUN:5
prendedor	NOUN:2
prender	VERB:6
prendimiento	NOUN:1
prensa	NOUN:3
preocupación	NOUN:2
preocupado	ADJ:1
preocupante	ADJ:1
preocupar	VERB:2
preolímpico	ADJ:1	NOUN:1
preoperatorio	ADJ:1
prepa	NOUN:1
prepago	NOUN:1
preparación	NOUN:1
preparador	NOUN:1
preparar	VERB:1
preparativo	ADJ:2
preparatorio	ADJ:1
preponderancia	NOUN:2
preponderante	ADJ:1
preposición	NOUN:1
prepotencia	NOUN:2
prepotente	ADJ:2
preproducción	NOUN:1
prepucio	NOUN:1
prerrequisito	NOUN:1
prerrogativa	NOUN:1
pres	NOUN:2
presa	NOUN:8
presagiar	VERB:1
presagio	NOUN:1
presbiteriano	ADJ:1	NOUN:1
presbiterio	NOUN:2
presbítero	NOUN:1
prescindible	ADJ:1
prescindir	VERB:1
prescribir	VERB:1
prescripción	NOUN:1
presea	NOUN:1
preselección	NOUN:1
presencia	NOUN:2
presencial	ADJ:3
presencialmente	ADV:1
presenciar	VERB:1
presentable	ADJ:1
presentación	NOUN:3
presentador	NOUN:2
presentar	VERB:5
presente	ADJ:2	NOUN:3
presentimiento	NOUN:3
presentismo	NOUN:2
preservación	NOUN:1
preservado	ADJ:1
preservar	VERB:2
preservativo	ADJ:1	NOUN:1
presi	NOUN:1
presidencia	NOUN:1
presidenciable	NOUN:1
presidencial	ADJ:1
presidencialismo	NOUN:1
presidencialista	ADJ:1
president	NOUN:1
presidenta	NOUN:1
presidente	NOUN:1
presidiario	NOUN:1
presidio	NOUN:3
presidir	VERB:1
presionar	VERB:6
presión	NOUN:1
preso	ADJ:1	NOUN:1
press	NOUN:2
prestación	NOUN:4
prestador	ADJ:1	NOUN:1
prestamista	NOUN:2
prestancia	NOUN:3
prestar	VERB:5
prestatario	ADJ:1	NOUN:1
preste	NOUN:1
presteza	NOUN:1
prestidigitación	NOUN:2
prestigiado	ADJ:1
prestigio	NOUN:2
prestigioso	ADJ:1
presto	ADJ:2	ADV:3
presumible	ADJ:1
presumiblemente	ADV:1
presumir	VERB:2
presunción	NOUN:3
presuntamente	ADV:1
presunto	ADJ:2
presuntuoso	ADJ:4
presuponer	VERB:2
presupuestal	ADJ:1
presupuestar	VERB:1
presupuestario	ADJ:1
presupuesto	ADJ:1	NOUN:3
presurización	NOUN:1
pretemporada	NOUN:1
pretencioso	ADJ:1
pretender	VERB:3
pretendidamente	ADV:1
pretendido	ADJ:1
pretendiente	ADJ:1	NOUN:3
pretensión	NOUN:3
pretexto	NOUN:1
pretil	NOUN:1
pretor	NOUN:2
pretoria	PROPN:1
pretorio	ADJ:1
pretérito	ADJ:2	NOUN:1
preuniversitario	ADJ:1
prevalecer	VERB:1
prevaleciente	ADJ:1
prevalencia	NOUN:1
prevalente	ADJ:1
prevaricación	NOUN:1
preveer	VERB:2
prevención	NOUN:1
prevenir	VERB:5
preventa	NOUN:1
preventivamente	ADV:1
preventivo	ADJ:1
prever	VERB:2
previamente	ADV:1
previo	ADJ:2
previsibilidad	NOUN:1
previsible	ADJ:2
previsiblemente	ADV:2
previsional	ADJ:1
previsión	NOUN:3
previsor	ADJ:1
previsto	ADJ:1
prez	NOUN:1
preámbulo	NOUN:1
preñada	NOUN:1
preñado	ADJ:2
prian	PROPN:1
prieta	NOUN:1
prieto	ADJ:2	PROPN:1
priismo	NOUN:1
priista	ADJ:1	NOUN:1
prima	NOUN:3
primacía	NOUN:1
primada	NOUN:1
primal	ADJ:1
primar	VERB:2
primariamente	ADV:1
primarias	NOUN:1
primario	ADJ:3
primate	NOUN:1
primavera	NOUN:5
primaveral	ADJ:1
prime	NOUN:1
primeramente	ADV:1
primeriza	NOUN:1
primerizo	NOUN:1
primero	NOUN:2	ADJ:4	ADV:1
primicia	NOUN:2
primigenio	ADJ:1
primitivamente	ADV:1
primitivismo	NOUN:1
primitivo	ADJ:2
primo	NOUN:4	ADJ:2
primogenitura	NOUN:1
primogénito	ADJ:1
primor	NOUN:2
primordial	ADJ:2
primordialmente	ADV:1
princesa	NOUN:1
principado	NOUN:1
principal	ADJ:2	NOUN:1
principalmente	ADV:2
principe	NOUN:2
principiante	ADJ:1	NOUN:1
principio	NOUN:3
pringado	ADJ:3	NOUN:3
pringao	ADJ:3
prior	NOUN:1
priorato	NOUN:2
prioridad	NOUN:2
prioritariamente	ADV:1
prioritario	ADJ:1
priorización	NOUN:1
priorizar	VERB:1
prisa	NOUN:1
prisco	NOUN:1
prisionero	NOUN:1
prisión	NOUN:1
prisma	NOUN:3
prismáticos	NOUN:1
pristina	PROPN:2
privacidad	NOUN:1
privación	NOUN:1
privadamente	ADV:1
privado	ADJ:4
privar	VERB:8
privativo	ADJ:1
privatización	NOUN:1
privatizar	VERB:1
privilegiado	ADJ:1
privilegiar	VERB:1
privilegio	NOUN:1
pro	NOUN:2	ADP:1
proa	NOUN:1
proactividad	NOUN:1
proactivo	ADJ:1
probabilidad	NOUN:3
probabilístico	ADJ:1
probable	ADJ:2
probablemente	ADV:1
probador	NOUN:2
probar	VERB:8
probatorio	ADJ:1
probe	ADJ:2
probeta	NOUN:1
probidad	NOUN:1
problema	NOUN:4
problematizar	VERB:1
problemática	NOUN:1
problemático	ADJ:1
probo	ADJ:1
procedencia	NOUN:2
procedente	ADJ:1
proceder	VERB:3	NOUN:1
procedimental	ADJ:1
procedimiento	NOUN:3
procesado	ADJ:2
procesador	NOUN:1	ADJ:1
procesadora	NOUN:1
procesal	ADJ:1
procesamiento	NOUN:1
procesar	VERB:2
procesional	ADJ:1
procesión	NOUN:2
proceso	NOUN:3
proclamación	NOUN:1
proclamar	VERB:1
proclive	ADJ:1
procopio	PROPN:1
procrastinación	NOUN:1
procrastinar	VERB:1
procreación	NOUN:1
procrear	VERB:1
procuración	NOUN:1
procurador	NOUN:2
procuraduría	NOUN:2
procurar	VERB:5
procés	NOUN:1
procónsul	NOUN:1
prodigio	NOUN:2
prodigioso	ADJ:1
producción	NOUN:2
producir	VERB:2
productivamente	ADV:1
productividad	NOUN:1
productivo	ADJ:1
producto	NOUN:6
productor	ADJ:1	NOUN:1
proeza	NOUN:2
profanación	NOUN:1
profanar	VERB:1
profano	ADJ:3	NOUN:1
profe	NOUN:1
profeco	PROPN:1
profecía	NOUN:2
proferir	VERB:2
profesar	VERB:1
profesional	ADJ:1
profesionalidad	NOUN:1
profesionalismo	NOUN:1
profesionalización	NOUN:1
profesionalizar	VERB:1
profesionalmente	ADV:1
profesionista	NOUN:1
profesión	NOUN:2
profesor	NOUN:2
profesorado	NOUN:2
profeta	NOUN:1
profetizar	VERB:1
profilaxis	NOUN:1
profiláctico	ADJ:1	NOUN:1
profundamente	ADV:1
profundidad	NOUN:1
profundización	NOUN:1
profundizar	VERB:2
profundo	ADJ:2
profusamente	ADV:2
profusión	NOUN:1
profuso	ADJ:1
profético	ADJ:1
progenie	NOUN:1
progenitor	NOUN:1
progesterona	NOUN:1
programa	NOUN:3
programable	ADJ:1
programación	NOUN:3
programador	NOUN:1
programadora	NOUN:1
programar	VERB:2
programático	ADJ:1
progre	ADJ:2	NOUN:1
progresar	VERB:1
progresismo	NOUN:1
progresista	ADJ:1	NOUN:1
progresivamente	ADV:1
progresividad	NOUN:1
progresivo	ADJ:1
progresión	NOUN:1
progreso	NOUN:1
prohibición	NOUN:1
prohibido	ADJ:1
prohibir	VERB:1
prohibitivo	ADJ:1
prolactina	NOUN:1
prolapso	NOUN:2
prole	NOUN:2
proletariado	NOUN:1
proletario	ADJ:1
proliferación	NOUN:1
proliferar	VERB:1
prolijamente	ADV:1
prolijidad	NOUN:3
prolijo	ADJ:3
prolongación	NOUN:1
prolongado	ADJ:3
prolongar	VERB:1
prolífico	ADJ:1
promediar	VERB:2
promedio	NOUN:1
promesa	NOUN:1
prometedor	ADJ:1
prometeo	PROPN:1
prometer	VERB:1
prometida	NOUN:1
prometio	NOUN:1
prominencia	NOUN:1
prominente	ADJ:1
prominentemente	ADV:1
promiscuidad	NOUN:1
promiscuo	ADJ:2
promisorio	ADJ:1
promo	NOUN:1
promocional	ADJ:1
promocionar	VERB:1
promoción	NOUN:5
promontorio	NOUN:1
promotor	ADJ:1	NOUN:1
promover	VERB:2
promulgación	NOUN:1
promulgar	VERB:1
prono	ADJ:1
pronombre	NOUN:1
pronominal	ADJ:2
pronosticar	VERB:1
prontamente	ADV:1
prontitud	NOUN:1
pronto	ADJ:2	ADV:1
prontuario	NOUN:2
pronunciación	NOUN:2
pronunciamiento	NOUN:2
pronunciar	VERB:2
pronóstico	ADJ:1	NOUN:2
propagación	NOUN:1
propaganda	NOUN:2
propagandista	NOUN:1
propagandístico	ADJ:1
propagar	VERB:1
propano	NOUN:1
propender	VERB:1
propensión	NOUN:1
propenso	ADJ:1
propiamente	ADV:1
propiciar	VERB:2
propicio	ADJ:2
propiedad	NOUN:3
propietario	ADJ:2	NOUN:2
propina	NOUN:1
propio	ADJ:3
proponente	NOUN:1
proponer	VERB:4
proporcional	ADJ:1
proporcionalidad	NOUN:1
proporcionalmente	ADV:1
proporcionar	VERB:4
proporción	NOUN:2
proposicional	ADJ:1
proposición	NOUN:1
propositivo	ADJ:2
proprio	ADJ:3
propuesta	NOUN:1
propugnar	VERB:1
propulsar	VERB:1
propulsión	NOUN:2
propulsor	ADJ:1	NOUN:6
propósito	NOUN:2
prorrogable	ADJ:1
prorrogar	VERB:1
prosa	NOUN:1
prosaico	ADJ:2
proscribir	VERB:2
proscripción	NOUN:1
proscrito	ADJ:1	NOUN:1
prosecretario	NOUN:1
prosecución	NOUN:1
proseguir	VERB:3
proselitismo	NOUN:1
proselitista	ADJ:1	NOUN:1
prosodia	NOUN:1
prospección	NOUN:2
prospectivo	ADJ:1
prospecto	NOUN:3
prosperar	VERB:2
prosperidad	NOUN:1
prostitución	NOUN:1
prostituir	VERB:2
prostituto	NOUN:1
prostático	ADJ:1
prostíbulo	NOUN:1
prota	NOUN:1
protagonismo	NOUN:3
protagonista	NOUN:1
protagonizar	VERB:1
protagónico	ADJ:1
proteccionismo	NOUN:1
proteccionista	ADJ:1
protección	NOUN:1
protector	ADJ:1	NOUN:2
protectorado	NOUN:1
proteger	VERB:1
protegido	ADJ:2
proteico	ADJ:1
proteinuria	NOUN:1
proteo	NOUN:1	PROPN:2
protesta	NOUN:2
protestante	ADJ:1	NOUN:1
protestantismo	NOUN:1
protestar	VERB:2
protesto	NOUN:1	INTJ:1
proteína	NOUN:1
protocolar	ADJ:1
protocolario	ADJ:1
protocolo	NOUN:2
prototipo	NOUN:2
protuberancia	NOUN:1
protón	NOUN:1
provecho	NOUN:3	INTJ:1
provechoso	ADJ:2
proveedor	NOUN:1
proveeduría	NOUN:1
proveer	VERB:6
proveniente	ADJ:1
provenir	VERB:1
provenza	PROPN:1
provenzal	NOUN:1
proverbial	ADJ:1
proverbio	NOUN:2
provida	ADJ:1	NOUN:1
providencia	NOUN:2	PROPN:1
providencial	ADJ:2
provincia	NOUN:1
provincial	ADJ:1
provinciano	ADJ:2	NOUN:2
provisional	ADJ:2
provisionalmente	ADV:1
provisión	NOUN:2
provisor	NOUN:1
provisoriamente	ADV:1
provisorio	ADJ:1
provocación	NOUN:1
provocador	ADJ:3	NOUN:1
provocar	VERB:4
provocativo	ADJ:1
proxeneta	NOUN:1
proxenetismo	NOUN:1
proximal	ADJ:1
proximidad	NOUN:1
proyección	NOUN:4
proyectar	VERB:3
proyectil	NOUN:1
proyectista	NOUN:1
proyecto	NOUN:1
proyector	NOUN:1
prozac	NOUN:1
prudencia	NOUN:1
prudencial	ADJ:1
prudencio	PROPN:1
prudente	ADJ:4	PROPN:1
prudentemente	ADV:1
prueba	NOUN:5
prurito	NOUN:3
prusia	PROPN:2
prusiano	ADJ:1	NOUN:1
práctica	NOUN:2
prácticamente	ADV:1
práctico	ADJ:4
prédica	NOUN:1
préstamo	NOUN:2
príamo	PROPN:1
príncipe	NOUN:2	ADJ:1
prístino	ADJ:2
prócer	NOUN:2	ADJ:1
pródigo	ADJ:1
prófugo	NOUN:2
prójimo	NOUN:2
prólogo	NOUN:2
prórroga	NOUN:2
próspero	ADJ:2
próstata	NOUN:1
prótesis	NOUN:2
próximamente	ADV:1
próximo	ADJ:3
ps	SCONJ:1
pseudociencia	NOUN:1
pseudónimo	ADJ:1
psi	NOUN:1
psicoanalista	NOUN:1
psicoanalítico	ADJ:1
psicoanálisis	NOUN:1
psicodelia	NOUN:1
psicodrama	NOUN:1
psicodélico	ADJ:1
psicología	NOUN:1
psicológicamente	ADV:1
psicológico	ADJ:1
psicopatología	NOUN:1
psicopatía	NOUN:1
psicopedagogía	NOUN:1
psicosis	NOUN:1
psicosocial	ADJ:1
psicoterapeuta	NOUN:1
psicoterapia	NOUN:1
psicólogo	NOUN:1
psicópata	NOUN:2
psicótico	ADJ:1
psique	NOUN:1
psiquiatra	NOUN:1
psiquiatría	NOUN:1
psiquis	NOUN:1
psiquiátrico	ADJ:1	NOUN:1
psoriasis	NOUN:1
psuc	PROPN:1
psíquicamente	ADV:1
psíquico	ADJ:1
pt	ADJ:1
pta	NOUN:1
ptm	INTJ:1
pto	NOUN:2
ptolomeo	PROPN:1
pu	PROPN:4
pua	NOUN:1
puaj	INTJ:1	NOUN:1
pub	NOUN:1
pubertad	NOUN:1
pubescencia	NOUN:1
pubescente	ADJ:1
pubis	NOUN:1
publi	NOUN:2
publicación	NOUN:1
publicar	VERB:2
publicidad	NOUN:2
publicista	NOUN:1
publicitar	VERB:1
publicitario	ADJ:1	NOUN:1
pucallpa	NOUN:1
pucara	NOUN:1
pucará	NOUN:1
pucela	PROPN:1
pucha	NOUN:1	INTJ:1
pucherazo	NOUN:2
puchero	NOUN:3
pucho	NOUN:2
pudahuel	PROPN:1
pudding	NOUN:1
pudiente	ADJ:2
pudin	NOUN:1
pudor	NOUN:3
pudrición	NOUN:1
pudrir	VERB:2
pudín	NOUN:1
puebla	PROPN:4	NOUN:1
pueblerino	ADJ:1	NOUN:1
pueblo	NOUN:4
pueblucho	NOUN:2
puente	NOUN:6	PROPN:1
puenting	NOUN:1
puerco	NOUN:3	ADJ:1
puercoespín	NOUN:1
puericultura	NOUN:1
pueril	ADJ:3
puerperio	NOUN:1
puerro	NOUN:1
puerta	NOUN:5	PROPN:1
puerto	NOUN:2	PROPN:1
puertorriqueño	ADJ:1	NOUN:1
pues	SCONJ:2
puesta	NOUN:4
puesto	NOUN:4	ADJ:3
puf	INTJ:1	NOUN:1
pufo	NOUN:1
pugna	NOUN:3
puig	PROPN:1
puja	NOUN:2
pujante	ADJ:1
pujanza	NOUN:1
pujar	VERB:6
pulcritud	NOUN:1
pulcro	ADJ:2
pulg	NOUN:4
pulga	NOUN:4
pulgada	NOUN:2
pulgar	NOUN:1
pulgarcito	PROPN:1
pulgón	NOUN:1
pulido	ADJ:2	PROPN:1
pulir	VERB:2
pulla	NOUN:2	PROPN:1
pulmonar	ADJ:1
pulmonía	NOUN:1
pulmón	NOUN:1
pulpa	NOUN:5
pulpería	NOUN:3
pulpo	NOUN:2
pulque	NOUN:1
pulsación	NOUN:2
pulsado	NOUN:1
pulsador	NOUN:1
pulsar	VERB:3
pulseada	NOUN:1
pulsera	NOUN:1
pulsión	NOUN:2
pulso	NOUN:3
pulverización	NOUN:1
pulverizador	NOUN:2
pulverizar	VERB:1
pum	INTJ:4
puma	NOUN:1
pun	NOUN:2
puna	NOUN:3
punch	NOUN:1
punción	NOUN:2
pundonor	NOUN:1
punible	ADJ:1
punilla	PROPN:2
punitivo	ADJ:1
punk	NOUN:1
punky	ADJ:1
puno	PROPN:1
punta	NOUN:2	ADJ:1
puntada	NOUN:2
puntaje	NOUN:1
puntal	NOUN:3
puntano	ADJ:1	NOUN:1
puntapié	NOUN:1
puntarenas	PROPN:2
puntazo	NOUN:4
punteado	NOUN:1
punteo	NOUN:1
puntera	NOUN:1
puntero	ADJ:2	NOUN:5
puntería	NOUN:4
puntiagudo	ADJ:1
puntilla	NOUN:6
puntillo	NOUN:3
punto	NOUN:6	INTJ:2
puntuable	ADJ:1
puntuación	NOUN:2
puntual	ADJ:2
puntualidad	NOUN:1
puntualización	NOUN:1
puntualizar	VERB:4
puntualmente	ADV:1
puntuar	VERB:2
punzada	NOUN:2
punzante	ADJ:2
punzón	NOUN:1
pupa	NOUN:3
pupila	NOUN:1
pupilo	NOUN:3
pupitre	NOUN:1
pupo	NOUN:1
puramente	ADV:2
pureza	NOUN:1
purga	NOUN:1
purgante	ADJ:1	NOUN:1
purgar	VERB:3
purgatorio	NOUN:1
purificación	PROPN:1	NOUN:1
purificador	ADJ:1	NOUN:2
purificar	VERB:1
purina	NOUN:1
purismo	NOUN:1
purista	ADJ:1
purita	PROPN:1
puritanismo	NOUN:2
puritano	ADJ:2
puro	ADJ:2	ADV:1	NOUN:2
purpurina	NOUN:2
purpúreo	ADJ:1
puré	NOUN:2
purépecha	ADJ:1	NOUN:2
pus	NOUN:1
pusilánime	ADJ:1	NOUN:1
put	NOUN:1
puta	NOUN:2	INTJ:1
putada	NOUN:4
putas	ADV:1
putazo	NOUN:1
puteada	NOUN:3
putear	VERB:5
puteo	NOUN:2
putero	ADJ:1	NOUN:5
puterío	NOUN:6
puticlub	NOUN:1
putin	PROPN:1
putiza	NOUN:1
puto	ADJ:1	ADV:1	NOUN:6
putrefacción	NOUN:1
putrefacto	ADJ:2
putumayo	PROPN:3
puya	NOUN:2	INTJ:1
puzle	NOUN:1
puzzle	NOUN:1
puñado	NOUN:2
puñal	ADJ:2	NOUN:2
puñalada	NOUN:1
puñeta	NOUN:4	INTJ:1
puñetas	INTJ:1
puñetazo	NOUN:1
puñetero	ADJ:3	NOUN:1
puño	NOUN:4
pyme	NOUN:1
python	PROPN:1
pza	NOUN:6
pábulo	NOUN:1
pádel	NOUN:1
páez	PROPN:1
pág	NOUN:1
página	NOUN:1
pájara	NOUN:4
pájaro	NOUN:4
pálida	NOUN:2
pálido	ADJ:1
pálpito	NOUN:1
páncreas	NOUN:1
pánfilo	ADJ:2	PROPN:1
pánico	ADJ:2	NOUN:2
pánuco	PROPN:1
páramo	NOUN:3
párkinson	NOUN:1
párpado	NOUN:1
párrafo	NOUN:2
párroco	NOUN:1
pátina	NOUN:1
pélvico	ADJ:1
péndulo	ADJ:1	NOUN:1
péptido	ADJ:1	NOUN:1
pérdida	NOUN:2
pérez	PROPN:1
pérfido	ADJ:1
pérgola	NOUN:1
pérmico	ADJ:1
pérsico	ADJ:1
pértiga	NOUN:2
pésaj	PROPN:1
pésame	NOUN:1
pésimamente	ADV:1
pésimo	ADJ:1
pétalo	NOUN:1
pétreo	ADJ:4
pía	NOUN:1
pícaro	ADJ:3	NOUN:1
píldora	NOUN:1
píndaro	PROPN:1
pío	PROPN:1	NOUN:1	ADJ:1
pívot	NOUN:1
píxel	NOUN:1
pócima	NOUN:1
pódium	NOUN:1
póker	NOUN:3
pólipo	NOUN:1
póliza	NOUN:1
pólvora	NOUN:1
pómez	NOUN:1
pómulo	NOUN:1
póquer	NOUN:3
pórfido	NOUN:1
pórtico	NOUN:2
pósito	NOUN:2
póster	NOUN:1
póstumamente	ADV:1
póstumo	ADJ:3
púa	NOUN:5
púbico	ADJ:1
públicamente	ADV:1
público	ADJ:1	NOUN:1
púgil	NOUN:1
púlpito	NOUN:1
púrpura	ADJ:1	NOUN:5
pútrido	ADJ:1
q	PRON:2
qatar	PROPN:1
qe	PROPN:2
qlo	NOUN:7
qq	NOUN:2
qr	PROPN:1
quad	NOUN:1
qual	PRON:1
quando	ADV:1
quanto	ADV:1
quantum	NOUN:1
quark	NOUN:1
quarterback	NOUN:1
quarto	ADJ:1
quatro	NUM:1
que	SCONJ:5	PRON:2
quebec	PROPN:2
quebracho	NOUN:1
quebradizo	ADJ:2
quebrado	ADJ:4	NOUN:3
quebrantado	ADJ:3
quebrantahuesos	NOUN:1
quebrantamiento	NOUN:5
quebrantar	VERB:4
quebrar	VERB:8
quechua	ADJ:1	NOUN:2
quedada	NOUN:1
quedar	VERB:8
queensland	PROPN:1
queer	ADJ:1
quehacer	NOUN:4
queja	NOUN:2
quejar	VERB:2
quejarse	VERB:3
queje	VERB:3
quejica	ADJ:1	NOUN:1
quejido	NOUN:3
quejo	NOUN:2
quejoso	ADJ:2
quel	PRON:1
quema	NOUN:2
quemada	NOUN:4
quemado	ADJ:4
quemador	ADJ:1	NOUN:1
quemadura	NOUN:1
quemar	VERB:8
quemazón	NOUN:4
queme	NOUN:1
quena	NOUN:2
queque	NOUN:5
quera	NOUN:1
queratina	NOUN:1
querella	NOUN:2
querellante	NOUN:1
querellarse	VERB:1
querencia	NOUN:5
querer	VERB:5	NOUN:1
queretano	ADJ:1	NOUN:1
queriendo	ADV:1
quero	NOUN:1
queroseno	NOUN:1
querubín	NOUN:1	PROPN:1
querétaro	PROPN:2
quesada	PROPN:1
quesadilla	NOUN:2
quesería	NOUN:1
quesillo	NOUN:3
queso	NOUN:4
queta	NOUN:1
quetzal	NOUN:2
quetzalcóatl	PROPN:1
quetzaltenango	PROPN:2
quevedo	PROPN:1
quezada	PROPN:1
qui	PRON:1
quia	INTJ:1
quibdó	PROPN:1
quiche	NOUN:1
quichua	NOUN:2
quiché	PROPN:1	ADJ:1	NOUN:2
quicio	NOUN:2
quid	NOUN:2
quiebra	NOUN:3
quiebre	NOUN:2
quiebro	NOUN:2
quien	PRON:4
quienquiera	PRON:1
quier	SCONJ:1
quieto	ADJ:2
quietud	NOUN:2
quijada	NOUN:3	PROPN:1
quijano	PROPN:2
quijote	PROPN:1	NOUN:1
quilicura	PROPN:1
quilla	NOUN:1
quillota	PROPN:3
quilmes	PROPN:1
quilo	NOUN:2
quilombo	NOUN:3
quimera	NOUN:2
quimio	NOUN:1
quimioterapia	NOUN:1
quina	NOUN:5
quinasa	NOUN:1
quince	NUM:1
quinceañera	NOUN:1
quincena	NOUN:3
quincenal	ADJ:1
quincho	NOUN:1
quincuagésimo	ADJ:1
quindío	PROPN:2
quiniela	NOUN:2
quinientos	NUM:1
quinina	NOUN:1
quino	NOUN:1
quinoa	NOUN:1
quinquenal	ADJ:1
quinquenio	NOUN:1
quintaesencia	NOUN:1
quintal	NOUN:2
quintana	NOUN:4	PROPN:1
quintanar	PROPN:1
quintanilla	PROPN:1
quintero	PROPN:1
quinteros	PROPN:1
quinteto	NOUN:1
quintil	NOUN:1
quinto	ADJ:1	NOUN:4
quintín	PROPN:1
quinua	NOUN:1
quiosco	NOUN:2
quique	PROPN:1	NOUN:1
quirino	PROPN:2
quiroga	PROPN:1
quiropráctico	ADJ:1	NOUN:1
quiros	PROPN:1
quirófano	NOUN:1
quirós	PROPN:2
quirúrgicamente	ADV:1
quirúrgico	ADJ:1
quispe	PROPN:1
quisquilloso	ADJ:2	NOUN:2
quiste	NOUN:1
quitanieves	NOUN:1
quitar	VERB:8
quite	NOUN:2
quiteria	PROPN:1
quiteño	ADJ:1	NOUN:1
quito	PROPN:2	ADJ:2
quiz	NOUN:1
quizá	ADV:1
quizás	ADV:1
quién	PRON:2
quiñones	PROPN:1
quiñónez	PROPN:1
quorum	NOUN:1
qué	DET:2	ADV:2	PRON:1	INTJ:1
química	NOUN:2
químicamente	ADV:1
químico	ADJ:1	NOUN:1
quíos	PROPN:1
quórum	NOUN:1
qwerty	NOUN:1
r	NOUN:1
raba	NOUN:1
rabadilla	NOUN:1
rabanal	PROPN:1
rabat	PROPN:1
rabel	NOUN:1
rabia	NOUN:2
rabiar	VERB:2
rabieta	NOUN:1
rabillo	NOUN:3
rabino	NOUN:1
rabiosamente	ADV:1
rabioso	ADJ:3
rabo	NOUN:5
rabona	NOUN:1
rabí	NOUN:2
racha	NOUN:3
racial	ADJ:1
racialmente	ADV:1
racimo	NOUN:1
racing	PROPN:1
raciocinio	NOUN:1
racional	ADJ:2
racionalidad	NOUN:1
racionalismo	NOUN:1
racionalista	ADJ:1
racionalización	NOUN:1
racionalizar	VERB:2
racionalmente	ADV:1
racionamiento	NOUN:1
racionar	VERB:1
racismo	NOUN:1
racista	ADJ:1
ración	NOUN:2
rack	NOUN:1
rada	NOUN:1
radar	NOUN:2
radiación	NOUN:1
radiactividad	NOUN:1
radiactivo	ADJ:1
radiador	NOUN:2
radial	ADJ:2	NOUN:2
radiante	ADJ:3
radicación	NOUN:1
radical	ADJ:1	NOUN:1
radicalidad	NOUN:1
radicalismo	NOUN:1
radicalización	NOUN:1
radicalizar	VERB:1
radicalmente	ADV:1
radicar	VERB:3
radicular	ADJ:1
radio	NOUN:4
radioactividad	NOUN:1
radioactivo	ADJ:1
radioaficionado	NOUN:1
radiocomunicación	NOUN:1
radiodifusión	NOUN:1
radioeléctrico	ADJ:1
radiofrecuencia	NOUN:1
radiofónico	ADJ:1
radiografía	NOUN:1
radiología	NOUN:1
radiológico	ADJ:1
radionovela	NOUN:1
radioteatro	NOUN:1
radiotelevisión	NOUN:2
radioterapia	NOUN:1
radiólogo	NOUN:1
radón	NOUN:1
rae	NOUN:1
rafa	NOUN:1	PROPN:1
rafael	PROPN:3
rafaela	PROPN:2
rafi	PROPN:1
rafia	NOUN:1
rafting	NOUN:1
raga	NOUN:1
rai	NOUN:1
raid	NOUN:3
raigambre	NOUN:2
rail	NOUN:1
raimundo	PROPN:1
raja	NOUN:7
rajar	VERB:6
rajastán	PROPN:1
rajoy	PROPN:1
rajput	NOUN:1
rajá	NOUN:1
ralea	NOUN:1
ralentización	NOUN:1
ralentizar	VERB:1
rallado	ADJ:3
rallador	NOUN:1
ralladura	NOUN:1
rallar	VERB:1
rallo	NOUN:1	PROPN:1
rally	NOUN:1
ram	NOUN:1
rama	NOUN:2
ramada	NOUN:2
ramadán	NOUN:1
ramaje	NOUN:1
ramal	NOUN:4
ramala	PROPN:1
rambla	NOUN:3
ramen	NOUN:1
ramera	NOUN:1
ramificación	NOUN:1
ramillete	NOUN:2
ramiro	PROPN:1
ramo	NOUN:3
ramona	PROPN:1
ramos	PROPN:1
rampa	NOUN:2
rampante	ADJ:1
rampla	NOUN:1
ramsés	PROPN:1
ramírez	PROPN:1
ramón	NOUN:2	PROPN:2
rana	NOUN:1
rancagua	PROPN:2
ranchera	NOUN:2
ranchero	NOUN:1	ADJ:1
ranchería	NOUN:1
rancho	NOUN:4
rancio	ADJ:5	NOUN:1
randa	NOUN:1
randazzo	PROPN:1
random	ADJ:1	NOUN:1
rangel	PROPN:1
rango	NOUN:3
rangún	PROPN:1
rankin	NOUN:1
ranking	NOUN:1
ransomware	NOUN:1
ranura	NOUN:1
rap	NOUN:1
rapanui	NOUN:1
rapar	VERB:5
rapaz	ADJ:2	NOUN:2
rape	NOUN:2
rapear	VERB:1
rapel	NOUN:1
rapero	ADJ:1	NOUN:1
rapidez	NOUN:1
rapidito	NOUN:1
rapiña	NOUN:1
raposo	NOUN:1
rappel	NOUN:1
rapper	NOUN:1
rapsodia	NOUN:1
raptar	VERB:1
rapto	NOUN:1
raptor	NOUN:1
rapunzel	PROPN:1
rapé	NOUN:1
raquel	PROPN:2
raqueta	NOUN:3
raquis	NOUN:1
raquitismo	NOUN:1
raquídeo	ADJ:1
raquítico	ADJ:3
raramente	ADV:1
rareza	NOUN:2
rarito	ADJ:1
raro	ADJ:2
ras	NOUN:1
rasante	ADJ:1
rasca	ADJ:1	NOUN:2
rascacielos	NOUN:1
rascador	NOUN:3
rascar	VERB:3
rascón	NOUN:1
rasero	NOUN:2
rasgado	NOUN:1
rasgar	VERB:3
rasgo	NOUN:2
rasguño	NOUN:1
raso	NOUN:2	ADJ:3
raspa	NOUN:2
raspado	NOUN:2
raspar	VERB:3
rasputín	PROPN:1	NOUN:1
rasta	ADJ:1	NOUN:2
rastafari	ADJ:1
rastra	NOUN:3
rastreable	ADJ:1
rastreador	NOUN:3
rastrear	VERB:3
rastreo	NOUN:2
rastrero	ADJ:2
rastrillo	NOUN:6
rastro	NOUN:6
rastrojo	NOUN:3
rasurado	NOUN:2
rasurar	VERB:2
rata	NOUN:4	ADJ:3
ratero	NOUN:1
rati	NOUN:1
ratico	NOUN:1
ratificación	NOUN:1
ratificar	VERB:1
rating	NOUN:2
ratio	NOUN:1
ratisbona	PROPN:1
rato	NOUN:3
ratona	NOUN:1
ratonera	NOUN:3
ratón	NOUN:3
rauda	NOUN:1	PROPN:1
raudo	ADJ:1
rave	NOUN:1	PROPN:1
ravioli	NOUN:1
raya	NOUN:6	PROPN:1
rayado	ADJ:3	NOUN:2
rayar	VERB:4
raymundo	PROPN:1
rayo	NOUN:2	PROPN:2
rayuela	NOUN:1
rayón	NOUN:2
raza	NOUN:8
razon	PROPN:1
razonabilidad	NOUN:1
razonable	ADJ:1
razonablemente	ADV:1
razonado	ADJ:1
razonamiento	NOUN:1
razonar	VERB:2
razón	NOUN:5
raíz	NOUN:4
raña	NOUN:1
raúl	PROPN:1
rca	PROPN:1
rcp	NOUN:1
rda	PROPN:1
re	NOUN:1	ADV:2
rea	PROPN:2
reabastecimiento	NOUN:1
reabrir	VERB:1
reabsorción	NOUN:1
reaccionar	VERB:1
reaccionario	ADJ:1
reacción	NOUN:3
reacio	ADJ:1
reacomodar	VERB:3
reacondicionamiento	NOUN:1
reactivación	NOUN:1
reactivar	VERB:1
reactividad	NOUN:1
reactivo	ADJ:1	NOUN:1
reactor	NOUN:4
readaptación	NOUN:1
reading	NOUN:1
readmisión	NOUN:1
reafirmación	NOUN:1
reafirmar	VERB:1
reagrupación	NOUN:1
reagrupamiento	NOUN:1
reagrupar	VERB:2
reajustar	VERB:1
reajuste	NOUN:1
real	ADJ:2	NOUN:3	INTJ:1
realce	NOUN:1
realengo	ADJ:2	NOUN:1
realeza	NOUN:1
realidad	NOUN:2
realimentación	NOUN:1
realismo	NOUN:2
realista	ADJ:2	NOUN:1
reality	NOUN:1
realizable	ADJ:1
realización	NOUN:5
realizador	ADJ:1	NOUN:1
realizar	VERB:7
realmente	ADV:1
realzar	VERB:2
reanimación	NOUN:1
reanimar	VERB:2
reanudación	NOUN:1
reanudar	VERB:1
reaparecer	VERB:1
reaparición	NOUN:2
reapertura	NOUN:1
rearmar	VERB:1
rearme	NOUN:1
reaseguro	NOUN:2
reasentamiento	NOUN:1
reasignación	NOUN:1
reasignar	VERB:1
reasumir	VERB:1
reata	NOUN:4
reavivar	VERB:1
rebaja	NOUN:2
rebajar	VERB:2
rebaje	NOUN:1
rebajo	NOUN:1
rebanada	NOUN:1
rebanar	VERB:1
rebasar	VERB:3
rebase	NOUN:1
rebatir	VERB:2
rebaño	NOUN:3
rebe	NOUN:1
rebeca	PROPN:2	NOUN:1
rebelar	VERB:2
rebelde	ADJ:2	NOUN:1
rebeldía	NOUN:2
rebelión	NOUN:1
rebobinar	VERB:1
rebollar	NOUN:1
rebolledo	PROPN:1
rebollo	NOUN:2
reboot	NOUN:1
reborde	NOUN:1
rebosante	ADJ:1
rebosar	VERB:1
rebotar	VERB:3
rebote	NOUN:3
rebozado	ADJ:1
rebozo	NOUN:1
rebrote	NOUN:2
rebufo	NOUN:2
rebuscado	ADJ:1
rebuscar	VERB:3
recabar	VERB:3
recado	NOUN:3
recaer	VERB:2
recalar	VERB:4
recalcar	VERB:4
recalcitrante	ADJ:1
recalde	PROPN:1
recalentamiento	NOUN:1
recalentar	VERB:2
recalificación	NOUN:1
recambio	NOUN:1
recapacitar	VERB:1
recapitalización	NOUN:1
recapitulación	NOUN:1
recapitular	VERB:1
recaptura	NOUN:1
recarga	NOUN:3
recargable	ADJ:1
recargar	VERB:2
recargo	NOUN:1
recatado	ADJ:2
recato	NOUN:1
recaudación	NOUN:2
recaudador	NOUN:1
recaudar	VERB:1
recaudatorio	ADJ:1
recaudo	NOUN:1
recaída	NOUN:1
recelo	NOUN:2
receloso	ADJ:2
recensión	NOUN:1
recepcionista	NOUN:1
recepción	NOUN:1
receptividad	NOUN:1
receptivo	ADJ:1
receptor	ADJ:1	NOUN:2
receptáculo	NOUN:1
recesivo	ADJ:2
recesión	NOUN:1
receso	NOUN:2
receta	NOUN:2
recetar	VERB:1
recetario	NOUN:2
rechazar	VERB:3
rechazo	NOUN:3
rechinar	VERB:2
rechistar	VERB:1
rechoncho	ADJ:1
recibidor	NOUN:3
recibimiento	NOUN:1
recibir	VERB:4
recibo	NOUN:3
reciclable	ADJ:1
reciclado	NOUN:1
reciclador	ADJ:1	NOUN:1
reciclaje	NOUN:1
reciclar	VERB:1
recidiva	NOUN:1
reciente	ADJ:1	NOUN:1
recientemente	ADV:1
recife	PROPN:1
recinto	NOUN:3
recio	ADJ:3	ADV:2	NOUN:1	PROPN:1
recipiente	NOUN:2
reciprocidad	NOUN:1
recirculación	NOUN:1
recitación	NOUN:1
recitado	NOUN:1
recital	NOUN:2
recitar	VERB:1
recién	ADV:3
reclamación	NOUN:1
reclamante	ADJ:1	NOUN:1
reclamar	VERB:7
reclame	NOUN:2
reclamo	NOUN:4
reclasificación	NOUN:1
reclusión	NOUN:2
recluso	ADJ:1	NOUN:1
reclusorio	NOUN:1
reclutador	NOUN:1
reclutamiento	NOUN:1
reclutar	VERB:1
recobrar	VERB:2
recobro	NOUN:1
recocido	ADJ:1	NOUN:1
recodo	NOUN:1
recogedor	ADJ:1	NOUN:2
recoger	VERB:8
recogida	NOUN:3
recogido	ADJ:2
recogimiento	NOUN:2
recolección	NOUN:3
recolectar	VERB:1
recolector	NOUN:2
recoleta	PROPN:3
recolocación	NOUN:1
recolocar	VERB:2
recombinación	NOUN:1
recombinante	ADJ:1
recomendable	ADJ:1
recomendación	NOUN:1
recomendar	VERB:1
recomenzar	VERB:1
recompensa	NOUN:3
recompensar	VERB:3
recomponer	VERB:3
recomposición	NOUN:1
recompra	NOUN:1
recomprar	VERB:1
reconciliación	NOUN:1
reconciliar	VERB:1
reconducir	VERB:3
reconectar	VERB:1
reconexión	NOUN:1
reconfiguración	NOUN:1
reconfigurar	VERB:1
reconfortante	ADJ:1
reconocer	VERB:3
reconocible	ADJ:1
reconocimiento	NOUN:2
reconquista	PROPN:1	NOUN:1
reconquistar	VERB:1
reconsideración	NOUN:1
reconsiderar	VERB:1
reconstitución	NOUN:1
reconstituir	VERB:1
reconstituyente	ADJ:1	NOUN:1
reconstrucción	NOUN:1
reconstruir	VERB:1
reconteo	NOUN:1
reconversión	NOUN:1
reconvertir	VERB:1
recopa	NOUN:1
recopilación	NOUN:2
recopilador	NOUN:1
recopilar	VERB:1
recopilatorio	ADJ:1	NOUN:1
record	NOUN:1
recordación	NOUN:1
recordar	VERB:3
recordatorio	ADJ:1	NOUN:2
records	NOUN:1
recorrer	VERB:2
recorrida	NOUN:1
recorrido	NOUN:3
recortada	NOUN:1
recortado	ADJ:3
recortar	VERB:3
recorte	NOUN:6
recostar	VERB:2
recreacional	ADJ:1
recreación	NOUN:1
recrear	VERB:3
recreativo	ADJ:1
recreo	NOUN:3
recriminar	VERB:2
recrudecimiento	NOUN:2
recta	NOUN:2
rectal	ADJ:1
rectangular	ADJ:1
rectificación	NOUN:1
rectificador	NOUN:1
rectificar	VERB:1
rectilíneo	ADJ:2
rectitud	NOUN:2
recto	ADJ:5	NOUN:2
rector	ADJ:1	NOUN:1
rectorado	NOUN:2
rectoral	ADJ:1
rectoría	NOUN:1
rectángulo	NOUN:1
recuadro	NOUN:2
recubrimiento	NOUN:1
recubrir	VERB:1
recuento	NOUN:3
recuerdo	NOUN:2
recular	VERB:2
recuperable	ADJ:1
recuperación	NOUN:2
recuperador	NOUN:1
recuperar	VERB:2
recurrencia	NOUN:1
recurrente	ADJ:1
recurrentemente	ADV:1
recurrir	VERB:5
recursivo	ADJ:1
recurso	NOUN:5
recusación	NOUN:1
recusar	VERB:1
recámara	NOUN:2
recíprocamente	ADV:1
recíproco	ADJ:1
recóndito	ADJ:1
red	NOUN:8
redacción	NOUN:3
redactar	VERB:2
redactor	NOUN:1
redada	NOUN:3
redecilla	NOUN:3
rededor	NOUN:1
redefinición	NOUN:1
redefinir	VERB:1
redención	NOUN:1
redentor	NOUN:1	ADJ:1
redescubrimiento	NOUN:1
redescubrir	VERB:1
redil	NOUN:1
redimir	VERB:6
redireccionar	VERB:1
redirección	NOUN:1
redirigir	VERB:1
rediseñar	VERB:1
rediseño	NOUN:1
redistribución	NOUN:1
redistribuir	VERB:1
redistributivo	ADJ:1
redituable	ADJ:1
redoblar	VERB:1
redoble	NOUN:1
redoma	NOUN:2
redonda	NOUN:4
redondear	VERB:4
redondel	NOUN:1
redondeo	NOUN:1
redondez	NOUN:1
redondo	ADJ:3	PROPN:1
redox	ADJ:1
reduccionismo	NOUN:1
reduccionista	ADJ:1
reducción	NOUN:2
reducido	ADJ:1
reducir	VERB:4
reducto	NOUN:1
reductor	ADJ:1	NOUN:2
redundancia	NOUN:2
redundante	ADJ:1
redundar	VERB:2
reedición	NOUN:1
reedificación	NOUN:1
reeditar	VERB:1
reeducación	NOUN:1
reeducar	VERB:1
reelaboración	NOUN:1
reelección	NOUN:1
reelegir	VERB:1
reembolsable	ADJ:1
reembolsar	VERB:1
reembolso	NOUN:1
reemplazable	ADJ:1
reemplazante	ADJ:1	NOUN:1
reemplazar	VERB:2
reemplazo	NOUN:1
reencarnación	NOUN:1
reencarnado	ADJ:1
reencarnar	VERB:1
reencontrar	VERB:1
reencuentro	NOUN:1
reenviar	VERB:3
reenvío	NOUN:1
reescribir	VERB:2
reescritura	NOUN:1
reestablecer	VERB:3
reestreno	NOUN:2
reestructuración	NOUN:2
reestructurar	VERB:1
reevaluación	NOUN:1
reevaluar	VERB:1
reexaminar	VERB:1
refacción	NOUN:3
refectorio	NOUN:1
referee	NOUN:1
referencia	NOUN:1
referencial	ADJ:1
referenciar	VERB:1
referendo	NOUN:1
referente	ADJ:1	NOUN:2
referir	VERB:3
referéndum	NOUN:2
referí	NOUN:1
refinación	NOUN:1
refinado	ADJ:1
refinamiento	NOUN:2
refinanciación	NOUN:1
refinanciar	VERB:1
refinar	VERB:1
refinería	NOUN:1
reflectante	ADJ:1
reflector	ADJ:1	NOUN:2
reflejar	VERB:1
reflejo	NOUN:2
reflexionar	VERB:2
reflexivo	ADJ:1
reflexión	NOUN:1
reflotar	VERB:1
reflujo	NOUN:2
reforestación	NOUN:1
reforestar	VERB:1
reforma	NOUN:1
reformado	ADJ:1
reformador	ADJ:1	NOUN:1
reformar	VERB:1
reformatorio	ADJ:1	NOUN:1
reformismo	NOUN:1
reformista	ADJ:1
reformulación	NOUN:1
reformular	VERB:3
reforzado	ADJ:1
reforzamiento	NOUN:2
reforzar	VERB:3
refracción	NOUN:1
refractario	ADJ:3
refranero	NOUN:1
refrenar	VERB:1
refrendar	VERB:1
refrendo	NOUN:2
refrescante	ADJ:1
refrescar	VERB:3
refresco	NOUN:3
refri	NOUN:1
refriega	NOUN:1
refrigeración	NOUN:1
refrigerador	ADJ:1	NOUN:1
refrigeradora	NOUN:1
refrigerante	ADJ:1	NOUN:1
refrigerar	VERB:1
refrigerio	NOUN:3
refrito	NOUN:2	ADJ:1
refrán	NOUN:2
refuerzo	NOUN:5
refugiado	ADJ:1	NOUN:1
refugiar	VERB:2
refugio	NOUN:2
refundación	NOUN:1
refundar	VERB:1
refundido	ADJ:2	VERB:1
refutación	NOUN:1
refutar	VERB:1
regadera	NOUN:3
regadío	NOUN:1
regalado	VERB:3
regalar	VERB:3
regalito	NOUN:2
regaliz	NOUN:1
regalo	NOUN:1
regalía	NOUN:3
regar	VERB:6
regata	NOUN:1
regate	NOUN:2
regatear	VERB:2
regateo	NOUN:1
regazo	NOUN:1
regañar	VERB:3
regaño	NOUN:1
regencia	NOUN:1
regeneración	NOUN:1
regenerador	ADJ:1
regenerar	VERB:1
regenerativo	ADJ:1
regente	NOUN:1
reggae	NOUN:1
reggaeton	NOUN:1
reggaetón	NOUN:1
regidor	NOUN:1	PROPN:1
regimiento	NOUN:1
regino	PROPN:2
regio	ADJ:4	ADV:1
regiomontano	ADJ:1	NOUN:1
regional	ADJ:1
regionalismo	NOUN:2
regionalista	ADJ:1
regionalización	NOUN:1
regionalmente	ADV:1
regir	VERB:2
registración	NOUN:1
registrador	NOUN:4
registraduría	NOUN:1
registral	ADJ:1
registrar	VERB:3
registro	NOUN:8
región	NOUN:1
regla	NOUN:3
reglamentación	NOUN:1
reglamentar	VERB:1
reglamentariamente	ADV:1
reglamentario	ADJ:3
reglamento	NOUN:1
regocijo	NOUN:2
regodearse	VERB:2
regodeo	NOUN:2
regordete	ADJ:1
regresar	VERB:1
regresivo	ADJ:1
regresión	NOUN:1
regreso	NOUN:1
reguera	NOUN:2
reguero	NOUN:5
reguetón	NOUN:1
regulable	ADJ:1
regulación	NOUN:2
regulado	ADJ:1
regulador	ADJ:1	NOUN:1
regular	VERB:4	ADJ:4
regularidad	NOUN:1
regularización	NOUN:1
regularizar	VERB:2
regularmente	ADV:1
regulatorio	ADJ:1
regusto	NOUN:1
rehabilitación	NOUN:3
rehabilitar	VERB:1
rehacer	VERB:2
rehecho	ADJ:1
rehidratación	NOUN:1
rehuir	VERB:2
rehusar	VERB:1
rehén	NOUN:1
reich	NOUN:1
reiki	NOUN:1
reikiavik	PROPN:1
reimpresión	NOUN:1
reimprimir	VERB:1
reina	NOUN:2	PROPN:2
reinado	NOUN:1
reinaldo	PROPN:1
reinante	ADJ:2
reinar	VERB:1
reinauguración	NOUN:1
reincidencia	NOUN:1
reincidente	ADJ:1	NOUN:1
reincidir	VERB:1
reincorporación	NOUN:1
reincorporar	VERB:1
reingeniería	NOUN:1
reingresar	VERB:2
reingreso	NOUN:1
reiniciar	VERB:3
reinicio	NOUN:1
reinita	NOUN:1
reino	NOUN:2
reinserción	NOUN:1
reinsertar	VERB:2
reinstalación	NOUN:1
reinstalar	VERB:1
reinstauración	NOUN:1
reinstaurar	VERB:1
reintegración	NOUN:1
reintegrar	VERB:2
reintegro	NOUN:2
reinterpretación	NOUN:1
reinterpretar	VERB:1
reintroducción	NOUN:1
reintroducir	VERB:2
reinvención	NOUN:1
reinventar	VERB:2
reinversión	NOUN:1
reinvertir	VERB:1
reir	VERB:1
reiteración	NOUN:1
reiteradamente	ADV:1
reiterado	ADJ:2
reiterar	VERB:3
reiterativo	ADJ:2
reivindicación	NOUN:2
reivindicar	VERB:4
reivindicativo	ADJ:1
reja	NOUN:3
rejilla	NOUN:2
rejoneador	NOUN:1
rejuvenecer	VERB:1
rejuvenecimiento	NOUN:1
rejón	NOUN:1
relacionado	ADJ:1
relacional	ADJ:1
relacionamiento	NOUN:1
relacionar	VERB:1
relación	NOUN:2
relajación	NOUN:4
relajado	ADJ:4
relajamiento	NOUN:1
relajante	ADJ:2
relajar	VERB:4
relajo	NOUN:1
relanzamiento	NOUN:1
relanzar	VERB:1
relatar	VERB:3
relativamente	ADV:1
relatividad	NOUN:2
relativismo	NOUN:1
relativista	ADJ:1
relativizar	VERB:1
relativo	ADJ:1
relato	NOUN:3
relator	NOUN:2
relatoría	NOUN:1
relax	NOUN:1	INTJ:1
relectura	NOUN:1
releer	VERB:1
relegación	NOUN:1
relegar	VERB:1
relevamiento	NOUN:1
relevancia	NOUN:1
relevante	ADJ:1
relevar	VERB:1
relevista	NOUN:1
relevo	NOUN:3
relicario	NOUN:1
relieve	NOUN:1
religiosamente	ADV:1
religiosidad	NOUN:1
religioso	ADJ:1
religión	NOUN:1
reliquia	NOUN:2
rellano	NOUN:1
rellenar	VERB:4
relleno	ADJ:2	NOUN:4
relocalización	NOUN:1
reloj	NOUN:2
relojero	NOUN:1
relojería	NOUN:2
relojito	NOUN:1
reluciente	ADJ:3
relucir	VERB:1
relámpago	NOUN:2
relé	NOUN:1
rem	X:1
rema	NOUN:1
remache	NOUN:2
remake	NOUN:1
remanente	ADJ:1	NOUN:1
remanso	NOUN:3	ADJ:1
remar	VERB:2
remarcable	ADJ:1
remarcar	VERB:3
remasterización	NOUN:1
rematadamente	ADV:1
rematado	ADJ:1
rematador	NOUN:1
rematar	VERB:5
remate	NOUN:8
remediación	NOUN:1
remediar	VERB:1
remedio	NOUN:3
remedo	NOUN:5
remembranza	NOUN:2
rememorar	VERB:1
remendar	VERB:1
remera	NOUN:5
remero	NOUN:1
remesa	NOUN:2
remezcla	NOUN:1
remiendo	NOUN:3
remigio	PROPN:2
reminiscencia	NOUN:3
reminiscente	ADJ:1
remisero	NOUN:1
remisión	NOUN:1
remitente	NOUN:1
remitir	VERB:5
remix	NOUN:1
remo	NOUN:3	PROPN:2
remoción	NOUN:1
remodelación	NOUN:1
remodelar	VERB:1
remojar	VERB:1
remojo	NOUN:1
remolacha	NOUN:4
remolcador	NOUN:1
remolcar	VERB:1
remolino	NOUN:4
remolque	NOUN:2
remontada	NOUN:1
remontado	NOUN:3
remontar	VERB:7
remordimiento	NOUN:1
remotamente	ADV:2
remoto	ADJ:1
removedor	NOUN:1
remover	VERB:4
removible	ADJ:1
remplazar	VERB:2
remuneración	NOUN:1
remunerar	VERB:1
remunerativo	ADJ:1
renacentista	ADJ:1
renacer	VERB:1
renacimiento	NOUN:2	PROPN:1
renacuajo	NOUN:2
renal	ADJ:1
renania	PROPN:1
renata	PROPN:1
renato	PROPN:1
renaud	PROPN:1
renault	PROPN:1
rencilla	NOUN:2
rencor	NOUN:1
rencoroso	ADJ:2
render	VERB:8
renderizar	VERB:1
rendición	NOUN:2
rendido	ADJ:1
rendija	NOUN:2
rendimiento	NOUN:2
rendir	VERB:8
rendón	PROPN:1
rene	NOUN:1
renegado	NOUN:1
renegar	VERB:5
renegociación	NOUN:1
renegociar	VERB:1
renfe	PROPN:1	NOUN:2
rengifo	PROPN:1
renglón	NOUN:2
rengo	ADJ:1	PROPN:1
reniego	NOUN:2
renina	NOUN:1
reno	NOUN:1
renombrar	VERB:1
renombre	NOUN:1
renovable	ADJ:1
renovación	NOUN:2
renovador	ADJ:1
renovar	VERB:2
renta	NOUN:3
rentabilidad	NOUN:1
rentabilizar	VERB:1
rentable	ADJ:1
rentar	VERB:2
rentería	PROPN:1
rentista	NOUN:1
renuencia	NOUN:1
renuente	ADJ:1
renuevo	NOUN:2
renuncia	NOUN:1
renunciante	ADJ:1
renunciar	VERB:5
renuncio	NOUN:2
renzo	PROPN:1
rené	PROPN:1
reo	NOUN:4	ADJ:2
reordenación	NOUN:1
reordenamiento	NOUN:1
reordenar	VERB:1
reorganización	NOUN:1
reorganizar	VERB:1
reorientación	NOUN:1
reorientar	VERB:1
reparación	NOUN:3
reparador	ADJ:3	NOUN:2
reparar	VERB:3
reparo	NOUN:2
repartición	NOUN:1
repartidor	NOUN:4
repartimiento	NOUN:2
repartir	VERB:3
reparto	NOUN:3
repasar	VERB:1
repaso	NOUN:1
repatriación	NOUN:1
repatriar	VERB:1
repavimentación	NOUN:1
repe	NOUN:1	ADJ:1
repechaje	NOUN:1
repelente	ADJ:1	NOUN:2
repeler	VERB:2
repensar	VERB:1
repente	NOUN:2
repentinamente	ADV:1
repentino	ADJ:1
repercusión	NOUN:2
repercutir	VERB:3
repertorio	NOUN:1
repesca	NOUN:2
repetición	NOUN:3
repetidamente	ADV:1
repetido	ADJ:1
repetidor	NOUN:2
repetir	VERB:7
repetitivo	ADJ:1
repicar	VERB:2
repique	NOUN:1
repisa	NOUN:1
replanteamiento	NOUN:1
replantear	VERB:1
replanteo	NOUN:1
repleto	ADJ:1
replicación	NOUN:1
replicante	ADJ:1	NOUN:1
replicar	VERB:2
repliegue	NOUN:2
repo	NOUN:1
repoblación	NOUN:1
repoblar	VERB:1
repollo	NOUN:1
reponer	VERB:4
reportaje	NOUN:1
reportar	VERB:1
reporte	NOUN:1
reportero	NOUN:1
reposado	ADJ:1
reposar	VERB:1
reposera	NOUN:1
reposicionamiento	NOUN:1
reposición	NOUN:4
repositorio	NOUN:1
reposo	NOUN:1
repostaje	NOUN:1
repostar	VERB:2
repostero	NOUN:2
repostería	NOUN:2
reprender	VERB:1
represa	NOUN:3
represalia	NOUN:1
representación	NOUN:1
representante	NOUN:1
representar	VERB:2
representatividad	NOUN:1
representativo	ADJ:1
represivo	ADJ:1
represión	NOUN:1
represor	ADJ:1
reprimenda	NOUN:1
reprimir	VERB:2
reprobable	ADJ:1
reprobación	NOUN:2
reprobar	VERB:2
reprocesamiento	NOUN:1
reprochable	ADJ:1
reprochar	VERB:1
reproche	NOUN:2
reproducción	NOUN:6
reproducir	VERB:3
reproductivo	ADJ:1
reproductor	ADJ:1	NOUN:3
reprogramación	NOUN:1
reprogramar	VERB:2
reptil	ADJ:1	NOUN:1
reptiliano	ADJ:1
republicanismo	NOUN:1
republicano	ADJ:1	NOUN:1
repudiable	ADJ:1
repudiar	VERB:1
repudio	NOUN:1
repuesto	NOUN:1
repugnancia	NOUN:2
repugnante	ADJ:2
repujado	NOUN:1
repulsivo	ADJ:2
repulsión	NOUN:1
repuntar	VERB:1
repunte	NOUN:1
reputación	NOUN:1
reputado	ADJ:1
república	NOUN:1
requejo	PROPN:1
requerimiento	NOUN:2
requerir	VERB:2
requesón	NOUN:2
requirente	ADJ:1
requisa	NOUN:2
requisar	VERB:2
requisito	ADJ:1	NOUN:2
rer	X:1
resaca	NOUN:6
resaltante	ADJ:1
resaltar	VERB:5
resalte	VERB:1
resalto	NOUN:3
resarcimiento	NOUN:1
resarcir	VERB:2
resbaladizo	ADJ:1
resbalar	VERB:5
resbaloso	ADJ:2
resbalón	NOUN:3
rescatable	ADJ:1
rescatar	VERB:1
rescate	NOUN:3
rescatista	NOUN:1
rescindir	VERB:1
rescisión	NOUN:2
resección	NOUN:1
reseco	ADJ:2
resentido	ADJ:1	NOUN:2
resentimiento	NOUN:1
resentir	VERB:1
resequedad	NOUN:1
reserva	NOUN:8
reservación	NOUN:1
reservado	ADJ:4
reservar	VERB:8
reservista	NOUN:1
reservorio	NOUN:1
reset	NOUN:1
resetear	VERB:1
reseña	NOUN:2
reseñable	ADJ:1
reseñar	VERB:1
resfriado	ADJ:1	NOUN:2
resfriar	VERB:2
resfrío	NOUN:1
resguardar	VERB:2
resguardo	NOUN:4
residencia	NOUN:5
residencial	ADJ:1
residente	ADJ:1	NOUN:1
residir	VERB:2
residual	ADJ:1
residuo	NOUN:2
resignación	NOUN:1
resignado	ADJ:1
resignar	VERB:2
resiliencia	NOUN:1
resiliente	ADJ:1
resina	NOUN:1
resistencia	NOUN:5	PROPN:1
resistente	ADJ:2
resistir	VERB:3
resistividad	NOUN:1
resolución	NOUN:1
resolutivo	ADJ:1
resolver	VERB:4
resonador	ADJ:1	NOUN:1
resonancia	NOUN:2
resonante	ADJ:1
resonar	VERB:4
resort	NOUN:1
resorte	NOUN:2
respaldar	VERB:2
respaldo	NOUN:3
respectivamente	ADV:1
respectivo	ADJ:1
respecto	NOUN:1
respetabilidad	NOUN:1
respetable	ADJ:2
respetar	VERB:1
respeto	NOUN:1
respetuosamente	ADV:1
respetuoso	ADJ:1
respirable	ADJ:1
respiración	NOUN:2
respiradero	NOUN:1
respirador	NOUN:2
respirar	VERB:1
respiratorio	ADJ:1
respiro	NOUN:3
resplandecer	VERB:1
resplandeciente	ADJ:4
resplandor	NOUN:1
responder	VERB:5
responsabilidad	NOUN:3
responsabilizar	VERB:2
responsable	ADJ:1	NOUN:1
responsablemente	ADV:2
responso	NOUN:3
respuesta	NOUN:1
resquemor	NOUN:2
resquicio	NOUN:6
resta	NOUN:1
restablecer	VERB:3
restablecimiento	NOUN:1
restante	ADJ:1	NOUN:1
restar	VERB:3
restauración	NOUN:3
restaurador	NOUN:2
restaurante	NOUN:1
restaurar	VERB:1
restinga	NOUN:1
restitución	NOUN:1
restituir	VERB:1
resto	NOUN:2
restorán	NOUN:1
restregar	VERB:2
restrepo	PROPN:1
restricción	NOUN:2
restrictivo	ADJ:1
restringido	ADJ:1
restringir	VERB:2
restructuración	NOUN:2
resucitación	NOUN:2
resucitar	VERB:1
resueltamente	ADV:1
resultado	NOUN:3
resultante	ADJ:1
resultar	VERB:4
resumen	NOUN:2
resumidamente	ADV:1
resumido	ADJ:1
resumir	VERB:1
resurgimiento	NOUN:1
resurgir	VERB:1
resurrección	NOUN:1
retablo	NOUN:2
retador	ADJ:1	NOUN:1
retaguardia	NOUN:1
retahíla	NOUN:1
retail	NOUN:1
retalhuleu	PROPN:1
retaliación	NOUN:1
retama	NOUN:1
retamar	NOUN:1
retar	VERB:4
retardado	ADJ:1	NOUN:1
retardar	VERB:2
retardo	NOUN:1
retazo	NOUN:2
retención	NOUN:2
retenedor	NOUN:1
retener	VERB:5
reticencia	NOUN:1
reticente	ADJ:1
reticulado	ADJ:1
reticular	ADJ:1
retina	NOUN:1
retinopatía	NOUN:1
retirada	NOUN:1
retirar	VERB:4
retiro	NOUN:4	PROPN:2
reto	NOUN:3
retocar	VERB:1
retomar	VERB:2
retoque	NOUN:1
retorcer	VERB:3
retorcido	ADJ:2
retornar	VERB:2
retorno	NOUN:1
retozar	VERB:3
retoño	NOUN:2
retracción	NOUN:1
retractación	NOUN:1
retractar	VERB:2
retracto	NOUN:2
retraer	VERB:3
retransmisión	NOUN:1
retransmitir	VERB:2
retrasado	ADJ:2	NOUN:1
retrasar	VERB:1
retraso	NOUN:1
retratar	VERB:3
retratista	NOUN:1
retrato	NOUN:3
retraído	ADJ:1
retrete	NOUN:1
retribución	NOUN:2
retribuir	VERB:2
retriever	NOUN:1
retro	ADJ:1
retroactivamente	ADV:1
retroactividad	NOUN:1
retroactivo	ADJ:1
retroalimentación	NOUN:1
retroceder	VERB:5
retroceso	NOUN:4
retroexcavadora	NOUN:1
retrospectiva	NOUN:1
retrospectivamente	ADV:1
retrospectivo	ADJ:1
retrotraer	VERB:2
retrovirus	NOUN:1
retrovisor	NOUN:1
retráctil	ADJ:1
retrógrado	ADJ:2	NOUN:1
retuit	NOUN:1
retuitear	VERB:1
retumbar	VERB:3
retweet	NOUN:1
retén	NOUN:5
retícula	NOUN:1
retículo	NOUN:3
retórica	NOUN:1
retóricamente	ADV:1
retórico	ADJ:1
reubicación	NOUN:2
reubicar	VERB:1
reuma	NOUN:1
reumatismo	NOUN:1
reumatoide	ADJ:1
reumatología	NOUN:1
reunificación	NOUN:1
reunificar	VERB:1
reunir	VERB:8
reunión	NOUN:6	PROPN:1
reurbanización	NOUN:1
reus	PROPN:1
reuso	NOUN:1
reutemann	PROPN:1
reutilizable	ADJ:1
reutilización	NOUN:1
reutilizar	VERB:1
revalidación	NOUN:1
revalidar	VERB:1
revalorización	NOUN:1
revalorizar	VERB:1
revaluación	NOUN:1
revancha	NOUN:2
revanchismo	NOUN:2
revanchista	ADJ:1
revelación	NOUN:3
revelador	ADJ:2	NOUN:1
revelar	VERB:2
revendedor	NOUN:2
revender	VERB:1
reventa	NOUN:1
reventado	ADJ:1
reventar	VERB:7
reventón	NOUN:3
rever	VERB:1
reverb	NOUN:1
reverberación	NOUN:1
reverdecer	VERB:2
reverencia	NOUN:1
reverencial	ADJ:1
reverendo	ADJ:2
reverente	ADJ:1
reversa	NOUN:1
reversible	ADJ:1
reversión	NOUN:1
reverso	NOUN:1
revertir	VERB:1
revestimiento	NOUN:5
revestir	VERB:4
revilla	PROPN:1
revisable	ADJ:1
revisar	VERB:2
revisionismo	NOUN:2
revisionista	ADJ:1
revisión	NOUN:2
revisor	ADJ:1	NOUN:2
revista	NOUN:2
revitalización	NOUN:1
revitalizar	VERB:1
revival	NOUN:1
revivir	VERB:2
revocable	ADJ:1
revocación	NOUN:1
revocar	VERB:1
revocatorio	ADJ:1
revoco	NOUN:1
revolcón	NOUN:2
revolear	VERB:1
revoltijo	NOUN:1
revoltoso	ADJ:1
revolucionar	VERB:1
revolucionario	ADJ:1
revolución	NOUN:2
revolver	VERB:8
revoque	NOUN:1
revuelo	NOUN:3
revuelta	NOUN:1
revuelto	ADJ:3
revulsivo	ADJ:2	NOUN:2
reválida	NOUN:1
revés	NOUN:5
revólver	NOUN:1
rey	NOUN:2	PROPN:2
reyerta	NOUN:1
reyezuelo	NOUN:1
reynaldo	PROPN:1
reyno	NOUN:2
reynosa	PROPN:2
reynoso	PROPN:1
rezagado	ADJ:1	NOUN:1
rezago	NOUN:1
rezar	VERB:2
rezo	NOUN:1
reír	VERB:1
reñido	ADJ:2
reñir	VERB:3
rfa	NOUN:1
rho	NOUN:1
rhodesia	PROPN:1
riachuelo	NOUN:1
riad	PROPN:1
riada	NOUN:1
rial	NOUN:1
riata	NOUN:2
riba	NOUN:1
ribadesella	PROPN:1
ribagorza	PROPN:1
ribeiro	NOUN:1
ribera	NOUN:1
ribereño	ADJ:1	NOUN:1
ribero	ADJ:1	NOUN:1
ribete	NOUN:3
rica	NOUN:1
ricachón	NOUN:1
ricamente	ADV:1
ricardo	PROPN:1
richard	PROPN:1
ricino	NOUN:1
rickshaw	NOUN:1
rico	ADJ:4	PROPN:2
ricota	NOUN:1
rictus	NOUN:1
ricura	NOUN:2
rider	NOUN:1
ridiculez	NOUN:1
ridiculización	NOUN:1
ridiculizar	VERB:1
ridruejo	PROPN:1
ridículamente	ADV:1
ridículo	ADJ:1	NOUN:1
riego	NOUN:1
riel	NOUN:2
rienda	NOUN:2
riesgo	NOUN:1
riesgoso	ADJ:1
rif	NOUN:1
rifa	NOUN:2
riff	NOUN:1
rifle	NOUN:1
riga	PROPN:1
right	NOUN:1
rigidez	NOUN:1
rigoberta	PROPN:1
rigoberto	PROPN:1
rigor	NOUN:1
rigurosamente	ADV:1
rigurosidad	NOUN:1
riguroso	ADJ:2
rija	NOUN:2
rijo	NOUN:1
rima	NOUN:4
rimar	VERB:1
rimbombante	ADJ:3
rimmel	NOUN:1
rin	NOUN:1	PROPN:1
rina	PROPN:1
rinconada	NOUN:1	PROPN:1
rincón	NOUN:5	PROPN:2
rinde	NOUN:1
ring	NOUN:1
ringtone	NOUN:1
rinitis	NOUN:1
rinoceronte	NOUN:1
rinoplastia	NOUN:1
rio	NOUN:1
riobamba	PROPN:1
riofrío	PROPN:1
riohacha	PROPN:1
rioja	PROPN:1	NOUN:1
riojano	ADJ:2	NOUN:2
rioplatense	ADJ:1	NOUN:1
riosucio	PROPN:2
ripio	NOUN:4
ripoll	PROPN:2
riquelme	PROPN:1
riqueza	NOUN:4
risa	NOUN:2
risaralda	PROPN:1
risco	NOUN:3
risible	ADJ:1
riso	NOUN:1
risotto	NOUN:1
ristra	NOUN:2
ristre	NOUN:1
risueño	ADJ:3
rita	PROPN:1
ritmo	NOUN:2
rito	NOUN:2
ritual	ADJ:1	NOUN:1
rival	ADJ:2
rivalidad	NOUN:1
rivalizar	VERB:1
rivas	PROPN:2
rivera	NOUN:1	PROPN:4
rivero	PROPN:1
rizado	ADJ:3	NOUN:2
rizal	ADJ:2
rizar	VERB:1
rizo	ADJ:1	NOUN:3
rizoma	NOUN:1
rizos	PROPN:1
riña	NOUN:1
riñonera	NOUN:2
riñón	NOUN:3
rm	NOUN:1
rna	NOUN:1
ro	NOUN:1
roa	PROPN:1
roadster	NOUN:1
roaming	NOUN:1
rob	NOUN:1
robar	VERB:4
rober	PROPN:1
roberta	PROPN:1
roberto	PROPN:1
roble	NOUN:5
robledo	NOUN:1
robles	PROPN:1
robo	NOUN:1
robocop	NOUN:1
robot	NOUN:1
robredo	NOUN:1
robustecer	VERB:1
robustez	NOUN:1
robusto	ADJ:3
robín	NOUN:1
robótico	ADJ:1
roca	NOUN:1	PROPN:1
rocanrol	NOUN:1
roce	NOUN:3
rocha	NOUN:1	PROPN:2
roche	NOUN:1
rocho	NOUN:1
rociada	NOUN:1
rociador	NOUN:1
rociar	VERB:3
rocinante	NOUN:2
rock	NOUN:1
rockabilly	NOUN:1
rockear	VERB:1
rocker	NOUN:1
rockero	ADJ:1	NOUN:2
rockola	NOUN:1
roco	ADJ:1
rococó	ADJ:1
rocoso	ADJ:1
rocío	PROPN:1	NOUN:5
roda	NOUN:1
rodadura	NOUN:1
rodaja	NOUN:1
rodaje	NOUN:2
rodamiento	NOUN:1
rodante	ADJ:1
rodar	VERB:4
rodas	PROPN:3
rodear	VERB:3
rodela	NOUN:1
rodeo	NOUN:3
rodero	ADJ:1
rodesia	PROPN:1
rodete	NOUN:4
rodilla	NOUN:1
rodillazo	NOUN:1
rodillo	NOUN:5
rodio	NOUN:2	ADJ:1
rodolfo	PROPN:1
rodri	PROPN:1
rodrigo	PROPN:2
rodrigues	PROPN:1
rodríguez	PROPN:1
roedor	ADJ:1	NOUN:1
roel	NOUN:1
roer	VERB:3
rogar	VERB:4
rogelio	PROPN:1
rohingya	ADJ:1
rojiblanco	ADJ:4	NOUN:4
rojinegro	ADJ:2	NOUN:1
rojizo	ADJ:1
rojo	ADJ:1	NOUN:3	PROPN:1
rol	NOUN:3
rola	NOUN:1
rolando	PROPN:1
roldán	PROPN:2
rolear	VERB:1
roleo	NOUN:1
rolling	NOUN:1
rollo	NOUN:8
rolo	NOUN:3
rom	NOUN:1	ADJ:1
roma	PROPN:3
romance	ADJ:1	NOUN:4
romancero	NOUN:2
romanización	NOUN:1
romano	ADJ:3	NOUN:2
romanticismo	NOUN:1
romantizar	VERB:1
romanza	NOUN:1
romaní	ADJ:1	NOUN:1
romaña	PROPN:1
rombo	NOUN:2
romeral	PROPN:1
romero	ADJ:1	NOUN:4	PROPN:1
romería	NOUN:1
romo	ADJ:2	NOUN:1
rompecabezas	NOUN:1
rompecorazones	NOUN:1
rompedor	ADJ:2	NOUN:2
rompehielos	NOUN:1
rompeolas	NOUN:1
romper	VERB:5
rompido	ADJ:1
rompimiento	NOUN:4
romualdo	PROPN:2
román	PROPN:1
románico	ADJ:2
románticamente	ADV:1
romántico	ADJ:1
ron	NOUN:1
ronaldo	PROPN:1
roncar	VERB:1
roncero	ADJ:1
roncesvalles	PROPN:2
roncha	NOUN:2
ronco	NOUN:1	ADJ:1
ronda	NOUN:3	PROPN:1
rondalla	NOUN:1
rondar	VERB:6
rondo	NOUN:1
rondó	NOUN:1
rondón	NOUN:2	PROPN:2
ronquido	NOUN:1
ronroneo	NOUN:1
rookie	NOUN:1
roomba	NOUN:1
rootear	VERB:1
ropa	NOUN:1
ropaje	NOUN:1
ropero	ADJ:1	NOUN:6
roque	NOUN:1	PROPN:2
roquefort	NOUN:1
roquero	ADJ:2	NOUN:3
ros	NOUN:1
rosa	NOUN:2	ADJ:1	PROPN:1
rosada	NOUN:1
rosado	ADJ:2	PROPN:1
rosal	NOUN:1
rosaleda	NOUN:1
rosales	PROPN:1
rosalina	PROPN:1
rosalía	PROPN:1
rosarino	ADJ:2	NOUN:2
rosario	NOUN:1	PROPN:2
rosaura	PROPN:1
rosca	NOUN:8
rosco	NOUN:3
rosedal	NOUN:1
rosendo	PROPN:2
roseta	NOUN:3
rosete	PROPN:1
rosetón	NOUN:1
rosi	PROPN:1
rosillo	ADJ:2	NOUN:1
roso	ADJ:1
rospigliosi	PROPN:1
rosquilla	NOUN:1
roster	NOUN:1
rostro	NOUN:1
rosy	PROPN:1
rosácea	NOUN:2
rotación	NOUN:1
rotar	VERB:1
rotario	ADJ:1
rotativo	ADJ:2	NOUN:2
rotatorio	ADJ:1
rotavirus	NOUN:1
roth	PROPN:1
rothschild	PROPN:1
roti	NOUN:1
rotonda	NOUN:2
rotor	NOUN:1
rottweiler	NOUN:1
rotulación	NOUN:1
rotulador	NOUN:1
rotular	VERB:2
rotundamente	ADV:1
rotundidad	NOUN:4
rotundo	ADJ:4
rotura	NOUN:3
round	NOUN:1
rousseau	PROPN:2
router	NOUN:1
roux	NOUN:1
roxana	PROPN:2
roxas	PROPN:2
roya	NOUN:1
royal	NOUN:2
royalties	NOUN:1
royalty	NOUN:1
rozamiento	NOUN:2
rozar	VERB:3
rozo	NOUN:1
roña	NOUN:7
roñoso	ADJ:4
rpc	PROPN:1
rpm	NOUN:1
rss	X:1	NOUN:1
ru	PROPN:1
ruan	PROPN:2
ruana	NOUN:1
ruanda	PROPN:1
ruandés	ADJ:1
ruano	ADJ:1
rubiales	PROPN:1
rubio	ADJ:1	NOUN:2	PROPN:1
rublo	NOUN:1
rubor	NOUN:2
rubro	NOUN:3
rubén	PROPN:2
rubéola	NOUN:1
rubí	NOUN:2
rubín	NOUN:2
ruca	NOUN:2
ruco	ADJ:2	NOUN:2
ruda	NOUN:1
rudamente	ADV:1
rudeza	NOUN:2
rudimentario	ADJ:1
rudo	ADJ:1	NOUN:1
rueca	NOUN:2
rueda	NOUN:4
ruedo	NOUN:3
ruego	NOUN:1
rufino	PROPN:2
rufián	NOUN:2
rufo	ADJ:1	PROPN:1
rugbier	NOUN:1
rugby	NOUN:1
rugido	NOUN:1
rugiente	ADJ:1
rugir	VERB:3
rugosidad	NOUN:1
rugoso	ADJ:1
ruibarbo	NOUN:1
ruido	NOUN:3
ruidosamente	ADV:1
ruidoso	ADJ:1
ruin	ADJ:4
ruina	NOUN:3
ruinoso	ADJ:2
ruiseñor	NOUN:2
ruiz	PROPN:1
ruleta	NOUN:2
rulfo	PROPN:1
rulli	PROPN:1
rulo	NOUN:4
rumania	PROPN:1
rumano	ADJ:2	NOUN:2
rumanía	PROPN:1
rumba	NOUN:2
rumbo	NOUN:2	PROPN:1
rumen	NOUN:1
rumor	NOUN:2
run	NOUN:1
runa	NOUN:2
runner	NOUN:1
running	NOUN:1
ruperto	PROPN:1
rupestre	ADJ:1
rupia	NOUN:1
ruptura	NOUN:2
rupturista	ADJ:1
rural	ADJ:1	NOUN:1
ruralidad	NOUN:1
rus	NOUN:1
rusia	PROPN:1
ruso	ADJ:1	NOUN:4
rusticidad	NOUN:3
rut	PROPN:3
ruta	NOUN:3
ruth	PROPN:1
rutilante	ADJ:1
rutina	NOUN:3
rutinariamente	ADV:1
rutinario	ADJ:1
ruy	PROPN:1
rábago	PROPN:1
rábano	NOUN:1
rábida	NOUN:1
ráfaga	NOUN:5
rápidamente	ADV:1
rápido	ADJ:1	ADV:1	NOUN:2
rávena	PROPN:2
récord	NOUN:1
rédito	NOUN:4
réflex	ADJ:1	NOUN:1
régimen	NOUN:3
régulo	PROPN:1	NOUN:1
rémora	NOUN:2
réplica	NOUN:4
réquiem	NOUN:2
ría	NOUN:1
rígidamente	ADV:1
rígido	ADJ:2
rímac	PROPN:2
rímel	NOUN:1
río	NOUN:1	PROPN:1
rítmicamente	ADV:1
rítmico	ADJ:1
róbalo	NOUN:2
ródano	PROPN:2
rómulo	PROPN:2
rótula	NOUN:1
rótulo	NOUN:8
rúa	NOUN:1
rúbrica	NOUN:3
rúcula	NOUN:1
rústico	ADJ:2
s	NOUN:1
saas	NOUN:1
saavedra	PROPN:2
sabadell	PROPN:1
sabalero	ADJ:1	NOUN:2
sabana	NOUN:1
sabandija	NOUN:2
sabater	PROPN:1
sabatino	ADJ:1
sabedor	ADJ:1
sabelotodo	NOUN:1
saber	VERB:7	NOUN:1
sabiamente	ADV:1
sabiduría	NOUN:2	PROPN:1
sabina	NOUN:2
sabino	ADJ:1
sabio	ADJ:2	NOUN:2
sablazo	NOUN:4
sable	ADJ:1	NOUN:3
sabo	NOUN:1
sabogal	NOUN:1
sabor	NOUN:2
saborear	VERB:2
saborizante	NOUN:1
sabotaje	NOUN:1
saboteador	NOUN:1
sabotear	VERB:1
saboya	PROPN:3
sabrina	PROPN:1
sabritas	NOUN:1
sabroso	ADJ:2
sabueso	NOUN:2
sabático	ADJ:1	NOUN:1
saca	NOUN:4	PROPN:1
sacacorchos	NOUN:1
sacapuntas	NOUN:1
sacar	VERB:8
sacarina	NOUN:1
sacarosa	NOUN:1
sacatepéquez	PROPN:1
sacerdocio	NOUN:1
sacerdotal	ADJ:1
sacerdote	NOUN:1
saciar	VERB:1
saciedad	NOUN:1
saco	NOUN:5
sacralidad	NOUN:1
sacramental	ADJ:1
sacramento	PROPN:1	NOUN:1
sacre	NOUN:1
sacrificar	VERB:2
sacrificial	ADJ:1
sacrificio	NOUN:2
sacrilegio	NOUN:1
sacristán	NOUN:2
sacristía	NOUN:1
sacro	ADJ:2	NOUN:1
sacrosanto	ADJ:1
sacrílego	ADJ:1
sacudida	NOUN:1
sacudido	ADJ:2
sacudir	VERB:6
sacudón	NOUN:1
sadismo	NOUN:1
sado	NOUN:1
sadomasoquismo	NOUN:1
sadomasoquista	ADJ:1
saeta	NOUN:4
safari	NOUN:1
safo	PROPN:1
saga	NOUN:1
sagacidad	NOUN:2
sagasti	PROPN:1
sagaz	ADJ:4
sagital	ADJ:1
sagitario	PROPN:1
sagrado	ADJ:1
sagrario	NOUN:1
sagrera	NOUN:1
sagunto	PROPN:1
sah	NOUN:1
sahagún	PROPN:3
sahara	PROPN:1
saharaui	ADJ:2	NOUN:1
sahariano	ADJ:1
sahel	PROPN:1
sai	NOUN:1
saigón	PROPN:1
sainete	NOUN:2
sainz	PROPN:1
sajonia	PROPN:2
sajón	ADJ:1
sake	NOUN:1
saki	NOUN:1
sakura	NOUN:1	PROPN:1
sal	NOUN:3
sala	NOUN:4	PROPN:1
saladero	NOUN:1
saladillo	NOUN:1
saladino	PROPN:1
salado	ADJ:8
salamanca	PROPN:2	NOUN:3
salamandra	NOUN:2
salame	NOUN:2	ADJ:1
salami	NOUN:1
salamina	PROPN:2
salar	NOUN:1	VERB:1
salarial	ADJ:1
salario	NOUN:2
salaverry	PROPN:1
salazar	PROPN:1
salazón	NOUN:2
salcedo	PROPN:1	NOUN:1
salchicha	NOUN:3
salchichón	NOUN:1
saldar	VERB:2
saldaña	PROPN:1
saldo	NOUN:1
saldívar	PROPN:1
salerno	PROPN:1
salero	NOUN:3
salesiano	ADJ:1
salgado	PROPN:1
salgar	PROPN:1
salicílico	ADJ:1
salida	NOUN:4
saliente	ADJ:3	NOUN:4
salina	NOUN:2
salinas	PROPN:1
salinidad	NOUN:1
salino	ADJ:1
salio	ADJ:1
salir	VERB:8
salitre	NOUN:1
saliva	NOUN:1
salles	VERB:1
salma	PROPN:1
salmantino	ADJ:1	NOUN:1
salmista	NOUN:1
salmo	NOUN:1
salmonella	NOUN:1
salmorejo	NOUN:1
salmuera	NOUN:1
salmón	NOUN:2
salobre	ADJ:2
salomón	PROPN:2
saloon	NOUN:1
salpicadero	NOUN:3
salpicar	VERB:2
salsa	NOUN:4
salsera	NOUN:2
salsero	ADJ:2	NOUN:1
salta	PROPN:2
saltado	ADJ:2
saltador	NOUN:3
saltamontes	NOUN:1
saltar	VERB:5
saltarín	ADJ:1	NOUN:1	PROPN:1
salteado	NOUN:1
saltear	VERB:2
salterio	NOUN:2
salteño	ADJ:1	NOUN:1
saltillo	NOUN:2
salto	NOUN:6	PROPN:2
saltos	NOUN:2	PROPN:1
salubridad	NOUN:1
salud	NOUN:1	INTJ:3
saludable	ADJ:1
saludablemente	ADV:1
saludar	VERB:2
saludo	NOUN:2
salutación	NOUN:2
salvación	NOUN:1
salvador	PROPN:1	NOUN:1
salvadoreño	ADJ:1
salvaguarda	NOUN:1
salvaguardar	VERB:1
salvaguardia	NOUN:1
salvajada	NOUN:1
salvaje	ADJ:2	NOUN:1
salvajemente	ADV:1
salvajismo	NOUN:1
salvamento	NOUN:2
salvar	VERB:4
salvataje	NOUN:1
salvatierra	PROPN:1
salvavidas	ADJ:1	NOUN:3
salve	INTJ:1
salvedad	NOUN:2
salvia	NOUN:1
salvo	ADJ:1	ADV:1	SCONJ:1
salvoconducto	NOUN:1
salzburgo	PROPN:2
salón	NOUN:5
salónica	PROPN:1
samaniego	PROPN:2
samanta	PROPN:1
samaná	PROPN:1
samarcanda	PROPN:1
samaria	PROPN:2
samario	NOUN:2	ADJ:1
samaritano	ADJ:1
samba	NOUN:1
sambo	NOUN:2
sami	NOUN:1
samir	PROPN:1
samoa	PROPN:1
sample	NOUN:1
samsara	NOUN:1
samu	PROPN:1
samudio	PROPN:1
samuel	PROPN:2
samurai	NOUN:1
samurái	NOUN:1
samán	NOUN:1
sanación	NOUN:1
sanador	ADJ:1	NOUN:1
sanamente	ADV:1
sanar	VERB:2
sanatorio	NOUN:1
sancha	PROPN:1
sancho	PROPN:1	NOUN:1
sancionable	ADJ:1
sancionador	ADJ:1	NOUN:1
sancionar	VERB:3
sanción	NOUN:1
sancocho	NOUN:1
sandalia	NOUN:1
sandez	NOUN:1
sandia	PROPN:1
sandinista	ADJ:1	NOUN:1
sandoval	PROPN:2
sandra	PROPN:1
sandwich	NOUN:3
sandía	NOUN:2
saneamiento	NOUN:3
sanear	VERB:4
sanedrín	NOUN:1
sanfermines	NOUN:1
sangrado	NOUN:2
sangrante	ADJ:1
sangrar	VERB:3
sangre	NOUN:1
sangriento	ADJ:1
sangría	NOUN:4
sanguijuela	NOUN:1
sanguinario	ADJ:1
sanguino	ADJ:1
sanguíneo	ADJ:3
sangüesa	PROPN:1
sanidad	NOUN:1
sanitario	ADJ:1	NOUN:2
sanjuanino	ADJ:1	NOUN:1
sanjurjo	PROPN:1
sano	ADJ:4
sansón	PROPN:2
santafesino	ADJ:1	NOUN:1
santamaría	NOUN:1
santana	PROPN:2
santander	PROPN:2
santandereano	ADJ:1	NOUN:1
santanderino	ADJ:1	NOUN:1
santero	ADJ:2	NOUN:2
santería	NOUN:2
santi	PROPN:1
santiago	PROPN:8
santiagueño	ADJ:1	NOUN:1
santiaguino	ADJ:1	NOUN:1
santiamén	NOUN:1
santidad	NOUN:1
santificación	NOUN:1
santificado	ADJ:1
santificar	VERB:1
santillán	PROPN:1
santista	ADJ:1	NOUN:1
santisteban	PROPN:1
santo	ADJ:1	NOUN:2	PROPN:1
santoral	NOUN:2
santuario	NOUN:2
sanz	PROPN:1
sao	PROPN:1
saona	PROPN:1
sapa	NOUN:1
sapiencia	NOUN:1
sapo	ADJ:2	NOUN:5	PROPN:1
sapporo	PROPN:1
saque	NOUN:4
saqueador	NOUN:3
saquear	VERB:2
saqueo	NOUN:1
saquito	NOUN:1
sar	NOUN:1
sara	PROPN:2
sarabia	PROPN:1
saraguro	PROPN:1	ADJ:2	NOUN:2
sarai	PROPN:1
sarampión	NOUN:1
sarandí	PROPN:1
sarao	NOUN:2
sarape	NOUN:1
sarasa	NOUN:2
sarcasmo	NOUN:2
sarcoidosis	NOUN:1
sarcoma	NOUN:1
sarcásticamente	ADV:1
sarcástico	ADJ:2
sarcófago	NOUN:2
sardina	NOUN:1
sardinero	NOUN:2
sardo	ADJ:1	NOUN:3
sardónica	NOUN:1
sarga	NOUN:2
sargazo	NOUN:1
sargento	NOUN:2
sari	NOUN:1
sarita	PROPN:1
sariñana	PROPN:1
sarmiento	NOUN:1	PROPN:1
sarna	NOUN:2
sarnoso	ADJ:1
sarpullido	NOUN:1
sarraceno	ADJ:2
sarre	PROPN:1
sarro	NOUN:3
sarta	NOUN:3
sartén	NOUN:1
sarín	NOUN:1
sastre	NOUN:1	PROPN:1
sastrería	NOUN:1
satanismo	NOUN:1
satanizar	VERB:2
satanás	NOUN:1	PROPN:1
satelital	ADJ:1
satirizar	VERB:1
satisfacción	NOUN:1
satisfacer	VERB:1
satisfactoriamente	ADV:1
satisfactorio	ADJ:1
satisfecho	ADJ:1
sato	NOUN:1
saturación	NOUN:3
saturado	ADJ:1
saturar	VERB:1
saturnino	ADJ:2	PROPN:1
saturno	PROPN:1
satán	PROPN:1	NOUN:1
satánico	ADJ:1
satélite	NOUN:1
satén	NOUN:2
satírico	ADJ:1
sauce	NOUN:1
saucedo	PROPN:1
saudade	NOUN:1
saudita	ADJ:1
saudí	ADJ:1
saulo	PROPN:1
sauna	NOUN:1
sauvignon	NOUN:1
sauzal	NOUN:1
savia	NOUN:1
saxo	NOUN:1
saxofonista	NOUN:1
saxofón	NOUN:1
saya	NOUN:1
sayo	NOUN:2
sayonara	NOUN:1
sazonar	VERB:1
sazón	NOUN:3
saña	NOUN:4
saúco	NOUN:1
saúl	PROPN:2
scanner	NOUN:2
schnauzer	NOUN:1
schubert	PROPN:1
schumann	PROPN:1
schwartz	PROPN:1
schwarz	PROPN:1
schweitzer	PROPN:1
scoop	NOUN:1
scooter	NOUN:1
score	NOUN:1
scout	NOUN:1
scouting	NOUN:1
scratch	NOUN:1
screening	NOUN:1
screenshot	NOUN:1
script	NOUN:2
scroll	NOUN:1
sd	NOUN:1
se	PRON:5
seat	X:1
seattle	PROPN:1
seba	PROPN:1
sebas	PROPN:1
sebastián	PROPN:1
sebastopol	PROPN:1
sebo	NOUN:3
secado	NOUN:1
secador	ADJ:2	NOUN:2
secadora	NOUN:2
secano	NOUN:1
secante	ADJ:1	NOUN:2
secar	VERB:2
seccional	NOUN:2
sección	NOUN:3
secesionismo	NOUN:1
secesionista	ADJ:1	NOUN:1
secesión	NOUN:1
seco	ADJ:1
secre	NOUN:2
secreción	NOUN:1
secretamente	ADV:2
secretar	VERB:1
secretariado	NOUN:3
secretario	NOUN:2
secretaría	NOUN:1
secretismo	NOUN:2
secreto	ADJ:1	NOUN:2
secta	NOUN:3
sectario	ADJ:1
sectarismo	NOUN:1
sector	NOUN:3
sectorial	ADJ:1
secuaz	ADJ:1	NOUN:1
secuela	NOUN:4
secuencia	NOUN:1
secuenciación	NOUN:1
secuenciador	NOUN:1
secuencial	ADJ:2
secuestrador	NOUN:2
secuestrar	VERB:3
secuestro	NOUN:1
secular	ADJ:1
secularismo	NOUN:1
secularización	NOUN:1
secundar	VERB:1
secundariamente	ADV:1
secundario	ADJ:1
secundino	PROPN:1
sed	NOUN:1
seda	NOUN:3
sedación	NOUN:1
sedal	NOUN:1
sedante	ADJ:1
sedar	VERB:1
sede	NOUN:4
sedentario	ADJ:1
sedentarismo	NOUN:1
sedicioso	ADJ:1
sedición	NOUN:1
sediento	ADJ:1
sedimentación	NOUN:1
sedimentario	ADJ:1
sedimento	NOUN:1
sedoso	ADJ:1
seducción	NOUN:1
seducir	VERB:1
seductor	ADJ:1	NOUN:1
sedán	NOUN:1
seer	VERB:1
sefardí	ADJ:1	NOUN:1
segador	NOUN:3	ADJ:1
segadora	NOUN:1
segar	VERB:2
segarra	PROPN:1
segismundo	PROPN:1
seglar	ADJ:1
segmentación	NOUN:1
segmentado	ADJ:1
segmentar	VERB:1
segmento	NOUN:1
segorbe	PROPN:1
segovia	PROPN:3
segoviano	ADJ:1
segregación	NOUN:1
segregar	VERB:2
seguidamente	ADV:2
seguidilla	NOUN:3
seguidor	NOUN:2
seguimiento	NOUN:2
seguir	VERB:8
segun	ADP:3
segundo	ADJ:1	NOUN:3	PROPN:1
segundón	NOUN:2
segur	NOUN:1
seguramente	ADV:1
seguridad	NOUN:2
seguro	ADJ:4	NOUN:2	ADV:2
segway	NOUN:1
según	ADP:3
seibo	NOUN:1
seis	NUM:1
seiscientos	NUM:1
sela	VERB:3
sele	NOUN:2
seleccionador	NOUN:2
seleccionar	VERB:1
selección	NOUN:3
selectivamente	ADV:1
selectividad	NOUN:2
selectivo	ADJ:1
selecto	ADJ:1
selector	ADJ:1	NOUN:1
selena	PROPN:1
selenio	NOUN:1
selfie	NOUN:1
sellado	ADJ:1
sellador	ADJ:1	NOUN:1
sellar	VERB:5
sello	NOUN:4
selva	NOUN:2
selvático	ADJ:1
sem	PROPN:1
sema	NOUN:1
semana	NOUN:1
semanal	ADJ:1
semanalmente	ADV:1
semanario	ADJ:1	NOUN:2
semblante	NOUN:1
semblanza	NOUN:1
sembrada	NOUN:1
sembrado	NOUN:1
sembrador	ADJ:1	NOUN:2
sembrar	VERB:2
semejante	ADJ:3
semejanza	NOUN:1
semen	NOUN:1
semental	ADJ:2	NOUN:2
semestral	ADJ:1
semestralmente	ADV:1
semestre	NOUN:1
semi	NOUN:1
semiautomático	ADJ:1
semicircular	ADJ:1
semiconductor	ADJ:1	NOUN:1
semicírculo	NOUN:2
semidesnudo	ADJ:1
semidiós	NOUN:1
semifinal	NOUN:1
semifinalista	NOUN:1
semilla	NOUN:1
semillero	NOUN:4
seminal	ADJ:4
seminario	NOUN:2	PROPN:1
seminarista	NOUN:1
semiología	NOUN:1
semis	NOUN:1
semita	ADJ:1	NOUN:1
semiárido	ADJ:1
semiótica	NOUN:1
sempere	PROPN:2
sempiterno	ADJ:1
semáforo	NOUN:2
semánticamente	ADV:1
semántico	ADJ:1
sen	NOUN:2	SYM:1
sena	NOUN:1	PROPN:1
senado	NOUN:2	PROPN:1
senador	NOUN:1
senatorial	ADJ:1
sencillamente	ADV:1
sencillez	NOUN:1
sencillo	ADJ:2	NOUN:2
senda	NOUN:1
senderismo	NOUN:1
senderista	NOUN:2
sendero	NOUN:1
sendo	ADJ:2
senegal	PROPN:1
senegalés	ADJ:1
senescal	NOUN:1
senil	ADJ:1
senilidad	NOUN:1
senior	NOUN:1
seno	NOUN:5
senpai	NOUN:1
sensacional	ADJ:2
sensacionalismo	NOUN:1
sensacionalista	ADJ:1	NOUN:1
sensación	NOUN:2
sensatez	NOUN:3
sensato	ADJ:1
sensei	NOUN:1
sensibilidad	NOUN:3
sensibilización	NOUN:1
sensibilizar	VERB:2
sensible	ADJ:3
sensiblemente	ADV:3
sensitiva	NOUN:1
sensitivo	ADJ:2
sensor	ADJ:1	NOUN:1
sensorial	ADJ:1
sensual	ADJ:1
sensualidad	NOUN:1
sensualmente	ADV:1
sentadilla	NOUN:1
sentar	VERB:8
sentencia	NOUN:1
sentenciar	VERB:2
sentido	ADJ:1	NOUN:6
sentimental	ADJ:1
sentimentalismo	NOUN:3
sentimentalmente	ADV:1
sentimiento	NOUN:1
sentina	NOUN:2
sentir	VERB:4	NOUN:2
senyera	NOUN:1
seo	NOUN:1
separación	NOUN:1
separadamente	ADV:1
separado	ADJ:1
separador	ADJ:1	NOUN:2
separar	VERB:6
separata	NOUN:2
separatismo	NOUN:1
separatista	ADJ:1	NOUN:1
separo	NOUN:1
sepelio	NOUN:1
sepia	NOUN:2
sepsis	NOUN:1
septentrional	ADJ:1
septicemia	NOUN:1
septiembre	NOUN:1
septo	NOUN:1
septuagésimo	ADJ:1
septum	NOUN:1
sepulcral	ADJ:1
sepulcro	NOUN:2
sepultar	VERB:1
sepultura	NOUN:2
sepulturero	NOUN:2
sepúlveda	PROPN:1
sequedad	NOUN:1
sequía	NOUN:1
ser	VERB:3	NOUN:3
sera	NOUN:1
serafina	PROPN:1
serafín	NOUN:3
serapio	PROPN:1
serbia	PROPN:1
serbio	ADJ:1	NOUN:3
serenamente	ADV:1
serenata	NOUN:1
serenazgo	NOUN:1
serenidad	NOUN:1
sereno	ADJ:1	NOUN:2	PROPN:1
sergio	PROPN:1
sergipe	PROPN:1
serguéi	PROPN:1
seri	ADJ:1	NOUN:1
serial	ADJ:1	NOUN:1
seriamente	ADV:1
serie	NOUN:4
seriedad	NOUN:1
serigrafía	NOUN:2
serina	NOUN:1
serio	ADJ:5
sermonear	VERB:1
sermón	NOUN:2
serna	PROPN:1	NOUN:1
serología	NOUN:1
serotonina	NOUN:1
serpenteante	ADJ:1
serpentina	NOUN:2
serpiente	NOUN:3
serrado	ADJ:1
serrallo	NOUN:2
serrano	ADJ:2	NOUN:5	PROPN:1
serranía	NOUN:1
serrar	VERB:1
serrato	NOUN:1
serrucho	NOUN:2
serrín	NOUN:1
sertralina	NOUN:1
serval	NOUN:1
server	NOUN:1
servia	PROPN:1
servicial	ADJ:2
servicio	NOUN:4
servidor	NOUN:3
servidumbre	NOUN:2
servil	ADJ:1
servilismo	NOUN:1
servilleta	NOUN:1
servio	PROPN:1
servir	VERB:8
servo	NOUN:1
serón	NOUN:1
sesenta	NUM:1
sesentas	NOUN:1
seseo	NOUN:1
sesgado	ADJ:3
sesgo	ADJ:1	NOUN:3
sesionar	VERB:1
sesión	NOUN:5
sesma	PROPN:1	NOUN:2
seso	NOUN:2
sesquicentenario	NOUN:1	ADJ:1
sesudo	ADJ:2
set	NOUN:2
seta	NOUN:1
setecientos	NUM:1
setenta	NUM:1
setentas	NOUN:1
setiembre	NOUN:1
seto	NOUN:2
seudo	ADJ:1
seudónimo	NOUN:1
sev	PROPN:3
seve	PROPN:1
severamente	ADV:2
severiano	ADJ:1	NOUN:1
severidad	NOUN:1
severo	ADJ:2
sevilla	PROPN:3
sevillano	ADJ:1
sevillista	NOUN:1
sexagenario	ADJ:1	NOUN:1
sexagésimo	ADJ:1
sexenal	ADJ:1
sexenio	NOUN:1
sexi	ADJ:1
sexismo	NOUN:1
sexista	ADJ:1
sexo	NOUN:4
sexología	NOUN:1
sextante	PROPN:1	NOUN:1
sexteto	NOUN:1
sexting	NOUN:1
sexto	ADJ:1	NOUN:1
sexual	ADJ:4
sexualidad	NOUN:1
sexualización	NOUN:1
sexualmente	ADV:1
sexy	ADJ:1
sexólogo	NOUN:1
seychelles	PROPN:1
seísmo	NOUN:1
seña	NOUN:2
señal	NOUN:5
señalamiento	NOUN:2
señalar	VERB:3
señalización	NOUN:3
señalizar	VERB:2
señalética	NOUN:1
señera	NOUN:1
seño	NOUN:2
señor	NOUN:3	ADJ:2	PROPN:1
señora	NOUN:3
señorial	ADJ:2
señorita	NOUN:3
señorito	NOUN:3
señoría	NOUN:7
señorío	NOUN:2
señuelo	NOUN:3
seúl	PROPN:1
shabat	NOUN:1
shake	NOUN:1
shampoo	NOUN:1
shanghái	PROPN:1
share	NOUN:1
sharia	NOUN:1
shawarma	NOUN:1
sheila	PROPN:1
sheinbaum	PROPN:1
sherif	NOUN:1
sheriff	NOUN:1
sherpa	NOUN:2
shiatsu	NOUN:1
shinto	NOUN:1
ship	NOUN:1
shipibo	ADJ:1
shirley	PROPN:1
shisha	NOUN:1
shit	INTJ:1
sho	INTJ:2
shock	NOUN:1
shogunato	NOUN:1
shooter	NOUN:1
shop	NOUN:2
shopping	NOUN:2
short	NOUN:1
shorts	NOUN:1
shot	NOUN:1
shota	PROPN:1
show	NOUN:2
showman	NOUN:1
showroom	NOUN:1
shuar	ADJ:1	NOUN:1
shura	NOUN:1
si	SCONJ:2
siam	PROPN:1
siamés	ADJ:1	NOUN:3
sibarita	NOUN:1
siberia	PROPN:1
siberiano	ADJ:1
sibila	NOUN:1
sic	ADV:1
sicariato	NOUN:1
sicario	NOUN:1
sicav	NOUN:1
sicilia	PROPN:1
siciliano	ADJ:1	NOUN:2
sición	PROPN:1
sicología	NOUN:1
sicológico	ADJ:1
sicólogo	NOUN:1
sicópata	NOUN:2
sida	NOUN:1
sidecar	NOUN:1
sideral	ADJ:1
siderurgia	NOUN:1
siderúrgico	ADJ:1
sidra	NOUN:1
sidón	PROPN:1
siega	NOUN:1
siembra	NOUN:3
siempre	ADV:4
sien	NOUN:2
siena	PROPN:2
siero	PROPN:1
sierpe	NOUN:4
sierra	NOUN:4	PROPN:1
siervo	NOUN:3
siesta	NOUN:1
siete	NUM:1	NOUN:2
sifón	NOUN:3
sigilo	NOUN:3
sigilosamente	ADV:1
sigiloso	ADJ:3
sigla	NOUN:2
siglo	NOUN:3
sigma	NOUN:1
signatario	ADJ:1
signatura	NOUN:1
significación	NOUN:2
significado	ADJ:3	NOUN:2
significancia	NOUN:1
significante	ADJ:1	NOUN:1
significar	VERB:4
significativamente	ADV:1
significativo	ADJ:1
signo	NOUN:1
siguiente	ADJ:2
sigüenza	PROPN:2
sii	SCONJ:1
sij	ADJ:1
silabario	NOUN:2
silas	PROPN:1
silba	NOUN:1
silbar	VERB:1
silbato	NOUN:2
silbido	NOUN:1
silbo	NOUN:1
silenciador	NOUN:2
silenciamiento	NOUN:1
silenciar	VERB:3
silencio	NOUN:2
silenciosamente	ADV:1
silencioso	ADJ:2
silente	ADJ:1
silesia	PROPN:1
silicato	NOUN:1
silicio	NOUN:2
silicona	NOUN:2
silla	NOUN:2
sillar	NOUN:1
sillería	NOUN:1
sillín	NOUN:1
sillón	NOUN:2
silo	NOUN:1
silogismo	NOUN:1
silueta	NOUN:1
silva	PROPN:1
silvana	PROPN:1
silverio	PROPN:2
silvestre	ADJ:3
silvia	PROPN:1
silvicultura	NOUN:1
silvina	NOUN:1	PROPN:1
silvio	PROPN:1
sim	NOUN:1
sima	NOUN:1
simba	ADJ:1	NOUN:1
simbionte	NOUN:1
simbiosis	NOUN:1
simbolismo	NOUN:1
simbolista	NOUN:1
simbolización	NOUN:1
simbolizar	VERB:1
simbología	NOUN:1
simbólicamente	ADV:1
simbólico	ADJ:1
simetría	NOUN:1
simeón	PROPN:2
simiente	NOUN:3
similar	ADJ:1
similarmente	ADV:1
similitud	NOUN:1
simio	NOUN:1
simpatizante	ADJ:1	NOUN:1
simpatizar	VERB:2
simpatía	NOUN:2
simple	ADJ:5	NOUN:2
simplemente	ADV:1
simpleza	NOUN:1
simplicidad	NOUN:1
simplificación	NOUN:1
simplificado	ADJ:1
simplificar	VERB:1
simplismo	NOUN:1
simplista	ADJ:1
simplón	ADJ:2
simposio	NOUN:1
simpático	ADJ:2
simulación	NOUN:1
simulacro	NOUN:4
simulador	ADJ:2	NOUN:3
simular	VERB:2
simultaneidad	NOUN:1
simultáneamente	ADV:1
simultáneo	ADJ:1
simétricamente	ADV:1
simétrico	ADJ:1
simón	PROPN:2	INTJ:1	NOUN:1
sin	ADP:1
sinagoga	NOUN:1
sinaloa	PROPN:1
sinaloense	ADJ:1	NOUN:1
sinapsis	NOUN:1
sinaí	PROPN:2
sincelejo	PROPN:1
sinceramente	ADV:2
sinceramiento	NOUN:1
sincerar	VERB:2
sinceridad	NOUN:2
sincero	ADJ:2
sincretismo	NOUN:1
sincronismo	NOUN:2
sincronización	NOUN:1
sincronizado	ADJ:1
sincronizar	VERB:1
sincronía	NOUN:1
sindicación	NOUN:2
sindicado	NOUN:2
sindical	ADJ:1
sindicalismo	NOUN:1
sindicalista	ADJ:1	NOUN:1
sindicalización	NOUN:1
sindicato	NOUN:1
sindicatura	NOUN:1
sinergia	NOUN:1
sinestesia	NOUN:2
sinfonía	NOUN:1
sinfín	NOUN:1
sinfónico	ADJ:1
singapur	PROPN:1
singladura	NOUN:1
single	NOUN:2
singular	ADJ:2
singularidad	NOUN:1
singularmente	ADV:2
siniestra	NOUN:1
siniestrado	ADJ:2
siniestralidad	NOUN:1
siniestro	ADJ:5	NOUN:2
sinnúmero	NOUN:1
sino	NOUN:1	CCONJ:3
sinodal	ADJ:1
sinonimia	NOUN:2
sinople	ADJ:1
sinopsis	NOUN:1
sinovial	ADJ:1
sinrazón	NOUN:1
sinsentido	NOUN:1
sintagma	NOUN:1
sintaxis	NOUN:1
sintecho	NOUN:1
sintetizador	ADJ:1	NOUN:1
sintetizar	VERB:1
sintomatología	NOUN:1
sintomático	ADJ:1
sintonización	NOUN:1
sintonizador	ADJ:1	NOUN:1
sintonizar	VERB:1
sintonía	NOUN:4
sintáctico	ADJ:1
sintético	ADJ:1
sinuoso	ADJ:1
sinusal	ADJ:1
sinusitis	NOUN:1
sinvergüenza	ADJ:1	NOUN:2
sinónimo	ADJ:1	NOUN:2
sion	PROPN:1
sionismo	NOUN:1
sionista	NOUN:1
sioux	ADJ:1	NOUN:1
sip	INTJ:1
siquiatra	NOUN:1
siquiera	ADV:2	SCONJ:1
siracusa	PROPN:3
sirena	NOUN:3
siria	PROPN:1
sirio	ADJ:1	NOUN:1	PROPN:1
siro	ADJ:1
siroco	NOUN:1
sirope	NOUN:1
sirte	NOUN:1
sirviente	NOUN:1
sisa	NOUN:2
sisal	NOUN:1
sismicidad	NOUN:1
sismo	NOUN:1
sismología	NOUN:1
sismológico	ADJ:1
sistema	NOUN:4
sistematización	NOUN:1
sistematizar	VERB:1
sistemática	NOUN:1
sistemáticamente	ADV:1
sistemático	ADJ:1
sistémico	ADJ:1
sita	NOUN:1
sitar	NOUN:1
sitcom	NOUN:1
sitial	NOUN:2
sitiar	VERB:1
sitio	NOUN:5
sito	ADJ:1
situacional	ADJ:1
situación	NOUN:4
situar	VERB:8
sixto	PROPN:1
sión	PROPN:1
ska	NOUN:1
skate	NOUN:2
skateboard	NOUN:1
skateboarding	NOUN:1
skater	NOUN:1
skeet	NOUN:1
sketch	NOUN:1
ski	NOUN:2
skin	NOUN:1
skinhead	NOUN:1
skopie	PROPN:1
skyline	NOUN:1
sl	PROPN:2
slang	NOUN:1
slap	NOUN:1
slash	NOUN:1
slasher	NOUN:1
sleeping	NOUN:1
slender	ADJ:1
slider	NOUN:1
slip	NOUN:2
slogan	NOUN:1
sm	NOUN:1
smart	ADJ:1
smartphone	NOUN:1
smartwatch	NOUN:1
smirnoff	PROPN:1
smog	NOUN:1
smoking	NOUN:1
smolensk	PROPN:2
sms	NOUN:1
sn	NOUN:1
snack	NOUN:1
snap	NOUN:1
snif	INTJ:1
snob	NOUN:1
snorkel	NOUN:2
snow	NOUN:1
snowboard	NOUN:1
snuff	NOUN:1
so	ADP:1	ADV:1	INTJ:2
soap	X:1	NOUN:1
sobaco	NOUN:1
sobar	VERB:5
soberanamente	ADV:2
soberanismo	NOUN:1
soberanista	ADJ:1
soberano	ADJ:2	PROPN:1
soberanía	NOUN:1
soberbia	NOUN:2
soberbio	ADJ:4
sobornar	VERB:2
soborno	NOUN:3
sobra	NOUN:3
sobradamente	ADV:1
sobrado	ADJ:3	NOUN:2
sobrante	ADJ:1
sobrar	VERB:1
sobre	ADP:2	NOUN:3
sobreabundancia	NOUN:1
sobrecalentamiento	NOUN:1
sobrecarga	NOUN:1
sobrecargado	ADJ:1
sobrecargar	VERB:1
sobrecargo	NOUN:4
sobrecogedor	ADJ:2
sobrecoste	NOUN:1
sobredosis	NOUN:1
sobreexplotación	NOUN:1
sobreexposición	NOUN:1
sobrehumano	ADJ:1
sobrellevar	VERB:1
sobremanera	ADV:1
sobremesa	NOUN:4
sobremonte	PROPN:1
sobrenatural	ADJ:1
sobrenombre	NOUN:1
sobreoferta	NOUN:1
sobrepasar	VERB:1
sobrepesca	NOUN:1
sobrepeso	NOUN:1
sobrepoblación	NOUN:1
sobreponer	VERB:2
sobreprecio	NOUN:2
sobreproducción	NOUN:1
sobreprotección	NOUN:1
sobreprotector	ADJ:1
sobrero	ADJ:1	NOUN:2
sobresaliente	ADJ:1
sobresalir	VERB:3
sobresalto	NOUN:2
sobreseimiento	NOUN:1
sobresueldo	NOUN:1
sobretasa	NOUN:1
sobretodo	NOUN:1
sobrevaloración	NOUN:1
sobrevalorado	ADJ:1
sobrevaluado	ADJ:1
sobrevenido	ADJ:1
sobrevida	NOUN:1
sobrevivencia	NOUN:1
sobreviviente	ADJ:1	NOUN:1
sobrevivir	VERB:1
sobrevolar	VERB:1
sobrevuelo	NOUN:2
sobriedad	NOUN:1
sobrino	NOUN:1
sobrio	ADJ:2
soca	NOUN:1
socavar	VERB:2
socavón	NOUN:1
sochi	PROPN:1
socia	NOUN:1
sociabilidad	NOUN:1
sociable	ADJ:1
social	ADJ:1
socialdemocracia	NOUN:1
socialdemócrata	ADJ:1
socialismo	NOUN:1
socialista	ADJ:2	NOUN:1
socialité	NOUN:1
socialización	NOUN:3
socializar	VERB:2
socialmente	ADV:1
sociedad	NOUN:5	PROPN:1
societario	ADJ:2
socio	NOUN:3
socioambiental	ADJ:1
sociocultural	ADJ:1
socioeconómico	ADJ:1
sociolingüística	NOUN:1
sociología	NOUN:1
sociológico	ADJ:1
sociopolítico	ADJ:1
sociólogo	NOUN:1
sociópata	NOUN:1
socorrer	VERB:2
socorrista	NOUN:3
socorro	NOUN:2	INTJ:1
socrático	ADJ:1
soda	NOUN:4
sodio	NOUN:1
sodoma	PROPN:1
sodomita	NOUN:2
sodomía	NOUN:1
soez	ADJ:1
sofi	PROPN:1
sofisma	NOUN:1
sofista	NOUN:1
sofisticación	NOUN:1
sofisticado	ADJ:1
sofocación	NOUN:1
sofocante	ADJ:3
sofocar	VERB:2
sofoco	NOUN:1
sofrito	NOUN:1
softball	NOUN:1
softbol	NOUN:1
software	NOUN:1
sofá	NOUN:1
sofía	PROPN:2
soga	NOUN:3
sogamoso	PROPN:1
soja	NOUN:2
soju	NOUN:1
sol	NOUN:7	PROPN:1
solamente	ADV:1
solana	NOUN:6
solano	PROPN:1	NOUN:2
solapa	NOUN:2
solapamiento	NOUN:1
solar	NOUN:3	VERB:2	ADJ:1
solaz	NOUN:1
soldada	NOUN:1
soldadito	NOUN:2
soldado	NOUN:1
soldador	NOUN:2
soldadura	NOUN:2
soldar	VERB:2
soldán	NOUN:1
soleado	ADJ:1
soledad	NOUN:1	PROPN:1
solemne	ADJ:1
solemnemente	ADV:1
solemnidad	NOUN:2
solenoide	NOUN:1
soler	VERB:3
solera	NOUN:3
solfeo	NOUN:1
soli	NOUN:3
solicitante	ADJ:1	NOUN:1
solicitar	VERB:2
solicitud	NOUN:3
solidariamente	ADV:1
solidaridad	NOUN:1
solidario	ADJ:1
solidez	NOUN:1
solidificación	NOUN:1
solidificar	VERB:1
soliloquio	NOUN:1
solimán	PROPN:1	NOUN:1
solista	NOUN:1
solitario	ADJ:1	NOUN:2
sollozar	VERB:1
sollozo	NOUN:1
solo	ADJ:4	ADV:1
sololá	PROPN:1
solomillo	NOUN:1
solsticio	NOUN:1
soltar	VERB:4
soltero	ADJ:1	NOUN:2
solterona	NOUN:1
soltería	NOUN:1
solterón	NOUN:1
soltura	NOUN:2
solubilidad	NOUN:1
soluble	ADJ:1
solucionar	VERB:1
solución	NOUN:1
soluto	NOUN:1
solvencia	NOUN:2
solventar	VERB:1
solvente	ADJ:1
solís	PROPN:1
solón	PROPN:1
soma	NOUN:2
somalia	PROPN:1
somalilandia	PROPN:1
somalí	ADJ:1	NOUN:1
sombra	NOUN:5
sombreado	ADJ:1
sombrerero	NOUN:1
sombrerete	NOUN:1
sombrerito	NOUN:1
sombrero	NOUN:2
sombrilla	NOUN:2
sombrío	ADJ:2
someramente	ADV:2
somero	ADJ:1
someter	VERB:5
sometimiento	NOUN:2
sommelier	NOUN:1
somnolencia	NOUN:1
somnoliento	ADJ:2
somnífero	ADJ:1	NOUN:1
somo	NOUN:1
somontano	NOUN:1
somoza	PROPN:1
sonado	ADJ:3
sonajero	NOUN:1
sonambulismo	NOUN:1
sonante	ADJ:2
sonar	VERB:5	NOUN:1
sonata	NOUN:1
sonda	NOUN:2
sondear	VERB:5
sondeo	NOUN:2
soneto	NOUN:1
sonia	PROPN:1
sonidista	NOUN:1
sonido	NOUN:2
sonora	PROPN:1
sonorense	ADJ:1	NOUN:1
sonoridad	NOUN:2
sonorización	NOUN:1
sonoro	ADJ:3
sonreir	VERB:1
sonreír	VERB:1
sonriente	ADJ:1
sonrisa	NOUN:1
sonrisita	NOUN:1
sonrojar	VERB:2
sonrojo	NOUN:1
sonso	ADJ:1
sonsonate	PROPN:2
sonámbulo	NOUN:1
sopa	NOUN:3
sopapo	NOUN:2
sope	NOUN:1
sopera	NOUN:1
sopesar	VERB:1
sopetón	NOUN:1
soplado	ADJ:1
soplador	NOUN:3
soplar	VERB:5
soplete	NOUN:2
soplido	NOUN:1
soplo	NOUN:5
soplón	NOUN:1
sopor	NOUN:1
soportable	ADJ:1
soportar	VERB:2
soporte	NOUN:6
soprano	NOUN:2	PROPN:1
sor	NOUN:2
soraya	PROPN:1
sorber	VERB:3
sorbete	NOUN:3	ADJ:1
sorbo	NOUN:1
sorbona	PROPN:1
sordera	NOUN:1
sordina	NOUN:1
sordo	ADJ:4	NOUN:1
sordomudo	ADJ:1	NOUN:1
sorete	NOUN:2
sorgo	NOUN:1
soria	PROPN:2
soriano	ADJ:1	NOUN:1	PROPN:2
sorna	NOUN:3
soro	NOUN:1
sororidad	NOUN:2
sorprendente	ADJ:1
sorprendentemente	ADV:1
sorprender	VERB:1
sorpresa	NOUN:2
sorpresivamente	ADV:1
sorpresivo	ADJ:1
sorry	INTJ:1
sortear	VERB:3
sorteo	NOUN:1
sortija	NOUN:3
sortilegio	NOUN:3
sosa	NOUN:2	PROPN:1
sosegado	ADJ:1
sosiego	NOUN:2
soslayar	VERB:2
soslayo	ADJ:1
soso	ADJ:2	NOUN:1
sospecha	NOUN:1
sospechar	VERB:2
sospecho	NOUN:1
sospechosamente	ADV:1
sospechoso	ADJ:2	NOUN:1
sostenedor	ADJ:2	NOUN:1
sostener	VERB:3
sostenibilidad	NOUN:1
sostenible	ADJ:1
sostenidamente	ADV:1
sostenimiento	NOUN:3
sostén	NOUN:3
sota	NOUN:3	ADP:1
sotana	NOUN:2
sotavento	NOUN:1
sotelo	PROPN:1
sotero	PROPN:1
soterramiento	NOUN:1
soto	PROPN:1	NOUN:1
sotobosque	NOUN:1
sotomayor	PROPN:1
soul	NOUN:1
soundtrack	NOUN:1
souvenir	NOUN:1
soviet	NOUN:1
soviético	ADJ:1
soya	NOUN:2
soyapango	PROPN:1
soyuz	PROPN:1
soñado	ADJ:1
soñador	ADJ:1	NOUN:1
soñar	VERB:2
spa	NOUN:1
spam	NOUN:1
spamear	VERB:1
spanglish	NOUN:1
spaniel	NOUN:1
sparring	NOUN:1
speaker	NOUN:1
speaking	NOUN:1
spider	NOUN:1
spin	NOUN:1
spinner	NOUN:1
spinning	NOUN:1
split	NOUN:1
spoiler	NOUN:3
sponsor	NOUN:1
sport	ADJ:1	NOUN:1
sporting	PROPN:1
spot	NOUN:2
spray	NOUN:2
sprint	NOUN:1
sprinter	NOUN:1
spyware	NOUN:1
sql	NOUN:1
squad	NOUN:1
squash	NOUN:1
squirt	NOUN:1
srl	NOUN:1
ssa	PROPN:1
ssd	NOUN:1
ssl	NOUN:1
staff	NOUN:1
stalingrado	PROPN:1
stalinismo	NOUN:1
stalinista	ADJ:1
stalkear	VERB:1
stand	NOUN:1
standing	NOUN:1
startup	NOUN:1
status	NOUN:1
steampunk	NOUN:1
stein	PROPN:1
stent	NOUN:1
step	NOUN:1
stern	PROPN:1
stevia	NOUN:1
sticker	NOUN:1
still	NOUN:1
stock	NOUN:1
stop	INTJ:1
stout	NOUN:1
stream	NOUN:1
streamer	NOUN:1
streaming	NOUN:1
stress	NOUN:1
strike	NOUN:1
stripper	NOUN:1
striptease	NOUN:1
stroessner	PROPN:1
stroke	NOUN:1
stylus	NOUN:1
su	DET:1	PROPN:1
suajili	NOUN:1
suave	ADJ:4
suavemente	ADV:1
suavidad	NOUN:3
suavizante	ADJ:1	NOUN:1
suavizar	VERB:2
suazilandia	PROPN:1
suazo	PROPN:1
sub	ADP:1
subacuático	ADJ:1
subalterno	ADJ:2	NOUN:1
subaru	PROPN:2
subasta	NOUN:1
subastar	VERB:1
subcampeonato	NOUN:1
subcampeón	NOUN:1
subcategoría	NOUN:1
subclase	NOUN:1
subcomandante	NOUN:1
subcomisario	NOUN:1
subcomisión	NOUN:1
subcomité	NOUN:1
subconjunto	NOUN:2
subconsciente	ADJ:1
subconscientemente	ADV:1
subcontinente	NOUN:1
subcontratación	NOUN:1
subcontratar	VERB:1
subcontratista	NOUN:1
subcuenca	NOUN:1
subcuenta	NOUN:1
subcultura	NOUN:1
subcutáneo	ADJ:1
subdelegación	NOUN:1
subdelegado	NOUN:1
subdesarrollado	ADJ:1
subdesarrollo	NOUN:1
subdirección	NOUN:1
subdirector	NOUN:1
subdividir	VERB:1
subdivisión	NOUN:1
subdominio	NOUN:1
subempleo	NOUN:1
subespacio	NOUN:1
subespecie	NOUN:1
subestación	NOUN:1
subestimación	NOUN:1
subestimado	ADJ:1
subestimar	VERB:4
subfamilia	NOUN:1
subforo	NOUN:1
subgerente	NOUN:1
subgrupo	NOUN:1
subgénero	NOUN:2
subida	NOUN:2
subidón	NOUN:1
subinspector	NOUN:1
subir	VERB:4
subjefe	NOUN:2
subjetivamente	ADV:1
subjetividad	NOUN:1
subjetivismo	NOUN:1
subjetivo	ADJ:1
subjuntivo	ADJ:1	NOUN:1
sublevación	NOUN:1
sublevado	NOUN:1
sublimación	NOUN:1
sublimar	VERB:1
sublime	ADJ:1
subliminal	ADJ:1
sublingual	ADJ:1
submarinismo	NOUN:1
submarino	ADJ:1	NOUN:2
submundo	NOUN:1
subnormal	NOUN:1	ADJ:1
suboficial	NOUN:2
suborden	NOUN:1
subordinación	NOUN:1
subordinado	ADJ:1	NOUN:1
subordinar	VERB:1
subprefecto	NOUN:1
subprefectura	NOUN:1
subprime	ADJ:1
subprocurador	NOUN:1
subproducto	NOUN:1
subprograma	NOUN:1
subrayar	VERB:2
subred	NOUN:1
subregional	ADJ:1
subregión	NOUN:1
subrepticiamente	ADV:1
subrogación	NOUN:2
subrogante	ADJ:1	NOUN:1
subsanación	NOUN:1
subsanar	VERB:2
subscripción	NOUN:1
subsección	NOUN:1
subsecretario	NOUN:1
subsecretaría	NOUN:1
subsector	NOUN:1
subsecuente	ADJ:1
subsecuentemente	ADV:1
subsidiar	VERB:1
subsidiariamente	ADV:1
subsidiariedad	NOUN:1
subsidiario	ADJ:1
subsidio	NOUN:1
subsiguiente	ADJ:1
subsistema	NOUN:1
subsistencia	NOUN:1
subsistir	VERB:1
substancia	NOUN:1
substancial	ADJ:2
substancialmente	ADV:1
substitución	NOUN:1
substituir	VERB:1
substituto	NOUN:1
subsuelo	NOUN:2
subte	NOUN:1
subteniente	NOUN:1
subterfugio	NOUN:1
subterráneo	ADJ:1	NOUN:2
subtexto	NOUN:1
subtipo	NOUN:1
subtitulado	ADJ:1
subtitular	VERB:1
subtropical	ADJ:1
subtítulo	NOUN:4
subunidad	NOUN:1
suburbano	ADJ:1	NOUN:1
suburbio	NOUN:2
subvencionar	VERB:1
subvención	NOUN:1
subversivo	ADJ:1
subversión	NOUN:1
subvertir	VERB:1
subway	NOUN:1
subyacente	ADJ:2
subyugación	NOUN:2
subyugar	VERB:2
subzona	NOUN:1
subíndice	NOUN:1
succionar	VERB:1
succión	NOUN:1
suceder	VERB:3
sucedáneo	ADJ:1	NOUN:2
sucesivamente	ADV:1
sucesivo	ADJ:1
sucesión	NOUN:3
suceso	NOUN:3
sucesor	ADJ:1	NOUN:1
sucesorio	ADJ:1
suchitepéquez	PROPN:1
suciedad	NOUN:3
sucintamente	ADV:1
sucinto	ADJ:1
sucio	ADJ:3	ADV:1	PROPN:1
sucre	NOUN:1	PROPN:4
suculento	ADJ:1
sucumbir	VERB:1
sucumbíos	PROPN:1
sucursal	ADJ:1	NOUN:1
sud	NOUN:1
sudaca	NOUN:1
sudadera	NOUN:1
sudafricano	ADJ:1
sudamericano	ADJ:1
sudamérica	PROPN:1
sudanés	ADJ:1
sudar	VERB:2
sudario	NOUN:2
sudeste	NOUN:1
sudoeste	NOUN:1
sudoku	NOUN:1
sudor	NOUN:1
sudoración	NOUN:1
sudoriental	ADJ:1
sudoroso	ADJ:1
sudáfrica	PROPN:1
sudán	PROPN:1
suecia	PROPN:1
sueco	ADJ:2	NOUN:2
suegra	NOUN:3
suegro	NOUN:1
suela	NOUN:1
sueldazo	NOUN:1
sueldo	NOUN:2
suelo	NOUN:2
suelta	NOUN:2
suelto	ADJ:5	NOUN:1
sueno	NOUN:1
suero	NOUN:3	PROPN:1
suerte	NOUN:7	INTJ:1
suertudo	ADJ:1	NOUN:1
suez	PROPN:1
sueño	NOUN:3
suficiencia	NOUN:2
suficiente	ADJ:1
suficientemente	ADV:1
sufijo	NOUN:1	ADJ:1
sufismo	NOUN:1
sufragar	VERB:4
sufragio	NOUN:1
sufragista	NOUN:1
sufriente	ADJ:1
sufrimiento	NOUN:1
sufrir	VERB:2
sufí	ADJ:1
sugerencia	NOUN:1
sugerente	ADJ:1
sugerir	VERB:1
sugestivo	ADJ:1
sugestión	NOUN:1
suicida	ADJ:1	NOUN:1
suicidar	VERB:3
suicidio	NOUN:1
suite	NOUN:1
suiza	PROPN:1
suizo	ADJ:1	NOUN:2
sujeción	NOUN:1
sujetador	NOUN:4
sujetar	VERB:2
sujeto	ADJ:2	NOUN:3
sujumi	PROPN:1
sulawesi	PROPN:1
sulfato	NOUN:1
sulfhídrico	ADJ:1
sulfito	NOUN:1
sulfuro	NOUN:1
sulfúrico	ADJ:1
sulla	NOUN:2
sultana	NOUN:1
sultanato	NOUN:1
sultán	NOUN:1
suma	NOUN:2
sumamente	ADV:3
sumar	VERB:3
sumariamente	ADV:1
sumario	ADJ:1	NOUN:1
sumarísimo	ADJ:1
sumatoria	NOUN:2
sumatra	PROPN:1
sumergible	ADJ:2	NOUN:1
sumergir	VERB:2
sumeria	PROPN:1
sumerio	ADJ:1	NOUN:2
sumersión	NOUN:1
sumidero	NOUN:2
sumiller	NOUN:1
suministrador	NOUN:1
suministrar	VERB:1
suministro	NOUN:1
sumir	VERB:2
sumisión	NOUN:1
sumiso	ADJ:1
sumo	ADJ:2	NOUN:1
sunita	ADJ:1
suntuosidad	NOUN:1
suntuoso	ADJ:1
suní	ADJ:1
super	ADJ:1
superación	NOUN:2
superar	VERB:8
superavit	NOUN:1
superclásico	NOUN:1
supercomputadora	NOUN:1
supercopa	NOUN:1
superdeportivo	NOUN:1
superdotado	ADJ:1	NOUN:1
superestrella	NOUN:1
superestructura	NOUN:2
superficial	ADJ:2
superficialidad	NOUN:1
superficialmente	ADV:1
superficie	NOUN:2
superfluo	ADJ:2
superheroína	NOUN:1
superhombre	NOUN:1
superhéroe	NOUN:1
superintendencia	NOUN:1
superintendente	NOUN:1
superior	ADJ:3	NOUN:1
superiora	NOUN:1
superioridad	NOUN:1
superlativo	ADJ:1
superliga	NOUN:1
supermercado	NOUN:1
supermodelo	NOUN:1
supermán	NOUN:1
supernova	NOUN:1
supernumerario	ADJ:1
superpoblación	NOUN:1
superpoder	NOUN:1
superponer	VERB:1
superposición	NOUN:1
superpotencia	NOUN:1
superproducción	NOUN:2
superstar	NOUN:1
supersticioso	ADJ:1
superstición	NOUN:1
supersónico	ADJ:1
superventas	ADJ:1	NOUN:1
supervielle	PROPN:1
supervillano	NOUN:1
supervisar	VERB:1
supervisión	NOUN:1
supervisor	NOUN:2
supervivencia	NOUN:1
superviviente	ADJ:1	NOUN:1
superyó	NOUN:1
superávit	NOUN:1
supino	ADJ:1
suplantación	NOUN:1
suplantar	VERB:1
suplementación	NOUN:1
suplementar	VERB:1
suplementario	ADJ:1
suplemento	NOUN:2
suplencia	NOUN:1
suplente	ADJ:1	NOUN:2
suplicante	ADJ:1
suplicar	VERB:1
suplicio	NOUN:2
suplir	VERB:3
suponer	VERB:6
suposición	NOUN:1
supositorio	NOUN:1
supranacional	ADJ:1
suprarrenal	ADJ:1
supremacista	ADJ:1
supremacía	NOUN:1
supremamente	ADV:1
supremo	ADJ:1
supresión	NOUN:2
supresor	NOUN:1
suprimir	VERB:1	NOUN:1
supuestamente	ADV:1
supuesto	ADJ:1	NOUN:1
sur	NOUN:1
sura	NOUN:1
suramericano	ADJ:1
suramérica	PROPN:1
surcar	VERB:2
surco	NOUN:7
surcoreano	ADJ:1
sureste	NOUN:1
sureño	ADJ:1	NOUN:1
surf	NOUN:1
surfear	VERB:1
surfing	NOUN:1
surfista	NOUN:1
surgimiento	NOUN:1
surgir	VERB:4
suri	NOUN:1
surinam	PROPN:1
suroccidental	ADJ:1
suroccidente	NOUN:1
suroeste	NOUN:1
suroriental	ADJ:1
surreal	ADJ:1
surrealismo	NOUN:1
surrealista	ADJ:2	NOUN:1
surtido	ADJ:1	NOUN:1
surtidor	NOUN:3
surtir	VERB:3
susana	PROPN:2
susceptibilidad	NOUN:1
susceptible	ADJ:3
suscitar	VERB:2
suscribir	VERB:1
suscripción	NOUN:1
suscriptor	NOUN:2
sushi	NOUN:1
suso	PROPN:1
susodicho	ADJ:1
suspender	VERB:2
suspense	NOUN:2
suspensión	NOUN:4
suspenso	ADJ:1	NOUN:4
suspicacia	NOUN:2
suspicaz	ADJ:1
suspirar	VERB:1
suspiro	NOUN:5
sustancia	NOUN:1
sustancial	ADJ:2
sustancialmente	ADV:1
sustancioso	ADJ:2
sustantivo	ADJ:1	NOUN:1
sustentabilidad	NOUN:1
sustentable	ADJ:1
sustentación	NOUN:3
sustentar	VERB:4
sustento	NOUN:3
sustitución	NOUN:1
sustituir	VERB:1
sustitutivo	ADJ:1
sustituto	NOUN:1
susto	NOUN:1
sustracción	NOUN:1
sustraer	VERB:4
sustrato	NOUN:6
susurrar	VERB:1
susurro	NOUN:1
sute	NOUN:1
sutil	ADJ:1
sutileza	NOUN:1
sutilmente	ADV:1
sutura	NOUN:1
suv	NOUN:1
suva	PROPN:1
suyo	PRON:3	DET:3
suárez	PROPN:1
suéter	NOUN:2
swahili	NOUN:1
swap	NOUN:1
swing	NOUN:1
syllabus	NOUN:1
sábado	NOUN:3
sábana	NOUN:1
sábila	NOUN:1
sácate	INTJ:3
sádico	ADJ:1	NOUN:1
sáenz	PROPN:1
sáez	PROPN:1
sáhara	PROPN:1
sánchez	PROPN:1
sándalo	NOUN:1
sándwich	NOUN:3
sánscrito	ADJ:1	NOUN:1
sátira	NOUN:1
sátiro	NOUN:1
sátrapa	NOUN:2
sémola	NOUN:1
séneca	PROPN:1
sénior	ADJ:1
sépalo	NOUN:1
séptico	ADJ:1
séptimo	ADJ:1	NOUN:1
séquito	NOUN:1
sérico	ADJ:2
sésamo	NOUN:2
sétimo	ADJ:1
sí	PART:2	INTJ:1	NOUN:1	PRON:1
sídney	PROPN:1
sífilis	NOUN:1
sílaba	NOUN:1
sílex	NOUN:1
sílice	NOUN:1
símbolo	NOUN:2
símil	ADJ:1	NOUN:1
síncope	NOUN:1
síndico	NOUN:3
síndrome	NOUN:1
sínfisis	NOUN:1
sínodo	NOUN:1
síntesis	NOUN:2
síntoma	NOUN:1
sísifo	PROPN:1
sísmico	ADJ:1
sócrates	PROPN:2
sódico	ADJ:1
sófocles	PROPN:1
sólidamente	ADV:1
sólido	ADJ:2	NOUN:1
sólito	ADJ:1
sólo	ADV:1
sónar	NOUN:1
sónico	ADJ:1
sórdido	ADJ:2
sótano	NOUN:3
sóviet	NOUN:1
súbdito	ADJ:1	NOUN:2
súbitamente	ADV:1
súbito	ADJ:1	ADV:1
súper	ADJ:1
súplica	NOUN:1
t	NOUN:4
ta	PROPN:1
taba	NOUN:3	ADJ:1
tabaco	NOUN:1
tabaquera	NOUN:3
tabaquismo	NOUN:2
tabarnia	PROPN:1
tabarra	NOUN:1
tabasco	NOUN:1	PROPN:1
tabasqueño	ADJ:1	NOUN:1
taberna	NOUN:1
tabernero	NOUN:1	ADJ:1
tabernáculo	NOUN:1
tabique	NOUN:3
tabla	NOUN:7
tablado	NOUN:2
tablao	NOUN:2
tablero	NOUN:8
tablet	NOUN:1
tableta	NOUN:5
tablilla	NOUN:3
tablita	NOUN:1
tabloide	NOUN:1
tablón	NOUN:5
tabo	NOUN:4
tabor	NOUN:1
tabulación	NOUN:1
tabulador	NOUN:1
tabular	ADJ:1	VERB:2
taburete	NOUN:3
tabú	ADJ:1
tac	NOUN:2
tacaño	ADJ:1	NOUN:1
tacha	NOUN:7
tachar	VERB:3
tache	NOUN:1
tachero	NOUN:1
tachirense	ADJ:1	NOUN:1
tacho	NOUN:5
taciturno	ADJ:1
tackle	NOUN:1
tacna	PROPN:5
taco	NOUN:8
tactil	ADJ:1
tacto	NOUN:2
tacuara	NOUN:1
tacuarembó	PROPN:1
tacuba	PROPN:1
tacón	NOUN:2
tadeo	PROPN:2
taekwondo	NOUN:1
tafetán	NOUN:1
tag	NOUN:1
tagalo	ADJ:1	NOUN:2
tagle	PROPN:2
tagliafico	PROPN:1
tagua	NOUN:1
tahití	PROPN:1
tahona	NOUN:2
tahuantinsuyo	PROPN:1
tai	NOUN:1
taichi	NOUN:1
taifa	NOUN:3
taiga	NOUN:1
tailandia	PROPN:1
tailandés	ADJ:1	NOUN:2
taimado	ADJ:1
taipéi	PROPN:1
taita	NOUN:3
taiwanés	ADJ:1	NOUN:1
taiwán	PROPN:2
tajada	NOUN:4
tajamar	NOUN:3
tajante	ADJ:2
tajantemente	ADV:2
tajo	NOUN:4	PROPN:1
tajín	NOUN:1
taka	NOUN:1
takayama	PROPN:1
tal	ADJ:1
tala	NOUN:3
taladrar	VERB:1
taladro	NOUN:1
talagante	PROPN:3
talanquera	NOUN:3
talante	NOUN:2
talar	ADJ:1	VERB:1	NOUN:1
talasemia	NOUN:1
talavera	NOUN:1
talca	PROPN:4
talcahuano	PROPN:2
talco	NOUN:2
talego	NOUN:4
talento	NOUN:1
talentoso	ADJ:1
talgo	X:1
talibán	ADJ:1	NOUN:1
talidomida	NOUN:1
talio	NOUN:1
talismán	NOUN:1
talión	NOUN:1
talla	NOUN:5
tallado	NOUN:1
tallador	NOUN:3
tallar	VERB:5
talle	NOUN:3
taller	NOUN:3
tallin	PROPN:1
tallo	NOUN:1
talmud	PROPN:1
talo	NOUN:1
talonario	NOUN:1
talpa	NOUN:1
taltal	PROPN:2
talud	NOUN:1
talvez	ADV:1
talón	NOUN:3
tamal	NOUN:5	ADJ:1
tamara	PROPN:1
tamarindo	NOUN:4
tamariz	NOUN:1
tamaulipas	PROPN:1
tamaulipeco	ADJ:1	NOUN:1
tamayo	PROPN:1
tamaño	ADJ:1	NOUN:1
tamb	ADV:2
tambaleante	ADJ:1
tambalear	VERB:1
también	ADV:2
tambo	NOUN:7
tambor	NOUN:3
tambora	NOUN:1
tamboril	NOUN:1
tamborilero	NOUN:1
tamil	ADJ:2	NOUN:2
tamiz	NOUN:1
tamo	NOUN:1
tampa	PROPN:1
tampico	PROPN:1
tampoco	ADV:2
tamps	PROPN:1
tampón	NOUN:2
tan	ADV:2	DET:1
tanatorio	NOUN:1
tanda	NOUN:8
tandem	NOUN:2
tandil	PROPN:1
tandilense	ADJ:1	NOUN:1
tanga	NOUN:2
tangencial	ADJ:1
tangencialmente	ADV:1
tangente	ADJ:1
tangible	ADJ:1
tango	NOUN:2
tania	PROPN:1
tanino	NOUN:1
tano	ADJ:1	NOUN:1
tanque	NOUN:5
tanqueta	NOUN:1
tantear	VERB:3
tanteo	NOUN:4
tanto	DET:2	ADV:1	SCONJ:1	NOUN:3	PRON:1
tantra	NOUN:1
tanzania	PROPN:1
tao	NOUN:2	ADJ:1
taoísmo	NOUN:1
taoísta	ADJ:1
tap	NOUN:1
tapa	NOUN:8
tapachula	PROPN:1
tapada	NOUN:1
tapadera	NOUN:3
tapado	ADJ:1	NOUN:2
tapar	VERB:8
tapara	NOUN:2
taparrabos	NOUN:1
tapatío	ADJ:1	NOUN:1
tape	NOUN:1
tapete	NOUN:2
tapia	NOUN:4	PROPN:1
tapial	NOUN:2
tapicero	NOUN:1
tapicería	NOUN:2
tapioca	NOUN:1
tapir	NOUN:1
tapita	NOUN:2
tapiz	NOUN:2
tapizado	NOUN:2
taponamiento	NOUN:1
taponar	VERB:1
tapón	NOUN:7
taquero	NOUN:2
taquería	NOUN:1
taquicardia	NOUN:1
taquigrafía	NOUN:1
taquilla	NOUN:6	ADJ:1
taquillero	ADJ:1	NOUN:1
taquito	NOUN:1
tar	VERB:1
tara	NOUN:4
tarado	ADJ:2	NOUN:1
tarahumara	NOUN:1
tarantino	ADJ:1	NOUN:1	PROPN:1
tarapacá	PROPN:5
tararear	VERB:1
tarasca	NOUN:1
tarata	PROPN:3
tarazona	PROPN:2
tardanza	NOUN:2
tardar	VERB:2
tarde	ADV:2	NOUN:2
tardo	ADJ:3
tardíamente	ADV:1
tardío	ADJ:1
tarea	NOUN:2
tarento	PROPN:1
target	NOUN:1
tarifa	NOUN:2
tarifario	ADJ:1
tarifazo	NOUN:1
tarija	PROPN:1
tarima	NOUN:1
tarja	NOUN:3
tarjeta	NOUN:1
tarjetón	NOUN:1
tarma	PROPN:1
taro	NOUN:1
tarot	NOUN:1
tarqui	PROPN:1
tarraconense	ADJ:1	NOUN:1
tarragona	PROPN:3
tarrasa	PROPN:1
tarro	NOUN:6
tarsis	PROPN:1
tarso	NOUN:2	PROPN:1
tarta	NOUN:3
tartamudear	VERB:1
tartamudeo	NOUN:1
tartamudez	NOUN:1
tartamudo	ADJ:1	NOUN:2
tartana	NOUN:3
tartar	NOUN:1
tartaristán	PROPN:1
tartufo	ADJ:1
tartán	NOUN:1
tarugo	ADJ:1	NOUN:3
tarzán	PROPN:1	NOUN:1
tarántula	NOUN:1
tas	NOUN:1	VERB:1
tasa	NOUN:2
tasación	NOUN:1
tasador	NOUN:2
tasar	VERB:1
tasca	NOUN:1
taser	NOUN:1
taskent	PROPN:1
tasmania	PROPN:1
tasso	PROPN:1
tata	NOUN:5
tatami	NOUN:1
tatarabuelo	NOUN:2
tatiana	PROPN:1
tato	INTJ:1	NOUN:1	PROPN:2
tatuado	ADJ:1
tatuador	NOUN:1
tatuaje	NOUN:1
tatuar	VERB:1
tatú	NOUN:1
tau	NOUN:4
taula	NOUN:1
taurina	NOUN:1
taurino	ADJ:3
tauro	PROPN:2
tauromaquia	NOUN:1
tautología	NOUN:1
tavira	PROPN:1
taxativamente	ADV:1
taxco	PROPN:1
taxi	NOUN:1
taxidermia	NOUN:1
taxista	NOUN:1
taxonomía	NOUN:1
taxonómico	ADJ:1
taxímetro	NOUN:2
taxón	NOUN:1
tayikistán	PROPN:1
tayiko	ADJ:2	NOUN:3
taza	NOUN:2
tazos	NOUN:1
tazón	NOUN:2
taíno	ADJ:1	NOUN:2
tañer	VERB:4
tb	PROPN:1
tc	NOUN:1
tca	NOUN:1
tcp	X:1
td	PRON:1
tdah	NOUN:1
tea	NOUN:2
teacher	NOUN:1
teaser	NOUN:1
teatral	ADJ:1
teatralidad	NOUN:1
teatro	NOUN:5
teba	PROPN:1
tebas	PROPN:1
tebeo	NOUN:1
teca	NOUN:2
techado	NOUN:1
techno	NOUN:1
techo	NOUN:2
techumbre	NOUN:1
tecla	NOUN:2	PROPN:1
tecladista	NOUN:1
teclado	NOUN:1
teclear	VERB:2
tecleo	NOUN:1
teclista	NOUN:1
tecnicatura	NOUN:1
tecnicismo	NOUN:2
tecnico	ADJ:1
tecnificación	NOUN:1
tecno	ADJ:1
tecnocracia	NOUN:1
tecnocrático	ADJ:1
tecnología	NOUN:1
tecnológicamente	ADV:1
tecnológico	ADJ:1
tecnócrata	NOUN:1
tecnólogo	NOUN:1
tecnópolis	NOUN:1
tectónica	NOUN:1
tectónico	ADJ:1
tedio	NOUN:1
tedioso	ADJ:1
teen	ADJ:1
teenager	NOUN:1
teflón	NOUN:1
tegucigalpa	PROPN:1
teherán	PROPN:2
tehuantepec	PROPN:4
tehuelche	ADJ:1
teja	NOUN:4
tejado	NOUN:1
tejano	ADJ:1
tejanos	NOUN:1
tejar	VERB:1	NOUN:1
tejas	PROPN:1
teje	NOUN:1
tejeda	PROPN:1
tejedor	NOUN:1
tejer	VERB:3
tejido	NOUN:3
tejo	NOUN:5
tejón	NOUN:7
teka	NOUN:2
tela	NOUN:4	ADV:1
telar	NOUN:1
telaraña	NOUN:1
tele	NOUN:1
telebasura	NOUN:1
telecentro	NOUN:1
teleco	NOUN:2
telecomunicación	NOUN:1
teleconferencia	NOUN:1
teledetección	NOUN:1
telediario	NOUN:1
teledirigido	ADJ:1
telefonear	VERB:1
telefonista	NOUN:2
telefonía	NOUN:1
teleférico	NOUN:1
telefónicamente	ADV:1
telefónico	ADJ:1
telegrafista	NOUN:1
telegrafía	NOUN:1
telegrama	NOUN:1
telegráfico	ADJ:1
telemedicina	NOUN:1
telemetría	NOUN:1
telemático	ADJ:1
telenovela	NOUN:1
teleobjetivo	NOUN:1
telepatía	NOUN:1
telepizza	NOUN:1
telepáticamente	ADV:1
telequinesis	NOUN:1
telescopio	NOUN:1
telesecundaria	NOUN:1
teleserie	NOUN:1
telesforo	PROPN:1
teletipo	NOUN:2
teletrabajo	NOUN:1
teletransportación	NOUN:1
teletransporte	NOUN:1
teletón	NOUN:1
televidente	NOUN:1
televisar	VERB:1
televisivo	ADJ:2
televisión	NOUN:3
televisor	NOUN:1
televisora	NOUN:1
tell	NOUN:1
tellería	PROPN:1
telnet	NOUN:1
telo	NOUN:1
telonero	ADJ:1	NOUN:1
telugu	NOUN:1
teléfono	NOUN:4
telégrafo	NOUN:2
telémaco	PROPN:1
telón	NOUN:2
telúrico	ADJ:2
tema	NOUN:4
temario	NOUN:1
temblar	VERB:4
tembleque	ADJ:1	NOUN:2
temblor	NOUN:3
tembloroso	ADJ:2
temer	VERB:3
temerariamente	ADV:2
temerario	ADJ:1	NOUN:1
temeridad	NOUN:2
temeroso	ADJ:2
temible	ADJ:2
temis	PROPN:1
temor	NOUN:4
temperamental	ADJ:1
temperamento	NOUN:1
temperatura	NOUN:1
temperley	PROPN:1
tempestad	NOUN:1
templado	ADJ:3
templanza	NOUN:1
templar	VERB:7
templario	ADJ:1	NOUN:1
temple	NOUN:6
templete	NOUN:2
templo	NOUN:1
tempo	NOUN:1
temporada	NOUN:2
temporal	ADJ:3	NOUN:1
temporalidad	NOUN:2
temporalmente	ADV:1
temporariamente	ADV:1
temporario	ADJ:1
temporizador	NOUN:2
tempranamente	ADV:1
tempranero	ADJ:2	NOUN:1
tempranillo	NOUN:1
temprano	ADJ:1	ADV:1
tempura	NOUN:1	ADJ:1
temuco	PROPN:2
temática	NOUN:1
temáticamente	ADV:1
temático	ADJ:1
tena	NOUN:1
tenacidad	NOUN:1
tenancingo	PROPN:1
tenango	NOUN:1
tenaz	ADJ:1
tenaza	NOUN:1
tenazmente	ADV:1
tendedero	NOUN:2
tendencia	NOUN:2
tendencioso	ADJ:2
tendente	ADJ:1
tender	VERB:8
tendero	NOUN:2
tendiente	ADJ:1
tendinitis	NOUN:1
tendón	NOUN:1
tenebroso	ADJ:1
tenedor	NOUN:2
tenencia	NOUN:1
tener	VERB:8
tenerife	PROPN:1
tenia	NOUN:1
tenida	NOUN:2
teniente	NOUN:3
tenis	NOUN:2
tenista	NOUN:1
tennessee	PROPN:1
teno	PROPN:1
tenochtitlan	PROPN:1
tenochtitlán	PROPN:1
tenor	NOUN:2
tenorio	PROPN:1	NOUN:1
tensar	VERB:1
tensión	NOUN:3
tenso	ADJ:2
tensor	ADJ:1	NOUN:1
tentación	NOUN:1
tentador	ADJ:1
tentar	VERB:2
tentativa	NOUN:2
tentativamente	ADV:1
tentativo	ADJ:1
tentempié	NOUN:3
tentáculo	NOUN:1
tenue	ADJ:2
teobaldo	PROPN:1
teocracia	NOUN:1
teocrático	ADJ:1
teodomiro	PROPN:1
teodora	PROPN:1
teodorico	PROPN:1
teodoro	PROPN:1
teodosio	PROPN:1
teofrasto	PROPN:1
teología	NOUN:1
teológico	ADJ:1
teorema	NOUN:1
teorizar	VERB:1
teoría	NOUN:1
teosofía	NOUN:1
teotihuacán	PROPN:1
tep	X:1
tepatitlán	PROPN:1
tepe	NOUN:1
tepoztlán	PROPN:2
tept	NOUN:1
tequila	NOUN:1	PROPN:1
ter	ADV:1	PROPN:1	NOUN:1
terapeuta	NOUN:1
terapia	NOUN:2
terapista	NOUN:1
terapéutico	ADJ:1
tercamente	ADV:1
tercerización	NOUN:1
tercermundista	ADJ:1
tercero	ADJ:1	NOUN:2
terceto	NOUN:1
tercia	ADJ:1
terciario	ADJ:1	NOUN:1
tercio	ADJ:1	NOUN:2
terciopelo	NOUN:1
terco	ADJ:1
tere	PROPN:1
terencio	PROPN:1
tereré	NOUN:1
teresa	PROPN:1
teresita	PROPN:1
tergiversación	NOUN:1
tergiversar	VERB:2
teriyaki	NOUN:1
termal	ADJ:1
termas	NOUN:3
termidor	NOUN:1
terminación	NOUN:1
terminal	ADJ:4	NOUN:3
terminante	ADJ:1
terminantemente	ADV:1
terminar	VERB:7
terminología	NOUN:1
termita	NOUN:2
termo	NOUN:2
termodinámica	NOUN:1
termonuclear	ADJ:1
termostato	NOUN:1
termotanque	NOUN:1
termómetro	NOUN:1
termópilas	PROPN:1
terna	NOUN:2
ternario	ADJ:1
ternera	NOUN:3
ternero	NOUN:1
terno	NOUN:4
ternura	NOUN:1
tero	NOUN:1
terquedad	NOUN:1
terracería	NOUN:1
terracota	NOUN:1
terranova	PROPN:1	NOUN:1
terraplén	NOUN:1
terrario	NOUN:1
terrateniente	NOUN:2
terraza	NOUN:3
terremoto	NOUN:1
terrenal	ADJ:2
terreno	ADJ:2	NOUN:3
terrero	ADJ:2	NOUN:3
terrestre	ADJ:3
terrible	ADJ:3
terriblemente	ADV:1
terrier	NOUN:1
territorial	ADJ:1
territorialidad	NOUN:1
territorialmente	ADV:1
territorio	NOUN:1
terror	NOUN:2
terrorismo	NOUN:1
terrorista	ADJ:1	NOUN:1
terrorífico	ADJ:1
terroso	ADJ:2
terruño	NOUN:3
terráqueo	ADJ:1	NOUN:1
terrícola	ADJ:1	NOUN:1
terrón	NOUN:2
tertulia	NOUN:2
tertuliano	NOUN:2
teruel	PROPN:3
terán	PROPN:1
tesalia	PROPN:2
tesalonicenses	PROPN:1
tesalónica	PROPN:1
tesauro	NOUN:1
teseo	PROPN:1
tesina	NOUN:1
tesis	NOUN:1
tesitura	NOUN:2
teso	NOUN:1	ADJ:1
tesorero	NOUN:1
tesorería	NOUN:1
tesoro	NOUN:3
test	NOUN:2
testa	NOUN:2
testador	NOUN:1
testaferro	NOUN:1
testamentario	ADJ:1
testamento	NOUN:3
testar	VERB:4
testarudez	NOUN:1
testarudo	ADJ:1
testear	VERB:1
testeo	NOUN:1
tester	NOUN:1
testero	NOUN:2
testicular	ADJ:1
testificar	VERB:2
testigo	NOUN:4
testimonial	ADJ:2
testimoniar	VERB:1
testimonio	NOUN:3
testosterona	NOUN:1
testículo	NOUN:1
tesón	NOUN:1
teta	NOUN:1
tetazo	NOUN:2
tete	NOUN:2
tetera	NOUN:3
tetilla	NOUN:1
tetis	PROPN:1
teto	ADJ:1	NOUN:1
tetona	ADJ:1
tetraciclina	NOUN:1
tetralogía	NOUN:1
tetris	PROPN:1
tetuán	PROPN:1
teutón	ADJ:2	NOUN:1
texano	ADJ:1	NOUN:1
texas	PROPN:1
texcoco	PROPN:2
textil	NOUN:1
texto	NOUN:3
textual	ADJ:2
textualmente	ADV:2
textura	NOUN:1
tez	NOUN:1
tezontle	NOUN:1
teñido	NOUN:1
teñir	VERB:2
teófilo	PROPN:2
teólogo	NOUN:1
teóricamente	ADV:1
teórico	ADJ:1	NOUN:1
thai	NOUN:1
thailandia	PROPN:1
thane	NOUN:1
thc	NOUN:1
theta	NOUN:1
thriller	NOUN:1
tiamina	NOUN:1
tianguis	NOUN:2
tiara	NOUN:2
tiberio	NOUN:1
tibetano	ADJ:1	NOUN:2
tibial	ADJ:1
tibieza	NOUN:2
tibio	ADJ:2
tiburcio	PROPN:1
tiburón	NOUN:2
tic	NOUN:3
tick	NOUN:3
ticket	NOUN:3
tico	ADJ:1
tictac	INTJ:1
tiempo	NOUN:4
tienda	NOUN:2
tiendita	NOUN:1
tienpo	NOUN:4
tienta	NOUN:3
tiento	NOUN:3
tiernamente	ADV:1
tierno	ADJ:5
tierra	NOUN:8
tieso	ADJ:7	NOUN:1
tiesto	NOUN:3	ADJ:1
tiflis	PROPN:1
tifo	NOUN:1
tifoidea	NOUN:1
tifus	NOUN:1
tifón	NOUN:2	PROPN:1
tigre	NOUN:5
tigris	PROPN:1
tijera	NOUN:1
tijuana	PROPN:1
tiktok	PROPN:1	NOUN:1
tila	NOUN:3
tilapia	NOUN:1
tildar	VERB:4
tilde	NOUN:4
tilo	NOUN:2
tilín	NOUN:1
timador	NOUN:1
timar	VERB:2
timba	NOUN:5
timbal	NOUN:2
timbre	NOUN:6
timeline	NOUN:1
timidez	NOUN:1
timing	NOUN:1
timo	NOUN:4
timonel	NOUN:2
timor	PROPN:1
timorato	ADJ:3
timoteo	PROPN:3
timón	NOUN:6	PROPN:1
tina	NOUN:4
tinaco	NOUN:2
tinaja	NOUN:2
tinajero	ADJ:1	NOUN:1
tinca	NOUN:2
tincho	NOUN:1
tinción	NOUN:2
tineo	NOUN:1
tinerfeño	ADJ:1	NOUN:1
tinga	NOUN:1
tinglado	NOUN:3
tiniebla	NOUN:2
tinnitus	NOUN:1
tino	NOUN:4
tinta	NOUN:1
tinte	NOUN:2
tintero	NOUN:1
tintineo	NOUN:2
tinto	ADJ:1	NOUN:2	PROPN:1
tintorero	NOUN:1
tintorería	NOUN:1
tintura	NOUN:3
tiovivo	NOUN:1
tip	NOUN:1
tipa	NOUN:1
tipazo	NOUN:4
tipear	VERB:1
tipejo	NOUN:1
tipeo	NOUN:1
tipi	NOUN:2
tipicidad	NOUN:1
tipificación	NOUN:1
tipificar	VERB:1
tiple	NOUN:4
tipo	NOUN:6	ADJ:1	PART:1
tipografía	NOUN:1
tipográfico	ADJ:1
tipología	NOUN:1
tipógrafo	NOUN:2
tiquete	NOUN:1
tiquismiquis	ADJ:2	NOUN:4
tira	NOUN:4
tirachinas	NOUN:1
tirada	NOUN:3
tiradero	NOUN:2
tirado	ADJ:3	NOUN:2	PROPN:1
tirador	NOUN:3
tiraje	NOUN:1
tiramisú	NOUN:1
tirano	ADJ:1	NOUN:1
tiranosaurio	NOUN:1
tirante	ADJ:1	NOUN:2
tirantez	NOUN:1
tiranía	NOUN:1
tirar	VERB:8
tirita	NOUN:1
tiro	NOUN:6	PROPN:2
tiroides	ADJ:1	NOUN:1
tirol	PROPN:2
tirolesa	NOUN:1
tirosina	NOUN:1
tiroteo	NOUN:2
tirreno	ADJ:1	NOUN:1
tirria	NOUN:1
tirso	NOUN:1
tiránico	ADJ:1
tirón	NOUN:5
tisular	ADJ:1
tita	NOUN:4
titanio	NOUN:1
titi	NOUN:1
titiritero	NOUN:3
tito	PROPN:3	NOUN:4
titubeante	ADJ:2
titubear	VERB:2
titubeo	NOUN:2
titulación	NOUN:2
titular	ADJ:1	NOUN:4	VERB:3
titularidad	NOUN:4
titán	NOUN:3	PROPN:2
titánico	ADJ:1
tití	NOUN:3
tiza	NOUN:1
tizón	NOUN:3
tiña	NOUN:3
tj	PROPN:1
tl	PROPN:1
tlacuache	NOUN:1
tlatoani	NOUN:1
tlaxcala	PROPN:1
tlaxcalteca	ADJ:1	NOUN:1
tlaxiaco	PROPN:2
tlp	NOUN:1
tls	NOUN:1
tláloc	PROPN:1
tma	X:1
tmb	ADV:2
tmbn	ADV:2
to	INTJ:1
toa	NOUN:1
toalla	NOUN:1
toba	NOUN:3
tobago	PROPN:1
tobar	PROPN:1
tobillera	NOUN:2
tobillo	NOUN:1
tobogán	NOUN:3
toboso	ADJ:1	NOUN:1
tobías	PROPN:2
toc	NOUN:1
tocadiscos	NOUN:1
tocador	NOUN:2
tocante	ADJ:1
tocapelotas	NOUN:1
tocar	VERB:8
tocata	NOUN:3
tocayo	NOUN:1
tocho	ADJ:3
tocineta	NOUN:1
tocino	NOUN:2
toco	NOUN:2
tocopilla	PROPN:3
tocón	ADJ:1	NOUN:2
todavía	ADV:2
todo	DET:3	PRON:1
todopoderoso	ADJ:1	PROPN:1
todoterreno	ADJ:1	NOUN:1
tofu	NOUN:1
toga	NOUN:3
togo	PROPN:1
toi	VERB:1
toisón	NOUN:1
tojo	NOUN:1
token	NOUN:1
tokio	PROPN:1
tola	NOUN:3
toldo	NOUN:3
toledano	ADJ:1	NOUN:1
toledo	NOUN:1	PROPN:2
tolentino	PROPN:2
tolerable	ADJ:1
tolerado	ADJ:1
tolerancia	NOUN:2
tolerante	ADJ:1
tolerar	VERB:3
tolima	PROPN:1
tolo	ADJ:1	NOUN:1
tolomeo	PROPN:1
tolosa	PROPN:1
toluca	PROPN:1
tolueno	NOUN:1
tolva	NOUN:3
tolón	PROPN:1
tomador	NOUN:4
tomadura	NOUN:2
tomar	VERB:8
tomasa	PROPN:1
tomate	NOUN:6
tombo	NOUN:1
tombuctú	PROPN:1
tomillo	NOUN:1
tomista	ADJ:1
tomografía	NOUN:1
ton	NOUN:1
tonada	NOUN:2
tonal	ADJ:1
tonalidad	NOUN:1
tondo	NOUN:1
tonel	NOUN:2
tonelada	NOUN:3
tonelaje	NOUN:1
toner	NOUN:1
tonga	PROPN:1	NOUN:5
tongo	NOUN:2
toni	NOUN:1
tonificar	VERB:1
tonka	NOUN:1
tono	NOUN:1
tontamente	ADV:1
tontear	VERB:2
tontera	NOUN:1
tontería	NOUN:3
tonto	ADJ:2	NOUN:1
tony	NOUN:1
top	NOUN:2	ADJ:3
topacio	NOUN:1
topadora	NOUN:1
topar	VERB:5
tope	NOUN:7	ADV:1
topless	ADJ:1
topo	NOUN:2
topografía	NOUN:1
topográfico	ADJ:1
topología	NOUN:1
toponimia	NOUN:2
topping	NOUN:1
topógrafo	NOUN:1
topónimo	NOUN:1
toque	NOUN:8
toquetear	VERB:2
tora	NOUN:1
torah	PROPN:1
toral	ADJ:1
torbellino	NOUN:2
torcedura	NOUN:2
torcer	VERB:5
torcida	NOUN:1
torcido	ADJ:5	NOUN:1
tordesillas	PROPN:1
tordo	NOUN:1	ADJ:1
torear	VERB:5
toreo	NOUN:1
torero	NOUN:1
toribio	PROPN:2
toril	NOUN:1
torio	NOUN:1
torito	NOUN:5
tormenta	NOUN:2
tormento	NOUN:1
tormentoso	ADJ:1
tornado	NOUN:1
tornar	VERB:7
tornasol	NOUN:3
torneado	ADJ:1
torneo	NOUN:2
tornero	NOUN:2
tornillo	NOUN:2
torniquete	NOUN:2
torno	NOUN:2
tornquist	PROPN:1
toro	NOUN:3	PROPN:1
toronja	NOUN:1
toronto	PROPN:1
torpe	ADJ:4	NOUN:1
torpedear	VERB:2
torpedero	NOUN:3
torpedo	NOUN:4
torpemente	ADV:1
torpeza	NOUN:2
torque	NOUN:2
torralba	PROPN:1
torre	NOUN:3
torrecilla	NOUN:1	PROPN:1
torrejón	PROPN:1
torremolinos	PROPN:1
torrencial	ADJ:1
torrente	NOUN:3
torrero	NOUN:1
torres	PROPN:1
torreta	NOUN:2
torrevieja	PROPN:1
torreón	NOUN:2
torrijos	PROPN:3
torsión	NOUN:1
torso	NOUN:3
torta	NOUN:7
tortazo	NOUN:3
tortilla	NOUN:3
tortita	NOUN:1
tortosa	PROPN:1
tortuga	NOUN:3
tortuguero	ADJ:1	NOUN:1
tortuoso	ADJ:1
tortura	NOUN:1
torturador	ADJ:1	NOUN:1
torturar	VERB:1
tortícolis	NOUN:1
tory	NOUN:1
torá	PROPN:1
torácico	ADJ:1
tos	NOUN:1
tosca	NOUN:2
toscamente	ADV:1
toscana	PROPN:1
toscano	ADJ:1	NOUN:2
tosco	ADJ:3
toser	VERB:2
tosta	NOUN:1
tostada	NOUN:1
tostado	ADJ:3	NOUN:3
tostador	NOUN:1
tostadora	NOUN:1
tostar	VERB:2
tostón	NOUN:5
tot	PROPN:1
total	ADJ:1	ADV:1	NOUN:1
totalidad	NOUN:2
totalitario	ADJ:1
totalitarismo	NOUN:1
totalizador	ADJ:1	NOUN:2
totalizar	VERB:1
totalmente	ADV:1
totem	NOUN:2
toto	NOUN:1
totonicapán	PROPN:2
totora	NOUN:1
touch	ADJ:1
touchdown	NOUN:1
touché	ADJ:1
toulouse	PROPN:1
tour	NOUN:3	PROPN:1
touring	NOUN:1
tovar	PROPN:1
toxicidad	NOUN:1
toxicología	NOUN:1
toxicológico	ADJ:1
toxina	NOUN:1
toxoplasmosis	NOUN:1
toy	VERB:1
toya	PROPN:1
tozudez	NOUN:1
toñi	PROPN:1
toño	PROPN:1
tp	NOUN:1
traba	NOUN:8
trabado	ADJ:1
trabajador	ADJ:1	NOUN:2
trabajar	VERB:3
trabajo	NOUN:3
trabajoso	ADJ:2
trabalenguas	NOUN:1
trabar	VERB:8
trabuco	NOUN:2
traca	NOUN:2
tracción	NOUN:1
tracia	PROPN:1
tracio	ADJ:1
track	NOUN:1
tracto	NOUN:2
tractor	ADJ:1	NOUN:1
trader	NOUN:1
tradicional	ADJ:1
tradicionalismo	NOUN:1
tradicionalista	ADJ:1	NOUN:2
tradicionalmente	ADV:1
tradición	NOUN:2
trading	NOUN:1
traducción	NOUN:1
traducir	VERB:2
traductor	ADJ:1	NOUN:3
traer	VERB:8
trafalgar	PROPN:1
traficante	ADJ:1	NOUN:2
traficar	VERB:2
traga	ADJ:2	NOUN:2
tragaluz	NOUN:1
tragamonedas	NOUN:1
tragaperras	NOUN:2
tragar	VERB:6
tragedia	NOUN:3
tragicomedia	NOUN:1
tragicómico	ADJ:1
trago	NOUN:4
tragón	ADJ:2
traicionar	VERB:2
traicionero	NOUN:1	ADJ:1
traición	NOUN:2
traidor	ADJ:2	NOUN:2
trailer	NOUN:4
training	NOUN:1
trajano	ADJ:1
traje	NOUN:4
trajeado	ADJ:1
trajín	NOUN:4
trama	NOUN:5
tramado	NOUN:1
tramar	VERB:2
tramitación	NOUN:1
tramitar	VERB:2
tramo	NOUN:1
tramontana	NOUN:1
tramoya	NOUN:2
trampa	NOUN:3
trampilla	NOUN:1
trampolín	NOUN:2
tramposo	ADJ:2	NOUN:1
tranca	NOUN:5
trancar	VERB:6
trancazo	NOUN:5
trance	NOUN:1
tranco	NOUN:1
tranki	ADJ:1
tranque	NOUN:2
tranquera	NOUN:2
tranqui	ADJ:1	INTJ:1
tranquilamente	ADV:1
tranquilidad	NOUN:1
tranquilizador	ADJ:1
tranquilizante	ADJ:2	NOUN:1
tranquilizar	VERB:3
tranquillo	NOUN:1
tranquilo	ADJ:1	INTJ:1
trans	ADJ:1	NOUN:1
transa	NOUN:2
transaccional	ADJ:1
transacción	NOUN:2
transar	VERB:2
transatlántico	ADJ:1	NOUN:1
transbordador	NOUN:2
transbordo	NOUN:1
transcendencia	NOUN:2
transcendental	ADJ:1
transcontinental	ADJ:1
transcribir	VERB:1
transcripción	NOUN:1
transcript	NOUN:1
transcurrir	VERB:1
transcurso	NOUN:1
transductor	NOUN:1
transexual	ADJ:1
transexualidad	NOUN:1
transeúnte	NOUN:3
transfer	NOUN:1
transferencia	NOUN:1
transferible	ADJ:1
transferir	VERB:1
transfiguración	NOUN:1
transfobia	NOUN:1
transfondo	NOUN:1
transformación	NOUN:1
transformador	ADJ:1	NOUN:1
transformar	VERB:1
transformista	ADJ:1	NOUN:1
transfronterizo	ADJ:1
transfusión	NOUN:1
transgredir	VERB:1
transgresión	NOUN:1
transgresor	ADJ:1	NOUN:1
transgénero	ADJ:1
transgénico	ADJ:1
transicional	ADJ:1
transición	NOUN:2
transigir	VERB:1
transilvania	PROPN:1
transistor	NOUN:2
transitable	ADJ:1
transitado	ADJ:1
transitar	VERB:1
transitivo	ADJ:1
transitoriamente	ADV:1
transitoriedad	NOUN:1
transitorio	ADJ:3
transliteración	NOUN:1
translocación	NOUN:1
translúcido	ADJ:1
transmedia	ADJ:1
transmisible	ADJ:1
transmisión	NOUN:1
transmisor	NOUN:1
transmitir	VERB:6
transmutación	NOUN:1
transnacional	ADJ:1	NOUN:1
transnistria	PROPN:1
transpacífico	ADJ:1
transparencia	NOUN:1
transparentar	VERB:3
transparente	ADJ:1
transpersonal	ADJ:1
transpiración	NOUN:2
transpirar	VERB:2
transportable	ADJ:1
transportación	NOUN:1
transportador	ADJ:1	NOUN:2
transportar	VERB:2
transporte	NOUN:1
transportista	ADJ:1	NOUN:2
transposición	NOUN:1
transtorno	NOUN:3
transversal	ADJ:1
transversalidad	NOUN:1
transversalmente	ADV:1
transverso	ADJ:1
tranvía	NOUN:1
trap	NOUN:1
trapeador	NOUN:1
trapear	VERB:2
trapecio	NOUN:4
trapecista	NOUN:1
trapero	NOUN:4
trapezoidal	ADJ:1
trapiche	NOUN:1
trapicheo	NOUN:1
trapo	NOUN:3
traqueal	ADJ:1
traqueotomía	NOUN:1
traqueteo	NOUN:1
tras	ADP:4
trasandino	ADJ:1
trasatlántico	ADJ:1
trasbordo	NOUN:1
trascendencia	NOUN:2
trascendental	ADJ:1
trascendente	ADJ:1
trascender	VERB:1
trascripción	NOUN:1
trascurso	NOUN:1
trasero	ADJ:1	NOUN:1
trasferencia	NOUN:1
trasfondo	NOUN:1
trasformación	NOUN:1
trasformar	VERB:1
trasgresión	NOUN:1
trashumancia	NOUN:1
trashumante	ADJ:2
trasiego	NOUN:2
traslación	NOUN:1
trasladar	VERB:6
traslado	NOUN:3
traslucir	VERB:2
traslúcido	ADJ:1
trasmisión	NOUN:1
trasmitir	VERB:6
trasnacional	ADJ:1
trasnochada	NOUN:2
trasnochado	ADJ:2
trasnochar	VERB:1
trasparencia	NOUN:1
trasparente	ADJ:1
traspasar	VERB:5
traspaso	NOUN:4
traspié	NOUN:1
trasplantar	VERB:1
trasplante	NOUN:1
trasporte	NOUN:1
traste	NOUN:4
trastero	NOUN:2	ADJ:1
trastienda	NOUN:3
trasto	NOUN:4
trastocar	VERB:1
trastornado	ADJ:2
trastornar	VERB:3
trastorno	NOUN:3
trasunto	NOUN:2
trasvase	NOUN:1
trasversal	ADJ:1
tratable	ADJ:2
tratado	NOUN:1
tratamiento	NOUN:3
tratante	NOUN:1
tratar	VERB:8
trato	NOUN:3
trauma	NOUN:2
traumatismo	NOUN:1
traumatizado	ADJ:1
traumatología	NOUN:1
traumatólogo	NOUN:1
traumático	ADJ:2
trava	NOUN:1
travelling	NOUN:1
travesaño	NOUN:4
travesera	NOUN:1
travesti	NOUN:2
travestido	ADJ:1	NOUN:1
travestismo	NOUN:1
travesura	NOUN:4
travesía	NOUN:4
traviesa	NOUN:1
travieso	ADJ:2
través	NOUN:1
trayecto	NOUN:1
trayectoria	NOUN:3
traza	NOUN:3
trazabilidad	NOUN:1
trazado	NOUN:4
trazador	ADJ:1	NOUN:3
trazar	VERB:2
traída	NOUN:1
traído	ADJ:1
trece	NUM:1	NOUN:1
trecho	NOUN:2
trecientos	NUM:1
tregua	NOUN:2
treinta	NUM:1
treintena	NOUN:1
trekking	NOUN:1
trelew	PROPN:1
tremendamente	ADV:1
tremendo	ADJ:2
trementina	NOUN:1
tremor	NOUN:1
tren	NOUN:2
trena	NOUN:1
trendy	ADJ:1
trenecito	NOUN:1
trenza	NOUN:1
trenzado	NOUN:1
trepa	NOUN:1
trepado	ADJ:1
trepador	ADJ:1	NOUN:5
trepar	VERB:5
trepidante	ADJ:2
tres	NUM:1
trescientos	NUM:1
treta	NOUN:1
treviño	PROPN:1
trey	NOUN:1
tri	NOUN:2
triaca	NOUN:1
triada	NOUN:1
triaje	NOUN:1
triana	PROPN:3
triangulación	NOUN:1
triangular	ADJ:1	VERB:1
triatleta	NOUN:1
triatlón	NOUN:1
tribal	ADJ:2
tribalismo	NOUN:1
tribu	NOUN:1
tribulación	NOUN:1
tribuna	NOUN:3
tribunal	NOUN:2
tribuno	NOUN:1
tributación	NOUN:1
tributar	VERB:2
tributario	ADJ:2
tributo	NOUN:1
tricampeón	NOUN:1
triciclo	NOUN:3
tricolor	ADJ:1	NOUN:3
tridente	ADJ:1	NOUN:3
tridimensional	ADJ:1
triduo	NOUN:1
trienal	ADJ:1
trienio	NOUN:1
trieste	PROPN:2
trifulca	NOUN:2
trifásico	ADJ:1
trigal	NOUN:1
trigo	NOUN:1
trigonometría	NOUN:1
trigémino	ADJ:1
trigésimo	ADJ:1
trilateral	ADJ:1
trilingüe	ADJ:1
trilla	NOUN:2
trillado	ADJ:1
trillo	NOUN:1
trillón	NOUN:2
trilogía	NOUN:1
trimestral	ADJ:1
trimestralmente	ADV:1
trimestre	NOUN:1
trincar	VERB:8
trinchera	NOUN:2
trineo	NOUN:1
trinidad	PROPN:3	NOUN:1
trinitario	ADJ:2	NOUN:2
trinitense	ADJ:1
trino	NOUN:1	ADJ:2
trinomio	NOUN:1
trinquete	NOUN:8
trip	NOUN:1
tripa	NOUN:4
tripartito	ADJ:1
triple	ADJ:3	NOUN:2
tripleta	NOUN:1
triplete	NOUN:3
triplicar	VERB:2
triptófano	NOUN:1
tripulación	NOUN:1
tripulado	ADJ:1
tripulante	NOUN:1
triqui	ADJ:1
tris	NOUN:1
triste	ADJ:6
tristemente	ADV:1
tristeza	NOUN:2
tristán	PROPN:1
tristón	ADJ:1
tritio	NOUN:1
trituración	NOUN:1
triturador	NOUN:2
trituradora	NOUN:3
triturar	VERB:3
tritón	NOUN:3	PROPN:2
triunfador	ADJ:2	NOUN:2
triunfal	ADJ:2
triunfalismo	NOUN:1
triunfalista	ADJ:1
triunfalmente	ADV:1
triunfante	ADJ:2
triunfar	VERB:1
triunfo	NOUN:1
triunvirato	NOUN:1
trivia	NOUN:1
trivial	ADJ:1
trivialidad	NOUN:1
triviño	PROPN:1
triángulo	NOUN:2
triásico	ADJ:1
troca	NOUN:1
trocha	NOUN:2
trocito	NOUN:1
trofeo	NOUN:1
troglodita	ADJ:2	NOUN:2
troika	NOUN:1
trol	NOUN:2
trola	NOUN:2
trolear	VERB:1
trolebús	NOUN:1
troleo	NOUN:1
troll	NOUN:2
trolleo	NOUN:1
trolley	NOUN:1
trolo	NOUN:1
tromba	NOUN:2
trombo	NOUN:1
trombocitopenia	NOUN:1
trombosis	NOUN:1
trombón	NOUN:1
trompa	NOUN:8
trompada	NOUN:3
trompeta	NOUN:3
trompetista	NOUN:1
trompo	NOUN:2
tron	NOUN:1
tronar	VERB:7
troncal	ADJ:2
tronco	NOUN:6
tronera	NOUN:5
trono	NOUN:1
tropa	NOUN:3
tropecientos	ADJ:1
tropel	NOUN:2
tropezar	VERB:3
tropezón	ADJ:1	NOUN:2
tropical	ADJ:1
tropiezo	NOUN:2
tropo	NOUN:1
troquel	NOUN:1
trotamundos	NOUN:1
trotar	VERB:2
trote	NOUN:2
trotski	PROPN:1
trotskismo	NOUN:1
trotskista	NOUN:1
trotta	PROPN:1
troupe	NOUN:1
trova	NOUN:2
trovador	NOUN:1
troy	ADJ:1
troya	PROPN:1
troyano	ADJ:1	NOUN:2
trozo	NOUN:1
trucha	NOUN:2	ADJ:2
trucho	ADJ:2
truco	NOUN:4
truculento	ADJ:3
trueno	NOUN:3
trueque	NOUN:1
trufa	NOUN:1
truhán	ADJ:2
trujillano	ADJ:1	NOUN:1
trujillo	PROPN:2
trullo	NOUN:1
truncar	VERB:3
trunco	ADJ:1
trust	NOUN:1
tráfico	NOUN:2
trágala	NOUN:1
trágicamente	ADV:1
trágico	ADJ:2
tráiler	NOUN:4
trámite	NOUN:1
tránsfuga	NOUN:3
tránsito	NOUN:2	PROPN:1
tráquea	NOUN:1
trébol	NOUN:4
tréboles	NOUN:1
tréveris	PROPN:1
tríada	NOUN:1
tríceps	NOUN:1
trío	NOUN:2
trípode	NOUN:1
trípoli	PROPN:1
tríptico	NOUN:2
trópico	NOUN:2	ADJ:1
tsa	PROPN:1
tsonga	NOUN:1
tsunami	NOUN:1
tu	DET:1
tuareg	NOUN:1
tuba	NOUN:2
tuberculosis	NOUN:1
tubería	NOUN:1
tubo	NOUN:2
tubular	ADJ:1
tubérculo	NOUN:1
tuca	NOUN:1
tucano	ADJ:1
tuco	NOUN:5	ADJ:1
tucson	PROPN:1
tucumano	ADJ:1	NOUN:1
tucumán	PROPN:1
tucán	NOUN:2
tucídides	PROPN:1
tuerca	NOUN:2
tuerto	ADJ:1	NOUN:3
tuesta	NOUN:1
tufillo	NOUN:1
tufo	NOUN:3
tugurio	NOUN:1
tui	NOUN:1
tuit	NOUN:1
tuitear	VERB:1
tuiteo	NOUN:1
tuitero	ADJ:1	NOUN:1
tul	NOUN:2
tula	NOUN:3
tulancingo	PROPN:1
tule	NOUN:1
tulio	NOUN:1
tulipán	NOUN:1
tullido	ADJ:2	NOUN:1
tulum	PROPN:1
tumba	NOUN:1
tumbado	ADJ:2
tumbar	VERB:4
tumblr	NOUN:1
tumbo	NOUN:2
tumor	NOUN:1
tumoral	ADJ:1
tumulto	NOUN:1
tumultuoso	ADJ:1
tun	NOUN:1
tuna	NOUN:3
tunda	NOUN:1
tundra	NOUN:1
tunecino	ADJ:2	NOUN:1
tungsteno	NOUN:1
tungurahua	PROPN:1
tuning	NOUN:1
tunja	PROPN:1
tuno	NOUN:1
tupamaro	ADJ:1
tupido	ADJ:2
tupperware	NOUN:1
tupé	NOUN:1
tupí	ADJ:1
turba	NOUN:2
turbación	NOUN:2
turbante	NOUN:1
turbidez	NOUN:1
turbiedad	NOUN:1
turbina	NOUN:1
turbio	ADJ:6
turbo	ADJ:1	PROPN:1
turbulencia	NOUN:2
turbulento	ADJ:1
turcios	PROPN:1
turco	ADJ:1	NOUN:3
turf	NOUN:1
turia	PROPN:1
turismo	NOUN:2
turista	NOUN:1
turkmenistán	PROPN:1
turku	PROPN:1
turmalina	NOUN:1
turno	NOUN:6
turolense	ADJ:1	NOUN:1
turquesa	ADJ:1	NOUN:2
turquía	PROPN:1
turro	ADJ:3	NOUN:5
turrón	NOUN:1
turín	PROPN:3
turístico	ADJ:1
turón	NOUN:1
tusa	NOUN:7
tutankamón	PROPN:1
tute	NOUN:3
tutela	NOUN:3
tutelaje	NOUN:1
tutelar	ADJ:1	VERB:1
tuteo	NOUN:2
tuto	NOUN:3
tutor	NOUN:5
tutorial	ADJ:1	NOUN:1
tutoría	NOUN:3
tutsi	ADJ:1
tutú	NOUN:1
tuvalu	PROPN:1
tuxedo	NOUN:1
tuxtepec	PROPN:1
tuya	NOUN:2
tuyo	PRON:1	DET:1
tuétano	NOUN:2
tv	NOUN:1
tweed	NOUN:1
tweet	NOUN:1
twerking	NOUN:1
twi	NOUN:1
twink	NOUN:1
twist	NOUN:1
twit	NOUN:1
twitear	VERB:1
twittear	VERB:1
twittero	NOUN:1
txiki	ADJ:1	NOUN:1
tzotzil	NOUN:2
tá	INTJ:1
táchira	PROPN:1
tácitamente	ADV:1
tácito	ADJ:2	PROPN:1
tácticamente	ADV:1
táctico	ADJ:1	NOUN:1
táctil	ADJ:1
tálamo	NOUN:2
támara	NOUN:1
támesis	PROPN:1
tándem	NOUN:2
tánger	PROPN:1
tántalo	NOUN:2	PROPN:1
tántrico	ADJ:1
tártaro	NOUN:5	ADJ:1	PROPN:1
té	NOUN:1
técnica	NOUN:1
técnicamente	ADV:1
técnico	ADJ:1	NOUN:2
télex	NOUN:1
témpano	NOUN:1
térmicamente	ADV:1
térmico	ADJ:1
término	NOUN:6
tétanos	NOUN:1
tétrico	ADJ:1
tía	NOUN:1
tíber	PROPN:1
tíbet	PROPN:2
tímidamente	ADV:1
tímido	ADJ:2
tímpano	NOUN:2
tío	NOUN:4
típicamente	ADV:1
típico	ADJ:2	NOUN:1
títere	NOUN:3
título	NOUN:3
tívoli	PROPN:1
tómbola	NOUN:3
tóner	NOUN:1
tónica	NOUN:1
tónico	ADJ:1
tópico	ADJ:2	NOUN:3
tórax	NOUN:1
tórrido	ADJ:2
tórtola	NOUN:1
tótem	NOUN:2
tóxico	ADJ:1
tú	PRON:1	INTJ:1
túmulo	NOUN:2
túnel	NOUN:2
túnez	PROPN:2
túnica	NOUN:1
u	CCONJ:1
ua	NOUN:1
uac	NOUN:1
uagadugú	PROPN:1
uau	INTJ:1
uav	NOUN:1
ubaldo	PROPN:1
ubi	NOUN:1
ubicación	NOUN:1
ubicar	VERB:5
ubicuidad	NOUN:1
ubicuo	ADJ:1
ubre	NOUN:1
ucayali	PROPN:3
uci	NOUN:1
ucrania	PROPN:1
ucraniano	ADJ:1	NOUN:2
ud	PRON:1
udinese	ADJ:1	NOUN:1
uds	PRON:2
ue	PROPN:1
uefa	PROPN:1
uf	INTJ:2
ufa	INTJ:2
ugalde	PROPN:1
uganda	PROPN:1
ugandés	ADJ:1
ugarte	PROPN:1
ugarteche	PROPN:1
uh	INTJ:1
uigur	ADJ:1	NOUN:2
ujier	NOUN:2
ukelele	NOUN:1
ulises	PROPN:3
ulloa	PROPN:1
ulterior	ADJ:2
ulteriormente	ADV:1
ultimado	VERB:2
ultimar	VERB:2
ultimo	ADJ:2
ultimátum	NOUN:1
ultra	ADJ:2	ADV:1	NOUN:1
ultraconservador	ADJ:1
ultraderecha	NOUN:1
ultraderechista	ADJ:1	NOUN:1
ultraizquierda	NOUN:1
ultrajante	ADJ:3
ultrajar	VERB:2
ultraje	NOUN:2
ultramar	NOUN:1
ultranacionalista	NOUN:1
ultranza	NOUN:1
ultrasonido	NOUN:1
ultratumba	NOUN:1
ultravioleta	ADJ:1
umbilical	ADJ:1
umbra	NOUN:1
umbral	NOUN:2
umbría	NOUN:1	PROPN:1
umma	NOUN:1
un	DET:1
unai	PROPN:1
unamuno	PROPN:1
unanimidad	NOUN:1
unanue	PROPN:1
unasur	PROPN:1
unboxing	NOUN:1
unción	NOUN:1
underground	NOUN:1
undécimo	ADJ:1
unesco	PROPN:1
unete	NOUN:1
ungido	ADJ:1
ungüento	NOUN:2
uni	NOUN:1
unicameral	ADJ:1
unicef	NOUN:1
unicelular	ADJ:1
unicidad	NOUN:1
unicode	PROPN:1
unicornio	NOUN:1
unidad	NOUN:2
unidimensional	ADJ:1
unidireccional	ADJ:1
unido	ADJ:2
unifamiliar	ADJ:1
unificación	NOUN:1
unificado	ADJ:1
unificador	ADJ:1
unificar	VERB:1
uniformado	ADJ:1	NOUN:1
uniforme	ADJ:1	NOUN:1
uniformemente	ADV:1
uniformidad	NOUN:1
unigénito	ADJ:1	NOUN:1
unilateral	ADJ:1
unilateralmente	ADV:1
uninominal	ADJ:1
unionismo	NOUN:2
unionista	NOUN:1
unipersonal	ADJ:2
unir	VERB:2
unisex	ADJ:1
unitario	ADJ:1	NOUN:3
universal	ADJ:1
universalidad	NOUN:1
universalismo	NOUN:1
universalista	NOUN:1
universalización	NOUN:1
universalizar	VERB:1
universalmente	ADV:1
universidad	NOUN:1
universitario	ADJ:1	NOUN:1
universo	NOUN:1
unión	NOUN:3	PROPN:1
uno	NUM:1
untar	VERB:3
unto	NOUN:1
unx	DET:1
unánime	ADJ:1
unánimemente	ADV:1
unísono	ADJ:1	NOUN:1
upc	X:1
ups	INTJ:1
ur	PROPN:1
ura	NOUN:1
uranio	NOUN:1
urano	PROPN:1
urbanidad	NOUN:2
urbanismo	NOUN:1
urbanista	NOUN:1
urbanizable	ADJ:1
urbanización	NOUN:3
urbanizar	VERB:2
urbano	ADJ:2	PROPN:1
urbanístico	ADJ:1
urbe	NOUN:1
urbina	PROPN:1
urca	NOUN:1
urdimbre	NOUN:2
urdir	VERB:3
urdu	NOUN:1
urea	NOUN:1
uretra	NOUN:1
ureña	PROPN:1
urgencia	NOUN:2
urgente	ADJ:1
urgentemente	ADV:1
urgir	VERB:1
uriarte	PROPN:1
uribe	PROPN:1
uribismo	NOUN:1
uribista	NOUN:1	ADJ:2
urinario	ADJ:1	NOUN:1
urna	NOUN:2
uro	NOUN:1
urogallo	NOUN:1
urología	NOUN:1
urquijo	PROPN:1
urquiza	PROPN:1
urraca	NOUN:1	PROPN:1
urresti	PROPN:1
urrutia	PROPN:1
urss	PROPN:1
ursúa	PROPN:1
urtecho	PROPN:1
urticaria	NOUN:1
urubamba	PROPN:1
uruguay	PROPN:2
uruguayo	ADJ:1
urzúa	PROPN:1
urán	PROPN:1
urólogo	NOUN:1
usabilidad	NOUN:1
usable	ADJ:1
usaid	PROPN:1
usanza	NOUN:2
usar	VERB:5
usb	NOUN:1
usda	PROPN:1
ushuaia	PROPN:1
usina	NOUN:1
uso	NOUN:3
usted	PRON:3
ustedes	PRON:1
usté	PRON:3
usual	ADJ:1
usualmente	ADV:1
usuario	NOUN:1
usufructo	NOUN:1
usufructuario	NOUN:1
usulután	PROPN:2
usura	NOUN:1
usurero	NOUN:1
usurpación	NOUN:1
usurpador	NOUN:1
usurpar	VERB:1
usía	PRON:1
utah	PROPN:1
utensilio	NOUN:2
uterino	ADJ:1
utilería	NOUN:1
utilidad	NOUN:2
utilitario	ADJ:1	NOUN:1
utilitarismo	NOUN:1
utilitarista	ADJ:1
utility	NOUN:1
utilizable	ADJ:1
utilización	NOUN:2
utilizar	VERB:1
utillaje	NOUN:1
utopía	NOUN:1
utrecht	PROPN:2
utrera	PROPN:2
utópico	ADJ:1
uva	NOUN:1
uxmal	PROPN:1
uy	INTJ:2
uzbekistán	PROPN:1
uzbeko	ADJ:1	NOUN:2
uña	NOUN:2
vaca	NOUN:5	PROPN:1
vacacional	ADJ:1
vacacionar	VERB:1
vacación	NOUN:2
vacancia	NOUN:1
vacante	ADJ:2	NOUN:1
vaciamiento	NOUN:1
vaciar	VERB:1
vacilación	NOUN:1
vacilante	ADJ:2
vacilar	VERB:8
vacile	NOUN:3
vacilón	ADJ:2	NOUN:4
vacuidad	NOUN:1
vacuna	NOUN:1
vacunación	NOUN:1
vacunar	VERB:1
vacuno	ADJ:1	NOUN:1
vacío	ADJ:1	NOUN:2
vadear	VERB:2
vademécum	NOUN:1
vado	NOUN:1
vagabundo	ADJ:2	NOUN:2
vagamente	ADV:2
vagancia	NOUN:2
vagar	VERB:2
vagina	NOUN:1
vaginal	ADJ:1
vago	ADJ:2	NOUN:4
vagoneta	NOUN:3
vaguada	NOUN:2
vaguedad	NOUN:1
vagón	NOUN:1
vaho	NOUN:3
vaina	NOUN:8
vainilla	NOUN:3
vaivén	NOUN:3
vajilla	NOUN:1
val	NOUN:1
valadez	PROPN:1
valaquia	PROPN:2
valcárcel	PROPN:1
valdelomar	PROPN:1
valdemar	PROPN:1
valdemoro	PROPN:1
valderrama	PROPN:1
valdez	PROPN:1
valdivia	PROPN:5	NOUN:1
valdivieso	PROPN:1
valdés	PROPN:3
valedor	NOUN:2
valencia	PROPN:4	NOUN:1
valencianista	ADJ:1	NOUN:1
valenciano	ADJ:1	NOUN:1
valentina	PROPN:1
valentía	NOUN:1
valentín	PROPN:1
valenzuela	PROPN:4
valer	VERB:7
valera	PROPN:1
valeria	PROPN:1
valeriana	NOUN:1
valeroso	ADJ:1
valet	NOUN:1
valgo	ADJ:1
validación	NOUN:1
validar	VERB:1
validez	NOUN:1
valido	ADJ:1	NOUN:1
valiente	ADJ:3
valientemente	ADV:1
valija	NOUN:2
valioso	ADJ:1
valium	NOUN:1
valkiria	NOUN:1
valla	NOUN:3
valladares	PROPN:1
vallado	NOUN:3
valladolid	PROPN:2
vallarta	PROPN:1
valle	NOUN:1	PROPN:2
vallecano	ADJ:2
valledupar	PROPN:1
vallejo	PROPN:1
vallenar	PROPN:2
vallenato	ADJ:1
vallisoletano	ADJ:1	NOUN:1
valmaseda	PROPN:1
valor	NOUN:4
valorable	ADJ:1
valoración	NOUN:2
valorar	VERB:2
valorización	NOUN:1
valorizar	VERB:2
valparaíso	PROPN:5
valpo	PROPN:5
valquiria	NOUN:1
vals	NOUN:1
valuación	NOUN:1
valverde	PROPN:2
valvular	ADJ:1
valí	NOUN:1
valía	NOUN:2
vampiresa	NOUN:1
vampirismo	NOUN:1
vampiro	NOUN:2
vanadio	NOUN:1
vanagloria	NOUN:2
vancomicina	NOUN:1
vancouver	PROPN:2
vandalismo	NOUN:1
vandálico	ADJ:1
vane	PROPN:1
vanegas	PROPN:1
vanesa	PROPN:1
vanessa	PROPN:1
vanguardia	NOUN:2
vanguardismo	NOUN:1
vanguardista	ADJ:1	NOUN:1
vanidad	NOUN:3
vanidoso	ADJ:1
vanilla	ADJ:1
vano	ADJ:3	NOUN:1
vanuatu	PROPN:1
vapear	VERB:1
vapeo	NOUN:1
vapor	NOUN:2
vaporización	NOUN:1
vaporizador	NOUN:1
vaporizar	VERB:1
vaquera	NOUN:1
vaquerizo	ADJ:1	NOUN:1
vaquero	ADJ:1	NOUN:3	PROPN:1
vaquería	NOUN:2
vaquilla	NOUN:1
var	NOUN:1
vara	NOUN:8
varada	NOUN:3
varadero	NOUN:1	PROPN:1
varado	ADJ:2
varapalo	NOUN:4
varela	PROPN:1
varga	NOUN:1
vargas	PROPN:2
vari	NOUN:1
variabilidad	NOUN:1
variable	ADJ:1
variación	NOUN:1
variante	ADJ:2	NOUN:1
varianza	NOUN:1
variar	VERB:1
varicela	NOUN:1
variedad	NOUN:3
varietal	NOUN:1
varilla	NOUN:3
vario	ADJ:2
variopinto	ADJ:3
varios	DET:1
varita	NOUN:2
varo	ADJ:1	NOUN:1
varona	PROPN:1
varonil	ADJ:2
varsovia	PROPN:1
varón	NOUN:1
vasallaje	NOUN:1
vasallo	ADJ:1	NOUN:1
vasco	ADJ:1	NOUN:2
vasconcelos	PROPN:1
vasconia	PROPN:1
vascuence	ADJ:1	NOUN:1
vascular	ADJ:1
vascularización	NOUN:1
vasculitis	NOUN:1
vasectomía	NOUN:1
vaselina	NOUN:2
vasija	NOUN:1
vasito	NOUN:1
vaso	NOUN:4
vasoconstricción	NOUN:1
vasodilatación	NOUN:1
vastedad	NOUN:2
vasto	ADJ:2
vaticano	ADJ:3	PROPN:2	NOUN:1
vaticinio	NOUN:1
vato	NOUN:1
vaupés	PROPN:2
vc	PROPN:2
vdd	NOUN:2
vds	PRON:1
vecinal	ADJ:3
vecindad	NOUN:2
vecindario	NOUN:1
vecino	NOUN:3	ADJ:1	PROPN:1
vector	NOUN:1
vectorial	ADJ:1
veda	NOUN:3
vedado	ADJ:1	NOUN:1
vedette	NOUN:2
veedor	ADJ:1	NOUN:4
veeduría	NOUN:1
veer	VERB:8
vega	PROPN:2	NOUN:6
veganismo	NOUN:1
vegano	ADJ:1	NOUN:1
vegetación	NOUN:2
vegetal	ADJ:1	NOUN:1
vegetarianismo	NOUN:1
vegetariano	NOUN:1
vegetativo	ADJ:1
vehemencia	NOUN:1
vehemente	ADJ:1
vehementemente	ADV:1
vehicular	ADJ:2
vehículo	NOUN:1
veinte	NUM:1
veinteañero	ADJ:1	NOUN:1
veintena	NOUN:1
veintes	NOUN:1
veinticinco	NUM:1
veinticuatro	NUM:1
veintidós	NUM:1
veintinueve	NUM:1
veintiocho	NUM:1
veintisiete	NUM:1
veintiséis	NUM:1
veintitantos	NUM:1
veintitrés	NUM:1
veintiuna	NOUN:1
veintiuno	NUM:1
vejación	NOUN:2
vejar	VERB:1
vejestorio	NOUN:2
vejete	NOUN:3
vejez	NOUN:1
vejiga	NOUN:2
vela	NOUN:6	PROPN:2
velada	NOUN:1
velador	NOUN:5
veladora	NOUN:2
velar	VERB:7	ADJ:1
velarde	PROPN:1
velasco	PROPN:1
velatorio	ADJ:1	NOUN:2
velcro	NOUN:1
velero	NOUN:4
veleta	NOUN:3
vello	NOUN:2
vellocino	NOUN:1
velloso	ADJ:2
velludo	ADJ:1	NOUN:1
vellón	NOUN:1
velo	NOUN:1
velocidad	NOUN:3
velociraptor	NOUN:1
velocista	NOUN:1
velocímetro	NOUN:1
velorio	NOUN:1
veloso	PROPN:1
veloz	ADJ:1
velozmente	ADV:1
velásquez	PROPN:1
velázquez	PROPN:1
velódromo	NOUN:1
vena	NOUN:1
venado	NOUN:6
venal	ADJ:3
venancio	PROPN:1
vencedor	ADJ:2	NOUN:2
vencer	VERB:3
venceremos	INTJ:1
vencida	NOUN:1
vencimiento	NOUN:4
venda	NOUN:2
vendaje	NOUN:2
vendaval	NOUN:1
vendedor	NOUN:1
vendepatria	NOUN:1
vendepatrias	NOUN:1
vender	VERB:2
vendetta	NOUN:1
vendible	ADJ:1
vendimia	NOUN:1
vendo	NOUN:2
venecia	PROPN:1
veneciano	ADJ:1
venegas	PROPN:1
veneno	NOUN:2
venenoso	ADJ:2
venerable	ADJ:1
veneración	NOUN:1
venerando	ADJ:1
venerar	VERB:1
venero	NOUN:2
venezolano	NOUN:2	ADJ:1
venezuela	PROPN:2
vengador	NOUN:1
venganza	NOUN:1
vengar	VERB:1
vengativo	ADJ:1
venia	NOUN:3
venida	NOUN:3
venidero	ADJ:1
venir	VERB:2
venoso	ADJ:1
venta	NOUN:3
ventaja	NOUN:3
ventajoso	ADJ:1
ventana	NOUN:5
ventanilla	NOUN:4
ventilación	NOUN:1
ventilador	NOUN:1
ventilar	VERB:2
ventisca	NOUN:2
vento	NOUN:1
ventosa	NOUN:3
ventoso	ADJ:1	NOUN:1
ventral	ADJ:2
ventricular	ADJ:1
ventrículo	NOUN:1
ventrílocuo	NOUN:1
ventura	NOUN:1	PROPN:1
venus	PROPN:2
ver	VERB:8
vera	NOUN:4	PROPN:2
veracidad	NOUN:1
veracruz	PROPN:2
veracruzano	ADJ:1	NOUN:1
veraguas	PROPN:1
veranda	NOUN:1
veranear	VERB:1
veraneo	NOUN:1
veraniego	ADJ:2
verano	NOUN:2	PROPN:1
verapaz	PROPN:1
veras	NOUN:2
veraz	ADJ:1
verbal	ADJ:3	NOUN:1
verbalmente	ADV:1
verbena	NOUN:2
verbigracia	NOUN:1	ADV:1
verbo	NOUN:1
verborrea	NOUN:1
verdad	NOUN:2	INTJ:1
verdaderamente	ADV:1
verdadero	ADJ:2	NOUN:1
verde	ADJ:7	NOUN:1
verdeo	NOUN:1
verdi	PROPN:1
verdiblanco	ADJ:2	NOUN:2
verdolaga	NOUN:1
verdor	NOUN:1
verdoso	ADJ:1
verdugo	NOUN:3	PROPN:1
verdulero	NOUN:2
verdulería	NOUN:1
verdura	NOUN:2
verdá	NOUN:2
vereda	NOUN:4
veredicto	NOUN:1
verga	NOUN:3	ADJ:1	ADV:3	INTJ:1
vergara	PROPN:2
vergas	ADJ:1	ADV:1
vergel	NOUN:1
vergonzante	ADJ:1
vergonzosamente	ADV:1
vergonzoso	ADJ:2
vergüenza	NOUN:2
verificable	ADJ:1
verificación	NOUN:1
verificador	NOUN:2
verificar	VERB:1
verja	NOUN:2
verme	NOUN:1
vermont	PROPN:1
vermut	NOUN:1
vermú	NOUN:1
vernáculo	ADJ:1
vero	NOUN:1	ADJ:1	PROPN:1
verona	PROPN:2
verosimilitud	NOUN:3
verosímil	ADJ:1
verraco	NOUN:4
verruga	NOUN:1
versado	ADJ:1
versalles	PROPN:1
versatilidad	NOUN:1
versificación	NOUN:1
versión	NOUN:2
verso	ADJ:1	NOUN:6
versus	ADP:1
versátil	ADJ:1
versículo	NOUN:1
vertebración	NOUN:1
vertebrado	ADJ:1	NOUN:1
vertebral	ADJ:1
vertebrar	VERB:1
vertedero	NOUN:2
verter	VERB:1
vertical	ADJ:2	NOUN:1
verticalidad	NOUN:1
verticalmente	ADV:1
vertido	NOUN:2
vertiente	NOUN:4
vertiginosamente	ADV:2
vertiginoso	ADJ:3
vertimiento	NOUN:1
verídico	ADJ:1
verónica	PROPN:2	NOUN:2
vesical	ADJ:1
vesicular	ADJ:1
vespa	NOUN:2
vespertino	ADJ:1	NOUN:1
vestal	ADJ:2	NOUN:1
vestibular	ADJ:1
vestido	ADJ:2	NOUN:1
vestidor	NOUN:2
vestidura	NOUN:1
vestigio	NOUN:1
vestimenta	NOUN:2
vestir	VERB:6
vestuario	NOUN:3
vestíbulo	NOUN:2
vesubio	PROPN:1
vesícula	NOUN:1
veta	NOUN:3
vetar	VERB:1
veterano	ADJ:1	NOUN:1
veteranía	NOUN:1
veterinaria	NOUN:1
veterinario	ADJ:1	NOUN:1
veto	NOUN:1
vetusta	PROPN:1
vetusto	ADJ:1
vez	NOUN:4
viabilidad	NOUN:1
viable	ADJ:1
viacrucis	NOUN:2
viaducto	NOUN:2
viagra	NOUN:1
viajante	ADJ:1	NOUN:1
viajar	VERB:1
viaje	NOUN:4
viajero	ADJ:1	NOUN:1
vial	ADJ:1	NOUN:2
vialidad	NOUN:1
vianda	NOUN:3
viario	ADJ:1
vibe	NOUN:1
vibra	NOUN:1
vibración	NOUN:1
vibrador	NOUN:1
vibrante	ADJ:3	NOUN:1
vibrar	VERB:3
vibrato	NOUN:1
vibratorio	ADJ:1
vicariato	NOUN:1
vicario	NOUN:2
vicaría	NOUN:2
vice	NOUN:1
vicealcalde	NOUN:1
vicealmirante	NOUN:1
vicecanciller	NOUN:1
vicecónsul	NOUN:1
vicedecano	NOUN:1
vicedirector	NOUN:1
vicedirectora	NOUN:2
vicegobernador	NOUN:1
vicejefe	NOUN:1
viceministerio	NOUN:1
viceministro	NOUN:1
vicenta	PROPN:1
vicente	PROPN:1
vicepresidencia	NOUN:1
vicepresidencial	ADJ:1
vicepresidente	NOUN:1
viceprimer	ADJ:1
vicerrector	NOUN:1
vicerrectorado	NOUN:1
vicerrectoría	NOUN:1
vicesecretario	NOUN:1
viceversa	ADV:1
vichada	PROPN:1
vicia	NOUN:1
viciado	ADJ:1
viciar	VERB:5
vicio	NOUN:6
vicioso	ADJ:2
vico	PROPN:1
victimario	NOUN:1
victimismo	NOUN:1
victimista	ADJ:2
victimización	NOUN:1
victimizar	VERB:1
victoria	PROPN:6	NOUN:2
victoriano	ADJ:2	NOUN:1
victorino	NOUN:1
victorioso	ADJ:1
vicuña	NOUN:1
vid	NOUN:1
vida	NOUN:8
vidal	PROPN:1
vidaurre	PROPN:1
videncia	NOUN:2
vidente	NOUN:2	ADJ:1
videoarte	NOUN:1
videoblog	NOUN:1
videochat	NOUN:1
videoclip	NOUN:1
videoclub	NOUN:1
videoconferencia	NOUN:1
videoconsola	NOUN:1
videocámara	NOUN:1
videojuego	NOUN:1
videollamada	NOUN:1
videoteca	NOUN:2
videovigilancia	NOUN:1
vidriado	NOUN:1
vidriera	NOUN:1
vidrio	NOUN:2
viedma	PROPN:1
vieira	NOUN:2	PROPN:1
viejita	NOUN:4
viejo	ADJ:4	NOUN:4
viena	PROPN:1
vienesa	NOUN:1
viento	NOUN:3
vientre	NOUN:3
vienés	ADJ:1	NOUN:1
vieques	PROPN:1
viernes	NOUN:1
viesca	PROPN:1
vietnam	PROPN:1
vietnamita	ADJ:1	NOUN:2
viga	NOUN:1
vigencia	NOUN:5
vigente	ADJ:3
vigilancia	NOUN:2
vigilante	ADJ:1	NOUN:2
vigilar	VERB:1
vigilia	NOUN:6
vigo	PROPN:1
vigor	NOUN:1
vigorosamente	ADV:1
vigoroso	ADJ:1
vigués	ADJ:1	NOUN:1
vigésimo	ADJ:1
vigía	NOUN:4
vih	NOUN:1
vihuela	NOUN:1
viking	NOUN:1
vikingo	ADJ:1	NOUN:1
vil	ADJ:1
vilar	PROPN:1
vilca	PROPN:1	NOUN:1
vilela	ADJ:1
vileza	NOUN:1
villa	NOUN:3	PROPN:1
villacorta	PROPN:1
villadiego	PROPN:1
villafranca	PROPN:1
villafuerte	PROPN:1
villagrán	PROPN:1
villalba	PROPN:2
villalobos	PROPN:1
villamil	PROPN:1
villancico	NOUN:2
villano	ADJ:2	NOUN:1
villanueva	PROPN:2
villar	NOUN:1	PROPN:1
villareal	PROPN:1
villarino	PROPN:2
villarreal	PROPN:2
villarrica	PROPN:2
villarroel	PROPN:1
villaseñor	PROPN:1
villaverde	PROPN:1
villavicencio	PROPN:1
villaviciosa	PROPN:1
villegas	PROPN:1
villena	PROPN:2
villero	NOUN:1
vilma	PROPN:1
vilmente	ADV:2
vilna	PROPN:1
viloria	PROPN:1
vinagre	NOUN:1
vinagreta	NOUN:1
vincha	NOUN:1
vinculación	NOUN:1
vinculante	ADJ:1
vincular	VERB:2
vindicación	NOUN:1
vinificación	NOUN:1
vinilo	NOUN:1
vino	NOUN:1
vinotinto	NOUN:2
vintage	ADJ:1
vinícola	ADJ:1	NOUN:1
viola	NOUN:2	PROPN:1
violación	NOUN:2
violador	ADJ:1	NOUN:1
violar	VERB:2
violatorio	ADJ:1
violencia	NOUN:2
violentamente	ADV:1
violentar	VERB:2
violento	ADJ:1
violeta	ADJ:1	NOUN:3	PROPN:1
violinista	NOUN:2
violoncello	NOUN:1
violoncelo	NOUN:1
violonchelista	NOUN:1
violonchelo	NOUN:1
violáceo	ADJ:1
violín	NOUN:4
vip	NOUN:1
viperina	NOUN:1
vira	NOUN:2
viraje	NOUN:1
viral	ADJ:3
viralidad	NOUN:1
viralizar	VERB:2
virar	VERB:7
virgen	ADJ:2	NOUN:1
virgilio	PROPN:2
virginal	ADJ:1
virginia	PROPN:2
virginidad	NOUN:1
virgo	NOUN:2	ADJ:2	PROPN:2
viridiana	PROPN:1
viril	ADJ:2
virilidad	NOUN:1
virología	NOUN:1
virreina	NOUN:1
virreinal	ADJ:1
virreinato	NOUN:2
virrey	NOUN:1	PROPN:1
virreynato	NOUN:2
virtual	ADJ:3
virtualidad	NOUN:1
virtualización	NOUN:1
virtualmente	ADV:2
virtud	NOUN:1
virtuosismo	NOUN:1
virtuoso	ADJ:2	NOUN:2
viruela	NOUN:2
virulencia	NOUN:1
virulento	ADJ:1
virus	NOUN:2
viruta	NOUN:2
visa	NOUN:1
visado	NOUN:1
visceral	ADJ:1
viscosidad	NOUN:3
viscoso	ADJ:2
visera	NOUN:1
visibilidad	NOUN:1
visibilización	NOUN:1
visibilizar	VERB:1
visible	ADJ:1
visiblemente	ADV:1
visigodo	ADJ:1	NOUN:1
visionado	NOUN:2
visionario	ADJ:1
visir	NOUN:1
visita	NOUN:4
visitación	NOUN:1
visitador	ADJ:1	NOUN:2
visitante	ADJ:1	NOUN:2
visitar	VERB:1
visión	NOUN:4
vislumbrar	VERB:2
viso	NOUN:5
visor	NOUN:4
vista	NOUN:8
vistazo	NOUN:1
vistosidad	NOUN:1
vistoso	ADJ:1
visual	ADJ:1
visualización	NOUN:2
visualizador	ADJ:1	NOUN:1
visualizar	VERB:1
visualmente	ADV:1
visón	NOUN:1
vital	ADJ:1
vitalicio	ADJ:1
vitalidad	NOUN:1
vitalista	NOUN:1	ADJ:1
vitamina	NOUN:1
vitelio	PROPN:1
viticultura	NOUN:1
vitiligo	NOUN:1
vitivinicultura	NOUN:1
vitivinícola	ADJ:1
vito	NOUN:1	PROPN:1
vitoria	PROPN:1
vitral	NOUN:1
vitrina	NOUN:2
vitro	NOUN:1
vitícola	NOUN:1	ADJ:1
viuda	NOUN:2
viudedad	NOUN:2
viudez	NOUN:1
viudo	ADJ:2	NOUN:2
vivac	NOUN:1
vivacidad	NOUN:2
vivaldi	PROPN:1
vivamente	ADV:2
vivanco	PROPN:1
vivar	VERB:1	PROPN:1
vivaz	ADJ:2
vivencia	NOUN:3
vivencial	ADJ:1
vivero	NOUN:3
viveza	NOUN:4
viviana	PROPN:1
vividor	NOUN:1
vivienda	NOUN:2
viviente	ADJ:1	NOUN:1
vivir	VERB:4	NOUN:1
vivo	ADJ:3
vizcacha	NOUN:1
vizcarra	PROPN:1
vizcaya	PROPN:1
vizcaíno	ADJ:2	NOUN:2
vizconde	NOUN:1
viático	NOUN:1
viña	NOUN:1
viñales	PROPN:1
viñedo	NOUN:1
viñeta	NOUN:3
vladimir	PROPN:1
vladimiro	PROPN:1
vladímir	PROPN:1
vo	PRON:2
vocablo	NOUN:1
vocabulario	NOUN:1
vocacional	ADJ:1
vocación	NOUN:2
vocal	NOUN:2	ADJ:3
vocalista	NOUN:1
vocalización	NOUN:1
vocero	NOUN:1
vocería	NOUN:1
vocho	NOUN:2
vociferar	VERB:1
vodevil	NOUN:1
vodka	NOUN:1
void	VERB:1
voilá	INTJ:1
voladizo	ADJ:1	NOUN:1
volado	ADJ:3	NOUN:2
volador	ADJ:2	NOUN:6
voladora	NOUN:1
voladura	NOUN:1
volandas	ADJ:1
volante	ADJ:2	NOUN:6
volar	VERB:8
volatilidad	NOUN:2
volcada	NOUN:1
volcar	VERB:6
volcán	NOUN:1
volcánico	ADJ:2
volea	NOUN:1
voleibol	NOUN:1
voleo	NOUN:1
voley	NOUN:1
volquete	NOUN:1
volta	PROPN:1
voltaje	NOUN:1
voltear	VERB:2
volteo	NOUN:2
voltereta	NOUN:1
voltio	NOUN:1
voluble	ADJ:2
volumen	NOUN:3
voluminoso	ADJ:1
volumétrico	ADJ:1
voluntad	NOUN:2
voluntariado	NOUN:1
voluntariamente	ADV:1
voluntariedad	NOUN:1
voluntario	ADJ:1	NOUN:1
voluntarioso	ADJ:2
voluntarismo	NOUN:2
voluptuosidad	NOUN:1
volver	VERB:6
volátil	ADJ:2
volúmen	NOUN:3
vomitar	VERB:1
vomitivo	ADJ:2	NOUN:1
vor	X:1
voracidad	NOUN:1
voraz	ADJ:2
vorágine	NOUN:4
vos	PRON:2
voseo	NOUN:1
vosotras	PRON:1
vosotros	PRON:1
votación	NOUN:1
votada	NOUN:1
votante	ADJ:1	NOUN:1
votar	VERB:1
voto	NOUN:2
voucher	NOUN:1
vox	PROPN:1
voyeur	NOUN:1
voyeurismo	NOUN:1
voz	NOUN:2
vs	ADP:1
vudú	NOUN:2
vuelco	NOUN:3
vuelo	NOUN:3
vuelta	NOUN:7	PROPN:1
vuestro	PRON:1	DET:1
vulcano	PROPN:1
vulgar	ADJ:1
vulgaridad	NOUN:2
vulgarmente	ADV:2
vulgata	PROPN:1
vulgo	NOUN:1	ADV:1
vulnerabilidad	NOUN:1
vulnerable	ADJ:1
vulneración	NOUN:1
vulnerar	VERB:2
vulva	NOUN:1
válidamente	ADV:1
válido	ADJ:1
válvula	NOUN:1
vándalo	NOUN:4
vásquez	PROPN:1
vástago	NOUN:3
váter	NOUN:1
vázquez	PROPN:1
vélez	PROPN:1
véneto	PROPN:1	ADJ:1
vérselas	VERB:1
vértebra	NOUN:1
vértice	NOUN:1
vértigo	NOUN:2
vértiz	PROPN:1
vía	NOUN:7	ADP:1
víbora	NOUN:3
víctima	NOUN:1
víctor	PROPN:1
vídeo	NOUN:3
vílchez	PROPN:1
vínculo	NOUN:2
víspera	NOUN:1
vísperas	NOUN:1
vítreo	ADJ:1
víveres	NOUN:3
vívidamente	ADV:1
vívido	ADJ:3
vóleibol	NOUN:1
vóley	NOUN:1
vómito	NOUN:1
vórtice	NOUN:1
w	SYM:1
wa	INTJ:1
wacho	NOUN:5
wadi	NOUN:1
waffle	NOUN:1
waifu	NOUN:1
walkman	NOUN:1
walmart	PROPN:1
walter	PROPN:1
wao	INTJ:1
warao	ADJ:1
warfarina	NOUN:1
wari	ADJ:1
warrant	NOUN:1
was	NOUN:1
wasabi	NOUN:1
wasap	PROPN:1
washington	PROPN:2
watanabe	PROPN:1
waterman	PROPN:1
waterpolo	NOUN:1
watt	NOUN:1
wau	NOUN:1
wawa	NOUN:5
wayúu	ADJ:1
we	NOUN:2
wea	NOUN:4
web	NOUN:2
webcam	NOUN:1
webeo	NOUN:2
weber	NOUN:1
webinar	NOUN:1
weblog	NOUN:1
webmaster	NOUN:1
webo	NOUN:7
webserie	NOUN:1
website	NOUN:1
weimar	PROPN:1
weinstein	PROPN:1
wellington	PROPN:1
wenas	INTJ:1
wenceslao	PROPN:1
wendigo	NOUN:1
wendy	PROPN:1
weno	ADJ:8
weon	NOUN:1
western	NOUN:1
wey	NOUN:2
weá	NOUN:4
weón	NOUN:1	INTJ:1
whatsapp	PROPN:1	NOUN:2
when	SCONJ:1
whiskey	NOUN:1
whisky	NOUN:1	INTJ:1
widget	NOUN:1
wifi	NOUN:1
wiki	NOUN:1
wikipedia	PROPN:1
wilber	PROPN:1
wilfredo	PROPN:1
william	PROPN:1
willian	PROPN:1
wilson	PROPN:2
winchester	NOUN:1
windhoek	PROPN:1
windsurf	NOUN:1
wisconsin	PROPN:1
wn	ADJ:2
wok	NOUN:1
wolframio	NOUN:1
won	NOUN:1
wong	PROPN:1
workshop	NOUN:1
wow	INTJ:1
wrap	NOUN:1
writing	NOUN:1
wtf	X:1
wuhan	PROPN:1
wyoming	PROPN:1
x	PROPN:1	PRON:1
xalapa	PROPN:1
xavier	PROPN:1
xbox	NOUN:1
xd	SYM:1	ADJ:1
xe	NOUN:1
xela	PROPN:1
xeneize	NOUN:1
xenia	PROPN:1
xenofobia	NOUN:1
xenófobo	ADJ:1	NOUN:1
xenón	NOUN:1
xhosa	ADJ:1
xi	NOUN:1
ximena	PROPN:2
ximénez	PROPN:1
xiomara	PROPN:1
xk	SCONJ:1
xml	NOUN:1
xochimilco	PROPN:1
xq	ADV:1
xuxa	NOUN:1
xóchitl	PROPN:1
y	CCONJ:4
ya	ADV:3	SCONJ:2	INTJ:3
yacaré	NOUN:1
yacente	ADJ:1
yacer	VERB:2
yacimiento	NOUN:2
yago	PROPN:1
yaguareté	NOUN:1
yagüe	PROPN:3
yahveh	PROPN:1
yahvé	PROPN:1
yahweh	PROPN:1
yak	NOUN:1
yakarta	PROPN:1
yakuza	NOUN:2
yal	NOUN:1
yamaguchi	PROPN:1
yana	NOUN:1
yankee	ADJ:1
yanki	NOUN:1
yanomami	ADJ:1
yanqui	ADJ:1	NOUN:1
yapa	NOUN:1
yaqui	ADJ:1	PROPN:1
yaquis	NOUN:1
yara	PROPN:1
yaracuy	PROPN:1
yarda	NOUN:3
yas	NOUN:1
yate	NOUN:1
yaundé	PROPN:1
yauyos	PROPN:1
yaya	NOUN:2
yayo	NOUN:1
ybarra	PROPN:1
yc	PROPN:2
yebra	PROPN:1
yeda	PROPN:1
yedra	NOUN:1
yegua	NOUN:5
yelmo	NOUN:2
yema	NOUN:3
yemen	PROPN:1
yemení	ADJ:1
yen	NOUN:1
yepes	PROPN:1
yerba	NOUN:2	PROPN:1
yerbabuena	NOUN:1
yerbal	NOUN:1
yermo	NOUN:1	ADJ:1
yerno	NOUN:1
yerro	NOUN:1
yes	INTJ:1
yesca	NOUN:1
yesenia	PROPN:1
yeso	NOUN:3
yeta	ADJ:1	NOUN:1
yeti	NOUN:1
yeyo	NOUN:1
yggdrasil	PROPN:1
yglesias	PROPN:1
yibuti	PROPN:1
yiddish	PROPN:1
yidis	PROPN:1
yihad	NOUN:1
yihadismo	NOUN:1
yihadista	NOUN:1
yin	NOUN:1
yo	PRON:1	NOUN:1
yodo	NOUN:1
yoduro	NOUN:1
yoga	NOUN:1
yoghurt	NOUN:1
yogui	NOUN:1
yogur	NOUN:1
yogurt	NOUN:1
yokohama	PROPN:1
yola	NOUN:1
yolanda	PROPN:1
yoli	PROPN:1
yonki	NOUN:1
york	PROPN:1
yorkshire	PROPN:1
yoro	PROPN:2
yoruba	ADJ:1	NOUN:2
yos	NOUN:1	INTJ:1
young	PROPN:1
youtube	PROPN:1
youtuber	ADJ:1	NOUN:1
yoyo	NOUN:1
yuan	NOUN:1
yuba	PROPN:1
yuca	NOUN:2	ADJ:3
yucateco	ADJ:1	NOUN:1
yucatán	PROPN:2
yue	NOUN:1
yugo	NOUN:1
yugoslavia	PROPN:1
yugoslavo	ADJ:1	NOUN:1
yugular	ADJ:1	VERB:2
yuju	INTJ:1
yuki	ADJ:1
yuma	PROPN:1	NOUN:1
yumbo	ADJ:1
yungas	NOUN:1
yungay	PROPN:2
yunque	NOUN:1	PROPN:1
yunta	NOUN:2
yupanqui	PROPN:1
yupi	INTJ:1
yuta	PROPN:1	NOUN:3
yute	NOUN:1
yuxtaposición	NOUN:1
yuyo	NOUN:5
yuyu	NOUN:1
yuzu	NOUN:1
yáñez	PROPN:1
yépez	PROPN:1
z	SYM:1
za	INTJ:1
zabala	PROPN:1
zac	PROPN:1
zacapa	PROPN:1
zacarías	PROPN:2
zacate	NOUN:4
zacatecano	ADJ:1	NOUN:1
zacatecas	PROPN:1
zafar	VERB:5
zafarrancho	NOUN:3
zafio	ADJ:1
zafiro	NOUN:1
zafra	NOUN:5	PROPN:2
zaga	NOUN:2
zagal	NOUN:1
zagreb	PROPN:1
zaguero	NOUN:1
zaguán	NOUN:2
zaida	NOUN:1	PROPN:1
zaira	PROPN:1
zaire	PROPN:2
zalazar	PROPN:1
zaldívar	PROPN:2
zamba	NOUN:1
zambia	PROPN:1
zambo	ADJ:2	NOUN:1
zamboanga	PROPN:5
zambra	NOUN:2
zambrana	PROPN:1
zambrano	PROPN:2
zamora	PROPN:3
zamorano	ADJ:1	NOUN:1	PROPN:1
zamudio	PROPN:1
zanahoria	NOUN:1
zancada	NOUN:1
zancadilla	NOUN:2
zancudo	ADJ:1	NOUN:1
zanja	NOUN:1
zanjar	VERB:3
zanjón	NOUN:1
zanzíbar	PROPN:1
zapa	NOUN:2
zapallito	NOUN:1
zapallo	NOUN:2
zapata	NOUN:2	PROPN:2
zapateo	NOUN:1
zapatero	ADJ:1	NOUN:3	PROPN:1
zapatería	NOUN:2
zapatilla	NOUN:2
zapatismo	NOUN:1
zapatista	ADJ:1
zapato	NOUN:1
zapico	PROPN:1
zapopan	PROPN:1
zapote	NOUN:1
zapoteco	ADJ:1	NOUN:1
zapotitlán	PROPN:2
zapping	NOUN:1
zar	NOUN:1
zaragoza	PROPN:4
zaragozano	ADJ:1	NOUN:1
zaratustra	PROPN:1
zaraza	NOUN:1
zarco	ADJ:1
zarigüeya	NOUN:1
zarina	NOUN:1
zarista	ADJ:1
zarpa	NOUN:2
zarpado	ADJ:2	NOUN:1
zarpar	VERB:2
zarpazo	NOUN:3
zarza	NOUN:2
zarzal	NOUN:2
zarzamora	NOUN:2
zarzaparrilla	NOUN:3
zarzuela	NOUN:1	PROPN:2
zas	NOUN:1	INTJ:1
zasca	NOUN:2	INTJ:2
zavala	PROPN:1
zavaleta	PROPN:1
zayn	NOUN:1
zea	PROPN:1
zeballos	PROPN:1
zebra	NOUN:1
zee	NOUN:1
zegarra	PROPN:1
zelanda	PROPN:1
zelandia	PROPN:1
zelaya	PROPN:1
zelda	NOUN:1
zen	ADJ:1
zenaida	PROPN:1
zenit	NOUN:1
zenón	PROPN:1
zepeda	PROPN:1
zeta	NOUN:3
zeus	PROPN:1
zia	PROPN:1
zigzag	NOUN:1
zihuatanejo	PROPN:1
zika	NOUN:1
zimbabue	PROPN:1
zinc	NOUN:1
zine	NOUN:1
zip	NOUN:1
zitácuaro	PROPN:1
zoco	NOUN:1	ADJ:1
zodiac	NOUN:1
zodiacal	ADJ:1
zodiaco	NOUN:1
zodíaco	NOUN:1
zoila	PROPN:1
zoilo	PROPN:2
zombi	NOUN:1
zombie	NOUN:1
zona	NOUN:1
zonal	ADJ:1
zonificación	NOUN:1
zonzo	ADJ:1	NOUN:1
zoo	NOUN:1
zoofilia	NOUN:1
zoología	NOUN:1
zoológico	ADJ:1	NOUN:1
zoom	NOUN:1
zoonosis	NOUN:1
zooplancton	NOUN:1
zootecnia	NOUN:1
zopilote	NOUN:1
zoque	ADJ:1	NOUN:1
zoquete	NOUN:1
zoraida	PROPN:1
zoroastro	PROPN:1
zorra	NOUN:6
zorrilla	NOUN:1
zorrillo	NOUN:3
zorro	NOUN:6	ADJ:1
zorzal	NOUN:1
zozobra	NOUN:3
zoólogo	NOUN:1
zp	PROPN:1
zuazo	PROPN:1
zubia	PROPN:1
zubieta	PROPN:1
zubiri	PROPN:1
zulema	PROPN:1
zuleta	PROPN:1
zulia	PROPN:1
zuliano	ADJ:1	NOUN:1
zulma	PROPN:1
zulo	NOUN:1
zuluaga	PROPN:1
zulueta	PROPN:2
zulú	ADJ:1	NOUN:1
zum	NOUN:1
zumaque	NOUN:1
zumba	NOUN:4
zumbar	VERB:6
zumbido	NOUN:1
zumo	NOUN:3
zumárraga	PROPN:2
zurdazo	NOUN:2
zurdo	ADJ:1	NOUN:2
zurita	PROPN:1	NOUN:1
zurra	NOUN:1
zurrón	NOUN:3
zuñiga	PROPN:1
zángano	NOUN:3
zárate	PROPN:1
zócalo	NOUN:6
zúrich	PROPN:1
zúñiga	PROPN:1
ábaco	NOUN:1
ábalos	PROPN:1
ábside	NOUN:1
ácaro	NOUN:2
ácido	ADJ:3	NOUN:2
ácrata	ADJ:1	NOUN:1
áfrica	PROPN:3
ágape	NOUN:2
ágata	NOUN:1
ágil	ADJ:1
ágilmente	ADV:1
ágora	NOUN:1
águeda	PROPN:1
águila	NOUN:2	PROPN:1
álamo	NOUN:1	PROPN:2
álava	PROPN:1
álbum	NOUN:2
álex	PROPN:2
álgebra	NOUN:1
álgido	ADJ:3
álvarez	PROPN:1
álvaro	PROPN:1
ámbar	ADJ:1	NOUN:1
ámbito	NOUN:2
ámsterdam	PROPN:1
áncash	PROPN:1
áncora	NOUN:1
ándale	INTJ:2
ánfora	NOUN:1
ángel	NOUN:3	PROPN:1
ángela	PROPN:1
ángelo	PROPN:1
ángelus	NOUN:1
ángulo	NOUN:1
ánima	NOUN:2
ánimo	NOUN:2	INTJ:1
ánodo	NOUN:1
ántrax	NOUN:1
ápice	NOUN:3
árabe	ADJ:1	NOUN:2
árbitro	NOUN:1
árbol	NOUN:4
área	NOUN:4
árido	ADJ:1
ártico	ADJ:1	PROPN:1
áspero	ADJ:4
ático	NOUN:3	ADJ:1
átomo	NOUN:1
áureo	ADJ:1	NOUN:1
ávalos	PROPN:1
ávidamente	ADV:1
ávido	ADJ:3
ávila	PROPN:3
ébano	NOUN:1
ébola	NOUN:1	PROPN:1
écija	PROPN:1
école	INTJ:1
édgar	PROPN:1
éfeso	PROPN:1
égida	NOUN:3
él	PRON:2
élite	NOUN:1
émbolo	NOUN:2
énfasis	NOUN:1
épico	ADJ:1
época	NOUN:4
érase	VERB:1
ése	PRON:3
éste	PRON:2
éster	NOUN:1
ésto	PRON:1
éter	NOUN:1	PROPN:1
ética	NOUN:2
éticamente	ADV:1
ético	ADJ:1
étnicamente	ADV:1
étnico	ADJ:1
éxito	NOUN:2
éxodo	NOUN:1	PROPN:1
éxtasis	NOUN:1
ícaro	PROPN:1
ícono	NOUN:4
ídem	ADV:1	INTJ:1	PRON:1
ídolo	NOUN:1
ígneo	ADJ:1
ímpetu	NOUN:3
ínclito	ADJ:1
índice	NOUN:3
índico	PROPN:1	ADJ:2
índigo	NOUN:2	ADJ:1
índole	NOUN:2
ínfimo	ADJ:2
ínsula	NOUN:2
íntegramente	ADV:2
íntegro	ADJ:2	NOUN:1
ínter	NOUN:2
ínterin	NOUN:1
íntimamente	ADV:1
íntimo	ADJ:4
ío	PROPN:2
ítaca	PROPN:1
ítalo	ADJ:1
ítem	NOUN:1
íñigo	PROPN:1
ñ	INTJ:1
ña	NOUN:3
ñam	INTJ:1
ñame	NOUN:1
ñandú	NOUN:1
ñata	NOUN:1
ñato	ADJ:1	NOUN:3
ñeri	NOUN:1
ñero	NOUN:3
ñoqui	NOUN:1
ñoquis	NOUN:1
ñor	NOUN:3
ñora	NOUN:2
ños	INTJ:1
ñoño	ADJ:4	NOUN:1
ñu	NOUN:1
ñuble	PROPN:3
ñublense	ADJ:1	NOUN:1
ñuñoa	PROPN:1
óbice	NOUN:1
óbito	NOUN:1
óblast	NOUN:1
óleo	NOUN:3
ómnibus	NOUN:1
ónix	NOUN:1
ópalo	NOUN:1
ópera	NOUN:1
óptico	ADJ:1
óptimo	ADJ:1
órale	INTJ:3
órbita	NOUN:1
órdago	NOUN:2
órden	NOUN:8
órgano	NOUN:6
óscar	PROPN:1
óseo	ADJ:1
ósmosis	NOUN:3
óvalo	NOUN:1
óvulo	NOUN:2
óxido	NOUN:2
úbeda	PROPN:1
úlcera	NOUN:1
últimamente	ADV:1
último	ADJ:2
únicamente	ADV:1
único	ADJ:3
úrico	ADJ:1
úrsula	PROPN:1
útero	NOUN:1
útil	ADJ:1
ü	SYM:1
