a	À, au, le, de, par. Indique une situation, un lieu, un mouvement; Indique un destinataire; Indique un moment, une date; Indique une utilisation; Indique un prix; Indique une évaluation; Indique le COD pour la personne déterminée
aal	Noni
aarhus	Aarhus
aba	Gymnarque du Nil
abad	Abbé; (Argentine) Curé; Cantharide, insecte
abadejo	Aiglefin, poisson de la famille de la morue; Roitelet; Méloé; Cantharide
abadesa	Abbesse, supérieure de certaines communautés religieuses
abadía	Abbaye, aussi bien le monastère dirigé par un abbé ou une abbesse, que le territoire, la juridiction ou les biens appartenant à l'abbé ou l'abbesse; Dignité d’abbé ou d’abbesse; Sorte d’impôt qui se payait autrefois au curé de la paroisse à la mort d’un fidèle; Presbytère; Abadía
abajo	Dessous; En bas; À bas
abanderado	porte-drapeau, porte-enseigne, porte-étendard
abandonar	Abandonner
abandono	Abandon
abanico	Éventail; Ventilateur
abaratar	Baisser le prix de, rendre moins cher
abarcar	Embrasser, tenir dans ses bras; Comprendre, inclure
abarrotado	Barreauder, garnir de barreaux; Remplir; Barroter
abastecedor	Traiteur
abastecer	Fournir
abastecimiento	Approvisionnement, ravitaillement
abasto	Provision, ravitaillement, tout particulièrement de nourriture; Abondance; Petite épicerie; Pièce de broderie de moindre importance
abate	Abattre; Rabattre, carguer
abatimiento	Abattement (physique ou moral); Abattage
abatir	Abattre; Rabattre, carguer
abc	B.a.-ba
abdicación	Abdication
abdicar	Abdiquer
abdomen	Abdomen; Abdomen (chez les arthropodes)
abdominal	Abdominal
abducción	Abduction
abecedario	Abécédaire
abedul	Bouleau; Bois du bouleau
abeja	Abeille; Travailleur, personne qui n’hésite pas à travailler
abejorro	Frelon; Hanneton
abel	Abel (deuxième fils d’Adam et Ève, d’après la Bible); Abel (prénom masculin)
abelardo	Abélard
aberdeen	Aberdeen (ville d’Écosse)
aberración	Aberration
aberrante	Aberrant
abertura	Ouverture; Crique; Fente; Passage; Ouverture, largeur d'esprit
abeto	Sapin; Bois du sapin
abierto	Ouvert
abigeato	Abigéat
abisinia	Abyssinie
abismo	Abîme, gouffre, abysse
abjasia	Abkhazie
ablación	Ablation
ablandar	Mollir, ramollir
ablativo	Ablatif (cas grammatical); Relatif à l’ablation
abnegación	Abnégation, renoncement
abnegado	Agir avec abnégation, se dévouer, renoncer à, faire abnégation de
abofetear	Gifler
abogacía	Avocature, droit
abogado	Avocat
abogar	Plaider, défendre
abolengo	Relatif aux aïeux; Lignage
abolicionismo	Abolitionnisme
abolicionista	Abolitionniste, en faveur de l’abolition d’une institution sociale; Abolitionniste
abolición	Abolition, abolissement, abrogation
abolir	Abolir
abolladura	Cloque
abominable	Abominable, abject, hideux, horrible, odieux, repoussant, répugnant, détestable
abominación	Abomination
abonado	Confirmer; Rembourser; Engraisser; Amender
abonar	Confirmer; Rembourser; Engraisser; Amender
abono	Abonnement
abordaje	Abordage
abordar	Aborder; Accoster un navire
abordo	Aborder; Accoster un navire
aborigen	Aborigène
aborrecer	Abhorrer, détester
aborrecido	Abhorrer, détester
abortado	Avorter
abortar	Avorter
aborto	Avortement
abovedado	Cintré
abracadabra	Abracadabra
abraham	Abraham (prénom masculin)
abrasador	Brûlant
abrasivo	Abrasif
abrasión	Abrasion
abrazadera	Accolade, embrasseur
abrazar	Embrasser, prendre dans ses bras
abrazo	Étreinte pleine d’affection; Accolade
abrelatas	Ouvre-boîte
abrevadero	Abreuvoir
abreviación	Abréviation
abreviado	Raccourcir, abréger
abreviar	Raccourcir, abréger
abreviatura	Abrégement, abréviation
abridor	Greffoir; Greffoir
abrigado	Abriter
abrigar	Abriter
abrigo	Abri; Manteau
abril	Avril; Adolescence, jeunesse; An, année, printemps; Nom de famille; Prénom féminin
abrir	Ouvrir; Écarter
abrochar	Fermer avec une broche, des boutons, etc
abrogación	Abrogation, abolition
abrumador	Accablant, écrasant
abrumar	Accabler
abrupto	Abrupt
absceso	Abcès
absenta	Absinthe
absentismo	Absentéisme
absolución	Absolution, acquittement
absolutamente	Absolument, sans faute, sûrement; Complètement, entièrement, totalement, tout
absolutismo	Absolutisme
absolutista	Absolutiste
absoluto	Absolu, pur, parfait, complet, véritable
absolver	Absoudre, acquitter
absorbente	Absorbant; Substance qui absorbe
absorber	Absorber
absorción	Absorption
absorto	Absorbé, stupéfait
abstemio	Abstinent, abstème
abstencionismo	Abstentionnisme
abstención	Abstention
abstenga	Abstenir
abstengan	Abstenir
abstinencia	Tempérance, sobriété; Abstinence, abstention
abstracción	Abstraction
abstracto	Abstrait
absurdo	Absurde, déraisonnable; Absurde, non-sens
abuchear	Chahuter
abucheo	Chahuter
abuela	Grand-mère; Aïeule
abuelo	Grand-père; Aïeul
abulense	D’Ávila; Habitant d’Ávila
abultado	Grossir, se gonfler
abundancia	Abondance, opulence; Richesse
abundante	Abondant, copieux, plantureux, ample, large, profus
abundantemente	Abondamment
abundar	Abonder
aburrido	Ennuyé; Ennuyeux
aburrimiento	Ennui
aburrir	Ennuyer
aburrá	pronominal S’entêter
abusador	Abuseur
abusar	Abuser
abusivamente	Abusivement
abusivo	Abusif
abuso	Abus
abyecto	Abject
acabado	Finition
acabar	Achever, finir, terminer; Consommer; Casser pour une machine; Finir, se terminer; Éjaculer
acabose	Comble
acacia	Acacia
acad	Akkad
academia	Académie
academicismo	Académisme
acadio	Akkadien
académico	Académique
acallar	Apaiser, satisfaire
acalorado	Chauffé
acampada	Camper
acampar	Camper
acantilado	Falaise; Escarpé, raide, à pic, abrupt
acanto	Acanthe
acaparador	Accapareur
acaparamiento	Accaparement
acaparar	Accaparer
acariciar	Caresser
acarrear	Charrier, transporter; Charrier, entraîner; Causer, occasionner
acarreo	Charrier, transporter; Charrier, entraîner; Causer, occasionner
acaso	Peut-être. S'emploie notamment dans les locutions si acaso et por si acaso; Hasard
acatamiento	Respect, obéissance
acatar	Obéir, respecter; Reconnaître une autorité; Suivre
acaudalado	Riche; Aisé
acceder	Accepter; Avoir accès (à une fonction, à un logement)
accesar	Accéder
accesibilidad	Accessibilité
accesible	Accessible
acceso	Accès
accesorio	Accessoire
accidentado	Accidenté, qui a subi un accident; Accidenté, en parlant d’un terrain; Personne accidentée
accidental	Accidentel
accidentalmente	Accidentellement
accidente	Accident
accionar	Actionner
accionista	Actionnaire
acción	Action
accésit	Accessit
acebo	Houx
acechar	Épier, guetter, bouliter; Comploter
acecho	Épier, guetter, bouliter; Comploter
acedo	Acide, aigre; Jus aigre
aceite	Huile d’olive; Toute huile végétale ou minérale
aceitera	Méloé
aceitoso	Huileux
aceituna	Olive
aceituno	Olivier
aceleración	Accélération
acelerador	Accélérateur, pédale d’accélération
acelerar	Accélérer
acelga	Blette, carde
acento	Accent
acentuación	Accentuation
acentuar	Accentuer
acepción	Acception
aceptabilidad	Acceptabilité
aceptable	Acceptable, admissible
aceptación	Accueil, réception, abord, acceptation, adoption; Acceptation; Acception
aceptar	Accepter; Accepter un effet de commerce
acequia	Canal d’irrigation, fossé d'irrigation
acera	Trottoir
acerca	Approcher, rapprocher; S'approcher
acercamiento	Approche, rapprochement
acercar	Approcher, rapprocher; S'approcher
acero	Acier
acertar	Atteindre (une cible), réussir; Deviner
acertijo	Énigme, devinette
acervo	Amas, foule, masse, multitude, tas
acería	Aciérie
acetato	Acétate; Transparent pour rétroprojecteur
acetilcolina	Acétylcholine
acetileno	Acétylène
acetilsalicílico	Acétylsalicylique
acetona	Acétone
acevedo	Nom de famille
achacar	Blâmer quelqu’un pour une faute qu’on a commise
achicar	Diminuer, rendre plus petit, rapetisser
achicoria	Chicorée
achiote	Bixa roucouyer, achiot, chiote, rocouyer, roucou (Bixa orellana L. 1753)
aciago	Malheureux; Malheureux
acicate	Éperon à broche; Stimulant, aiguillon
acidez	Acidité
acidificación	Acidification
acidosis	Acidose
acierto	Réussite; Adresse, habileté
aclamación	Acclamation
aclamar	Acclamer
aclaración	Clarification, action de clarifier un liquide; Clarification, éclaircissement
aclarado	Éclaircir; Rincer; Désépaissir; (pronominal) S’expliquer, donner des explications claires, mieux intelligibles, faire une déclaration
aclarar	Éclaircir; Rincer; Désépaissir; (pronominal) S’expliquer, donner des explications claires, mieux intelligibles, faire une déclaration
acné	Acné
acobardado	Intimider, rendre lâche, impressionner vivement; (pronominal : acobardarse) Être intimidé, devenir lâche, se comporter lâchement, pusillanimement
acoger	Accueillir, recevoir
acogida	Accueil, réception
acolchado	Ouaté
acometer	Attaquer, assaillir; Entreprendre
acometida	Attaque, assaut
acomodación	Accomodation, adaptation
acomodado	Accommoder; Placer, ajuster
acomodar	Accommoder; Placer, ajuster
acomodarse	Forme pronominale de acomodar; Atteindre une bonne stabilité économique ou professionnelle; Frapper; Se couvrir avec une quantité excessive de vêtements
acomodo	Emploi, occupation professionnelle; Emploi obtenu par piston, amitié et non grâce à ses qualifications
acompañamiento	Accompagnement
acompañante	Accompagnant
acompañar	Accompagner
acomplejado	Complexer
acondicionado	Conditionné
acondicionador	Conditionnant; Conditionneur; Après-shampoing
acondicionamiento	Conditionnement
acondicionar	Conditionner, préparer
aconfesional	Aconfessionnel
aconsejable	Conseillable
aconsejar	Conseiller
acontecer	Arriver, avoir lieu
acontecido	Arriver, avoir lieu
acontecimiento	Événement; Occasion
acopiar	Accumuler, entasser
acoplado	Accoupler, coupler
acoplamiento	Accouplement
acoplar	Accoupler, coupler
acorazado	Cuirassé
acordar	S’accorder, s’harmoniser, être d’accord; Se souvenir
acorde	Accord
acordeón	Accordéon
acorralar	Acculer
acortamiento	Raccourci; Abréviation
acortar	Écourter, raccourcir, couper
acosado	Harceler, poursuivre sans relâche
acosador	Harceleur
acosar	Harceler, poursuivre sans relâche
acoso	Harcèlement
acosta	Accoster, arrimer; Étendre, coucher; Coucher avec quelqu’un, avoir des relations sexuelles avec une personne; (acostarse) Se coucher
acostado	Accoster, arrimer; Étendre, coucher; Coucher avec quelqu’un, avoir des relations sexuelles avec une personne; (acostarse) Se coucher
acostar	Accoster, arrimer; Étendre, coucher; Coucher avec quelqu’un, avoir des relations sexuelles avec une personne; (acostarse) Se coucher
acostumbrar	Avoir coutume, accoutumer, avoir l’habitude de, être habitué à; S’habituer, s'accoutumer
acotación	Annotation, didascalie
acotado	Borner
acotar	Borner
acra	Accra, capitale du Ghana
acre	Âcre, Acéré, aigre, aigu, piquant, rude, coupant, tranchant, pointu, affilé, vive, marqué, accusé, tranché, saillant, vif, perçant, âpre, cuisant, fort, acerbe, mordant, incisif, subtil, pénétrant, fin; Acide, aigre, sur, aigri, revêche, hargneux
acrecentar	Accroître, augmenter
acreditación	Accréditation
acreditar	Accréditer; Autoriser; Croire
acreedor	Créancier, créditeur
acritud	Aigreur
acrobacia	Cascade, acrobatie
acrobático	Acrobatique
acrílico	Acrylique
acróbata	Acrobate
acrónimo	Acronyme
acrópolis	Acropole
acta	Acte
actitud	Attitude
activación	Activation
activador	Activateur
activamente	Activement
activar	Activer
actividad	Activité
activismo	Activisme, militantisme
activista	Activiste
activo	Actif, agissant, effectif, énergique, en fonction, en exercice; Actif
acto	action; acte; célébration publique
actor	Acteur; Acteur, agent; Qui agit
actoral	Actoriel
actriz	Actrice
actuación	Action, agissement, le fait d’agir; Interprétation, rôle en parlant d’un acteur
actual	Actuel
actualidad	Actualité
actualidades	Actualité
actualización	Actualisation; Mise à jour
actualizar	Actualiser; Mettre à jour
actualmente	Actuellement, maintenant
actuar	Agir; Jouer
acuarela	Aquarelle
acuario	Aquarium; Verseau (constellation et signe zodiacal)
acuchillado	Poignarder; Raboter
acuchillar	Poignarder; Raboter
acudir	Aller à, accompagner; Aider, appuyer; Produire, donner (un résultat, un fruit); Recourir, faire appel à quelqu'un
acueducto	Aqueduc
acuerdo	Accord, accommodement
acuicultura	Aquaculture, aquiculture
aculturación	Acculturation
acumulación	Accumulation
acumulador	Accumulateur; accumulateur
acumular	Accumuler
acumulativo	Cumulatif
acuoso	Aqueux, d’eau, aquatique
acupuntura	Acupuncture
acusación	Accusation
acusador	Accusateur, plaignant
acusar	Accuser
acusativo	Accusatif
acusatorio	Accusatoire
acuático	Aquatique, d’eau, aqueux
acuífero	Aquifère
acuña	Estampiller; Coincer, mettre un coin; Frapper de la monnaie, imprimer des billets
acuñación	Frappe
acuñar	Estampiller; Coincer, mettre un coin; Frapper de la monnaie, imprimer des billets
acv	ACV
acá	Ici
acéfalo	Acéphale; Acéphale
acérrimo	Très fort; Vigoureux, avec ténacité; Extrême
acético	Acétique
acólito	Acolyte; Compagnon, cavalier
acústico	Acoustique
ad	Pro-
adagio	Adagio
adalid	Champion
adaptabilidad	Adaptabilité
adaptable	Adaptable
adaptación	Adaptation, transformation, ajustage
adaptador	Adaptateur
adaptar	Adapter
adeco	Partisan du parti Action Démocratique
adecuación	Adéquation
adecuadamente	Adéquatement
adecuado	Adéquat
adecuar	Rendre adéquat
adela	Prénom féminin espagnol équivalent à Adèle
adelantar	Avancer, aller de l’avant; Dépasser, passer devant, à l’avant
adelante	Devant; Je t’en prie, je vous en prie
adelanto	Avance; Progrès, amélioration
adelfa	Laurier-rose
adelgazar	Perdre du poids, maigrir; Amincir, rendre mince; Effiler; Faire maigrir; S’amincir
adelita	Femme-soldat ayant participé à la Révolution mexicaine (1910)
ademuz	Ademuz
ademán	Geste; Geste, posture corporelle exprimant quelque chose
además	De plus, en plus; En plus d'être
adenda	Addenda
adenoma	Adénome
adenosina	Adénosine
adentro	Dedans
adepto	Adepte
aderezado	Préparer; Composer, adorner, embellir
aderezar	Préparer; Composer, adorner, embellir
aderezo	Ornements, bijou précieux
adeudo	Devoir, avoir une dette
adherencia	Adhérence
adherente	Adhérent, adhésif, qui adhère
adherir	Adhérer
adhesivo	Adhésif; Gommette
adhesión	Adhésion, action d’adhérer à une association, à un parti dont on épouse une grande partie des idées ou convictions; Adhésion, action d’adhérer à un projet, à une doctrine ou croyance; Adhésion, la cause d’une adhérence
adicción	Addiction
adicional	Additionnel
adicionalmente	D’ailleurs
adicionar	Ajouter
adición	Addition
adictivo	Addictif
adicto	Accro, dépendant
adiestramiento	Entrainement, dressage
adiestrar	Entraîner, dresser
adinerado	Riche
adios	Bye-bye
adiposo	Adipeux, adipique
aditamento	Ajout, supplément
aditivo	Additif
adivinación	Divination
adivinanza	Devinette
adivinar	Deviner
adivino	Voyant, devin
adiós	Adieu, au revoir; Adiós
adjetivo	Adjectif
adjudicación	Adjudication
adjudicar	Mettre en adjudication, mettre à l’entreprise
adjuntar	Adjoindre
adjunto	Adjoint, assistant
administración	Administration; Conseil d’administration; Administration, direction, gérance, gestion; Services administratifs
administrador	Administrateur, exploitant, gérant, directeur, régisseur, gestionnaire
administrar	Administrer, diriger, gérer, régir
administrativo	Administratif, d’administration; Administratif, employé de bureau
admirable	Admirable
admirablemente	Admirablement
admiración	Admiration; Surprise; Exclamation
admirador	Admirateur
admirar	Étonner; Admirer
admisibilidad	Admissibilité
admisible	Admissible
admisión	Admission
admitir	Admettre; Permettre; Accepter
adn	ADN, acide désoxyribonucléique
adobe	Adobe, brique séchée au Soleil
adobo	Maquillage, fard, assaisonnement
adoctrinamiento	Endoctrinement
adoctrinar	Endoctriner
adolescencia	Adolescence
adolescente	Adolescent
adolorido	Courbaturé
adonde	Où
adopción	Adoption
adoptando	Adopter
adoptante	Adoptant
adoptar	Adopter
adoptivo	Adoptif
adoquinado	Paver
adoquín	Pavé
ador	Temps alloué à chaque fermier pour irriguer son champ; Ador
adorable	Adorable
adoración	Adoration
adorador	Adorateur
adorar	Adorer
adormecer	Endormir
adormecido	Endormir
adormecimiento	Endormissement
adornar	Adorner, décorer
adorno	Ornement
adoro	Adorer
adosado	Adosser
adquirente	Acquérant; Acquéreur
adquirir	Acquérir
adquisición	Achat, emplette, marché, acquisition; Acquisition, obtention; Acquisition, butin
adquisitivo	Acquisitif
adra	Répartir les eaux pour irriguer
adrede	Exprès
adrenalina	Adrénaline
adrián	Adrien
adriático	Adriatique
adsl	ADSL
aduana	Douane
aduanero	Douanier
adulación	Adulation
adulador	Adulateur
adular	Flatter, aduler, amadouer
adulteración	Adultération
adulterar	Abîmer, gâter; Falsifier, fausser; Abâtardir; Commettre un adultère
adulterio	Adultère
adultez	Âge adulte; Condition d’adulte
adulto	Adulte, majeur
adusto	Austère
advenedizo	Parvenu
advenimiento	Avènement, arrivée
adventista	Adventiste
adverbio	Adverbe
adversario	Adversaire, antagoniste
adversidad	Adversité
adverso	Adverse, contraire
advertencia	Avertissement; Observation, remarque, réflexion; Recommandation; Annonce; Sommation, exhortation, conseil, réprimande, avertissement
advertir	Avertir, prévenir; Remarquer
adviento	Avent
adyacente	Adjacent
adán	Adam, le premier homme; Adam (prénom masculin)
adónde	Où ? Vers où ?
adúltero	Adultère
aedo	Aède, poète de la Grèce antique
aemet	Agence nationale de météorologie
aeroclub	Aéroclub
aerodinámica	Aérodynamique
aerodinámico	Aérodynamique
aeroespacial	Aérospatial
aerogenerador	Éolienne
aerolínea	Ligne aérienne
aeronaval	Aéronava
aeronave	Aéronef
aeronáutica	Aéronautique
aeronáutico	Aéronautique
aeroplano	Aéroplane, avion
aeroportuario	Aéroportuaire
aeropuerto	Aéroport
aerosol	Aérosol
aerostático	Aérostatique
aeróbico	Aérobique
aeródromo	Aérodrome
afable	Affable, aimable, gentil, amène
afanar	Voler, dérober; Ahaner, s’efforcer
afasia	Aphasie
afección	Affection
afectación	Affectivité; Affectation
afectado	Affecté, artificiel, affété, recherché, précieux
afectar	Affecter
afectividad	Affectivité
afectivo	Affectif
afecto	Affecter
afectuosamente	Affectueusement
afectuoso	Affectueux
afeitada	Raser; Se raser
afeitado	Rasage
afeitadora	Rasoir
afeitar	Raser; Se raser
afeite	Produit cosmétique, maquillage
afeminado	Efféminé
aferrar	Accrocher fermement; Ancrer; Carguer une voile
afganistán	Afghanistan
afgano	Afghan
afi	Alphabet phonétique international (API)
afianzar	Cautionner; Assurer, rendre plus sûr
afiche	Affiche
afición	Penchant, goût, amour pour quelqu'un ou quelque chose; Acharnement; Ensemble de supporters, club de fans
afilado	Affilé, fin, perçant; Aigu; Effilé, aiguisé, mince
afilador	Aiguisant; Aiguiseur, rémouleur
afilar	Affiler, aiguiser
afiliación	Affiliation
afiliado	Affilier
afiliar	Affilier
afinación	Affinage
afinador	Accordeur; Accordeur
afinar	Affiner
afinidad	Affinité
afirmación	Affirmation, assertion
afirmar	Affirmer, assurer, certifier, garantir
afirmativamente	Affirmativement
afirmativo	Affirmatif
aflicción	Affliction
afligido	Affligé
aflojar	Mollir, ramollir
afloramiento	Affleurement
aflorar	Affleurer
afluencia	Affluence
afluente	Affluent
aforado	Jauger, estimer, évaluer; Calibrer
aforismo	Aphorisme
aforo	Jauge, jaugeage; Capacité jaugée d’un récipient; Capacité maximum autorisée pour recevoir du public dans un endroit donné
afortunadamente	Heureusement
afortunado	Heureux, chanceux
afrancesado	Franciser
afrenta	Affront
africano	Africain, d’Afrique; Africain
afro	Afro
afroamericano	Afro-américain; Afro-Américain
afrodescendiente	Afrodescendant
afrodisíaco	Aphrodisiaque
afrodita	Aphrodite
afrontamiento	Affrontement
afrontar	Affronter
afrutado	Fruité
afuera	Dehors, à l’extérieur; Banlieue, faubourgs (alentours d’une localité)
afueras	Banlieue
afán	Labeur, ardeur; Soif, désir de
agachada	Accroupissement, position accroupie
agachado	Accroupi; Lâche
agachar	S’accroupir, se tapir
agamenón	Agamemnon, roi de Mycènes et héros achéen de la guerre de Troie; (911) Agamemnon, astéroïde troyen de Jupiter
agarrada	Agripper, saisir
agarrado	Agripper, saisir
agarrar	Agripper, saisir
agarre	Agripper, saisir
agarro	Agripper, saisir
agave	Agave
agazapado	cacher, dissimuler
agencia	Agence
agenda	Agenda, mémento
agendar	Programmer
agente	Agent ou agente
agilidad	Agilité, adresse
agilizar	Faciliter
agitación	Agitation, action d’agiter, de remuer; Agitation, état de ce qui est agité; Agitation, mouvement continuel et fatigant du corps; Agitation, mouvement de contestation
agitado	Agité
agitador	Agitateur
agitar	Agiter, brandir, troubler
aglomeración	Agglomération, action d’agglomérer ou résultat de cette action; Agglomération, rassemblement plus ou moins ordonné d’êtres humains
aglutinante	Agglutinant; Agglutinant, substance qui agglutine
aglutinar	Agglutiner
agnosticismo	Agnosticisme
agnus	Agnus
agnóstico	Agnostique, relatif à l’agnosticisme; Agnostique, personne qui suit la doctrine de l’agnosticisme
agobiado	Angoisser; Ennuyer
agobiante	Accablant
agobiar	Angoisser; Ennuyer
agobio	Angoisse, inquiétude
agonista	Agoniste; Athlète, lutteur
agonizante	Agonisant
agonizar	Agoniser, être à l’agonie
agonía	Agonie
agonías	Agonie
agorafobia	Agoraphobie
agost	Agost
agosto	Août
agotado	Épuiser; Tarir
agotador	Épuisant, exténuant
agotamiento	Tarissement; Épuisement; Surmenage, épuisement professionnel, burn-out
agotar	Épuiser; Tarir
agote	Épuiser; Tarir
agradable	Agréable
agradablemente	Agréablement
agradar	Plaire
agradecer	Remercier
agradecido	Reconnaissant
agradecimiento	Remerciement; Reconnaissance
agrado	Aménité; Agrément, plaisir
agrandamiento	Agrandissement, élargissement
agrandar	Agrandir
agrario	Agraire
agravamiento	Aggravation
agravante	Aggravant
agravar	Aggraver
agravio	Tort, dommage causé
agredir	Agresser
agregación	Agrégation
agregado	Agrégat; Granulat; Agrégé; agrégé
agregar	Agréger, adjoindre, ajouter
agresivamente	Agressivement
agresividad	Agressivité
agresivo	Agressif
agresión	Agression; Accès, assaut, attaque
agresor	Agresseur
agreste	Rural, campagnard; Rustre, grossier, sauvage; Inculte, embroussaillé
agricultor	Agriculteur
agricultura	L’agriculture
agridulce	Aigre-doux
agrietado	Crevasser, creuser, fendre, fissurer
agrimensor	Arpenteur, géomètre
agrimensura	Arpentage
agrio	Aigre
agrios	Aigre
agro	Aigre; Champ
agroalimentario	Agroalimentaire
agroecología	Agroécologie
agroindustria	Industrie agroalimentaire
agronomía	Agronomie
agronómico	Agronomique
agrupación	Groupement, regroupement
agrupar	Collectionner, ramasser, rassembler, recueillir
agrícola	Agricole; Agricole
agrónomo	Agronome
agu	Abréviation de Aguascalientes (état)
agua	Eau
aguacate	Avocat (fruit); Avocatier; Émeraude taillée en poire; Chiffe molle, lavette; (uniquement au pluriel) Testicules
aguacero	Averse; Nom vernaculaire de Maytenus buxifolia, arbre de la famille des Celastraceae (Celastracées)
aguado	Couper un liquide avec de l'eau
aguadulce	Aguadulce
aguafiestas	Trouble-fête, rabat-joie
aguafuerte	Eau-forte
aguamarina	Aigue-marine
aguamiel	Hydromel; Aguamiel (suc d’agave non fermenté)
aguanta	Supporter (aguantarse); Tenir; Se positionner pour attendre la charge du taureau
aguantar	Supporter (aguantarse); Tenir; Se positionner pour attendre la charge du taureau
aguante	Patience, capacité à supporter
aguar	Couper un liquide avec de l'eau
aguardar	Attendre; Croire, espérer quelque chose; Accorder un délai à quelqu’un, en particulier pour régler une dette; Arriver (en parlant d'un événement dans le futur); Observer ce que fait quelqu’un d’autre; Respecter, avoir de l’estime; S’arrêter
aguardiente	Eau-de-vie
aguardo	Attendre; Croire, espérer quelque chose; Accorder un délai à quelqu’un, en particulier pour régler une dette; Arriver (en parlant d'un événement dans le futur); Observer ce que fait quelqu’un d’autre; Respecter, avoir de l’estime; S’arrêter
aguarrás	Essence de térébenthine
aguascalientes	Aguascalientes
agudamente	Aigument
agudeza	Acuité, finesse, âpreté, âcreté, acrimonie, mordant
agudización	Aiguisement
agudizar	Aiguiser
agudo	Aigu; Aigu, avec l'accentuation sur la dernière syllabe du mot; Astucieux
aguerrido	Aguerri
aguijón	Dard, aiguillon; Aiguillon
aguilar	Localité dans le municipe de Boltaña; Nom de famille; Localité dans le municipe de Graus
aguilera	Nom de famille
aguilucho	Aiglon; Milan, faucon, nom commun des fauconidés plus petit que l’aigle
aguinaldo	Étrennes, prime de Noël; Ipomée commune à Cuba et fleurissant à Noël
aguirre	Nom de famille
aguja	Aiguille; Aiguillage; Aiguille (d’un conifère); Orphie, poisson d’eau de mer ou saumâtre du genre Belone, famille des Belonidae; Fauché, sur la paille
agujereado	Percer, faire des trous
agujerear	Percer, faire des trous
agujero	Trou au travers d’un corps; Trou dans la caisse, manque
agur	Au revoir
agus	Diminutif de Agustin
agustina	Augustin; Augustinien
agustiniano	Augustinien
agustino	Augustin; Augustinien
agustín	Augustin
agónico	Agonique
agüero	Augure
agüita	Tisane, infusion
ah	Ah (expression de surprise, de dépit)
ahijada	Filleule
ahijado	Filleul
ahogamiento	Noyade
ahogar	Étouffer; Noyer
ahogo	Étouffer; Noyer
ahondar	Approfondir; Creuser, rendre plus profond, intensifier
ahora	Maintenant, en ce moment; Aujourd’hui
ahorcamiento	Pendaison
ahorcar	Pendre, attacher à la potence; Pendre, suspendre
ahorita	Illico, tout de suite, maintenant
ahorrador	Économe, qui dépense peu
ahorrar	Économiser, épargner
ahorro	Économie, épargne
ahumada	Enfumer; Fumer
ahumado	Enfumer; Fumer
ahuyentar	Faire fuir
ahí	Là, proche de l’écouteur, chez toi ou chez vous
aikido	Aïkido
aimara	Aymara
ain	Ain (département français); Ain (rivière française)
aine	AINS (anti-inflammatoire non stéroïdien)
ainu	Aïnou; Aïnou
airadamente	Furieusement
airado	Irriter, fâcher, mettre en colère
airbag	Airbag
aire	Air; Vent
aireación	Aération
airear	Aérer, ventiler; Aérer, mettre à l’air, éventer
airsoft	Airsoft
aislacionismo	Isolationnisme
aislacionista	Isolationniste; Partisan de l’isolationnisme
aislación	Isolation
aisladamente	Isolément, de façon isolée
aislado	Isolé
aislamiento	Isolement
aislante	Isolant
aislar	Isoler
aj	Malaise
aja	Maltraiter, rudoyer; Maltraiter en paroles, médire
ajaccio	Ajaccio, ville corse
ajedrecista	joueur d’échecs ou joueuse d’échecs
ajedrez	Échecs (jeu), jeu d’échecs; jeu d’échecs, l’échiquier et ses pièces
ajenjo	Absinthe
ajeno	D’autrui, étranger
ajetreo	Affairement
ajiaco	Sorte de sauce très pimentée, typique de l'Amérique hispanique, ají; Ragoût de viande et de pomme de terre pimenté; Méli-mélo
ajo	Ail
ajonjolí	Sésame; Sésame (graine)
ajuar	Trousseau
ajustado	Ajuster, adapter, accommoder; pronominal : Contracter, s'engager
ajustador	Ajusteur; Soutien-gorge
ajustar	Ajuster, adapter, accommoder; pronominal : Contracter, s'engager
ajuste	Ajustement
ajusticiamiento	Condamnation; Condamnation à mort, peine de mort
ajusticiar	Justicier, condamner à une peine de justice, en particulier, à la peine de mort; Mettre à mort un condamné
ajá	Traduit une vive émotion (réprobation, surprise, enthousiasme, etc.)
ají	Piment (plante et fruit); Sauce piquante contenant généralement du piment, de la tomate, de l’ail, le tout cru et écrasé
al	Amérique latine
ala	Aile
alabado	Vanter, louer quelque chose ou quelqu’un, exaltar; Se vanter, se glorifier
alabama	Alabama; Alabama (tribu)
alabanza	Louange
alabar	Vanter, louer quelque chose ou quelqu’un, exaltar; Se vanter, se glorifier
alabastro	Albâtre
alacena	Garde-manger
alacrán	Scorpion
alado	Ailé
alagón	Alagón, commune aragonaise; Alagón, cours d’eau; Alagón, comarque
alamar	Brandebourg
alambique	Alambic
alambre	Cuivre, bronze, laiton; Fil de fer; Brochette mexicaine
alameda	Peupleraie; Allée plantée de peupliers, allée de promenade ombragée (par tout type d’arbre); Alameda
alamillo	Alamillo
alar	Ailier, d’aile; Avant-toit
alarde	Parade militaire, défilé; Revue, passage en revue des armées
alardear	Parader
alargado	Allonger, élargir
alargamiento	Élargissement; Allongement
alargar	Allonger, élargir
alargue	Allonger, élargir
alarido	Hurlement, cri
alarma	Alarme, alerte
alarmado	Alarmer
alarmante	Alarmant
alarmar	Alarmer
alarmismo	Alarmisme
alarmista	Alarmant; Alarmiste
alba	Aube, aurore; Aube, (habit); Alba, en Aragon
albacea	Exécuteur testamentaire
albacete	Albacete
albahaca	Ocimum basilicum, le basilic
albaida	Albaida; Anthyllide
albania	Albanie (pays européen)
albanés	Albanais; Langue albanaise
albar	Blanc
albaricoque	Abricot, couleur abricot; Abricotier
albatros	Albatros
albañil	Maçon
albañilería	Maçonnerie
albedrío	Libre arbitre; Sentence arbitrale
alberca	Bassin; Piscine
albergar	Héberger
albergo	Héberger
albergue	Auberge
alberto	Albert
albi	Albi, en France; Albi, en Italie
albiazul	Blanc-bleu
albiceleste	Qui comporte des rayures alternativement blanches et bleu ciel; Qui joue dans l’équipe d’Argentine
albinismo	Albinisme
albino	Albinos; Albin, Aubin; Nom de famille
albiol	L’Albiol
albo	Blanc
albor	Blancheur; Aube, lueur de l’aube; Aube, début, commencement
alborada	Aube; Aubade
albornoz	Blouse; Burnous
alborotado	Agiter, perturber, troubler, faire du bruit, du tumulte
alborotador	Fauteur de troubles; Bordélisateur
alborotar	Agiter, perturber, troubler, faire du bruit, du tumulte
alboroto	Agitation, remue-ménage, tumulte, grande clameur
alborozo	Réjouissance, joie; Tapage, tumulte
alborán	Alboran, petite île espagnole de la mer Méditerranée
albufera	Lagune
albuquerque	Albuquerque
albur	Calembour, contrepèterie souvent grivoise; Joute verbale à base de jeux de mots, calembours, contrepèteries; Type de mulet des estuaires du Guadalquivir et du Rio Guadiana
alburquerque	Alburquerque
albóndiga	Boulette de viande
albúmina	Albumine
alca	Pingouin
alcachofa	Artichaut (légume)
alcahuete	Ce qui cache, qui obscurcit; Entremetteur; Personne qui manigance; Flatteur par intérêt; Balance, dénonciateur, indicateur de police
alcaide	Gouverner, geôlier
alcalde	Maire
alcaldesa	Mairesse; Juge
alcaldía	Mairie
alcalinidad	Alcalinité
alcalino	Alcalin
alcaloide	Alcaloïde
alcampo	Auchan, enseigne de la grande distribution
alcance	Suivi, persécution; Portée, atteinte; Portée intellectuelle, compréhension, intelligence; Portée de tir
alcancía	Tirelire, tronc des pauvres
alcanfor	Camphre
alcantarilla	Égout, conduit d’évacuation
alcantarillado	Égout, égoût, tout-à-l’égout
alcanzable	Réussissable
alcanzar	Atteindre, attraper; Suffire, être assez
alcaraz	Alcaraz, commune de Castille-et-León située dans la province d’Albacete; Nom de famille espagnol
alcatraz	Terme désignant plusieurs espèces de plantes de la famille des aracées; Alcatraz, oiseau pélicaniforme; Alcatraz
alcaudete	Alcaudete
alcazaba	Alcazaba
alcañiz	Alcañiz
alce	Élan; Antique ville de la Carpetania (Carpétanie)
alcibíades	Alcibiade (général de la Grèce antique)
alcira	Alzira; Prénom féminin
alcista	Haussier; Haussier
alcoba	Chambre à coucher; Wagon-lits, voiture-lits, voiture-couchette
alcohol	Alcool, esprit-de-vin; Alcool; Khôl
alcoholemia	Alcoolémie, taux d’alcoolémie
alcoholismo	Alcoolisme
alcoholizado	Alcooliser
alcoholímetro	Alcootest, éthylotest, alcoomètre
alcohólico	Alcoolique
alconada	Alconada; Hameau situé sur la commune d’Ampudia
alcornoque	Chêne-liège; Liège, bois du chêne-liège
alcudia	Alcúdia
alcurnia	Lignée
alcántara	Alcantara
alcázar	Forteresse, palais fortifié
aldea	Hameau, village
aldeano	Rustique; Rural; Villageois
aldebarán	Aldébaran
aldosterona	Aldostérone
aleación	Alliage
aleatoriedad	Aléatoirité
aleatorio	Au hasard, aléatoire
aledo	Aledo
alegación	Allégation
alegar	Alléguer
alegato	Plaidoyer
alegoría	Allégorie
alegrar	Réjouir
alegre	Gai, joyeux
alegremente	Allègrement, joyeusement
alegría	Allégresse, joie; Amarante et ses graines (Amaranthus cruentus); Sésame; Confiserie réalisée avec les graines soufflées d’amarante; Graines de sésame; Nougat couvert de graines de sésame; Chant flamenco festif et danse qui l’accompagne
alegórico	Allégorique
aleja	Éloigner, écarter
alejado	Éloigner, écarter
alejamiento	Éloignement
alejandrino	Alexandrin, alexandrin; Alexandrin
alejandro	Prénom masculin, correspondant à Alexandre
alejar	Éloigner, écarter
alejo	Alexis
alelo	Allèle
aleluya	Alléluia; Alléluia (oxalis petite oseille)
alemania	Allemagne (pays européen)
alemán	Allemand, qui est relatif à l’Allemagne; Allemand, personne originaire d’Allemagne; Allemand, langue parlée en Allemagne, Suisse, et Autriche
alentar	Respirer; Animer, encourager
alepo	Alep
alerce	Mélèze; Nom vernaculaire de Fitzroya cupressoides, , arbre de la famille des Cupressacées (Cupressaceae), originaire des deux versants de la partie de l’extrême sud de la cordillère des Andes. On le nomme aussi alerce patagónico
alergia	Allergie
alero	Avant-toit; Ailier
alerta	Alerte; Alerte !
alertado	Alerter
alertar	Alerter
alerón	Aileron
aleta	Nageoire d’un poisson; Aile d’une voiture; Palme de plongée; Ailette; Garde-boue
aleteo	Voleter
alevoso	Fourbe
alevosía	Traîtrise
alevín	Alevin
alexia	Alexie
alfa	Alpha (lettre grecque)
alfabetización	Alphabétisation
alfabeto	Alphabet
alfabéticamente	Alphabétiquement
alfabético	Alphabétique
alfajor	Alfajor
alfalfa	Luzerne
alfar	Poterie; Argile; Trop lever les pattes avant sans plier le jarret, en parlant des chevaux
alfarero	Potier, de poterie; Potier
alfarería	Poterie; Atelier du potier
alfil	Fou
alfiler	Épingle
alfileres	Épingle
alfombra	Tapis
alfombrilla	Rubéole; Tapis de souris
alfonsina	Alphonsin
alfonso	Alphonse
alforja	Sacoche, besace; Provisions pour un voyage
alfoz	Alfoz; Territoire autour d’une ville, d’un village
alfredo	Prénom masculin, correspondant à Alfred
alféizar	Appui de fenêtre
alférez	Aspirant (grade)
alga	Algue
algaba	Bois, forêt
algar	Algar; Grotte, caverne
algarabía	Arabe, langue arabe; Charabia, langage incompréhensible; Brouhaha, bruit confus généré quand plusieurs personnes parlent en même temps; Enchevêtrement
algarroba	Caroube; Caroubier
algarrobo	Caroubier; Plusieurs arbres de la famille des Fabacées comme le courbaril
algebraico	Algébrique
algeciras	Algésiras
algo	Quelque chose; Un peu
algodonero	Cotonnier, de coton, en coton; Cotonnier, planteur de coton, négociant en coton
algodón	Cotonnier (malvacées); Coton (enchevêtrement des poils issus des graines du cotonnier); Coton (tissu ou fil de coton)
algoritmo	Algorithme
alguacil	Huissier, appariteur
alguien	Quelqu’un
alguno	Des, quelque, quelques; Quelqu’un
alhama	Affluent de l’Èbre; Affluent du Fardes; Comarque de la province de Grenade dont la ville principale est Alhama de Granada
alhambra	Alhambra; Commune de la province de Ciudad Real
alhóndiga	Magasin aux vivres, édifice public servant au commerce des denrées
aliado	Allié
aliaga	Ajonc
alianza	Alliance
aliar	Allier
alias	Surnom; Alias
alicante	Alicante
alicantino	Alicantin
alicate	Pinces
alicia	Alice
aliciente	Attrait, charme, ce qui plaît, qui attire, qui séduit
alienación	Aliénation, troubles altérant les facultés mentales d’un individu
alienado	Aliéné
alienar	Aliéner
aliento	Haleine, respiration, souffle
alienígena	Étranger, extraterrestre
aligerar	Alléger
alimaña	Vermine
alimentación	Alimentation
alimentador	Alimentateur; Alimentateur, alimenteur
alimentar	Alimenter, nourrir
alimentario	Alimentaire
alimenticio	Alimentaire
alimento	Aliment, nourriture
alineación	Alignement; Disposition des joueurs sur le terrain de jeu; Aliénation
alineado	Aligner
alineamiento	Alignement
alinear	Aligner
alisado	Lisser
alisar	Aulnaie; Lisser
aliso	Lisser
alistar	Enrôler, gagner, recruter, s'adjoindre des aides; Enregistrer
aliviado	Soulager, alléger
aliviar	Soulager, alléger
alivio	Soulagement; Consolation; Repos
aliño	Assaisonnement, condiment
aljarafe	Comarque de la province de Séville
aljibe	Citerne souterraine; Bateau-citerne
allanar	Aplanir, aplatir
allegado	Proche
allende	adverbe de lieu; adverbe de temps
allo	Allo
allá	Là, loin du locuteur
allí	Là-bas, là (loin du locuteur)
alma	Âme; Vierge; Esprit
almacenaje	Stockage
almacenamiento	Stockage, entreposage
almacenar	Stocker
almacén	Magasin
almadraba	Pêche au thon, temps de la pêche au thon; Madrague, filet pour pêcher le thon
almadén	Almadén
almanaque	Almanach
almanzora	Almanzora; Fleuve Almanzora
almarza	Almarza
almazán	Almazán
almeida	Almeida
almeja	Palourde
almenara	Almenara; Phare; Candélabre
almendra	Amande (fruit de l'amandier); Noyau du fruit séparé du péricarpe; Amande (graine de l'amandier); Graine de quelconque fruit drupacé; Couleur verte tirant sur le jaune. #82C46C; Almendra
almendro	Amandier
almeriense	D’Almérie; Habitant d’Almérie
almería	Almería; Province d’Almería
almidón	Amidon
almirantazgo	Amirauté
almirante	Amiral
almizcle	Musc
almodóvar	Toponyme; Nom de famille
almohada	Oreiller
almohade	Almohade
almohadilla	Coussinet
almohadón	Coussin
almorzar	Déjeuner; Prendre un repas léger durant la matinée (almuerzo); Prendre quelque chose à manger durant la matinée
almuerzo	Déjeuner; Collation que l'on prend le matin
almunia	Ferme, potager, jardin
almíbar	Sirop
alocución	Allocution, discours bref
aloe	Aloés
alojado	Loger, héberger
alojamiento	Logement, hébergement
alojar	Loger, héberger
alondra	Alouette
alopecia	Alopécie
alpaca	Alpaga
alpargata	Espadrille
alpes	Alpes (chaîne de montagnes)
alpinismo	Alpinisme
alpinista	Alpiniste
alpino	Alpin
alpiste	Alpiste
alquería	Ferme, métairie
alquilar	Louer, donner en location
alquiler	Location; Loyer
alquilo	Louer, donner en location
alquimia	Alchimie
alquimista	Alchimiste
alquitrán	Goudron
alrededor	Alentour; Autour de, aux alentours de; Environ
alsacia	Alsace
alsasua	Altsasu
altamente	Très, au plus haut point
altanero	Altier
altar	Autel
altavoz	Haut-parleur
alteración	Altération; Altération, contrefaçon
alterado	Altérer
alterar	Altérer
altercado	Se disputer, se quereller
alteridad	Altérité
alternador	Alternateur
alternancia	Alternance
alternar	Alterner
alternativa	Alternative
alternativamente	Alternativement
alternativo	Alternatif
alterne	Alterner
altero	Altérer
alteza	Altesse
altillo	Hauteur, lieu surélevé; Entresol
altiplanicie	Plateau
altiplano	Plateau; Altiplano
altiro	Immédiatement
altitud	Altitude
altivez	Morgue, suffisance
altivo	Altier, hautain; Haut, élevé
alto	Grand, haut
altruismo	Altruisme
altruista	Altruiste
altura	Hauteur; Taille; Altitude; Hauteur, hauteur d’un astre; Ciel
alubia	Haricot; Gousse de haricot; Graine de haricot
alucina	Avoir des hallucinations; Halluciner
alucinación	Hallucination
alucinado	Avoir des hallucinations; Halluciner
alucinante	Hallucinant
alucinar	Avoir des hallucinations; Halluciner
alucine	Avoir des hallucinations; Halluciner
alucinógeno	Hallucinogène
alud	Avalanche
aludido	Faire allusion, alluder
aludir	Faire allusion, alluder
alumbrado	Éclairage, système d’éclairage
alumbramiento	Éclairage; Accouchement
alumbrar	Éclairer, illuminer
alumbre	Alun
aluminio	Aluminium (l’élément chimique Al)
alumno	Étudiant
alunizaje	Alunissage; Casse, cambriolage
alusivo	Allusif, allusoire
alusión	Allusion
aluvial	Alluvial, Relatif à, ou constitué par, des alluvions
aluvión	Alluvion
alv	a la verga
alvar	Nom de famille
alveolar	Alvéolaire
alza	Hausser, soulever, élever; Se dresser
alzada	Hausser, soulever, élever; Se dresser
alzado	Hausser, soulever, élever; Se dresser
alzamiento	Soulèvement, haussement
alzar	Hausser, soulever, élever; Se dresser
alzhéimer	Synonyme de enfermedad de Alzheimer (maladie d’Alzheimer)
alá	Allah, nom de Dieu dans la religion musulmane
alérgico	Allergique, sensibilisé; Personne allergique
alícuota	Aliquote
aló	Allo, allô (au téléphone)
alúmina	Alumine
ama	Maîtresse de maison; Ama de casa, femme au foyer; Femme propriétaire foncier; Mère, femme qui a un ou plusieurs domestiques; Gouvernante; Préceptrice, femme chargée d'éduquer un enfant; Nourrice, femme qui nourrit de son sein les enfants d'autrui
amabilidad	Amabilité, aménité, obligeance
amable	Aimable, affable, gentil, amène
amablemente	Aimablement
amado	Chéri
amagar	Menacer; Menacer, montrer ses premiers signes; Se cacher
amago	Menacer; Menacer, montrer ses premiers signes; Se cacher
amague	Menacer; Menacer, montrer ses premiers signes; Se cacher
amalgama	Amalgame
amamantar	Allaiter, donner le sein
amanecer	Lever, commencer à faire jour; Éveiller; Rester éveillé toute la nuit; Aube, aurore
amanerado	Maniéré
amansar	Attendrir, apaiser; Apprivoiser, dompter
amante	Amoureux, amoureuse; Amant, amante
amapola	Coquelicot, pavot; Nom vernaculaire de Erythrina poeppigiana, arbre à feuilles caduques originaire de la forêt amazonienne
amar	Aimer (d’amour)
amaranto	Amarante
amargado	Aigri; Aigre
amargar	aigrir, rendre amer
amargo	Amer, âcre; Amer, boisson ou substance amère
amargor	Amertume, âcreté
amargura	Amertume
amarillento	Jaunâtre
amarillismo	Sensationnalisme
amarillista	Sensationnaliste
amarillo	Jaune; Jaune, la couleur jaune
amaro	Amer
amarra	Amarrer
amarrado	Amarrer
amarrar	Amarrer
amarre	Amarrage
amasado	Amasser; Pétrir, masser la pâte
amasar	Amasser; Pétrir, masser la pâte
amasijo	Mélimélo
amateur	Amateur; Amateur, amatrice
amatista	Améthyste
amauta	Personne âgée qui dans les communauté des Andes possède un certain pouvoir, une certaine autorité; Devineresse ou devin, souvent une femme — parfois un homme — que l'on consulte pour connaître et améliorer son avenir, elle intercède auprès des divinités par l’intermédiaire d’offrandes qui sont détruites par le feu
amaya	Amaya; Nom de famille; Prénom féminin
amazona	Amazone, guerrière mythologique; Amazone
amazonas	Amazone, fleuve sudaméricain
amazónico	Amazonien
amañar	truquer
amaño	truquer
ambato	Ambato; Département dans la province de Catamarca en Argentine
amberes	Anvers (ville de Belgique)
ambicioso	Ambitieux
ambición	Ambition
ambidiestro	Ambidextre
ambiental	Environnemental, ambiant
ambientalismo	Environnementalisme
ambientalista	Environnementaliste
ambiente	Ambiant; Environnement, milieu ambiant
ambiguo	Ambigu, amphibologique, équivoque
ambigüedad	Ambiguïté
ambivalencia	Ambivalence
ambivalente	Ambivalent
ambos	Tous les deux; Tous les deux, les deux
ambrosio	Ambroise
ambrosía	Ambroisie
ambulancia	Ambulance
ambulante	Ambulant
ambulatorio	Ambulatoire; Dispensaire
ameba	Amibe
amedrentar	Effrayer, intimider
amenaza	Menace
amenazador	Menaçant
amenazante	Menaçant
amenazar	Menacer
amenizar	Améniser
ameno	Amène, agréable
amenorrea	Aménorrhée
americanismo	Américanisme; Mot ou tournure propre à l’espagnol parlé aux Amériques
americanista	Américaniste
americano	Américain; Américain, états-unien
ametralladora	Mitrailleuse
amianto	Amiante
amida	Amide
amigable	Amical, avenant
amigablemente	Amicalement
amigdalitis	Amygdalite
amigo	Ami; École maternelle
amiguismo	Copinage
amilasa	Amylase
amina	Amine
aminoácido	acide aminé
amistad	Amitié
amistoso	Amical
ammán	Amman, capitale de la Jordanie
amnesia	Amnésie
amnistía	Amnistie
amniótico	Amniotique
amnésico	Amnésique
amo	Maître, patron
amoladora	Rémouleuse
amonestación	Admonestation; Ban de mariage
amonestar	Admonester, avertir réprimander
amoniaco	Ammoniac, ammoniaque
amonio	Ammonium (NH₄⁺)
amontonar	Entasser
amoníaco	Ammoniac, azane (NH₃)
amor	Amour; Nom de famille; Amor
amoral	Amoral
amordazar	Bâillonner, museler, étrangler
amorfo	Amorphe
amorosamente	Amoureusement
amoroso	Amoureux
amortiguador	Amortisseur
amortiguar	Amortir
amortización	Amortissement
amortizar	Amortir
amorío	Amourette
amotinado	Mutiner
amotinamiento	Mutinerie
amp	AMP
amparar	Protéger; Défendre, maintenir
amparo	Refuge, protection; Prénom féminin espagnol
amperaje	Ampérage
ampliación	Accroissement, extension
ampliamente	Amplement, vachement
ampliar	Étendre, agrandir, élargir
amplificación	Amplification
amplificador	Amplificateur
amplificar	Amplifier
amplio	Spacieux, ample, vaste
amplitud	Amplitude; Ampleur, grandeur, importance, taille
ampolla	Ampoule
amposta	Amposta
ampudia	Ampudia
ampuero	Ampuero
ampurdán	Ampurdan, comarque de Catalogne
ampurias	Empúries
amputación	Amputation
amputar	Amputer
amsterdam	Amsterdam (capitale des Pays-Bas)
amueblar	Meubler
amuleto	Amulette
amur	Amour (grand fleuve d’Asie)
amurallado	Emmurailler
amá	Aimer (d’amour)
amén	Amen
américa	Amérique; États-Unis d’Amérique
amígdala	Amygdale
amós	Amos
ana	Anne
anabel	Anabelle
anaconda	Anaconda
anacronismo	Anachronisme
anacrónico	Anachronique
anafilaxia	Anaphylaxie
anagrama	Anagramme; Logotype, emblème, idéogramme
anal	Anal; Annuel
analfabetismo	Analphabétisme
analfabeto	Illettré, analphabète
analgesia	Analgésie
analgésico	Analgésique
analista	Analyste; Annaliste, auteur d’annales
analizador	Qui analyse; Analyste, personne qui analyse; Analyseur
analizar	Analyser
analogía	Analogie; Analogue
analíticamente	Analytiquement
analítico	Analytique
analógico	Analogique
anamnesis	Anamnèse
ananá	Ananas
anaquel	Étagère
anaranjado	Orangé
anarcocapitalismo	Anarcho-capitalisme
anarcosindicalista	Anarcho-syndicaliste, anarchosyndicaliste; Anarchosyndicaliste
anarquismo	Anarchisme
anarquista	Anarchiste
anarquía	Anarchie; Anarchie, désordre
anastomosis	Anastomose
anatema	Anathème
anatolia	Anatolie
anatomía	Anatomie
anatómicamente	Anatomiquement
anatómico	Anatomique
anaya	Anaya
anca	Croupe, fesse
ancap	Ancap; Ancap
ancestral	Ancestral
ancestro	Ancêtre
ancho	Large; Largeur
anchoa	Anchois
anchura	Largeur
ancianidad	Vieillesse
anciano	Ancien, antique; Ancien; Vieillard
ancla	Ancre
anclaje	Mouillage (action de jeter l’ancre)
anclar	Ancrer, mouiller l’ancre
andador	Déambulateur; Rue piétonne, petit passage piéton reliant deux rues entre elles
andadura	Démarche, allure
andalucía	Andalousie
andalusí	Relatif à Al-Andalus, qui en est originaire
andaluz	Andalou, relatif à l’Andalousie, qui en est originaire; Andalou, personne originaire d’Andalousie; Andalou, dialecte de l’espagnol parlé en Andalousie
andamiaje	Échafaud, échafaudage
andamio	Échafaudage
andante	Andante
andar	Aller, marcher; Marche, pas
andesita	Andésite
andino	Andin
andorra	Andorre; Andorre-la-Vieille, capitale d’Andorre
andreas	André
androide	Androïde
andrógino	Androgyne; Androgyne
andén	Quai de gare, d'un port; Parapet, balustrade; Trottoir; Andenne, terrasse agricole permettant la culture sur des versants à forte pente dans la cordillère des Andes
anecdótico	Anecdotique
anejo	Annexe
anemia	Anémie
anestesia	Anesthésie
anestesiar	Anesthésier
anestesista	Anesthésiste
anestesiólogo	Anesthésiste
anestésico	Anesthésique; Anesthésique
aneurisma	Anévrisme
anexar	Annexer
anexión	Annexion
anexo	Accessoire, appendice
anfetamina	Amphétamine
anfibio	Amphibie
anfiteatro	Amphithéâtre
anfitrión	Hôte (qui héberge); Amphitryon
angelical	Angélique
angelito	Angelot, petit ange
angina	Angine
anginas	Angine
angiografía	Angiographie
angioplastia	Angioplastie
angiotensina	Angiotensine
anglais	Billet doux
anglicano	Anglican
anglicismo	Anglicisme
angloparlante	Anglophone
angola	Angola (pays d’Afrique)
angoleño	Angolais
angora	Angora; Chat angora
angosto	Étroit
angostura	Étroitesse, qualité de ce qui est étroit, rétréci; Angostura : amargo con base alcohólica que se hace en Trinidad , con una infusión de hierbas y plantas aromáticas, se usa para zasonar cocteles — (Rebista Cromos, 1979) #*: (traduction) Angostura : bitter alcoolisé fabriqué à Trinidad, avec une infusion d'herbes et de plantes aromatiques, On…; Étroiture, rétrécissement d'un passage, d'une gorge; Étroitesse d'esprit; Angoisse
anguila	Anguille; Anguilla (dans les Antilles)
angular	Angulaire
angulema	Angoulême (ville française); Mouchoir de chanvre ou d’étoupe
angus	Angus
angustia	Angoisse; Anxiété
angustiado	Angoisser, affliger, désoler, peiner, contrister
angustioso	Angoissant; Angoissé
angélica	Angélique
angélico	Angélique
anhelar	Briguer
anhelo	Aspiration, ambition
anhídrido	Anhydrite
ani	Ani
anidar	Nicher
anilina	Aniline
anillo	Anneau; Bague
animación	Animation
animador	Animateur, pom-pom girl
animadversión	Antiphatie
animal	Animal
animalista	Animalier
animar	Encourager; Réconforter; Animer
anime	Encourager; Réconforter; Animer
animismo	Animisme
animista	Animiste
animosidad	Animosité
animé	Encourager; Réconforter; Animer
aniquilación	Annihilation
aniquilar	Annihiler, anéantir
aniversario	Anniversaire
anión	Anion
ankara	Ankara
ano	Anus
anoche	Hier soir
anochecer	Tomber (Le jour tombe. La nuit approche.); Tombée du jour, tombée de la nuit
anodino	Anodin, falot
anoeta	Anoeta
anomalía	Anomalie
anomia	Anomie
anonimato	Anonymat
anorexia	Anorexie
anormal	Anormal
anormalidad	Anormalité
anotación	Annotation, note
anotado	Annoter, enregistrer; Noter
anotador	Pointeur, annotateur
anotar	Annoter, enregistrer; Noter
ansia	Angoisse; Anxiété
ansiedad	Angoisse; Anxiété
ansiosamente	Anxieusement
ansioso	Anxieux
anta	Ante
antagonismo	Antagonisme
antagonista	Adversaire, antagoniste
antagónico	Antagonique
antaño	Autrefois, jadis; Antan, l’an passé, l’an dernier, l'année dernière
ante	Avant
anteayer	Avant-hier
antebrazo	Avant-bras
antecedente	Antécédent, précédent
antecesor	Antécesseur
antecámara	Antichambre
antelación	Anticipation
antena	Antenne
anteojeras	Oeillère
anteojos	Lunettes (verres correcteurs)
antepasado	Ancêtre, prédécesseur
antepecho	Balustrade; Rebord d’une fenêtre
antepenúltimo	Antépénultième
anteponer	Antéposer
anteproyecto	Avant-projet
anterior	Précédent
anterioridad	Antériorité
anteriormente	Auparavant, autrefois, devant
antes	Avant
antesala	Antichambre
antiaéreo	Antiaérien
antibalas	Pare-balle, pare-balles
antibiótico	Antibiotique
anticapitalismo	Anticapitalisme
anticapitalista	Anticapitaliste
anticipación	Anticipation
anticipado	Anticiper
anticipar	Anticiper
anticipo	Anticiper
anticlerical	Anticlérical
anticlericalismo	Anticléricalisme
anticoagulante	Anticoagulant
anticomunismo	Anticommuniste
anticomunista	Anticommuniste
anticonceptiva	Anticonceptionnel
anticonceptivo	Anticonceptionnel; Contraceptif
anticongelante	Antigel
anticonstitucional	Anticonstitutionnel
anticorrupción	Anticorruption
anticristo	Antéchrist
anticuado	Désuet, obsolète, suranné
anticuario	Antiquaire; Magasin d'antiquités
anticuerpo	Anticorps
antidemocrático	Antidémocratique
antidepresivo	Antidépresseur
antidisturbios	Antiémeute
antidopaje	Antidopage
antidroga	Antidrogue
antifascismo	Anti-fascisme, antifascisme
antifascista	Antifasciste; Antifasciste
antifaz	Loup
antiglobalización	Antimondialisation
antiguamente	Autrefois
antiguo	Ancien, antique
antigüedad	Antiquité
antihéroe	Antihéros
antiimperialismo	Anti-impérialisme
antiinflamatorio	Anti-inflammatoire; Anti-inflammatoire
antillano	Antillais
antillas	Antilles
antimateria	Antimatière
antimilitarista	Antimilitariste; Antimilitariste
antimonio	Antimoine (l’élément chimique Sb)
antimotines	Antiémeute
antiniebla	Antibrouillard; Antibrouillard
antinuclear	Antinucléaire; Antinucléaire
antioquia	Antioquia
antioquía	Antioche
antioxidante	Antioxydant
antipatía	Antipathie
antipersona	Antipersonnel
antipático	Antipathique
antirracista	Antiraciste
antisemita	Antisémite
antisemitismo	Antisémitisme
antisistema	Antisystème
antisocial	Antisocial
antiséptico	Antiseptique
antitabaco	Antitabac
antiterrorista	Antiterroriste
antitoxina	Antitoxine
antivacunas	Antivax
antiviral	Antiviral; Antiviral
antivirus	Antiviral; Antiviral
antojo	Caprice, forte et soudaine envie
antología	Anthologie
antológico	Anthologique
antonio	Antoine
antonomasia	Antonomase
antorcha	Torche
antracita	Anthracite
antro	Boîte de nuit
antropocentrismo	Anthropocentrisme
antropología	Anthropologie
antropológico	Anthropologique
antropólogo	Anthropologue
antártica	Territoire en Antarctique revendiqué par le Chili; Commune située sur ce territoire
antártico	Antarctique
antártida	Antarctique
antídoto	Antidote
antígeno	Antigène
antílope	Antilope
antítesis	Antithèse
antónimo	Antonyme
anual	Annuel
anualidad	Annuité
anualmente	Annuellement
anuario	Annuaire
anudar	Lier
anulación	Annulation, abrogation
anular	Annulaire; Annuler, supprimer, abroger; Barrer, biffer, rayer, supprimer
anunciación	Annonciation; Prénom féminin
anunciador	Annonciateur
anunciante	Annonceur
anunciar	Annoncer, introduire, publier
anuncio	Annonce
anverso	Envers
anzoátegui	Nom de famille; État du Venezuela, dont la capitale est Barcelona
anzuelo	Hameçon
análisis	Analyse
análogo	Analogue
anárquico	Anarchique
anécdota	Anecdote
anémona	Anémone
anímico	Animique
anís	Anis; Exemple d’utilisation manquant. (Ajouter); Nom vernaculaire de Nothofagus antartica, arbre de la famille des Nothofagacées (Nothofagacea) originaire du sud du Chili et du sud de l’Argentine
anómalo	Anomal
anónimamente	Anonymement
anónimo	Anonyme
aorta	Aorte
apache	Aplatir, écraser; Couvrir la femelle, en parlant des oiseaux domestiques
apacible	Paisible
apaciguamiento	Apaisement
apaciguar	Apaiser, soulager; se calmer
apadrinamiento	Parrainage
apadrinar	Parrainer
apagado	apagado\a.paˈɣa.ðo\masculin
apagar	Éteindre
apagón	Panne de courant
apalear	Bastonner, bâtonner
aparador	Vitrine
aparato	Appareil
aparcamiento	Parking; Action de garer un véhicule
aparcar	Se garer, stationner son véhicule
aparecer	Apparaître
aparejador	Appareilleur
aparejo	Agrès
aparentar	Sembler, avoir l’air, faire semblant, avoir l’apparence de
aparente	Apparent
aparentemente	Apparemment
aparición	Apparition
apariencia	Air, allure, apparence, aspect, spectacle; Air, apparence
apartamento	Appartement
apartar	Mettre à part, séparer; Se séparer, se quitter; Écarter, éloigner, mettre à l’écart; S'éloigner, s’écarter
aparte	À part, séparé; Aparté; Espace, blanc laissé entre deux mots
apartheid	Apartheid
apasionadamente	Passionnément
apasionado	Passionner
apasionante	Passionnant
apatía	Apathie, abattement
apeadero	Pied-à-terre
apedrear	Lapider
apego	Intérêt, attachement
apelación	Appel, voie de recours permettant à une affaire d’être rejugée en seconde instance
apelado	Appeler; Faire appel; Invoquer
apelar	Appeler; Faire appel; Invoquer
apelativo	Appellatif
apellido	Nom de famille
apena	Peiner
apenado	Peiné; Honteux
apenas	Ne … guère, à peine; À peine … que
apendicitis	Appendicite
aperitivo	Apéritif, apéro; Apéritif
apertura	Ouverture; Aperture
apestado	Transmettre la peste; Corrompre, vicier, puer
apestar	Transmettre la peste; Corrompre, vicier, puer
apetecible	Appétible
apetito	Appétit
api	Pomme d’api
apical	Apical
apicultor	Apiculteur
apicultura	Apiculture
apilar	Empiler
apio	Céleri
apisonadora	Rouleau compresseur
aplacar	Adoucir
aplanadora	Rouleau compresseur
aplastante	Écrasant
aplastar	Aplatir, écacher (technique), écraser
aplaudir	Applaudir; Approuver, donner son accord
aplauso	Applaudissement
aplazado	Ajourner, différer, reporter, reculer, renvoyer, retarder, suspendre
aplazar	Ajourner, différer, reporter, reculer, renvoyer, retarder, suspendre
aplicabilidad	Applicabilité
aplicable	Applicable
aplicación	Application
aplicar	Appliquer
aplique	Appliquer
aplomo	Aplomb
apn	ANP
apnea	Apnée
apocalipsis	Apocalypse
apocalíptico	Apocalyptique
apoderado	Fondé de pouvoir
apoderamiento	Prise de pouvoir
apoderar	Prendre le pouvoir, vaincre (fréquemment à la forme pronominale apoderarse, s'emparer); Donner pouvoir à, déléguer
apodo	Surnom, pseudonyme
apogeo	Apogée
apolinar	Apollinaire
apolo	Apollon, Phébus
apologista	Apologiste
apología	Apologie
apolítico	Apolitique
apoplejía	Apoplexie
apoptosis	Apoptose
aportación	Contribution, apport
aportar	Amener, apporter; Faire un apport
aporte	Apport
aposento	Auberge
aposta	Parier
apostador	Parieur
apostar	Parier
apostasía	Apostasie
apostolado	Apostolat
apostólico	Apostolique
apoteosis	Apothéose
apoyar	Appuyer
apoyo	Appui, soutien
apreciable	Sensible, estimable, considérable
apreciación	Appréciation
apreciar	Aimer, apprécier, estimer; Apprécier, estimer, taxer, évaluer; Critiquer, reprendre
aprecio	Aimer, apprécier, estimer; Apprécier, estimer, taxer, évaluer; Critiquer, reprendre
aprehender	Appréhender
aprehensión	Appréhension
apremiante	Prégnant
apremio	Contrainte
aprender	Apprendre
aprendiz	Apprenti
aprendizaje	Apprentissage
aprensión	Appréhension
apresar	Appréhender
apresurado	Se presser, se dépêcher
apresurar	Se presser, se dépêcher
apretado	Serrer, pincer
apretar	Serrer, pincer
apretón	Pression, serrement; Conflit
aprieto	Serrer, pincer
aprisa	Vite, rapidement, avec empressement
aprista	Apriste
aprobación	Approbation, consentement, agrément
aprobar	Approuver; Réussir
aprobatorio	Approbateur
apropiación	Appropriation
apropiado	Approprié
apropiar	Approprier, s’approprier
aprovechable	Profitable
aprovechar	Profiter de, faire bon usage de; Servir, être utile
aprovisionamiento	Fourniture, ravitaillement
aproximación	Approximation
aproximadamente	Approximativement; Environ, à peu près
aproximado	Approximatif
aproximar	Approcher
apt	Apt (ville française)
aptitud	Aptitude
apto	Apte, capable, propice
apuesta	Pari
apuntado	Noter, prendre des notes, recopier; Viser, cibler
apuntador	Pointeur
apuntalar	Étayer
apuntar	Noter, prendre des notes, recopier; Viser, cibler
apunte	Note, commentaire
apurado	Ennuyé, mis en difficulté, acculé, notamment sur le plan financier; Pressé, zélé
apurar	Épuiser; Raffiner, épurer; s'inquiéter, se faire du mauvais sang
apure	Affluent de l’Orénoque; Apure
apuro	Ennui, embarras
apuñalar	Poignarder
apático	Apathique
apátrida	Apatride; Apatride
apéndice	Appendice
apícola	Apicole
apócope	Apocope
apócrifo	Apocryphe
apófisis	Apophyse
apósito	Pansement, bandage
apóstata	Apostat
apóstol	Apôtre
aquel	(Distal) Ce, cet. Il s’utilise pour parler de quelqu'un ou de quelque chose éloigné de la personne qui parle et de la personne qui écoute. En cela il s'oppose à este et ese; (Distal) Celui
aquelarre	Sabbat de sorcières
aquiescencia	Acquiescence
aquiles	Achille
aquilino	Aquilin
aquisgrán	Aix-la-Chapelle
aquitania	Aquitaine, ancienne région française, au sud-ouest du pays
aquél	(Distal) Celui là-bas; Charme
aquí	Ici
ara	Labourer
arabia	Arabie, péninsule du Moyen-Orient
arabista	Arabisante
araceli	Prénom féminin
arada	Labourer
arado	Charrue
aragonés	Aragonais; Aragonais, habitant de l’Aragon
aragua	Rivière du Venezuela; Aragua
aragón	Aragon, affluent de l’Èbre; Aragon, province d'Espagne
arameo	Araméen; Araméen
arancel	Droit de douane; Tarif
aranda	Affluent du Jalón; Comarque de la province de Saragosse, située dans le val de l’Aranda et dont le chef-lieu est Illueca
arandela	Rondelle
aranguren	Aranguren
arar	Labourer
ararat	Ararat
arauca	Arauca, affluent de l’Orénoque; Arauca, ville colombienne
araucano	Araucan; Liqueur chilienne à base d’herbes
araucanía	Araucanie
araucaria	Araucaria
araña	Araignée
arañar	Gratter; Griffer
arañazo	Griffure, éraflure, écorchure
arbitraje	Arbitrage
arbitral	Arbitral
arbitrar	Arbitrer
arbitrariamente	Arbitrairement
arbitrariedad	Arbitraire
arbitrario	Arbitraire
arbitrio	Libre arbitre, capacité de juger; Autorité, pouvoir arbitraire
arboleda	Bosquet
arbolito	Bookmakeur clandestin; Changeur clandestin de devises
arbusto	Arbuste; Buisson, arbrisseau
arbóreo	Arboricole
arca	Caisse; Arche
arcabuz	Arquebuse; Arquebusier
arcada	Arcade
arcadia	Arcadie, région de la Grèce
arcadio	Arcadien
arcaico	Archaïque; Archéen
arcano	Arcane, secret, mystère; Arcane, secret, mystère
arcaísmo	Archaïsme
arce	Érable; Arce, en Navarre; District de la commune de Miranda de Ebro; District de la commune de Piélagos
arcediano	Arcediano; Archidiacre
archicofradía	Archiconfrérie
archidiócesis	Archidiocèse
archiduque	Archiduc
archipiélago	Archipel
archivador	Fichier
archivar	Archiver
archivero	Archiviste
archivista	Archiviste
archivo	Archives
arcila	Assilah, ville du nord-ouest du Maroc
arcilla	Argile
arcilloso	Argileux
arciprestazgo	Archiprêtré
arcipreste	Archiprêtre
arco	Arc; Archet
arcoíris	Arc-en-ciel
arcángel	Archange; Arkhangelsk
arcén	Bas-côté d’une route
arcón	Coffre pour le rangement des effets personnels; Caisson; Châsse.]
ardenas	Ardennes (département français)
arder	Brûler
ardid	Artifice, ruse
ardiente	Brûlant, ardent
ardientemente	Ardemment
ardilla	Écureuil
ardor	Ardeur, passion; Ferveur, zèle
arduamente	Ardûment
arduo	Ardu
arecibo	Ville de Porto Rico; Nom du radiotélescope implanté sur ce site
arellano	Arellano; Nom de famille
arena	Sable
arenal	Sablon; Affluent du Tiétar
arenero	Marchand de sable
arenga	Harangue; Alose-écaille fluviale, poisson d’eau douce argenté de la famille des Pristigasteridae, natif d’Amérique du Sud, dont le nom scientifique est Pellona flavipinnis
arengar	Haranguer
arenisca	Grès (roche clastique)
arenoso	Sablonneux; Affluent du Guadalquivir
arenque	Hareng (poisson)
areola	Aréole
arepa	Galette de maïs
ares	Labourer
arete	Boucle d’oreille
arga	Arga
argamasa	Mortier
argel	Alger (capitale de l'Algérie)
argelia	Algérie
argelino	Qui a un rapport avec l’Algérie ou ses habitants : algérien; Qui a un rapport avec la ville d’Alger ou ses habitants : algérois; Un habitant d’Algérie : un Algérien; Un habitant de la ville d’Alger : un Algérois
argentina	Argentine, pays d’Amérique latine; Argentine, femme de nationalité argentine, originaire d’Argentine
argentinidad	Argentinité
argentino	Argentin
argento	Argent
argentos	Argent
argolla	Gros anneau métallique. Piton à visser. Anneau d'amarrage; Anneau pour les doigts, les oreilles, etc, alliance argolla de matrimonio, fin bracelet; Homme efféminé et/ou homosexuel; Ancienne humiliation où un prisonnier était attaché, à la vue de tous, à un anneau scellé dans un mur
argot	Argot
argucia	Argutie
arguedas	Arguedas
argumentación	Argumentation
argumentar	Argumenter
argumento	Argument; Intrigue
argón	Argon (l’élément chimique Ar); Argon sous forme gazeuse
ariana	Arien; Aryen; ariano\aˈɾja.no\
arias	Aryen
aridez	Aridité
ariel	Ariel, satellite d’Uranus
aries	Bélier, en tant que constellation; Bélier, en tant que signe du zodiaque
ariete	Bélier
ario	Aryen
arisco	Maussade, asocial, intraitable
arista	Arête; Épine
aristocracia	Aristocratie
aristocrático	Aristocratique
aristotélico	Aristotélique
aristócrata	Aristocrate, membre de l’aristocratie
aristófanes	Aristophane (poète grec)
aristóteles	Aristote
aritmético	Arithmétique
arizona	Arizona
arlanza	Affluent du Pisuerga
arlequín	Arlequin; Coulisse
arlés	Arles (ville de France)
arma	Arme
armada	Armée de mer, marine, flotte navale
armadillo	Tatou
armado	Bander, raidir, remonter, serrer, tendre; Armer
armador	Armateur
armadura	Armature; Armure
armagedón	Armageddon
armamento	Armement, arsenal
armando	Bander, raidir, remonter, serrer, tendre; Armer
armar	Bander, raidir, remonter, serrer, tendre; Armer
armario	Armoire
armatoste	Objet inutile et encombrant; Armature
armazón	Armature; Armement, action d’armer
armenia	Arménie (pays du Caucase); Arménienne, habitante de l’Arménie
armenio	Arménien; Arménien, habitant de l’Arménie; Arménien, langue parlée en Arménie
armenteros	Armenteros
armero	Armurier; Armoire pour ranger les armes; Vendeur d’armes
armería	Armerie, armurerie; Armoiries
armisticio	Armistice
armiño	Hermine
armonio	Harmonium
armonioso	Harmonieux
armonizar	Harmoniser
armonía	Harmonie
armónica	Harmonica
armónico	Harmonique; Guitare à sept cordes inventée par le musicien cubain Compay Segundo
arn	ARN
arnoldo	Prénom masculin, correspondant à Arnold
arnulfo	Prénom masculin
arnés	Harnais
aro	Cerceau; Anneau
arocena	Nom de famille basque
aroche	Aroche
aroma	Arôme
aromaterapia	Aromathérapie
aromático	Aromatique
arpa	Harpe; Carne, roncin, cheval affaibli et en mauvais état de santé
arpista	Harpiste
arpía	Harpie
arpón	Harpon
arqueado	Courber, arquer
arqueo	Courber, arquer
arqueología	Archéologie
arqueológico	Archéologique
arquero	Archer; Caissier, hôte de caisse; Gardien de but
arquería	Archerie
arqueta	Caisson; Châsse pour les reliques, reliquaire
arquetipo	Archétype
arquetípico	Archétypique
arqueólogo	Archéologue
arquidiócesis	Archevêché, archidiocèse
arquitecto	Architecte
arquitectura	Architecture
arquitectónico	Architectural
arrabal	Faubourg, banlieue, quartier situé dans les zones excentrées d’une ville
arraigar	Raciner, produire des racines; S’enraciner, prendre racine, devenir ferme, immobile
arrancada	Arracher, ôter du sol; Déchirer, retirer; Retrancher, ôter; Démarrer
arrancar	Arracher, ôter du sol; Déchirer, retirer; Retrancher, ôter; Démarrer
arranque	Arracher, ôter du sol; Déchirer, retirer; Retrancher, ôter; Démarrer
arras	Arrhes
arrasar	Aplanir, lisser; Raser (la barbe); Démolir, mettre à terre
arrastrado	Traîner
arrastrar	Traîner
arrastre	Traîner
arrayán	Myrte; Nerprun; Fragon faux houx, petit-houx (Ruscus aculeatus); Buis commun (Buxus sempervirens); Nom donné en Amérique du Sud au myrte à écorce orange (Luma apiculata)
arre	Arre, dans le Pays basque; Haro, cri pour stimuler les bêtes
arrear	Inciter, stimuler; Arranger; Se presser, se dépêcher
arrebatar	Arracher
arrecife	Écueil
arreglar	Refaire, remédier, restaurer, réparer; Arranger, disposer, accommoder
arreglo	Refaire, remédier, restaurer, réparer; Arranger, disposer, accommoder
arreglárselas	Se débrouiller
arregui	Nom de famille basque
arremeter	S'élancer
arrendador	Loueur, personne qui prête un bien en location
arrendamiento	Fermage, bail
arrendar	Affermer, louer; Poser les rênes
arrendatario	Qui prend en fermage
arreo	Action de mener un troupeau; Arrangement
arrepentir	(Utilisé uniquement dans arrepentirse) Repentir
arrepentirse	Se repentir
arrestar	Arrêter dans le sens de mettre en prison
arresto	Arrestation, détention
arria	Abaisser un drapeau; Inonder; \aˈrjaɾ\1ᵉʳ groupe (voir la conjugaison); Carguer les voiles
arriano	Arien, relatif à l’arianisme; Arien, tenant de l’arianisme
arriar	Abaisser un drapeau; Inonder; \aˈrjaɾ\1ᵉʳ groupe (voir la conjugaison); Carguer les voiles
arriba	Au-dessus; En haut; Ci-dessus; Courage; Vive (suivi d’un nom)
arribar	Accoster, aborder; Arriver
arribismo	Arrivisme
arribista	Arriviste
arribo	Arrivée
arriendo	Fermage, bail
arriero	Muletier
arriesgado	Périlleux
arriesgar	Risquer
arrieta	Arrieta
arrimar	Arrimer
arrimo	Arrimer
arrinconar	Acculer, coincer, traquer
arrio	Arius
arritmia	Arythmie
arroba	Arrobe, ancienne unité de masse (entre 11,502 kg et 12,5 kg selon les régions) ou de volume (correspondant à cette masse); Arrobe, symbole @
arrocera	Rizeuse
arrodillar	Agenouiller
arrogancia	Arrogance
arrogante	Arrogant
arrojar	Lancer, jeter, balancer; Émettre; Projeter
arroje	Lancer, jeter, balancer; Émettre; Projeter
arrojo	Fougue, audace, témérité
arrollar	Rouler, enrouler; Écraser; Vaincre
arropar	Habiller, draper
arrope	Habiller, draper
arroyo	Ruisseau; Ruisseau, ornière; Caniveau; Grande quantité de quelque chose ayant la forme liquide
arroyomolinos	Arroyomolinos
arroz	Riz (plante); Riz (grain); Riz (met à base de riz)
arrozal	Rizière
arruga	Ride
arrugado	Rider, froisser, plisser
arrugar	Rider, froisser, plisser
arruinado	Ruiner
arruinar	Ruiner
arrullo	Roucoulement
arsenal	Arsenal
arsenio	Arsène
arsénico	Arsenic (l’élément chimique As)
arte	Art
arteaga	Nom de famille
artefacto	Artéfact, machine
artemisa	Armoise
artemisia	Armoise
arteria	Artère
arterial	Artériel
arteriosclerosis	Artériosclérose
artero	Roublard
artes	Art
artesa	Pétrin
artesanal	Artisanal
artesano	Artisan
artesanía	Artisanat
artesonado	Plafond à caissons; Plafond à caissons
arteta	Nom de famille
articulación	Articulation
articular	Articulaire; Articuler
articulista	Chroniqueur
artificial	Artificiel
artificialmente	Artificiellement
artificio	Artifice, ruse, stratagème
artigas	Nom de famille; Artigas, en Uruguay
artillero	Artilleur
artillería	Artillerie
artilugio	Machine, engin; Mécanique, utilisé pour exprimer la complexité; Ruse, machination; Outil
artimaña	Ruse, subterfuge
artista	Artiste
artritis	Arthrite
artrosis	Arthrose
arturo	Arcturus; Prénom masculin, correspondant à Arthur; Nom donné au billet chilien de 10.000 pesos, car il est à l'effigie d’Arturo Prat
artículo	Article
artífice	Artiste
artísticamente	Artistiquement
artístico	Artistique
aruba	Île d’Aruba; État d’Aruba
arveja	Pois (plante); Petit pois (graine)
arzobispado	Archevêché, archiépiscopat
arzobispal	Archiépiscopal
arzobispo	Archevêque
arábigo	Arabique, arabe
arácnido	Arachnéen; Arachnide
arán	Prunelier; Prunelle; Aran, val d’Aran
arándano	Airelle, myrtille; Canneberge; Bleuet; Myrtille
arévalo	Arévalo; Nom de famille
as	as (aux cartes)
asa	Anse, poignée
asado	Grillade, viande grillée au barbecue
asador	Rôtisseur; Barbecue, rôtissoire; Brochette
asalariado	Salarié
asaltante	Assaillant
asaltar	Assaillir, attaquer, Donner l'assaut à
asalto	Assaut
asamblea	Assemblée
asar	Cuire au four
asbesto	Amiante, asbeste, fibre de silicate de magnésium
ascalón	Ascalon
ascendencia	Ascendance
ascendente	Ascendant
ascender	Monter
ascendiente	Ascendant, aïeul, ancêtre; Ascendant, autorité morale
ascensión	Ascension (île); Ascension (fête); Ascension
ascenso	Avancement, empressement, accélération, , précipitation, encouragement
ascensor	Ascenseur; Monte-charges
asceta	Ascète
ascetismo	Ascétisme, ascèse
ascii	ASCII
ascitis	Ascite
asco	Nausée; Dégout
ascua	Braise, matière incandescente; Pépite
ascético	Ascétique
ascórbico	Ascorbique
ase	Cuire au four
aseado	Nettoyer, faire propre
asediar	Assiéger
asedio	Siège
asegurador	Assureur
aseguradora	Assureuse
asegurar	Assurer, certifier, garantir; Affirmer, assurer
asensio	Prénom masculin
asentado	Asseoir
asentamiento	Installation
asentar	Asseoir
asentimiento	Assentiment
asentir	Acquiescer, donner son assentiment
aseo	Propreté, hygiène; Toilette
asepsia	Asepsie
asequible	Atteignable, accessible
aserradero	Scierie
aserrado	Scier
aserrín	Sciure
asertividad	Assertivité
asertivo	Assertif, affirmatif
asesinar	Assassiner
asesinato	Assassinat, meurtre prémédité
asesino	Assassin
asesor	Conseiller, consultant
asesorar	Conseiller; Prendre conseil, consulter
asestar	Asséner
asexual	Asexuel, asexuæl; Asexuel, asexuelle
asfaltado	Asphalter
asfaltar	Asphalter
asfalto	Asphalte
asfixia	Asphyxie
asfixiante	Asphyxiant
asfixiar	Asphyxier, suffoquer, étouffer
ashanti	Ashanti
asia	Asie (continent)
asidero	Ce qui sert à saisir, anse, manche
asiduamente	Assidument
asiduidad	Assiduité
asiduo	Assidu, appliqué, laborieux
asiento	Siège, meuble pour s’asseoir; Siège, place dans un véhicule, dans une salle de spectacle; Asiento, traité de paix; Assise, stabilité, base, permanence
asignación	Affectation, allocation
asignar	Assigner
asignatura	Matière étudiée
asilo	Asile, refuge, abri
asimetría	Asymétrie
asimilable	Assimilable
asimilación	Assimilation
asimilar	Assimiler
asimismo	Aussi, également
asimétrico	Asymétrique
asintomático	Asymptomatique
asir	Saisir, agripper
asiria	Assyrie
asirio	Assyrien
asistencia	Aide, assistance
asistente	Aidant, qui assiste; Assistant, adjoint
asistir	Assister (dans les deux sens d’être présent ou d’aider)
asiático	Asiatique, asiate; Asiatique, Asiate
asma	Asthme
asmr	ASMR
asmático	Asthmatique; Asthmatique, personne souffrant d’asthme
asno	âne
asociacionismo	Associationisme
asociación	Association
asocial	Asocial, associable, associal
asociar	Associer
asociativo	Associatif
asomar	Surgir, survenir; se montrer
asombrado	Étonner; Assombrir, faire de l’ombre
asombrar	Étonner; Assombrir, faire de l’ombre
asombro	Surprise, étonnement, stupéfaction
asombroso	Étonnant, surprenant
asomo	Surgir, survenir; se montrer
asonada	Assoner
aspa	Aspa; Croix de saint André, toute objet en forme de X; Deux madriers disposés diagonalement en croix; Ailes du moulin à vent; Sautoir; Dévidoir pour embobiner les écheveaux
aspecto	Aspect, air, allure, apparence, spectacle; Vue
aspereza	Âpreté, aspérité
asperger	Asperger
aspersión	Aspersion
aspiración	Aspiration, souhait
aspirado	Aspirer; Inspirer; Pomper
aspirador	Aspirateur
aspiradora	Aspirateur
aspirante	Aspirant; Aspirant
aspirar	Aspirer; Inspirer; Pomper
aspirina	Aspirine
asqueado	Écœurer, dégoûter
asqueroso	Dégoûtant, répugnant
asta	Hampe; Manche; Corne
astaná	Astana, ville et capitale du Kazakhstan
astenia	Asthénie
asterisco	Astérisque
asterix	Astérix
asteroide	Astéroïde
astigmatismo	Astigmatisme
astilla	Écharde; Argent
astillero	Chantier naval, lieu où se construisent ou se réparent les navires; Dépôts de bois; Râtelier, endroit où se rangent les armes; Cale, fond du bateau; Personne qui faisait les peignes pour les métiers à tisser
astor	Astor
astorga	Astorga
astracán	Astrakan
astral	Astral
astringente	Astringent
astro	Astre, étoile
astrofísica	Astrophysique
astrolabio	Astrolabe
astrología	Astrologie
astrológico	Astrologique
astronauta	Astronaute
astronomía	Astronomie
astronáutica	Astronautique
astronómico	Astronomique
astrólogo	Astrologue
astrónomo	Astronome
astucia	Astuce
astur	Asturien
asturiano	Asturien
asturias	Asturies
astutamente	Astucieusement
astuto	Astucieux
astérix	Astérix (héros de bande dessinée.)
asueto	Congé
asumir	Assumer; Supposer
asunción	Asunción (capitale du Paraguay); Ascension, ascension au ciel de la Vierge Marie; Prénom féminin; Assomption; Fait d’assumer quelque chose
asunto	Affaire, question, problème
asustado	Effrayé, qui subit une frayeur, une vive et soudaine peur survenue en raison d’un événement inattendu
asustar	Effrayer
asá	Cuire au four
aséptico	Aseptique
así	Ainsi, comme cela, de cette manière; Ainsi, par exemple; Similaire; Introduit un souhait
asís	Assise
asón	Asón
atacama	Atacama
atacante	Attaquant
atacar	Attaquer, assaillir, agresser
atado	Attacher, nouer, relier
atadura	Attache; Attachement
atajada	Couper, prendre un raccourci
atajar	Couper, prendre un raccourci
atajo	Raccourci
atalaya	Atalaya; Tour de guet; Hauteur d’où on a une vue dégagée; Hauteur de vue
atanasio	Athanase
ataque	Attaque, assaut, accès
atar	Attacher, nouer, relier
atardecer	tombée du jour
atasco	Embouteillage, bouchon de la circulation; Engorgement, obstruction; Embourbement, enlisement
ataxia	Ataxie
ataúd	Cercueil
atemorizar	Effrayer, faire peur
atemporal	Atemporel
atenas	Athènes, capitale de la Grèce
atencional	Attentionnel
atención	Attention
atender	S’occuper (de), prendre soin de, entretenir
ateneo	Athénée
ateniense	Qui a un rapport avec la ville d’Athènes ou avec ses habitants : athénien, athénienne
atentado	Attentat
atentamente	Attentivement, plein d’une attention prévenante; Cordialement (formule de courtoisie utilisée à la fin d’une communication)
atentar	Attenter
atentatorio	Attentatoire
atento	Attentif; Attentionné
atenuación	Atténuation
atenuar	Atténuer
ateo	Athée
aterciopelado	Velouté
aterosclerosis	Athérosclérose
aterrador	Redoutable, terrifiant
aterrizaje	Atterrissage
aterrizar	Atterrir, s'abattre; Aborder
aterrorizar	Terroriser
atesorar	Thésauriser, accumuler des trésors, des choses de valeur; Priser, chérir comme un trésor
atestado	Attester; Faire foi de; Témoigner de
atestiguar	Témoigner, attester, démontrer
ateísmo	Athéisme
ath	Ath (ville de Belgique)
atiborrado	Bourrer, fourrer
atienza	Atienza
atila	Attila (roi des Huns)
atinado	Trouver à tâtons; Faire mouche, taper dans le mille
atinar	Trouver à tâtons; Faire mouche, taper dans le mille
atisbar	Épier; Entrevoir
atisbo	Épier; Entrevoir
atizar	Attiser
atlante	Atlante
atlas	Atlas (livre); Atlas, satellite de Saturne
atleta	Athlète
atletismo	Athlétisme
atlántico	Atlantique
atlántida	Atlantide
atlético	Athlétique
atmosfera	Ambiance, atmosphère
atmosférico	Atmosphérique
atmósfera	Atmosphère; Ambiance
atole	Atole
atolladero	Bourbier, guêpier
atolondrado	Confondre, surprendre, étourdir
atolón	atoll
atomización	Atomisation
atormentar	Tourmenter
atornillar	Visser
atracar	Attaquer, agresser
atracción	Attraction
atraco	Attaque, braquage, hold-up
atractivo	Attirant, attrayant, charmant; Chez une personne, charme, attrait, ce qui attire, qui plaît, qui séduit
atracón	Goinfrerie
atraer	Attirer, attraire; Attirer, solliciter, appâter; Ravir, allécher
atrapada	Attraper, capturer, saisir; Piéger
atrapado	Attraper, capturer, saisir; Piéger
atrapar	Attraper, capturer, saisir; Piéger
atrapasueños	Attrape-rêve, attrape-rêves
atraque	Attaquer, agresser
atrasado	Retardé, mis en retard, qui retarde, archaïque, sous-développé
atrasar	Retarder
atraso	Retard
atravesar	Traverser, parcourir, surmonter, abattre
atrayente	Attrayant, attirant
atrever	Oser, être audacieux
atrevido	Audacieux
atrevimiento	Audace, effronterie
atribución	Attribution
atribuible	Attribuable
atribuir	Attribuer
atributo	Attribut, ce qui est propre et particulier à un être, à quelqu’un ou à quelque chose; langues artificielles Attribut, ce qui sert à caractériser une figure mythologique ou allégorique; Attribut; Attribut, informations qui décrivent les restrictions associées aux fichiers
atril	Lutrin
atrincherado	Se retrancher, fortifier par des tranchées
atrio	Atrium, aître
atrocidad	Atrocité
atrofia	Atrophie
atropellado	Passer par dessus avec violence; Pousser violemment; Un véhicule, renverser, écraser; Choquer, brusquer, brutaliser, heurter, outrager
atropellar	Passer par dessus avec violence; Pousser violemment; Un véhicule, renverser, écraser; Choquer, brusquer, brutaliser, heurter, outrager
atropello	Passer par dessus avec violence; Pousser violemment; Un véhicule, renverser, écraser; Choquer, brusquer, brutaliser, heurter, outrager
atropina	Atropine
atroz	Atroce
atrás	Arrière
attila	Attila (roi des Huns)
atuendo	Tenue
aturdimiento	Étourdissement
aturdir	Étourdir
atípico	Atypique
atómico	Atomique
atónito	Ébahi, stupéfait, pantois
atún	Thon
audacia	Audace
audaz	Audacieux
audazmente	Audacieusement
aude	Aude (département français)
audible	Audible
audición	Audition, action d'entendre; Audition, mode de sélection des artistes
audiencia	Audience
audiolibro	Livre audio, audiolivre
audiovisual	Audiovisuel; Audiovisuel
auditar	Éplucher, auditer
auditivo	Auditif
auditor	Personne chargée d'un audit
auditorio	Auditorium; Auditoire
auditoría	Auditorat
audífono	Audiophone, audioprothèse
auge	Apogée, zénith
augurar	Augurer
augurio	Augure
aula	Salle de classe, amphithéâtre
aullar	Hurler; Ululer
aullido	Hurlement
aumentar	Augmenter; Multiplier
aumento	Augmentation
aun	Même; Jusqu’à
aunar	Unir, joindre, unifier
aunque	Bien que; Même si
aura	Brise, vent léger; Aura
aureliano	Aurélien
aurelio	Prénom masculin espagnol
aureola	Auréole
auricular	Auriculaire; Combiné de téléphone; Écouteur, appareil pour écouter
auriga	Constellation du Cocher
aurora	Aurore
aurícula	Auricule
auscultación	Auscultation; Auscultation, réalisation de mesures pour ausculter le comportement d’un ouvrage de génie civil
ausencia	Absence
ausente	Absent
ausentismo	Absentéisme
auspicio	Auspice
auspicios	Auspice
auspicioso	Auspicieux
austeridad	Austérité
austero	Austère, sévère
austral	Austral, méridional, relatif au sud
australia	Australie, île et continent du Pacifique; Australie, pays occupant cette île
australiano	Australien; Australien, en rapport avec l’Australie
austria	Autriche
austriaco	Autrichien, relatif à l’Autriche; Autrichien, habitant de l’Autriche
austrohúngaro	Austro-hongrois
austríaco	Autrichien
autarquía	Autarcie
autenticación	Authentification
autenticar	Authentifier
autenticidad	Authenticité
autentificación	Authentification
autismo	Autisme
autista	Autiste
auto	Arrêt, arrêté, jugement; Auto, voiture; Drame religieux (XVIᵉ et XVIIᵉ siècles)
autoaprendizaje	Autoapprentissage
autobiografía	Autobiographie
autobiográfico	Autobiographique
autobús	Autobus
autocar	Autocar
autocaravana	Camping-car
autocensura	Autocensure
autocine	Drive-in
autoclave	Autoclave
autocomplacencia	Autocomplaisance
autocontrol	Autocontrôle
autocracia	Autocratie
autocrático	Autocratique
autocrítica	Autocritique
autocrítico	Autocritique
autodefensa	Autodéfense
autodenominado	autodénommé
autodestrucción	Autodestruction
autodestruirse	S’auto-détruire
autodeterminación	Autodétermination
autoedición	Autoédition
autoempleo	Autoentrepreneuriat
autoescuela	Autoécole
autoestima	Amour-propre, estime de soi
autoestopista	Autostoppeur
autogestión	Autogestion
autogobierno	Autogouvernance, self-government
autogol	But contre son camp
autoinmune	Auto-immun, auto-immune
automatismo	Automatisme
automatización	Automatisation
automatizar	Automatiser
automoción	Faculté de se déplacer par soi-même
automotor	Automotrice; Automoteur
automovilismo	Automobilisme
automovilista	Automobiliste
automovilístico	Automobilistique
automáticamente	Automatiquement
automático	Automatique; Automate; Disjoncteur
automóvil	Automobile
autonomismo	Autonomisme
autonomista	Autonomiste
autonomía	Autonomie
autopista	Autoroute
autopsia	Autopsie
autor	Auteur
autora	Autrice, celle qui est à l’origine; Autrice
autoridad	Autorité
autoritario	Autoritaire
autoritarismo	Autoritarisme
autorización	Licence; Autorisation
autorizar	Autoriser
autorregulación	Autorégulation
autorretrato	Autoportrait
autoría	Droit d’auteur, paternité ou maternité d’une œuvre, auctorialité
autoservicio	Libre-service
autostop	Autostop
autosuficiencia	Autosuffisance
autosuficiente	Autosuffisant
autovía	Autoroute; Automotrice
autárquico	Autarcique
auténtico	Authentique
autócrata	Autocrate
autóctono	Autochtone
autódromo	Autodrome
autógrafo	Autographe
autómata	Automate
autónomo	Autonome
auvernia	Auvergne
auxiliar	Auxiliaire; Aider, assister, secourir
auxilio	Aide, secours; Au secours
aval	Aval
avalancha	Avalanche
avalar	Avaliser, cautionner
avance	Avancer; Dépasser; Oser, risquer, aventurer; Continuer, maintenir, reconduire
avante	En avant
avanzado	Avancer; Dépasser; Oser, risquer, aventurer; Continuer, maintenir, reconduire
avanzar	Avancer; Dépasser; Oser, risquer, aventurer; Continuer, maintenir, reconduire
avaricia	Avarice
avaricioso	Avaricieux, avare
avaro	Avare, avaricieux
avasallamiento	Asservissement
avasallar	Asservir, vassaliser
avatar	Avatar
ave	Oiseau; Volaille
avellana	Noisette
avellaneda	Avellaneda; Lieu planté de noisetiers
avellano	Noisetier
avenida	Avenue; Crue
aventajado	Avantager
aventar	Vanner
aventura	Aventure
aventurar	Aventurer
aventurero	Aventurier
aventón	Auto-stop
avergonzar	Faire honte
averiguar	S’informer, arriver à comprendre, établir, rechercher, chercher à savoir, découvrir
averroes	Averroès
aversión	Aversion
avería	Volière; Avarie
avestruz	Autruche
avezado	Accoutumé, habitué,expérimenté, connaisseur d'une question ou d'une situation particulière
avia	Affluent du Minho
aviación	Aviation
aviador	Aviateur, pilote
aviar	Aviaire; Préparer
avicena	Avicenne
avicultura	Aviculture
avidez	Avidité
avifauna	Avifaune
avilés	D’Ávila; Habitant d’Ávila
avioneta	Avionnette
avisar	Prévenir, avertir
aviso	Recommandation, avis; Aviso
avispa	Guêpe
avispero	Nid de guêpes, guêpier; Nid d’abeille, motif décoratif
avispón	Frelon
avistamiento	Action de voir ou de se voir
avistar	Apercevoir, voir
avivamiento	Avivement
avivar	Aviver
aviñón	Avignon (ville de France)
avión	Avion, aéroplane; Hirondelle; Aéronef; Avión
avocado	Avocat, fruit de l’avocatier
avícola	Avicole
aweonao	Con, abruti
axial	Axial
axila	Aisselle
axioma	Axiome
axis	Axis
ay	Hélas, malheur (cri de lamentation, de peine, de regret, etc.); Expression de toute vive émotion; Cri de lamentation, de regret, de tristesse
ayahuasca	Liane de l’espèce Banisteriopsis caapi; Ayahuasca, boisson tirée de cette liane
ayala	Ayala
ayatolá	Ayatollah
ayer	Hier
ayllón	Ayllón
aymara	Aymara (langue)
ayo	Précepteur, gouvernante
aysén	Région quasi désertique du sud du Chili, dont la capitale administrative est Coyhaique (ou Coihaique); Province faisant partie de la précédente région dont la capitale administrative est Puerto Aysén; Commune faisant partie de la précédente province et dont la ville principale est Puerto Aysén; Rivière de 170 km de long et traversant la région citée au dessus; Fjord de 70 km de long sur les rives duquel se trouvent les villes de Puerto Aysén et de Puerto Chacabuco
ayuda	Aide
ayudante	Aidant, assistant; Adjudant
ayudar	Aider, assister, secourir
ayunar	Jeûner
ayuno	À jeun; Jeûne
ayuntamiento	Municipalité, conseil municipal; Hôtel de ville, mairie
ayurveda	Ayurvéda
azabache	Jais (variété de lignite); Mésange noire
azada	Houe
azafata	Dame d’atour, servante de la reine, qui amenait les bijoux et les vêtements à la reine ou bien les récupérait; Hôtesse de l’air, jeune femme chargée d'accueillir les passagers d'un avion; Hôtesse, employée chargée d'accueillir le public pour des occasions diverses
azafrán	Safran; Couleur safran
azagra	Azagra
azahar	Fleur d’oranger; Fleur de citronnier
azalea	Azalée
azar	Hasard
azaroso	Hasardeux
azcárate	Nom de famille espagnol
azerbaiyano	Azerbaïdjanais; Azerbaïdjanais, habitant de l’Azerbaïdjan; Azerbaïdjanais, langue parlée en Azerbaïdjan
azerbaiyán	Azerbaïdjan, pays du Caucase
azerí	Azerbaïdjanais; Azerbaïdjanais
azimut	Azimut
aznar	Prénom masculin; Nom de famille
azogue	Mercure; Place de marché d’un village; Assogue, navire servant autrefois au transport du mercure de l’Espagne vers l’Amérique
azor	Autour
azores	Açores
azotado	Fouetter, flageller
azotar	Fouetter, flageller
azote	Fouet
azotea	Terrasse
azpeitia	Azpeitia
azteca	Aztèque (en rapport avec les Aztèques); Aztèque (personne aztèque)
azucarera	Usine de sucre, sucrerie; Bol de sucre
azucarero	Sucrier; Sucrier
azucena	Lis; Martagon
azuela	Herminette, aissette
azufre	Soufre (l’élément chimique S)
azul	Bleu; Bleu (la couleur); Bleu du ciel, azur, pour désigner les cieux
azulado	Bleuâtre
azulejo	Azulejo, carreau de faïence utilisé souvent en panneau mural; Merlebleu; Rollier, Rollier d’Europe
azulgrana	Blaugrana
azur	Azur
azúcar	Sucre; Sucre, glucide
aéreo	Aérien
añada	Ajouter quelque chose à autre chose, accroître; Augmenter, grossir
añadido	Ajouté, additionné
añadidura	Ajout, supplément, chose qui s'ajoute à autre chose, se dit souvent pour un supplément que donne un vendeur après avoir pesé; Allonge d'un vêtement
añadir	Ajouter quelque chose à autre chose, accroître; Augmenter, grossir
añejo	D’un an ou plus; Relatif à Añe; Vieux, âgé, antique; Habitant d’Añe
añicos	Miettes
añil	Indigo (de couleur indigo); Indigo, indigotier; Indigo (matière colorante servant de teinture)
año	Année, an
añoranza	Regret, nostalgie, manque
añorar	Avoir, éprouver de la nostalgie, se souvenir avec nostalgie, regretter; Manquer
aórtico	Aortique
aún	Encore, toujours (continuité)
b	B
baba	Bave, salive; Caïman de petite taille (1 à 2 mètres)
babear	Baver
babel	Chaos, confusion extrême
babeo	Baver
babero	Bavoir
babia	Comarque de la province de Léon
babilonia	Babylonie; Babylone
babilónico	Babylonien; Babylonien
bable	Bable
babor	Bâbord
babosa	Limace
baboso	Baveux
babá	Baba au rhum
baca	Galerie
bacalao	Cabillaud, morue; Lieu noir (poisson de nom scientifique Polliachus virens)
bacanal	Bacchanale
bacardí	Bacardi
bachaquero	Revendeur
bachata	Bachata
bache	Bosse, nid de poule, fondrière, creux; Trou d’air; Trou, absence momentanée des sens
bachiller	Bachelier
bachillerato	Baccalauréat
bacilo	Bacille
bacteria	Bactérie
bacterial	Bactérien
bacteriano	Bactérien
bactericida	Bactéricide
bacteriología	Bactériologie
bacán	Souteneur; Souteneur; Souteneur
bada	Rhinocéros
badajoz	Badajoz
baden	Cassis
baena	Baena
baeza	Baeza; Nom de famille
bagaje	Bagage
bagatela	Bagatelle, babiole
bagdad	Bagdad
bagre	Chevesne, poisson d’eau douce très fréquent en Europe, dont le nom scientifique est Squalius cephalus; Poissons de la famille des siluriformes (poisson-chat); Femme considérée comme laide
baguette	Baguette
bah	Bof
bahamas	Bahamas (pays)
bahréin	Bahreïn (pays)
baht	Baht, la monnaie de Thaïlande
bahía	Baie, petit golfe marin
bailable	Dansable
bailador	Danseur
bailar	Danser
bailarina	Ballerine, danseuse
bailarín	Danseur
baile	Danse; Bal
bailén	Bailén
bajada	Descente
bajamar	Marée basse
bajar	Descendre
bajeza	Bassesse, turpitude
bajista	Bassiste
bajo	Sous, dessous; Bas; Petit (personne); Grave (son); Doucement; Rez-de-chaussée; Ourlet; Guitare basse, basse
bajorrelieve	Bas-relief
bajá	Descendre
bajío	Bas, situé en bas; Terrain marécageux ou inondable; Hautfond
bajón	Basson
bakú	Bakou
bala	Balle de fusil, projectile; Balle, gerbe de végétaux liés entre eux
balacera	Fusillade
balada	Ballade
baladí	Commun, quelconque
balaguer	Balaguer; Nom de famille
balance	Bilan, balancement
balanceado	Balancer, faire un mouvement de balancement; Balancer, équilibrer; Balancer, hésiter
balancear	Balancer, faire un mouvement de balancement; Balancer, équilibrer; Balancer, hésiter
balanceo	Balancement
balancín	Balancier, palonnier; Culbuteur; Balancine
balandra	Bélandre
balanza	Balance; Balance (signe astrologique); Jugement, action de balancer dans son esprit
balasto	Ballast
balaustrada	Balustrade
balazo	Coup de feu; Blessure ou dégât causés par un coup de feu
balboa	Balboa; District de Badajoz
balbucear	Balbutier, babiller
balbuceo	Balbutiement
balcanes	Balkans
balcánico	Balkanique
balcón	Balcon
balda	Étagère; Bagatelle, chose de peu de valeur; Calle pour coincer une porte
balde	Seau; Vainement
baldomero	Prénom masculin
baldosa	Carrelage, carreau
baldío	Inculte, non cultivé, en parlant d’un terrain; Communal, commun, en parlant d’un terrain; Vain, sans motif
balear	Baléare; Baléare
baleares	Baléares
balenciaga	Balenciaga
bali	Bali, île d’Indonésie
baliza	Balise
ballena	Baleine, mammifère marin
ballenero	Baleinier
ballerina	Ballerine
ballesta	Arbalète
ballestero	Fabricant de baliste; Balistaire; Arbalétrier
ballesteros	Fabricant de baliste; Balistaire; Arbalétrier
ballet	Ballet
balneario	Balnéaire; Station balnéaire
balompié	Football
baloncesto	Basket-ball
balonmano	Handball
balotaje	Ballottage, second tour d’un scrutin
balsa	Étang (naturel ou artificiel), trou d’eau; Radeau; Dans les moulins d’huile d’olive, réservoir où aboutissent l’eau et les déchets de la pression des olives; Canot de sauvetage; Sorte de ponton flottant construit avec ce bois; Balsa, arbre dont le bois léger est bon pour faire un radeau
balsámico	Balsamique
baltar	Baltar
baltasar	Balthazar
baluarte	Bastion
balística	Balistique
balístico	Balistique
balón	Ballon
bamako	Bamako (capitale du Mali)
bambi	Bambi, faon
bamboleo	Balancement
bambuco	Bambuco
bambú	Bambou
banal	Banal
banalidad	banalité
banalización	banalisation
banalizar	Banaliser
banana	Bananier (Argentine, Colombie, Équateur, Paraguay et Uruguay); Banane. (Argentine, Bolivie, Équateur, Paraguay et Uruguay); Pénis
bananero	Bananier; Personne qui cultive et/ou qui vend des bananes; Terrain cultivé couvert de bananiers; Relatif à la banane
banano	Bananier; Banane, sacoche ventrale; Fruit d’un hybride de bananier (hybride entre Musa acuminata et Musa balbisiana)
banca	Payer à la place de quelqu'un, entretenir financièrement une personne; Assumer la responsabilité de quelque chose, s'en occuper; Endure, supporter quelque chose
bancada	Payer à la place de quelqu'un, entretenir financièrement une personne; Assumer la responsabilité de quelque chose, s'en occuper; Endure, supporter quelque chose
bancar	Payer à la place de quelqu'un, entretenir financièrement une personne; Assumer la responsabilité de quelque chose, s'en occuper; Endure, supporter quelque chose
bancario	Bancaire
bancarización	Bancarisation
bancarrota	Banqueroute, faillite
banco	Banc; Banc de poissons; Banc de sable; Établi; Banque, établissement financier; Établissement médical où l'on stocke des organes
banda	Bande, ruban; Bande, groupe de gens armés; Écharpe, bande de tissu symbolisant une fonction; bande passante; Fanfare, groupe de musiciens; Bande; Côté; Jante, cercle métallique qui entoure la roue
bandana	Cache-nez
bande	Bande
bandeja	Plateau
bandera	Drapeau; Pavillon; Insigne d’un régiment; Régiment, troupe réuni(e) sous une même bannière; Emblème d’une équipe
banderola	Banderole
banderín	Fanion
bandido	Bandit
bando	Ban, déclaration publique; Bande, faction, parti; Nuée d’oiseaux, banc de poissons
bandolera	Bandoulière
bandolerismo	Banditisme
bandolero	Brigand, bandit
bandoneón	Bandonéon
bandura	Bandoura
bangalore	Bangalore
bangkok	Bangkok (capitale de la Thaïlande)
bangladesh	Bangladesh (pays asiatique)
bangui	Bangui
banjo	Banjo
banquero	Banquier
banqueta	Banquette
banquete	Banquet
banshee	Banshee
bantú	Bantou
baobab	Baobab
baptisterio	Baptistère
baqueta	Baguette
bar	Abreuvoir
baracaldo	Barakaldo
baraja	Jeu de cartes
barajar	Battre, brasser
baranda	Balustrade; Rebord d’une table de billard
barandilla	Parapet, rampe
barata	Bon marché
barato	Bon marché
barba	Barbe
barbacoa	Barbecue (type de cuisson); Barbecue (repas convivial); Nourriture cuite sur un barbecue
barbadense	Barbadien
barbadillo	Barbadillo
barbado	Barbu
barbados	Barbade
barbaridad	Barbarisme
barbarie	Barbarie
barbarismo	Barbarisme
barbarroja	Barberousse
barbas	Barbe
barbastro	Barbastro
barbecho	Jachère
barbera	Barbière
barberá	Nom de famille d’origine catalane
barbilla	Menton
barbudo	Barbu; Silure rayé, poisson d’eau douce de la famille des Auchenipteridae, natif d’Amérique du Sud, dont le nom scientifique est Auchenipterus nuchalis; Poisson d’eau douce siluriforme natif d’Amérique du Sud, de la famille des Pimelodidae et de nom scientifique Leiarius marmoratus
barbón	Salsifi, salsifi blanc
barca	Barque; Barca
barcaza	Barge, chaland, péniche
barcelona	Barcelone
barcelonés	Barcelonais
barco	Bateau, barque; Barque; Nom de famille
bardo	Barde; Quartier de Tunis
baremo	Barème
bari	Bari
barillas	Barillas; Nom de famille
bario	Baryum
barita	Barytine
barlovento	Côté du navire qui est au vent
barman	Barman
barn	Barn
barnes	Barn
barniz	Vernis
barnizado	Vernir
baronesa	Baronne
baronía	Baronnie
barquero	Batelier
barquillo	Gaufre
barra	Barre
barraca	Baraque; Kiosque, stand, échoppe
barracas	Baraque; Kiosque, stand, échoppe
barracuda	Barracuda
barracón	Baraque, baraquement
barragán	Bouracan
barranca	Ravin
barranco	Ravin
barredora	Balayeuse, éboueuse
barrena	Perceuse, tarière; Vrille
barrendero	Balayeur
barrer	Balayer; Balayer, éliminer
barrera	Barrière; Argilière
barrero	Argilière
barreño	Bassin, bol
barrica	Barrique; Barrika
barricada	Barricade
barrida	Balayer; Balayer, éliminer
barrido	Balayage, action de balayer; Panoramique, mouvement de balayage avec la caméra; Balayage
barriga	Ventre
barrigón	Ventripotent; Bedonnant
barril	Baril, tonneau
barrilete	Barillet
barrio	Banlieue; Quartier
barro	Boue; Pustule, comédon; Argile, glaise
barroco	Baroque; Baroque, chargé, fleuri; Baroque, irrégulier
barroso	Boueux, crotté
barrón	Oyat, ammophile
bartolomé	Barthélémy
barullo	Désordre, confusion
barítono	Baryton
barómetro	Baromètre
barón	Baron
basal	Basal
basalto	Basalte
basamento	Soubassement, piédestal
basar	Baser
basauri	Basauri
basculante	Bras oscillant
base	Base
basilea	Bâle
basilisco	Basilic (serpent mythologique); Basilic (lézard)
basquetbol	Basket-ball, basketball
basquetbolista	Joueur de basketball
bastante	Assez, suffisamment
bastar	Suffire
bastardo	Bâtard (enfant naturel); Bâtard, fils de pute (personne méprisable); Bâtard (qui trahit ou démérite de ses origines); Bâtard (relatif à la filiation hors mariage)
bastia	Bastia
bastidor	Cadre, bâti, armature; Châssis; Coulisse
bastión	Bastion
basto	Suffisant; Grossier; bâton; Type de selle simple utilisé par les gauchos
bastón	Bâton
basura	Ordure, ce qu’on jette à la poubelle
basurero	Éboueur; Dépotoir, décharge
basílica	Basilique
bata	Blouse
batacazo	Chute violente, coup dur, vacarme que cela occasionne
batalla	Bataille, combat
batallador	Bagarreur, batailleur; Escrimeur
batallar	Combattre, batailler, lutter
batallón	Bataillon
batata	Patate douce (plante); Patate douce (légume); Vieille voiture
bate	Batte
batea	Évier, sorte de lavabo souvent avec un plan incliné où l’on peut laver les vêtements; Récipient le plus souvent cubique pour laver le minerai
bateador	Batteur, (de oro), orpailleur/orpailleuse; Batteur
batear	Rejeter (quelque chose ou quelqu’un); Faire un bate away au baseball
bateo	Action de battre avec une batte ou d’utiliser une batte; Orpaillage avec une battée
baterista	Batteur, batteuse
batería	Batterie; Batterie, pile
batey	Batey
batiburrillo	Bric-à-brac, salmigondis
batidor	Fouet
batidora	Batteur, blender
batiente	Abattant
batir	Battre quelque chose; Battre un adversaire
batista	Batiste
batucada	Batucada
batuta	Baguette d'un chef d'orchestre; Chef d'orchestre
bautismal	Baptismal
bautismo	Baptême; Baptisme
bautista	Baptiste, relatif au baptisme; Baptisé, personne qui reçoit le baptême; Prénom masculin; Nom de famille
bautizar	Baptiser
bautizo	Baptême, action de baptiser; Fête du baptême
bauxita	Bauxite
baviera	Bavière
baya	Baie, airelle
bayo	Bai
bayona	Bayonne (ville française); Baiona (localité de Galice)
bayoneta	Baïonnette
baza	Baza
bazar	Bazar
bazo	Bai; Bis; Rate
baztán	Baztan
bañador	Maillot de bain
bañar	Baigner
bañera	Baignoire
baño	Bain; Baignoire; Salle de bains. Ellipse de cuarto de baño
bañuelos	Bañuelos; Nom de famille
baúl	Coffre, malle
bce	BCE (Banque centrale européenne)
bcn	Abréviation de Baja California (état)
bd	Base de données
bdsm	BDSM
be	Bé
beagle	Beagle
beatificación	Béatification
beato	Bienheureux, bigot, béat; Bienheureux, bigot
bebe	Boire
bebedero	Abreuvoir; Pièce d’eau, mare où les animaux vont boire; Fontaine publique d’eau potable
bebedor	Buveur, qui boit; Buveur
beber	Boire
bebida	Boisson, ce qui est bu; Boisson alcoolisée; Boisson, action de boire fréquemment
bebido	Boire
bebo	Boire
bebé	Bébé
beca	Bourse scolaire ou universitaire; Écharpe portée par les étudiants lors de certaines cérémonies; Étole portée par les ecclésiastiques
becada	Accorder une bourse
becario	Boursier, étudiant bénéficiaire d’une bourse d’études
becerril	Vitulin, relatif au veau
becerro	Veau, vachette; Cuir fait en peau de veau ou de vachette; Parchemin; Livre ou document écrit sur parchemin
bechamel	Béchamel, sauce béchamel
bedel	Appariteur
beduino	Bédouin
begoña	Prénom féminin
behar	Behar
beicon	Bacon, lardon, lard
beige	Beige
beira	Beira
beirut	Beyrouth
beis	Baseball; De couleur beige, café. #E8C39E
beisbolista	Baseballeur
beja	Beja
bejarano	Relatif à Béjar; Habitant de Béjar
bejuco	Liane
belfast	Belfast
belfort	Belfort (ville française)
belga	Belge, habitant de la Belgique; Belge
belgrado	Belgrade
belice	Fleuve d’Amérique; Belize, pays d’Amérique centrale
belicoso	Belliqueux
beligerancia	Belligérance
beligerante	Belligérant
belinda	Satellite naturel de la planète Uranus
bellaco	Coquin, fripon
belladona	Belladone
bellamente	Bellement
belleza	Beauté
bellido	Beau
bello	Beau; Nom de famille; Bello
bellota	Gland (fruit du chêne)
belmonte	Belmonte, en Espagne
beltrán	Bertrand; Nom de famille
beluga	Bélouga
belvedere	Belvédère
belém	Belém
belén	Bethléem, ville de Palestine; Crèche, représentation de la Nativité
bemba	Qualifie une personne aux lèvres épaisses, souvent afrodescendante; Bouche au lèvres épaisses
bemol	Bémol; Bémol
benavente	Benavente; Nom de famille
benceno	Benzène
bencina	Essence
bendecir	Bénir
bendición	Bénédiction
bendito	Bénir
benedicto	Benoît
benefactor	Bienfaisant
beneficencia	Bienfaisance
beneficiar	Bénéficier
beneficiario	Bénéficiaire
beneficio	Bénéfice
beneplácito	Approbation
benevolencia	Bienveillance
bengala	Rotin; Feu de bengale; Toile fine; Bâton de maréchal; Bengale
bengalí	bengali, relatif aux Bengalis ou au Bengale; bangladais, bangladeshi, relatif aux Bangladais ou au Bangladesh; bengali, relatif au bengali (langue); Bengali; Bangladais, Bangladeshi; bengali (langue)
benidorm	Benidorm
benigno	Bénin
benito	Benito
benjamín	Benjamin
benéfico	Bénéfique
benévolo	Bienveillant
benín	Bénin (pays d’Afrique)
bereber	Berbère
berenguer	Bérenger; Nom de famille
berenjena	Aubergine (plante, Solanum melongena L); Aubergine (légume-fruit)
berga	Berga, en Catalogne
bergantín	Brigantin
berilio	Béryllium
berlina	Berline, bola de Berlim
berlinés	Berlinois
berlín	Berlin, ville allemande, capitale de l’Allemagne; Berlin, Land allemand
bermejo	Vermeil
bermellón	Vermillon. — #E34234
bermeo	Bermeo
bermuda	Île principale de l’archipel des Bermudes; Bermuda
bermudas	Bermudes
bermudez	Nom de famille
bermudo	Prénom masculin
bermúdez	Nom de famille
berna	Berne, en Suisse
bernardo	Bernard
bernardos	Bernardos
berni	Berni
berrinche	Colère, rage, rogne, crise (avec l’idée de caprice, notamment chez les jeunes enfants)
berro	Cresson de fontaine, cresson ( Nasturtium officinale)
berrocal	Berrocal; Nom de famille; Lieu où abondent les roches granitiques
berta	Bertha
berza	Chou, chou commun; Sorte de potage andalou
besalú	Besalú
besamanos	Baisemain
besar	Embrasser, baiser
beso	Baiser, bec
bestia	Bête, animal; Brute, bête; Vache; Bête
bestialidad	Bestialité
bestiario	Bestiaire
besugo	Dorade rose
beta	Bêta, lettre grecque Β ou β
betel	Bétel
betta	Combattant (poisson)
betún	Bitume
bi	Bi
bianca	Bianca, satellite naturel de la planète Uranus
biarritz	Biarritz
biatlón	Biathlon
biberón	Biberon
bibi	Biberon
biblia	Bible
bibliografía	Bibliographie
bibliográfico	Bibliographique
biblioteca	Bibliothèque
bibliotecario	Bibliothécaire, personne travaillant dans une bibliothèque
bibliotecología	Bibliothécologie
biblioteconomía	Bibliothéconomie
bibliófilo	Bibliophile
bicarbonato	Bicarbonate
bicentenario	Bicentenaire
bicho	Bestiole
bici	vélo
bicicleta	Bicyclette, bécane, vélo; Passement de jambe
bicolor	Bicolore
bidasoa	Bidassoa
bidireccional	Bidirectionnel
bidé	Bidet
biel	Biel
biela	Bielle; Manivelle
bielorrusia	Biélorussie (pays d'Europe)
bielorruso	Biélorusse; Biélorusse, habitant de Biélorussie; Biélorusse (langue)
bien	Bien; Beaucoup, pas mal; Assez; Bien, volontiers; Bien, ce qui est bon; Possession en argent, en immeubles ou autrement
bienal	Biennal
bienestar	Bien-être bienêtre
bienio	Période de deux ans
bienvenida	Bienvenu
bienvenido	Bienvenu
bife	Bifteck
bifurcación	Bifurcation
bigamia	Bigamie
bigote	Moustache
bigotudo	Moustachu; Panure à moustaches
bikini	bikini
bilateral	Bilatéral
bilbao	Bilbao
bilingüe	Bilingue
bilingüismo	Bilinguisme
bilis	Bile
billar	Billard
billete	Billet
billetera	Portefeuille, porte-billet
billonario	Billionnaire
billón	Billion
bimensual	Bimensuel
bimestral	Bimestriel
bimestre	Bimestre
binario	Binaire
binocular	Binoculaire
binomio	Binôme
biobío	Rivière chilienne de 380km de long; Province et région du sud du Chili qui doivent leur nom à la rivière
biodegradable	Biodégradable
biodiversidad	Biodiversité
bioetanol	Bioéthanol
biofísica	Biophysique
biografía	Biographie
biográfico	Biographique
biogás	Biogaz
biología	Biologie
biológicamente	Biologiquement
biológico	Biologique
biomasa	Biomasse
biombo	Paravent
biomecánica	Biomécanique
biometría	Biométrie
bioquímica	Biochimie
bioquímico	Biochimiste
biosfera	Biosphère
biotecnología	Biotechnologie
bioética	Bioéthique
bipartidismo	Bipartisme
bipartito	Biparti
biplaza	Biplace
bipolar	Bipolaire
bipolaridad	Bipolarité
biquini	Bikini
birmania	Birmanie
birmano	Birman
birmingham	Birmingham (ville dans l'Angleterre); Birmingham (ville dans l'Alabama aux États-Unis)
birrete	Mortier
bis	Bis, deux fois; Bis, rappel
bisabuela	Arrière-grand-mère
bisabuelo	Arrière-grand-père
bisagra	Charnière
bisayas	Bisayas
biscuit	Biscuit
bisel	Biseau
bisexual	Bisexuel
bisexualidad	Caractère bissexuel d’une plante; Bisexualité (orientation sexuelle)
bisiesto	Bissextil; Année bissextile
bismuto	Bismuth
bisnieto	Arrière-petit-fils
bisonte	Bison
bistec	Bifteck
bisturí	Scalpel
bisutería	Bijouterie
bit	Bit
bituminoso	Bitumineux
bitácora	Habitacle; Journal de bord; Blog, blogue
bizantino	Relatif à Byzance : byzantin; Relatif à l’Empire byzantin : byzantin; Habitant de Byzance : un Byzantin
bizarro	Bizarre; Gaillard, vaillant, audacieux
bizco	Bigle
bizcocho	Biscuit, gâteau
bizcochuelo	Gâteau rond assez analogue au quatre-quart
biógrafo	Biographe
biólogo	Biologiste
biónica	Bionique
biónico	Bionique
biósfera	Biosphère
blanco	Relatif à la couleur blanche; Couleur blanche; Cible; Personne de race caucasienne
blancura	Blancheur
blandengue	Mollasson
blandir	Brandir
blando	Doux, gentil; Mou, moelleux, tendre
blanqueador	Blanchissant
blanqueamiento	Lactification
blanquear	Blanchir
blanquecino	Blanchâtre
blanqueo	Blanchir
blanquiazul	Blanc-bleu
blasco	Prénom masculin; Nom de famille
blasfemar	Blasphémer
blasfemia	Blasphème
blasfemo	Blasphémer
blasón	Blasonnement, blason
bledo	Amarante; Chénopode; Chose de peu de valeur
blindaje	Blindage
blindar	Blinder
blitz	Attaque éclaire
blockbuster	Blockbuster
blog	Blogue
blogosfera	Blogosphère
bloguero	Blogueur
bloque	Bloc; Immeuble d’habitation d’une certaine hauteur
bloquear	Bloquer
bloqueo	Blocage
blusa	Blouse
bm	Banque mondiale
boa	Boa
boada	Boada
boato	Faste
bob	Coiffure à la garçonne
boba	Idiot, sot, stupide, niais
bobada	Sottise, bêtise, agissement ou paroles dignes d’un benêt
bobina	Bobine, canette
bobo	Idiot, sot, stupide, niais; Idiot; Cœur (organe des animaux); Bobo (bourgeois-bohème); Bobo de la yuca : Idiot; Montre bracelet
boca	Bouche; Embouchure; Ouverture
bocabajo	Cul par-dessus tête, les quatre fers en l’air, jambes par-dessus tête, à jambes rebindaines, jambes en l’air
bocadillo	Sandwich; Casse-croûte, repas léger emporté par les travailleurs ou les étudiants sur leur lieu de travail; Dessert à base de goyave
bocado	Bouchée, morceau; Mors
bocanada	Bouchée, gorgée
bocata	Casse-croûte, en-cas, sandwich
bocaza	Grande gueule
bocazas	Grande gueule
boceto	Esquisse, ébauche, essai, brouillon
bochinche	Tumulte, confusion; Taverne; Commérage, ragot (qui prend de l’ampleur au fur et à mesure qu’il se diffuse)
bocho	Nom donné à la Volkswagen « Coccinelle »
bochorno	Vent chaud; Canicule, chaleur étouffante; Dégoût, malaise, suffocation
bocina	Porte-voix; Klaxon
bocio	Goitre
bocón	Silure rayé, poisson d’eau douce de la famille des Auchenipteridae, natif d’Amérique du Sud, dont le nom scientifique est Auchenipterus nuchalis; Personne ayant une grande bouche et/ou de grosses lèvres; Bavardage; Personne vantarde et bavarde
boda	Mariage, noces
bodega	Cave à vin; Entrepôt à vin; Boutique de vin, magasin à vin; vignoble, entreprise produisant du vin; Magasin, entrepôt; Cale; Soute d'un avion
bodeguero	Caviste
bodegón	Gargote, restaurant ou magasin où l’on sert des denrées de qualité moyenne ou médiocre; Nature morte
bodhisattva	Bodhisattva
bodrio	Gâchis
boedo	Affluent du Pisuerga; Fleuve de Galicie
bofetada	Gifle
bofetón	Gifle
boga	Bogue, espèce de poissons marins de la famille des sparidés, dont le nom scientifique est Boops boops; Poisson d’eau douce de la famille des Anostomidae, natif d’Amérique du Sud, dont le nom scientifique est Leporinus friderici
bogotá	(capitale de la Colombie)
bohemia	Bohême
bohemio	Bohème; Bohème, Bohémien
boicot	Boycott
boicotear	Boycotter
boina	Béret
boj	Buis
boja	Naviguer autour
bol	Bol
bola	Boule; Mensonge, bourde. ^([1])
bolchevique	Bolchévique
bolchevismo	Bolchévisme
boldo	Boldo
bolera	Bowling, piste de bowling; Lesbienne; Personne qui ingurgite de sachets de drogue pour passer une frontière
bolero	Boléro
boleta	Boulette munie d’un numéro, servant au tirage au sort, à la loterie; Bulletin; Certificat, bulletin certifiant un acte, un droit, etc
boletería	Guichet
boleto	Billet, ticket; Bolet
boletín	Bulletin
boli	Stylo à bille, bic; Sachet cylindrique rempli d’eau aromatisée et sucrée, que l'on fait congeler avant de les manger comme un sorbet
boliche	Petit filet de pêche; Petit poisson; Bar, petit restaurant, discothèque, bordel. (Sens variable selon les pays); Bilboquet; Cochonnet au jeu de pétanque; Nom vernaculaire de Sapindus saponaria, arbre nommée aussi amole, palo blanco ou paraparo; Fruits riche en saponine de cet arbre utilisé pour la fabrication d’un savon artisanal
bolillo	Fuseau, bloquet
bolita	Bille
bolivia	Bolivie
boliviano	Qui a un rapport avec la Bolivie ou ses habitants : bolivien; Habitant ou originaire de Bolivie : un Bolivien
bollería	Viennoiserie
bollo	Brioche, bola de Berlim
bolo	Puce, quille
bolos	Pétanque
bolsa	Bourse; Poche
bolsillo	Poche
bolso	Porte-monnaie
boludo	Con, connard, ducon (individu stupide); Idiot, stupide
bolígrafo	stylo à bille
bolívar	Nom de famille; État du Venezuela; Département de la Colombie; Province de l’Équateur; Bolivar
bomba	Bombe, engin explosif; Bombe, très belle femme; Pompe, appareil pour pomper un liquide; Bombarde, instrument à vent; Bola de Berlim, gâteau traditionnel portugais
bombacha	Bombacha, large culotte ou pantalon
bombardear	Bombarder
bombardeo	Bombardement
bombardero	Bombardier
bombay	Bombay, une des principales villes d’Inde, capitale du Maharashtra
bombazo	Explosion; Succès
bombear	Pomper; Bombarder
bombeo	Pomper; Bombarder
bombero	Pompier
bombilla	Ampoule); Paille métallique dont une des extrémités est munie d'une grille filtrante pour boire le maté
bombillo	Ampoule
bombo	Gros tambour; Homme qui joue du bombo; Le ventre d’une femme enceinte
bombona	Bonbonne de gaz; Bouteille d’anis
bombín	Melon, chapeau melon
bombón	Bonbon; Bonbon de chocolat fourré ou non; Sucette; Personne joviale et douce
bonachón	Bonasse
bonaerense	Buenos-airien, relatif à la province de Buenos Aires; Buenos-Airien, habitant de la province de Buenos Aires
bonanza	Bonace
bondad	Bonté
bondadoso	Bon, gentil, qui agit avec bonté
bondage	Bondage
bone	Fusain
bonete	Barrette, couvre-chef de certains ecclésiastiques; Clergé séculier, par opposition au clergé régulier nommé capilla; Bonnet, estomac des ruminants; Bonnet, tête
bongo	Bongo
boni	Poisson-chat épineux, poisson d’eau douce de la famille des Doradidae, natif d’Amérique du Sud, dont le nom scientifique est Oxydoras niger
boniato	Patate douce
bonificación	Bonification; Ristourne
bonilla	Bon
bonito	Beau; Mignon; Bonite; Bonnet
bono	Bon
bonobo	Bonobo
bonsái	Bonsaï
bonzo	Bonze
boquerón	Grande bouche, grande ouverture; Anchois
boquete	Brèche
boquiabierto	Bouche bée
boquilla	Bec, ajutage, ajoutage
boquita	Bouchette
borbón	Bourbon
borbónico	Bourbonien
borda	Bord, borde, partie supérieure d’un navire; Cabane dans les Pyrénées; Voile d’une galère
bordado	Broder
bordar	Broder
borde	Bord; Bâtard; Sauvage, non cultivé; Impertinent, antipathique
bordear	Longer, louvoyer
bordillo	bord, bordure
bordo	Bord
bordura	Bordure
bordó	Broder
boreal	Boréal, septentrional, relatif au nord
borges	Borges
borgoña	Bourgogne (région française)
bori	Chozchoz
boricua	portoricain; Portoricain
borja	Borja; Prénom masculin; Nom de famille
borla	Gland, pompon; Pompon qui orne le couvre-chef de certains diplômés
boro	Bore
borra	Bourre de laine; Mouton de poussière au sol
borracha	Outre à vin
borrachera	Cuite, beuverie, action de s’enivrer, de boire excessivement de l’alcool
borracho	Saoul, ivre; Personne saoule, ivre; Ivrogne, buveur, alcoolique
borrachín	Ivrogne
borrado	Effacer, barrer, gommer
borrador	Brouillon; Effaceur, brosse, gomme, tout objet permettant d’effacer
borrar	Effacer, barrer, gommer
borrasca	Bourrasque, tempête, ouragan
borrego	Agneau de plus d’un an
borrico	Âne
borromeo	Borroméen
borroso	Flou, brouillé, trouble; Pas clair, confus
borrón	Brouillon, esquisse, ébauche
bort	Bort
boscoso	Forestier
bosnia	Bosnien
bosnio	Bosnien/bosniaque; Bosnien/bosniaque
bosque	Forêt, bois
bosquecillo	Bosquet
bosquejo	Ébauche
bosta	Bouse
bostezar	Bâiller
bostezo	Bâillement
boston	Boston
bosón	Boson
bot	Bot
bota	Botte
botar	Tirer, jeter, lancer
bote	Barque
botella	Bouteille
botellón	Dame-jeanne; Alcool illégal et de mauvaise qualité; Réunion de jeunes sur la voie publique, où l'on écoute de la musique et boit de l’alcool
botica	Pharmacie
boticario	Pharmacien, apothicaire; Montre-bracelet
botija	Botija; Bouteille
botijo	Bouteille
botiquín	Armoire à pharmacie
boto	Tirer, jeter, lancer
botsuana	Botswana (pays africain)
botulismo	Botulisme
botánico	Botanique; Botaniste; Herboriste
botín	Butin
botón	Bouton; Policier, vigile
boulevard	Boulevard
bourges	Bourges (ville de France)
bovino	Bovin
box	Boxe, pugilat; Box, compartiment pour cheval
boxeador	Boxeur
boxear	Boxer
boxeo	Boxe
boya	Bouée
boyero	Bouvier
boza	Amarre, cable d’amarrage
bozal	Muselière; Muserole, partie d’une bride
bozo	Fine moustache de duvet qui vient aux adolescents ou aux femmes après la ménopause; Commissure de la bouche; Bosal, bridon sans mors
bpa	BPA
bracamonte	Nom de famille
braco	Braque
bradicardia	Bradycardie
braga	Braga; Culotte, sous-vêtement féminin
braganza	Bragance
bragueta	Braguette
braguitas	Slip
brahma	Brahma
brahman	Brahmane
brama	Bramer
bramante	Ficelle
branca	Branche
brandeburgo	Brandebourg, Land allemand
brandy	Eau-de-vie
brasa	Braise
brasero	Braséro
brasier	Soutien-gorge
brasil	Brésil; Pernambouc
brasilero	Brésilien, relatif au Brésil; Brésilien
brasileño	Brésilien, relatif au Brésil; Brésilien
brasilia	Brasilia
bratislava	Bratislava (capitale de la Slovaquie)
bravo	Brave, vaillant; Sauvage
bravura	Bravoure; Férocité
braza	Brasse, unité de mesure; Brasse, style de nage
brazalete	Bracelet
brazo	Bras
braña	Estive, pré humide de montagne
brea	Maltraiter, molester, violenter, battre
breaker	Disjoncteur
brebaje	Breuvage amer
brecha	Brèche
brega	Lutter, se battre, avec virulence ou détermination
bregar	Lutter, se battre, avec virulence ou détermination
bremen	Brême, ville allemande; Brême, Land allemand
bretaña	Bretagne, péninsule française
brete	Brail
bretón	Breton; Breton, homme de Bretagne; Breton, langue bretonne
breva	Figue-fleur, figue précoce
breve	Bref, court
brevedad	Brièveté
brevemente	Brièvement
breviario	Bréviaire
brezo	Bruyère
breña	Végétation touffue, broussaille
bribón	Vagabond, oisif
bricolaje	Bricolage
brida	Bride
bridge	Bridge
brie	Brie
brieva	Brieva
brigada	Brigade
brillante	Brillant
brillantemente	Brillamment
brillantez	Brillance
brillantina	Brillantine
brillar	Briller
brillo	Briller
brin	Brin; Canevas, toile de lin servant de support à la peinture à l’huile
brincar	sauter; bondir
brinco	Saut, bond
brindar	Porter un toast, trinquer; Offrir
brindis	Toast
brioche	Brioche
brisa	Brise, vent doux
bristol	Bristol
británico	Britannique, en rapport avec la Grande-Bretagne ou le Royaume-Uni; Britannique, Anglais
briviesca	Briviesca
brizna	Brin d’herbe, de fil
brno	Brno
broca	Canette; Foret; Cheville de cordonnier, clou de cordonnier; (Obsolète) Bouton; (Obsolète) Fourchette
brocado	Brocart
brocal	Margelle de puits; Bouche d’une arme à feu
brocha	Brosse, pinceau
broche	Broche, bouton, fermoir; Épingle
brocheta	Broche, brochette
broma	Plaisanterie, badinage; Taret, broume
bromear	Plaisanter
bromista	Qui aime faire les blagues; Blagueur, farceur, plaisantin
bromo	Brome
bromuro	Ion bromure
bronca	Dispute; Réprimande; Bagarre; Bronca
bronce	Bronze; Bronze, pour médaille de bronze; Monnaie en cuivre
bronceado	Bronzer
bronco	Rude, difficile; Brusque, désagréable; Sauvage, indompté
bronquitis	Bronchite
brotar	Germer, jaillir
brote	Bourgeon, pousse; Épidémie, foyer, foyer infectieux
brownie	Brownie
bruce	Brosser
brucelosis	Brucellose
bruces	Brosser
bruja	Sorcière
brujas	Bruges (ville de Belgique)
brujería	Sorcellerie
brujo	Sorcier
bruma	Brume
brumoso	Brumeux
brunei	Brunei
bruscamente	Brusquement
brusco	Brusque
bruselas	Bruxelles, capitale de la Belgique; Brucelles
brusquedad	Brusquerie
brutal	Brutal
brutalidad	Brutalité
brutalmente	Brutalement
bruto	Lourdaud, brute, bête, stupide; Brut
bruxismo	Bruxisme
brío	Fougue, élan
brócoli	Brocoli
brújula	Boussole
bso	BOF, bande originale
btt	VTT
bu	Croque-mitaine; Bouh
bucanero	Boucanier
bucarest	Bucarest, capitale de la Roumanie
buceador	Plongeur
bucear	Plonger
buceo	Plonger
buche	Jabot; Bide, ventre, estomac
buchón	Qui peut enfler son jabot; Pigeon au large jabot; Narcotrafiquant, personne qui travaille dans le trafic de drogue
bucle	Boucle de cheveux
buco	Bouc
bucólico	Bucolique
buda	Massette; Bouddha, représentation du Bouddha; Bouddha
budapest	Budapest (capitale de la Hongrie)
budismo	Bouddhisme
budista	Bouddhiste
buena	Bon
buenas	Salut
buenavista	Buenavista
bueno	Bon; Allo, allô de manière interrogative (au téléphone)
buey	Bœuf
bufanda	Écharpe
bufete	Bureau pour écrire; Soufflet pour attiser le feu; Étude d’un avocat
buff	Tour de cou
bufón	Bouffon
buga	Hétérosexuel
buhardilla	Mansarde
buitre	Vautour; Vautour, personne dure, avide et motivée par l’appât du gain; Personne obsédée par la séduction et la conquête du sexe opposé
buitrón	Cisticole des joncs
buje	Moyeu
bujía	Bougie d’allumage
bula	Bulle
bulbo	Bulbe
bulevar	Boulevard
bulgaria	Bulgarie (pays d’Europe)
bulimia	Boulimie
bulla	Tapage, tumulte
bulldog	Bouledogue
bullicio	Tumulte, tapage
bulo	Canular
bulto	Bosse; Relief; Volume; Silhouette, forme vague, tas; Paquet, colis (paquete), ballot; (argot scolaire) Sac à dos d’écolier; Appareil génital externe masculin
bumerán	Boomerang
bunker	Abri
buque	Navire, bateau (de dimensions importantes); Soute
burbuja	Bulle
burda	Grossier
burdel	Bordel, établissement dans lequel travaillent des prostituées
burdeos	Bordeaux (ville de France); Bordeaux (vin); Bordeaux (couleur)
burdo	Grossier
bureba	Comarque de la province de Burgos
burgalés	De Burgos; Habitant de Burgos
burgas	Bourgas (ville de Bulgarie)
burgo	Bourg, hameau
burgomaestre	Bourgmestre
burgos	Burgos
burguesía	Bourgeoisie
burgués	Bourgeois
buril	Burin
burka	Burqa
burla	Plaisanterie, moquerie
burlar	Bafouer, abuser; Tricher, tromper
burlesco	Burlesque
burlón	Goguenard
burocracia	Bureaucratie
burocratización	Bureaucratisation
burra	Ânesse
burrada	Ânerie
burrito	Burrito
burro	Âne
bursátil	Boursier
burundanga	Substance soporifique utilisée pour voler ou agresser quelqu’un; En particulier Scopolamine; Plat de légumes
burundi	Burundi (pays africain)
buró	Table de chevet
burócrata	Bureaucrate
bus	Bus
buscador	Cherchant, qui recherche; Chercheur, prospecteur; Moteur de recherche
buscar	Chercher; Agacer
buscarla	Locustelle
buscavidas	Personne curieuse et impertinente, celui, celle qui se mêle, qui s’intéresse excessivement à la vie d’autrui; Personne qui cherche désespérément un moyen de subsister
buscona	Prostituée
bustamante	Village situé dans la commune de Campoo de Yuso; Bustamante
busto	Buste
butaca	Fauteuil
butano	Butane (l’un des isomères de formule C₄H₁₀); Butane (l’isomère n-butane, CH₃ – CH₂ – CH₂ – CH₃)
butifarra	Boutifarre
bután	Bhoutan (pays d’Asie)
buzo	Homme-grenouille, plongeur équipé de matériel de plongée; Grenouillère, vêtement qui couvre tout le corps d'un bébé; Bleu de travail; Survêtement
buzón	Boîte aux lettres, messagerie
buñol	Ville située dans les zones intérieures du Pays valencien, en Espagne, proche de Castille-la-Manche
buñuel	Buñuel; Nom de famille
buñuelo	Beignet
byte	Octet
báculo	Crosse
bádminton	Badminton (sport)
bálsamo	Baume
báltico	Mer Baltique; Baltique
bárbara	Barbara
bárbaro	Barbare
bárcenas	Nom de famille
bártulos	Bataclan
báscula	Bascule
básicamente	Basiquement, fondamentalement
básico	Basique, élémentaire, rudimentaire, fondamental
básquetbol	Basket
bávaro	Bavarois (personne); Bavarois, qui concerne la Bavière
béisbol	Baseball, sport de balle
béjar	Béjar
bélgica	Belgique (pays d’Europe)
bélico	De guerre, relatif à la guerre; Belliqueux
bérgamo	Bergame
bíblico	Biblique
bíceps	À deux têtes, bifide; Biceps, muscle biceps
bípedo	Bipède; Bipède
bólido	Bolide; Bolide, véhicule rapide
bórax	Borax
bórico	Borique
bóveda	Voute; Bóveda
bóxer	Boxer
búfalo	Buffle (en Europe, Asie et Afrique); Bison (en Amérique)
búho	Hibou (oiseau)
búlgaro	Bulgare, en rapport avec la Bulgarie; Bulgare, habitant de la Bulgarie; Bulgare, langue parlée en Bulgarie
búnker	Bunker; nom donné aux secteurs franquistes les plus conservateurs au moment de la transition démocratique espagnole
búsqueda	Recherche, action de rechercher
cabal	Juste, accompli; Juste, accompli; Juste, accompli
cabalgada	Cavalcade
cabalgar	Chevaucher
cabalgata	Cavalcade
caballa	Maquereau; Surnom donné aux habitants de Ceuta
caballar	Caballar; De cheval
caballeriza	Écuyère; Écurie
caballerizo	Écuyer
caballero	Galant, en chevalier; Gentilhomme; Monsieur; Chevalier; Cavalier
caballerosidad	Galanterie
caballeroso	Chevaleresque
caballería	Cavalerie
caballete	Arête, chevalet, tréteau
caballito	Petit cheval; Dada, jeu sur lequel un enfant monte sur les genoux d'un adulte qui le fait galoper; Wheeling; Verre d’alcool
caballo	Cheval; Cavalier; Héroïne (drogue)
cabanillas	Cabanillas
cabaret	Cabaret
cabaña	Cabane; Établissement d'élevage de bovins et d'ovins de race
cabecear	Brander
cabecera	Chose capitale, importante; Chevet, tête du lit; Chef-lieu, capitale, siège. Le terme espagnol est employé, dans les pays hispanophones (Amérique centrale), dans un contexte différent de celui utilisé pour l'expression cuidad capital ou le mot sede et désigne habituellement le chef-lieu ou siège d'une division administrative n'ayant pas d'élément…
cabecero	Tête de lit, chevet
cabecita	cabeza; gland du pénis
cabellera	Chevelure
cabello	Cheveu
cabelludo	Chevelu
caber	Pouvoir être contenu, pouvoir entrer, dans quelque chose; Occuper de la place; Être le propre d’une personne ou d’une position; Être admissible ou possible; Être présent (usage désuet); Faire entrer; Avoir la capacité ou la place (pour); Comprendre
cabestrillo	Écharpe
cabeza	Tête
cabezada	Têtière; Coup de tête; Sieste, petit somme
cabezal	Chevet, tête de lit; Traversin; Charge; Tête de lecture
cabezazo	Coup de tête (sens physique)
cabezota	Têtu; Augmentatif de cabeza
cabezuela	Cabezuela; Capitule (inflorescence)
cabezón	Qui a une grosse tête, ou la grosse tête; Têtu
cabida	Soute
cabildo	Chapitre d’un monastère, d’un couvent; Conseil, réunion de personnes prenant avis et décisions
cabina	Cabine
cabizbajo	Qui a la tête inclinée vers le bas, par abattement, tristesse, apathie ou épuisement
cable	Câble, télégramme
cableado	Câbler
cabo	Cap; Bout, reste
cabotaje	Cabotage
caboverdiano	Cap-Verdien; Cap-verdien
cabra	Chèvre; Cabra
cabrales	Cabrales; Fromage de Cabrales
cabreado	Parquer les chèvres; Se fâcher, se mettre en colère
cabrear	Parquer les chèvres; Se fâcher, se mettre en colère
cabreo	Cadastre où sont consignés, en résumé, les biens fonciers sur lequel un seigneur perçoit des droits; Fâcherie, action de se fâcher
cabrero	Chevrier; Zéna à tête rayée; Personne facilement irritable, bagarreur; Cabrero; Nom de famille
cabrestante	Cabestan, treuil
cabrio	Chevron; Mantelé
cabrita	Cabri
cabrito	Cabri; Chevreau, petit de la chèvre; Chevrette, jeune chèvre
cabro	Mâle de la chèvre; Homme homosexuel , pédé
cabronazo	Coup; Salaud
cabrón	Bouc, mâle de la chèvre (cabra); Connard, salaud (personne détestable ou de mauvais caractère); Chaud lapin (homme), salope, traînée (femme volage), souvent avec la notion d'adultère; Renard (rusé); Maquereau, mac, proxénète; Volage, infidèle; Balaise (ardu, délicat)
caca	Caca; Caca (déesse romaine)
cacahuate	Cacahuète, arachide, pinotte (plante de l'espèce Arachis hypogaea et sa gousse)
cacahuete	Arachide, cacahuète, pinotte
cacao	Cacao, cacaotier, cacaoyer (arbre); Cacao, fève de cacao; Cacao; Produit cosmétique à base de beurre de cacao; Monnaie mésoaméricaine
cacatúa	Cacatoès
cacerola	Casserole
cacerolazo	Casserolade
cacería	Chasse
cacha	Casser, mettre en morceaux; Piger, saisir, comprendre; Fendre du bois; Attraper
cachalote	Cachalot
cachar	Casser, mettre en morceaux; Piger, saisir, comprendre; Fendre du bois; Attraper
cacharro	Récipient; Appareil; Vieille voiture en mauvais état
cachas	Casser, mettre en morceaux; Piger, saisir, comprendre; Fendre du bois; Attraper
cache	Casser, mettre en morceaux; Piger, saisir, comprendre; Fendre du bois; Attraper
cachemir	Cachemiri
cachemira	Cachemire (région du sous-continent indien)
cacheo	Fouille
cachetada	Gifle
cachete	Gifle; Fesse
cachi	De mauvais goût, sans raffinement, en parlant d'une personne ou d'une chose; Enclos à l'air libre où l'on fait sécher les feuilles de coca; Cachi-cachi
cachimba	Pipe; Narguilé; Mégot de cigare; Courge
cachito	Petit morceau; Petit pain fourré de morceaux de jambon d’York et parfois de fromage
cacho	Morceau, bout; Grappe; Corne; Bout de temps, moment; Cornet de corne; Situation désagréable, moment pénible; Jeu de dés utilisant un cornet et cinq dés; Histoire drôle, anecdote
cachondo	En chaleur, en rut, chaud, soumis à ses pulsions sexuelles
cachorro	Chiot, petit du chien; Tétra vampire, poisson tropical de la famille des Cynodontidae, dont le nom scientifique est Hydrolycus scomberoides
cachucha	Cachucha, danse espagnole; Museau de porc en salade; Casquette; Sexe des femmes
caché	Casser, mettre en morceaux; Piger, saisir, comprendre; Fendre du bois; Attraper
cacicazgo	Chefferie
cacique	Cacique, chef amérindien; Cassique
cacofonía	Cacophonie
cactus	Cactus (forme alternative de cacto)
cada	Chaque
cadalso	Échafaud; Cadalso; Nom de famille
cadaqués	Cadaqués
cadena	Chaîne; Chaîne de caractères
cadencia	Cadence
cadera	Hanche
cadete	Cadet
cadmio	Cadmium (l’élément chimique Cd)
caducar	Expirer
caducidad	Caducité; Péremption
caduco	Caduc
cadáver	Cadavre, corps
cadí	Cadi
caer	Tomber; Tomber, pendre; Tomber, se déplacer de haut en bas sous l’effet de la force de gravité
cafetal	Caféière, plantation de caféiers
cafetera	Machine à café, cafetière
cafetero	Cafetier; Cafetier, celui qui vend du café; Cafetier, celui qui tient un café
cafetería	Cafétéria; Cantine
cafeína	Caféine
cafre	Grossier
café	Café, graine du caféier pouvant être torréfiés et moulus; Café, boisson obtenue à partir de café moulu; Café, établissement où l’on consomme entre autres cette boisson; Caféier, la plante; Réprimande sèche; Couleur marron; Café, marron, de la même teinte que les grains de café torréfiés
cagada	Chier (déféquer); Foirer, chier (rater); Avoir la pétoche, se chier dessus (avoir peur); Conchier, emmerder, se branler, se balancer, se contrefoutre (mépriser, ne pas être intéressé); Marque la colère, l'indignation
cagadero	Chiotte
cagado	Chier (déféquer); Foirer, chier (rater); Avoir la pétoche, se chier dessus (avoir peur); Conchier, emmerder, se branler, se balancer, se contrefoutre (mépriser, ne pas être intéressé); Marque la colère, l'indignation
cagar	Chier (déféquer); Foirer, chier (rater); Avoir la pétoche, se chier dessus (avoir peur); Conchier, emmerder, se branler, se balancer, se contrefoutre (mépriser, ne pas être intéressé); Marque la colère, l'indignation
cagarla	Merder, se mettre le doigt dans l’œil
caguama	Caouanne (tortue de l’espèce caretta caretta); Litre de bière (bouteille de bière d’environ un litre)
caimito	Caïmitier; Caïmite
caimán	Caïman
caja	Boîte, coffre; Caisse d’un magasin; Tambour
cajero	Caissier
cajeta	Confiture de lait typique de la ville de Celaya
cajetilla	petite boite, diminutif de boite (caja); paquet, spécialement de cigarettes en papier ou en carton
cajita	Petite boite, caissette
cajuela	Coffre
cajón	Tiroir; Cercueil; Instrument à percussion, en forme de caisse en bois, sur lequel s'assoit le percussionniste pour en frapper principalement la face avant à mains nues
cal	Chaux, chaux vive (oxyde de calcium); Chaux (oxyde métallique); Chaux, calcaire (carbonate de calcium)
calabacín	Courgette
calabaza	Toute plante du genre Cucurbita de la famille des cucurbitacées : potiron, citrouille, courge, courgette, gourde etc; Le fruit de ces plantes; Fruits d'autres plantes de la famille des cucurbitacées dont (Lagenaria siceraria), utilisé comme un récipient pour contenir des liquides; Personne maladroite et incapable; Tête
calabozo	Geôle, cellule de prison, cachot; Machette au bout recourbé
calabria	Calabre
calada	Mouiller l'ancre; Imbiber
calado	Tirant d’eau
calafate	Nom vernaculaire de Berberis microphylla, arbuste sempervirent, épineux, de la famille des Berberidacées (Berberidaceae), endémique du sud de la Patagonie, de la Terre de Feu et des îles avoisinantes, ses fruits noirs, à maturité, sont comestibles
calahorra	Calahorra
calais	Calais
calama	Ville minière du nord du Chili, capitale de la province d'El Loa
calamar	Calmar; Calmar
calambre	Crampe
calamidad	Calamité
calamocha	Calamocha
calanda	Calanda
calandria	Calandre, moqueur plombé
calar	Mouiller l'ancre; Imbiber
calatayud	Calatayud
calatrava	Calatrava, ville de Castille devenue Calatrava la Vieja sur le territoire de la commune de Carrión de Calatrava
calavera	Tête de mort; Fêtard, bambocheur
calaña	Acabit, forme, patron, modèle; Qualité
calcar	Calquer
calce	Chausser
calcedonia	Calcédoine
calceta	Bas
calcetín	Chaussette
calcio	Calcium
calcita	Calcite
calco	Calque, copie obtenue par décalque; Calque; Calquage
calculadora	Calculatrice
calcular	Calculer, compter
calcáneo	Calcanéus
calcáreo	Calcaire
caldera	Bouilloire; Chaudron, marmite; Chaudière; Caldera; Ville située au nord du Chili (Norte Chico), sur l'océan Pacifique, dans la province de Copiapó
calderilla	Petite monnaie
caldero	Chaudron, petit chaudron
calderón	Chaudron; Pied-de-mouche
caldo	Bouillon
calefacción	Chauffage, action de chauffer; Chauffage, système utilisé pour chauffer
calefón	Chauffe-eau domestique
caleidoscopio	Kaléidoscope
calendario	Calendrier
calentamiento	Échauffement; Chauffage
calentar	Chauffer; Chauffer, exciter
calentura	Fièvre, température; Bouton de fièvre; Accès de colère, état d'énervement; Rut, chaleur, excitation sexuelle
calentón	trique (désir sexuel)
calera	Chaloupe employée pour la pêche sur la côte du Pays basque; Carrière de pierre à chaux
calero	Chaufournier
calesa	Calèche
calesita	Manège
caleta	Crique
calibración	Étalonnage, calibration
calibrar	Calibrer
calibre	Pied à coulisse
caliche	Talure, meurtrissure sur un fruit comme le melon; Pierre qui échappe au potier, et qui se calcine au lieu de cuire quand on soumet l'argile au feu; Écaille (d’un mur); Caliche; Fêlure (d’un vase); Sorte de jeu similaire au fer à cheval; Gisement de caliche; Calcaire
calidad	Qualité, niveau d'excellence
calidez	Chaleur
caliente	Chaud, dont la température est élevée, qui dégage de la chaleur; Chaud, qualifie une teinte rappelant le feu et sa chaleur; Chaud, excité; En exclamation, indique que l’on se rapproche du but que l’on recherche; Récent, qui vient de sortir ou d’arriver
califa	Calife
califato	Califat
calificación	Qualification; Notation
calificar	Qualifier, décrire; Qualifier, noter
calificativo	Qualificatif
california	Californie
californiano	Californien
caligrafía	Calligraphie
calima	Chaleur caniculaire, brume de chaleur, calima
calipso	Calypso
calistenia	Callisthénie
caliza	Calcaire, roche sédimentaire de couleur blanche
calizo	Calcaire
callado	Silencieux, Taciturne, muet; Silence
callao	Galet; Terrain couvert de galets; syncope de callado
callar	Taire; Se taire. (voir callarse)
calle	Rue
calleja	Ruelle
callejo	Ruelle, allée
callejuela	Ruelle
callejón	Allée, ruelle
callo	Cal, durillon; Tripes; Laideron, personne laide
callos	Tripes (plat)
calma	Chaleur suffocante; Calme, calme plat; Calme, tranquilité, paix; Calme, suspension de l'activité
calmado	Calmer
calmante	Lénifiant
calmar	Calmer
calmo	Calmer
calo	Mouiller l'ancre; Imbiber
calor	Chaleur
caloría	Calorie
calorífico	Calorifique
calpe	Calp
calumnia	Calomnie
calumniar	Calomnier
caluroso	Calorifère; Sensible à la chaleur; Chaleureux, amical
calva	Chauve
calvario	Calvaire
calvicie	calvitie
calvinismo	Calvinisme
calvinista	Calviniste
calvino	Nom de famille
calvo	Chauve
calza	Chausse
calzada	Chaussée
calzadilla	Calzadilla
calzado	Chaussé; Soulier
calzador	Chausse-pied
calzar	Chausser
calzo	Chausser
calzoncillo	Caleçon
calzón	Caleçon
calé	Romani; Quantité indéterminée (obscure) d’argent; Gitan
calígrafo	Calligraphe
caló	Calo, dialecte romani avec des emprunts grammaticaux et lexicaux espagnols
cama	Lit; Animal hybride entredeux membre de la famille des Camelideae, une femelle lama (Lama glama) et un dromadaire mâle (Camelus dromedarius), obtenu par insémination artificielle à Dubaï
camacho	Nom de famille
camada	Portée, ensemble des petits d'un mammifère
camafeo	Camée
camaleón	Caméléon; Carline, carline à feuilles d’acanthe; Crécerelle d’Amérique; Lézard vert arboricole endémique de Cuba Anolis porcatus
camarada	Camarade
camarero	serveur, garçon de café; homme de chambre
camarilla	Camarilla
camarista	Camériste
camarote	Cabine de navire
camarógrafo	Caméraman
camarón	Crevette grise; Conducteur inexpérimenté; Sieste (après un repas); Autre nom du palo de huevo
cambalache	Troc, échange de choses de peu de valeur
cambiador	Table à langer, changeur
cambiar	Changer
cambio	Change, échange, changement; Taux de change
camboya	Cambodge
camboyana	Cambidgienne, habitante du Cambodge
camboyano	Cambodgien; Khmer
cambre	Cambre
cambridge	Cambridge; Ville située au nord de l'état du Massachusetts
cambur	Banane (de taille plus petite que la normale); Banane plantain; Travail, job
camelia	Camélia
camello	Chameau; Dealer
camellón	Arête
camelo	Tromperie, duperie; Blague; baratin
camembert	Camembert
cameo	Caméo
camerino	Lage, pièce, dans les théâtres, réservée à chaque acteur ou actrice pour s’y costumer
camerunés	Camerounais; Camerounais
camerún	Cameroun (pays africain)
camilla	Civière, brancard
caminadora	Tapis roulant
caminante	Marcheur; Marcheur
caminar	Marcher, cheminer
caminata	Marche, promenade
caminero	Cantonnier
camino	Chemin
camionero	Routier, camionneur
camioneta	Camionnette
camisa	Chemise
camiseta	Chemisette; T-shirt; Maillot sportif
camisón	Chemise de nuit; Chemise
camión	Camion; Autocar, bus
camorra	Querelle, bagarre
camote	Patate douce (plante); Patate douce (tubercule)
campamento	Camp
campana	Cloche; Hotte aspirante; Pavillon d’un instrument à vent
campanada	Coup (de cloche)
campanario	Clocher, campanile; Campanario
campanero	Carillonneur; Fondeur de cloche; Espèce de passereau originaire d'Amérique centrale, de nom scientifique Procnias tricarunculatus
campania	Campanie
campanilla	Cloche, sonnette; Clochette
campanillas	Cloche, sonnette; Clochette
campaña	Campagne, ensemble d’activités en vue d’un résultat précis
campeche	Campeche (État); Ville de Campeche; Campêche
campeonato	Championnat
campera	Coupe-vent, K-way
campesino	Paysan
campestre	Rural, rustique, champêtre
campeón	Champion
campiña	Campagne
campo	Campagne; Champ (zone d’étude); Champ
camposanto	Cimetière
campus	Campus
campuzano	Localité de Cantabrie; Nom de famille espagnol
camuflaje	Camouflage
camuflar	Camoufler
can	Chien
cana	Cheveu blanc
canaco	Kanak, canaque
canadiense	Canadien
canadá	Canada (pays)
canal	Canal
canaleta	Caniveau
canalización	Canalisation
canalizar	Canaliser
canalizo	Canaliser
canalla	Canaille
canals	Canals, dans la province de Valence
canapé	Canapé (siège); Canapé
canarias	Canaries
canario	Canarien, des Canaries, des Canariens; Canarien, habitant des Canaries; Canari; Canarien, dialecte castillan parlé aux Canaries
canasta	Panier; Canasta
canberra	Canberra
cancel	Chancel; Contre-porte formant une sorte de sas; Cloison
cancela	Annuler, supprimer, abroger; Payer, régler
cancelación	Annulation
cancelar	Annuler, supprimer, abroger; Payer, régler
canceroso	cancéreux
cancerígeno	Cancérigène
cancha	Terrain (sur lequel se pratique un sport); Sorte de pop-corn qui éclatent à la cuisson mais ne gonflent pas
canchero	Démerdard débrouillard; raide def’antard
canciller	Chancelier
cancillería	Chancellerie
cancionero	Chansonnier, cantionnaire, recueil de chansons
canción	Chanson
candace	Candace
candado	Cadenas
candamo	Candamo
candela	Candela (cd); Feu
candelabro	Candélabre
candelaria	Candelaria; Chandeleur; Molène
candelario	Candelario
candente	Incandescent
candidato	Candidat
candidatura	Candidature
candidez	Naïveté, candeur
candidiasis	Candidose
candil	Lampe à huile
candombe	Candombe
candomblé	Candomblé
candor	Candeur; Blancheur, pureté
canela	Cannelle
canelo	De couleur cannelle; Cannelier; Canelo
canelones	Magnolia yoroconte
canelón	Magnolia yoroconte
cangas	Joug; Cangue, carcan
cangrejo	Crabe; Cancer
canguro	Kangourou; Harnais ou ample ceinture pour porter un bébé sur l’abdomen; Kangourou, sweatshirt avec des poches ventrales; Baby-sitter, gardien ou gardienne
cani	Racaille
canibalismo	Cannibalisme
canica	Canica; Bille avec laquelle les enfants jouent; Jeu de billes
caniche	Caniche
canilla	Tibia; N'importe lequel des os longs du corps; Os principal de l’aile des oiseaux; Cannelle, robinet; Canette de machine à coudre ou de métier à tisser; Pain analogue à la baguette; Blanc
canino	Canin; Canin
canjear	Échanger
cannabis	Chanvre indien
cannes	Cannes (ville française)
cano	Blanc (pour des cheveux)
canoa	Canoë; Installation destinée à l’orpaillage
canon	Canon; Redevance
canonización	Canonisation
canoso	Chenu
cansado	Fatigué
cansador	Fatigant
cansancio	Fatigue, lassitude
cansar	Fatiguer, lasser
cansino	Fatigant; Qui se fatigue vite, fatigué
cantabria	Cantabrie
cantante	Chanteur, chanteuse
cantar	Chanter
cantata	Cantate
cantautor	El cantautor George Moustaki presenta un libro de cuentos en Barcelona. — L’auteur-compositeur Georges Moustaki présente un livre de contes à Barcelone. — (Miquel Jurado, El País, 18 janvier 2007)
cante	Chanter
cantera	Carrière, lieu d’extraction de roches à ciel ouvert
canterbury	Canterbury
cantero	Tailleur de pierre; Ouvrier dans une carrière; Bout
cantería	Art du tailleur de pierre; Maçonnerie, assemblage de pierres taillées
cantidad	Quantité
cantimplora	Gourde en métal
cantina	Cantine; Buvette
cantinas	Cantine; Buvette
canto	Chant; Bordure; Coin
cantonés	Cantonais; Chinois cantonais
cantor	Chantant, qui chante; Chanteur
cantora	Chanteuse
cantábrico	Cantabrique
cantón	Canton; Arrête, coin d’un mur; Cantonnement
canuto	Petit tube; Membre d'une église évangélique, évangéliste; Sorte de pâtisserie feuilletée, tubulaire, remplie de crème; Cigarette de marijuana; Bazouka; Chaussette; Arme à feu; Nom de famille
caníbal	Cannibale
canícula	Canicule
canónico	Canonique
canónigo	Chanoine
cao	Corvidé carnivore au plumage noir et bec courbe
caoba	Acajou
caolín	Kaolin
caos	Chaos
capa	Cape; Chape; Couche, strate; Couverture, ce qui couvre
capacho	Cabas, panier à fruits
capacidad	Capacité
capacitación	Formation, filière d’enseignement
capacitar	Capaciter, rendre apte
caparazón	Carapace
capataz	Contremaître
capaz	Apte, capable; Habile
capellán	Chapelain
capilar	Capillaire
capilaridad	Capillarité
capilla	Chapelle; Clergé régulier, par opposition au clergé séculier surnommé bonete; Capuche; Chapelle, ensemble des musiciens d’une église; Capilla
capirote	Capuchon rappelant un cornet utilisé par les pénitents lors de la semaine sainte; Cône de papier; Bonnet d’âne
capital	Capital; Capitale, ville principale d'un pays
capitalino	Métropolitain, habitant d’une capitale
capitalismo	Capitalisme
capitalista	Capitaliste
capitalización	Capitalisation
capitalizar	Capitaliser
capitana	Capitane, galère capitane
capitanía	Capitainerie, charge de capitaine; Capitainerie, subdivision administrative ou militaire
capitel	Chapiteau (partie supérieure d'une colonne)
capitolio	Capitole
capitulación	Capitulation
capitular	Capitulaire; Relatif aux lettres capitales; Relatif aux lettrines; Capituler; Poursuivre pour faute professionnelle
capitán	Capitaine
capo	Châtrer, castrer
capoeira	Capoeira
capota	Capoter
capote	Capote; Capot
cappuccino	Cappuccino
capricho	Caprice
caprichoso	Capricieux
capricornio	Capricorne (constellation et signe du zodiaque)
caprino	Caprin
captador	Captateur; Capteur
captar	Capter
captcha	Captcha
captura	Capture
capturar	Capturer, saisir
capua	Capoue
capucha	Capuche
capuchino	Capucin
capuchón	Capuchon
capullo	Cocon du ver à soie; Bouton de fleur; Prépuce; Con, connard, sale mec
capítulo	Chapitre (d’un livre); Assemblée; Capitule
capó	Capot
capón	Chapon
caqui	Kaki, la couleur; Kaki
cara	Visage, face; Face d’un polyèdre; Façade
carabanchel	Quartier de Madrid; Ancienne prison située dans ce quartier
carabela	Caravelle
carabina	Carabine; Chaperon
carabinero	Carabinier; Crevette écarlate du genre Aristaeopsis, gambas
caracas	Caracas (capitale du Venezuela)
caracazo	Ensemble de manifestations et d’émeutes ayant eu lieu à Caracas au Venezuela en février 1989
caracol	Escargot; Colimaçon; Tournant d'un chemin; Caracole, zig-zag; Chignon enroulé en spirale; Cochlée; Interjection, en ce sens, probable euphémisme de carajo, caramba
caracoles	Escargot; Colimaçon; Tournant d'un chemin; Caracole, zig-zag; Chignon enroulé en spirale; Cochlée; Interjection, en ce sens, probable euphémisme de carajo, caramba
caracterizar	Caractériser
característica	Caractéristique
característicamente	Caractéristiquement
característico	Caractéristique
carajo	Pénis, bite; Connerie; Diable ! putain !
caramba	Euphémisme de carajo (« bite, vit, membre viril »), marquant la surprise, l’étonnement, le dégoût
carambola	Carambole, fruit du carambolier; Carambole, boule de billard rouge
caramel	Picarel commun
caramelo	Caramel
carancho	Caracara, oiseau dont le nom scientifique est Caracara plancus; Poisson d’eau douce de la famille des Loricariidae, natif d’Amérique du Sud, dont le nom scientifique est Ancistrus hoplogenys
caravana	Caravane, troupe de marchands ou de voyageurs; Caravane, véhicule de plaisance
caray	zut
carazo	Carazo
carballo	Nom de famille; Chêne
carbohidrato	Glucide
carbonato	Carbonate
carboncillo	Fusain, bâtonnet de charbon qui sert à dessiner; Fusain, dessin réalisé à l’aide de ce bâtonnet de charbon
carbonera	Charbonnière
carbonero	Charbonnier; Lieu noir (poisson de nom scientifique Polliachus virens)
carbonilla	Escarbille
carbono	Carbone (l’élément chimique C)
carbonífero	Carbonifère
carburador	Carburateur
carburante	Carburant
carburo	Carbure, composé formé par la combinaison du carbone avec un corps simple autre que l’oxygène
carbón	Charbon; Charbon de bois; Braise; Fusain (pour dessiner)
carbónico	Carbonique
carca	Carliste; Rétrograde, réactionnaire
carcajada	Éclat de rire
carcasa	Carcasse, dépouille; Carcasse, armature; Coque, étui de protection de téléphone mobile
carcelero	Gardien de prison, geôlier
carcinoma	Carcinome
carcoma	Vermoulure; Vers et insectes qui produisent des vermoulures
cardamomo	Cardamome
cardenal	Cardinal; Cardinal rouge
cardeña	Cardeña; Pierre précieuse de couleur cardinale; Étincelle de lumière
cardiaco	Cardiaque
cardiff	Cardiff
cardiología	Cardiologie
cardiovascular	Cardiovasculaire
cardiólogo	Cardiologue
cardo	Cardon; Cirse à feuilles lancéolées, cirse commun, cirse lancéolé, chardon lancéolé (Cirsium vulgare (Savi) Ten.); Chardon penché (Carduus nutans L.)
cardíaco	Cardiaque
cardón	Nom vernaculaire de divers cactus colonnaires endémique d'Amérique du Sud, en particulier Echinopsis atacamensis ou anciennement Trichocereus atacamensis pasacana; Chardon; Nom vernaculaire de Puya chilensis
carecer	Manquer de quelque chose
carena	Carène
carencia	Carence; Manque
carente	Insuffisant, privé de, pauvre en
careo	Mettre face à face; Confronter
carestía	Défaut
careta	Masque
carey	Tortue imbriquée, karet, écaille
carga	Charge
cargador	Porteur, chargeur, docker
cargamento	Chargement; Cargaison
cargante	Ennuyeux, embêtant
cargar	Charger; Prendre la tête (ennuyer, importuner); Facturer, rajouter sur une facture; Affaler
cargo	Charge; Poste; Débit
carguero	Avion-cargo
caribe	Caraïbe; Caraïbes; Piranha
caribeño	Caribéen; Habitant des Caraïbes
caricatura	Caricature
caricaturesco	Caricatural
caricaturista	Caricaturiste
caricia	Caresse
caridad	Charité
caries	Carie
carilla	Masque d’apiculteur; Page, feuille; Cornille; Prothèse dentaire; Monnaie qui a été frappée à Valence
carina	Carine
carioca	Carioca
carisma	Charisme
carita	Émoticône
caritativo	Caritatif
cariz	Tournure, aspect de l'atmosphère
cariño	Affection; Caresse; Chéri, chérie (surnom affectueux donné à un être aimé); Nostalgie
cariñosamente	Affectueusement
cariñoso	Affectueux, tendre
carlismo	Carlisme
carlista	Carliste
carlos	Charles
carlota	Charlotte
carme	Prénom féminin
carmelita	Carme, carmélite
carmelo	Mont Carmel
carmen	Carmen
carmesí	Carmin, cramoisi; Rouge carmin
carmona	Carmona
carmín	Carmin, colorant d’origine animale; Teinte rouge
carnada	Appât de viande ou de poisson, boitte; Appât
carnal	Charnel; Frangin
carnaval	Carnaval
carne	Viande; Chair
carnero	Mouton
carnestolendas	Carnaval
carnicero	Boucher, d’animaux de boucherie; Cruel, sanguinaire; Boucher
carnicería	Boucherie
carnoso	Charnu, charneux
carnívoro	Carnivore
caro	Cher, coûteux
carolina	Caroline; Région des États-Unis d’Amérique; Acoma bâtard (Sideroxylon salicifolium (L.) Lam.)
caroline	Caroline
carolingio	Carolingien
carolino	Relatif ou originaire des îles Carolines; Relatif à une personne nommée Carlos; Relatif à Charles Quint
caronte	Charon
caroteno	Carotène
carpa	Carpe, poisson d’eau douce; Todos los años, por el mes de marzo, una familia de gitanos desarrapados plantaba su carpa cerca de la aldea, y con un grande alboroto de pitos y timbales daban a conocer los nuevos inventos. — (Gabriel García Márquez, traduit par Claude et Carmen Durand, Cien años de soledad, DeBolsillo, 2003) #*…
carpe	Charme
carpeta	Pochette en carton, dossier; Dans un ordinateur, subdivision de classement, dossier
carpincho	Capybara
carpintero	Menuisier; Charpentier; Pic (oiseau)
carpintería	Charpenterie, menuiserie
carpo	Carpe
carraca	Crécelle, caraque
carranza	Karrantza; Cours d’eau qui traverse la Biscaye et la Cantabrie
carrascal	Cocciféraie
carrasco	Nom de différents lieux; Nom de famille espagnol
carrera	Course; Course, trajet d’un taxi; Cursus; Carrière; Chaussée, voie ample pour les véhicules; Nom de famille
carreta	Charrette, chariot
carrete	Bobine
carretear	Brouetter
carretera	Route, autoroute, chemin
carretero	Charretier
carretilla	Brouette
carril	Ornière, trace de roues de char sur une voie; Voie; Rail
carrito	Charriot, petit char; Caddie
carrizo	Canne de Provence; Oyat
carrión	Affluent du Pisuerga; Nom de famille
carro	Voiture, auto; Char
carrocería	Carrosserie
carroza	Carrosse
carroña	Charogne
carroñero	Charognard, nécrophage
carruaje	Carrosse
carrusel	Manège
carta	Lettre, missive
cartagena	Carthagène
cartagenero	Carthagénois
cartaginés	carthaginois; Carthaginois
cartaya	Ville d’Andalousie
cartel	Affiche; Cartel
cartela	Cartel
cartera	Portefeuille; Postière, factrice
carterista	Voleur à la tire
cartero	Postier, facteur
cartesiano	Cartésien
cartografiar	Cartographier
cartografía	Cartographie
cartográfico	Cartographique
cartonero	Chiffonnier
cartuchera	Culotte de cheval, trousse
cartucho	Cartouche
cartuja	Chartreuse
cartujo	Chartreux
cartulario	Greffier; Cartulaire
cartulina	Bristol
cartílago	Cartilage
cartógrafo	Cartographe
cartón	Carton
carvallo	Nom de famille
carácter	Caractère, symbole
carótida	Carotide
casa	Maison
casabe	Manioc; Galette de manioc
casablanca	Casablanca
casaca	Casaque, veste; Mariage
casación	Cassation
casado	Marié; Casado
casal	Maison de laboureur; Manoir; Terrain à bâtir, ou anciennement bâti; Nom de famille
casamiento	Mariage
casar	Marier; Casser un jugement; Faire correspondre, coïncider; Groupe de maison formant un hameau, un village
casasola	Casasola
cascabel	Grelot; Grelot, sonnette d’un serpent
cascada	Chute d’eau, cascade
cascajo	Gravier
cascante	Cascante
cascanueces	Casse-noix, casse-noisette; Casse-noix
cascarilla	Écorce de certains fruits ou graines; Écorce du quinquina dont on tire la quinine; Cascarille, arbuste du genre Croton
cascarón	Coquille (d’oeuf); Coquille de noix
casco	Crâne; Casque; Sabot d’un cheval; Coque d’un bateau; Embarcation des Philippines; Cadavre de bouteille vide; Tunique d’oignon
casero	De la maison, fait maison; Fait maison, artisanal; Simple, sans complication; Maître de maison; Propriétaire
caserío	ferme, petit hameau
caseta	Maisonnette
casete	Cassette
caseína	Caséine
cash	Sapèque
casi	Presque
casilla	Maisonnette; Case
casillero	Casier, meuble à casiers
casino	Casino, maison de jeux; Club privé où la bourgeoisie du XIXᵉ siècle se retrouvait pour discuter, jouer, lire, etc; Cantine d’entreprise ou d’établissement scolaire; Mess militaire
casita	Kassite; Kassite (langue); Maisonnette
caso	Cas; Occasion
caspa	Pellicule, cellule du cuir chevelu ayant desquamé
caspio	Caspien
casquete	Couvre-chef; Casque d’armure; Calotte; Postiche, perruque
casquillo	Culot
cassia	Cassie, cannelier de Chine
casta	Race, lignage; Caste
castaña	Châtain, couleur brune; Châtaigne
castañar	Châtaigneraie
castaño	Châtaignier, marronnier; Bois du châtaignier, marronnier; Noyer du Brésil; Châtain
caste	Caste
castejón	Castejón; Nom de famille
castellanización	Castillanisation
castellano	Castillan, relatif à la Castille; Castillan, habitant de Castille; Castillan, langue espagnole; Châtelain
castellar	Castellar, commune d’Espagne située dans la province de Jaén, en Andalousie; Site castral; Millepertuis androsème
castelldefels	Castelldefels
castellonense	Relatif à Castellón; Habitant de Castellón
castellón	Castellón
castidad	Chasteté
castigado	Punir
castigar	Punir
castigo	Châtiment, punition
castilla	Tissu grossier fabriqué à partir de laine de mouton, parfois mélangée à de la laine de lama, utilisé pour fabriquer des vêtements chauds; Castille
castillejo	Châtelet; Youpala, trotteur pour bébé
castillo	Château
casting	Casting
castizo	De bonne caste, de bonne origine; Pur, non mélangé, en parlant du sang ou de l’origine ethnique; Pur, non affecté par des influences étrangères, en parlant de la langue
casto	Chaste, continent
castor	Castor
castración	Castration
castrado	Castrer, châtrer
castrar	Castrer, châtrer
castrillo	Nom de famille
castro	Colline fortifiée, oppidum; Nom de famille
casual	Casuel
casualidad	Casualité, hasard, concours de circonstances
casucha	Masure, bicoque
casuística	Casuistique
cata	Goûter
cataclismo	Cataclysme
catalanismo	Catalanisme
catalanista	Catalaniste
catalejo	Longue-vue
catalina	Catherine
catalizador	Catalyseur
catalogación	Catalogage
catalogar	Cataloguer
cataluña	Catalogne
catalán	Catalan; Catalan, habitant de la Catalogne; Nom de famille
catamarán	Catamaran
catania	Catane (ville de Sicile)
catapulta	Catapulte
catar	Goûter; Qatar
catarata	Cataracte
catarro	Rhume
catarroja	Ville du Pays valencien située dans la banlieue de Valence
catarsis	Catharsis
catarí	Qatari
catastral	Cadastral
catastro	Cadastre
catatónico	Catatonique
cate	Goûter
catecismo	Catéchisme
catedral	Cathédral; Cathédrale
catedrático	Professeur (titulaire d'une chaire)
categorización	Catégorisation
categorizar	Catégoriser
categoría	Catégorie
categórico	Catégorique
catenaria	Caténaire
catering	Catering
cateterismo	Cathétérisme
cateto	Côté d’un triangle rectangle, cathète
catión	Cation
catolicismo	Catholicisme
catorce	Quatorze
catre	Couchette, couche, petit lit léger pour une personne
catrina	Bien vêtu, habillé avec élégance
catálogo	Catalogue
catán	Katana; Garpique alligator (poisson)
catártico	Cathartique; Purgatif
catástrofe	Catastrophe, désastre
catéter	Cathéter
católico	Catholique
cauce	Lit d’un cours d’eau; Conduit, conduite d’eau; Moyen, façon
caucho	Caoutchouc, latex coagulé; Arbre à caoutchouc, hévéa; Nom vernaculaire de Castilla elastica arbre de la famille des Moracea endémique du Mexique et de la zone tropicale mésoaméricaine. On le nomme aussi hule; Caoutchouc, imperméable; Pneu, pneumatique
caución	Caution
caucásico	Caucasien, caucasique; Caucasien
caudal	Capital, principal; Caudal; Qui a un fort débit, torrentiel; Débit
caudaloso	Torrentiel, qui a un fort débit; Large, dont les eaux sont abondantes
caudillismo	Caudillisme
caudillo	Caudillo; Chef militaire
causa	Cause
causal	Causal
causalidad	Causalité
causante	De cujus
causar	Causer
cautela	Prudence, précaution, circonspection, réserve
cautelar	Prudent, précautionneux; Prudent, précautionneux
cautelosamente	Précautionneusement, cauteleusement
cauteloso	Précautionneux
cautivado	Captiver
cautivador	Captivant, ravissant
cautivante	Captivant
cautivar	Captiver
cautiverio	Captivité
cautividad	Captivité
cautivo	Captif
cauto	Prudent
cava	Creuser
cavalier	Cavalier
cavar	Creuser
cave	Creuser
caverna	Caverne
cavia	Creux; Cochon d’Inde; Cavia
caviar	Caviar
cavidad	Cavité
cavo	Creuser
cayado	Houlette, bâton de berger
cayena	Hibiscus rose de Chine
cayenne	Cayenne, en Guyane
cayetano	Bourge
cayo	Caye
caz	Douve
caza	Chasse; Avion de chasse, chasseur; Ensemble d'animaux non domestiques avant puis après avoir été chassés; Persécution
cazador	Chasseur; Chasseur, soldat de la cavalerie légère
cazadora	Blouson
cazafantasmas	Chasseur de fantômes
cazar	Chasser, chercher ou suivre des oiseaux, fauves, ou d'autres sortes d'animaux pour les attraper ou les tuer; Dénicher, dégoter, trouver quelque chose à trouver ou bien sans que l'on s'y attende; Comprendre quelque chose rapidement; Manipuler quelqu'un, diriger la volonté de quelqu'un en utilisant la flatterie ou la tromperie; Débusquer, découvrir la négligence, une erreur ou une action de quelqu'un alors qu'il voulait la cacher; (en sport) Se dit d'un joueur de football : commettre une faute violente sans l'intention de toucher le ballon; Border une voile
cazatalentos	chasseur de talents, chasseur de têtes, recruteur
cazo	Casserole
cazuela	Casserole
cazón	Requin-hâ
caí	Tomber; Tomber, pendre; Tomber, se déplacer de haut en bas sous l’effet de la force de gravité
caída	Chute, baisse
caín	Caïn (fils aîné d’Adam)
caña	Canne; Canne à sucre; Sorte de verre utilisé pour boire des boissons alcoolisées telles la bière; Bière à la pression; Boisson alcoolisée, distillée, à partir de canne à sucre, sorte de rhum; Moelle; Anche; Partie de la botte qui se situe au dessus de la cheville, tige de la botte
cañada	Vallon; Moelle; Chemin de transhumance; Cañada
cañar	Roselière, phragmitaie, lieu où poussent abondamment cannes ou roseaux; Sucer une canne à sucre
cañaveral	Roselière, phragmitaie, lieu où poussent abondamment cannes ou roseaux; Cañaveral
cañería	Tuyauterie
cañete	Cañete; Cannaie; Roseau
cañizares	Cañizares; Nom de famille
caño	Sucer une canne à sucre
cañonazo	Coup de canon
cañón	Canon; Calamus (axe central d’une plume); Canyon
caótico	Chaotique
cbp	CBP
ccaa	Abréviation de communautés autonomes
ccf	CCM
cco	CCI
cctv	Vidéosurveillance
cd	CD
cdmx	Mexico, capitale du Mexique
ce	Cé
cebador	Amorce; Amorce
cebar	Gaver, engraisser; Alimenter avec du combustible un foyer,une cheminée, un poêle
cebiche	Ceviche, marinade de poissons, de jus de citron vert et d’oignons
cebo	Nourriture destinée à engraisser les animaux; Appât
cebolla	Oignon
cebolleta	Ciboule; Ciboulette; Ail doré
cebra	Zèbre
cebrián	Nom de famille
cebú	Cebu, île située entre Midanao et Luçon; Cebu, capitale de cette île; Zébu
ceca	Hôtel des monnaies
ceceo	Ceceo
ceda	Céder
cedente	Cédant
ceder	Céder
cedeño	Nom de famille
cedh	CEDH
cedo	Céder
cedro	Cèdre; Bois de cet arbre; Genévrier (Juniperus L., 1753)
cedrón	Verveine odorante
cefalea	Céphalée
cefalorraquídeo	Céphalorachidien
cegar	Aveugler
ceguera	Cécité
ceiba	Kapokier, fromager
ceibo	Érythrine crête-de-coq
ceja	Sourcil
cela	Faire quelque chose avec zèle, application; Observer, surveiller
celada	Embuscade, guet-apens, attaque par surprise de la part de gens armés et au visage caché à l'encontre d'un ennemi; Embûche, piège, fraude dissimulée
celador	Qui cache ou qui veille; Gardien
celar	Faire quelque chose avec zèle, application; Observer, surveiller
celda	Cellule (lieu de réclusion ou d’hébergement)
celebración	Célébration
celebrar	Fêter; Célébrer
celebridad	Célébrité
celeridad	Célérité, vitesse
celeste	Céleste; Bleu ciel
celestial	Céleste
celestina	Entremetteuse (d’une relation amoureuse); Personne qui facilite ou favorise de manière secrète des contacts à des fins politiques, économiques ou autres
celestino	Célestin
celia	Célia
celiaco	Cœliaque
celibato	Célibat
cella	Cella
celo	Zèle; (en parlant d’un animal) Rut, chaleur; (au pluriel) Jalousie
celofán	Cellophane
celoso	Jaloux
celosía	Jalousie
celta	Celte, celtique; Celte, celtique
celular	Cellulaire; Cellulaire , portable , téléphone portable, mobile, natel , GSM
celulitis	Cellulite
celuloide	Celluloïd
celulosa	Cellulose
celíaco	Cœliaque
cementerio	Cimetière, terrain généralement fermé où on enterre les morts; Dépôt de déchets de certaines industries, notamment de voitures ou de déchets nucléaires
cemento	Ciment
cena	Repas du soir
cenado	Dîner, manger le repas du soir
cenador	Tonnelle
cenar	Dîner, manger le repas du soir
cencerro	Grelot, clochette
cenefa	Plinthe, liseré
cenicero	Cendrier; Partie de la cheminée ou de l’âtre qui recueille les cendres; Cenicero
cenicienta	Cendrillon
ceniciento	Cendré
cenit	Zénith; Zénith, point le plus haut
ceniza	Cendre
cenizo	Cendreux, cendré; Malchanceux, qui attire la malchance; Chénopode; Oïdium; Malchance
cenote	Cénote
censal	Censuel
censar	Recenser
censo	Cens
censor	Censeur/censeure; Censeur/censeure
censura	Censure
censurable	Censurable
censurar	Censurer
centauro	Centaure
centavo	Centime de dollar américain
centella	Étincelle
centena	Centième
centenar	Centaine
centenario	Centenaire
centeno	Centième; Seigle
centinela	Soldat qui fait le guet pour la garde d’un camp, d’une place, d’un palais, etc; Personne qui est en observation
central	Central, qui est dans le centre; Central, centrale
centralismo	Centralisme
centralista	Centraliste
centralizado	Centraliser
centralizar	Centraliser
centrar	Centrer
centrifugación	Centrifugation
centro	Centre
centroamericano	Centraméricain
centroamérica	Amérique centrale
centrocampista	Milieu de terrain
centroderecha	Centre droit, centre-droit
centroeuropeo	Centreuropéen
centroizquierda	Centre gauche, centre-gauche
centrífugo	Centrifuge
centuria	Siècle; Centurie
centurión	Centurion
centésimo	Centième; Centime, fraction de certaines monnaies sud-américaines
centímetro	Centimètre
cepa	Souche; Cep de vigne; Souche, origine d’un lignage, d’une famille
cepeda	Cepeda; Maquis dont les ceps, les troncs servent à produire du charbon
cepillar	Brosser
cepillo	Brosse
cepo	Cep, carcan, instrument de torture; Entrave; Sabot pour immobiliser un véhicule
cera	Cire
ceramista	Potière
cerbatana	Sarbacane
cerca	Proche, près; Environ, à peu près (suivi de la préposition de); Haie
cercano	Proche
cercanía	Proximité
cercar	Enfermer, cerner, enclore
cercas	Haie
cercenar	Retrancher
cerda	Truie
cerdeña	Sardaigne
cerdo	Cochon (Sus scrofa domesticus); Porc (en tant que viande); Porc, personne sale; Personne immorale
cereal	Céréale
cerebelo	Cervelet
cerebral	Cérébral
cerebro	Cerveau
cereceda	Cerisaie
ceremonia	Cérémonie
ceremonial	Cérémoniel; Cérémonial
ceremonioso	Cérémonieux
ceres	Cérès; Cérès (planète naine)
cereza	Cerise
cerezo	Cerisier
cerilla	Allumette; Sorte de bougie longue et fine; Cérumen
cerillo	Allumette
cerio	Cérium (l’élément chimique Ce)
cern	CERN
cerna	Nom de famille
cernícalo	Faucon crécerelle
cero	Zéro
cerradura	Serrure
cerrajero	Serrurier
cerrajería	Serrurerie
cerrar	Fermer; S'Achever
cerrato	Comarque de la province de Palencia
cerro	Colline, coteau
cerrojo	Verrou
certamen	Concours, joute oratoire
certeza	Certitude
certidumbre	Certitude
certificación	Certification
certificar	Certifier
cervantes	Cervantes; Nom de famille; Village intégré à Robleda-Cervantes
cervantino	Cervantesque
cervecero	Appartenant ou relatif à la bière; Qui fabrique ou qui vend de la bière; Se dit d’une personne qui s’adonne à la consommation de la bière; Brasseur (Personne qui fabrique ou qui vend de la bière); Personne qui s’adonne à la consommation de la bière
cervecería	Brasserie, lieu où l’on brasse de la bière; Brasserie, établissement où l’on vend de la bière au détail
cervera	Cervera; Nom de famille
cerveza	Bière
cerámica	Céramique
cerámico	Céramique
cesación	Cessation
cesar	Quitter, cesser, arrêter
cese	Cessation, action de cesser; Renvoi, licenciement, destitution, action de destituer, de démettre quelqu’un d’un emploi ou de fonctions déterminés
cesio	Cesium (l’élément chimique Cs)
cesionario	Cessionnaire
cesión	Cession; Règle qui interdit au gardien de but de prendre à la main un ballon lors d’une passe en retrait volontaire
cesta	Corbeille, panier; Contenu d’un panier; Panier
cesto	Panier, corbeille
cesárea	Césarienne
cetrería	Fauconnerie
cetro	Sceptre
cetáceo	Cétacé
ceuta	Ceuta
ceutí	Ceutien; Ceutien
ceñido	Ceint
ceño	Ceinture, cercle qui entoure; Signe des yeux, froncement des sourcils; Grimace, expression du visage; Aspect menaçant
cfc	CFC, chlorofluorocarbure
cg	Phosgène
chabacano	Chavacano; Abricot; Grossier, vulgaire, sans finesse et sans éducation
chabola	Cabane, en particulier les habitations précaires des bidonvilles
chaca	Gommier rouge
chacabuco	Toponyme utilisé dans plusieurs pays hispanophone d'Amérique du Sud
chacal	Chacal
chacarero	Fermier
chacha	Ortalide; Fille; Servante
chacho	Mec; Mec
chaco	Chaco
chad	Tchad (pays d’Afrique)
chafa	Naze, nul (de mauvaise qualité)
chaflán	Chanfrein
chaira	Aiguisoir à couteaux, fusil
chakra	Chakra
chal	Châle
chaleco	Gilet
chalupa	Chaloupe; Pantoufle
chalé	chalet
chamaco	Jeune enfant ou adolescent
chamamé	Chamamé
chamanismo	Chamanisme
chamartín	Chamartín
chamba	Coup de chance; Travail, emploi; Fossé; Cicatrice profonde (comparée avec un fossé)
chambear	Bosser, travailler
chambelán	Chambellan
chamo	Enfant
chamorro	Tendre; Tondu, en parlant de la tête des humains ou des animaux; Relatif aux Chamorros, à leur langue; Chamorro, habitant de Guam et des îles Mariannes du Nord; Chamorro; Mollet, jarret de porc
champaña	Vin de Champagne, champagne
champiñón	Nom donné à de nombreuses variétés de champignons du genre agaric, souvent comestibles
champán	Champagne; Sampan, champan
champú	Shampoing
chamán	Chaman
chancha	Truie
chanchito	Porcelet, petit cochon; Tirelire, en particulier si elle est en forme de petit cochon
chancho	Cochon (animal), porc (viande); Personne sale
chanchullo	Magouille, manigance, pratique frauduleuse
chancillería	Chancellerie
chancla	Claquette, sandale légère
chancleta	Tong, sandale légère
chancro	Chancre
changa	Singe; Chariot de supermarché, caddie; Gamin, minot (jeune, enfant)
chango	Singe; Chariot de supermarché, caddie; Gamin, minot (jeune, enfant)
chantaje	Chantage
chantajear	Faire chanter
chantajista	Maître-chanteur
chantilly	Chantilly
chantre	Chantre
chanza	Badinage
chao	Ciao
chapa	Platine, tôle
chaparra	Petit et rondouillard; Petit, de petite taille
chaparral	Chaparral
chaparro	Petit et rondouillard; Petit, de petite taille; Maquis; Chêne vert
chaparrón	Averse
chape	Tresse, limace
chapero	Tapin
chapoteo	Barboter
chapulín	Nom générique de plusieurs insectes de l’ordre des Orthoptères, avec des pattes postérieures adaptées pour le saut, sauterelle, criquet
chapuza	Plonger
chapuzón	Plongeon, immersion
chapín	Guatémaltèque
chapó	chapeau !
chaqueta	Veste, veston; Branlette
charada	Charade, flambée
charanga	Charanga
charango	Charango
charca	Marécage
charco	Flaque; Atlantique
charcutería	Charcuterie
charla	Discussion, conversation
charlar	Bavarder, discuter, parler
charlatanería	Bavardage
charlatán	Bavard; Bavard et indiscret; Charlatan
charleroi	Charleroi (ville de Belgique)
charles	Bavarder, discuter, parler
charol	Vernis, cuir verni; Plateau (repas), grande assiette (synonyme de bandeja)
charola	Vernir
charqui	Fin morceau de viande de lama, de porc ou de bœuf salée séchée au soleil et parfois congelée naturellement (en altitude dans les Andes), c'est une spécialité du Cône Sud
charro	Cavalier, cowboy mexicain
charros	Cavalier, cowboy mexicain
charrúa	Charrúa
chascarrillo	Galéjade
chasco	Blague, farce; Déception, insuccès
chasis	Châssis automobile
chasquear	Bafouer
chat	Dialogue en ligne
chata	Barge, chaland
chatarra	Ferraille; Bricole, chose de peu de valeur
chatear	Faire la tournée des bars
chateo	Faire la tournée des bars
chato	Qui a le nez plat
chau	Ciao bye
chaucha	Haricot vert; Petite monnaie
chauvinismo	Chauvinisme
chaval	Jeune homme, mec
chaveta	Maboul; Goupille, clavette
chavismo	Chavisme
chavista	Chaviste
chavo	Jeune; Centime du peso; Centime du dolar
chayote	Chayote, chayotte
chañar	Nom vernaculaire d'un arbre épineux de la famille ds Fabaceae nommé Geoffroea decorticans et dont les fruits comestibles portent le m
che	Tiens ! Eh !; Cette interjection désigne maintenant aussi Che « Guevara »; Employée en Amérique espagnole pour désigner les Argentins
checa	Tchèque, habitante de la Tchéquie
checar	Vérifier, contrôler
chechenia	Tchétchénie, république de Russie
checheno	Tchétchène
checo	Tchèque; Tchèque, habitant de la Tchéquie
checoslovaco	Tchécoslovaque
checoslovaquia	Tchécoslovaquie (ancien pays européen)
chef	Chef cuisinier
chela	Bière
chelo	Violoncelle
chelín	Schilling
chema	Diminutif de José Manuel
chepa	Bosse
cheque	Chèque
chequear	Contrôler, vérifier
chequeo	Contrôle, vérification
chernóbil	Tchernobyl
cheroqui	Tchérokî, Cherokee
cheshire	Cheshire (fromage anglais)
cheste	Cheste
cheve	Bière
chiapas	Chiapas
chic	Chic
chica	Fille, jeune fille
chicago	Chicago (ville des États-Unis d’Amérique)
chicano	Chicano; Se dit de ceux qui sont d'origine mexicaine aux États-Unis d'Amérique ou de descendance de Mexicains des États-Unis d'Amérique
chicha	Chair, viande; Boisson andine faite à base de maïs fermenté; Vulve; Vin ou cidre; Poitrine de la femme; Boisson rafraichissante, alcoolisée ou non, à base ou non du maïs; Qualifie les manifestations culturelles occidentales copiées par les Amérindiens immigrés dans les grandes villes
chicharra	Cigale
chicharro	Chinchard commun
chicharrón	Graton de porc, grillon
chichi	sein, nichon; Sexe des femmes
chichón	Bosse sur la tête; Astrocaryum mexicanum
chicle	Chicle, gomme tirée du sapotillier; Friandise obtenue en aromatisant la gomme et en la sucrant
chico	Petit; Garçon, jeune garçon, jeune homme; Homme; Diminutif de Francisco
chido	Cool, super, génial (bien, bon)
chiflado	Fou, dérangé; Fou, passionné
chigüire	Capybara
chihuahua	Marque la surprise, la déception, le désespoir; Chihuahua
chiita	chiite
chikungunya	Chikungunya (maladie)
chilango	Provincial installé à Mexico et, par extension, ses enfants; Habitant de Mexico, personne qui en est originaire, souvent avec une nuance péjorative; Qui habite Mexico ou en provient, relatif à Mexico, souvent avec une nuance péjorative
chilca	Faux-cotonnier
chile	Chili; Piment; Bite, queue, pénis
chileno	Chilien
chili	Sauce pimentée
chilla	Renard gris d’Argentine
chillar	Crier, hurler
chillido	Couinement
chillón	Criard, brailleur
chilote	De Chiloé (archipel du Chili)
chiloé	Chiloé
chimaltenango	Chimaltenango
chimenea	Cheminée
chimichurri	Chimichurri
chimpancé	Chimpanzé, chimpanzée
china	Chine, pays d’Asie; Chinoise, habitante de la Chine; Jeune fille; Boulette de hachisch
chinandega	Ville du Nicaragua
chinche	Punaise de lit; Punaise, petit clou à grosse tête
chinchilla	Chinchilla (rongeur); Chinchilla (fourrure)
chinchorro	Canot à rames; Hamac
chinchón	Jeu de carte typiquement espagnol — répandu dans tout le monde hispanique — se jouant avec un jeu de cartes spécial nommé baraja española
chinga	Branlée, dégelée, dérouillée, raclée, trempe, rouste (volée de coups); Évoque la pénibilité, le stress et la rapidité
chingada	Hors d’usage, cassé : niqué, foutu, pété; Dans une situation désespérée : niqué, foutu, baisé, qui l’a dans le cul, qui l’a dans l’os; Met l’emphase sur le substantif qu’il accompagne : putain de, foutu, satané, tabarnak de, astie de; Quand il se réfère à la mère : abusé, violé, prostitué
chingadera	Action contraire aux lois établies, à la morale, indignes d’un gentilhomme : saloperie, enculade, vacherie, arnaque, coup de pute; Objet sans importance ou valeur, non spécifiée ou de mauvaise qualité : saloperie, camelotte, merde, merdiole, truc, bidule; Propos inepte, connerie; Urinoir bon marché construit à partir d’une citrouille
chingado	Hors d’usage, cassé : niqué, foutu, pété; Dans une situation désespérée : niqué, foutu, baisé, qui l’a dans le cul, qui l’a dans l’os; Met l’emphase sur le substantif qu’il accompagne : putain de, foutu, satané, tabarnak de, astie de; Quand il se réfère à la mère : abusé, violé, prostitué; Juron exprimant la surprise, la colère, le dépit, etc
chingados	Hors d’usage, cassé : niqué, foutu, pété; Dans une situation désespérée : niqué, foutu, baisé, qui l’a dans le cul, qui l’a dans l’os; Met l’emphase sur le substantif qu’il accompagne : putain de, foutu, satané, tabarnak de, astie de; Quand il se réfère à la mère : abusé, violé, prostitué
chingao	Putain, merde, bordel, fait chier (manifeste la colère, le dépit, l'indignation, la surprise)
chingar	Ennuyer : emmerder, faire chier, casser les couilles; Détruire, abîmer : foutre en l’air, niquer; Voler : chourrer, chouraver, tirer, faucher, piquer, taxer; Duper, vaincre de manière déloyale, trahir : entourlouper, baiser, niquer, entuber, enculer, fourrer; Couper la queue d’un animal; Agir à l’encontre des règles établies, agir sans foi ni loi, trahir : niquer; Boire en excès : picoler, se bourrer la gueule; Travailler dur : bourriner, bûcher
chingaste	Ennuyer : emmerder, faire chier, casser les couilles; Détruire, abîmer : foutre en l’air, niquer; Voler : chourrer, chouraver, tirer, faucher, piquer, taxer; Duper, vaincre de manière déloyale, trahir : entourlouper, baiser, niquer, entuber, enculer, fourrer; Couper la queue d’un animal; Agir à l’encontre des règles établies, agir sans foi ni loi, trahir : niquer; Boire en excès : picoler, se bourrer la gueule; Travailler dur : bourriner, bûcher
chingo	Ennuyer : emmerder, faire chier, casser les couilles; Détruire, abîmer : foutre en l’air, niquer; Voler : chourrer, chouraver, tirer, faucher, piquer, taxer; Duper, vaincre de manière déloyale, trahir : entourlouper, baiser, niquer, entuber, enculer, fourrer; Couper la queue d’un animal; Agir à l’encontre des règles établies, agir sans foi ni loi, trahir : niquer; Boire en excès : picoler, se bourrer la gueule; Travailler dur : bourriner, bûcher
chingue	Mouffette des Andes
chino	Chinois (en rapport avec la Chine); Chinois (personne chinoise); Chinois; Toute personne originaire d’Asie de l’est (chinois, coréens, mongols, vietnamiens)
chinook	Chinook
chip	Puce
chipe	Paruline, parisome
chipotle	Chipotle, variété de piment
chipre	Chypre (pays d’Europe)
chipriota	Chypriote, qui concerne la Chypre; Chypriote, habitant ou habitante de la Chypre
chiquero	Porcherie; Endroit très sale
chiquillo	Petit enfant, jeune enfant
chiquita	Fillette
chiquito	Petit, très petit; Enfant, garçonnet; Petit verre de vin au Pays basque
chirimoya	Chérimole
chiringuito	comptoir installé temporairement pour vendre des boissons et/ou du snacking, le plus souvent sur une plage, paillote
chiripa	Chance, coup de chance
chirrido	Cri ou bruit aigu et désagréable que font certains oiseaux ou animaux comme la cigale ou le grillon; Grincement
chis	Urine, pipi
chisme	Ragot, cancan; Machin, truc, objet indéterminé
chismear	Jaser
chismorreo	Jaser, cancaner
chismoso	Commère, bavard, qui ragote
chispa	Étincelle; Zest, petite portion; Ivresse
chispazo	Étincelle
chispeante	Drolatique
chistar	Dire un mot, piper mot, parler
chiste	Blague, histoire drôle
chistera	Haut-de-forme
chistoso	Amusant, drôle
chita	Guépard
chito	Chut !; Sorte de jeu à faire tomber une quille sur laquelle sont posées des pièces; Quille qui sert à ce jeu
chiva	Dénoncer, pratiquer la délation
chivato	Délateur
chivatos	Délateur
chivo	Bouc
chií	Chiite
cho	Monsieur, Madame, titre de civilité employé avec le prénom de la personne à qui on s’adresse
chocante	Choquant
chocar	Choquer, heurter, percuter
chocha	Gâteux; Cinglé; Satisfait, content; Nicaraguayen (pour une personne)
chocho	Gâteux; Cinglé; Oh là là, wow; Fruit du lupin blanc, lupin d’Égypte; Lupin; Vulve, sexe des femmes; Sucrerie, dragée, petit bonbon; Graine de lupin changeant que l’on trempe pour extraire l’amertume et l’acidité
choclo	Jeune épi de maïs doux (avec ses grains), maïs (alimentaire) généralement servi grillé ou bouilli; Plats réalisés avec ce type de maïs doux
choco	Choquer, heurter, percuter
chocolate	Chocolat; Chocolat (boisson); Hachich, shit (résine de cannabis)
chocolatero	Chocolatier; Chocolatier
chocolatina	Barre chocolatée
chocó	Choquer, heurter, percuter
chofer	Chauffeur, chauffeuse
chol	Ch’ol
chola	Pantoufle (à l’origine en toile cirée); Tong, claquettes; Pédale de l’accélérateur d’un véhicule automobile; Femme de la campagne habillée avec un costume très reconnaissable
chole	Colin de Gambel (Callipepla gambelii Gambel, 1843)
chollo	Aubaine
cholo	Personne aux traits indigènes; Métis, personne née de parents européens et amérindiens; Bandit, malfaiteur vagabond
chontales	Relatif au peuple chontal
chopo	Peuplier
choque	Choc; Choc, état de choc
chor	Short
chorear	Voler; (Intransitif, Mexique) Préparez de longs discours; Ennuyer quelqu'un, provoquer l’ennui; Se mettre en colère, enrager, ennuyer; S'ennuyer; Se moquer de quelqu'un, faire marcher quelqu'un; Pêcher une espèce de mollusques appelés « choros »
chorizo	Chorizo; Voleur; Barre d’équilibriste, balancier; Amateur de théâtre de la fin du XVIIIᵉ siècle qui s’opposait aux polacos; Pénis
chorlito	Pluvier
choro	Voleur, escroc
chorrada	Bricole, babiole, bibelot; Connerie, bêtise
chorrear	pronominal) Couler, s’écouler; Secréter ou laisser s’échapper un liquide
chorreo	pronominal) Couler, s’écouler; Secréter ou laisser s’échapper un liquide
chorro	Jet, courant; Jet d’eau; Robinet; Tonnes, pile, tas
chota	Téter, sucer
choto	Chevreau, chevrette; Veau
chovinismo	Chauvinisme
choza	Cabane, hutte, chaumière
chubasco	Orage; Averse
chucha	Chienne (animal); Chatte, moule (sexe des femmes); Putain, merde, fait chier, bordel (marque la colère, l’indignation)
chucho	Chien; Aiguillage; Froidure; Poisson dont la chair est très estimée; Interrupteur; Frisson de fièvre, fièvre paludéenne, fièvre intermittente; Frisson de peur, peur; Diminutif de Jesús
chucrut	Choucroute
chueco	Tordu, sinueux, arqué, en parlant d'un chose ou d'une personne au physique contrefait; Qui as les idées tordues, qui n'est pas moralement irréprochable; Qui as les jambes arquées
chula	Joli, mignon, chouette; Insolent, fier, prétentieux; Inculte, vulgaire (pour une personne, de mauvaise qualité (pour une chose)
chuleta	Côtelette; Antisèche aussi bien celle qu'utilisent les étudiants pour tricher que celle qu'un orateur pose sur son pupitre; Giffle, baffe
chulo	Joli, mignon, chouette; Insolent, fier, prétentieux; Inculte, vulgaire (pour une personne, de mauvaise qualité (pour une chose); Proxénète, maquereau; Beauf, personne vulgaire, sans éducation; Péon, ancien nom donné aux subalternes du matador, littéralement : voyou. Les subalternes étaient choisis parmi les gens de basse classe; Madrilène des classes populaires qui soigne sa tenue vestimentaire; Nom parfois donné aux coches de ce type ✓, ✔, ☑, sur des listes de vérification
chunga	De mauvaise qualité, nul
chungo	De mauvaise qualité, nul
chuo	Diminutif de Jesús
chupa	Silure rayé, poisson d’eau douce de la famille des Auchenipteridae, natif d’Amérique du Sud, dont le nom scientifique est Auchenipterus nuchalis
chupacabras	Chupacabra
chupada	Action qui consiste à mettre son cigare à la bouche et a en inspirer la fumée, Le résultat de cet action : une bouffée; Fellation; Succion simulée par les chamanes andins dans le but de retirer des maladies du corps du patient
chupado	Sucer, aspirer un liquide avec les lèvres; Sucer, tailler une pipe; Picoler, biberonner
chupamedias	Lèche-cul
chupar	Sucer, aspirer un liquide avec les lèvres; Sucer, tailler une pipe; Picoler, biberonner
chupasangre	Bolet de fiel
chupe	Boisson alcoolisée; Sorte de ragoût de pommes de terres, de tomates, de piments, de viande ou de poisson parfois avec des œufs; Consommateur de boissons alcoolisées; Sorte de bouillon, spécialité du NOA, composé de maïs, de pomme de terre et de viande cuites dans de l'eau ou du lait ou les deux; Ragoût de fruits de mer, de poissons, et de pain
chupete	Tétine; Suçon; Sucette (confiserie)
chupetín	Sucette, petite sucette
chupito	Shot, shooter, chupito
chupo	Sucer, aspirer un liquide avec les lèvres; Sucer, tailler une pipe; Picoler, biberonner
chupón	Suçant; Se dit d’un joueur qui joue de façon trop individualiste; Suçon; Gourmand; Tétine
churrasco	Grillade de viande cuite sur un barbecue ou une plancha
churro	Churro (sorte de beignet); Désignation populaire des habitants des zones intérieures du Pays valencien; Dialecte castillano-aragonais parlé par ces derniers; Joint, cigarette de marijuana; Relatif aux churros, à leur langue, à leur pays
chusco	Drôle
chusma	Foule; Chiourme
chuy	Diminutif de Jesús
chuzo	Lance, pique; Stalactite
cháchara	Bavardage
chándal	Survêtement, tenue sportive
chávez	Nom de famille
chévere	Très bon, excellent
chía	Chía; Chia, sorte de sauge; Cape le plus souvent noire et courte qui allait de la tête aux mains et était utilisée au moment du deuil
chícharo	Pois (plante); Petit pois (graine)
chófer	Chauffeur, chauffeuse
ci	QI
cian	Cyan
cianuro	Cyanure
ciberacoso	Cyberharcèlement
ciberataque	Cyberattaque
cibernética	Cybernétique
cibernético	Cybernétique
ciberseguridad	Cybersécurité
ciborg	Cyborg
cicatriz	Cicatrice
cicerón	Cicéron
ciclismo	Cyclisme
ciclista	Cycliste
ciclo	Cycle
ciclomotor	Cyclomoteur, vélomoteur
cicloturismo	Cyclotourisme
ciclón	Cyclone
cicuta	Cigüe
cid	Surnom de Rodrigo Díaz de Vivar; Mot utilisé dans la toponymie de quelques localités espagnoles
cidra	Cédrat
ciegamente	À l’aveuglette, aveuglément, en aveugle
ciego	Aveugle, non-voyant (qui ne voit pas); Obstrué (d'un conduit, tuyau, puits, porte); Aveuglé, ivre (dominé par une passion); Défoncé, pouillé, déchiré (drogué), noir, cuit (ivre); Aveugle, non-voyant; Cæcum
cielo	Ciel
ciempiés	Centipède; Mille-pattes
ciempozuelos	Ciempozuelos
cien	Cent
ciencia	Science
cieno	Boue, tourbe, limon
cientista	Scientiste; Scientiste
ciento	Cent
científicamente	Scientifiquement
científico	Scientifique
cierne	Tamiser
cierre	Fermeture; Fermeture, action de fermer
cierro	Fermer; S'Achever
ciertamente	Certes, si, d’abord; Certainement, sûrement, assurément
cierto	Certain; Certes
ciervo	Cerf
cierzo	Bise
cieza	Cieza
cifra	Chiffre
cifrado	Chiffrer
cifrar	Chiffrer
cifuentes	Cifuentes; Affluent du Tage
cigarra	Cigale
cigarrillo	Cigarette
cigarro	Cigare, cigarette
cigoto	Zygote
cigüeña	Cigogne
cigüeñal	Vilebrequin
cilantro	Coriandre; Panicaut fétide
cilicio	Cilice
cilindro	Cylindre
cilla	Cellier
cilíndrico	Cylindrique
cima	Cime, sommet, faîte
cimarrón	Sauvage ou redevenu sauvage, en parlant d’un animal domestiqué; Sauvage (forme sauvage d’une espèce cultivée); tire-au-flanc, en parlant d’un marin; Maquisard, qualifie surtout les esclaves fugitifs; Esclave fugitif; Maté servi sans sucre; Cimarron
cimentación	Fondation
cimentar	Cimenter
cimera	Cimier
cimiento	Fondation
cimitarra	Cimeterre
cinabrio	Cinabre; Cinabre, rouge vermillon
cinc	Zinc
cinca	Affluent du Segre
cincel	Ciseau
cincelado	Ciseler
cincha	Sangle
cinco	Cinq
cincuenta	Cinquante
cincuentenario	Cinquantenaire
cine	Ciné, cinéma
cineasta	Cinéaste
cinema	Cinéma
cinematografía	Cinématographie
cinematográfico	Cinématographique
cinematógrafo	Cinématographe
cinismo	Cynisme
cinta	Ruban, bande; Bande, cassette, film, pellicule
cintillo	Serre-tête
cinto	Ceinture
cintura	Taille, tour des hanches
cinturón	Ceinture, ceinturon
cinéfilo	Cinéphile; Cinéphilique
cinética	Cinétique
cinético	Cinétique
cipayo	Cipaye
ciprés	Cyprès
circadiano	Circadien
circo	Cirque
circuito	Circuit
circulación	Circulation, trafic
circulante	Circulant, mobile
circular	Circulaire; Circuler
circulatorio	Circulatoire
circuncisión	Circoncision
circunferencia	Circonférence
circunscripción	Circonscription; Circonscription, action de circonscrire, d’enfermer dans des limites
circunstancia	Circonstance
circunstancial	Circonstanciel
circunvalación	Boulevard périphérique, circonvallation
cirilo	Cyrille
cirio	Cierge; Arbre épineux endémique du nord-ouest du Mexique (Fouquieria columnaris (Kellogg) Kellogg ex Curran), il est nommé ainsi pour deux raison, sa forme columnaire et le fait que ses fleurs jaunes en position apicale ressemblent à la flamme d'un cierge
cirrosis	Cirrohose
ciruela	Prune
ciruelo	Prunier
cirugía	Chirurgie
cirujano	Chirurgien
cirílico	Cyrillique; Alphabet cyrillique
cis	Cis
cisco	Suie, cendre, petit fragment de charbon; Tumulte, tapage
cisjordania	Cisjordanie
cisma	Schisme
cisne	Cygne
cisneros	Cisneros; Nom de famille
cisterna	Citerne
cistitis	Cystite
cita	Rendez-vous; Citation
citación	Citation
citadino	Citadin
citar	Citer
citocromo	Cytochrome
citoplasma	Cytoplasme
ciudad	Ville; Personnes habitant la ville, par opposition aux habitants de la campagne
ciudadano	Citoyen
ciudadanos	Citoyen
ciudadanía	Citoyenneté
ciudadela	Citadelle
civil	Civil
civilización	Civilisation
civilizado	Civiliser
civilizar	Civiliser
civismo	Civisme
cizalla	Coupe-boulons, cisaille, cisailles
cizaña	Ivraie; Zizanie
ciática	Sciatique
ciático	Sciatique
ciénaga	Tourbière, marécage
clamar	Clamer, crier, réclamer
clamidia	Chlamydia
clamor	Clameur
clamoroso	Retentissant
clan	Clan
clandestinamente	Clandestinement
clandestinidad	Clandestinité
clandestino	Clandestin
claraboya	Claire-voie, puits de lumière
claramente	Clairement
claridad	Clarté
clarificar	Clarifier
clarinete	Clarinette, clarinette de basset
clarividencia	Clairvoyance, voyance
clarividente	Clairvoyant, qui possède le don de clairvoyance; Voyant
claro	Clair; Évidemment, bien sûr; Clairière, jour, espace, blanc (dans une discussion); Clair de lune
claroscuro	Clair-obscur
clarín	Clairon
clase	Classe; Classe, groupe de personnes et de familles ayant la même position dans la société; Cours
clasificación	Classification
clasificar	Classifier
clasismo	Classisme
claudicación	Claudication; Capitulation, reddition
claudicar	Boiter, claudiquer, clopiner; Capituler aux demandes de quelqu’un
claustro	Cloître
claustrofobia	Claustrophobie
claustrofóbico	Claustrophobe
clausura	Clôturer, fermer
clausurar	Clôturer, fermer
clava	Massue
clavado	Clouer
clavar	Clouer
clave	Clé (dérivé de llave); Clavecin : clave est aussi en espagnol un diminutif courant de clavecín [ainsi qu'en témoigne le début de l'article Clavecín sur l’encyclopédie Wikipédia (en espagnol) ]
clavel	Œillet
clavero	Giroflier
clavicordio	Clavicorde, clavecin
clavija	About; Cheville
clavo	Clou; Clou de girofle (épice)
clavícula	Clavicule
claxon	Klaxon, Avertisseur sonore
claymore	Claymore
clemencia	Clémence
clemente	Clément
cleptocracia	Kleptocratie
clerecía	Ensemble des clercs, clergé
clerical	Clérical
clericalismo	Cléricalisme
clero	Clergé
clic	Clic
cliché	Cliché, lieu commun
cliente	Client, cliente
clientela	Clientèle
clientelar	Clientéliste, clientélaire
clima	Climat
climatología	Climatologie
climático	Climatique
clip	Trombone
cloaca	Égout; Cloaque
clodoveo	Clovis
clon	Clone; Clown
clonación	Clonage
clonar	Cloner
clorhídrico	Chlorhydrique
cloro	Chlore
clorofila	Chlorophylle
cloruro	Chlorure
closet	Armoire
club	Club
clutch	Embrayage (système de transmission); Embrayage (pédale qui actionne ce système)
clásico	Classique (dans tous les sens du mot)
cláusula	Clause
clérigo	Clerc, membre du clergé
clímax	Climax
clínica	Clinique
clínico	Clinique
clítoris	Clitoris
clóset	Armoire
cnt	CNT (syndicat anarchiste espagnol)
coaccionar	Contraindre
coadjutor	Coadjuteur
coadyuvante	Coadjuvant
coadyuvar	Aider, contribuer
coahuila	Coahuila
coalición	Coalition
coautor	Coauteur
coautoría	Cocréation
cobalto	Cobalt (l’élément chimique Co)
cobarde	Lâche, couard
cobardía	Couardise, lâcheté
cobaya	Cochon d’Inde, cobaye
cobertizo	Hangar
cobijar	Abriter
cobo	Nom de famille; Strombe géant des Antilles
cobrador	Percepteur, celui chargé de recueillir impôts, redevances, dettes, etc
cobranza	Recouvrement
cobrar	Récupérer, recouvrer, collecter
cobre	Cuivre (l’élément chimique Cu); N’importe quel objet en cuivre; Ensemble d’ustensiles de cuisine en cuivre; Pièces de monnaie en cuivre; Cuivre (instrument à vent)
cobrizo	Cuivreux, qui contient du cuivre; Cuivré, recouvert de cuivre, plaqué de cuivre; Cuivré, qui évoque le cuivre, de la couleur du cuivre. #BB5836; Cuivré, couleur du cuivre. #BB5836
cobro	Récupérer, recouvrer, collecter
coca	Coca; Ménispermacée originaire du Levant; Coupe où les cheveux sont tirés en arrière et réunis derrière les oreilles; Coca, tarte catalane; Coca, cocaïne, substance tirée de la plante; Autres plantes à petites graines rondes, Conopodium, Verbascum pulverulentum; Coche, bateau médiéval
cocacola	Coca-Cola
cocaína	Cocaïne
cocción	Cuisson
cocer	Cuire; Bouillir
cochabamba	Cochabamba
coche	Automobile, voiture; Voiture; Coche
cochecito	Petite voiture; Landau, poussette (véhicule pour jeunes enfants)
cochera	Garage, parking, espace réservé dans lequel on gare une voiture
cochero	Cocher; Facile à cuire, facilement cuisable; Porcher
cochinilla	Cloporte; Cochenille
cochinillo	Cochonnet, goret
cochino	Cochon; Cochon, personne malpropre
cociente	Quotient
cocina	Cuisine (pièce); Cuisine (action de préparer de la nourriture); Cuisinière (meuble)
cocinar	Cuisiner
cocinero	Cuisinier
coco	Coco, noix de coco; Charançon; Espèce d’ibis; Cocotier; Microcoque; Tête; Croquemitaine.]; Prénom féminin
cocoa	Cacao, poudre de cacao
cocodrilo	Crocodile
cocotero	Cocotier
coctelería	Boutique où sont vendus des cocktails, cocktail shop
codeína	Codéine
codicia	Cupidité, convoitise
codicioso	Cupide, avide; Laborieux
codificación	Codification
codificador	Codeur; Encodeur
codificar	Codifier
codo	Coude
codorniz	Caille; Codorniz
coeditor	Coéditeur
coeficiente	Quotient; Coefficient
coercitivo	Coercitif
coerción	Coercition
coetáneo	Coétané
coexistir	Coexister
cofrade	Confrère
cofradía	Confrérie
cofre	Coffre; Coffre de la voiture
coger	Prendre; Cueillir (une plante, une fleur); Baiser, faire l’amour
cogida	Corrida
cognac	Cognac (ville française)
cognición	Connaissance
cognitivo	Cognitif
cogollo	Cœur de la laitue et d’autre légumes; Pousse tendre des arbres et autres plantes; Cime des pins; Partie haute, crème, meilleur de quelque chose
cogote	Nuque
cohabitación	Cohabitation
cohabitar	Cohabiter
cohecho	Second labour, labour final avant les semailles; Pot-de-vin
coherencia	Cohérence
coherente	Cohérent
cohesión	Cohésion
cohete	Fusée; Missile; Pistolet
cohorte	Cohorte
coima	Commission que perçoit le tenancier d’un tripot, d’une maison de jeu; Pot-de-vin en particulier s’il est payé à un fonctionnaire
coincidencia	Coïncidence
coincidente	Coïncident
coincidir	Coïncider; Être d'accord ou se mettre d'accord sur quelque chose
coito	Coït, rapport sexuel
coja	Prendre; Cueillir (une plante, une fleur); Baiser, faire l’amour
cojera	Boiterie
cojinete	Palier
cojo	Boîteux
cojones	Couilles, cojones, glaoui
cojonudo	Couillu
cojín	Coussin
col	Chou; Chou cavalier; Chou cabus
cola	Queue, appendice caudal; Colle (substance adhésive); Queue, file d’attente; Queue (d'une comète); Queue de cheval; Derrière (fesses); Trou du cul, trou de balle, cul (anus, rectum)
colaboración	Collaboration
colaborador	Collaborateur
colaborar	Collaborer
colaborativo	Collaboratif
colación	En-cas, collation
colada	Glisser, faufiler, filtrer; colarse : se faufiler, se glisser
colado	Glisser, faufiler, filtrer; colarse : se faufiler, se glisser
colador	Passoire; Personne qui resquille dans une file d’attente, qui essaye de doubler les autres dès que possible; Filtre en maille de bronze utilisé pour filtrer le jus de canne à sucre; Personne qui essaye par tout les moyens de tirer des avantages personnels en profitant de toutes les situations
colapsado	Bloquer, paralyser; Cesser de fonctionner, échouer, éclater, se démanteler
colapsar	Bloquer, paralyser; Cesser de fonctionner, échouer, éclater, se démanteler
colapso	Éboulement, effondrement, collapse
colar	Glisser, faufiler, filtrer; colarse : se faufiler, se glisser
colcha	Couverture, jetée de lit
colchonero	Relatif au matelas; Relatif au club Atlético de Madrid; Fabricant ou vendeur de matelas, matelassier; Colchonero
colchón	Matelas
cole	École
coleccionar	Collectionner
coleccionista	Collector
colección	Collection
colectivamente	Collectivement
colectividad	Collectivité
colectivismo	Collectivisme
colectivización	Collectivisation
colectivo	Collectif (association); Bus (ligne régulière de transport urbain ou périurbain); Taxi collectif, taxi ou plusieurs personnes allant dans la même direction montent et se partagent le prix de la course; Collectif, en commun
colega	Collègue
colegial	Collégial; Collégien; Bleu, jeune personne inexpérimentée
colegiata	Collégiale, église collégiale
colegio	Collège
colera	Colera
colesterol	Cholestérol
coleta	Queue-de-cheval; Coleta, postiche en forme de queue de cheval utilisé par les matadors; Référence, petite note en fin d’un ouvrage pour préciser ou éclairer le sens du texte; Tulle; Colette
colgante	Pendant, suspendu; Pendentif
colgar	Accrocher, pendre, suspendre, percher
colibrí	Colibri
coliflor	Chou-fleur
colilla	Mégot; Pan de tissu formant une petite traîne
colima	Colima
colina	Colline
colindante	Contigu
colirio	Collyre
coliseo	Colisée
colisionador	Collisionneur
colisionar	Télescoper
colisión	Collision
colita	Ogonek
colitis	Colite
collado	Colline; Passage, col entre deux collines
collage	Collage
collar	Collier
colleja	Silène; Coup sur la nuque, le dos du cou
colmado	Combler
colmar	Combler
colmena	Ruche
colmenar	Colmenar; Rucher
colmenares	Rucher
colmenero	Apiculteur, apicultrice
colmillo	Canine
colmo	Chaume, paille utilisée pour couvrir un toit de cabane
colo	Glisser, faufiler, filtrer; colarse : se faufiler, se glisser
colocación	Pose, placement; Destination, utilisation; Collocation
colocar	Placer, ranger; Enivrer, défoncer; (pronominal) S’enivrer, se défoncer
colofón	Colophon
colombia	Colombie, pays d’Amérique latine
colombiano	Qui a un rapport avec la Colombie ou ses habitants : colombien; Habitant ou originaire de Colombie : un Colombien
colombino	Relatif à Christophe Colomb, colombin
colombo	Colombo, ville du Sri Lanka
colon	Côlon; Colon
colonia	Colonie; Quartier (d’une ville); Cologne
colonial	Colonial
colonialismo	Colonialisme
colonización	Colonisation, action de coloniser
colonizado	Coloniser
colonizador	Colonisateur
colonizar	Coloniser
colono	Colon
coloquial	Familier
coloquio	Colloque
color	Couleur, teinte
colorado	Fleuve Colorado; Colorado; Rouge, rougeâtre
colorante	Peinture
colorear	Colorier, colorer
colorete	Maquillage, fond de teint
colorido	Coloré; Coloré
colorista	Coloriste
colorrectal	Colorectal
colorín	Roux, aux cheveux roux; Coloris, couleur vive; Chardonneret, passereau aux couleurs vives; Rougeole
colosal	Colossal
coloso	Colosse
coltán	Coltan
columbia	Columbia; Colombie
columna	Colonne, pilier; Tout ce qui ressemble à un pilier : éminence naturelle servant de limite, colonne d'eau, trombe, colonne de feu; Colonne
columnata	Colonnade
columnista	Chroniqueur
columpio	Balançoire
colusión	Collusion
colza	colza
colérico	Colérique, enclin à la colère; Cholérique, malade du choléra; Personne colérique; Personne cholérique, malade du choléra
colín	Dont la queue est coupée, anoure; Demi-queue
colón	Colón, monnaie du Costa Rica; Colomb; Ville du Panama
coma	Coma; Virgule; Virgule (séparateur décimal); Coma, aberration de coma; Comma; Miséricorde, patience, crédence (saillie en bois)
comadre	Commère (la marraine par rapport aux parents ou aux autres parrains ou marraines de son filleul, ou la mère par rapport aux parrains de son enfant); Amie très proche et honorée
comadreja	Belette
comal	Comal
comanche	Comanche
comandante	Commandant; Chef
comandita	Commandite
comarca	Comarque, canton, territoire
comarcal	En rapport avec une comarque, régional
comatoso	Comateux
comba	Corde à sauter, corde à danser
combate	Combat
combatiente	Combattant; Combattant varié
combatir	Combattre, se battre
combativo	Combatif
combinación	Combinaison, action de combiner ou de se combiner, résultat de cette action; Combinaison; Combinaison, sous-vêtement féminin d’une seule pièce
combinado	Cocktail; Cocktail composé de pisco et d’un soda
combinar	Combiner
combinatoria	Combinatoire
combo	Combinaison de plusieurs éléments; Marteau; Groupe de musique; Coup de poing; Courbé, convexe
combustible	Combustible
combustión	Combustion
comedero	Mangeable; Mangeoire; Salle à manger
comedia	Comédie
comediante	Comédien
comedido	Mesuré
comedor	Salle à manger
comendador	Commandeur; Commandeur, grade honorifique supérieur à l’officier, dans certains ordres de mérite
comensal	Commensal (personne qui mange à la table d’un hôte)
comentador	Commentateur
comentar	Commenter
comentario	Commentaire
comentarista	Commentateur
comenzar	Commencer
comer	Manger; Nourriture
comercial	Commercial
comercialización	Commercialisation
comercializar	Commercialiser
comerciante	Commerçant
comerciar	Commercer
comercio	Commerce
comestible	Comestible
cometer	Commettre; Transmettre
comezón	Démangeaison; Envie folle, prurit
comic	Bande dessinée
comicidad	Comicité
comida	Nourriture; Déjeuner; Repas
comienzo	Commencement
comilona	Nourriture abondante et variée
comino	Cumin; Rien, petit rien
comisario	Commissaire
comisaría	Commissariat
comisionado	Personne chargée d’une commission
comisionista	Représentant
comisión	Commission
comisura	Commissure
comitiva	Compagnie, groupe, cortège, suite
comité	Comité, commission
como	Comme; Comme, en tant que
comodato	Commodat
comodidad	Commodité, facilité
comodoro	Commodore
comodín	Joker
comoras	Comores (archipel de l'océan Indien)
compacto	Compact; Disque compact
compadre	Compère; Ami très proche et honoré; Compagnon; Fanfaron, matamore
comparable	Comparable
comparación	Comparaison
comparador	Comparateur; Comparateur
comparar	Comparer
comparativamente	Comparativement
comparativo	Comparatif
comparecencia	Comparution
comparecer	Comparaître
compartido	Partagé
compartimento	Nos disponemos a atravesar una zona de enormes turbulencias. (...) Coloquen su equipaje de mano y sus ordenadores personales bajo el asiento delantero o en los compartimentos previstos a tal efecto. Guarden todos los líquidos y suban las mesitas plegables. — (Hervé Le Tellier, traduit par Pablo…
compartimiento	Compartiment
compartir	Partager, mettre en commun
compasivo	Miséricordieux, compatissant
compasión	Compassion
compatibilidad	Compatibilité
compatible	Compatible
compatriota	Compatriote
compaña	Compagnie; Famille
compañero	Compagnon, collègue
compañía	Compagnie
compendio	Compendium
compensación	Compensation, dédommagement; Compensation
compensar	Compenser
competencia	Compétence; Concurrence
competente	Compétent, qualifié; Qualifié
competición	Concours
competidor	Rival; Compétiteur, rival
competir	Concourir; Concurrencer, se faire concurrence
competitividad	Compétitivité
compilación	Compilation
compilador	Compilateur; Compilateur
compilar	Compiler
compinche	Acolyte, compère (compagnon); Complice (participant dans des actions illégales)
complacencia	Complaisance
complacer	Plaire, complaire
complejidad	Complexité
complejo	Complexe
complementar	Complémenter, servir de complément
complemento	Complémenter, servir de complément
completamente	Complètement
completar	Compléter
completo	Complet
complexión	Complexion, constitution physique d’une personne
complicación	Complication
complicado	Compliqué
complicar	Compliquer
complicidad	Complicité
complot	Complot; Intrigue
complutense	Relatif à Alcalá de Henares, ville de la Communauté de Madrid; Université d’Alcalá de Henares, université historique d’Espagne; Université complutense de Madrid, université actuelle de la Communauté de Madrid; Bible polyglotte d’Alcalá, œuvre réalisée au XVIème siècle
componente	Composant, composante connexe
componer	Composer
comportamiento	Comportement
comportar	Impliquer
comporte	Impliquer
composición	Composition
compositor	Compositeur
compost	Compost
compostaje	Compostage
compostela	Saint-Jacques-de-Compostelle
compostelano	De Saint-Jacques-de-Compostelle; Habitant de Saint-Jacques-de-Compostelle
compota	Compote
compra	Achat, emplette, marché, acquisition
comprador	Acheteur; Acquéreur
comprar	Acheter, acquérir
comprender	Comprendre
comprensible	Compréhensible
comprensivo	Inclusif
comprensión	Compréhension
compresa	Compresse, serviette hygiénique
compresión	Compression
compresor	Compresseur; Compresseur
comprimido	Comprimer
comprimir	Comprimer
comprobación	Contrôle, vérification
comprobar	Vérifier, constater
comprometedor	Comprometteur, compromettant
comprometer	Engager, compromettre
comprometido	Compromis, impliqué; Fiancé
compromiso	Compromis; Fiançailles; Situation compromettante
compulsivo	Compulsive
computable	Calculable
computación	Informatique; Calcul
computador	Ordinateur
computadora	Ordinateur
computar	Compter, calculer
compás	Compas (à dessin); Boussole, compas; Mesure
comte	Comte
comulgar	Communier
comunero	Indivisaire; Indivisaire
comunicación	Communication
comunicado	Communiquer, aboucher
comunicador	Communicateur
comunicante	Communicant
comunicar	Communiquer, aboucher
comunicativo	Communicatif
comunidad	Communauté
comunismo	Communisme
comunista	Communiste
comunitario	Communautaire
comunión	Communion
común	Commun (tous les sens)
comúnmente	Communément; Fréquemment, habituellement
con	Avec
concatenación	Concaténation
concavidad	Concavité
concebible	Concevable
concebir	Concevoir
conceder	Concéder
concejal	Conseiller municipal
concejo	Conseil municipal; Commune
concentración	Concentration
concentrado	Concentré
concentrar	Concentrer
concepción	Conception; Prénom féminin espagnol; Ville côtière du centre du Chili, capitale de la province éponyme, dans la région du Biobío, son nom est francisé en Conception par contrainte typographique; Toponyme donné à une cinquantaine de lieux, villes, montagnes, etc. tant en Espagne qu’en Amérique latine, ce nom est souvent accompagné d’une épithète — par exemple Villanueva de la Concepción (en Espagne), Concepción de la Vega (en République Dominicaine) ou Concepción Chiquirichapa (au…
concepto	Concept
conceptual	Conceptuel
concerniente	Concernant
concertación	Concertation
concertar	Concerter
concertista	Concertiste
concesión	Concession, octroi qu’un pouvoir régulier fait de quelque jouissance, de quelque droit; Concession, ce que l’on accorde à quelqu’un dans une contestation, dans un débat
concha	Coquille (d’un coquillage, d’un escargot); Carapace (d’une tortue); Coquille, bulle (barrière que l’on crée pour protéger son intimité, sa personnalité); Coquille, enveloppe ligneuse (de certains fruits); Chatte, moule (partie visible du sexe des femmes, souvent employé pour son seul caractère tabou dans des locutions interjectives ou exprimant un superlatif)
conchetumare	putain, merde; connard, stupide, enfoiré
conchi	Prénom féminin espagnol
conciencia	Conscience
concienciar	Responsabiliser, conscientiser
concientizar	Conscientiser
concienzudo	Consciencieux
concierto	Concert, accord; Concert
conciliación	Conciliation
conciliar	Conciliaire; Personne qui assiste à un concile; Concilier
concilio	Concile
conciso	Concis
conciudadano	Concitoyen
concluir	Conclure, déduire
conclusivo	Conclusif
conclusión	Conclusion
concomitante	Concomitant
concordancia	Concordance
concordar	Mettre d’accord, faire concorder; Coïncider; Concorder
concordia	Concorde
concreción	Concrétion
concretar	Concrétiser, réaliser, rendre concret
concreto	Concret; Béton
concubina	Concubine
concubinato	Concubinage
concurrencia	Assistance
concurrido	Passant
concurrir	Se présenter, concourir
concurso	Concours
concusión	Concussion
concéntrico	Concentrique
concón	Chouette masquée (Strix rufipes); Vent de terre de la côte Pacifique; Plat de riz
condado	Comté
condal	Comtal
conde	Comte
condecoración	Décoration
condena	Condamner
condenación	Condamnation, damnation
condenar	Condamner
condenatorio	Condamnatoire
condensación	Condensation
condensador	Condensateur
condensar	Serrer, condenser
condesa	Comtesse
condescendiente	Complaisant
condestable	Connétable; Sous-officier dans l’artillerie de marine (équivalent du grade de sergent)
condicionado	Conditionner
condicional	Conditionnel, soumis à condition; Conditionnel
condicionalmente	Conditionnellement
condicionamiento	Conditionnement
condicionar	Conditionner
condición	Condition; Nature
condimentar	Condimenter, épicer, assaisonner
condimento	Condiment
condolencia	Condoléance
condominio	Copropriété
condonación	Remise de dette
condonar	Gracier
conducción	Conduite, action de conduire
conducir	Conduire
conducta	Conduite
conductismo	Béhaviorisme
conductividad	Conductivité, conductivité électrique
conducto	Conduit
conductor	Conducteur, guide
condón	Préservatif
conectar	Connecter
conecte	Connecter
conectividad	Connectivité
conejera	Garenne
conejillo	Petit lapin; Lapereau
conejo	Lapin; Sexe des femmes; Pigeon, personne crédule dont on peut abuser de la confiance; Culotte de cheval
conexión	Connexion
conexo	Connexe
confabulación	Confabulation
confección	Confection, action par laquelle on exécute un ouvrage jusqu’à complet achèvement
confederación	Confédération
confederado	Confédérer
conferencia	Conférence
conferenciante	Conférencier, conférencière
conferencista	Conférencière
conferir	Conférer
confesar	Avouer, confesser, se confier
confesionario	Confessionnal
confesión	Confession
confeti	Confetti
confiabilidad	Fiabilité
confiado	Confier, se fier à; Faire confiance
confianza	Confiance
confiar	Confier, se fier à; Faire confiance
confidencia	Confidence; Grande confiance
confidencial	Confidentiel
confidencialidad	Confidentialité
confidente	Confident, confidente
configuración	Configuration
configurar	Configurer
confinamiento	Confinement
confinar	Cantonner
confines	Bout du monde, confins; Frontière, limite
confirmación	Confirmation
confirmar	Confirmer
confiscación	Confiscation
confiscar	Confisquer
confite	Confiserie; Indic, balance
confitería	Confiserie
conflagración	Conflagration
conflictivo	Conflictuel
conflicto	Conflit
confluencia	Confluence
confluir	Confluer
conformar	Conformer; (pronominal : conformarse) Se faire à l’idée, faire avec, prendre en compte, se contenter
conforme	Conformer; (pronominal : conformarse) Se faire à l’idée, faire avec, prendre en compte, se contenter
conformidad	Conformité
confort	Confort
confraternizar	Fraterniser
confrontación	Confrontation, affrontement
confrontar	Confronter
confucianismo	Confucianisme
confucio	Confucius
confundido	Confondu
confundir	Confondre
confusión	Confusion
confuso	Confus
confín	Bout du monde, confins; Frontière, limite
conga	Conga, danse afro-cubaine; Musique qui accompagne la conga; Tambour qui accompagne la conga; Chinchón
congelación	Congélation
congelado	Congeler
congelador	Congélateur; Congélateur
congelamiento	Congélation
congelar	Congeler
congestionado	Congestionner
congestión	Congestion
conglomerado	Conglomérer
congoja	Chagrin
congoleño	Congolais
congregación	Congrégation, compagnie de religieux ou de prêtres catholiques, assujettis à des vœux et à une règle commune
congregar	Rassembler
congresista	Congressiste
congreso	Congrès
congrio	Congre
congruencia	Congruence
congruente	Congruent
congénito	Naturel, inné
conil	Village de l’île de Lanzarote situé sur le territoire de Tías
conjetura	Conjecture
conjeturar	Conjecturer, prévoir, se douter de
conjugación	Conjugaison
conjugar	Conjuguer
conjunción	Conjonction, union; Conjonction
conjuntamente	Conjointement
conjuntiva	Conjonctive
conjuntivitis	Conjonctivite
conjunto	Ensemble
conjura	Conjurer
conjurar	Conjurer
conjuro	Conjurer
conllevar	Impliquer, entraîner
conmemoración	Commémoration
conmemorar	Commémorer
conmemorativo	Commémoratif
conmigo	Avec moi
conmiseración	Commisération
conmoción	Commotion
conmovedor	Attendrissant
conmover	Émouvoir, remuer, affecter
conmutador	Qui opère une commutation; Commutateur
conmutar	Commuter; Commuer
connivencia	Connivence
connotación	Connotation
cono	Cône; Pomme de pin
conocedor	Connaisseur
conocer	Connaître; Rencontrer (une personne)
conocimiento	Connaissance, conscience, faculté de connaitre; Connaissance, personne connue
conque	Ainsi, alors; Ainsi, alors
conquense	Relatif à Cuenca, en Espagne; Habitant de Cuenca, en Espagne
conquista	Conquête
conquistador	Conquérant
conquistar	Conquérir
consagración	Consécration
consagrar	Consacrer
consanguinidad	Consanguinité
consciente	Conscient
conscientemente	Consciemment
consecución	Consécution, obtention
consecuencia	Conséquence, suite, aboutissement, répercussion; Résultat, suite, aboutissement
consecuente	Conséquent
consecuentemente	Par voie de conséquence
consecutivo	Consécutif
conseguir	Parvenir, réussir à, obtenir
consejero	Conseiller/conseillère
consejo	Conseil
consenso	Consensus
consensuar	Prendre une décision par consensus, établir un consensus, consensuer
consentimiento	Consentement
consentir	Consentir
conserje	Concierge
conserjería	Conciergerie
conservación	Conservation
conservador	Conservateur
conservadurismo	Conservatisme
conservante	Conservateur; Conservateur (par exemple alimentaire)
conservar	Conserver, maintenir, retenir
conservatorio	Conservatoire de musique
considerable	Considérable, imposant, majeur, conséquent
consideración	Considération
considerar	Considérer
consigna	Consigne, ordre, instruction; Consigne, dépôt pour bagages, dans les gares, les aéroports, etc
consignación	Consignation
consignar	Consigner, déposer une somme entre les mains de quelqu’un, pour qu’elle soit délivrée en temps et lieu à qui il appartiendra; Consigner, rapporter, citer dans un écrit
consigo	con + sí: Avec soi, avec lui, avec elle
consiguiente	Conséquent, qui fait suite avec
consistencia	Consistance
consistente	Rude
consistir	Consister
consistorio	Consistoire
consolación	Consolation
consolador	godemichet
consolar	Consoler
consolidar	Consolider, affermir
consomé	Consommé
consonancia	Consonance
consonante	Consonant, consonantique; Consonne
consorcio	Consortium
consorte	Consort
conspicuo	Évident, voyant
conspiración	Conspiration
conspirador	Comploteur
conspirar	Conspirer
constancia	Constance
constante	Constant
constantinopla	Constantinople
constanza	Constance, ville d’Allemagne; Constance
constar	Consister; Être constaté, constant, concret, réel
constatación	Constatation
constatar	Constater
constelación	Constellation
consternación	Consternation
consternado	Consterner, stupéfier, abasourdir
constipado	Enrhumé; Rhume, coup de froid
constitucional	Constitutionnel
constitucionalidad	Constitutionnalité
constitucionalista	Constitutionnaliste
constitución	Constitution
constituir	Constituer
constitutivo	Constitutif
constituyente	Constituant, qui constitue; Constituant, qui a pour objectif la rédaction d'une constitution; Constituant
constricción	Constriction
constrictor	Constricteur
construcción	Construction; Bâtiment, immeuble; Construction, disposition
constructivismo	Constructivisme
constructivo	Constructif
constructor	Constructeur
construir	Construire
consuelo	Consoler
consuetudinario	Consuétudinaire; Habituel
consulado	Consulat
consulta	Conseil, réunion en vue de délibérer; Consultation; Cabinet médical où a lieu la consultation
consultar	Consulter; Vérifier (date)
consultor	Consultant, conseiller
consumación	Consommation
consumar	Consommer, achever; Consommer, valider un mariage
consumición	Consommation
consumidor	Consommateur
consumir	Consommer, consumer
consumismo	Consumérisme
consumista	Consumériste
consumo	Consommation
consustancial	Consubstantiel
contabilidad	Comptabilité
contabilizar	Comptabiliser
contable	Comptable, que l’on peut compter; Comptable
contactar	Contacter
contacto	Contact
contador	Comptable; Compteur
contagiar	Contagier
contagio	Contagion, propagation
contagioso	Contagieux
contaminación	Contamination, altération de la pureté d’une substance; Pollution, contamination du sol; Transmission d’une maladie
contaminado	Contaminé; Pollué
contaminar	Contaminer, polluer
contar	Compter, calculer; Conter, raconter
contemplación	Contemplation, action de regarder avec attention un objet, un phénomène; Contemplation, action de contempler de façon intellectuelle ou religieuse
contemplar	Contempler
contemplativo	Contemplatif
contemporaneidad	Contemporanéité
contemporáneo	Contemporain
contencioso	Contentieux
contender	Se battre, batailler; Se disputer; Discuter, débattre
contenedor	Conteneur
contener	Contenir
contenido	Contenu
contentar	Contenter
contento	Content, satisfait
conteo	Comptage, compte, calcul
contestación	Réponse; Contestation
contestador	répondeur, répondeur automatique
contestar	Répondre
contestatario	Contestataire
contexto	Contexte
contextual	Contextuel
contextualizar	Contextualiser
contienda	Bataille, compétition, concours; Dispute, débat; Match, rencontre sportive entre deux équipes
contiguo	Contigu
continental	Continental
continente	Contenant; Continent
contingencia	Contingence; Événement
contingente	Contingent
continuación	Continuation, ce qui vient après
continuamente	Continuellement
continuar	Continuer
continuidad	Continuité; Continuum
continuo	Continu (qui est d’une durée sans aucune interruption)
contorno	Contour
contra	Contre
contraalmirante	Contre-amiral
contraatacar	Contrattaquer, contre-attaquer
contraataque	Contrattaquer, contre-attaquer
contrabajo	Contrebasse, contrebassiste, basse
contrabandear	Pratiquer la contrebande
contrabandista	Contrebandier, contrebandière
contrabando	Contrebande
contracción	Contraction, resserrement, par opposition à dilatation; Contraction, resserrement instantané d'un muscle; Contraction, qui affecte les muscles qui composent l’utérus et qui, associée à d'autres, doit aboutir à l'accouchement; Contraction, réunion de deux voyelles ou deux syllabes en une seule; Contraction, diminution du niveau d’activité
contracorriente	Contre-courant
contractual	Contractuel
contractura	Contracture
contracultura	Contre-culture
contracultural	Contre-culturel
contradanza	Contredanse
contradecir	Contester, disputer
contradicción	Contradiction, action de contredire, de s’opposer; Contradiction, incompatibilité entre deux ou plusieurs choses; Principe de droit existant dans toute procédure judiciaire ou administrative signifiant que chacune des parties a connaissance des faits et les moyens juridiques que ses adversaires lui opposent
contradictorio	Contradictoire
contraejemplo	Contrexemple
contraer	Contracter, réduire; Contracter, faire un contrat
contraespionaje	Contre-espionnage
contrafuerte	Contrefort; Culée, épaulement, pied-droit, butée
contragolpe	Retour de bâton, backlash
contralmirante	Contre-amiral
contralto	Contralto
contraluz	Contre-jour
contramaestre	Bosco
contramano	Contre-main; Contre-main
contrapeso	Contrepoids
contrapoder	Contre-pouvoir, contrepouvoir
contraponer	Comparer
contraportada	Quatrième de couverture
contraposición	Contraposée, proposition contraposée
contraprestación	Contreperformance
contraproducente	Contre-productif
contrapunto	Contrepoint
contrariar	Contrarier
contrariedad	Contrariété
contrario	Contraire
contrarreforma	Contre-Réforme
contrarreloj	Contre la monte
contrarrestar	S’opposer; Affronter, neutraliser
contrarrevolucionario	Contre-révolutionnaire
contrasentido	Contresens
contraseña	Mot de passe
contrastar	Contraster; Comparer en opposant
contraste	Contraster; Comparer en opposant
contratación	Embauche; Contractation
contratar	Contracter
contratiempo	Contretemps
contratista	Maître d'oeuvre, maître des travaux
contrato	Contrat
contravención	Contravention
contravenir	Enfreindre, contrevenir
contribución	Contribution
contribuir	Contribuer
contribuyente	Contribuable; Contributeur, contributrice
contrición	Contrition
contrincante	Compétitrice
control	Contrôle
controlable	Contrôlable
controlador	Contrôleur
controlar	Contrôler, surveiller, vérifier
controversia	Controverse
contumaz	Buté, entêté
contundente	Ferme, fort, vigoureux
contundentemente	Catégoriquement
contusión	Contusion
contínuo	Permanent
convalecencia	Convalescence
convaleciente	Convalescent; Convalescent
convalidación	Validation
convección	Convection
convencer	Convaincre
convencido	Convaincre
convencimiento	Conviction
convencional	Conventionnel
convención	Convention
conveniencia	Convenance, complaisance; Utilité, avantage
conveniente	Convenable, raisonnable
convenio	Convention, ce qui est convenu
convenir	Convenir
convento	Couvent
convergencia	Convergence
convergente	Convergent
converger	Converger
conversa	Converti
conversación	Conversation
conversador	Conversationneur, interlocuteur
conversar	Converser
conversión	Conversion
converso	Converti; Juif ou musulman converti de force au christianisme, dans la péninsule ibérique
conversor	Convertisseur
convertible	Convertible, convertissable; Cabriolet
convertidor	Convertisseur
convertir	Convertir; Se changer (en quelque chose d'autre)
convexo	Convexe
convicción	Conviction
convidado	Inviter, convier
convidar	Inviter, convier
convincente	Convaincant
convincentemente	De façon convaincante
convite	Invitation; Réunion de personnes invitées
convivencia	Convivence, cohabitation harmonieuse
convivir	Vivre ensemble, cohabiter
convocar	Assembler, convoquer, réunir
convocatoria	Convocation
convoy	Convoi
convulsionar	Bouleverser
convulsión	Convulsion
conyugal	Conjugal
coo	Chouette masquée (Strix rufipes); Créature nocturne de la mythologie chilienne, oiseau de mauvais augure
cookie	Cookie
cooperación	Coopération
cooperante	Coopérant
cooperar	Coopérer
cooperativa	Coopérant
cooperativo	Coopérant
coordenada	Coordonnée
coordinación	Coordination, action de coordonner; Coordination
coordinador	Coordonnateur, coordonnatrice
coordinar	Coordonner
copa	Verre (récipient); Verre (boisson, ce que l’on boit); Coupe
copada	Rafler la mise, tout prendre; Prendre par surprise
copado	Rafler la mise, tout prendre; Prendre par surprise
copago	Copayement, équivalent en Espagne du ticket modérateur, somme restant à la charge du patient après le remboursement des frais de santé par les assurances et mutuelles
copal	Copal; Arbre résineux tropical (Protium copal (Schltdl. & Cham.) Engl.)
copar	Rafler la mise, tout prendre; Prendre par surprise
copenhague	Copenhague
copera	Échansonne
copero	Échanson
copete	Aigrette, chapô
copia	Copie
copiapó	Ville du Chili, capitale de la région d'Atacama; Province chilienne située dans la région III ou d'Atacama; Volcan chilien situé dans la province du même nom; Fleuve de 160 km de long, qui, entre autres, traverse la ville du même nom
copiar	Copier
copiloto	Copilote, aide conducteur
copista	Scribe, copiste
copla	Chanson, huitain
copo	Flocon; Prise
copto	Copte, coptique; Copte, coptique
copular	Copuler
copón	Large coupe; Ciboire
coque	Coke
coquetear	Faire de l’œil
coquetería	Coquetterie
coqueto	Flirteur, coquet
coquito	Guiliguili, geste pour faire rire les petits enfants; Tourterelle du genre Columbina minuta; Fruit du palmier Jubaea chilensis, de la taille d’une prune; Boisson à base de lait de coco et de rhum
coraje	Courage
coral	Corail
coraza	Cuirasse
corazón	Cœur; Majeur, troisième doigt; Noyau
corbata	Cravate; Cravate d’un drapeau
corbeta	Corvette
corchete	Agrafe
corcho	Liège; Bouchon; Flotteur
corcovado	Bossu
cordel	Cordeau; Distance de cinq pas
cordero	Agneau de moins d’un an; Agneau, viande d’agneau
cordial	Cordial
cordialidad	Cordialité
cordialmente	Cordialement
cordillera	Cordillère
cordillerano	Relatif à la cordillère des Andes, ses habitants; Habitants de la cordillère des Andes; Habitant de Cordillera
cordobés	Cordouan
cordura	Sagesse, sagacité
cordón	Cordon
corea	Corée; Chorée
coreano	Coréen
corear	Chanter ou réciter en chœur; Composer de la musique de chœur
corella	Corella
coreo	Chorée
coreografía	Chorégraphie
coreógrafo	Chorégraphe
coria	Coria
corintio	Corinthien
corinto	Corinthe
corista	Choriste
cornada	Encornade, coup de corne; Coup de corne reçue par un torero pendant la faena qui provoque une blessure en pénétrant dans la chair
cornamenta	Ramure
corneja	Affluent du Tormes; Corneille
cornejo	Cornouiller
cornelio	Corneille
cornisa	Corniche; Corniche, voie surplombant un abîme
corno	Cornouille
cornualles	Cornouailles (comté anglais)
cornucopia	Corne d'abondance
cornudo	Cornu (qui possède des cornes); Cocu, trompé, dupé (victime d’infidélité conjugale); Cornard, cocu (victime d’infidélité conjugale)
coro	Chœur
corolario	Corollaire, corolaire
corona	Couronne; Nom de famille
coronación	Couronnement
coronar	Couronner
coronavirus	Coronavirus
coronel	Colonel
coronilla	Coronille; Vertex, sommet de la tête; Tonsure; Chapelet, série de prières
corpiño	Corsage
corporación	Corporation, association
corporal	Corporel
corpulencia	Corpulence
corpulento	Corpulent, gros
corpus	Corpus
corpóreo	Corporel; Corporel
corral	Basse-cour, enclos, corral
corralito	Parc, enclos pour enfants en bas âge; Limitation imposée aux retraits de fonds dans les banques, à l’exportation de capitaux
correa	Courroie
correcaminos	Géocoucou (Geococcyx californiacus); Gallito sableux (Teledromas fuscus); Géositte mineuse (Geositta cunicularia)
correccional	Correctionnel
corrección	Correction, action de corriger
correctamente	Correctement
correctivo	Correctif; Correctif
correcto	Correct, exact, juste
corrector	Correcteur
corredera	Coulisse, ce qui permet à un mécanisme de coulisser; Loch
corredizo	Se dit d’un nœud ou d’un lien qui se défait facilement; Coulissant, en parlant de portes ou de fenêtres
corredor	Courant, qui court; Corridor, couloir; Couloir; Courvite; Coureur; Personne qui court dans des compétitions sportives
corregidor	Correcteur, qui corrige; Magistrat nommé par le roi
corregimiento	Territoire administré par un corrégidor
corregir	Corriger, rectifier, redresser
correlacionar	Corréler
correlación	Corrélation, relation réciproque entre deux choses; Corrélation, mesure de la relation statistique entre deux variables
correlativo	Corrélatif
correlato	Corrélatif
correligionario	Coreligionnaire
correo	Courrier; Poste, courrier, service postal; Facteur, postier; Coursier, messager; Courrier électronique, courriel
correr	Courir
correría	Courir
correspondencia	Correspondance
corresponder	Correspondre
correspondiente	Correspondant
corresponsable	Co-responsable, coresponsable
corretaje	Courtage
corretear	Courir deci delà sans raison particulière, comme le font les enfants
corrida	Course, action de courir; Corrida; Romance populaire andalouse; Écoulement d’un liquide; Éjaculation
corriente	Courant, habituel; Courant de fluide; Courant électrique
corrimiento	Glissement; Décalage
corro	Cercle que font les gens qui bavardent, conversent; Espace circulaire
corroboración	Corroboration
corroborar	Corroborer
corromper	Corrompre
corrosivo	Corrosif; Corrosif, mordant
corrosión	Corrosion
corrupción	Corruption
corruptela	Corruption; Pratiques délictives, délinquance en col blanc
corrupto	Corrompu
corruptor	Corrupteur
corsario	Corsaire
corset	Corset
corso	Corse; Corse (personne); Corse, langue corse
corsé	Corset
cortacésped	Tondeuse à gazon
cortado	Coupé; Barré, rayé
cortador	Coupant, tranchant; Coupeur; Boucher
cortadora	Décolleteuse
cortafuegos	Pare-feu; Coupe-feu
cortante	Tranchant
cortar	Couper, tailler, trancher; Couper avec des ciseaux, découper, tondre
corte	Cour du roi, de l’empereur; Coupure; Tranchant d’un couteau, d’une épée; Cour de justice, tribunal, chancellerie; Cour de ferme, enclos pour le bétail; Simplification du nom complet hellado al corte («glace à la coupe»). Crème glacée présenté en pain parallélépipédique que l’on coupe en tranche et sert entre deux gaufrettes
cortejar	Courtiser
cortejo	Action de faire la cour, d’accompagner et de suivre quelque chose qui vous plait; Cortège; Sigisbée, personnes qui ont des relations amoureuses
corten	Couper, tailler, trancher; Couper avec des ciseaux, découper, tondre
cortesana	Courtisane
cortesano	Courtisan
cortesía	Courtoisie
corteza	Écorce; Cortex
cortical	Cortical
cortina	Rideau
corto	Court
cortocircuito	Court-circuit
cortometraje	Court-métrage
cortázar	Nom de famille
cortés	Nom de famille
corujo	Barbue
corvina	Courbine, différents poissons de la famille des Sciaenidae; Poisson d’eau douce de la famille des Sciaenidae, natif d’Amérique du Sud, dont le nom scientifique est Plagioscion squamosissimus
corvo	Courbé, crochu; machette recourbée
corvus	Corbeau
corzo	Chevreuil
corán	Coran
cosa	Chose; Femme dont on ne connaît pas ou dont on a oublié le nom; Cosa
cosaco	Cosaque
cosecha	Récolte, moisson
cosechadora	Moissonneuse-batteuse
cosechar	Récolter, moissonner
coseno	Cosinus
coser	Coudre; Blesser de façon répétée avec une arme blanche ou à feu
cosificación	Réification, chosification
cosita	Petite chose
cosmogonía	Cosmogonie
cosmología	Cosmologie
cosmológico	Cosmologique
cosmonauta	Cosmonaute
cosmopolita	Cosmopolite
cosmopolitismo	Cosmopolitisme
cosmos	Cosmos
cosmovisión	Weltanschauung, vision, conception du monde
cosmética	Cosmétique
cosmético	Cosmétique; Produit de beauté
cosmógrafo	Cosmographe
coso	Homme dont on ne connaît pas ou dont on a oublié le nom; Truc, machin; Chose
cosplay	Cosplay
cosquillas	Chatouilles
cosquilleo	Chatouillement
costa	Côte, rivage; Dommage
costado	Côté
costal	Sac; Costal
costanera	Côte, terrain en pente
costar	Coûter; Causer des difficultés, être difficile
costarricense	Costaricain
costear	Payer, financer
costero	Côtier
costeño	Côtier; Habitant d'une zone côtière; Rumsen, langue amérindienne de la côte californienne
costilla	Côte; Côtelette; Épouse, femme; Côte, côtelure; (Pluriel, familier) Dos du corps humain
costo	Coût
costoso	Coûteux
costra	Croûte
costumbre	Coutume, tradition; Habitude, coutume; Usage, mœurs, attitudes sociales majoritaires
costumbrismo	Costumbrismo
costumbrista	Costumbrista
costura	Couture
costurero	Couturier; Travailleuse, meuble pour le nécessaire de couture
cota	Cote, cotte
cotarro	Coterie
cotejar	Confronter, comparer
cotidianidad	Quotidienneté
cotidiano	Quotidien
cotilla	Commère
cotiza	Cotiser
cotización	Cotisation; Cotation, cours d’un titre boursier; Estimation, devis
cotizado	Cotiser
cotizar	Cotiser
coto	Terrain borné; Quote, taux; Demi-empan; Chabot, poisson du genre Cottus; Goitre; Borne pour signaler les limites d’une terre; Quota, accord entre marchand pour limiter les ventes; Territoire délimité, ancienne délimitation administrative
cotorra	Perruche ou psittacule, oiseau du genre Psittacula; Commère, femme bavarde
coulomb	Coulomb
covadonga	Prénom féminin espagnol
covalente	Covalent
cox	Cox, en Espagne
coxis	Coccyx
coyhaique	Ville du sud chilien, capitale administrative de région d’Aysén del General Carlos Ibáñez del Campo (habituellement abrégée en Aysén) et chef lieu de la province éponyme; Province chilienne de la région d’Aysén
coyote	Coyote; Contrebandier, passeur
coz	Ruade, violent coup de pied
coña	Blague
coñac	Cognac
coñazo	Chiant, fastidieux
coño	Con, chatte; Espingoin (espagnol); Merde, putain
cracovia	Cracovie
craneal	Crânien, de crâne
creacionismo	Créationnisme
creacionista	Créationniste
creación	Création
creador	Créateur
crear	Créer
creatina	Créatine
creatinina	Créatinine
creatividad	Créativité
crecer	Grandir, croître
creces	Grandir, croître
crecida	Crue
creciente	Crue; Croissant
crecimiento	Croissance
credencial	Qui accrédite; Laissez-passer; Accréditation
credibilidad	Crédibilité
credo	Crédo
credulidad	Crédulité
creencia	Croyance
creer	Croire
crema	Crème; Tréma; Crème pâtissière; Crème, le meilleur; Couleur crème
cremación	Crémation
cremallera	Fermeture-éclair, fermeture à glissière, zip
crematorio	Crématoire; Crématorium
cremona	Crémone
cremoso	Crémeux
crepuscular	Crépusculaire
crepúsculo	Crépuscule
crescendo	Crescendo
creso	Crésus
crespo	Crépu
cresta	Arête, crête, sommet; crête, huppe
creta	Crète
cretense	Crétois, Crétois; Crétois, Crétois
cretino	Crétin
cretáceo	Crétacé; Crétacé
cretácico	Crétacé; Crétacé
creyente	Croyant
creíble	Croyable, crédible
creído	Croire
cri	Cri
criadero	Qui élève, d’élevage; Élevage, haras, pépinière, endroit où l’on élève plantes ou animaux; Gisement
criado	Élevé, éduqué; Domestique, serviteur
criador	Nourricier; Éleveur; Viniculteur, celui qui élève les vins
crianza	Élevage; Qualificatif donné à certains vins préparés selon un procédé de durée médiane et qu’il est généralement mal avisé de conserver plus d’une demi-douzaine d’années
criar	Créer, produire; Élever, éduquer des enfants; Élever des animaux
criatura	Nourrisson
criba	Crible, van
cribado	cribler, tamiser; Passer au crible, faire une sévère sélection
cric	Cric
crimea	Crimée
crimen	Crime
crimenes	Crime
criminal	Criminel
criminalidad	Criminalité
criminalista	Criminaliste
criminalización	Criminalisation
criminalizar	Criminaliser
criminalmente	Criminellement
criminalística	Criminalistique
criminología	Criminologie
criminólogo	Criminologue
crin	Crinière
criollo	Créole; Criollo
cripta	Crypte
criptografía	Cryptographie
criptomoneda	Cryptomonnaie
crisantemo	Chrysanthème
crisis	Crise
crisma	Bille
crisol	Creuset
crista	Crête, aigrette
cristal	Cristal; Verre; Vitre
cristalería	Verrerie, fabrique de verres; Verrerie, art du verrier; Verrerie, ensemble d’objets en verre
cristalino	Cristallin
cristalización	Cristallisation
cristalizar	Cristalliser
cristalografía	Cristallographie
cristiandad	Chrétienté
cristianismo	Christianisme
cristiano	Chrétien
cristina	Christine; Cristina
cristino	Du parti de Marie-Christine de Bourbon-Siciles, régente d'Espagne; Christino
cristián	Prénom masculin, équivalent du français Christian
cristo	Christ
cristóbal	Christophe
crisálida	Chrysalide
crisóstomo	Chrysostome
criterio	Critère
criticable	Critiquable
criticar	Critiquer, reprendre
criticón	Qui a la critique facile, qui critique tout; pointilleux
croacia	Croatie (pays d’Europe)
croata	Croate, qui concerne la Croatie; Croate, habitant ou habitante de la Croatie; Croate (la langue)
crocante	Croquant; Croquant
croma	Incrustation
cromado	Chromage
cromatina	Chromatine
cromatismo	Chromatisme
cromañón	Cromagnonesque
cromo	Chrome (l’élément chimique Cr)
cromosoma	Chromosome
cromosómico	Chromosomique
cromático	Chromatique
cronista	Chroniquer
cronología	Chronologie
cronológico	Chronologique
cronómetro	Chronomètre
croquet	Croquet
croqueta	Croquette
croquis	Croquis
croto	Clochard
cruce	Croisement
crucero	Croisière, (voyage en mer); Navire de croisière; Croisière, vaisseaux qui croisent; Croisière (navire de guerre); Calvaire (reproduction de la crucifixion)
cruceta	Traversin; Articulation qui lie la bielle au piston; Croix directionnelle
crucificado	Crucifier; Tourmenter
crucificar	Crucifier; Tourmenter
crucifijo	Crucifix
crucifixión	Crucifixion
crucigrama	Mots croisés
crudo	Brut; Cru; Grossier; Rude
cruel	Cruel, atroce
crueldad	Cruauté
cruelmente	Cruellement
cruento	Sanglant
crujido	Bruire, crépiter, craquer
crujiente	Croustillant
crujir	Bruire, crépiter, craquer
crujía	Bruire, crépiter, craquer
crupier	Croupier
crustáceo	Crustacé
cruz	Croix; Croix du Christ
cruzada	Croisade; Croisade, campagne pour arriver à une fin
cruzar	Croiser, passer; Traverser
cruzeiro	Cruzeiro
cráneo	Crâne
cráter	Cratère
crédito	Crédit
crédulo	Crédule
cría	Élevage; Progéniture, rejeton, jeune animal, Jeune enfant; Portée, couvée, nichée
crío	Bébé, gamin, gosse
críptico	Cryptique
crítica	Critique
crítico	Critique
crónica	Chronique
crónico	Chronique
cs	Chiapas
csic	Conseil supérieur de la recherche scientifique, importante agence d'État espagnole dédiée à la recherche
csv	CSV
cta	CTA
cuaderno	Cahier
cuadra	Écurie et enclos fermé pour les chevaux; Unité de mesure de longueur utilisée surtout en Amérique, équivalente à environ un mètre et de valeur variable selon les endroits; Exemple d’utilisation manquant. (Ajouter); Bloc d'immeubles, d’habitations compris entre des rues qui se croisent perpendiculairement; Unité de mesure Unité de mesure des terres agricoles valant environ 6400m²
cuadrado	Carré
cuadragésimo	Quarantième
cuadrangular	Quadrangulaire
cuadrante	Cadran
cuadrar	(intransitif) Élever au carré; (transitif direct) Justifier; (transitif indirect) Concorder
cuadrilla	Bande
cuadrilátero	Quadrilatère; Quadrilatère
cuadro	Rectangle; Toile, tableau en parlant de peinture; Cadre dans le sens d'un objet qui sert à encadrer; Dans un logiciel et spécialement dans les logiciels de bureautique, zone délimitée par un cadre servant à introduire un objet (texte, dessin, son, etc.); Lignes tracées sur un fronton de pelote basque et délimitant l'aire de jeux; Tableau en parlant de la subdivision d'une pièce de théâtre; Tableau en parlant de la mise en forme de données; Tableau dans le sens de liste
cuadrícula	Grille
cuadrúpedo	Quadrupède
cuajada	Cailler, prendre, se solidifier; Prendre, être accepté, s’imposer
cuajado	Cailler, prendre, se solidifier; Prendre, être accepté, s’imposer
cuajar	Cailler, prendre, se solidifier; Prendre, être accepté, s’imposer
cuajo	Cailler, prendre, se solidifier; Prendre, être accepté, s’imposer
cual	Celui qui, celui que; (Utilisé uniquement dans el cual) Lequel
cualidad	Qualité, propriété ou attribut
cualificado	Qualifier
cualitativo	Qualitatif
cualquiera	Quiconque, n’importe laquelle; Quelconque; Quelque; Traînée
cuando	Quand; Si; Quand j’étais
cuantificar	Quantifier
cuantitativo	Quantitatif
cuanto	Tout ce que; Autant, tout ce que; Autant que
cuarcita	Quartzite
cuarenta	Quarante
cuarentena	Quarantaine
cuaresma	Carême
cuartel	Quartier; Quartier, caserne; Quartier d’une ville; Quartier, partie d’une habitation; Quartier d’un écu
cuarteta	Quatrain
cuarteto	Quatuor, quartette
cuartilla	Boisseau, paturon
cuarto	Quatrième; Quatrième (numéro 4 ou 1/4); Pièce; Chambre à coucher; Appartement
cuartos	Quatrième (numéro 4 ou 1/4); Pièce; Chambre à coucher; Appartement
cuarzo	Quartz
cuate	Jumeau; Ami intime, ami, copain , camarade, pote
cuaternario	Quaternaire; Quaternaire
cuatrimestre	Quadrimestre
cuatro	Quatre; Cuatro
cuatrocientos	Quatre-cents
cuba	Cuba (l’île); Cuba (la nation); Cuve, baquet, bassine; Personne qui boit beaucoup d’alcool
cubano	Cubain
cubeta	Seau
cubilete	Gobelet
cubillas	Méloé
cubital	Cubital
cubito	Diminutif de cubo; Glaçon
cubo	Cube; Seau; Moyeu, partie centrale de la roue où s’engagent les rayons; Tour défensive des murailles; Retenue d’eau d’un moulin
cubrir	Couvrir
cuca	Chenille, larve de papillon; Vulve (sexe de la femme)
cucaracha	Blatte, cafard; Prostituée; Nom donné à la Volkswagen Coccinelle. (Parfois écrit avec une majuscule.)
cucha	Niche
cucharada	Grande cuillère
cucharadita	Cuillère à café
cucharilla	Petite cuillère
cucharita	Cuillère à café
cucharón	Louche
cuchilla	Lame, lame de couteau, de rasoir; Couperet
cuchillada	Coup de couteau ou d’une autre arme blanche; Balafre, estafilade, blessure suite à un coup de couteau ou arme blanche
cuchillo	Couteau
cuchitril	Habitation, chambre sale et exiguë, taudis, porcherie
cucho	Chat
cuco	Coucou; Coquin, gredin; Attentionné et mignon à la manière des enfants
cucurucho	Cornet; Capuchon rappelant un cornet; Cime conique d’un arbre, d’un bâtiment, etc
cucú	Coucou
cueca	Cueca
cuelgue	Accrocher, pendre, suspendre, percher
cuello	Cou
cuenca	Conche, bassin, cuvette; Cuenca
cuenco	Jatte, grand bol
cuentacuentos	Conteur
cuentagotas	Compte-goutte
cuentista	Conteur
cuerda	Corde
cuerdo	Sagace, sain d’esprit; Prudent
cuerno	Corne
cuero	Peau d’un animal; Cuir; Outre
cuerpo	Corps; Corps, cadavre
cuervo	Corbeau
cuestionable	Discutable
cuestionar	Questionner, mettre en cause
cuestionario	Questionnaire
cuestión	Question, problème, affaire
cueva	Grotte; Cave, étage souterrain
cuica	Cuica
cuidado	Soin, souci; Attention !
cuidador	Aidant, soigneur, animalier-soigneur
cuidadosamente	Précautionneusement, soigneusement
cuidadoso	Attentif, précautionneux
cuidar	Soigner, prendre soin
cuido	Soigner, prendre soin
culata	Crosse
culatazo	Recul
culear	Rouler du derrière, le remuer; Enculer (sodomiser); Baiser, enculer, foutre (faire l’amour)
culebra	Couleuvre
culebrón	Zona, herpès zoster
culero	Fiotte, tapette, couille molle (peureux); Enfoiré, enculé, connard (individu méprisable); Merdique, de merde, merdeux (quelque chose de mauvaise qualité, nul, sans valeur); Paresseux, qui a les doigts dans le cul; Passeur de drogue; Trouduc; Caleçon; Couche-culotte
culiar	Foutre
culinario	Culinaire
culmen	Point culminant, apex, sommet
culminación	Culmination; Point culminant, cime, sommet
culminar	Culminer
culo	Cul, postérieur
culote	Jupe-culotte
culpa	Faute; Culpabilité
culpabilidad	Culpabilité
culpable	Coupable
culpar	Culpabiliser, accuser
cultivable	Cultivable
cultivador	Cultivateur
cultivar	Cultiver
cultivo	Cultiver
culto	Cultivé; Culte
cultura	Culture
cultural	Culturel
culturalmente	Culturellement
culturismo	Culturisme
culturista	Culturiste
culé	supporter du Fútbol Club Barcelona
cumbia	Cumbia
cumbre	Sommet de montagne; Sommet; Sommet de dirigeants
cumbrera	Faîtage
cumpleaños	Anniversaire. (anniversaire de naissance d'une personne)
cumplimiento	Accomplissement
cumplir	Achever, combler
cuna	Berceau
cunda	S’étendre, se développer, se diffuser, se propager
cundinamarca	Département de Colombie
cuneiforme	Cunéiforme, en forme de coin; Cunéiforme, qualifie un système d’écriture; Cunéiforme, système d’écriture; Cunéiforme, os du pied
cuneta	Caniveau; Fossé; Gouttière
cunnilingus	Cunnilingus
cuore	Cœur
cuota	Quote, taux
cupcake	Cupcake
cuplé	Couplet, courte chanson
cupé	Coupé, compartiment
cupón	Coupon
cura	Assainir; Guérir, soigner
curación	Guérison
curado	Guéri; Viande, poisson ou fromage séchés et préparés selon certaines méthodes de conservation; Procédé de conservation de certains aliments, notamment viande, poisson ou fromage, dans lequel ils sont séchés et agrémentés d’une combinaison déterminée de sel, sucre, nitrates et nitrites
curandero	Guérisseur
curar	Assainir; Guérir, soigner
curare	Curare
curativo	Curatif
curda	Ivresse; Ivresse
curia	Curie
curio	Curium (l’élément chimique Cm)
curiosamente	Curieusement
curiosidad	Curiosité
curioso	Curieux
curita	Pansement
curling	Curling
curo	Assainir; Guérir, soigner
currar	Travailler, bosser
curro	Boulot
curry	Curry
currículo	Curriculum vitæ, curriculum vitae
currículum	curriculum, cursus
cursi	Cucul; Snob; Kitsch, ringard, de mauvais goût; Snob, crâneur
cursilería	Snobisme; Mauvais goût; Chose de mauvais goût
cursiva	Italique
curso	Cours
cursor	Curseur de souris; Curseur de clavier; Curseur de base de données
curtido	Tannage
curtir	Tanner une peau
curva	Courbe
curvado	Courber
curvatura	Courbure
curvo	Courbe
cuscús	Couscous
custodia	Garde; Ostensoir; Précaution, attention, veille, surveillance
custodiar	Garder, veiller sur
custodio	Garder, veiller sur
cutis	Peau des humains
cutral	Qualifie les bovins : vieux et destiné à l’abattoir
cutre	Sale, négligé, de mauvaise qualité; Radin, pingre
cutáneo	Cutané
cutícula	Cuticule
cuy	Cochon d’Inde, cobaye
cuyo	Dont
cuzco	Cuzco
cuál	Quel
cuán	Combien, comme
cuándo	Quand; Adverbe distributif) (En corrélation avec cuándo (cuándo… cuándo) Parfois, servant à indiquer une distribution; (Principalement précédé de l’article défini el (el cuándo)) Quand
cuántas	Combien de
cuántico	Quantique
cuánto	Combien; Combien de
cuéllar	Cuéllar
cuña	Coin, pièce de métal de forme prismatique pour fendre; Cale en bois pour bloquer une roue
cuñado	Beau-frère
cuñao	Beauf
cuño	Coin, pièce de métal servant à battre la monnaie; Coin, marque d’estampage; Coin, troupe d’infanterie formant un bataillon triangulaire dont une pointe était tournée vers l’ennemi
cv	Cv
cábala	Cabale ou kabbale; Prédiction par divination; Cabale, intrigue, machination
cáceres	Cáceres, en Espagne; Ville de Colombie; Ville du Venezuela
cádiz	Cadix
cálcico	Calcique
cálculo	calcul
cálidamente	Chaudement
cálido	Chaud; Chaleureux
cáliz	Calice; Calice, symbole de souffrance
cállate	Tais-toi, ferme ta gueule
cámara	Chambre; Caméra; Appareil photo; Caméscope
cámbrico	Cambrien
cáncer	Cancer; Constellation et signe du Zodiaque
cándido	Naïf, candide
cántabro	Cantabre, cantabrique; Cantabrique; Cantabre
cántaro	Cruche, en particulier, en Espagne, cruche possédant un embout pour boire à la régalade; Canthare; Idiophone composé d’une cruche sur laquelle on frappe de diverses manières pour produire des sons variés
cántico	Cantique
cápsula	Capsule
cárcel	Prison
cárdenas	Violet, de la couleur de la fleur du chardon; Opalin, en parlant de l’eau; Gris, anthracite, en parlant de la robe d’un taureau
cárnico	De viande
cártel	Cartel
cáscara	Coquille, coque, enveloppe protectrice
cátedra	Chaire; Dignité épiscopale ou papale; Chaire de professeur
cátodo	Cathode
cáucaso	Caucase
cáustica	Caustique (tous les sens)
cáustico	Caustique (tous les sens); Caustique
cáñamo	Chanvre
cédula	Cédule
céfiro	Zéphyr
célebes	Sulawezi, Célèbes
célebre	Célèbre
céltico	Celtique
célula	Cellule
cénit	Zénith
céntimo	Centime, fraction de certaines monnaies
céntrico	Central
cérvix	Cervix
césped	Pelouse, gazon
cíclico	Cyclique
cíclope	Cyclope
cínico	Cynique
círculo	Cercle; Cercle, groupe d’un petit nombre de personnes ayant les mêmes idées
cítara	Cithare
cítrico	Citrique; Agrume (plante ou fruit)
cívico	Civique
cóctel	Cocktail
códice	Codex (manuscrit)
código	Code
cólera	Colère, irritation; Choléra; Chintz de coton; Bile
cólico	Colique, de côlon; Colique, douleur intestinale
cómic	Bande dessinée
cómico	Comique
cómo	Comment ?
cómodamente	Commodément
cómodo	Commode; Confortable; Commode (empereur romain)
cómplice	Complice
cómputo	Compte, calcul
cóncavo	Concave; Concave
cónclave	Conclave
cóndor	Condor
cónico	Conique
cónsul	Consule
cónyuge	Conjoint
córcega	Corse (île de Méditerranée)
córdoba	Cordoue, ville d’Andalousie; Córdoba, ville et province d’Argentine; Córdoba, ville du Mexique
córnea	Cornée
córneo	Corné
córner	Corner
cósmico	Cosmique
cúbico	Cubique
cúbito	Os ulnaire, ulna
cúmulo	Cumul, entassement; Cumulus
cúpula	Coupole
cúrcuma	Curcuma; Curcuma (épice)
cúspide	Cime, pointe, extrémité, sommet
cúter	Cotre
d	Δ
dactilar	Digital
daga	Dague
dakar	Dakar (capitale du Sénégal)
dale	Allez
dalia	Dahlia
dalle	Faux
dalmacia	Dalmatie
daltonismo	Achromatopsie, daltonisme
daltónico	Daltonien; Daltonien
dam	Dyscalculie
dama	Dame
damasceno	Damascène, de Damas; Damascène, habitant de Damas
damasco	Variété d'abricotier; Variété d'abricot; Damas, étoffe de soie à fleurs ou à dessins en relief; Damas, capitale de la Syrie
damisela	Demoiselle; Prostituée
damnificado	Sinistré
damocles	Damoclès
dana	Goutte froide; Vents violents et pluies diluviennes provoquées par une goutte froide
dandi	Dandy
danubio	Danube
danza	Danse
danzar	Danser
danzón	Danzón
danés	Danois, relatif au Danemark; Danois, habitant du Danemark; Danois, langue parlée en Danemark
daphne	Daphne, daphné
dar	Donner; Mettre
dardo	Fléchette
dardos	Fléchette
darfur	Darfour (région du Soudan)
dario	Prénom masculin, équivalent de Darius
darwinismo	Darwinisme
darío	Darius
datación	Datation
dativo	Datif
dato	Donnée
david	David
dañar	Abîmer, détériorer
dañino	Nuisible, préjudiciable
daño	Dam, dommage, préjudice
dci	DCI
ddt	DDT (dichlorodiphényltrichloroéthane)
de	De
deambular	Déambuler
debacle	Débâcle
debajo	Dessous
debate	Débat
debatir	Débattre; Se débattre
deber	Devoir; Dette; Se devoir
deberes	Devoir; Dette
debidamente	Dûment
debilidad	Faiblesse; Action d’avoir un faible pour quelqu’un, affection
debilitamiento	Affaiblissement
debilitante	Débilitant
debilitar	Affaiblir
debutante	Débutant
decadencia	Désastre, abaissement
decadente	Déchéant; Décadent
decaer	Déchoir, tomber
decano	Doyen
decantación	Décantation
decantar	Décanter; Incliner
decapitación	Décapitation
decapitar	Décapiter
decatlón	Décathlon
decena	Dizaine
decencia	Décence
decenio	Décennie
decente	Décent
decentemente	Convenablement
decepcionado	Déçu
decepcionante	Décevant
decepcionar	Désappointer; Décevoir
decepción	Désappointement; Déception
deceso	Décès
dechado	Marquoir
decididamente	Résolument
decidir	Décider
decil	Décile
decimal	Décimal
decimocuarto	Quatorzième
decimonónico	décimononique, relatif au xixᵉ siècle
decimoquinto	Quinzième
decimosexto	Seizième
decimoséptimo	Dix-septième
decimotercero	Trezième
decir	(transitif) Dire; (transitif) Affirmer, soutenir; (intransitif) Se dit du jeu, de l’année, de la récolte, etc. : être ou ne pas être favorable; (intransitif) (transitif) Commencer; (transitif) Aller à; (transitif) Insulter; (transitif) Penser; Dit, parole, phrase
decisivamente	De façon décisive
decisivo	Décisif
decisión	Décision
decisorio	Décisionnel
declamación	Déclamation
declaración	Aveu, confession; Déclaration
declarar	Déclarer
declinación	Déclinaison, déclin, fait de perdre de sa vitalité; Déclinaison; Déclinaison, action de donner à chaque cas d’un nom, d’un pronom, d’un adjectif la forme qui lui est propre
declinar	Décliner
declive	Déclive; Déclin, décadence
decodificador	Décodeur; Décodeur
decodificar	Décoder
decoración	Décor, décoration
decorado	Décor
decorador	Décorateur
decorar	Décorer
decorativo	Décoratif
decoro	Décorum; Dignité
decrecer	Décroitre
decrecido	Décroitre
decreciente	Décroissant
decrecimiento	Décroissance
decremento	Décrément, décroissance
decretar	Décréter
decreto	Arrêté
decrépito	Décrépit; Décadent; Extraordinairement vieux, antique
decálogo	Décalogue
decúbito	Décubitus
dedal	Dé à coudre
dedicación	Dévouement, engagement; Dédicace, cérémonie de consécration d'un édifice religieux
dedicar	Consacrer, dédier; Se consacrer
dedicatoria	Dédicace
dedo	Doigt ou orteil; Doigt, toute petite quantité; Ancienne unité de longueur espagnole faisant entre 17 et 18,5 millimètres
deducción	Déduction
deducir	Déduire
deductivo	Déductif
defecación	Défécation
defecar	Déféquer
defección	Défection
defecto	Faute, erreur, défaut
defectuoso	Défectueux
defender	Défendre
defensa	Défense
defensivo	Défensif
defensor	Défenseur; Défenseur, joueur qui joue en défense
deferencia	Déférence
deferente	Déférent
deficiencia	Déficience
deficiente	Déficient
definición	Définition
definido	Définir
definir	Définir
definitivamente	Définitivement
definitivo	Définitif
definitorio	Définitoire
deflación	Déflation
deforestación	Déforestation
deformación	Déformation
deformar	Déformer
deforme	Déformer
deformidad	Difformité; Malformation
defraudar	Frauder, tromper
defunción	Décès
degeneración	Dégénération
degollar	Égorger
degradación	Dégradation
degradado	Dégrader
degradar	Dégrader
degustación	Dégustation
degustar	Goûter
degüello	Égorger
dehesa	Prairie le plus souvent arborée et protégée par une clôture
deidad	Divinité, déité, essence divine; Divinité, déité, dieu ou déesse
dejada	Laisser; Arrêter (utilisé comme verbe périphrastique pour arrêter ou se déshabituer d'une action)
dejadez	Incurie
dejar	Laisser; Arrêter (utilisé comme verbe périphrastique pour arrêter ou se déshabituer d'une action)
del	Du
delación	Délation
delantal	Tablier
delante	Devant
delantera	Qui se trouve à l’avant ou en avant
delantero	Qui se trouve à l’avant ou en avant; Avant, poste dans certains sports collectifs
delatar	Dénoncer, pratiquer la délation, révéler
delator	Délateur
delegación	Délégation
delegado	Délegué; Délegué
delegar	Déléguer
deleitar	Délecter, réjouir
deleite	Plaisir
deletrear	Épeler, donner dans l’ordre la liste des lettres composant un mot
deletreo	Épellation, action d’épeler ou produit de cette action
deleznable	Exécrable, détestable; Minable, méprisable
delft	Delft, commune et ville des Pays-Bas située dans la province de la Hollande-Méridionale
delfín	Dauphin
delgadez	Minceur
delgado	Mince, fin, maigre; Nom de famille
delhi	Delhi, ville d’Inde
deliberación	Préméditation
deliberadamente	Délibérément
deliberado	Délibérer
deliberar	Délibérer
delicadamente	Délicatement
delicadeza	Délicatesse
delicado	Délicat
deliciosamente	Délicieusement
delicioso	Délicieux
delimitación	Délimitation
delimitar	Délimiter
delincuencia	Délinquance
delincuente	Délinquant
delinear	Délinéer, esquisser
delinquir	Commettre un délit, délinquer
delirante	Délirant
delirar	Délirer
delirio	Délire
delito	Délit
delta	Delta
demacrado	Décharné
demanda	Demande
demandado	Inculpé
demandante	Plaignant
demandar	Poursuivre en justice
demarcación	Démarcation
demasiado	Excessif; Trop
demasía	Excès
demencia	Démence
demencial	Démentiel, de démence; Démentiel, terrible, dément
demente	Dément
demiurgo	Démiurge
democracia	Démocratie
democratización	Démocratisation
democráticamente	Démocratiquement
democrático	Démocratique
demoler	Démolir
demolición	Démolition
demonio	Démon
demonizar	Démoniser
demora	Délai
demorar	Retarder, demeurer
demostrable	Démontrable
demostración	Démonstration
demostrar	Démontrer
demostrativo	Démonstratif
demás	autres; en plus, de plus, en outre; par ailleurs
demérito	Démérite
demócrata	Démocrate
demóstenes	Démosthène (grand orateur de la Grèce antique)
denario	Denier romain
denegado	Dénié
denegar	Dénier
dengue	Minauderie, chichis, délicatesse affectée ou excessive en mots ou en action; Armérie maritime; Sorte de châle qui couvre les épaules; Dengue
denigración	Dénigrement
denigrar	Dénigrer
denim	Denim
denodadamente	Courageusement
denominación	Dénomination; Appellation
denominador	Dénominant, qui dénomine; Aliquote; Dénominateur
denominar	Dénommer
denostar	Décrier
denotar	Dénoter; Signifier
densidad	Densité
denso	Dense, touffu, dru
dental	Dental; Sep
dentición	Dentition
dentina	Dentine
dentista	Dentiste
dentro	Dedans
dentífrico	Dentifrice
denuedo	Courage, intrépidité
denuncia	Dénoncer
denunciar	Dénoncer
deontología	Déontologie
departamental	Départemental
departamento	Département
dependencia	Dépendance
depender	Dépendre
dependiente	Dépendant; Employé chargé de la vente et de l'attention aux clients dans un commerce; Subordonné
depilar	Épiler
deplorable	Déplorable
deponer	Déposer
deporte	Sport; Passetemps, récréation
deportista	Sportif, sportive
deportividad	Fair-play, fairplay
deportivo	Sportif; Voiture de sport
deposición	Déchéance, désublimation
depositar	Déposer
depositario	Dépositaire
depravación	Dépravation
depravado	Dépravé
depreciación	Déperdition
depredación	Prédation
depredador	Prédateur
depresivo	Dépressif; Dépressif
depresión	Dépression, affaissement; Dépression, affaiblissement de l’énergie physique et morale; Dépression, grave crise économique; Dépression
deprimente	Déprimant
deprimido	Déprimer, abattre
deprimir	Déprimer, abattre
deprisa	Rapidement, vite
depuración	Épuration; Purge
depurado	Dépurer, épurer
depurador	Purificateur; Épurateur; Débogueur
depurar	Dépurer, épurer
depósito	Dépôt, réserve; Réservoir
derecha	Droite
derechamente	Droitement
derechista	De droite; Droitiste, partisan de la droite
derecho	Droit, vertical; Droit, qui est à droite; Droit, juste, légitime; Tout droit; Droit
derechohabiente	Ayant droit
derivación	Dérivation; Dérivation, calcul d’une dérivée
derivar	Dériver
dermatitis	Dermatite
dermatología	Dermatologie, branche de la pathologie qui s’occupe des affections de la peau
dermatólogo	Dermatologue
dermis	Derme
derogación	Dérogation
derogar	Abroger
derrama	Verser, déverser, diffuser
derramado	Verser, déverser, diffuser
derramar	Verser, déverser, diffuser
derrame	Verser, déverser, diffuser
derrapar	Déraper
derretido	Fondu
derretir	Fondre; Fondre sous l’effet d’un amour ardent; User, consommer, dilapider; Piocher, écarter des cartes inutiles
derribar	Renverser, écrouler, démolir
derribo	Renverser, écrouler, démolir
derrocar	Renverser, abattre
derrochador	Gaspillant, qui gaspille
derrochar	Gaspiller
derroche	Gaspillage
derrota	Route, chemin, sentier; Route, direction, course; Déroute
derrotar	Défaire, battre, vaincre
derrotero	Route, chemin, course; Routier, livre de navigation maritime qui regroupe des explications permettant aux marins de trouver leur route avant l’apparition de cartes marines fiables, puis en complément de celles-ci
derrotista	Défaitiste
derrumbamiento	Effondrement
derrumbar	Débouler, s’effondrer, tomber, s’écrouler
derrumbe	Effondrement, tombée; Démolition; Précipice
des	Donner; Mettre
desabastecimiento	Pénurie de certains produits dans un établissement commercial ou dans une population, rupture de stock, manque de ressources
desaceleración	Décélération
desacelerar	Décélérer
desacierto	Couac
desacreditado	Discréditer
desacreditar	Discréditer
desactivación	Désactivation
desactivar	Désactiver
desacuerdo	Désaccord
desafiar	Défier
desafiliación	Désaffiliation
desaforado	Énorme, démesuré; Épouvantable
desafortunadamente	Malheureusement
desafortunado	Malchanceux; Malheureux, malencontreux
desafío	Défi; Duel; Rivalité, concurrence; Lettre ou message dans lequel les rois d'Aragon invoquaient la raison ou le motif qu'ils avaient pour défier un chevalier ou un noble important
desagradable	Désagréable
desagradablemente	Désgréablement
desagrado	Choquer, déplaire
desaguadero	Égout, conduit d’égout
desaguar	Ôter l’eau, drainer; Déboucher dans la mer, en parlant d’un cours d’eau
desagüe	Évacuation des eaux; Égout, conduit d’évacuation d’eau
desahogar	Épancher
desahuciar	Faire perdre tout espoir; Admettre qu’il n’y a plus d’espoir pour un malade en phase terminale; Expulser, chasser de son logis
desahucio	Expulsion, fait de mettre hors de chez soi
desajuste	Décalage, désajustement
desalentado	Abattre, décourager
desalentar	Abattre, décourager
desaliento	Abattre, décourager
desalinización	Dessalement
desaliñado	Débraillé
desalmado	Sans-cœur
desalojar	expulser, déloger; quitter; déplacer
desalojo	Délogement, expulsion, évacuation
desamor	Désaffection, désamour, indifférence
desamparados	Désemparé, perdu
desamparo	Abandonner
desangrar	Saigner, vider de son sang
desangre	Saigner, vider de son sang
desanimado	Abattre; Décourager
desanimar	Abattre; Décourager
desaparecer	Disparaître
desaparición	Disparition
desapego	Détachement, désintérêt
desaprender	Désapprendre
desaprobación	Désapprobation
desaprobar	Désapprouver
desaprovechado	Ne pas tout obtenir; Omettre
desaprovechar	Ne pas tout obtenir; Omettre
desarmar	Désarmer, démantibuler
desarme	Désarmement
desarrollador	Développeur
desarrollar	Expliquer; Développer; Évoluer; Se développer
desarrollo	Développement
desasosiego	Désarroi
desastre	Désastre
desastroso	Désastreux
desatar	Détacher; Désembrouiller, clarifier
desatender	Dédaigner, négliger
desatino	Couac, déraison
desavenencia	Désaccord
desayunado	Prendre son petit déjeuner
desayunar	Prendre son petit déjeuner
desayuno	Repas du matin : déjeuner / petit déjeuner (Canada, Belgique et Suisse = CBS), petit déjeuner (France)
desazón	Dégoût; Insipidité, absence de goût; Déplaisir
desbancar	supplanter
desbandada	Déroute
desbaratar	Défaire, ruiner; Dissiper, gaspiller
desbloquear	Déverrouiller
desbordar	Déborder
desborde	Déborder
descabellado	Donner le coup de grâce; Décheveler, décoiffer
descafeinado	Décaféiné; Décaféiné
descalificación	Disqualification
descalificar	Disqualifier, discréditer
descalzo	Pieds nus
descampado	Terrain vague
descansado	Se reposer
descansar	Se reposer
descanso	Repos
descapotable	Décapotable; Voiture décapotable
descarado	Insolent
descarga	Décharge
descargar	Décharger, acquitter; Télécharger
descargo	Décharger, acquitter; Télécharger
descaro	Insolence, effronterie
descarrilamiento	Déraillement
descartar	Écarter, rejeter, exclure
descarte	Écarter, rejeter, exclure
descendencia	Descendance
descendente	Descendant
descender	Descendre
descendiente	Descendant
descenso	Baisse, descente
descerebrado	Écervelé, décérébré; Décérébré
descifrar	Déchiffrer
desclasificación	Déclassification
descolgar	Décrocher; Dépendre
descolonización	Décolonisation
descompensación	Décompensation
descomponer	Décomposer
descomposición	Décomposition, action pour un organisme de se décomposer, de se putréfier; Décomposition, action de séparer les parties constituant un objet; Décomposition, destruction des principes d’unité
descompresión	Détente
desconcertado	Déconcerter
desconcierto	Trouble, état d’une personne déconcertée; Décomposition; Désordre, anarchie
desconectado	Déconnecter
desconectar	Déconnecter
desconexión	Déconnexion
desconfianza	Manque de confiance
desconfiar	Ne pas avoir confiance, se méfier
descongelar	Décongeler
descongestionar	Décongestionner
desconocer	Ignorer, ne pas savoir ou connaître
desconocido	Ignoré, inconnu
desconocimiento	Méconnaissance, répudiation, ingratitude
descontar	Décompter, retrancher
descontento	Mécontentement
descorchar	Déboucher
descortesía	Grossièreté
descortés	Discourtois, impoli, malpoli
describir	Décrire
descripción	Description
descrédito	Opprobre
descuartizar	Écarteler
descubrimiento	Découverte
descubrir	Découvrir
descuento	Décompte; Remise, rabais
descuida	Dédaigner, négliger, ne pas prendre soin de
descuidadamente	Inopportunément
descuidado	Distrait; Étourdi
descuidar	Dédaigner, négliger, ne pas prendre soin de
descuide	Dédaigner, négliger, ne pas prendre soin de
descuido	Dédaigner, négliger, ne pas prendre soin de
desde	Depuis, dès, à partir de
desdeñable	Dédaignable
desdeñar	Dédaigner
desdeñosa	Dédaigneux
desdeñoso	Dédaigneux
desdicha	Malheur
desdichado	Malheureux, infortuné
desdén	Dédain
deseable	Désirable
deseado	Désirer
desear	Désirer
desechable	Jetable
desechar	Jeter
desecho	Déchet; Débris
desembarcar	Débarquer
desembocadura	Embouchure; Bouche, embouchure
desembocar	Déboucher
desembolsar	Débourser
desembolso	Débourser
desemboque	Déboucher
desempeñar	Occuper; Jouer un rôle, servir
desempeño	Occuper; Jouer un rôle, servir
desempleado	Chômeur
desempleo	Chômage
desempolvar	Épousseter, tirer de l'oubli
desencadenamiento	Déclenchement
desencadenar	Déchaîner
desencantado	Déçu, desenchanté
desencanto	Déception
desenchufar	Débrancher
desenfrenado	Débrider
desenfreno	Frénésie, excès
desengañado	Détromper
desengaño	Action de se détromper, déception, désillusion, retour à la réalité
desenlace	Dénouer, désenlacer
desenmascarar	Démasquer
desenredar	Dépêtrer
desenterrar	Déterrer
desentrañar	Explorer, démêler; Extraire
desenvoltura	Désinvolture
desenvolver	Étendre; Développer, expliquer, étendre; Dérouler, faire croître, promouvoir
desenvolvimiento	Développement
deseo	Désir; Souhait
deseoso	Désireux
desequilibrio	Déséquilibre
deserción	Désertion
desertar	Déserter
desertificación	Désertification
desertización	Désertification
desertor	Déserteur
desesperación	Désespoir
desesperadamente	Désespérément
desesperante	Désespérant
desesperanza	Désespoir
desesperar	Désespérer; Exaspérer
desespero	Désespérer; Exaspérer
desestabilización	Déstabilisation
desestabilizar	Déstabiliser
desestimar	Mépriser
desfachatez	Insolence, impudence, effronterie
desfalco	Pillage, fraude
desfallecer	S’évanouir, défaillir
desfase	Déphasage, décalage
desfavorable	Défavorable
desfavorablemente	Défavorablement
desfavorecido	Défavoriser
desfibrilador	Défibrillateur
desfigurar	Défigurer
desfiladero	Col, défilé entre deux montagnes
desfilar	Parader; Défiler
desfile	Parader; Défiler
desgarrar	Déchirer
desgarre	Déchirer
desgarro	Déchirer
desgastar	User
desgracia	Malheur; Malchance
desgraciadamente	Malheureusement
desgraciado	Qui n’a pas de chance : malchanceux, malheureux; Renforce un substantif en lui donnant une connotation négative : putain de, saloperie de, à la con; Personne sans morale, méprisable : enfoiré, salaud
desgranar	Défiler, égrener
desguace	Défaire, défoncer, mettre à mal
deshabitado	Inhabité
deshacer	Défaire
deshidratación	Déshydratation (fait d’enlever l’eau)
deshidratado	Déshydrater
deshielo	Dégeler, fondre
deshonestidad	Malhonnêteté
deshonesto	Malhonnête
deshonor	Déshonneur
deshonra	Déshonneur
deshonrar	Déshonorer
deshonroso	Honteux
deshumanizante	Déshumanisant
desiderio	Didier
desidia	Inertie, paresse, négligence
desierto	Désert
designación	Désignation
designar	Désigner, indiquer; Signaler
designio	Dessein, projet intellectuel, volonté
desigual	Inégal
desigualdad	Inégalité
desilusionar	Dégriser, désillusionner, désabuser
desilusión	Désillusion
desincentivar	Désinciter
desindustrialización	Désindustrialisation
desinfección	Désinfection
desinfectante	Désinfectant
desinfectar	Désinfecter
desinflar	Dégonfler, désenfler
desinformación	Désinformation
desinformar	Désinformer
desintegración	Désintégration
desintegrar	Désintégrer
desinterés	Désintérêt
desintoxicación	Désintoxication
desintoxicar	Désintoxiquer
desistimiento	Désistement
desistir	Se désister
deslave	Glissement de terrain
desleal	Déloyal
deslegitimar	Délégitimer
desligar	Détacher, délier, dépêtrer
desliz	Glissade
deslizante	Glissant
deslizar	Glisser
deslocalización	Délocalisation
deslucido	Décati
deslumbramiento	Éblouissement
deslumbrante	Éblouissant
deslumbrar	Éblouir
desmadre	Excès, abus; Bazar, foutoir, bordel, boxon (désordre)
desmantelar	Démanteler
desmayado	Évanouir; Faner
desmayar	Évanouir; Faner
desmayo	Évanouissement
desmembramiento	Démembrement
desmembrar	Démembrer
desmenuzar	Réduire en miettes, en petits morceaux
desmerecer	Démériter
desmilitarización	Démilitarisation
desmitificar	Démythifier
desmontable	Démontable
desmontaje	Démontage
desmontar	Démonter
desmonte	Démonter
desmoralización	Démoralisation
desmoralizar	Démoraliser
desmoronar	Effriter, ébouler, brésiller
desmotivación	Démotivation
desmovilizar	Démobiliser
desnivel	Dénivelé
desnuclearización	Dénucléarisation
desnudar	Déshabiller, dévêtir; Dépouiller, dévaliser; desnudarse : Se déshabiller, se dévêtir
desnudez	Nudité
desnudo	Dénudé; Nu
desnutrición	Dénutrition
desobedecer	Désobéir
desobediencia	Désobéissance
desocupación	Désœuvrement
desocupar	Évacuer
desolación	Désolation
desolado	Désert, désolé, dépeuplé
desorden	Désordre, pagaille (manque d'ordre ou d'organisation); Trouble (modification de l'état normal)
desordenado	Désordonné
desordenar	Désordonner, déranger
desorganización	Désorganisation
desorganizado	Désorganiser
desorientación	Désorientation
desorientar	Désorienter
desove	Frai, ponte des poissons
despachar	Expédier, adresser
despacho	Expédition, action d’envoyer, d’expédier; Bureau, pièce où l’on expédie les affaires courantes; Bureau, meuble où travailler; Office, charge publique
despacio	lent; lentement
despacito	Tout doucement
desparpajo	Désinvolture
desparramado	Disperser, répandre, diffuser, verser, déverser
despechado	Dépiter
despecho	Dépit
despectivo	Péjoratif
despedazar	Charcuter, dépecer, déchiqueter; Détruire, déchiqueter
despedida	Adieu; Couplet final
despedir	Raccompagner quelqu’un et lui faire ses adieux; Licencier, renvoyer
despegar	Décoller
despegue	Décoller
despeinado	Dépeigné
despejado	Dégager, nettoyer, vider
despejar	Dégager, nettoyer, vider
despeje	Dégager, nettoyer, vider
despejo	Dégager, nettoyer, vider
despelote	Mise en désordre; Situation de confusion; Groupe de personnes agitées, bruyantes
despenalización	Dépénalisation
despensa	Garde-manger, dépense
desperdiciado	Gaspiller; Perdre
desperdiciar	Gaspiller; Perdre
desperdicio	Gaspillage
desperfecto	Défaut, dégât, préjudice, vice
despertador	Réveil-matin
despertar	Réveiller
despeñadero	Abîme, gouffre, précipice; Péril, danger
despeñaperros	Défilé creusé par la rivière éponyme, situé dans la municipalité de Santa Elena, au nord de la province de Jaén (Espagne), qui met en communication la Castille et l’Andalousie; Parc naturel autour de ce défilé
despiadadamente	Impitoyablement
despiadado	Impitoyable
despido	Action de prendre congé, de dire au revoir ou se séparer de quelqu’un; Licenciement; Indemnités de licenciement
despierto	Éveillé, réveillé, vivace, réceptif
despilfarrar	Dilapider
despilfarro	Gaspillage
despistado	Tête en l’air
despistar	Perdre, désorienter
desplazamiento	Déplacement
desplazar	Déplacer
desplegable	Dépliant
desplegar	Déplier, déployer
despliegue	Déplier, déployer
desplome	Écroulement
despoblación	Dépeuplement
despoblado	Dépeupler
despojado	Dépouiller
despojar	Dépouiller
despojo	Dépouiller
despolitizar	Dépolitiser
despotismo	Despotisme
despotricar	Déblatérer
despreciable	Méprisable
despreciar	Dédaigner, détester, mépriser
desprecio	Mépris
desprender	Détacher
desprendimiento	Déprise, détachement, désintérêt; Relâchement; Chute de pierre, détachement d’une paroi rocheuse
despreocupación	Absence de préoccupation, indifférence
despreocupadamente	Insouciamment
despreocupado	Insouciant, insoucieux; Sans-souci
desprestigiar	Discréditer, décrédibiliser
desprestigio	Discrédit
desproporcionadamente	Excessivement
desproporcionado	Disproportionné
desproporción	Disproportion
despropósito	Sottise, parole ou action résultant d’une conception absurde de la réalité
desprotegido	Sans surveillance, non protégée
desprovisto	Dénuer; Dépourvu
despuntar	Émousser; Pointer, en parlant du jour, de l’aube
después	Après
despótico	Despotique
desregulación	Dérégulation, dérèglementation
destacamento	Détachement, commando
destacar	Souligner, mettre en exergue; Être patent, bien visible, remarquable, ressortir; Détacher (des troupes, etc.)
destajo	Détail
destapar	Déboucher; Décapsuler
destape	Déboucher; Décapsuler
destaque	Souligner, mettre en exergue; Être patent, bien visible, remarquable, ressortir; Détacher (des troupes, etc.)
destartalado	Délabré
destello	Éclair, lueur
desterrado	Banni
desterrar	Exiler, bannir
destete	Sevrer, cesser l’allaitement d’un bébé
destierro	Bannissement, exil
destilación	Distillation
destilar	Distiller
destinación	Destination
destinar	Destiner
destinatario	Destinataire
destino	Destin
destituir	Renvoyer
destornillador	Tournevis
destrabar	Désentraver
destreza	Habileté, adresse, dextérité, savoir-faire
destripar	Éventrer, étriper
destronar	Détrôner
destrozado	Détruire, démolir, ravager, abîmer; Défaire
destrozar	Détruire, démolir, ravager, abîmer; Défaire
destrozo	Détruire, démolir, ravager, abîmer; Défaire
destrucción	Destruction
destructivo	Destructif
destructor	Destructeur
destruir	Détruire
desubicado	Ébranlé, désorienté; Qui manque de tact, qui se comporte de manière inappropriée
desunión	Désunion
desvalorización	Dévalorisation
desvanecer	Évanouir, disparaitre; Défaire, annuler; S’évaporer
desvanecimiento	Évanouissement; Affaiblissement
desvelar	Dévoiler, découvrir
desvelo	Dévoiler, découvrir
desventaja	Désavantage, inconvenient
desvergonzado	Éhonté; Sans vergogne, dévergondé
desvergüenza	Impudence, insolence
desviación	Déviation, action de dévier ou résultat de cette action; Déviance, comportement considéré comme anormal, voire amoral
desviar	Dévier, détourner
desván	Comble, grenier
desvío	Aiguillage
desánimo	Découragement
detalladamente	De façon détaillée
detallado	Détaillé
detallar	Détailler; Vendre au détail
detalle	Détail
detallista	Perfectionniste; Perfectionniste
detección	Détection
detectable	Détectable
detectar	Détecter
detective	Détective
detector	Détecteur
detención	Détention, arrestation
detener	Arrêter, détenir; S'arrêter
detentar	Retenir
detergente	Lessive
deteriorar	Détériorer
deterioro	Détériorer
determinación	Détermination
determinado	Déterminer
determinante	Déterminant
determinar	Déterminer
determinismo	Déterminisme
determinista	Déterministe
detestable	Détestable
detestar	Détester
detonación	Détonation
detonador	Détonateur
detrimento	Préjudice, détriment
detritus	Détritus
detrás	Derrière
deuda	Dette
deudor	Débiteur
deuterio	Deutérium
devaluación	Dévaluation
devaluar	Dévaluer
devastación	Dévastation
devastado	Dévaster
devastar	Dévaster
develar	Dévoiler, déceler
devenir	Action ou fait de devenir, devenir; Arriver, advenir, se passer
devoción	Dévotion
devolución	Remboursement, retour; Dévolution
devolver	Rendre, remettre; Vomir, gerber
devorador	Mangeur
devorar	Dévorer
devotamente	Dévotement
devoto	Dévot, pieux
devónico	Dévonien
dexametasona	Dexaméthasone
dextrosa	Dextrose
df	Mexico, DF (avant la réforme de janvier 2016)
diabetes	Diabète
diablito	Diable
diablo	Le Diable (Satan); Diable
diabético	Diabétique; Personne diabétique
diabólico	Diabolique
diaconado	Diaconat
diadema	Diadème
diafragma	Diaphragme
diagnosis	Diagnostic
diagnosticar	Diagnostiquer
diagnóstico	Diagnostique; Diagnostic
diagonal	Diagonal; Diagonale
diagrama	Diagramme
dialectal	Dialectal
dialecto	Dialecte
dialectología	Dialectologie
dialogar	Dialoguer
dialéctico	Dialectique; Dialectique
diamante	Diamant; Carreau
diana	Réveil, diane; Cible (tir à l'arc)
diapasón	Diapason
diapositiva	Diapo, diapositive
diariamente	Quotidiennement, journellement
diario	Journalier; Journal
diarrea	Diarrhée
diatriba	Diatribe
diazepam	Diazépam, valium
dibujante	Dessinant; Dessinateur, dessinatrice
dibujar	Dessiner
dibujo	Dessin, croquis
diccionario	Dictionnaire
dicho	Dit, déjà cité; Dit, parole dite, sentence, proverbe; Parole insultante, gros mot
dichoso	Heureux, fortuné
diciembre	Mois de décembre, douzième mois de l’année
dicotomía	Dichotomie
dictablanda	Nom donné à la dictature militaire dirigée en Espagne par le général Dámaso Berenguer entre 1930 et 1931, ainsi que celle de Miguel Primo de Rivera; Dictature modérée dans sa répression, dont le dirigeant est magnanime
dictador	Dictateur
dictadura	Dictature
dictamen	Expertise, jugement technique, avis
dictaminar	Rapporter
dictar	Dicter
dictatorial	Dictatorial
didáctico	Didactique, relatif à la didactique, à l’enseignement
diecinueve	Dix-neuf
dieciocho	Dix-huit
dieciseisavos	Seizième de finale
diecisiete	Dix-sept
dieciséis	Seize
diego	Jacques
diente	Dent; gousse (d'ail), caïeu
dieppe	Dieppe (ville française); Dieppe (ville canadienne)
diesel	Gazole
diestra	Dextre, main droite, côté droit; Dextre
diestro	Dextre, droit; Droitier; Adroit
dieta	Diète; Régime alimentaire
dietética	Diététique
dietético	Diététique
diez	Dix; Dix, dixième
diezmar	Décimer, émonder
diezmo	Dîme
difamación	Diffamation, action de diffamer
difamar	Diffamer
diferencia	Différence
diferenciación	Différentiation
diferencial	Différentielle; Différencié
diferenciar	Différencier
diferente	Différent
diferir	Différer, retarder; Différer, être différent
dificilmente	Difficilement
dificultad	Difficulté
dificultar	Déranger, gêner
difracción	Diffraction
difteria	Diphtérie
difuminar	Atténuer, diminuer, faire s’évanouir, diffuser, estomper; S’évanouir, s’estomper, disparaître
difundir	Diffuser
difunto	Défunt
difusión	Diffusion
difícil	Difficile, dur, pénible; Improbable
difícilmente	Difficilement
digerible	Digestible
digerir	Digérer
digestivo	Digestif
digestión	Digestion
digitación	Doigté
digital	Digital, qui appartient aux doigts; Numérique; Digitale
digitalizar	Numériser
dignamente	Dignement
dignatario	Dignitaire
dignidad	Dignité
dignificar	Dignifier
digno	Digne
digresión	Digression
dilación	Délai
dilatación	Dilatation
dilatado	Dilater
dilatar	Dilater
dilema	Dilemme
diligencia	Diligence
diligente	Appliqué, assidu
diligentemente	Diligemment
dilucidar	Élucider
diluir	Diluer, délayer, détremper
diluvio	Déluge
dima	Dima
dimensión	Dimension
diminutivo	Diminutif; Diminutif
diminuto	Minuscule
dimisión	Démission
dimitir	Démissionner, se démettre de ses fonctions
dimorfismo	Dimorphisme
dina	Dyne
dinamarca	Danemark (pays d’Europe)
dinamismo	Dynamisme
dinamita	Dynamite
dinamitar	Dynamiter
dinamizar	Dynamiser
dinar	Dinar
dinastía	Dynastie, maison royale
dineral	Grande somme d’argent, fortune
dinero	Denier; Argent, monnaie
dingo	Dingo (Canis lupus dingo)
dinosaurio	Dinosaure
dintel	Linteau
dinámico	Dynamique
dinástico	Dynastique
diocesano	Diocésain
diodo	Diode
dionisio	Denys, Denis
diorama	Diorama
dios	Dieu
diosa	Déesse féminine; Déesse, femme qui est d’une beauté majestueuse
diploma	Diplôme
diplomacia	Diplomatie
diplomático	Diplomatique; Relatif aux diplômes; Diplomate
dipolo	Antenne dipolaire
diptongo	Diphtongue
diputación	Députation
diputado	Député
dique	Digue, barrage
direccional	Clignotant
dirección	Adresse; Direction
directamente	Directement
directiva	Direction (d’entreprise); Directive
directivo	Cadre
directo	Direct
director	Directeur; Chef d’orchestre
directora	Directeur; Chef d’orchestre
directorio	Annuaire, liste d’adresses, carnet d’adresses
dirigente	Meneur
dirigible	Dirigeable; Dirigeable
dirigir	Diriger; S'adresser
dirimir	Résoudre
discapacidad	Handicap
discapacitado	Handicapé, infirme
discernir	Discerner
disciplina	Discipline
disciplinado	Discipliner
disciplinar	Disciplinaire; Discipliner
disciplinario	Disciplinaire; Disciplinaire
disco	Disque; Disco, discothèque
discografía	Discographie
discontinuo	Discontinu
discordancia	Disparate, couac
discordante	Disparate, discordant
discordia	Discorde
discoteca	Discothèque
discrecional	Discrétionnaire
discreción	Discrétion, réserve, retenue, dans les actions et dans les paroles; Discrétion, droit ou pouvoir qu’on a de décider
discrepancia	Désaccord, différence de point de vue; Divergence, différence
discrepante	Discordant
discrepar	Diverger, être en désaccord
discretamente	Discrètement
discreto	Discret
discriminación	Discrimination, action de discriminer dans le but d’appliquer un traitement séparé; Discrimination, action de discriminer dans le but d'apporter un traitement inégal
discriminador	Discriminatoire; Discriminateur
discriminante	Discriminant
discriminar	Discriminer
discriminatorio	Discriminatoire
disculpa	Excuse
disculpar	Disculper, pardonner
disculpe	Disculper, pardonner
discursivo	Discursif
discurso	Discours
discusión	Discussion
discutible	Discutable
discutir	Discuter, débattre, contester
discípulo	Disciple
disecado	Disséquer
diseccionar	Sectionner, disséquer
disección	Dissection
diseminar	Disséminer
disensión	Dissension
disenso	Dissentiment
disentería	Dysenterie
disentimiento	Dissentiment
disentir	Dissentir
disertación	Dissertation
disertar	Disserter
diseñador	Designer
diseñar	Dessiner, concevoir, élaborer un dessein, un plan, un projet
diseño	Dessein, plan, projet
disfagia	Dysphagie
disforia	Dysphorie
disfraz	Déguisement
disfrazar	Déguiser
disfrutar	profiter de
disfrute	profiter de
disfuncional	Dysfonctionnel
disfunción	Dysfonctionnement
disgustado	Dégouter
disgustar	Dégouter
disgusto	Dégoût
disidencia	Dissidence
disidente	Dissident
disimulado	Dissimuler
disimular	Dissimuler
disimulo	Dissimuler
disipación	Dissipation
disipador	Radiateur
disipar	Dissiper; Gaspiller
dislexia	Dyslexie
disléxico	Dyslexique; Dyslexique
disminución	Diminution; Diminution, baisse; Diminution, rétrécissement; Diminution, réduction du temps ou de la valeur d’une note
disminuido	Diminuer, réduire, abaisser
disminuir	Diminuer, réduire, abaisser
disnea	dyspnée
disociación	Dissociation
disociativo	Dissociatif
disolución	Dissolution, action de dissoudre; Dissolution, état d’un corps primitivement solide dont les parties se sont séparées les unes des autres
disolvente	Dissolvant
disolver	Dissoudre
disonancia	Dissonance
disonante	Dissonant
dispar	Disparate
disparar	Tirer
disparatado	Absurde, déraisonnable
disparate	Sottise, folie, paroles invraisemblables ou agissements déraisonnables
disparidad	Inégalité
disparo	Coup de feu, tir
dispendio	Gaspillage
dispensa	Dispenser
dispensación	Dispensation
dispensar	Dispenser
dispensario	Dispensaire
dispepsia	Dyspepsie
dispersar	Disperser
disperso	Disperser
displasia	Dysplasie
disponer	Disposer; Être sur le point de, être prêt à, presque à commencer de, en parlant d’une action imminente
disponibilidad	Disponibilité
disponible	Disponible
disposición	Aptitude, disposition; Disposition, placement
dispositivo	Dispositif
dispuesto	Disposé
disputa	Dispute
disputar	Se disputer, se quereller
disquete	Disquette
disrupción	Disruption
disruptivo	Perturbant
distancia	Distance
distanciamiento	Distanciation
distanciar	Éloigner, distancer
distante	Distant
distendido	Détendu
distensión	Détente, désescalade
distinción	Distinction
distinguir	Apercevoir; Distinguer, dégager, identifier, reconnaître
distintivo	Distinctif; Distinctif
distinto	Distinct, différent; Différemment, distinctement
distopía	Dystopie
distorsionado	Distordre
distorsionar	Distordre
distorsión	Distorsion
distracción	Amusement, distraction, détente, récréation
distraer	Distraire
distraído	Distrait
distribución	Distribution
distribuidor	Distributeur; Distribution
distribuidora	Diffuseur, distributrice
distribuir	Distribuer, dispenser, répartir
distributivo	Distributif
distrito	District
disturbio	Trouble, perturbation, échauffourée
disuadir	Dissuader, détourner, mettre en garde
disuasivo	Dissuasif
disuasión	Dissuasion
disuasorio	Dissuasif
diurno	Diurne
diurético	Diurétique
diva	Diva
divagar	Divaguer
divergencia	Divergence
divergente	Divergent
diversidad	Diversité
diversificar	Diversifier
diversión	Diversion, distraction
diverso	Divers, différent
divertido	Gai, amusé, diverti
divertimento	Divertissement; Divertimento
divertir	Distraire, divertir; Amuser
dividendo	Dividende
dividir	Diviser, débiter, partager
divinamente	Divinement
divinidad	Divinité
divino	Divin
divisa	Devise
divisar	Apercevoir, distinguer
divisible	Divisible
división	Division (fait ou état d’être séparé)
divisor	Diviseur.ɿ
divisorio	Divisif
divo	Fameux (se dit notamment pour les cantateurs et cantatrices); Divin; Dieu, divinité; Divo, artiste ou personnalité de grande renommée; Divo, homme vaniteux au comportement capricieux
divorciado	Divorcé
divorciar	Divorcer; divorciarse : Divorcer
divorcio	Divorce
divulgación	Divulgation
divulgar	Divulguer
diván	Divan
diácono	Diacre
diáfano	Diaphane, transparent
diálisis	Dialyse
diálogo	Dialogue
diámetro	Diamètre
diáspora	Diaspora
diéresis	Tréma
diócesis	Diocèse
dióxido	Dioxyde
dj	DJ
djinn	Djinn
dna	ADN, acide désoxyribonucléique
dni	Carte d’identité
dnipropetrovsk	(1926–2016) Dnipro (ville d’Ukraine, capitale administrative de l’oblast de Dnipropetrovsk)
dns	DNS
do	Do
dobla	Monnaie d’or, en circulation au Moyen-Âge, dans la péninsule ibérique
dobladillo	Ourlet
doblado	Doubler; Plier; Multiplier
doblaje	Doublage
doblar	Doubler; Plier; Multiplier
doble	Double; Sosie
doblegar	Soumettre, plier
doblemente	Doublement
doblete	Doublet
doblez	Casuistique
doce	Douze
doceavo	Douzième
docena	Douzaine
docencia	Enseignement
docente	Enseignant; Qui enseigne; Relatif à l’enseignement
docto	Docte
doctor	Médecin; Docteur
doctora	Doctoresse en médecine; Doctoresse, femme titulaire d’un doctorat
doctorado	Doctorat
doctorando	Doctorant
doctrina	Doctrine
doctrinal	Doctrinal
doctrinario	Doctrinaire; Doctrinaire
documentación	Documentation
documentado	Documenter
documental	Documentaire
documentalista	Documentaliste
documentar	Documenter
documentario	Documentaire
documento	Document
dodo	Prénom masculin
dogma	Dogme
dogmatismo	Dogmatisme
dogmático	Dogmatique
dogo	Dogue
doha	Doha (capitale du Qatar)
dolarización	Dollarisation, remplacement de la monnaie nationale par le dollar
dolarizar	Dollariser, remplacer la monnaie nationale par le dollar
dole	Chien rouge, dhole
doler	Faire mal; Se plaindre
dolido	Faire mal; Se plaindre
dolina	Doline
dolmen	Dolmen
dolomita	Dolomite
dolor	Douleur, mal, peine
dolorosamente	Douloureusement
doloroso	Douloureux
doloso	Dolosif
doma	Domptage, dressage
domada	Dresser
domar	Dresser
domesticación	Domestication
domesticar	Domestiquer; Dompter un animal sauvage
domicilio	Adresse, domicile
dominación	Domination
dominar	Dominer
domingo	Dimanche, septième jour de la semaine en Europe et en Amérique latine; Argent de poche que l’on donne à un enfant, en général le dimanche; Dominique; Nom de famille
dominguero	Conducteur du dimanche
dominica	Dominique, île des Antilles
dominicano	Dominicain; Dominicain, habitant de la République dominicaine
dominico	Dominicain; Dominicain
dominio	Domaine
dominó	Dominer
domo	Dresser
doméstico	Domestique
domínguez	Nom de famille espagnol
domótica	Domotique
don	Monsieur, Madame, titre de civilité employé avec le prénom de la personne à qui on s'adresse : don Lope, doña María; Don, donation; Titre honorifique espagnol, qui est toujours suivi du prénom de la personne désignée. Peut se traduire par « Sire »; Monsieur, traitement respectueux adressé à un individu masculin, dans certains contextes officiels, en particulier des nobles ou des personnes considérées comme des éminences, titulaires de certains titres universitaires ou académiques, etc. Idem pour le féminin: Madame; Don (fleuve russe)
dona	Donut
donación	Donation
donaire	Grâce, allure
donante	Donneur, donateur
donar	faire don, faire une donation
donatario	Donataire
doncella	Demoiselle; Abadèche barbiche, poisson de la famille des Ophidiidae dont le nom scientifique est Ophidion barbatum; Servante
donde	Où; Chez
dondequiera	N’importe où, où que ce soit
donetsk	Donetsk (ville d’Ukraine, capitale administrative de l’oblast de Donetsk)
dop	AOP
dopaje	Dopage
dopamina	Dopamine
doquier	Où que ce soit, n'importe où
dora	Dorer; Faire dorer
dorado	Doré
dorar	Dorer; Faire dorer
dormido	Dormir; Endormir; S’endormir
dormilón	Ensommeillé; Dormeur, personne qui sommeille ou dort beaucoup; Dormeuse
dormir	Dormir; Endormir; S’endormir
dormitorio	Chambre à coucher
dorotea	Dorothée
dorsal	Dorsal; Dossard d’un prisonnier; Partie la plus élevée d’une chaine de montagnes
dorso	Dos, verso
dos	Deux
doscientos	Deux-cents
dosel	Baldaquin
dosificar	Doser
dosis	Dose
dossier	Dossier
dotación	Dotation, action d’attribuer un revenu, par extension ce revenu attribué; Dotation, moyen déployé pour faire tourner une entreprise, un service
dotado	Doter
dotar	Doter
dote	Dot
dover	Douvres
doxa	Doxa
doña	Madame, titre de civilité respectueux employé avec le prénom de la personne à qui on s'adresse : doña María; Madame, titre respectueux donné à certaines personnes ou dans certains contextes officiels; Dame, pour la noblesse d’Espagne et du Portugal
dracma	Drachme
draga	Drague, machine ou bateau pour draguer un cours d’eau
dragado	Draguer (une rivière)
dragar	Draguer (une rivière)
drago	Dragonnier
dragona	Dragonne
dragón	Dragon; Muflier, muflier austral (Antirrhinum australe Rothm.); Motmot à sourcils bleus
drama	Drame
dramatizar	Dramatiser
dramaturgia	Dramaturgie
dramaturgo	Dramaturge
dramático	Dramatique
drenaje	Drainage
drenar	Drainer, égoutter
dresde	Dresde
drill	Drill
droga	Drogue, médicament
drogadicción	Toxicomanie, dépendance à la drogue, addiction
drogadicto	Toxicomane
drogado	Droguer; Administrer une drogue
drogar	Droguer; Administrer une drogue
drogo	Droguer; Administrer une drogue
droguería	Droguerie
dromedario	Dromadaire
dron	Drone
druida	Druide
drástico	Drastique
dual	Duel; Duel
dub	Dub
dubai	Dubaï (un des Émirats arabes unis)
dubitativo	Dubitatif
dublín	Dublin (capitale de la république d’Irlande)
dubrovnik	Dubrovnik
dubstep	Dubstep
ducado	Duché; Ducat
ducal	Ducal
ducha	Douche
duchar	Doucher
ducho	Doucher
ductilidad	Ductilité
duda	Doute
dudar	Douter
dudosamente	De façon douteuse, suspicieusement
dudoso	Douteux
duela	Faire mal; Se plaindre
duelo	Duel; Deuil
duende	Lutin; Charme
duero	Douro, fleuve ibérique de 897 km de long dont 572 en Espagne, 112 de frontière commune entre les deux pays et 213 au Portugal. Il se jette dans l'Atlantique à Porto
dueto	Duetto
dueña	Maîtresse, en particulier maîtresse de maison, femme qui commande chez elle
dueño	Maître; Propriétaire
dui	déclaration unilatérale d’indépendance
dulce	Doux; Sucré; Bonbon, sucrerie, confiserie; Prénom féminin espagnol
dulcería	Sucrerie
dulcinea	Dulcinée; Exoplanète, également appelée Mu Arae c, en orbite autour de l'étoile µ Arae, située dans la constellation de l’Autel
dulzor	Douceur
dulzura	Douceur
duna	Dune
duodenal	Duodénal
duodeno	Duodénum
duodécimo	Douzième
duplicación	Duplication
duplicado	Doubler, multiplier par deux; Dupliquer
duplicar	Doubler, multiplier par deux; Dupliquer
duplicidad	Duplicité
duque	Duc
duquesa	Duchesse
durable	Durable
duración	Durée
duradero	Durable
duramente	Durement
durango	Durango, au Pays basque; Durango, État du Mexique; Capitale de l’État de Durango; Localité, chef-lieu du comté de La Plata dans le Colorado
durante	Durant, pendant
durar	Durer
durazno	Variété de pêcher; Variété de pêche; Pêcher; Pêche
dureza	Dureté
durmiente	Traverse
duro	Dur; Rude, difficile, pénible; Duro, cinq pesetas
dux	Doge
dádiva	Don
dálmata	Dalmate, dalmatien
dársena	Darse
dátil	Datte
débil	Faible
débilmente	Faiblement
débito	Débit
década	Décade; Décennie; Division d’une œuvre en dix volumes ou chapitres
décimo	Dixième; dixième (numéro 10 ou 1/10); partie d’un billet de loterie
dédalo	Dédale
déficit	Déficit
déspota	Despote
día	Jour, journée
díaz	Nom de famille
díez	Nom de famille
dígito	Chiffre
díptico	Diptyque
dócil	Docile
dólar	Dollar
dónde	Où
dórico	Dorique
dúplex	Duplex; Duplex
e	Et
ea	Ea
ean	EAN, GENCODE
ebanista	Ébéniste
ebanistería	Ébénisterie
ebriedad	Ivresse, cuite, ébriété
ebrio	Ivre, saoul sous l'influence de l'alcool; Aveuglé, ivre, dominé par une passion
ebro	Èbre
ebullición	Ébullition
echar	Jeter, lancer; Rejeter, exclure, renvoyer
echarri	Echarri
echevarría	Etxebarria; Nom de famille
echo	Jeter, lancer; Rejeter, exclure, renvoyer
eclecticismo	Éclectisme
eclesial	Ecclésial
eclesiología	Ecclésiologie
eclesiástico	Ecclésiastique
eclipsar	Éclipser; S’éclipser, disparaitre
eclipse	Éclipse
eclosión	Éclosion
ecléctico	Éclectique
eclíptica	Écliptique
ecm	Synonyme de experiencia cercana a la muerte (expérience de mort imminente)
eco	Écho
ecocidio	Écocide
ecografía	Échographie
ecologista	Écologiste; Écologiste
ecología	Écologie
ecológico	Écologique
economato	Économat
econometría	Économétrie
economica	Économique
economista	Économiste
economizar	Économiser, épargner
economía	Économie
económico	Économique
ecosistema	Écosystème
ecoturismo	Écotourisme
ecuación	Équation
ecuador	Équateur, pays latinoaméricain; Équateur
ecuanimidad	Équanimité
ecuatorial	Équatorial
ecuatoriano	Équatorien
ecuestre	Équestre, hippique
ecuménico	Œcuménique
ecuánime	Juste, équitable
ecónomo	Économe
edad	Âge
edafología	Édaphologie
edecán	Aide de camp
edema	Œdème
edgar	Prénom masculin
edgardo	Prénom masculin
edición	Édition
edicto	Édit
edificación	Édification, construction
edificar	Édifier
edificio	Bâtiment, immeuble
edil	Édile
edimburgo	Édimbourg, ville d’Écosse
editar	Éditer
editor	Éditeur; Correcteur
editora	Éditrice; Correctrice; Forme elliptique de casa editora, maison d’édition
editorial	Éditorial, éditoriale; Forme elliptique de casa editorial : Maison d’édition; Forme elliptique de artículo editorial : Éditorial
edo	Édo
edredón	Édredon
eduardo	Prénom masculin correspondant à Édouard
educación	Éducation; Instruction
educando	Éduquer; Entraîner; Dresser
educar	Éduquer; Entraîner; Dresser
educativo	Éducatif
edulcorante	Édulcorant
edén	Éden
eeuu	USA, US, É.-U.
ef	EPS
efa	Épha
efectivamente	Effectivement, en réalité
efectivo	Effectif; Argent liquide, liquide, espèces
efecto	Effet
efectuar	Effectuer
efedrina	éphédrine
efervescencia	Effervescence
efervescente	Effervescent
efesios	Éphésiens
eficacia	Efficacité
eficaz	Efficace
eficiencia	Efficience
eficiente	Efficient
efigie	Effigie
efímera	Éphémère
efímero	Éphémère
ega	Ega
egeo	Égée
egidio	Gilles
egipcio	Égyptien, relatif à l’Égypte; Égyptien, habitant de l’Égypte
egipto	Égypte
egmont	Prénom masculin
egocentrismo	Égocentrisme
egoísmo	Égoïsme
egoísta	Égoïste
egresado	Obtenir un diplôme
egresar	Obtenir un diplôme
egreso	Obtenir un diplôme
ególatra	Égomaniaque
eh	Hein
eje	Axe; Accent, focus, axe; Axe (alliance de l’Allemagne, de l’Italie et du Japon durant la seconde guerre mondiale)
ejecución	Exécution, action d’exécuter; Exécution, action de mettre quelqu’un à mort; Exécution, réalisation d’un acte
ejecutable	Exécutable
ejecutar	Exécuter
ejecutiva	Cadresse
ejecutivo	Cadre (membre de l’encadrement, du management, d’une entreprise, d’une administration)
ejecutor	Exécutant; Exécutant, exécuteur
ejecutoria	Exécutoire
ejemplar	Exemplaire; Exemplaire
ejemplaridad	Exemplarité
ejemplificar	Illustrer
ejemplo	Exemple
ejercer	Exercer
ejercicio	Exercice
ejercitar	Exercer
ejido	Champ communal
ejército	Armée
ekaterimburgo	Iekaterinbourg (ville de Russie)
el	Le (article défini masculin singulier)
ela	SLA
elaboración	Élaboration
elaborar	Élaborer
elasticidad	Élasticité
elche	Elche
eleazar	Éléazar
elección	Élection
electivo	Électif
electo	Élire; Choisir, adopter, désigner, opter
elector	Électeur
electoral	Électoral
electoralista	Électoraliste
electricidad	Électricité
electricista	Électricien
electrificación	Électrification
electrizante	Électrisante
electro	Ambre; Électrum
electrocardiograma	Électrocardiogramme
electrocución	Électrocution
electrodo	Électrode
electrodoméstico	Électro-ménager
electroencefalograma	Électro-encéphalogramme
electrolito	Électrolyte
electromagnetismo	Électromagnétisme
electromagnético	Électromagnétique
electromecánica	Électromécanique
electromecánico	Électromécanique
electroquímica	Électrochimie
electrón	Électron
electrónico	Électronique
elefante	Éléphant
elegancia	Élégance
elegante	Élégant
elegir	Élire; Choisir, adopter, désigner, opter
elegía	Élégie
elemental	Elemental
elemento	Élément
elena	Hélène
elenco	Liste; Troupe, équipe, casting, distribution
elevación	Élévation (action d’élever, de s’élever); Élévation (action d'élever l’hostie); Hauteur, arrogance, vanité
elevado	Élevé, haut; Pont routier destiné à fluidifier la circulation à une intersection
elevador	Ascenseur
elevar	Lever, soulever, élever
elfo	Elfe, lutin
eligio	Éloi, prénom masculin
eliminación	Élimination
eliminar	Éliminer, retirer, couper; Éliminer, liquider, supprimer; Supprimer, effacer
eliminatoria	Éliminatoire
eliminatorio	Éliminatoire
elipse	Ellipse
elipsis	Ellipse
elipsoide	Ellipsoïde
eliseo	Élisée (prophète)
elite	Élite
elitismo	Élitisme
elitista	Élitiste
elixir	Élixir
elizondo	Elizondo
elle	Iel, pronom neutre de la troisième personne du singulier
elles	Als, iels
elocuencia	Éloquence
elocuente	Éloquent
elogiar	Faire l’éloge
elogio	Éloge, louange
elongación	Élongation
elote	Épi de maïs tendre; Grains de l'épi de maïs
eloy	Éloi
eludir	Éluder, éviter
elusión	Évasion
elástico	Souple, élastique
eléctrico	Électrique
elías	Élie (prophète)
elíptico	Elliptique
elíseo	Élysée
ema	Prénom féminin espagnol
emanar	Émaner
emancipación	Émancipation
embajada	Ambassade
embajador	Ambassadeur
embalar	Emballer
embalsamamiento	Embaumement
embalse	Barrage sur un cours d’eau
embarazado	Embarrasser; Mettre enceinte
embarazar	Embarrasser; Mettre enceinte
embarazo	Embarras, difficulté; Grossesse
embarazoso	Embarrassant
embarcación	Embarcation, bateau, navire
embarcadero	Embarcadère
embarcar	Embarquer, monter à bord
embarco	Embarquer, monter à bord
embargar	Saisir, confisquer
embargo	Embargo
embarque	Chargement, cargaison, embarquement
embate	Coup, attaque; Coup de vent, mer démontée
embaucador	Emberlificoteur
embaucar	Mystifier, laisser pantois, berner
embellecer	Embellir
embestir	Charger, mener la charge contre, attaquer; Rentrer dans
emblema	Emblème, enseigne
embocadura	Embouchure
embocar	Emboucher, mettre en bouche; Avaler, être crédule
embolia	Embolie
emborrachar	Enivrer
emboscada	Embuscade
embotellado	Embouteiller, mettre en bouteille; Embouteiller, dépasser la capacité d’absorption d’une voie de communication, empêchant la fluidité de la circulation
embotellamiento	Embouteillage
embotellar	Embouteiller, mettre en bouteille; Embouteiller, dépasser la capacité d’absorption d’une voie de communication, empêchant la fluidité de la circulation
embriagado	Enivrer
embriagador	Capiteux
embriaguez	Ivresse
embrión	Embryon
embrollo	Confusion, enchevêtrement, désordre; Mensonge; Embrouillamini, impasse, difficulté, conflit dont il est difficile de sortir
embrujado	Ensorceler
embrujo	Ensorceler
embudo	Entonnoir
embustero	Trompeur, fourbe
embutido	Charcuterie, saucisses diverses
emergencia	Émergence; Accident, chose qui émerge, qui survient; Urgence
emergente	Émergent
emerger	Émerger
emigración	Émigration
emigrado	Émigrer
emigrante	Émigrant, émigrante
emigrar	Émigrer
emilia	Prénom féminin, équivalent à Émilie
eminencia	Éminence
eminente	Excellent, éminent, accompli
eminentemente	Éminemment
emir	Émir
emirato	Émirat
emisario	Émissaire
emisión	Émission
emisor	Émetteur, transmetteur; Émetteur, transmetteur
emisora	Station de radio
emitir	Diffuser, émettre
emo	Emo
emocionado	Ému
emocional	Émotionnel, qui relève des émotions; Émotionnel, qui produit une émotion; Émotionnel, émotif, sensible aux émotions
emocionalmente	Émotionnellement
emocionante	Émouvant, touchant
emocionar	Affecter, remuer, émouvoir, toucher
emoción	Émotion
emoji	Emoji, émoji
emoliente	Émollient
emoticono	Frimousse, émoticône, émoticon
emoticón	Émoticône
emotividad	Émotivité
emotivo	Émotif
empacar	Emballer, empaqueter
empacho	Empêchement, trouble; Difficulté; Indigestion, trouble de la digestion
empalagoso	Collant; Doucereux
empalmar	Raccorder, embrancher, épisser
empanada	Empanada; Panade, confusion, désordre
empanado	Paner
empapado	Imprégner (quelque chose de liquide), mouiller, saturer de liquide
empapar	Imprégner (quelque chose de liquide), mouiller, saturer de liquide
empapelar	Tapisser
empaquetado	Empaqueter
empaquetar	Empaqueter
emparedado	Sandwich
emparejamiento	Appariement
emparejar	Apparier
empatar	Faire match nul
empate	Faire match nul
empatía	Empathie
empañar	Emmailloter, langer; Couvrir d’un pan de tissu; Voiler, obscurcir
empecinamiento	Obstination
empedernido	Éperdu
empedrado	Pavement; Pavement
empeine	Cou-de-pied, dos du pied
empeoramiento	Aggravation, dégradation
empeorar	Empirer
emperador	Empereur; Espadon
empezar	Commencer
empeñado	Désireux, volontaire
empeñar	Mettre en gage; Engager; Employer
empeño	Obstination, acharnement
empiezo	Commencer
empinado	Incliner (pour boire); Dresser
emplazamiento	Placement
emplazar	Remplacer
empleabilidad	Employabilité
empleador	Employeur
emplear	Employer
empleo	Emploi
emplumado	Emplumé
empobrecer	Appauvrir
empobrecido	Appauvrir
empobrecimiento	Appauvrissement
empoderar	Autonomiser
emporio	Emporium
emprendedor	Entreprenant; Entrepreneur
emprendedurismo	Entrepreneuriat
emprender	Entreprendre
emprendimiento	Esprit d’entreprise
empresa	Entreprise
empresario	Entrepreneur; Imprésario
empujar	Pousser, appuyer
empuje	Impulsion, action de pousser
empujo	Pousser, appuyer
empujón	Poussée, impulsion forte
empuñadura	Manche d’épée, de fleuret, etc
empuñar	Empoigner une épée, un sabre, etc; Prendre un poste, un emploi; Former un poing avec la main
empíricamente	Empiriquement
empírico	Empirique
emulador	Émulateur
emulsión	Émulsion
emérito	Émérite
en	Dans, à, sur; Dans, en (un temps); En, dans (une langue); (Utilisé après certains verbes et traduits par différentes prépositions en français); (Utilisé dans différentes expressions)
enajenación	Aliénation
enajenado	Aliéner un bien; Faire sortir hors de soi
enajenar	Aliéner un bien; Faire sortir hors de soi
enaltecer	Exalter, magnifier
enaltecimiento	Apologie
enamorado	Amoureux
enamoramiento	Béguin
enamorar	Enamourer, rendre amoureux, séduire; enamorarse : tomber amoureux
enanismo	Nanisme
enano	Nain
enarbolar	Arborer
encabezamiento	Préface, en-tête, ce qui commence un document; Capitation, recensement à des fins fiscales pour assurer le recouvrement des impôts; Registre des capitations ou des contribuables
encabezar	Mettre un en-tête; Faire une page de garde; Présider, être à la tête d’une réunion, d’une organisation, d’un conseil, etc
encadenado	Enchaîner; Enchaîner, faire suivre, imbriquer
encadenamiento	Enchaînement, succession, suite
encadenar	Enchaîner; Enchaîner, faire suivre, imbriquer
encajar	Encaisser; Ajuster étroitement; Faire aller, faire rentrer
encaje	Dentelle; Emboîtement
encallar	Échouer
encaminado	Acheminer; Diriger
encaminar	Acheminer; Diriger
encantado	Enchanté; Enchanté, formule de politesse utilisée par une personne qui est présentée à quelqu’un
encantador	Charmant, gentil, mignon, ravissant; Enchanteur, sorcier
encantamiento	Charme
encantar	Enchanter, ravir; Plaire beaucoup (à quelqu’un) (même structure que gustar)
encanto	Charme; Enchantement
encarar	Confronter
encarcelación	Emprisonnement, incarcération
encarcelamiento	Emprisonnement
encarcelar	Incarcérer, emprisonner
encarecer	Enchérir; Recommander avec empressement
encarecimiento	Renchérissement
encargar	Charger, confier une tâche ou une responsabilité
encargo	Charge, devoir
encarna	Incarner
encarnación	Prénom féminin espagnol
encarnado	Incarner
encarnar	Incarner
encasillar	Étiqueter
encausar	Traduire en justice
encauzar	Endiguer
encefalitis	Encéphalite
encendedor	Allumeur, briquet, tout dispositif ou ustensile permettant d’allumer, de déclencher un allumage
encender	Allumer
encendido	Allumage; Allumage d’un moteur
encerado	Cirer
encerrar	Enfermer, renfermer
enchilada	Enchilada; Pâtisserie salée à base de pâte feuilletée et farcie avec de la viande et du piment
enchufado	Brancher, connecter
enchufar	Brancher, connecter
enchufe	Branchement, prise; Piston, favoritisme
enciclopedia	Encyclopédie
enciclopédico	Encyclopédique
encierre	Enfermer, renfermer
encierro	Enfermer, renfermer
encima	Dessus; En plus; Sur soi; Par-dessus, au-dessus
encimera	Plan de travail
encina	Chêne vert
encinar	Chênaie verte, yeusaie
encino	Chêne vert
enclave	Enclave
enclenque	Faible
encoger	Contracter, diminuer; Hausser les épaules en les contractant
encogido	Timide, peureux
encogimiento	Contraction, rétrécissement; Haussement d’épaules
encomendar	Mandater
encomiable	Louable
encomienda	Colis, encomienda
encono	Rancune
encontrar	Trouver, rencontrer; Se trouver; Rencontrer (quelqu'un)
encorvado	Courber, plier
encriptación	Chiffrement
encriptar	Encrypter
encuadernación	Reliure
encuadrar	Encadrer, cadrer
encubierto	Couvrir, cacher, occulter
encubridor	Complice; Entremetteur, proxénète
encubrimiento	Dissimulation
encubrir	Couvrir, cacher, occulter
encuentro	Rencontre, abord
encuesta	Enquête; Sondage
encéfalo	Encéphale
encía	Gencive
encíclica	Encyclique
endeble	Faible, mou, sans force
enderezar	Redresser; Corriger, redresser; Diriger; Préparer, apprêter
endeudar	Endetter, obérer
endiablado	Endiablé; Pervers, nocif
endocarditis	Endocardite
endocrino	Endocrine
endocrinología	Endocrinologie
endodoncia	Endodontie
endogamia	Endogamie
endometrial	Endométrial
endometrio	Endomètre
endometriosis	Endométriose
endoscopia	Endoscopie
endotelial	Endothélial
endotelio	Endothélium
endulzar	Adoucir
endurecer	Durcir
endémico	Endémique
endógeno	Endogène
ene	Enne, lettre n; Ene
enea	Massette, typha
enebro	Genévrier
eneldo	Aneth
enema	Lavement, clystère
enemigo	Ennemi
enemistad	Inimitié
energético	Énergétique
energía	Énergie
energúmeno	Énergumène
enero	Mois de janvier, premier mois de l’année
enfadado	Fâcher, mettre en colère
enfadar	Fâcher, mettre en colère
enfado	Colère
enfatizar	Accentuer, souligner, insister
enfermar	Tomber malade
enfermedad	Infirmité, maladie
enfermero	Infirmier
enfermería	Infirmerie
enfermizo	Maladif, chétif
enfermo	Malade; Malade, combattant ayant cessé les hostilités du fait d'une maladie
enfisema	Emphysème
enfocar	Faire la mise au point; Zoomer; pronominal Centrer son attention et sa réflexion sur un sujet particulier
enfoque	Mise au point; Point de focalisation, ce sur quoi on zoome ou on focalise son attention et sa réflexion; Point de vue, optique
enfrentamiento	Affrontement
enfrentar	Affronter
enfrente	En face; Contre
enfriamiento	Refroidissement
enfriar	Refroidir
enfurecer	S’énerver, devenir furieux
enfáticamente	Emphatiquement
enfático	Emphatique
enganchado	Accrocher
enganchar	Accrocher
enganche	Accrocher
engatusar	Embobiner
engañar	Tricher, tromper
engaño	Action de tricher ou tromper, ou résultat de cette action lui-même, fraude, tromperie
engañoso	trompeur, illusoire, mensonger
engendrar	Engendrer, entraîner des conséquences
engendro	Engendrer, entraîner des conséquences
englobar	Englober
engordar	Grossir
engorde	Engraissement
engorroso	Ennuyeux
engranaje	Engrenage
engrandecer	Agrandir, augmenter, exagérer; Magnifier
engrasar	Graisser, enduire de graisse
engrase	Graisser, enduire de graisse
engreído	Suffisant, vaniteux
engrosar	Grossir, gonfler
engrudo	Colle, généralement de farine ou d’amidon
engullir	Engloutir
enhebrar	Enfiler
enhorabuena	Compliment, félicitation; À la bonne heure, bien, marque l’acquiescement, l’encouragement
enigma	Énigme, puzzle
enigmático	Énigmatique
enjambre	Essaim
enjuagar	Rincer
enjuague	Rincer
enjuiciamiento	Procédure, instruction judiciaire
enjuiciar	Soumettre à un jugement; Instruire un procès
enjuto	Sec, desséché; Pauvre, sobre, tant en paroles qu’en action
enlace	Lien
enlatado	En conserve
enlazar	Enlacer, attacher, nouer
enloquecer	Affoler
enloquecido	Affoler
enlucido	Enduit
enmarañado	Broussailleux; Enchevêtrement
enmarcar	Encadrer
enmascaramiento	Action qui consiste à masquer, à mettre un masque, à recouvrir
enmendar	Réparer, arranger, corriger
enmienda	Correction, retouche; Amendement
enojar	Fâcher, ennuyer, énerver
enojo	Fâcher, ennuyer, énerver
enología	Œnologie
enorme	Énorme, immense, formidable, gigantesque
enormemente	Énormément, immensément, d’une façon énorme
enredar	Prendre dans un filet; Embrouiller, troubler, déconcerter, empêtrer
enredo	Prendre dans un filet; Embrouiller, troubler, déconcerter, empêtrer
enrejado	Caillebotis
enrique	Prénom masculin équivalent à Henri; Monnaie d’or utilisée durant le Moyen Âge en Castille
enriquecer	Enrichir; S’enrichir
enrollado	Enrouler
enrollar	Enrouler
enroque	Roque
enrutador	Routeur
ensalada	Salade
ensaladera	Saladier, grilet
ensalzar	Exalter, magnifier
ensamblado	Assemblage
ensamblador	Assembleur
ensamblaje	Assemblage
ensamblar	Assembler
ensamble	Ensemble
ensanchar	Élargir
ensartar	Enfiler, embrocher, enferrer
ensayar	Essayer, tester, goûter, étrenner, répéter, s’entrainer
ensayista	Essayiste
ensayo	Essai, test; Essai
enseguida	Tout de suite, d’emblée, aussitôt, immédiatement
ensenada	Crique
enseres	Fournitures, matériel, ensemble d’ustensiles
enserio	Ah bon
enseñanza	Enseignement
enseñar	Enseigner, apprendre; Montrer; Signaler
ensimismado	Renfermé sur lui-même, pensif
ensuciar	Salir
ensueño	Rêve; …
entablado	Entabler; Fixer les bases, démarrer
entablamento	Entablement
entablar	Entabler; Fixer les bases, démarrer
ente	Entité
entelequia	Entéléchie
entender	Comprendre
entendible	Compréhensible
entendimiento	Entendement
enteramente	Complètement, entièrement, totalement, tout
enterar	Informer, donner à connaître; pronominal Apprendre, s’informer, se rendre compte
entereza	Entièreté; Force de caractère, rectitude
entero	Entier
enterramiento	Enterrement, obsèques
enterrar	Enterrer; Assister à des funérailles; Enterrer, cacher; Oublier; Survivre à quelqu’un; Poignarder, introduire un objet pointu
entidad	Entité
entierro	Enterrement
entomología	Entomologie
entomólogo	Entomologiste
entonación	Intonation
entonar	Entonner
entonces	Puis, après, ensuite, par la suite, alors
entorno	Environnement, voisinage
entorpecer	Engourdir; Retarder
entorpecido	Engourdir; Retarder
entrada	Entrée, orifice
entrante	Entrant, prochain, nouveau
entrar	Entrer
entre	Entre; Parmi
entrecejo	Glabelle
entrecruzamiento	Entrecroisement
entredicho	Interdit; Interdit, sanction pénale appartenant, avec l’excommunication et la suspense, à la catégorie des censure
entrega	Livraison, dépôt, action de livrer ou de délivrer
entregar	Remettre, livrer; Confier; Se livrer, se rendre
entrego	Remettre, livrer; Confier; Se livrer, se rendre
entrelazado	Entrelacer
entrelazar	Entrelacer
entremés	Entracte, antipaste, hors-d’œuvre
entrenador	Entraineur
entrenamiento	Formation, entrainement
entrenar	Entraîner
entreno	Entraîner
entrepierna	Entrejambe
entrepiso	Entresol
entresijos	Tenants et aboutissants
entresuelo	Entresol
entretanto	Cependant, néanmoins, pourtant, tout de même; Dans l’intervalle
entretención	divertissement
entretener	Amuser
entretenido	Amuser
entretenimiento	Distraction, divertissement
entretiempo	Demi-saison
entrever	Entrevoir
entrevista	Entrevue, interview; Réunion
entrevistado	Interviewer; S’entretenir, se concerter
entrevistador	Intervieweur
entrevistar	Interviewer; S’entretenir, se concerter
entristecido	Attrister, rendre triste, affliger, désoler, peiner, contrister
entrometerse	Se mêler
entrometido	Fouineur
entropía	Entropie
entusiasmado	Enthousiasmer
entusiasmar	Enthousiasmer
entusiasmo	Enthousiasme
entusiasta	Enthousiaste, enthousiastique
enumeración	Énumération
enumerar	Énumérer
enunciación	Énonciation
enunciado	Énoncé
enunciar	Énoncer
envasado	Emballer, mettre dans un emballage
envasar	Emballer, mettre dans un emballage
envase	Emballage
envejecer	transitif : vieillir, envieillir, rendre vieux; intransitif : vieillir, s’envieillir, devenir vieux; intransitif : durer, subsister
envejecimiento	Vieillissement
envenenado	Envenimer, empoisonner
envenenar	Envenimer, empoisonner
envergadura	Envergure
enviar	Envoyer, adresser
envidiar	Envier, jalouser
envidioso	Envieux
envio	Routage
envolvente	Enveloppant
envolver	Enrouler; Emmailloter
envuelto	Enveloppé
envés	Envers
envío	Envoyer, adresser
enzima	Enzyme
enzimático	Enzymatique
enérgico	Énergique
enésimo	Énième
eo	Eo
eoceno	Éocène
epazote	Épazote
epi	EPI
epicentro	Épicentre
epicuro	Épicure, philosophe grec
epidemia	Épidémie
epidemiología	Épidémiologie
epidemiológico	Épidémiologique
epidemiólogo	Épidémiologiste
epidermis	Épiderme
epidémico	Épidémique
epifanía	Épiphanie
epigrama	Épigramme
epilepsia	Épilepsie
epiléptico	Épileptique
episcopal	Épiscopal
episodio	Épisode
epistemología	Épistémologie
epistemológico	Épistémologique
epistolar	Épistolaire
epistolario	Épistolier
episódico	Épisodique
epitafio	Épitaphe
epitelial	Épithélial
epitelio	Épithélium
epopeya	Épopée
epr	EPR
epígrafe	Épigraphe
epílogo	Épilogue
epístola	Épitre
epíteto	Épithète
epítome	Épitomé
epónimo	Éponyme
equidad	Équité
equidistante	Équidistant
equilibrado	Équilibrer
equilibrar	Équilibrer
equilibre	Équilibrer
equilibrio	Équilibre
equilátero	Équilatéral
equino	Équin; Oursin; Échine, ornement
equinoccio	Équinoxe
equipaje	Bagage, colis (pluriel)
equipamiento	Équipement
equipar	Équiper
equiparar	Comparer
equipo	Équipe; Commando, détachement, groupe, équipe
equis	Iks
equitación	Équitation
equivalencia	Équivalence
equivalente	Équivalent
equivaler	Équivaloir
equivocación	Erreur, Méprise
equivocado	Se tromper, se méprendre
equivocar	Se tromper, se méprendre
equívoco	Équivoque
erario	Trésor, fisc; Trésor, fisc
ere	Lettre r, quand elle n’est pas roulée
erección	Érection, action d’ériger un monument; Érection, action d’ériger une institution ou un établissement; Érection, action par laquelle certaines parties molles du corps se gonflent, se durcissent et se redressent, en particulier le pénis
eremita	Ermite
ereván	Erevan, capitale de l’Arménie
erg	Erg
ergo	Donc
ergonomía	Ergonomie
erguido	Debout
erial	En friche, non cultivé; Friche, lande, terrain non cultivé
erigir	Ériger
eritema	Érythème, rash
eritematoso	Érythémateux
eritrea	Érythrée, pays africain
eritromicina	Érythromycine
erizado	Hérissé, hirsute
erizo	Hérisson; Fruit de la bardane
ermita	Ermitage
ermitaño	Ermite, personne vivant retirée dans un lieu désert pour s’y livrer à des exercices de piété; Ermite, personne qui mène une vie retirée et loin de ses semblables
ermua	Ermua
ernesto	Ernest
eros	Éros (dieu grec)
erosionar	Érosionner
erosión	Érosion
erotismo	Érotisme
erp	PGI
erradicación	Éradication
erradicar	Éradiquer
errado	Errer, rôder, vaguer; Se tromper
errar	Errer, rôder, vaguer; Se tromper
errata	Coquille, erratum, erreur
erre	Digramme rr
error	Erreur
errático	Erratique
erróneo	Erroné
ertzaintza	Police de la communauté autonome du Pays basque
eructar	Roter, éructer
eructo	Roter, éructer
erudición	Érudition
erudito	Érudit
erupción	Éruption; Éruption, apparition soudaine
eruptivo	Éruptif
eréctil	Érectile
erótico	Érotique
esbeltez	Sveltesse
esbelto	Svelte
esbirro	Sbire
esbozar	Ébaucher, esquisser
esbozo	Ébauche
escabeche	Escabèche; Aliment conservé dans cette saumure au vinaigre
escabiar	S'abreuver, picoler, s'enivrer
escabroso	Accidenté, inégal, en parlant d’un terrain; Scabreux, inconvénient pour la morale
escabulle	S’en sortir, en parlant d’un danger ou d’une maladie; Filer, s’échapper; S’éclipser
escala	Échelle; Escale
escalabilidad	Scalabilité
escalable	Redimensionnable
escalada	Escalader
escalador	Escalier mécanique
escalar	Scalaire; Escalader; Scalaire, poisson au corps aplati et aux grandes nageoires, dont le nom scientifique est Pterophyllum scalare
escaldado	Échauder
escalera	Échelle, escalier
escalinata	Perron
escalofrío	Frisson de fièvre; Frisson provoqué par une émotion
escalona	Escalona; Échalote
escalpelo	Scalpel
escalón	Marche, degré, barreau (d’une échelle)
escama	Écaille
escamoso	Squamate
escandalizar	Scandaliser
escandalosa	Scandaleux; Bruyant
escandalosamente	Scandaleusement, d'une manière scandaleuse
escandaloso	Scandaleux; Bruyant
escandinavia	Scandinavie (région d’Europe)
escandinavo	Scandinave
escapada	S'échapper, échapper; Omettre
escapar	S'échapper, échapper; Omettre
escaparate	Vitrine
escapatoria	Échappatoire
escape	S'échapper, échapper; Omettre
escapismo	Escapologie
escapular	Scapulaire; Scapulaire
escapulario	Scapulaire
escarabajo	Scarabée
escaramuza	Escarmouche
escarapela	Cocarde
escarbar	Gratter, fouir
escarcha	Givre
escarlata	Écarlate
escarlatina	Scarlatine; Écarlatin, tissu de laine rouge
escarmiento	Correction, punition, redressement, leçon
escarnio	Dérision
escarpa	Talus
escarpado	Escarpé, raide, à pic, abrupt
escasear	Raréfier; Éviter de travailler, s’économiser
escasez	Rareté; Pénurie, disette
escaso	Insuffisant, rare, maigre
escatimar	Lésiner, épargner, faire preuve de modération, de retenue
escatología	Eschatologie
escatológico	Eschatologique, scatologique
escayola	Plâtrer
escaño	Siège
escena	Scène
escenario	Scène; Scénario
escenificación	Enscènement
escenificar	Enscéner
escenografía	Théâtre
escepticismo	Scepticisme
escisión	Excision; Scission
escita	Scythe; Scythe
esclarecer	Éclaircir
esclava	Femme esclave
esclavismo	Esclavagisme
esclavista	Esclavagiste; Esclavagiste
esclavitud	Esclavage
esclavizar	Asservir
esclavo	Esclave
esclerosis	Sclérose
esclusa	Écluse
escoba	Balai
escobar	Genêtière; Balayer; Nom de famille
escobilla	Goupillon, petite brosse; Balai, charbon, collecteur
escocia	Écosse (partie nord de la Grande-Bretagne); Scotie
escocés	Écossais, relatif à l’Écosse; Écossais
escoger	Choisir, adopter, désigner, opter
escolar	Scolaire
escolaridad	Scolarisation
escolarización	Scolarisation
escolarizar	Scolariser
escoliosis	Scoliose
escollera	Jetée
escollo	Écueil
escolta	Escorte
escoltar	Escorter
escolástico	Scolastique
escombro	Décombre, reste, débris
esconder	Cacher
escondida	Cacher
escondite	Cachette; Cache-cache
escondrijo	Tanière
escopeta	Fusil, escopette
escopetazo	Coup de fusil
escopolamina	Scopolamine
escorbuto	Scorbut
escoria	Scorie
escorial	Tas d’ordures, de scories métallurgiques
escorpio	Constellation du Scorpion; Scorpion (signe du zodiaque); Personne du signe du Scorpion
escorpión	Scorpion; Scorpion, constellation; Poisson scorpion; Scorpion, signe du zodiaque; Personne du signe du Scorpion
escotado	Découper aux mesures convenable; Payer son écot, cotiser; Puiser
escote	Décolleté
escotilla	Écoutille
escoto	Écossais
escozor	Picotement, démangeaison
escrache	Manifestation bruyante menée par des activistes près du domicile ou lieu d'activité d'une personnalité dans le but de jeter l’opprobre sur elle; Manifestation bruyante sur le lieu de travail, près du domicile d’anciens tortionnaires de la dictature du Général Videla qui n'ont pas été jugés pour leurs crimes, de manière à ce que tout le monde sache qui ils sont
escriba	Scribe
escribano	Greffier
escribiente	Écrivain public
escribir	Écrire
escritor	Écrivain
escritorio	Bureau
escritura	Écriture
escroto	Scrotum
escrupuloso	Scrupuleux
escrutar	Scruter
escrutinio	Examen détaillé; Scrutin
escrúpulo	Scrupule
escuadra	Équerre; Escouade, escadre
escuadrilla	Escadrille
escuadrón	Escadron
escuchar	Écouter
escucho	Écouter
escudero	Écuyer
escudo	Bouclier, écu; Écu; Enseigne
escudriñar	Scruter, examiner avec soin
escuela	École
escueto	Austère, minimal, strict, sec, dégarni
esculpir	Sculpter; Graver
escultor	Sculpteur
escultura	Sculpture
escultórico	Sculptural
escupida	Cracher
escupido	Cracher
escupir	Cracher
escupo	Cracher
escurridizo	Glissant
escurrir	Drainer
escuálido	Maigre, rachitique
escándalo	Scandale; Bruit, tumulte
escáner	Scanner
escápula	Omoplate, scapula
escénico	Scénique
escéptico	Sceptique
esdras	Esdras
esdrújula	Qualifie un mot proparoxyton, c’est-à-dire accentué sur l’antépénultième syllabe
ese	Ce, cet. Distance intermédiaire entre este et aquel; (Médial) Cela, ça
esencia	Essence
esencial	Essentiel
esencialmente	Essentiellement
esequibo	Fleuve du Guyana; Ancienne colonie néerlandaise le long de ce fleuve; Territoire du Guyana revendiqué par le Vénézuéla; Exemple d’utilisation manquant. (Ajouter)
esfera	Sphère
esfinge	Sphinx
esforzado	S’efforcer
esforzar	S’efforcer
esfuerzo	Effort; Essai
esférico	Sphérique
esfínter	Sphincter, muscle sphincter
esgrima	escrime
esgrimir	Escrimer
esgrimista	Escrimeur, escrimeuse
esgueva	Affluent du Pisuerga
esguince	Entorse
esla	Affluent du Douro
eslabón	Anneau de chaine; Maillon
eslava	Eslava
eslavo	Slave; Slave (avec une lettre minuscule)
eslogan	Slogan
eslora	Longueur hors-tout, longueur d’un navire de la proue à la poupe
eslovaco	Slovaque, qui concerne la Slovaquie; Slovaque (homme); La langue slovaque
eslovaquia	Slovaquie (pays européen)
eslovenia	Slovénie (pays d’Europe)
esloveno	Slovène, qui concerne la Slovénie; Habitant de la Slovénie; Slovène (la langue)
esmaltado	Émaillé
esmalte	Émail, couleur héraldique; Vernis (à ongles)
esmerado	Nettoyer, faire propre; Évaporer; Réaliser avec soin, mettre au propre un brouillon, un plan, un projet, perfectionner
esmeralda	Émeraude; Prénom féminin espagnol
esmero	Diligence, soin extrême à accomplir une chose
esmoquin	Smoking
esnifar	Sniffer
esnobismo	Snobisme
esopo	Ésope (fabuliste grec)
esoterismo	Ésotérisme
esotérico	Ésotérique
espabilado	Débrouillard, éveillé, dégourdi
espabilar	Émécher une bougie ou chandelle; Aviver; Se réveiller, sortir du sommeil; Dégourdir
espacial	Spatial
espacio	Espace, étendue indéfinie; Espace, étendue limitée et superficielle; Espace
espacioso	Spacieux, ample, vaste
espada	Épée (arme); Épée (personne qui manie l'épée); Matador (celui qui tue le taureau avec son épée); Épée, enseigne dans un jeu de carte
espadaña	Espadaña; Clocher-mur; Typha
espagnol	Sucre d’orge
espagueti	Spaghetti
espalda	Dos
espantapájaros	Épouvantail
espantar	Effrayer, épouvanter; Avoir peur
espanto	Effroi, peur
espantoso	Effrayant, horrible
esparadrapo	Sparadrap
esparcir	Éparpiller; Épandre
esparta	Sparte
espartano	Spartiate
esparto	Sparte
espasmo	Spasme
españa	Espagne
español	Espagnol; Espagnol (habitant de l'Espagne); Espagnol (langue)
españolidad	Espagnolité
españolismo	Espagnolisme; Hispanisme
españolista	Espagnoliste
especia	Épice
especial	Spécial; Particulier
especialidad	Spécialité
especialista	Cascadeur, cascadeuse
especialización	Spécialisation, spécialité
especializado	Spécialisé
especialmente	Surtout, spécialement
especie	Espèce animale ou végétale; Sorte
especificar	Spécifier
espectacular	Spectaculaire
espectador	Spectateur
espectral	Spectral
espectro	Spectre
espectrómetro	Spectromètre
espectáculo	Spectacle
especulación	Spéculation
especular	Spéculer; Agioter (avec les actions)
específicamente	Spécifiquement
específico	Spécifique
espejismo	Mirage
espejo	Miroir, glace; Espejo
espeleología	Spéléologie
espeluznante	Angoissant, horrifiant
esperado	Espérer, souhaiter; Attendre
esperanto	Espéranto (langue)
esperanza	Espoir, espérance; Espérance
esperanzador	Prometteur
esperar	Espérer, souhaiter; Attendre
esperma	Sperme
espermatozoide	Spermatozoïde
espeso	Gros, épais; Dense
espesor	Épaisseur
espesura	Feuillage
espiar	Épier, espionner
espiga	Épi; Tige; Goupille
espigón	Pivot
espina	Épine
espinaca	Épinard
espinar	Piquer; Épiner un jeune plant; Se mettre en formation compacte, toutes lances projetées vers l’extérieur, en parlant d’un escadron; Lieu planté d’aubépines; Obstacle, difficulté
espinilla	Tibia
espino	Aubépine
espinosa	Épineux
espinoso	Épineux
espionaje	Espionnage
espira	Spire, hélice; Spire
espiral	Spiral, en hélice; Spirale
espiritual	Spirituel
espiritualidad	Spiritualité
espiritualmente	Spirituellement
espita	Robinet
esplendor	Splendeur, faste
espléndido	Splendide, magnifique
espoleta	Fusée (d’un obus); Fourchette (d’un oiseau), furcula
espolvorear	Saupoudrer
espolón	Ergot; Éperon, rostre de navire; Exostose
esponja	Éponge
esponjoso	Spongieux
espontaneidad	Spontanéité
espontáneamente	Spontanément
espontáneo	Spontané; Bénévole
espora	Spore
esporádicamente	Sporadiquement
esporádico	Sporadique
esposa	Épouse
esposado	Menotter; Épouser
esposo	Mari, époux
espray	Bombe
espronceda	Espronceda
espuela	Éperon
espuma	Écume
espumoso	Mousseux
espurio	Apocryphe
esputo	Salive, morve, mucosités que l'on rejette en toussant, expectorations
espárrago	Asperge, asperge officinale (plante); Tamier, tamier commun
espátula	Spatule
espécimen	Spécimen
espéculo	Spéculum
espía	Espion, espionne
espín	Spin
espíritu	Esprit
esquela	Faire-part de décès
esqueleto	Squelette
esquelético	Squelettique
esquema	Schéma
esquemático	Schématique
esquiador	Skieur
esquiar	Skier
esquila	Sonnaille; Tonte
esquilo	Eschyle (auteur dramatique)
esquina	Coin, angle, coin de rue
esquirol	Jaune
esquisto	Schiste
esquivar	Esquiver, parer, éviter; S’abstenir de, s’excuser
esquivo	Esquiver, parer, éviter; S’abstenir de, s’excuser
esquizofrenia	Schizophrénie
esquizofrénico	Schizophrène
esquizoide	Schizoïde
esquí	Ski
estabilidad	Stabilité
estabilización	Stabilisation
estabilizador	Stabilisateur; Stabilisateur
estabilizar	Stabiliser
estable	Stable
establecer	Établir
establecimiento	Établissement, action d’établir; Établissement, entreprise, organisation
establo	Étable
estaca	Bâton, gaule, perche, barre, barreau; Pieu, échalas, piquet; Pieu, poteau
estacada	Attacher à un pieu; Fixer à l’aide d’un pieu
estacionado	Garer, stationner
estacional	Saisonnier
estacionamiento	Stationnement; Parking
estacionar	Garer, stationner
estación	Gare; Station; Saison
estadio	Stade
estadista	Femme d’État
estado	État, état politique; Manière d’être, état; Puissance, règne
estadounidense	États-unien, ce qui se rapporte aux États-Unis d’Amérique; États-unien, habitant ou habitante des États-Unis d'Amérique
estadística	Statistique
estadístico	Statistique
estafa	Escroquerie, arnaque
estafador	Escroc, arnaqueur
estafar	Escroquer, filouter
estafeta	Estafette
estalinismo	Stalinisme
estallar	Éclater, exploser
estallido	Éclat, détonation, explosion
estambre	Étamine
estambul	Istanbul (ville en Turquie)
estampa	Estampe
estampación	Estampage
estampado	Estampiller; Imprimer; Graver
estampar	Estampiller; Imprimer; Graver
estampilla	Timbre
estancado	Retenir; Stagner
estancamiento	Stagnation
estancar	Retenir; Stagner
estancia	Ferme, ranch; Séjour, salle; Strophe, stance; Estancia (Dans le sens de grande propriété agricole)
estanciero	Estanciero
estanco	Bureau de tabac; Buraliste
estandarizar	Standardiser, normaliser
estandarte	Étendard
estanque	Lac artificiel, retenue d’eau
estante	Planche, tablette, étagère
estantería	Étagère
estar	Être, pour qualifier un état, qu’il soit éphémère, durable ou permanent; Être (se situer, se trouver); (estar + gérondif) être en train de; estarse : Rester; Le fait d’être, d’exister, l’existence
estatal	National
estatismo	Étatisme
estatización	Étatisation
estatizar	Étatiser
estatua	Statue
estatura	Stature, taille
estatus	Statut
estatuto	Statut
estay	Étai
estaño	Étain (l’élément chimique Sn)
este	Ce, cet. À proximité; Ceci; Est (le point cardinal); Est, Orient
esteban	Prénom masculin, équivalent de Stéphane ou Étienne
estela	Sillage
estelar	Stellaire
estella	Estella
estenosis	Sténose
estepa	Steppe; Ciste; Estepa
estepario	Steppique
ester	Esther
estera	Tapis de jonc, de jute, etc; Couverture, tapis
estereotipo	stéréotype, plaque produite en stéréotypie; stéréotype, idée toute faite
esterilidad	Stérilité
esterilización	Stérilisation
esterilizada	Stérilisé
esterilizado	Stérilisé
esterilizar	Stériliser
esterlina	Sterling
esternón	Sternum
estero	Estuaire; Lieu humide, marécageux
esteroide	Stéroïdien; Stéroïde, stéroïde anabolisant; Stéroïde anabolisant
estetoscopio	Stéthoscope
esteva	Mancheron de la charrue
estiaje	Étiage
estiba	Arrimer
estibador	Débardeur, docker, stevedore
estigma	Stigmate, stigmates
estigmatización	Stigmatisation
estigmatizar	Stigmatiser
estilista	Coiffeur; Styliste
estilización	Stylisation
estilo	Style; Stylo
estilística	Stylistique
estilístico	Stylistique
estimable	Estimable
estimación	Estimation; Estime
estimado	Croire; Estimer; Apprécier
estimar	Croire; Estimer; Apprécier
estimativo	Estimatif
estimulación	Stimulation
estimulante	Stimulant
estimular	Stimuler; Exciter, hérisser
estipendio	Bourse, gages
estirada	Étirer, étendre, allonger
estirado	Étirer, étendre, allonger
estiramiento	Étirement
estirar	Étirer, étendre, allonger
estirpe	Race, lignée
estirón	Secousse, poussée
estival	Estival, de l’été
estiércol	Excrément d'un animal; Engrais, fumier
estocada	Coup d’estoc, d’épée; Estocade
estocolmo	Stockholm
estocástico	Stochastique
estofado	À l’étouffée
estoicismo	Stoïcisme
estola	Étole
estomacal	Stomacal
estonia	Estonie; Estonienne, habitante de l’Estonie
estonio	Estonien, qui concerne l’Estonie; Estonien, habitant de l’Estonie; Estonien (la langue)
estopa	Étoupe
estoque	Épée courte
estorbar	Entraver, ajouter une difficulté ou un obstacle à l'exécution de quelque chose; Incommoder, encombrer
estorbo	Embarras; Empêchement, obstacle
estornudar	Éternuer
estornudo	Éternuement
estrabismo	Strabisme
estrado	Scène, estrade
estrafalario	Abracadabrant
estrago	Dégât, ravage
estrangulación	Strangulation
estrangulador	Étrangleur
estrangulamiento	Strangulation
estrangular	Étrangler
estrasburgo	Strasbourg (ville de France)
estratagema	Stratagème
estratega	Stratège
estrategia	Stratégie
estratificación	Stratification
estratigrafía	Stratigraphie
estrato	Strate
estratosfera	Stratosphère
estratégicamente	Stratégiquement
estratégico	Stratégique
estratósfera	Stratosphère
estrechamente	Étroitement
estrechar	Serrer; Rétrécir
estrechez	Étroitesse; Étroitesse de relations personnelles, intimité
estrecho	Étroit; Serré; Détroit
estrella	Étoile; Prénom féminin espagnol, correspondant à Estelle
estrellado	Briser violemment en une multitude de petits morceaux; pronominal (estrellarse) : S’écraser
estrellar	Briser violemment en une multitude de petits morceaux; pronominal (estrellarse) : S’écraser
estrellita	Étoilette
estremecedor	Terrifiant, redoutable, qui fait trembler
estremecer	Ébranler, faire trembler; Secouer; estremecerse : Tressaillir
estrenar	Étrenner, utiliser pour la première fois; Représenter, projeter pour la première fois
estreno	Action d’étrenner, première utilisation, première représentation, etc
estresado	Stresser
estresante	Stressant
estresar	Stresser
estreñido	Constipé
estreñimiento	Constipation
estriado	Rayé
estribillo	Refrain
estribo	Étrier; Appui, soutien
estribor	Tribord
estricnina	Strychnine
estrictamente	Strictement
estricto	Strict
estridencia	Stridence
estridente	Strident, aigu
estro	Chaleur, chaleurs, œstre
estrofa	Strophe
estroncio	Strontium (l’élément chimique Sr)
estropajo	Paille de fer, laine d’acier
estropeado	Ravager, ruiner; Abaisser, abîmer; Endommager, estropier
estropear	Ravager, ruiner; Abaisser, abîmer; Endommager, estropier
estructura	Structure
estructurado	Structurer
estructural	Structural
estructuralismo	Structuralisme
estructurar	Structurer
estruendo	Vacarme
estrujar	Presser, appuyer sur
estrépito	Fracas
estrés	Stress
estría	Bande, raie, rayure
estrógeno	Œstrogène; Œstrogénique
estuario	Estuaire
estuche	Étui
estuco	Stuc (matériau); Stuc (revêtement ou décoration murale en stuc)
estudiante	Étudiant, étudiante
estudiantina	Estudiantin
estudiar	Étudier
estudio	Étude; Studio
estudioso	Studieux
estufa	Cuisinière; Poêle (chauffage et instrument de cuisson); Radiateur (chauffage d'appoint)
estupefacción	Stupéfaction, stupeur, abasourdissement, abattement
estupefaciente	Stupéfiant, ahurissant; Stupéfiant
estupefacto	Stupéfait
estupendo	Sublime, excellent, super, très favorable
estupidez	Stupidité, bêtise
estupor	Stupeur, stupéfaction
estupro	Détournement de mineure
esturión	Esturgeon
estándar	Standard
estático	Statique
estéril	Stérile
estética	Esthétique
estéticamente	Esthétiquement
estético	Esthétique, relatif au sentiment du beau; Esthétique, qui a pour but d’augmenter la beauté
estímulo	Stimulus
estío	Été (saison)
estómago	Estomac
estúpidamente	Stupidement
estúpido	Stupide, idiot, sot
esvástica	Svastika, croix gammée
esófago	Œsophage
et	Esperluette
etano	Éthane (CH₃ — CH₃)
etanol	Éthanol
etapa	Étape
etarra	Étarra
etcétera	Etcétéra
eternamente	Éternellement, en tous temps, toujours
eternidad	Éternité
eterno	Éternel
ethernet	Ethernet
ethos	Ethos
etico	Étique
etileno	Éthylène, éthène (CH₂ = _(CH)2)
etilo	Groupement éthyle
etimología	Etymologie
etiología	Étiologie
etiológico	Étiologique, qui a rapport à l’étiologie
etiopia	Éthiopienne
etiopía	Éthiopie
etiqueta	Étiquette, cérémonial de la cour; Étiquette, feuille indiquant le contenu, la provenance, d’un produit; Étiquette, qualificatif attaché à une personne, une chose
etiquetado	Étiqueter
etiquetar	Étiqueter
etnia	Ethnie
etnicidad	Ethnicité
etnocentrismo	Ethnocentrisme
etnografía	Ethnographie
etnográfico	Ethnographique
etnología	Ethnologie
etnólogo	Ethnologue
etología	Éthologie
etrusco	Étrusque
ets	MST
etéreo	Éthéré
etílico	Éthylique
etíope	Qui a un rapport avec l’Éthiopie ou ses habitants : éthiopien; Habitant ou habitante d’Éthiopie : un Éthiopien, une Éthiopienne
eua	États-Unis d’Amérique
eucalipto	Eucalyptus
eucaristía	Eucharistie
eucarístico	Eucharistique
eufemismo	Euphémisme
euforia	Euphorie
eugenesia	Eugénisme
eugenio	Prénom masculin, correspondant à Eugène
eulalia	Eulalie
eunuco	Eunuque
eurasia	Eurasie
eureka	Eurêka
euro	Euro
euroasiático	Eurasien
eurocámara	Parlement européen
eurodiputado	Eurodéputé
europa	Europe (princesse aimée de Zeus); Europe (continent); Europe (satellite de Jupiter)
europeo	Européen, relatif à l’Europe; Européen, habitant de l’Europe
europeísta	Européiste; Européiste
eurozona	Zone euro
eurípides	Euripide (auteur dramatique)
euskadi	Pays basque
euskera	Langue basque
eutanasia	Euthanasie
eva	Ève
evacuación	Évacuation
evacuado	Évacuer, vider
evacuar	Évacuer, vider
evadir	Parer, s'abstenir de, éviter, échapper, esquiver
evaluación	Évaluation
evaluar	Évaluer, estimer, apprécier
evangelio	Évangile
evangelista	Évangéliste
evangelización	Évangélisation
evangelizar	Évangéliser
evaporación	Évaporation
evaporar	Évaporer
evapotranspiración	Évapotranspiration
evasiva	Évasif
evasivo	Évasif
evasión	Évasion
evento	Évènement
eventual	Éventuel
eventualidad	Éventualité
eventualmente	Éventuellement
evidencia	Évidence
evidenciar	Montrer, mettre en évidence
evidente	Évident
evidentemente	Évidemment
evitación	Évitement
evitar	Éviter
evocación	Évocation
evocar	Évoquer, rappeler
evolucionar	Évoluer
evolucionismo	Évolutionnisme
evolucionista	Évolutionniste
evolución	Évolution
evolutivo	Évolutif
exacerbar	Exacerber
exactamente	Exactement; Juste; Justement
exactitud	Exactitude
exacto	Exact, juste; Ponctuel, exact, régulier; Précis
exageración	Exagération
exageradamente	Trop, avec exagération
exagerado	Exagérer
exagerar	Exagérer
exaltación	Exaltation
exaltado	Exalter
exaltar	Exalter
examen	Examen
examinador	Examinateur
examinar	Examiner
exasperante	Exaspérant
excarcelación	Remise en liberté, libération, excarcération
excavación	Excavation; Fouille
excavar	Excaver, creuser; Faire des fouilles
excedente	Excédentaire, surnuméraire; Surplus
exceder	Excéder, dépasser
excelencia	excellence, degré de perfection; excellence, appellation honorifique
excelente	Excellent, éminent, accompli
excelso	Grandiose, exquis, sublime
excepcional	Exceptionnel
excepcionalidad	Exceptionnalité
excepción	Exception
excepto	Sauf, hormis, excepté
excesivamente	Excessivement
excesivo	Excessif
exceso	Excès
excitación	Excitation
excitado	Exciter
excitar	Exciter
exclamación	Exclamation, cri exprimant une vive émotion; Exclamation, phrase exprimée sous forme exclamative
exclamar	Exclamer
excluir	Exclure
exclusiva	Exclusive; Scoop
exclusivamente	Exclusivement
exclusivo	Exclusif
exclusión	Exclusion
excomunión	Excommunication
excreción	Excrétion
excremento	Excrément
exculpar	Blanchir
excursionista	Randonneur, randonneuse
excursión	Excursion
excusa	Excuser, pardonner
excusado	Excuser, pardonner
excusar	Excuser, pardonner
excéntrico	Excentrique, drôle, singulier, étrange, bizarre
exdiputado	Ex-député
execrable	Exécrable
exención	Exemption; Liberté
exento	Exempt
exequias	Obsèques
exfoliación	Exfoliation
exfoliante	Gommant, exfoliant
exhalación	Exhalation
exhalar	Exhaler
exhaustivamente	Exhaustivement
exhaustivo	Exhaustif
exhausto	Épuisé, accablé
exhibicionismo	Exhibitionnisme
exhibicionista	Exhibitionniste
exhibición	Exhibition; Exposition
exhibir	Exhiber, montrer
exhortación	Exhortation, conseil, réprimande, avertissement
exhortar	Exhorter
exhumación	Exhumation, action de sortir un cadavre de terre, par extension déterrer quelque chose d'enfoui dans la terre; Exhumation, action de retrouver ou de ressortir des choses anciennes ou longtemps inutilisées
exhumar	Exhumer
exigencia	Exigence
exigente	Astreignant, exigeant
exigir	Exiger, demander; Être exigeant
exiguo	Exigu
exilado	Exilé, banni
exiliar	Exiler
exilio	Exil, bannissement
eximir	Exempter
existencia	Existence; Stock
existencial	Existentiel, existentielle
existencialismo	Existentialisme
existencialista	Existentialiste
existente	Existant
existir	Exister
exitazo	Très grand succès
exitoso	Qui a du succès, réussi
exoesqueleto	Exosquelette
exoneración	Exonération
exonerar	Exonérer
exoplaneta	Exoplanète
exorbitante	Exorbitant
exorcismo	Exorcisme
exorcista	Exorciste
expandir	Étendre, prendre de l’expansion, développer
expansivo	Expansif
expansión	Expansion, développement
expatriado	Expatrié
expectación	Attente
expectante	Attentif
expectativa	Expectative
expectoración	Expectoration
expedición	Expédition, envoi; Expédition, voyage; (Militaire) Expédition, entreprise de guerre qui exige un trajet plus ou moins long
expediente	Expédient
expedir	Expédier
expedito	Actif, alerte, vif, vigilant
expensas	Dépense
experiencia	Expérience
experiencial	Expérientiel
experimental	Expérimental
experimentar	Expérimenter, apprendre par l’expérience, subir, éprouver
experimento	Expérience, essai
experto	Expert
expiación	Expiation
expiar	Expier
expiatorio	Expiatoire
expiración	Expiration
expirar	Expirer
explanada	Hall, esplanade
explicación	Explication
explicar	Expliquer
explicitar	Expliciter
exploración	Exploration
explorador	Explorateur
explorar	Explorer
explosivo	Explosif
explosión	Explosion
explotación	Exploitation, action d’exploiter, de faire valoir une chose; Exploitation, action de tirer de quelque chose ou de quelqu’un un profit illicite ou excessif
explotador	Qui exploite; Exploiteur
explotar	Exploiter; Exploser
explícitamente	Explicitement
explícito	Explicite
exponencial	Exponentiel
exponente	Exposant
exponer	Exposer, indiquer
exportación	Exportation
exportar	Exporter
exposición	Exposition
expositor	Exposant; Conférencier, Intervenant; Présentoir
expresamente	Expressément
expresar	Exprimer
expresionismo	Expressionnisme
expresividad	Expressivité
expresivo	Expressif
expresión	Expression
expreso	Express, exprès; Express
exprimido	Exprimer
exprimidor	Presse-citron, presse-agrume
exprimir	Exprimer
expropiar	Exproprier
expulsar	Expulser, rejeter par intolérance
expulsión	Expulsion
expulso	Expulser, rejeter par intolérance
expósito	Enfant trouvé
exquisitez	Friand; Gourmandise, succulence, exquisité
exquisito	Exquis
extender	Étendre
extendido	Étendre
extensible	Extensible
extensión	Extension (action de rendre plus long ou résultat de cette action)
extenuación	Exténuation
extenuante	Exténuant
exterior	Extérieur
exteriorizar	Extérioriser
exteriormente	Extérieurement
exterminación	Extermination
exterminar	Exterminer, supprimer
exterminio	Extermination
externalidad	Externalité
externo	Externe
extinción	Extinction, action d’éteindre; Extinction, action d’abolir, d’anéantir, de mettre fin
extinguir	Éteindre; Exterminer, supprimer
extintor	Extincteur
extirpación	Extirpation
extirpar	Extirper
extorsionar	Extorquer
extorsión	Extorsion
extra	Extra, supplémentaire; Extra, supplémentaire
extracción	Extraction
extractivismo	Extractivisme
extractivo	Extractif
extracto	Extrait; Résumé (d'un texte)
extradición	Extradition
extraer	Extraire
extranjero	Étranger
extraoficial	Officieux, officieuse
extraordinario	Extraordinaire
extrapolación	Extrapolation
extrapolar	Extrapoler
extraterrestre	Extraterrestre
extravagancia	Extravagance
extravagante	Extravagant
extraviado	Égaré
extrañamente	Étrangement
extrañar	Étonner; Regretter; Arrêter de communiquer avec quelqu'un, ou d'être en relation avec; Exiler
extrañeza	Étrangeté
extraño	Étrange; Étranger
extremadamente	Extrêmement
extremadura	Estrémadure
extremamente	Extrêmement
extremar	Faire à l’extrême, pousser à l’extrême
extremaunción	Extrême-onction
extremeño	Estrémaduran; Estrémègne, estrémègne
extremidad	Extrémité
extremismo	Extrémisme
extremista	Extrémiste
extremo	Extrême; Bout, extrémité; Excès
extrovertido	Extraverti, extroverti
exégesis	Exégèse
exótico	Exotique
ey	Hé
eyaculación	Éjaculation
eyacular	Éjaculer
eyección	Éjection
ezcurra	Ezkurra
ezequiel	Ézéchiel
eñe	Eñe
eólico	Éolique; Éolien
fa	fa (note de musique)
fabada	Sorte de cassoulet composé de haricots, de chorizo, de lard et parfois de fruits de mer, en général très copieux, typique des Asturies
fabiana	Fabienne
fabio	Prénom masculin
fabiola	Fabiola
fabián	Fabien
fabricación	Fabrication
fabricante	Fabricant
fabricar	Fabriquer
fabricio	Fabrice
fabril	Manufacturier
fabuloso	Fabuleux
facción	Faction, groupe qui cherche à provoquer des troubles politiques ou civils; Faction, ensemble de personnes unies par des intérêts communs
faceta	Facette
facha	Face, figure, apparence; Hache; Facho, fasciste
fachada	Façade
facial	Facial
facilidad	Facilité
facilitar	Faciliter; Fournir
factibilidad	Faisabilité
factible	Faisable
facto	Fait
factor	Facteur; Préposé aux bagages; Agent commercial
factorial	Factoriel; Factorielle
factura	Facture
facturación	Facturation
facturar	Facturer
facultad	Faculté
facultativo	Facultatif; Relatif à la faculté, au pouvoir de faire; Relatif à la faculté universitaire
fado	Fado
faena	Tâche, travail
fagot	Basson
faisán	Faisan
faja	Bande, écharpe, tranche; Fasce
fajar	Ceindre, envelopper; Langer un bébé
fajo	Ceindre, envelopper; Langer un bébé
falabella	Falabella
falacia	Tromperie, fallace
falange	Phalange
falangista	Phalangiste
falaz	Fallacieux
falciforme	Falciforme
falcón	Faucon, petite bombarde
falda	Jupe; Nappe; Piémont, partie basse d’une montagne
falencia	Erreur, faillite
falible	Faillible
falla	Faillir, échouer
fallar	Faillir, échouer
fallecer	Mourir
fallecimiento	Décès
fallo	Faute, erreur, faille; Verdict, sentence; Résultat (d'un examen)
falo	Pénis, phallus
falopa	Cocaïne
falsamente	Faussement
falsear	Falsifier, fausser
falsedad	Fausseté; Mensonge
falsificación	Falsification, contrefaçon
falsificado	Falsifier, fausser
falsificador	Falsificateur, faussaire
falsificar	Falsifier, fausser
falso	Faux
falta	Faute, erreur, tort, défaut, manque
faltante	Absent, disparu, manquant; Absent, disparu, manquant
faltar	Manquer
falte	Manquer
falto	Dépourvu, qui manque de quelque chose
fama	Célébrité; Renommée, réputation
familia	Famille
familiar	Familial; Familier; Parent, membre de la même famille; Serviteur, domestique
familiaridad	Familiarité
familiarmente	Familièrement
famoso	Célèbre
famélico	Famélique
fanatismo	Fanatisme
fanclub	Fan-club
fandango	Fandango
fanfarria	Fanfare; Musique jouée par une fanfare; Fanfaron, personne qui se vante
fanfarrón	Fanfaron; Feuillu
fanfiction	Fanfiction
fango	Fange
fangoso	Fangeux
fano	Temple
fantasear	Fantasmer
fantasioso	Fantaisiste, fantasque; Visionnaire
fantasma	Fantasme; Fantôme, spectre
fantasía	Fantaisie; Imagination; Fantasmagorie; Gloriole, présomption, arrogance
fantoche	Fantoche, marionette
fantástico	Fantastique
fanzine	Fanzine
fanático	Fanatique
fao	FAO
fap	FAP
faq	Foire aux questions
farallón	Rocher, promontoire rocheux sur la mer
faraona	Pharaonne
faraón	Pharaon
faraónico	Pharaonique
fardo	Balle, gros paquet
faringe	Pharynx
faringitis	Pharyngite
fariseo	Pharisien
farmacia	Pharmacie
farmacocinética	Pharmacocinétique
farmacología	Pharmacologie
farmacéutico	Pharmaceutique; Pharmacien, apothicaire
faro	Phare; Faro
farol	Lanterne, phare, réverbère
farola	Réverbère
farra	Féra, corégone du lac Léman; Divertissement, moquerie; Beuverie
farsa	Farce
farsante	Farceur
farsi	Persan; Persan
farándula	Farandole; Milieu du show-business, du cinéma, du théâtre
fascia	Faisceau, fascia
fascinación	Fascination
fascinante	Fascinant
fascinar	Fasciner, ravir
fascismo	Fascisme
fascista	Fasciste
fase	Phase; Étape
fastidiado	Ennuyer, embêter, exaspérer
fastidiar	Ennuyer, embêter, exaspérer
fastidio	Exaspération, fatigue, gêne
fastidioso	Fastidieux, ennuyeux
fastuoso	Fastueux, somptueux, adjetivo
fatal	Fatal; Très mal
fatalidad	Fatalité
fatalismo	Fatalism
fatalista	Fataliste
fatiga	Fatiguer
fatuo	Fat
fatídico	Fatidique
fauna	Faune; Faune, gens un peu sauvages
fauno	Faune
faustina	Faustine
faustino	Faustin
fausto	Propice
favela	Bidonville
favor	Faveur, service
favorable	Favorable, propice
favorablemente	Favorablement
favorecer	Favoriser
favorecido	Favoriser
favoritismo	Favoritisme
favorito	Favori, préféré
fax	Fax
faz	Face
fe	Foi
fealdad	Laideur
febo	Phébus, Apollon
febrero	Février
febril	Fébrile
fecal	Fécal
fecha	Date
fechar	Dater
fechoría	Méfait
fecundación	Fécondation
fecundar	Féconder
fecundidad	Fécondité
fecundo	Féconder
federación	Fédération
federal	Fédéral
federalismo	Fédéralisme
federalista	Fédéraliste
federico	Frédéric
fedora	Feutre, borsalino, fédora
feedback	Feedback
fehaciente	Crédible, faisant foi
feijóo	Nom de famille
fein	FEIN
felación	Fellation
feldespato	Feldspath
felicidad	Bonheur, félicité
felicidades	Bonheur, félicité
felicitación	Félicitation
felicitar	Féliciter
felino	Félin
felipe	Philippe, l’apôtre; Philippe
felix	Felix, dans la province d’Alméria
feliz	Heureux, joyeux
felizmente	Heureusement
felonía	Félonie
felpa	Peluche, velours
felpudo	Paillasson
femenino	Femelle
femicidio	Féminicide
feminazi	Féminazi
feminicidio	Féminicide
feminidad	Féminité
feminismo	Féminisme
feminista	Féministe
feminización	Féminisation
femoral	Fémoral
fenicio	Phénicien
fenol	Phénol
fenomenología	Phénoménologie
fenotipo	Phénotype
fenómeno	Phénomène
feo	Laid
feral	Féral
feria	Foire
fermentación	Fermentation
fermentar	Fermenter
fermento	Ferment
fernandito	Coktail de Fernet et de Coca
fernando	Prénom masculin correspondant à Ferdinand; Coktail de Fernet et de Coca
fernández	Nom de famille
ferocidad	Férocité, caractère féroce; Acte brutal ou parole cruelle
feroz	Féroce
ferozmente	Férocement
ferrando	Nom de famille
ferretero	Quincaillier, quincailler
ferretería	Quincaillerie, ferronnerie
ferro	Ancre
ferrocarril	Train; Chemin de fer
ferrocarrilero	Ferroviaire; Cheminot
ferroso	Ferreux
ferroviario	Ferroviaire, relatif aux chemins de fer; Employé de chemin de fer
ferry	Transbordeur, ferry, bac
fertilidad	Fertilité
fertilización	Fertilisation
fertilizante	Fertilisant
fertilizar	Fertiliser
fervientemente	Ardemment
fervor	Engouement, ferveur, zèle
festejar	Fêter; Célébrer
festejo	Fêter; Célébrer
festival	Festival, fête
festividad	Festivité
festivo	Festif
festín	Festin
feta	Feta
fetal	Fœtal
fetiche	Fétiche
fetichismo	Fétichisme
feto	Fœtus
feudal	Féodal
feudalismo	Féodalisme; Féodalité
feudo	Fief
fez	Fès, ville du Maroc
fi	Phi
fiabilidad	Fiabilité
fiador	Caution
fiambrera	Gamelle
fianza	Acompte, caution, rançon
fiar	Fier, confier; fiarse : Se fier, avoir confiance
fiasco	Fiasco
fibra	Fibre
fibrilación	Fibrillation
fibrina	Fibrine
fibromialgia	Fibromyalgie
ficcional	Fictif
ficción	Fiction
fichaje	Fichage
fichar	Ficher
fichero	Fichier, caisse ou meuble où peuvent se ranger des fiches; Fichier, informations organisées et enregistrées sur un support commun
ficticio	Fictif
fidedigno	Sûr
fidel	Fidèle
fidelidad	Fidélité
fideo	Nouille, petite pâte
fiduciario	Fiduciaire; Fiduciaire
fiebre	Fièvre
fiel	Fidèle
fielmente	Fidèlement
fieltro	Feutre
fiera	Fauve, bête sauvage; Personne cruelle ou violente; Bête, personne douée dans son domaine
fierro	Ferrer
fierros	Quincaillerie
fiesta	Fête
fiestero	Fêtard, bambochard
figueras	Figueras, ville de Catalogne
figueroa	Nom de famille
figura	Figure
figurado	Figurer
figurar	Figurer
figurita	Figurine, statuette
fijamente	Fixement
fijar	Fixer; Faire attention à, remarquer, regarder
fiji	Fidji (pays d’Océanie)
fijo	Fixe
fila	File, rang, rangée; Forces militaires, armée; Rangée; Ligne d’un tableur
filadelfia	Philadelphie, ville des États-Unis
filamento	Filament
filantropía	Philanthropie
filantrópico	Philantropique
filarmónica	Philharmonique
filatélico	Philatélique; Philatélique
filemón	Philémon
filete	Filet (de viande ou de poisson); Faux-filet, aloyau
filiación	Filiation
filial	Filial; Filiale
filibustero	Flibustier
filigrana	Filigrane; Callicarpe d’Amérique (Callicarpa americana)
filipenses	Philippien; Relatif à la congrégation de l'Oratoire fondée par Philippe Néri; filipense\fi.liˈpen.se\
filipinas	Philippines (archipel asiatique)
filipino	Philippin, relatif aux Philippines; Relatif à Philippe II d’Espagne; Philippin (personne); Filipino, langue parlée aux Philippines
filipo	Philippe
filisteo	Philistin, Philistin; Philistin, Philistin
film	Pellicule
filmación	Tournage
filmar	Filmer
filme	Filmer
filmografía	Filmographie
filo	Filer un câble ou une corde
filología	Philologie, lettres
filoso	Affilé
filosofal	Philosophale
filosofar	Philosopher
filosofía	Philosophie; Philosophie, caractère de dix points
filosófico	Philosophique
filtración	Filtration
filtrar	Filtrer
filtro	Filtre
filántropo	Philantrope
filón	Filon
filósofo	Philosophe
fimosis	Phimosis
fin	Fin
final	Final; Fin
finalidad	finalité, objectif, but
finalista	Finaliste
finalmente	Enfin, finalement
financiación	Financement
financiador	Financeur
financiamiento	Financement
financiar	Financer
financieramente	Financièrement
financiero	Financier
finanza	Finance; Rançon
finca	Fond immobilier, propriété urbaine ou campagnarde, maison de campagne; Terrain, parcelle
finde	Fin de semaine
fingir	Feindre; Agir comme si quelque chose n’ai lieu
finiquito	Indemnité de licenciement
finisterre	Finisterre
finito	Finite
finitud	Finitude
finlandia	Finlande (pays d'Europe)
finlandés	Finlandais, finnois; Finlandais, habitant de la Finlande; Finnois, langue finoise
fino	Fin
finta	Feinte
finura	Finesse, qualité de ce qui est fin
finés	Finnois (la langue); Finlandais, qui concerne la Finlande
fiordo	Fjord
fir	FIR
firma	Signature, paraphe; Firme
firmamento	Firmament
firmar	Signer
firme	Ferme
firmemente	Fermement
firmeza	Fermeté, constance, solidité; Danse populaire
fiscal	Fiscal; Contrôleur du fisc; Procureur; Policier
fiscalidad	Fiscalité
fiscalía	Parquet
fisco	Fisc
fisgón	Fureteur
fisicoculturista	De culturisme ou en rapport avec celui-ci; Culturiste
fisio	Kiné
fisiografía	Physiographie
fisiología	Physiologie
fisiológico	Physiologique
fisiopatología	Physiopathologie
fisioterapeuta	Kinésithérapeute
fisioterapia	Physiothérapie
fisiólogo	Physiologiste
fisión	Fission
fisonomía	Physiognomonie
fisura	Fêlure
fitero	Fitero
fitoplancton	Phytoplancton
fiv	FIV
flaca	Maigre, qui a peu de chair; Mou, faible sans forces, qui ne peut pas résister; Influençable, Se dit de l'esprit : qui peut facilement changer d'opinion, d'avis; Se dit d'un argument qui n'a pas de poids
flaco	Maigre, qui a peu de chair; Mou, faible sans forces, qui ne peut pas résister; Influençable, Se dit de l'esprit : qui peut facilement changer d'opinion, d'avis; Se dit d'un argument qui n'a pas de poids; Faiblesse, défaut moral ou penchant prédominant chez une personne
flagelación	Flagellation
flagelo	Fouet; Fléau, plaie; Flagelle
flagrancia	Flagrance
flagrante	Flagrant
flaite	Racaille (jeune délinquant, rebelle ou supposé tel)
flamear	Ondoyer
flamenco	Flamand; Flamant; Flamenco; Gitan andalou; Insolent
flan	Flan
flanco	Flanc
flandes	Flandres, la Flandre
flap	Volet
flaquear	Flageoler, faiblir
flaqueza	Maigreur
flash	Flash
flashmob	Flashmob
flauta	Flûte
flautista	Flûtiste
flecha	Flèche; Flèche, symbole directionnel
fleco	Frange
flema	Flegme
flequillo	Frange (dans la coupe de cheveux)
fletar	Affréter
flete	Fret
flexibilidad	Flexibilité
flexibilizar	Flexibiliser
flexible	Flexible
flexionar	Fléchir
flexión	Flexion, état de ce qui est fléchi; Flexion
flexo	Lampe de bureau; Tuyau souple, souvent armé d'anneaux métalliques à l'extérieur et généralement utilisé pour relier le combiné de douche aux robinets; Par apocope, flexómetro
flirtear	Flirter
flirteo	Flirter
flojo	Mou, tendre, lâche
flor	Fleur; Inflorescence; Expression d’admiration ou de flatterie; Virginité d’une femme; Le meilleur d’une chose ou la crème d’un groupe; Confiserie élaborée à partir d’un moule pour lui donner la forme d’une fleur, qui se prépare avec de la farine, du sucre, du lait et des œufs et qui se frit dans l’huile
flora	Flore
floración	Floraison, fleurissement
floral	Floral
florecer	Fleurir
florecimiento	Floraison, fleurissement, efflorescence
florencia	Florence, en Italie
florentino	Florentin, relatif à Florence; Florentin, habitant de Florence
florero	Fleuriste; Vase pour les fleurs
floresta	Bois
florete	Fleuret, rapière
florida	Floride
floridablanca	Comté d’Espagne
florido	Fleuri
florista	Fleuriste, marchand de fleurs
florín	Fiorino
flota	Flotte
flotador	Bouchon
flotante	Flottant (qui flotte)
flotar	Flotter
flote	Flotter
flotilla	Flottille
fluctuación	Fluctuation
fluctuar	Fluctuer
fluencia	Fluence
fluidamente	Fluidement
fluidez	Fluidité, qualité des molécules à avoir si peu d’adhésion entre elles qu’elles tendent à se séparer; Fluidité, fait d’être simple à comprendre
fluido	Fluide
fluir	Couler
flujo	Flux
fluorita	Fluorite
fluoruro	Fluorure
fluoxetina	Fluoxétine (C₁₇H₁₈F₃NO)
fluvial	Fluvial
flux	Circonstance d’y avoir toutes les cartes d’un joueur d’une seule couleur; Veste de costume
flácido	Flasque
flórez	Nom de famille
flúor	Fluor (l’élément chimique F)
fmi	FMI, Fonds monétaire international
fmln	Mouvement politique salvadorien de gauche
fobia	Phobie
foca	Phoque
focal	Focal
foco	Foyer, point vers lequel convergent les rayons lumineux; Foyer; Projecteur, source de lumière intense
fofo	replet
fogata	Grand feu; Feu de joie
fogonero	Chauffeur (d'un locomotive à vapeur); Lieu noir
fogón	Âtre, foyer; Chaudière, lieu où brûle le combustible d’une machine à vapeur
folclore	Folklore
folclórico	Folklorique
foliar	Foliaire; Folioter, paginer
folicular	Folliculaire
folio	Folio
folk	Folk
folla	Baiser, foutre
follaje	Feuillage; Ornement chargé
follar	Baiser, foutre
folleto	Prospectus, brochure
folletín	Roman-feuilleton
follón	Embrouille, histoire, ennui; Silencieux (pet)
fomentar	Fomenter; Favoriser
fomento	Soutien, stimulus, appui; Fomentation
fonda	Établissement temporaire où l’on mange, boit et danse lors de la fête nationale
fondant	Fondant
fondeadero	Mouillage
fondear	Ancrer, jeter l'ancre
fondo	Fond; Fonds; Marmite; Jardin ou patio à l’intérieur ou à l’arrière d’une maison (en Argentine, Équateur, Uruguay, Venezuela)
fondue	Fondue
fonema	Phonème
fono	Phone
fonología	Phonologie
fonológico	Phonologique
fontanero	De fontaine; Plombier
fontanería	Plomberie
fonética	Phonétique
fonético	Phonétique
fonógrafo	Phonographe
forajido	Qui fuit la justice et se cache, hors-la-loi; Qui vit loin de son pays d’origine, expatrié; Personne qui fuit la justice et se cache, hors-la-loi
foral	Foral
forastero	Étranger, qui vient d’une autre région
forense	Forensique
forero	Forumeur
foresta	Boiser, reboiser
forestación	Forestation
forestal	Forestier
forja	Forger, fabriquer, mettre en forme
forjar	Forger, fabriquer, mettre en forme
forma	Forme
formación	Formation
formador	Formateur
formal	Formel
formaldehído	Formaldéhyde
formalidad	Formalité
formar	Former
formatear	Formater
formativo	Formatif
formato	Format
formentera	Formentera
formica	Formica
formidable	Formidable
formol	Formol
formosa	Formose; Ville d’Argentine; Formosa, province argentine autour de cette ville
formulación	Formulation
formular	Formuler
formulario	Formulaire
fornicación	Fornication
fornicar	Forniquer
fornido	Robuste, fort, costaud
foro	Tribunal, lieu où se jugent les causes; For, exercice du jugement; Réunion de personnes compétentes pour prendre une décision; Forum de discussion; Bail à long terme
forraje	Fourrage
forrar	Recouvrir
forro	Doublure; Doublure
fortalecer	Fortifier, renforcer
fortalecimiento	Renforcement
fortaleza	Force; Forteresse, bastille
fortificación	Fortification, action de fortifier, d’enrichir; Fortification, action de fortifier une ville, une place, de la munir d’ouvrages de défense; Fortification, ouvrage fortifié
fortificado	Fortifier
fortificar	Fortifier
fortin	Redoute
fortuito	Fortuite
fortuna	Sort favorable, chance, succès
fortún	Fortuné
forzado	Forcer
forzar	Forcer
foráneo	Forain, extérieur
fosa	Fosse
fosfatasa	Phosphatase
fosfato	Phosphate
fosforescente	Phosphorescent
foso	Douve
foto	Photo, photographie
fotocopia	Photocopier
fotocopiadora	Photocopieur
fotocopiar	Photocopier
fotografiar	Photographier
fotografía	Photographie
fotográfico	Photographique
fotogénico	Photogénique
fotolog	Photoblog
fotomontaje	Photomontage
fotosíntesis	Photosynthèse
fototeca	Photothèque
fotovoltaico	Photovoltaïque
fotógrafo	Photographe
fotón	Photon
frac	Frac
fracasado	échouer, faillir; fracasser
fracasar	échouer, faillir; fracasser
fracaso	Échec
fraccionamiento	Lotissement
fraccionar	Fractionner
fracción	Fraction
fractal	Fractale
fractura	Fracture
fracturar	Fracturer
frade	Frère
fraga	Ville de la Frange d’Aragon; Ville d’Argentine; Nom de famille
fragancia	Fragrance
fragante	Fragrant, odorant
fragata	Frégate
fragilidad	Fragilité
fragmentación	Fragmentation
fragmentar	Fragmenter
fragmentario	Fragmentaire
fragmento	Fragment
fragor	Clameur, fracas
fragua	Forger
fraguar	Forger
fraile	Moine
frambuesa	Framboise, fruit du framboisier
fran	Diminutif de Francisco
francamente	Franchement
francia	France (pays d'Europe)
francisca	Françoise
franciscano	Franciscain; Franciscain
francisco	Francisco, satellite naturel de la planète Uranus; François
francmasonería	Franc-maçonnerie
franco	Franc, germain de Franconie; Franc, sincère; Franc, libre, libéré d'obligations; Franc, libre d'imposition; Franc, Germain de Franconie; Franc, monnaie de la France, de la Suisse, etc; Nom de famille
francofonía	Francophonie
francotirador	Franc-tireur
francés	Français, ce qui concerne la France; Français, langue française; Français, habitant de la France; Pipe, fellation; Nom de famille
francófono	Francophone
franela	Flanelle; Muleta; Tee-shirt
franja	Frange
franquear	Affranchir
franqueo	Affranchissement
franqueza	Franchise, exemption; Franchise, sincérité
franquicia	Franchise, exemption fiscale; Franchise, concession commerciale; Franchise, partie forfaitaire d'un sinistre non indemnisée par un assureur
franquismo	Franquisme
franquista	Franquiste
frasco	Flacon
frase	Phrase
fraseología	Phraséologie
fraternal	Fraternel
fraternalmente	Fraternellement
fraternidad	Fraternité
fraterno	Fraternel
fratricida	Fratricide; Fratricide
fraude	Fraude
fraudulento	Interlope
frazada	Couverture de lit
frecuencia	Fréquence
frecuentar	Fréquenter
frecuente	Fréquent
frecuentemente	Fréquemment
fregadero	Évier
fregado	Effacer, essuyer; Frotter; Faire la vaisselle
fregar	Effacer, essuyer; Frotter; Faire la vaisselle
fregona	Serpillière
freidora	Friteuse
frenada	Coup de frein, arrêt brutal. (frenado en espagnol d'Espagne); Calme-toi, stop !
frenado	Freiner
frenar	Freiner
frenazo	Coup de frein, arrêt brutal
frenesí	Frénésie
frenillo	Frein
freno	Frein
frente	Front
frenético	Frénétique
fresa	De couleur fraise; Fraise; Bourgeois, snob, fils à papa
fresco	Frais; Fresque
frescura	Fraîcheur
fresneda	Frênaie : bois de frênes, lieu où poussent des frênes
fresno	Frêne; Fresno
freudiano	Freudien
freír	Frire
frialdad	Froideur
fricción	Friction, frottements rapides et répétés; Friction, désaccord, accrochage entre personnes
frida	Prénom féminin
frigo	Frigo
frigorífico	Réfrigérant; Réfrigérateur
frijol	Haricot, haricot commun (Phaseolus vulgaris)
friki	Original, étrange, spécial, extravagant; Personne farfelue, fantasque, extravagante, excentrique ou passionnée jusqu’à l’obsession par une thématique déterminée
friolera	Bagatelle, babiole
frisia	Frise
friso	Frise
frisón	Frison; Frison (habitant de la Frise); Frison (la langue)
frito	Frit; Beignet
fritura	Friture
frivolidad	Frivolité
fronda	Feuillage, fronde
frondoso	Touffu
frontal	Frontal
frontera	Frontière
fronterizo	Frontalier
frontispicio	Frontispice
frontón	Fronton
frotar	Frotter
frote	Frotter
frotis	Frottis
fructificación	Fructification
fructificar	Fructifier
fructosa	Fructose
fructuoso	Fructueux
fructífero	Fructifère
frugal	Frugal
frugalidad	Frugalité
fruición	Plaisir
frunce	Fronce
fruncir	Froncer
frustración	Frustration
frustrado	Frustrer
frustrar	Frustrer
fruta	Fruit (fruit comestible)
frutera	Fruitier
frutero	Fruitier; Fruitier, marchand de fruits; Coupe de fruits
frutería	Fruiterie
fruticultura	Fruiticulture
frutilla	Fraise; Fraisier
frutillar	Terrain où se cultivent les fraises
fruto	Fruit (partie d’une plante produite après la floraison et contenant généralement une ou plusieurs graines); Produit, utilité ou bénéfice; Progéniture; Résultat
frutícola	Fruiticole
frágil	Fragile
fríamente	Froidement
fríjol	Haricot
frío	Froid; Froid, dépourvu de chaleur humaine, d’empathie
frívolo	Frivole
fsln	Mouvement politique nicaraguayen de gauche
ftth	FTTH
fu	Imitation du feulement du chat
fuchi	Beurk
fucsia	Rose fuchsia; Fuchsia
fuego	Feu (phénomène); Incendie
fueguino	Tuégien; Fuégien
fuel	Fioul
fuelle	Soufflet pour attiser le feu; Soufflet d’une cornemuse
fuente	source, fontaine; Code source; Source, référence, indication de l'origine d'une information, d'une citation
fuenterrabía	Fontarrabie
fuera	Dehors
fuero	Loi, norme ou code valide dans une juridiction donnée; Juridiction; Code de lois; Privilège ou exemption accordée par une loi ou par un droit; For intérieur
fuerte	Fort
fuertemente	Fortement
fuerteventura	Île faisant partie des Canaries, deuxième île de cet archipel par sa taille, elle est celle qui est la plus proche du continent africain
fuerza	Force
fuga	Fuite, action par laquelle une personne cherche à éviter des poursuites judiciaires en ne se rendant pas disponible pour les autorités compétentes ou le tribunal
fugar	Fuir, fuguer, s’échapper
fugaz	Fugace
fugitivo	Fugitif
fujimorismo	fujimorisme
fujimorista	Fujimoriste; Fujimoriste
fulano	Machin-chose, type dont on ne connait pas le nom; Personne indéterminée ou imaginaire
fulgencio	Fulgence
fulgor	Éclat, splendeur
fulgurante	Fulgurant
full	Main pleine
fuma	Fumer
fumada	Fumer
fumado	Fumer
fumador	Fumeur
fumar	Fumer
fumigar	Fumiger
fumo	Fumer
funcional	Fonctionnel
funcionalidad	Fonctionnalité
funcionalismo	Fonctionnalisme
funcionalista	Fonctionnaliste
funcionamiento	Fonctionnement
funcionar	Fonctionner, marcher
funcionario	Fonctionnaire
función	Fonction
fundacional	Originel, basique, fondamental, premier, qui remonte à la fondation
fundación	Fondation
fundador	Fondateur
fundamental	Fondamental
fundamentalmente	Fondamentalement
fundamento	Base, fondement
fundar	Fonder
fundente	Fondant
fundición	Fonte, action de fondre; Fonte, alliage de fer et de carbone; Fonderie, atelier où se fait la fonte des métaux
fundido	Fondu
fundidor	Fondeur
fundir	Fondre
fundo	Fonder
funeral	Funéraire; Funérailles
funeraria	Funéraire
funerario	Funéraire
funes	Funes, en Navarre; Nom de famille; Funes, en Colombie
funesto	Funeste
fungicida	Fongicide
funicular	Funiculaire
fura	Fugitif; Fier; Sauvage, non apprivoisé
furgoneta	Fourgonnette
furgón	Fourgon
furia	Furie
furibundo	Furibond
furioso	Furieux
furor	Fureur
furtivamente	Furtivement
furtivo	Furtif
fuselaje	Fuselage
fusible	Fusible
fusiforme	Fusiforme
fusil	Fusil, arme à feu destinée aux soldats de l’infanterie
fusilamiento	Fusillement
fusilar	Fusiller
fusilería	Fusillade
fusionar	Fusionner
fusión	Fusion, action de se liquéfier sous l'effet de la chaleur; Fonte, dissolution d’un corps dans un liquide auquel on le mélange; Fusion, alliance, mélange, union d'intérêts; Fusion, opération juridique réunissant plusieurs sociétés en une seule; Fusion nucléaire
fusta	Cravache
fuste	Bois (matériau)
futbolero	De football; Footballeur amateur
futbolista	Footballeur
futbolín	Babyfoot, baby-foot
futbolístico	Footballistique
futilidad	Futilité
futsal	Futsal
futurismo	Futurisme
futurista	Futuriste; Futuriste
futuro	Futur, avenir; Futur
fábrica	Fabrique, usine
fábula	Fable
fácil	Facile
fácilmente	Facilement
fáctico	Factuel
fálico	Phallique
fármaco	Médicament
fátima	Fatima; Fátima
fécula	Fécule
félix	Félix
fémur	Fémur
fénix	Phénix
féretro	Cercueil
férreo	De fer, ferré; Ferré, dur, tenace
fértil	Fertile
férula	Attelle, férule
fétido	Fétide
físicamente	Physiquement
físico	Physicien; Physique, aspect extérieur d’une personne; Physique
fístula	Fistule
fórceps	Forceps
fórmula	Formule
fósforo	Phosphore (l’élément chimique P); Allumette
fósil	Fossile
fútbol	Football
fútil	Futile
g	G
gabacho	Personne française, Français; National des États-Unis d’Amérique, États-Unien, Américain; Français; des États-Unis d’Amérique ou relatif aux EUA, états-unien, américain
gabaldón	Gabaldón; Nom de famille
gabardina	Gabardine
gabarra	Gabare
gabela	Gabelle, impôt
gabinete	Ministère; Conseil des ministres; Bureau en général officiel dédié à une tâche ou à une fonction; Cabinet dans le sens : petite pièce retirée; L’ensemble des meubles d’un cabinet; Élément modulaire de meuble destiné à un usage précis; Cabinet dans le sens : lieu où l’on place des objets d’art; Cabinet dans le sens : lieu d'exercice d'une profession libérale
gabo	Se vanter
gabriela	Prénom féminin, correspondant à Gabrielle
gabón	Gabon (pays africain)
gacela	Gazelle
gaceta	Gazette; Cazette ou casette
gacetilla	Gazette
gacha	Bouillie, masse molle et presque liquide; Jatte, grand bol; Gruau, bouillie de farine qui peut être agrémenté de lait, de miel ou autres; Bouillasse, boue
gachas	D’un animal : qui baisse le museau (cheval), les cornes (bœuf); Naze, nul, pourri, qui craint, craignos (mauvais, laid, inadapté, désagréable)
gacho	D’un animal : qui baisse le museau (cheval), les cornes (bœuf); Naze, nul, pourri, qui craint, craignos (mauvais, laid, inadapté, désagréable)
gaditano	Gaditan, de Cadix; Gaditan, habitant de Cadix
gafa	Lunettes; Chacune des branches des lunettes; Crochet de l’arbalète; Grapin, crochet, croc
gafas	Lunettes
gafe	Poisse
gafete	Agrafe (crochet)
gago	Bègue
gaita	Gaïta, cornemuse; Situation pénible, désagréable; Cou, collier, partie qui relie la tête et le tronc des animaux
gaitero	Cornemuseur
gajo	Quartier
gal	Gal
gala	Vêtement de parade, joyaux; Gala, parade, fête; Grâce, caractère galant, dans le paraitre ou le faire; Summum; Ostentation, montre
galaico	Galicien
galante	Galant
galantería	Galanterie
galapagar	Galapagar; Lieu où abondent les tortues
galardón	Récompense pécuniaire; Prix honorifique
galatea	Dieffenbachia
galaxia	Galaxie
galea	Galère
galega	Rue-de-chèvre
galena	Galène
galera	Galera
galerista	Galeriste
galerna	Galerne
galería	Galerie; Galerie marchande
gales	Pays de Galles
galeón	Galion
galga	Barre de frein; Brancard qui servait à porter les pauvres morts au cimetière; Jauge d’épaisseur; Unité de mesure équivalent à un quart de micron
galgo	Gourmand, qui mange beaucoup de sucreries; Galgo
galicia	Galice (région espagnole); Galicie (région de l’Est de l’Europe)
galileo	Galiléen
galimatías	Amphigouri, discours incompréhensible; Baragouin, charabia
galindo	Prénom masculin; Nom de famille
galio	Gallium; Gaillet
gallardo	Gaillard; Élégant
gallego	Galicien; Galicien, habitant de la Galice; Galicien, langue parlée par les Galiciens; Nom donné aux espagnols, par les habitants hispanophones d’Amérique du Sud
galleta	Biscuit; Écusson du béret des marins ou plaque sur un uniforme portant le numéro du régiment, etc; Cookie, mouchard
gallina	Poule; Personne qui manque de courage. Poule mouillée
gallinazo	Urubu noir
gallinero	Poulailler
gallito	Abadèche barbiche, poisson de la famille des Ophidiidae dont le nom scientifique est Ophidion barbatum
gallo	Coq (domestique); Moulin à vent (jouet); Fripe; Clitoris; Sérénade; Bouteille à urine
galo	Gaulois; Français
galopar	Galoper
galope	Galop
galpón	Hangar, préau, salle
galáctico	Galactique; Grand joueur de football du Real Madrid
galán	Bellâtre
galápago	Tortue
galápagos	Galápagos, commune d’Espagne; Galapagos, archipel de l’Équateur
galés	Gallois, relatif au pays de Galles; Gallois, habitant du pays de Galles; Le gallois, la langue du pays de Galles
galón	Galon; Gallon
gama	Daim femelle
gamba	Crevette; Jambe
gamberro	Débauché
gambeta	Courbette, esquive, crochet
gambia	Gambie (pays africain)
gamma	Gamma
gamo	Daim
gamuza	Chamois
ganadero	Bétailler; Éleveur
ganadería	Élevage
ganador	Gagnant
ganancia	Gain, bénéfice
ganar	Gagner
ganchillo	Crochet, aiguille à tricoter en forme de crochet; Crochet, technique de nouage de fil pour faire des tissus décoratifs
gancho	Moignon de branche cassée qui reste sur l’arbre; Crochet, petit croc; Cintre; Crochet; Bras roulé, au basquet, calque de l’anglais hook shot; Battue, pour faire sortir le gibier des fourrés
gandul	Fainéant, vaurien
gandía	Gandie
ganga	Ganga; Gangue; Gang; Coucou, chose de peu de valeur
ganges	Gange, fleuve de l’Inde
ganglio	Ganglion
gangrena	Gangrène
ganso	Oie; Idiot
gante	Gand (ville de Belgique)
garabato	Gribouillage
garage	Garage
garaje	Garage, atelier de réparation automobile. (taller mecánico); Parking à gestion privé, payant, parfois couvert et très souvent gardienné. (aparcamiento); Parking (parking); Local destiné à garer sa voiture dans un maison individuelle
garante	Garant
garantizado	Garantir
garantizar	Garantir
garantía	Garantie
garay	Garai
garbanzo	Pois chiche
garbiñe	Prénom féminin basque
garbo	Grâce, désinvolture et brio, spécialement dans la manière d’agir et de bouger
garci	Nom de famille hispanique
garcia	Garcia
garcés	Nom de famille hispanique
garcía	Nom de famille hispanique extrêmement répandu
garde	Garde
gardenia	Gardénia
garfio	Crochet en métal
gargallo	Gargallo
garganta	Gorge
gargantilla	Gargantilla
gari	Gari
garibay	Nom de famille basque
garita	Guérite; Loge de concierge
garito	Tripot
garnacha	Garnache; Grenache; Troupe de théâtre ambulant; Tortilla frite et agrémentée de sauce, légumes, fromage, etc
garona	La Garonne
garra	Griffe
garrafa	Carafe; Bonbonne de gaz
garrapata	Tique
garrocha	Pic qui a une griffe à son extrémité pour saisir des objets; Pique du picador; Perche pour sauter en hauteur
garrote	Garrot, supplice de la strangulation; Baton
garrucha	Garrucha
garza	Héron, aigrette et apparentés
garzón	Nom de famille hispanique
gas	Gaz (fluide compressible informe); Gaz (gaz combustible); Flatulence, gaz (gaz intestinal); Gaz (alimentation d’un moteur, vitesse qui en découle); Énergie, force, élan
gasa	Gaze
gascuña	Gascogne
gascón	Gascon
gaseoso	Gazeux
gasificación	Gazéification
gasolina	Essence (sous une de ses variétés : essence ordinaire, super, super sans plomb… mais pas le gazole)
gasolinera	Station-service
gastar	User, consommer; Dépenser, consommer, user, détériorer
gasto	Dépense
gastritis	Gastrite
gastroenteritis	Gastro-entérite
gastroenterología	Gastro-entérologie
gastronomía	Gastronomie
gastronómico	Gastronomique
gastón	Gaston
gasóleo	Gazole, gasoil ou diesel
gasómetro	Gazomètre
gata	Chatte; Femme ou fille madrilène; Gata
gatear	Marcher à quatre pattes
gatera	Chatière
gatica	Gatika; Nom de famille
gatillo	Gachette
gatito	Chaton; Petit chat
gato	Chat; Madrilène, ou natif de Madrid; Cric
gatuno	Félin, de chat
gaucho	Gaucho
gaveta	Tiroir; Meuble à tiroirs
gavia	Fossé; Hune; Hunier, voile du mât de hune
gavilla	Gerbe; Tas de gens
gavilán	Épervier
gaviota	Mouette
gaviria	Gabiria
gay	Gay, homo
gayo	Gay
gaza	Pie bavarde
gazpacho	Gaspacho
gaélico	Gaélique
geisha	Geisha
gel	Gel
gelatina	Gélatine
gema	Gemme, pierre précieuse
gemelo	Jumeau; Mollet
gemido	Gémissement
gemir	Gémir, geindre
gen	Gène
gendarme	Gendarme
genealogía	Généalogie
generacional	Générationnel
generación	Génération
generador	Générateur; Générateur, qui génère
general	Général; Poisson-chat à queue rouge, poisson d’eau douce de la famille des Pimelodidae, natif d’Amérique du Sud, dont le nom scientifique est Phractocephalus hemioliopterus
generalidad	Généralité
generalista	Généraliste
generalitat	Generalitat
generalización	Généralisation
generalizar	Généraliser
generalmente	En général, ordinairement
generalísimo	Généralissime
generar	Générer
generosidad	Générosité
generoso	Généreux
genesis	Making of
genetista	Généticien, généticienne
genial	Génial, superbe
genialidad	Génialité
genil	Genil
genio	Génie
genital	Génital; Organe sexuel
genitivo	Génitif
genocida	Génocidaire
genocidio	Génocide
genoma	Génome
genoveva	Prénom féminin, équivalent de Geneviève
genovés	Génois, génois; Génois
gente	Groupe de personnes
gentil	Gentil; Gentil, agréable, aimable, plaisant
gentileza	Gentillesse
gentilhombre	Gentilhomme
gentilicio	Gentilice; Gentilé
gentilmente	\xenˌtilˈmen.te\; Gentiment
gentrificación	Gentrification
gentuza	Mauvaise gens, voyous
gentío	Foule
genuino	Naturel; Authentique, vrai
genérico	Générique
genético	Génétique; Généticien
genómica	Génomique
geodesia	Géodésie
geodésico	Géodésique
geoespacial	Géospatial
geofísica	Géophysique
geofísico	Géophysique
geografía	Géographie
geográficamente	Géographiquement
geográfico	Géographique
geolocalización	Géolocalisation
geología	Géologie
geológicamente	Géologiquement
geológico	Géologique
geometría	Géométrie
geomorfología	Géomorphologie
geométricamente	Géométriquement
geométrico	Géométrique
geopolítica	Géopolitique
geopolítico	Géopolitique
geoquímica	Géochimie, géochimiste
georgette	Georgette, crêpe georgette
georgia	Géorgie, pays du Caucase; Géorgie, État des États-Unis
georgiano	Géorgien, relatif à la Géorgie; Géorgien, habitant de la Géorgie; Géorgien, langue parlée en Géorgie
georgina	Georgina
ger	Ger, en Catalogne
geranio	Géranium
gerencial	Gestionnaire (qui a un rapport avec la gestion)
gerente	Gérant, gérante
geriatría	Gériatrie
germano	Germain
germen	Germe
germinación	Germination
germinal	Germinal
germinar	Germer
germánico	Germanique
gerona	Gérone
gerundio	Gérondif, participe présent
gervasio	Gervais
gerónimo	Jérôme; Geronimo
gestación	Gestation
gestionar	Gérer
gestión	Gestion
gesto	Geste; Air (du visage), moue, physionomie, apparence du visage
gestor	Manager
gestual	Gestuel
geógrafo	Géographe
geólogo	Géologue
ghana	République du Ghana
ghanés	Ghanéen; Ghanéen
gibraltar	Gibraltar
gif	Gif
gigabyte	Gigaoctet
gigante	Géant
gigantesco	Gigantesque, immense, formidable, énorme
gigantismo	Gigantisme
gil	Gilles
gilipollas	Idiot, débile, attardé
gimeno	Nom de famille
gimnasia	Gymnastique
gimnasio	Gymnase
gimnasta	Gymnaste
gimnástica	Gymnastique
gimnástico	Gymnastique
gin	Boisson alcoolisé aromatisée au baies de genévrier, gin
ginebra	Genève; Gin; Sorte de xylophone rudimentaire composé de planchettes ou de bâtons de bois grossièrement rangés par taille et qui sert à accompagner des chants populaires; Bruit confus, désordre. ^([1]) ^([2]); Jeu de cartes proche d'un jeu nommé sota («valet»). Parfois aussi nom donné à un jeu de cartes truquées; Prénom féminin, équivalent de Guenièvre
ginecología	Gynécologie
ginecólogo	Gynécologue
gingivitis	Gingivite
ginseng	Ginseng
gioconda	Joconde
gira	Virer; Retourner, tourner
giralda	Girouette
girar	Virer; Retourner, tourner
girasol	Tournesol
giratorio	Tournant, qui tourne
giro	Tournant, rotation, action ou résultat de tourner, tournure; Tournant, changement de ligne politique ou idéologique; Virement
giroscopio	Gyroscope
gis	Craie
gitano	Gitan
glabro	Glabre
glaciación	Glaciation
glacial	Glacial
glaciar	Glacier
gladiador	Gladiateur
gladio	Typha
glamoroso	Glamoureux
glamuroso	Glamoureux
glande	Gland
glandular	Glandulaire
glaseado	Glaçage; Glaçage
glasgow	Glasgow
glauco	Glauque; Glauque
glaucoma	Glaucome
glicerina	Glycérine
glicerol	Glycérol
glicina	Glycine
glifo	glyphe, gravure représentant un son, un mot ou une idée; glyphe, trait vertical gravé; glyphe représentation graphique
glifosato	Glyphosate
global	Relatif à la planète entière; Mondial, global; Total
globalista	Mondialiste, globaliste; Globaliste
globalización	Globalisation, mondialisation
globalmente	Globalement
globo	Globe; Ballon (gonflable)
globoso	Sphérique, globuleux
gloria	Gloire; Prénom féminin d’origine latine
glorieta	Gloriette; Carrefour avec un rond-point
glorificar	Glorifier
gloriosamente	Glorieusement
glorioso	Glorieux
glosa	Glose, note explicative; Diminution (« ornement Renaissance et baroque »)
glosario	Glossaire
glotonería	Gloutonnerie
glotón	Glouton, gourmand; Glouton
glucemia	Glycémie
glucosa	Glucose
glucógeno	Glycogène
gluten	Gluten
glándula	Glande
gnome	GNOME; GNOME
gnomo	Gnome
gnosticismo	Gnosticisme
gnu	GNU
gnóstico	Gnostique
go	Go
gobernabilidad	Gouvernabilité
gobernador	Gouverneur; Gobernador
gobernanza	Gouvernance
gobernar	Gouverner, régner, surveiller
gobierno	Gouvernement
goce	Jouissance, plaisir, joie
godo	Goth; Qualifie une personne riche et puissante, en référence à la noblesse espagnole qui fait remonter des origines aux Goths; Espagnol; Espagnol (de la péninsule ibérique)
godofredo	Godefroy
gofio	Plat constitué de farine d’orge, de maïs ou de seigle grillé, aliment de base de la cuisine canarienne traditionnelle
gofre	Gaufre
gol	But
gola	Gorge, gueule
golazo	Au football, but particulièrement impressionnant, spectaculaire
goleador	Buteur
golem	Golem
golero	Gardien de but
goleta	Goélette
golf	Golf
golfa	Prostituée, salope, traînée
golfista	Golfeur, golfeuse
golfo	Golfe; Voyou, vaurien, fainéant
goliat	Goliath
golondrina	Hirondelle, aronde; Grondin volant; Certaines euphorbes tropicales (Euphorbia hypericifolia, E. hirta)
golosa	Gourmand
golosina	Sucrerie, friandise
goloso	Gourmand
golpe	Coup; Putsch, coup d’État
golpeador	Batteur, violent conjugal
golpear	Frapper, heurter
golpeteo	Claquement
golpismo	Golpisme, putschisme, tendance à faire des coups d’État; Mentalité ou tendance à prendre le pouvoir par la force, dans d’autres contextes
golpista	Celle ou celui qui participe à un coup d'État, putschiste; Qui concerne un coup d'État ou ses participants
golpiza	Trempe
goma	Gomme, sève visqueuse de certains arbres; Gomme, accessoire en caoutchouc qui sert à effacer; Pneumatique, chambre à air, pneu; Caoutchouc, matière produite à base de latex; Caoutchouc, simili synthétique du caoutchouc naturel; Élastique, bande circulaire en caoutchouc; Capote, préservatif; Matraque en caoutchouc
gomera	De gomme; De La Gomera; gomero\ɡoˈme.ɾo\
gomero	De gomme; De La Gomera; gomero\ɡoˈme.ɾo\; Gommier; Habitant de La Gomera; Caoutchouc, arbre sempervirent de la famille des Moracées, originaire d’Asie; Réparateur ou vendeur de pneus
gomez	Nom de famille espagnol, variante moins fréquente de Gómez
gomina	Gomina
gondomar	Gondomar
gong	Gong
gonorrea	Blennorragie, gonorrhée
gonzalo	Prénom masculin
gonzález	Nom de famille espagnol extrêmement répandu
google	Googler
googlear	Googler
gor	Gor
gordo	Gros, épais
gorgojo	Charançon; Personne de petite taille
gorila	Gorille
gormaz	Gormaz
gorra	Casquette; Policier, vigile, gardien
gorrión	Moineau, passereau; Gorrión alpino: niverolle alpine
gorro	Bonnet; préservatif
gospel	Gospel
gota	Goutte; Goutte, petite quantité
gotear	Goutter, tomber par goutte
gotemburgo	Göteborg
goteo	Goutter, tomber par goutte
gotera	Gouttière; Fuite, infiltration d’eau par le toit
gotero	Goutte-à-goutte; Compte-gouttes
gouda	Gouda
gourmet	Gourmet; Gourmet
goy	Goy
goya	Goya
goyo	Gregorio; Omniscient
goytisolo	Nom de famille
gozada	Jouir, jouir de
gozar	Jouir, jouir de
gozo	Joie, allégresse, jouissance
gozos	Joie, allégresse, jouissance
goñi	Goñi
gpl	GPL
gr	GR
grabación	Enregistrement
grabador	Graveur
grabadora	Magnétophone
grabar	Graver; Enregistrer, filmer
gracia	Grâce, merci; Grâce, caractère plaisant, agréable aux sens; Caractère drôle, amusant, divertissant
graciosamente	De façon drôle; Gracieusement
gracioso	Drôle; Gracieux; Bouffon
gracián	Nom de famille
grada	Herse, gradin
gradación	Gradation
gradiente	Gradient
grado	Degré, grade; Gré
graduación	Diplôme; Graduation, action de mesurer le degrés d’alcool dans une boisson; (Militaire) Grade, système hiérarchique militaire
gradual	Graduel
graduar	Graduer; Passer un examen; Obtenir un diplôme
graf	Grave
grafeno	Graphène
grafiti	Graffiti
grafito	Graphite
grafo	Graphe
grafía	Graphie
grama	Chiendent, gazon ou herbe en général; Cannabis
gramado	Pétrir le pain
gramatical	Grammatical
gramaticalmente	Grammaticalement
gramo	Gramme
gramática	Grammaire
gramático	Grammatical, grammairien; Grammatical, grammairien
gramínea	Graminée
gramófono	Gramophone
grana	Grainer (pour une plante)
granada	Grenade, ville d’Andalousie; Grenade, pays des Antilles, nommé d’après la ville espagnole; Grenade (fruit); Grenade (arme)
granadilla	Grenadille; Ancienne commune, de nos jours rattachée à Zarza de Granadilla, inondée lors de la construction du barrage de Gabriel y Galán
granadino	Grenadin, relatif à la ville de Grenade; Relatif à la grenade ou au grenadier; granadino\ɡɾa.naˈði.no\; Grenadien, relatif à l’île ou l’État de Grenade; Grenadin, habitant de Grenade, en Espagne; Fleur du grenadier; Grenadien, habitant de l’île de Grenade
granado	Notable, principal, illustre, choisi; Mature, judicieux; Grenadier, grenadier commun (Punica granatum L.)
granados	Notable, principal, illustre, choisi; Mature, judicieux
granate	Grenat; Couleur de la pierre
grande	Grand. S'apocope en gran devant un nom masculin singulier
grandemente	Grandement
grandeza	Grandeur, magnanimité, grandiosité
grandilocuencia	Grandiloquence
grandilocuente	Grandiloquent
grandioso	Grandiose
granero	Grenier
granito	Granit
granizada	Grêler
granizado	Boisson rafraîchissante vendue presque gelée
granizo	Grêler
granja	Ferme
granjero	Fermier
grano	Grain
granola	Granola
granuja	Ensemble de grains de raisin détachés de leur grappe; (masculin) Gredin, canaille, racaille
granular	Granuleux; Granuler, grainer
granítico	Granitique
grapa	Agrafe, fil métallique semi-démontable servant à fixer des feuilles de papier; Eau-de-vie
grapo	Agrafer
grasa	Graisse
grasiento	Gras
graso	Gras
grasoso	Gras
gratamente	Gracieusement; Agréablement
gratificante	Gratifiant
gratis	Gratuit, gratuitement, gratis; Gratuit, gratuitement, gratis
gratitud	Gratitude
grato	Agréable; Gratuit; Plaisant, comique, rigolo
gratuidad	Gratuité
gratuitamente	Gratuitement, bénévolement
gratuito	Gratuit
grava	Gravier
gravamen	Charge, impôt, tribut
grave	grave dans toutes les acceptations de ce mot en français; Se dit des mots qui sont accentués sur l’avant dernière syllabe
gravedad	Gravité
gravilla	Gravillon
gravina	Grave
gravitacional	Gravitationnel
gravitación	Gravitation, pesanteur
gravitatorio	Gravitationnel
gray	Gray (GY)
graz	Graz
grecia	Grèce
gregario	Grégaire
gregoriano	Grégorien
gregorio	Grégoire
gremio	Guilde, ou organisation professionnelle de travailleurs
grenoble	Grenoble
gres	Grès
gresca	Baston, grabuge
greña	Chevelure, le plus souvent mal peignée ou crépue
grial	Graal
griego	Grec; Grec, personne originaire de Grèce; Langue incompréhensible; Sodomie
grieta	Crevasse, faille, fente, fissure
grifo	Robinet; Griffon; Présomptueux, glacial en parlant d’une personne, frigide pour une femme; Se dit de quelque chose de crépue, emmêlée
grillete	Entrave, manille
grillo	Grillon
grimorio	Grimoire
gringa	Étrangère
gringo	National des États-Unis d’Amérique, États-unien, Étasunien, Américain; National des États-Unis d’Amérique ou du Canada; Personne au teint clair, avec ou sans référence à l’origine nationale, blond, Blanc; Anglo-américain lorsqu’il est employé par la communauté hispanique; relatif aux États-Unis d’Amérique ou qui en provient, états-unien, américain
gripe	Grippe
gris	Gris; Gris, terne; Gris, nuageux, couvert; La couleur grise
grisáceo	Grisâtre
grita	Hurler, crier
gritar	Hurler, crier
gritería	Tapage, tumulte
grito	Cri
groenlandia	Groenland
grooming	Grooming
grosella	Groseille, fruit du groseiller; Groseiller
grosero	Grossier, impoli
grosería	Grossièreté
grosor	épaisseur
grotesco	Grotesque
grueso	Gros
grulla	Grue
grumete	Mousse
grupa	Croupe, fesse
grupo	Groupe
grupúsculo	Groupuscule
gruta	Grotte
gruñido	grognement
gruñir	Grogner
gruñón	Grognon; Rebroussier
grácil	Gracile, grêle
gráficamente	Graphiquement
gráfico	Graphique
grúa	Grue
guacamaya	Ara
guacamayo	Ara
guacamole	Guacamole
guacho	Orphelin; Adventice, qui pousse sans avoir été semé; Petit d’un humain ou d’un animal
guaco	Bihoreau, Nycticorax nycticorax (wikispecies); Mobilier funéraire de tombe inca; Guaco; Qui a un bec-de-lièvre
guadalajara	Guadalajara, en Espagne; Guadalajara, au Mexique
guadalcázar	Guadalcázar
guadalix	Affluent du Jarama
guadalquivir	Guadalquivir
guadalupe	Affluent de la Guadiana; Prénom féminin; Guadalupe, localité de la province de Cáceres, où la rivière de Guadalupe prend sa source; Guadeloupe, archipel des Antilles
guadarrama	Guadarrama
guadaña	Faux
guadiana	Guadiana
guadix	Guadix
guagua	Bus (ligne régulière de transport urbain ou périurbain); Bébé
guaje	Gourde du genre Lagenaria siceraria
guajira	Chanson généralement sur un thème bucolique et qui s’accompagne souvent à la guitare; Guajira
guajolote	Dindon; Dinde; Imbécile, âne, crétin; Crétin, stupide
gualeguay	Faux-poivrier, faux-poivrier odorant
guam	Guam (île de l’océan Pacifique)
guanaco	Guanaco; Personne stupide
guanajuato	Guanajuato
guanche	Guanche
guano	Guano
guantazo	Gifle
guante	Gant
guantelete	Gantelet
guantera	Boîte à gants
guantánamo	Guantanamo
guanábana	Corrosol
guaperas	Bellâtre
guapetón	Très beau
guapo	Beau, joli
guar	Guar
guaracha	Guaracha
guaraní	Guarani
guarapo	Jus de canne à sucre avec du citron
guardabarros	Garde-boue
guardabosques	Garde forestier
guardacostas	Garde-côte
guardado	Garder
guardaespaldas	Garde du corps
guardameta	Gardien de but
guardapolvo	Tout objet utilisé pour protéger de la poussière; Blouse longue
guardapolvos	Tout objet utilisé pour protéger de la poussière; Blouse longue
guardar	Garder
guardarropa	Vestiaire; Garderobe, ensemble de vêtements d’une personne; Citronnelle; Santoline petit-cyprès
guardería	Garde
guardia	Garde, corps de gardes; Garde; Gendarmerie; Agent de police, gendarme
guardián	Défenseur
guarida	Terrier, tanière
guarimba	Manifestation politique d’opposition au chavisme
guarnición	Garniture, décoration; Garniture; Garnison
guaro	Eau-de-vie de canne à sucre
guarra	Cochonne, salope, trainée, femme dévergondée, de mauvaise vie, méprisable
guarro	Porc, cochon; Porc, cochon, personne sale
guata	Ouate; Estomac, ventre
guate	Guatemala (capitale du Guatemala)
guatemala	Guatemala, pays d’Amérique centrale
guatemalteco	Guatémaltèque, relatif au Guatemala; Guatémaltèque, habitant du Guatemala
guateque	Boum
guatón	Qui a un gros ventre, ventru, ventripotent
guau	Ouaf, cri du chien; Ouah ! Waouh !, exprimant l’enthousiasme
guay	Super, excellent; Exprime la satisfaction, la surprise favorable ou agréable
guaya	Cri de désespoir; quenettier (Melicoccus bijugatus); Désespoir, tristesse; potación de guaya, boisson faite de feuilles de marijuana infusées dans du brandy; Câble en acier tressé
guayabo	Goyavier, gueule de bois
guayacán	Handroanthus guayacan (Seem.) S.O.Grose; Gaïac du Texas (Guaiacum angustifolium Engelm. parfois considéré comme un synonyme de Porlieria angustifolia (Engelm.) A. Gray); Gaïac du Coulter (Guaiacum coulteri A.Gray)
guayana	Guyane, pays d’Amérique du Sud, capitale Georgetown
guayaquil	Guayaquil
guayas	Fleuve Guayas; Province du Guayas
gubernamental	Gouvernemental
guepardo	Guépard
guernica	Guernica (localité du Pays basque)
guerra	Guerre
guerrear	Guerroyer
guerrero	Guerrier; Guerrero
guerrilla	Guérilla
guerrillero	Guérillero
gueto	Ghetto
guevara	Guevara; Nom de famille
guiar	Guider, régler
guijarro	Galet, petit caillou usé
guijo	Cailloutage de route
guijuelo	Guijuelo
guille	Guillaume
guillermo	Prénom masculin, correspondant à Guillaume
guillotina	Guillotine
guinda	Guigne, griotte; Touche finale, peaufinage
guindilla	Sorte de piment rouge fin et long, à la saveur très piquante
guindo	Griottier
guinea	Guinée (pays d’Afrique)
guineano	Guinéen, de Guinée; Guinéen, habitant de Guinée
guineo	Guinéen, de Guinée; Banane
guion	Tiret, trait d'union; Scénario; Étendard; Chef de meute
guionista	Scénariste
guipuzcoano	Guipuscoan
guipúzcoa	Guipuscoa
guirnalda	Guirlande
guisa	Cuire des aliments; Cuisiner, préparer un plat ou un repas
guisado	Cuire des aliments; Cuisiner, préparer un plat ou un repas
guisante	Pois (plante); Petit pois (graine)
guisar	Cuire des aliments; Cuisiner, préparer un plat ou un repas
guiso	Cuire des aliments; Cuisiner, préparer un plat ou un repas
guita	Pognon
guitarra	Guitare
guitarrista	Guitariste
guiño	Cligner
guión	Scénario, trait d’union
gul	Goule
gula	Gloutonnerie; Œsophage; Succédané de civelle (angula) préparé à partir de poisson blanc, proche du surimi
gulag	Goulag
gules	Gueules
gurú	Guru
gusanillo	Petit ver; Ce qui ronge, inquiétude, malaise, dégoût; Travail de broderie vermiculé
gusano	Ver; Asticot; Opposant politique au régime en place depuis 1959, le plus souvent en exil
gustar	Plaire
gusto	Gout
gustosamente	De bonne grâce
gustoso	Gouteux, goutu, heureux
gutierre	Gautier
gutiérrez	Nom de famille
gutural	Guttural
guyana	Guyana, pays d’Amérique du Sud
guzmán	Prénom masculin; Nom de famille
guárico	Fleuve du Venezuela; Guárico
guía	Guide
gálatas	Galates
gállego	Affluent de l’Èbre
gálvez	Gálvez
gángster	Gangster
gárgola	Gargouille, partie d’une gouttière ou d’un tuyau par où l’eau tombe, et qui est souvent ornée d’une figure animalière ou monstrueuse; Ces figures mêmes, gargouille
géiser	Geyser
gélido	Gelé, extrêmement froid, gélide
géminis	Gémeaux
género	Genre
génesis	Genèse; Genèse, premier des livres de l’Ancien Testament
génova	Gênes
gómara	Gómara
gómez	Nom de famille espagnol
góndola	Gondole
góngora	Nom de famille; Gongora, Luis de Góngora
gótico	Gothique; Gotique; Style gothique
güeno	Se dit d’une personne considérée comme ayant un sex-appeal
güero	Huero; Qui a la peau claire ou les cheveux clairs; Personne à la peau claire ou aux cheveux clairs
güevo	Œuf (structure reproductrice produite par les animaux ovipares, aliment); Pénis, bite, teub; Testicules, couilles; Problème difficile
güey	Crétin, cave, con, personne stupide; Mec, type (homme); Mec; Stupide, crétin, con
h	H
haba	Fève
habana	Havanais; De couleur havane
habanera	Havanais, qui se rapporte à la ville de La Havane
habanero	Havanais, qui se rapporte à la ville de La Havane; Havanais, natif ou habitant de La Havane
habano	Havanais; De couleur havane; Havane, cigare cubain
haber	Y avoir; Arrêter (un délinquant); Avoir; Être (avec les verbes intransitifs de mouvement)
habichuela	Haricot et haricot vert
habilidad	Habileté
habilitación	Habilitation
habilitar	Habiliter
habitable	Habitable
habitación	Habitation, action d’habiter; Chambre, local, pièce, salle
habitante	Habitant, résident
habitar	Habiter, demeurer, loger
habitual	Habituel
habitualmente	Habituellement, d’habitude
hablador	Vantard; Hâbleur, vantard
hablante	Locuteur ou locutrice, personne capable de s’exprimer dans une langue donnée; Qui parle
hablar	Parler
hacedor	Faiseur; Créateur
hacer	Faire
hacha	Hache
hache	Ache
hachís	Haschich
hacia	Vers, en direction de, aux environs de
hacienda	Ferme, large exploitation agricole; Finance, biens fonds, fonds; Budget, Trésor public, patrimoine de l’État; Agenda, choses à faire, travail domestique, occupation; [[#fr|]]
hacinamiento	Promiscuité
hackathon	Hackathon, hackaton
hackear	Hacker; Hacking
hackeo	Hacker
hacker	Bidouilleur, hacker
hada	Fée
hades	Hadès, dieu grec de la mort et roi des Enfers qui portent son nom; Hadès
hado	Destin; Enchainement fatal d’évènements
hagiografía	Hagiographie
haiku	Haïku
haitiano	Haïtien
haití	Haïti
hakka	Hakka
hala	Haler
halagado	Flatter
halagar	Flatter
halago	Flatterie
halcón	Faucon
hallaca	Hallaca
hallar	Trouver quelque chose ou quelqu’un, en le cherchant ou par hasard; Découvrir quelque chose qui était jusque là inconnu; Découvrir la vérité; Rencontrer quelqu’un; Apprendre quelque chose; Se trouver quelque part, être à un endroit; Être dans un certain état
hallazgo	Trouvaille, découverte
halo	Haler
halterofilia	Haltérophilie
hamaca	Hamac; ^([DRAE]) Chaise à bascule; ^([DRAE]) Balançoire
hamada	Hamada
hambre	Faim; Famine
hambriento	Affamé
hambruna	Famine
hamburgo	Hambourg, ville en Allemagne; Le Land de Hambourg
hamburguesa	Steak haché; Hamburger
hammam	Hammam. Même signification qu'en français
hampa	Milieu, pègre
hampshire	Hampshire
hamás	Hamas
hangar	Hangar
hanzo	Bonheur, joie, contentement
hanói	Hanoï (capitale du Viêt Nam)
haragán	Paresseux; Paresseux
hardware	Matériel informatique
harina	Farine
hartar	Repaître, rassasier; Lasser, exaspérer
hartazgo	Ras-le-bol, fatigue, marre
harto	Las
harén	Harem
hasta	Indique la fin d’une activité, soit au sens locatif, chronologique, ou quantitatif : à, au, jusqu’à, jusqu’au; Indique que le fait se produit malgré les circonstances : même; Indique qu’une situation supposée n’empêche pas la survenue : même; Indique le début d’une action, ou quand elle se produira
hastiado	Dégouter
hastío	Lassitude, exaspération, dégoût, écœurement, répugnance
hatillo	Baluchon
hato	Troupeau; Clique, groupe de gens; Ensemble, série; Trousseau, ensemble d'habits; Ranch pour l'élevage du bétail
hausa	Haoussa
hawaiana	Hawaïen
hawaiano	Hawaïen; Hawaïen, habitant ou natif de Hawaï; Hawaïen (langue)
hayedo	Hêtraie
hazaña	Exploit
hazmerreír	Bouffon, personne qui fait rire
hdp	Fdp
hebilla	Boucle de vêtement
hebra	Filament ou fibre composant un tissu musculaire ou textile; Fil de couture; Fil d’une conversation, d’un discours; cheveux pris individuellement, brin de cheveux
hebreo	Hébreu
hecatombe	Hécatombe
hechicero	Enchanteur, séduisant; Magicien, sorcier
hechizo	Ensorceler
hecho	Fait, évènement; Fait; Mûr
hechura	Facture, façon, action de faire; Composition, organisation; Argent qui se paie dans le travail à façon; Chose faite : image ou sculpture
hectárea	Hectare
hediondo	Fétide
hedonismo	Hédonisme
hedor	Exhalaison, puanteur
hegemonía	Hégémonie
helada	Gelée
heladera	Réfrigérateur
helado	Gelé; Crème glacée, glace
helecho	Fougère
helenismo	Hellénisme
heleno	Hellène
helenístico	Hellénistique
helicóptero	Hélicoptère
helio	Hélium (l’élément chimique He)
helipuerto	Héliport
helsinki	Helsinki, capitale de la Finlande
helénico	Hellénique
hematita	Hématite
hematología	Hématologie
hematoma	Hématome
hembra	Femelle
hembrismo	Misandrie
hemeroteca	Hémérothèque
hemisferio	hémisphère
hemisférico	Hémisphérique
hemofilia	Hémophilie
hemoglobina	Hémoglobine
hemograma	Hémogramme
hemorragia	Hémorragie
hemorroides	Hémorroïde
henares	Affluent du Jarama
hendido	Fendu
hendidura	Fente, fissure
henequén	Agave fourcroydes Lem
heno	Foin
hepatitis	Hépatite
hepático	Hépatique
heraldo	Héraut, messager
herbario	Herbier; Rumen
herbicida	Herbicide
herbolario	Herboriste
herbívoro	Herbivore
heredad	Hoirie, portion de terre appartenant à un même seigneur; Héritage
heredar	Hériter
heredero	Qui hérite; Héritier
heredia	Commune de la municipalité de Barrundia dans la province d’Alava, au Pays basque; Nom de famille; Ville, canton et province du Costa Rica
hereford	Hereford
hereje	Hérétique
herejía	Hérésie
herencia	Héritage, hérédité; Herencia
herida	Blessure
herido	Blessé; Barré, rayé
herir	Blesser
herma	Terme
hermafrodita	Hermaphrodite
hermana	Sœur; Nonne, bonne sœur
hermanastro	Demi-frère, fils du conjoint d’un parent
hermandad	Fraternité, lien unissant des frères; Unité, union, amitié fraternelle; Confrérie, fraternité
hermano	Frère, homme qui a le même père et la même mère qu’une autre personne, ou bien seulement un des deux; Frère, homme appartenant à une confrérie
hermenéutica	Herméneutique
hermetismo	Hermétisme
hermosa	Beau
hermosamente	Joliment
hermoso	Beau
hermosura	Beauté
herméticamente	Hermétiquement
hermético	Hermétique
hernando	Fernand
hernani	Hernani
hernia	Hernie
hernán	Fernand, Ferdinand
hernández	Nom de famille
heroicamente	Héroïquement
heroicidad	Héroïcité
heroico	Héroïque
heroína	Héroïne
heroísmo	Héroïsme
herpes	Herpès
herrada	Seau de fer ou de bois cerclé de fer
herradura	Fer à cheval
herramienta	Outil, ustensile
herrera	Forgeronne; Femme de forgeron; Marbré; Herrera; Nom de famille espagnol
herrero	Forgeron; De fer, en fer; Nom de famille
herrería	Forge
herrumbre	Rouille
hertz	Hertz
hervido	Bouillir
hervir	Bouillir
hervor	Ferveur, animosité, zèle; Bouillonnement
heráclito	Héraclite, prénom masculin; Héraclite d’Éphèse
heráldica	Héraldique, science du blason, des armoiries
heráldico	Héraldique
herético	Hérétique
heródoto	Hérodote (historien grec)
hesse	Hesse, un des Länder d’Allemagne
hesíodo	Hésiode
heterodoxia	Hétérodoxie
heterodoxo	Hétérodoxe
heterogéneo	Hétérogène
heteropatriarcado	Hétéropatriarcat
heterosexual	Hétérosexuel
heterosexualidad	Hétérosexualité
hexadecimal	Hexadécimal
hexagonal	Hexagonal
hexágono	Hexagone
hialurónico	Hyaluronique
hiato	Hiatus
hibernación	Hibernation
hibernar	Hiberner, hiverner
hibridación	Hybridation
hidalgo	Noble; Se dit d’une personne généreuse, à l’âme noble; Hidalgo
hidalguía	Noblesse; État et condition d’hidalgo; Générosité, grandeur d’âme
hidra	Hydra
hidratación	Hydratation
hidratar	Hydrater
hidrato	Hydrate
hidroavión	Hydravion
hidrocarburo	Hydrocarbure
hidrocefalia	Hydrocéphalie
hidroeléctrico	Hydro-électrique
hidrografía	Hydrographie
hidrología	Hydrologie
hidromasaje	Hydromassage
hidromiel	Hydromel
hidroterapia	Hydrothérapie
hidrógeno	Hydrogène (l’élément chimique H)
hidrólisis	Hydrolyse
hidróxido	Hydroxyde
hiedra	Lierre
hiel	Bile, fiel
hielo	Glace, eau gelée; Gel
hiena	Hyène; Hyène, personne cruelle
hierba	Herbe, herbacée
hierbabuena	Menthe verte; Autre plante aromatique : mastranzo, sándalo, poleo
hierro	Fer (l’élément chimique Fe); Métal pur de cet élément; Fer à repasser; Arme à feu (revolver ou pistolet)
higa	Geste obscène, doigt d’honneur qui, en Espagne, se fait en fermant le poing, le pouce pointant entre l’index et le majeur et dans les pays d’Amérique latine, en pointant le majeur; Amulette en jais ou en corail, en forme de poing, qui se mettait au cou des enfants pour les protéger du mauvais œil
highland	Highland
higiene	Hygiène
higienista	Hygiéniste
higiénico	Hygiénique
higo	Figue
higuera	Figuier; Higuera
hija	Fille. (descendante)
hijastra	Belle-fille
hijastro	Filsâtre
hijito	Cher fils, mon petit
hijo	Fils
hijoputa	Personne méprisable, fils de pute, enfant de putain
hijueputa	Personne méprisable : fils de pute, enfant de putain, fils de garce, bâtard
hila	File
hilacha	Effilochure
hilado	Filer
hilar	Filer
hilarante	Hilarant
hilaridad	Hilarité
hilario	Hilaire
hilera	File
hilo	Fil; Processus léger
hilvanar	Bâtir, faufiler
himen	Hymen
himno	Hymne
hin	Bardot
hincapié	Accent, insistance
hincar	Fixer, planter quelque chose dans autre chose; Enfoncer quelque chose afin que ce soit fixé; Planter en terre; Rester quelque part; S’agenouiller
hincha	Supporter
hinchable	Gonflable
hinchada	Enfler; Gonfler; Exagérer
hinchado	Enfler; Gonfler; Exagérer
hinchar	Enfler; Gonfler; Exagérer
hinchazón	Enflure
hindi	Hindi
hinduismo	Hindouisme
hinduista	Hindouiste
hindú	Hindou, relatif à l’Hindoustan
hinojo	Fenouil; Genou
hioides	Os hyoïde
hiperactividad	Hyperactivité
hiperactivo	Hyperactif
hiperbólico	Hyperbolique
hiperespacio	Hyperespace
hiperglucemia	Hyperglycémie
hiperinflación	Hyperinflation
hipermercado	Hypermarché
hipersensibilidad	Hypersensibilité
hipersensible	Hypersensible
hipertensión	Hypertension
hipertermia	Hyperthermie
hipertexto	Hypertexte
hipertiroidismo	Hyperthyroïdie
hipertrofia	Hypertrophie
hiperventilación	Hyperventilation
hipnosis	Hypnose
hipnotismo	Hypnotisme
hipnotizador	Hypnotiseur
hipnotizar	Hypnotiser; Hypnotiser, fasciner
hipnótico	Hypnotique
hipo	Hoquet; Rancune, ressentiment
hipocampo	Hippocampe
hipoclorito	Hypochlorite
hipocondríaco	Hypocondriaque
hipocresía	Hypocrisie
hipocrático	Hippocratique
hipoglucemia	Hypoglycémie
hipopótamo	Hippopotame
hipoteca	Hypothèque
hipotecar	Hypothéquer
hipotensión	Hypotension
hipotenusa	Hypoténuse
hipotiroidismo	Hypothyroïdie
hipotético	Hypothétique
hipoxia	Hypoxie
hipérbole	Hyperbole
hipócrates	Hippocrate
hipócrita	Hypocrite
hipódromo	Hippodrome
hipófisis	Hypophyse
hipótesis	Hypothèse
hiragana	Hiragana
hisopo	Hysope; Goupillon, aspergeoir, aspergès, aspersoir; Coton-tige
hispanidad	Hispanité
hispanismo	Hispanisme
hispanista	Hispaniste
hispano	Hispanique; Espagnol, habitant de l’Espagne
hispanoamericano	Hispanoaméricain
hispanoamérica	Amérique hispanique
hispanohablante	Hispanophone
hispanoparlante	Hispanophone
hispánico	Hispanique
histamina	Histamine
histerectomía	Hystérectomie
histeria	Hystérie, maladie comportementale féminine dont la cause imaginée était la mobilité anormale de l’utérus dans le corps des femmes affligées; Hystérie, névrose hystérique; Hystérie, grande excitation et agitation nerveuse dont les manifestatiosn sont bruyantes, gênantes, voire inquiétantes
histograma	Histogramme
histología	Histologie
histológico	Histologique
historia	Histoire
historiador	Historien
historial	Historique (en rapport avec l'histoire); Historique (succession d’événements); Historien , chroniqueur
historicismo	Historicisme
historieta	Bande dessinée, BD
historiografía	Historiographie
historiográfico	Historiographique
histérico	Hystérique
históricamente	Historiquement
histórico	Historique
hito	Fixe, ferme; Uni; Borne, jalon fiché en terre; Jalon, fait historique marquant
hiyab	hijab
hobart	Hobart
hocico	Gueule, museau; Gueule, tronche (bouche humaine); Gueule, tronche (visage humain); Gueule, tronche (expression faciale trahissant le mécontentement)
hockey	Hockey
hogar	Foyer, maison; Foyer de la cheminée, âtre
hogareño	Casanier
hoguera	Bûcher, feu
hoja	Feuille; Synonyme de pétalo (pétale); Lame
hojalata	Fer-blanc
hojaldre	Pâte feuilletée
hojarasca	Feuilles mortes, caquetage
hojear	Feuilleter (par exemple un livre); Remuer comme des feuilles, bouger légèrement, en parlant du feuillage d’un végétal
hokkaido	Hokkaïdo, ainu-ken
hola	Salut
holanda	Hollande (pays européen); Hollande
holandés	Hollandais; Hollandais, habitant d’Hollande; Hollandais, dialecte du néerlandais
holgado	Être oisif, ne rien faire; Se reposer, souffler après un effort, un travail; S’amuser, se divertir; Ne pas servir, être inutile; Être à un endroit, s’arrêter; Se réjouir
holgazanería	Oisiveté, fainéantise
holgazán	Fainéant
holguín	Nom de famille; Holguín
hollín	Suie
holocausto	Holocauste
holoceno	Holocène
holograma	Hologramme
holográfico	Olographe
holístico	Holistique
hombre	Homme; Hé
hombrecillo	Petit homme; Houblon
hombro	Épaule
homenaje	Hommage
homenajear	Rendre hommage
homeopatía	Homéopathie
homeopático	Homéopathique
homeostasis	Homéostasie
homer	Homer
homero	Homère
homicida	Homicide; Homicide, assassin, meurtrier
homicidio	Homicide
homilía	Homélie
homofobia	Homophobie
homofóbico	Homophobe
homogeneidad	Homogénéité
homogéneo	Homogène
homologación	Homologation
homologar	Homologuer
homoparental	Homoparental (voir définition ci-dessus)
homosexual	Homosexuel
homosexualidad	Homosexualité
homosexualismo	Homosexualisme
homérico	Homérique
homínido	Hominidé
homólogo	Homologue
homónimo	Homonyme
honda	Fronde
hondamente	Profondément
hondo	Profond
hondonada	Ravin, vallée profonde
hondura	Profondeur
honduras	Honduras
hondureño	Hondurien, relatif au Honduras; Hondurien, habitant du Honduras
honestamente	Honnêtement
honestidad	Honnêteté
honesto	Honnête
hongkonés	Hongkongais
hongo	Champignon
honor	Honneur
honorabilidad	Honorabilité
honorable	Honorable
honorario	Honoraire; Gage honoraire; Honoraires
honorífico	Honorifique
honradez	Honnêteté, intégrité
honrado	Honnête, vertueux
honrar	Honorer; S’honorer; Utilisé comme formule de courtoisie afin de provoquer l’adhésion de l’assistance à propos de quelqu’un
hora	Heure
horacio	Horace
horario	Horaire
horca	Fourche
horchata	Horchata
horda	Horde
horizontal	Horizontal
horizontalidad	Horizontalité
horizonte	Horizon
horma	Forme, moule; Forme pour chaussures, pour chapeaux; Embauchoir; Mur de pierres sèches
hormiga	Fourmi
hormigueo	Fourmillement (sorte de picotement sous la peau)
hormiguero	Fourmilière
hormigón	Béton
hormona	Hormone
hormonal	Hormonal
hornacina	Niche
hornada	Fournée
horneada	Cuire au four
horneado	Cuisson au four
hornear	Cuire au four
hornillo	Petit four; Cuisinière
horno	Four
horquilla	Petite fourche; Fourche de roue de vélo
horrible	Horrible, affreux
horriblemente	Horriblement
horror	Horreur, effroi, terreur; Aversion, dégoût, répulsion, abomination
horrorizado	Horrifier
horroroso	Horrible, affreux
hortaliza	Légume, primeur
hortelano	Relatif à la huerta; Maraîcher; Nom de famille
hortensia	Hortense
hortera	Ringard; Ringard, ringarde
horticultura	Maraîchage
horóscopo	Horoscope
hosanna	Hosanna; Hosanna
hosco	Hargneux, rébarbatif
hospedador	Hôte, animal parasité
hospedaje	Hébergement; Auberge
hospedar	Héberger, accueillir un hôte
hospedero	Hôtelier, aubergiste; Hôte, animal parasité
hospedería	Auberge; Hôtel parfois luxueux, souvent situé dans un monument historique, destiné à recevoir des touristes
hospital	Hôpital, lieu public qui accueille des blessés et des malades pour des soins; Hospice, asile qui loge pour une courte durée les indigents et les voyageurs de passage; Hospitalier, se dit d’un hôte accueillant
hospitalario	Hospitalier
hospitalidad	Hospitalité
hostal	Petit hôtel, auberge, auberge de jeunesse
hostería	Petit hôtel, auberge, auberge de jeunesse
hostia	Hostie; Interjection exprimant la surprise
hostigamiento	Harcèlement
hostigar	Fouetter, battre avec un un fouet, une baguette ou un objet similaire; Harceler
hostil	Hostile
hostilidad	Hostilité
hotel	Hôtel
hotelero	Hôtelier
hoy	Aujourd’hui; En ce moment, de nos jours
hoya	Fosse; Fosse, lieu où enterrer les morts
hoyo	Trou; Fosse, trou dans la terre pour une tombe
hoyuelo	Fossette
hoz	Faux
hsm	HSF
html	HTML
http	HTTP
huaca	Huaca
huala	Grand grèbe
huapango	Huapango
huarache	Sandale; Sorte de tortilla de maïs de forme allongée
huari	Wari
huarte	Uharte
hucha	Huche, coffre; Tirelire; Raie des fesses
hueco	Creux; Creux, trou; Pédé (homosexuel)
huelga	Grève (arrêt du travail)
huella	Empreinte
huelva	Huelva
huemul	Huemul (Hippocamelus bisulcus)
huerta	Verger, grand potager, étendue de terre consacrée à la culture de fruits ou de légumes; Huerta
huerto	Potager, petit jardin
huesca	Huesca
hueso	Os; Noyau de certains fruits
hueste	Troupe
hueva	Frai de poisson
huevo	Œuf; Œuf (de poule); Testicule; Zygote; Ovule; Besogne, labeur; Débile
huevón	Feignasse, branleur (paresseux); Con, tête de nœud, trou du cul (bête); Mec, type, gars; Con (bête)
huida	Fuite, action de fuir, de s’échapper
huir	Fuir
hule	Caoutchouc, gomme élastique; Toile vernie de caoutchouc; Nappe en caoutchouc; Nom vernaculaire de Castilla elastica arbre de la famille des Moracea endémique du Mexique et de la zone tropicale mésoaméricaine. On le nomme aussi caucho, toutefois ce nom est partagé par de nombreux arbres fournissant du latex
hulla	Houille
huma	Fumer, dégager de la fumée
humanidad	Humanité
humanismo	Humanisme
humanista	Humaniste
humanitario	Humanitaire
humanización	Humanisation
humanizar	Humaniser
humano	Humain; Être humain
humanoide	Humanoïde
humanístico	Humaniste
humareda	Nuage de fumée
humberto	Humbert
humeante	Fumant, qui dégage de la fumée
humectante	Hydratant
humedad	Humidité
humedal	Zone humide
humedecer	Bassiner, humidifier, humecter
humildad	Humilité
humilde	Humble; Modeste, pauvre
humildemente	Humblement
humillación	Humiliation
humillante	Humiliant
humillar	Humilier
hummus	Houmous
humo	Fumée; Émanation
humor	Humeur; Humour
humorismo	Humour
humorista	Humoriste
humorístico	Humoristique
humus	Humus
hunan	Hunan
hundimiento	Enfoncement
hundir	Enfoncer; Couler; S’enfoncer
hungría	Hongrie
huno	Hun
huracán	Ouragan
huraño	Bourru, qui a un caractère solitaire et maussade
hurgar	Fouiller, trifouiller, fouiner
hurra	Hourra
hurtado	Voler, dérober
hurtar	Voler, dérober
hurto	Action hurtar, de dérober, vol réalisé furtivement, sans violence
hurón	Furet
husmear	Renifler, suivre à l’odeur, pister
huso	Fuseau
huy	Huy (ville de Belgique)
huérfano	Orphelin
huésped	Invité, hôte; Hôte, animal parasité
hábil	Habile, adroit
hábilmente	Habilement
hábitat	Habitat
hábito	Habitude, tenue
hálito	Bouffée, haleine
hámster	Hamster
hándicap	Handicap
héctor	Hector
hégira	Hégire
hélice	Hélice
hércules	Synonyme de epilepsia (épilepsie)
héroe	Héros
híbrido	Hybride
hígado	Foie
hípica	Hippisme
húmedo	Humide
húmero	Humérus
húngaro	Hongrois, relatif à la Hongrie, aux Hongrois, au hongrois; Hongrois, habitant de la Hongrie; Hongrois
i	I; I
ia	Intelligence artificielle
ibarra	Ibarra, commune du Pays basque espagnol située dans la province de Guipuscoa; Nom de famille
ibero	Ibère
iberoamericano	Ibéro-américain
ibex	Bouquetin
ibis	Ibis
ibiza	Ibiza
ibo	Igbo
ibor	Affluent du Tage
iborra	Ivorra
ibu	Revenu universel
ibuprofeno	Ibuprofène
ibáñez	Nom de famille
ibérico	Ibérique
ibídem	Ibidem
iceberg	Iceberg
icono	Icône
iconoclasta	Iconoclaste
iconografía	Iconographie
ictericia	Ictère
ictus	Ictus, attaque cérébrale
ida	Aller, action d’aller
idea	Idée
ideación	Idéation
ideal	Idéal
idealismo	Idéalisme
idealizar	Idéaliser
idear	Inventer
idem	Pareillement
identidad	Identité
identificación	Identification
identificador	Identificateur; Identificateur
identificar	Identifier, situer
ideograma	Idéogramme
ideología	Idéologie
ideológicamente	Idéologiquement
ideológico	Idéologique
ideólogo	Idéologue
idilio	Idylle
idioma	Langue, idiome d’un peuple ou d’une nation; Langage, jargon, manière de parler de certaines personnes à certaines occasions
idiomático	Idiomatique
idiosincrasia	Idiosyncrasie
idiota	Idiot
idiotez	Idiotie (maladie); Idiotie, bêtise, action ou paroles dignes d’un benêt, qualité de celui-ci
idolatrado	Idolâtrer
idolatrar	Idolâtrer
idolatría	Idolâtrie (adoration des idoles); Idolâtrie (Amour excessif pour une personne ou pour une chose)
idolo	Idole
idoneidad	Idonéité
idus	Ides
idéntico	Identique
idóneo	Idoine
igbo	Ibo, igbo
iglesia	Église
iglú	Igloo
ignacio	Ignace
ignición	Ignition
ignominia	Ignominie
ignorancia	Ignorance
ignorante	Ignorant
ignorar	Ignorer
igual	Égal
iguala	Égaler
igualada	Igualada
igualado	Égaler
igualar	Égaler
igualdad	Égalité
igualitarismo	Égalitarisme
igualmente	Également, de même, pareillement
iguana	Iguane
iker	Prénom masculin
ikurriña	Ikurriña
ildefonso	Ildefonse
ilegal	Illégal
ilegalidad	Illégalité
ilegalmente	Illégalement
ilegible	Illisible
ilegítimo	Illégitime
ileso	Intact, indemne
iletrado	Illettré
ilimitado	Illimité (sans limite)
illo	Pote; Pote
iluminación	illumination, éclairage; Enluminure
iluminado	Illuminer
iluminar	Illuminer
ilusionado	Illusionner
ilusionar	Illusionner
ilusión	Illusion; Espoir, rêve, attente
ilusorio	Illusoire, faux, vain
ilustración	Illustration, action d’illustrer; Illustration, œuvre graphique illustrant un texte; Publication périodique dont le texte est illustré par des dessins
ilustrado	Illustrer
ilustrador	Qui illustre, rend clair; Illustrateur
ilustrar	Illustrer
ilustre	illustre, célèbre
ilógico	Illogique
imagen	Image
imaginación	Imagination
imaginar	Imaginer
imaginario	Imaginaire; Imaginaire
imaginativo	Imaginatif
imaginero	Artiste qui produit des statues ou des images saintes
imaginería	Imagerie
imago	Imago
imbecilidad	Imbécilité
imberbe	Imberbe
imborrable	Ineffaçable
imbécil	Imbécile, sot, idiot; Imbécile
imc	IMC, indice de masse corporelle
imitación	Imitation
imitador	Imitateur
imitar	Imiter
impaciencia	Impatience
impaciente	Impatient
impactante	Choquant, frappant, impactant
impacto	Impact
impala	Impala
impar	Impair; Nombre impair
imparcial	Impartial
imparcialidad	Impartialité
impasible	Impassible
impeachment	Impeachment
impecable	Impeccable
impedancia	Impédance (Z)
impedido	Infirme
impedimento	Empêchement
impedir	Empêcher
impenetrable	Impénétrable
impensable	Impensable
imperativo	Impératif
imperceptible	Imperceptible
imperdible	Imperdable; Épingle de sûreté
imperdonable	Impardonnable
imperfección	Imperfection
imperfecto	Imparfait
imperial	Impérial
imperialismo	Impérialisme
imperialista	Impérialiste
impericia	Impéritie
imperio	Empire
imperioso	Impérieux
impermeabilidad	Imperméabilité
impermeabilización	Imperméabilisation
impermeable	Imperméable
impersonal	Impersonnel
impertinente	Impertinent
impetuoso	Impétueux
impiedad	Impiété
implacable	Implacable
implantación	Implantation
implantar	Implanter
implante	Implantation; Implant
implementación	Implémentation
implementar	Réaliser, implémenter
implemento	Réaliser, implémenter
implicado	Impliquer
implicar	Impliquer
implorar	Implorer
implosión	Implosion
implícito	Implicite
imponer	Imposer; Renforcer
imponible	Imposable
importación	Importation
importancia	Importance
importante	Important
importar	Être important, importer, tirer à conséquence
importe	Prix, coût
importunar	Ennuyer, emmerder, importuner
imposibilidad	Impossibilité
imposibilitar	Empêcher
imposible	Impossible; Incapable
imposición	Imposition
impostor	Imposteur
impostura	Imposture
impotencia	Impuissance, manque de pouvoir et/ou de moyens à faire quelque chose; Impuissance, dysfonction érectile; Incapacité à engendrer, à concevoir, infertilité, stérilité; Sentiment d’impuissance, impression de n’avoir aucun pouvoir ou levier d’action, d’être privé d’opportunités ou d’alternative
impotente	Impuissant
impregnar	Imprégner, empreindre
imprenta	Presse, art d’imprimer; Imprimerie, atelier de l’imprimeur; Impression
imprescindible	Indispensable, obligatoire
imprescriptibilidad	Imprescriptibilité
impresionado	Impressionné
impresionante	Impressionnant, épatant
impresionar	Impressionner
impresionismo	Impressionnisme
impresionista	Impressionniste
impresión	Impression
impreso	Imprimé
impresor	Imprimeur
impresora	Imprimante; Imprimeuse
imprevisible	Imprévisible
imprevisión	Imprévision
imprevisto	Imprévu; Imprévu
imprimir	Imprimer
improbable	Improbable
improcedente	Infondé, irrecevable
improductivo	Improductif
impronta	Empreinte
impronunciable	Imprononçable
impropio	Impropre
improvisado	Improviser
improvisar	Improviser
improviso	Imprévu
imprudencia	Imprudence
imprudente	Imprudent
imprudentemente	Par, imprudence
impuesto	Impôt
impugnar	Contester
impulsar	Impulser
impulsivo	Impulsif
impulso	Impulsion, incitation
impunidad	Impunité
impureza	Impureté
impuro	Impur
imputable	Imputable
imputación	Imputation
imputar	Imputer; Attribuer
impávido	Impavide
impío	Irréligieux; Irréligieux
imán	Aimant; Attraction, charme
inacabado	Incomplet
inaccesibilidad	Inaccessibilité
inaccesible	Inaccessible
inacción	Inaction
inaceptable	Inacceptable
inactividad	Sommeil, inactivité
inadmisibilidad	Inadmissibilité
inadmisible	Inadmissible
inagotable	Intarissable
inalcanzable	Inaccessible
inalienable	Inaliénable
inalterable	Inaltérable
inalámbrico	Sans fil
inanición	Inanition
inanimado	Inanimé
inapelable	Sans appel
inaplicabilidad	Inapplicabilité
inaplicable	Inapplicable
inaudito	Inouï
inauguración	Inauguration
inaugural	Inaugural
inaugurar	Inaugurer
inca	Inca; Inca, souverain de l’empire inca; Inca, sujet de l’Inca; Inca, empereur inca; Inca, commune des îles Baléares
incaico	Inca
incansable	Infatigable
incapacidad	Incapacité
incapacitado	Infirme
incapacitante	Handicapant
incapaz	Maladroit, incapable
incautación	Saisie, confiscation
incendiar	Incendier
incendiario	Incendiaire
incendio	Incendie, feu
incentivo	Incitant, incitation
incertidumbre	Incertitude
incesto	Inceste
incestuoso	Incestueux
incidencia	Incidence
incidente	Incident
incidir	Avoir comme effet, affecter, influencer, toucher
incienso	Encens
incierto	Incertain
incineración	Incinération
incinerar	Incinérer
incipiente	Naissant
incisivo	Incisif
incisión	Incision
inciso	Alinéa, incise
incitar	Inciter
inclemente	Inclément, sévère, austère
inclinación	Inclinaison, état de ce qui est incliné; Inclinaison, angle que fait une surface avec une autre; Inclinaison, angle formé avec le pôle Nord magnétique; Inclination, penchant, orientation
inclinar	Incliner
incluir	Inclure, contenir, renfermer
inclusive	Inclusivement
inclusivo	Inclusif
inclusión	Inclusion
incluso	Inclus; Inclusivement
incoherencia	Incohérence
incoherente	Incohérent
incoloro	Incolore
incomible	Immangeable, imbouffable
incomodar	Ennuyer, entêter
incomodidad	Incommodité
incomodo	Incommode
incomparable	Incomparable
incomparecencia	Non-comparution, absence
incompatibilidad	Incompatibilité
incompetencia	Incompétence
incompetente	Incompétent
incompleto	Incomplet, incomplète
incomprensible	Incompréhensible
incomprensión	Incompréhension
inconcebible	Inconcevable
inconfundible	Inconfusible
incongruencia	Incongruence
inconsciencia	Inconscience
inconsciente	Inconscient
inconscientemente	Inconsciemment
inconsecuencia	Inconséquence
inconsecuente	Inconséquent
inconsolable	Inconsolable
inconstancia	Inconstance
incontable	Indénombrable
incontestable	Incontestable
incontinencia	Incontinence
incontrolable	Non contrôlable
incontrovertible	Irréfutable, indisputable
inconveniente	Inconvenant
incorporación	Incorporation
incorporar	Incorporer, intégrer
incorrección	Incorrection
incorrectamente	Incorrectement
incorrecto	Incorrect
incorruptible	Incorruptible
incorrupto	Incorrompu
incredulidad	Incrédulité
incrementar	Accroître, enrichir, incrémenter
incremento	Accroissement, hausse; Accroissement, développement
increpar	Réprimander
increíble	Incroyable
incriminación	Incrimination
incriminar	Incriminer
incrustación	Incrustation
incrustar	Incruster
incubación	Incubation
incubadora	Couveuse, incubateur
incubar	Couver
incuestionablemente	Inquestionnablement
inculcar	Inculquer
inculpación	Inculpation
inculpar	Inculper
inculto	Inculte
incumplimiento	Non-respect, non-conformité
incurable	Incurable
incurrir	Encourir
incursión	Incursion
incólume	Indemne, intact
incómodo	Inconfortable
indagación	Enquête, investigation
indagar	Enquêter
indalecio	Prénom d’origine espagnole
indebidamente	Indûment
indebido	Indu; Qu’il ne faut pas faire; Incorrect, injuste, illicite; Non mérité
indecencia	Indécence, impudeur
indecible	Indicible
indecisión	Indécision
indeciso	Partagé, incertain
indefenso	Sans défense
indefinible	Indéfinissable
indefinición	Manque ou absence de définition, ambigüité, indétermination
indefinido	Indéfini
indeleble	Indélébile
indemne	Indemne
indemnización	Indemnisation; Indemnité
indemnizar	Dédommager, désintéresser
independencia	Indépendance
independentismo	Indépendantisme
independentista	Indépendantiste
independiente	Indépendant
independientemente	Indépendamment
independizar	Émanciper
indescriptible	Indescriptible
indeseable	Indésirable
indestructible	Indestructible
indeterminación	Indétermination
indeterminado	Indéterminé
indexación	Indexation
indexar	Indexer
india	Inde; Indienne, habitante de l’Inde
indiana	Indienne
indiano	Indien; Amérindien
indicación	Indication
indicador	Indicateur (quelque chose qui indique)
indicar	Indiquer, désigner, montrer
indicativo	Indicatif
indicio	Indice
indiferencia	Indifférence
indiferente	Indifférent
indiferentemente	Indifféremment
indigena	Autochtone
indigencia	Indigence
indigenismo	Indigénisme
indigenista	Indigéniste
indigente	Indigent
indigestión	Indigestion
indignación	Indignation
indignante	Révoltant
indignar	Indigner; S’indigner
indigno	Indigner; S’indigner
indio	Relatif à l’Inde et à ses habitants, qui en est originaire ou y habite, indien, improprement : hindou; Relatif aux indigènes des Amériques, amérindien, dans le contexte : autochtone, indien, indigène, natif; Indien; Indium
indirectamente	Indirectement
indirecto	Indirect
indisciplina	Indiscipline
indisciplinado	Indiscipliné
indiscreción	Indiscrétion
indiscreto	Indiscret
indiscriminadamente	Indiscriminément
indiscutible	Indiscutable
indiscutido	Indiscuté
indisolublemente	Indissolublement
indispensable	Indispensable
indisposición	Indisposition
indispuesto	Souffrant
indistintamente	Indifféremment
individual	Individuel
individualidad	Individualité
individualismo	Individualisme
individualmente	Individuellement
individuo	Individu
indivisible	Indivisible
indo	Indus
indocumentado	Sans-papiers
indoeuropeo	Indo-européen
indolente	Nonchalant, insoucieux
indomable	Indomptable
indonesia	Indonésie; Indonésienne
indonesio	Indonésien, relatif à l’Indonésie; Indonésien, habitant de l’Indonésie; Indonésien (langue)
inducción	Induction
inducido	Induit
inducir	Induire
inductor	Inducteur
indudablemente	Indubitablement
indulgencia	Indulgence
indulgente	Indulgent
indultar	Gracier
indulto	Indult
industria	Industrie
industrial	Industriel
industrialización	Industrialisation
industrializar	Industrialiser
industrialmente	Industriellement
indígena	Indigène
indómito	Indompté; Indomptable, sauvage
inefable	Ineffable
ineficaz	Inefficace
ineficiente	Inefficace
inequívoco	Évident
inercia	Inertie
inerte	Inerte
inescrupuloso	Inscrupuleux
inescrutable	Inscrutable
inesperadamente	De manière inattendue; Inespérément
inesperado	Inespéré
inestabilidad	Instabilité
inestable	Instable
inestimable	Inestimable
inevitable	Inévitable
inevitablemente	Inévitablement
inexistencia	Inexistence
inexistente	Inexistant, inexistante, qui n’existe pas
inexorable	Inexorable
inexorablemente	Inexorablement, inésorablement
inexplicablemente	Inexplicablement
inexpresivo	Inexpressif
inexpugnable	Imprenable, inexpugnable
infalible	Infaillible
infame	Infâme
infamia	Infamie
infancia	Enfance
infanta	Infant, enfant royal à l'exception de l'héritier de la couronne qui est príncipe de Asturias; Fantassin; Enfant de chœur
infantado	Territoire d’un infant ou d’une infante
infante	Infant, enfant royal à l'exception de l'héritier de la couronne qui est príncipe de Asturias; Fantassin; Enfant de chœur
infantería	Infanterie
infanticidio	Infanticide, meurtre d’un enfant
infantil	Enfantin; Infantile
infarto	Infarctus
infatigable	Infatigable
infeccioso	Infectieux
infección	Infection
infectado	Infecter
infectar	Infecter
infecto	Infecter
infelicidad	Infélicité, malheur
infeliz	Malheureux
inferior	Inférieur; Inférieur, subordonné
inferioridad	Infériorité
inferir	Inférer, induire, conclure
infernal	Infernal
infertilidad	Infertilité
infestación	Infestation
infidelidad	Infidélité
infierno	Enfer, royaume des morts; Enfer (lieu de supplice des pécheurs); Enfer (lieu ou situation cause de souffrance)
infiltración	Infiltration
infiltrado	Infiltrer
infiltrar	Infiltrer
infinitamente	Infiniment
infinitesimal	Infinitésimal
infinitivo	Infinitif
infinito	Infini
infinitud	Infinitude
inflación	Inflation
inflado	Enfler, gonfler
inflamable	Inflammable
inflamación	Inflammation
inflamar	Enflammer
inflamatorio	Inflammatoire
inflar	Enfler, gonfler
inflexible	Inflexible
inflexión	Inflexion
infligir	Infliger
influencia	Influence
influenciar	Influencer
influenza	Grippe
influir	Influer, influencer
influyente	Influent
información	Information
informador	Informateur; Informateur
informal	Informel
informalidad	Informalité
informar	Informer
informativo	Instructif
informe	Rapport, communiqué
informática	Informatique
informático	Informatique
infortunio	Infortune, malheur
infracción	Infraction
inframundo	Monde souterrain des morts dans diverses mythologies
infrarrojo	Infra-rouge, infrarouge
infrecuente	Infréquent
infringir	Enfreindre
infructuoso	Infructueux
infundado	Faux, infondé
infundir	Infondre
infusión	Infusion
infértil	Infertile
ingeniero	Ingénieur
ingeniería	Ingénierie
ingenio	Génie, faculté créatrice, talent; Personne douée de génie; Machine ingénieuse; Usine
ingenioso	Fin, mental, spirituel
ingente	Énorme
ingenua	Naïf, ingénu
ingenuidad	Ingénuité
ingenuo	Naïf, ingénu
ingerir	Ingérer
ingesta	Ingesta; Ingestion
ingestión	Ingestion
inglaterra	Angleterre
ingle	Aine
inglés	Anglais, relatif à l’Angleterre; Anglais; L’anglais, la langue anglaise; Les Anglais, le peuple anglais
ingratitud	Ingratitude
ingrato	Ingrat
ingravidez	Apesanteur
ingrediente	Ingrédient
ingresar	Accueillir, intégrer, faire entrer, admettre, encaisser
ingreso	Entrée, action d’entrer; Intégration, admission; Revenu ou somme d’argent encaissée
inguinal	Inguinal
inhabilidad	Incapacité, inhabilité
inhabilitar	Inhabiliter
inhabitable	Inhabitable
inhalador	Inhalateur
inherente	Inhérent
inhibición	Inhibition
inhibidor	Inhibiteur; Inhibiteur
inhibir	Inhiber
inhumación	Inhumation
inhumanidad	Inhumanité
inhábil	Inhabile, maladroit
inhóspito	Inhospitalier
iniciación	Initiation
iniciador	Initiateur
inicial	Initial; Initiale
iniciar	Commencer, prendre l’initiative de; Initier
iniciativa	Initiative; Esprit d’initiative
inicio	Commencement, inauguration
iniciático	Initiatique
inigualable	Inégalable
ininteligible	Inintelligible
ininterrumpido	Ininterrompu
iniquidad	Iniquité
injerencia	Ingérence
injerto	Greffe
injuria	Injure
injuriar	Offenser; Calomnier, diffamer, salir; Insulter, injurier
injurioso	Injurieux
injustamente	Injustement
injusticia	Injustice
injustificable	Injustifiable
injusto	Injuste
inmaculada	Immaculé
inmaculado	Immaculé
inmadurez	Immaturité
inmediación	Immédiateté, qualité de ce qui est immédiat; Alentours d'une ville, très proche banlieue, environs
inmediatamente	Aussitôt, immédiatement
inmediato	Immédiat
inmejorable	Imperfectionnable
inmemorial	Immémorial
inmensamente	Immensément, énormément
inmensidad	Immensité
inmenso	Immense
inmersión	Plongée, immersion
inmigración	Immigration
inmigrante	Immigrant, immigrante
inmigrar	Immigrer
inminencia	Imminence
inminente	Imminent
inmiscuirse	Intervenir
inmolación	Immolation
inmoral	Immoral
inmoralidad	Immoralité, conduite ou mentalité allant à rebours du sens moral; Immoralité, acte ou propos jugé immoral
inmortal	Immortel
inmortalidad	Immortalité
inmovilidad	Immobilité
inmovilismo	Immobilisme
inmovilización	Immobilisation
inmovilizar	Immobiliser
inmueble	Immeuble; Bâtiment, immeuble
inmune	Exempté, exemptée; Immun, immune ou immunitaire, relatif à l’immunité, au système immunitaire; Immun, immune ou immunisé, immunisée; Invunérable, insensible à quelque chose
inmunidad	Immunité
inmunitario	Immunitaire
inmunización	Immunisation
inmunodeficiencia	Immunodéficience
inmunología	Immunologie
inmunoterapia	Immunothérapie
inmóvil	Immobile
innato	Inné
innegable	Indéniable
innoble	Ignoble
innovación	Innovation
innovador	Innovateur, novateur
innovar	Renouveler
innumerable	Innombrable, indénombrable; Indénombrable
inobservancia	Inobservance
inocencia	Innocence
inocentada	Farce
inocente	Innocent
inocuidad	Innocuité
inoculación	Inoculation
inocular	Inoculer
inocuo	Inoffensif
inodoro	Inodore, toilette; Inodore, toilette
inofensivo	Inoffensif
inolvidable	Inoubliable
inoportuno	Incongru, importun
inoxidable	Inoxydable
inquebrantable	Inébranlable
inquietante	Inquiétant
inquietar	Inquiéter
inquieto	Inquiéter
inquietud	Inquiétude
inquilino	Locataire
inquisición	Inquisition, enquête minutieuse et indiscrète ressentie comme vexante ou intrusive; Inquisition, tribunal établi par l’Église, surtout à partir du XIIIe siècle, en certains pays pour rechercher et punir ceux qui avaient des sentiments contraires à la foi catholique
inquisidor	Inquisiteur
inquisitivo	Inquisitif
insaciable	Insatiable
insalubre	Insalubre
insalubridad	Insalubrité
inscribir	inscrire
inscripción	Inscription
insecticida	Insecticide; Insecticide
insecto	Insecte
inseguridad	Insécurité
inseguro	Non sécurisé, pas en sécurité
inseminación	Insémination
insensatez	Déraison, caractère insensé
insensato	Insensé
insensibilidad	Insensibilité, indifférence
insensible	Insensible
inseparable	Inséparable
inserción	Insertion
insertar	Insérer
inserto	Inséré; Insert, plan de liaison marquant une brève rupture dans les plans ordinaires et servant un but esthétique ou informatif
inservible	Inutile
insidioso	Insidieux
insigne	Éminent
insignia	Insigne
insignificante	Négligeable, insignifiant, falot
insinuación	Insinuation
insinuar	Insinuer
insistencia	Insistance
insistente	Insistant
insistentemente	Instamment
insistir	Insister
insolación	Insolation
insolencia	Insolence
insolente	Insolent
insoluble	Insoluble, irrésoluble
insolvencia	Insolbabilité
insolvente	Insolvable
insomne	Insomniaque
insomnio	Insomnie
insondable	Insondable
insoportable	Insupportable
inspeccionar	Inspecter
inspección	Inspection
inspector	Inspecteur, détectif
inspiración	Inspiration
inspirador	Mobilisateur
inspirar	Inspirer
instalación	Installation
instalar	Installer
instancia	Instance
instante	Instant
instantáneo	Instantané
instar	Mettre en demeure, enjoindre
instauración	Instauration
instaurar	Instaurer
instigador	Meneur
instigar	Inciter, instiguer
instintivo	Instinctif
instinto	Instinct
institucional	Institutionnel
institucionalización	Institutionnalisation
institución	Institution; Fondation
instituir	Instituer
instituto	Institut; Lycée
institutriz	Gouvernante
instrucción	Instruction
instructivo	Instructif; Instructif
instruido	Instruire, enseigner, apprendre
instruir	Instruire, enseigner, apprendre
instrumental	Instrumental
instrumento	Instrument, outil, produit, ustensile
insuficiencia	Insuffisance
insuficiente	Insuffisant
insuflar	Insuffler
insufrible	Insupportable
insular	Insulaire
insulina	Insuline (hormone)
insulso	Fade, insipide, sans saveur
insultar	Insulter
insulto	Insulte, injure, affront
insumo	Intrant
insuperable	Insurmontable, qu’on ne peut surmonter; Superbe, magnifique
insurgente	Insurgé
insurreccional	Insurrectionnel
insurrección	Insurrection
insurrecto	Insurgé
insustancial	Insubstantiel
insípido	Insipide, fade
insólito	Insolite
intacto	Intact
integración	Intégration, action d’intégrer, d’assembler des parties pour former un tout; Intégration, connaissance englobant la définition des intégrales et les méthodes de calcul d'une intégrale; Intégration, processus par lequel une personne ou un groupe s’insère dans le milieu, la société où il vit
integrador	Intégrateur
integral	Intégral; Intégrale
integralidad	Intégralité
integrar	Intégrer
integridad	Intégrité
intelecto	Intellect
intelectual	Intellectuel
intelectualismo	Intellectualisme
inteligencia	Intelligence
inteligente	Intelligent
inteligible	Intelligible
intellectual	Intellectuel
intemporal	Intemporel
intencionadamente	Intentionnellement
intencionado	Intentionné; Intentionnel
intencional	Intentionnel
intencionalidad	Intentionnalité
intencionalmente	Intentionnellement
intención	Intention
intensamente	Intensément, avec intensité
intensidad	Intensité
intensivo	Intense, intensif
intenso	Intense
intentar	Essayer
intento	tentative, essai; intention
interacción	Interaction
interactuar	Interagir
intercalar	Intercaler
intercambiable	Interchangeable
intercambiador	Échangeur
intercambiar	Échanger, interchanger
intercambio	Échange, action et résultat d’échanger; Échange de services, réciprocité
interceder	Intercéder
interceptar	Intercepter; Barrer le chemin
interceptor	Intercepteur
intercesión	Intercession
intercomunicador	Interphone
interconexión	Interconnexion
intercontinental	Intercontinental
intercultural	Interculturel; Interculturel
interdependencia	Interdépendance
interdicción	Interdiction
interesado	Intéressé
interesante	Intéressant
interesar	Intéresser; Être intéressant; S'intéresser
interese	Intéresser; Être intéressant; S'intéresser
interestatal	Interétatique
interestelar	Interstellaire, intersidéral
interfase	Interphase
interfaz	Interface
interferencia	Interférence
interferir	Interférer
interferón	Interféron
interfono	Interphone
intergaláctico	Intergalactique
intergubernamental	Intergouvernemental
interinidad	Intérim
interino	Provisoire, intérimaire
interinstitucional	Interinstitutionnel
interior	Interne, intérieur
interiorización	Intériorisation
interiorizar	Intérioriser
interjección	Interjection
interlocutor	Interlocuteur
interludio	Interlude
intermediación	Intermédiation
intermediario	Intermédiaire
intermedio	Intermédiaire; Intermède, intervale
intermezzo	Intermezzo
interminable	Interminable
interministerial	Interministériel
intermitente	Clignotant (dispositif lumineux sur un véhicule)
internacional	International
internacionalismo	Internationalisme
internacionalista	Internationaliste; Internationaliste
internado	Internat (établissement scolaire)
internar	Interner; Pénétrer à l’intérieur
internauta	Internaute
internet	Internet
interno	Interne; Interne, qui vit en internat; Interne, étudiant en médecine
interoperabilidad	Interopérabilité
interpelación	Interpellation
interpelar	Interpeller
interplanetario	Interplanétaire
interpolación	Interpolation, interpolation numérique
interponer	Interjeter
interposición	Interposition
interpretación	Interprétation
interpretar	Interpréter
interregno	Interrègne
interrogación	Interrogation, action d’interroger; Interrogatoire
interrogador	Interrogateur, interrogatrice
interrogante	(masculin ou féminin (l’usage hésite)) Question, problème non réglé, qui reste en suspens, qui interpelle; (masculin et féminin) Interrogateur, celui ou celle qui interroge; (masculin) Signes interrogatifs, ¿...?, équivalent du point d’interrogation en grammaire espagnole; Interrogateur, qui interroge
interrogar	Interroger
interrogativo	Interrogatif
interrogatorio	Interrogatoire
interrumpir	Interrompre
interrupción	Interruption, acte d’interrompre
interruptor	Interrupteur
interseccionalidad	Intersectionnalité
intersección	Intersection, le point où deux lignes se coupent l’une l’autre; Intersection, carrefour
intersexual	Intersexué
intersticial	Interstitiel
intertextualidad	Intertextualité
intervalo	Intervalle
intervencionismo	Interventionnisme
intervencionista	Interventionniste
intervención	Intervention
intervenir	Intervenir
interés	Intérêt
intestinal	Intestinal
intestino	Intestin; Intérieur; Civil, domestique, familial
intifada	Intifada
intimación	Sommation
intimar	Intimer, notifier
intimidación	Intimidation
intimidad	Intimider
intimidante	Intimidant
intimidar	Intimider
intimista	Intimiste
intocable	Intouchable
intolerancia	Intolérance
intolerante	Intolérant
intoxicar	Intoxiquer
intracelular	Intracellulaire
intrafamiliar	Intrafamilial
intranquilidad	Intranquillité
intranquilo	Intranquille
intransigencia	Intransigeance
intransigente	Intransigeant
intrauterino	Intra-utérin
intrepidez	Intrépidité
intriga	Intrigue
intrigado	Intriguer
intrigante	Intrigant
intrincado	Embrouiller
introducción	Introduction
introducir	Introduire
introductor	Introducteur
introductorio	Introductoire
introspectivo	Introspectif
intrusivo	Intrusif
intrusión	Intrusion
intruso	Intrus
intrépido	Intrépide
intrínsecamente	Intrinsèquement
intrínseco	Intrinsèque
intubación	Intubation
intuición	Intuition, faculté de comprendre vite, de prévoir, de deviner; Intuition, connaissance immédiate, saisie sans intermédiaire conceptuel ou matériel d’un objet réel ou pensé; Intuition, vision claire et certaine de Dieu telle que les bienheureux l’ont dans le ciel
intuir	Avoir une intuition
intuitivamente	Intuitivement
intuitivo	Intuitif
intérprete	Interprète
inundación	Inondation
inundado	Inonder
inundar	Inonder
inusual	Inhabituel
inutilidad	Inutilité
inutilizable	Inutilisable
invadir	Envahir
invalidar	Infirmer, invalider
invariable	Invariable
invariablemente	Constamment, continuellement, immuablement, invariablement, sans cesse
invasión	Invasion
invasor	Envahisseur
invencible	Invincible
invención	Invention
inventar	Inventer
inventario	Recensement
invento	Invention
inventor	Inventeur
invernada	Hiverner, passer l’hiver en un lieu
invernadero	Serre, hibernacle servant à envelopper les jeunes pousses et à les garantir du froid
invernal	Hivernal, hivernale, hivernaux; Hivernal, hivernale, hivernaux
invernar	Hiverner, passer l’hiver en un lieu
inverosímil	Invraisemblable
inversamente	Inversement
inversión	Investissement
inverso	Inverse
inversor	Inverseur, qui inverse; Investisseur
invertebrado	Invertébré
inverter	Ondulateur
invertir	Inverser, intervertir; Investir
investidura	Investiture
investigación	Recherche scientifique; Investigation
investigado	Investiguer, enquêter
investigador	Chercheur; Détective, enquêteur
investigar	Investiguer, enquêter
investir	Investir (d’une charge, d’une dignité, etc.)
inviabilidad	Inviabilité
inviable	Irréalisable, infaisable
invicto	Invaincu
invidente	Non-voyant
invierno	Hiver
inviolabilidad	Inviolabilité
inviolable	Inviolable
invisibilidad	Invisibilité, capacité d’un corps physique à ne pas être vu dans des conditions normales de luminosité
invisibilización	Invisibilisation
invisibilizar	Invisibiliser
invisible	Invisible
invitación	Invitation
invitar	Inviter
invite	Inviter
invito	Inviter
invocación	Invocation
invocar	Invoquer, appeler
involucrado	Impliquer (quelqu’un dans quelque chose), faire participer
involucramiento	Complicité
involucrar	Impliquer (quelqu’un dans quelque chose), faire participer
involucro	Impliquer (quelqu’un dans quelque chose), faire participer
involuntario	Involontaire
invulnerabilidad	Invulnérabilité
invulnerable	Invulnérable
inválido	Invalide, handicapé
inyección	Injection
inyectar	Injecter
inédito	Inédit
inés	Prénom féminin, équivalent de Inès
inútil	Inutile
iodo	Iode
ion	Ion
ionización	Ionisation
iota	Iota
iquique	Localité et port du nord du Chili
ir	Aller, se déplacer jusqu'à un endroit; (ir a) Aller (utilisé comme semi-auxiliaire)
ira	Ire, fureur, colère
iracundo	Rageux
iraní	Iranien, iranienne
iraq	Iraq (pays d’Asie)
iraquí	Iraquien
irascible	Irascible
irene	Irène
iridio	Iridium (l’élément chimique Ir)
irigoyen	Nom de famille
iris	Arc-en-ciel, iris
irkutsk	Irkoutsk (ville de Russie)
irlanda	Irlande (île); Irlande
irlandés	Irlandais (qui a un rapport avec l’Irlande); Irlandais (personne irlandaise); Irlandais
ironía	Ironie
irracional	Irrationnel, insane
irracionalidad	Irrationalité
irracionalmente	Irrationnellement
irreal	Irréel
irrealidad	Irréalité
irreconciliable	Irréconciliable
irreconocible	Méconnaissable
irreductible	Irréductible
irrefutable	Irréfutable
irregular	Irrégulier
irregularidad	Irrégularité
irremediable	Irrémédiable
irremediablemente	Irrémédiablement
irreparable	Irréparable
irrepetible	Irrépétible
irresistible	Irrésistible
irresoluble	Insoluble, irrésoluble
irrespetuoso	Irrespectueux
irresponsabilidad	Irresponsabilité
irresponsable	Irresponsable
irresponsablemente	Irresponsablement
irreverencia	Irrévérence
irreversible	Irréversible
irrigación	Irrigation
irrigar	Irriguer
irrisorio	Dérisoire
irritabilidad	Irritabilité
irritación	Irritation, agacement
irritar	Irriter
irrumpir	Faire irruption
irrupción	Émergence inespérée et brusque
irónico	Ironique
irún	Irun
isaac	Isaac
isabel	Isabelle, Élisabeth
isabela	Isabelle
isabelino	D’Isabelle, élisabéthain, isabélin
isidoro	Isidore
isidro	Isidore
isis	Isis
isla	Île; Nom de famille; Isla, au Mexique
islam	Islam
islamabad	Islamabad
islamismo	Islam
islamista	Islamiste
islamización	Islamisation
islamofobia	Islamophobie
islandia	Islande
islandés	Islandais
isleño	Ilien, insulaire
islote	Îlot
islámico	Islamique
isquemia	Ischémie
isquémico	Ischémique
israel	Israël
israelita	Israélite
israelí	Israélien; Israélien, Israélienne
issn	International Standard Serial Number
istmo	Isthme
isósceles	Isocèle
isótopo	Isotope
italia	Italie
italiano	Italien
itam	ITAM, Institut technologique autonome de Mexico
iteración	Itération
itinerante	Itinérant
itinerario	De voyage; Itinéraire
its	MST
itv	Contrôle technique
itálico	Italique
iva	TVA
ive	IVG
iván	Prénom masculin
izar	Hausser, hisser
izquierda	Gauche (côté gauche); Gauche
izquierdista	De gauche, gauchiste; Gauchiste, partisan de la gauche
izquierdo	Gauche
iñigo	Prénom masculin
ión	Ion
iónico	Ionique
j	J
ja	Ah, ha
jabalina	Laie, femelle du sanglier; Javelot; Javeline
jabalí	Sanglier (Sus scrofa scrofa)
jabón	Savon
jaca	Jaca; Jument
jacinto	Jacinthe
jack	Petit jaque
jactancia	Jactance, vantardise
jactancioso	Vantard
jada	Houe
jade	Jade
jadeante	Haletant
jadear	Haleter
jagua	Genipa, génipa, génipat
jaguar	Jaguar
jaiba	Crabe (crabe bleu); Froussard, peureux; Personne peu disposée à travailler, paresseux; Personne intelligente mais malintentionnée, Beau parleur; (Argot gitan) Policier en uniforme, patrouille de police
jaime	Prénom masculin équivalent de Jacques
jaja	Haha, interjection exprimant la moquerie, le rire, etc
jal	JAL
jalada	Tirer; Attirer; Marcher, fonctionner bien
jalapa	Localité de l’État de Tabasco, au Mexique; Localité du Guatemala; Ipomée de l’espèce Ipomoea jalapa; Racine comestible de cette plante
jalapeño	Relatif à Xalapa-Enríquez; Jalapeño
jalar	Tirer; Attirer; Marcher, fonctionner bien
jale	Tirer; Attirer; Marcher, fonctionner bien
jalea	Encourager, exciter
jaleo	Désordre, agitation, brouhaha
jalisco	Jalisco
jalón	Jalón, affluent de l’Ebre; Autre nom du Gorgos
jamaica	Jamaïque
jamaicano	Jamaïcain, relatif à la Jamaïque; Jamaïcain, habitant de la Jamaïque
jamás	Jamais
jamón	jambon; Baiser effectué avec la langue
japonés	Japonais : relatif au Japon et à ses habitants; Le japonais, langue japonaise; Japonais : habitant du Japon; Japonais, personne d’origine japonaise, ayant des ancêtres du Japon
japón	Japon
jaque	Échec
jaqueca	Mal de tête, migraine
jara	Ciste
jarabe	Sirop
jarama	Affluent du Tage traversant les régions de Guadalajara et de Madrid
jardinera	Jardinière
jardinero	Jardinier
jardín	Jardin
jarra	Jarre
jarro	Cruche, gargoulette
jarrón	Vase
jartum	Khartoum (capitale du Soudan)
jaspe	Jaspe; Marbre jaspé
jaspeado	Jaspé
jato	Veau, génisse; Maison, logis
jauja	Pays de cocagne
jaula	Cage; Geôle, prison
jauría	Meute de chiens; Meute, groupe de personnes
java	Java (île d’Indonésie); Java (langage informatique)
javier	Xavier; Javier
jazmín	Jasmin
jazz	Jazz
jaén	Jaén
jeans	Jean
jefatura	Direction, préfecture
jefe	Chef
jeju	Jeju
jemer	Khmer; Khmer
jengibre	Gingembre (plante); Gingembre (rhizome)
jeque	cheik
jerarca	Hiérarque
jerarquización	Hiérarchisation
jerarquizar	Hiérarchiser
jerarquía	Hiérarchie
jerez	Xérès
jerga	Argot, jargon
jeringa	Seringue (instrument médical pour injecter un liquide)
jeroglífico	hiéroglyphique; hiéroglyphe; rébus; énigme
jersey	Jersey, tricot; Jersey (île de la Manche)
jerusalén	Jérusalem
jerárquicamente	Hiérarchiquement
jerárquico	Hiérarchique
jerónimo	Jérôme
jesucristo	Jésus-Christ
jesuita	Jésuite
jesús	Jésus, personnage de la Bible; Prénom masculin
jet	Jet
jeta	Groin; Bouche proéminante, aux lèvres saillantes, plus que pulpeuses; Visage, figure; Personne effrontée
ji	Khi
jiennense	De Jaén; Habitant de Jaén
jilguero	Chardonneret
jiloca	Affluent du Jalón; Comarque d’Aragón, en Espagne
jimena	Chimène; Jimena
jimeno	Prénom masculin; Nom de famille
jiménez	Nom de famille espagnol
jin	Jinyu
jinete	Cavalier
jinn	Djinn
jira	Morceau, lambeau
jirafa	Girafe; Personne grande et maigre
jirón	Pan de vêtement; Giron; Pointe, petit morceau de quelque chose; Drapeau ou étendard ayant une forme pointue
jitomate	Plant de tomate (Solanum lycopersicum); Tomate rouge
joaquín	Joachim
jocoso	Comique, plaisant, drôle
joda	Merde
joder	Faire l’amour : baiser, niquer, foutre; Importuner, souvent par plaisanterie : enquiquiner, faire chier, emmerder, les casser; Casser, détruire : péter, niquer, foutre en l’air; Plaisanter, faire marcher : déconner, se foutre de la gueule; Se donner du mal, se casser le cul; S’ennuyer, s’emmerder, s’enquiquiner, se faire chier; Manifeste la surprise, l’irritation, le dépit, la colère : putain !
jodidamente	Foutument, foutrement, fichument
jodido	Baisé, enculé, berné, défait; Putain de
joel	Joël
jogging	Jogging
jolgorio	Fête, divertissement bruyants et agités, liesse populaire
jolín	Purée !
jonatán	Jonathan
jong	Dzong
jonás	Jonas, prophète biblique; Jonas
jora	Maïs fermenté pour préparer la chicha
jordania	Jordanie
jordano	Jordanien
jorge	Prénom masculin correspondant à Georges
jornada	Journée; Espace de chemin parcouru dans un jour
jornal	Salaire de la journée; Travail de la journée
jornalero	Journalier, qui travaille à la journée
joroba	Bosse; Bossu; (Euphémisme de joder) Bon sang, exprime l’irritation, la surprise
jorobado	Ennuyer, gêner, agacer, exaspérer
joropo	Joropo
josefa	Josèphe
josé	Prénom masculin
jota	La lettre J; Jota; Iota, petite quantité, rien
jote	Urubu
joto	Pédé (homme homosexuel); Petit paquet
joven	Jeune
jovial	Jovial
joya	Bijou, joyau; Trésor, terme d’affection
joyero	Bijoutier, joaillier
joyería	Bijouterie, joaillerie
juan	Jean
juana	Prénom féminin, correspondant à Jeanne; Cannabis
juanete	Oignon, maladie consistant en une déformation de la forme du pied et des orteils (Hallux valgus); Perroquet
juanita	Prénom féminin
juanito	Diminutif de Juan, équivalent du français Jeannot
jubilación	Retraite
jubilado	Retraité
jubilar	Prendre sa retraite
jubileo	Jubilé
judaico	Judaïque
judas	Judas
judaísmo	Judaïsme
judea	Judée (région de Palestine)
judeo	Judéen; Judéen
judería	Ghetto, juiverie
judicial	Judiciaire
judicialización	Judiciarisation
judicializar	Judiciariser
judoca	Judoka
judío	Juif
juego	Jeu, partie
juerga	Fête, sortie festive
jueves	Jeudi, quatrième jour de la semaine en Europe et dans la norme ISO 8601
juez	Juge
jueza	Juge, jugesse
jugabilidad	Jouabilité
jugable	Jouable
jugada	(intransitif) Jouer; (intransitif) Se moquer; (intransitif) Aller [bien] ensemble; (Costa Rica, seulement au prétérit, intransitif) Finaliser, terminer; (Guatemala, intransitif) Copuler [un animal]; (transitif, également pronominal) Risquer, hasarder
jugador	Joueur
jugar	(intransitif) Jouer; (intransitif) Se moquer; (intransitif) Aller [bien] ensemble; (Costa Rica, seulement au prétérit, intransitif) Finaliser, terminer; (Guatemala, intransitif) Copuler [un animal]; (transitif, également pronominal) Risquer, hasarder
jugarreta	Mauvais tour
juglar	Troubadour, poète
jugo	Jus
jugoso	Juteux
juguete	Jouet
juguetear	Batifoler
juguetería	Bimbeloterie
juicio	Jugement; Raison, esprit, par opposition à folie ou délire; Opinion; Bon sens, sagesse; Prédiction, pronostic que les astrologues faisaient sur les évènements à venir; Appréciation qui se fait en fonction du comportement d’un·e élève ou d’un étudiant·e
juicioso	Sage, judicieux
julia	Girelle commune
juliana	Julienne
juliano	Julien
julio	Mois de juillet, septième mois de l’année; Joule
julián	Julien
junco	Jonc
jungla	Jungle, forêt vierge, forêt tropicale
junio	Mois de juin, sixième mois de l’année
junta	Junte; Comité
juntada	Joindre, assembler, accoupler
juntamente	En même temps; Ensemble, jointement
juntar	Joindre, assembler, accoupler
junto	Joint, côte à côte; Ensemble
jur	Modo
jura	Jurer; Prêter serment
jurado	Juré; Jury; Juré, membre d’un jury
juramentar	Assermenter
juramento	Jurement, serment
jurar	Jurer; Prêter serment
jurisconsulto	Jurisconsulte
jurisdiccional	Juridictionnel
jurisdicción	Juridiction
jurisprudencia	Jurisprudence
jurista	Juriste
juro	Jurer; Prêter serment
jurásico	Jurassique
jurídicamente	Juridiquement
jurídico	Juridique
justamente	Justement, précisément
justicia	Justice
justicialismo	Justicialisme
justicialista	Justicialiste
justificable	Justifiable
justificación	Justification
justificante	Justificatif
justificar	Justifier
justino	Justin
justo	Juste, exactement; Juste, vrai; Juste, moral; Juste; Nom de famille
jutlandia	Jutland
juvenil	Juvénile
juventud	Jeunesse
juzgado	Tribunal
juzgar	Juger
járkov	Kharkiv, ville d’Ukraine
játiva	Xàtiva
jávea	Ville portuaire du Pays valencien, au nord de la province d'Alicante, en Espagne
jónico	Ionique, ionien
júbilo	Jubilation, réjouissance
júcar	Fleuve de l’est de péninsule Ibérique se jetant dans la Méditerranée
júpiter	Jupiter, roi des dieux et des hommes dans la mythologie romaine; Jupiter, planète du système solaire
k	K
kabuki	Kabuki
kabul	Kaboul (capitale de l’Afghanistan)
kafkiano	Kafkaïen
kaka	Nestor superbe
kalimba	Marimbula, marímbula, basse kalimba
kamikaze	Kamikaze; Kamikaze
kan	Khan
karachi	Karachi (ville du Pakistan)
karaoke	Karaoké
karate	Karaté
kari	Kari, satellite naturel de la planète Saturne
karité	Karité
karst	Karst
katakana	Katakana
katana	Katana
katmandú	Katmandou
kayak	Kayak
kazajistán	Kazakhstan
kazajo	kazakh : relatif au Kazakhstan ou à ses habitants; kazakh : relatif à la langue kazakhe; Kazakh : habitant ou citoyen du Kazakhstan; Le kazakh : langue turcique parlée au Kazakhstan
kebab	Kébab
kelvin	Kelvin
kenia	Kenya (pays d’Afrique)
keniano	Kényan, en rapport avec le Kenya; Kényan, habitant du Kenya
kernel	Noyau
ketchup	Ketchup
keynesianismo	Keynésianisme
keynesiano	Keynésien
kibutz	Kibboutz
kiel	Kiel
kiev	Kiev (capitale de l’Ukraine)
kilo	Kilo
kilogramo	Kilogramme
kilométrico	Kilométrique; Très long, interminable, sans fin
kilovatio	Kilowatt (kW)
kilómetro	Kilomètre
kimono	Kimono
kinesiología	Kinésiologie
kino	Kino
kioto	Kyoto (ville)
kir	Kir
kirchnerismo	Ensemble de la politique du président argentin Néstor Kirchner et de son épouse Cristina Fernández de Kirchner
kirchnerista	kirchneriste
kirguistán	Kirghizistan (pays d'Asie)
kiribati	Kiribati (archipel d’Océanie); Kiribati (pays d’Océanie)
kiwi	Kiwi
klingon	Klingon (langue)
knut	Knout
koala	Koala
kol	Kol; Kol
komodo	Komodo (île d’Indonésie)
kora	Kora
kosher	Casher
kosovo	Kosovo
krai	Kraï
kriptonita	Kryptonite
kris	Kriss
kuna	Kuna, kuna; Kuna, kuna
kurdistán	Kurdistan, pays des Kurdes
kurdo	Kurde : habitant de la région de Kurdistan, personne originaire de Kurdistan; kurde (langue); kurde : qui se rapporte au Kurdistan
kuwait	Koweït
káiser	Kaiser
kárate	Karaté
kétchup	Ketchup
kínder	Maternelle
l	L
labastida	Labastida
laberinto	Labyrinthe; Poème dont les vers partent dans plusieurs directions; Joint fluide entre au moins un élément mobile et un fixe
laberíntico	Labyrinthique
labial	Labial
labio	Lèvre
labor	Travail, labour
laboral	Relatif au travail, du travail, de travail
laborar	Travailler
laboratorio	Laboratoire
laboriosidad	Pénibilité, assiduité
laborioso	Laborieux
labra	Labourer, travailler, donner forme
labrada	Labourer, travailler, donner forme
labrado	Labourer, travailler, donner forme
labrador	Agriculteur, laboureur; Labrador; Paysan; Nom de famille
labranza	Agriculture; Terre labourée et semée
labrar	Labourer, travailler, donner forme
laburo	Travail
laca	Laque; Objet en laque
lacayo	Servile; Laquais, serviteur
lacio	Lâche, distendu, peu ferme; Droit, raide, en parlant des cheveux; Latium
lacre	Lacre, cire à cacheter
lacrimógeno	Lacrymogène
lactancia	Allaitement
lactante	Allaitant
lactar	Allaiter
lactosa	Lactose
lacunza	Lakuntza
lacustre	Lacustre
lacónico	Laconique, concis, succinct
ladera	Versant, pente, côte
ladilla	Morpion, pou pubien
ladino	Rusé; Roman, qualifiait le vieux castillan; Bilingue, qui parle une autre langue que la sienne; Métis; Ladino, langue des juifs espagnols puis de la diaspora; Ladin
lado	Côté
ladra	Aboiement
ladrar	Aboyer, japper
ladrido	Aboiement
ladrillo	Brique
ladrón	Voleur
lagar	Cuve du pressoir
lagartija	Lézard
lagarto	Lézard; Lézard; Lézard
lago	Lac
lagrimal	Lacrymal
lagrimeo	Larmoyer
laguardia	Laguardia
laguna	Lagune
lagunero	Lagunaire
lagunilla	Lagunilla
lahore	Lahore
laicidad	Laïcité
laicismo	Sécularisme
laico	Laïc, séculaire
laika	Laïka
laja	Lauze, grande pierre plate
lajas	Lauze, grande pierre plate
lalo	Diminutif de Eduardo
lama	Lama
lamebotas	Lèche-bottes
lameculos	Lèche-cul
lamentable	Minable, pitoyable, piètre
lamentaciones	Lamentation
lamentación	Lamentation
lamentar	lamenter, déplorer; regretter
lamento	Lamentation
lamer	Lécher
laminación	Laminage
laminar	Laminer
lampiño	Glabre
lana	Laine; Argent, monnaie; Personne roublarde, qui profite des autres; Personne vulgaire, sans éducation; Lana, en Navarre
lanar	Lainier
lance	Lancer; Lancer une idée, une mode; Répandre une idée, proférer, faire la promotion; Jeter; Lâcher, rendre sa liberté (à un oiseau); Dépouiller, déposséder des biens; Vomir; Imposer, obliger
lancero	Lancier
lancha	Bateau
landa	Lande, large espace non cultivé
langa	Langa
langosta	Langouste; Sauterelle
langostino	Langoustine
languidez	Langueur
lanz	Lantz
lanza	Lance, arme offensive constituée d’un bâton et d’une lame fixée à son extrémité; Personne qui n’est pas digne de confiance; Timon, sur une voiture à cheval, bâton attaché à l’avant qui sert à donner la direction guidée par les chevaux; Lance à incendie; Lancier, soldat portant une lance; Argent que les nobles donnaient au roi afin de ne pas avoir à aller à la guerre
lanzadera	Navette
lanzador	Lanceur
lanzagranadas	Lance-grenade
lanzallamas	Lance-flamme
lanzamiento	Lancement
lanzamisiles	Lance-missile
lanzar	Lancer; Lancer une idée, une mode; Répandre une idée, proférer, faire la promotion; Jeter; Lâcher, rendre sa liberté (à un oiseau); Dépouiller, déposséder des biens; Vomir; Imposer, obliger
lanzarote	Lancelot; Lanzarote
lao	Lao; Lao
laos	Laos (pays d’Asie)
lapa	Patelle; Mère de vinaigre ou autre biofilm qui se forme à la surface de liquides; Bardane; Pot de colle, personne importune qui s’agrippe
lapacho	Lapacho, arbre à fleurs roses
laparoscopia	Laparoscopie
laparotomía	Laparotomie
lapicera	Stylo-plume, stylo-bille; Porte-plume
lapicero	Porte-crayon
lapidación	Lapidation
lapidario	Lapidaire; Lapidaire, tailleur de pierres précieuses
lapislázuli	Lapis-lazuli
laponia	Laponie
lapso	Laps
lapsus	Lapsus
laptop	Ordinateur portable, laptop
lar	Lare
lara	Municipalité de la province de Burgos dont le chef-lieu est Lara de los Infantes; Nom de famille; Lara
largada	Larguer; Prendre le large
largamente	Longuement
largar	Larguer; Prendre le large
largo	Long
largometraje	Long métrage
larguero	poutre; fut, hampe
largura	Longueur
laringe	Larynx
laringitis	Laryngite
larramendi	Larramendi
larva	Larve
lasaña	Lasagne
lasca	Tranche
lascivia	Lascivité
lascivo	Lascif
lastimado	Causer du tort; Compatir, avoir pitié
lastimar	Causer du tort; Compatir, avoir pitié
lastimero	Pitoyable; Nuisible, qui fait du mal
lastimoso	Pitoyable
lastra	Dalle
lastre	Lest, ballast
lata	Boîte de conserve, canette (métallique)
latente	Latent
lateral	Latéral
lateralmente	Latéralement
latido	Battement; Battement
latifundio	Latifundium, grande propriété foncière dans le monde hispanique
latifundista	Latifundiste; Propriétaire de latifundium, grand propriétaire terrien
latigazo	Badine
latiguillo	Jarretière
latinidad	Latinité
latinización	Latinisation
latino	Latin; Latino, Américain parlant une langue latine
latinoamericano	Latino-américain; Latino-Américain
latinoamérica	Amérique latine
latir	Aboyer; Battre (en parlant du cœur)
latitud	Latitude
latrocinio	Larcin, vol, délit
latín	Latin (langue); Latin
latón	Laiton; Micocoulier; Micocoule
laude	Pierre tombale
laura	Laura
laurel	Laurier; Laurier sauce (Laurus nobilis); Couronne de lauriers, triomphe
laurencio	Lawrencium
lausana	Lausanne
lava	Lave
lavabo	Lavabo
lavada	Laver
lavadero	Lavoir, lieu où on lave le linge; Blanchisserie, commerce où l’on fait laver le linge; Bassine faite d’un matériau dur dans laquelle on lave le linge; Partie d’une rivière utilisée pour laver et trier l’or; Pêcheur au filet
lavado	Lavage
lavador	Laveur, lavant; Écouvillon, brosse pour nettoyer le canon d’une arme; Lavoir
lavadora	Lave-linge
lavanda	Lavande
lavandera	Lavandière
lavandero	Lavandier, laveur; Buanderie
lavandería	Laverie, lieu où l’on lave le linge; Blanchisserie, pressing
lavaplatos	Lave-vaisselle, plongeur
lavar	Laver
lavarropas	Machine à laver
lavavajillas	Lave-vaisselle
laviana	Laviana
laxante	Laxatif
laxitud	Laxité
laxo	Laxiste
laya	Bêche
lazar	Attraper ou lier avec un lasso
lazareto	Lazaret
lazarillo	Chien guide
lazcano	Lazkao
lazo	Nœud à une ceinture, flot dans les cheveux; Ruban; Cordon; Lasso, corde avec un nœud au bout pour maitriser le bétail; Nœud, lien, union
laúd	Luth; Tortue dont la carapace à une forme de luth
le	Elle : troisième personne du singulier féminin
leal	Loyal, fidèle
lealmente	Loyalement
lealtad	Loyauté
lección	Leçon
lechazo	Agneau de lait
leche	Lait (produit par les femelles de mammifères); Sperme
lechera	Pot à lait; Nom de différentes plantes à latex, particulièrement les euphorbes (Euphorbia)
lechero	Laitier; Nom de différentes plantes à latex
lecho	Lit (meuble); Couche (d’un animal); Lit (d’un cours d’eau); Lèche, vernis utilisé dans les colonies espagnoles d'Amérique pour donner du brillant aux pièces d'or; Fond (d’un lac), plancher (de l’océan); Couche (géologique)
lechosa	Papaye
lechoso	Laiteux; Nom vernaculaire du papayer ou Carica papaya
lechuga	Laitue; Fraise ou manchette très grande, empesée et plissée, moulée « en feuilles de laitue »
lechuza	Hibou, chouette
lechón	Lechón; Cochon de lait
lector	Qualifie un appareil ou logiciel destiné à transcrire des données codées (texte, image, son, vidéo) en informations compréhensibles par son utilisateur; Celui ou celle qui lit ou qui a l’habitude de lire; Lecteur occupant la charge de lectorat, un des quatre ordres qu’on appelle « les quatre mineurs »; Celui ou celle qui lit à haute voix à devant d’autres personnes; Religieux qui enseignait le catéchisme en lisant les saintes Écritures; Lecteur en tant que professeur auxiliaire d’université enseignant sa langue maternelle; Lecteur en tant qu’appareil ou logiciel de lecture; Lecteur dans une maison d’édition participant aux choix des manuscrits
lectura	Lecture
lecumberri	Lecumberri
led	Diode électroluminescente
ledesma	Ledesma; Nom de famille
leeds	Leeds
leer	Lire
legado	Legs; Légat
legajo	Dossier
legal	Légal, conforme à la loi
legalidad	Légalité
legalización	Légalisation
legalizar	Légaliser
legalmente	Légalement
legar	Léguer; Déléguer, envoyer comme légat
legendario	Légendaire
legionario	Légionnaire
legislación	Législation, l’ensemble des lois d’un État, l'ensemble des textes législatifs concernant un domaine donné; Législation, science et connaissance des lois
legislador	Législateur
legislar	Légiférer
legislatura	Législature
legitimación	Légitimation
legitimar	Légitimer
legitimidad	Légitimité
legión	Légion; Légion, grand nombre de personnes ou de choses
lego	Léguer; Déléguer, envoyer comme légat
legua	Lieue
legumbre	Légumineuse; Légume (plante potagère); Gousse (fruit des légumineuses)
legítimamente	Légitimement
legítimo	Légitime; Vrai, réel
leicester	Leicester
leipzig	Leipzig
leishmaniasis	Leishmaniose
leitmotiv	Leitmotiv
lejano	Lointain
lejos	Loin
lejía	Lessive
lelo	Idiot
lema	Devise; Lemme
lena	Lena; Léna
lencería	Lingerie
lene	Doux
lengua	Langue; Langue, langage
lenguado	Sole
lenguaje	Langage
lengüeta	Anche, ardillon
lenin	Lénine
leningrado	Léningrad, nom que porta Saint-Pétersbourg de 1924 à 1991
leninismo	Léninisme
leninista	Léniniste
lentamente	Lentement
lente	Lentille, verre taillé, bombé sur les deux faces
lenteja	Lentille, plante herbacée; Graine de cette plante; Lentille du balancier d'une horloge; En langage jeune, personne met des lentilles de contact
lentitud	Lenteur
lento	Lent
leo	Lion (constellation et signe du zodiaque)
leonado	Fauve
leonardo	Prénom masculin correspondant à Léonard
leoncito	Lionceau
leonor	Léonore, Aliénor
leonés	Léonais
leopardo	Léopard
leopoldo	Léopold
leotardo	Justaucorps
lepe	Lepe
leporino	Léporin
lepra	Lèpre
leproso	Lépreux
leptospirosis	Leptospirose
lerdo	Idiot, sot, stupide
lerma	Lerma
les	Leur : troisième personne du pluriel
lesbiana	Lesbienne
lesbianismo	Lesbianisme
lesbiano	Lesbien
lesionar	Blesser, causer une lésion
lesión	Lésion, blessure
lesoto	Lesotho (pays d’Afrique)
letal	Mortel
letanía	Litanie; Litanie, longue énumération
letargo	Léthargie
lete	Léthé
letonia	Lettonie
letra	Lettre (caractère); Lettre, courrier; Paroles (d'une chanson)
letrado	Intellectuel, savant, homme instruit, juriste, conseiller juridique; Savant, instruit, diplômé; Lettré, qui sait lire et écrire
letrero	Panneau d’avertissement ou d’information comportant des indications écrites
letrina	Latrines
letrista	Parolier, parolière
letón	Letton, qui concerne la Lettonie; Habitant de la Lettonie, un Letton; Letton (langue parlée en Lettonie)
leucemia	Leucémie, leucose
leva	Levée de l'ancre, départ; Levée, recrutement forcé, engagement; Levier, barre d'affût; Piège, ruse, stratagème; Aube, came; Came excentrée, came
levadura	Levure
levantamiento	Levage, action de lever, de soulever, de hausser; Soulèvement, sédition
levantar	Lever, soulever, élever
levante	Levant, est (point cardinal); Lever, action de lever; Vent d'est; Broutard, jeune veau élevé sous la mère; Est de l'Espagne; Élevage de broutard; Levant
levantino	Levantin; Relatif au Levant espagnol, Levante español, correspondant à la Communauté valencienne et à la région de Murcia
levar	Lever (une armée)
leve	Léger
levedad	Légèreté
levemente	Légèrement
leviatán	Léviathan; Léviathan, énormité
levita	Lévite
levitación	Lévitation
levitar	Léviter
leví	Lévi
levítico	Lévitique
lexicografía	Disciplina que estudia la compilación, organización y elaboración de diccionarios
ley	Loi
leyenda	Légende
leza	Affluent de l’Èbre; Leza
lezama	Lezama; Nom de famille
lezo	Lezo
leña	Bois, bois de chauffage
leñador	Bûcheron; Marchand de bois
leñero	Bûcher
leño	Tronc d’arbre; Bois; Bûche, personne lente, inintelligente; Bûche, souche; Petite embarcation médiévale; Barque
leñoso	Ligneux
león	Lion; Lion (« homme courageux »); Fourmilion; Puma; León
lgbt	LGBT
lgbti	LGBTI
lgtb	LGBT
lhasa	Lhassa
liana	Liane
liar	Lier, ficeler; Tromper, embrouiller; Emballer, envelopper
libanés	Libanais
libelo	Pamphlet
liber	Liber
liberación	Affranchissement
liberador	Libérateur
liberal	Généreux; Libertin
liberalidad	Libéralité
liberalismo	Libéralisme
liberar	Libérer
liberia	Libéria
libertad	Liberté
libertador	Libérateur
libertar	Libérer
libertario	Libertaire; Libertaire
libertarismo	Libertarianisme
libertinaje	Libertinage
libertino	Libertin
liberto	Affranchi, esclave libéré
libia	Libyenne, habitante de la Libye; Libye
libidinoso	Libidineux
libido	Libido
libio	Libyen
libra	Livre, mesure de masse; Livre; Balance
librar	Sauver; Mener (un combat, une guerre)
libre	Libre; Taxi (véhicule automobile)
librea	Livrée
libremente	Librement, d’une manière libre
librepensador	Libre penseur
librero	Libraire; Bibliothèque, meuble pour ranger les livres
librería	Librairie
libreta	Livret
libretista	Librettiste
librillo	Livret, petit livre
libro	Livre
libélula	Libellule
licencia	Licence, permis
licenciado	Donner licence de, permettre; Licencier, donner une licence universitaire; Licencier, donner congé, renvoyer
licenciar	Donner licence de, permettre; Licencier, donner une licence universitaire; Licencier, donner congé, renvoyer
licenciatura	Licence
liceo	Lycée
licitación	Vente aux enchères; Enchère
licitar	Liciter
licor	Liqueur
licuado	Milk-shake
licuar	Liquéfier
licuefacción	Liquéfaction
licántropo	Loup-garou
lid	Combat; Procès
liderar	Mener, conduire, agir en meneur (de)
liderazgo	Leadership, chefferie, primauté
lidia	Lutte, combat; Lidia
lidiar	Lutter, combattre
lidio	Lutter, combattre
liebre	Lièvre
liechtenstein	Liechtenstein
lied	Lied
lieja	Liège (ville de Belgique)
lienzo	Linge, toile; Toile; Mouchoir
liga	Lien, ruban ou bande qui sert à lier; Gui; Liage, action de lier, de mélanger intimement; Glu tirée du gui; Alliage, action de faire un alliage; Ligue, groupement de personnes ayant un dessein commun; Ligue entre des États; Ligue, compétition entre clubs sportifs
ligadura	Ligature
ligamento	Ligament
ligando	Lier, relier; Liguer; draguer (sens galant)
ligar	Lier, relier; Liguer; draguer (sens galant)
ligeramente	Légèrement
ligereza	Légèreté
ligero	Léger
lignina	Lignine
lignito	Lignite
ligue	Lier, relier; Liguer; draguer (sens galant)
liguero	Porte-jarretelles
liguria	Ligurie
ligón	Séducteur
lija	Poisson-lime, roussette; Peau de squale utilisée pour polir ou poncer; Papier de verre
lijar	Poncer au papier de verre
like	Like, j’aime
lila	Lilas; Lilas. #D891EF; Fleur de lilas
lille	Lille (ville du nord de la France)
lima	Lima, ville du Pérou; Lime, citron vert; Lime; Vert citron. #9EFD38
limar	Limer
limbo	Limbes
limerick	Limerick
limeño	Liménien
limitación	Limitation
limitado	Limité, bête, qui a de faibles capacités cognitives
limitante	Handicap
limitar	Limiter
limo	Boue
limonada	Citronnade, limonade, dans le sens de boisson faite avec du citron pressé et non celui de boisson gazeuse au sucre qui, en espagnol, se nomme gaseosa
limonero	Citronnier
limosna	Aumône
limosnero	Aumônier, personne qui donne l’aumône; Mendiant, personne qui demande l’aumône
limpiador	Nettoyant; Nettoyeur
limpiaparabrisas	Essuie-glace
limpiar	Nettoyer, récurer
limpieza	Propreté; Nettoyage
limpio	Net, propre
limusina	Limousine
limítrofe	Limitrophe
limón	Citron; Limon, barre utilisée sur une voiture à cheval; Citronnier; Citron à punch, citron vert, citron-pays, lime acide, petit citron vert; Limettier, limettier mexicain, limettier des Antilles, citronnier gallet (Citrus aurantiifolia)
lina	Line
linaje	Lignée, souche, ascendance ou descendance d'une famille; Lignage d'un espèce
linares	Linares
linaza	Linette
lince	Lynx
linchamiento	Lynchage
linchar	Lyncher, écharper
lincoln	Lincoln
linde	Bordure, limite, frontière
lindo	Beau
linea	Ligner, tracer des lignes
lineal	Linéaire
lineamiento	Ligne directrice ^([1]) ^([2]); Caractéristique particulière ^([1])
linear	Linéaire; Ligner, tracer des lignes
linfa	Lymphe
linfoma	Lymphome
lingote	Lingot
lingüista	Linguiste
lingüístico	linguistique
lino	Lin
linterna	Lampe de poche; Lanterne
linyera	Baluchon où un vagabond range ses vêtements et autres effets personnels; Personne sans travail ni domicile fixe, vagabond
linz	Linz
linóleo	Linoleumlinoléum
liposucción	Liposuccion
liquen	Lichen
liquidación	Liquidation; Liquidation, vente à bas prix; Apurement, réglement
liquidar	Liquider, supprimer; Supprimer, tuer
liquidez	Liquidité
lira	Lyre; Lire; Inspiration du poète
lirio	Lis
lirismo	Lyrisme
lisa	Lisse
lisboa	Lisbonne
lisiado	Estropié
liso	Lisse
lista	Bande, rayure; Liste
listado	Bonite à ventre rayé, poisson osseux marin, bonite des eaux tropicales et chaudes ou tempérées, au ventre rayé, dont le nom scientifique est Katsuwonus pelamis
listar	Lister
listillo	Qui se croit intelligent, petit malin
listo	Prêt, alerte; Intelligent; ça y est ! (c'est fini !)
liston	Marcassin
listón	Ruban de soie; Listel, moulure; Niveau de difficulté, barre
litera	Couchette; Lit superposable; Baldaquin
literal	Littéral
literalmente	Littéralement
literariamente	Littérairement
literario	Littéraire
literato	Lettré
literatura	Littérature
litigar	Plaider
litio	Lithium
litografía	Lithographie
litoral	Littoral; Littoral
litro	Litre
lituania	Lituanie (pays d’Europe orientale)
lituano	Lituanien, en rapport avec la Lituanie; Lituanien, habitant de la Lituanie; Lituanien, la langue parlée en Lituanie
liturgia	Liturgie
liubliana	Ljubljana (capitale de la Slovénie)
liverpool	Liverpool
liviano	Léger, de peu de poids; Inconsistant, mou; De peu d’importance; Poumon, mou en tant qu’aliment
living	Salon
livre	Compte rendu
liza	Rouget
liébana	Comarque de Cantabrie
llaga	Plaie; Ulcère, lésion cutanée
llamador	Appelant, personne qui appelle; Heurtoir, sonnette, ce qui permet d’appeler, de signaler sa présence
llamamiento	Appel, action d’appeler
llamar	Appeler, héler; Attirer; Nommer; Frapper, sonner à la porte, à la fenêtre; Téléphoner, appeler au téléphone; Assoiffer, spécialement lorsqu'on a mangé épicé; S’appeler, se nommer; Se dit du vent : tourner, basculer, changer de direction vers une autre déterminée
llamarada	Flambée
llamativo	Frappant, flamboyant, flashy
llanero	Llanero
llano	Plat; Simple; Plaine
llanta	Plante, plant, en particulier dans une plate-bande ou une pépinière; Jante; Chou cavalier; Pneu
llanto	Pleur
llanura	Plaine
llave	Clé; Accolade; Corne
llavero	Porte-clés
llegada	Arrivée; Arrivage
llegar	Arriver
llege	Arriver
llenado	Remplir
llenar	Remplir
lleno	Plein
llera	Llera; Nom de famille; Gravier
llevar	Porter, avoir sur soi; Amener, apporter; llevarse : Emporter, prendre avec soi pour aller dans un autre endroit; S’entendre (bien ou mal, avec quelqu’un)
llobregat	Llobregat
llorar	Pleurer
llorente	Laurent; Nom de famille
lloriquear	Pleurnicher
lloriqueo	Pleurnicher
lloro	Larmes, pleurs
llorón	Pleureur, pleurnichard, qui pleure facilement ou souvent; Pleureur, pleurnichard, personne qui a l’habitude de pleurer
llosa	Nom de famille; Élément toponymique catalan
llover	(Personnel) Pleuvoir
llovizna	Bruine, crachin, petite pluie fine
lluvia	Pluie; Douche; Saison des pluies
lluvioso	Pluvieux
lo	Le, l’
loa	Louange
loba	Louve
lobato	Louveteau
lobby	Lobby
lobbys	Lobby
lobezno	Louveteau
lobo	Loup
lobotomía	Lobotomie
locación	Location
local	Local
localidad	Localité
localización	Emplacement; Localisation
localizar	Localiser
localmente	Localement
locamente	Follement
locatario	Locataire
locativo	Locatif
loch	Loch
loción	Lotion
loco	Fou; Mollusque gastéropode du Chili, de nom scientifique Concholepas concholepas
locomoción	Locomotion
locomotora	Locomotive
locro	Ragoût à base de courge, de maïs et de haricots avec de la viande consommé dans la cordillère des Andes
locuaz	Loquace
locución	Locution
locura	Folie
locus	Locus
locutor	Speaker, présentateur
locutorio	Taxiphone
lodazal	Bourbier
lodo	Boue
log	Historique
logaritmo	Logarithme
logia	Loggia; Loge
logo	Logo, logotype
lograr	Réussir, parvenir; Remporter, obtenir
logro	Réussir, parvenir; Remporter, obtenir
logroño	Logroño
loira	Loire; Département de la Loire
loki	Loki (dieu nordique)
lol	Lol, youpi
lola	lolo\ˈlo.la\masculin(pour un homme, on dit : lolo)* (Chili) Adolescente. * (Argentine) Seins, poitrine; Lola
lolita	Lolita
lolo	(pour une femme, on dit : lola)lolo\ˈlo.lo\masculin* (Chili) Adolescent
loma	Colline, coteau
lombardo	Lombard
lombardía	Lombardie
lombriz	Lombric
lomito	Lomito
lomo	Lombes; Morceau de viande de porc, longe; Solomillo
lomé	Lomé (capitale du Togo)
lona	Toile cirée
londinense	Londonien, relatif à Londres; Londonien, natif ou habitant de Londres
londres	Londres (capitale du Royaume-Uni)
longaniza	Saucisse, saucisson
longevidad	Longévité
longitud	Longueur; Longitude
loor	Louange, éloge
lope	Loup, prénom masculin
loquero	Celui qui s’occupe des fous, qui les garde, en prend soin, etc
lorena	Lorraine (région française)
lorenza	Laurence
lorenzo	Laurent
lori	Lori
loro	Perroquet; Laurier des Açores; Poste de radio
losa	Dalle, carreau; Lauze; Pierre tombale; Tablier (d’un pont)
losada	Daller, carreler
lota	Lotte, poisson de rivières et de lacs de la famille (selon les classifications) des lotidés ou des gadidés, dont le nom scientifique est Lota lota; Caraté
lote	Lot
lotería	Loterie
loto	Lotus
lourdes	Lourdes (ville de France)
loyola	Loyola
loza	Vaisselle; Porcelaine, vaisselle en porcelaine
lozano	Vigoureux, vif, robuste, gaillard
lpm	la puta madre
lsd	LSD
lubina	Bar commun
lubricación	Lubrification
lubricar	Lubrifier
luca	Mille unités monétaires
lucas	Luc
lucena	Lucena
lucense	De Lugo; Habitant de Lugo
lucerna	Lucerne, ville de Suisse; Lampe à huile romaine; Lucarne
lucero	Corps céleste de forte luminosité (étoile, planète Vénus); Vasistas
lucha	Lutte
luchador	Lutteur
luchar	Se battre, se bagarrer; Lutter, batailler, combattre
luche	Se battre, se bagarrer; Lutter, batailler, combattre
lucidez	Lucidité
lucio	Brochet; Prénom masculin
lucir	Luire, briller; Paraitre, avoir l'air
luciérnaga	Luciole, ver luisant
lucrativo	Rentable
lucro	Lucre
lucía	Prénom féminin, équivalent du français Lucie
ludopatía	Ludopathie
luego	Ensuite; Donc, par conséquent
luengo	Long
lugano	Lugano; Tarin des aulnes
lugansk	Louhansk, (ville d’Ukraine, capitale de l’oblast de Louhansk)
lugar	Lieu, endroit; Emplacement; Place
lugareño	Villageois
lugarteniente	Lieutenant
lugo	Lugo, en Galice
luis	Prénom masculin, équivalent de Louis
luisiana	Louisiane, ancien territoire français en Amérique du Nord; Louisiane
lujo	Luxe
lujoso	Luxueux
lujuria	Luxure
lujurioso	Luxurieux
lulo	Narangille
lumbar	Lombaire
lumbre	Combustible, matériau combustible pour faire du feu; Feu allumé pour se chauffer; Lumière, jour, ouverture qui apporte de la lumière; Lumière, clarté apportée par un corps en combustion; Lumière de la raison
lumen	Lumen (lm); Lumen
luminaria	Luminaire, lampion qui se met aux balcons, aux murs des maisons pour éclairer les rues; Lumignon qui témoigne de la présence divine dans les églises; Lumière; Lumière, personne intelligente; Feu d’artifice
luminosidad	Luminosité
luminoso	Lumineux
lumpen	Lumpen; Lumpen
lumínico	Luminique
luna	Lune, satellite d’une planète de taille significative; Lune, mois lunaire; Vitre de fenêtre, verre de lunette; Lune, satellite de la Terre; Luna; Affluent de l’Órbigo
lunar	Tache de vin, tache de naissance; Lunaire
lunes	Lundi (premier jour de la semaine en Europe et en Amérique latine)
luneta	Lunule
lunfardo	Lunfardo; Argot de Buenos Aires
lunático	Lunatique
lupa	Loupe
lupita	Lupita
lupus	Lupus
luque	Nom de famille espagnol
lusaka	Lusaka (capitale de la Zambie)
lusitano	Lusitanien; Langue indo-européenne autrefois parlée en Lusitanie, attestée approximativement du iiᵉ siècle av. J.-C. au iᵉʳ siècle de notre ère
luso	Lusitanien
lustrar	Cirer, brunir
lustre	Lustre
lustro	Lustre, durée de cinq années
lustroso	Clair
luterano	Luthérien
lutero	Luther
luthier	Luthier
luto	Deuil
lux	Lux (lx)
luxemburgo	Luxembourg, pays d’Europe; Luxembourg, capitale de ce pays; Luxembourg, province de Belgique
luxor	Louxor
luz	Lumière; Lampe
luzón	Luzón, commune espagnole; Luçon, île des Philippines
lyon	Lyon (ville de France)
lábaro	Drapeau; Chrisme
lácteo	Lacté, laiteux
láctico	Lactique
lágrima	Larme; Goutte, ornement en verre de certaines lampes; Chacune des gouttes produites par la vigne ou par un autre arbre après l’élagage; Vin de goutte; Pleur, chagrin
lámina	Lame, feuille de métal; Planche (illustration)
lámpara	Lampe
lánguido	Languissant
lápida	Pierre tombale, pierre portant une inscription
lápiz	Substance minérale utilisée pour dessiner; Crayon; Poisson tropical de la famille des Loricariidae, dont le nom scientifique est Loricariichthys maculatus
láser	Laser
lástima	Pitié
látex	Latex
látigo	Fouet
lázaro	Lazare
lémur	Lémur
lérida	Lérida
léxico	Lexical; Lexique
líbano	Liban
líder	Meneur, leader
límbico	Limbique
límite	Frontière; Limite
línea	Ligne; Politique
lío	Situation confuse, embrouille, pétrin
líquido	Liquide
lírica	Lyrisme
lírico	Lyrique
lítico	Lithique
lóbulo	Lobe
lógica	Logique
lógico	Logique
lópez	Nom de famille
lúcido	Lucide
lúdico	Ludique
lúgubre	Désagréable
lúpulo	Houblon
maastricht	Maastricht
mab	Mab, satellite d’Uranus
maca	Meurtrissure (marque laissée sur un fruit); Hamac; Maca (racine andine); Dommage léger sur une chose; Dissimulation, tromperie, fraude
macabeo	Chiffe
macabro	Macabre
macaco	Macaque; Enfant, petit enfant; Personne insignifiante ou difforme; Laid, moche, difforme
macadamia	Noix de macadamia
macao	Macao (ville chinoise)
macarena	Prénom féminin espagnol
macarra	Souteneur; Souteneur
macarrón	Macaroni
macedonia	Macédoine, royaume antique et région du nord de la Grèce; Macédoine, habitante de Macédonie; Macédoine
macedonio	Macédonien
maceta	Massette (gros marteau)
mach	Nombre de Mach
macha	Frapper et réduire en miettes
machaca	Frapper, marteler
machacado	Ragoût pimenté fait avec de la viande séchée et effilochée, des œufs et du saindoux. C'est une spécialité de la région de Chihuahua
machacar	Frapper, marteler
machado	Hache; Nom de famille
machete	Machette; Poisson tropical de la famille des Cynodontidae, dont le nom scientifique est Rhaphiodon vulpinus
machismo	Machisme
machista	Machiste
macho	Mâle; Macho; Homme, mâle; Marteau de forgeron; Animal mâle
machote	Homme très viril
maciel	Maciel
maciza	Massif; Charnu, bien en chair
macizo	Massif; Charnu, bien en chair
maco	Malin, futé
macroeconomía	Macroéconomie
macroscópico	Macroscopique
macumba	Macumba
macuto	Sac, sac à dos, besace
madagascar	Madagascar (pays d’Afrique); Madagascar (île)
madama	Prostituée; Mère maquerelle, proxénète; Madame, titre de courtoisie donné aux femmes
madeira	Madère; Madère, archipel et région portugais
madeja	Écheveau
madera	Bois
maderero	Relatif à l’industrie du bois; Bûcheron; Marchand de bois
madero	Poutre en bois, madrier; Celle qui forme la croix de la crucifixion; Bateau; Bûche, personne peu intelligente; Policier
madrastra	Belle-mère, seconde épouse du père; Marâtre
madraza	Mère poule, médersa
madrazo	Gnon, pêche, mandale, starb (coup)
madre	Mère, femme parente; Mère supérieure d'un couvent; Merdiole, camelote, truc, chose sans importance, non spécifiée ou de faible valeur; Dans certaines expressions : gueule
madrear	Foutre une branlée, foutre sur la gueule, casser la gueule, niquer (battre); Niquer, péter, foutre en l'air (casser, détériorer)
madreselva	Chèvrefeuille
madrid	Madrid
madrigal	Madrigal
madriguera	Terrier
madrileño	Madrilène, qui se rapporte à la ville ou à la région de Madrid; Madrilène, natif ou habitant de Madrid
madrina	Marraine
madriza	Branlée, dégelée, râclée, rouste (volée de coups)
madrona	Clandestine écailleuse
madroño	Arbouse; Arbousier; Petit pompon de la taille d’une arbouse; Autre nom du palo de huevo
madrugada	Aube, matinée, matin; Les heures après minuit et jusqu'au lever du soleil sont désignées ainsi
madrugador	Matinal, lève-tôt
madrugar	Se lever tôt
madrás	Madras
maduración	Mûrissement, véraison
madurar	Mûrir
madurez	Maturité
maduro	Bien fait, mûr
maese	Maître
maestranza	Société d'équitation; Lieu où se réunit cette société; Atelier
maestrazgo	Maîtrise, dignité de grand maître; Territoire sous le pouvoir d’un grand maître
maestre	Maitre d’un ordre militaire, général; Nom de famille
maestro	Maître
maestría	Maîtrise
mafalda	Mathilde, Mahaut
mafia	Mafia
maga	Magicienne
magallón	Magallón
magazín	Magasin, magazine, revue
magaña	Magaña
magdalena	Madeleine
magenta	Magenta; Magenta
magia	Magie
magister	Magistère
magisterial	Magistériel
magistrado	Magistrat (du corps judiciaire)
magistral	Magistral
magistratura	Magistrature
magma	Magma
magnanimidad	Magnanimité
magnate	Magnat
magnesio	Magnésium
magnetismo	Magnétisme
magnetita	Magnétite
magnicidio	Magnicide
magnificar	Magnifier
magnitud	Magnitude, ampleur, importance
magno	Grand
magnolia	Magnolier; Magnolia yoroconte
magnánimo	Magnanime
magnético	Magnétique
magnífico	Magnifique
mago	Magicien, sorcier
magreb	Maghreb
magrebí	Maghrébin
magro	Maigre; Maigre
maguey	Agave
magullada	Causer un bleu, une contusion; Causer une tavelure, rendre un fruit blet
maguncia	Mayence
magán	Magán
magíster	Maître
maharajá	maharaja
mahjong	Mah-jong
mahoma	Mahomet
mahón	Port Mahon; Nankin
maicena	Maïzena
maiz	Maïs, mirga
majada	Bergerie; Excrément
majadahonda	Majadahonda
majadero	Idiot, borné, obtus, d’une bêtise persistante, sourd à la raison
majadería	Sottise, fait ou parole digne d’un sot
maje	Sot, idiot; Type
majestad	Majesté
majestuosidad	Majesté
majestuoso	Majestueux
majo	Frapper, battre; Battre au fléau pour séparer la paille du grain
mal	Mal, douleur, souffrance, mal-être; Mal, maladie; Mal, mauvaise action, tort porté; Mal, pas bien; Mal, contrairement aux attentes; Avec peine, difficilement; Mal, pas en bonne santé
mala	Malle, malle-poste
malabar	Relatif à Malabar; Relatif au malayalam; Malayalam; Malabar
malabarismo	Jonglage
malabarista	Jongleur
malabo	Capitale de la Guinée équatoriale
malacate	Fuseau; Poulie
malagueño	Malaguène, relatif à Malaga; Malaguène, habitant ou originaire de Malaga
malagón	Malagón
malamente	Mauvaisement, méchamment
malanga	Malanga, tubercule comestible de cette plante
malaquita	Malachite
malaria	Malaria
malasaña	Quartier de Madrid
malasia	Malaisie (pays asiatique)
malasio	Malaisien, Malaysien; Malaisien
malaui	Malawi (pays africain)
malaya	Malaise, habitante de la Malaisie
malayalam	Malayalam
malayo	Malais
malbec	Malbec
malcriado	Mal élevé
maldad	Méchanceté, mauvaiseté
maldecir	Maudire
maldición	Malédiction
maldito	Maudit; Attribue une valeur négative et emphatique au substantif qu’il accompagne : satané, foutu, fichu, maudit; Juron indiquant la surprise, le dépit, la colère, etc
maldivas	Maldives
maleante	Délinquant; Délinquant
malecón	Jetée; Promenade de bord de mer au nord de La Havane à Cuba
maleducado	Mal élevé
malena	Prénom féminin espagnol, en particulier en Argentine
malentendido	Malentendu
malestar	Mal-être
maleta	Valise, mallette
maletero	Malletier; Coffre à bagages
maletín	Petite valise, mallette
maleza	Mauvaise herbe, broussaille
malformación	Malformation
malgache	Malgache; Malgache
malgastar	Gaspiller
malhechor	Malfaisant; Malfaiteur
malhumorado	De mauvaise humeur; Atrabilaire
malicia	Malice
maliciosamente	Malicieusement
malicioso	Malicieux
maliense	Malien, malienne
maligno	Malin
malintencionado	Malintentionné
malla	Maille
mallorca	Majorque
mallorquín	Majorquin; Majorquin, dialecte catalan parlé à Majorque
malnacido	Enfoiré
malnutrición	Malnutrition
malo	Mauvais, méchant; Diable (le malin)
malograr	Capoter
maloliente	Malodorant, puant
malpartida	Malpartida
malsano	Maladif, malsain
malta	Malt; Malte (en Méditerranée)
malteada	Malter
maltratar	Maltraiter
maltrato	Maltraiter
maltrecho	Mal en point, en mauvais état, maltraité
maltés	Maltais, relatif à Malte; Maltais
malva	Mauve; Malva
malvado	Méchant, mauvais
malvavisco	Guimauve
malversación	Détournement de fonds
malvinas	Malouines
maléfico	Maléfique
malévolo	Malveillant, malfaisant, mauvais, méchant
malí	Mali (pays africain)
mam	Relatif aux Mams, leur langue, leur culture; Mam
mama	Maman, mère; Mamelle; Seins, poitrine
mamacita	Maman
mamada	Allaitement, tétée; Fellation
mamadera	Biberon
mamado	Téter; pronominal S’enivrer; Faire une fellation, sucer; Manger goulûment, engloutir; Raconter des conneries
mamar	Téter; pronominal S’enivrer; Faire une fellation, sucer; Manger goulûment, engloutir; Raconter des conneries
mamario	Mammaire
mamarracho	Clown, bouffon, hurluberlu, personne ridicule ou mal accoutrée
mambo	Mambo (musique); Mambo (danse)
mamen	Téter; pronominal S’enivrer; Faire une fellation, sucer; Manger goulûment, engloutir; Raconter des conneries
mamey	Abricotier des Antilles, Mammea americana; Nom vernaculaire du sapotier Pouteria sapota
mami	Maman
mamografía	Mammographie
mamon	Corossolier
mamotreto	Objet inutile et encombrant
mampara	Cloison amovible, écran
mampostería	Maçonnerie, ouvrage du maçon
mamut	Mammouth
mamá	Maman
mamífero	Mammifère
mamón	Qui tète; Qualifie un enfant trop attaché à sa mère; Dent de lait; Quenettier; Gourmand
mana	Jaillir, Sourdre, en parlant d’un liquide
manacor	Manacor
manada	Poignée; Troupeau, particulièrement d’animaux sauvages
manager	Manager
managua	Managua
manama	Manama (capitale de Bahreïn)
manantial	Source d’eau; Source, origine
manar	Jaillir, Sourdre, en parlant d’un liquide
manatí	Lamantin (animal aquatique)
mancebo	Jeune homme, garçon
mancera	Manche de la charrue
mancha	Tache; Déshonneur; Banc de poissons; Manche
manchado	Cheval moucheté de blanc; D’une couleur mouchetée de blanc (en parlant de la robe d’un cheval)
manchar	Tacher
manchego	manchègue, manchego, de la Manche (région historique d’Espagne); manchois; Manchègue, Manchego, habitant de la Manche (région historique d’Espagne); manchego (fromage espagnol); Manchois
manchuria	Mandchourie (territoire asiatique)
manchú	Manchou, relatif à la Mandchourie ou aux Mandchous, à leur culture, leur langue; Mandchou
mancilla	Souillure
mancillar	Souiller
manco	Manchot, estropié; Manquant, défectueux
mancomunidad	Communauté; Commonwealth
mancuerna	Haltère
mandamiento	Commandement
mandante	Mandant
mandar	Mander, envoyer, adresser; Commander, enjoindre, ordonner, sommer
mandarina	Mandarine
mandarín	Mandarin
mandatario	Mandataire
mandato	Mandat
mande	Pardon, excusez-moi, pouvez-vous répéter ?
mandil	Tablier
mandinga	Mandingue; Mandingue
mandioca	Manioc; Tapioca
mando	Mander, envoyer, adresser; Commander, enjoindre, ordonner, sommer
mandolina	Mandoline
mandril	Alésoir, mandrin; Mandrill
mandrágora	Mandragore
mandíbula	Mâchoire; Mandibule
manecilla	Aiguille, manicule
manejable	Maniable
manejar	Manier; Conduire les affaires, manager
manejo	Manier; Conduire les affaires, manager
manera	Manière; Façon
manero	Maniable; Qualifie les oiseaux qui reviennent sur la main
manes	Jaillir, Sourdre, en parlant d’un liquide
manga	Manche; Manga
mangaka	Mangaka
manganeso	Manganèse
manglar	Mangrove
mangle	Manglier
mango	Manche (d’un outil); Mangue; Bel homme, belle femme; Manguier
mangonear	Mener à la baguette
mangosta	Mangouste
manguera	Tuyau, durite
manguito	Durite
manicomio	Hôpital psychiatrique, maison de fous
manido	Rassis
manierismo	Maniérisme
manierista	Maniériste
manifestación	Manifestation, action de rendre perceptible, de faire connaître ce qui est caché; Manifestation, rassemblement ou mouvement ayant pour objet de rendre publiques les revendications d’un groupe, d’une partie de la population
manifestante	Manifestant, manifestante
manifestar	Manifester
manifiestamente	Manifestement
manifiesto	Manifeste
manija	Poignée, poignée de porte; Manche; Haute main, pouvoir
manila	Manille
manillar	Guidon
maniobra	Manœuvre
maniobrabilidad	Manœuvrabilité
maniobrar	Manœuvrer
manipulable	Manipulable
manipulación	Manipulation, action de manipuler; Manipulation, traitement spécifique
manipular	Manipuler; Manier
maniqueísmo	Manichéisme
maniquí	Mannequin
manita	Petite main; Mannite
manitas	Petite main; Mannite
manitoba	Manitoba (province du Canada)
manivela	Manivelle
maniático	Maniaque, qui souffre de manies, qui a des obsessions ou des affections incontrôlées
manjar	Nourriture, le plus souvent exquise ou délicate; Confiture de lait, dulce de leche; Manger
mano	Main; Molette (servant à moudre); Mec (pour interpeler un interlocuteur)
manojo	Poignée : quantité ou ensemble de choses qui tient dans une main; botte (au sens 2) : regroupement de légumes et autres menus objets de même nature reliés; petit faisceau : synonyme alors de haz (nom commun 1 en espagnol)
manolete	Surnom d’un célèbre matador espagnol, Manuel Laureano Rodríguez Sánchez
manopla	Moufle; Gant de toilette; Manique, gant de cuisine
manosear	Tripoter, peloter
manresa	Manresa
mansedumbre	Docilité, mansuétude
mansión	Demeure; Action de demeurer
manso	Docile, doux; Calme; Mas, maison rurale; Manse, exploitation agricole possédée par l’Église catholique ou un monastère et exempté de taxes
manson	Prénom masculin
manta	Couverture; Manteau, poncho; Bon à rien, faignant; inutile qui ne sert à rien, bon à rien, en parlant d’une chose ou d’une personne
manteca	Saindoux, graisse animale; Beurre, graisse végétale
mantecado	Montécao ou mantécao, biscuit sablé d’origine andalouse cuit au saindoux, parfumé à la cannelle et saupoudré de sésame, typique de la pâtisserie espagnole, consommé traditionnellement dans la période de Noël; Nom d’un parfum de glace; Beurré, graissé
mantel	Nappe de lin, de coton ou autre tissus pour couvrir la table; Mantel
mantenedor	Maintenant, qui maintient; Mainteneur
mantener	Maintenir; Nourrir, alimenter; Entretenir, subvenir aux besoins de quelqu’un; Se nourrir; Se maintenir; Se tenir
mantenimiento	Maintenance, entretien; Maintien, soutien
mantequilla	Beurre
mantilla	Mantille
mantillo	Humus, terreau
mantis	Mante religieuse, mante, cheval du diable
manto	Cape, manteau, châle
mantra	Mantra
mantua	Mantoue
mantón	Châle
manual	Manuel
manualmente	À la main, manuellement
manubrio	Manche, poignée; Guidon
manuel	Prénom masculin
manuela	Pignole
manufactura	Manufacture
manufacturero	Manufacturier
manuscrito	Manuscrit; Manuscrit
manutención	Manutention, entretien
manzana	Pomme, fruit du pommier; Pomme, pommeau, objet en forme de pomme; Pâté de maisons, îlot; Manzana, liqueur à base de pomme verte
manzanilla	Camomille; Variété d’olives
manzanita	Azerole
manzano	Pommier
maná	Synonyme de palo de fraile
maní	Cacahouète
manía	Manie (maladie mentale); Manie, obsession, préoccupation récurrente; Lubie, affection particulière, incontrôlée et excessive
manómetro	Manomètre
mao	Mao, en République dominicaine
maorí	Maori; Maori
maoísmo	Maoïsme
maoísta	Maoïste
mapa	Carte, plan
mapache	Raton laveur
mapamundi	Mappemonde
mapear	Cartographier
mapuche	Araucan, mapuche; Araucan, mapuche
maputo	Maputo (capitale du Mozambique)
maqueta	Maquette
maquetación	Maquette
maqui	Maqui
maquiavélico	Machiavélique
maquila	Portion du grain moulu, perçue par le meunier, en échange de son travail; Système d’échange avec exonération des droits de douane sur le travail d’usinage ou de traitement de matières premières ou de marchandises, importées au Mexique depuis les États-Unis et réexportées; Maquiladora
maquiladora	Maquiladora
maquillador	Maquilleur
maquillaje	Maquillage, action de se maquiller; Fard, ce dont on se sert pour se maquiller
maquillar	Maquiller
maquinación	Machination
maquinar	Machiner; Usiner à la machine
maquinaria	Machinerie
maquinilla	Rasoir
maquinista	Mécanicien, conducteur de train
mar	Mer; Mer, vaste étendue
mara	Nom vernaculaire de Dolichotis patagonum, gros rongeur, d’une dizaine de kilos, de la même famille que les cobayes, originaires du sud de l’Amérique du Sud, lièvre de Patagonie; Mara
marabunta	Fourmi légionnaire; Marabunta; Groupe tumultueux et perturbateur, cohue
maraca	Maraca; Pute, putain, connasse (prostituée); Gouine (lesbienne)
maracaibo	Maracaïbo, ville du Vénézuéla, capitale de l’État de Zulia
maracuyá	Fruit de la passion
marasmo	Marasme
marathi	Marathi, propre aux Marathis; Marathi, propre au marathe; Marathi; marathi
maratonista	Marathonienne
maratón	Marathon; Marathon, chose longue et difficile
maravilla	Merveille; Émerveillement; Belle-de-jour, fleur du genre Mirabilis; Souci officinal; Liseron tricolore
maravilloso	Merveilleux
maraña	Maraña; Maquis, fourré
marañón	Acajou; Fruit de l’acajou; Marañón
marbella	Marbella
marca	Marque; Marche
marcación	Numérotation (téléphonique)
marcado	Marquer; Marquer, indiquer; Composer un numéro de téléphone, numéroter
marcador	Signet
marcar	Marquer; Marquer, indiquer; Composer un numéro de téléphone, numéroter
marcela	Prénom féminin équivalent du prénom français Marcelle
marcelina	Marceline
marcelino	Marcelin
marcelo	Prénom espagnol équivalent du prénom français Marcel
marcha	Marcher
marchar	Marcher
marchito	Flétri, fané
marcial	Martial
marciano	Martien; Martien
marcilla	Marcilla
marco	Cadre, encadrement
marea	Marée; Flot
marear	Donner le mal de mer; (pronominal) Avoir le mal de mer
marejada	Houle
maremoto	Raz-de-marée
marengo	Gris foncé
mareo	Mal de mer, mal des transports, mal de mouvement
marfil	Ivoire
marfileño	Ivoirien
marga	Marne
margarina	Margarine
margarita	Marguerite; Margarita, cocktail à base de téquila; Prénom féminin, correspondant à Marguerite
margen	Marge
marginal	Marginal, périphérique
marginalidad	Marginalité
marginalización	Marginalisation
mariachi	Mariachi
marica	Fiotte, tapette, pédale (homme efféminé ou sans valeur); Pédé, tapette, enculé (homme homosexuel); Enfoiré, enculé (personne méprisable avec ou sans l'une des acceptions péjoratives)
marichalar	Nom de famille basque
marico	Homosexuel masculin
mariconada	Truc de pédé (ce qui est imputé à l’homosexualité de son auteur); Saloperie (basse action)
maricón	Tapette, fiotte (homme efféminé, manquant de valeur); Pédé, tapette, enculé (homosexuel, sodomite); Enculé, enfoiré (personne méprisable)
marido	Mari, époux
mariguana	Chanvre
marihuana	Chanvre indien; Marijuana
marimacho	Garçon manqué, femme forte, rude et peu féminine
marimba	Marimba
marina	Marine
marinero	Marinier, de marin; Marin; Marin, membre de la marine
marinería	Profession de marin ou de marinier; Marine, ensemble des marins
marino	Marin
mario	Prénom masculin
marioneta	Marionnette, pantin, guignol
mariposa	Papillon (imago); Homme efféminé ou homosexuel; Passerin nonpareil, pape de Louisiane; Gingembre papillon, gingembre sauvage (Hedychium coronarium); Fleur de cette plante, fleur nationale de Cuba
mariquita	Coccinelle; Homosexuel, gay
mariscal	Maréchal
marisco	Fruit de mer
marisma	Marais
mark	Arrêt de volée
marketing	Marketing, mercatique
marmita	Marmite
marmota	Marmotte
maroma	Corde
marquesa	Marquise; Marquise, auvent
marquesado	Marquisat
marquesina	Marquise, auvent; Abribus
marqués	Marquis
marrakech	Marrakech (ville du Maroc)
marrano	Marrane; Porc
marroquin	Marocain
marroquí	Marocain; Marocain, Marocaine
marruecos	Marrakech; Maroc (pays d’Afrique)
marrón	Brun, marron; La couleur brune
marsella	Marseille
marsupial	Marsupial
marta	Marthe
marte	Dieu Mars; Planète Mars
martes	Mardi, second jour de la semaine en Europe et dans la norme ISO 8601
martillar	Marteler
martillazo	Coup de marteau; Rafale descendante
martilleo	Marteler
martillo	Marteau
martinica	Martinique, département d’outre-mer
martirio	Martyre
martirologio	Martyrologe, martyrologie
martos	Martos
martín	Nom de famille; Martin
martínez	Nom de famille espagnol très répandu; Martínez
maruca	Lingue, lingue franche
maruja	femme au foyer
marxismo	Marxisme
marzo	Mars
maría	Marie; María
marítimo	Maritime
mas	Mais
masa	Masse; Masse (foule); Pâte, mélange de farine et d’un liquide, notamment d’eau, destiné à être travaillé ou cuit (selon le contexte pâte à pain, pâte à pizza, pâte à tarte, etc.); Pâte de maïs nixtamalisé; Gâteau
masacrar	Massacrer
masacre	Massacre, action de massacrer
masaje	Massage
masajear	Masser
masajista	Soigneur
mascar	Mâcher
mascarada	Mascarade, bal masqué
mascarilla	Masque couvrant le dessus du visage, loup; Masque couvrant le nez et la bouche; Masque de beauté
mascarón	Mascaron
mascate	Mascate
mascota	Animal domestique, animal de compagnie; Mascotte (symbole d’une équipe, d'un événement)
masculinidad	Masculinité
masculino	Mâle
masificar	Massifier
masita	Petit four
masivo	Massif
masonería	Franc-maçonnerie
masoquismo	Masochisme
masoquista	Masochiste
mastectomía	Mastectomie
masticación	Mastication
masticar	Mastiquer, mâcher
mastitis	Mastite
mastodonte	Mastodonte
masturbación	Masturbation
masturbador	Masturbatoire; Masturbateur
masturbar	Masturber
mastín	Mâtin
masía	Masia, habitat rural, maison rurale dans l’est de la péninsule Ibérique
masón	Franc-maçon
masónico	Franc-maçonnique
matadero	Abattoir
matador	Tueur; Matador (1)
matamoros	Matamore
matanza	Tuerie, boucherie
matar	Tuer, abattre, rectifier
matarife	Boucher, personne chargée de tuer et découper les bêtes dans un abattoir
mate	Mat; Mat aux échecs; Maté; Smash
matemática	Mathématique; Mathématicienne
matemático	Mathématique; Mathématicien
mateo	Matthieu
materia	Matière
material	Matériau, matériel; Matériau, matériel
materialidad	Matérialité
materialismo	Matérialisme
materializar	Matérialiser
materialmente	Matériellement
maternal	Maternel
maternidad	Maternité
materno	Maternel
mates	Mat
mati	Diminutif de Matilde
matilde	Prénom féminin, équivalent du français Mathilde
matilla	Nom de famille
matinal	Matinal
matiz	Nuance, teinte
matizar	Nuancer
mato	Tuer, abattre, rectifier
matorral	Matorral
matraca	Crécelle de grande taille, utilisée entre autre pendant la semaine sainte pour remplacer les cloches
matraz	Fiole
matriarca	Matriarche
matriarcado	Matriarcat
matriarcal	Matriarcal
matricial	Matriciel
matriculación	Enregistrement; Immatriculation
matriculado	Inscrire, enregistrer
matricular	Inscrire, enregistrer
matrimonial	Matrimonial
matrimonio	Mariage
matriz	Matrice; Utérus
matrícula	Matricule, registre, liste, rôle
matusalén	Vieillard
matute	Matute; Nom de famille; Contrebande
matutino	Matinal
matón	Voyou, brute, celui qui impressionne par ses manières menaçantes
maullido	Miaulement
mauricio	Maurice; Île Maurice
mauritania	Mauritanie (pays d’Afrique)
mauritano	Mauritanien
mausoleo	Mausolée
maxilar	maxillaire
maximiliano	Maximilien
maximización	Maximisation
maximizar	Maximiser
maya	Maya
mayday	Mayday
mayo	Mois de mai, cinquième mois de l’année; Nom de famille
mayonesa	Mayonnaise
mayor	Majeur, adulte; Plus grand (comparatif ou superlatif de grande); Aîné; Major
mayorazgo	Majorat
mayordomo	Majordome
mayorista	Grossiste
mayoría	Majorité
mayotte	Mayotte
mayúscula	Majuscule
mayúsculo	Majuscule
maza	Masse; Masse d’armes
mazapán	Massepain
mazar	Baratter; Frapper, battre
mazmorra	Cachot, prison souterraine
mazo	Maillet, grand marteau; Masse
mazorca	Fruit du maïs, épi de maïs
maíz	Maïs, plante herbacée (Zea mays); Maïs, graine de cette plante
maña	Habileté, dextérité, don; Manière, bonne ou mauvaise manière de faire, d'être
mañana	(Moment de la journée) Matin, matinée; Le futur; Demain; (Amérique du Sud) Plus tard, un de ces jours
mañoso	Habile de ses mains, qui manipule beaucoup et avec réussite, bricoleur
mci	MCI
meada	Pisser
meandro	Méandre
mear	Pisser
mecanismo	Mécanisme
mecanización	Mécanisation
mecanizado	Mécaniser
mecanizar	Mécaniser
mecanografía	Dactylographie
mecate	Corde; Unité de mesure de longueur équivalente à 20 m, utilisée pour les champs de maïs (milpa) et dans les grandes exploitations agricoles cultivant l'agave pour ses fibres; Unité de mesure de surface équivalente à 400 m², utilisée pour les champs de maïs (milpa) et dans les grandes exploitations agricoles cultivant l'agave pour ses fibres
mecedora	Chaise à bascule
mecenas	Mécène
mecenazgo	Mécénat, action ou état du mécène
mecer	Bercer; Balancer (quelqu’un dans un berceau, sur une balançoire); Se balancer
mecha	Mèche, mecha
mechero	Briquet
mechón	Mèche de poils, de cheveux
mecánicamente	Mécaniquement, de façon ou de manière mécanique
mecánico	Mécanicien; Mécanique
medalla	Médaille
medallón	Médaillon
medel	Nom de famille
medellín	Medellín, en Espagne; Medellín, en Colombie
mediación	Médiation
mediado	Servir de médiation
medialuna	Croissant
medianera	Qui est au milieu; Intermédiaire
medianero	Qui est au milieu; Intermédiaire
mediano	Moyen; Médian
medianoche	(Moment de la journée) Minuit; Petit pain au lait
mediante	Au moyen de, par
medianía	Médiocrité
mediar	Servir de médiation
medible	Mesurable
medicación	Médication
medicamento	Remède
medicina	Médecine; Médicament
medicinal	Médicinal
medición	Mesure, évaluation
medida	Mesure
medidor	Instrument de mesure
medieval	Médiéval
medievo	Moyen Âge
medina	Médine
medinaceli	Medinaceli
medio	Demi; Moyen; À moitié; Milieu; Moyen, méthode
medioambiental	Environnemental
medioambiente	Environnement
mediocampista	Milieu de terrain
mediocre	Médiocre, piètre, ringard
mediocridad	Médiocrité
mediodía	(Moment de la journée) Midi
medioevo	Moyen Âge
medir	Mesurer
meditación	Méditation
meditar	Réfléchir, méditer
mediterráneo	Méditerranéen; Méditerranée
mediático	Médiatique
medular	Médullaire
medusa	Méduse
mefistófeles	Méphistophélès
megalomanía	Mégalomanie
megalómano	Mégalomane
megáfono	Mégaphone
meiosis	Méiose
mejicano	Mexicain; Mexicain
mejilla	Joue
mejillón	Moule
mejor	mieux
mejora	Améliorer
mejorana	Marjolaine
mejorar	Améliorer
mejoría	Amélioration; Avantage, supériorité; Augmentation, progrès
melamina	Mélamine
melancolía	Mélancolie, abattement
melancólico	Mélancolique
melania	Mélanie
melanina	Mélanine
melanoma	Mélanome
melatonina	Mélatonine
melaza	Mélasse
melchor	Melchior
melena	Chevelure; Méléna; Crinière; Tignasse
melero	Vendeur de miel
melgar	Luzernière
melilla	Melilla
melisa	Mélisse
mella	Cabossage, coupure, rupture
mellado	Couper ou cabosser; Diminuer
mellizo	Jumeau; Identique; Jumeau dizygote
melo	Nom de famille; Capitale du Cerro Largo en Uruguay
melocotón	Pêche
melodía	Mélodie
melosa	Mielleux
meloso	Mielleux
melquisedec	Melchisédech
melódico	Mélodique
melómano	Mélomane
melón	Melon, la plante; Melon, le fruit; Melon, la couleur. #FFB40F
membrana	Membrane
membresía	Adhésion
membrete	En-tête d’une lettre, d’un document officiel; Bref, mémoire, court récapitulatif d’un document plus long
membrillo	Coing; Cognassier
meme	Mème
memo	Niais
memorable	Mémorable
memorando	Mémorandum
memoria	Mémoire
memorial	Mémorial, livre de souvenirs; Bulletin pour mémoire
memorizar	Mémoriser
memorándum	Mémorandum
mena	Minerai; Mendole, Spicara maena; Grosseur de câble
mencho	(nord-est) Ouvrier agricole (péon) payé au mois; Personne frustre, plouc; Relatif à une chose inélégante, de mauvais goût
mencionar	Mentionner
mención	Mention
mendicidad	Mendicité
mendigar	Mendier
mendigo	Mendiant, gueux
mendocino	Relatif à Mendoza; Habitant de Mendoza
mendoza	Nom de famille; Province d’Argentine; Capitale administrative de la province du même nom
mendrugo	Quignon de pain dur et sec; Homme rude
menea	Remuer, balancer, agiter
menear	Remuer, balancer, agiter
meneo	Remuer, balancer, agiter
meneses	Relatif à Valle de Mena
menester	Nécessité, ce qu’on doit faire; Devoir, ministère
mengano	Machin-chose; Nomen nescio
mengua	Diminuer
menguar	Diminuer
menina	Ménine, jeune servante d’une reine ou d’une infante
meningitis	Méningite
menisco	Ménisque
menopausia	Ménopause
menor	Moindre
menorca	Minorque
menos	Moins
menoscabar	Diminuer, réduire; Détériorer; Déshonorer
menoscabo	Diminuer, réduire; Détériorer; Déshonorer
menospreciar	Mépriser
menosprecio	Mépris
mensaje	Message
mensajero	Messager
mensajería	Messagerie
menso	Stupide
menstruación	Menstruation
menstruar	Menstruer
mensual	Mensuel
mensualmente	Mensuellement
mensurable	Mesurable
menta	Menthe
mental	Mental
mentalidad	Mentalité
mentalista	Mentaliste
mentalmente	Mentalement
mentar	Mentionner
mente	Entendement, faculté de comprendre; Esprit, attitude; Tête, pensées; Intention
mentecato	Personne stupide, bête, à l’esprit limité
mentir	Mentir
mentira	Mensonge; Tache blanche sur un ongle
mentiroso	Menteur
mentol	Menthol
menton	Menton (ville française)
mentor	Mentor
mentís	Démenti
mentón	Menton
menudo	Petit, menu; Mineur, sans importance; Sorte de soupe mexicaine
menú	menu
meollo	Moelle osseuse; Cerveau; L’essence d’un être
mequetrefe	Personne ennuyeuse, indiscrète, gênante, grossière, fière d'elle même
meramente	Simplement
merca	Achat; Cocaïne
mercader	Marchand
mercadería	Marchandise
mercadillo	Marché
mercado	Marché (lieu public où l’on vend et achète); Marché (segment d’activité économique correspondant à une offre et demande spécifiques)
mercadotecnia	Marketing, mercatique
mercancía	Marchandise
mercantil	Mercantile
mercantilismo	Mercantilisme
mercantilista	Mercantiliste
mercantilización	Commercialisation
merced	Récompense accordée pour un service, un travail; Miséricorde; Merci; Grâce, titre honorifique
mercedes	Prénom féminin
mercenario	Mercenaire
mercería	Mercerie, passementerie
mercosur	Mercosur
mercurial	Mercurial, mercuriel; Mercuriale annuelle
mercurio	Mercure (l’élément chimique Hg); Mercure
merecer	Mériter
merecidas	Mériter
merecido	Mériter
merendar	Goûter (l'après midi)
merengue	Meringue; Merengue; Situation confuse; Relatif au Real Madrid
meretriz	Prostituée
meridiano	Méridien
meridional	Méridional
merienda	Goûter
merindad	Territoire sous la juridiction du merino, officier d’État espagnol
merino	Qualifie la race mérinos; Officier de l’État, juge; Mérinos, tissu de la race mérinos
meritocracia	Méritocratie
meritorio	Méritoire
merluza	Merlu commun; Cuite
merlín	Merlin
merma	Seconde personne du singulier de l’impératif présent de mermar
mermar	Diminuer, réduire
mermelada	Confiture
mero	Simple, pur; Simple, insignifiant; Mérou (Epinephelinae)
merodeador	Maraudeur
merodear	Marauder
mertens	Mertens
mes	Mois
mesa	Table, surface plane posée sur un ou plusieurs pieds; Plateau, terrain élevé
mesada	Plan de travail
mesana	Artimon
meseta	Plateau; Sorte de petit palier qui interrompt la suite des marches entre deux étages
mesina	Messine (ville italienne)
mesoamericano	Mésoaméricain
mesoamérica	Mésoamérique
mesonero	D’auberge; Aubergiste
mesozoico	Mésozoïque
mestizaje	Métissage
mestizo	Métis, mélangé, croisé; Métis
mestre	Mestre
mesías	Messie
mesón	Auberge, établissement où on sert à boire et à manger; Méson
meta	But, objectif
metabolismo	Métabolisme
metabolizar	Métaboliser
metabólico	Métabolique
metadata	Métadonnée
metadona	Méthadone
metafísica	Métaphysique
metafísico	Métaphysique
metafórico	Métaphorique
metal	Métal; Metal
metalurgia	Métallurgie
metalúrgico	Métallurgique
metamorfosis	Métamorphose, transformation
metano	(nom UICPA) Méthane (CH₄)
metanol	Méthanol
metatarso	Métatarse
meteorito	Météorite
meteoro	Météore
meteorología	Météorologie
meteorológico	Météorologique
meteorólogo	Météorologue
meter	Mettre, poser, appliquer
meteórico	Météorique
meticulosamente	Méticuleusement
meticulosidad	Méticulosité
meticuloso	Méticuleux, soigneux
metida	fouinard
metido	fouinard
metileno	Méthylène, (groupe fonctionnel « — CH₂ — »); Méthylène, (groupe fonctionnel « = CH₂ »); Méthylène (carbène « :CH₂ »)
metilo	Groupement méthyle (CH₃ – )
metionina	Méthionine
metodista	Méthodiste
metodología	Méthodologie
metonimia	Métonymie
metraje	Métrage
metralleta	Mitraillette
metro	Mètre; Métro
metrología	Métrologie
metropolitana	Métropolitain, de métropole; Métropolitain, de métropolite
metropolitano	Métropolitain, de métropole; Métropolitain, de métropolite; Métropolitain, habitant d’une métropole; Métropolite
metrosexual	Métrosexuel
metrónomo	Métronome
metrópoli	Métropole
metáfora	Métaphore
metálico	Métallique
metástasis	Métastase
metódico	Méthodique
mexica	relatif au peuple mexica; Membre du peuple mexica
mexicano	Mexicain, relatif au Mexique; Mexicain, habitant du Mexique
mexiquense	Qui se rapporte à l'État de Mexico; Habitant de l'État de Mexico
meza	Bercer; Balancer (quelqu’un dans un berceau, sur une balançoire); Se balancer
mezcal	Mezcal
mezcla	Mélange; Toile faite de fil mélangés
mezclador	Mélangeur
mezcladora	Mélangeuse
mezclar	Mélanger; Se mêler
mezclilla	Toile denim
mezcolanza	Salmigondis, mélimélo
mezquindad	Mesquinerie, qualité du mesquin ou agissements caractéristiques de celui-ci
mezquino	Mesquin
mezquita	Mosquée
mezquite	Mesquite
meñique	Petit; Auriculaire, petit doigt
mi	Mon, ma
miastenia	Myasthénie
miau	Miaou
mica	Mica
micción	Miction
micelio	Mycélium
michelín	Poignée d’amour
michoacano	michoacano; Michoacano
michoacán	Michoacan
mico	Singe; Personne laide
micología	Mycologie
micosis	Mycose
micro	Microphone
microbiano	Microbien
microbio	Microbe
microbiología	Microbiologie
microbiota	Microbiote
microbús	Microbus
microcefalia	microcéphalie
microclima	Microclimat
microcontrolador	Microcontrôleur
microcosmos	Microcosme
microfilm	Microfilm
micronesia	Micronésie (partie du Pacifique); États fédérés de Micronésie
microondas	Micro-ondes
microorganismo	Microorganisme
microprocesador	Microprocesseur
microscopio	Microscope
microscópico	Microscopique
micrófono	Microphone
micrómetro	Micromètre
miedo	Peur (perturbation d’angoisse de l’esprit à cause d’un risque ou d’un tort réel ou imaginaire)
miedoso	Peureux
miel	Miel
mielina	Myéline
miembro	Membre (personne qui fait partie d’un groupe quelconque); Membre (bras ou jambe)
miente	Mentionner
mientras	Pendant que
miera	Fleuve qui se jette dans la mer Cantabrique; Miera, commune des Cantabries
mierda	Merde
mieres	Mieres, dans les Asturies
mies	Céréale dont on fait le pain; Temps de la moisson; Multitude convertie, ou sur le point de se convertir, à la foi chrétienne
miga	Miette; Mie (du pain)
migaja	Miette; Mie (de pain)
migajas	Miette; Mie (de pain)
migra	Terme utilisé au sein des communautés immigrées de langue espagnole aux Etats-Unis afin de se rapporter aux entités ou aux fonctionnaires de gouvernement des États-Unis qui imposent des lois d'immigration telles que la douane ou la patrouille de frontière
migración	Migration
migrante	Migrant
migrar	Migrer
migraña	Migraine
miguel	Michel
mijares	Mijares; Nom de famille; Fleuve qui traverse les provinces de Téruel et de Castellón
mijaíl	Prénom russe masculin
mijo	Millet, millet commun; Terme d’adresse employé envers son fils; Graine de cette plante, utilisée comme céréale; Terme d’adresse affectueux employé envers un ami, un compagnon ou une autre personne proche; Maïs; Dans certains pays, terme d’adresse affectueux employé envers son conjoint ou son partenaire
mikado	Mikado
mil	Mille
milagro	Miracle; Milagro
milagroso	Miraculeux
milanesa	Milanaise; Viande pannée
milano	Milan, rapace diurne de nom scientifique Milvus
milanés	Milanaise
milenario	Millénaire
milenio	Millénaire, mille ans
milicia	Milice
miliciano	De milice, relatif à la milice; Milicien
milico	Militaire
miligramo	Milligramme
militancia	Militantisme, activisme, militance
militante	Militant
militar	Militaire; Guerroyer, faire la guerre, être militaire; Militer
militarismo	Militarisme
militarización	Militarisation
militarizar	Militariser
milla	Mile
millar	Millier
millardo	Milliard
millo	Millet; Maïs
millonario	Millionnaire
millán	Émilien
millón	Million
milonga	Milonga
milos	Milos
milpa	milpa Combinaison dans un même champ de trois cultures : maïs, courge et haricot, pour une interaction bénéfique
milán	Milan
milímetro	Millimètre
mimado	Gâter, chérir, faire des câlins; Mimer
mimar	Gâter, chérir, faire des câlins; Mimer
mimbre	Osier, arbrisseau de la famille du saule dont les scions forment l’osier; Osier, scions de ces arbres traditionnellement utilisés dans la confection d’objets utilitaires
mimetismo	Mimétisme
mimo	Caresse; Mime, acteur gestuel; Câlin; Attention; Affection débordante
mimosa	Mimosa
mimoso	Tendre, délicat; Câlin, affectueux
mina	Mine, (lieu où l’on extrait le minerai); Mine, engin explosif; Mine, (bâton de graphite dans un crayon); Femme, fille
minar	Miner
minarete	Minaret
minas	Mine, (lieu où l’on extrait le minerai); Mine, engin explosif; Mine, (bâton de graphite dans un crayon); Femme, fille
mindanao	Mindanao
mineral	Minéral
mineralogía	Minéralogie
minero	Minier; Mineur, travailleur dans une mine
minerva	Mélitée des scabieuses
minería	Industrie minière
minga	Réunion communautaire d’entraide des peuples amérindiens; Marche de protestation des mêmes peuples
mingo	Cochonnet dans le jeu de boules créoles (bolas criollas)
miniatura	Miniature
minibús	Minibus
minifalda	Minijupe
minijuego	Mini-jeu
minimalismo	Minimalisme
minino	Minou, minet
miniserie	Minisérie
ministerio	Ministère
ministra	Ministre (femme)
ministro	Ministre
mino	Minou, minon, minon, interjection pour appeler un chat
minorista	Détaillant
minoría	Minorité
minsk	Minsk (capitale de la Biélorussie)
minucia	Petitesse; Bagatelle, chose de peu de valeur
minucioso	Minutieux
minusvalía	Handicap
minusválido	Handicapé
minuta	Carte
minuto	Minute
minúscula	Minuscule
minúsculo	Minuscule
miocardio	Myocarde
mioceno	Miocène
miope	Myope
miopía	Myopie
mirada	Regard
mirador	Observateur, d’observation; Balcon vitré faisant saillie sur la façade d’une maison d’habitation; Pavillon ou galerie offrant un point de vue; Belvédère, vue panoramique
miranda	Miranda, État vénézuélien; Miranda, satellite naturel de la planète Uranus; Mirande, lieu d’où l’on a une vue dégagée vers les alentours et destinée à l’observation
mirandés	Mirandais; Mirandais, habitant de Miranda de Ebro
mirar	Regarder; Avoir pour but, viser
miriam	Myriam
mirilla	Judas, vasistas
mirlo	Merle
mirra	Myrrhe
mirto	Myrte
miríada	Myriade
mirón	Observateur; Myron; Voyeur
misa	Messe
misal	Missel, livre de messe; Taille de caractère équivalent à vingt points, petit-parangon
miserable	Pauvre
miseria	Misère
misericordia	Miséricorde
misericordioso	Miséricordieux
misia	Sans-le-sou, pauvre, fauché
misil	Missile
misionero	Missionnaire
misisipi	Fleuve Mississippi; État du Mississippi
misión	Mission
mismo	Même
miso	Miso
misoginia	Misogynie
misterio	Mystère
misteriosamente	Mystérieusement
misterioso	Mystérieux
misticismo	Mysticisme
mistico	Mistique
mistral	Noroît
misuri	Rivière Missouri; État du Missouri
misántropo	Misanthrope
misógino	Misogyne, qui hait ou méprise les femmes; Misogyne, celui qui hait ou méprise les femmes
mitad	Moitié
mitigar	Pallier, mitiger
mitin	Meeting
mito	Mythe
mitocondria	Mitochondrie
mitología	Mythologie
mitológico	Mythologique
mitosis	Mitose
mitra	Mitre, coiffure que portent les évêques quand ils officient en habits pontificaux, ainsi que certains abbés
mitómano	Mythomane
miura	Miura
mixteco	Mixtèque, mixtèque, langage mixtèque; Mixtèque, mixtèque, langage mixtèque
mixto	Mixte; Mixte
mixtura	Mélange
miércoles	Mercredi, troisième jour de la semaine en Europe et en Amérique latine; mierda (merde)
miño	Minho, fleuve ibérique
mobiliario	Mobilier, relatif aux biens meubles; Mobilier
mochica	Mochica; Mochica
mochila	Sac à dos
mochilero	Routard
mocho	Tronqué; Écorné, en parlant d’un animal normalement cornu; Tondu, ras, en parlant du pelage d’un animal; Dévot; Amputé; Étoupe de la serpillière, la serpillière elle-même; Partie émoussée ou ronde d’un outil, d’un instrument; Variété d’espagnol fortement influencée par l’anglais, spanglish
mochuelo	Chevêche
moco	Morve, mucosité; Cuite, saoulerie
mocoso	Morveux (qui a la morve au nez); Enfant
moctezuma	Montézuma, Moctezuma
moda	Mode
modalidad	Modalité
modelado	Modeler
modelaje	Modelage, mannequinat
modelar	Modeler
modelismo	Modélisme
modelo	Modèle (en parlant d’une machine, d’une miniature, d’une théorie, ...); Modèle, mannequin (en parlant de mode)
moderación	Modération
moderado	Modérer
moderador	Modérateur
moderar	Modérer
modernidad	Modernité
modernismo	Modernisme
modernizar	Moderniser
moderno	Moderne
modestia	Modestie
modesto	Modeste
modificación	Modification
modificador	Modificateur; Modificateur
modificar	Modifier
modismo	Idiome, idiotisme
modista	Modiste
modisto	Modiste, couturier
modo	Mode, manière; Mode grammatical
modorra	Somnolence; Sommeil profond
modular	Moduler; Moduler; Moduler
mofa	Moquerie, raillerie
mofeta	Mouffette
mofongo	mofongo
mogadiscio	Mogadiscio
mogollón	Grande quantité d'une certaine chose; Beaucoup
moho	Moisissure, moisi; Tout produit de l'oxydation d'un métal : rouille, vert-de-gris etc
mohoso	Moisi, rubigineux
moisés	Moïse (prophète)
mojado	Mouillé
mojar	Mouiller, tremper; Poignarder
mojarra	Nom générique de poissons du genre Diapterus, Eucinostomus, Eugerres, Gerres, Parequula et Pentaprion; Tétra joyau, poisson d’eau douce de la famille des Pimelodidae, natif d’Amérique du Sud, dont le nom scientifique est Hyphessobrycon eques; Embarcation servant à la pêche au thon
mojito	Mojito
mojo	Mouiller, tremper; Poignarder
mojón	Borne, pierre qui marque une limite, une frontière; Tastevin, personne qui goute le vin; Signal, panneau indicateur; Jeton; Étron
mol	Mole
molar	Molaire; Molaire (dent); Plaire, kiffer, botter
molcajete	Mortier de pierre volcanique qui sert à élaborer des sauces
moldava	Moldave
moldavia	Moldavie (pays d’Europe)
moldavo	Moldave, moldave
molde	Moule
moldear	Mouler, pétrir
mole	mole (sauce épaisse à base de piment); Plat de viande (porc, ou volaille) assaisonné de cette sauce
molecular	Moléculaire
moler	Moudre
molestar	Ennuyer, gêner
molestia	Gêne
molesto	Agaçant, embêtant
molibdeno	Molybdène (l’élément chimique Mo)
molido	Moulu
molina	Molina
molinar	Lieu où sont des moulins
molinero	Meunier
molinete	Chose, guindeau
molinillo	Molinillo; Moulinet, petit moulin; Moulin à vent; Ustensile de cuisine mexicain fait de bois tourné, utilisé comme fouet, utilisé pour la préparation de boissons chaudes telles que le chocolat, l’atole et le champurrado
molino	Moulin
molleja	Gésier, ris; Gésier, ris
mollera	Bille, fontanelle
molucas	Moluques
molusco	Mollusque
molécula	Molécule
momento	Moment
momia	Momie
momificación	Momification
momo	Système d’enregistrement des causes de décès à des fins de statistiques et pour détecter les surmortalités
monacal	Monacal
monacato	Monachisme
monada	Mimique; Singerie
monaguillo	Servant de messe
monarca	Monarque
monarquía	Monarchie
monasterio	Monastère; Monasterio
moncayo	Montagne située entre Saragosse et Soria
moncho	Prénom masculin
monda	Éplucher, peler
mondadientes	Cure-dent
mondo	Éplucher, peler
mondongo	Soupe de tripes
mondragón	Arrasate
moneda	Pièce de monnaie; Monnaie
monedero	Porte-monnaie
monesterio	Monesterio
monetario	Monétaire
mongol	Mongol; Mongol (habitant de la Mongolie); Mongol (langue)
mongolia	Mongolie
mongólico	Golmon
monigote	Bonhomme
monitor	Moniteur
monja	Nonne
monje	Moine
monjita	Tétra noir, pépoaza
mono	Mignon; Roux; Singe; Bambin, pitchoune; Bleu de travail, salopette; Roux, rouquin, poil de carotte; Manque de drogue
monocromo	Monochrome
monocultivo	Monoculture
monogamia	Monogamie
monografía	Monographie
monograma	Monogramme
monolingüe	Monolingue
monolito	Monolithe
monolítico	Monolithique
mononucleosis	Mononucléose
monoparental	Monoparental
monopatín	skateboard
monoplaza	Monoplace; Monoplace
monopolio	Monopole
monoteísmo	Monothéisme
monoteísta	Monothéiste
monotonía	Monotonie
monreal	Monreal
monroy	Monroy; Nom de famille
monseñor	Monseigneur
monstruo	Monstre
monstruoso	Monstrueux
montacargas	Monte-charge; Chariot élévateur
montaje	Montage
montalbán	Montalbán
montana	Montana
montano	Montagneux; De montagne
montante	Poteau
montar	Monter
montaraz	Montagnard; Sauvage; Forestier; Garde forestier
montaña	Mont, montagne
montañero	Alpiniste
montañismo	Alpinisme
montañista	Alpiniste
montañoso	Montagneux
montañés	Montagnais; Montagnais
monte	Mont, montagne
monteagudo	Monteagudo
montehermoso	Montehermoso
montejo	Montejo
montemayor	Montemayor
montenegro	Monténégro (pays d’Europe)
montera	Chapeau utilisé par les toreros espagnols confirmés
montero	Montagnard; Chasseur
monterrey	Monterrey, en Galice; Monterrey, au Mexique; Monterrey, en Colombie
montería	Chasse à courre, vénerie
montevideo	Montevideo, capitale de l’Uruguay
monto	Monter
montoya	Nom de famille
montreal	Mont-ral, une commune de la province de Tarragone; Montréal, la métropole du Québec
montréal	Montréal (en France, en Ardèche); Montréal (en France, dans l’Aude); Montréal (en France, dans l’Yonne)
montseny	Montseny
montserrat	Montserrat, île des Antilles; Montserrat, territoire du Royaume-Uni occupant cette île
montés	Se dit d’un animal qui vit, qui est originaire de la montagne, généralement dans le sens de sauvage
montículo	Monticule
montón	Amas, foule, masse, multitude, tas
monumental	Monumental
monumentalidad	Monumentalité
monumento	Monument
monzón	Mousson
monárquico	Monarchique, monarchiste; Monarchiste
monóculo	Borgne; Monocle
monólogo	Monologue
monótono	Monotone
monóxido	Monoxyde
moquillo	Maladie de Carré
mora	Mûre, fruit du mûrier noir; Mûre, fruit du mûrier blanc; Mûre, fruit de la ronce; Fraise des bois; Framboise; Mora, en Espagne
morabito	Marabout
morada	Relatif à la couleur violette
morado	Relatif à la couleur violette; Bleu, hématome
moral	Moral; Correct, adéquat; Morale; Mûrier, mûrier noir; Endroit en hauteur; Mûrier des teinturier
moraleda	Mûreraie
moraleja	Morale, leçon morale qui se dégage d'un ouvrage, d'une histoire
moralidad	Moralité
moralina	Moralina; Moralité importune ou fausse
moralismo	Moralisme
moralista	Moraliste
moralizante	Moralisant
moralmente	Moralement
morar	Demeurer, habiter, loger
moravia	Moravie
morbilidad	Morbidité
morbo	Maladie
morboso	Morbide; Excitant
morcilla	Boudin noir espagnol
mordacidad	Mordacité
mordaz	Mordant, corrosif; Mordant, âpre au gout
mordaza	Bâillon; Muselière; Plaquette de frein; Étau
mordedor	Mordeur, mordant
mordedura	Morsure
morder	Mordre
mordida	Morsure; Pot-de-vin
mordido	Mordre
mordisco	Morsure; Coup de dent
moreda	Mûreraie, lieu planté de mûriers; Mûrier
moreira	Paroisse de la commune de Ponteareas
morelia	Morelia
morell	El Morell
morella	Morella
morelos	Nom de famille; Morelos
morena	Murène; Moraine
moreno	Brun; Personne qui a la peau brune; Nom de famille espagnol
morera	Mûrier, mûrier blanc (Morus alba L., 1753)
moretón	Bleu
morfar	Morfer, manger goulument; Morfler, tuer; Morfler, en prendre plein la gueule, souffrir
morfema	Morphème
morfeo	Morphée
morfina	Morphine
morfo	Morfer, manger goulument; Morfler, tuer; Morfler, en prendre plein la gueule, souffrir
morfología	Morphologie
morfológicamente	Morphologiquement
morfológico	Morphologique
morgue	Morgue
moribundo	Moribond
morillo	Chenet; Nom de famille
morir	Mourir
morisco	Morisque, relatif aux musulmans espagnols; Mauresque, relatif aux Maures nord-africains; Morisque
mormón	Mormon
moro	Maure, d’Afrique du Nord; Musulman; Relatif aux Arabes et Juifs d’Espagne entre les VIIᵉ et XVᵉ siècles; Maure
morocho	(Argentine, Bolivie, Paraguay, Pérou, Uruguay) Basané; (Argentine, Paraguay, Uruguay) Brun (personne aux cheveux noirs); Se dit d'un enfant à qui il manque quelques dents; Jumeau, jumelle; (Équateur, Honduras, familier) D'une personne : robuste et bien conservée; (Chili, Colombia, Équateur, Pérou, Uruguay) Maïs morocho; Enfant ou adolescent; Reptile connu sous le nom de « moracho. »
moroso	Mauvais payeur, défaillant
morralla	Camelote
morriña	Nostalgie ou mal du pays; Charbon symptomatique
morro	Museau; Nez (d'un avion...); Colline, rocher; Toupet
morrón	Poivron
mors	Mors
morsa	Morse
morse	Morse
mortadela	Mortadelle
mortaja	Linceul; Mortaise
mortal	Mortel
mortalidad	Mortalité
mortalmente	Mortellement
mortero	Mortier
mortificación	Mortification
mortuorio	Mortuaire
mortífero	Mortifère
moruno	Maure
mosaico	Mosaïque
mosca	Mouche (insecte diptère); Mouche (petite touffe de barbe); Mouche (utilisée à la pêche)
moscatel	Muscat
mosco	Moustique
moscovita	Moscovite; Muscovite
moscú	Moscou, capitale de la Russie
mosqueta	Églantier
mosquete	Mousquet
mosquetero	Mousquetaire
mosquitera	Moustiquaire
mosquitero	Pouillot
mosquito	Moustique
mostacho	Moustache
mostaza	Moutarde
mosto	Moût
mostrador	Étal, vitrine
mostrar	Montrer
mota	Petit nœud qui se fait dans le tissu, petite touffe qui se fait à la surface du tissu; Mouton de poussière; Motte de terre; Motte, petite colline artificielle; Cannabis; Mèche de cheveux crépus
mote	Surnom, pseudonyme; Bouillie de blé émondé ou de maïs; Petit poisson utilisé comme appât
motel	Motel
motherboard	Carte mère
motilidad	Motilité
motivación	Motivation
motivar	Motiver
motivo	Motif
moto	Moto
motocicleta	Motocyclette
motociclismo	Motocyclisme
motoneta	Scooter
motor	Moteur, qui meut; Moteur; Hors-bord, petite embarcation munie d’un moteur
motora	Moteur, qui meut
motorización	Motorisation
motorizado	Motoriser
motosierra	Tronçonneuse
motín	Émeute
mousse	Mousse
mover	Mouvoir; Bouger; Déplacer; bouger
movible	Mobile, amovible
movida	Mouvement, vie, animation; Mouvement culturel créatif espagnol de la période de la transition démocratique après la mort du général Franco
movido	Mouvoir; Bouger; Déplacer; bouger
movilidad	Mobilité
movilización	Mobilisation
movilizador	Mobilisateur
movilizar	Mobiliser
movimiento	Mouvement; Désignation officielle de l’appareil d’État de l’Espagne franquiste entre 1937 et 1976
moya	Moya, en Castille-La Manche; Moya, dans les Îles Canaries
mozambique	Mozambique
mozo	Jeune; Célibataire; Lascif, adonné à la luxure; Garçon, personne qui sert dans les maisons ou le public dans des travaux subalternes; Subalterne; Porte-manteau; Étais; Personne soumise au service militaire
mozárabe	Mozarabe, relatif aux Mozarabes ou à leur langue; Mozarabe, langue romane influencée par l’arabe parlée à Al-Andalus
moño	Chignon; Huppe; Ruban, flot dans les cheveux; Nœud papillon; Vanité, orgueil
mrp	MRP
msm	FSF
msnm	Abréviation de mètre au-dessus du niveau de la mer
mu	Mu
mucama	Femme de chambre
muchacho	Jeune garçon; Jeune homme, adolescent
muchedumbre	Multitude
mucho	Moult, nombreux; Moult, beaucoup
mucosa	Muqueuse
mucosidad	Mucosité
muda	Mue
mudanza	Déménagement
mudar	S’altérer, changer, muer
mudo	Muet
mudéjar	Mudéjar
mueble	Meuble, mobile; Meuble, mobilier; Meuble
mueblería	Magasin de meubles; Atelier où se fabriquent les meubles
mueca	Grimace
muela	Meule
muelle	Quai; Tendre, mou, doux
muermo	Morve
muerte	Mort (décès)
muesca	Mortaise
muestrario	Étalage
muestreo	Échantillonnage
muffin	Muffin
muftí	Mufti
muga	Muga; Limite, frontière; Frai, ponte des poissons
muggle	Moldu
mugre	Saleté, crasse
mugriento	Crasseux
mugroso	Sale, crasseux
muisca	Muisca; Muisca
mujer	Femme
mujercita	Diminutif de mujer (« femme »)
mujeriego	Qui cherche la compagnie des femmes; Coureur de jupons; Groupe de femmes
mujerzuela	Femme
mula	Mule (femelle du mulet); Chariot élévateur
mulato	Mulâtre
muleta	Jeune mule; Béquille, canne surmontée d’un support; Muleta
mullido	Fluffy
mulo	Mulet; Personne têtue et vigoureuse; Nom vernaculaire de Leopardus tilcayo ou tilcayo
multa	Amende, procès-verbal
multar	Verbaliser, mettre une amende
multicolor	Bigarré, multicolore
multicultural	Multiculturel
multiculturalidad	Multiculturalité
multiculturalismo	Multiculturalisme
multidimensional	Multidimensionnel
multidisciplinar	Multidisciplinaire
multidisciplinario	Multidisciplinaire
multifactorial	Multifactoriel
multifunción	Multifonction
multijugador	Multi-joueur, multijoueur
multilateral	Multilatéral
multilingüe	Multilingue
multimedia	Multimédia
multipartidista	Multipartite
multiplataforma	Multiplateforme
multiplicación	Multiplication
multiplicador	Multiplicateur
multiplicar	Multiplier
multiplicidad	Multiplicité
multisectorial	Multisectoriel
multitarea	Multitâche
multitud	Foule
multiverso	Multivers
multiétnico	Multiethnique
mulá	Mollah
mundano	Mondain; Banal, prosaïque
mundial	Mondial
mundialización	Globalisation, mondialisation
mundialmente	Globalement
mundillo	Monde, érable de Montpellier
mundo	Monde
munguía	Mungia
municipal	Municipal
municipalidad	Mairie
municipio	Commune
munición	Munition
munio	Prénom masculin
munster	Munster
mural	Mural; Mural
muralismo	Muralisme
muralista	Muraliste
muralla	Muraille
murcia	Ville de Murcie; Province de Murcie
murciano	Murcien
murciélago	Chauve-souris (mammifère volant)
muriel	Hameau situé dans la commune de Tamajón, en Espagne
murillo	Nom de famille; Bartolomé Esteban Murillo
murmullo	Murmure
murmurar	Murmurer
muro	Mur
mus	Mus
muscular	Musculaire; Muscler
musculatura	Musculature, regroupement des muscles d’un corps ou d’un organe
musculosa	:Modèle:Rio de la Plata Marcel, débardeur
musculoso	Musculeux
muselina	Mousseline
museo	Musée
musgo	Bryophyta, mousse
musical	Musical; Comédie musicale
musicalidad	Musicalité
musicalmente	Musicalement
musicología	musicologie
musicoterapia	Musicothérapie
musicólogo	Musicologue
muslo	Cuisse
mustang	Mustang
musulmán	Musulman
mutación	Mutation
mutilación	Mutilation
mutilado	Mutiler
mutilar	Mutiler
mutismo	Mutisme
mutualidad	Mutualité, mutuelle
mutualismo	Mutuellisme
mutuo	Mutuel
muy	Très
muérdago	Gui
muñeca	Poignet; Poupée
muñeco	Poupée (jouet)
muñoz	Nom de famille
muñón	Moignon
myanmar	Myanmar (pays d’Asie)
mácula	Tache
mágico	Magique
mágina	Massif montagneux situé dans la province de Jaén, en Andalousie
málaga	Malaga
máquina	Machine; Appareil
mármol	Marbre
mártir	Martyr
más	Plus
máscara	Masque; Déguisement; Bal masqué
mástil	Mât
máxime	Surtout
máximo	Maximum, maximal; Maximum
médano	Dune
médico	Docteur et doctoresse, médecin; Médical; Médique
médium	Médium
médula	Moelle (des os); Moelle
mélida	Mélida
mérida	Mérida
mérito	Mérite
método	Méthode
métrico	métrique
méxico	Mexique, pays d’Amérique; Mexico (capitale du Mexique)
mí	Moi
míchigan	Michigan
mínimamente	Minimalement
mínimo	Banane
mío	Mien, dans « le mien »; Mien
mísero	Misérable; De peu de valeur
míster	Entraîneur
místico	Mystique
mítico	Mythique
módem	Modem
módena	Modène
módico	Abordable, modique
módulo	Module
mónaco	Monaco (principauté européenne)
mónica	Monique
mórbido	Morbide
móvil	Mobile; Portable , téléphone portable, mobile, natel
múgica	Muxika; Nom de famille
mújica	Nom de famille
múltiple	Multiple
múnich	Munich
músculo	Muscle
música	Musique; Musicienne; Pièce de musique, morceau de musique
músico	Musicien
nabo	Navet; Pénis
nacer	Naître
naciente	Naissant
nacimiento	Naissance; Crèche, représentation de la Nativité
nacional	National
nacionalidad	Nationalité
nacionalismo	Le nationalisme
nacionalista	Nationaliste
nacionalización	Nationalisation
nacionalizar	Nationaliser
nacionalsocialismo	National-socialisme
nacionalsocialista	National-socialiste; National-socialiste
nación	Nation
nada	Rien; Néant
nadador	Nageur; Nageur
nadando	Nager
nadar	Nager
nadie	Minable; Personne (au sens négatif)
nadies	Minable
nadir	Nadir
nado	Nager
nafta	Naphte; Essence (carburant)
nahua	Langue des Nahuas, peuple du Mexique autrefois appelé Aztèque; Nahua, membre des Nahuas; Nahua, relatif aux Nahuas
naif	Naïf
nailon	Eau
naipe	Carte à jouer
nairobi	Nairobi (capitale du Kenya)
nalga	Fesse
nalgada	Fessée
nalón	Fleuve qui traverse les Asturies, en Espagne
namibia	Namibie (pays africain)
nan	NaN
nana	Nourrice
nance	Arbre de nom scientifique Byrsonima crassifolia; Fruit de cette plante
nancy	Nancy (ville de France)
nano	Mec; Mec
nanotecnología	Nanotechnologie
nantes	Nantes
nao	Nef, caraque
napalm	Napalm
napoleón	Napoléon; Coupe-boulons; Pièce de monnaie en argent, à l'effigie de Napoléon 1ᵉʳ, et qui étaient en circulation en Espagne durant la guerre d'indépendance
napolitana	Napolitaine, habitante de Naples; Pain au chocolat
napolitano	Napolitain; Napolitain, habitant de Naples
naranja	Orange (agrume); Orange (couleur secondaire); Orange
naranjas	Orange (agrume); Orange (couleur secondaire)
naranjo	Oranger
narbona	Narbonne (ville de France)
narcea	Affluent du Nalón qui coule dans les Asturies, en Espagne
narcisismo	Narcissisme
narciso	Narcisse
narco	Dealer, narco, narcotrafiquant
narcoestado	Narco-État
narcolepsia	Narcolepsie, maladie de Gélineau
narcoterrorismo	Narco-terrorisme, narcoterrorisme
narcotraficante	narcotrafiquant
narcotráfico	Narcotrafic
narcótico	Narcotique; Substance narcotique
nardo	Nard
narigón	Qui a de grosse narines; Anneau que l'on place dans le museau des taureaux et autres animaux de ferme, anneau nasal; Personne qui à de grosses narines; Trou pratiqué dans un tronc d’arbre pour y passer un cordage et pouvoir le tirer; Distance laissée entre deux plants de cannes à sucre de la même rangée
nariz	Nez
narración	Narration, récit; Conte, roman; Narration
narrador	Narrateur
narrar	Narrer
narrativa	Narratif, narration
narrativo	Narratif
nasa	Nasse
nasal	Nasal
nat	NAT
nata	Crème (produit laitier); Peau (sur le lait bouilli); Matériel sans valeur, rejeté après l’extraction du minerai
natación	Natation
natal	Natal
natalia	Prénom féminin correspondant à Nathalie
natalicio	Naissance
natalidad	Natalité
natilla	Crème typiquement espagnole à base de lait, jaune d’œuf, sucre, vanille et cannelle
natillas	Crème dessert
natividad	Nativité
nativo	Natif, natal, originaire; Aborigène, habitant originaire
nato	Né, inné
natural	Naturel
naturaleza	Nature
naturalista	Naturaliste
naturalización	Naturalisation
naturalizar	Naturaliser
naturalmente	Bien sûr, naturellement
natán	Prénom masculin
naufragar	Faire naufrage
naufragio	Naufrage
nauru	Nauru (pays d’Océanie); Nauru (île d’Océanie)
nauseabundo	Dégueulasse, nauséeux
nava	Val, vallée; Nava
navacerrada	Navacerrada
navaja	Couteau; Coupe-choux
navajo	Navajo
naval	Naval
navalcarnero	Navalcarnero
navalmoral	Navalmoral
navarra	Navarre
navarrete	Nom de famille; Navarrete, commune de la province et Communauté autonome de La Rioja en Espagne
navarro	Navarrais; Navarrais (dialecte du basque)
navas	Val, vallée
nave	Navire; Nef
navegable	Navigable
navegación	Navigation
navegante	Navigant; Navigateur; Aéronaute
navegar	Naviguer
navia	Fleuve qui coule en Galice et dans les Asturies; Navia
navidad	Noël (fête)
navideño	Noëlien
naviero	Armateur; Armateur
navío	Navire
nayarit	Nayarit
nazar	Amulette contre le mauvais œil; Nazar
nazareno	Nazaréen
nazaret	Nazareth
nazario	Nazaire
nazarí	Nasride
nazismo	Nazisme
neandertal	Néandertalien (espèce humaine éteinte, scientifiquement connue sous le nom dHomo neanderthalensis)
neblina	Brouillard
nebraska	Nebraska
nebulosa	Nébuleuse
nebuloso	Nébuleux, nuageux
necedad	Bêtise, niaiserie, sottise
necesariamente	Nécessairement
necesario	Nécessaire
neceser	Nécessaire de toilette, trousse de toilette
necesidad	Nécessité, besoin
necesitar	Nécessiter, avoir besoin de
necio	Niais, sot
necrofilia	Nécrophilie
necrosis	Nécrose
necrópolis	Cimetière, nécropole
neerlandés	Néerlandais, relatif aux Pays-Bas; Néerlandais, l'habitant; Néerlandais, la langue
nefasto	Néfaste
nefertiti	Néfertiti
nefilim	Nephilim
nefritis	Néphrite
nefrología	Néphrologie
nefropatía	Néphropathie
neftalí	Prénom masculin
negacionismo	Négationnisme
negacionista	Négationniste
negación	Négation
negar	Nier, refuser
negativa	Négatif
negativismo	Négativisme
negativo	Négatif
negligencia	Négligence
negligente	Négligent
negociable	Négociable
negociación	Négociation
negociar	Négocier; Réparer
negocio	Négocier; Réparer
negrero	Négrier
negrita	Gras
negrito	Négrito; Négrite
negritud	Négritude
negro	Relatif à la couleur noire; Noir (Couleur); Noir (Personne de couleur noire.)
negrura	Noirceur, caractère de ce qui est noir; Négritude, caractère de ce qui est nègre
negruzco	Noirâtre
negrón	Macreuse
nehemías	Néhémie
nene	Petit enfant; Terme affectueux pour désigner les personnes âgées
neoclasicismo	Néo-classicisme
neocolonial	Néo-colonial, néocolonial
neocolonialismo	Néo-colonialisme, néocolonialisme
neoliberal	Néolibéral; Néolibéral
neoliberalismo	Néolibéralisme
neologismo	Néologisme
neolítico	Néolithique
neonato	Nouveau-né
neoplatonismo	Néoplatonisme
neoyorkino	New-Yorkais
neoyorquino	new-yorkais; New-Yorkais
neozelandés	Néo-Zélandais; Néo-zélandais
nepal	Népal, pays himalayen
nepalí	népalais, relatif au Népal ou à ces habitants; népalais, qui concerne le népalais; Népalais (personne); népalais (langue)
nepotismo	Népotisme
neptuno	Neptune, dieu romain; Neptune, planète
nerva	Nerva, empereur romain; Nerva, commune andalouse
nervadura	Nervure
nervio	Nerf
nerviosismo	Nervosisme
nervioso	Nerveux
netamente	Nettement
neto	Propre, net
neumonía	Pneumonie
neumotórax	Pneumothorax
neumática	Pneumatique
neumático	Pneumatique; Pneu
neuquén	Province d’Argentine; Capitale de la province éponyme
neuralgia	Névralgie
neurociencia	Neuroscience
neurocirugía	Neurochirurgie
neurocirujano	Neurochirurgien
neurología	Neurologie
neurona	Neurone
neuronal	Neuronal
neuropatía	Neuropathie
neurosis	Névrose
neurotransmisor	Neurotransmetteur
neurálgico	Névralgique
neurólogo	Neurologue
neurótico	Névrotique; Névrotique
neutral	Neutre
neutralidad	Neutralité
neutralizar	Neutraliser
neutrino	Neutrino
neutro	Neutre
neutrón	Neutron
nevada	Nevada; Nevada, commune d’Espagne formée de la fusion de Laroles, Júbar, Mairena et Picena; Tempête de neige
nevado	Enneigé
nevar	Neiger; Blanchir, rendre blanc comme neige, ou recouvrir de parcelles blanches comme des flocons
nevera	Réfrigérateur
newton	Newton (N)
nexo	Lien
ney	Ney
neófito	Néophyte
neón	Néon (l’élément chimique Ne)
ni	Ni
niamey	Niamey (capitale du Niger)
nica	Nicaraguayen
nicanor	Nicanor
nicaragua	Nicaragua (pays d’Amérique centrale)
nicaragüense	Nicaraguayen, relatif au Nicaragua; Nicaraguayen, habitant ou habitante du Nicaragua
nicolás	Nicolas
nicosia	Nicosie
nicotina	Nicotine
nido	Nid
niebla	Brouillard, brume
niel	Nielle, incrustation décorative
nieta	Petite-fille
nieto	Petit-fils
nieve	Neige; Neige, chute de neige. Note d’usage : Ce terme est généralement utilisé au pluriel; Glace, crème glacée; Neige (cocaïne)
nigeria	Nigeria
nigeriano	Nigérian, en rapport avec le Nigéria; Nigérian, habitant du Nigéria
nigromante	Nécromancien
nihilismo	Nihilisme
nihilista	Nihiliste
nikkei	Membre de la diaspora japonaise
nilo	Nil
nimes	Nîmes (ville de France)
ninfa	Nymphe, divinité grecque mineure féminine qui personnifie les forces vives de la nature; Nymphe, jeune fille ou jeune femme dont la grâce fait rêver; Courtisane; Nymphe, stade de métamorphose d’un insecte entre la larve et l’imago; Nymphéa; Nymphe, chacune des petites lèvres de la vulve
ninfómana	Nymphomane
ningunear	Ignorer quelqu'un, le mépriser
ninguneo	Mépris, action d'ignorer quelqu'un
ninguno	Aucun; Personne, rien, aucun
nini	NEET; Nini, jeune personne qui a terminé ses études et qui ne trouve pas de travail
nino	Garçonnet
niobio	Niobium (l’élément chimique Nb)
nit	Nit
nitidez	Clarté, limpidité
nitrato	Nitrate
nitrito	Nitrite
nitro	Nitro, nitroglycérine, trinitroglycérine (C₃H₅N₃O₉)
nitroglicerina	Nitroglycérine, trinitroglycérine (C₃H₅N₃O₉)
nitroso	Nitreux
nitrógeno	Azote (l’élément chimique N); Synonyme de dinitrógeno (diazote)
niue	Niue (pays d’Océanie)
nivel	Niveau
nivelación	Nivellement
nivelar	Niveler
nix	Nix, satellite naturel de la planète naine Pluton
nixtamal	Maïs bouilli travaillé en masse, utilisée surtout dans la préparation des tortillas
niza	Nice (ville de France)
niña	Fillette, fille; Pupille de l'œil; Pucelle, vierge
niñato	Chiard
niñera	Baby-sitter
niñez	Enfance
niñita	Fillette
niño	Garçon, enfant
nmms	no mames
no	Non; Ne pas; Ne… pas
nobiliario	Noble
noble	Noble; Noble
nobleza	Noblesse, qualité de ce qui est noble; Noblesse, classe sociale aristocratique héréditaire; Noblesse, grandeur d’âme
noche	Nuit, moment pendant lequel il n’y a pas la lumière du jour; Soir, soirée; Obscurité, flou, en parlant d’une idée
nochebuena	Soirée du réveillon de Noël
nochevieja	Saint-Sylvestre (dernier jour de l’année)
nocivo	Nocif
noción	Notion
nocturno	Nocturne; Nocturne
nodo	Nœud
nodriza	Nourrice
noelia	Prénom féminin, équivalent du français Noëlle
noemí	Noémie
nogal	Noyer (Juglans L.)
noguera	Noyer
noh	Nô
noja	Noja
nombrar	Nommer
nombre	Nom, mot qui désigne ou identifie des êtres animés ou inanimés; Réputation, opinion; Nom, classe ou nature de mots ayant un genre propre et qui peut avoir plusieurs fonctions dans une phrase; Prénom; Signal secret qui se prononce pendant la nuit afin de reconnaître un ami, en lui faisant dire
nomen	Nomen
nomenclatura	Nomenclature
nominación	Nomination
nominal	Nominal
nominar	Nommer; Nominer
nominativo	Nominatif
non	Impair
nona	None
noni	Noni
nono	Neuvième; Grand-père
nopal	Nopal
noradrenalina	Noradrénaline
norcoreano	Nord-coréen; Nord-Coréen
nord	Nord
nordeste	Nord-est
noria	Noria (machine hydraulique); Grande roue (manège forain)
norma	Norme
normal	Normal
normalidad	Normalité
normalizar	Normaliser, standardiser
normalmente	Normalement, ordinairement, usuellement
normando	Normand
normandía	Normandie
normar	Normer
normativo	Normatif
noroccidental	Nord-ouest
noroeste	Nord-ouest
norte	Nord; Repère, point de référence
norteamericano	Nord-américain; Nord-Américain
norteamérica	Amérique du Nord
norteño	Nordiste; Habitant du Nord d’un pays hispanophone
noruega	Norvège (pays scandinave); Norvégienne, habitante de la Norvège
noruego	Norvégien, relatif à la Norvège; Norvégien, habitant de la Norvège; Norvégien, la langue parlée en Norvège
nos	Nous : première personne du pluriel
nosocomio	Hôpital
nosotras	Nous : première personne du pluriel féminin
nosotros	Nous : première personne du pluriel masculin
nostalgia	Nostalgie
nostálgico	Nostalgique
nota	Note; Observation, remarque, réflexion; Facture
notable	Notable, remarquable; Notable
notablemente	Notamment
notación	Notation
notar	Noter; Apercevoir, remarquer
notario	Notaire
notaría	Noter; Apercevoir, remarquer
noticia	Message, affiche
noticiario	Journal télévisé
noticiero	Actualités
notición	Scoop, nouvelle exceptionnelle
notificación	Notification, action de notifier
notificar	Notifier
noto	Noter; Apercevoir, remarquer
notoriedad	Notoriété
nottingham	Nottingham
nova	Nova
novatada	Bizutage
novato	débutant, nouveau, jeune
novecientos	Neuf-cents
novedad	Nouveauté
novela	Roman, en tant que genre littéraire; Roman, œuvre appartenant à ce genre littéraire
novelesco	Romanesque
novelista	Romancier, romancière
novenario	Neuvaine
noveno	Neuvième; Neuvième (numéro 9 ou 1/9)
noventa	Quatre-vingt-dix, nonante
novia	Fiancée, promise; Jeune mariée; Petite amie
noviembre	Mois de novembre, onzième mois de l’année
novillada	Novillada
novillo	Veau
novio	Fiancé; Jeune marié; Petit ami
novosibirsk	Novossibirsk
ntp	no te preocupes (ne t'inquiète pas)
nube	Nuage
nublado	Brouiller, obscurcir
nublar	Brouiller, obscurcir
nublo	Brouiller, obscurcir
nuca	Nuque
nuclear	Nucléaire
nudillo	Jointure, nœud, articulation
nudismo	Nudisme
nudista	Nudiste
nudo	Nœud
nuera	Belle-fille, bru
nuestro	Nôtre; Notre
nuevamente	Nouvellement, encore
nueve	Neuf
nuevo	Nouveau
nuez	Noix (fruit du noyer); Pomme d’Adam (saillie du cartilage thyroïdien)
nulidad	Nullité; Personne nulle
nulo	Nul
numeración	Numération
numerado	Numéroter
numeral	Numéral; Numéral
numerar	Numéroter
numeros	Numéro
numeroso	Nombreux
numismática	Numismatique
numismático	Numismatique
numérico	Numérique
nunavut	Nunavut
nunca	Jamais
nuncio	Nonce
nupcial	Nuptial
nupcias	Noces
nutria	Loutre; Nom donné par analogie et par abus au ragondin
nutrición	Nutrition
nutriente	Nutritif, nutriment; Nutritif, nutriment
nutrir	Alimenter, nourrir
nutritivo	Nutritif
nuño	Prénom masculin
nw	NO
nácar	Nacre
náhuatl	Nahuatl (langue)
nápoles	Naples
náufrago	Naufragée
náusea	Nausée
náutico	Nautique; (sous-entendant zapato) Chaussure bateau
néctar	Nectar; Nectar, liquide sucré produit par certaines fleurs
némesis	Némésis
níger	Niger, fleuve d’Afrique; Niger, pays d’Afrique
níquel	Nickel (l’élément chimique Ni)
níspero	Néflier (Mespilus germanica ou parfois Eriobotrya japonica.); Nèfle (fruit du néflier); Nèfle du Japon; ^([DRAE]) Chicozapote
nítido	Clair, limpide
nítrico	Nitrique
nódulo	Nodule
nómada	Nomade
nómina	Bulletin de paie
nórdico	Nordique, duvet; Nordique, duvet
núcleo	Noyau
número	Nombre; Numéro; Chiffre; Tour (de magie, de carte)
núñez	Nom de famille
o	Ou; Où
oaci	Organisation de l’aviation civile internationale (OACI)
oasis	Oasis
oaxaca	Oaxaca (état); Oaxaca (ville)
oaxaqueño	Oaxaqueño
ob	Ob
obedecer	Obéir
obediencia	Obéissance
obediente	Obéissant
obelisco	Obélisque
obertura	Ouverture
obesidad	Obésité
obeso	Obèse, corpulent
obispado	Évêché
obispo	Évêque
obituario	Obituaire; Nécrologie, nom de la rubrique donnant les faire-part de décès
objeción	Objection
objetar	Objecter
objetividad	Objectivité
objetivo	Objectif; But, objectif, dessein
objeto	Objet, chose
objetor	Objecteur
oblea	Oublie; Fine gaufre; Personne mince comme une gaufre
oblicuo	Oblique; Cas oblique; Muscle oblique
obligación	Obligation
obligado	Obligé
obligar	Obliger
obligatorio	Obligatoire
oblongo	Oblong
oboe	Hautbois
obra	Œuvre
obrar	Agir
obrero	Ouvrier
obscenidad	Obscénité
obsceno	Obscène
obscuridad	Obscurité
obsequiar	Régaler, faire un cadeau
obsequio	Cadeau
observable	Observable
observación	Observation
observador	Observateur
observancia	Observance
observar	Observer, regarder
observatorio	Observatoire
obsesionado	Obsédé
obsesivo	Obsédant
obsesión	Obsession
obsidiana	Obsidienne
obsolescencia	Désuétude
obsoleto	Obsolète
obstaculizar	Entraver
obstante	Qui fait obstacle
obstetricia	Obstétrique
obstinación	Obstination
obstinadamente	Obstinément
obstinado	S’obstiner
obstrucción	Obstruction, barrière
obstruir	Boucher, raccommoder; Barrer, bloquer
obstáculo	Obstacle, empêchement, barrière
obtención	Obtention
obtener	Obtenir
obturación	Obturation
obturador	Obturateur
obtuso	Doux, mousse, sourd
obviamente	Évidemment
obvio	Évident, clair, patent; Trivial, facile, aisé
obús	Obusier; Obus
oca	Oie; Oca; Oque
ocarina	Ocarina
ocasionalmente	Occasionnellement
ocasionar	Entraîner, causer, procurer
ocasión	Occasion
ocaso	Coucher
ocaña	Ocaña
occidental	Occidental
occidentalización	Occidentalisation
occidente	Occident
occipital	Occipital
occitano	Occitan
ocde	OCDE
oceanía	Océanie
ocelote	Ocelot
oceánico	Océanique
ochenta	Quatre-vingts, huitante
ocho	Huit
ochoa	Ochoa
ochocientos	Huit-cents
ocio	Loisir
ociosidad	Oisiveté
ocioso	Oisif; Exempté de faire une chose que l’on doit faire; Inutile, sans objet, inefficace; Se dit d’un terrain non cultivé; Malhonnête; Personne oisive
oclusiva	Occlusif
oclusión	Occlusion
ocote	Nom générique de plusieurs espèces de pins américains (Pinus sp.); Anus; Pin de Montezuma (Pinus montezumae Lamb., 1832)
ocre	Ocre; Ocre
octavo	Huitième; Huitième (numéro 8); Huitième (1/8)
octogonal	Octogonal, octogonale
octubre	Octobre
ocular	Oculaire
oculista	Oculiste
ocultación	Occultation
ocultamiento	Dissimulation
ocultar	Occulter, cacher
ocultismo	Occultisme
oculto	Occulte, caché
ocupación	Occupation
ocupar	Occuper
ocurrencia	Mot d’esprit
ocurrente	Qui arrive, qui se passe; Intelligent, subtil, astucieux, qui a des ocurrencias, des idées bien à propos permettant de faire évoluer favorablement une situation
ocurrir	Se passer, arriver, avoir lieu
océano	Océan
ocón	Ocón
oda	Ode
odesa	Odessa (ville d’Ukraine, capitale de l’oblast d’Odessa)
odiar	Haïr
odio	Haine
odioso	Odieux
odisea	Odyssée
odontología	Odontologie
odontológico	Dentaire
ods	ODD
odín	Odin (dieu nordique)
odón	Odón
oea	OEA
oeste	Occident, ouest
ofelia	Ophélie
ofenda	Offenser
ofender	Offenser
ofendido	Offenser
ofensa	Offense
ofensiva	Offensive
ofensivo	Offensif
oferta	Offrir, faire une offre
ofertar	Offrir, faire une offre
offset	Offset
oficial	Officiel; Officier; Cadre
oficialismo	Establishment
oficializar	Officialiser
oficialmente	Officiellement
oficina	Bureau
oficinista	Personne qui travaille dans un bureau
oficio	Métier, profession
oficioso	Officieux
ofimática	Bureautique
ofrecer	Offrir
ofrecimiento	Don; Offre, proposition; Offrande
ofrenda	Offrande
ofrendar	Offrir, sacrifier
oftalmología	Ophtalmologie
oftalmólogo	Ophtalmologue, ophtalmologiste
ogro	Ogre
oh	Oh; Ô
oidor	Auditeur
ojal	Boutonnière
ojalá	(+ subjonctif ou que (ojalá que) + subjonctif) Espérons, si Dieu veut, Dieu veuille (marque le souhait que quelque chose se réalise), Inch'Allah; Si seulement
ojear	Jeter un œil
ojete	Trou du cul (anus); Trou du cul, connard, tête de nœud, ducon, dugland
ojiva	Ogive
ojo	Œil; Attention
ojota	Sandales artisanales faites en cuir de cou de lama avec une semelle en fibres végétales; Tong; Mocassin de cuir en usage sur l'île de Chiloé
oka	Fleuve du Pays basque
okupa	Squatter, squatteur, squatteuse; Squatter, squatteur, squatteuse
ola	Vague, onde formée par le vent ou un autre phénomène sur la surface de la mer ou d’un lac; Poussée, influence subite provoquée par une grande quantité de personnes ou de choses
olaya	Prénom féminin
oleada	Vague; Récolte d'huile abondante
oleaje	Houle
olegario	Prénom masculin
oleico	Oléique
oleoducto	Oléoduc
oler	Sentir (action qui résulte de l’utilisation de son odorat); Répandre une odeur
olfatear	Sentir
olfato	Odorat
oligarca	Oligarque
oligarquía	Oligarchie
oligoceno	Oligocène
oligopolio	Oligopole
oligárquico	Oligarchique
olimpiada	Olympiade
olimpíada	Jeux olympiques
olite	Olite
oliva	Olivier; Olive; Paix; Hibou, oiseau d'Athéna qui apporta l'olivier aux hommes
olivar	Oliveraie, olivaie, champ planté d’oliviers
olivares	Olivares
olivenza	Olivenza
olivo	Olivier (arbre); Olivier (bois); Palo cenizo; Prénom masculin, équivalant au français Olivier
olivos	Olivier (arbre); Olivier (bois); Palo cenizo
olla	Marmite; Contenu de marmite; Pot en terre cuite allant sur le feu; Remous d'eau; Polytric
ollo	Ollo
olmeca	Olmèque
olmeda	Ormaie
olmedo	Olmedo; Ormaie
olmo	Orme
olor	Odeur
oloroso	Odorant
olot	Olot
olvera	Olvera
olvidable	Oubliable
olvidar	Oublier
olvido	Oubli
olé	Interjection exprimant l’admiration, l’enthousiasme, l’approbation, typiquement dans une corrida, face à une belle passe
olímpico	Olympique
ombligo	Nombril
ombú	Ombu, arbre originaire d’Amérique du Sud, fréquemment planté dans le sud de l’Europe (espèce Phytolacca dioica)
omega	Oméga
omeprazol	Oméprazole
omisión	Omission
omiso	Négligent
omitir	Omettre
omnipotencia	Omnipotence
omnipotente	Omnipotent
omnipresencia	Omniprésence
omnipresente	Omniprésent
omnisciente	Omniscient, qui sait tout
omnívoro	Omnivore
oms	OMS
omsk	Omsk (ville de Russie)
omán	Oman, pays arabe
omóplato	Omoplate
once	Onze (11); Onze
onceavo	Onzième
oncología	Oncologie
oncológico	Oncologique
oncólogo	Oncologue, cancérologue
onda	Onde, vague; Onda
ondear	Flotter, ondoyer
ondina	Ondine
ondulación	Ondulation
ondulado	Onduler
ondulante	Ondulant
oneroso	Lourd
ong	ONG
onomatopeya	Onomatopée
onomástica	Onomastique
onsen	Onsen
ontología	Ontologie
ontológico	Ontologique
onu	Organisation des Nations unies
onubense	De Huelva; Habitant de Huelva
onza	Once
onésimo	Onésime
onírico	Onirique
onís	Onís
opacar	Opacifier
opacidad	Opacité
opaco	Opaque, obscur
opcional	Facultatif
opción	Choix, option
opep	OPEC
operable	Opérable
operación	Opération
operador	Opérateur
operar	Opérer
operario	Ouvrier
operativo	Opérateur; Opération
opinable	Discutable
opinar	Penser que, être d’avis; Opiner
opinión	Opinion, avis
opio	Opium
oponente	Opposant
oponer	Opposer
oporto	Porto
oportunamente	Opportunément
oportunidad	Opportunité
oportunismo	Opportunisme
oportunista	Arriviste
oportuno	Opportun, convenable, commode; Propice, favorable
oposición	Opposition
opositor	Opposant; Opposant
opresión	Oppression, action d’opprimer; Oppression, état de ce qui est oppressé
opresor	Oppresseur
oprimido	Opprimé
oprimir	Opprimer; Appuyer en écrasant, presser, serrer
oprobio	Opprobre
optar	Opter, adopter, choisir, désigner
optativa	Optatif
optativo	Optatif
optimismo	Optimisme
optimista	Optimiste
optimización	Optimisation
optimizar	Optimiser
opuesto	Opposer
opulencia	Opulence
opulento	Opulent
opus	Opus
opérculo	Ouïe, opercule
opúsculo	Brochure, opuscule
oquendo	Okondo
ora	Maintenant, en ce moment
oración	Discours; Phrase; Prière
orador	Orateur
oral	Oral (qui est exprimé ou transmis de vive voix); Oral (qui est relatif à la bouche); Oral (qui se prend par la bouche); Oral (qualifie un son qui se prononce en expulsant l'air exclusivement par la bouche)
orangután	Orang-outan
orar	Prier
orbe	Globe, monde; Orbe
orbital	Orbital, orbitale atomique; Orbital, orbitale atomique
orbitar	Orbiter
orca	Orque, épaulard
orco	Orc
orden	Ordre, instruction; Ordre, disposition; Ordre
ordenación	Ordination
ordenadamente	Ordonnément, en ordre
ordenador	Ordinateur
ordenamiento	Ordonnance; Tri, ordonnancement
ordenanza	Ordonnance
ordenar	Ordonner, commander, enjoindre, sommer
ordeña	Traire
ordeñar	Traire
ordeño	Traite
ordinal	Ordinal; Ordinal
ordinario	Ordinaire
orduña	Urduña
ore	Prier
oregón	Oregon
oreja	Oreille
orejudo	Oreillard, qui a de grandes oreilles; Oreillard
orejón	Oreillard, qui a de grandes oreilles; Noble inca, ainsi dit parce qu’une coutume inca consistait à étirer le lobe des oreilles; Nom de plusieurs tribus amérindiennes; Habitant de Sabana de Bogotá; Tranche de fruit (pomme, pêche, etc.) séché au soleil
orense	Ourense
orfanato	Orphelinat
orfandad	Orphelinage
orfebre	Orfèvre, orfèvresse, orfévre
orfebrería	Orfèvrerie
orfeo	Orphée
orfeón	Orphéon
organismo	Organisme
organista	Organiste
organizacional	Organisationnel
organización	Organisation
organizar	Organiser
organizativo	Organisationnel
orgasmo	Orgasme
orgaz	Orgaz
orgullo	Orgueil, fierté
orgullosamente	Orgueilleusement
orgulloso	Fier; Orgueilleux
orgánicamente	Organiquement
orgánico	Organique
orgía	Orgie
oria	Oria, en Espagne; Fleuve de la province de Guipuscoa
orientación	Orientation
oriental	Oriental
orientalismo	Orientalisme
orientalista	Orientaliste
orientar	Orienter
oriente	Est, orient
orificio	Orifice
origami	Origami; Objet d’origami
origen	Origine
original	Original
originalidad	Originalité, caractère de ce qui appartient en propre; Originalité, rareté, singularité, nouveauté; Originalité, bizarrerie, étrangeté
originar	Causer, provoquer
originario	Original, originaire
orihuela	Orihuela
orilla	Rive, rivage; Brise, petit vent frais; Banlieue
orina	Urine
orinal	Pot de chambre
orinar	Uriner
orine	Uriner
orinoco	Orénoque
oriundo	Originaire
orión	Orion
orla	Orle
orlando	Roland; Orlando, en Floride
orleans	Orléans (ville française)
ornamental	Ornemental
ornamento	Ornement
ornitología	Ornithologie
ornitorrinco	Ornithorynque
ornitólogo	Ornithologue
oro	Or (l’élément chimique Au); Or (le métal); Denier, enseigne de jeu de carte; As de denier; Or (couleur)
oropesa	Oropesa
orozco	Orozko
orquesta	Orchestre
orquestar	Orchestrer
orquídea	Orchidée
ortega	Ortega; Ganga unibande
ortiga	Ortie
ortiz	Nom de famille
ortodoncia	Orthodontie
ortodoxia	Orthodoxie
ortodoxo	Orthodoxe; Correct
ortogonal	Orthogonal
ortografía	Orthographie
ortopedia	Orthopédie
ortopédico	Orthopédiste
oruga	Chenille, larve de papillon; Roquette
orujo	Marc de raisin, de fruits ou d’olives après pressage; Eau-de-vie faite à partir de marcs de raisin
orwelliano	Orwellien
oráculo	Oracle; Prévision
orán	Oran, ville d’Algérie
orégano	Origan; Calament népéta
orín	Rouille, oxyde rouge qui se forme à la surface du fer et de ses alliages par l'action de l'air et de l'eau
os	Vous, deuxième personne du pluriel, accusatif, datif, réfléchi de vosotros
osado	Osé
osadía	Audace
osario	Ossuaire
oscense	De Huesca; Habitant de Huesca
oscilación	Osciller
oscilador	Oscillateur
oscilar	Osciller
osciloscopio	Oscilloscope
oscurantismo	Obscurantisme
oscurecer	Obscurcir, assombrir; Foncer (une couleur)
oscurecimiento	Assombrissement
oscuridad	Obscurité
oscuro	Obscur, sombre
osiris	Osiris
osito	Nounours
oslo	Oslo, capitale de la Norvège
oso	Ours
ostensible	Ostensible
ostensiblemente	Ostensiblement
ostentación	Ostentation
ostentar	Étaler; Se vanter
ostentoso	Ostentatoire
osteoporosis	Ostéoporose
ostión	Huître
ostra	Huître
ostracismo	Ostracisme
ostras	Zut
osuna	Osuna
otaku	Otaku
otan	OTAN (Organisation du traité de l’Atlantique Nord)
oteiza	Oteiza
otero	Otero
otitis	Otite
otomano	Ottoman
otomí	Otomí; Otomí
otorgamiento	Octroi
otorgar	Octroyer
otorrinolaringología	Otorhinolaryngologie
otoñal	Automnal
otoño	Automne
otro	Autre
otrora	Jadis; Autrefois
ottawa	Ottawa
ou	Psittirostre psittacin
ouija	Ouija
oval	Ovale
ovario	Ovaire
oveja	Brebis; Mouton
ovejero	Berger; Berger
ovidio	Ovide
oviedo	Oviedo
ovillo	Bobine, pelote
ovino	Ovine; Ovine
ovni	Ovni
ovo	Ove
ovoide	Ovoïde
ovulación	Ovulation
ovárico	Ovarien
oxalato	Oxalate
oxford	Oxford, ville anglaise
oxicodona	Oxycodone
oxidación	Oxydation
oxidado	Oxydé
oxidante	Oxydant
oxidar	Oxyder
oxigenar	Oxygéner
oxitocina	Ocytocine (C₄₃H₆₆N₁₂S₂)
oxígeno	Oxygène (l’élément chimique O)
oxímoron	Oxymore
oya	Oia
oyarzun	Oiartzun
oyente	Auditeur
ozono	Ozone
oído	Oreille; Ouïe, audition
oír	Entendre, ouïr
oña	Oña
oñate	Ognate
pa	Synonyme de para
pabellón	Pavillon
pablito	Diminutif de Pablo
pablo	Prénom masculin, correspondant à Paul
paca	Paca; Paquet; Policière, femme flic; Françoise
pacense	De Badajoz; Habitant de Badajoz
pacer	Paître; Faire paître
paceño	Pacénien
pacha	Flacon, flasque; Biberon
pachanga	Pachanga, musique originaire de Cuba; Fête, divertissement
pacheco	Nom de famille
pacho	Indolent; Aplati
pachá	Pacha
paciencia	Patience
paciente	Patient; Patient, patiente
pacientemente	Patiemment
pacificación	Pacification
pacificar	Pacifier
pacifismo	Pacifisme
pacifista	Pacifiste; Pacifiste
paco	Paco, minerai d’argent ferreux; Lors de la guerre du Rif, soldat franc-tireur; Tamal de maïs lavé; Paquet, grande quantité de quelque chose; Flic, poulet; Paco, lama ou alpaga; Pâte de cocaïne; Prénom masculin, correspondant à François
pacotilla	Pacotille
pacquiao	Pacquiao
pactar	Pactiser
pacto	Pacte
pacífico	Pacifique
paddock	Paddock pour les courses hippiques; Paddock pour les courses mécaniques
padecer	Souffrir de, pâtir de
padecimiento	Souffrance, douleur
padrastro	Beau-père, second époux de la mère
padre	Père, homme qui a un ou des enfants; Curé; Origine; Personne à l'origine d’une invention; Les parents; Très grand; Cool, génial; Le Père, première personne de la Trinité
padrenuestro	Notre Père
padrino	Parrain
padrote	Maquereau, proxénète
padrón	Registre des citoyens d'une commune
padua	Padoue
paella	Paella; Grande poêle dans laquelle on cuit la paella
paez	Paez
pagador	Payeur, qui paie; Payeur
pagafantas	Celui qui, dans les relations galantes, se montre incapable de conclure, de séduire la gent féminine, qui offre en vain en tentant d’y parvenir, incapable d’aller au-delà de la courtoisie, loser; Imbécile dont on profite, celui qui agit déraisonnablement pour plaire à autrui dans l’attente d’une improbable rétribution future; Celui qui ne détient aucune influence, qui est sans capacité de décision, subalterne
paganismo	Paganisme
pagano	Païen
pagar	Payer
pagaré	Reconnaissance de dette
paginación	Pagination
pago	Paie; Paiement
pagoda	Pagode
pagué	Payer
pai	Tarte
paila	Poêle
paintball	Paintball
paipa	Pénis
paisa	Paisa
paisaje	Paysage
paisajista	Paysagiste
paisano	Paysan, rural; Paysan, non rom
paja	Paille; Foin; Masturbation
pajar	Meule de foin, botte de paille
pajarera	Oiseleuse
pajares	Meule de foin, botte de paille
pajarita	Cocotte, cocotte en papier, pliage ressemblant à un oiseau; Nœud papillon
pajarito	Petit oiseau, oiselet, oisillon, moineau
pajaritos	Petit oiseau, oiselet, oisillon, moineau
paje	Page
pajero	Vendeur de paille itinérant; Plombier, ouvrier chargé des travaux de plomberie; Personne qui raconte des bêtises; Menteur; Branleur; Idiot, personne stupide; Paresseux, fainéant
pajilla	Paille pour boire; Cigarette de maïs
pajita	Paille pour boire
pajizo	Paillé, empaillé; Couleur paille
paki	Arabe
pakistaní	Pakistanais, Pakistanais, Pakistanaise; Pakistanais, Pakistanais, Pakistanaise
pakistán	Pakistan (pays d’Asie)
pal	Pal
pala	Pelle; Cocaïne
palabra	Mot; Parole
palabrería	Palabre
palabrota	Parole grossière, insultante ou indécente
palaciego	Palatial, de palais
palacio	Palais
paladar	Palais; Restaurant privé géré par une famille
paladino	Paladin; Paladin
paladio	Palladium
paladín	Paladin; Défenseur chevaleresque d’une cause
palanca	Levier, palan
palangana	Service de toilette; Fanfaron, vantard; Joueur ou supporter du Sevilla Fútbol Club
palatal	Palatal; Palatale
palatinado	Palatinat
palatino	Palatin, du Palatin; palatino\pa.laˈti.no\; Palatin, du palais de la bouche; Palatin, du palais; Palatin, du Palatinat; Seigneur palatin
palau	Palaos (État d’Océanie)
palca	Fronde
palco	Balcon
palencia	Palencia
palenque	Palenque
palentino	De Palencia; Habitant de Palencia
paleografía	Paléographie
paleolítico	Paléolithique
paleontología	Paléontologie
paleontólogo	Paléontologue
paleozoico	Paléozoïque
palermo	Palerme
palestina	Palestine
palestino	Palestinien
palestra	Palestre
paleta	Pelle de petite taille; Palette
paleto	Rustre, peu éduqué; Daim
paliar	Soulager
paliativo	Palliatif
palidez	Pâleur
palillo	Baguette, ustensile pour manger la cuisine chinoise; Cure-dents
palimpsesto	Palimpseste
palio	Baldaquin
palito	Bâtonnet, chose en forme de bâtonnet; Palito de pan : gressin
paliza	Raclée, rouste, volée
pallares	Haricot de Lima
palma	Paume; Palmier; Palma de Majorque
palmada	Coup donné avec la paume de la main; Claque
palmar	Palmaire, de paume; D’empan, long d’un empan; Clair, évident, manifeste; Palmeraie, palmarium; Clamser, mourir; Tuer
palmarés	Palmarès
palmera	Palmier; Palmier, pâtisserie qui rappelle une palme; Palmera
palmeral	Palmeraie
palmero	Relatif à La Palma; Personne qui accompagne le flamenco andalou avec de claquements de paumes (palma); Anabate des palmiers; Habitant de La Palma; Palmero
palmito	Palmier nain; Cœur de palmier; Minois
palmo	Empan; Petite surface; Petite longueur
palmolive	Soda bon marché mélangé avec beaucoup d'alcool, par exemple du rhum
palo	Bâton; Matraque; Coup de bâton, de matraque; Mât; Bois; Différents types d’arbre, en Amérique du Sud, il existe environ 750 espèces d’arbres portant ce nom suivi d’une épithète; Coup de ballon sur le montant du but nommé lui même palos de porterías; Palo
paloma	Pigeon, colombe
palomar	Colombier, pigeonnier; Immeuble d’habitation collective; Petit appartement dans un immeuble; El Palomar; Nom de famille
palomeque	Palomeque
palomera	Palomera
palomero	Palomero
palomino	Pigeonneau, petit du pigeon; Trace de pneu, trace d’excrément sur un sous-vêtement; Palomino
palomita	Grain de popcorn
palomo	Pigeon
palosanto	Plaqueminier, plaqueminier du Japon
palpable	Palpable
palpar	Palper, sentir, tâter
palpitar	Palpiter
palta	Palta (membre d'une ethnie amérindienne vivant dans le nord du Pérou et le sud de l'Équateur); Avocatier (arbre); Palta (langue des Paltas aujourd'hui éteinte); Avocat (fruit); Palta (relatif, appartenant à l'ethnie amérindienne); Palta (relatif à la langue amérindienne)
paludismo	Paludisme
palurdo	Beauf, péquenaud; Balourd
pamela	Pamela; Chapeau pour dame d’un certain type
pampa	Pampa
pampero	Pampéro
pamplinas	Morgeline (Stellaria media)
pamplona	Pampelune
pan	Pain; Comarque de la province de Zamora; Pan, dieu grec; Pan, satellite naturel de la planète Saturne
pana	Velours côtelé; Panne (avarie); Fruit de l’arbre à pain; Ami, mec
panacea	Panacée
panadero	Boulanger
panadería	Boulangerie
panal	Nid d’abeille, gâteau où les abeilles font leur miel et leur cire; Nid de guêpes; Masse spongieuse
panamericano	Panaméricain
panameño	Panaméen; Panaméen
panamá	Panama (ville); Panama (pays); Panama (chapeau)
pancarta	Pancarte
panceta	Bacon, lardon, lard
pancho	Satisfait, tranquille, repu; Bedon; Hot-dog; Diminutif de Francisco
pancracio	Pancrace
pancreatitis	Pancréatite
panda	Panda
pandemia	Pandémie
pandereta	Tambourin
panderetas	Tambourin
pandero	Pandero
pandilla	Bande, groupe de personnes, en particulier d’amis; Gang, groupe organisé, souvent à connotation négative ou criminelle (Guatemala)
pandillero	Gangster
pandora	Pandore
panegírico	Panégyrique
panel	Panneau, lambris
panela	Rapadura
panelista	Panelliste
panera	Mée
panero	Panier à pain; Nom de famille
panfleto	Pamphlet
panga	Poisson-chat du Mékong
panoplia	Panoplie
panorama	Panorama
panorámico	Panoramique
panqueque	Pancake
pansexual	Pansexuelle
pantalla	Écran; Poste de télévision; Enceinte; Abat-jour
pantalón	Pantalon; Caleçon
pantano	Marécage; Barrage, retenue d’eau
pantera	Panthère
panteísmo	Panthéisme
panteón	Panthéon, ensemble de tous les dieux; Sépulture
panticosa	Panticosa
pantoja	Pantoja; Nom de famille
pantorrilla	Mollet
pantufla	Chausson
panza	Ventre, panse
panzón	Ventru, bedonnant, gros bedon, badaud; Gros ventre
panóptico	Panoptique; Panoptique
papa	Pomme de terre, patate; Pape; Bouillie pour enfants; Argent, monnaie, sou; Bêtise; Mensonge; Belle femme
papada	Double menton
papado	Papauté
papagayo	Perroquet
papal	Papal
papalote	Papillon; Cerf-volant; Relatif au peuple pápago; Langue des pápago
paparazzi	Paparazzi
papaya	Papaye; Vulve (organe sexuel de la femme)
pape	Manger, en particulier, manger de la bouillie
papel	Papier; Document; Rôle, personnage dans une œuvre
papeleo	Paperasserie
papelera	Corbeille à papier
papelería	Papeterie
papeleta	Scrutin
papelón	M’as-tu-vu, personne vantarde, qui veux péter plus haut que son cul; Mauvaise performance, voire même performance ridicule; Bourde, gaffe, celui qui en commet souvent est un papelonero; Carton mince composé de deux feuilles de papier collées entre elles; Pain de sucre, bloc de sucre non raffiné
paperas	Parotidite virale, oreillons
papi	Papa; Homme attractif physiquement
papilla	Bouillie sucrée qui se donne aux enfants
papiloma	Papillomavirus
papiro	Papyrus
papo	Manger, en particulier, manger de la bouillie
papá	Papa
papúa	Papouasie
paquete	Paquet; Colis; Ramette; Appareil génital externe masculin; Boxeur maladroit
paquistaní	Pakistanais
paquita	Prénom féminin
paquito	Diminutif de Paco
par	Pair (opposé à impair); Paire (choses groupées par deux)
para	Afin de, pour, de manière à
parabrisas	Pare-brise
parabólico	Parabolique
paracaidismo	Parachutisme
paracaidista	parachutiste; squatteur; resquilleur
paracaídas	Parachute
paracetamol	Paracétamol, acétaminophène
parachoques	Pare-chocs
paracuellos	Paracuellos
parada	Arrêt, halte; Parade; Sans-emploi; Arrêt de fonctionnement d’un organe
paradero	Arrêt, lieu où l’on s’arrête, éventuellement disposé à cet effet; Lieu où se trouve quelqu'un; Fin, terminaison, arrêt d’une chose
paradigma	Paradigme
paradigmático	Paradigmatique
paradisíaco	Paradisiaque
parado	Sans-emploi
paradoja	Paradoxe
parador	Auberge; Parador
paradójicamente	Paradoxalement
paradójico	Paradoxal
parafilia	Paraphilie
parafina	Paraffine
parafrasear	Paraphraser
paragolpes	Pare-chocs
paraguay	Paraguay, pays d’Amérique du Sud
paraguaya	Paraguayenne, femme de nationalité paraguayenne, originaire du Paraguay
paraguayo	Paraguayen
paraje	Escale
paralelamente	Parallèlement
paralelismo	Parallélisme, état de ce qui est parallèle; Parallélisme, état de ce que l’on peut comparer
paralelo	Parallèle
paralelogramo	Parallélogramme
paralizar	Paralyser
paralímpico	Paralympique
paralítico	Paralytique
paramilitar	Avec une structure et une fonctionnement de type militaire, paramilitaire
paramédico	Ambulancier
parangón	Comparaison, ressemblance
paraninfo	Paranymphe
paranoia	Paranoïa
paranoico	Paranoïaque
paranormal	Paranormal
paraná	Parana, fleuve qui s’écoule des hauts plateaux brésiliens vers l’Argentine
parao	Jonque indonésienne
parapeto	Parapet
parapléjico	Paraplégique; Paraplégique
parapsicología	Parapsychologie
parar	Arrêter, cesser; S’arrêter
pararrayos	Paratonnerre
parasitario	Parasitaire
parasitismo	Parasitisme
parasitología	Parasitologie
parasol	Parasol
paraíso	Paradis
parca	Modéré, mesuré, sobre, parcimonieux
parcela	Parcelle
parche	Morceau d’un matériel flexible, comme du papier, du cuir ou du plastique qui sert à maintenir ensemble des éléments disjoints, rustine; Morceau adhésif pour la peau, patch; Correction sur une œuvre d’art qui la dégrade au lieu de l’améliorer; Partie d’un tambour; Solution temporaire; Application destinée à corriger une vulnérabilité dans un programme, patch; Groupe d’amis proches, bande ou gang
parchís	Jeu de plateau inspiré du parchisi et proche du ludo, très populaire en Espagne
parcial	Partiel
parcialidad	Partialité
parcialmente	Partiellement
parco	Modéré, mesuré, sobre, parcimonieux
pardillo	Rustre; Linotte; Sizerin; Bouvreuil
pardo	Brun, marron, sombre, obscur, de la couleur de la terre
pare	Arrêter, cesser; S’arrêter
pareado	Distique
parecer	Paraître, sembler; Se ressembler; Opinion
parecido	Paru
pared	Mur; Paroi de montagne
paredón	Poteau d’exécution
pareja	Couple, époux; Conjoint, partenaire; Pareja
parejo	Parejo
parentela	Parenté
parentesco	Parenté
pareo	Paréo
pargo	Pagre commun
parida	Mettre au monde; Mettre bas (animaux); Pondre
paridad	Parité
pariente	Parent; Parent, personne apparentée par le mariage, par opposition à padre, parent géniteur
parietal	Pariétal
pario	Parien; Parien
paripé	Coup monté
parir	Mettre au monde; Mettre bas (animaux); Pondre
parisiense	Parisien ou parisienne (relatif à Paris); Parisien, Parisienne
parisino	Parisien
parla	Révéler; Causer, parler de façon informelle
parlamentar	Parlementer
parlamentario	Parlementaire
parlamento	Parlement; Parlement, action de parlementer
parlanchín	Bavard
parlante	Parlant
parloteo	Papotage
parma	Parme
parmesano	Parmesan
parnaso	Parnasse
paro	Arrêt; Chômage; Grève
parodia	Parodie
paroxismo	Paroxysme
parpadear	Battre des paupières
parpadeo	Battre des paupières
parque	Parc
parqueo	Garer, stationner
parra	Treille, espalier; Vigne, en particulier celle qui pousse sur une treille
parral	Vigne échalassée
parricidio	Parricide, meurtre d’un parent
parrilla	Gril; Treille
parrillada	Barbecue (type de cuisson); Barbecue (repas convivial); Nourriture cuite sur un barbecue
parroquia	Paroisse
parroquial	Paroissial
parsimonia	Parcimonie
parte	Partie, part, portion, contingent; Rôle
parteaguas	Ligne de partage des eaux
parterre	Plate-bande
partia	Parthie, région historique située au nord-est du plateau iranien, berceau de l’Empire parthe
participación	Participation, action de participer à quelque chose; (Économie) Participation, détention d’une partie du capital d’une entreprise
participar	Participer
participio	Participe
partición	Partition, division, partage; Partition
particular	Privé; Spécial
particularidad	Particularité
particularmente	Particulièrement
partida	Découper, répartir, partager (couper en deux morceaux, ou plus); partirse : être mort de rire, plié de rire, plié en deux; Partir, s’en aller
partidario	De parti, partisan; Adepte; Partisan
partidismo	Partisanisme
partidista	Partisan, arbitraire, impartial
partido	Parti
partidocracia	Particratie
partir	Découper, répartir, partager (couper en deux morceaux, ou plus); partirse : être mort de rire, plié de rire, plié en deux; Partir, s’en aller
partisano	Partisan
partitura	Partition
parto	Accouchement
partícula	Particule (petite partie); Particule; Affixe
parva	petite ration de nourriture
parvulario	Relatif aux très jeunes enfants; École maternelle
parábola	Allégorie, parabole; Parabole, courbe parabolique
paráfrasis	Paraphrase
parálisis	Paralysie
parámetro	Paramètre
parásito	Parasite
paré	Arrêter, cesser; S’arrêter
parénquima	Parenchyme
parís	Paris (capitale de la France)
paródico	Parodique
parón	arrêt; ralentissement
pasacalle	Passacaille
pasado	Précédent, passé
pasador	Passant, qui passe d’un endroit à l’autre; Clandestin, qui passe une frontière en contrebande; Passeur, personne qui passe en contrebande; Œillet qui permet de passer un élément technique, un lacet ou autre; Loquet qui monté sur une fenêtre permet de la fermer; Ce que l’on passe dans la coiffure pour la fixer, aiguille ou peigne; Épingle de sûreté ou barrette pour fixer les médailles sur un uniforme; Épingle à cravate
pasaje	Passage; Passage d’un texte, extrait
pasajero	Passager
pasamanos	Rambarde, main courante; Passement
pasamontañas	Cagoule
pasante	Stagiaire
pasaporte	Passeport
pasar	Passer; Laisser passer, se passer, ne pas accorder d’importance (avec la préposition de); Passer (parlant du temps, d’un évènement); Donner, passer (de main à main, ou parfois au sens figuré)
pasarela	Passerelle
pasatiempo	Passe-temps
pascal	Pascal
pascua	Pâques, fête juive ou catholique
pascual	Pascal
paseante	Badaud
pasear	Promener; Se promener
paseo	Passage; Promenade; Esplanade
pasillo	Couloir
pasionaria	Passiflore, fleur de la passion
pasividad	Passivité
pasivo	Passif
pasión	Passion
pasma	Ébahir, laisser pantois, laisser bouche bée
pasmado	Ébahi, stupéfait, pantois
pasmo	Ébahir, laisser pantois, laisser bouche bée
paso	Sec (de fruit); Pas; Passage; Allure
pasodoble	(genre musical) Paso doble
pasta	Pâte; Argent, grande somme d’argent
pastar	Paître, faire paître, conduire le bétail aux pâturages
paste	Loofah
pastel	Gâteau; Pastel
pastelero	Pâtissier
pastelería	Pâtisserie
pasteurización	Pasteurisation
pastilla	Morceau, bout, issu d’une pâte; Pastille; Comprimé; Plaquette; Disjoncteur
pastizal	Pâturage
pasto	Pâture, action de paitre; Pâture, nourriture, ce qui est donné à paitre ou à manger; Pâture, pré, endroit où paitre
pastor	Pâtre, berger; Pasteur; Pastor
pastora	Bergère, pasteure, pastoresse
pastorear	Faire paître; Être un bon pasteur, s'occuper de ses ouailles
pastoreo	Faire paître; Être un bon pasteur, s'occuper de ses ouailles
pastoso	Pâteux
pastrana	Pastrana; Nom de famille
pastura	Pâturage, pâture
pastón	Grande somme d’argent, fortune
pastún	Pachto, Pachtou
pata	Patte; Cane; Jambe, pied
patada	Coup de pied
patagonia	Patagonie, région sudaméricaine
patagónico	Patagonique
patalear	Taper des pieds, par agitation ou en signe de protestation
pataleo	Taper des pieds, par agitation ou en signe de protestation
patata	Pomme de terre, patate (Solanum tuberosum); Tubercule de Pomme de terre, patate
patear	Botter
patena	Patène
patentar	Breveter
patente	Patente, document concédant un droit ou un permis; immatriculation d’un véhicule; Clair, évident
patera	patera, embarcation
paternal	Paternel
paternalismo	Paternalisme
paternalista	Paternaliste; Paternaliste
paternidad	Paternité
paterno	Paternel
patetismo	Pathétisme
patilla	Petite patte, extension d’un objet; Rouflaquette
patinador	Patineur
patinaje	Patinage
patinar	Patiner, glisser
patineta	Planche à roulettes, trottinette, skateboard
patinete	Trottinette, patinette
patio	Patio
patito	Caneton
patiño	Faire-valoir
pato	Canard; Chariot élévateur
patología	Pathologie
patológico	Pathologique
patota	Bande de voyous
patraña	Mensonge
patria	Patrie
patriarca	Patriarche
patriarcado	Patriarcat
patriarcal	Patriarcal
patricio	Patricien
patrimonial	Patrimonial
patrimonio	Patrimoine
patriota	Patriote
patriótico	Patriotique
patrocinador	Qui sponsorise
patrocinar	Sponsoriser, être mécène
patrocinio	protection, aide, support, mécénat; sponsor
patron	Porte-greffe
patrono	Patron
patronímico	Nom à suffixe patronymique
patrulla	Patrouiller, mener une patrouille
patrullar	Patrouiller, mener une patrouille
patrón	Patron, chef; Patron, saint protecteur; Patron, modèle
patán	Rustre, paysan, malhabile, lourdaud, goujat
paté	Pâté
patéticamente	Pathétiquement
patético	Pathétique
patíbulo	GIbet, potence
patín	Pétrel; Patin à glace; Patin, patin à roulettes; Trottinette; Pédalo
patógeno	pathogène
paulatino	Lent, lente
paulino	Paulin
pausa	Pause
pausadamente	Posément
pausado	Posé
pausar	Pauser, ralentir ou interrompre un mouvement
pauta	Portée; Ligne tracée sur le papier pour écrire droit; Modèle, norme
pava	Dinde
pavimentación	Pavage
pavimentado	Paver
pavimentar	Paver
pavimento	Paver
pavo	Dinde, dindon; Synonyme de duro (cinq anciennes pesetas); Euro (monnaie); Bête, peu intelligent
pavor	Frayeur, effroi
pavoroso	Effrayant, qui provoque l’effroi
pavón	Paon
pay	Tarte
paya	Payo, non rom
payaso	Clown
payo	Payo, non rom
payot	Papillote
paz	Paix; Nom de famille
pazo	Grande maison de campagne, mas, petit palais
país	Pays
pañal	Couche pour bébé, lange
paño	Tissu
pañoleta	Fichu
pañuelo	Mouchoir
pbi	PIB
pd	P.S.
peaje	Péage
pear	Péter
peatón	Piéton
peca	Tache de rousseur
pecado	Péché
pecador	Pécheur
pecaminoso	Peccamineux
pecar	Commettre une faute, pécher
peces	Poisson (encore vivant); Poix; Poissons, constellation; Scorpion, signe du zodiaque; Personne du signe du Poissons
pecho	Poitrine
pechuga	Blanc de poulet, poitrine d’oiseaux en tant que viande; Poitrine
pecio	Épave
peciolo	Pétiole
pecoso	Qui a des taches de rousseur
peculiar	Particulier
pecíolo	Pétiole
peda	Murge, cuite, biture (ivresse); Bringue, java (fête arrosée)
pedagogo	Pédagogue
pedagogía	Pédagogie
pedagógico	Pédagogique
pedal	Pédale
pedalear	Pédaler
pedaleo	Pédalage, pédalement
pedante	Pédant; Pédagogue
pedantería	Pédanterie
pedanía	District, subdivision territoriale
pedazo	Pièce, morceau
peder	Péter
pederasta	Pédéraste; Pédophile; Sodomite, homosexuel
pederastia	Pédérastie
pedernal	Pierre à fusil
pedestal	Piédestal; Piédestal, haute estime
pediatra	Pédiatre
pediatría	Pédiatrie
pedicelo	Pédicelle
pedida	Demander (un service, un objet), solliciter, commander, passer commande
pedigrí	Pedigree
pedir	Demander (un service, un objet), solliciter, commander, passer commande
pedo	Pet, vesse, flatulence; Blème, couille, embrouille (situation problématique); Cuite, beuverie; Bourré, torché (ivre)
pedofilia	Pédophilie
pedraza	Pedraza
pedregal	Pierrier, terrain pierreux
pedregoso	Pierreux
pedrera	Pedrera; Carrière de pierres
pedrero	Tailleur de pierre; Tailleur de pierres précieuses; Pierrier
pedrería	Pierreries
pedro	Pierre
pedroche	Pedroche; Pierrier, terrain pierreux
pedroches	Pierrier, terrain pierreux
pedrosa	Pierreux
pedroso	Pedroso; Pierreux
pedófilo	Pédophile
pedúnculo	Pédoncule
peer	Péter
pega	Collage, joint, fixation; Pie; Colle, ce qui sert à coller; (région andine) Croûte de riz, riz collé à la casserole; Engobe sur une terre cuite; Obstacle; Blague; Coup
pegadizo	Entêtant
pegado	Coller; Joindre, fixer; Battre, frapper, heurter; Envoyer un coup précis
pegajosa	Collant; Contagieux
pegajoso	Collant; Contagieux
pegamento	Colle (matière adhérente)
pegar	Coller; Joindre, fixer; Battre, frapper, heurter; Envoyer un coup précis
pegarse	Coller; Joindre, fixer; Battre, frapper, heurter; Envoyer un coup précis
pegatina	Autocollant
peguero	Personne qui fait de la poix
peinado	Coiffure
peinar	Peigner
peine	Peigne
peineta	Peigne courbe que les femmes espagnoles mettent dans leur coiffe pour les fixer
peje	Poisson
pejelagarto	Garpique alligator
pejerrey	Athérine
pekín	Pékin, capitale de la Chine; Pékin, gouvernement chinois
pela	Peler, éplucher; Effacer en grattant, gratter; Dépouiller
pelada	Peau d’ovin sans sa laine; Fruit de cactus; Honte
pelado	Peler, éplucher; Effacer en grattant, gratter; Dépouiller
pelagatos	Moins-que-rien
pelaje	Pelage
pelar	Peler, éplucher; Effacer en grattant, gratter; Dépouiller
pelayo	Pélage
peldaño	Marche (d’un escalier)
pelea	Bagarre; Combat, bataille
peleada	Se battre, combattre
pelear	Se battre, combattre
pelele	Faquin, pantin, mannequin de paille; Homme de paille, personne qui se laisse manipuler; Grenouillère
peletería	Pelleterie
peli	Film
peliagudo	Épineux, rusé, adroit
peligrar	Être en danger
peligro	Danger, péril
peligrosamente	Dangereusement, périlleusement
peligrosidad	Dangerosité
peligroso	Dangereux, périlleux
pelirrojo	Roux
pellejo	Peau, d’un homme, d’un animal ou d’un fruit
pellizcar	Pincer
pellizco	Pincement
pelo	Poil; : Pelage; Cheveux, chevelure
pelona	Bola de Berlim
peloponeso	Péloponnèse (région de Grèce)
pelota	Balle, ballon, pelote; Lèche-bottes; Vulve; Personne idiote, simple d’esprit
pelotero	Joueur de base-ball; Structure récréative pour enfants remplie de « pelotes »
pelotudo	Idiot
pelotón	Peloton
peluca	Perruque
peluche	Peluche
peludo	Poilu
peluquero	Coiffeur
peluquería	Salon de coiffure; Coiffure
pelusa	Duvet; Mouton de poussière qui se forme sous les meubles
pelvis	Bassin, pelvis
pelícano	Pélican
película	Pellicule; Film, cinéma
pemón	Pemon; Relatif aux Pemons; Relatif au pemon, la langue des Pemons
pena	Peine, douleur, chagrin
penacho	Panache
penado	Endurer, souffrir, subir; Être triste (Mexique)
penal	Pénal; Pénalty
penalización	Pénalisation
penalizar	Pénaliser
penalti	Pénalty
penar	Endurer, souffrir, subir; Être triste (Mexique)
penca	Naze, nul (de mauvaise qualité)
penco	Haridelle
pendejada	Babiole, bêtise
pendejez	Stupidité, bêtise
pendejo	De peu d’intelligence, con, stupide, crétin; Froussard; Poil pubien; Individu manquant d’intelligence, con, crétin, demeuré; Adolescent, personne pubère
pendenciero	Querelleur; Querelleur
pender	Pendre
pendiente	Pendant, qui pend; Incliné, en pente; En cours, en suspens, qui n’est pas encore résolu; Qui attend quelque chose ou quelqu’un, qui s’en inquiète; Boucle d’oreille, pendant d’oreille; Pente
pendrive	Clé USB
pendular	Pendulaire
pendón	Pennon, bannière, étendard; Salope, trainée, putain
pene	Pénis
penetración	Pénétration
penetrante	Pénétrant
penetrar	Pénétrer
penicilina	Pénicilline
peninsular	Péninsulaire; Péninsulaire, habitant d’une péninsule
penique	Penny
penitencia	Pénitence
penitencial	Pénitentiel
penitente	Pénitente; Pénitente
penoso	Pénible
pensador	Penseur; Ravitailleur du bétail en fourrage
pensamiento	Pensée
pensante	Pensant
pensar	Penser
pensativo	Pensif
pensilvania	Pennsylvanie
pensión	Pension, somme versée périodiquement temporairement ou a vie à une personne; Pension, somme d’argent versée pour être logé ou nourri
pentagrama	Pentagramme; Portée
pentateuco	Pentateuque
pentecostés	Pentecôte
penthouse	Penthouse
pentágono	Pentagone
penumbra	Pénombre; Pénombre, demi-jour
penuria	Pénurie, disette
península	Presqu'île, péninsule
penúltimo	Pénultième, avant-dernier
peonza	Toupie
pepa	Pépin, graine
pepe	Joseph
pepinillo	Cornichon
pepino	Concombre (plante); Pépino (Solanum muricatum) la plante et son fruit que l'on nomme aussi pepino dulce en espagnol pour éviter la confusion avec le concombre; But au football
pepita	Pépin, semence qui se trouve à l’intérieur de certains fruits; Pépie; Pépite, morceau de métal précieux
pepito	Éclair; Sandwich avec de la viande
peque	Petit, cadet
pequeñez	Petitesse; Enfance, bas âge
pequeño	Petit; Petit, insignifiant, sans importance
pera	Poire (fruit)
peral	Poirier
perales	Perales; Nom de famille
peralta	Peralta; Nom de famille
perca	Perche
percal	Percale
percentil	Centile, percentile
percepción	Perception
perceptible	Perceptible
percha	Cintre
percibir	Percevoir
percusionista	Percussionniste
percusión	Percussion, action de percuter; (Médecine) Percussion, méthode exploratoire; (Musique) Percussion, instrument dont on joue en le frappant
percutor	Chien, percuteur
perdedor	Perdant
perder	Perdre
perdición	Perdition, action de perdre ou de se perdre
perdiguero	Qui chasse les perdrix; Chien d’arrêt, chasseur de perdrix
perdigón	Jeune perdrix; Plomb; Grésil; postillon. (gouttelette)
perdiz	Perdrix
perdonar	Excuser, pardonner
perdurable	Qui perdure, éternel, perpétuel, durable, qui dure toujours
perdurar	Perdurer
perdón	Pardon
perecer	Périr
peregrina	Pèlerine
peregrinación	Pèlerinage; Pérégrination
peregrinaje	Pèlerinage; Pérégrination
peregrinar	Aller en pèlerinage; pérégriner
peregrino	Voyageur, qui voyage, qui visite des régions qu'il ne connaît pas; Qualifie le nom peregrino (pas d'équivalent en français); Se dit d'un oiseau : migrateur; Exotique, qui vient d'un pays lointain; Étrange, bizarre, rare, singulier; D'une beauté singulière, particulièrement beau; Pèlerin, qui va dans des lieux sacrés se recueillir, en général avec un bâton; Arbuste des Euforbiacées qui donne des fleurs rouges
perejil	Persil; Berle des blés, persil des moissons; Shibboleth pour distinguer les Haïtiens des Dominicains lors des massacres de 1937 en République dominicaine, car les Haïtiens et les Afro-descendants prononcent difficilement le r /ʁ/ et le son guttural de la jota espagnole
perenne	Pérenne
perentorio	Péremptoire
pereza	Paresse
perezoso	Paresseux
perfeccionar	Perfectionner
perfección	perfection
perfectamente	Parfaitement
perfecto	Parfait
perfidia	Perfidie
perfil	Profil; Silhouette; Profil psychologique, caractère, type de personnalité
perfilar	Profiler
perforadora	Perforatrice, trouilloteuse
perforar	Perforer, forer (sans rotation), percer
perfumar	Parfumer; Se parfumer
perfume	Parfum
perfumería	Parfumerie
perfusión	Perfusion
pergamino	Parchemin
pericardio	Péricarde, enveloppe membraneuse dans laquelle est logé le cœur
pericia	Expertise, savoir-faire
pericial	Expert, qui émane d’un expert
perico	Perroquet; Poisson-perroquet; Café au lait; Homosexuel (péjoratif ou ironique)
periferia	Périphérie
perilla	Bouc, barbichette; Ornement en forme de petite poire
perinatal	Périnatal
perineo	Périnée
periodismo	Journalisme
periodista	Journaliste
periodización	Périodisation
periodo	Période
periodontitis	Parodontite, parodontose
peripecia	Péripétie
periplo	Périple
periquito	Perruche
periscopio	Périscope
perita	Expérimenté
perito	Expérimenté; Expert, personne expérimentée
peritoneal	Péritonéal
peritoneo	Péritoine
peritonitis	Péritonite
periódicamente	Périodiquement
periódico	Périodique; Journal
perjudicado	Nuire
perjudicar	Nuire
perjudicial	Préjudiciable
perjuicio	Préjudice, tort, dommage causé
perjurio	Parjure
perla	Perle; Pairle
permacultura	Permaculture
permafrost	Permafrost
permanecer	Rester
permanencia	Permanence; Séjour
permanente	Permanent, illimité dans le temps; Permanente
permanentemente	En permanence
permanganato	Permanganate
permeabilidad	Perméabilité
permeable	Perméable
permisible	Permissible
permisividad	Permissivité
permisivo	Permissif
permiso	Permis; Permission
permitir	Permettre
pernicioso	Pernicieux
perno	Boulon
pernoctar	Passer la nuit
pero	Mais, dans le même sens que dans « Elle n’a pas mangé, mais elle va bien », non dans le sens de « Elle n’a pas faim, mais soif » (auquel cas : sino)
perol	Marmite, casserole
peronismo	Péronisme
peronista	Péroniste
peroné	Péroné
perpendicular	Perpendiculaire
perpetrar	Perpétrer
perpetuación	Perpétuation
perpetuamente	Perpétuellement
perpetuar	Perpétuer, pérenniser
perpetuidad	Perpétuité
perpetuo	Perpétuel
perplejidad	Perplexité
perplejo	Perplexe
perra	Chienne, la femelle du chien; Femme qui offre ses services (sexuels) contre de l’argent (prostituée), fille facile; Entêtement, insistance de manière démesurée; Colère d’enfant, énervement sans raison; Cuite, état alcoolique; Sou, pièce de monnaie; Mot d’esprit, commentaire piquant, équivoque; Alose-écaille fluviale, poisson d’eau douce argenté de la famille des Pristigasteridae, natif d’Amérique du Sud, dont le nom scientifique est Pellona flavipinnis
perras	Chienne, la femelle du chien; Femme qui offre ses services (sexuels) contre de l’argent (prostituée), fille facile; Entêtement, insistance de manière démesurée; Colère d’enfant, énervement sans raison; Cuite, état alcoolique; Sou, pièce de monnaie; Mot d’esprit, commentaire piquant, équivoque; Alose-écaille fluviale, poisson d’eau douce argenté de la famille des Pristigasteridae, natif d’Amérique du Sud, dont le nom scientifique est Pellona flavipinnis
perreo	Danse qui se pratique généralement sur un rythme de reggaeton, avec des mouvements érotiques des hanches, et dans laquelle, lorsqu’elle se danse en couple, l’homme se place habituellement derrière la femme, les corps très proches
perrera	Chenil; Employée de la fourrière
perrito	Chiot, petit chien; Hot-dog
perro	Chien (animal)
perroflauta	Jeune mendiant, jeune marginal, qui typiquement est accompagné d’un chien et joue de la musique dans la rue
persa	Persan
persecución	Persécution; Poursuite
perseguir	Poursuivre, pourchasser
perseo	Persée; Constellation de Persée
perseverancia	Persévérance
perseverar	Persister, persévérer
persia	Perse, Iran antique ou historique
persiana	Persienne
persistencia	Persistance
persistente	Persistant
persistir	Persister
persona	Personne
personaje	Personnage
personal	Personnel
personalidad	Personnalité. féminin
personalización	Personnalisation
personalizar	Personnaliser
personalmente	Personnellement
personificación	Personnification
personificar	Personnifier, incarner
perspectiva	Perspective
perspicacia	Perspicacité
perspicaz	Perspicace
persuadir	Persuader; Convaincre; Conseiller
persuasivo	Persuasif
persuasión	Persuasion
pertenecer	Appartenir
pertenencia	Appartenance
pertinaz	Opiniâtre
pertinencia	Pertinence
pertinente	Pertinent
perturbación	Perturbation, désordre; Perturbation; Agitation
perturbado	Perturber, déranger
perturbador	Perturbateur
perturbar	Perturber, déranger
peruano	Péruvien
perugia	Pérouse
perversamente	Perversement
perversidad	Perversité
perversión	Perversion
perverso	Pervers
pervertir	Pervertir
pervivencia	Survie
perífrasis	Périphrase
perímetro	Périmètre
período	Période
peróxido	Peroxyde
perú	Pérou
pesadez	Coup de barre, lourdeur
pesadilla	Cauchemar, mauvais rêve; Difficulté à respirer pendant le sommeil; Préoccupation grave durant l’adversité; Personne agaçante, embêtante
pesado	Pesant, lourd
pesadumbre	Pesanteur, état de ce qui est pesant; Pesanteur, gravité; Ce qui pèse sur le moral
pesar	Peser, être lourd; Peser, mesurer le poids
pesas	Peser, être lourd; Peser, mesurer le poids
pesca	Pêcher
pescadero	Poissonnier
pescadería	Poissonnerie
pescado	Poisson (qui a été attrapé)
pescador	Pêcheur
pescar	Pêcher
pescuezo	Cou, échine
pesebre	Mangeoire; Étable, endroit où se nourrissent les animaux; Crèche, représentation de la Nativité; Vulve
peseta	Peseta
peshawar	Peshawar (ville du Pakistan)
pesimismo	Pessimisme
pesimista	Pessimiste
peso	Poids; Péso
pesquero	Qui concerne la pêche; Bateau de pêche
pesquisa	Enquête; Police secrète
pestaña	Cil; Onglet
pestañear	Battre des cils, ciller
pestañeo	Battre des cils, ciller
peste	Peste (maladie)
pesticida	Antiparasitaire; Pesticide
pestilente	Pestilentiel
pestillo	Verrou
pesto	Pesto
petaca	Tabatière; Valise; Flasque; Fesses
petanca	Pétanque
petardo	Pétard (explosif ou cigarette de cannabis)
petate	Tapis de feuilles de palme pliable utilisé comme matelas
pete	Fellation
peticionario	Pétitionnaire
petición	Demande, requête
petirrojo	Rouge-gorge; Oiseau américain avec une houppette rouge. Du genre Cardinalis. Probablement le cardinal rouge
peto	Nom vernaculaire donné à plusieurs espèces de guêpe
petra	Petra (en Espagne); Petra (en Jordanie)
petrolífero	Pétrolifère
petroquímica	Pétrochimie
petróleo	Pétrole
petulante	Pétulant
peuco	Buse de Harris
peyorativo	Péjoratif
peyote	Peyotl
pez	Poisson (encore vivant); Poix; Poissons, constellation; Scorpion, signe du zodiaque; Personne du signe du Poissons
pezuña	Sabot fourchu (vache, etc)
pezón	Téton, mamelon; Partie saillante de certains fruits comme le citron
peña	Pic rocheux, massif pointu et élevé; Cercle, assemblée de personnes ayant un intérêt commun
peñaranda	Nom de famille
peñasco	Promontoire, pic rocheux, massif pointu et élevé; Murex; Os pétreux aussi dit rocher, faisant partie de l’os temporal
peñón	Rocher, presqu’île ou île rocheuse; (absolument) (el Peñón) Gibraltar
peón	Ouvrier agricole, péon; Fantassin; Pion d'échecs; Personne altruiste; Toupie; Arbre de transmission; Ruche; Assistant du toréador
pi	Pi
piadoso	Pieux
piamonte	Piémont (région italienne)
pianista	Pianiste
piano	Piano; Piano (doucement)
piar	Pépier
pib	PIB
pibe	Gamin, garçon
pica	Pique; Pica; Mesure de profondeur équivalente à une pique, 14 pieds ou 3,89 m; Oasis et commune chilienne située dans la province du Tamarugal, région de Tarapacá dans le désert d'Atacama
picacho	Pic
picada	Percé, cabossé; Carié; Haché (de viande)
picadero	Manège
picadillo	Plat de viande hachée, relevée et épicée; Pointe, aiguillon
picado	Percé, cabossé; Carié; Haché (de viande)
picador	Piqueur, utilisateur de pique; Picador
picadura	Piqure; Sorte de fente, de soufflet décoratif sur un vêtement; Petite portion de tabac pour bourrer une pipe, faire une cigarette ou éventuellement pour chiquer; Carie dentaire
picaflor	Colibri, oiseau-mouche
picante	Piquant, épicé
picaporte	Poignée de porte, poignée; Heurtoir
picar	Piquer; Démanger; Hacher
picardía	Malice; Picardie
picas	Pique; Pica; Mesure de profondeur équivalente à une pique, 14 pieds ou 3,89 m
picazo	Piquement; Synonyme de picotazo; Pie mâle; Coup de bec; Pie, taché de blanc et de noir
picazón	Picotement, démangeaison; Mécontentement
picha	Pénis, bite
pichi	Apprenti; (par extension) Qualifie une personne qui occupe un poste peu qualifié ou sans responsabilité; Qualifie une personne accusée d’un délit dont elle est innocente; Qualifie une personne peu intelligente; (Cantabrie) Goudron liquide; Pénis; Sturnelle (oiseau); Fabiane imbriquée (arbuste de la famille des solanacées)
pichilemu	Ville du Chili
pichula	Pénis, bite
pichón	Pigeonneau, en particulier domestique
pico	Bec d’oiseau; Bec, caquet, bouche; Pic, sommet pointu et montagne qui le supporte; Pic, pioche; Bite, queue (verge); Quelques, broutilles, brouettes (petite quantité non calculée); Merde, zob (exprime l’indignation, la colère ou la résignation)
picor	Démangeaison, picotement
picota	Pilori; Variété de cerise; Pic, sommet
picotear	Picorer; Parler beaucoup et inutilement
picoteo	Picorer; Parler beaucoup et inutilement
pictórico	Pictural, qui se rapporte à la peinture en tant qu’art ou technique; Pictural, qui se prête à être représenté dans un tableau
picudo	Pointu; Pique, brochette; Charançon
picó	Piquer; Démanger; Hacher
pie	Pied
piedad	Pitié; Piété (religieuse); Pietà (art)
piedra	Pierre, roche (matière minérale); Pierre (bloc rocheux); Pierre, caillou; Calcul (urinaire); Gros grêlon; Meule (cylindre plat destiné à moudre)
piel	Peau
pierna	Jambe
piero	Perdre
pieza	Pièce
pifia	Couac
pigmentación	Pigmentation
pigmento	Pigment
pigmeo	Pygmée
pija	Branché, classe, snob, dont l’apparence affecte des signes extérieurs de richesse ou donne des signes de raffinement jugés artificiels et propres des classes sociales supérieures
pijama	Pyjama
pijamada	Soirée pyjama
pijo	Branché, classe, snob, dont l’apparence affecte des signes extérieurs de richesse ou donne des signes de raffinement jugés artificiels et propres des classes sociales supérieures; Branché, classe, snob, personne dont l’apparence affecte des signes extérieurs de richesse ou donne des signes de raffinement jugés artificiels et propres des classes sociales supérieures; Pénis
pika	Pika
pila	Batterie, pile; Bol; Pile; Amas, foule, masse, multitude, tas; Fonts baptismaux
pilaf	Pilaf
pilar	Pilier
pilla	Coquin, fripon
pillada	Piller, ravir; Attraper, choper
pillaje	Pillage
pillar	Piller, ravir; Attraper, choper
pillo	Coquin, fripon; Filou
piloncillo	Pain de sucre brun non raffiné généralement de forme conique
piloso	Poilu; Pileux, pilaire
pilotaje	Pilotage, droit de pilotage, pieutage
pilotar	Piloter
pilote	Pieu, pilot
piloto	Pilote
pilón	Bol, pilon, lavoir
pimenta	Quatre-épices
pimentero	Poivrier; Poivrière
pimentón	Piment, paprika
pimienta	Poivre; Poivre de la Jamaïque, quatre-épices, piment des Anglais, pimenta quatre-épices, piment de la Jamaïque (Pimenta dioica (L.) Merr., 1947)
pimiento	Piment; Poivron
pimpinela	Pimprenelle
pinacoteca	Pinacothèque
pinar	Pinède
pinball	Flipper
pincel	Pinceau
pincha	Pincer
pinchada	Pincer
pinchado	Pincer
pinchar	Pincer
pinchazo	Écoute, piqûre
pinche	Marmiton, aide cuisinier, aide cuistot; Mesquin, radin, avare; D’une chose : sans valeur, fichu, foutu, satané, sale, putain de, saloperie de, saleté de, d’une personne : crétin de, satané
pincho	Pointe
pineda	Pinède
pinga	Pénis; Pincée
pingüino	Pingouin; Manchot; Frac; Étudiant à l’uniforme noir; Pot utilisé pour servir le vin dans les restaurants populaires
pinilla	Nom de famille
pino	Pin
pinta	Pinta
pintalabios	Rouge à lèvres
pintar	Peindre
pinto	Peint, coloré
pintor	Peintre
pintoresco	Pittoresque
pintura	Peinture
pinza	Pince, étrier
pinzón	Pinson
pináculo	Pinacle
piojo	Pou
piojoso	Pouilleux; Pouilleux, souillon
piola	Corde
pionero	Relatif aux pionniers, aux colons qui s’établissent sur des terres considérées vierges ou désertes pour les défricher
pipa	Pipe; Bonbonne de gaz
pipeta	Pipette
pipi	Pou (insecte); Andouille
pipí	Pipi
pique	Piquer; Démanger; Hacher
piquetero	Piquetero; Piquetero
piqué	Piquer; Démanger; Hacher
pira	Poisson d’eau douce siluriforme natif d’Amérique du Sud, de la famille des Pimelodidae et de nom scientifique Leiarius marmoratus
pirado	(intransitif) Faire l'école buissonnière; (pronominal) S'en aller
piragua	Pirogue
piramidal	Pyramidal
pirata	Pirate, piratesse
piratería	Piraterie
piraña	Piranha
pirenaico	Pyrénéen
pirineo	Pyrénéen; Pyrénéen
pirineos	Pyrénées
pirita	Pyrite
piro	(intransitif) Faire l'école buissonnière; (pronominal) S'en aller
piropo	Compliment, surtout envers une femme, parfois limite sexiste; Pyrope, type de grenat; Pyrope, alliage contenant 75% de cuivre et 25% d’or (m/m), utilisé autrefois en bijouterie
pirotecnia	Pyrotechnie
pirotécnico	Pyrotechnicien
pirueta	Pirouette
pirámide	Pyramide
pirómano	Pyromane
pis	Pipi, urine
pisa	Pise
pisada	Pas
pisado	Marcher, mettre le pied sur
pisano	Pisan, relatif à Pise; Pisan, habitant de Pise
pisapapeles	Presse-papiers
pisar	Marcher, mettre le pied sur
piscina	Piscine
piscis	Poissons, constellation; Scorpion, signe du zodiaque; Personne du signe du Poissons
pisco	Pisco; Dindon; Personne sans importance, pauvre type
piso	Action de fouler du pied; Sol, pavement; Étage; Appartement
pisotear	Piser
pista	Piste, route, voie
pistacho	Pistache; Pistache, vert pistache
pistilo	Pistil
pistola	Pistolet
pistolero	Tueur à gages
pistón	Piston. (de moteur ou d'instrument de musique); Boisson composée de pisco, d'un tonic et de jus de citron
pisuerga	Affluent du Douro
pita	Klaxonner; Siffler avec un appeau
pitar	Klaxonner; Siffler avec un appeau
pitbull	Pit bull
pitido	Coup de sifflet, sifflement
pito	Sifflet; Klaxon; Clope (cigarette); Joint, pétard (cigarette de marijuana); Bite, queue (pénis); Pic (oiseau de la famille des picidés); Leishmaniose
pitonisa	Pythonesse, pythie de Delphes; Pythonisse, pythonesse, toute femme qui fait métier de prédire l’avenir, voyante
pitufina	Schtroumpfette
pitufo	Schtroumpf; Policier, flic
pitágoras	Pythagore (mathématicien grec)
pitón	Python; Corne, en particulier petite corne des jeunes animaux, pointe de la corne
pivote	Pivot
pixel	Pixel
piyama	Pyjama
pizarra	Ardoise; Ardoise pour écrire; Tableau pour écrire; Pizarra
pizarrón	Tableau, tableau noir
pizca	Pincée, miette
pizza	Pizza
pizzería	Pizzeria
piña	Pigne de pin, pomme de pin; Ananas; Coup de poing
piñata	Marmite en terre, jatte; Piñata; Appropriation de biens publics ou privés
piñón	Pignon, en mécanique, roue dentée; Pignon, graine de la pomme de pin
placa	Plaque, plaque d’immatriculation
placenta	Placenta
placentero	Agréable
placer	Plaisir; Plaire
plaga	Fléau, plaie, peste; Plan, espace plan
plagiar	Plagier
plagio	Plagiat; Kidnapping
plaguicida	Pesticide
plan	Plan, projet
plancha	Panneau, planche; Fer à repasser; Plancha
planchado	Repasser (le linge)
planchar	Repasser (le linge)
plancton	Plancton
planeado	Élaborer un plan, planifier
planeador	Planeur
planear	Élaborer un plan, planifier
planeo	Élaborer un plan, planifier
planeta	Planète (corps orbitant autour du soleil); Planète, terre, monde (le mot est alors généralement précédé de l'article défini); Planète, exoplanète (corps orbitant autour d’une étoile)
planetario	Planétaire
planicie	Plaine
planificar	Planifier
planilla	Formulaire
plano	Plan
planta	Plante; Plante du pied; Étage; Usine
plantación	Plantation, large exploitation agricole
plantar	Planter
plante	Planter
plantear	Poser le problème (dans le but de trouver une solution); Suggérer; Envisager
plantel	Pépinière; Pépinière, séminaire, lieu de développement, de formation
planteo	Poser le problème (dans le but de trouver une solution); Suggérer; Envisager
plantilla	Semelle; Modèle; Personnel, équipe (d'un bureau, d'un service)
plantío	Planche
plaqueta	Plaquette
plasencia	Plasence; Plaisance, ville italienne
plasma	Plasma
plasmar	Modeler
plasmático	Plasmatique
plasta	Pâte, masse informe, masse pâteuse; Plaque, chose plate; Caca, excrément
plasticidad	Plasticité
plastilina	Pâte à modeler
plata	Argent; Argent, monnaie; Argent, de couleur argent
plataforma	Plateforme, estrade, tribune; Plateforme, en tant qu’endroit ou opportunité d’exprimer ses opinions; Plateforme, comme système ou environnement, réseau social
platea	Argenter
plateado	Argenté
plateresco	Plateresque
platero	De couleur gris-argent; Orfèvre qui travaille l’argent
platería	Argenterie; Atelier où travaille l’orfèvre en argent
platicar	Placoter, bavarder, papoter, tchater
platillo	Plateau, soucoupe, sébile
platina	Platine; Plaque en verre du microscope; Plaque de métal
platino	Platine (l’élément chimique Pt)
plato	Assiette; Plat
plató	Plateau
platón	Platon
plausible	Plausible, vraisemblable
playa	Plage
playera	T-shirt
playero	De plage; Plagiste, personne en charge d’une plage
playstation	PlayStation
plaza	Place; Square, jardin public
plazo	Délai
plc	API
pleamar	Marée haute; Afflux
plebe	Plèbe
plebeyo	Plébéien
plebiscito	Plébiscite
plegable	Pliable
plegar	Plier
plegaria	Prière; Supplique, humble demande
pleistoceno	Pléistocène
pleito	Dispute, querelle; Procès
plenamente	Pleinement
plenilunio	Pleine lune
plenipotenciario	Plénipotentiaire
plenitud	Plénitude
pleno	Plein, entier
pleonasmo	Pléonasme
pletórico	Pléthorique
pleura	Plèvre
plexo	Plexus
pliego	Plier
pliegue	Pli
plioceno	Pliocène
plomada	Fil à plomb; Sonde; Verticale
plomero	Plombier
plomería	Plomberie, ouvrage en plomb; Plomberie, métier du plombier
plomo	Plomb (l’élément chimique Pb); Munition métallique d’une arme à feu; Gris de plomb
pluma	Plume; Plume pour écrire; Pluma, jambon; Caractère efféminé chez un homme
plumaje	Plumage
plumón	Duvet; Marqueur
plural	Pluriel; Pluriel
pluralidad	Pluralité
pluralismo	Pluralisme
plurilingüe	Plurilingue
plurinacional	Plurinational
plurinominal	Plurinominal
plutarco	Plutarque (biographe grec)
plutocracia	Ploutocratie
plutonio	Plutonium (l’élément chimique Pu)
plutón	Pluton
pluvial	Pluvial
plácido	Placide
plástico	Plastique
plátano	Platane; Bananier; Banane; Figuier
plática	Brème commune
pmc	Processus d’amélioration continue
pmi	PMB
pms	PMH
pnl	PNL
pnv	PNB
po	Pô
poblacional	Populationnel
población	Peuplement; Population; Population (groupe d’individu de la même espèce); Ville, village, localité
poblado	Peupler
poblador	Colon
poblar	Peupler
poblete	Poblete; Nom de famille
pobre	Pauvre
pobremente	Mal
pobreza	Pauvreté
pocho	Pourri, abîmé, en parlant des aliments; Pas en bonne santé, en parlant d’une personne; Qui copie les manières étatsuniennes
pochoclo	Pop-corn
pocilga	Porcherie; Porcherie, lieu sale et dégoûtant
poción	Boisson; Potion médicinale
poco	Peu
poda	Tailler, élaguer, ébrancher, émonder, enlever les branches superflues d'un arbre ou d'autres plantes pour leur redonner de la vigueur; Élaguer, éliminer de quelque chose certaines parties ou aspects lorsqu'ils ne sont pas nécessaires
podar	Tailler, élaguer, ébrancher, émonder, enlever les branches superflues d'un arbre ou d'autres plantes pour leur redonner de la vigueur; Élaguer, éliminer de quelque chose certaines parties ou aspects lorsqu'ils ne sont pas nécessaires
poder	Puissance; Pouvoir
poderoso	Puissant
podgorica	Podgorica
podra	Pourrir
podran	Pourrir
podras	Pourrir
podre	Pourrir
podredumbre	Pourriture
podrido	Pourri; Corrompu
podólogo	Podologue
poema	Poème
poemario	Recueil de poèmes
poesía	Poésie; Poème
poeta	Poète
poetisa	Poétesse
pogo	Pogo
pokémon	Pokémon
polaco	Polonais, qui concerne la Pologne; Polonais (langue parlée en Pologne); Habitant de la Pologne, polonais; Catalan; Sodomie, sexe anal
polar	Polaire
polaridad	Polarité
polarización	Polarisation
polca	Polka
polea	Poulie
polen	Pollen
polenta	Polenta
poleo	Pouliot
polera	T-shirt, chandail (Canada); Maillot (sportif)
poli	Flic, keuf
poliamor	Polyamour, polyamorie
policarbonato	Polycarbonate
policial	Policier
policlínica	Policlinique
policromía	Polychromie
policía	Policier, agent de police; police
policíaco	Policier, de détective
poliedro	Polyèdre
polietileno	Polyéthylène
polifacético	Multifacette
polifonía	Polyphonie
poligamia	Polygamie
poligonal	Polygonal
polilla	Mite
polimerización	Polymérisation
polimorfismo	Polymorphisme
polinización	Pollinisation
polinomio	Polynôme
poliomielitis	Poliomyélite
polipropileno	Polypropylène
polisario	Polisario
polisemia	Polysémie
politburó	Politburo
politeísmo	Polythéisme
politización	Politisation
politizar	Politiser
politécnico	Polytechnique
politólogo	Politologue
polizón	Passager clandestin, tournure
poliéster	polyester
polla	Poulette; Bite
pollas	Poulette; Bite
pollera	Jupes; Jupes et jupons traditionnels portés de manière superposés — cinq ou six) — par les cholas au Pérou et en Bolivie; Jupes traditionnelles amples et plissées; Petit restaurant, échoppe, spécialisé dans la vente de poulets grillés
pollero	Poussinière
pollito	Poussin
pollo	Poulet
polluelo	Poussin
polo	Pôle; Glace à l’eau vendue sur un bâtonnet
pololo	Petit ami, copain, fiancé, compagnon; Sorte de caleçon féminin; Nom vernaculaire de plusieurs espèces de coléoptères; Travail précaire, petit boulot
polonia	Pologne
polonio	Polonium (l’élément chimique Po)
poltergeist	Poltergeist
poltrona	Fauteuil
polución	Pollution
polvo	Poussière, poudre; Relation sexuelle; Héroïne
polvoriento	Poussiéreux
polvorín	Poudrière
polvos	Poussière, poudre; Relation sexuelle; Héroïne
polémica	Polémique
polémico	Polémique
polígamo	Polygame
polígono	Polygonal; Polygone; Surface de terrain de forme plus ou moins polygonale
polígrafo	Miméographe
polímero	Polymère
política	Politique; Politicienne
político	Politique; Politicien
pomada	Pommade
pomar	Verger
pomares	Verger
pomelo	Pamplemousse
pomerania	Poméranie
pomo	Bouton, pommeau, piridion
pompa	Pompe, splendeur, vessie
pomposo	Pompeux
ponche	Ponch; Spécialité de la ville de Quito composé de lait épaissi à la fécule de maïs, battu avec de l’œuf, de la vanille, de la cannelle, éventuellement un alcool, servi avec un peu de sirop de fruit rouge sur le dessus ou de la poudre de cannelle
poncho	Lâche, mou, peureux, paresseux; Dont la queue est courte; Court, en parlant des cheveux ou d’un vêtement
poner	Poser, placer, mettre; Pondre
pongo	Poser, placer, mettre; Pondre
poniente	Occidental
pontevedra	Pontevedra
pontificado	Pontificat
pontificio	Pontifical
ponto	Pont, ancien royaume puis province romaine
pontífice	Pontife
pontón	Barge, chaland
ponzoña	Poison
poo	POO
pop	Pop
popa	Poupe
popayán	Haricot d’Espagne
popo	Popocatépetl
popocatépetl	Popocatepetl
popote	Paille (tige de certaines graminées comme le blé); Paille (tube qui sert à boire)
populacho	Populace
popular	Populaire; Qui plaît, qui est apprécié par un grand nombre de personnes; Partie des tribunes d'un stade où les places sont les moins chères
popularidad	Popularité
populismo	Populisme
populoso	Populeux
popup	Fenêtre intruse, intruse
popurrí	Pot-pourri
popó	Fesses; Excrément, caca, popo
por	Par; Pour
porcel	Bosse sur la tête
porcelana	Porcelaine (matériaux); Porcelaine (vase ou figurine); Pot de chambre
porcentaje	Pourcentage; Participation
porche	Porche, véranda
porcino	Porcin
porción	Portion
pordiosero	Mendiant
porfa	s’il te plaît (exprime une demande); je t’en prie (exprime l’exaspération, le désaccord)
porfiado	Culbuto
porfiriato	Période durant laquelle le dictateur et militaire Porfirio Díaz à dirigé le Mexique (1876-1911)
porfis	S’il vous plaît
pormenorizado	Détaillé
porno	Porno; Porno
pornografía	Pornographie
pornográfico	Pornographique
poro	Pore; Sorte de courge
porosidad	Porosité
poroso	Poreux
poroto	Haricot
porque	Parce que, car
porquería	Quelque chose de mauvaise qualité, déprécié ou sans valeur; Porcherie, saleté
porra	Matraque, massue
porras	Matraque, massue
porrazo	Gourdin
porrista	Membre de la milice surnommée la Porra qui dans les années 1930 terrorisait la population civile; Pom-pom girl; Supporter
porriño	O Porriño
porro	Poireau; Joint, pétard (cigarette de cannabis)
porrón	Porron
portaaviones	Porte-avions
portabilidad	Portabilité
portable	Portable
portada	Façade; Première page de livre, avec le titre : couverture; Première page de journal, une; Page d’accueil
portador	Porteur
portafolios	Portefeuille (enveloppe servant à renfermer des papiers, des dessins, etc)
portal	Grande porte, portail; Crèche (représentation de la Nativité)
portapapeles	Presse-papiers
portar	Amener, apporter, emmener; pronominal (portarse) Se comporter
portaviones	Porte-avions
portavocía	Porte-parolat, qualité ou fonction d’un porte-parole
portavoz	Porte-parole
porte	Amener, apporter, emmener; pronominal (portarse) Se comporter
porteador	Porteur
portento	Prodige, chose admirable; Prodige, personne très douée
portentoso	Prodigieux
portero	Portier, concierge; Gardien de but; Interphone
portería	Porterie, conciergerie; Office de portier; But
portezuelo	Portezuelo; Petit port; Col (en montagne); Porte, portillon
porteño	Relatif a Buenos Aires, portègne; Portègne
portilla	Portilla, en Castille-La Manche; Portilla, dans le Pays basque
portillo	Portillo
portorriqueño	Portoricain; Portoricain
portsmouth	Portsmouth
portuario	Portuaire
portugal	Portugal
portugalete	Portugalete
portugués	Portugais; Portugais (personne du Portugal)
portátil	Portable, portatile
portón	Grande porte
porvenir	Avenir, futur
posada	Posada; Bar, faisant parfois à manger situé sur le bord des routes; Pension de famille, chambre d’hôte; Campement de troupes en déplacement
posadero	Aubergiste
posar	Poser, prendre une pose (pour une photo, etc.)
posdata	Post-scriptum
pose	Poser, prendre une pose (pour une photo, etc.)
poseedor	Détenteur, possesseur
poseer	Posséder
poseidón	Poséidon
posesivo	Possessif
posesión	Possession
posguerra	Après-guerre
posibilidad	Possibilité
posible	Possible
posiblemente	Possiblement
posición	Position
positivo	Positif
posmodernidad	Postmodernité
posmodernismo	Postmodernisme
posmoderno	Postmoderne
poso	Lie; Marc
posponer	Postposer, placer après; Remettre quelque chose à plus tard
posproducción	Postproduction
postal	Postal; Carte postale
postcolonial	Post-colonial, postcolonial
poste	Poteau
posteo	Billet
postergar	Tergiverser, procrastiner, remettre à plus tard; Tourner le dos, mépriser, reléguer comme inférieur
posteridad	Postérité
postigo	Fausse porte; Porte simple, faite d’un seul battant; Guichet, petite porte dans un portail; Volet
postizo	Postiche; Postiche, perruque
postmodernidad	Postmodernité
postmoderno	Postmoderne
postoperatorio	Postopératoire
postor	renchérisseur
postparto	Post-partum
postración	Prosternation
postraumático	Post-traumatique
postre	Dessert
postrero	Dernier
postular	Demander, postuler
postura	Posture, position
posverdad	Post-vérité
potable	Potable
potasa	Potasse (KOH)
potasio	Potassium
pote	Pot
potencia	Puissance, pouvoir d’imposer son autorité; Puissance, État souverain
potencial	Potentiel
potencialmente	Potentiellement
potenciar	Renforcer
potente	Puissant
potestad	Pouvoir
potito	Fesses; Calebasse de faible capacité destinée à boire la chicha; Nourriture infantile vendue en petit pot
poto	Popotin, derrière, fesses
potosí	Potosi
potra	Hernie; Pouliche; Bonne chance
potro	Poulain; Cheval d’arçons
poum	Mouvement politique communiste espagnol indépendant
poveda	Poveda
poyo	Banc, le plus souvent adossé au mur des maisons rurales; Poio
poza	Trou d’eau; Endroit le plus profond d’une rivière; Rouissoir, mare ou bassin où l’on fait rouir le chanvre ou le lin
pozo	Puits; Endroit de la cale d’un navire où sont situées les pompes à écoper
pozoblanco	Pozoblanco
pozole	Potée à base de grains de maïs précuits dans de l'eau de chaux
pozuelo	Pozuelo; Bol, petit récipient pour recueillir les liquides
poético	Poétique
ppm	Partie par million
pq	porque; por qué
practicante	Stagiaire
practicar	Pratiquer
pradera	Prairie
prado	Prairie, pré; Prado
praga	Prague
pragmatismo	Pragmatisme
pragmático	Pragmatique
pravia	Pravia
preboste	Prévôt
precampaña	Précampagne
precariamente	Précairement
precariedad	Précarité
precario	Précaire
precarización	Précarisation
precaución	Précaution
precedencia	Précédence
precedente	Précédent
preceder	Précéder
precepto	Précepte
preceptor	Précepteur
preciado	Priser
precinto	Scellé
precio	Prix
precioso	Précieux
preciosura	Merveille, bijou
precipicio	Précipice
precipitación	Précipitation, hâte excessive; Précipitation, pluie, neige ou grêle; Précipitation, réaction par laquelle on extrait une matière solide d’une solution
precipitadamente	À la hâte
precipitado	Précipiter; Se précipiter, rouler (dans le contexte d’un cours d'eau)
precipitar	Précipiter; Se précipiter, rouler (dans le contexte d’un cours d'eau)
precisamente	Juste, précisément
precisión	Précision
preciso	Nécessaire; Précis
precolombino	Précolombien
precolonial	Précolonial
precordillera	Pré-cordillère
precoz	Précoce
precursor	Précurseur
predador	Prédateur
predecesor	Prédécesseur
predecible	Prédictible
predecir	Prédire
predestinación	Prédestination
predestinado	Prédestiner
predicado	Prêcher
predicador	Prédicateur
predicamento	Situation difficile
predicar	Prêcher
predicción	Prédiction
predictor	Prédicteur
predilección	Prédilection
predisposición	Aptitude, disposition
predominar	Prédominer
predominio	Prépondérance
preeclampsia	Pré-éclampsie, toxémie gravidique
preeminencia	Prééminence
preeminente	Prééminent
preescolar	Préscolaire; Préscolaire
preestreno	Avant-première
prefabricado	Préfabriqué
prefacio	Préface
prefecto	Préfet
prefectura	Préfecture
preferencia	Priorité
preferencial	Prioritaire, préférentiel
preferente	Préférentiel
preferible	Préférable
preferir	Aimer mieux, préférer
prefijo	Préfixé; Préfixe; Indicatif téléphonique
prefrontal	Préfrontal
pregonar	Clamer, faire savoir quelque chose à haute voix pour qu'il devienne connu de tous
pregonero	Crieur public
preguerra	Avant-guerre
preguntar	Demander
preguntón	Curieux, questionneur; Curieux
prehispánico	Préhispanique
prehistoria	Préhistoire
prehistórico	Préhistorique
preinscripción	Préinscription
prejuicio	Préjugé
prejuzgar	Préjuger
prelación	Prélation
prelado	Prélat
prelatura	Prélature
preliminar	Préliminaire
preludio	Prélude
prematrimonial	Prémarital
prematuramente	Prématurément
prematuro	Prématuré
premeditación	Préméditation
premia	Récompenser, primer
premiar	Récompenser, primer
premio	Prix, récompense
premisa	Prémisse
premonición	Prémonition
prenatal	Prénatal
prenda	Gage, nantissement; Tout ce qui peut servir de garantie dans un foyer : bijoux, meubles, ustensiles…; Vêtement; Personne aimée intensément; Valeur
prendedor	Barrette
prender	Saisir; Arrêter; Allumer; Prendre
prensa	Presse, mécanisme permettant de presser; Presse, ensemble des journaux
preocupación	Souci, préoccupation
preocupado	Préoccuper; Se soucier, s’inquiéter
preocupar	Préoccuper; Se soucier, s’inquiéter
preparacion	Recette
preparación	Préparation
preparador	Préparateur
preparar	Préparer, apprêter
preparativo	Préparatif
preparatorio	Préparatoire
preponderancia	Prépondérance
preponderante	Prépondérant
preposición	Préposition
prepotencia	Prépotence
preproducción	Préproduction
prepucio	Prépuce
prerrogativa	Prérogative
presa	Proie; Barrage; Prisonnière (le masculin est : preso); Prisonnière
presagiar	Présager; Prédire
presagio	Présage
presbiteriano	Presbytérien
presbiterio	Presbyterium; Collège d’ecclésiastiques
presbítero	Prêtre
prescindible	Évitable, dispensable
prescindir	Faire abstraction de quelque chose, passer sous silence
prescribir	Prescrire, enjoindre
prescripción	Prescription, délai au bout duquel une action juridique ne peut être entamée; Prescription, protocole médicamenteux émis par un médecin en vue de guérir une affection
presencia	Présence
presencial	Présentiel
presentación	Présentation; Offre, proposition, séance
presentar	Présenter; Se présenter, s’introduire
presente	Cadeau, don; Présent (temps en linguistique); Le présent, le moment actuel; Présent
presentimiento	Pressentiment
preservación	Préservation
preservado	Préserver
preservar	Préserver
preservativo	Condom, préservatif
presi	Président
presidencia	Présidence
presidenciable	Présidentiable; Présidentiable
presidencial	Présidentiel
presidenta	Présidente
presidente	Président
presidiario	Bagnard, détenu
presidio	Fortin militaire construit en Amérique et en Afrique; Ensemble des soldats qui y résident; Établissement pénitentiaire, bagne pour les délits graves; La peine que l’on y purge; Ensemble des prisonniers de cet établissement
presidir	Présider
presionar	Presser, faire pression sur
presión	Pression
preso	Prisonnier
prestación	Prestation
prestador	Prêteur
prestar	Prêter; Rendre (un service)
preste	Prêter; Rendre (un service)
prestigio	Prestige
presto	Prêter; Rendre (un service)
presumir	Présumer; Être prétentieux, se croire important
presunción	Présomption, opinion considérée comme hautement probable, fondée non sur des preuves mais sur des indices; Présomption, ce qui est supposé vrai jusqu’à preuve du contraire
presuntuoso	Présomptueux
presuponer	Supposer, présupposer
presupuestal	Budgétaire
presupuestar	Budgéter
presupuestario	Budgétaire
presupuesto	Budget
presurización	Pressurisation
pretencioso	Prétentieux
pretender	Prétendre
pretendido	Prétendre
pretensión	Prétention
pretexto	Prétexte
pretil	Parapet, muret de pierre pour protéger
pretor	Préteur
pretoria	Pretoria (capitale de l’Afrique du Sud)
pretorio	Prétorial, de préteur, de juge; Prétoire
pretérito	Prétérite; Prétérite
prevalecer	Prévaloir
prevalencia	Prévalence, prédominance
prevalente	Prévalent
prevaricación	Prévarication
prevaricato	Prévarication
prevención	Prévention
prevenir	Prévenir
preventivo	Préventif
prever	Prévoir
previamente	Préalablement
previo	Préalable, précédent
previsión	Prévision
previsto	Prévu
preámbulo	Préambule
preñada	Enceinte
prian	PRIAN
priego	Priego; Clou de fer
prieta	Dense; Sombre, brun, noir; Sombre de peau, noir
prieto	Dense; Sombre, brun, noir; Sombre de peau, noir
prima	Cousine
primacía	Primauté, prépondérance
primada	Primatiale
primar	Primer
primarias	Primaire, premier
primario	Primaire, premier
primate	Primate; Primate
primavera	Printemps
primaveral	Printanier
primeramente	Premièrement, d’abord, en premier lieu
primeriza	Mère qui accouche pour la première fois
primero	Premier
primicia	Premiers fruits; Primeur, nouvelle donnée en premier
primigenio	Primitif, originel
primitivo	Primitif, sommaire; Primitif, qui a le caractère des premiers âges de l’humanité; Primitif, aborigène
primo	Cousin/cousine; Cousin/cousine
primogenitura	Primogéniture
primogénito	Aîné
primor	Délicatesse; Perfection, splendeur, merveille
primordial	Dominant, principal
princesa	Princesse
principado	Principauté; Principat
principal	Principal
principalmente	Particulièrement, principalement, surtout
principiante	Débutant
principio	Commencement, début; Principe
pringado	Graisser, tartiner de beurre ou de saindoux; Verser de l’huile bouillante sur une personne, comme châtiment; Tacher de graisse; Entacher la réputation d’une personne, la dénigrer; Compromettre
prior	Antérieur, supérieur; Prieur
priorato	Prieuré; Priorat
prioridad	Priorité
prioritario	Prioritaire
priorizar	Prioriser
prisa	Hâte
prisionero	Prisonnier
prisión	Prison
prisma	Prisme
prismáticos	Jumelles
pristina	Pristina
privacidad	Confidentialité, vie privée, intimité
privación	Privation
privado	Privé
privar	Priver
privativo	Privateur
privatización	Privatisation
privatizar	Privatiser
privilegio	Privilège
pro	Pro
proa	Proue
proactivo	Proactif
probabilidad	Chance
probabilístico	Probabilitique
probable	Agregó que si bien el escenario más probable es el de un balotaje entre Milei y Massa, cree que “hay alguna otra posibilidad”. — (Gonzalo Giuria, « Final abierto: los argentinos votan este domingo », dans La diaria, 21 octobre 2023…
probablemente	Probablement
probador	Cabine d’essayage
probar	Essayer, goûter; Éprouver; Mettre à l’épreuve; Voir si
probeta	Éprouvette
probidad	Probité
problema	Problème
probo	Probe
procedencia	Origine, provenance; Point de départ
procedente	Provenant; De procédure
proceder	Procéder; Provenir
procedimental	Procédural
procedimiento	Procédure; Procédé, recette
procesado	Procéder, traiter; Poursuivre
procesador	Qui procède, qui traite; Processeur
procesal	Procédural
procesamiento	Traitement
procesar	Procéder, traiter; Poursuivre
procesión	Procession; Action de procéder
proceso	Processus
proclamación	Proclamation
proclamar	Proclamer
procrastinación	Procrastination
procrastinar	Atermoyer, ajourner
procrear	Procréer
procurador	Procureur
procuraduría	Parquet
procurar	Procurer; Faire en sorte de, tenter de (+ infinitif); Se procurer, acheter, acquérir
prodigio	Prodige
prodigioso	Prodigieux
producción	Production
producir	Produire; Mettre en place, faire
productividad	Productivité
productivo	Productif
producto	Produit
productor	Producteur
proeza	Prouesse
profanación	Profanation
profanar	Profaner
profano	Profane, laïque
profecía	Prophétie
proferir	Proférer
profesar	Professer
profesional	Professionnel
profesionalización	Professionnalisation
profesionista	Professionnel
profesión	Profession
profesor	Professeur
profesorado	Professorat
profeta	Prophète
profetizar	Prédire
profilaxis	Prophylaxie
profiláctico	Prophylactique; Préservatif
profundamente	Profondément
profundidad	Profondeur
profundización	Approfondissement
profundizar	Approfondir
profundo	Profond
profusamente	Profusément
profusión	Profusion
profuso	Profus, abondant
profético	Prophétique
progenitor	Progéniteur
progesterona	Progestérone
programa	Programme
programable	Programmable
programación	Programmation
programador	Programmeur
programadora	Programmeuse
programar	Programmer
programático	Programmatique
progre	Progressiste, gauchiste
progresista	Progressiste
progresión	Progression
progreso	Progrès, avancée
prohibición	Défense, interdiction, prohibition
prohibido	Défendu, interdit, prohibé
prohibir	Interdire
prohibitivo	Prohibitif
prolactina	Prolactine
prole	Lignage, lignée, descendance
proletariado	Prolétariat
proletario	Prolétaire
proliferación	Prolifération
proliferar	Proliférer
prolijamente	Prolixement, en détail, soigneusement
prolijo	Prolixe
prolongación	Prolongation, action de prolonger
prolongado	Prolonger
prolongar	Prolonger
prolífico	Prolifique
promediar	Moyenner
promedio	Moyenne
promesa	Promesse
prometedor	Prometteur
prometer	Assurer, promettre
prometio	Prométhéum (l’élément chimique Pm)
prominencia	Proéminence, protubérance, saillie, élévation
prominente	Proéminent
promiscuo	De mœurs légères, volage, frivole, en parlant d’une femme : légère, facile, en parlant d’un homme : cavaleur, coureur
promocionar	Promouvoir
promoción	Promotion
promotor	Promoteur
promover	Promouvoir
promulgación	Promulgation
promulgar	Promulguer
pronombre	Pronom
pronominal	Pronominal
pronosticar	Pronostiquer
prontamente	Promptement
prontitud	Promptitude
pronto	Prêt; Rapide; Rapidement; Bientôt, tôt
pronunciación	Prononciation, manière de prononcer; Discours fait en publique; Prononcé ou décision d'un jugement
pronunciamiento	Pronunciamiento
pronunciar	Prononcer
pronóstico	Pronostique
propagación	Propagation
propaganda	Propagande
propagandista	Propagandiste
propagar	Propager
propano	propane (CH₃ – CH₃)
propenso	Enclin, prédisposé
propiamente	Proprement
propicio	Propice, favorable; Commode, convenable, opportun
propiedad	Propriété
propietario	Propriétaire
propina	Pourboire
propio	Personnel, propre
proponer	Proposer
proporcional	Proportionnel
proporcionar	Subvenir
proporción	Proportion
proposición	Offre, proposition; Offre
propuesta	Proposition
propulsar	Propulser (pousser en avant)
propulsión	Propulsion
propulsor	Propulseur
propósito	Propos, intention
prorrogar	Proroger
prosa	Prose; Interlettrage, interlettre
proseguir	Poursuivre, continuer
proselitismo	Prosélytisme
prosodia	Prosodie
prospección	Prospection
prosperar	Prospérer; Être prospère
prosperidad	Prospérité
prostitución	Prostitution
prostituir	Prostituer, vendre ou louer une personne à un tiers, généralement un homme, pour la jouissance sexuelle personnelle de ce dernier; Prostituer, déshonorer ou dégrader une personne ou une chose afin d’obtenir un bénéfice de leur exploitation
prostituto	Prostitué
prostático	Prostatique; Homme ayant un problème à la prostate
prostíbulo	Maison de passe, maison close
protagonismo	Protagonisme
protagonista	Vedette, protagoniste
protagonizar	Protagoniser
proteccionismo	Protectionnisme
proteccionista	Protectionniste
protección	Protection; Garde, protection
protector	Protecteur
protectorado	Protectorat
proteger	Protéger
protegido	Protégé
proteico	Protéique
proteinuria	Protéinurie
proteo	Protée
protesta	Protestation; Manifestation
protestante	Protestant
protestantismo	Protestantisme
protestar	Protester
protesto	Protester
proteína	Protéine
protocolario	Protocolaire
protocolo	Protocole
prototipo	Prototype, maquette
protuberancia	Saillie
protón	Proton
provecho	Profit; Bon appétit
provechoso	Avantageux, intéressant
proveedor	Qui fournit, qui pourvoit; Fournisseur, pourvoyeur
proveer	Fournir, pourvoir
provenir	Émaner
provenza	Provence (province française)
provenzal	Provençal, de Provence; Provençal; Provençal, dialecte occitan de Provence
proverbio	Proverbe
providencia	Providence
providencial	Providentiel
provincia	Province; Division administrative se situant en dessous de la communauté autonome et regroupant plusieurs communes
provincial	Provincial
provinciano	Provincial, d'une province; Provincial
provisional	Provisoire, temporaire
provisión	Provision
provocación	Provocation, action de provoquer; Provocation, délit
provocador	Provocateur
provocar	Provoquer
provocativo	Provocatif
proxeneta	Proxénète
proxenetismo	Proxénétisme
proximidad	Proximité
proyección	Projection
proyectar	Projeter, lancer; Projeter, planifier
proyectil	Projectile
proyecto	Projet, plan
proyector	Projecteur
prudencia	Prudence
prudente	Prudent
prudentemente	Prudemment
prueba	Preuve; Épreuve, contrôle, test
prurito	Prurit
prusia	Prusse, pays historique d'Europe
prusiano	Prussien
práctica	Pratique; Stage
prácticamente	Pratiquement
práctico	Pratique; Pratique, commode
préstamo	Prêt; Emprunt
príncipe	Prince
prójimo	Prochain
prólogo	Prologue
prórroga	Prorogation; Prolongation
próspero	Prospère, propice, favorable; Prosper; Prospéro
próstata	Prostate
prótesis	Prothèse
próximamente	Prochainement; Environ, à peu près
próximo	Proche; Prochain
pseudociencia	Pseudoscience
pseudónimo	Pseudonyme; Pseudonyme
psicoanalista	Psychanalyste
psicoanálisis	Psychanalyse
psicodrama	Psychodrame
psicología	Psychologie
psicológicamente	Psychologiquement
psicológico	Psychologique
psicopatología	Psychopathologie
psicopatía	Psychopathie
psicosis	Psychose
psicosocial	Psychosocial
psicoterapia	Psychothérapie
psicólogo	psychologue
psicópata	Psychopathe
psicótico	Psychotique; Psychotique
psique	Psyché, ensemble des manifestations conscientes et inconscientes de la personnalité d’un individu
psiquiatra	Psychiatre, aliéniste
psiquiatría	Psychiatrie
psiquis	Psyché
psiquiátrico	Psychiatrique; Hôpital Psychiatrique
psoe	Parti de gauche social-démocrate espagnol
psoriasis	Psoriasis
psuc	Ancien parti politique marxiste catalan
psíquico	Psychique
ptm	puta madre
puaj	Beurk
pub	Pub
pubertad	Puberté, adolescence
pubis	Pubis
publicación	Publication, action de rendre public; Publication, action de publier
publicar	Publier
publicidad	Publicité, état de ce qui est rendu publique; Publicité, activité de rendre publique, de faire connaitre
publicista	Publicitaire, publiciste
publicitario	Publicitaire
pucallpa	Pucallpa
pucará	Pucara
puchero	Grand récipient utilisé pour faire cuire les aliments; Puchero; Moue
puck	Puck, satellite naturel de la planète Uranus
pudor	Pudeur; Puanteur
pudrición	Putréfaction
pudrir	Pourrir
puebla	Puebla (ville); Puebla (État fédéré)
pueblo	Village, localité, ville de taille réduite ou moyenne; Peuple
pueblucho	Trou perdu, patelin
puente	Pont; Pont du navire; Pont, jour ouvré entre des jours fériés
puenting	saut à l’élastique
puerco	Cochon, porc, porcin; Porc, personne sale, grossière ou repoussante
puercoespín	Porc-épic
puericultura	Puériculture
pueril	Puéril
puerperio	Postpartum
puerro	Poireau
puerta	Porte
puerto	Port; Col, passage entre deux montagnes
puertollano	Puertollano
puertorriqueño	portoricain; Portoricain
pues	Puis; Donc
puesta	Pose, action de poser, placement; Mise; Aux enchères, offre, surenchère
puesto	Poste, emploi, fonction, office, service; Mis, placé, posé
pueyo	Pueyo
puf	Pouf
pufo	Arnaque; Dette impayée
pug	Carlin
pugna	Se battre, combattre
puja	Pousser; Monter; Faire monter un prix, augmenter
pujanza	puissance
pujar	Pousser; Monter; Faire monter un prix, augmenter
pulcro	Net
pulga	Puce
pulgada	Pouce
pulgar	Pouce
pulgarcito	Tom Pouce
pulgón	Puceron
pulido	Poli (uni et luisant)
pulir	Polir
pulmonar	Pulmonaire, du poumon
pulmonía	Pneumonie
pulmón	Poumon; Qui en est, de la jaquette (homosexuel)
pulpa	Moelle
pulpería	Petit magasin où l'on vend des produits alimentaires, de l’alcool ainsi que des produits de première nécessité
pulpo	Pieuvre
pulque	Pulque
pulsado	Clic
pulsar	Pulser, palpiter
pulseada	Bras de fer
pulsera	Bracelet
pulso	Pouls
pulverización	Pulvérisation
pulverizador	Vaporisateur, pulvérisateur
pulverizar	Pulvériser
pum	Prout
puma	Puma
pun	Prout
puna	Puna; Mal des montagnes
punción	Ponction, acte chirurgical consistant grâce à une aiguille à extraire ou prélever un liquide ou échantillon
pundonor	Amour-propre
punitivo	Punitif
punk	Punk; Punk
puno	Punir
punta	Pointe; Pointe, petite quantité; Pointe, petit clou
puntada	Point de couture
puntal	Étai; Mât de charge
puntapié	Coup donné de la pointe du pied
punteado	Pointé
puntero	Pointeur, pointerolle
puntería	Action de viser; Précision dans le tir; Point visé par un tir
puntiagudo	Pointu
puntilla	Puntilla; Dentelle
puntillo	Point, pointille
punto	Point
puntuación	Ponctuation; Score, nombre de points
puntual	Ponctuel
puntualidad	Ponctualité
puntualmente	Ponctuellement
punzada	Élancement
punzante	Lancinant
punzón	Poinçon; Poinçon typographique
pupa	Bouton de fièvre; Pupe
pupila	Pupille, prunelle de l’œil; Poupée, objet du désir masculin, pute
pupilo	Pensionnaire
pupitre	Pupitre
pupo	Nombril
puramente	Purement
pureza	Pureté
purga	Purge
purgante	Purgatif
purgar	Purger
purgatorio	Purgatoire; Purgatoire
puri	Puri
purificación	Purification, action de purifier quelque chose; Purification, rituel religieux
purificador	Purificateur
purificar	Purifier, affiner
purismo	Purisme
purista	Puriste
puro	Pur; Cigare
purpurina	Purpurine
purpúreo	Pourpre
puré	Purée
purépecha	Tarasque, purépecha
pus	Pus
pusilánime	Pusillanime
puta	Pute, putain (prostituée); Traînée, salope (femme légère); Putain, pute, chienne (qui inspire le mépris); Putain, bordel (marque la colère, le dépit, l’indignation)
putada	Coup de pute
putas	Foutu, putain de, saloperie de, crisse de, saleté de
putazo	Gnon, prune, pêche, mandale, latte (coup violent)
puteada	Faire chier (importuner); Traiter (de fils de pute), injurier; Casser la gueule (battre); Aller aux putes, fréquenter les prostituées; Faire le trottoir, se prostituer
putear	Faire chier (importuner); Traiter (de fils de pute), injurier; Casser la gueule (battre); Aller aux putes, fréquenter les prostituées; Faire le trottoir, se prostituer
puteo	Faire chier (importuner); Traiter (de fils de pute), injurier; Casser la gueule (battre); Aller aux putes, fréquenter les prostituées; Faire le trottoir, se prostituer
putero	Miché, micheton, homme à putes, homme qui paye pour des actes sexuels avec des personnes prostituées; Bordel, claque, boxon (maison close); À putes (qui entretient des relations sexuelles avec des prostituées)
puticlub	Bordel (maison close)
putiza	Branlée, dégelée, raclée, rouste (volée de coups)
puto	Foutu, putain de, saloperie de, crisse de, saleté de; Prostitué; Pédé, pédale, tapette, tante; Homme à femmes, coureur; Insulte exprimant la colère ou le mépris envers un homme : enculé, bâtard
putrefacción	Putréfaction
putrefacto	Pourri
puzle	Puzzle
puñado	Poignée, contenu du poing
puñal	Relatif à une lutte; Poignard; Qui en est, de la jaquette (homosexuel)
puñeta	Volant de dentelle qui entoure le poignet de certains vêtements; Contrariété, désagrément; \pu.’ɲe.ta\* Exprime l’étonnement ou la colère
puñetazo	Coup de poing
puñetero	Onaniste; Damné, satané
puño	Poing
pyme	PME
pyongyang	Pyongyang, capitale de la Corée du Nord; Corée du Nord
pádel	Padel
páez	Nom de famille
página	Page
pájara	Pájara; Oiseau femelle; Baisse de forme, état d’un joueur à la ramasse
pájaro	Oiseau, en particulier ceux de petite taille
pálido	Pâle
páncreas	Pancréas
pánico	Panique
páramo	Biotope andin situé en zone tropicale (du Venezuela au Pérou), à une altitude de plus de 3000 mètres caractérisé par une végétation steppique agrémenté de plantes du genre Espeletia
párpado	Paupière
párrafo	Alinéa, paragraphe
párroco	Curé
pélvico	Pelvien
péndulo	Pendant; Pendule; Girouette, personne qui change d’opinion souvent
péptido	Peptide
pérdida	Perte
pérez	Nom de famille
pérfido	Perfide
pérgola	Pergola
pérmico	Permien
pérsico	Persique; Pêcher; Pêche
pértiga	Perche
pésaj	Pessa'h
pésame	Condoléance
pésimo	Piètre
pétalo	Pétale
pía	Pieux, dévot
pícaro	Misérable; Malin, futé; Voyou, vaurien, misérable
píldora	Pilule
pío	Pieux, dévot; Prénom masculin
pívot	Pivot
píxel	pixel
pócima	Potion médicinale, apozème
pólipo	Polype
póliza	Police (contrat)
pólvora	Poudre à canon
pómez	Ponce
pómulo	Pommette
póquer	Poker, jeu de cartes
pórfido	Porphyre
pórtico	Portique
póster	Affiche
póstumo	Posthume
púa	Pointe; Épine; Greffon; Plectre
públicamente	Publiquement
público	Public
púlpito	Pupitre, chaire
púrpura	Pourpre
pútrido	Pourri
q	que
qepd	RIP (qu’il/elle repose en paix)
quad	Quad
quark	Quark
quart	Quart
que	Que; Que, qui
quebec	Québec (province du Canada); Québec (capitale de cette province)
quebracho	Nom générique de plusieurs espèces au bois dur; Nom vernaculaire de divers arbre au bois très dur généralement du genre Schinopsis, de la famille des Anacardiaceae (anacardiacées)
quebradizo	Fragile
quebrado	Brisé, cassé, rompu
quebrantado	Casser, briser avec violence; Fendre quelque chose de telle manière que cela se brise facilement; Fracasser, réduire un objet solide en fragments; Profaner un lieu sacré; Transgresser, enfreindre, violer un loi, une règle; Ébranler, abattre le moral, une valeur, une conviction; Dompter un poulain; Gêner, perturber
quebrantahuesos	Gypaète barbu (vautour)
quebrantar	Casser, briser avec violence; Fendre quelque chose de telle manière que cela se brise facilement; Fracasser, réduire un objet solide en fragments; Profaner un lieu sacré; Transgresser, enfreindre, violer un loi, une règle; Ébranler, abattre le moral, une valeur, une conviction; Dompter un poulain; Gêner, perturber
quebrar	Briser, rompre, casser; Faire faillite
quechua	Quechua, relatif aux Quechuas; Quechua, Amérindien de la région de Quechua; Quechua
quedada	Rester; rester, demeurer
quedar	Rester; rester, demeurer
queer	Queer; Queer
quehacer	Travail, tâche à faire
queja	Plainte, réclamation
quejando	Clamer, porter plainte, se plaindre
quejar	Clamer, porter plainte, se plaindre
quejarse	se plaindre
queje	Clamer, porter plainte, se plaindre
quejemos	Clamer, porter plainte, se plaindre
quejen	Clamer, porter plainte, se plaindre
quejica	Braillard, geignard; Braillard
quejido	Gémissement
quejo	Clamer, porter plainte, se plaindre
quejoso	Rebroussier
quema	Brûler; Brader; Discréditer, décrédibiliser, griller
quemada	Quemada
quemado	Brûler; Brader; Discréditer, décrédibiliser, griller
quemadura	Brulure
quemar	Brûler; Brader; Discréditer, décrédibiliser, griller
queme	Brûler; Brader; Discréditer, décrédibiliser, griller
quena	Quena
queque	(îles de l’est) Gâteau rond assez analogue au quatre-quart; Fesse
queratina	Corne, kératine
querella	Plainte; Plainte en justice, querelle; Querelle, discorde, dispute
querellarse	Se plaindre; Se quereller
querencia	Amour, affection, action d’aimer; Lieu plaisant
querer	Affection, attachement, amour; Vouloir; Aimer (une personne, aimer d’amour)
querol	Querol
queroseno	Kérosène
querubín	Prénom masculin
querétaro	Querétaro
quesada	Quesada, dans la province de Jaén; Nom de famille; Nom de plusieurs autres localités en Espagne et en Amérique latine; Sorte de flan au fromage
quesadilla	Quesadilla, crêpe de maïs fourrée au fromage; Gâteau au fromage
quesería	Fromagerie
quesillo	Ce terme désigne différents dessert, parfois à base de fromage blanc, de composition et d’aspect variables selon les pays; Fromage blanc préparé avec soit des fruits, du miel, de la confiture, du dulce de leche; Sorte de flan préparé avec des œufs, du sucre, du lait concentré et du lait frais et parfois parfumé au rhum; Fromage blanc particulier de la région d’Oaxaca; Petit fromage; Non vernaculaire de Malvaviscus arboreus plante arbustive de la famille des Malvaceae originaire du Mexique et parfois nommé en France hibiscus piment du fait de l’aspect de ses fleurs
queso	Fromage
quetzal	Quetzal
quetzalcóatl	Nom aztèque d’une divinité du Mexique, l’un des principaux dieux des civilisations de l’aire mésoaméricaine
quiche	Quiche
quiché	Relatif aux Mayas du Quiché, leur langue, leur culture; Habitants du Quiché; Quiché
quid	Quid
quiebra	Rupture; Banqueroute, faillite
quiebre	Briser, rompre, casser; Faire faillite
quiebro	Briser, rompre, casser; Faire faillite
quien	Qui
quienquiera	Qui que ce soit, n’importe qui
quieto	Quiet, calme, paisible, tranquille
quietud	Quiétude
quijada	Mâchoire; Quijada; Nom de famille
quijano	Nom de famille
quijote	Don Quichotte
quilla	Quille
quilo	Chyle
quilombo	Bordel, maison de prostitution; Désordre; Lieu d’accès difficile
quimera	Chimère
quimio	Chimio, abréviation de chimiothérapie
quimioterapia	Chimiothérapie
quina	Quine, cinq numéros exacts au loto; Quinquina; Quine, deux cinq amenés par les dés; Décoction contenant de la quinine; Écu du Portugal, ayant cinq écus disposés en croix, chacun orné de cinq escudos
quince	Quinze
quinceañera	Fête des quinze ans; Jeune fille qui fête ses quinze ans
quincena	Quinzaine
quincenal	Bimensuel, bihebdomadaire
quincho	Bâtiment dont le toit est en chaume, il s'agit généralement d'un préau, d'une annexe de la maison
quincuagésimo	Cinquantième
quiniela	Jeu de balle entre cinq joueurs; Pari sportif, loterie sportive
quinientos	Cinq-cents
quinina	Quinine
quino	Quinquina, arbre du genre Cinchona dont l’écorce donne la quinine
quinoa	Quinoa
quinquenal	Quinquennal
quintaesencia	Quintessence
quintal	Quintal, poids de cent livres; Quintal, poids de cent kilogrammes
quintana	Place de marché
quintanilla	Mot utilisé dans des toponymes espagnols
quinteto	Quintette
quinto	Cinquième; Quinto, en Aragon; Recrue; Taxe correspondant à un cinquième d’une chose
quinua	Quinoa
quiosco	Kiosque
quique	Diminutif de Enrique
quiropráctico	Chiropracteur
quirófano	Dans un hôpital, salle d’opération, bloc opératoire
quirúrgicamente	Chirurgicalement
quirúrgico	Chirurgical
quisquilloso	Chatouilleux, pointilleux
quiste	Kyste
quitanieves	Chasse-neige
quitar	Quitter, enlever, ôter
quite	Quitter, enlever, ôter
quito	Quito
quizá	Peut-être
quizás	Peut-être
quién	Qui
qué	Que, quoi; Quel
química	Chimie; Chimiste (femme)
químicamente	Chimiquement
químico	Chimique; Chimiste
r	R
ra	Rê (dieu égyptien)
rabadilla	Râble, croupion
rabanal	Lieu planté de radis
rabat	Rabat (capitale du Maroc)
rabel	Rebec
rabia	Rage
rabiar	Rager, faire rage
rabillo	Petit queue, chose en forme de queue; Coin
rabino	Rabbin
rabioso	Enragé, furieux
rabo	Queue
racha	Rafale
racial	Racial
racimo	Grappe; Régime
racional	Rationnel
racionalidad	Rationalité
racionalización	Rationalisation
racionalizar	Rationaliser
racionalmente	Rationnellement
racionamiento	Rationnement
racionar	Rationner
racismo	Racisme
racista	Raciste
ración	Ration, portion d'un aliment nécessaire à une personne pour une période donnée de temps; Ration, portion attribuée pendant une période de pénurie entraînant un rationnement
rada	Rade
radar	Radar
radiación	Radiation
radiactividad	Radioactivité
radiactivo	Radioactif
radiador	Radiateur
radical	Radical
radicalidad	Radicalité
radicalismo	Radicalisme
radicalización	Radicalisation
radicar	Enraciner, prendre racine; Vivre (dans un endroit) de manière permanente
radio	Radio (émetteur-récepteur, récepteur); Radium; Rayon
radioactivo	Radioactif
radioaficionado	Radioamateur
radiodifusión	Radiodiffusion
radiofónico	Radiophonique
radiografía	Radiographie
radiología	Radiologie
radiológico	Radiologique
radiotelevisión	Radiotélévision
radón	Radon (l’élément chimique Rn)
rae	Real Academia Española
rafael	Raphaël
rafal	Ferme, grange (toute construction agricole de petite taille)
rafia	Raphia
raga	Râga
raigambre	Racine
raja	Tranche, darne
rajar	Fendre, strier; Fendre, ouvrir; Taillader, attaquer avec une arme blanche; Se saouler; Jacter, bavarder, tailler une bavette; Se tailler, se sauver
rajastán	Rajastan
rajá	Fendre, strier; Fendre, ouvrir; Taillader, attaquer avec une arme blanche; Se saouler; Jacter, bavarder, tailler une bavette; Se tailler, se sauver
ralea	Engeance
ralentización	Ralentissement
ralentizar	Ralentir
rallado	Râper
ralladura	Zeste
rallar	Râper
rallo	Râper
ram	RAM
rama	Branche, rameau; Diverses choses qui ont avec les branches des arbres un certain rapport de forme et de position
ramadán	Ramadan
ramaje	Branchage
rambla	Oued, lit d’un cours d’eau formé par les eaux pluviales abondantes; Rambla, boulevard
ramera	Prostituée
ramillete	Bouquet
ramiro	Prénom masculin; Ramiro
ramita	Rameau, brindille, branchette
ramo	Rameau; Branche
ramona	Prénom féminin espagnol, équivalent à Raymonde
ramos	Rameau; Branche
rampa	Rampe
rampante	Rampant
ramírez	Nom de famille
ramón	Prénom masculin; Noix-pain (Brosimum alicastrum); Nourriture pour bêtes faite de branchages divers
rana	Grenouille
ranchera	Ranchera
ranchero	De ranch, de rancho; Ranchero
ranchería	Ensemble de cabanes pauvres constituant autrefois un village en Amérique hispanophone, rancherie
rancho	Ranch, unité d'exploitation de la prairie américaine, comprenant une maison d'habitation et de grands parcs d'élevage; Soupe, rata (militaire)
rancio	Rance
randa	Dentelle
rango	Rang
ranura	Rainure
rapanui	Rapanui
rapar	Raser les poils, les cheveux
rapaz	Rapace; Jeune homme, enfant
rape	Baudroie, poisson osseux marin, à tête énorme, au corps oblong et presque cylindrique, vivant le long des côtes d’Europe et d’Amérique, dont le nom scientifique est Lophius piscatorius
rapear	Rapper
rapero	Rappeur
rapidez	Rapidité
rapiña	Rapine
rapsodia	Rhapsodie
raptar	Ravir
rapto	Enlèvement, appréhension; Accès, crise
raptor	Raptor, ravisseur
rapé	Raser les poils, les cheveux
raquel	Prénom féminin espagnol, équivalent à Rachel
raqueta	Raquette
raquis	Rachis; Rachis, colonne vertébrale
raquídeo	Rachidien
raramente	Rarement
rareza	Rareté
raro	Étrange; Rare
rasca	Gratter
rascacielos	Gratte-ciel
rascar	Gratter
rascón	Râle
rasero	Racloir
rasgado	Briser; Gratter les cordes de la guitare; Entailler; Déchirer
rasgar	Briser; Gratter les cordes de la guitare; Entailler; Déchirer
rasgo	Trait, caractéristique; Trait
rasguño	Éraflure, griffure
raso	Ras, lisse, uni; Sans dossier; Sans grade; Sans nuage, serein; Ras, plein à ras bord
raspa	Croûte de riz
raspado	Croûte de riz; Granité (glace)
raspar	Râper; Effacer en grattant, gratter; Raser
rastra	Râteau; Trace, vestige; Sorte de brouette pour tirer les objets pesants; Herse pour aplanir la terre après le labour
rastreador	Qui traque, piste, suite à la trace
rastrear	Pister, traquer, suivre à la trace
rastreo	Pistage, action de suivre quelqu’un ou quelque chose à la trace; Action de traîner
rastrero	Qui rase le sol; Bas et vil
rastrillo	Râteau; Herse
rastro	Râteau; Trace, vestige
rastrojo	Chaume
rasurado	Rasage
rasurar	Raser
rata	Rat (rongeur); Voleur
ratero	Voleur
ratificación	Ratification
ratificar	Ratifier
ratio	Ratio
ratisbona	Ratisbonne
rato	Ratifié, valide; Moment; Rat
ratonera	Souricière
ratón	Rat, petit rat; Souris
rave	Rave
raya	Raie, ligne; Raie
rayar	Érafler
rayo	Rayon, ligne rectiligne qui part d’un centre et va en divergeant; Rayon, émanation issue d’une source lumineuse irradiante; Éclair
rayon	Marcassin
rayuela	Marelle
rayón	Rayonne, viscose, griffure
raza	Race; Peuple, culture, ethnie
razonable	Raisonnable
razonablemente	Raisonnablement
razonado	Raisonner
razonamiento	Raisonnement
razonar	Raisonner
razón	Raison, entendement; Raison, motif, justification; Renseignement; Raison (d’une série)
raíz	Racine; Souche
rda	RDA, République démocratique allemande
re	Ré
rea	Rhéa, lune de Saturne
reabrir	Réouvrir
reaccionar	Réagir
reaccionario	Réactionnaire
reacción	Réaction
reacio	Rétif, qui n’est pas favorable, qui s’oppose
reactivar	Raviver, réactiver
reactivo	Réactif; Réactif
reactor	Jet, réacteur
reagrupar	Rassembler, regrouper
reajuste	Réajustement
real	Réel; Royal; Réal; Camp, campement, endroit planté de tentes; Champ de foire, endroit planté de tentes foraines; Real
realce	Rehaut
realeza	Royauté
realidad	Réalité
realismo	Réalisme; Royalisme
realista	Réaliste; Royaliste; realista\re.aˈlis.ta\
realizable	Réalisable
realización	Réalisation, accomplissement; Réalisation, processus de fabrication d’un film, d’une émission télévisuelle; Réalisation
realizador	Réalisateur
realizar	Réaliser
realmente	En réalité, réellement
realzar	Rehausser
reanimar	Raviver
reanudar	Renouer, reprendre
reavivar	Raviver
rebaja	Rabais; Soldes
rebajar	Rabaisser, diminuer, réduire
rebaje	Rabaisser, diminuer, réduire
rebajo	Rabaisser, diminuer, réduire
rebanada	Tranche de pain, morceau
rebanar	Trancher, couper
rebasar	Dépasser, excéder en longueur, en hauteur, en valeur, etc
rebase	Dépasser, excéder en longueur, en hauteur, en valeur, etc
rebaño	Troupeau; Masse de gens, troupe
rebeca	Cardigan
rebelar	Rebeller, soulever
rebelde	Rebelle
rebelión	Rébellion
rebollar	Rebollar
rebollo	Rebollo; Tauzin
rebosante	Débordant, débordante
rebosar	Déborder, être comblé, rempli
rebotar	Rebondir
rebote	Rebond
rebozado	Panage
recado	Message; Course, tâche, chose à faire; Sorte de sauce tomate utilisée comme marinade pour les viandes
recaer	Rechuter, retomber
recalentar	Réchauffer
recambio	Rechange
recapitulación	Récapitulation
recarga	Recharge
recargable	Rechargeable
recargar	Recharger, entrelarder
recatado	Réservé, circonspect; Modeste, pudique
recaudación	Collecte, recouvrement
recaudador	Percepteur
recaudar	Récolter, lever des fonds
recaudo	Récolter, lever des fonds
recelo	Méfiance
receloso	Méfiant
recepción	Réception
receptividad	Réceptivité
receptivo	Réceptif
receptor	Receveur, récepteur
receptáculo	Réceptacle
recesión	Récession
receso	Pause
receta	Recette; Ordonnance, prescription
recetar	Prescrire un médicament
rechazar	Refuser, rejeter
rechazo	Rejet
rechinar	Grincer
rechoncho	Rondouillard
recibimiento	Réception; Salle de réception, hall
recibir	Recevoir
recibo	Recevoir
reciclable	Recyclable
reciclado	Recyclé
reciclaje	Récupération
reciclar	Recycler
recidiva	Récidive
reciente	Récent
recientemente	Récemment
recinto	Enclos, enceinte
recio	Qui se rapporte à la Rhéthie; Natif de la Rhétie
recipiente	Récipient
reciprocidad	Réciprocité
recitado	Réciter
recital	Récital
recitar	Réciter
reclamación	Réclamation, action de revendiquer quelque chose auquel on estime avoir droit; Réclamation, plainte, action de se plaindre de quelque chose, d’une mauvaise exécution, d’un mauvais service
reclamante	Réclamant, réclamante
reclamar	Réclamer
reclame	Réclamer
reclamo	reclamo\reˈkla.mo\Première personne du singulier du présent de l’indicatif de reclamar; appeau (m)
reclusión	Enfermement
reclutador	Recruteur
reclutamiento	Recrutement
reclutar	Recruter
recobrar	Récupérer, recouvrer
recobro	Récupérer, recouvrer
recocido	Recuit
recoger	Ramasser, collectionner, rassembler, recueillir; Prendre, passer prendre
recolección	Récolte
recolectar	Recueillir, récolter, ramasser
recomendable	Recommandable
recomendación	Recommandation
recomendar	Recommander
recomenzar	Recommencer
recompensa	Récompenser
recompensar	Récompenser
recomponer	Recomposer
recomposición	Remaniement
reconciliación	Réconciliation
reconciliar	Réconcilier
reconfigurar	Reconfigurer
reconfortante	Tranquillisant
reconocer	Reconnaître
reconocimiento	Reconnaissance, action de reconnaître, d’être reconnaissant
reconquista	Reconquête
reconquistar	Reconquérir
reconsiderar	Revisiter
reconstituir	Engraisser
reconstrucción	Reconstruction
reconstruir	Reconstruire
recordar	Retenir, se rappeler, se souvenir de
recordatorio	Rappel, courrier, note ou autre chose rappelant ou permettant de se rappeler quelque chose, comme par exemple une facture impayée
recorrer	Parcourir
recorrida	Parcourir
recorrido	Parcours
recortada	Découper; réduire, diminuer
recortado	Découper; réduire, diminuer
recortar	Découper; réduire, diminuer
recorte	Coupe budgétaire; Coupure
recostar	Appuyer
recreación	Recréation, action de recréer, de créer à nouveau, reconstitution; Récréation, loisir, activité destinée à l’utilisation du temps libre
recrear	Divertir, amuser; Recréer, créer à nouveau
recreo	Divertir, amuser; Recréer, créer à nouveau
recriminar	Récriminer
recta	Droit, sans détour; Droit, non courbe; Droit, juste; Correct
rectal	Rectal
rectangular	Rectangulaire
rectificación	Rectification
rectificar	Rectifier
rectitud	Rectitude
recto	Droit, sans détour; Droit, non courbe; Droit, juste; Correct
rector	Recteur
rectoral	Rectoral; Presbytère
rectángulo	Rectangle
recubrimiento	Recouvrement, action de recouvrir
recubrir	Recouvrir
recuerdo	Souvenir
recular	Reculer
recuperación	Récupération
recuperar	Récupérer
recurrencia	Récurrence
recurrente	Récurrent, qui revient
recurrentemente	Récurremment
recurrir	Introduire un recours en justice; Recourir à une aide extérieure; Être récurrent, en parlant d’une maladie, d’une fièvre intermittente, etc
recursivo	Récursif, qui revient
recurso	Recours; Ressource
recusar	Récuser
recíproco	Réciproque
recóndito	Retiré
red	Réseau
reda	Lancer le filet de pêche
redacción	Rédaction
redactar	Rédiger
redactor	Rédacteur
redada	Coup de filet (au sens propre comme au figuré)
rede	Lancer le filet de pêche
redecilla	Résille, filet qui retient les cheveux; Réticulum
redefinir	Redéfinir
redención	Rédemption; Remède, recours, refuge
redentor	Rédempteur
redescubrimiento	Redécouverte
redil	Bercail
redimir	Racheter
redistribución	Redistribution
redistributivo	Redistributif
redo	Lancer le filet de pêche
redoma	Ampoule
redonda	Rond
redondear	Arrondir
redondel	Cercle, rond, ronde
redondeo	Arrondir
redondo	Rond; magnolia yoroconte; Rôti
redox	Redox
reduccionismo	Réductionnisme
reducción	Réduction, action de réduire; Réduction; Mission jésuite construite au XVIIᵉ et XVIIIᵉ siècle sur le territoire des Guaranis
reducir	Réduire
redundancia	Redondance
redundante	Redondant
redundar	Redonder, rédonder
reeducación	Rééducation
reeducar	Rééduquer
reelección	Réélection
reelegir	Réélire
reembolsar	Rembourser
reembolso	Remboursement
reemplazar	Remplacer
reemplazo	Remplacement
reencarnación	Réincarnation
reencarnar	Réincarner
reencuentro	Retrouvaille
reenviar	Renvoyer
reescribir	Réécrire
refacción	Réfection, réparation, action de refaire; Réfection, repas pris pour se refaire, se restaurer; Rechange
refectorio	Réfectoire
referencia	Référence, action de référer; Référence, témoignage sur une personne cherchant un emploi; Œuvre d’autorité notable; Récit, nouvelle
referendo	Référendum
referente	Afférent
referir	Rapporter, référer
referéndum	Référendum
refinado	Raffiné
refinamiento	Raffinement
refinería	Raffinerie
reflectante	Réfléchissant
reflector	Phare
reflejar	Refléter, renvoyer, réfléchir
reflejo	Reflet
reflexionar	Réfléchir
reflexivo	Réfléchi
reflexión	Réflexion, action de l’esprit qui réfléchit, pensée qui découle de cette action de l’esprit; Réflexion, phénomène où les ondes changent de direction
reflujo	Reflux
reforestación	Reboisement
reforma	Reformer; Rénover
reformado	Reformer; Rénover
reformador	Réformateur
reformar	Reformer; Rénover
reforzado	Renforcer
reforzamiento	Renforcement
reforzar	Renforcer
refracción	Réfraction
refractario	Réfractaire; Réfractaire, résistant au feu
refrenar	Endiguer
refrendar	Signer
refrendo	Autorisation; Aval donné par le roi d’Espagne pour valider les actes de son gouvernement
refrescar	Rafraîchir
refresco	Rafraichissement, boisson rafraîchissante
refri	Réfrigérateur
refrigeración	Réfrigération
refrigerador	Réfrigérant; Réfrigérateur
refrigeradora	Réfrigérateur
refrigerar	Réfrigérer
refrán	Proverbe
refuerzo	Renfort; Sandwich, aliment qui permet de reprendre des forces
refugiado	Réfugié
refugiar	Réfugier
refugio	Refuge
refutación	Réfutation
refutar	Réfuter
reg	Reg
regadera	Arrosoir
regadío	Terres irrigables; Terres irrigables
regalado	Régaler; Faire cadeau, offrir
regalar	Régaler; Faire cadeau, offrir
regaliz	Réglisse
regalo	Cadeau
regalía	Régale, droit, privilège qui appartient en propre au roi
regar	Arroser
regata	Régate
regatear	Marchander; Détailler des produits alimentaires; Dribbler; Régater
regateo	Marchandage
regazo	Giron, cavité qui se forme sur une jupe entre la ceinture et les genoux
regañar	Disputer, gronder
regaño	Disputer, gronder
regencia	Régence
regente	Régent
reggae	Reggae
reggaeton	Reggaeton
regimiento	Régiment
regio	Royal
regional	Régional
regionalismo	Régionalisme
regir	Régir
registrar	Enregistrer
registro	Registre
región	Région
regla	Règle; menstruations, règles
reglamentación	Réglementation
reglamentar	Régler; Réglementer
reglamento	Règlement
regocijo	Réjouissance, allégresse, pleine satisfaction
regodearse	Complaire
regordete	Dodu, replet
regresar	Reculer, aller en arrière; Rendre une chose empruntée
regresión	Recul
regreso	Retour au point de départ
reguera	Rigole
reguetón	reggaeton
regulación	Régulation
regulado	Réglé
regulador	Régulatoire
regular	Régulier
regularidad	Régularité
regularización	Régularisation
regularizar	Régler, régulariser
regularmente	Régulièrement
rehabilitación	Réhabilitation
rehabilitar	Réhabiliter
rehidratación	Réhydratation
rehuir	Éviter, fuir, refuser
rehusar	Refuser
rehén	Otage
reiki	Reiki
reikiavik	Reykjavik (capitale de l’Islande)
reina	Reine
reinado	Règne
reinar	Régner
reincidencia	Récidivisme
reincidente	Récidiviste
reincidir	Récidiver
reingreso	Rentrée
reinita	Paruline, parisome
reino	Royaume
reinstalar	Réinstaller
reinstauración	Réinstauration
reintegrar	Réintégrer
reintegro	Réintégrer
reinterpretar	Réinterpréter
reinventar	Réinventer
reiterar	Répéter
reiterativo	Réitératif
reivindicación	Revendication
reivindicar	Revendiquer
reja	Soc de charrue; Grille; Labour qui se fait avec le soc; Barres de prison
rejilla	Calandre
rejoneador	Rejoneador
rejuvenecer	Rajeunir
rejón	Pique, barre de fer se terminant en pointe; Sorte de poignard; Pointe d'une toupie; Sorte de javelot en bois d'un mètre et demie à peu près, avec une lame en acier au bout, utilisé par les rejoneadores (toréadors à cheval)
relacionado	Lier, mettre en relation
relacional	Relationnel
relacionar	Lier, mettre en relation
relación	Relation
relajación	Détente, relaxation
relajado	Décontracter; Relâcher
relajante	De tout repos, tranquillisant; Lénifiant
relajar	Décontracter; Relâcher
relajo	Décontracter; Relâcher
relanzar	Relaunch
relatar	Relater, faire le récit de
relativamente	Relativement
relatividad	Relativité
relativismo	Relativisme
relativista	Relativiste
relativo	Relatif
relato	Relation, rapport; Récit, nouvelle
releer	relire
relegar	Reléguer
relevancia	Importance, signification
relevante	Significatif, important
relevar	Relever; Soulager, secourir
relevista	Relayeur
relevo	Relever; Soulager, secourir
relicario	Reliquaire
relieve	Relief
religiosamente	Religieusement
religiosidad	Religiosité
religioso	Religieux; Pieux
religión	Religion
reliquia	Relique
rellano	Palier
rellenar	Remplir
relleno	Rempli, comblé; Farce
reloj	Montre; Horloge
relojero	Horloger
reluciente	Clair, luisant
relucir	Briller
relámpago	Foudre
relé	Relai
rema	Ramer; Ramer, avancer péniblement
remache	Rivet
remanente	Vestige
remar	Ramer; Ramer, avancer péniblement
remarcar	Remarquer, souligner, mettre en lumière, insister
rematado	Achever, apporter les dernières modifications requises; Achever, tuer
rematar	Achever, apporter les dernières modifications requises; Achever, tuer
remate	Achèvement, conclusion, fin, point final, action de mettre fin, d’achever, de conclure; Mise à mort du taureau
remediar	Remédier
remedio	Remède
remedo	Imitation (imparfaite)
rememorar	Rappeler; Raviver un souvenir
remendar	Rapiécer
remera	T-shirt
remero	Rameur
remesa	Envoi, livraison; Envoi d’argent des émigrés latinos dans leur pays d’origine
remiendo	Rapiécer
remigio	Rémi
reminiscencia	Réminiscence
reminiscente	Réminiscent
remisión	Rémission, pardon, renvoi
remitente	Expéditeur
remitir	Renvoyer
remo	Rame, aviron
remodelar	Remodeler
remojar	Tremper, détremper
remolacha	Betterave; Betterave à sucre
remolcador	Remorqueur
remolcar	Remorquer
remolino	Tourbillon
remolque	Remorque
remontada	Remontada
remontado	Remonter; Surmonter (un obstacle)
remontar	Remonter; Surmonter (un obstacle)
remordimiento	Remords
remoto	Lointain
remover	Enlever, remuer, ôter
remuneración	Rémunération
remunerativo	Rémunératif
renacer	Renaître
renacimiento	Renaissance (action de renaître)
renacuajo	Têtard; Mouflet, petit enfant
renal	Rénal
renania	Rhénanie
rencilla	Désaccord, litige qui se trouve à l’origine d’une rancœur
rencor	Rancœur
rendición	Reddition, fait de déposer les armes, de capituler; (Administration) Reddition, obligation pour le comptable public d'une administration de rendre des comptes
rendimiento	Rendement
rendir	Rendre, redonner; pronominal Se rendre
renegado	Renier
renegar	Renier
renegociación	Renégociation
renegociar	Renégocier
renglón	Ligne de papier réglé
reniego	Renier
reno	Renne
renombrar	Renommer
renombre	Renommer
renovable	Renouvelable
renovación	Renouvellement, rénovation
renovador	Rénovateur
renovar	Rénover
renta	Rente; Revenu
rentabilidad	Rentabilité
rentabilizar	Rentabiliser
rentable	Rentable
rentar	Louer
rentería	Errenteria
rentista	Rentier
renuente	Réticent
renuevo	Rénover
renuncia	Renoncement, renonciation
renunciar	Renoncer
renuncio	Renoncer
reo	Accusé; Coupable, condamné à une peine de justice
reorganización	Remaniement
reorganizar	Réorganiser
reorientación	Réorientation
reparación	Réparation
reparador	Réparateur; Réparateur
reparar	Refaire, remédier, restaurer, réparer; Rapiécer
reparo	Refaire, remédier, restaurer, réparer; Rapiécer
repartición	Répartition, partage
repartidor	Livreur
repartir	Diviser, débiter, partager
reparto	Répartition; Distribution, ensemble des acteurs, des comédiens d’une production de théâtre, de cinéma, ou de télévision
repasar	Repasser, passer de nouveau; Réviser, étudier, se remémorer
repaso	Action de repasser, de passer à nouveau, nouveau passage; Révision, étude, apprentissage
repatriar	Repatrier, rapatrier
repeler	Repousser
repensar	Repsenser
repentinamente	Soudainement, subitement, tout à coup
repentino	Soudain
repercusión	Répercussion
repercutir	Répercuter
repertorio	Répertoire
repetición	Répétition
repetidamente	Répétitivement
repetido	Répéter; Redire
repetir	Répéter; Redire
repetitivo	Répétitif
repicar	Repiquer, piquer de nouveau; Carillonner
repique	Repiquer, piquer de nouveau; Carillonner
repisa	Planche, tablette, étagère
repleto	Archicomble
replicación	Réplication
repliegue	Repli
repollo	Chou pommé
reponer	Reposer, poser de nouveau; Repousser
reportaje	Reportage
reporte	Rapport
reportero	Reporter
reposado	Reposer, se reposer; infuser
reposar	Reposer, se reposer; infuser
reposera	Chilienne
repositorio	Dépôt, entrepôt
reposo	Reposer, se reposer; infuser
repostero	Pâtissier; Officier du roi, chargé des entrepôts royaux
repostería	Pâtisserie, art de faire des gâteaux; Pâtisserie, magasin où se vendent les gâteaux
reprender	Reprendre
represalia	Représaille
representación	Représentation
representante	Agent
representar	Offrir, présenter; Représenter
represión	Répression, action de réprimer; Refoulement, mécanisme de défense du psychisme contre les désirs et les envies
represor	Oppresseur
reprimir	Réprimer
reprobable	Réprouvable
reprobación	Réprobation
reprobar	Réprouver
reprochable	Reprochable
reprochar	Reprendre, reprocher, gronder
reproducción	Reproduction
reproducir	Reproduire; Lire
reproductor	Reproducteur; Lecteur servant à reproduire des sons ou des images
reptil	Reptile
republicano	Républicain
repudiar	Répudier
repudio	Répudier
repuesto	Provision, rechange; Provision, rechange
repugnancia	Répugnance
repugnante	Dégoûtant, dégueulasse
repujado	Embossage
repulsivo	Repoussant
repunte	Étale
reputación	Réputation
república	République
requerimiento	Mise en demeure, requête, sommation
requerir	Requérir
requesón	Ricotta
requisito	Requis; Prérequis
rer	RER
resaca	Ressac; Gueule de bois
resaltar	Rebondir; Faire ressortir, souligner, mettre en valeur
resalte	Rebondir; Faire ressortir, souligner, mettre en valeur
resalto	Rebondir; Faire ressortir, souligner, mettre en valeur
resarcir	Réparer une faute, un dommage, indemniser
resbaladizo	Glissant
resbalar	Glisser
resbalón	Glissement
rescatar	Sauver, rescaper
rescate	Sauvetage
rescindir	Résilier
rescisión	Rescision
reseco	Racorni
resentido	Resentful, rancunier; Resentful, rancunier
resentimiento	Ressentiment
resentir	Ressentir
reserva	Réservation; Réserve
reservación	Location
reservado	Réserver
reservar	Réserver
reseña	Abrégé, sommaire
reseñar	Résumer, abréger
resfriado	Rhume, refroidissement
resfriar	Refroidir; Enrhumer
resfrio	Refroidir; Enrhumer
resfrío	Refroidissement, rhume
resguardar	Assurer, abriter; Abriter, garantir
resguardo	Assurer, abriter; Abriter, garantir
residencia	Résidence, séjour; Résidence, maison
residente	Résident, résidente; Résident
residir	Demeurer, habiter, loger
residual	Résiduel
residuo	Résidu; Reste
resignación	Abandon, résignation
resignado	Résigné
resignar	Abandonner; Se résigner
resiliencia	Résilience
resiliente	Résilient
resina	Résine
resistencia	Résistance; Résistance électrique (phénomène d’opposition au passage d’un courant électrique); Résistance, résistance électrique (composant électrique)
resistente	Robuste; Ferme
resistir	Résister
resistividad	Résistivité
resolución	Résolution, motion; Décision, résolution
resolver	Résoudre; Décider
resonancia	Résonance
resonar	Résonner, retentir (renvoyer le son)
respaldar	Appuyer, soutenir
respaldo	Appui; Sauvegarde
respectivamente	Respectivement
respectivo	Respectif
respecto	Respect; Aspect
respetabilidad	Respectabilité
respetable	Respectable
respetar	Respecter
respeto	Respect
respetuosamente	Respectueusement
respetuoso	Respectueux
respiración	Respiration
respirar	Respirer
respiro	Respirer
resplandecer	Briller
resplandeciente	Flamboyant, resplendissant
resplandor	Éclat, rayonnement
responder	Répondre
responsabilidad	Responsabilité
responsabilizar	Responsabiliser
responsable	Responsable
responsablemente	Responsablement
respuesta	Réponse; Réplique d’un dialogue
resquemor	Ressentiment
resta	Soustraction, reste
restablecer	Reconstruire
restablecimiento	Rétablissement
restante	Autre
restar	Rester; Soustraire; Diminuer
restauración	Restauration, action de restaurer, de remettre en état; (Histoire) Restauration, action de restaurer, de remettre en activité et spécialement en parlant de dynastie; Restauration, activité de fourniture de repas
restaurador	Restaurateur
restaurante	Restaurant
restaurar	Refaire, réparer, reconstruire
restitución	Restitution
restituir	Restituer
resto	Reste
restorán	Restaurant
restregar	Frotter, essuyer
restricción	Restriction
restringir	Limiter
resucitación	Réanimation
resucitar	Ressusciter
resueltamente	Résolument
resultado	Résultat, suite, aboutissement
resultante	Résultant
resultar	Résulter, aboutir
resumen	Résumé, abrégé
resumido	Résumer, abréger
resumir	Résumer, abréger
resurrección	Résurrection
retablo	Retable
retahíla	Série de choses mentionnées dans l’ordre
retama	Genêt
retar	Défier, mettre en défi
retardado	Retarder
retardar	Retarder
retardo	Retarder
retención	Prélèvement
retenedor	Faux-palais
retener	Retenir
reticencia	Réticence
retina	Rétine
retinopatía	Rétinopathie
retirada	Retrait, action de retirer ou de se retirer; Retraite; Exode des réfugiés républicains espagnols à l’issue de la guerre civile en 1939
retirar	Retirer
retiro	Retraite; Endroit où se retirer, refuge
reto	Défi
retocar	Retoucher
retomar	Reprendre
retoque	Retoucher
retorcer	Retordre; Ébouriffer
retorcido	Retors; Retordu
retornar	Retourner
retorno	Retour
retortillo	Retortillo; Affluent du Guadalquivir
retozar	Batifoler, folâtrer
retoño	Rejeton
retraer	Escamoter
retransmitir	retransmettre
retrasado	Reporter, remettre à plus tard
retrasar	Reporter, remettre à plus tard
retraso	Retard
retratar	Photographier, faire le portrait de, dépeindre
retratista	Portraitiste
retrato	Portrait
retrete	Toilettes, cabinets, wc
retribución	Rétribution
retroactivamente	Rétroactivement
retroactivo	Rétro-actif
retroalimentación	Rétroaction; Feedback, retour d’expérience
retroceder	Reculer
retroceso	Recul
retrospectiva	Rétrospective
retrovisor	Rétroviseur
retrógrado	Rétrograde
retumbar	Retentir
retén	Retenir
retículo	Réticule, bonnet
retórica	Rhétorique
retórico	Rhétorique
reuma	Rhumatisme
reumatismo	Rhumatisme
reumatoide	Rhumatoïde
reunificación	Réunification
reunificar	Réunir
reunir	Réunir
reunión	Réunion (département français d’outre-mer); Réunion (l’île); réunion, action de réunir; réunion, groupe de personne réuni
reutilización	Réemploi
reutilizar	Réutiliser
revalidar	Revalider; Confirmer son titre de champion, gagner en finale
revancha	Revanche
revanchismo	Revanchisme
revelación	Révélation, action de révéler; Révélation, moment où une chose plus ou moins cachée s’impose comme une réalité; Révélation, personne dont la reconnaissance, par le public, de talents exceptionnels se fait rapidement; Révélation, manifestation directe de la pensée et de la volonté divines
revelador	Révélateur; Révélateur
revelar	Révéler
revendedor	Revendeur
revender	Bazarder
reventa	Revente
reventado	Crever, éclater, exploser; Crever, épuiser
reventar	Crever, éclater, exploser; Crever, épuiser
reventón	Rafale descendante
reverberación	Réverbération
reverdecer	Verdoyer, verdir de nouveau
reverencia	Révérence
reverendo	Révérend; Révérend
reverso	Revers
revertir	Reprendre, se remettre à quelque chose après une interruption, retourner
revestimiento	Doublage
revestir	Recouvrir, revêtir, enduire
revisar	Vérifier, surveiller; Reviser
revisión	Révision, modification; Révision, action de vérifier en vue de régler ou réparer
revista	Revue
revitalización	Revitalisation
revitalizar	Revitaliser
revivir	Revivre
revocación	Révocation
revocar	Révoquer
revoco	Révoquer
revoltijo	Désordre, pagaille
revolucionar	Révolutionner
revolucionario	Révolutionnaire
revolución	Révolution
revolver	Remuer, mélanger
revoque	Révoquer
revuelo	Revoler
revuelta	Révolte
revuelto	Désordonné; Brouillé; Agité; Intriqué, difficile; Œuf brouillé
reválida	Examen final de validation des études; Finale
revés	Revers, verso; Envers
revólver	Revolver
rey	Roi; Roi, premier d’une catégorie, élément qui domine un ensemble
reyerta	Altercation, tumulte, tapage
reyezuelo	Roitelet
reyno	Forme ancienne de reino
rezagado	Traînard
rezar	Prier
rezo	Prière
reír	Rire
reñir	Disputer, gronder; Livrer (une bataille); Se disputer
rfa	RFA (République fédérale d’Allemagne)
riachuelo	Ruisseau
riad	Riyad (capitale de l’Arabie saoudite)
riada	Crue
rialp	Rialp
riaza	Riaza
riba	Bord, rive, côte
ribera	Berge, bord; Nom de famille
ribereño	Riverain
ribete	Liseré
rica	Riche; Savoureux, succulent
ricamente	Richement
ricardo	Prénom masculin
ricino	Entonces José Arcadio Buendía echó treinta doblones en una cazuela, y los fundió con raspadura de cobre, oropimente, azufre y plomo. Puso a hervir todo a fuego vivo en un caldero de aceite de ricino hasta obtener un jarabe espeso y pestilente más parecido al caramelo vulgar que al oro magnífico.…
rickshaw	Rickshaw
rico	Riche; Savoureux, succulent
ricota	Fromage frais
ridiculizar	Ridiculiser
ridículo	Ridicule
riego	Arrosage, irrigation
riel	Rail
rienda	Rêne
riesgo	Risque
riesgoso	Risqué
rifa	Tombola, loterie
rifle	Fusil
riga	Riga (capitale de la Lettonie)
rigido	Rigide
rigoberta	Prénom féminin porté par exemple par Rigoberta Menchú
rigor	Rigueur
riguroso	Rigoureux
rima	Rime
rimar	Rimer
rimbombante	Grandiloquent, bruyant, tonitruant
rin	Rhin
rincón	Coin; Coin, petit espace
ring	Ring
rinitis	Rhinite
rinoceronte	rhinocéros
rinoplastia	Rhinoplastie
rio	Rire
riofrío	Riofrío
rioja	Rioja
riojano	De La Rioja; Habitant de La Rioja
rioplatense	rioplatense
ripio	Sorte de mélange de gravier , utiliser pour le revêtement routier des routes non goudronnées; Galet; Pénis; Résidus, reste, scorie; Mot utilisé en poésie pour faire une rime facile
riqueza	Richesse
risa	Rire
risco	Coupure; Escarpement, passage risqué; Risque, péril
risible	Plaisant
ristra	Tresse d’aulx ou d’ognons; Chapelet, ensemble de choses liées entre elles
risueño	Rieur
ritmo	Rythme
rito	Rite
ritual	Rituel
rival	Rival
rivalidad	Rivalité
rivalizar	Rivaliser
rizado	Friser
rizar	Friser
rizo	Friser
rizoma	Rhizome
riña	Bagarre; Dispute; Lutte
riñonera	Banane, sacoche ventrale
riñón	Rein; Intérieur, centre d'un site, d'un terrain, d'un enjeu, etc; Rognon; Morceau de minéral arrondi, contenu dans un autre de nature différente; Dans les hôpitaux, récipient en métal ou en plastique, en forme de rein, qui a diverses utilisations; (Pluriel) Partie du corps qui correspond à la région lombaire; Voleur
rn	Route nationale
rna	Acide ribonucléique
robar	Dérober, voler, ravir
roberto	Robert
roble	Chêne
robledo	Robledo; Robledo, nom de famille; Rouvraie
robo	Vol
robot	Robot
robredo	Rouvraie
robustecer	Endurcir
robusto	Robuste
robín	Rouille
robótico	Robotique
roca	Roc, roche; Nom de famille
roce	Frôlement, effleurement, action de rozar
rociada	Asperger, disséminer en petites gouttes, en petits morceaux
rociar	Asperger, disséminer en petites gouttes, en petits morceaux
rocio	Asperger, disséminer en petites gouttes, en petits morceaux
rock	Rock
rococó	Rococo; Rococo
rocoso	Tellurique
rocío	Rosée; Prénom féminin espagnol
rodaja	Darne
rodaje	Tournage; Rodage
rodamiento	Roulement
rodar	Rouler; Errer; Dégringoler; Traîner; Roder; Filmer
rodas	Rhodes; Nom de famille; Rodas, ville cubaine
rodear	Circuler, entourer, envelopper
rodela	Bouclier rond
rodeo	Contournement, détour; Rodéo
rodesia	Rhodésie
rodilla	Genou
rodillo	Rouleau; Rondin de bois utiliser pour faire rouler un objet pesant; Compacteur routier; Rouleau à pâtisserie
rodio	Rhodium (l’élément chimique Rh)
rodo	Rouleau pour aplanir le sol
rodrigo	Prénom masculin, correspondant à Rodrigue
rodríguez	Nom de famille hispanique
roedor	Rongeur
roer	Ronger
rogar	Prier, demander
rohingya	Rohingya
rojiblanco	Rojiblanco
rojizo	Rougeâtre, roux
rojo	Rouge; Rouge, révolutionnaire; Rouge, la couleur rouge
rol	Rôle
roldán	Roland
roleo	Rinceau
rollo	Rouleau; Rondin; Ritournelle, chose ennuyeuse; Histoire, excuse invraisemblable utilisée comme justificatif; Adiposité abdominale, bouée de sauvetage
rom	Bohémien, tsigane; Bohémien, tsigane
roma	Rome
romance	En langue vernaculaire, en langue romane; Langue romane parlée en Espagne; Ouvrage littéraire et poétique en langue vernaculaire, en espagnol. Romance, poème octosyllabique; Roman; Histoire d’amour, relation amoureuse entre deux personnes
romancero	Romancero
romanización	Romanisation
romano	Romain
romanticismo	Romantisme, romanesque
romanza	Traduire en roman, en langue romane
romaní	Rom, romani; Rom, romani
rombo	Rhombe, losange; Turbot
romeral	Lieu où pousse le romarin
romero	Romarin; Pèlerin
romería	Pélerinage; Procession
romo	Émoussé; Peu intelligent, obtus; Court en parlant du nez
rompecabezas	Puzzle, casse-tête (jeu composé de petites pièces à contours irréguliers à assembler); Casse-tête (jeu d’esprit difficile à résoudre); Casse-tête, problème, énigme; Casse-tête
rompecorazones	Casse-cœur
rompeolas	Brise-lames
romper	Briser, rompre, casser, déchirer; Se briser
román	Nom de famille; Prénom masculin, correspondant à Romain
románico	Roman, relatif aux langues romanes, à l’art roman
romántico	Romantique
ron	Rhum
roncal	Erronkari
roncar	Ronfler
ronco	Rauque
ronda	Boulevard circulaire, rocade; Ronda
rondar	Tourner autour
rondo	Tourner autour
rondó	Tourner autour
ronroneo	Ronronner
ropa	Habit; Vêtement
ropaje	Vêtement, ensemble de ce que l’on porte sur soi
ropero	Armoire, penderie
roque	Roch
roquero	Monticole
rosa	Rose; Couleur rose
rosada	Rosée, givre
rosado	Rose (qui a la couleur rose); Rosé; Rosée, givre
rosal	Rosier
rosaleda	Roseraie
rosales	Rosier
rosalía	Prénom féminin espagnol, correspondant à Rosalie
rosario	Rosaire
rosca	Tore, tout objet circulaire avec un trou au milieu; Pâtisserie en forme de tore, de bagel; Pas de vis; Bourrelet
rosco	Pain en forme de couronne; Petit gâteau annulaire, rosquilla; Gâteau annulaire, couronne, gâteau des rois; Zéro, en particulier si il s’agit d’une note à un examen
roseta	Rosette
rosetón	Rosace
rosquilla	Rousquille
rostro	Visage; Expression du visage; Aspect, tournure propre à quelque chose; Éperon d’un navire; Toupet; Bec; Museau, bouche; Masque que l’on met devant le visage
rosácea	Rosâtre
rotación	Rotation
rotar	Tourner; Roter
rotario	Rotarien
rotatorio	Rotatif
rotonda	Carrefour giratoire, giratoire
rotor	Rotor
rottweiler	Rottweiler
rotulador	Feutre, crayon-feutre
rotular	Étiqueter
rotundidad	Rotondité, rondeur
rotundo	Rond; En forme de rotonde, circulaire
rotura	Rupture
roux	Roux
roxana	Roxane
roya	Rouille, maladie phytosanitaire
royalty	Redevance
royo	Roux, couleur rouille
rozar	Effleurer, frôler
rozo	Effleurer, frôler
roñoso	Chiche
rpm	Tr/min, RPM
rrhh	DRH
rss	RSS; RSS
ruana	Ruana
ruanda	Rwanda (pays d’Afrique)
ruandés	Rwandais
rubicón	Rubicon (fleuve)
rubio	Blond; Grondin perlon, poisson téléostéen de la famille des Triglidae, dont le nom scientifique est Chelidonichthys lucerna
rublo	Rouble
rubro	Rouge; Titre; Secteur
rubéola	Rubéole
rubí	Rubis
ruco	Vieux
ruda	Rue
rudeza	Rudesse
rudimentario	Rudimentaire
rudo	Rude
rueca	Quenouille; Rouet
rueda	Roue; Rueda
ruedo	Rouler; Errer; Dégringoler; Traîner; Roder; Filmer
ruego	Demande, prière
rufino	Rufin
rufián	Ruffian, entremetteur, proxénète; Homme méprisable, débauché
rugby	\Prononciation ?\
rugido	Rugissement
rugir	Rugir
rugosidad	Rugosité
rugoso	Rugueux
ruibarbo	Rhubarbe
ruido	Bruit
ruidoso	Bruyant
ruin	Vil, méprisable, mesquin
ruina	Ruine
ruinoso	Ruineux
ruiseñor	Rossignol (oiseau)
ruiz	Nom de famille espagnol
ruleta	Roulette
rulo	Grosse balle, ballon; Boucle de cheveu; Bigoudi; Rouleau utiliser pour le nivelage, le compactage du sol, compacteur routier; Pierre tronconique utilisée dans certains moulins à huile d'olive; Tronçon de route ou de voie ferrée s'enroulant en spirale à flanc de montagne; Fromage, généralement de chèvre, de forme cylindrique. (Bûche de chèvre par exemple)
rumania	Roumanie (pays européen)
rumano	Roumain, en rapport avec la Roumanie; Roumain, habitant de la Roumanie; Roumain (la langue)
rumba	Rumba
rumbo	Cap
rumen	Rumen
rumi	Nom de famille espagnol
rumor	Rumeur
runa	Rune; Amérindien; Section des poèmes épiques de tradition littéraire finoise
rupestre	Rupestre
ruptura	Rupture
rural	Rural
rusia	Russie (pays)
ruso	Russe, relatif aux Russes, à la Russie; Russe, habitant de la Russie; Russe, langue russe
rut	Identifiant fiscal; (Improprement) Numéro de carte d’identité
ruta	Chemin, petite voie de communication; Route, itinéraire; Route, voie de communication importante
rutina	Routine
rutinario	Routinier
rábano	Radis; Rábano
rábida	Ribat
ráfaga	Rafale
rápidamente	Rapidement, vite
rápido	Rapide, prompt; Rapidement
régimen	Régime; Régime politique
rémora	Rémora
réplica	Réplique, copie (d’une œuvre d’art, d’un objet); Réplique, réponse (dans le cadre d’un dialogue); Réplique (secousse secondaire après un séisme); Réplique (réponse à la réponse de la partie adverse)
réquiem	Requiem
ría	Rire
rígido	Raide, rigide
río	Rivière, fleuve
róbalo	Bar, loup de mer, poisson de mer de la famille Dicentrarchus; Brochet de mer, poisson de mer de la famille Centropomus
ródano	Rhône
rótula	Rotule
rótulo	Affiche, enseigne
rúa	Rue, chemin
rúbrica	Paraphe
rúcula	Roquette
rústico	Rustique, rustre
sabadell	Sabadell
sabana	Savane
sabandija	Bestiole (lézard, petits serpent, insecte souvent désagréables); Vermine; Petite fouine
sabbat	Shabbat
sabelotodo	Je-sais-tout
saber	Savoir
sabiamente	Sagement
sabiduría	Sagesse, prudence; Connaissance des sciences et des arts
sabina	Sabine
sabino	Sabin; Sabino, avec des taches blanches découpées irrégulièrement au bas du corps, sur la tête, et aux membres; If commun; Cyprès de marais mexicain (Taxodium mucronatum Ten., 1853)
sabio	Sage; Savant; Sage, savant
sable	Sabre; Sable
sabor	Saveur
saborear	Savourer
sabotaje	Sabotage
saboteador	Saboteur
sabotear	Saboter
saboya	Savoie
sabroso	Savoureux
sabueso	Chien courant
sabático	Sabbatique
saca	Tirer, obtenir, sortir
sacacorchos	Tire-bouchon, déboucheur
sacapuntas	Taille-crayon
sacar	Tirer, obtenir, sortir
sacarina	Saccharine
sacarosa	Saccharose
sacerdocio	Sacerdoce
sacerdote	Prêtre
saciar	Rassassier
saco	Sac
sacramental	Sacramental
sacramento	Sacrement; Sacramento, capitale de la Californie; Ville du Colorado; Ville de l’Illinois; Ville du Kentucky; Ville du Nebraska; Ville du Nouveau-Mexique
sacrificar	Sacrifier
sacrificio	Sacrifice
sacrilegio	Sacrilège
sacristán	Sacristain, sacristaine
sacristía	Sacristie
sacro	Sacré
sacrosanto	Sacrosaint
sacrílego	Sacrilège
sacudida	secousse, choc; branlette
sacudir	Secouer; Ébranler; Balancer; Agiter, débattre, troubler, émouvoir
sada	Sada, en Navarre
sadismo	Sadisme
sadomasoquismo	Sadomasochisme
sadomasoquista	Sadomasochiste
saeta	Flèche; Aiguille d’une horloge; Chant religieux traditionnellement entonné durant la semaine sainte dans certaines régions d’Espagne
safar	Safar
safari	Safari
safo	Sappho; Foulard blanc qui se met au cou, dans l’habit traditionnel des Madrilènes
saga	Saga
sagacidad	Sagacité
sagital	Sagittal
sagitario	Sagittaire, personne née sous le signe du Sagittaire; Sagittaire (constellation et signe du zodiaque)
sagra	Sagra
sagrado	Sacré, saint
sagunto	Sagonte
sah	Chah
sahagún	Sahagún
sahara	Sahara
saharaui	Saharaoui
sahariano	Saharien
sai	Onduleur
sainete	Entracte; Saynète, sketch
sajonia	Saxe
sajón	Saxon
sake	Saké
sal	Sel
sala	Salle, salon, grande pièce
saladero	Saladero
salado	Salé
salamanca	Salamanque
salamandra	Salamandre
salami	Saucisson, salami
salamina	Salamine
salar	Salar, étendue salée; Saler; Salar
salarial	Salarial
salario	Salaire
salazar	Salazar; Nom de famille
salazón	Saumurage, salaison
salchicha	Saucisse; Saucisson
salchichón	Saucisson
saldar	Solder, régler; Régler un différend, une dispute
saldo	Solde
saldías	Saldías
salerno	Salerne
salero	Salière
salgado	Saler
salgar	Saler
salguero	Saule; Lieu où l’on donne du sel aux troupeaux, dans les champs
salida	Sortie; Départ; Issue
saliente	Sortant
salina	Saline
salinas	Salines; Salinas
salinidad	Salinité
salino	Salin
salir	Sortir; Paraître
salitre	Salpêtre
saliva	Salive, bave
salmantino	De Salamanque; Habitant de Salamanque
salmo	Psaume
salmorejo	Crème à base de mie de pain, d’ail, de sel et de tomates, spécialité de Cordoue, salmorejo; Ragoût de viandes disparates réchauffées, salmigondis
salmuera	Saumure, eau salée
salmón	Saumon; Couleur saumon
salobre	Salobre; Saumâtre
salobreña	Salobreña
salomón	Salomon
salpicadero	Tableau de bord
salpicar	Éclabousser
salsa	Sauce; Salsa
salsera	Saucière
salta	Sauter
saltado	Sauter
saltamontes	Sauterelle, criquet, acridien
saltar	Sauter
saltarín	Sautillant; Manakin; Poisson-grenouille du genre Periophthalmus
salteado	Assaillir, attaquer; Faire sauter
saltear	Assaillir, attaquer; Faire sauter
salterio	Psaltérion, salterio
salteño	Qui à un rapport avec la ville ou la province de Salta en Argentine; Habitant de la ville de Salta
saltillo	Son coup de glotte, consonne occlusive glottale; La lettre saltillo : ‹ ꞌ ›, ‹ Ꞌ ›
salto	Saut
salubridad	Salubrité
salud	Santé; À tes souhaits ! (Espagnol d’Amérique latine); À ta santé !
saludable	Sain
saludar	Saluer, accueillir
saludo	Salut, salutation
salutación	Salutation
salvación	Salut
salvador	Salvador de Bahia, capitale de l’État de Bahia, au Brésil (forme courte du nom); Prénom masculin; Sauveur
salvadoreño	Salvadorien
salvaguardia	Sauvegarde
salvaje	Sauvage (en parlant d’une plante non cultivé); Sauvage(en parlant d’un animal non domestiqué); Sauvage
salvajismo	Sauvagerie
salvar	Sauver
salvatierra	Salvatierra-Agurain
salvavidas	Bouée de sauvetage
salve	Sauver
salvia	Sauge (Salvia spp.)
salvo	Sauf
salvoconducto	Saufconduit
salzburgo	Salzbourg
salón	Salon
salónica	Salonique
samaniego	Samaniego
samara	Samara, ville de Russie
samarcanda	Samarcande (ville d’Ouzbékistan)
samaria	Samarie (en Palestine)
samario	Samarium
samba	Samba
same	Samu
samoa	Samoa (archipel de Polynésie); Samoa (État de Polynésie)
samsara	Samsara
samu	Organisme chargé de réguler médicalement les soins médicaux d’urgence dans une région
samuel	Samuel
samurái	Samouraï
sanabria	Comarque du Nord-Ouest de la province de Zamora en Espagne
sanar	Guérir
sanatorio	Asile, sanatorium
sancho	Prénom masculin; Nom de famille
sancionar	Sanctionner
sanción	Sanction
sancocho	Nourriture à moitié cuite; Plat des îles Canaries avec poisson, pommes de terre, patate douce parfois bananes; Soupe de viande, légumes et tubercules de divers pays latino-américains; Cuisine cuite à l’eau; Cuisine mal préparée; Restes de nourriture donné pour l’alimentation des porcs
sanctus	Sanctus
sandalia	Sandale
sandez	Stupidité, idiotie, action ou paroles dignes d’un nigaud
sandia	Bête, idiot, stupide, simple d’esprit
sandinista	Sandiniste
sandino	Nom de famille
sandman	Marchand de sable
sando	Sando
sandía	Pastèque
saneamiento	Assainissement
sanear	Assainir
sanedrín	Sanhédrin
sangrado	Saigner
sangrar	Saigner
sangre	Sang; Sang, en tant que lien de parenté biologique entre plusieurs personnes, lignage
sangriento	Sanglant, saignant
sangría	Saignée, saignement; Saignée dans l’écorce d’un arbre pour en faire couler la sève; Sangria, boisson alcoolisée à base de vin rouge; Fosse ulnaire, fosse cubitale où se font les ponctions sanguines, les saignées; Alinéa, indentation
sanguijuela	Sangsue
sanguinario	Sanguinaire
sanguino	Cornouiller sanguin
sanguíneo	Sanguin
sangüesa	Zangoza
sanidad	Santé; Salubrité
sanitario	Sanitaire
sano	Sain
sanse	Saint-Sébastien (ville du pays basque espagnol)
santana	Nom de famille
santander	Santander
santero	Superstitieux, qui attribue à des images saintes ou des objets sacrés des pouvoirs magiques; Relatif à la santeria; Personne qui s’occupe d’un sanctuaire; Prêtre d’un lieu pratiquant la santeria; Croyant pratiquant la santeria
santería	Santeria; Magasin où se vendent des images pieuses et autres objets à caractère religieux
santi	Prénom masculin espagnol
santiago	Saint Jacques
santiagueño	De Santiago; Habitant de Santiago; Nom vernaculaire en Paraguay de Schinopsis lorentzii arbre de la famille des Anacardiaceae (Anacardiacées), que l'on nomme aussi quebracho santiagueño et quebracho colorado en Uruguay
santidad	Sainteté
santificado	Sanctifier, glorifier
santificar	Sanctifier, glorifier
santo	Saint, sacré; Saint
santuario	Sanctuaire
santurce	Santurtzi
santín	Nom de famille espagnol
sao	Sao
sapiencia	Sapience
sapo	Crapaud
sapporo	Sapporo (ville japonaise)
saque	Tirer, obtenir, sortir
saqueo	Sac, pillage
sara	Sarah
sarajevo	Sarajevo (ville de Bosnie-Herzégovine)
sarampión	Rougeole
sarao	Soirée, fête organisée le soir souvent accompagnée de boissons alcoolisées et de musique et où l’on danse
sarape	Sarape
sarcasmo	Sarcasme
sarcófago	Sarcophage
sardina	Sardine
sardo	Relatif à la Sardaigne ou ses habitants : sarde; Sarde, habitant ou originaire de Sardaigne; Langue parlée en Sardaigne : le sarde
sarga	Saule drapé (Salix elaeagnos); Serge
sargazo	Sargasse
sargento	Sergent
sari	Sari
sarmiento	Sarment
sarna	Gale
saro	Saro; Nom de famille
sarpullido	Éruption cutanée (skin rash), Rougeur, irritation
sarraceno	Sarrasin
sarro	Tartre
sarta	Série, file, lot, troupe, ribambelle; Chapelet
sartén	Poêle, poêle à frire
sarín	Sarin
sashimi	Sashimi
sastre	Tailleur
satanismo	Satanisme
satanizar	Sataniser
satanás	Satan; Personne malfaisante
satelital	Satellitaire
satirizar	Satiriser
satisfacción	Satisfaction
satisfacer	Satisfaire
satisfactorio	Satisfaisant
satisfecho	Satisfait
saturación	Saturation; Fatigue
saturado	Saturer
saturar	Saturer
saturno	Saturne
satán	Personne satanique; Satan
satánico	Satanique
satélite	Satellite
satén	Satin
satírico	Satirique; Satyrique; satírico\saˈti.ɾi.ko\
sauce	Saule; Salix humboldtiana
saudade	Saudade
saudita	Saoudien, saoudi; Saoudien, saoudienne
saudí	Saoudien, saoudi; Saoudien, saoudienne
sauna	Sauna
sauzal	Saulaie, lieu planté de saules
saxofonista	Saxophoniste
saxofón	Saxophone
saya	Jupe
sayago	Comarque de la province de Zamora, en Espagne
sayo	Casaque, sayon, vêtement large sans bouton qui couvre le corps jusqu'aux genoux; Vêtement
sayyid	Sayyid
saz	Saule
sazonar	Assaisonner, épicer
sazón	Saison, moment propice, de la maturité; Goût, saveur, assaisonnement
saña	Hargne
saúco	Sureau
sca	Syndrome coronaire aigu
scat	Scat
schnauzer	Schnauzer
scooter	Scooter
scout	Scout
scrabble	Scrabble (jeu)
scrum	Mêlée ordonnée
se	Se
seat	SEAT
seba	Cymodocée
sebastiana	Sébastienne
sebastián	Sébastien
sebo	Suif
secado	Sécher
secador	Sèche-cheveu
secadora	Sécheuse, séchoir, sèche-linge, essoreuse (à linge)
secano	Terrain cultivé non irrigué
secante	Séchant; Sécant; secante\seˈkan.te\
secar	Sécher
sección	Section
secesionismo	Sécessionnisme
secesionista	Sécessioniste
secesión	Sécession
seco	Sec
secreción	Sécrétion
secretamente	Secrètement
secretario	Secrétaire (homme)
secretaría	Secrétariat
secretismo	Secrétisme
secreto	Secret
secta	Culte
sectario	Sectaire
sectarismo	Sectarisme
sector	Secteur
sectorial	Sectoriel
secuaz	Suiviste, partisan, qui suit le parti ou l’opinion d’un autre; Partisan
secuela	Séquelle; Conséquence négative et durable, séquelle; Suite d’une fiction
secuencia	Séquence, suite
secuestrador	Séquestreur, ravisseur
secuestrar	Séquestrer; Arrêter
secuestro	Séquestre; Séquestre, enlèvement, kidnapping, rapt; Séquestration (fait d'être sous séquestre, action de séquestrer); Séquestre (ce qui est sous séquestre)
secular	Séculaire; Séculier, laïque
secularismo	Sécularisme
secundar	Servir
secundario	Secondaire
sed	Soif
seda	Soie
sedante	Sédatif, apaisant; Sédatif
sedar	Calmer
sede	Siège
sedicioso	Séditieux; Séditieux
sedición	Sédition
sediento	Assoiffé
sedimento	Sédiment
sedoso	Soyeux
seducción	Séduction
seducir	Séduire
seductor	Séducteur
sefardí	Séfarade
segador	Faucheur, moissonneur
segadora	Faucheuse, moissonneuse
segar	Faucher
segarra	Comarque de la province de Lérida
seglar	Séculier
segmento	Segment
segorbe	Ségorbe
segovia	Ségovie
segoviano	De Ségovie; Habitant de Ségovie
segre	Affluent de l’Èbre
segregación	Ségrégation
segregar	Ségréguer
seguidamente	De suite
seguidor	Adepte, partisan
seguir	Suivre; Continuer, rester; (seguir + gérondif) Continuer à faire
segundo	Deuxième, second; Seconde, unité de temps
seguramente	Sûrement; Probablement
seguridad	Sécurité
seguro	Inoffensif, sûr; En sûreté, sûr, à l’abri; Sûr; Fidèle; Certain, sûr, assuré
según	Selon; Comme
seijas	Nom de famille
seis	Six; Pack de six bouteilles de bière
seiscientos	Six-cents
sel	Prairie où pait le bétail
seleccionar	Sélectionner, choisir, trier
selección	Sélection
selectividad	Sélectivité; Concours d’entrée à l’université
selectivo	Sélectif
selenio	Sélénium
sellado	Sceller
sellar	Sceller
sello	Timbre-poste, timbre; Sceau; Cachet; Label
selva	Forêt tropicale, jungle; Selva
selvático	Forestier
sema	Sème; Diminutif de José Manuel
semana	Semaine
semanal	Hebdomadaire
semanalmente	Chaque semaine, hebdomadairement
semanario	Hebdomadaire
semblante	Mine
sembrada	Semer, lancer et éparpiller des graines sur un sol adapté; Éparpiller, répandre, parsemer sans ordre de manière harmonieuse; Divulguer, diffuser une nouvelle; Causer, provoquer quelque chose; Faire quelque chose afin d'en tirer profit; Ensemencer des microorganismes, des cellules afin de favoriser leur multiplication; (Venezuela) Planter
sembrado	Terre ensemencée; Semé
sembrador	Semeur
sembrar	Semer, lancer et éparpiller des graines sur un sol adapté; Éparpiller, répandre, parsemer sans ordre de manière harmonieuse; Divulguer, diffuser une nouvelle; Causer, provoquer quelque chose; Faire quelque chose afin d'en tirer profit; Ensemencer des microorganismes, des cellules afin de favoriser leur multiplication; (Venezuela) Planter
semejante	Similaire (qui ressemble); Tel; Homothétique
semejanza	Similitude, ressemblance
semen	Semence, graines d’un végétal; Sperme, semence animale
semental	Mâle reproducteur, étalon
semestral	Semestriel
semestre	Semestre
semiautomático	Semi-automatique
semiconductor	Semi-conducteur
semicírculo	Demi-cercle
semidesnudo	À moitié nu
semidiós	Demi-dieu
semifinal	Demi-finale
semilla	Graine, semence
semillero	Pépinière; Pépinière, origine
seminario	Séminaire
semiología	Sémiotique
semita	Sémite; Sémite
semiótica	Sémiotique
sempiterno	Sempiternel
semáforo	Feu tricolore; Sémaphore
semántico	Sémantique
sena	Seine
senado	Sénat
senador	Sénateur
sencillamente	Simplement
sencillez	Simplicité; Modestie
sencillo	Simple, aisé, facile; Simple, modeste, sans prétention, sans orgueil; Petite monnaie, pièces
senda	Sentier
senderismo	Randonnée; Sendérisme, doctrine du Sendero Luminoso
senderista	Randonneur; Sendériste
sendero	Sentier
senegal	Sénégal (pays d’Afrique)
senegalés	Sénégalais
senescal	Sénéchal
senil	Sénile
senilidad	Sénilité
senior	Monsieur
seno	Concavité, creux; sein; Sinus; Golfe de petite taille; Ganse
sensacional	Sensationnel
sensacionalismo	Sensationalisme
sensacionalista	Sensationnaliste
sensación	Sensation, sentiment
sensatez	Raison, esprit, par opposition à folie ou délire
sensato	Sensé, raisonnable
sensibilidad	Sensibilité
sensible	Sensible
sensitiva	Sensitive
sensor	Capteur, senseur
sensorial	Sensoriel
sensual	Sensuel
sensualidad	Sensualité
sentadilla	Squat
sentar	Asseoir; Siéger
sentencia	Sentence
sentenciar	Sentencier
sentido	Importance, signification; Sens, signification
sentimental	Sentimental
sentimentalmente	Sentimentalement
sentimiento	Sentiment
sentina	Sentine, partie basse du navire où se collectent les eaux; Sentine, cloaque
sentir	Sentir (dans le sens de ressentir, éprouver physiquement ou psychologiquement); Entendre; Être désolé
seo	Nom fréquemment donné aux églises cathédrales dans les Pays catalans
separación	Séparation
separadamente	Séparément
separado	Séparé, à part, distinct
separar	Séparer
separatismo	Séparatisme
separatista	Séparatiste
separo	Séparer
sepelio	Enterrement
sepia	Seiche, calmar; Bistre, sépia
sepsis	Sepsis
sept	SSPT
septentrional	Septentrional
septicemia	Septicémie
septiembre	Mois de septembre, neuvième mois de l’année
septuagésimo	Soixant-dixième
sepulcral	Sépulcral
sepulcro	Sépulcre, tombeau
sepultar	Ensevelir
sepultura	Sépulture
sepulturero	Fossoyeur
sepúlveda	Sepúlveda; Nom de famille
sequedad	Sécheresse
sequía	Sécheresse
ser	Être, utilisé pour une caractéristique essentielle et non pour un état, que ce dernier soit passager (état d'âme,...) ou durable (mort,...). Conjugaison à l’indicatif présent, pour mémoire (le vos et le os sont le « tu » et le « vous » régionaux en Argentine et en Uruguay) : yo soy, tú eres , vos…; Être, auxiliaire pour la forme passive. Note d’usage : L’espagnol répugne à l’usage de la voix passive qu’il utilise nettement moins qu’en français
serafín	Séraphin
serbia	Serbie; Serbe (femme)
serbio	Serbe, qui concerne la Serbie; Serbe, habitant de la Serbie; Serbe (langue)
serenata	Sérénade
serenidad	Sérénité
sereno	Serein, calme, paisible, tranquille; Veilleur de nuit; Serein; Rosée
sergio	Serge
serguéi	Sergueï, prénom d’origine russe
serial	Sériel
seriamente	Pour de bon
serie	Série
seriedad	Sérieux, qualité que possède une personne sérieuse
serio	Sérieux
sermón	Sermon
serología	Sérologie
serotonina	Sérotonine
serpentina	Serpentine
serpiente	Serpent
serrado	En forme de dents de scie
serrano	Montagnard; Serrano
serrar	Scier
serrucho	Scie, en particulier scie égoïne
serrín	Sciure
serval	Serval
servicial	Serviable
servicio	Service; Toilettes publiques
servidor	Serviteur; Serveur
servidumbre	Servitude; Servage
servil	Serf
servilismo	Servilisme
servilleta	Serviette, serviette de table
servir	Servir, être utile
sesenta	Soixante; Soixante
seseo	seseo
sesgado	Couper en biais
sesgo	Biais
sesión	Session, séance
sesma	Sesma; Division administrative du Moyen-Âge
seso	Cerveau; Pierre qui sert à caler, assise; Bon sens, prudence, maturité
sestao	Sestao
seta	Champignon
setecientos	Sept-cents
setenta	Soixante-dix, septante
seto	haie
seudónimo	Pseudonyme
seven	Rugby à 7
severamente	Sévèrement
severiano	Prénom masculin
severidad	Sévérité
severo	Sévère
sevilla	Séville
sevillano	Sévillan
sevillista	Joueur ou supporter du Sevilla Fútbol Club
sexagésimo	Soixantième
sexenio	Sextennat
sexi	Sexy
sexismo	Sexisme
sexista	Sexiste
sexo	Sexe
sextante	Sextant
sexteto	Sextette
sexto	Sixième; Sixième (numéro 6 ou 1/6); Sixte
sexual	Sexuel, à caractère sexuel
sexualidad	Sexualité
sexualización	Sexualisation
sexualmente	Sexuellement
sexy	Sexy
sexólogo	Sexologue
seychelles	Seychelles (pays de l’océan Indien)
seísmo	Séisme
seña	Signe, signal; Signe de la main, geste
señal	Signal; Signe
señalamiento	Signalement
señalar	Signaler; Indiquer; Remarquer
señalización	Signalisation
señalética	Signalétique
seño	Signer dans la langue des sourds
señor	Monsieur
señora	Madame; Femme
señorial	Seigneurial
señorita	Mademoiselle
señoría	Seigneurie, titre et distinction de seigneur
señorío	Seigneurie, territoire administré par un seigneur
señuelo	Figurine en forme d’oiseau utilisée comme simulacre lors du dressage des oiseaux de proie; Appeau
shah	Chah
shanghai	Shanghaï (ville de Chine)
shanghái	Shanghaï
share	Xare, spécialité de la pelote basque
sharia	Charia
sharjah	Sharjah (émirat arabe)
sheffield	Sheffield (ville d’Angleterre)
sheinbaum	Sheinbaum
shell	Shell
shinto	Shintoïsme, shinto
shiva	Shiva
shogunato	Shogunat
si	Si (condition); Si (note de musique)
sibarita	Sybarite
siberia	Sibérie (région d'Asie)
siberiano	Sibérien
sibila	Sibylle
sic	Sic
sicario	Tueur à gages, sicaire , assassin
sicilia	Sicile
siciliano	Sicilien, relatif à la Sicile; Sicilien (habitant de la Sicile)
sicológico	Psychologique
sida	Sida
sidecar	Side-car
sideral	Sidéral, astral
siderurgia	Sidérurgie
sidra	Cidre, boisson alcoolisée qui provient de la fermentation du jus de pomme
siega	Faucher
siembra	Semer, lancer et éparpiller des graines sur un sol adapté; Éparpiller, répandre, parsemer sans ordre de manière harmonieuse; Divulguer, diffuser une nouvelle; Causer, provoquer quelque chose; Faire quelque chose afin d'en tirer profit; Ensemencer des microorganismes, des cellules afin de favoriser leur multiplication; (Venezuela) Planter
siemens	Siemens
siempre	Toujours
sien	Tempe
siena	Sienne
sierra	Scie; Chaine de montagnes
siervo	Serf; Serviteur
siesta	Sieste
siete	Sept
sif	Sif
sifón	Siphon
sigilo	Furtivité
sigiloso	Sournois
siglo	Siècle, cent ans
signatario	Signataire
significación	Importance, signification
significado	Importance, signification; Sens, signification
significante	Signifiant, important
significar	Signifier
significativamente	Significativement
signo	Signe
siguiente	Suivant
sigüenza	Sigüenza
sij	sikh
sil	Affluent du Minho
silas	Silas
silba	Siffler
silbar	Siffler
silbato	Sifflet
silbido	Sifflement
silbo	Siffler
silenciar	Faire taire, réduire au silence
silencio	Silence
silenciosamente	Silencieusement, sans bruit; Avec discrétion, en secret, en douce
silencioso	Silencieux
siles	Siles
silesia	Silésie
silicato	Silicate
silicio	Silicium (l’élément chimique Si)
silicona	Silicone
silla	Chaise; Silla
sillar	Moellon quadrangulaire
sillería	Ensemble de chaises; Atelier où se fabriquent les chaises, magasin où on les vend; Maçonnerie
sillín	Selle
sillón	Fauteuil
silo	Silo
silogismo	Syllogisme
silueta	Silhouette
silvestre	Sauvage (pour une plante); Sauvage (pour un lieu non cultivé); Sauvage (pour un animal non domestiqué)
silvicultura	Sylviculture
sima	Gouffre
simancas	Simancas
simbionte	Symbiote, symbionte
simbiosis	Symbiose
simbolismo	Symbolisme
simbolista	Symboliste
simbolización	Symbolisation
simbolizar	Symboliser
simbología	Symbologie
simbólico	Symbolique
simetría	Symétrie, arrangement harmonieux respectant un certain ordre; Symétrie
simiente	Semence
similar	Pareil, semblable
similitud	Similitude
simio	Singe
simpatizar	Sympathiser
simpatía	Sympathie
simple	Simple, non complexe; Simple, unique; Simple, facile
simplemente	Simplement
simpleza	Simplicité
simplicidad	Simplicité
simplificación	Simplification
simplificado	Simplifier
simplificar	Simplifier
simplista	Simpliste
simposio	Symposium
simpático	Sympathique
simulación	Simulation
simulacro	Simulacre; Image, vision imagée; Imitation, simulation; Test
simulador	Simulateur; Simulateur
simular	Simuler
simultaneidad	Simultanéité
simultáneamente	Simultanément
simultáneo	Simultané
simétricamente	Symétriquement
simétrico	Symétrique
simón	Simon
sin	Sans
sinagoga	Synagogue
sinaloa	Sinaloa
sinapsis	Synapse
sinceramente	Sincèrement
sinceridad	Sincérité
sincero	Sincère
sincretismo	Syncrétisme
sincronismo	Synchronisme
sincronización	Synchronisation
sincronizado	Synchroniser
sincronizar	Synchroniser
sincronía	Synchronie
sindicación	Syndicalisation
sindical	Syndical, relatif au syndicalisme et aux syndicats; Syndical, qui appartient ou relatif au syndic
sindicalismo	Syndicalisme
sindicalista	Syndicaliste; Syndicaliste
sindicalización	Syndicalisation
sindicato	Syndicat
sinergia	Synergie
sinestesia	Synesthésie
sinfonía	Symphonie
sinfín	infinité, un très grand nombre
sinfónico	Symphonique
singapur	Singapour (pays d’Asie)
singladura	Cinglage
single	Simple
singleton	Singleton
singular	Singulier
singularidad	Singularité
singularmente	Singulièrement
siniestra	Senestre, main gauche, côté gauche; Senestre
siniestro	Senestre, situé à gauche
sino	(Utilisé uniquement dans une phrase négative) Mais, mais plutôt dans le même sens que dans «Elle n'a pas faim, mais soif», non dans le sens de «Elle n'a pas mangé, mais elle va bien» (auquel cas : «pero»); Sauf; Destin, sort
sinodal	Synodal
sinople	Sinople
sinopsis	Synopsis
sinrazón	Folie, sottise, action réalisée hors de toute rationalité
sinsentido	Non-sens
sintagma	Syntagme
sintaxis	Syntaxe
sintetizador	Synthétiseur
sintetizar	Synthétiser
sintonizar	Syntoniser
sintonía	Indicatif
sintáctico	Syntaxique
sintético	Synthétique
sinuoso	Sinueux, tortueux
sinusitis	Sinusite
sinvergüenza	Insolent, sans-gêne; Insolent
sinónimo	Synonyme
sioux	Sioux
sipo	Ouais, ouaip, voui
siquiatra	Psychiatre
siquiera	Au moins, ne serait-ce que; Même pas (dans une construction négative, notamment avec ni)
siracusa	Syracuse, commune et ville de la région de Sicile en Italie
sirena	Sirène; Sirène, avertisseur sonore; Sirène, instrument de mesure; Gyrophare
siria	Syrienne, habitante de la Syrie; Syrie
sirio	Syrien, de Syrie; Syrien
siroco	Sirocco
sirope	sirope\Prononciation ?\masculin*Sirop
siruela	Siruela
sirviente	Serviteur
sisal	Sisal; Exemple d’utilisation manquant. (Ajouter)
sismicidad	Sismicité, seismicité
sismo	séisme, tremblement de terre
sismología	Sismologie
sistema	Système
sistematización	Systématisation
sistemática	Systématique
sistemático	Systématique
sistémico	Systémique
sita	Sis
sitar	Sitar
sitiar	Assiéger
sitio	Site, emplacement, endroit; Siège
sito	Situé
situacional	Situationnel
situación	Position; Situation; Emplacement
situar	Situer
ska	Ska
sketch	Sketch, saynète
sl	SARL
sms	Texto
snack	Casse-croûte
snickers	Snickers
snob	Snob
soap	SOAP; SOAP
sobaco	Aisselle
sobar	Pétrir, presser dans ses mains, manipuler de façon répétitive un objet; Peloter, tripoter, caresser une personne
soberano	Souverain
soberanía	Souveraineté
soberbio	Orgueilleux, altier, hautain, arrogant, prétentieux; Excessif, colérique; superbe, magnifique; Se dit d'un cheval : fougueux, violent
sobornar	Suborner; Soudoyer
soborno	Pot-de-vin; Corruption
sobra	Rester, être de reste, être superflu, non nécessaire, être de trop
sobradamente	Abondamment, amplement, excessivement, extrêmement, largement, pleinement
sobrado	Sobrado
sobrante	En surplusde trop
sobrar	Rester, être de reste, être superflu, non nécessaire, être de trop
sobre	Sur, à, contre; Au-dessus de; Enveloppe, objet utilisé pour contenir une lettre ou un document
sobreabundancia	Surabondance
sobrecarga	Surcharger
sobrecargado	Surcharger
sobrecargar	Surcharger
sobrecargo	Surcharger
sobrecogedor	Saisissant, frappant
sobrecoste	Surcout
sobredosis	Surdose, overdose
sobreexplotación	Surexploitation
sobremesa	Nappe (tissu qui couvre la table pour la décoration, la propreté ou le confort); Temps passé à table après avoir mangé; Dessert
sobrenombre	Surnom
sobrepasar	Dépasser, passer
sobrepeso	Surpoids
sobreponer	Appliquer, imposer, mettre, revêtir
sobreprecio	Surprix
sobresaliente	Remarquable
sobresalir	Se distinguer, exceller, être remarquable, être supérieur
sobreseimiento	Non-lieu
sobresueldo	Sursalaire
sobretasa	Surtaxe
sobretodo	pardessus, capot
sobrevalorado	Survaloriser, accord une importance ou une valeur excessive à
sobrevivencia	Survie
sobreviviente	Survivant
sobrevivir	Survivre
sobrevolar	Survoler
sobrevuelo	Survoler
sobriedad	Sobriété
sobrino	Neveu
sobrio	Sévère
soca	Chaume de la canne à sucre, du riz
socavar	Saper les fondations, les fondements; Creuser un tunnel, un terrier
sociable	Sociable
social	Social
socialdemocracia	Social-démocratie
socialdemócrata	Social-démocrate
socialismo	Socialisme
socialista	Socialiste
socialización	Socialisation
socialmente	Socialement
sociedad	Société
socio	Partenaire, associé
socioeconómico	Socio-économique
sociología	Sociologie
sociólogo	Sociologue
sociópata	Sociopathique, sociopathe
soco	Chozchoz
socorrer	Secourir, aider, assister
socorrista	Maître-nageur
socorro	Secours, aide
socrático	Socratique
soda	Soude; Soude maritime; Soda, eau gazeuse
sodio	Sodium
sodomita	Sodomite
sodomía	Sodomie
soez	Grossier, cru, vulgaire (à propos de mots); Juron
sofisma	Sophisme
sofista	Sophiste
sofisticación	Sophistication
sofocación	Suffocation
sofocante	Étouffant, suffocant
sofocar	Suffoquer, s’étouffer
sofoco	Suffoquer, s’étouffer
sofrito	Sofregit
software	Logiciel
sofá	Canapé
sofía	Sofia (capitale de la Bulgarie)
soga	Corde
soja	Soja
sol	Soleil; Sol, monnaie du Pérou; Soleil (chaleur ou lumière du soleil); Or
solamente	Seulement
solana	Adret, côte exposée au soleil; Solarium, pièce où prendre le soleil; Nom de famille
solapa	Revers
solar	Solaire; Terre; Terre seigneuriale, seigneurie, maisonnée ou ascendance noble; Terrain, terrain à bâtir ou non, terrain qui accompagne une maison, jardin
solaz	Soulagement
soldada	Souder
soldadito	Manakin casqué
soldado	Soldat
soldador	Soudeur. (féminin : soldadora); Fer à souder
soldadura	Soudure
soldar	Souder
soleado	Ensoleiller
soledad	Solitude
solemne	Solennel
solemnidad	Solennité
solenoide	Solénoïde
soler	Avoir l’habitude de
solfeo	Solfège
solicitante	Solliciteur
solicitar	Solliciter, plaider
solicitud	Demande, requête, sollicitation
solidaridad	Solidarité
solidario	Solidaire
solidez	Solidité
solidificación	Solidification
solidificar	Solidifier
solista	Soliste
solitario	Solitaire
sollozar	Sangloter
sollozo	Sangloter
solo	Seul, unique; Seulement
solomillo	Faux-filet, aloyau de bœuf; Longe, filet mignon de porc
solsticio	Solstice
soltar	Lâcher; Relâcher
soltero	Célibataire
solterona	Vieille fille
soltería	Célibat
solterón	Vieux garçon
soltura	Aisance, facilité
solubilidad	Solubilité
soluble	Soluble
solucionar	Résoudre, solutionner
solución	Solution
soluto	Soluté
solvencia	Solvabilité
solventar	Éteindre, solder une dette; Résoudre
solvente	Éteindre, solder une dette; Résoudre
solón	Solon
solórzano	Solórzano; Nom de famille
somalia	Somalie (pays africain)
somalí	Somali; Somali
sombra	Ombre
sombrerero	Chapelier
sombrero	Chapeau
sombrilla	Ombrelle
sombrío	Sombre
someramente	Sommairement
somero	Sommaire
someter	Soumettre
sometimiento	Servitude, asservissement
sommelier	Sommelier
somnolencia	Somnolence
somnoliento	Somnolent
somnífero	Somnifère
somo	Sommet, cime
somoza	Nom de famille
sonado	Connu, renommé, fameux; Retentissant, qui fait grand bruit, qui fait parler de soi; Sonné (étourdi par les coups); Fêlé, givré, timbré, zinzin (dérangé)
sonajero	Hochet
sonambulismo	Somnambulisme
sonante	Sonnant
sonar	Sonner, tinter; Résonner, sonner
sonata	Sonate
sonda	Sonde
sondear	Sonder
sondeo	Sondage
soneto	Sonnet
sonido	Son
sonora	Sonora
sonoridad	Sonorité
sonoro	Sonore
sonreír	Sourire
sonriente	Souriant
sonrisa	Sourire
sonrojar	Faire rougir (de honte, de gêne, etc.); Rougir (de honte, de gêne, etc.)
sonrojo	Faire rougir (de honte, de gêne, etc.); Rougir (de honte, de gêne, etc.)
sonso	Sot, lordaud; Sot, lordaud
sonámbulo	Sonambule
sopa	Soupe
sopera	Soupière
sopesar	Balancer
soplado	Souffler; Gonfler; Suggérer; Dénoncer; Écluser
soplar	Souffler; Gonfler; Suggérer; Dénoncer; Écluser
soplete	Chalumeau
soplo	Souffle
soplón	Balance, qualificatif appliqué à celui qui pratique la délation
sopor	Coup de barre
soportable	Supportable
soportar	Supporter
soporte	Soutien, support; Support
soprano	Soprano, voix de soprane; Soprano, personne ayant ce registre
sor	Sœur
sora	Sora
sorber	Absorber, aspirer un liquide
sorbete	Sorbet
sorbo	Absorption d’un liquide; Gorgée bue; Petite quantité de liquide
sordera	Surdité
sordina	Sourdine
sordo	Sourd
sordomudo	Sourd-muet
sorgo	Sorgo
soria	Soria
soriano	Nom de famille; Prénom masculin; De Soria; Habitant de Soria
sororidad	Sororité
sorprendente	Surprenant, surprenante
sorprender	Surprendre; Frapper, heurter
sorpresa	Surprise
sorpresivamente	Surprenamment, de façon surprenante, de manière inattendue, soudainement
sorpresivo	Surprenant
sortear	Tirer au sort
sorteo	Tirer au sort
sortija	Anneau, bague
sortilegio	Sortilège
sosa	Soude
sosegado	Calme, apaisé
sosiego	Sérénité
soslayo	De biais, de côté
soso	Peu salé, insipide; Neuneu
sospecha	Soupçon
sospechar	Soupçonner, suspecter
sospecho	Soupçonner, suspecter
sospechoso	Suspicieux
sostener	Soutenir
sostenibilidad	Soutenabilité
sostenible	Soutenable
sostenimiento	Soutien, soutènement
sostén	Soutien; Soutien-gorge
sota	Dame; Sotte, femme insolente et dévergondée, qui ne sait rien ou feint de ne rien savoir; Dessous
sotavento	Côté du navire qui est sous le vent
soterramiento	Ensevelissement
sotillo	Sotillo
soto	Lieu boisé; Quebracho
sotobosque	Sous-bois
sotomayor	Soutomaior; Nom de famille
soul	Soul
soviet	Soviet, soviet
soviético	Soviétique
soya	Soja (fruit et plante)
soñado	Rêver, songer
soñador	Rêveur
soñar	Rêver, songer
spa	Spa (ville de Belgique)
spaniel	Épagneul
speck	Speck
spiderman	Spider-Man
split	Split
spot	Spot
springer	Springer
sprite	Farfadet, sylphe rouge
sql	SQL
ssl	SSL, TLS
stalin	Staline
steak	Steak
stock	Stock
strasser	Strasser
stress	Stress
striptease	Strip-tease
stuttgart	Stuttgart
su	Son, sa; Leur; Votre (vouvoiement)
suajili	swahili
suances	Suances
suave	Doux, gentil, suave, sucré; Mou, moelleux, tendre
suavemente	doucement
suavidad	Suavité
suavizante	Adoucissant; Après-shampoing, cosmétique pour adoucir le peignage des cheveux
suavizar	Amollir; Attendrir
subalterno	Subalterne
subasta	Vente aux enchères, adjudication; Appel d’offres
subastar	Vendre aux enchères; Fournir, procurer, délivrer, proposer, offrir
subcampeón	Finaliste
subconsciente	Subconscient
subcontinente	Sous-continent
subcultura	Sous-culture
subcutáneo	Sous-cutané
subdelegación	Subdélégation
subdesarrollo	Sous-développement
subdividir	Diviser
subdivisión	Subdivision
subespecie	Sous-espèce
subestación	Sous-station
subgrupo	Sous-groupe
subgénero	Sous-genre
subida	Augmentation; Montée
subir	Monter; Téléverser, uploader
subirats	Subirats
subjetivo	Subjectif
subjuntivo	Subjonctif
sublevación	Soulèvement, rebellion
sublevado	Soulever, rebeller, indigner
sublimación	Sublimation
sublimar	Sublimer
sublime	Sublime
subliminal	Subliminal
submarinismo	Plongée sous-marine
submarino	Sous-marin
subnormal	Attardé; Subnormal
suboficial	Sous-officier
subordinación	Subordination
subordinado	Subordonné
subordinar	Subordonner
subproducto	Sous-produit
subrayar	Souligner
subred	Sous-réseau
subscripción	Abonnement
subsecuentemente	Subséquemment
subsidiario	Subsidiaire
subsidio	Subvention, subside
subsistema	Sous-système
subsistir	Subsister
substancia	Substance
substancial	Substantiel
substituir	Substituer
subsuelo	Sous-sol
subte	Métro
subteniente	Sous-lieutenant
subterfugio	Subterfuge
subterráneo	Souterrain
subtexto	Sous-texte
subtitulado	Sous-titrer
subtitular	Sous-titrer
subtítulo	Sous-titre; Légende d’image
suburbano	Suburbain
suburbio	Banlieue, faubourg
subvencionar	Subventionner
subvención	Subvention
subyacente	Sous-jacent
subyugar	Soumettre; Subjuguer
subíndice	indice
succión	Succion
suceder	Succéder; (Seulement à la 3ᵉ personne du singulier et du pluriel) se passer
sucedáneo	Succédané
sucesivamente	De suite, successivement
sucesivo	Successif
sucesión	Succession
suceso	Évènement
sucesor	Successeur
suciedad	Saleté
sucintamente	Succinctement
sucinto	Succinct
sucio	Sale
sucre	Sucre, capitale de la Bolivie
suculento	Succulent
sucumbir	Succomber
sucursal	Succursale
sud	Sud
sudadera	Sweat-shirt
sudafricano	Sudafricain; Sudafricain habitant de l’Afrique du Sud
sudamericano	Sudaméricain
sudamérica	Amérique du Sud
sudanés	Soudanais
sudar	Suer; s'en ficher, ne pas s'intéresser
sudario	Suaire
sudeste	Vent du sud-est
sudoku	Sudoku; casse-tête, question ou problème complexe et difficile
sudor	Sueur
sudoración	Sécrétion de sueur
sudáfrica	Afrique du Sud
sudán	Soudan, pays d’Afrique
suecia	Suède
sueco	Suédois, relatif à la Suède; Suédois, habitant de la Suède; Suédois (langue)
suegra	Belle-mère, mère du conjoint
suegro	Beau-père, père du conjoint
suela	Avoir l’habitude de
sueldo	Salaire, solde; Solidus, sol, sou, soldo
suelo	Sol
suelta	Lâché, relâché, avec du mou; Seul, séparé, isolé
suelto	Lâché, relâché, avec du mou; Seul, séparé, isolé; Monnaie, espèce, liquide, numéraire
sueno	Sonner, tinter; Résonner, sonner
suero	Sérum; Petit lait
suerte	Sort, hasard, déroulement fortuit du monde; Chance, sort favorable; Sorte, genre, type
suertudo	Chanceux
sueño	Sommeil; Rêve
suffolk	Suffolk
suficiencia	Suffisance, capacité de ce qui suffit; Suffisance, vanité, présomption
suficiente	Suffisant
suficientemente	Suffisamment
sufijo	Suffixé; Suffixe
sufismo	Soufisme
sufragio	Suffrage
sufragista	Suffragette; Suffragiste
sufrimiento	Souffrance
sufrir	Souffrir, sentir physiquement un mal, une douleur, causée par une maladie, une gêne; Souffrir moralement; Subir quelque chose avec résignation; Supporter, résister; Permettre, tolérer, consentir; Passer un examen; Souffrir
sugerencia	Suggestion
sugerente	Suggestif
sugerir	Suggérer
sugestivo	Suggestif
sugestión	Suggestion, action de suggérer; Suggestion, chose suggérée
suicida	Suicider
suicidar	Suicider
suicidio	Suicide
suite	Suite
suiza	Suisse, pays d'Europe; Suissesse; Rixe entre bandes, dispute entre concurrents; Exercice militaire, simulacre de combat; Soldatesque de fantaisie qui lors de réjouissances publiques faisait des simulacres de combat
suizo	Suisse; Suisse, garde suisse
sujetador	Soutenant; Soutien, chose qui soutient, qui sert à soutenir; Soutien-gorge
sujetar	Faire subir, soumettre (à)
sujeto	Faire subir, soumettre (à)
sula	Prêtre
sulfato	Sulfate
sulfito	Sulfite
sulfuro	Sulfure
sulfúrico	Sulfurique
sultanato	Sultanat
sultán	Sultan
suma	Supérieur; Extrême
sumamente	Extrêmement, vachement
sumar	Additionner, ajouter; Unir, reunir, joindre
sumariamente	Sommairement
sumatoria	Somme
sumatra	Sumatra
sumergible	Submersible, sous-marin; Submersible, sous-marin
sumergir	Submerger
sumeria	Sumer
sumerio	Sumérien; Sumérien
sumersión	Submersion
sumidero	Drain
sumiller	Sommelier
suministrar	Fournir, livrer
suministro	Approvisionnement
sumir	Plonger
sumisión	Submission (fait d’être soumis)
sumo	Supérieur; Extrême
suni	Suni
sunita	Sunnite
suntuoso	Somptueux
suní	Sunnite
superación	Dépassement; Dépassement de soi-même
superar	Surpasser, surmonter, vaincre, abattre; Dominer, dépasser, maitriser, surmonter
superestructura	Superstructure
superficial	Superficiel
superficialidad	Superficialité
superficie	Surface
superfluo	Superflu
superheroína	Superhéroïne
superhombre	Surhomme
superhéroe	Super-héros
superintendencia	Surintendance
superintendente	Superintendant
superior	Supérieur; Dominant, suprême, supérieur, surplombant
superioridad	Supériorité
superlativo	Superlatif
superman	Superman; prénom masculin
supermercado	Supermarché
supernumerario	Surnuméraire
superpoder	Superpouvoir
superponer	Superposer
superposición	Superposition
superpotencia	Superpuissance
supersticioso	Superstitieux
superstición	Superstition
supersónico	supersonique
superventas	Best-seller
supervisar	Encadrer
supervisión	Supervision
supervisor	Maître d’œuvre
supervivencia	Survie, survivance
superviviente	Survivant
superyó	Surmoi
supino	Supin; Supin
suplantar	Supplanter
suplemento	Supplément; Addition, appendice; Indemnité
suplencia	Suppléance, action de suppléer; Supplétion
suplente	Suppléant
suplicar	Supplier implorer, solliciter
suplicio	Supplice
suplir	Suppléer
suponer	Supposer, deviner
suposición	Supposition
supositorio	Suppositoire
supranacional	Supranational
supremacía	Suprématie
supremo	Suprême
supresión	Suppression
suprimir	Supprimer
supuestamente	Supposément
supuesto	Supposé; Supposition
sur	Sud
sura	Sourate
suramericano	Sudaméricain
suramérica	Amérique du Sud
surcar	Sillonner
surco	Sillon; Ride
surcoreano	Sud-coréen; Sud-Coréen
sureste	Sud-est
sureño	Méridional
surf	Surf
surfear	Surfer
surfista	Surfeur, surfeuse
surgir	Surgir
surinam	Suriname (pays d’Amérique du Sud)
suroeste	Sud-ouest
surrealismo	Surréalisme
surrealista	Surréaliste; Surréaliste
surtido	Assorti; Assortiment
surtidor	Jet d’eau; Pompe à essence
surtir	Fournir; Jaillir, sourdre; Jaillir, sauter
susa	Suse, dans le Piémont; Suse, en Iran; Sousse, en Tunisie
susana	Suzanne
suscitar	Susciter
suscribir	Souscrire; Souscrire à un abonnement, s’abonner
suscripción	Abonnement
suscriptor	Souscripteur; Abonné
sushi	Sushi
suso	Sus, dessus
susodicho	Susdit
suspender	Suspendre; Lever, soulever, élever
suspensión	Suspension, effet de suspendre ou d’être suspendu; Suspension
suspicaz	Méfiant
suspirar	Soupirer
suspiro	Respiration, souffle; Meringue
sussex	Sussex
sustancia	Substance
sustantivo	Substantiver
sustentable	Durable
sustentación	Sustentation; Portance
sustentar	Sustenter
sustento	Sustenter
sustitución	Substitution
sustituir	Substituer
sustitutivo	Substitutif
sustituto	Substitut, remplaçant
susto	Peur
sustracción	Soustraction
sustraer	Soustraire
sustrato	Substrat
susurrar	Chuchoter, susurrer
susurro	Chuchoter, susurrer
sutil	Fin, subtil; Subtil, peu perceptible; Subtil, astucieux
sutileza	Subtilité
sutilmente	Subtilement
sutura	Couture; Suture
suyo	Sien, le sien; Leur, le leur; Sien, à lui, à elle; Leur, à eux
suárez	Nom de famille hispanique
suéter	Chandail, pull-over
svalbard	Svalbard
swahili	Swahili, la langue swahili
sábado	Samedi, jour du sabbat
sábana	Drap
sábila	Aloé véra
sádico	Sadique
sánchez	Nom de famille
sándalo	Santal
sándwich	Sandwich
sánscrito	Sanskrit, sanscrit; Sanskrit, sanscrit
sátira	Satire
sátiro	Satyre
sémola	Semoule
séneca	Sénèque
sépalo	Sépale
séptico	Septique
séptimo	Septième; Septième (numéro 7 ou 1/7)
séquito	Suite
sésamo	Sésame
sétimo	Septième; Septième (numéro 7 ou 1/7)
sí	Oui, si; Oui
sífilis	Syphilis
sílaba	Syllabe
sílex	Silex
sílice	Silice
símbolo	Symbole
símil	Semblable; Comparaison
síncope	Syncope, évanouissement
síndrome	Syndrome
sínodo	Synode
síntesis	Synthèse
síntoma	Symptôme
sísmico	Sismique
sócrates	Socrate, philosophe grec
sódico	Sodique
sófocles	Sophocle, auteur dramatique
sólido	Solide
sólito	Habituel
sólo	Seulement; Solo
sónico	Sonique
sórdido	Crapuleux, sordide
sótano	Cave, sous-sol, étage souterrain d’une construction
sóviet	Soviet
súbdito	Sujet; Sujet
súbitamente	Soudainement, subitement, tout à coup
súbito	Soudain, subit
súper	Super, supérieur; apocope de supermercado
súplica	Supplique
t	T
ta	Traduction automatique
taba	Soulier, godasse
tabaco	Tabac, feuilles de cette plante; Cigare
tabaquera	Tabatière
tabarnia	Territoire fictif de Catalogne qui revendiquerait sa propre autonomie
tabasco	Tabasco
taberna	Taverne
tabernáculo	Tabernacle
tabique	Cloison; Paroi; Brique
tabla	Planche; Billet de 100 Bolivars; Table
tablado	Tabuler
tablero	Adéquat pour faire des planches, en parlant du bois; Tablier, plateau, surface plane de la table; Damier, échiquier, tablier de jeux; Tableau, tableau noir; Tableau de bord
tableta	Tablette; Comprimé de médicament, cachet, pilule
tablilla	Tablette, table; Petit tableau d’affichage
tabloide	Format tabloïd
tablón	Table grossière; Gueule de bois; Tableau d’affichage
tabulación	Tabulation
tabulador	Tabulation
tabular	Tabulaire, tabellaire; Tabuler
taburete	Tabouret; Strapontin
tabú	Tabou
tacaño	Radin, avare, mesquin
tacha	Rayer, effacer, biffer
tachar	Rayer, effacer, biffer
tache	Rayer, effacer, biffer
tacho	Rayer, effacer, biffer
taciturno	Taciturne
taco	Cheville; Bourre; Queue de billard; Calendrier, éphéméride; Amuse-gueule, généralement découpé en dés et servi à l’apéritif; Ensemble d’objets empilés et sans ordre; Gorgée de vin; Disjoncteur
tacon	Tacon
tacoronte	Tacoronte
tacto	Toucher
tacón	Talon, partie de la chaussure sous le talon du pied
tafalla	Tafalla
tafetán	Taffetas
tagalo	De Luçon, aux Philippines; Relatif au tagalog; Tagalog
tagua	Palmier à ivoire; Tagua, graine du palmier à ivoire; Foulque
tahití	Tahiti (île de Polynésie)
tahona	Boulangerie
taifa	Taïfa, taifa
taiga	Taïga
tailandia	Thaïlande (pays d’Asie)
tailandés	Thaïlandais : relatif à la Thaïlande et à ses habitants; Le thaïlandais, langue thaïlandaise; Thaïlandais : habitant de la Thaïlande; Thaïlandais, personne d’origine thaïlandaise, ayant des ancêtres de la Thaïlande
taimado	Filou, malicieux
taiwanés	Taïwanais; Taïwanais
taiwán	Taïwan
tajada	Tranche de banane plantain frites
tajamar	Taille-mer
tajante	Coupant, tranchant; Catégorique, concluant, sec, radical
tajantemente	Catégoriquement
tajo	Tranchant; Tâche, travail; Coupe longitudinale; Escarpement abrupt; Carrière; Tage fleuve espagnol
tajuña	Affluent de la Jarama
tajín	Tagine
taka	Taka
tal	Tel; (En corrélation avec que (tal… que)) Tel
tala	Coupe d’un arbre; Coupe dans une forêt, clairière; Palissade défensive faite de troncs coupés
taladrar	Percer
taladro	Perceuse (outil électrique destiné à percer), foreuse
talanquera	Talanquère
talante	Humeur, volonté
talar	Tailler, couper un arbre
talavera	Talavera
talca	Ville principale et capitale de la région de El Maule située au centre du Chili
talco	Talc
talento	Talent
talentoso	Talentueux
talgo	TALGO
talibán	Taliban
talio	Thallium (l’élément chimique Th)
talismán	Talisman
talión	Talion
talla	Tailler, couper; Travailler un matériau; Estimer la taille de quelque chose; Soumettre à l’impôt de la taille; Couper, interrompre une conversation
tallado	Tailler, couper; Travailler un matériau; Estimer la taille de quelque chose; Soumettre à l’impôt de la taille; Couper, interrompre une conversation
tallador	Tailleur
tallar	Taillable, de taille, de coupe; Tailler, couper; Travailler un matériau; Estimer la taille de quelque chose; Soumettre à l’impôt de la taille; Couper, interrompre une conversation
talle	Tailler, couper; Travailler un matériau; Estimer la taille de quelque chose; Soumettre à l’impôt de la taille; Couper, interrompre une conversation
taller	Atelier; Garage automobile, espace tenu par des professionnels équipé des outils et instruments nécessaires à l’entretien de véhicules motorisés
tallin	Tallinn (capitale de l’Estonie)
tallo	Tige, queue
talmud	Talmud
talo	Pelle pour enfourner et défourner; Talo, galette de maïs
talonario	Chéquier
talud	Talus
talón	Talon
tamal	Tamal; Intrigue
tamames	Tamames
tamarindo	Tamarinier, tamarin; Tamarin (fruit du tamarinier); Agent de la circulation (à Mexico)
tamaulipas	Tamaulipas
tamaño	Taille, ampleur, grandeur, importance
tambalear	Chanceler
también	Aussi
tambo	Tambo, gîte inca; Petite ferme; Gîte, auberge; Étable; Prison; Tambo
tambor	Tambour (instrument); Tambour (musicien)
tamboril	Tambourin
tamil	Tamoul/tamil/Tamoul/Tamil, tamoul/tamil; Tamoul/tamil/Tamoul/Tamil, tamoul/tamil
tamiz	Étamine
tamo	Paille et poussière, résidus du battage du blé
tampico	Tampico
tampoco	Pas non plus
tampón	Tampon
tan	Tant, aussi
tanda	Série; Tour; Tour, période de travail effectué par des équipes qui se succèdent tour-à-tour; Session, scène
tanga	Tanga
tangente	Tangent, qui touche; Tangente
tangible	Tangible
tango	Tango; Sorte de jeu de quilles consistant à faire tomber une quille sur laquelle sont posées des pièces
tanino	Tanin
tano	Italien; Personne d'origine italienne
tanque	Citerne; Propolis
tantear	Tâter
tanto	Tant de; Tant, autant; (En corrélation avec como (tanto… como)) Tant… que, à la fois… et; Copie; Point
tanzania	Tanzanie
taoísmo	Taoïsme
tapa	Couvercle; Couverture d'un livre; Tapa
tapada	Boucher, raccommoder; Couvrir, recouvrir
tapadera	Couverture
tapado	Boucher, raccommoder; Couvrir, recouvrir
tapar	Boucher, raccommoder; Couvrir, recouvrir
tapara	Boucher, raccommoder; Couvrir, recouvrir
taparrabos	Pagne
tapatío	De Guadalajara, au Mexique; Habitant de Guadalajara, au Mexique
tape	Boucher, raccommoder; Couvrir, recouvrir
tapete	Napperon
tapia	Pisé
tapial	Pisé
tapicero	Tapissier
tapioca	Tapioca
tapir	Tapir
tapiz	Tapisserie; Tapis
tapizado	Tapissé; Tapissage
taponamiento	Bouchage; Tamponnade
taponar	Boucher
tapón	Bouchon
taquicardia	Tachycardie
taquigrafía	Sténographie, tachygraphie
taquilla	Guichet, kiosque, billetterie; Billet pour un spectacle; Recette provenant de la vente des billets lors d'une manifestations sportive ou culturelle; Casier dans une salle de sport, un établissement scolaire, etc; Nom vernaculaire de Mulinia edulis espèce de mollusque bivalve, à la chair comestible, à la coquille triangulaire blanche, bordée d'orange, du littoral pacifique d’Amérique du Sud entre le Pérou et la Terre de Feu
tara	Tare, flamboyant petit, fer de lance centro-américain
tarado	Taré, handicapé (qui est porteur d’une tare psychique ou physique); Taré, débile, dingue (stupide, qui n’a pas toute sa tête)
tarancón	Tarancón
tarapacá	Tarapacá, au Chili; Localité de Colombie
tararear	Fredonner (chanter entre ses dents)
tarasca	Tarasque
tarazona	Tarazona
tardar	Tarder
tarde	Tard; (Moment de la journée) Après-midi
tardo	Tarder
tardíamente	Tardivement
tardío	Tardif, qui se fait sur le tard; Tardif, relatif à la fin d’une époque
tarea	Tâche, devoir
tarento	Tarente (ville italienne)
tarifa	Tarif; Tarifa
tarija	Tarija
tarima	Estrade; Palette de chargement
tarja	Targe; Certaine monnaie du Siècle d’Or espagnol
tarjeta	Carte; Carte de crédit
taro	Taro
tarot	Tarot
tarraconense	Tarraconaise; De Tarragone; Habitant de Tarragone
tarragona	Tarragone
tarrasa	Terrassa, localité de Catalogne située dans la province de Barcelone
tarro	Pot, bocal; Tête; Corne; Chaussures
tarso	Tarse
tarta	Tarte, gâteau; Moule à tarte ou poêle à gâteau
tartamudear	Balbutier, bafouiller, bégayer
tartamudeo	Balbutier, bafouiller, bégayer
tartamudez	Dyslalie
tartamudo	Bègue
tartessos	Tartessos
tartufo	Tartuffe
tartán	Tartan
tarántula	Tarentule
tasa	Cours, taux; Taxe; Taxation
tasación	Évaluation, estimation
tasador	Taxateur; Taxateur
tasar	Estimer, évaluer, apprécier; Taxer
tasca	Bar, taverne, bistrot
tashkent	Tachkent (capitale de l’Ouzbékistan)
tasmania	Tasmanie (île)
tata	Papa; Nounou; Père, utilisé comme marque de respect
tatarabuelo	Trisaïeul, arrière-arrière-grand-père
tatiana	Tatiana
tato	Frère; Nom de famille; Personnage fictif, employé pour renforcer la phrase
tatuado	Tatoué
tatuador	Tatoueur
tatuaje	Tatouage
tatuar	Tatouer
tau	Tau, tauon
tauro	Taureau (constellation et signe du zodiaque)
tauromaquia	Tauromachie
tautología	Tautologie
taxi	Taxi
taxidermia	Taxidermie
taxista	Chauffeur de taxi ou chauffeuse de taxi, taxiste
taxonomía	Taxinomie
taxonómico	Taxonomique
taxímetro	Taxi (véhicule automobile)
taxón	Taxon
tayikistán	Tadjikistan (pays d’Asie)
tayiko	Tadjik; Tadjik
taza	Tasse
tazón	Bol, large tasse
taíno	Taïno
tañer	Toucher; Jouer d’un instrument de percussion ou à cordes
tca	Trouble du comportement alimentaire
tcp	Hôtesse de l'air, steward
tdah	Sigle de trastorno por déficit de atención con hiperactividad : TDAH (trouble du déficit de l’attention avec ou sans hyperactivité)
tdc	Dysmorphophobie
tea	Théia, Théa, Éthra, Euryphaessa, Basilée
teatral	Théâtral
teatralidad	Théâtralité
teatro	Théâtre (art et genre dramatique); Théâtre (lieu)
tebas	Thèbes, en Grèce; Thèbes, en Égypte
tebeo	Bande dessinée, BD
teca	Teck
techado	Couvrir (un édifice), construire le toit
techno	Techno
techo	Abri; Toit
techumbre	Toit, toiture
tecla	Touche, d’un instrument de musique ou d’une machine à écrire, d’un ordinateur, etc
teclado	Clavier
teclista	Claviériste
tecnicismo	Technicisme
tecno	Techno
tecnocracia	Technocratie
tecnocrático	Technocratique
tecnología	Technologie
tecnológicamente	Technologiquement
tecnológico	Technologique
tecnócrata	Technocrate
tectónica	Tectonique
tectónico	Tectonique
tedio	Ennui
tedioso	Fastidieux
teherán	Téhéran
tehuelche	Tehuelche
teja	Tuile
tejado	Toit
tejano	Texan
tejar	Tuilerie; Tuiler, recouvrir de tuiles
tejas	Tuile
teje	Tuiler, recouvrir de tuiles
tejedor	Tisseur, de tissage; Tisserand, tisseur
tejer	Tisser
tejera	Tuilerie
tejero	Tuilier, ouvrier qui fait des tuiles
tejido	Tissage, action de tisser; Tissu, résultat du tissage
tejo	Taxus baccata, l'If commun
tejón	Blaireau; Coati
tela	Toile; Vêtement
telar	Métier à tisser
telaraña	Toile d’araignée
tele	Télé
telebasura	Télé-poubelle, programmation télévisuelle de mauvaise qualité, avilissante pour les téléspectateurs
telediario	journal télévisé
telefonear	Téléphoner
telefonista	Standardiste
teleférico	Téléphérique
telefónico	Téléphonique
telegrama	Télégramme
telemarketing	Télémercatique
telemedicina	Télémédecine
telenovela	Télénovela
telepatía	Télépathie
telescopio	Télescope
teleserie	Télésérie
teletipo	Télétype, téléscripteur
teletrabajo	Télétravail
televisión	Télévision
televisor	Téléviseur
tell	Tell
tello	Prénom masculin
telnet	Telnet
telo	Love hotel
teléfono	Téléphone
telégrafo	Télégraphe
telón	Rideau de scène
telúrico	Terrestre
tema	Intrigue (d’un livre, d’un film, …); Thème, sujet
temblar	Trembler
tembleque	Tremblant; Tremblement du corps
temblor	Tremblement (action de trembler); Séisme, tremblement de terre
tembloroso	Tremblant
temer	Craindre, redouter
temerario	Téméraire; Trompe-la-mort
temeridad	Témérité
temeroso	Craintif
temible	Redoutable
temor	Crainte
temperamental	Tempéramental
temperamento	Tempérament, caractère
temperatura	Température; Chaleur
tempestad	Tempête
templado	Modéré, tempéré; trempé
templanza	Tempérance
templar	Tempérer, modérer; Forger, tremper (typiquement un métal)
temple	Tempérer, modérer; Forger, tremper (typiquement un métal)
templete	Édicule
templo	Temple; Église
tempo	Tempo
temporada	Saison
temporal	Temporel; Temporal; temporal\tem.poˈɾal\; Temporel, profane; Temporaire; Tempête; Os temporal; Temps pluvieux persistant
temporalmente	Temporellement
temporario	Temporaire
temporizador	Minuterie
temprano	Précoce, qui est fait à temps; Tôt, qui est fait à temps; Plantation de fruits précoces
temuco	Ville chilienne, capitale de la région de La Araucanía et de la province de Cautín
temático	Thématique
tenacidad	Ténacité
tenango	Nom court de l’une des localités mexicaines données ci-dessous
tenaz	Tenace
tenaza	Pince, tenaille
tendedero	Étendage
tendencia	Tendance
tendencioso	Tendancieux
tendente	Tendre; Tendre vers, avoir pour but, viser
tender	Tendre; Tendre vers, avoir pour but, viser
tendero	Commerçant, boutiquier; Fabricant de tentes
tendinitis	Tendinite
tendón	Tendon
tenebroso	Ténébreux
tenedor	Fourchette; Teneur, personne qui tient; Fourchette, équivalent espagnol de l’étoile servant à signaler la qualité d’un restaurant; Détenteur, qui détient
tener	Avoir, posséder; Tenir, maintenir; Contenir; (tener que + infinitif) Devoir (verbe qui indique la nécessité ou l’obligation de faire quelque chose)
tenerife	Ténérife
tenia	Ténia
tenida	Tenue
teniente	Lieutenant; Adjoint pour une administration officielle
tenis	Tennis (sport)
tenista	Joueur de tennis
tennis	Basket
tenor	Teneur; Ténor
tenorio	Nom de famille; Affluent du Lérez qui coule dans la province de Pontevedra; Séducteur
tensar	Tendre, raidir, remonter (horloge), armer (fusil)
tensión	Tension (état de ce qui est tendu)
tenso	Tendre, raidir, remonter (horloge), armer (fusil)
tensor	Tenseur; Tenseur
tentación	Tentation
tentar	Tâter, tenter
tentativa	Tentative
tentativo	Tentatif
tentáculo	Tentacule
tenue	Faible
teobaldo	Théobald, Thibault
teocracia	Théocratie
teocrático	Théocratique
teodoro	Théodore
teología	Théologie
teológico	Théologique
teorema	Théorème
teoría	Théorie
teosofía	Théosophie
tep	TEP
tept	Trouble de stress post-traumatique, TSPT
tequila	Agave tequilana; Tequila
tera	Affluent de l’Esla
terapeuta	Thérapeute
terapia	Thérapie
terapista	Thérapeute
terapéutico	Thérapeutique
tercamente	Obstinément
tercermundista	Tiers-mondiste
tercero	Troisième; Troisième (numéro 3 ou 1/3)
tercia	Tierce, troisième partie d’un tout; Tierce, heure canoniale qui se récite vers la troisième heure du jour
terciario	Tertiaire
tercio	Troisième; Tiers; Tercio; Couplet du flamenco; Bouteille de bière de 33cl
terciopelo	Velours
terco	Têtu, obstiné
teresa	Thérèse; Teresa, dans la province de Castellón
teresita	Mante religieuse, mante, cheval du diable
tergiversar	Tergiverser
termal	Thermal
termas	Thermes
termidor	Thermidor
terminación	Fin, terminaison; Terminaison
terminal	Terminal
terminar	Terminer; Finir
terminología	Terminologie
termita	Termite
termo	Thermos
termodinámica	Thermoynamique
termonuclear	Thermonucléaire
termostato	Thermostat
termómetro	Thermomètre
ternera	Veau
ternero	Veau
terno	Ternion
ternura	Tendresse
tero	Vanneau téro
terracota	Terre cuite
terranova	Terre-Neuve (île)
terraplén	Terre-plein
terraza	Terrasse; Balcon
terremoto	Séisme, tremblement de terre
terreno	Terrestre, de terre; Terrain, portion de terre; Terrain de sport, de jeu
terrero	Terrier; Qui rase la terre; Bas et humble; Terrasse
terrestre	Terrestre
terrible	Terrible
terriblemente	Terriblement
terrier	Terrier
territorial	Territorial
territorio	Territoire
terror	Terreur, effroi
terrorismo	Terrorisme
terrorista	Terroriste
terrorífico	Terrifiant, terrorisant
terroso	Terreux
terráqueo	Terraqué; Terrien
terrícola	Terrien, habitant de la Terre; Terrien, terrestre, relatif à la Terre
terrón	Motte
tertulia	Réunion de personnes dans le but de discuter d’un sujet, pour discuter entre amis ou pour passer le temps; Couloir du dernier étage, paradis des anciens théâtres espagnols; Salle de café destinée aux jeux
tertuliano	Celui qui participe à une tertulia
teruel	Teruel
tesalia	Thessalie
tesalonicenses	Thessaloniciens
tesalónica	Thessalonique
tesauro	Thésaurus
tesis	Thèse
tesitura	Tessiture
tesla	Tesla
teso	Colline dont le sommet est étendu
tesorero	Trésorier
tesorería	Trésorerie
tesoro	Trésor
test	Examen, test
testa	Tête; Front
testador	Testateur
testaferro	Homme de paille
testamentario	Testamentaire; Exécuteur testamentaire
testamento	Testament
testar	Tester; Tester, testamenter, écrire un testament
testarudo	Borné, entêté, têtu
testicular	Testiculaire
testificar	Témoigner, attester, jurer
testigo	Témoin
testimonio	Témoignage
testículo	Testicule
tesón	Persévérance
teta	Mamelle, sein; Meringue en forme de pis
tete	Téter; Allaiter
tetera	Théière
tetilla	Téterelle
tetis	Téthys
teto	Téter; Allaiter
tetralogía	Tétralogie
tetuán	Tétouan
teutón	Allemand
texano	Texan
texas	Texas
textil	Textile
texto	Texte; Livre
textualmente	Texto, textuellement
textura	Texture
tez	Teint
teñido	Teindre; Se colorer
teñir	Teindre; Se colorer
teófilo	Théophile
teólogo	Théologien
teórico	Théorique
thor	Thor, dieu nordique
tiamina	Thiamine
tianguis	Marché, principalement marché ambulant, marché itinérant; Foire, fête, féria (souvent accompagné d’un complément du nom indiquant la thématique)
tiara	Tiare; Diadème
tibetano	Tibétain; Habitant du Tibet, un Tibétain; La langue parlée en Tibet : le tibétain
tibieza	Tiédeur, caractère de ce qui est d’une température tiède; Tiédeur, indifférence; Sympathie, amabilité, douce chaleur cordiale
tibio	Tiède
tibor	Potiche
tiburón	Requin, squale; Nom donné aux DS Citroën, par analogie de forme, parfois aussi nommées sapo («crapaud»)
ticket	Étiquette, billet, ticket
tico	Costaricain
tictac	Tictac, tic-tac
tiempo	Temps (tous les sens)
tienda	Tente, toile tendue pour se protéger du soleil; Boutique, magasin
tiento	Le toucher (un des cinq sens); Façon d'exercer son sens du toucher; Forme d’écriture musicale contrapuntique pour orgue en Espagne, du XVIᵉ au XVIIIᵉ siècle; Bâton d'un mètre environ, au bout ferré, utilisé par les chasseurs pour planter des filets; Canne d'aveugle; Baguette utilisé par les peintres (artistes), tenue par la main libre et appuyée entre la toile et le bras qui travaille, pour reposer celui-ci; Pouls, en particulier pouls radial; Truellée de plâtre
tierno	Tendre
tierra	Terre
tieso	Raide; Mort
tiflis	Tbilissi (capitale de la Géorgie)
tifus	Typhus
tifón	Typhon
tigo	Aubaine
tigre	Tigre; Tigre (personne cruelle); Jaguar
tijera	Ciseaux, paire de ciseaux
tijuana	Tijuana
tila	Tilleul
tilapia	Tilapia
tildar	Stigmatiser, donner le titre infamant; Mettre un tilde; Rayer, effacer quelque chose d'écrit
tilde	Accent; Tilde; Chose sans importance; Quantité insignifiante de quelque chose; Coche, signe typographique noté (✔)
tilo	Tilleul
tilín	Ding, onomatopée du son de cloche
timador	Escroc
timar	Escroquer
timba	Tripot
timbal	Tambourin
timbre	Timbre : cachet et sonorité; Sonnerie; Sonnette
timeo	Prénom féminin
timidez	Timidité
timo	Thymus
timonel	Timonier
timón	Timon
tina	Cuve, bassine, baquet
tinaja	Grande jarre de terre cuite
tinajero	Potier spécialisé dans la fabrication de tinajas; Meuble vertical dont la partie supérieure est destiné à recevoir une pierre poreuse servant à filtrer l’eau, la partie inférieure reçoit un récipient (une tinaja) dans lequel goutte l’eau une fois passée au travers de la pierre; Nom vernaculaire de Rauvolfia sellowii, arbre de la famille des Apocynacées
tinca	Frapper avec l'ongle du majeur le faisant glisser violemment sur le bout du pouce; Penser, avoir une impression; Avoir envie de, aimer faire quelque chose
tinción	Coloration
tinduf	Tindouf
tinerfeño	Ténérifien
tinglado	Hangar, auvent, abri; Magouille, embrouille, machination, manigance
tiniebla	Ténèbres
tinnitus	Acouphène
tino	Facilité à trouver les choses que l’on cherche; Tine, baquet pour la teinture; Viorne; Adresse pour atteindre la cible visée; Jugement, bon sens; Modération
tinta	Encre
tintero	Encrier
tinto	Teint; Rouge (en parlant du vin); Café noir
tintorero	Teinturier
tintorería	Nettoyage à sec
tiovivo	Manège
tipi	Tipi
tiple	La voix aiguë d'une polyphonie médiévale à trois voix; Toute partie aiguë dans une polyphonie; Instrument aigu
tipo	Type
tipografía	Typographie
tipográfico	Typographique
tipología	Typologie
tipógrafo	Typographe
tiquete	Billet
tira	Lanière, ruban
tirachinas	Lance-pierre
tirada	Tirer; Jeter, projeter
tirado	Tirer; Jeter, projeter
tirador	Tireur
tiramisú	Tiramisu
tirano	Tyran; Tyrannique
tiranosaurio	Tyrannosaure
tirante	Trait; Raide
tiranía	Tyrannie
tirar	Tirer; Jeter, projeter
tirita	Pansement
tiro	Tir
tiroides	Thyroïde
tirolesa	Tyrolienne
tirosina	Tyrosine
tiroteo	Fusillade, échange de coups de feu
tirreno	Tyrrhénien
tirso	Thyrse
tiránico	Tyrannique
tirón	À-coup, action de tirer soudainement et violemment; Affluent de l’Èbre
tisular	Tissulaire
tita	Un volatile, crier en direction de ses congénères
titan	Un volatile, crier en direction de ses congénères
titania	Titania, satellite de la planète Uranus
titanio	Titane (l’élément chimique Ti)
tite	Un volatile, crier en direction de ses congénères
titiritero	Marionnettiste
tito	Un volatile, crier en direction de ses congénères
titubeante	Titubant, chancelant; Bredouillant; Hésitant
titubear	Tituber; Barguigner, hésiter
titubeo	Tituber; Barguigner, hésiter
titulación	diplôme
titular	Titulaire
titán	Titan; Un être d’une grandeur démesurée, titan
titánico	Titanesque
tiza	Craie
tizón	Tison
tiña	Teigne; Dermatophytose; Misère
tlacuache	Opossum de Virginie, sarigue d’Amérique du Nord (Didelphis virginiana Kerr, 1792)
tlatlaya	Tlatlaya
tlaxcala	Tlaxcala
tlcan	ALENA, Accord de libre-échange nord-américain
tls	TLS
tláloc	Tlaloc
tma	TMA
tnf	TNF
tnt	TNT, trinitrotoluène, tolite
toa	Remorquer
toalla	Serviette
toba	Tuf; Tartre des dents
tobago	Tobago
tobillera	Chevillère (bandage généralement élastique pour maintenir la cheville); Socquette, soquette, chaussette courte
tobillo	Cheville
tobogán	Toboggan
toboso	Tufeux
toc	TOC
tocadiscos	Tourne-disque
tocador	Qualifie ceux qui jouent d’un instrument de musique; Coiffeuse; Diapason, clé pour accorder un instrument de musique
tocar	Toucher; Jouer d’un instrument de musique; Toucher, concerner; Retoucher, reprendre, améliorer; Toucher, inspirer
tocata	Toccata
tocayo	Homonyme
tocino	Lard; Graisse animale
toco	Toucher; Jouer d’un instrument de musique; Toucher, concerner; Retoucher, reprendre, améliorer; Toucher, inspirer
tocón	Souche; Moignon
todavía	Encore
todo	Entier, total, tout; Tout
todopoderoso	Tout-puissant
todoterreno	Tout-terrain; Tout-terrain
tofu	Tofu
toga	Toge
togo	Togo (pays africain)
tojo	Ajonc
tokio	Tokyo (ville du Japon)
tokyo	Tokyo (ville du Japon)
toldo	Auvent; Taud
toledano	Tolédan
toledo	Tolède
tolerable	Tolérable
tolerado	Tolérer
tolerancia	Tolérance
tolerante	Tolérant
tolerar	Tolérer
tolosa	Toulouse
toluca	Toluca (ville); Toluca (municipe)
tolva	Tolva; Trémie
tolón	Toulon (ville française)
tomar	Prendre, saisir; Prendre, manger, boire; Prendre un moyen de transport; Prendre, acquérir; Saisir par l’entendement; Prendre, acheter; Prendre, conquérir par les armes
tomate	Tomate; Plant de tomate; Fruit ou plant de la tomatille (Physalis ixocarpa)
tombo	Policier, officier de police
tomillo	Thym (herbe aromatique)
tomografía	Tomographie
tonada	Chanson, mélodie simple et folklorique
tondo	Tondo
tonel	Tonneau
tonelada	Tonne
tonelaje	Tonnage
tonga	Tonga (îles du Pacifique); Tonga (pays du Pacifique)
tongo	Coup monté
tonificar	Tonifier
tono	Ton, qualité d’une voix; Ton, unité de valeur de l’intervalle entre deux notes consécutives; Ton, niveau de luminosité d’une couleur
tontamente	Bêtement
tontear	Déconner
tontería	Bêtise; Chose sans importance
tonto	Idiot, sot, stupide, bête; Idiot, sot
topacio	Topaze
topadora	Bulldozer
topar	Se heurter; Rencontrer, tomber sur quelqu’un par hasard; Trouver, rencontrer ce ou celui que l’on cherchait; Cosser, se doguer (pour des ovins); Buter, sur un problème, un obstacle; Consister, résider (pour une difficulté); Accepter une invite dans un jeu; mettre à couple deux bateaux
tope	Dos d’âne
topo	Taupe; Taupe, espion
topografía	Topographie
topográfico	Topographique
topología	Topologie
toponimia	Toponymie
topógrafo	Topographe
topónimo	Toponyme
toque	Toucher; Jouer d’un instrument de musique; Toucher, concerner; Retoucher, reprendre, améliorer; Toucher, inspirer
torbellino	Tourbillon; Personne vive et qui ne tient pas en place
torcedura	Entorse
torcer	Tordre; Courber, fléchir, ployer
torcida	Courbé, fléchi, ployé, tordu
torcido	Courbé, fléchi, ployé, tordu
tordo	Grive
torear	Toréer
toreo	Tauromachie
torero	Toréro
torio	Thorium
torito	Cocktail à base d’alcool de canne, de lait et de cacahouètes, typique de l’État de Veracruz
tormenta	tourmente, tempête violente
tormento	Tourment; Supplice, torture
tormentoso	Orageux
tormes	Affluent du Douro
tornado	Tornade, tornado
tornar	Rendre; Retourner
tornasol	Teinture de tournesol
torneado	Tourner, façonner au tour; Tournoyer
torneo	Tournoi; Tournoi équestre
tornero	Tourneur
tornillo	Vis
torno	Tour de potier; Tour mécanique; Tourniquet; Fraise dentaire
toro	Taureau; Homme fort comme un taureau; Chariot élévateur; Toro
toronja	Pamplemousse
toronto	Toronto (ville du Canada)
torpe	Maladroit; Lourdaud; Hideux, repoussant, laid
torpedear	Torpiller
torpedero	Qui torpille; Torpilleur
torpedo	Torpille; Torpille, mine; Aide-mémoire, antisèche
torpemente	Maladroitement
torpeza	Maladresse
torquemada	Torquemada
torralba	Torralba
torre	Tour, construction élevée; Tour, machine de guerre; Tour, pièce du jeu d’échecs; Tour, appareil vertical; Tour, boîtier d’ordinateur
torrecilla	Section de Lorca
torrejón	Tourelle, tourette
torrente	Torrent
torres	Nom de famille
torreón	Donjon
torrijos	Nom de famille; Torrijos (commune d’Espagne); Torrijos (commune des Philippines)
torsión	Torsion
torso	Torse
torta	Tourte, gâteau, toute préparation culinaire dont le principal ingrédient est une pâte à base de farine
tortilla	Omelette; Tortilla, galette de farine de maïs
tortita	Pancake
tortosa	Tortosa
tortuga	Tortue
tortuoso	Tortueux
tortura	Supplice; Torture; Tourment
torturador	Tortionnaire
torturar	Torturer; Tourmenter
torácico	Thoracique
tos	Toux
tosca	Toscan, simple; Grossier, frustre
toscana	Toscane, région italienne
toscano	Toscan, relatif à Toscane; Toscan, habitant de Toscane
tosco	Toscan, simple; Grossier, frustre
toser	Tousser
tostada	Tartine de pain grillé, toast; Tort, dommage causé à quelqu’un
tostado	Grillé; Marron, couleur du pain grillé
tostador	Grille-pain
tostadora	Grille-pain
tostar	Griller, rôtir
tostón	Plat à base de morceaux de banane plantain verte aplatis et frits
total	Total
totalidad	Totalité
totalitario	Totalitaire
totalitarismo	Totalitarisme
totalmente	Totalement
totora	Nom vernaculaire de différents joncs
tour	Tournée
toxicidad	Toxicité, capacité d’une substance à provoquer un effet néfaste voire mortel pour un être humain, une bactérie ou une plante
toxico	Toxique
toxicología	Toxicologie
toxicológico	Toxicologique
toxina	Toxine
traba	Poutre, travée; Obstacle
trabado	Entraver
trabajador	Ouvrier, travailleur; Laborieux, travailleur
trabajar	Travailler, bosser
trabajo	Travail
trabajoso	Laborieux
trabalenguas	Virelangue
trabar	Entraver
trabuco	Trébuchet; Tromblon
traca	Grande explosion de pétards, de feux d’artifice; Préparation pyrotechnique consistant en une suite de pétards, fusées, etc. reliés par une mèche, préparés pour exploser successivement de façon plus ou moins coordonnée
tracción	Traction; (Médecine) Traction
tracto	Durée, tractus
tractor	Tracteur, qui tire; Tracteur
tradicional	Traditionnel
tradicionalismo	Traditionalisme
tradicionalista	Traditionaliste
tradicionalmente	Traditionnellement
tradición	Tradition
traducción	Traduction
traducir	Traduire
traductor	Traducteur, celui dont le métier est de traduire des textes; Traducteur, outil de traduction automatique
traer	Apporter
traficante	Trafiquant
traficar	Trafiquer
traga	Avaler; Boire, absorber un liquide, en parlant de la terre qui boit l’eau; Manger goulument, bouffer; Absorber, consommer, utiliser; Être absorbé dans son travail, bachoter; Supporter, endurer
tragaluz	Claire-voie, puits de lumière
tragamonedas	Machine à sous
tragaperras	Machine à sous
tragar	Avaler; Boire, absorber un liquide, en parlant de la terre qui boit l’eau; Manger goulument, bouffer; Absorber, consommer, utiliser; Être absorbé dans son travail, bachoter; Supporter, endurer
tragedia	Tragédie
tragicomedia	Tragi-comédie
trago	Avaler; Boire, absorber un liquide, en parlant de la terre qui boit l’eau; Manger goulument, bouffer; Absorber, consommer, utiliser; Être absorbé dans son travail, bachoter; Supporter, endurer
tragón	Ripailleur
traicionar	Trahir
traicionero	Traître
traición	Trahison
traidor	Traître
traje	Costume d’homme, tailleur de dame; Robe
trajín	Remue-ménage, agitation
trama	Tramer
tramado	Tramer
tramar	Tramer
tramitación	Procédure de traitement, ensemble de démarche
tramitar	Faire des démarches administratives
tramo	Tramer
tramoya	Cintre
trampa	Piège, tricherie
trampolín	Tremplin
tramposo	Trompeur
tranca	Barre de bois
trancar	Barrer
trance	Transe
tranco	Barrer
tranque	Barrer
tranquilamente	Tranquillement
tranquilidad	Tranquillité
tranquilizador	Tranquillisant
tranquilizante	Tranquillisant
tranquilizar	Tranquilliser
tranquilo	Tranquille, serein
trans	Trans
transaccional	Transactionnel
transacción	Transaction
transar	Transacter
transatlántico	Transatlantique
transbordador	Bac
transbordo	Transbordement
transcontinental	Transcontinental
transcribir	Transcrire
transcripción	Transcription
transcurrir	Passer
transductor	Transducteur
transexualidad	Transsexualité
transeúnte	Passant, résident temporaire, passager
transferencia	Transfert
transferir	Transférer; Reporter, transporter
transfobia	Transphobie
transformacion	Transformation
transformación	Transformation, action de transformer; Transformation
transformador	Transformateur (électrique)
transformar	Transformer
transfronterizo	Transfrontalier
transfusión	Transfusion
transgredir	Transgresser
transgresión	Transgression
transgresor	Qui transgresse
transgénero	Transgenre
transición	Transition
transigir	Transiger, céder, reculer, abdiquer, , abandonner
transilvania	Transylvanie
transistor	Transistor
transitado	Transiter
transitar	Transiter
transitivo	Transitif
transitoriamente	Transitoirement
transitorio	D’une durée limitée, temporaire ou transitoire; Qui a une existence éphémère; Qui alterne, varie ou oscille dans un court laps de temps entre deux régimes stationnaires consécutifs
transliteración	Translittération
translúcido	Translucide
transmisión	Transmission
transmisor	Transmetteur
transmitir	Transmettre
transmutación	Transmutation
transnacional	Transnational; Transnational
transnistria	Transnistrie
transparencia	Transparence
transparente	Transparent
transpirar	Transpirer, suer
transportable	Transportable
transportación	Transport
transportador	Rapporteur; Rapporteur
transportar	Reporter, transporter
transporte	Transport
transportista	Transporteuse
transposición	Transposition
transversal	Transversal
transverso	Transversal
tranvía	Tramway
trap	Trapp
trapecio	Trapèze, trapezum
trapecista	Trapéziste
trapero	Biffin
trapo	Chiffon; Torchon, essuie; Chiffe molle, homosexuel; Drapeau, fanion
traqueal	Trachéal
traqueotomía	Trachéotomie
traqueteo	À-coup
tras	Après; Au-delà de; Suite à
trasbordo	Transbordement
trascendencia	Importance; Transcendance
trascendental	Transcendantal
trascendente	Transcendant
trasero	Postérieur, de derrière; Postérieur, derrière, fesses
trasfondo	Arrière-fond, arrière-plan
trashumancia	Transhumance
traslación	Translation; Traduction
trasladar	Déplacer, transporter, transférer, reporter
traslado	Transfer
traslucir	Luire, transparaître
traslúcido	Translucide
trasnacional	Transnational
trasnochada	Rester éveillé toute la nuit
trasnochado	Rester éveillé toute la nuit
trasnochar	Rester éveillé toute la nuit
traspasar	Enferrer
traspié	À-coup, faux pas
trasplantar	Transplanter
trasplante	Greffe, implant
traste	Frette
trastero	Cagibi
trastienda	Arrière-boutique
trasto	Meuble ou objet quelconque
trastornado	Retourner, mettre la tête en bas, inverser; Bouleverser, perturber, inquiéter
trastornar	Retourner, mettre la tête en bas, inverser; Bouleverser, perturber, inquiéter
trastorno	Altération, modification; Trouble, désordre (mental)
tratado	Traité
tratamiento	Traitement
tratar	Traiter; Essayer; Soigner; s'agir
trato	Traitement; Traité; Marché
trauma	Traumatisme, trauma
traumatismo	Traumatisme
traumatizado	Traumatiser
traumatología	Traumatologie
traumatólogo	Traumatologue; Traumatologue
traumático	Traumatique
travesaño	Traverse, poutre traversière; Barreau d’échelle; Barre transversale
travesti	Travesti
travestido	Travesti
travestismo	Travestissement
travesura	Bêtise, polissonnerie
travesía	Traversée
traviesa	Espiègle
travieso	Espiègle
través	Travers
trayecto	Trajet, course
trayectoria	Trajectoire
traza	Trace; Tracé
trazabilidad	Traçabilité
trazado	Tracer
trazar	Tracer
traído	Apporter
trece	Treize
trecho	Distance, trajet; Tronçon, portion de chemin
tregua	Trêve
treinta	Trente
trelew	Ville de la province de Chubut en Argentine
tremendamente	Terriblement
tremendo	Terrible
trementina	Térébenthine
tremor	Trémor
tren	Train
trento	Trente
trenza	Tresse
trenzado	Tresser
trepa	Gravir, grimper
trepado	Gravir, grimper
trepar	Gravir, grimper
tres	Trois
trescientos	Trois-cents
treta	Feinte
treviño	Chef-lieu du Comté de Treviño
triaca	Thériaque
triaje	Triage médical
triangular	Triangulaire
triatleta	Triathlète
triatlón	triathlon
tribal	Tribal
tribalismo	Tribalisme
tribu	Tribu
tribulación	Tribulation
tribuna	Tribune
tribunal	Tribunal
tribuno	Tribun
tributario	Tributaire; Fiscal; Affluent; Contribuable
tributo	Taxe, impôt
triciclo	Tricycle
tricolor	Tricolore
tridente	Trident
tridimensional	Tridimensionnel
triduo	Triduum
trieste	Trieste
trifulca	chamaillerie
trifásico	triphasé
trigal	Champ de blé
trigo	Froment, blé; Grain de blé; Blé, argent; Orpin blanc
trigonometría	Trigonométrie
trigésimo	Trentième
trilateral	Trilatéral
trilingüe	Trilingue
trilla	Batteuse; Battage du blé
trillado	Battre le blé
trillo	Planche à dépiquer
trilogía	Trilogie
trimestralmente	Trimestriellement
trimestre	Trimestre
trincar	Briser, réduire en miettes
trinchera	Fossé, tranchée; Lesbienne, à Porto-Rico; Capote militaire
trineo	Luge, toboggan, traîneau
trinidad	Trinité; L'île antillaise de Trinité, appelée ainsi parce qu'elle fut découverte ce jour
trinitario	Trinitaire; Trinitario
trinitense	Trinidadien; Trinidadien
trino	Trille, couinement
trinquete	Trinquet; Cliquet
tripa	Intestin
tripartito	Tripartite
triple	Triple
triplete	Triplé
triplicar	Tripler
tripulación	Équipage, personnel de bord
tripulado	Armer un navire, en fournir l’équipage
tripulante	Membre d’équipage
triste	Triste
tristemente	Tristement
tristeza	Tristesse
tritio	Tritium
triturar	Triturer, broyer
tritón	Triton
triunfal	Triomphal
triunfalismo	Triomphalisme
triunfalista	Triomphaliste
triunfar	Triompher
triunfo	Triomphe; Atout
trivial	Trivial
trivialidad	Poncif
triángulo	Triangle
triásico	Trias
troca	(Puerto-Rico) Camionnette
trocito	Tchichou
trofeo	Trophée
troglodita	Troglodyte
trol	Troll
trolear	Troller
trolebús	Trolleybus
troleo	Trollage
trolo	Homosexuel
tromba	Trombe
trombosis	Thrombose
trombón	Trombone
trompa	Trompe
trompada	Coup de poing
trompeta	Trompette
trompo	Toupie
tronar	Tonner
tronco	Tronc
tronera	Meurtrière
trono	Trône
tropa	Troupe
tropezar	Trébucher, broncher; Rentrer dans, percuter
tropezón	Faux pas; Faux pas
tropical	Tropical
tropiezo	Ce qui fait trébucher; Obstacle, empêchement; Bourde
tropo	Trope
troquel	Coin pour battre la monnaie
trotamundos	Globe-trotter, baroudeur
trotar	Trotter
trote	Trotter
trotskismo	Trotskisme
trotskista	Trotskiste; Trotskiste
trova	Vers; Composition poétique; En particulier, chanson de troubadour
trovador	Troubadour; Colibri
troya	Troie
troyano	Troyen, de la ville antique de Troie; Cheval de Troie
trozo	Morceau, fragment, partie
tru	Groin
trucha	Truite
trucho	Faux, frauduleux, mal imité ou de mauvaise qualité
truco	Astuce, un tour de main, un procédé ingénieux; Jeu de carte espagnol
truculento	Truculent
trueno	Tonnerre
trueque	troc
trufa	Truffe
truhán	Drôle
trujillo	Trujillo, en Espagne; Nom de famille; Trujillo, au Venezuela; État de Trujillo, au Venezuela; Trujillo, au Pérou; Trujillo, en Colombie
trullo	Prison
truncar	Tronquer, couper
trunco	Tronquer, couper
tráfico	Trafic (commerce); Circulation (de véhicules)
trágico	Tragique
tráiler	Bande-annonce
trámite	Démarche, formalité
tránsito	Transit
tráquea	Trachée
trébol	Trèfle; Trèfle, tiercefeuille; Échangeur en trèfle, trèfle
tréboles	Trèfle; Trèfle, tiercefeuille; Échangeur en trèfle, trèfle
tríada	Triade
trío	Trio; Plan à trois
trípode	Trépied
trípoli	Tripoli (capitale de la Libye)
tríptico	Triptyque
trópico	Tropique, relatif aux tropes; Tropique
tsunami	Tsunami
tu	Ton, ta
tuareg	Touareg; Touareg
tuba	Vin de palme, tuba
tuberculosis	Tuberculose
tubería	Tuyauterie
tubo	Tuyau, tube
tubérculo	Tubercule
tuca	Mégot de joint
tucán	Toucan
tudela	Tudèle
tuerca	Écrou
tuerto	Dont les yeux sont tordus, qui louche; Borgne; Tort
tuesta	Griller, rôtir
tufo	Puanteur; Mauvaise haleine; Touffe
tugurio	Galetas
tuit	Tweet
tuitear	Tweeter
tuiteo	Tweeter
tuitero	Twitteur
tul	Tulle
tula	Tula, au Mexique
tule	Schoenoplectus acutus, laîche nord-américaine; Thulé
tulio	Thulium (l’élément chimique Tm)
tulipán	Tulipe; Rose de Chine
tullido	Paralysé
tumba	Tombe, tombeau; Tombée, chute; Tumba, percussion; Tombeau, sépulture; Danse andalouse
tumbado	Tomber, faire tomber
tumbar	Tomber, faire tomber
tumbo	Tomber, faire tomber
tumor	Tumeur
tumoral	Tumoral
tumulto	Tumulte
tumultuoso	Tumultueux
tuna	Groupe de musique étudiant itinérant, dont la tradition remonte à la Renaissance
tunda	Raclée, avoinée
tundra	Toundra
tunecino	Tunisien; Tunisien
tungsteno	Tungstène (l’élément chimique W)
tupamaro	Tupamaro
tupido	Dense, serré, compact; Épais, lent, en parlant d’un esprit
tupé	Toupet
tupí	Combler, rendre dense; S’empiffrer
turba	Tourbe; Foule, tourbe
turbación	Trouble, embarras, perturbation
turbante	Turban
turbina	Turbine
turbio	Trouble; À l'honnêteté douteuse
turbo	Troubler
turbulencia	Turbulence
turbulento	Turbulent
turco	Turc, relatif aux Turcs, à leur langue; Turc; Turc, langue parlée par les Turcs; Syro-libanais
turia	Fleuve de l’est de péninsule Ibérique se jetant dans la Méditerranée
turismo	Tourisme
turista	Touriste; Touriste
turkmenistán	Turkménistan
turno	Tour
turolense	De Teruel; Habitant de Teruel
turquesa	Turquoise
turquía	Turquie
turrón	Touron; Toutes sortes de confiserie vendue en plaque épaisse
turín	Turin (ville italienne)
turón	Putois, martre
tut	Turritelle
tutela	Tutelle
tuteo	Tutoyer
tutor	Tuteur
tutorial	Didacticiel; Tutoriel
tutú	Tutu
tuvalu	Tuvalu (pays du Pacifique)
tuya	Thuya
tuyo	Tien, dans "le tien"; Tien
tuétano	Moelle osseuse; Moelle des plantes
tweed	Tweed
twink	Twink
twist	Twist
twittear	Tweeter
tácitamente	Tacitement
tácito	Tacite
tácticamente	Tactiquement
táctico	Tactique
táctil	Tactile
tálamo	Thalamus
támesis	Tamise
tándem	Tandem
tántalo	Tantale (l’élément chimique Ta)
tártaro	Tartare, relatif aux Tartares, à la Tartarie; Relatif au tatar; Tartare, habitant de la Tartarie; Tatar, langue altaïque parlée en Europe de l'Est et en Asie centrale; Enfer; Tartre (dépôt des cuves de fermentation du vins); Tartre (des dents); Ricin (Ricinus communis)
té	Thé (arbre, feuille, infusion); Tisane, infusion
técnica	Technique (façon de faire quelque chose)
técnico	Technique; Technicien
télex	Télex
témpano	Sorte de tambour; Iceberg
térmico	Thermique
término	Terme; Fin
tétanos	Tétanos
tía	Tante, sœur du père ou de la mère d'une personne; Cousine du père ou de la mère d'une personne; À certains endroits, se dit d'une femme mariée ou d'un certain âge. S'utilise avant un nom propre ou un surnom; Quelqu'un, fille, manière d'appeler une femme dont le nom n'est pas connu; (Aragon et Castille) Belle-mère; Manière d'appeler affectueuse qui se donnait autrefois aux vieilles nègres; Prostituée
tíbet	Tibet
tímido	Timide
tímpano	Tympan
tío	Oncle, frère du père ou de la mère d'une personne; Cousin du père ou de la mère d'une personne; À certains endroits, se dit d'un homme marié ou d'un certain âge. S'utilise avant un nom propre ou un surnom; Quelqu'un, mec, manière d'appeler un homme dont le nom n'est pas connu; Beau-père; Manière d'appeler affectueuse qui se donnait autrefois aux vieux nègres
típicamente	Typiquement
típico	Typique
títere	Marionnette
título	Intitulé, titre
tómbola	Tombola; Lieu où se déroule une tombola
tóner	Toner
tónica	Tonique
tónico	Tonique
tópico	Sujet, thème, matière
tórax	Thorax
tórrido	Torride
tórtola	Tourterelle
tótem	Totem (ancêtre tutélaire); Totem (représentation)
tóxico	Toxique
tú	Pronom personnel sujet de la deuxième personne du singulier
túmulo	Tumulus
túnel	Tunnel
túnez	Tunis; Tunisie
túnica	Tunique
u	Ou
ua	Ua
uagadugú	Ouagadougou (capitale du Burkina Faso)
ubaldo	Ubald
ubeda	Nom de famille
ubicación	Endroit, lieu
ubicar	Situer en parlant d’un lieu géographique
ubicuidad	Ubiquité
ubicuo	Ubiquiste
ubre	Pis
uceda	Uceda
ucrania	Ukraine (pays d'Europe)
ucraniano	Ukrainien; Ukrainien, langue parlée en Ukraine
uf	Ouf, pouah
uganda	Ouganda
ugandés	Ougandais
uigur	Ouïghour; Ouïghour
ujier	Huissier, appariteur
ukelele	Ukulélé
ulises	Ulysse
ulm	Ulm
ulterior	Ultérieur
ultimado	Conclure; Terminer, achever
ultimar	Conclure; Terminer, achever
ultimo	Conclure; Terminer, achever
ultimátum	Ultimatum
ultra	extrémiste
ultraconservador	Ultraconservateur
ultraderecha	Ultradroite, extrême droite
ultraderechista	De l’extrême droite
ultrajar	Outrager; Violer (sexuellement)
ultraje	Outrage
ultramar	Outre-mer
ultrasonido	Ultrason
ultratumba	Au-delà, outre-tombe
ultravioleta	Ultraviolet
uma	UMA
umbilical	Ombilical
umbral	Seuil
umbría	Terrain ombré; Ubac, pente à l’ombre d’une montagne; Ombrie
un	Un (article indéfini, forme du masculin singulier). Équivalent de uno mais uniquement devant les noms communs masculins ou les noms communs féminins commençant par a ou ha accentué; Un
unamuno	Nom de famille
unanimidad	Unanimité
undécimo	Onzième; Onzième (numéro 11 ou 1/11)
ungido	Oint
ungüento	Onguent
uni	Univ
unicameral	Unicaméral
unicef	UNICEF
unicelular	Unicellulaire
unicidad	Unicité
unicornio	Licorne
unidad	Unité
unido	Uni
unifamiliar	Unifamilial
unificación	Unification
unificado	Unir, accoupler
unificar	Unir, accoupler
uniformado	Agent de police
uniforme	Uniforme; Identique
uniformidad	Uniformité
uninominal	Uninominal
unipersonal	Unipersonnel
unir	Unir, accoupler; Joindre, accoupler
unisex	Unisex
unitario	Unitaire; Unitaire
universal	Universel
universalidad	Universalité
universalismo	Universalisme
universalizar	Universaliser
universalmente	Universellement
universidad	Université
universo	Univers
unión	Union
uno	Un (article indéfini, forme du masculin singulier); Un, l’un; Un
untar	Enduire, tartiner, oindre
unto	Enduire, tartiner, oindre
unx	Un(e); Un·e, unx
unzué	Unzué
unánime	Unanime
unánimemente	Unanimement
upc	UPC
upn	UPN
ups	Oups
ural	Oural (fleuve)
uranio	Uranium (l’élément chimique U)
urbanidad	Urbanité
urbanismo	Urbanisme
urbanista	Urbaniste
urbanización	Urbanisation
urbanizar	Urbaniser
urbano	Urbain
urbanístico	Urbanistique
urbe	grande ville, métropole
urca	Hourque
urdimbre	Chaîne; Machination
urdir	Tramer
urdu	Ourdou
urgencia	Urgence
urgente	Urgent, pressant
urgir	Presser
uri	Uri, canton suisse
uribismo	Uribisme
urinario	Urinaire; Urinoir
urna	Urne
uro	Aurochs
urogallo	Grand tétras
urología	Urologie
urraca	Pie; Terme désignant diverses espèces de l'ordre des passériformes; Prénom féminin espagnol
urss	URSS
urticaria	Urticaire
uruguay	Uruguay, pays américain
uruguayo	Uruguayen
usabilidad	Convivialité
usable	Utilisable
usanza	Usance
usar	Utiliser
usb	USB
ushuaia	Ushuaïa, capitale de la Terre de Feu
uso	Emploi, utilisation
usted	Vous
ustedes	Vous
usual	Habituel
usualmente	Habituellement
usuario	Utilisateur
usufructo	Usufruit
usufructuario	Usufructuaire; Usufructuaire
usura	Usure
usurero	Usurier/usurière; Usurier/usurière
usurpador	Usurpateur
usurpar	Usurper
uta	Euphémisme de ¡puta!
utensilio	Outil, ustensile, objet ou dispositif , généralement artificiel , qui est utilisé pour faciliter ou permettre un travail élargissant les capacités naturelles du corps humain
uterino	Utérin
utilidad	Utilité
utilitarismo	Utilitarisme
utilizable	Utilisable; Apte à, convenable, propice
utilización	Utilisation, action d’utiliser
utilizar	Utiliser
utillaje	Outillage
utopía	Utopie (pays imaginaire); Utopie
utrecht	Utrecht, ville des Pays-Bas; Utrecht, province des Pays-Bas
utópico	Utopique
uva	Raisin, fruit de la vigne
uy	Aïe, Ouille
uzbekistán	Ouzbékistan (pays d'Asie)
uzbeko	Ouzbek
uña	Ongle
vaca	Vache
vacación	Vacance
vacante	Vacant, pas occupé
vaciar	Vider
vacilación	Vacillement, vacillation, oscillation; Hésitation, ambivalence, doute, flottement, tergiversation; Aléa, vicissitude, suite de hasards de la vie
vacilar	Vaciller; Hésiter; Chanceler; Plaisanter; Taquiner
vacile	Vaciller; Hésiter; Chanceler; Plaisanter; Taquiner
vacuidad	Vacuité
vacuna	Vaccin; Dîme, racket
vacunación	Vaccination
vacunar	Vacciner
vacuno	Bovin, de vache
vacío	vide; Vide
vadear	Patauger
vadillo	Vadillo
vado	Gué, passage à gué; Dans une rue, emplacement aménagé pour le passage de véhicules et où il est interdit de stationner
vagabundo	Vagabond
vagamente	Vaguement
vagancia	Vagabondage
vagar	Errer, flâner
vagina	Vagin
vaginal	Vaginal
vago	Vague, fainéant
vagoneta	Wagonnet, vagonet, vagonnet
vaguada	Talweg; Dépression
vagón	Wagon
vaho	Buée
vaina	Fourreau d'un couteau ou d'une arme blanche; Cosse; Gousse; Gaine; Machin, truc; Douille
vainilla	Vanille, vanillier; Gousse de vanille; Vanille (héliotrope du Pérou); Haricot vert
vaivén	Va-et-vient
vajilla	Vaisselle
val	Val, vallée
valedor	Complice, ami, compagnon; Protecteur, défenseur, personne qui peut fournir son soutien
valencia	Valence
valencianista	Valencianiste
valenciano	Nom de famille; Valencien
valentina	Valentine
valentía	Vaillance, valeur, courage
valentín	Valentin
valer	Valoir
valeriana	Valériane
valeriano	Valérien
valero	Valère; Nom de famille; Valero
valeroso	Valeureux, vaillant, courageux, brave
validación	Validation
validar	Valider; Confirmer
validez	Validité
valido	Valider; Confirmer
valiente	Vaillant, valeureux, courageux, brave
valientemente	Vaillamment
valija	Valise
valioso	Valable
valla	Clôture, mur, palissade de clôture ou panneau; Haie, obstacle
vallado	Enclos
valladolid	Valladolid
valle	Val, vallée, vallon
vallehermoso	Vallehermoso
vallenato	Vallenato
vallisoletano	Vallisolétan; Vallisolétan, habitant de Valladolid
valmaseda	Balmaseda
valor	Valeur, courage
valoración	Évaluation, estimation, mise en valeur
valorar	Valoriser
valorizar	Valoriser
valpo	Valparaiso (ville du Chili)
vals	Valse
valuación	Estimation, évaluation
valverde	Valverde
valí	Wali
vampiresa	Vampiresse
vampiro	Vampire; Vampire (chauve-souris)
vanadio	Vanadium (l’élément chimique V)
vanagloria	Vaine gloire, gloriole
vancomicina	Vancomycine
vancouver	Vancouver
vandalismo	Vandalisme
vanesa	Prénom féminin espagnol, correspondant à Vanessa
vanguardia	Avant-garde
vanguardismo	Avant-gardisme
vanguardista	Pionnier, artiste avant-gardiste
vanidad	Vanité
vanidoso	Vaniteux
vano	Vain, inutile; Vain, suffisant
vanuatu	Vanuatu (pays du Pacifique)
vapear	Vapoter
vapor	Vapeur
vaporización	Vaporisation
vaporizador	Ajutage, gicleur
vaporizar	Vaporiser
vaquera	Vachère
vaquero	Vacher, bouvier; Jean, bluejean; En jean
vaquería	Vacherie
vaquilla	Génisse
vara	Bâton, pieu; Vara, verge, yard, antique mesure de longueur de trois coudées; Pique, perche pour maitriser le taureau dans l'arène; Verge ou rameau fleuri de certaines plantes; Corne, andouiller du cerf
varada	Attinage
varapalo	Soufflet
varga	Pente d'une côte, colline; Cabane; Congre
vargas	Vargas
vari	Busard bariolé
variabilidad	Variabilité
variable	Variable
variación	Variation
variante	Variante; Variante
varianza	Variance
variar	Varier
varicela	Varicelle
variedad	Variété, état de ce qui est varié; Variété
varietal	Mono-cépage; Mono-cépage
varilla	Tige, baguette, barre
variopinto	Bigarré
varios	Plusieurs, multiples; Divers, différent, variable
varo	Thune
varona	Hommesse
varonil	Viril
varsovia	Varsovie (capitale de la Pologne)
varón	Mâle (en opposition à hembra); Homme, mâle humain adulte; Homme viril, imposant
vasallo	Vassal
vasco	Basque; Basque (personne); Basque, langue basque
vasectomía	Vasectomie
vaselina	Vaseline
vasija	Jarre, amphore
vaso	Verre (récipient); Vase; Vaisseau
vastedad	Vastitude
vasto	Vaste, spacieux
vaticano	Vatican (État)
vaticinio	Prédiction
vecindad	Voisinage (groupe de personnes habitant proche les unes des autres); Résidence (dans une subdivision administrative telle que municipalité ou région); Groupement d’habitations populaires ayant des dépendances communes; Voisinage, proximité; Voisinage
vecindario	Voisinage
vecino	Voisin; Résident, habitant (d'une division administrative telle que municipalité ou région)
vector	Vecteur
vectorial	Vectoriel
veda	Interdire
vedado	Interdit, défendu
vedia	Bedia
vega	Plaine fertile; Nom de famille; Véga, étoile de la constellation de Lyre
veganismo	Véganisme
vegano	Relatif à La Vega; Végan; Habitant de La Vega
vegetación	Végétation
vegetal	Végétal, plante; Légume; Végétal
vegetarianismo	Végétarisme, végétarianisme
vegetariano	Végétarien; Végétarien
vehemencia	Véhémence
vehemente	Véhément
vehicular	Véhiculer; Véhiculaire
vehículo	Véhicule
veinte	Vingt
veintena	Vingtaine
veintes	Vingt
veinticinco	Vingt-cinq
veinticuatro	Vingt-quatre
veintidós	Vingt-deux
veintinueve	Vingt-neuf
veintiocho	Vingt-huit
veintisiete	Vingt-sept
veintiséis	Vingt-six
veintitrés	Vingt-trois
veintiuno	Vingt et un
vejación	Vexation
vejar	Vexer, humilier
vejestorio	Baderne
vejez	Vieillesse
vejiga	Vessie
vela	Veille, action de veiller; Voile d’un navire; Bougie; Voile; Bateau à voile
velada	Veillée; Soirée
velar	Voiler; Veiller; Garder, protéger; Vélaire
velasco	Nom de famille
velatorio	Veillée mortuaire
velcro	Velcro
velero	Voilier
veleta	Girouette; Girouette, personne qui change d’opinion
velilla	Velilla
vello	Duvet, poil qui sort plus doux et plus court que les cheveux ou les poils de la barbe, sur certaines parties du corps; Duvet dont sont couverts certains fruits ou plantes
velloso	Velu, poilu
velludo	Duveteux, velu (de poils fins); Tissus de type peluche, velours, éponge
vellón	Toison, ensemble des poils qui couvre un ovin; Billon; Toison, peau d'un ovin avec sa laine; Touffe, mèche de laine
velo	Voile; Voile du palais
velocidad	Vitesse, allure
velocista	Sprinteur
velocímetro	Compteur de vitesse
velorio	Veillée, réunion festive se déroulant le soir et une partie de la nuit; Prise de voile; Veillée mortuaire
veloz	Prompt, rapide
velozmente	Rapidement
velásquez	Nom de famille
velázquez	Nom de famille espagnol
vena	Veine
venado	Fou; Cerf; Gros gibier
venal	Vénal (qui s’achète aisément); Vénal (relatif aux veines)
vencedor	Vainqueur
vencer	Vaincre, faire qu'un ennemi se rende
venceremos	Vaincre, faire qu'un ennemi se rende
vencida	Battu, défait, vaincu
vencimiento	Victoire, action de vaincre; Échéance d’une créance; Expiration
venda	Banda; Venda (ancien bantoustan d’Afrique du Sud)
vendaval	Tempête, ouragan, grand vent
vendedor	Vendeur
vender	Vendre
vendimia	Vendange
vendo	Vendre
venecia	Venise, ville du Nord de l’Italie
veneciano	Vénitien
veneno	Poison, venin
venenoso	Vénéneux; Venimeux
venerable	Vénérable
veneración	Vénération
venerando	Vénérer
venerar	Vénérer
venero	Vénérer
venezolano	Vénézuélien, relatif au Vénézuéla, qui en est originaire; Vénézuélien, habitant du Vénézuéla
venezuela	Venezuela
vengador	Vengeur
venganza	Vengeance
vengar	Venger
vengativo	Vindicatif
venida	Venue, action de venir; Sortie, action hâtive et incontrôlée
venidero	À venir, futur
venir	Venir
venta	Vente; Auberge; Nom de famille
ventaja	Avantage
ventajoso	Avantageux
ventana	Fenêtre; Narine
ventanilla	Fenêtre; Hublot; Guichet
ventilación	Ventilation
ventilador	Ventilateur
ventilar	Aérer, ventiler; Aérer, mettre à l’air, éventer
ventisca	Vent violent, bourrasque de vent, blizzard qui s'engouffre dans les passages étroits de montagne
ventosa	Ventouse
ventoso	Venteux; Ventôse
ventral	Ventral
ventricular	Ventriculaire
ventrículo	Ventricule
ventrílocuo	Ventriloque
venus	Vénus
venustiano	Vénustien
ver	Voir
vera	Orée, rive; Gaïac de Maracaibo, Bulnesia arborea; Frise; Vera; Nom de famille
veracidad	Véracité
veracruz	Veracruz, ville mexicaine; Veracruz, État mexicain
veranda	Véranda
veranear	Être en vacances d’été
veraneo	Être en vacances d’été
veraniego	Estival, d'été
verano	Été
veras	Vrai, réel, véritable
veraz	Véridique
verbal	Verbal
verbalmente	Verbalement
verbena	Verveine
verbigracia	Exemple, par example; Exemple, par example
verbo	Verbe
verborrea	Logorrhée
verdad	Vérité
verdaderamente	En fait, en vérité, vraiment, bien
verdadero	Vrai, réel, véritable
verde	Vert, en parlant de la couleur; Vert, en parlant du bois; Vert, en parlant d’un fruit; Vert
verdolaga	Pourpier; Légume
verdor	Verdeur
verdoso	Verdâtre
verdugo	Pousse d’un arbre, rejeton; Épée très fine; Tourment, supplice; Bourreau; Cagoule avec cache-nez, balaclava; Cassican; Nom de famille espagnol
verdulero	Primeur, marchand des quatre-saisons
verdura	Verdure, légume; Couleur verte, verdure; Obscénité
vereda	Sentier; Trottoir; Subdivision administrative d'une commune (municipio) rurale, hors du bourg
veredicto	Verdict
verga	Verge, bâton; Verge, pénis, bite, queue, pine, zob; Vergue; Badine, baguette; chose; Merde! Putain!
vergara	Bergara
vergas	Verge, bâton; Verge, pénis, bite, queue, pine, zob; Vergue; Badine, baguette; chose
vergonzoso	Honteux
vergüenza	Honte
verificación	Vérification
verificador	Vérificateur
verificar	Vérifier
verja	Grille
verme	Ver
vermut	Vermouth
vermú	Vermouth
vernáculo	Vernaculaire
vero	Vrai, réel, véritable; Vair
verona	Vérone (ville italienne)
verosimilitud	Vraisemblance
verosímil	Vraisemblable
verraco	Verrat; Porc, personne ignoble
verruga	Verrue; Personne dont on ne peut se débarrasser
versalles	Versailles
versificación	Versification
versión	Version
verso	Vers
versátil	Versatile
vertebración	Vertébration
vertebrado	Vertébré
vertebral	Vertébral
vertebrar	Vertébrer
verter	Verser; Renverser; Traduire; Exprimer, débiter
vertical	Vertical; Verticale
verticalidad	Verticalité
verticalmente	Debout
vertido	Verser; Renverser; Traduire; Exprimer, débiter
vertiente	Versant, chacune des pentes d’une chaîne de montagnes; Versant, aspect différent d’une chose
vertiginoso	Vertigineux, étonnant, impressionnant
verónica	Véronique; Véronique, passe de cape; Prénom féminin espagnol, équivalent à Véronique
vespertino	Vespéral, qui a rapport au soir; Office du soir; Journal du soir
vestido	Habillé, vêtu; Robe; Vêtement
vestigio	Vestige
vestimenta	Toilette, habillement
vestir	Habiller, revêtir, vêtir
vestuario	Costume
vestíbulo	Vestibule
vesícula	Vésicule
veta	Veine dans le bois, le marbre, etc; Veine, filon; Frange
vetar	mettre son veto à, opposer son véto à
veterano	Personne qui à de l'ancienneté et de l'expérience dans un emploi
veteranía	Séniorité
veterinaria	Vétérinaire
veterinario	Vétérinaire
veto	Véto
vez	Fois; Tour
viable	Viable
viacrucis	Chemin de croix
viaducto	Viaduc
viajante	Voyageant; Voyageur; VRP, voyageur représentant placier
viajar	Voyager
viaje	Voyage
viajero	Voyageur
vial	Routier, relatif aux routes et aux autres voies de circulation
vialidad	Service qui s’occupe du réseau routier, service des Ponts et Chaussées
vianda	Aliment, mets servi à table
viator	Viator
vibra	Vibrer
vibración	Vibration
vibrador	Vibrant; Vibrateur; Vibromasseur
vibrante	Vibrant, vibrante, roulée; Vibrant, vibrante, roulée
vibrar	Vibrer
vibrato	Vibrato
vicario	Vicaire; Vicariant, indirect
vicealmirante	Vice-amiral
vicente	Nom de famille; Prénom masculin, correspondant à Vincent
vicepresidencia	Vice-présidence
vicepresidente	Vice-président
vicesecretario	Vice-secrétaire
viceversa	Vice versa
vicia	Vicier
viciado	Vicié
viciar	Vicier
vicio	Vice
vicioso	Vicieux, vicelard
victimario	Meurtrier
victimismo	Victimisme
victimista	Victimiste
victimización	Victimisation
victimizar	Victimiser
victoria	Victoire
victoriano	Victorien
victorino	Victorin
victorioso	Victorieux
vicuña	Vigogne; Village de la province de Álava (Pays basque, Espagne)
vid	Vigne sauvage, par opposition à viña, la vigne cultivée
vida	Vie
vidal	Vital; Nom de famille
videncia	Voyance
vidente	Voyant (qui dispose du sens de la vue); Voyant, voyante, personne réputée capable de voir l’avenir, qui l’exerce comme métier
videoclip	Clip, clip vidéo, vidéoclip
videoconferencia	Conférence vidéo, visioconférence, vidéoconférence
videojuego	Jeu vidéo
videovigilancia	Vidéosurveillance
vidriado	Vitré, brillant, vernis; Vernis, aspect vitré appliqué à un objet
vidriera	Vitré
vidrio	Verre; Vitre
viejo	Vieux
viena	Vienne (capitale de l’Autriche)
vienesa	Viennoise
viento	Vent
vientre	Ventre
vienés	Viennois/Viennois
viernes	Vendredi
vietnam	Vietnam
vietnamita	Vietnamien (habitant); Vietnamien (langue); Vietnamien, en rapport avec le Vietnam
viga	Poutre, chevron, solive
vigencia	Fait d’être en vigueur; Actualité
vigente	En vigueur; Actuel
vigilancia	Vigilance
vigilante	Vigilant; Gardien, vigile
vigilar	Observer; Surveiller
vigilia	Veille
vigor	Vigueur
vigorosamente	Vigoureusement
vigoroso	Vigoureux
vigésimo	Vingtième
vih	VIH
vihuela	Vihuela
viking	Viking
vikingo	Viking
vil	Vil, méprisable, piètre, sans valeur
vileza	Infamie
villa	Ville, bourg; Villa
villafranca	Villafranca
villalba	Vilalba
villalobos	Villalobos; Nom de famille
villamayor	Villamayor
villancico	Chant de Noël
villano	Villageois; Vilain, rustre; Vilain, homme rustre
villanova	Villanova, commune espagnole
villanueva	Villeneuve, nom de localité que l’on retrouve dans différents toponymes hispaniques; Nom de famille
villar	Nom de plusieurs localités espagnoles; Nom de famille; Bourg, petite ville
villarejo	Villarejo
villarreal	Vila-real
villarrobledo	Villarrobledo
villena	Localité du Pays valencien située dans la province d’Alicante
villoria	Villoria
vilna	Vilnius (capitale de la Lituanie)
vinagre	Vinaigre
vinagreta	Vinaigrette
vincha	Serre-tête, bandeau
vinculación	Relation, lien, rapport
vinculante	Contraignant
vincular	Lier, vinculer
vino	Vin, boisson obtenue par fermentation alcoolique, à partir du jus de raisin; Jus provenant d’autres fruits ou plantes, dont la fermentation se fait de la même manière; Couleur de vin rouge, lie-de-vin
vinuesa	Vinuesa
viola	Violon; Alto; Violette; Altiste, personne qui joue de l’alto
violación	Violation; Viol, crime sexuel
violador	Violeur; Violateur
violar	Violer
violencia	Violence
violentamente	Violemment
violentar	Violenter
violento	Violent
violeta	Violette; Violet, violine; Prénom féminin espagnol, équivalent à Violette
violinista	Violoniste
violoncello	Violoncelle
violoncelo	Violoncelle; Violoncelliste
violonchelista	Violoncelliste
violonchelo	Violoncelle
violáceo	Violacé
violín	Violon
vip	VIP; Relatif aux VIP
vips	Relatif aux VIP
viraje	Virage, endroit où l’on tourne; Virage, revirement, tournant idéologique ou politique; Virage, opération de développement pour donner sa couleur et son intensité définitives à un cliché photographique
viral	Viral
viralidad	Viralité
virgen	Vierge; Vierge (signe astrologique); Statue, peinture, représentation de la Vierge
virgenes	Vierge; Vierge (signe astrologique); Statue, peinture, représentation de la Vierge
virgilio	Virgile; Virgile, poète romain
virginal	Virginal; Pure, innocent
virginidad	Virginité
virgo	Vierge (constellation et signe zodiacal)
viril	Viril
virología	Virologie
virreinato	Vice-royauté
virrey	Vice-roi
virtual	Virtuel
virtualidad	Virtualité
virtualización	Virtualisation
virtualmente	Virtuellement
virtud	Vertu
virtuoso	Vertueux; Virtuose
viruela	Variole
virulencia	Virulence
virulento	Virulent
virus	Virus
viruta	Copeau de bois comme ceux que le rabot détache
visa	Visa
visado	Visa
viscosidad	Viscosité
viscoso	Visqueux
visera	Visière
visibilidad	Visibilité
visibilización	Visibilisation
visibilizar	Visibiliser
visible	Visible
visiblemente	Visiblement
visigodo	Wisigoth, Wisigoth; Wisigoth, Wisigoth
visionado	Visionnage
visionario	Songe-creux, visionnaire; Visionnaire
visir	Vizir
visita	Visite
visitador	Visiteur
visitante	Visiteur
visitar	Visiter, rendre visite
visión	Vue, vision
vislumbrar	Apercevoir
vista	Vue; Panorama
vistazo	Coup d’œil
vistoso	Voyant, qui se voit; Agréable à la vue
visual	Visuel
visualización	Visualisation
visón	Vison
vita	Vita, en Espagne
vital	Vital
vitalicio	À vie; À vie
vitalidad	Vitalité
vitalista	Vitaliste
vitamina	Vitamine
viticultura	Culture de la vigne, viticulture
vitiligo	Achromie, vitiligo
vitivinícola	Vitivinicole
vito	Guy
vitoria	Vitoria
vitral	Vitrail
vitrina	Vitrine
vitícola	Viticole
viuda	Veuve
viudedad	Douaire
viudo	Veuf
vivac	Bivouac
vivacidad	Vivacité
vivamente	Vivement
vivar	Garenne, vivier; Applaudir
vivaz	Vivace
vivero	Vivier; Pépinière
vividor	Viveur
vivienda	Logement
viviente	Vivant
vivir	Vivre
vivo	Vif, vivant; Vif, intense; Vif, astucieux, intelligent
vizcacha	… Viscache
vizcaya	Biscaye
vizcaíno	Biscaïen
vizconde	Vicomte
viático	Viatique
viña	Vigne plantée, par opposition à vid, la vigne sauvage
viñedo	Vignoble
viñeta	Vignette, dessin ornemental; Case de bande dessinée
vió	Voir
vladivostok	Vladivostok (ville de Russie)
vm	Variole du singe (zoonose)
vocablo	Mot
vocabulario	Dictionnaire; Vocabulaire
vocación	Vocation
vocal	Vocal; Voyelle; Voix (contribution à un vote)
vocho	Coccinelle (automobile)
vociferar	Brailler, vociférer
vodevil	Vaudeville
vodka	Vodka
voladizo	Porte-à-faux
volado	Voler dans l'air
volador	Volant, qui vole
voladora	Volant, qui vole
volante	Volant; Volant du badminton
volar	Voler dans l'air
volcada	Renverser; Se renverser
volcar	Renverser; Se renverser
volcán	Volcan; Commune du département de Tumbaya, province de Jujuy en Argentine, crée en 1905 sur le parcours d'une nouvelle ligne de chemin de fer
volcánico	Volcanique
volea	Volée, pièce de bois transversale fixée soit à l’avant d’une voiture, soit à l’extrémité d’un timon pour y attacher les traits des chevaux de second rang
voleibol	Volley-ball
voleo	Volée, coup qui vole
volga	Volga
volquete	Camion benne
voltaje	Tension électrique
voltear	Tourner, renverser
voltereta	Galipette
voltio	Volt (V)
voluble	Volage, volubile
volume	Volume
volumen	Volume
voluminoso	Volumineux
voluntad	Volonté
voluntario	Volontaire
voluntarioso	Volontaire
voluntarismo	Volontarisme
voluptuosidad	Volupté
volver	Retourner, revenir; (volver a) Refaire
vomitar	Vomir, rendre gorge
vor	VOR
voracidad	Voracité
voraz	Vorace
vorágine	Tourbillon particulièrement impétueux, tel qu’on en trouve par exemple dans un torrent
vos	Tu, toi. Pronom de la deuxième personne singulier
voseo	Tutoiement, par opposition au vouvoiement; Utilisation de la forme de tutoiement vos au lieu de tú
vosotras	Vous : deuxième personne du pluriel
vosotros	Vous, deuxième personne du pluriel
votación	Vote, votation
votada	Voter; Élire
votante	Électeur, personne qui vote
votar	Voter; Élire
voto	Vœu; Vote; Vote, voix
voyeurismo	voyeurisme
voz	Voix
vudú	Vaudou
vuelco	Renverser; Se renverser
vuelo	Vol, mouvement dans l’air; Auvent, partie qui « survole » une entrée, un mur
vuelta	Tour; Retour; Courbe; Monnaie que l’on rend lors d’un paiement en liquide
vuestro	Vôtre; Votre
vulgar	Vulgaire
vulgaridad	Vulgarité
vulgata	Vulgate
vulgo	Le commun, les gens ordinaires, en parlant d’un domaine particulier, les non initiés, les ignares
vulnerabilidad	Vulnérabilité
vulnerable	Vulnérable
vulneración	Contravention vulnération
vulnerar	Blesser
vulva	Vulve
válido	Valide
válvula	Valvule
vándalo	Vandale
vástago	Pousse, rameau; Rejeton, enfant, descendant
váter	Toilettes
véneto	Vénétie (région italienne)
vértebra	Vertèbre
vértice	Sommet; Sinciput (sommet de la tête)
vértigo	Vertige; Perturbation du jugement soudaine et brève, sorte de folie
vía	Voie; Route; Via
víbora	Vipère
víctima	Victime
víctor	Victor
vídeo	Vidéo
vínculo	Lien
víspera	Veille, jour antérieur; Vêpres
vísperas	Veille, jour antérieur; Vêpres
vítreo	Vitré, vitreux
víveres	Ressource, comestible
vívido	Vivide.vívido \ˈbi.βi.ðo\
vóley	Volley-ball
vómito	Vomi; Vomissement
vórtice	Tourbillon, vortex, œil de cyclone
w	W
wacho	(par rapport à une histoire ou une affaire) Que l’on ne comprend pas; Gaufre de maïs; Jeu d’enfant consistant à accrocher des bâtonnets pointus dans le dos; Montre (généralement de poche); Cœur; Plat de riz avec viande, poulet et légumes à l’apparence d’une soupe épaisse; Mec, ami (nom que les jeunes se donnent entre eux)
waifu	Waifu
walkman	Walkman
wari	Wari
warrant	Warrant
wasabi	Wasabi
water	Cabinet
waterpolo	Waterpolo
watt	Watt
wc	W.-C., w.-c.
wea	Truc, bidule, connerie
weber	Weber
wellington	Wellington, capitale de la Nouvelle-Zélande
western	Western
westfalia	Westphalie
wey	Crétin, cave, con, personne stupide; Mec, type (homme); Stupide, crétin, con
weá	Chose
weón	Con, connard, ducon (individu stupide); Type, mec, gars (individu); De manière interpellative entre proches : mec
whisky	Whisky
wiki	Wiki
wikipedia	Wikipédia
winchester	Winchester
windhoek	Windhoek, capitale de la Namibie
windsor	Windsor, ville d’Angleterre
wok	Wok
wolframio	Tungstène (l’élément chimique W)
won	Won
wuhan	Wuhan
x	Abréviation de por
xe	Xe
xenofobia	Xénophobie
xenófobo	Xénophobe
xenón	Xénon (l’élément chimique Xe)
xhosa	Xhosa
ximénez	Nom de famille espagnol
xml	XML
xp	Synonyme de xerodèrmia pigmentada
xq	porque; por qué
y	Et
ya	Déjà; À présent; Désormais
yacaré	Caïman, jacara
yacente	Gisant
yacer	Gésir
yacimiento	Gisement
yago	Prénom masculin
yaguareté	Jaguar (Panthera onca)
yak	Yack, yak
yakutsk	Iakoutsk (ville de Russie)
yakuza	Yakusa
yalta	Yalta
yana	Manglier gris
yanet	prénom espagnol
yanguas	Yanguas
yanomami	Yanomami
yanqui	Yankee
yaque	Poisson d’eau douce siluriforme natif d’Amérique du Sud, de la famille des Pimelodidae et de nom scientifique Leiarius marmoratus
yara	Ville de Cuba
yarda	Verge (trois pieds de longueur)
yate	Yacht
yaya	Mémé
yayo	Pédé
ye	I grec
yedra	Lierre
yegua	Jument
yelmo	Heaume
yema	Bourgeon, bouton (de fleur); Jaune, jaune d’œuf; Confiserie réalisée à partir de sucre et de jaune d’œuf
yemen	Yémen
yemení	Yéménite
yepes	Yepes
yerba	Herbe, yerba maté, thé du Brésil
yerbabuena	Menthe verte
yerbal	Herbage, lieu enherbé; Lieu planté de yerba mate
yermo	Dépeuplé, désert, inhabité, inculte, sauvage; Désert, zone inhabitée ou inculte
yerno	Beau-fils, gendre
yerro	Erreur
yesa	Yesa
yesca	Amadou
yeso	Gypse; Plâtre
yeti	Yéti
yibuti	Djibouti (pays africain); Djibouti (capitale de ce pays)
yidis	Yiddish
yihad	djihad
yihadismo	jihadisme, djihadisme
yihadista	jihadiste, djihadiste
yip	Jeep, véhicule tout-terrain
yo	Je : pronom personnel à la première personne du singulier au nominatif; Moi, je
yodo	Iode
yoduro	Iodure (I⁻)
yoga	Yoga
yogui	Jogi
yogur	Yaourt
yola	Yole, yola
york	York
yoruba	Yoruba
youtuber	Youtubeur
yoyo	Yoyo
ypf	Compagnie pétrolière argentine
yuan	Yuan
yuca	Yucca; Manioc
yucateco	Yucatèque; Maya yucatèque
yucatán	Yucatan
yugo	Joug
yugoslavia	Yougoslavie (ancien pays européen)
yugoslavo	Yougoslave/Yougoslave
yugular	Veine jugulaire
yunque	Enclume; Enclume, os de l’oreille
yupi	Yuppie
yuso	En bas
yute	Jute
yuxtaposición	Juxtaposition
yuyo	Mauvaise herbe; Herbe médicinale; Roquette; Légume, herbe tendre et comestible
yuyu	Juju, sorcellerie; Peur, appréhension; Évanouissement
yuzu	Yuzu
z	Z
zabalza	Zabalza
zacarías	Zacharie; Livre de Zacharie
zacate	Herbe, pâture; Éponge grattante utilisée pour laver
zacatecas	Zacatecas
zafio	Mufle
zafiro	Saphir
zafra	Zafra; Nom de famille; Récolte de canne à sucre
zaga	Derrière; Défenseur, arrière; Charge qui se place à l'arrière d'un véhicule; Défense, défenseurs, arrières; (militaire) Arrière-garde
zagal	Jeune homme; Pâtre, jeune berger; Écuyer, jeune homme au service d’un chevalier; Garçon
zagreb	Zagreb
zaguero	Arrière, défenseur; Arrière, défenseur
zaguán	Vestibule
zaldívar	Zaldibar
zamba	Cagneux; Métis de noirs et d’indigènes, dans certains pays de l’Amérique espagnole
zambia	Zambie (pays africain)
zambo	Cagneux; Métis de noirs et d’indigènes, dans certains pays de l’Amérique espagnole; Singe des Amériques
zambrana	Zambrana
zamora	Zamora; Nom de famille; Province de Zamora
zamorano	De Zamora; Habitant de Zamora
zamudio	Zamudio
zanahoria	Carotte; Personne menant une vie saine : végétarienne, qui ne fume pas et ne boit pas d’alcool
zancadilla	Croc-en-jambe
zanja	Fossé
zanjar	Creuser des fossés; Trancher (dans un problème), résoudre de façon définitive et catégorique
zapa	Sape; Galuchat, peau de squale; Sape, creusement
zapallito	Variété de courgette (Cucurbita pepo) ronde et verte
zapallo	Citrouille, potiron, courge. Nom générique donné à quatre espèces de cucurbitacés (Cucurbita pepo, C. maxima, C. moschata, C. argyrosperma ) qui sont consommés mûrs en purée
zapata	Savate, chaussure légère; Sabot du frein; Socle, semelle des fondations
zapatero	Cordonnier; Meuble à chaussures; Nom vernaculaire de Hieronyma alchorneoides, grand arbre (30 à 50 mètres de haut) de la famille des Phyllanthacées (Phyllanthaceae), au tronc fortement ramifié, ses fleurs blanchâtres produisent des drupes noires, il est aussi nommé palo curtidor au Guatemala; Relatif aux chaussures; Nom de famille espagnol
zapatería	Cordonnerie
zapatilla	Pantoufle, chausson ou toute autre chaussure légère que l’on porte chez soi et dans l’intimité; Chaussure légère, confortable
zapato	Chaussure; Poisson tropical de la famille des Loricariidae, dont le nom scientifique est Pterygoplichthys multiradiatus
zaplana	Nom de famille espagnol d’origine catalane
zapote	Sapotillier, sapotier (arbre); Sapotille, sapote (fruit); Exemple d’utilisation manquant. (Ajouter)
zapoteco	Zapotèque
zapping	Zapping
zar	Tsar
zara	Marque espagnole de prêt-à-porter
zaragoza	Saragosse
zarigüeya	Opossum d’Amérique, sarigue
zarina	Tsarine
zarpa	Griffe; Boue qui crotte le bas des vêtements
zarpar	Démarrer, appareiller
zarpazo	Coup de griffe
zarza	Ronce
zarzal	Ronceraie
zarzamora	Mûre; Ronce
zarzaparrilla	Salsepareille
zarzuela	Zarzuela
zee	ZES
zen	Zen
zenit	Zénith
zenón	Zénon, prénom originaire de la Grèce antique
zeta	Zède
zigzag	Zigzag
zika	Zika
zimbabwe	Zimbabwe (pays africain)
zinc	Zinc (l’élément chimique Zn)
zine	Zine
zoco	Gaucher; Socle; Souk; Socque, sabot
zodiacal	Zodiacal
zodiaco	Zodiaque
zodíaco	Zodiaque
zoe	Zoé
zoilo	Zoïle
zombi	Zombi
zona	Zone; Zona
zonzo	Insipide, fade; Bête, simplet, imbécile, sot, stupide
zoo	Zoo
zoofilia	Zoophilie
zoología	Zoologie
zoológico	Zoologique; Jardin zoologique
zoonosis	Zoonose
zootecnia	Zootechnie
zopilote	Urubu noir, vautour urubu, rapace de l’espèce Oragyps atratus)
zoquete	Souche, tronc; Quignon de pain; Personne laide, disgracieuse, boulote; Personne manquant d’intelligence
zorita	Zorita
zoroastro	Zoroastre
zorra	Renard (en tant qu'individu appartenant à certaines espèces); Renarde (femelle du renard); Pute, putain (prostituée); Cochonne, chienne, salope (femme facile); Chatte, moule (sexe des femmes)
zorrillo	Mouffette, en particulier la mouffette des Andes (Conepatus chinga)
zorro	Rusé; Renard
zorzal	Grive
zozobra	Sombrer
zoólogo	Zoologue
zubieta	Zubieta
zulia	Zulia; Rivière Zulia
zulo	Cache, planque
zulú	Zoulou; Zoulou
zuma	Osier
zumaque	Sumac
zumba	Bourdonner
zumbar	Bourdonner
zumbido	Bourdonnement
zumo	Jus, liquide venant d’herbes, de fleurs, de fruits qui se récupère en les écrasant ou en les broyant
zumárraga	Zumarraga
zurdo	Gaucher
zurita	Tourterelle
zurra	Tanner une peau; Battre, fesser, tabasser, rosser
zurrón	Bourse, sac
zángano	Lourdaud; Flemmard, glandeur; Faux bourdon, mâle de l’abeille
zócalo	Socle, base d’un édifice; Socle de la croute terrestre; Plinthe, partie inférieure d’un mur; Socket, réceptacle de processeurs sur les cartes mères; Place principale de la ville de Mexico
zúrich	Zurich (ville de Suisse)
zúñiga	Zúñiga; Nom de famille
á	A
ábaco	Boulier, cadre de bois servant à apprendre à compter ou à effectuer des opérations mathématiques simples dans certains pays; Abaque, table numérique ou graphique servant à effectuer des calculs numériques rapides; Plaque décorative servant à décorer un meuble; Coffre de bois utilisé pour le lavage des minéraux; Échiquier
ábside	Abside
ácaro	Acarien
ácido	Acide; Acide (LSD); Acide, aigre, sur, aigri, revêche, hargneux
ácrata	Relatif à l’acratie, anarchique; Partisan de l’acratie, anarchiste
áfrica	Afrique
ágape	Banquet; Agape
ágata	Agate; Agathe
ágil	Agile
ágilmente	Agilement
ágora	Agora
águeda	Affluent du Douro; Águeda; Agathe; Village d’Espagne situé sur le cours de ce cours d’eau et le territoire de Ciudad Rodrigo
águila	Aigle
álamo	Peuplier
álava	Alava
álbum	Album
álgebra	Algèbre
álgido	Algide
álvarez	Nom de famille
álvaro	Prénom masculin; Nom de famille
ámbar	Ambre, ambre jaune; Couleur d’ambre; Feu orange
ámbito	Périmètre, champ d'action
ámsterdam	Amsterdam (capitale des Pays-Bas)
áncora	Ancre
ándale	Oui; Allez !
ánfora	Amphore
ángel	Ange; Prénom masculin, correspondant à Ange
ángela	Angèle
ángelus	Angélus
ángulo	Angle
ánima	Âme, force immatérielle qui maintient la vie ou donne l’être
ánimo	Courage, abattage; Âme
ánodo	Anode
ántrax	Anthrax
ápice	Apex, bout, cime, pointe, sommet
árabe	Arabe, arabique; Arabe
árbitro	Arbitre, personne qui arbitre
árbol	Arbre; Mât
área	Aire; Are
árido	Aride
ártico	Arctique
áspero	Âpre
ático	Attique; Grenier (étage d’une maison qui est immédiatement sous le comble)
átomo	Atome
áureo	Aureus
ávidamente	Avidement
ávido	Avide
ávila	Ávila
ébano	Ébène
écija	Écija
éfeso	Éphèse
égida	Égide
él	Il, lui : 3ᵉ personne du singulier masculin
émbolo	Piston
énfasis	Emphase
épico	Épique
época	Époque
érika	Prénom féminin
ése	celui-là
éste	Celui-ci (pronom démonstratif masculin de proximité)
éster	Ester
éter	Éther
ética	Éthique
ético	Éthique
étnico	Ethnique
évora	Évora
éxito	Succès
éxodo	Exode (livre de l'Ancien Testament); Exode
éxtasis	Extase, ecstasy
ía	Hi-han
ícono	Icône
ídolo	Idole
ígneo	Igné
ímpetu	Élan
índice	Index; Index, table des matières; Indice; Taux indicateur
índico	synonyme de Océano Índico (océan Indien); Indien
índigo	Indigo
índole	Caractère, nature
ínfimo	Infime, moindre
íntegro	Intégral, intègre
ínterin	Intérim
íntimo	Intime
ítalo	Italien
ñame	Igname
ñandú	Nandou
ñata	Nez, surtout s’il est important
ñato	Qui a le nez plat, écrasé; Boxeur
ño	Titre de courtoisie que l’on place devant le prénom ou le nom d’un homme
ñoqui	Gnocchi
ñora	Nöra, petit piment rouge très piquant, sorte de guindilla
ñoño	Se dit d’une chose : fade, sans relief; Se dit d'une personne : niais, imbécile, sot; Se dit d'une personne : Douillet, délicat; Se dit d'une personne âgée : gâteux, gaga
ñu	Gnou
óbice	Obstacle
óbito	Décès
óblast	Oblast
óleo	Huile
ómnibus	Omnibus
ópalo	Opale
ópera	Opéra
óptico	Optique; Opticien
óptimo	Optimal
órale	Exprime l’encouragement, Allez !; Exprime l’étonnement
órbita	Orbite
órdago	Enchère très forte, pari à tout ou rien, tapis
órgano	Organe
óseo	Osseux
ósmosis	Osmose
óvalo	Ovale
óvulo	Ovule
óxido	Oxyde
úbeda	Úbeda
úlcera	Ulcère
últimamente	Dernièrement
último	Dernier
únicamente	Uniquement, seulement
único	Unique; Seul
úrico	Urique
útero	Utérus
útil	Utile
