a asentadillas	En amazone
a bocajarro	Tout à trac
a bombo y platillo	En grande pompe, avec tambour et trompette
a borbotones	Saillie
a bordo	À bord
a brazo partido	À tour de bras
a caballo regalado no se le ve colmillo	À cheval donné on ne regarde pas la denture
a cada jornada su sudor	À chaque jour suffit sa peine
a capela	A cappella, à capella
a capella	A cappella
a capo scoperto	Nu-tête
a causa de	À cause de, de
a chorros	À verse, à torrent, à torrents
a ciegas	À tâtons
a cielo abierto	À ciel ouvert
a ciencia cierta	Sans aucun doute
a circulada	A cerclé
a comer	À table
a condición de	Pourvu que
a condición de que	Pourvu que, à condition que
a continuación	Ensuite
a continuación de	À la suite de
a contracorriente de	À contre-courant
a contralecho	En délit
a contramano	À contre-main
a contrapelo	Rebrousser
a corto plazo	À court terme
a costa de	Aux dépens de
a cuatro patas	À quatre pattes
a cuál	Auquel
a cántaros	À verse, à torrent, à torrents
a decir verdad	À vrai dire
a despecho de	En dépit de
a destajo	À forfait, à la tâche, à la pièce d'arrache-pied
a diario	Journellement, quotidiennement
a diestra y siniestra	À tour de bras, à tort et à travers
a dios rogando y con el mazo dando	Aide-toi et le ciel t'aidera
a discreción	À volonté
a doble cara	Recto-verso
a donde fueres haz lo que vieres	À Rome, fais comme les Romains
a día de hoy	De nos jours, au jour d’aujourd’hui
a escondidas	En cachette
a escuso	En catimini, en cachette, discrètement
a eso de	À peu près, environ
a espaldas de	Dans le dos de, à l’insu de
a expensas de	Au détriment de, aux dépens de
a falta de	À défaut de
a falta de algo mejor	Pis-aller
a falta de pan buenas son tortas	Faute de grives on mange des merles
a fin de	Afin de
a fin de cuentas	Tout compte fait, en fin de compte
a fin de que	Histoire que, afin que
a final de cuentas	En fin de compte
a flor de agua	À fleur d’eau
a fortiori	A fortiori
a fuego bajo	À petit feu, à feu doux
a fuego lento	À petit feu
a fuego manso	À feu doux
a fuego suave	À feu doux
a fuego y a hierro	À feu et à sang
a fuego y a sangre	À feu et à sang
a fuego y hierro	À feu et à sang
a gamba	A pied
a gatas	À quatre pattes
a gogó	À profusion
a golpe de	À coup de
a golpes	Par à-coups
a grandes rasgos	Dans les grandes lignes, à grands traits
a granel	Vrac
a grito pelado	À pleins poumons
a gusto	À l’aise
a hombros	En étant porté sur les épaules; De façon triomphante, glorieusement
a horcajadas	À califourchon
a huevo	Certain, sans doute, expression utilisée p; De gré ou de force; Pas cher, bon ma
a hurtadillas	En cachette, sans tambour ni trompette
a intervalos regulares	Régulièrement
a la	À la
a la alemana	À l’allemande
a la alsaciana	À l’alsacienne
a la amberinesa	À l’anversoise
a la americana	À l’américaine
a la andaluza	À l’andalouse
a la antigua	À l’ancienne, à l’antique
a la argenteuil	À l’Argenteuil
a la arlesiana	À l’arlésienne
a la armoricana	À l’armoricaine
a la austriaca	À l’autrichienne
a la auvernesa	À l’auvergnate
a la banquera	À la banquière
a la barquera	À la batelière
a la bearnesa	À la béarnaise
a la bechamel	À la Béchamel
a la bercy	À la Bercy
a la besamel	À la Béchamel
a la besamela	À la Béchamel
a la bola	Nu, à poil
a la boloñesa	À la bolognaise
a la bordolesa	À la bordelaise
a la borgoñona	À la bourguignonne
a la bretona	À la bretonne
a la buena de dios	À la bonne franquette
a la burguesa	À la bourgeoise
a la búlgara	À la bulgare
a la cabeza del cliente	À la tête du client
a la campesina	À la paysanne
a la carnicera	À la bouchère
a la casera	À la ménagère
a la catalana	À la catalane
a la champañesa	À la champenoise
a la clamart	À la Clamart
a la colbert	À la Colbert
a la condesa	À la comtesse
a la crecy	À la Crécy
a la criolla	À la créole
a la derecha	À droite
a la descubierta	À nu
a la desesperada	En désespoir de cause
a la deshilada	En file indienne, à la file indienne, à la queue leu-leu
a la diabla	À la diable
a la diablesa	À la diable
a la dijonesa	À la dijonnaise
a la du barry	À la Du Barry
a la enrique iv	À la Henri IV
a la escocesa	À l’écossaise
a la española	À l’espagnole
a la estrasburguesa	À la strasbourgeoise
a la expectativa	Attentiste
a la fija	Sans aucun doute
a la financiera	À la financière
a la flamenca	À la flamande
a la florentina	À la florentine
a la forestal	À la forestière
a la francesa	À la française
a la gala	À la gauloise
a la gallinita	À la poulette
a la genovesa	À la génoise
a la gitana	À la zingara
a la granjera	À la fermière
a la greca	À la grecque
a la griegia	À la grecque
a la hila	En file indienne, à la file indienne, à la queue leu-leu
a la holandesa	À la hollandaise
a la hortelana	À la maraîchère
a la húngara	À la hongroise
a la imperial	À l’impériale
a la india	À l’indienne
a la inglesa	À l’anglaise
a la inversa	Inversement
a la italiana	À l’italienne
a la izquierda	À gauche
a la japonesa	À la japonaise
a la jardinera	À la jardinière
a la judía	À la juive
a la landesa	À la landaise
a la larga	À terme, à la longue
a la liejesa	À la liégeoise
a la ligera	À la légère
a la lionesa	À la lyonnaise
a la lorenesa	À la lorraine
a la lúculo	À la Lucullus
a la malagueña	D’une mauvaise façon, par trahison
a la manera de las antillas	À l’antillaise
a la manera pobre	À la pauvre homme
a la marinera	À la marinière
a la marinesca	Matelotesque
a la mayordomo	À la maître d’hôtel
a la memoria de	À la mémoire de
a la mierda	Aux chiottes
a la milanesa	À la milanaise
a la mirabeau	À la Mirabeau
a la moda	À la mode
a la moderna	À la moderne
a la molinera	À la meunière
a la montmorency	À la Montmorency
a la mornay	À la Mornay
a la mujeriega	En amazone
a la nantua	À la Nantua
a la napolitana	À la napolitaine
a la nesselrode	À la Nesselrode
a la nivernesa	À la nivernaise
a la nizarda	À la niçoise
a la normanda	À la normande
a la orleanesa	À l’orléanaise
a la panadera	À la boulangère
a la par de	À l’égal de
a la parisiense	À la parisienne
a la parisina	À la parisienne
a la parmentier	À la Parmentier
a la pata la llana	À la bonne franquette
a la piamontesa	À la piémontaise
a la pobre	À la pauvre homme
a la portuguesa	À la portugaise
a la primavera	À la printanière
a la primaveral	À la printanière
a la primera	D’emblée
a la provenzal	À la provençale
a la redonda	À la ronde
a la richelieu	À la Richelieu
a la rohan	À la Rohan
a la rossino	À la Rossini
a la rusa	À la russe
a la saboyana	À la savoyarde
a la saint-germain	À la Saint-Germain
a la salchichera	À la charcutière
a la siniestra	À senestre
a la soubise	À la Soubise
a la sueca	À la suédoise
a la sévigné	À la Sévigné
a la tocinera	À la charcutière
a la tártara	À la tartare
a la vasca	À la basquaise
a la veneciana	À la vénitienne
a la veracruzana	Accompagné d’un sauce avec de la tomate, d
a la vez	À la fois
a la vichy	À la Vichy
a la vienesa	À la viennoise
a la vista	En vue
a la vista de	En vue de
a la vuelta de	Au détour de
a la zaga	En arrière
a las	Aux
a las armas	Aux armes
a las dagas	Au bout du rouleau
a las últimas	Au bout du rouleau
a lo antiguo	À l’antique
a lo grande	En grande pompe
a lo largo de	Par, à travers
a lo lejos	Au loin
a lo mejor	Peut-être
a lo sumo	Au mieux
a los	Aux
a los dos días	Surlendemain
a lápiz	Au crayon
a mano	À la main, artisanalement, manuellement
a manta	Beaucoup, beaucoup de; Beaucoup
a maravilla	À merveille
a marcha forzada	À marche forcée
a marchas forzadas	À marche forcée
a mares	À verse, à torrent, à torrents
a media asta	En berne
a media voz	À demi-mot, à mi-voix
a mediados de	Au milieu de
a medias	À demi, à mi-chemin
a medida que	À mesure que, au fur et à mesure
a medio camino	À mi-chemin
a medios chiles	À moitié saoul, pompette, joyeux; Tiède, sans ferveur, qui a le cul entre de
a menos que	À moins que
a menudo	Souvent
a merced de	À la merci de
a modo de	En guise de
a montones	À la pelle
a muerte	À mort
a mujeriegas	En amazone
a ninguna parte	Nulle part
a no ser que	À moins que
a ojo	Au jugé, avec imprécision
a ojo de buen cubero	Au jugé
a ojímetro	Au jugé
a otra parte	Autre part
a partir de	Depuis, dès, à partir de
a partir de entonces	Dès lors
a paso de hombre	Au pas
a pasos agigantados	À pas de géant, saillie
a patadas	À la pelle
a pelo	Peu couvert; À cru, sans selle quand on monte un animal; À poil, sans défense et
a pesar de	Bien que; Malgré
a pesar de eso	Cependant
a pesar de que	Quoique
a pesar de todo	Malgré tout
a pie	À pied
a pleno pulmón	À pleins poumons
a posteriori	A posteriori, à postériori
a primera hora de la mañana	Au petit matin
a primera vista	À première vue
a priori	A priori
a propósito	Exprès; À propos, convenablement; En passant, à propos
a puerta cerrada	À huis clos
a punta pala	À tour de bras, à la pelle
a punto de	Sur le point de
a que no	Chiche
a que sí	Chiche
a quemarropa	À bout portant
a rajo abierto	À ciel ouvert
a ratos	Par moments
a raudales	À flots
a razón de	Par, à raison de, à
a raíz de	Suite à
a raíz desnuda	À racine nue
a regañadientes	À contrecœur
a sabiendas	En connaissance de cause, exprès
a sala llena	À guichets fermés
a saltos	Saillie
a sangre fría	De sang froid, de sang-froid
a sangre y fuego	À feu et à sang
a sentadillas	En amazone
a si misma	Elle-même
a simple vista	À l'œil nu, à première vue
a su servicio	À votre service
a sueldo	À gages
a sus ordenes	à votre service
a tajo abierto	À ciel ouvert
a tal punto que	Si bien que
a tanto por	Par, à raison de, à
a tiempo	À temps
a tientas	À tâtons
a toda costa	À tout prix
a toda marcha	Pleins gaz
a toda mecha	À toute allure
a toda prisa	À la hâte
a toda velocidad	Pleins gaz
a todo cachete	À fond les manettes, à toute vitesse
a todo cerdo le llega su san martín	Tel qui rit vendredi, dimanche pleurera ;
a todo gas	À toute allure
a todo meter	À toute allure
a todo pulmón	À tue-tête, à pleins poumons
a todo trapo	Pleins gaz, à toute allure
a todos los efectos	À tout prendre
a tomar por culo	Trou du cul du monde
a toro pasado	Après coup
a trancas y barrancas	Tant bien que mal
a través de	À travers
a tutiplén	À profusion
a ultranza	À outrance
a un tiro de piedra	À un jet de pierre
a usted	C’est moi
a veces	Parfois, quelquefois
a ver	Voyons voir, voyons, justement
a voluntad	À volonté
a voz en cuello	À pleins poumons
a voz en grito	À pleins poumons
abadejo de alaska	Lieu jaune
abanico aluvial	Cône de déjection
abdomen de lavadero	Abdomen entraîné et tonique, avec peu de t
abeja carpintera	Abeille charpentière
abeja cortadora de hojas	Mégachile
abeja de sicilia	Abeille sicilienne
abeja negra alemana	Abeille noire (Apis mellifera mellifera)
abeja negra europea	Abeille noire (Apis mellifera mellifera)
abeja solitaria	Abeille solitaire
abejaruco europeo	Guêpier d’Europe
abejorro carpintero	Xylocope
abejorro carpintero europeo	Xylocope violet
abejorro común	Bourdon terrestre
abejorro sanjuanero	Hanneton
aberración cromática	Aberration chromatique
aberración esférica	Aberration sphérique
abeto de douglas	Sapin de Douglas
abeto del norte	Épicéa
abeto falso	Épicéa
abeto rojo	Épicéa
ablación de clítoris	Excision
ablación del pedúnculo ocular	Épédonculation
abocado al fracaso	Voué à l’échec
abogado del diablo	Avocat du diable
abominable hombre de las nieves	Abominable homme des neiges
aborto espontáneo	Fausse-couche
aborto inducido	IVG
aborto selectivo por sexo	Avortement sexo-sélectif
abridor de puerta	Ouvre-porte
abrir paso	Frayer
abrirse camino	Frayer
abrótano hembra	Santoline petit cyprès
absolutamente convergente	Absolument convergente
abuela política	Belle-grand-mère
abuelita de batman	Euphémisme pour a huevo (clair, certain),; Cri de joie, expression utilisée pour
abuelita pastosa	Patte folle
abuso animal	Maltraitance animale
abuso de confianza	Abus de confiance
abuso de debilidad	Abus de faiblesse
abuso de notación	Abus de notation
abuso de poder	Abus de pouvoir
abuso de posición dominante	Abus de position dominante
abuso del lenguaje	Abus de langage
abuso verbal	Violence verbale
acabar con	Mettre fin, en finir
acabar de	Venir de
acacia arábiga	Piquant loulou
acacia australiana	Mimosa blanchissant
acacia de japón	Sophora du Japon
acacia gomifera	Piquant loulou
acacia mimosa	Mimosa blanchissant
acantilado de cristal	Falaise de verre
acantiza minero	Origma des rochers
acantiza piloto	Pycnoptile compagnon
acceso directo	Raccourci
accesorios de horno	Casserolerie
accidente cerebrovascular	Accident vasculaire cérébral
accidente laboral	Accident de travail
acción de restablecimiento	Réintégrande
acción directa	Action directe
acción por despojo	Réintégrande
acción por perturbación	Complainte
acción reivindicatoria	Revendication
aceite concreto	Huile concrète
aceite de coco	Huile de coco
aceite de girasol	Huile de tournesol
aceite de hígado de bacalao	Huile de foie de morue
aceite de nuez	Huile de noix
aceite de oliva	Huile d’olive
aceite de palma	Huile de palme
aceite de ricino	Huile de ricin
aceite de vitriolo	Huile de vitriol
aceite esencial	Huile essentielle
aceite mineral	Huile minérale
aceite para barrenas	Huile à broche
aceite para husillos	Huile à broche
aceite remanufacturado	Huile d’égout
aceituna blanca	Olive chinoise
acelerador de partículas	Accélérateur de particules
acelga salada	Saladelle commune
acento agudo	Accent aigu
acento circunflejo	Accent circonflexe
acento grave	Accent grave
acentor alpino	Accenteur alpin
acentor común	Accenteur mouchet
acerca de	À propos de, au sujet de, de
acero inoxidable	Acier inoxydable
acero quirúrgico	Acier chirurgical
acero templado	Acier trempé
acervo comunitario	Acquis, acquis communautaire
acetato de ulipristal	Acétate d’ulipristal
acetoarsenito de cobre	Acéto-arsénite de cuivre
achicoria común	Chicorée
achicoria dulce	Chicorée à la bûche
acid jazz	Acid jazz
acidez de estómago	Pyrosis
acidificación del océano	Acidification des océans
acorde a	Selon
acorde de sexta napolitana	Sixte napolitaine
acorde napolitano	Sixte napolitaine
acordeón diatónico	Accordéon diatonique
acoro aromatico	Acore
acosador sexual	Harceleur sexuel
acoso callejero	Harcèlement de rue
acoso escolar	Harcèlement scolaire
acoso laboral	Harcèlement moral
acoso sexual	Harcèlement sexuel
acostarse con las gallinas	Se coucher avec les poules
actitud expectante	Attentisme
actividad principal	Cœur de métier
actividad óptica	Activité optique
activo fijo	Actif immobilisé
acto de brutalidad	Acte de cruauté
acto de crueldad	Acte de cruauté
acto de habla	Acte de langage
acto fallido	Acte manqué
acto locutivo	Acte locutionnaire
actor de doblaje	Doubleur
actos de los apóstoles	Actes des Apôtres
actriz de doblaje	Doubleuse
actuar con cuidado	Faire attention
acuse de recibo	Quittance, reçu; Accusé de réception, reçu, acquit
acuñar moneda	Battre monnaie
acá y acullá	Çà et là
acá y allá	Çà et là
acónito común	Aconit napel
acónito de invierno	Hellébore d’hiver
adaptador de fase	Adaptateur de phase
adaptador de red	Carte réseau
además de	Outre
además de cornudo apaleado	Tendre le bâton pour se faire battre
adenosín trifosfato	Adénosine triphosphate
adicción al bronceado	Tanorexie
aditivo alimentario	Additif alimentaire
adiós mundo cruel	Adieu, monde cruel
adjetivo atributivo	Épithète
adjetivo calificativo	Adjectif qualificatif
adjetivo demostrativo	Adjectif démonstratif
adjetivo posesivo	Adjectif possessif
adjetivo verbal	Adjectif verbal
adjunto de correo	Pièce jointe
administrador apostólico	Administrateur apostolique
adonis de otoño	Adonis d’automne
adonis de verano	Adonis d’été
adormidera marina	Glaucière jaune
adornar con perlas	Emperler
adorno floral	Fleurissement
adueñarse de	S’adjuger
adverbio de afirmación	Adverbe d’affirmation
adverbio de cantidad	Adverbe de quantité
adverbio de duda	Adverbe de doute
adverbio de lugar	Adverbe de lieu
adverbio de modo	Adverbe de manière
adverbio de negación	Adverbe de négation
adverbio de tiempo	Adverbe de temps
adverbio de ubicación	Adverbe de lieu
adverbio dubitativo	Adverbe de doute
adverbio locutivo	Locution adverbiale
aeronave militar	Avion militaire
afgani afgano	Afghani
aficionada al ferrocarril	Ferrovipathe
aficionado al ferrocarril	Ferrovipathe
afición ciega razón	L’amour est aveugle
afirmación falsa	Contrevérité
aflojar las riendas	Lâcher la bride
afán de superación	Soif de dépassement
agachadiza chica	Bécassine sourde
agachadiza común	Bécassine des marais
agachadiza real	Bécassine double
agarrar descuidado	Prendre par surprise, prendre au dépourvu
agarrar desprevenido	Prendre par surprise, prendre au dépourvu
agarrar la mano en la masa	Prendre la main dans le sac
agarrarse de las greñas	S’arracher les cheveux
agarrarse del moño	Se crêper le chignon, s’arracher les cheveux
agateador común	Grimpereau des jardins
agateador norteño	Grimpereau des bois
agati de la india	Agati
age quod agis	Age quod agis
agencia de calificación	Agence de notation, agence de notation financière
agencia de calificación de riesgos	Agence de notation, agence de notation financière
agencia de traducción	Agence de traduction
agencia de viaje	Agence de voyages
agencia de viajes	Agence de voyages
agenda electrónica	Assistant numérique personnel
agente biológico	Agent biologique
agente de policía	Policier, policière
agente doble	Agent double
agente encubierta	Agente dormante
agente encubierto	Agent dormant
agente inmobiliaria	Agente immobilière
agente inmobiliario	Agent immobilier
agente provocadora	Agente provocatrice
agente secreta	Agente secrète
agente secreto	Agent secret
agente viajero	Voyageur de commerce, commis-voyageur
agotársele a uno la paciencia	Perdre patience
agresión sexual	Agression sexuelle
agricultura climáticament inteligente	Agriculture climato-compatible
agricultura de subsistencia	Agriculture de subsistance
agricultura orgánica	Agriculture biologique
agricultura urbana	Agriculture urbaine
agrio de guinea	Oseille de Guinée, nom vernaculaire à Cuba
agua bendita	Eau bénite
agua corriente	Eau courante
agua de amoníaco	Hhydroxyde d’ammonium, ammoniaque (NH₄⁺ +
agua de azahar	Eau de fleurs d’oranger
agua de coco	Eau de coco
agua de colonia	Eau de Cologne
agua de jamaica	Bissap
agua de javel	Eau de Javel
agua de mar	Eau de mer
agua del grifo	Eau du robinet
agua dulce	Eau douce
agua fresca	Type de boisson non alcoolisée réalisée à
agua manantial	Eau de source
agua mineral	Eau minérale
agua oxigenada	Eau oxygénée, peroxyde d’hydrogène (H₂O₂)
agua pesada	Eau lourde
agua pluvial	Eau pluviale
agua potable	Eau potable
agua regia	Eau régale
agua salada	Eau salée
agua salobre	Eau saumâtre
agua semi-pesada	Eau semi-lourde
agua sin gas	Eau plate
agua sucia	Jus de chaussette
agua termal	Source chaude
aguantar bien el alcohol	Tenir l’alcool
aguantar el temporal	Faire le dos rond
aguantar el tipo	Tenir le coup
aguantar el tirón	Tenir le coup
aguantar firme	Tenir bon
aguará guazú	Loup à crinière
aguas abajo	En aval
aguas arriba	En amont
aguas negras	Eaux usées, eaux polluées
aguijonear la curiosidad	Piquer la curiosité
aguileña común	Ancolie commune
aguililla de harris	Buse de Harris, buse à ailes marron
aguilucho cenizo	Busard cendré, busard de Montagu
aguilucho chico	Buse à gorge blanche
aguilucho de cola rojiza	Buse de Patagonie
aguilucho lagunero	Busard des roseaux
aguilucho papialbo	Busard pâle
aguilucho pálido	Busard Saint-Martin
aguja azul	Makaire bleu
aguja café	Barge hudsonienne
aguja colinegra	Barge à queue noire
aguja colipinta	Barge rousse
aguja de coser	Aiguille à coudre
aguja de hudson	Barge hudsonienne
aguja de mar	Syngnathe aiguille, poisson carnivore au c
aguja de mechar	Lardoire
aguja de punto	Aiguille à tricoter
aguja lomiblanca	Barge hudsonienne
aguja mechera	Lardoire
aguja mula	Siphonostome, poisson de la famille des Sy
aguja parda	Barge hudsonienne
agujero blanco	Trou blanc
agujero de gusano	Trou de ver
agujero negro	Trou noir
agujeta escolopácea	Bécassin à long bec
agárico pintado	Amanite tue-mouche, amanite tue-mouches
ahogarse en un vaso de agua	Se noyer dans un verre d’eau
ahora bien	Or, cela dit
ahora mismo	Aussitôt, immédiatement, tout de suite
ahora o nunca	Maintenant ou jamais
ahora que	Maintenant que
aire acondicionado	Climatisation
aire fijado	Air fixe
aire líquido	Air liquide
aire polaco	Pet, prout (flatulence)
airedale terrier	Airedale terrier
ajedrea blanca	Micromérie du Liban
ajedrea de monte	Micromérie de Grèce
ajedrez chino	Xiangqi
ajo de oso	Ail des ours
ajo negro	Ail noir
ajuste de cuentas	Règlement de comptes
ajuste isostático	Rebond post-glaciaire
ajuste postglacial	Rebond post-glaciaire
akita americano	Akita américain
akita inu	Akita ken, akita inu
al aire libre	En plein air, à la belle étoile
al ama de casa	À la bonne femme
al arma	Aux armes
al artículo de la muerte	À l’article de la mort
al ateniense	À l’athénienne
al azar	Au hasard
al borde de	Au bord de
al buen cocinero	À la cordon bleu
al cabo de	Au bout de
al cazador	À la chasseur
al contado	Rubis sur l’ongle
al contrario	Au contraire, inversement
al corriente	À jour
al cual	Auquel
al descubierto	À nu
al diablo con la avaricia	Au diable l’avarice
al diestro	À dextre
al día	À jour
al ejemplo de	À l’instar de
al estilo de albi	À l’albigeoise
al estilo de berry	À la berrichonne
al estilo de bruselas	À la bruxelloise
al estilo de dieppes	À la dieppoise
al estilo de las ardenas	À l’ardennaise
al estilo de los cevennes	À la cévenole
al estilo de morvan	À la morvandelle
al estilo de pau	À la paloise
al estilo de perigueux	À la Périgueux
al estilo del languedoc	À la languedocienne
al estilo del périgord	À la périgourdine
al estilo del vendedor de vino	À la marchand de vin
al estilo nantesa	À la nantaise
al filo de la navaja	Être sur le fil du rasoir
al fin	Finalement
al fin y al cabo	En fin de compte
al final de	Au bout de
al final de cuentas	En fin de compte
al fondo de	Au bout de
al igual que en todas partes	Toutes choses égales par ailleurs
al lado	À côté
al lado de	Près de, à
al límite de las fuerzas	À bout de forces
al margen	En marge
al menos	Au moins, du moins
al mismo tiempo	En même temps, à la fois
al mismo tiempo que	En même temps que
al montero mayor	À la grand veneur
al natural	Au naturel
al pan pan y al vino vino	Appeler un chat un chat
al par de	À l’égal de
al parecer	Apparemment
al pelo	Pile-poil
al pie de la letra	au pied de la lettre
al por mayor	En gros
al por menor	Au détail
al precio de	Au prix de
al presente	Actuellement
al principio	Au commencement, d’abord, en premier lieu
al punto	À point
al punto de	Au point de
al revés	À l’envers
al tiro	Tout de suite, immédiatement
al tun tun	À la va-vite, instinctivement, au hasard,
al tuntun	À l’arrache
al tuntún	À la va-vite, instinctivement, au hasard,
al vacío	Sous vide
al voleo	À la volée
al vuelo	À la volée
ala delta	Deltaplane
alacha de madeira	Fausse allache, sardinelle plate
alambre de púas	Fil de fer barbelé
alano español	Alano espagnol
alarma contra incendios	Alarme incendie
alas de proa	Guibre
alaskan husky	Alaskan husky
albaricoquero japonés	Abricotier du Japon
albatros de ámsterdam	Albatros d’Amsterdam
albergue de juventud	Auberge de jeunesse
albergue juvenil	Auberge de jeunesse
alburno binaculado	Ablette de rivière, spirlin
alburno rayado	Able
alca común	Petit pingouin
alca gigante	Grand pingouin
alca imperial	Grand pingouin
alcatraz atlántico	Fou de Bassan
alcatraz blanco	Pélican d’Amérique
alcatraz común	Fou de Bassan
alcaudone de copete	Bagadais
alcaudón chico	Pie-grièche à poitrine rose
alcaudón común	Pie-grièche à tête rousse
alcaudón dorsirrojo	Pie-grièche écorcheur
alcaudón núbico	Pie-grièche masquée
alcaudón real	Pie-grièche grise
alcelafo caama	Bubale caama
alcohol cetílico	1-hexadécanol
alcohol de madera	Alcool de bois
alcohol de quemar	Alcool à brûler
alcohol en gel	Solution hydroalcoolique
alcohol estearílico	1-octadécanol
alcohol etílico	Alcool éthylique
alcohol metílico	Alcool méthylique
alcohol palmitílico	1-hexadécanol
alcotán europeo	Faucon hobereau
alcotán unicolor	Faucon concolore
alcéfalo bucéfalo	Bubale
aldea global	Village planétaire
aldehído fórmico	Aldéhyde formique
alef dos	Aleph
alegría de vivir	Joie de vivre
alemán antiguo	Vieil haut allemand
alerce europeo	Mélèze commun
aleta anal	Nageoire anale
aleta de arco	Amie chauve, poisson d’eau douce d’Amériqu
aleta dorsal	Nageoire dorsale
aleta natatoria	Nageoire
aleta pélvica	Nageoire pelvienne
alfabeto cirílico	Alphabet cyrillique
alfabeto fenicio	Alphabet phénicien
alfabeto fonético internacional	Alphabet phonétique international
alfabeto latino	Alphabet latin
alfabeto por palabras	Alphabet radio
alfalfa arbórea	Luzerne arborescente
alfil bueno	Bon fou
alfil malo	Mauvais fou
alfiler de corbata	Épingle de cravate
alfombra mágica	Tapis volant
alfombrilla de ratón	Tapis de souris
alga cianófita	Cyanobactérie
alga marrón	Algue brune
alga parda	Algue brune
alga verde	Algue verte
algo más	Ce sera tout ?, et avec ceci ?
algodon de pima	Coton Pima
algodón de azúcar	Barbe à papa (confiserie)
algodón hidrófilo	Coton hydrophile
algoritmo de dijkstra	Algorithme de Dijkstra
alguna cosa	Quelque chose
algún tiempo	Quelque temps
alhelí amarillo	Giroflée des murailles
aliaga negral	Petit genêt d’Espagne
alicates de corte lateral	Pince coupante
alicates extensibles	Pince multiprise
alicates universales	Pince universelle
aligátor americano	Alligator d’Amérique
alimento probiótico	Probiotique
alisador de cabello	Fer à lisser, lisseur
aliso de mar	Alysson maritime
aliso negro	Aulne glutineux
allanamiento de morada	Cambriolage
allá van leyes donde quieren reyes	La raison du plus fort est toujours la meilleure
alma gemela	Âme sœur
almacén de precios únicos	Magasin à prix unique
almeja americana	Palourde américaine
almeja babosa	Palourde bleue
almeja de islandia	Cyprine
almeja de nueva inglaterra	Mye commune, mye des sables
almeja fina	Palourde commune
almeja gigante	Bénitier géant
almejón brillante	Vernis
almejón de sangre	Vernis
almendra amarga	Amande amère
almendra de java	Amande de Java
almendra mollar	Amande douce
almendro amargo	Amandier de l’amande amère
almendro sylvestre	Acoma bâtard
almirante general	Amiral
almohadilla de ratón	Tapis de souris
almorta de monte	Gesse chiche
almorta silvestre	Gesse sauvage
alondra común	Alouette des champs
alondra cornuda	Alouette hausse-col
alondra de coburgo	Alouette de Cobourg
alondra de dupont	Sirli de Dupont
alondra moñuda	Cochevis huppé
alondra totovía	Alouette lulu
alrededor de	Autour de
alta costura	Haute couture
alta mar	Haute mer, pleine mer
alta sociedad	Haute société
alta tensión	Haute tension
alta traición	Haute trahison
alter ego	Alter ego
alter real	Alter réal
alteración blanca	Bruit blanc
alto alemán	Haut allemand
alto alemán medio	Moyen haut-allemand
alto el fuego	Cesser le feu, cessez-le-feu
alto sorabo	Haut-sorabe
alto sórabo	Haut-sorabe
altramuz azul	Lupin bleu
altramuz silvestre	Lupin bleu
alubia carilla	Cornille
alveolo pulmonar	Alvéole pulmonaire
alvéolo pulmonar	Alvéole pulmonaire
ama de casa	Femme au foyer, maîtresse de maison, fée du logis
ama de casa perfecta	Fée du logis
ama de crianza	Nourrice
ama de la casa	Fée du logis
ama de leche	Nourrice
ama de llaves	Gouvernante
amakihi de hawái	Amakihi familier
amakihi de kauai	Amakihi de Kauai
amami central	Amami central
amami del norte	Amami du Nord
amami del sur	Amami du Sud
amanita de pie grueso	Amanite épaisse
amanita de primavera	Amanite printanière
amanita enfundada	Amanite vaginée
amanita maloliente	Amanite vireuse
amanita pantera	Amanite panthère
amanita rojiza	Amanite rougissante
amante del ballet	Balletomane
amapola loca	Glaucière jaune
amapola marina	Glaucière jaune
amarillo indio	Jaune indien
amarillo mostaza	Jaune moutarde
amazona alinaranja	Amazone aourou
amazona brasileña	Amazone à joues bleues
amazona burrona	Amazone poudrée
amazona cariazul	Amazone de Dufresne
amazona coronirroja	Amazone à sourcils rouges
amazona cubana	Amazone de Cuba
amazona de corona roja	Amazone à joues vertes
amazona de corona violeta	Amazone à couronne lilas
amazona de kawall	Amazone de Kawall
amazona de lomo rojo	Amazone tavoua
amazona de pecho vinoso	Amazone vineuse
amazona de pico amarillo	Amazone à bec jaune
amazona de san vicente	Amazone de Saint-Vincent
amazona de santa lucía	Amazone de Sainte-Lucie
amazona de yucatán	Amazone du Yucatan
amazona del cerrado	Amazone à face jaune
amazona diadema	Amazone à diadème
amazona frentiazul	Amazone à front bleu
amazona frentirroja	Amazone à lores rouges
amazona gorgirroja	Amazone de Bouquet
amazona guaro	Amazone aourou
amazona guayabera	Amazone à couronne lilas
amazona harinosa	Amazone poudrée
amazona harinosa norteña	Amazone guatémaltèque
amazona harinosa sureña	Amazone poudrée
amazona hombrogualda	Amazone à épaulettes jaunes
amazona imperial	Amazone impériale
amazona jamaicana piquiclara	Amazone à bec jaune
amazona jamaicana piquioscura	Amazone verte
amazona mercenaria	Amazone mercenaire
amazona nuquigualda	Amazone à nuque d’or
amazona portorriqueña	Amazone de Porto Rico
amazona real	Amazone à front jaune
amazona tucumana	Amazone de Tucuman
ambos inclusive	Inclus (tous les deux)
amenaza hibrida	Menace hybride
amigo con derechos	Copain de baise
aminoácido esencial	Acide aminé essentiel
amital sódico	Synonyme de pentotal sódico (« thiopental
amnesia global transitoria	Ictus amnésique
amnesia traumática	Amnésie traumatique
amoníaco acuoso	Hhydroxyde d’ammonium, ammoniaque (NH₄⁺ +
amor a primera vista	Coup de foudre
amor de hortelano	Gaillet-gratteron
amor libre	Amour libre
amor platónico	Amour platonique
amor propio	Amour-propre
ampelis europeo	Jaseur boréal
amplitud de marea	Marnage
ampolla de decantación	Ampoule à décanter
amuleto de la suerte	Porte-bonheur
américa equinoccial	Amérique équinoxiale
analista de suporte	Hotlineur, téléassistant
analizador de viscosidad	Viscoanalyseur
analizador sintáctico	Analyseur syntaxique
anarquismo colectivista	Anarcho-collectivisme
anarquismo comunista	Anarcho-communisme
anchoa de río	Alose-écaille fluviale
ancla flotante	Ancre flottante
andar a la greña	S’arracher les cheveux
andar al carajo	Aller se faire mettre, aller se faire foutre, aller se faire enculer
andarrios de terek	Chevalier bargette
andarríos bastardo	Chevalier sylvain
andarríos chico	Chevalier guignette
andarríos grande	Chevalier culblanc
andarse con rodeos	Noyer le poisson
andarse por las ramas	Tourner autour du pot
andesita basáltica	Andésite basaltique
andesita con piroxeno	Andésite à pyroxène
anestesia general	Anesthésie générale
anestesia local	Anesthésie locale
anestésico general	Anesthésique général
anestésico local	Anesthésique local
angelote espinoso	Ange de mer épineux, poisson d’Atlantique
angelote espinudo	Ange de mer épineux, poisson d’Atlantique
angora turco	Angora turc
anguila común	Anguille d’Europe
anguila eléctrica	Anguille électrique
angélica silvestre	Angélique sauvage, angélique des bois
anhídrido acético	Anhydride acétique
anhídrido arsenioso	Anhydride arsénieux
anhídrido carbonoso	Synonyme de monóxido de carbono (monoxyde
anhídrido carbónico	Synonyme de dióxido de carbono (dioxyde de
anhídrido hiponitroso	Synonyme de monóxido de dinitrógeno (proto
anhídrido nitroso	Synonyme de trióxido de dinitrógeno (triox
anhídrido nítrico	(nom UICPA) Synonyme de pentaóxido de dini
anilina de color	Mauvéine
anillo conmutativo	Anneau commutatif
anillo de compromiso	Bague de fiançailles
anillo de crecimiento	Cerne de croissance
anillo de fuego	Ceinture de feu
anillo de matrimonio	Alliance
anillo periférico	Boulevard circulaire
anillo unitario	Anneau unitaire
animal acuático	Animal aquatique
animal de compañía	Animal de compagnie
animal de sangre caliente	Animal à sang chaud
animal de sangre fría	Animal à sang froid
animal doméstico	Animal domestique
animal poiquilotermo	Animal poïkilotherme
animal salvaje	Animal sauvage
animal silvestre	Animal sauvage
animal terrestre	Animal terrestre
animale legendario	Animal fabuleux
anni metacolina	Cyanure d’hydrogène, acide cyanhydrique (H
annillo de hadas	Cercle de fées
ansar hiperbóreo	Oie des neiges
ansar nival	Oie des neiges
antagonista del calcio	Inhibiteur calcique
ante merídiem	Avant midi
antena cúbica	Antenne quad
antena de bocina	Antenne cornet
antena de espira	Antenne cadre
antena de látigo	Antenne fouet
antena helicoidal	Antenne hélice axiale
antena hélice	Antenne hélice axiale
antena parabólica	Antenne parabolique
antenas en fase	Antenne réseau à commande de phase
antes de	Avant, devant
antes de cristo	Avant Jésus-Christ
antes de la guerra	Avant-guerre
antes que	Plutôt que
antes que nada	Avant tout
anticuerpo monoclonal	Anticorps monoclonal
antigua roma	Rome antique
antiguo egipto	Égypte ancienne
antiguo eslavo eclesiástico	Vieux slave
antiguo macedonio	Ancien macédonien
antiguo perro de muestra danés	Chien d’arrêt danois ancestral
antiguo perro pastor inglés	Bobtail
antiguo reino de valencia	Ancien royaume de Valence
antiguo testamento	Ancien Testament
antipsicótico atípico	Antipsychotique atypique
antropología física	Anthropologie physique
antílope acuático	Cobe commun
antílope almizclero enano de agua	Chevrotain aquatique
antílope cabrío	Rhebuck
antílope de hunter	Damalisque de Hunter
antílope enano	Antilope royale
antílope lechwe	Cobe de Lechwe
antílope negro	Hippotrague noir
antílope sable	Hippotrague noir
anuncios clasificados	Petite annonce
análisis complejo	Analyse complexe
análisis cuantitativo	Analyse quantitative
análisis de impedancia bioeléctrica	Bioimpédance
análisis del árbol de fallas	Analyse par arbre de défaillances
análisis factorial	Analyse factorielle
análisis financiero	Analyse financière
análisis modal de fallos y efectos	Analyse des modes de défaillance et de leurs effets
análisis químico	Analyse chimique
análisis termogravimétrico	Thermogravimétrie
anémona azul	Anémone de Grèce
anémona copo de nieve	Anémone sauvage, anémone sylvestre
anémona de bosque	Anémone sylvie
anémona de canadá	Anémone du Canada
anémona de mar	Anémone de mer
anémona de mar común	Anémone de mer verte
anís estrellado	Badiane
anó de pico estriado	Ani à bec cannelé
anó pico surcado	Ani à bec cannelé
apagador menor	Lépiote déguenillée
apagar el contacto	Couper le contact
aparato de extrusión	Boudineuse
aparato de uso doméstico	Appareil ménager
aparato digestivo	Appareil digestif
aparato doméstico	Appareil ménager
aparato electrónico	Appareil électronique
aparato fonador	Appareil vocal
aparato reproductor	Appareil génital
apartado de correos	Boîte postale
apartar el grano de la paja	Séparer le bon grain de l’ivraie
aparte de	À part, outre
apellido de soltera	Nom de jeune fille
apio caballar	Maceron
apio criollo	Arracacha
apio de monte	Livèche
apio sardónico	Renoncule scélérate
aplicación aérea	Pulvérisation des récoltes
apnea del sueño	Apnée du sommeil
apoderarse de	s’emparer de
apoyo eléctrico	Pylône, pylône électrique
aprendizaje profundo	Deep learning
apretar las tuercas	Serrer la vis
apretar los tornillos	Forcer la main
apretón de manos	Poignée de main
apuntar a	Viser
apunte escondido	Pompe
apéndice vermiforme	Appendice iléo-cæcal
apéndice xifoides	Appendice xiphoïde
apóstrofo curvo	Apostrophe typographique
apóstrofo tipográfico	Apostrophe typographique
aquí está	Voici
aquí y allá	Çà et là
aquí y allí	Çà et là
aquí yace	Ci-gît
ara severa	Ara vert
arado de palo	Araire
arao aliblanco	Guillemot à miroir
arao común	Guillemot marmette
arao de brunnich	Guillemot de Brünnich
arar en el mar	Pisser dans un violon, coup d’épée dans l’eau
arasarí de pico laminado	Toucan montagnard
arasá rojo	Goyave-fraise
aratinga cabeciazul	Conure à tête bleue
aratinga cabecifusca	Conure de Weddell
aratinga cactácea	Conure des cactus
aratinga de finsch	Conure de Finsch
aratinga de guayaquil	Conure à tête rouge
aratinga de la española	Conure maîtresse
aratinga de pinceles	Conure à pinceaux d’or
aratinga de socorro	Conure de Socorro
aratinga de wagler	Conure de Wagler
aratinga frentidorada	Conure couronnée
aratinga frentinaranja	Conure à front rouge
aratinga gorgirroja	Conure à gorge rouge
aratinga guaruba	Conure dorée
aratinga jamaicana	Conure aztèque
aratinga mitrada	Conure mitrée
aratinga orejigualda	Conure à joues d’or
aratinga pechisucia	Conure aztèque
aratinga pechisulfúrea	Conure de Pinto
aratinga pertinaz	Conure cuivrée
aratinga sol	Conure soleil
aratinga testadorada	Conure à tête d’or
aratinga verde	Conure verte
aratinga ñanday	Conure nanday
araña cangrejo	Araignée-crabe
araña de agua	Argyronète
araña de luces	Lustre
araña de mar	Pantopode
arbol de caucho	Caoutchouc
arbol de coca	Cocaïer
arca de agua	Château d’eau
arca de noé	Arche de Noé
arce azucarero	Érable à sucre
arce blanco	Sycomore, érable sycomore
arce campestre	Érable champêtre
arce de azúcar	Érable à sucre
arce de canadá	Érable rouge
arce de montpellier	Érable de Montpellier
arce de virginia	Érable rouge
arce menor	Érable champêtre
arce rojo	Érable rouge
arce rojo americano	Érable rouge
arce sicomoro	Sycomore, érable sycomore
archibebe claro	Chevalier aboyeur
archibebe común	Chevalier gambette
archibebe fino	Chevalier stagnatile
archibebe oscuro	Chevalier arlequin
archivo adjunto	Pièce jointe
archivo anexo	Pièce jointe
archivo de texto	Fichier texte
arcilla en bloque	Argile à blocaux
arcilla mineral	Minéral argileux
arco argumental	Arc narratif
arco ciliar	Arcade sourcilière
arco de triunfo	Arc de triomphe
arco del triunfo	Arc de triomphe
arco desnudo	Arc nu
arco eléctrico	Arc électrique
arco iris	Arc-en-ciel
arco narrativo	Arc narratif
arco suscrito	brève renversée souscrite
arco voltaico	Arc électrique
arcángel amarillo	Lamier jaune
ardilla antílope	Écureuil-antilope
ardilla de la palma de cinco rayas	Funambule à cinq raies claires
ardilla de la palma del norte	Funambule à cinq raies claires
ardilla de las carolinas	Écureuil gris
ardilla de pallas	Écureuil de Pallas
ardilla de prevost	Écureuil de Prévost
ardilla de siberia	Petit-gris
ardilla de tierra antílope	Écureuil-antilope
ardilla gigante india	Écureuil géant de l’Inde
ardilla listada	Tamia
ardilla listada del himalaya	Écureuil rayé de l’Himalaya
ardilla malabar	Écureuil géant de l’Inde
ardilla roja	Écureuil roux
ardilla terrestre	Écureuil terrestre
ardilla voladora	Écureuil volant
ardillón cola redonda	Écureuil terrestre à queue ronde
arena bituminosa	Sable bitumineux
arenas movedizas	Sables mouvants
arenque de lago	Cisco de lac
argento vivo	Vif-argent
argumentar con embelecos	Bonimenter
argumento de autoridad	Argument d’autorité
argumento en contra de	Contre-argumentation
ariete hidrolico	Bélier hydraulique
aristoloquia macho	Aristoloche longue
aristoloquia redonda	Aristoloche à feuilles rondes
aritmética modular	Arithmétique modulaire
arma arrojadiza	Arme de jet
arma biológica	Arme biologique
arma blanca	Arme blanche
arma de destrucción masiva	Arme de destruction massive
arma de doble filo	Arme à double tranchant
arma de fuego	Arme à feu
arma de letalidad reducida	Arme à létalité réduite
arma homicida	Arme du crime
arma no letal	Arme à létalité réduite
arma nuclear	Arme nucléaire, arme atomique
arma semiautomática	Semi-automatique
armadillo gigante	Tatou géant
armado hasta los dientes	Armé jusqu’aux dents
armar caballero	Adouber
armar un lío	Bordéliser
armar-se de coraje	Prendre son courage à deux mains
armarse de coraje	S'armer de courage
armarse de valor	Prendre son courage à deux mains
armas parlantes	Armes parlantes
armonía vocálica	Harmonie vocalique
arnarse de valor	Prendre courage, s'armer de courage
arnica pulguera	Inule des montagnes
arnoldo de mccown	Plectrophane de McCown
arnoldo ventrinegro	Plectrophane à ventre noir
arnoldo ártico	Plectrophane lapon
arnés de seguridad	Ceinture de sécurité
aro acoplado	Main courante
aro común	Gouet d’Italie
aro de pistón	Segment
arpa de boca	Guimbarde
arpa eolia	Harpe éolienne
arpa eólica	Harpe éolienne
arpa láser	Harpe laser
arpía mayor	Harpie féroce
arrancarse el moño	S’arracher les cheveux
arrancarse el pelo	S’arracher les cheveux
arrayan de los pantanos	Piment royal
arrendajo funesto	Mésangeai imitateur
arrendajo o gayo	Geai des chênes
arrendamiento financiero	Bail
arrepentirse de	Regretter
arresto domiciliario	Assignation à résidence
arriba las manos	Haut les mains, mains en l’air, les mains
arrimar el hombro	Mettre la main à la pâte
arrimar uno el ascua a la sardina de	Apporter de l’eau au moulin de
arrojar la primera piedra	Jeter la pierre
arrojar luz	Faire la lumière (sur)
arroz africano	Riz africain
arroz bomba	Riz bomba
arroz cantonés	Riz cantonais
arroz con mango	Binz
arroz de levadura roja	Levure de riz rouge
arroz glutinoso	Riz gluant, riz glutineux
arroz negro	Riz noir
arroz partido	Brisure de riz
arseniuro de galio	Arséniure de gallium
arsénico amarillo	Arsenic jaune
arsénico blanco	Arsenic blanc
arte académico	Art académique
arte callejero	L'art urbain
arte contemporáneo	Art contemporain
arte corporal	Art corporel
arte de la guerra	Art de la guerre
arte efímero	Art éphémère
arte funerario	Art funéraire
arte marcial	Art martial
arte mosano	Art mosan
arte mueble	Art mobilier
arte parietal	Art pariétal
arte plástica	Arts plastiques
arte pobre	Arte povera
arte prehistórico	Art préhistorique
arte prerrománico	Art préroman
arte románico	Art roman
arte rupestre	Art rupestre
arte sonoro	Art sonore
arte y ensayo	Art et Essai
arte óptico	Op art
arteria celíaca	Artère cœliaque
arteria vertebral	Artère vertébrale
artes de la escena	Art de la scène
artes escénicas	Art de la scène
artista plástica	Plasticienne
artista plástico	Plasticien
artículo definido	Article défini
artículo indefinido	Article indéfini
arveja amarilla	Vesce jaune
arveja común	Vesce commune
arveja silvestre	Vesce craque
arvejas partidas	Pois cassés
arvejilla espárrago	Pois asperge
arándano agrio	Canneberge
arándano negro	Myrtille
arándano rojo	Canneberge
as de corazones	As de cœur
ascender a	Monter en grade
ascensor de barcos	Ascenseur à bateaux
asegurador principal	Apériteur
aseo personal	Toilette intime, hygiène personnelle
aseo quirúrgico	Parage
asesina en serie	Tueuse en série
asesinato de honor	Crime d’honneur
asesinato masivo	Tuerie de masse
asesino a sueldo	Tueur à gages, sicaire
asesino en serie	Tueur en série
asfódelo blanco	Asphodèle blanc
asfódelo ramificado	Asphodèle ramifié
asiento delantero	Siège avant
asiento plegable	Strapontin
asignación de género	Assignation de genre
asignación de memoria	Allocation
asignación por desempleo	Allocation chômage
asilo político	Asile politique
asilo psiquiátrico	Asile psychiatrique
asistenta social	Assistante sociale
asistente a domicilio	Auxiliaire de vie
asistente doméstica	Aide à domicile
asistente doméstico	Aide à domicile
asistente social	Assistant social, assistante sociale
asistente técnica sanitaria	Assistante médicale
asistente técnico sanitario	Assistant médical
asno de buridán	Âne de Buridan
aspa de borgoña	Croix de Bourgogne
asperilla olorosa	Aspérule odorante
asperula olorosa	Aspérule odorante
aspirador nasal	Mouche-bébé
aspirar a	Viser
asta de bandera	Mât
asta descendente	Descendante
astrolabio esferico	Sphère armillaire
astrolabio esférico	Sphère armillaire
astronomía de ondas gravitacionales	Astronomie gravitationelle
astronomía de posición	Astrométrie
asturiana de la montaña	Asturienne de montagne
asturiana de los valles	Asturienne des vallées
astuto como un zorro	Malin comme un singe, rusé comme un singe
asunción de la virgen	Assomption
asunción de maría	Assomption
asuntos exteriores	Affaires étrangères
así como	Ainsi que
así es la vida	C’est la vie
así que	Ainsi
así sea	Ainsi soit-il
así y todo	N’empêche que
atajo de teclado	Raccourci clavier
ataque al corazón	Crise cardiaque
ataque cardíaco	Crise cardiaque
ataque de ira	Coup de sang
ataque informático	Cyberattaque
ataque suicida	Attentat-suicide
atender a	Soigner
atentado suicida	Attentat-suicide
atok lisa	(Ullucus tuberosus var. sylvestre)
atracción paronímica	Attraction paronymique
atracción sexual	Sex-appeal
atrapar de un bocado	Happer
atrapar descuidado	Prendre par surprise, prendre au dépourvu
atreu del perú	Amarante réfléchie
atrofia muscular	Fonte musculaire
atún azul	Thon rouge du Nord
atún blanco	Thon jaune, poissons pélagique de la famil
atún claro	Thon jaune, poissons pélagique de la famil
atún de aleta amarilla	Thon jaune, poissons pélagique de la famil
aula invertida	Classe inversée
aulaga morisca	Ajonc de Provence, ajonc des Maures
aun asi	Tout de même
aun cuando	(Suivi du subjonctif) Même si
aunque la mona se vista de seda mona se queda	Le singe est toujours un singe, fût-il pri; Parez un hérisson, il semblera baron
aura gallipavo	Urubu à tête rouge
aura sabanera	Urubu à tête jaune
aura selvática	Grand urubu
aurora boreal	Aurore boréale
aurora polar	Aurore polaire
australian silky terrier	Terrier australien à poil soyeux
autillo chillón	Petit-duc maculé
autillo europeo	Hibou petit-duc
autillo yanqui	Petit-duc maculé
auto bomba	Voiture piégée
auto chocolate	Véhicule enregistré aux États-Unis et impo
auto de comparecencia	Mandat d’amener
auto de fe	Autodafé
automóvil deportivo	Voiture de sport
autoridad parental	Autorité parentale
auxiliar de enfermería	Aide-soignant
auxiliar de laboratorio	Laborantin
auxiliar docente	Assistant d’éducation
avance cinematográfico	Bande-annonce
ave acuática	Sauvagine
ave de caza	Sauvagine
ave de corral	Volaille
ave de mal agüero	Oiseau de mauvais augure
ave de paso	Oiseau migrateur
ave de rapiña	Rapace
ave del paraíso	Strelitzie de la reine
ave del paraíso de alberto	Ptéridophore
ave del paraíso rey de sajonia	Ptéridophore
ave marina	Oiseau de mer
ave migratoria	Oiseau migrateur
ave nocturna	Oiseau de nuit, couche-tard
ave rapaz	Rapace
ave rapaz diurna	Rapace diurne
ave rapiega	Rapace
avefría espinosa	Vanneau à éperons
avefría europea	Vanneau huppé
avefría sociable	Vanneau sociable
avefría tero	Vanneau téro
avellano chileno	Gévuin
avena loca	Folle avoine
aves serpiente	Anhinga
avestruz de américa	Nandou
avetorillo común	Blongios nain
avetorillo panamericano	Petit blongios
avetoro americano	Butor d’Amérique
avetoro común	Butor étoilé
avisador acústico	Avertisseur sonore
avisador sonoro	Avertisseur sonore
avispa asiática	Frelon asiatique
avión a reacción	Avion à réaction
avión anfibio	Aéronef amphibie
avión apagafuegos	Canadair
avión cohete	Avion-fusée
avión comercial	Avion de ligne
avión común	Hirondelle de fenêtre
avión de carga	Avion de transport
avión de caza	Avion de chasse, chasseur
avión de línea	Avion de ligne
avión de papel	Avion de papier, avion en papier
avión de pasajeros	Avion de ligne
avión de transporte	Avion de transport
avión roquero	Hirondelle de rochers
avión supersónico	Avion supersonique
avión zapador	Hirondelle de rivage
avoceta común	Avocette élégante
avutarda común	Outarde barbue
avutarda hubara	Outarde houbara
avutarda kori	Outarde kori
axis calamiano	Cerf calamian
axis de bawean	Cerf de Kuhl
ay caramba	Indique la surprise (généralement positive
ayuda a morir	Aide médicale à mourir
ayuda militar	Aide militaire
ayuda médica a morir	Aide médicale à mourir
ayudante de campo	Aide de camp
ayudante de laboratorio	Laborantin
ayudarse con	S’aider de
ayudarse de	S’aider de
ayudarse mutuamente	S’entraider
ayuno intermitente	Jeûne intermittent
azahar de la china	Nom vernaculaire de Pittosporum tobira ou
azida de hidrógeno	(nom UICPA) Acide azothydrique
aziduro de hidrógeno	Acide azothydrique
azor australiano	Autour australien
azor blanquinegro	Autour noir
azor común	Autour des palombes
azor de alas rufas	Busautour pâle
azor de bürgers	Autour de Bürgers
azor de cara gris	Busautour à joues grises
azor de doria	Autour de Doria
azor de henst	Autour de Henst
azor de las molucas	Autour des Moluques
azor de meyer	Autour de Meyer
azor de nueva bretaña	Autour de Mayr
azor de toussenel	Autour de Toussenel
azor gris	Autour blanc
azor lagartijero claro	Autour chanteur
azor lagartijero oscuro	Autour sombre
azor lagartijero somalí	Autour à ailes grises
azor malgache	Autour de Henst
azor moluqueño	Autour des Moluques
azor moñudo	Autour huppé
azor norteño	Autour des palombes
azor rabilargo	Autour à longue queue
azor rojo	Autour rouge
azor septentrional	Autour des palombes
azor tachiro	Autour tachiro
azor tisa	Busautour aux yeux blancs
azor variable	Autour variable
azor ventrigrís	Autour à ventre gris
azote de barrio	(argot policier) Délinquant, caïd de quart
azucena amarilla	Hémérocalle
azucena turca	Hémérocalle
azufre vegetal	Soufre végétal, lycopode (poudre, spores d
azufre vivo	Soufre natif
azul acero	Bleu acier
azul aciano	Bleu bleuet
azul celeste	Bleu ciel (RAL 5015); Bleu ciel (RAL 5015). #77B5FE
azul cielo	Bleu ciel
azul de azur	Azur
azul de berlin	Bleu de Prusse
azul de cobalto	Bleu de cobalt
azul de gascuña	Bleu de Gascogne
azul de metileno	Bleu de méthylène
azul de prusia	Bleu de Prusse
azul de ultramar	Outremer
azul eléctrico	Bleu électrique
azul majorelle	Bleu Majorelle
azul marino	Marine, bleu marine
azul petróleo	Bleu pétrole
azul ruso	Bleu russe
azul turquesa	Bleu turquoise
azul turquino	Bleu turquin
azul turquí	Bleu turquin
azul verdoso	Turquoise
azulejo de garganta azul	Merlebleu de l’Ouest
azulejo de las montañas	Merlebleu azuré
azulejo garganta canela	Merlebleu de l’Est
azulejo gorjicanelo	Merlebleu de l’Est
azulito angoleño	Cordonbleu d’Angola
azulito carirrojo	Cordonbleu à joues rouges
azulito coroniazul	Cordonbleu cyanocéphale
azulito de senegal	Cordonbleu à joues rouges
azúcar de caña	Sucre de canne
azúcar de flor	Sucre semoule
azúcar de uva	Sucre de raisin (glucose)
azúcar extrafino	Sucre semoule
azúcar flor	Sucre semoule
azúcar glacé	Sucre glace
azúcar glas	Sucre semoule
azúcar granulado	Sucre cristallisé
azúcar impalpable	Sucre semoule
azúcar inflado	Synonyme de fideo inflado
azúcar invertido	Sucre inverti
azúcar mascabado	Sucre muscovado
azúcar morena	Cassonade
azúcar moreno	Cassonade
azúcar nevada	Sucre glace
azúcar sintáctico	Sucre syntaxique
añashua roja	Cichlidé-brochet de Johanna, poisson d’eau
añil basto	Baptisie des teinturiers
año besseliano	Année besselienne
año bisiesto	Année bissextile
año fiscal	Année fiscale
año luz	Année-lumière
año nuevo	Nouvel an
aún así	Quand même
aún más	D’autant plus
babuino de anubis	Babouin olive
babuino oliva	Babouin olive
bacalao común	Morue commune
back office	Arrière-guichet
bagre barbudo	Silure rayé, poisson d’eau douce de la fam
bagre hueso	Poisson-chat épineux, poisson d’eau douce
bagre negro	Poisson d’eau douce siluriforme natif d’Am
bagre pintado	Poisson d’eau douce siluriforme natif d’Am
bagre titán	Mâchoiron titan, poisson de la famille des
bagre yaque	Poisson d’eau douce siluriforme natif d’Am
bailarina estrella	Danseuse étoile
bailarín azul	Manakin à longue queue
bailarín chico	Pipit correndera
baile en barra	Pole dance
baile en el caño	Pole dance
baile en tubo	Pole dance
baja laboral	Congé
baja médica	Congé maladie
baja por enfermedad	Arrêt maladie, congé maladie
baja por maternidad	Congé maternité
baja por paternidad	Congé paternité
baja segregada	Goutte froide
bajada de aguas	Descente d’eau pluviale
bajar a alguien del pedestal	Descendre quelqu’un de son piédestal
bajar a la calle	Descendre dans la rue
bajar la guardia	Baisser la garde
bajo alemán	Bas-allemand
bajo eléctrico	Guitare basse, basse
bajo pueblo	Bas peuple
bajo sajón	Bas-allemand
bajo vientre	Bas-ventre
balanza de muelle	Peson
balinés antiguo	Vieux balinais
ballena asesina	Orque
ballena boreal	Baleine boréale
ballena de groenlandia	Baleine boréale
ballena de los vascos	Baleine franche de l’Atlantique Nord
ballena de minke	Baleine de Minke
ballena de minke común	Petit rorqual
ballena de pico austral	Hypérodon austral
ballena de pico boreal	Baleine à bec commune
ballena franca enana	Baleine pygmée
ballena franca glacial	Baleine franche de l’Atlantique Nord
ballena franca pigmea	Baleine pygmée
ballena gris	Baleine grise
ballena jorobada	Baleine à bosse
ballena pico de botella	Hyperoodon, hypérodon
ballena picuda de bahamonde	Baleine à bec de Travers
ballestera verde	Hellébore vert
balonmano playa	Beach handball
banaja de afeitar	Rasoir
banana esplit	Homme homosexuel
banana japonesa	Bananier du Japon
banana split	Banana split
banco central	Banque centrale
banco de arena	Plature
banco de datos	Base de données
banco de germoplasma	Banque de graines (lieu protégé pour prése
banco de iglesia	Banc d’église
banco de semen	Banque de sperme
banco de semillas	Banque de graines (lieu protégé pour prése; Banque de graines du sol, banque de
banco de trabajo	Établi
banco polarizado	Banc polarisé
banda de concierto	Orchestre d’harmonie
banda de distribución	Courroie de distribution
banda de música	Orchestre d’harmonie
banda de rodamiento	Bande de roulement
banda grande	Big band
banda rugosa	Bande rugueuse
banda sinfónica	Harmonie, orchestre d’harmonie
banda sonora	Bande-son
bandera a cuadros	Drapeau à damier
bandera azul	Pavillon Bleu
bandera blanca	Drapeau blanc
bandera de la diversidad	Drapeau de la fierté
bandera del orgullo	Drapeau de la fierté
bandera roja	Drapeau rouge
banderín de córner	Drapeau de coin
baneo en la sombra	Bannissement furtif
bangkaew tailandés	Bangkaew de Thaïlande
bao partido	Barrotin
bar de cachimbas	Bar à chicha
barba de ballena	Fanon
barba de cabra	Salsifi, salsifi blanc
barbero azul	Chirurgien bleu, chirurgien bayolle
barbero rayado	Chirurgien rayé
barbo común europeo	Barbeau commun, poisson osseux d’eau douce
barbo de montaña	Barbeau méridional
barbudo coronirrojo	Oranvert
barbú torito	Barbotte brune
barco auxiliar	Bateau auxiliaire
barco de bloqueo	Blockship
barco de piedra	Bateau de pierre
barco de vapor	Vapeur
barco hospital	Bateau-hôpital, navire-hôpital
barco sin cubierta	Barque sans toit
barco tortuga	Bateau-tortue
barnacla canadiense	Bernache du Canada
barnacla cariblanca	Bernache nonnette
barnacla carinegra	Bernache cravant
barnacla cuellirroja	Bernache à cou roux
barnacla de hawái	Bernache néné
barniz de uñas	Vernis à ongles
barra americana	Pole dance
barra de desplazamiento	Barre de défilement
barra de herramientas	Barre d’outils
barra de menús	Barre de menus
barra de punto	Point barre
barra de salud	Barre de vie
barra de tareas	Barre des tâches
barra inversa	Barre oblique inverse
barra oblicua	Barre oblique
barra pie de cabra	Pied-de-biche
barra pilar	Pilier de bar
barrenador esmeralda del fresno	Agrile du frêne
barrer para adentro	Apporter de l’eau au moulin de
barrer para casa	Apporter de l’eau au moulin de
barrera bucal	Digue dentaire
barrera de pago	Paywall
barrera de vapor	Pare-vapeur
barrera del sonido	Mur du son
barrera hematoencefálica	Barrière hémato-encéphalique
barriga cervecera	Panse à bière
barril de arenques	Caque
barrilla borde	Soude brûlée
barrio bajo	Bidonville
barrio chino	Quartier chinois, Chinatown
barrita de chocolate	Barre chocolatée
barrita energética	Barre énergétique
barritas de cereales	Barre de céréales
base aérea	Base aérienne
base de conocimiento	Base de connaissances
base de datos	Base de données
base de datos de red	Base de données réseau
base de datos distribuida	Base de données distribuées
base de datos documental	Base de données documentaire
base de datos jerárquica	Base de données hiérarchique
base de datos orientada a columnas	Base de données orientée colonnes
base de datos orientada a documentos	Base de données orientée documents
base de datos orientada a grafos	Base de données orientée graphe
base de datos orientada a objetos	Base de données orientée objet
base de datos relacional	Base de données relationnelle
base de datos xml	Base de données XML
base militar	Base militaire
base por bolas	But-sur-balles
basset artesiano de normandía	Basset artésien normand
basset azul de gascuña	Basset bleu de Gascogne
basset hound	Basset hound
basset leonado de bretaña	Basset fauve de Bretagne
bastoncillo de algodón	Coton-tige
bastón blanco	Canne blanche
bastón de caramelo	Polkagris
bastón de emperador	Rose de porcelaine
bastón de mariscal	Bâton de maréchal
basura doméstica	Ordures ménagères
basurero de mina	Halde
batalla de hernani	Bataille d’Hernani
batalla naval	Touché-coulé
batallón de castigo	Bataillon disciplinaire
batata caliente	Patate chaude
batería de acumuladores	Batterie d’accumulateurs
batería de cocina	Batterie de cuisine
batería del acumulador	Batterie d’accumulateurs
batería externa	Batterie externe
batería flotante	Batterie flottante
batidora de brazo	Mixeur plongeur
batidora de mano	Mixeur plongeur
batidora manual	Mixeur plongeur
batirse en retirada	Battre en retraite
bautismo de fuego	Baptême du feu
bay area thrash metal	Bay Area thrash metal
baya de goji	Baie de goji
baya mágica	Fruit miraculeux
baza africano	Baza coucou
baza australiano	Baza huppé
baza malgache	Baza malgache
baza negro	Baza huppard
baza oriental	Baza de Jerdon
bañarse en agua de rosas	Être aux anges
baño de asiento	Bain de siège
baño de bosque	Sylvothérapie
baño de hormigas	Bain de fourmis
baño de maría	Bain-marie
baño de sangre	Bain de sang
baño maría	Bain-marie
baño público	Toilettes publiques
baño seco ecológico	Toilettes sèches
baño turco	Hammam
baúl de techo	Coffre de toit
be alta	Nom de la lettre latine B/b
be de burro	Bé
be grande	Bé
be larga	Bé
beber como barril sin fondo	Boire comme un trou
beberse la última copa	Boire le coup de l’étrier
bebida alcohólica	Boisson alcoolisée
bebida caliente	Boisson chaude
bebida espirituosa	Spiritueux
bebé de diseño	Bébé sur mesure
bebé medicamento	Bébé-médicament
bebé reborn	Poupée reborn
becerro de oro	Veau d’or
bedlington terrier	Bedlington terrier
bejín perlado	Vesse-de-loup perlée
beleño blanco	Jusquiame blanche
beleño negro	Jusquiame noire
bella dama	Belle-dame
bella de día	Belle-de-jour
bellas artes	Beaux-Arts, beaux-arts
bellas letras	Belles-lettres
ben blanco	Silène enflé
beneficios sociales	Acquis sociaux
berardio de baird	Bérardie de Baird
berberecho común	Coque commune, coque blanche
berberecho erizado	Bucarde à papilles
berberecho espinoso	Bucarde épineuse
berberecho verde	Coque glauque
berenjena de huevo	Plante aux œufs
berrenda colorada	Berrenda rouge
berrenda negra	Berrenda noire
berrenda roja	Berrenda rouge
berro amargo	Cardamine
berro de agua	Cresson de fontaine
berro de huerta	Cresson alénois
berro de jardín	Cresson alénois
berro de pará	Cresson de Para
berro de prado	Cardamine pratensis, la cardamine des prés
berro hortelano	Cresson alénois
berza col	Chou cavalier
berza roja	Chou rouge
berza ácida	Choucroute
beso francés	Baiser florentin
beso negro	Anilingus
beso robado	Baiser volé
bestia de carga	Bête de somme
bestia negra	Bête noire
bezante de plata	Plate
biblioteca de playa	Biblioplage
bicarbonato de sodio	Bicarbonate de sodium
bichito de luz	Luisant
bicho de luz	Ver luisant, luciole
bichon de pelo rizado	Bichon à poil frisé
bichón boloñés	Bichon bolonais
bichón habanero	Bichon havanais
bichón maltés	Bichon maltais
bicicleta de mercancías	Vélo cargo, vélo-cargo
bicicleta de montaña	VTT, bicyclette de montagne
bicicleta de sprinta	Vélo de piste
bicicleta estática	Vélo stationnaire
bicicleta todo terreno	VTT
bien común	Bien commun
bien dotado	Bien membré
bien educado	Bien élevé
bien está lo que bien acaba	Tout est bien qui finit bien
bien hecho	Bien fait, bien joué
bien raíz	Immobilier
biene inmueble	Bien immeuble
bienes comunes digitales	Communs numériques
bienes de abadengo	Biens qui étaient situés sur le territoire
bienes de consumo	Biens de consommation
bienes muebles	Meuble
bienmesabe antequerano	Gâteau d’amandes et sirop de cédrat, spéci
big band	Big band
big bang	Big Bang, Grand Boum, grand boum
billar francés	Billard français
billete de plataforma	Ticket de quai
billete de raspa y gana	Jeu à gratter, jeu de grattage
binaridad de género	Binarité de genre
binariedad de género	Binarité de genre
biología evolutiva del desarrollo	Biologie évolutive du développement
bisbita arbóreo	Pipit des arbres
bisbita campestre	Pipit rousseline
bisbita de hodgson	Pipit à dos olive
bisbita de richard	Pipit de Richard
bisbita del pechora	Pipit de la Petchora
bisbita gorgirrojo	Pipit à gorge rousse
bisbita patilargo	Pipit de Richard
bisbita pratense	Pipit farlouse
bisbita ribereño alpino	Pipit spioncelle
bisbita ribereño costero	Pipit maritime
bismuto rosa	Sous-salicylate de bismuth
bisonte europeo	Bison d’Europe
bit de paridad	Bit de parité
bizcocho de especias	Pain d’épice
bizcocho de saboya	Gâteau de Savoie
bizcocho espacial	Space cake
bizcocho marmoleado	Marbré
bizcochuelo espacial	Space cake
biznaga barril de lima	Cactus citron mexicain
biércol merino	Bruyère callune
black metal	Black metal
blanca de asso	Semi-apollon
blanca de la col	Piéride du chou, papillon blanc, Pieris br
blanca doble	Double-blanc
blanca navidad	Noël blanc
blanco apagado	Blanc cassé
blanco como el papel	Blanc comme un linge
blanco de abusos	Souffre-douleur
blanco de ataques	Souffre-douleur
blanco de burlas	Souffre-douleur
blankkapa gruo	Grue moine
bledos molles	Arroche
blenio de río	Blennie fluviatile
blind football	Cécifoot
bloody mary	Bloody mary
bloque de cilindros	Bloc-cylindres
bloque de constitucionalidad	Bloc de constitutionnalité
bloque de lijado	Cale à poncer
bloque del motor	Bloc-moteur
bloque errático	Bloc erratique
bloqueador solar	Crème solaire
bloqueadore de los canales de calcio	Inhibiteur calcique
blu-ray disc	Blu-ray
blues rock	Blues rock
bob cut	Coiffure à la garçonne
bobina de tesla	Bobine Tesla
bobina del encendido	Bobine d’allumage
bobtail japonés	Bobtail japonais
boca a boca	Bruit qui court, bouche à oreille
boca abajo	cul par-dessus tête, les quatre fers en l’
boca de dragón	Gueule-de-loup
boca de hombre	Trou d’homme
boca de incendio	Bouche d’incendie
boca de sapo	Mélipone
bocachico coliamarillo	Jaraqui, poisson d’eau douce de la famille
bocadito de nata	Chou à la crème
bocado de adán	Pomme d’Adam
bocina de alimentación	Cornet d’alimentation
bodas de oro	Noces d’or
boj común	Buis commun
bol arménico	Bol d’Arménie
bol tibetano	Bol chantant, bol tibétain
bola de berlín	Boule de Berlin, bola de Berlim
bola de bichat	Corps adipeux de la joue
bola de cristal	Boule de cristal
bola de fraile	Bola de Berlim
bola de golf	Balle de golf
bola de paja	Virevoltant
bola de remolque	Boule d’attelage
bola mala	Balle
bola para el té	Boule à thé
bolas criollas	Jeux de boules analogue à la pétanque prat
boleto amargo	Bolet de fiel
boleto anillado	Bolet jaune
boleto bayo	Bolet bai
boleto de carne amarilla	Bolet à chair jaune
boleto de satanás	Bolet Satan
boleto elegante	Bolet élégant
boleto picante	Bolet poivré
boletín de novas	Lettre d’information
boletín informativo	Lettre d’information, infolettre
bollo de leche	Brioche
bolsa de agua caliente	Bouillotte
bolsa de aire	Airbag
bolsa de algodón	Tote bag, tote-bag
bolsa de aseo	Trousse de toilette
bolsa de compras	Sac à provisions
bolsa de dormir	Sac de couchage
bolsa de gatos	Sac de nœuds
bolsa de la basura	Sac poubelle
bolsa de mano	Sac à main
bolsa de pastor	Bourse-à-pasteur (plante)
bolsa de plástico	Sac plastique
bolsa de valores	Bourse des valeurs
bolsa del pastor	Bourse-à-pasteur
bolsa nevera	Sac isotherme
bolso de mano	Sac à main
bolón de verde	Boulette frite constituée de bananes plant
bomba atómica	Bombe atomique, bombe A, bombe à fission
bomba centrífuga	Pompe centrifuge
bomba de bicicleta	Pompe à vélo
bomba de carbono	Bombe carbone
bomba de engranajes	Pompe à engrenages
bomba de fisión	Bombe atomique, bombe A, bombe à fission
bomba de hidrógeno	Bombe à hydrogène, bombe H, bombe thermonu
bomba de hormigón	Pompe à béton
bomba de humo	Fumigène
bomba de insulina	Pompe à insuline
bomba de membrana	Pompe à membrane
bomba de neutrones	Bombe à neutrons, bombe à rayonnement renf
bomba de radiación directa incrementada	Bombe à neutrons, bombe à rayonnement renf
bomba de radiación forzada	Bombe à neutrons, bombe à rayonnement renf
bomba de relojería	Bombe à retardement
bomba de sentina	Pompe de cale
bomba de vacío	Pompe à vide
bomba fétida	Boule puante
bomba h	Bombe à hydrogène, bombe H, bombe thermonu
bomba hidráulica de cadena	Pompe à chapelet
bomba impelente	Pompe foulante
bomba incendiaria	Bombe incendiaire
bomba n	Bombe à neutrons, bombe à rayonnement renf
bomba peristáltica	Pompe péristaltique
bomba rotativa de paletas	Pompe à palettes
bomba sexual	Bombe sexuelle
bomba termonuclear	Bombe thermonucléaire, bombe à hydrogène,
bomba térmica de fusión	Bombe thermonucléaire, Bombe à hydrogène,
bombeo eólico	Pompe à vent, pompe éolienne, éolienne de pompage
bon vivant	Bon vivant
bonete de cura	Fusain d’Europe
bonito del atlántico	Bonite à dos rayé
bono de dinero en efectivo	Bon de caisse
bono para la caja	Bon de caisse
bordear la costa	Côtoyer
border terrier	Border terrier
bordón de pelegrino	Bourdon de pèlerin
borla de fraile	Bola de Berlim
bosque abierto	Forêt claire
bosque de bambú	Forêt de bambous
bosque de galería	Forêt-galerie
bosque de lianas	Forêt de lianes
bosque de noruega	Chat des forêts norvégiennes
bosque en galería	Forêt-galerie
bosque galería	Ripisylve
bosque primario	Forêt primaire
bosque primigenio	Forêt primaire
bosque secondario	Forêt secondaire
bosque virgen	Forêt vierge
bossa nova	Bossa nova
boston terrier	Terrier de Boston
bosón de higgs	Boson de Higgs
bosón w	Boson W
bosón z	Boson Z
bot conversacional	Dialogueur
bot de charla	Dialogueur
bota de fútbol	Chaussure de football
botas de nieve	Après-ski
bote de pintura	Pot de peinture
bote de té	Théière
bote salvavidas	Canot de sauvetage
bote volador	Hydravion à coque
botella de klein	Bouteille de Klein
botón antiaplastamiento	Bouton anti-écrasement
botón de francia	Renoncule à feuilles d’aconit
botón de oro	Renoncule
bovino de heck	Aurochs de Heck
boxeo tailandés	Boxe thaïlandaise
boya salvavidas	Bouée de sauvetage
boyero de appenzell	Bouvier de l’Appenzell
boyero de berna	Bouvier bernois
boyero de entlebuch	Bouvier de l’Entlebuch
boyero de flandes	Bouvier des Flandres
boyero de las ardenas	Bouvier des Ardennes
bracco italiano	Braque italien
braco alemán de pelo corto	Braque allemand
braco alemán de pelo duro	Braque allemand à poil dur
braco de auvernia	Braque d’Auvergne
braco de borbón	Braque du Bourbonnais
braco de puy	Braque du Puy
braco de saint germain	Braque Saint-Germain
braco de weimar	Braque de Weimar
braco francés	Braque français
braco húngaro	Braque hongrois à poil court
braco tirolés	Brachet tyrolien
braguita brasileña	Slip brésilien
branca ursina	Berce, berce sphondyle
branca ursina falsa	Berce géante
branta roja	Nette rousse (Netta rufina)
brazo de gitano	Sorte de gâteau roulé
brazo de moza	Bec-en-canard tacheté, poisson d’eau douce
brazo muerto	Bras mort
brea de abedul	Goudron de bouleau, poix de bouleau, brai de bouleau
brecha digital	Fracture numérique
brecha volcánica	Brèche volcanique
brema blanca	Brème bordelière
brezo blanco	Bruyère arborescente
brezo ceniciento	Bruyère cendrée
brezo común	Bruyère callune
brezo de escobas	Bruyère
brezo de invierno	Bruyère à nombreuses fleurs
brezo de turbera	Bruyère quaternée
brie de meaux	Brie de Meaux
brillar por su ausencia	Briller par son absence
brillo de labios	Gloss
brionia negra	Tamier, tamier commun
brisa marina	Brise de mer
broca cnc	Foret NC
brocha de afeitar	Blaireau, brosse de rasage
broche aprietapapel	Pince-notes
broma privada	Private joke
bromas aparte	Blague à part
brote de rayos gama	Sursaut gamma, sursaut de rayons gamma
brote psicótico	Crise psychotique
bruno del jura	Bruno du Jura
brutalidad policial	Violence policière
buceo de competición	Plongée sportive
buchón colillano	Colillano
bucle de latham	Boucle de Latham
bucle local	Boucle locale
budín de pan	Pouding au pain
buen día	Bonjour
buen humor	Bonne humeur
buen provecho	Bon appétit
buen samaritano	Bon Samaritain
buen tiempo	Beau temps
buen viaje	Bon voyage
buena ama de casa	Fée du logis
buena fe	Bonne foi
buena mano	Coup de main
buena suerte	Fortune
buena voluntad	Bonne volonté
buenas noches	Bonne nuit; Bonsoir
buenas tardes	Bonjour, bonsoir
bueno como un cordero	Doux comme un agneau
buenos días	Bonjour
buey almizclero	Bœuf musqué
buey de mar	Tourteau
buganvillea menor	Bougainvillée glabre
buglosa de creta	Vipérine de Crète
buhund noruego	Buhund norvégien
buitre leonado	Vautour fauve
buitre negro	Vautour moine
buitre negro americano	Urubu noir
buitre palmero	Palmiste africain
buitre torgo	Vautour oricou
bula de oro	Chrysobulle, bulle d’or
bula papal	Bulle pontificale
bula pontificia	Bulle pontificale
bulbo castaño	Châtaigne de terre
bulbo raquídeo	Bulbe rachidien
bull terrier	Bull terrier
bulldog americano	Bouledogue américain
bulldog francés	Bouledogue français
bulldog inglés	Bouledogue anglais
bulto de mano	Bagage à main
buque de carga	Cargo
buque gemelo	Navire jumeau, navire-jumeau
buque insignia	Navire amiral
buque nodriza	Navire-mère
burbuja de filtros	Bulle de filtres
burbuja de mercado	Bulle spéculative
burbuja económica	Bulle spéculative
burbuja especulativa	Bulle spéculative
burbuja financiera	Bulle spéculative
burgo podrido	Bourg pourri
burgués bohemio	Bourgeois-bohème
burlando a	À l’insu de
burlarse de	S’amuser
busardo alimfo	Busautour pâle
busardo carigrís	Busautour à joues grises
busardo de harris	Buse de Harris, buse à ailes marron
busardo gavilán	Autour unibande
busardo langostero	Busautour des sauterelles
busardo mixto	Buse de Harris, buse à ailes marron
busardo moro	Buse féroce
busardo sabanero	Buse roussâtre
busardo tisa	Busautour aux yeux blancs
buscante de trabajo	Demandeur d’emploi, demandeuse d’emploi
buscar el pelo en el huevo	Chercher le poil dans l’œuf
buscar tres pies al gato	Pinailler
buscar una aguja en un pajar	Chercher une aiguille dans une botte de fo
buscarla fluvial	Locustelle fluviatile
buscarla pintoja	Locustelle tachetée
buscarla unicolor	Locustelle luscinoïde
buscarle el pelo al huevo	Chercher le poil dans l’œuf
buscarle pelos al huevo	Pinailler
buzón de voz	Boîte vocale
buñuelo de viento	Pet-de-nonne
báculo de esculapio	Bâton d’Esculape
báculo de jacob	Arbalestrille
bígaro chato	Littorine obtuse
bígaro común	Brelin noir
bóveda celeste	Voûte céleste
búbalo común	Bubale roux
búfalo africano	Buffle d’Afrique
búfalo cafre	Buffle d’Afrique
búfalo de el cabo	Buffle d’Afrique
búho americano	Grand-duc d’Amérique
búho campestre	Hibou des marais
búho chico	Hibou moyen-duc
búho común americano	Grand-duc d'Amérique
búho cornudo	Grand-duc d'Amérique
búho de virginia	Grand-duc d'Amérique
búho del ártico	Harfang des neiges
búho grande	Grand-duc d'Amérique
búho real	Grand-duc, hibou grand-duc
búho terrestre	Chevêche des terriers
búnker barraqueta	Nom donné au blavérisme à ses débuts
búo nival	Harfang des neiges
ca de bestiar	Berger de Majorque
caballero de malta	Chevalier de Malte
caballero quemado	Tricholome brûlé
caballito de mar	Hippocampe
caballito de mar común	Hippocampe à museau court
caballito del diablo	Libellule
caballito del diablo azul	Caloptéryx vierge
caballito del diablo esmeralda	Leste sauvage
caballo andaluz	Pure race espagnole
caballo balancín	Dada
caballo capón	Hongre
caballo criollo	Criollo
caballo de bastos	Cavalier de bâton
caballo de frisia	Cheval de frise
caballo de merens	Mérens
caballo de przewalski	Cheval de Przewalski
caballo de raza lipizzana	Lipizzan
caballo de raza árabe	Pur-sang arabe
caballo de troya	Cheval de Troie
caballo de vapor	Cheval-vapeur
caballo losino	Losino
caballo lusitano	Lusitanien
caballo nokota	Nokota
cabello hecho un lío	Cheveux en bataille
cabeza a cabeza	Ex aequo
cabeza abajo	La tête en bas
cabeza de ajo	Gousse d’ail, caïeu d’ail
cabeza de ajos	Gousse, tête d’ail
cabeza de chorlito	Tête de linotte
cabeza de moro	Tête de Maure
cabeza de negro	Cerisier bâtard
cabeza de pene	Tête de nœud, tronche de cake
cabeza de puente	Tête de pont
cabeza de rodilla	Personne chauve
cabeza de tornillo	Tête de vis
cabeza de turco	Bouc émissaire, tête de Turc
cabeza loca	Tête brûlée
cabezón oliva	Oranvert
cabina de peaje	Gare de péage
cabina de teléfonos	Cabine téléphonique
cabina de votación	Isoloir
cabina de voto	Isoloir
cabina electoral	Isoloir
cabina telefónica	Cabine téléphonique
cable coaxial	Câble coaxial
cable puente	Cavalier
cables de arranque	Câbles de démarrage
cabra de angora	Chèvre angora
cabra doméstica	Chèvre domestique
cabra expiatoria	Chèvre émissaire
cabra montesa	Bouquetin
cabra montés	Bouquetin
cabra murciano-granadina	Chèvre murciano-granadina
cabra salvaje de los alpes	Bouquetin des Alpes
cabrio invertido	Mantelé renversé
cacao blanco	Cupuassu
cacatúa abanderada	Cacatoès de Leadbeater
cacatúa blanca	Cacatoès blanc
cacatúa cavadora	Cacatoès laboureur
cacatúa colirroja	Cacatoès banksien
cacatúa de las salomón	Cacatoès de Ducorps
cacatúa de las tanimbar	Cacatoès de Goffin
cacatúa enlutada	Cacatoès noir
cacatúa filipina	Cacatoès des Philippines
cacatúa fúnebre coliamarilla	Cacatoès funèbre
cacatúa fúnebre piquicorta	Cacatoès à rectrices blanches
cacatúa fúnebre piquilarga	Cacatoès de Baudin
cacatúa galah	Cacatoès rosalbin
cacatúa galerita	Cacatoès à huppe jaune
cacatúa gangang	Cacatoès à tête rouge
cacatúa lustrosa	Cacatoès de Latham
cacatúa moluqueña	Cacatoès à huppe rouge
cacatúa ninfa	Calopsitte
cacatúa oftálmica	Cacatoès aux yeux bleus
cacatúa picofina	Cacatoès nasique
cacatúa sanguínea	Cacatoès corella
cacatúa sulfúrea	Cacatoès soufré
cacería de brujas	Chasse aux sorcières
cachalote enano	Cachalot nain
cachalote pigmeo	Cachalot pygmée
cachama roja	Pacu
cactus de navidad	Cactus de Noël, phyllocactus
cada adulador vive a expensas del oyente	Tout flatteur vit aux dépens de celui qui l’écoute
cada cual	Chacun
cada día	Quotidiennement
cada gorrión con su espigón	Qui se ressemble s’assemble
cada loco con su tema	Chacun voit midi à sa porte
cada oveja con su pareja	Qui se ressemble s’assemble
cada santo pide por su ermita	Chaque prêtre loue ses reliques
cada soldado lleva un bastón de mariscal en su bolsillo	Tout soldat porte dans sa giberne le bâton de maréchal
cada una	Chacun
cada uno	Chacun
cada uno alega en derecho de su dedo	Apporter de l’eau au moulin de
cada uno quiere llevar el agua a su molino y dejar en seco el del vecino	Apporter de l’eau au moulin de
cada uno recoge lo que siembra	Qui sème le vent récolte la tempête
cada uno tiene lo que se merece	Chacun est l’artisan de sa fortune
cada vez	À tous les coups
cada vez menos	De moins en moins
cada vez más	De plus en plus
cada vez peor	De pire en pire
cadena alimentaria	Chaîne alimentaire
cadena comercial	Chaîne de magasins, chaine de magasins
cadena de abastecimiento	Chaîne d’approvisionnement
cadena de bloques	Chaîne de blocs, chaine de blocs
cadena de caracteres	Chaîne de caractères
cadena de mando	Chaîne de commandement
cadena de suministro	Chaîne d’approvisionnement
cadena lateral	Chaîne latérale
cadena logística	Chaîne logistique
cadena perpetua	Condamnation à perpétuité, emprisonnement à perpétuité
cadena respiratoria	Chaîne respiratoire
cadenas de nieve	Chaîne à neige
cadenas para la nieve	Chaîne à neige
cadáver exquisito	Cadavre exquis
caer chuzos de punta	Pleuvoir à verse, pleuvoir à seaux, pleuvoir des hallebardes
caer como una losa	Tomber comme un couperet
caer de la cama	Tomber du lit
caer de la sarten al fuego	De Charybde en Scylla, tomber de Charybde en Scylla
caer de las nubes	Tomber des nues
caer en manos	Tomber aux mains
caer en picado	Dégringoler, plonger brusquement
caer enfermo	Tomber malade
caer la lluvia a cántaros	Pleuvoir à verse
cafe tostado	Café torréfié
cafetera de pistón	Cafetière à piston
cafetera de émbolo	Cafetière à piston
cafetera francesa	Cafetière à piston
cafetera napolitana	Cafetière napolitaine
cafetería de reparación	Repair café
cafeto arábigo	Caféier d’Arabie
café a la turca	Café à la turque
café aguado	Jus de chaussette
café americano	Café américain
café arábica	Caféier d’Arabie
café arábigo	Café turc
café cantante	Café-concert
café con hielo	Café glacé
café con leche	Café au lait
café con una nube	Café noisette
café de comercio justo	Café équitable
café de diente de león	Café de pissenlit
café de gatos	Bar à chats
café de la china	Vesce à café
café del tiempo	Café de type expresso dans lequel on ajout
café irlandés	Café irlandais
café largo	Café long, café allongé, lungo
café molido	Café moulu
café robusta	Caféier robusta
café solo	Café simple, sous-entendu sans lait ou crè
café turco	Café turc
cagarse de miedo	Trouille
caida libre	Chute libre
caimán de orinoco	Crocodile de l’Orénoque
caimán del río misisipi	Alligator d’Amérique
cairn terrier	Cairn terrier
caja clara	Caisse claire
caja de ahorros	Caisse d’épargne
caja de botones para los preguntones	La curiosité est un vilain défaut, express
caja de botín	Loot box
caja de cambios	Boîte de vitesses
caja de caramelos	Bonbonnière
caja de caudales	Coffre-fort
caja de herramientas	Boîte à outils, caisse à outils
caja de música	Boîte à musique
caja de pandora	Boîte de Pandore
caja de recompensas	Loot box
caja de resonancia	Caisse de résonance
caja de velocidades	Boîte de vitesses
caja fuerte	Coffre-fort
caja negra	Boîte noire
caja sorpresa	Diable en boîte
caja tonta	Télévision, programmes télévisés
caja torácica	Cage thoracique
caja y espiga	Tenon et mortaise
cajas chinas	Mise en abyme
cajero automático	Distributeur automatique de billets
cajeta moteada	Chirurgien-clown, chirurgien rayé
cajista tipógrafo	Compositeur-typographe
cajón de sastre	Fourre-tout
cal apagada	Chaux éteinte
cal clorada	Hypochlorite de calcium
cal viva	Chaux vive
calabaza acanalada	Courge cannelée
calabaza blanca	Courge cireuse
calabaza china	Courge cireuse
calabaza costillada	Courge cannelée
calabaza hiedra	Tindola
calamar colosal	Calmar colossal
calamar gigante	Calmar géant
calambre menstrual	Crampe menstruelle
calamento de montaña	Thé d’Aubrac
calancate ala roja	Conure pavouane
calancate cara roja	Conure mitrée
calancate común	Conure à tête bleue
calandria aliblanca	Alouette leucoptère
calandria común	Calandre
calandria negra	Alouette nègre
calculadora científica	Calculatrice scientifique
calderón común	Globicéphale commun
calderón gris	Dauphin de Risso
caldo de la vida	Soupe primordiale
caldo primario	Soupe primordiale
caldo primigenio	Soupe primordiale
caldo primitivo	Soupe primordiale
caldo primordial	Soupe primordiale
caldo químico	Soupe primordiale
calefacción central	Chauffage central
calendario de adviento	Calendrier de l’Avent
calendario de vacunaciones	Calendrier vaccinal
calendario de vacunación	Calendrier vaccinal
calendario de vacunas	Calendrier vaccinal
calendario gregoriano	Calendrier grégorien
calendario hebreo	Calendrier hébraïque
calendario judío	Calendrier hébraïque
calendario juliano	Calendrier julien
calendario lunar	Calendrier lunaire
calendario vacunal	Calendrier vaccinal
calentador de cama	Bassinoire
calentamiento climatico	Réchauffement climatique
calentamiento global	Réchauffement climatique
calentamiento mundial	Réchauffement climatique
calentar la cabeza	Rebattre les oreilles
calentar la cama	Bassiner
calidad de vida laboral	Qualité de vie au travail
calidad del empleo	Qualité de vie au travail
calienta biberones	Chauffe-biberon
california spangled	California spangled
caliza de algas	Calcaire algaire
caliza oolítica	Calcaire oolitique
callar la boca	Tenir sa langue
calle peatonal	Rue piétonne
calle sin salida	Cul-de-sac, voie sans issue
callejon sin salida	Cul-de-sac
callejón sin salida	Impasse
calmar la sed	Désaltérer
calor específico	Capacité thermique massique, capacité ther
calor másico	Capacité thermique massique, capacité ther
calota de hielo	Calotte polaire
calta palustre	Caltha des marais, populage des marais
calzada romana	Voie romaine
caléndula campestre	Souci des champs
cama alta	Lit mezzanine
cama con dosel	Baldaquin
cama de huesos	Lit à ossements
cama de procusto	Lit de Procuste
cama nido	Lit gigogne
cama supletoria	Lit d’appoint
camachuelo alirrojo	Roselin à ailes roses
camachuelo carminoso	Roselin cramoisi
camachuelo colilargo	Roselin à longue queue
camachuelo común	Bouvreuil pivoine
camachuelo de pallas	Roselin rose
camachuelo de thura	Roselin de Thura
camachuelo del sinaí	Roselin du Sinaï
camachuelo desertícola	Roselin de Lichtenstein
camachuelo dorsirrojo	Roselin à dos rouge
camachuelo grande	Roselin tacheté
camachuelo mongol	Roselin de Mongolie
camachuelo oscuro	Roselin sombre
camachuelo picogrueso	Durbec des sapins
camachuelo trompetero	Roselin githagine
camachuelo vinoso	Roselin vineux
camaleón rojo	Bolet de fiel
cambiar de tema	Du coq à l’âne
cambiar la idea	Changer d’avis (changer d’avis comme de ch
cambiar la tocata	Changer de disque
cambio climático	Changement climatique
cambio de aceite	Changement d’huile
cambio de agujas	Aiguillage
cambio de impresiones	Échange de vues
camello arábigo	Dromadaire
camello asiático	Chameau de Bactriane
camello bactriano	Chameau de Bactriane
camino de	Vers, en direction de
camino de sirga	Chemin de halage
camino excavado	Chemin creux
camino hueco	Chemin creux
camino hundido	Chemin creux
camisa de fuerza	Camisole de force
camisa parda	Chemise brune
camiseta de asillas	Marcel, débardeur
camiseta de gira	T-shirt de tournée
camiseta de gira de conciertos	T-shirt de tournée
camiseta de tirantes	Marcel
camión bañera	Tombereau
camión cisterna	Camion-citerne
camión de ganado	Bétaillère
camión volquete	Camion benne
camote de puebla	Confiserie élaborée à partir de purée de p
camote poblano	Confiserie élaborée à partir de purée de p
campamento de verano	Colo
campamento educativo	Colo
campana extractora	Hotte aspirante
campanera de nueva zelanda	Méliphage carillonneur
campanilla aglomerada	Ganteline
campanilla de febrero	Perce-neige
campanilla de invierno	Perce-neige
campanilla de las dunas	Liseron des dunes
campanilla de las nieves	Perce-neige
campanilla de pobres	Liseron de Biscaye
campanilla lanuda	Liseron laineux
campanilla montañesa	Liseron de Biscaye
campeona olímpica	Championne olympique
campeón olímpico	Champion olympique
campo aéreo	Aérodrome
campo b	Champ B
campo cromático	Champ chromatique
campo de batalla	Champ de bataille
campo de concentración	Camp de concentration
campo de exterminio	Camp de la mort
campo de fuerza	Champ de force
campo de higgs	Champ de Higgs
campo de internamiento	Camp de concentration
campo electromagnético	Champ électromagnétique
campo gravitatorio	Champ gravitationnel
campo h	Champ H
campo léxico	Champ lexical
campo magnético	Champ magnétique
campo magnético terrestre	Champ magnétique terrestre
campo semántico	Champ sémantique
campo vectorial	Champ vectoriel
camí de roses	Chemin de roses
canal alfa	Canal alpha
canal de riego	Canal d’irrigation
canario doméstico	Canari
canario oropéndola	Linurge loriot
canario silvestre	Canari
canastera alinegra	Glaréole à ailes noires
canastera común	Glaréole à collier
canción de cuna	Berceuse
canción patriótica	Chant patriotique
candela por metro cuadrado	Candela par mètre carré
candidata libre	Candidate libre
candidato libre	Candidat libre
candil de piedra	Poisson-soldat à bande noire
candil manchado	Poisson-écureuil sombre
candil piñón	Poisson-soldat à œillères
candil rufo	Poisson-soldat à longues épines
candil sable	Poisson-écureuil géant, poisson-écureuil sabre
cane corso	Cane corso
cane da pastore croato	Berger croate
canela estriada	Azuré porte-queue
canelero chino	Cannelier de Chine
cangrejo azul	Crabe bleu, crabe bleu américain
cangrejo azul terrestre	Crabe de terre
cangrejo de los cocoteros	Crabe voleur, crabe de cocotier
cangrejo de mar	Crabe
cangrejo de porcelana	Crabe porcelaine
cangrejo de porcelana peludo	Porcellane grise
cangrejo de río	Écrevisse
cangrejo ermitaño	Bernard-l’hermite
cangrejo flecha	Crabe flèche
cangrejo patudo	Crabe à sardine
cangrejo yeti	Galathée yéti
canguro arborícola de huon	Dendrolague de Matschie
canguro rata	Potorou
canne a sucre	Canne de sucre
canoa plegadiza	Berthon
canquén colorado	Ouette à tête rousse
cantante de ópera	Cantatrice, cantateur
cantar de los cantares	Cantique des Cantiques
cantar la palinodia	Chanter la palinodie
cantera de arena	Sablière, sablonnière
cantera de grava	Gravière
cantidad de movimiento	Quantité de mouvement
cantidad de sustancia	Quantité de matière
canto del cisne	Chant du cygne
canto fúnebre	Thrénodie
canto gregoriano	Chant grégorien
canto llano	Plain-chant
canto rodado	Galet
capa de hielo	Verglas, calotte glaciaire
capa de ozono	Couche d’ozone
capacidad calorífica	Capacité thermique, capacité calorifique
capacidad calorífica específica	Capacité thermique massique, capacité ther
capacidad calorífica másica	Capacité thermique massique, capacité ther
capacidad calorífica volumétrica	Capacité thermique volumique, chaleur volu
capacidad de compra	Pouvoir d’achat
capacidad térmica	Capacité thermique, capacité calorifique
capacidad térmica específica	Capacité thermique massique, capacité ther
capacidad térmica másica	Capacité thermique massique, capacité ther
capear el temporal	Faire le dos rond
capilla ardiente	Chapelle ardente
capital social	Capital social
capitalismo arcoiris	Capitalisme arc-en-ciel
capitalismo de estado	Capitalisme d’État
capitalismo de vigilancia	Capitalisme de surveillance
capitalismo rosa	Capitalisme rose
capitulaciones matrimoniales	Contrat de mariage
capitán de navío	Cap’ de vau
captador solar	Capteur solaire
captura al paso	Prise en passant
captura de pantalla	Capture d’écran
capucha de soultz	Huppé de Soultz
cara a cara	Face à face
cara de culo	Face de rat
cara o cruz	Pile ou face
carabela portuguesa	Caravelle portugaise, physalie
carabo lapón	Chouette lapone
caracol de borgoña	Escargot de Bourgogne
caracol de labio blanco	Escargot des jardins
caracol de pascal	Limaçon de Pascal
caracol de quimper	Escargot de Quimper
caracol europeo	Escargot turc
caracol gigante africano	Escargot géant d’Afrique
caracol moro	Escargot des bois
caracol moteado	Escargot de Quimper
caracol parduzco	Petit-gris
caracol tonel	Dolium géant
carajuelo oscuro	Poisson-écureuil sombre
carajuelo rufo	Poisson-soldat à longues épines
caramelo de mantequilla	De caramel au beurre salé; Caramel au beurre salé
carbonato amónico	Carbonate d’ammonium
carbonato de amonio	(nom UICPA) Carbonate d’ammonium
carbonato de calcio	Carbonate de calcium
carbonato de diamonio	Carbonate d’ammonium
carbonero común	Mésange charbonnière
carbonero garrapinos	Mésange noire
carbonero lugubre	Mésange lugubre
carbonero montano	Mésange boréale
carbonero palustre	Mésange nonnette
carboneros y moras	Moridé
carburo de calcio	Carbure de calcium
carburo de tungsteno	Carbure de tungstène
carburo de wolframio	Carbure de tungstène
carbón activado	Charbon actif
carbón activo	Charbon actif, charbon activé
carbón sapropélico	Charbon sapropélique
carbón vegetal	Charbon de bois
cardo abadejo	Oursin bleu
cardo amatista	Panicaut améthyste
cardo arzolla	Cardoncelle de Montpellier
cardo corredor	Panicaut champêtre
cardo cuco	Carline en corymbe
cardo de jilgueros	Chardon de Syrie
cardo de mar	Panicaut maritime
cardo de siria	Chardon de Syrie
cardo del demonio	Onoporde d’Illyrie
cardo mariano	Chardon-Marie
cardo marino	Panicaut maritime
cardo setero	Panicaut champêtre
cardo yesquero	Oursin bleu
carecer de	Faire défaut
carga de color	Charge de couleur
carga eléctrica	Charge électrique (quantité d’électricité); Charge électrique (nombre quantique
carga eléctrica elemental	Charge élémentaire
carga social	Charges sociales
cargador de batería	Chargeur de batterie
cargar con	Endosser
cargar el muerto a alguien	Porter le chapeau
carne de caballo	Cheval
carne de caza	Gibier
carne de cañón	Chair à canon
carne guisada	Carne guisada
carnero de berbería	Mouflon à manchettes
carnicería equina	Boucherie chevaline
carpa dorada	Poisson rouge
carpa plateada	Carpe argentée
carpe diem	Carpe diem
carpe negro	Charme-houblon
carpe oriental	Charme d’Orient (Carpinus orientalis), pet
carpeta colgante	Dossier suspendu
carpintero de pechera	Pic flamboyant
carpintero escapulario	Pic flamboyant
carpín dorado	Poisson rouge
carraca europea	Rollier d’Europe
carrasco espinoso	Chabot commun
carrera contrarreloj	Course contre la montre
carrera de embolsados	Course en sac
carrera de montaña	Course de côte
carrera de orientación	Course d’orientation
carrera de sacos	Course en sac
carrera lisa	Course de plat
carreras de carros	Course de chars
carretera nacional	Route nationale
carretilla apiladora	Gerbeur
carretilla de carga	Diable
carretilla elevadora	Chariot élévateur
carretilla elevadora telescópica	Chariot télescopique
carretilla portaequipaje	Chariot à bagages
carretilla portaequipajes	Chariot à bagages
carretilla pórtico	Chariot cavalier
carretón de playa	Luzerne marine
carricero común	Rousserolle effarvatte
carricero de blyth	Rousserolle des buissons
carricero políglota	Rousserolle verderolle
carricero tordal	Rousserolle turdoïde
carricerín cejudo	Phragmite aquatique
carricerín común	Phragmite des joncs
carricerín real	Lusciniole à moustaches
carro alegórico	Char allégorique
carro caddie diablo	Diable
carro chocón	Auto tamponneuse, auto-tamponneuse
carro convertible	Décapotable
carro diablo	Diable
carro para equipaje	Chariot à bagages
carro porta equipaje	Chariot à bagages
carro portaequipaje	Chariot à bagages
carrusel de emociones	Ascenseur émotionnel
carta abierta	Lettre ouverte
carta blanca	Carte blanche
carta de amor	Lettre d’amour
carta de empleo	Lettre de motivation
carta de hidalguía	Lettre de noblesse
carta de porte	Lettre de voiture
carta de vinos	Carte des vins
carta magna	Grande Charte, Magna Carta, constitution
carta poder	Mandat
carta rogatoria	Commission rogatoire
cartabón de corredera	Pied à coulisse
cartera de criptodivisa	Portefeuille de crypto-monnaie
cartucho amarillo	Molène thapsus, molène Bouillon-blanc
cartílago de meckel	Cartilage de Meckel
cartón pluma	Carton plume, carton-mousse
carácter chino	Caractère chinois
carácter han	Caractère chinois
carácter tipográfico	Caractère typographique
casa chorizo	Logement à la façade étroite, typique, de
casa comunal	Maison longue
casa cuartel	Caserne de la garde civile espagnole où lo
casa cural	Cure
casa de apuestas	Maison de jeu
casa de cambio	Bureau de change
casa de campo	Maison de campagne
casa de citas	Bordel, maison de plaisirs
casa de fieras	Ménagerie
casa de huéspedes	Maison d’hôte, pension, pension de famille
casa de lenocinio	Bordel, maison de plaisirs
casa de locos	Maison de fous
casa de moneda	Hôtel des monnaies
casa de putas	Bordel, boxon (maison close)
casa de tolerancia	Maison de tolérance
casa del pueblo	Maison du peuple
casa editora	Maison d’édition
casa editorial	Maison d’édition
casa embrujada	Maison hantée
casa larga	Maison longue
casa parroquial	Cure
casa particular	Maison individuelle; Chambre louée aux touristes
casa pasiva	Maison passive
casa por cárcel	Assignation à résidence
casa rectoral	Cure
casa solar	Maison noble
casa solariega	Manoir
casar mal	Être en porte-à-faux
casarte ojón	Thon à dents de chien
cascabel de los bosques	Crotale des bois
cascabel diamantina del oeste	Crotale du Texas
cascabel diamantino del este	Crotale diamantin
cascabel tropical	Crotale cascabelle
cascarudo amarillento	Ptine doré
cascarón de nuez	Coquille de noix (petite embarcation fragi
casco azul	Casque bleu
casco urbano	Centre-ville
casete compacto	Cassette audio
casete de audio	Cassette audio
casi en todas partes	Presque partout
casi seguramente	Presque sûrement
casi seguro	Presque sûr
casia purgante	Cassier
caso absolutivo	Absolutif
caso elativo	Élatif
caso superesivo	Superessif
casquete esférico	Calotte sphérique
castaña de pará	Noix du Brésil
castaña de tierra	Châtaigne de terre, topinambour
castaño claro	Châtain clair
castaño oscuro	Châtain foncé
castañuelas metálicas	9ra9eb, karkabat, karkabous
castellano antiguo	Vieil espagnol
castigo corporal	Châtiment corporel
castigo físico	Châtiment corporel
castillo apercibido no es decebido	Un homme averti en vaut deux
castillo de cartas	Château de cartes
castillo de popa	Château
castillo de proa	Théâtre, château
castillos en el aire	Châteaux en Espagne
castor europeo	Castor d’Europe
catalufa aleta larga	Beauclaire longue aile
catalufa espejuelo	Priacanthe commun
catalufa espinosa	Beauclaire de roche
catalufa florera	Priacanthe de Bloch
catalufa ojón	Priacanthe rouge
catalufa roquera	Beauclaire de roche
catalufa toro	Priacanthe rouge
catalán central	Catalan central
catalán noroccidental	Catalan nord-occidental
catalán occidental	Catalan occidental
catalán oriental	Catalan oriental
catalán oriental central	Catalan oriental central
catalán septentrional	Roussillonnais
catapulta de aviones	Catapulte
catita aimará	Toui aymara
catita aliazul	Toui de Deville
catita alidorada	Toui para
catita austral	Conure magellanique
catita chirirí	Toui à ailes jaunes
catita churica	Toui à menton d’or
catita frentidorada	Toui à bandeau jaune
catita frentigualda	Toui à front d’or
catita macareña	Toui flamboyant
catita serrana grande	Toui aymara
catita tirica	Toui tirica
catita versicolor	Toui à ailes variées
catálogo razonado	Catalogue raisonné
cavalier king charles spaniel	Cavalier king Charles spaniel
cavar su propia tumba	Creuser sa tombe, tendre le bâton pour se faire battre
cavidad de disolución	Cavité de dissolution
cavidad del manto	Cavité palléale
cavidad paleal	Cavité palléale
caza de brujas	Chasse aux sorcières
caza de montería	Chasse à courre
caza del zorro	Chasse au renard
cazador de alces noruego	Chien d’élan norvégien gris
cazador de lobos irlandés	Irish wolfhound
cazador furtivo	Braconnier
caída de las ventas	Mévente
caído a la botella	Alcoolique
caído al chuico	Alcoolique
caído al frasco	Alcoolique
caído al litro	Alcoolique
caña brava	Canne flèche
caña común	Canne de Provence, roseau à quenouilles
caña de azúcar	Canne à sucre
caña de pesca	Canne à pêche
caña de pescar	Canne à pêche
caña del timón	Timon
caña fístula	Cassier
caña uruguaya	Sorte de rhum vieilli en fut de chêne et p
cañabota gris	Requin griset
cebada de seis carreras	Orge à six rangs
cebada perlada	Orge perlé, orge perlée
cebadilla ratonera	Orge des rats
cebo de clics	Putaclic
cebolla de hoja	Ciboulette
cebolla de roscoff	Ognon de Roscoff
ceda el paso	Cédez-le-passage
cedro atlántico	Cèdre de l’Atlantique, nom vulgaire de Ced
cedro de chipre	Cèdre de Chypre
cedro de la india	Cèdre de l’Himalaya
cedro de salomón	Cèdre du Liban
cedro del atlas	Cèdre de l’Atlantique
cedro del himalaya	Cèdre de l’Himalaya
cedro del líbano	Cèdre du Liban
cedro plateado	Cèdre de l’Atlantique
ceebu jen	Thiéboudiène
cefalea del helado	Ganglioneuralgie sphénopalatine, sphénopalatineganglioneuralgie
cefalea en racimos	Algie vasculaire de la face
cefalea por estímulos fríos	Ganglioneuralgie sphénopalatine, sphénopalatineganglioneuralgie
celo excesivo	Excès de zèle
celta común	Proto-celtique
cementerio de barcos	Cimetière de bateaux
cementerio marítimo	Cimetière de bateaux
cencellada blanca	Givre mou
cencellada dura	Givre, givre dur
cenizo blanco	Chénopode blanc
censor de cuentas	Commissaire aux comptes
censura cibernética	Cybercensure
central de hormigón	Centrale à béton
centralismo democrático	Centralisme démocratique
centro comercial	Centre commercial
centro de atención de llamadas	Centre d’appels
centro de atención telefónica	Centre d’appels
centro de datos	Centre de données
centro de lavado en autoservicio	Station de lavage
centro de llamadas	Centre d’appels
centáurea menor	Petite centaurée commune
cepillo de carpintero	Rabot
cepillo de dientes	Brosse à dents
cepillo para el pelo	Brosse à cheveux
cerca de	À, près de, à peu près
cerceta carretona	Sarcelle d’été
cerceta común	Sarcelle d’hiver
cerceta pardilla	Sarcelle marbrée
cercopiteco de hocico azul	Moustac
cercopiteco de nariz blanca	Hocheur
cercopiteco de orejas rojas	Moustac à oreilles rousses
cercopiteco menor	Cercopithèque pétauriste
cercopiteco verde	Grivet
cercopiteco vervet	Vervet
cerdo blanco inglés	Large white, grand porc blanc anglais
cerdo de monte	Sanglier (Sus scrofa scrofa)
cerdo hormiguero	Oryctérope
cerdo ibérico	Porc ibérique
cerdo mangalica	Porc laineux
cerdo verrugoso	Sanglier des Visayas (Sus cebifrons); Individu appartenant à cette espèce
cerdo vietnamita	Porc du Vietnam
cereza de barbados	Acérola, acérolier
cereza de jerusalén	Pommier d’amour
cereza silvestre	Cerise douce
cerezo de santa lucía	Bois de Sainte-Lucie, cerisier de sainte L
cerezo silvestre	Merisier (Prunus avium); Cornouiller sanguin (Cornus sanguinea); Bois de Sainte-
cernícalo americano	Crécerelle d’Amérique
cernícalo del amur	Faucon de l’Amour
cernícalo patirrojo	Faucon kobez
cernícalo primilla	Crécerellette
cernícalo vulgar	Faucon crécerelle (Falco tinnunculus)
cero absoluto	Zéro absolu
cero defectos	Zéro défaut
cero en conducta	Zéro de conduite
cerraja lanuda	Andryale à feuilles entières
cerrar con llave	Fermer à clé
cerrar el círculo	Boucler la boucle
cerrá el culo	La ferme
certificado de bautismo	Acte de baptême
certificado de nacionalidad	Certificat de nationalité
certiola kona	Psittirostre à gros bec
cerveza negra	Brune
cerveza oscura	Brune
cerveza sin alcohol	Bière sans alcool
cesación de las hostilidades	Cessez-le-feu
cesación del fuego	Cessez-le-feu
cese del fuego	Cessez-le-feu
cese el fuego	Cessez-le-feu
cesta punta	Cesta punta, pelote basque
chacal común	Chacal commun
chacal de gualdrapa	Chacal à chabraque
chacal del semién	Chacal de Simien, loup d’Abyssinie, loup d’Éthiopie
chacal rayado	Chacal à flancs rayés
chachalaca charata	Ortalide du Chaco
chachalaca culirroja	Ortalide à ventre roux
chachalaca moteada	Ortalide maillée
chachalaca negra	Pénélope pajuil
chachalaca ventricastaña	Ortalide à ventre marron
chaleco amarillo	Gilet jaune
chaleco antibalas	Gilet pare-balles
chaleco salvavidas	Gilet de sauvetage
chalé adosado	Maison en bande
champiñón común	Agaric bispore
champiñón de parís	Agaric bispore
champiñón de prado	Agaric champêtre
champiñón ostra	Pleurote en huître
chancaca de paita	Facile
chancho de monte	Pécari
chantaje emocional	Chantage affectif
chapa la boca	La ferme
chara gorjinegra	Geai à gorge noire
charco de agua	Flaque d’eau
charlar indiscretamente	Bavarder
charlatán abisinio	Phyllanthe de Galinier
charlatán capuchino	Phyllanthe capucin
charlatán cuellirojo	Phyllanthe à collier roux
charlatán de chapin	Phyllanthe de Chapin
charlatán goliblanco	Phyllanthe à gorge blanche
charrancito común	Sterne naine
charrán común	Sterne pierregarin
charrán patinegro	Sterne caugek
charrán rosado	Sterne de Dougall
charrán ártico	Sterne arctique
chatino de zacatepec	Chatino de Zacatepec
chatino de zenzontepec	Chatino de Zenzontepec
cheque en blanco	Chèque en blanc
cherney de ley	Mérou blanc
ches long	chaise longue
chicha de jora	Boisson fermentée à base de maïs
chicha de manzana	Cidre
chico zapote	Sapotillier
chimpancé común	Chimpanzé commun
chimpancé enano	Chimpanzé nain
chimpancé pigmeo	Bonobo
chin chin	À votre santé
chinanteco de palantla	Chinantèque de Palantla
chinanteco de san juan lealao	Chinantèque de San Juan Lealao
chinche de la malva arbórea	Pyrrhocore
chingada madre	Putain de bordel de merde, sa mère, sa rac
chingar a su madre	Aller au diable, aller se faire foutre, al; Échouer, foirer, partir en couille
chingolo cantor	Bruant chanteur
chino de la esquina	Arabe du coin
chino mandarín	Mandarin
chispa eléctrica	Étincelle
chispas y centellas	Tout feu tout flamme
chivo expiatorio	Bouc émissaire
chocar contra	Rencontrer
chocar esos cinco	Serrer la main
chocha perdiz	Bécasse des bois
choclo de oro	Chandelle
chocolate amargo	Chocolat noir
chocolate blanco	Chocolat blanc
chocolate caliente	Chocolat chaud
chocolate con leche	Chocolat au lait
chocolate negro	Chocolat noir
chocolate rosa	Chocolat ruby
chocolate ruby	Chocolat ruby
chontal de oaxaca	Chontal du Oaxaca
chontal de tabasco	Chontal du Tabasco
choque anafiláctico	Choc anaphylactique
choque cultural	Choc culturel
choque de civilizaciones	Choc des civilisations
choque térmico	Choc thermique
choquito con punta	Seiche rosée
choquito picudo	Seiche rosée
chorlitazo sureño	Vanneau téro
chorlitejo chico	Petit gravelot
chorlitejo colirrojo	Pluvier kildir
chorlitejo grande	Grand gravelot
chorlitejo patinegro	Gravelot à collier interrompu
chorlito carambolo	Pluvier guignard
chorlito de leschenault	Pluvier de Leschenault
chorlito dorado americano	Pluvier bronzé
chorlito dorado común	Pluvier doré
chorlito dorado siberiano	Pluvier fauve
chorlito gris	Pluvier argenté
chorlo mayor de patas amarillas	Grand chevalier
chorlo semipalmado	Gravelot semipalmé
chorlo tildío	Pluvier kildir
chotacabras europeo	Engoulevent d’Europe
chotacabras gris	Engoulevent d’Europe
chotacabras pardo	Engoulevent à collier roux
chova de pico rojo	Crave à bec rouge
chova piquigualda	Chocard à bec jaune
chova piquirroja	Crave à bec rouge
chow chow	Chow-chow
chu chu	Tchou-tchou, tchoutchou
chucha de agua	Yapock
chucho pintado	Raie léopard
chuleta de cerdo	Côte de porc
chululú boliviano	Grallaire oreillarde
chupa medias	Lèche-cul
chuparle las medias	Lécher les bottes
chupito de aguardiente	Schnaps
churristate de playa	Ipomée pied-de-chèvre
chévere cambur	Très bon, excellent
chícharo salvaje	Cornille
chícharos partidos	Pois cassés
cianuro de hidrógeno	(nom UICPA) Cyanure d’hydrogène, acide cya
cianuro de potasio	(nom UICPA) Cyanure de potassium (KCN)
cianuro de sodio	(nom UICPA) Cyanure de sodium (NaCN)
cianuro sódico	Cyanure de sodium
cicindela campestre	Cicindèle champêtre
ciclido de bandas	Severus
ciclo biogeoquímico	Cycle biogéochimique
ciclo de calvin	Cycle de Calvin
ciclo de krebs	Cycle de Krebs
ciclo de los ácidos tricarboxílicos	Cycle des acides tricarboxyliques
ciclo de saros	Saros
ciclo del agua	Cycle de l’eau
ciclo del nitrógeno	Cycle de l’azote
ciclo del ácido cítrico	Cycle de l’acide citrique
ciclón extratropical	Cyclone extratropical
ciclón tropical	Cyclone tropical
cicuta blanca	Amanite printanière
ciempiés doméstico	Mille-pattes-araignée, scutigère véloce
cien mil	Cent mille ou cent-mille
ciencia ciudadana	Science participative
ciencia del trabajo	Science du travail
ciencia dura	Science dure
ciencia ficción	Science-fiction
ciencia ficción dura	Hard science-fiction
ciencia ficción hard	Hard science-fiction
ciencia formal	Science formelle
ciencia fáctica	Science empirique
ciencia hermética	Science hermétique
ciencia humana	Science humaine
ciencia política	Science politique
ciencias ambientales	Sciences de l’environnement
ciencias de la vida	Sciences du vivant
ciencias forenses	Forensique
ciencias humanas	Sciences humaines
ciencias islámicas	Islamologie
ciencias naturales	Sciences de la nature, sciences naturelles
cierra el pico	Ta gueule
cierto número de	Un certain nombre de
ciervo campero	Cerf des Pampas
ciervo cerdo	Cerf cochon
ciervo de las marismas	Cerf des marais
ciervo de los calamianes	Cerf calamian
ciervo de los pantanos	Cerf des marais
ciervo del delta	Cerf des marais
ciervo isleño	Cerf des marais
ciervo moteado	Cerf axis
ciervo pampero	Cerf des Pampas
ciervo porcino	Cerf cochon
ciervo rojo	Cerf élaphe
cifra de negocios	Chiffre d’affaires
cigarrillo electrónico	Cigarette électronique
cigarro negro	Brune
cigüeña americana	Cigogne maguari
cigüeña blanca	Cigogne blanche
cigüeña maguari	Cigogne maguari
cigüeña negra	Cigogne noire
cigüeñuela común	Échasse blanche
cilindro de freno	Cylindre de roue
cilindro de freno de tambor	Cylindre de roue
cincho para espremir queso	Chaseret, chasseret
cinco mil	Cinq-mille
cinco w	QQOQCCP
cinco w y una h	QQOQCCP
cincuenta y cinco	Cinquante-cinq
cincuenta y cuatro	Cinquante-quatre
cincuenta y dos	Cinquante-deux
cincuenta y nueve	Cinquante-neuf
cincuenta y ocho	Cinquante-huit
cincuenta y seis	Cinquante-six
cincuenta y siete	Cinquante-sept
cincuenta y tres	Cinquante-trois
cincuenta y uno	Cinquante-et-un
cine mudo	Cinéma muet
cine negro	Film noir
cinta aislante	Chatterton
cinta magnética	Bande magnétique
cinta métrica	Mètre ruban
cinta roja	Ruban rouge servant à liasser les document
cinturón cohete	Réacteur dorsal
cinturón de asteroides	Ceinture d’astéroïdes
cinturón de castidad	Ceinture de chasteté
cinturón de fuego	Ceinture de feu
cinturón de seguridad	Ceinture de sécurité
cinturón de van allen	Ceinture de Van Allen
cinética enzimática	Cinétique enzymatique
ciprés calvo	Cyprès chauve
ciprés de bután	Cyprès du Bhoutan
ciprés de los pantanos	Cyprès chauve
ciprés del atlas	Cyprès de l’Atlas
circuito cerrado de televisión	Vidéosurveillance
circuito de recompensa	Circuit de la récompense
circuito integrado	Circuit intégré
circulación vehicular eficiente	Écoconduite
circunscripción electoral	Circonscription électorale
cirneco del etna	Cirneco de l’Etna
cirolero de filipinas	Prunier de Cythère
ciruela claudia	Reine-claude
ciruela de fraile	Bois café
ciruela de yema	Prune de Sainte-Catherine
ciruela desecada	Pruneau
ciruela pasa	Pruneau
ciruela seca	Pruneau
ciruelo chickasaw	Prunier chickasaw
ciruelo colorado	Bois café
ciruelo mirabel	Mirabellier
cirugía estética	Chirurgie esthétique
cirugía plástica	Chirurgie plastique
cirugía reconstructiva	Chirurgie reconstructrice
cirujano azul	Chirurgien bleu, chirurgien bayolle
cirujano azul cielo	Chirurgien à poitrine blanche
cirujano cariblanco	Chirurgien à joue blanche
cirujano rayado	Chirurgien rayé
cirujano real	Chirurgien bleu, chirurgien-palette
cirujano vela	Chirurgien à voile
cisne cantor	Cygne sauvage
cisne chico	Cygne de Bewick
cisne cuellinegro	Cygne à cou noir
cisne de bewick	Cygne de Bewick
cisne negro	Cygne noir
cisne trompetero	Cygne trompette
cisne vulgar	Cygne tuberculé
cita rápida	Speed dating
ciudad anfitriona	Ville hôte
ciudad capital	Capitale
ciudad de méxico	Mexico
ciudad dormitorio	Ville-dortoir
ciudad fantasma	Ville fantôme
ciudad ideal	Cité idéale
ciudad jardín	Cité-jardin
ciudad lacustre	Cité lacustre
ciudad lineal	Cité linéaire
ciudad perdida	Cité perdue
ciudad planificada	Ville nouvelle
ciudad satélite	Ville satellite
ciudadano de a pie	Citoyen lambda
civeta africana	Civette africaine
civeta africana de las palmeras	Nandinie
civeta de las palmeras	Civette palmiste
civeta de madagascar	Civette malgache
civeta de tierra	Civette de Malaisie, civette malaise
civeta enana	Petite civette indienne, civette rasse
civeta malaya	Civette de Malaisie, civette malaise
civeta nutria	Civette-loutre, civette-loutre de Sumatra
clarinete contrabajo	Clarinette contrebasse
claro como el agua	Clair comme de l’eau de roche
claro de bosque	Clairière
clase invertida	Classe inversée
clase media	Classe moyenne
clase obrera	Classe ouvrière
clase social	Classe sociale
clase trabajadora	Classe ouvrière
clasificación general	Classement général
clavar el visto	Lâcher un vu
clavar los ojos en alguien	Dévisager
clavaria rizada	Clavaire crépue
clave ajena	Clé étrangère
clave de bóveda	Clef de voûte
clave foránea	Clé étrangère
clave primaria	Clé primaire
clave privada	Clé privée
clave pública	Clé publique
clavel coronado	Œillet mignardise
clavel de las indias	Rose d’Inde
clavel de moro	Œillet d’Inde
clavel lanudo	Coquelourde des jardins
clavelina de mar	Œillet marin, armérie maritime, gazon d’Espagne
clavelina de pluma	Œillet mignardise
clavelina prolífera	Œillet prolifère
clavo de especia	Clou de girofle
clavo de girofle	Clou de girofle
clavo de olor	Clou de girofle; Poivre de la Jamaïque, quatre-épices, pime
cliente misterioso	Client mystère
clima de tundra	Climat de toundra, climat des toundras
clorhidrato amónico	Chlorure d’ammonium (NH₄Cl)
cloro molecular	Dichlore
cloruro amónico	Chlorure d’ammonium (NH₄Cl)
cloruro de amonio	(nom UICPA) Chlorure d’ammonium (NH₄Cl)
cloruro de carbonilo	Phosgène
cloruro de cloroformilo	Phosgène
cloruro de hidrógeno	Chlorure d’hydrogène (HCL)
cloruro de metileno	Dichlorométhane
cloruro de potasio	Chlorure de potassium
cloruro de sodio	Chlorure de sodium
cloruro de vinilo	Chlorure de vinyle
clumber spaniel	Clumber spaniel
cláusula adicional	Avenant
cláusula de exclusividad	Clause d’exclusivité
cláusula dependiente	Proposition subordonnée
cláusula subordinada	Proposition subordonnée
clínica veterinaria	Clinique vétérinaire
cobertura de vacunación	Couverture vaccinale
cobertura vacunal	Couverture vaccinale
cobra china	Cobra de Chine
cobra de andamán	Cobra d’Andaman
cobra de anteojos	Cobra indien
cobra de asia central	Cobra d’Asie centrale
cobra de las bisayas	Cobra de Samar
cobra de malí	Cobra du Mali
cobra de monóculo	Cobra à monocle
cobra de mozambique	Cobra du Mozambique
cobra de sumatra	Cobra de Sumatra
cobra de sámar	Cobra de Samar
cobra de taiwán	Cobra de Chine
cobra del cabo	Cobra du Cap
cobra egipcia	Cobra égyptien
cobra escupidora	Cobra cracheur
cobra escupidora de cuello negro	Cobra à cou noir
cobra escupidora de indochina	Cobra du Siam
cobra escupidora de mozambique	Cobra du Mozambique
cobra filipina	Cobra des Philippines
cobra hocicuda	Cobra annelé
cobra india	Cobra indien
cobra real	Cobra royal
cobrador del labrador	Retriever du Labrador
cobrador dorado	Retriever doré
cobrar aliento	Prendre son courage à deux mains
cobrar ánimo	Prendre son courage à deux mains
cobrar ánimos	Prendre courage
cobre abigarrado	Érubescite
coc co co coc	Cot cot codet
coca de levante	Coque du Levant
coche bar	Voiture-bar
coche bomba	Voiture piégée
coche cama	Wagon-lit
coche de alquiler o simón	Fiacre
coche de monte	Pécari
coche de niño	Poussette
coche deportivo	Voiture de sport
coche dormitorio	Wagon-lit
coche fúnebre	Corbillard
coche remolque	Remorque
coche restaurante	Voiture-restaurant
cochinilla de bola	Cloporte
cochinilla de las encinas	Kermès
cochinillo asado	Plat espagnol à base de cochon de lait, de
cociente de espectro autista	Quotient autistique
cociente intelectual	Quotient intellectuel
cocina abierta	Cuisine américaine
cocina americana	Cuisine américaine
cocina fantasma	Dark kitchen
cocker spaniel americano	Cocker américain
cocker spaniel inglés	Cocker spaniel anglais
coco de mar	Cocotier de mer
coco de mono	Marmite de singe
cocodrilo africano occidental	Crocodile d’Afrique de l’Ouest
cocodrilo aguja	Crocodile américain
cocodrilo americano	Crocodile américain
cocodrilo australiano de agua dulce	Crocodile de Johnston
cocodrilo cubano	Crocodile de Cuba
cocodrilo de estuario	Crocodile marin
cocodrilo de johnston	Crocodile de Johnston
cocodrilo de las marismas	Crocodile des marais
cocodrilo de mindoro	Crocodile des Philippines
cocodrilo de morelet	Crocodile de Morelet
cocodrilo de nueva guinea	Crocodile de Nouvelle-Guinée
cocodrilo del desierto	Crocodile d’Afrique de l’Ouest
cocodrilo del nilo	Crocodile du Nil
cocodrilo del orinoco	Crocodile de l’Orénoque
cocodrilo enano	Crocodile nain
cocodrilo filipino	Crocodile des Philippines
cocodrilo hindú	Crocodile des marais
cocodrilo hociquifino africano	Faux-gavial d’Afrique
cocodrilo marino	Crocodile marin
cocodrilo mexicano	Crocodile de Morelet
cocodrilo narigudo	Crocodile américain
cocodrilo poroso	Crocodile marin
cocodrilo siamés	Crocodile du Siam
codearse con	Côtoyer
codigo de trabajo	Code du travail
codo a codo	Coude à coude
codo con codo	Main dans la main
coeficiente de dilatación	Coefficient de dilatation
coeficiente de dilatación térmica	Coefficient de dilatation thermique
coeficiente de proporcionalidad	Cœfficient de proportionnalité
coeficiente de prueba	Coefficient d’épreuve
coeficiente de seguridad	Coefficient de sécurité
coeficiente intelectual	Quotient intellectuel
cofre de recompensas	Loot box
coger a la desprovista	Prendre par surprise, prendre au dépourvu
coger candela	Prendre feu
coger cariño	Prendre en affection
coger con la guardia baja	Prendre par surprise, prendre au dépourvu
coger con pinzas	Prendre avec des pincettes
coger de sorpresa	Prendre par surprise
coger descuidado	Prendre par surprise, prendre au dépourvu
coger desprevenido	Prendre par surprise, prendre au dépourvu
coger el relevo	Prendre le relai
coger el toro por los cuernos	Prendre le taureau par les cornes
coger por sorpresa	Prendre de court, prendre par surprise
cogujada común	Cochevis huppé
cogujada montesina	Cochevis de Thékla
cohabitante legal	Cohabitant légal
cohombrillo amargo	Concombre d’âne, momordique
coitus interruptus	Coitus interruptus, coït interrompu
cojín de aire	Airbag
col abierta	Chou cavalier
col caballar	Chou cavalier
col de bruselas	Chou de Bruxelles
col de milán	Chou de Milan
col de saboya	Chou de Milan
col forrajera	Chou cavalier
col gallega	Chou cavalier
col morada	Chou rouge
col rábano	Chou-rave
cola azul común	Agrion élégant
cola de caballo	Prêle
cola de conejo	Colle de peau de lapin
cola de entrada	File de travaux
cola de huesos	Colle d’os
cola de león	Agripaume, léonure
cola de mariposa	Empennage en V, empennage papillon
cola de milano	Queue-d’aronde
cola de pavo	Padine queue-de-paon
cola de pescado	Colle de poisson, colle à poisson
cola de pescado multicaule	Palmier à queue de poisson de Birmanie
cola de piel	Colle de peau
cola de zorro	Vulpin
cola en t	Empennage en T
cola en v	Empennage en V, empennage papillon
colación de bienes	Rapport
colada piroclástica	Nuée ardente
colador de té	Passe-thé
colchon de nino	Brède chevrette
colchón de aire	Matelas pneumatique, matelas gonflable, airbag
colchón de hojas	Litière
colchón hinchable	Matelas pneumatique, matelas gonflable
colchón neumático	Matelas pneumatique, matelas gonflable
colectividad de ultramar	Collectivité d’outre-mer
colector solar	Panneau solaire, panneau solaire thermique
colgar de un gancho	Accrocher
colgar del pescante	Bosser
colgar los guayos	Passer l’arme à gauche
colgar los tenis	Mourir
coliazul cejiblanco	Robin à flancs roux
colibrí picoespada	Colibri porte-épée
colicorto brasileño	Opossum-musaraigne gris
colicorto de cabeza roja	Opossum-musaraigne à tête rouge (Monodelph
colicorto estriado	Opossum-musaraigne à trois rayures (Monode
colicorto gris	Opossum-musaraigne gris (Monodelphis domes
colicorto pampeano	Petit opossum-musaraigne (Monodelphis dimi
colimbo chico	Plongeon catmarin
colimbo grande	Plongeon imbrin
colimbo ártico	Plongeon arctique
colirrojo real	Rougequeue à front blanc
colirrojo tizón	Rougequeue noir
colisión elástica	Collision élastique
colisión inelástica	Collision inélastique
colitis ulcerosa	Colite ulcéreuse
collalba desertica	Traquet du désert
collalba gris	Traquet motteux
collalba isabel	Traquet isabelle
collalba negra	Traquet rieur
collalba pia	Traquet pie
collalba rubia	Traquet oreillard
collar de diamantes	Rivière de diamants
collie barbudo	Bearded collie
collie de la frontera	Border collie
colocación de producto	Placement de produit
colonia industrial	Cité ouvrière
colonia obrera	Cité ouvrière
color burdeos	Rouge bordeaux
color canela	Cannelle
color carne	Incarnat
color chicle	Rose bonbon
color cálido	Couleur chaude
color del infinito	Couleur de l’infini
color esmeralda	Vert émeraude
color frío	Couleur froide
color mostaza	Jaune moutarde
color primario	Couleur primaire
color secundario	Couleur secondaire
colorada de ardenas	Rouge des Ardennes
colores panafricanos	Couleurs panafricaines
columna de agua	Colonne d’eau
columna de aire	Colonne d’air
columna entorchada	Colonne salomonique
columna eruptiva	Panache volcanique
columna salomónica	Colonne salomonique
columna seca	Colonne sèche
columna vertebral	Colonne vertébrale
columna vigreux	Colonne de Vigreux
coma flotante	Virgule flottante
coma pitagórica	Comma pythagoricien
coma sintónico	Comma syntonique
comadreja colorada	Opossum à grosse queue
comadreja de anteojos	Opossum brun à quatre yeux
comadreja de cuatro ojos	Opossum gris à quatre yeux (Philander opos
comadreja enana	Petit opossum-souris (Thylamys pusillus De
comadreja overa	Opossum à oreilles blanches
comadreja picaza	Opossum à oreilles blanches
comadreja rayada africana	Pœcilogale
comadrejita común	Opossum-souris de Bolivie (Marmosa rubra O
comadrejita patagónica	Opossum de Patagonie (Lestodelphys halli L
combate escénico	Escrime artistique
combatir el fuego con fuego	Combattre le feu par le feu
combinación de teclas	Raccourci clavier
combustible fósil	Combustible fossile
combustión espontánea	Combustion spontanée
comedia musical	Comédie musicale
comedor de beneficencia	Soupe populaire
comenzar con mal pie	Partir du mauvais pied
comer a besos	Manger de baisers
comerciante electrónico	Cybermarchand
comerciante en linea	Cybermarchand
comercio justo	Commerce équitable
comercio triangular	Commerce triangulaire
comerse el coco	Se faire du mauvais sang, se creuser la tête
comestible del bosque	Forestible
cometer el acto	Passer à l’acte
comida basura	Malbouffe
comida festiva	Banquet
comiendo viene el apetito	L’appétit vient en mangeant
comilla española	Guillemet, guillemet français
comilla inglesa	Guillemet anglais
comilla latina	Guillemet, guillemet français
comilla volada	Guillemet anglais
comillas angulares	Guillemets (« »)
comisario de cuentas	Commissaire aux comptes
comisario político	Commissaire politique
comisaría de policía	Commissariat
comité de revisión	Comité de lecture
communis opinio	Communis opinio
como agua para chocolate	Soupe au lait
como antes	À l’identique
como cabe	Comme il faut, comme il se doit
como consecuencia de	Par suite de
como de costumbre	De mise
como el tuje	Très mal
como en una competición	À l’envi
como es debido	Convenablement, proprement
como esta	Comment va-t-il
como panes calientes	Partir comme des petits pains
como para	Comme pour, comme si
como pedro por su casa	Comme dans un moulin
como perros y gatos	Comme chien et chat
como pez en el agua	Comme un poisson dans l’eau
como poco	À tout le moins
como queríamos demostrar	Ce qu’il fallait démontrer
como se debe	Comme il faut, comme il se doit
como sea	De toute façon, n’importe comment
como si	Comme si
como si de nada hubiese pasado	Comme si de rien n’était
como si nada	Comme si de rien n’était
como si nada hubiera pasado	Comme si de rien n’était
como si tal cosa	Comme si de rien n’était
como siempre	À tous les coups
como sigue	Comme suit
como su madre le parió	Nu, à poil
como su madre lo parió	Nu, à poil
como su nombre indica	Comme son nom l’indique
como tal	En tant que tel
como un piano	Très gros, gros comme une maison
como un reguero de pólvora	Comme une traînée de poudre
como último recurso	En désespoir de cause
comparar peras con manzanas	Comparer des choux et des carottes
compatibilidad decreciente	Rétrocompatibilité
compañera de piso	Colocataire
compañero de armas	Frère d’armes
compañero de piso	Colocataire
compañero de trabajo	Collègue
compañero vidriero	Gentilhomme verrier
compañía de jesús	Compagnie de Jésus
compensación de carbono	Compensation carbone
competencia perfecta	Concurrence pure et parfaite
competición doméstica	Compétition domestique
complejidad de kolmogórov	Complexité de Kolmogorov
complejo de caín	Complexe de Caïn
complejo de inferioridad	Complexe d’infériorité
complejo de superioridad	Complexe de supériorité
complemento indirecto	Complément d’objet indirect
complemento lógico	Valeur opposée, négation logique
componente conexo	Composante connexe
compra en efectivo	Bon de caisse
comprador electrónico	Cyberconsommateur
comprador en linea	Cyberconsommateur
comprador por internet	Cyberconsommateur
comprar a ciegas	Acheter chat en poche
compromiso de venta	Compromis de vente
compuesto heterocíclico	Composé hétérocyclique
compuesto organometálico	Composé organométallique
compuesto orgánico	Composé organique
compuesto orgánico volátil	Composé organique volatil
compuesto químico	Composé chimique
computación en la nube	Cloud computing, informatique en nuage, infonuagique
computación en nube	Cloud computing, informatique en nuage, infonuagique
computer to plate	Computer to plate
comunicado de prensa	Communiqué de presse
comunidad absoluta	Communauté universelle
comunidad ahmadía	Ahmadisme
comunidad autónoma	Communauté autonome
comunidad europea del carbón y del acero	Communauté européenne du charbon et de l’acier
comunidad internacional	Communauté internationale
comunidad médica	Corps médical
comunidad primitiva	Communisme primitif
comunidad romana	Indivision
comunismo anarquista	Anarcho-communisme
comunismo de guerra	Communisme de guerre
comunismo libertario	Anarcho-communisme
comunismo libre	Anarcho-communisme
comunismo primitivo	Communisme primitif
común a varias zonas	Interzone
con ansias	Ardemment
con arreglo a	Selon
con cariño	Affectueusement
con conocimiento de causa	En connaissance de cause
con creces	Largement, amplement
con desgana	De mauvaise grâce
con desvergüenza	Indécemment
con determinación	Bille en tête
con discapacidad	En situation de handicap
con dos huevos	Avec peu de moyens, avec les moyens du bor
con el apoyo de	Avec le concours de
con el debido respeto	Sauf votre respect
con el estómago en los pies	Avoir l’estomac dans les talons
con frecuencia	Beaucoup, fréquemment, souvent
con fuerza	Rude
con gran maestría	De main de maître
con hoyuelos	Creux
con indecencia	Indécemment
con insistencia	Avec insistance, en insistant
con la boca pequeña	Du bout des lèvres
con la colaboración de	Avec le concours de
con la corriente	Au fil de l’eau
con la espalda al aire	Dos nu
con la finalidad de	Histoire de
con la que está cayendo	Vu le mauvais temps, avec le mauvais temps; Étant donné la difficile situation,
con la vara que midas te medirán	Tel est pris qui croyait prendre
con las justas	De justesse
con llave	À clé
con maestría	De main de maître
con mano maestra	De main de maître
con mas razon	À plus forte raison
con miedo	Craintivement
con motivo de	À l’occasion de
con mucho	De loin
con mucho gusto	Avec plaisir
con o sin razón	À tort ou à raison
con objeto de	de manière à, afin
con pasos de gigante	À pas de géant
con poco que	Pour peu que
con problemas de carácter	Caractériel
con que	Pour autant que
con razón	À bon droit
con regularidad	Régulièrement
con relación a	Vis-à-vis, en relation avec
con respecto a	À propos, à l’égard de
con sal	À la croque au sel
con seguridad	Sûrement
con tal de	Histoire de
con tal que	Pourvu que, à condition que
con todas sus letras	En toutes lettres
con vistas a	En vue de
concentración de tensiones	Concentration de contraintes
concha de abanico	Pétoncle chilien
conche tu madre	Niquer sa mère
concierto de las naciones	Concert des nations
concurso completo	Concours complet d’équitation
concurso de belleza	Concours de beauté
concurso de talentos	Télécrochet
concurso público	Appel d’offres
condenada a muerte	Condamnée à mort
condenado a muerte	Condamné à mort
condensado de bose-einstein	Condensat de Bose-Einstein
condicionador de aire	Climatiseur
condiciones generales de utilización	Conditions générales d’utilisation
condiciones normales de presión y temperatura	Conditions normales de température et de pression
condición de trabajo	Condition de travail
condición de victoria	Condition de victoire
condición laboral	Condition de travail
condición y figura hasta la muerte perduran	Chassez le naturel, il revient au galop
condominio germano-luxemburgués	Condominium germano-luxembourgeois
conducción eficiente	Écoconduite
conductancia eléctrica	Conductance électrique
conductividad térmica	Conductivité thermique
conducto cístico	Conduit cystique
conducto hepático	Canal hépatique
conductor de carretilla	Cariste
conductor de montacargas	Cariste
conductor kamikaze	Conducteur fantôme
conectividad ecológica	Connectivité écologique
conector eléctrico	Connectique
conejillo de indias	Cochon d’Inde, cobaye
conejo belier	Lapin bélier
conejo común	Lapin de garenne
conejo de pascua	Lapin de Pâques
conferencia de prensa	Conférence de presse
confianza excesiva	Surconfiance
configuración electrónica	Configuration électronique
conflicto armado	Conflit armé
conflicto armado internacional	Conflit armé international
conflicto armado no internacional	Conflit armé non international
conflicto social	Conflit social
confundir las churras con las merinas	Prendre des vessies pour des lanternes
congelación cerebral	Ganglioneuralgie sphénopalatine, sphénopalatineganglioneuralgie
congestión cerebral	Congestion cérébrale
congrio común	Congre commun
conjunción coordinante	Conjonction de coordination
conjunción subordinante	Conjonction de subordination
conjuntiva bulbar	Conjonctive bulbaire
conjunto boreliano	Borélien
conjunto contable	Ensemble dénombrable
conjunto de borel	Borélien
conjunto de instrucciones	Jeu d’instructions
conjunto numerable	Ensemble dénombrable
conjunto unitario	Singleton
cono de luz	Cône de lumière
cono truncado	Cône tronqué
cono volcánico	Cône volcanique
conocer algo como la palma de su mano	Connaitre quelque chose comme sa poche
conocimiento de embarque	Connaissement
consejo de administración	Conseil d’administration
consejo de europa	Conseil de l’Europe
consejo de la unión europea	Conseil de l’Union européenne
consejo de ministros	Conseil des ministres
consejo de supervisión	Conseil de surveillance
consejo de vigilancia	Conseil de surveillance
consejo europeo	Conseil européen
consenso científico	Consensus scientifique
consolador con arnés	Gode-ceinture
consonante africada	Consonne affriquée
consonante alveolar	Consonne alvéolaire
consonante bilabial	Consonne bilabiale
consonante gutural	Consonne gutturale
consonante labial	Consonne labiale
consonante nasal	Consonne nasale
consonante oclusiva	Consonne occlusive
consonante palatal	Consonne palatale, palatale
consonante sonora	Consonne sonore, consonne voisée, consonne
consonante sorda	Consonne sourde
consonante uvular	Consonne uvulaire
consonante velar	Consonne vélaire
constante de avogadro	Nombre d’Avogadro, constante d’Avogadro
constante de boltzmann	Constante de Boltzmann
constante de los gases	Constante universelle des gaz parfaits
constante universal de los gases ideales	Constante universelle des gaz parfaits
constar de	Être composé de, consister de
constelación de satélites	Constellation de satellites
construcción abismal	Mise en abyme
construcción naval	Construction navale
constructivismo holandés	Néoplasticisme
consuelda media	Nom vernaculaire deAjuga reptans, la bugle; Nom vernaculaire de Leucanthemum vul
consuelda real	Pied-d’alouette
consultar con la almohada	La nuit porte conseil
consumidor en linea	Cyberconsommateur
contador geiger	Compteur Geiger
contaminación cruzada	Contamination croisée
contar con	Compter sur
contar el bacalao	Avoir la haute main
contenedor de basura	Benne à ordures
contentarse con palabras vacias	Se payer de mots
contento como dios en francia	Heureux comme Dieu en France
continuo dialectal	Continuum dialectal
continuo feminicidiario	Continuum féminicidaire
continuo lingüístico	Continuum linguistique
continúa en la siguiente página	TSVP
contorneado facial	Contouring
contra las cuerdas	Entre l’arbre et l’écorce
contra natura	Contre nature
contra reloj	Sinistrogyre
contra viento y marea	Contre vents et marées
contrabajo eléctrico	Contrebasse électrique
contractura muscular	Contracture
contraposición lógica	Contraposition
contrato a término indefinido	CDI
contrato de adhesión	Conditions générales de vente
contrato de arrendamiento	Bail
contrato de futuros	Contrat à terme
contrato de trabajo	Contrat de travail
contrato indefinido	CDI
contrato por adhesión	Conditions générales de vente
contrato social	Contrat social
control coercitivo	Contrôle coercitif, emprise coercitive conjugale
control de calidad	Contrôle qualité, contrôle de qualité
control de natalidad	Contraception
control paternal	Contrôle parental
control remoto	Télécommande
control social	Contrôle social
controlador lógico programable	automate programmable
controladora de tráfico aéreo	Contrôleuse aérienne
controladora de tránsito aéreo	Contrôleuse aérienne
convenciones de ginebra	Conventions de Genève
convenios de ginebra	Conventions de Genève
convergencia absoluta	Convergence absolue
convergencia de luchas	Convergence des luttes
convergencia evolutiva	Convergence évolutive
convertir en arma	Arsenaliser
convertirse en la sombra de una persona	Coller aux basques, ne pas lâcher d’une semelle
convivencia social	Interaction sociale
coonhound americano	American english coonhound, english coonhound
coonhound inglés americano	American english coonhound, english coonhound
copa menstrual	Coupe menstruelle
copia final	Propre
copia limpia	Propre
copiar y pegar	Copier-coller
copita después del café	Pousse-café
copla novena	Neuvain
copo de nieve	Flocon de neige
coral ratonera	Couleuvre tachetée
corazón de buey	Cachiman
corbata de moño	Nœud papillon
cordero pascual	Agneau pascal
cordillera preandina	Pré-Andes
cordón azul común	Cordonbleu d’Angola
cordón azul de mejillas rojas	Cordonbleu à joues rouges
cordón sanitario	Cordon sanitaire
cordón umbilical	Cordon ombilical
corea de huntington	Chorée de Huntington
coreano antiguo	Ancien coréen
coreano medio	Moyen coréen
cormoran pigmeo	Cormoran pygmée
cormorán moñudo	Cormoran huppé
corned beef	Corned-beef
corneja cenicienta	Corneille mantelée
corneja gris	Corneille mantelée
corneja negra	Corneille noire
cornejo macho	Laurier-tin
cornish rex	Rex de Cornouailles
corno di bassetto	Cor de basset
corno francés	Cor d’harmonie
corno inglés	Cor anglais
coro alto	Jubé
corona de adviento	Couronne de l’Avent
corona de conde	Couronne comtale
corona de cristo	Épine-du-Christ
corona de espinas	Couronne d’épines
corona de rey	Souci
corona imperial	Couronne impériale
corona mural	Couronne murale
corona naval	Couronne navale
corona real	Couronne royale
corona solar	Couronne solaire
corona triunfal	Couronne de laurier
coronila mínima	Petite coronille
coronilla de fraile	Globulaire buissonnante
coronilla de hojas finas	Coronille à tiges de jonc
corpus christi	Fête-Dieu
corpus lingüístico	Corpus linguistique
corral para bebés	Parc à bébé
corralito para bebés	Parc à bébé
correa de distribución	Courroie de distribution
correa de transmisión	Courroie de transmission
correa dentada	Courroie dentée
corrección política	Politiquement correct
corrector ortográfico	Correcteur orthographique
corredor de la muerte	Couloir de la mort
corredor ecológico	Corridor écologique
corredor humanitario	Couloir humanitaire
corredorchorlito de magallanes	Pluvianelle
correhuela mayor	Liseron des haies
correlimos batitú	Maubèche des champs
correlimos canelo	Bécasseau roussâtre
correlimos chico	Bécasseau minute
correlimos común	Bécasseau variable
correlimos de temminck	Bécasseau de Temminck
correlimos falcinelo	Bécasseau falcinelle
correlimos gordo	Bécasseau maubèche
correlimos menudo	Bécasseau minute
correlimos oscuro	Bécasseau violet
correlimos tridáctilo	Bécasseau sanderling
correlimos zarapitín	Bécasseau cocorli
correo aéreo	Poste aérienne
correo basura	Pourriel
correo electrónico	Courrier électronique, courriel
correr como alma que lleva el diablo	Courir comme un dératé
correr el cerrojo	Verrouiller
correr la coneja	Tirer le diable par la queue
correr mundo	Parcourir le monde, voir du pays
corriente alterna	Courant alternatif
corriente continua	Courant continu
corriente de densidad piroclástica	Nuée ardente
corriente de resaca	Courant d’arrachement
corriente eléctrica	Courant électrique
corriente en chorro	Courant-jet
corrupción de menores	Détournement de mineur
cortaalambres frontal	Pince coupante
cortador de uñas	Coupe-ongles
cortar al ras	Tailler
cortar de cuajo	Couper le mal à la racine
cortar de raiz	Couper le mal à la racine
cortar de raíz	Tuer dans l’œuf, étouffer dans l’œuf
cortar el cambur	Licencier
cortar un traje a alguien	Casser du sucre sur le dos de
cortar y pegar	Couper-coller
cortarle a alguien un traje	Casser du sucre sur le dos de
cortarle la palabra	Couper la parole
corte con láser	Découpe laser
corte constitucional	Cour constitutionnelle
corte de cabello	Coupe
corte de electricidad	Coupure de courant
corte de hongo	Coupe au bol
corte de mangas	Bras d’honneur
corte de pelo	Coupe de cheveux
corte de tazón	Coupe au bol
corte eléctrico	Coupure de courant
corte penal internacional	Cour pénale internationale
corte suprema	Cour suprême
corteza auditiva primaria	Cortex auditif
corteza cerebral	Cortex
corteza de abedul	Écorce de bouleau
corteza del bulbo olfatorio	Paléocortex
corteza orbitofrontal	Cortex orbitofrontal
corteza prefrontal	Cortex préfrontal
corteza terrestre	Croûte terrestre
corteza visual	Cortex visuel
cortina de ducha	Rideau de douche
cortina de hierro	Rideau de fer
cortina de humo	Écran de fumée, nuage de fumée
corvina negra	Corb
corvo branco	Corbeau blanc
corégono de artedi	Cisco de lac
corégono picudo	Corégone oxyrhynque
coser a máquina	Piquer, coudre
coser y cantar	C’est du gâteau
cosificación sexual	Objectification sexuelle
costa de marfil	Côte d'Ivoire
costar un ojo de la cara	Coûter très cher, « coûter les yeux de la
costar un riñón	Coûter les yeux de la tête
costra calcárea	Croûte calcaire
costra concrecionada	Croûte concrétionnée
costra de alteración	Croûte d’altération météorique
costra ferruginosa	Croûte ferrugineuse
costra silícea	Croûte siliceuse
cota de malla	Cotte de mailles
cotización a la seguridad social	Cotisations sociales
cotización patronal	Charges sociales
cotización social	Cotisations sociales
cotorra alejandrina	Perruche alexandre
cotorra argentina	Conure veuve
cotorra boliviana	Conure des falaises
cotorra cabeciazul	Perruche à tête prune
cotorra cabeciblanca	Pione givrée
cotorra cachaña	Conure magellanique
cotorra capirotada	Conure à cape noire
cotorra cariamarilla	Caïque de Bonaparte
cotorra cariparda	Conure leucotique
cotorra carirrosa	Perruche à tête rose
cotorra catana	Conure de Hoffmann
cotorra chiripepé	Conure de Vieillot
cotorra choroy	Conure à long bec
cotorra colilarga	Perruche à longs brins
cotorra colinegra	Conure de Souancé
cotorra colirroja	Conure à oreillons
cotorra coronirroja	Conure tête-de-feu
cotorra cuelliblanca	Conure à col blanc
cotorra de bonaparte	Conure de Bonaparte
cotorra de ceilán	Perruche de Layard
cotorra de derby	Perruche de Derby
cotorra de deville	Conure de Deville
cotorra de el oro	Conure d’Orcés
cotorra de emma	Conure d’Emma
cotorra de finsch	Perruche de Finsch
cotorra de goiás	Conure de Pfrimer
cotorra de kramer	Perruche à collier
cotorra de la española	Amazone à ventre pourpre
cotorra de malabar	Perruche de Malabar
cotorra de mauricio	Perruche de Maurice
cotorra de molina	Conure de Molina
cotorra de nicobar	Perruche des Nicobar
cotorra de perijá	Pione violette
cotorra de santa marta	Conure des Santa Marta
cotorra del himalaya	Perruche de l’Himalaya
cotorra egregia	Conure aile-de-feu
cotorra gorriblanca	Pione pailletée
cotorra jandaya	Conure jandaya
cotorra morada	Pione violette
cotorra negra	Pione noire
cotorra ojiblanca	Conure pavouane
cotorra oscura	Pione noire
cotorra pechiparda	Conure à poitrine brune
cotorra pechirroja	Perruche à moustaches
cotorra pintada	Conure versicolore
cotorra pulcra	Conure perlée
cotorra serrana chientai	Conure à front brun
cotorra serrana occidental	Conure à gros bec
cotorra solar	Conure soleil
cotorra tiriba	Conure tiriba
cotorra ventrirroja	Conure à ventre rouge
cotorrilla mejilla verde	Conure de Molina
cotorrita aliazul	Toui de Spix
cotorrita alipinta	Toui tacheté
cotorrita alirroja	Toui de Huet
cotorrita amazónica	Toui de D’Achille
cotorrita cariazul	Toui à front bleu
cotorrita carigualda	Toui à tête jaune
cotorrita costarricense	Toui du Costa Rica
cotorrita culiverde	Toui été
cotorrita de anteojos	Toui à lunettes
cotorrita de piura	Toui céleste
cotorrita de sclater	Toui de Sclater
cotorrita de tepuy	Toui des tépuis
cotorrita del sol	Conure soleil
cotorrita dorsinegra	Toui à dos noir
cotorrita mexicana	Toui du Mexique
cotorrita purpurada	Toui à queue pourprée
cotorrita sietecolores	Toui à sept couleurs
cotorrita sorda	Toui à queue d’or
cotón de tulear	Coton de Tuléar
covid a largo plazo	Covid long, Covid longue
covid persistente	Covid long, Covid longue
covid prolongado	Covid long, Covid longue
cranquiluria antártica	Calmar colossal
creador de vídeos	Vidéaste
creadora de vídeos	Vidéaste
crecer los enanos	Faire surface des problèmes inattendus, se
creencia colectiva	Croyance collective
creer a pies juntillas	Croire dur comme fer
creerse con derecho a todo	Se croire tout permis
creerse un rey	Se croire le premier moutardier du pape
crema bávara	Crème bavaroise
crema de cacahuate	Beurre de cacahouète, pâte d’arachide
crema para labios	Baume à lèvres
crema pastelera	Crème pâtissière
crema solar	Crème solaire
crepúsculo matutino	Aurore
cresta sagital	Crête sagittale
crestado chino	Chien chinois à crête
criar malvas	Manger les pissenlits par la racine
criatura fabulosa	Être fabuleux
criatura legendaria	Être fabuleux
crimen contra la humanidad	Crime contre l’humanité
crimen de guerra	Crime de guerre
crimen de género	Homicide sexiste
crimen de honor	Crime d’honneur
crimen de lesa humanidad	Crime contre l'humanité
crimen pasional	Crime passionnel
criminalidad de cuello blanco	Délinquance en col blanc
criollo de guayana francesa	Créole guyanais
criollo guadalupense	Créole guadeloupéen
criollo haitiano	Créole haïtien
criollo jamaicano	Créole jamaïcain
criptografía asimétrica	Cryptographie asymétrique
criptografía cuántica	Cryptographie quantique
criptografía simétrica	Cryptographie symétrique
crisis económica	Crise économique
crisis eléctrica	Crise électrique
crisis energética	Crise énergétique
crisis internacional	Crise internationale
crisopa verde	Chrysope verte
cristal de roca	Cristal de roche
cristal de wood	Verre de Wood
cristal líquido	Cristal liquide
cristalografía de rayos x	Radiocristallographie
criterio de copenhague	Critère de Copenhague
croissant de chocolate	Pain au chocolat
cromosoma homólogo	Chromosome homologue
cromosoma w	Chromosome W
cromosoma x	Chromosome X
cromosoma y	Chromosome Y
cromosoma z	Chromosome Z
crop top	Crop top
crottin de chavignol	Crottin de Chavignol
crueldad animal	Maltraitance animale
cruz celta	Croix celtique
cruz de borgoña	Croix de Bourgogne
cruz de hierro	Croix de fer
cruz de lorena	Croix de Lorraine
cruz de mayo	Croix décorée pour la semaine sainte
cruz de san andrés	Croix de Saint-André, croix de saint André
cruz geométrica	Arbalestrille
cruz potenzada	Croix potencée
cruzar a pie	Enjamber
cruzar los dedos	Croiser les doigts
crédito lombardo	Crédit lombard
crédito sindicado	Crédit syndiqué
crédito social	Crédit social
crémor tártaro	Crème de tartre
cría cuervos y te sacarán los ojos	réchauffer un serpent dans son sein
crítica literaria	Critique littéraire
crítico literario	Critique littéraire
crótalo adamantino	Crotale diamantin
crótalo diamante occidental	Crotale du Texas
cuaderna vía	Quatrain
cuaderno de bitácora	Journal de bord
cuadrado latino	Carré latin
cuadrado mágico	Carré magique
cuadrado semiótico	Carré sémiotique
cuadragésima cuarta	Quarante-quatrième
cuadragésimo cuarto	Quarante-quatrième
cuadro combinado	Boîte combinée
cuadro de diálogo	Boîte de dialogue
cuadro de mandos	Tableau de bord
cuadro de oposición	Carré logique
cuadrícula de crucigramas	Grille de mots croisés
cual que sea	Quel que soit
cualquier cosa	N’importe quoi
cualquier persona	N’importe qui
cuando la ocasion se presenta	À l’occasion
cuando las ranas críen pelo	Quand les poules auront des dents
cuando las vacas vuelen	Quand les poules auront des dents
cuando no	Sinon
cuando sea	N’importe quand
cuanto antes mejor	Le plus tôt sera le mieux
cuarenta y cinco	Quarante-cinq
cuarenta y cuatro	Quarante-quatre
cuarenta y dos	Quarante-deux
cuarenta y nueve	Quarante-neuf
cuarenta y ocho	Quarante-huit
cuarenta y seis	Quarante-six
cuarenta y siete	Quarante-sept
cuarenta y tres	Quarante-trois
cuarenta y uno	Quarante-et-un
cuark extraño	Quark étrange
cuarta justa	Quarte juste
cuartel general	Quartier général
cuartelado en aspa	Écartelé en sautoir
cuartelado en sotuer	Écartelé en sautoir
cuarto creciente	Premier quartier
cuarto de aseo	Cabinet d’aisance, toilettes
cuarto de baño	Salle de bain
cuarto de biberones	Biberonnerie
cuarto de hora	Quart d’heure
cuarto de hora académico	Quart d’heure académique
cuarto de hora de rabelais	Quart d'heure de Rabelais
cuarto de huéspedes	Chambre d’amis
cuarto de la eso	Seconde
cuarto de tono	Quart de ton
cuarto menguante	Dernier quartier
cuarto oscuro	Back-room, backroom
cuartos de final	Quart de finale
cuarzo ahumado	Quartz fumé
cuarzo rosa	Quartz rose
cuasi conectividad	Quasi-connectivité
cuatro cuartos	Quatre-quarts
cuatrocientos cuatro	Quatre cent quatre
cubeta de deflagración	Caoudeyre
cubierta de lona	Bâche
cubierta de paseo	Pont-promenade
cubierta forestal	Couvert forestier
cubito de hielo	Glaçon
cubo de hielo	Glaçon
cuboctaedro truncado	Cuboctaèdre tronqué, grand rhombicuboctaèdre
cubrir de estrellas	Étoiler
cubículo de votación	Isoloir
cucal malgache	Toulou
cuchara común	Canard souchet
cuchara dosificadora de café	Mesurette à café
cuchara medidora de café	Mesurette à café
cuchara para helado	Bouleuse à glace
cuchara sopera	Cuillère à soupe
cuchillo de chef	Couteau de chef
cuchillo de paleta	Couteau à peindre
cuchillo de pan	Couteau à pain
cuchillo de untar	Couteau à beurre
cuclillo alas rojiza	Coulicou à bec jaune
cuco común	Coucou gris
cuco de sabana	Chevêche des terriers
cuco serere	Guira
cuello babero	Col Claudine
cuello de botella	Goulot de bouteille
cuello de cisne	Col de cygne
cuello de peter pan	Col Claudine
cuello del útero	Col de l’utérus
cuello en v	Col en V
cuello uterino	Col de l’utérus
cuenca hidrográfica	Bassin versant
cuenco tibetano	Bol chantant, bol tibétain
cuenta atrás	Compte à rebours
cuenta bancaria	Compte bancaire
cuenta regresiva	Compte à rebours
cuentas claras amistades largas	Les bons comptes font les bons amis
cuento chino	Histoire à dormir debout ; histoire, récit
cuento de hadas	conte de fées
cuerda floja	Fil de fer, être sur la corde raide, slackline
cuerda vocal	Corde vocale, ligament vocal
cuerno de ciervo	Carbonate d’ammonium
cuerno de gabriel	Trompette de Gabriel
cuerno de gacela	Corne de gazelle
cuero cabelludo	Cuir chevelu
cuerpo a cuerpo	Corps à corps
cuerpo amarillo	Corps jaune
cuerpo calloso	Corps calleux
cuerpo cavernoso	Corp caverneux
cuerpo celeste	Objet céleste
cuerpo compuesto	Corps composé
cuerpo de agua	Étendue d’eau
cuerpo de baile	Corps de ballet
cuerpo de delito	Corps du délit
cuerpo del delito	Corps du délit
cuerpo electoral	Corps électoral
cuerpo estriado	Corps strié, striatum
cuerpo extraño	Corps étranger
cuerpo glorioso	Corps glorieux
cuerpo gris	Corps gris
cuerpo humano	Corps humain
cuerpo lúteo	Corps jaune
cuerpo médico	Corps médical
cuerpo negro	Corps noir
cuerpo simple	Corps simple
cuerpo social	Corps social
cuerpo vertebral	Corps vertébral
cuerpos intermedios	Corps intermédiaires
cuervo común	Grand corbeau
cuesco de lobo	Vesse-de-loup, vesse-de-loup perlée
cueste lo que cueste	Coûte que coûte
cuestiones sociales	Social
cuica común	Opossum brun à quatre yeux
cuica de agua	Yapock
cuica lanosa	Opossum laineux roux (Caluromys lanatus Ol
cuidad de esponja	Ville-éponge
cuidado con	Attention à
cuidador a domicilio	Auxiliaire de vie
cuidadora a domicilio	Auxiliaire de vie
cuidar de	Soigner
cuidarse de	S'occuper de
culantrillo blanco menor	Asplénium des fontaines
culantrillo menudo	Capillaire des murailles
culebra bastarda	Couleuvre de Montpellier
culebra de agua	Couleuvre vipérine
culebra de collar	Couleuvre à collier
culebra de escalera	Couleuvre à échelons
culebra de esculapio	Couleuvre d’Esculape
culebra de montpellier	Couleuvre de Montpellier
culebra de panza roja	Couleuvre à collier américaine
culebra lisa meridional	Couleuvre bordelaise
culebra parda de kay	Couleuvre brune
culebra rayada	Couleuvre rayée
culebra verdiamarilla	Couleuvre verte et jaune
culebra viperina	Couleuvre vipérine
culebrera europea	Circaète Jean-le-Blanc
culo del mundo	Trou perdu
culo sucio	Pouilleux
cultivador de tabaco	Tabaculteur
cultivadora de tabaco	Tabacultrice
cultivar en invernáculo	Forcer
cultivo en invernadero	Serriculture
culto a la persona	Culte de la personnalité
culto a la personalidad	Culte de la personnalité
culto de los cabiros	Culte des Cabires
culto mistérico	Culte à mystères
cultura de la excusa	Culture de l’excuse
cultura de la violación	Culture du viol
cultura de masas	Culture de masse
cultura inmaterial	Patrimoine culturel immatériel
cultura popular	Culture populaire
cultura przeworsk	Culture de Przeworsk
cultura simbólica	Patrimoine culturel immatériel
cumplir un papel	Jouer un rôle
cumulonimbus arcus	Arcus
cuna de newton	Pendule de Newton
cuncha de vieira	Coquille
cuota de sangre	Quota de sang; concept développé par Abima
cupón de respuesta internacional	Coupon-réponse international
cura obrero	Prêtre ouvrier
cura párroco	Cure
cura rojo	Prêtre ouvrier
curar con sal	Saler, conserver au sel
curarse en salud	Ménager ses arrières
curioso como un gato	Curieux comme un chat
curl americano	American curl
curruca cabecinegra	Fauvette mélanocéphale
curruca capirotada	Fauvette à tête noire
curruca carrasqueña	Fauvette passerinette
curruca gavilana	Fauvette épervière
curruca mirlona	Fauvette orphée
curruca mosquitera	Fauvette des jardins
curruca rabilarga	Fauvette pitchou
curruca sarda	Fauvette sarde
curruca tomillera	Fauvette à lunettes
curruca zarcera	Fauvette grisette
curruca zarcerilla	Fauvette babillarde
curry en polvo	Curry
curry rojo	Curry rouge
currículum vítae	Curriculum vitæ, curriculum vitae
curso de agua	Cours d’eau
curtidor en blanco	Mégissier
curuba antioqueña	Curuba rouge
curuba ecuatoriana	Curuba
curuba india	Curuba
curva de bézier	Courbe de Bézier
curva de valoración	Courbe de titrage
curva plana	Courbe plane
cusco europeo	Brosme, poisson de la famille des Gadidae
cuvac eslovaco	Tchouvatch slovaque
cálamo aromático	Calame, jonc odorant
cálao terrestre	Calao terrestre
cálculo dental	Tartre dentaire
cálculo infinitesimal	Calcul infinitésimal
cálculo renal	Calcul rénal
cállate el hocico	Ta gueule
cámara de aire	Chambre à air
cámara de cine	Caméra
cámara de combustión	Chambre de combustion
cámara de comercio	Chambre de commerce
cámara de gas	Chambre à gaz
cámara de marcha atrás	Caméra de recul
cámara de máquinas	Chambre des machines
cámara de neumático	Chambre à air
cámara frigorifica	Chambre froide
cámara lenta	Ralenti
cámara oscura	Chambre noire
cáncer de esófago	Cancer de l’œsophage
cáncer de mama triple negativo	Cancer du sein triple négatif
cápsula de café	Dosette de café
cárabo común	Hulotte
cárabo pescador	Chouette pêcheuse, chouette-pêcheuse
cártamo silvestre	Kentrophylle
cáscara de nuez	Coquille de noix (petite embarcation fragi
cástor y polideuces	Castor et Pollux
cástor y polideuco	Castor et Pollux
cástor y pólux	Castor et Pollux
cáñamo de manila	Chanvre de Manille
cáñamo índico	Chanvre indien
célula bipolar	Neurone bipolaire
célula de hortega	Microglie
célula durmiente	Cellule dormante
célula madre	Cellule souche
célula piramidal	Cellule pyramidale
címbalo húngaro	Cymbalum
círculo vicioso	Cercle vicieux
círculo virtuoso	Cercle vertueux
cóctel molotov	Cocktail Molotov
cóctel sin alcohol	Mocktail
cóculo oriental	Coque du Levant
código civil	Code civil
código de atuendo	Code vestimentaire
código de barras	Code-barres
código de carreteras	Code de la route
código de circulación	Code de la route
código de tránsito	Code de la route
código fuente	Code source
código genético	Code génétique
código morse	Code morse
código penal	Code pénal
código postal	Code postal
código qr	QR code, code QR
código vestimentario	Code vestimentaire, dress code
cómo estás	Comment vas-tu
cóndor andino	Condor des Andes
cóndor californiano	Condor de Californie
cóndor de california	Condor de Californie
cóndor norteño	Condor de Californie
cóndor real	Vautour pape
córdoba oro	Cordoba d’or
cúmulo abierto	Amas ouvert
cúmulo de galaxias	Amas de galaxies
cúmulo estelar	Amas stellaire
cúmulo globular	Amas globulaire
dación en pago	Dation en paiement
dado el caso	Le cas échéant
dado que	Puisque
daedalea quercina	Dédalée du chêne
dalái lama	Dalaï-lama
dama de noche	Jasmin de nuit, galant de nuit
damisela en apuros	Demoiselle en détresse
damán de bruce	Daman de steppe
damán roquero	Daman des rochers
dandie dinmont terrier	Dandie dinmont terrier
dando y dando	Donnant donnant
danio cebra	Poisson-zèbre
danza de apareamiento	Parade nuptiale
danza de la muerte	Danse macabre
danza del sol	Danse du soleil
danza del vientre	Danse du ventre
dar a entender	Ne rien laisser paraître
dar a luz	Faire naître, mettre au monde
dar alarma	Alerter, donner l’alarme
dar argumentos al enemigo	Tendre le bâton pour se faire battre
dar asco	dégoûter, répugner
dar calabazas	Plaquer, quitter
dar caza	Donner la chasse
dar caña	Faire marcher plus fort ou plus vite quelq; Frapper, rosser
dar coba	Faire de la lèche, lécher les bottes
dar coces contra el aguijón	Se cogner la tête contre les murs
dar com os burros na agua	Être marron
dar con	Rencontrer
dar conversación	Faire la conversation
dar cuenta	Rendre compte
dar cuerda	Remonter (une horloge ou un mécanisme simi
dar cuerpo	Étoffer
dar dentera	Agacer
dar el cambiazo	Donner le change
dar el camelo	Jeter de la poudre aux yeux
dar el importe exacto	Faire l’appoint
dar el pecho	Donner le sein
dar el último suspiro	Rendre le dernier soupir
dar en el blanco	Faire mouche
dar en el clavo	Taper dans le mille, voir juste
dar en prenda	Engager
dar forma	Façonner, pétrir
dar gato por liebre	Prendre des vessies pour des lanternes
dar gracias	Remercier
dar gracias a	Remercier
dar la espalda	Tourner le dos
dar la postrera boqueada	Rendre le dernier soupir
dar la talla	Être à la hauteur
dar la última boqueada	Rendre le dernier soupir
dar las boqueadas	Rendre le dernier soupir
dar los primeros pasos	Faire ses premiers pas
dar lugar a	donner lieu à, causer
dar marcha atrás	Faire machine arrière, rétropédaler
dar mayor importancia	Faire la part belle
dar media vuelta	Faire demi-tour
dar miedo	Faire peur
dar papaya	Tenter le diable, loc.
dar por descontado	Escompter
dar por el culo	Enculer (quelqu’un); Emmerder (quelqu’un)
dar por el saco	Enculer
dar por hecho	Escompter
dar por seguro	Prendre pour acquis
dar por sentado	Prendre pour acquis
dar por supuesto	Prendre pour acquis
dar preferencia	Faire la part belle
dar prioridad	Faire la part belle
dar que pensar a	Donner du grain à moudre
dar rabia	Enrager
dar rienda suelta	Donner libre cours, lâcher la bride
dar saltitos	Sautiller
dar sed	Assoiffer
dar señales de vida	Donner signe de vie
dar su testimonio	Témoigner
dar traspiés	Trébucher
dar un paso en falso	Trébucher
dar un plantón	Poser un lapin
dar un portazo	Claquer la porte
dar un rapapolvo	Rabrouer
dar un toque	Biper
dar una mano	Prêter main-forte
dar una vuelta	Faire un tour
dar una vuelta alrededor de	Faire le tour
dar volumen	Étoffer
dar vueltas	Tournoyer, tourbillonner
darle a la sin hueso	Tailler le bout de gras
darle a la sinhueso	Tailler le bout de gras
darle al contacto	Mettre le contact
darle material de reflexión a	Donner du grain à moudre
darle un aumento a	Augmenter
darle un patatús a	Tomber dans les pommes
darle un tirón de orejas a	Enguirlander
darse con la cabeza contra la pared	Se cogner la tête contre les murs
darse contra las esquinas	Se cogner la tête contre les murs
darse contra una pared	Se cogner la tête contre les murs
darse cuenta	Se rendre compte
darse cuenta de	Réaliser
darse de baja	Démissionner, se retirer
darse por las esquinas	Se cogner la tête contre les murs
darse por las paredes	Se cogner la tête contre les murs
darse por vencido	Rendre les armes
darse prisa	Dépêcher, speeder
darse tono	Agir avec affectation, affecter, feindre,
darse un chapuzón	Piquer une tête
darse un taco de ojo	Se rincer l’œil
darse un tiro al pie	Se tirer une balle dans le pied
darsele vuelta los ojos	Tourner de l’œil
data mart	Datamart
datación radiométrica	Radiochronologie
datilero del desierto	Dattier du désert
dativo ético	Datif éthique
dato personal	Donnée personnelle
datos masivos	Big data
daño colateral	Dommage collatéral
de a poco	Petit à petit, peu à peu
de acuerdo	D’accord
de acuerdo a	Selon
de acuerdo con	Selon
de acá	D’ici
de ahora en adelante	Dorénavant
de ahí	D'où
de ahí que	Donc
de algún modo	De façon ou d’autre, d’une façon ou d’une
de antemano	D’avance
de aqui en adelante	Désormais
de aqui te espero	Phénoménal, génial
de aquí	D’ici
de aquí a	D’ici
de aquí hasta	D’ici
de aquí para allá	De-ci de-là
de arriba abajo	De fond en comble
de buen grado	De bonne grâce, volontiers
de buena gana	Volontiers
de buenas a primeras	De but en blanc
de cabeza	La tête la première
de cabo a rabo	De bout en bout
de caché	Distingué
de casta le viene al galgo el ser rabilargo	Bon sang ne saurait mentir
de chicha y nabo	À la noix
de chichinabo	À la noix
de circunstancias	De circonstance
de color de rosa	Tout beau, tout rose
de común acuerdo	De conserve
de confianza	Sûr
de conformidad con	Conformément à
de consuno	De conserve
de corrido	Par cœur
de costumbre	D’habitude
de coña	Pour rire, de façon non sérieuse
de cualquier forma	Quoi qu’il en soit
de cualquier manera	Quoi qu’il en soit
de cuando en cuando	De temps en temps
de cuello de cisne	En col de cygne, en cou de cygne
de cuerpo completo	En pied
de cuerpo entero	En pied
de culto	Culte
de donde	D’où
de dos estrellas	Deux étoiles
de dónde	D’où
de entrada	D’emblée
de espaldas	De dos
de este modo	Ainsi, comme cela, tellement, comme
de forma idéntica	À l’identique
de forma que	De façon que
de gama alta	Haut de gamme
de golpe	Soudain, tout à coup
de guatemala a guatepeor	De mal en pis, de Charybde en Scylla
de hecho	De fait, en fait
de humor cambiante	Maussade
de inmediato	D’emblée
de invierno	Hivernal
de juzgado de guardia	Intolérable
de la ceca a la meca	Par monts et par vaux
de la mano	Main dans la main
de la misma manera	De même, à l’identique
de la misma manera que	À l’instar de
de las	Des
de lejos	De loin
de lleno	De plein fouet
de locura	Délirant
de los	Des
de los baños	Les-Bains
de lujo	De luxe
de línea dura	Va-t-en-guerre
de madrugada	De bonne heure, aux aurores
de mal en peor	De mal en pis
de mal grado	De mauvaise grâce
de mala gana	De mauvaise grâce
de manera holgada	Haut la main
de manera idéntica	À l’identique
de manera que	de manière que
de maravilla	Parfaitement, exquisément, favorablement,
de memoria	Par cœur, de mémoire
de miras estrechas	Étroit d’esprit
de modo que	De manière que
de nada	De rien
de nancy	Nancéien
de ningún modo	En aucune façon, en aucune manière; Ne … nullement, pas du tout
de noble cuna	Bien né
de noche	De nuit
de noche todos los gatos son pardos	La nuit, tous les chats sont gris
de nuevo	De nouveau, à nouveau; Encore
de otra manera	Autrement, d’une autre façon
de padre y muy señor mío	On ne peut plus
de paja	Fantoche
de pared	Mural
de parte de	Au nom de
de pascuas a ramos	Tous les trente-six du mois
de paso	Au fait, à propos
de peor en peor	De pire en pire
de perrito	Levrette
de pie	Debout
de pies a cabeza	Des pieds à la tête, de la tête aux pieds, depuis les pieds jusqu’à la tête
de pleno	À part entière
de pleno derecho	De plein droit
de poca confianza	Sujet à caution
de por vida	À vie
de primera orden	De premier ordre
de prisa	Vite, rapidement
de propósito	Exprès
de punta	Sur la pointe des pieds
de puntillas	Sur la pointe des pieds
de remate	Totalement, complètement, absolument, pour
de reojo	Du coin de l’œil
de repente	Soudainement, subitement, tout à coup
de segunda	De seconde zone
de segunda categoría	De second ordre, de seconde zone
de segundo orden	De second ordre
de sopetón	Soudainement, subitement
de tal manera que	De sorte que, en sorte que
de tal modo que	De sorte que, en sorte que
de tal palo tal astilla	La pomme ne tombe jamais loin de l’arbre
de tapera en galpón	Par monts et par vaux
de tercer orden	De troisième ordre
de tiempo en tiempo	De temps en temps
de toda la vida	Bon vieux
de todas formas	Toujours est-il que, de toute façon, quoi qu’il en soit
de todas maneras	De toute façon, quoi qu’il en soit
de todo tipo	En tout genre
de todos los días	Journalier
de todos modos	De toute façon, de toute manière
de tres al cuarto	À la noix
de un extremo a otro	De part en part
de un lado a otro	De part en part
de un modo u otro	D’une manière ou d’une autre
de un solo golpe	D’un seul coup
de un tiempo a esta parte	Entre-temps, depuis un certain temps, depu
de un u otro modo	D’une manière ou d’une autre
de una cosa para otra	De fil en aiguille
de una forma u otra	D’une manière ou d’une autre
de una sola pieza	D’un seul tenant
de una u otra forma	D’une manière ou d’une autre
de una vez	une fois pour toutes
de una vez por todas	Une fois pour toutes
de veras	Vraiment
de vez en cuando	De temps en temps
de vuelta	De nouveau
debajo de	Sous
debate socrático	Maïeutique
deber conyugal	Devoir conjugal
deberle a alguien los ojos de la cara	Devoir une fière chandelle
debido a	En raison de
decimal codificado en binario	BCD
decir algo	En placer une
decir por decir	Parler pour ne rien dire, parler pour parler
decir requiebros	Conter fleurette, dire des mots doux
decisión por consenso	Prise de décision par consensus
declaración de guerra	Déclaration de guerre
decímetro doble	Double décimètre
decúbito dorsal	Décubitus dorsal
decúbito lateral	Décubitus latéral
decúbito prono	Décubitus ventral
decúbito supino	Décubitus dorsal
decúbito ventral	Décubitus ventral
dedo corazón	Majeur
dedo cordial	Majeur
dedo de en medio	Majeur
dedo del corazón	Majeur
dedo del pie	Doigt du pied, orteil
dedo gordo	Gros orteil
dedo gordo del pie	Gros orteil
dedo grueso	Gros orteil
dedo mayor	Majeur
dedo medio	Majeur
dedo meñique	Petit orteil, auriculaire
defensa antiaérea	Défense antiaérienne
defensa propia	Légitime défense
deforestación importada	Déforestation importée
deformación mecánica	Déformation mécanique
deformación permanente	Déformation plastique
deformación plástica	Déformation plastique
dejar atrás	Dépasser
dejar atónito	Épater
dejar caer	laisser tomber, lâcher (un objet); Révéler quelque chose innocemment, sur un
dejar de	Cesser
dejar en paz	Foutre la paix
dejar indiferente	Laisser de marbre, indifférer
dejar las armas	Déposer les armes
dejar plantado	Poser un lapin
dejar que desear	Laisser à désirer
dejar tranquilo	Ficher la paix
dejarse de historias	Aller droit au but
dejarse de rodeos	Aller droit au but
dejarse de tonterías	Aller droit au but
dejarse llevar	Se laisser porter
del cual	Duquel
del demonio	Fichu
del dicho al hecho hay un gran trecho	Il y a loin de la coupe aux lèvres
del dicho al hecho hay un trecho	Dire et faire font deux
del fondo del corazón	Du fond du cœur
del mismo modo	À l’identique
del otro cuadro	Qualifie une personne homosexuelle
del otro jueves	À tomber par terre
del otro mundo	À tomber par terre
del tiempo de los godos	Il y a très longtemps
delante de	Avant, devant
delfin nariz de botella	Tursiops
delfín chileno	Dauphin du Chili, dauphin noir du Chili
delfín chino de río	Baiji
delfín común oceánico	Dauphin commun
delfín costero	Dauphin de Guyane
delfín de cabeza blanca	Céphalorhynque d’Hector, dauphin d’Hector
delfín de commerson	Dauphin de Commerson, céphalorhynque de Commerson
delfín de flancos blancos	Dauphin à flancs blancs
delfín de heaviside	Dauphin du Cap, céphalorhynque de Heaviside
delfín de hocico estrecho	Sténo rostré
delfín de héctor	Céphalorhynque d’Hector, dauphin d’Hector
delfín del amazonas	Boto, inie de Geoffroy
delfín del ganges	Sousouc
delfín del indo	Dauphin de l’Indus
delfín del plata	Dauphin de la Plata
delfín del río araguaia	Boto de l’Araguaia
delfín gangécico	Sousouc
delfín giboso atlántico	Dauphin à bosse de l’Atlantique, sotalie du Cameroun
delfín giboso índico	Dauphin à bosse de l’océan Indien
delfín hocico blanco	Dauphin à bec blanc
delfín jorobado australiano	Dauphin à bosse d’Australie
delfín liso del sur	Dauphin aptère austral
delfín listado	Dauphin bleu
delfín meridional sin aleta	Dauphin aptère austral
delfín mular	Grand dauphin
delfín nariz de botella	Grand dauphin
delfín negro	Dauphin du Chili, dauphin noir du Chili
delfín picudo de arnoux	Bérardie d’Arnoux
delfín pío	Dauphin de Commerson, céphalorhynque de Commerson
delfín rosado	Boto, inie de Geoffroy
delfín rosado de hong kong	Dauphin à bosse du Pacifique, sotalie de Chine
delfín septentrional sin aleta	Dauphin du Nord
delincuencia organizada	Criminalité organisée
delincuente habitual	Récidiviste
delirio de grandeza	Folie des grandeurs
delirio de grandezas	Folie des grandeurs
delirio de las persecuciones	Délire de persécution
delirio del sueño	État oniroïde
delirio persecutorio	Délire de persécution
delito flagrante	Flagrant délit
delta frenular	Delta frénulaire
demandante de empleo	Demandeur d’emploi, demandeuse d’emploi
demasiado tarde	Trop tard
demencia semántica	Démence sémantique
demencia senil	Démence sénile
demencia senil de tipo alzheimer	Maladie d’Alzheimer
democracia directa	Démocratie directe
democracia participativa	Démocratie participative
demonio de tasmania	Diable de Tasmanie
denominación de origen controlada	Appellation d’origine contrôlée
denominación de origen protegida	Appellation d’origine protégée
denominador común	Dénominateur commun
densidad de corriente	Densité de courant
densidad de población	Densité de population
densidad relativa	Densité
densidad óptica	Densité optique
denso en ninguna parte	Nulle part dense
dentro de	À, en, dans
dentro de un rato	Tout à l’heure
dentón común	Denté commun
depende de si	Selon que
dependiente del clima	Météo-sensible
deporte adaptado	Handisport
deporte de raqueta	Sport de raquette
deporte ecuestre	Sport équestre
deposito de cadáveres	Morgue
depresión aislada en niveles altos	Goutte froide
depósito de cadáveres	Morgue
depósito por láser pulsado	Dépôt par ablation laser pulsé
derecho a votar	Droit de vote
derecho agrario	Droit agraire
derecho al sufragio	Droit de vote
derecho al voto	Droit de vote
derecho canónico	Droit canonique
derecho civil	Droit civil
derecho constitucional	Droit constitutionnel
derecho continental	Droit continental
derecho de autor	Copyright, droit d’auteur
derecho de ginebra	Droit de Genève
derecho de la haya	Droit de La Haye
derecho de pernada	Droit de cuissage
derecho de propiedad	Droit de propriété
derecho de reunión	Liberté de réunion
derecho de superficie	Droit de superficie
derecho de veto	Droit de veto
derecho del trabajo	Droit du travail
derecho internacional humanitario	Droit international humanitaire
derecho penal	Droit pénal
derecho privado	Droit privé
derecho público	Droit public
derecho real	Droit réel
derechos humanos	Droits de l’homme, droits humains
deriva continental	Dérive des continents
deriva de pesticidas	Dérive des pesticides
deriva genética	Dérive génétique
derivación regresiva	Dérivation régressive
derivada cruzada	Dérivée croisée
derivada mixta	Dérivée croisée
derivada parcial	Dérivée partielle
derivado regresivo	Dérivé régressif
dermatitis seborreica	Dermatite séborrhéique
derrame pericárdico	Tamponnade
derviche girador	Derviche tourneur
desandar lo andado	Rebrousser chemin
desaparición forzada	Disparition forcée
desarrollo dentario	Odontogenèse
desarrollo neural	Neurodéveloppement
desarrollo personal	Développement personnel
desarrollo sostenible	Développement durable
desayuno continental	Petit déjeuner continental
descansar en los laureles	Se reposer sur ses lauriers
descansar en sus laureles	Se reposer sur ses lauriers
descansar sobre los laureles	Se reposer sur ses lauriers
descansar sobre sus laureles	Se reposer sur ses lauriers
descarga de agua	Chasse d’eau
descarga de metralla	Mitraillade
descarga parcial	Décharge partielle
descolonización lingüística	Décolonisation linguistique
descompensación horaria	Décalage horaire
descubrir el agua tibia	Réinventer la roue
descubrir el pastel	Découvrir le pot aux roses
descubrir el terreno	Tâter le terrain
desde ahora	Désormais
desde cero	De toutes pièces
desde el momento que	Du moment que
desde el principio de los tiempos	Depuis la nuit des temps
desde el río hasta el mar	Du fleuve à la mer
desde entonces	Depuis, depuis lors, dès lors
desde luego	Bien sûr
desde que	Depuis que
desde tiempos inmemoriales	Depuis la nuit des temps
deseconomía de escala	Déséconomie d'échelle
desempeñar un papel	Jouer un rôle
desempleo estructural	Chômage structurel
desempleo intelectual	Chômage intellectuel
desempleo tecnológico	Chômage technologique
desencantamiento del mundo	Désenchantement du monde
deseo inútil	Vœu pieux
desfase horario	Décalage horaire
desfibrilador externo automático	Défibrillateur automatique externe, défibr
desgaste ocupacional	Épuisement professionnel
desgaste profesional	Épuisement professionnel
desierto de atacama	Désert d’Atacama
desierto de sonora	Désert de Sonora
desierto florido	Désert fleuri
desigualdad de oportunidades	Inégalité des chances
desmán de los pirineos	Desman des Pyrénées
desobediencia civil	Désobéissance civile
despacho de aduanas	Dédouanement, dédouanage
despatarre masculino	Manspreading
despedida de soltero	Enterrement de vie de garçon
despido colectivo	Licenciement collectif
despido improcedente	Licenciement abusif
despido injustificado	Licenciement abusif
despido por causas económicas	Licenciement économique, licenciement pour motif économique
desprecio de clase	Mépris de classe
después de	Après
después de cristo	Après Jésus-Christ
después de la tormenta viene la calma	Après la pluie, le beau temps
después de todo	Après tout
destacar por	Mettre un point d’honneur
destapar un secreto	Vider son sac
destreza manual	Coup de main
destrucción creadora	Destruction créatrice
destrucción creativa	Destruction créatrice
desvestir a un santo para vestir a otro	Déshabiller Pierre pour habiller Paul
detective privado	Détective
detector de metales	Détecteur de métaux
detrás de	Derrière
deuda técnica	Dette technique
deuda vencida	Arriéré
deunde oscuro	Argus frêle
devanarse los sesos	Se creuser la tête
devolver el favor	Rendre la pareille
devolver la invitación	Rendre la pareille
devon rex	Rex devon
diabetes mellitus	Diabète sucré
diabetes sacarina	Diabète sucré
diablo de tasmania	Diable de Tasmanie
diadema condal	Couronne comtale
diagnóstico diferencial	Diagnostic différentiel
diagnóstico genético preimplantacional	Diagnostic préimplantatoire
diagrama de caja	Boîte à moustaches
diagrama de fase	Diagramme de phase
diagrama de ojo	Diagramme de l’œil
diagrama de pareto	Diagramme de Pareto
dialecto constitutivo	Dialecte constitutif
dialecto de transición	Dialecte de transition
diamante de sangre	Diamant de sang
diamante mandarín	Diamant mandarin
diamante negro	Carbonado, diamant noir
diamante sintético	Diamant synthétique
diapiro salino	Dôme de sel, dôme salin
dibujo al carboncillo	Fusain
dibujo al carbón	Fusain
dibujo animado	Dessin animé
dibujo técnico	Dessin technique, dessin industriel
diccionario contrastivo	Dictionnaire contrastif
diccionario de datos	Dictionnaire des données
diccionario enciclopédico	Dictionnaire encyclopédique
dicho esto	Cela dit
dicho lo anterior	Cela dit
dicho sea de paso	Au fait, soit dit en passant
dicho y hecho	Aussitôt dit, aussitôt fait
dicionario de rima	Dictionnaire de rimes
dicloro difenil tricloroetano	Dichlorodiphényltrichloroéthane, DDT
dicloruro de carbonilo	Phosgène
dicromatismo sexual	Dichromatisme sexuel
dicromato de potasio	Dichromate de potassium
dictadura del proletariado	Dictature du prolétariat
dieciseisavos de final	Seizième de finale
diente de ajo	Gousse d’ail
diente de dragón	Dent de dragon, signalisation routière en
diente de leche	Dent de lait
diente de león	Pissenlit, dent-de-lion
dieta mediterránea	Régime crétois
diez y nueve	Dix-neuf
diez y ocho	Dix-huit
diez y seis	Seize
diez y siete	Dix-sept
diferencia de potencial	Différence de potentiel
diferencia horaria	Décalage horaire
diferenciación celular	Différenciation cellulaire
diferenciación sexual	Différenciation sexuelle
dificultad en el aprendizaje de las matemáticas	Dyscalculie
digno de confianza	Sûr
digno de lástima	Pauvre, misérable
dilatación térmica	Dilatation thermique
dile que no	Dile que no
dilema corneliano	Choix cornélien, dilemme cornélien
dime con quién andas y te diré quién eres	Les fréquentations d’une personne sont trè
dimensionamiento geométrico y tolerancia	Cotation GPS
dimetilhidrazina asimétrica	Diméthylhydrazine asymétrique (1,1-diméthy
dimorfismo sexual	Dimorphisme sexuel
dinero helicoptario	Monnaie hélicoptère
dinero negro	Argent sale
dinosaurio no aviano	Dinosaure non-avien
diodo de barrera schottky	Diode Schottky
diodo emisor de luz	Diode électroluminescente
diodo gunn	Diode Gunn
diodo schottky	Diode Schottky
diodo varicap	Diode varicap
dios aprieta pero no ahorca	À brebis tondue Dieu mesure le vent
dios fluvial	Dieu-fleuve
dios mío	Mon Dieu
dios se lo pague	Dieu vous le rende
dios te lo pague	Dieu vous le rende
dipolo magnético	Dipôle magnétique
dique de goma	Digue dentaire
dique seco	Cale sèche
dirección de correo electrónico	Adresse de courrier électronique
dirección ip	Adresse IP
director adjunto	Vice-directeur
director cinematográfico	Réalisateur
director de cine	Réalisateur
director de orquesta	Chef d’orchestre
director de teatro	Metteur en scène
director deportivo	Directeur sportif
director gerente	Président-directeur général
directora de cine	Réalisatrice
directora de orquesta	Chef d’orchestre, cheffe d’orchestre
directora de teatro	Metteur en scène
directora musical	Directrice musicale
directorio telefónico	Annuaire téléphonique, bottin téléphonique
dirigir la palabra	Adresser la parole (à quelqu’un)
dirigirse a	S’adresser
disco compacto	Disque compact
disco conceptual	Album concept, album-concept
disco de acrecimiento	Disque d’accrétion
disco de acreción	Disque d’accrétion
disco de aparcamiento	Disque de stationnement
disco de secchi	Disque de Secchi
disco duro	Disque dur
disco horario	Disque de stationnement
disco intervertebral	Disque intervertébral
disco zip	Disque ZIP
discontinuidad de gutenberg	Discontinuité de Gutenberg
discriminación lingüística	Discrimination linguistique, glottophobie
discriminación por la apariencia	Délit de sale gueule
discriminación por los rasgos faciales	Délit de sale gueule
discriminación positiva	Discrimination positive
discurso conexo	Chaîne parlée
discutir por discutir	Parler pour ne rien dire, parler pour parler, pinailler
diseñador gráfico	Graphiste
diseñadora gráfica	Graphiste
diseño asistido por computadora	Dessin assisté par ordinateur
diseño de moda	Stylisme
diseño gráfico	Design graphique
disforia de género	Dysphorie de genre
disonancia cognitiva	Dissonance cognitive
dispararse a los pies	Se tirer une balle dans le pied
disparo de advertencia	Coup de semonce
displasia tanatofórica	Nanisme thanatophore
dispositivo apuntador	Dispositif de pointage
distanciamiento físico	Distanciation sociale
distanciamiento personal	Distanciation sociale
distanciamiento social	Distanciation sociale
distanciarse de	Éloigner
distrito de hérens	District d’Hérens
disuasión nuclear	Dissuasion nucléaire
diuresis osmótica	Osmodiurèse
diversidad cultural	Diversité culturelle
diversidad funcional	Diversité fonctionnelle
diversidad sexual	Diversité sexuelle
división azul	Division Bleue
división del trabajo	Division du travail
divisor de cero	Diviseur de zéro
diálogo social	Dialogue social
diálogo tripartito	Trilogue
dióxido de azufre	Dioxyde de soufre
dióxido de carbono	Dioxyde de carbone
dióxido de hidrógeno	Peroxyde d’hydrogène, eau oxygénée (H₂O₂)
dióxido de nitrógeno	Dioxyde d’azote
dióxido de titanio	Dioxyde de titane
doblarse de risa	Se bidonner
doble agente	Agent double
doble clic	Double-clic
doble de luz	Doublure lumière
doble hélice	Double hélice
doble jornada	Double journée
doble moral	Deux poids deux mesures, deux poids, deux mesures
doble rasero	Deux poids deux mesures, deux poids, deux mesures
doble vara de medir	Deux poids, deux mesures
doble ve	Double vé, double-vé
doble vida	Double vie
doce pulgadas	Trente-trois tours
doctor honoris causa	Docteur honoris causa
documento de identidad	Carte d’identité
documento europeo único de contratación	Document unique de marché européen
dogo argentino	Dogue argentin
dogo canario	Dogue des Canaries
dogo de burdeos	Dogue de Bordeaux
dogo del tíbet	Dogue du Tibet
dolerle a	Avoir mal
dolina de hundimiento	Doline d’effondrement
dolor crónico	Douleur chronique
dolor de barriga	Mal de ventre
dolor de cabeza	Mal à la tête, mal de tête; casse-pied, contretemps, épine au pied
dolor de estómago	Mal de ventre
dolor de muela	Mal de dent
dolor de muelas	Mal de dent
dolor en un diente	Mal de dent
dolor lumbar	Tour de reins
dominación masculina	Domination masculine
dominación simbólica	Domination symbolique
domingo de palmas	Dimanche des Rameaux
domingo de pascua	Dimanche de Pâques
domingo de ramos	Dimanche des Rameaux
dominio público	Domaine public
domo de sal	Dôme de sel, dôme salin
don limpio	Monsieur Propre
don nadie	Tocard
don sphynx	Sphynx du Don
donación de sangre	Don de sang, don du sang
donación de órganos	Don d’organes
donante universal	Donneur universel
doncella de hierro	Vierge de fer
doncella de ondas	Damier de la succise
doncella de ondas rojas	Damier de la succise
doncella mayor	Mélitée des centaurées
doncella oscura	Mélitée noirâtre
doncella punteada	Mélitée du plantain
doncella timida	Mélitée orangée
donde se pierde la vista	À perte de vue
dondiego de día	Belle-de-jour
dorada línea larga	Hespérie de la houlque
dorica castra	Dorica castra
dormir a pierna suelta	Dormir comme un bébé, dormir comme un bienheureux
dormir al aire libre	Dormir à la belle étoile
dormir del sueño de los justos	Dormir du sommeil du juste, dormir comme un bienheureux
dormir del sueño del justo	Dormir du sommeil du juste
dormir el sueño del justo	Dormir comme un bienheureux
dormir en los laureles	S’endormir sur ses lauriers
dormir hasta tarde	Faire la grasse matinée
dormir sobre sus laureles	S’endormir sur ses lauriers
dormirse en los laureles	Se reposer sur ses lauriers
dormirse en sus laureles	S’endormir sur ses lauriers
dormirse sobre los laureles	S’endormir sur ses lauriers
dos estrellas	Deux étoiles
dos mil	Deux-mille
dos puntos	Deux-points, argus bleu
dosel arbóreo	Canopée
dosel forestal	Canopée
dotación factorial	Dotation factorielle
doy fe	Ma foi
drago de canarias	Dragonnier des Canaries
drago de socotra	Dragonnier de Socotra
dragón de komodo	Dragon de Komodo
dragón de la patagonia	Dragon de Patagonie
drama coreano	Drama coréen
drecha alternativa	Alt-right
drenaje ácido de minas	Drainage minier acide
dri de regarde	Droit de regard
dringi de la india	Papengaye
droga difícil	Drogue dure
droga inteligente	Nootrope
du l-hiyya	Dou-l-hidjja
duelo nacional	Deuil national
duelos y quebrantos	Friture d'œufs et de lardons ou de cervell
dulce de leche	Confiture de lait
dulce de membrillo	Pâte de coing
dulces sueños	Fais de beaux rêves ; faites de beaux rêve
duque de alba	Duc-d’Albe
dándose la espalda	Dos à dos
dárselas de listo	Avoir la grosse tête
dátil de mar	Datte de mer
década perdida	Décennie perdue
décima cuarta	Quatorzième
décima novena	Dix-neuvième
décima octava	Dix-huitième
décima quinta	Quinzième
décima sexta	Seizième
décima séptima	Dix-septième
décimo cuarto	Quatorzième
décimo noveno	Dix-neuvième
décimo octavo	Dix-huitième
décimo quinto	Quinzième
décimo sexto	Seizième
décimo séptimo	Dix-septième
día a día	De jour en jour
día d	Jour J
día de la independencia	Jour de l’indépendance
día de la madre	Fête des mères
día de la marmota	Jour de la marmotte
día de san patricio	Fête de la Saint-Patrick
día de todos los santos	Toussaint
día del padre	Fête des Pères
día del señor	Jour du Seigneur
día del solomillo y de la mamada	Journée du steak et de la pipe
día feriado	Jour férié
día festivo	Jour férié
día hábil	Jour ouvré
día intercalar	Bissexte
día laborable	Jour ouvré
día natural	Jour ouvrable
día siguiente	Lendemain
díctamo blanco	Dictame blanc
díctamo crético	Dictame de Crète
dólar español	Dollar espagnol, pièce de huit
dólar estadounidense	Dollar des États-Unis d'Amérique
east side story	East Side Story
eau de toilette	Eau de toilette
echado a perder	Fichu
echando cuentas	Tout compte fait
echar a perder	Abîmer, détériorer, gâter
echar a pique	Envoyer par le fond
echar anclas	Jeter l’ancre
echar balones fuera	Botter en touche
echar de menos	Regretter; Manquer
echar el guante	Mettre le grappin sur, jeter le grappin sur
echar el muerto a alguien	Porter le chapeau
echar la culpa	Rejeter la faute
echar la garra	Mettre le grappin sur, jeter le grappin sur
echar la pota	Gerber
echar lanzas en la mar	Porter de l’eau à la mer, donner des coups
echar leña al fuego	Mettre de l’huile sur le feu
echar pajas	Tirer à la courte paille
echar para adelante	Aller de l’avant
echar pestes	Pester
echar un cuento	Bonimenter
echar un ojo	Jeter un œil
echar un palo	Tirer un coup
echar un polvo	Avoir une relation sexuelle, baiser, s’env
echar un vistazo	Jeter un coup d’œil
echar una mano	Donner un coup de main
echarle aguas	Faire gaffe
echarse a perder	Mal tourner
echarse la pinta	Faire l’école buissonnière
eclipse lunar	Éclipse lunaire
eclipse solar	Éclipse de soleil
ecografía endoscópica	Écho-endoscopie
ecología del paisaje	Écologie du paysage
economía de escala	Économie d'échelle
economía de la salud	Économie de la santé
economía de mercado socialista	Économie socialiste de marché
economía de subsistencia	Économie de subsistance
economía neoclásica	École néoclassique
economía sanitaria	Économie de la santé
economía sumergida	Souterrain
ecuación diferencial	Équation différentielle
ecuación diferencial parcial	Équation différentielle partielle
ecuación en derivadas parciales	Équation aux dérivées partielles
ecuador celeste	Équateur céleste
edad antigua	Antiquité
edad de oro	Âge d’or
edad de piedra	Âge de pierre
edad del bronce	Âge du bronze
edad del consentimiento sexual	Majorité sexuelle
edad del hierro	Âge du fer
edad del pavo	Âge bête
edad media	Moyen Âge
edad mental	Âge mental
edad moderna	Époque moderne
edición de libros	Édition
edición independiente	Édition indépendante
edición príncipe	Édition princeps
edificio de alquiler	Hôtel de rapport
edificio de viajeros	Bâtiment voyageur
editor de enlace	Éditeur de liens
educación física	EPS
educación popular	Éducation populaire
educación por extensión	Formation continue
educación primaria	Enseignement primaire
educador deportivo	Éducateur sportif
educadora deportiva	Éducatrice sportive
efecto bouba-kiki	Effet bouba-kiki
efecto cucaracha	Effet de rebond, résurgence
efecto de mirada en la nuca	Scopesthésie
efecto dominó	Effet domino
efecto dzhanibekov	Effet Djanibekov
efecto especiale	Effet spécial
efecto invernadero	Effet de serre
efecto joule	Effet Joule
efecto leidenfrost	Caléfaction
efecto mariposa	Effet papillon
efecto matilda	Effet Matilda
efecto negativo	Effet pervers
efecto negociable	Effet de commerce
efecto no deseado	Effet pervers
efecto pelicular	Effet de peau
efecto pigmalión	Effet Pygmalion
efecto queso	Maladie du fromage
efecto schottky	Effet Schottky
efigie funeraria	Gisant
efigie yacente	Gisant
egipto antiguo	Égypte ancienne
eider común	Eider à duvet
eider de steller	Eider de Steller
eje cronológico	Frise chronologique
eje de la concha	Columelle
ejercicios abdominales	Abdominaux
ejército del aire	Armée de l’air
el amor es ciego	L’amour est aveugle
el bajá	Nymphale de l’arbousier
el buen paño en el arca se vende	À bon vin point d’enseigne
el buen perfume se vende en frasco pequeño	C’est dans les vieux pots qu’on fait la meilleure soupe
el cliché	Cliché
el cual	Lequel
el dinero no da la felicidad	L’argent ne fait pas le bonheur
el dinero no huele	L’argent n’a pas d’odeur
el dinero no tiene olor	L’argent n’a pas d’odeur
el fin justifica los medios	La fin justifie les moyens
el hombre es un lobo para el hombre	L’homme est un loup pour l’homme
el hombre propone y dios dispone	L’homme propose et Dieu dispose
el hong kong de hoy es el taiwán de mañana	Aujourd’hui Hong Kong, demain Taïwan
el hábito no hace al monje	L’habit ne fait pas le moine
el infierno está lleno de buenas intenciones	L’enfer est pavé de bonnes intentions
el juego no vale la pena	Le jeu en vaut la chandelle
el menor de los problemas	Cadet des soucis de
el mundo es un pañuelo	Le monde est petit
el más allá	Au-delà
el mío	Le mien
el nuestro	Le nôtre
el oficio más viejo del mundo	Le plus vieux métier du monde
el ojo del amo engorda el caballo	L’œil du maître engraisse le cheval
el palo o la zanahoria	La carotte ou le bâton
el palo y la zanahoria	La carotte et le bâton
el pasto siempre es más verde del otro lado	L’herbe est plus verte ailleurs
el perfume en tarro pequeño se vende	C’est dans les vieux pots qu’on fait la meilleure soupe
el pescado se pudre por la cabeza	Le poisson pourrit par la tête
el principio de los tiempos	La nuit des temps
el prójimo	Autrui
el que juega con el fuego siempre sale quemado	Qui s’y frotte s’y pique
el que la hace la paga	Il faut assumer jusqu’au bout les conséque
el que no arriesga no gana	Qui ne risque rien n’a rien
el que no llora no mama	Celui qui réclame obtient plus que celui q
el que paga descansa	Argent comptant fait content
el que ríe a lo último ríe mejor	Rira bien qui rira le dernier
el que va a la villa pierde su silla	Qui va à la chasse perd sa place
el quid de la cuestión	Là où le bât blesse
el qué dirán	Qu’en-dira-t-on
el sitiado	Assiégé
el sol del membrillo	Été indien
el suyo	Le leur, le sien
el teléfono dañado	Téléphone arabe
el teléfono descompuesto	Téléphone arabe
el teléfono estropeado	Téléphone arabe
el tiempo apremia	Le temps presse
el tiempo es dinero	Le temps, c’est de l’argent
el tuyo	Le tien
el veranillo del membrillo	Été indien
el vuestro	Le vôtre
el último mono	Cinquième roue du carrosse
elamita lineal	Élamite linéaire
elanio azul	Élanion blac
elanio golondrina	Naucler d’Afrique
elanio tijereta	Naucler à queue fourchue
electricidad estática	Électricité statique
electroestimulación muscular	Électromyostimulation
electroquímica analítica	Électrochimie analytique
electrón auger	Électron Auger
electrón de valencia	Électron de valence
electrón interno	Électron de cœur
electrón libre	Électron libre
electrón periférico	Électron périphérique
electrón secundario	Électron secondaire
electrón solvatado	Électron solvaté
electrónica de potencia	électronique de puissance
elefante africano	Éléphant d’Afrique
elefante en la habitación	L’éléphant dans la pièce
elefante marino	Éléphant de mer
elemento de cargo	Élément à charge
elemento finito	Élément fini
elemento químico	Élément chimique
elevador de barcos	Ascenseur à bateaux
elfo doméstico	Elfe de maison
ella misma	Elle-même
ella sola	Elle-même
ellos mismos	Eux-mêmes
ellos solos	Eux-mêmes
eléboro blanco	Ellébore blanc
eléboro fétido	Hellébore fétide
eléboro negro	Hellébore noir
eléboro negro de hipócrates	Hellébore oriental
eléboro verde	Hellébore vert
embarcación multicasco	Bateau multicoque
embarque previo	Préembarquement
emborracha cabras	Corroyère à feuilles de myrte
embudo de decantación	Ampoule à décanter
eminencia gris	Éminence grise
emisiones de escape	Gaz d’échappement
emisión por campo	Émission de champ
emisora de números	Station de nombres
empinar el codo	Lever le coude
empleada temporal	Vacataire
empleado temporal	Vacataire
empresa diseñadora de tipos	Fonderie typographique
empresa fantasma	Société écran
empresa matriz	Société mère
empresa pública	Entreprise publique
empuñar el cetro	Monter sur le trône
emulsión de scott	Femme considérée comme laide
en abismo	En abîme
en abril aguas mil	En avril, ne te découvre pas d’un fil , en mai, fais ce qu’il te plaît
en absoluto	Absolument
en adelante	D’ores et déjà
en alguna parte	Quelque part
en algunas partes	Par endroits
en algún lugar	Quelque part
en algún sitio	Quelque part
en algún tiempo	Jadis, un jour
en alta voz	Fort, à haute voix ou à voix haute
en apoyo de	En faveur de
en ayunas	À jeun
en bandeja de plata	Sur un plateau d’argent
en beneficio de	Au bénéfice de
en blanco y negro	Noir et blanc
en breve	Bientôt, d’ici peu
en bucle	En boucle
en cambio	Cependant, pourtant, au contraire
en camino	En route
en casa de	Chez, parmi, tous près de, au bord de, sur
en cascada	En cascade
en caso de que	Au cas que, au cas où
en ciernes	À l’état larvaire
en clave	À clé
en comparación con	En comparaison de
en compensación	En revanche
en común	En commun
en conciencia	En conscience
en confianza	À la bonne franquette
en conjunto	En entier
en consecuencia	Du coup, par conséquent, ducoup
en consideración de	Étant donné
en contra	Contre
en contra de	Contre, à contre-courant, à l’encontre
en corazon	Abîme, en abîme
en cualquier caso	En tout cas
en cualquier parte	N’importe où
en cuanto	Aussitôt que
en cuanto a	Vis-à-vis de, à propos de, au sujet de
en cuanto al	En termes de
en cueros	Complètement nu, qui n’a pas de vêtements
en cuerpo y alma	Corps et âme
en cuestión	En question
en curso	En cours
en decadencia	En déclin
en definitiva	En définitive
en desorden	Fouillis
en desventaja	Défavorisé
en detalle	En détail
en deuda	Redevable
en dirección a	Vers
en directo	En direct
en dos palabras	En un mot, brièvement
en efectivo	En liquide, en espèces
en efecto	Vraiment
en el acto	Aussitôt, immédiatement, sitôt, tout de su
en el aire	À l'antenne
en el caso que nos ocupa	En cette occurrence, en l’occurrence
en el frasco pequeño está el mejor perfume	C’est dans les vieux pots qu’on fait la meilleure soupe
en el nombre del padre y del hijo y del espíritu santo	Au nom du Père et du Fils et du Saint-Espr
en el olvido	Aux oubliettes
en el recodo de	Au détour de
en el transcurso de	Au fil de
en escuso	En catimini, en cachette, discrètement
en ese caso	Auquel cas
en estado	Enceint
en este caso	En cette occurrence, en l’occurrence
en esto	Entrefaite
en estofado	À l’étouffade
en exceso	À l’excès
en falso	Faux
en fila india	En file indienne, à la file indienne, à la queue leu-leu
en forma	Frais et dispos
en funciones	Faisant fonction
en función de	En fonction de
en general	En général
en guardia	En garde
en la sombra	À l’ombre
en las últimas	Au bout du rouleau
en llamas	Enflammé
en lo que respecta	À l’égard de
en lo tocante a	En termes de
en lugar de	Au lieu de
en línea	En ligne, sur internet
en líneas generales	Dans les grandes lignes
en mal estado	Mal-en-point
en mala situación	Mal-en-point
en mangas de camisa	En manches de chemise
en marcha	En cours
en medio de	Au milieu de, parmi
en memoria de	À la mémoire de
en menos de lo que canta un gallo	En moins de temps qu’il ne faut pour le dire
en mi humilde opinión	À mon humble avis
en mi opinión	À mon avis
en modo alguno	En aucune façon
en ninguna parte	Nulle part
en nombre de	Au nom de
en ocho días	En huit
en otra parte	Ailleurs, autre part
en otras palabras	Autrement dit, en d’autres termes
en parte	En partie
en particular	En particulier
en pelotas	À poil
en permanencia	En permanence
en persona	En personne
en pocas palabras	C’est dire
en presencial	En présentiel
en primer lugar	Au commencement, d’abord, en premier lieu
en provecho de	Au profit de
en punta	En pointe
en punto	Pile
en qué medida	Dans quelle mesure
en realidad	En fait, en vérité, vraiment, bien
en rebeldía	Par contumace
en relación con	En relation avec
en resumen	En un mot, en résumé
en resumidas cuentas	Tout compte fait
en ruta	En route
en sazón	À bon escient
en seguida	Aussitôt, immédiatement, sitôt, tout de su
en segundo lugar	Secondement
en serio	Sérieusement
en si	En tant que tel
en si mismo	En tant que tel
en silencio	En silence, silencieusement
en su fuero interno	En son for intérieur
en su mayor parte	Pour la plupart
en su totalidad	En entier
en suma	En somme
en suspenso	En suspens
en sí mismo	En soi
en tarlipes	À poil
en todas partes	Partout
en todo caso	Toujours est-il que, en tout cas, en tous cas
en torno de	Autour de
en términos de	En termes de
en un abrir y cerrar de ojos	En un clin d’œil
en un pis pas	En un éclair
en un principio	D’abord
en un secundo tiempo	Dans un deuxième temps
en una bandeja	Sur un plateau
en una burburja	En vase clos
en vano	En vain
en vez de	Au lieu de
en virtud de	En vertu de
en vista de	En vue de
en vivo	En direct
en voz alta	Fort, à haute voix ou à voix haute
en voz baja	À voix basse
enajenación mental	Aliénation mentale
enana blanca	Naine blanche
enana café	Naine brune
enana marrón	Naine brune
enanismo tanatofórico	Nanisme thanatophore
enano de jardín	Nain de jardin
encajar el golpe	Tenir le coup
encargarse de	Prendre en main
encefalomielitis ovina	Encéphalite écossaise
enchapado en oro	Plaqué or
encima de	À, sur
encina mexicana azul	Chêne des canyons
encino de las barrancas	Chêne des canyons
encogerse de hombros	Faire le dos rond, hausser les épaules
encontrarse con	Rencontrer
encuadernar en tela	Entoiler
enebro común	Genévrier commun, genièvre (Juniperus comm
enebro de la miera	Genévrier cade
enebro rojo	Genévrier cade
energía cinética	Énergie cinétique
energía eólica	Énergie éolienne
energía fósil	Énergie fossile
energía hidráulica	Énergie hydroélectrique
energía lumínica	Quantité de lumière
energía mareomotriz	Énergie marémotrice
energía nuclear	Énergie nucléaire
energía oscura	Énergie sombre, énergie noire
energía renovable	Énergie renouvelable
energía solar	Énergie solaire
energía térmica	Énergie thermique
enfermedad autoinmune	Maladie auto-immune
enfermedad autoinmunitaria	Maladie auto-immune
enfermedad celíaca	Maladie cœliaque
enfermedad de addison	Maladie d’Addison
enfermedad de alexander	Maladie d’Alexander
enfermedad de alzheimer	Maladie d’Alzheimer
enfermedad de aujeszky	Maladie d’Aujeszky
enfermedad de huntington	Maladie de Huntington
enfermedad de minamata	Maladie de Minamata
enfermedad de parkinson	Maladie de Parkinson
enfermedad ginecológica	Maladie gynécologique
enfermedad infecciosa	Maladie infectieuse
enfermedad mental	Maladie mentale
enfermedad neurodegenerativa	Maladie neurodégénérative
enfermedad por coronavirus	Maladie à coronavirus 2019
enfermedad profesional	Maladie professionnelle
enfermedad viral	Virose
enfisema pulmonar	Emphysème
enganche de remolque	Attelage
engrasar la pata	Graisser la patte
enjambre sísmico	Essaim sismique
enjuague bucal	Bain de bouche
enlace covalente	Liaison covalente
enlace de hidrógeno	Liaison hydrogène
enlace glucosídico	Liaison glycosidique
enlace heterosídico	Liaison hétérosidique
enlace osídico	Liaison osidique
enlace peptídico	Liaison peptidique
enlace viario	Échangeur
enramada de las tarariras	Jussie rampante
enredadera de campanilla	Liseron
enredadera del mosquito	Boussingaultie
ensalada césar	Salade César
ensalada nizarda	Salade niçoise
ensamblaje de caja y espiga	Mortaise
ensayo de tracción	Essai de traction
ensayo general	Répétition générale
entablar conversación	Faire la conversation
entado en punta	Enté en pointe
enterrar el hacha de guerra	Enterrer la hache de guerre
entrada en posesión	Envoi en possession
entrada en pérdida	Décrochage
entrada ficticia	Entrée fictive
entrado en carnes	Bien en chair
entrar en materia	Aller droit au but, entrer en matière
entrar pelo cano	Être marron
entre dos fuegos	Entre l’arbre et l’écorce
entre dos luces	Entre chien et loup
entre escila y caribdis	De Charybde en Scylla
entre la espada y la pared	Entre le marteau et l’enclume
entre otras cosas	Entre autres
entre rejas	Sous les barreaux
entre tanto	Entre-temps
entre tres y dos	Entre l’arbre et l’écorce
entregar sus armas	Rendre les armes
entrelazamiento cuántico	Intrication quantique
entrevista a solas	Tête-à-tête
entrevista de trabajo	Entretien d’embauche
entusiasta al ferrocarril	Ferrovipathe
enunciado indecidible	Énoncé indécidable
envejecimiento activo	Vieillissement actif
enviado especial	Envoyé spécial
epilobio velludo	Épilobe hérissé
episodio piloto	Épisode pilote
equilibrio digital	Déconnectitude
equipaje de mano	Bagage à main
equipo médico	Équipe médicale
equivalente de dióxido de carbono	Équivalent CO₂, équivalent en dioxyde de carbone, éqCO₂
era geológica	Ère
erizo común	Hérisson commun
erizo de mar	Oursin
erizo moruno	Hérisson d’Algérie
errar es humano	L’erreur est humaine
error tipográfico	Faute de frappe
erígero del canadá	Vergerette du Canada
es decir	C’est-à-dire
es demasiado	C’est le pompon
es el burro hablando de orejas	C’est l’hôpital qui se moque de la charité
es el colmo	C’est le pompon, c’est un comble
es el cuento de nunca acabar	C'est sans fin, c'est une histoire sans fi
es gran hora	Il est grand temps
es gran tiempo	Il est grand temps
es harina de otro costal	C’est une autre paire de manches
es hora	Il est temps, il est grand temps
es la pescadilla que se muerde la cola	C’est le serpent qui se mord la queue
es la polla	C’est le pied !
es lo que hay	Indique qu’il faut accepter, se résigner à
es mejor	Il vaut mieux
es por ésto	Aussi
es tiempo	Il est grand temps
es un decir	Je dis ça, je dis rien
es una chapuza	C’est ni fait ni à faire
es una cosa	C’est une chose
escala de beaufort	Échelle de Beaufort
escala de douglas	Échelle de Douglas
escala de richter	Échelle de Richter
escala de tiempo geológico	Échelle des temps géologiques
escala pitagórica	Gamme pythagoricienne
escala scoville	Échelle de Scoville
escala temporal geológica	Échelle des temps géologiques
escalera con plataforma	Escabeau
escalera de peces	Échelle à poissons
escalera eléctrica	Escalier mécanique, escalator
escalera mecánica	Escalier mécanique
escanda menor	Petit épeautre
escarabajo de la patata	Doryphore
escarabajo enterrador	Nécrophore
escarabajo longicornio	Capricorne
escarabajo pelotero	Bousier
escarabajo rinoceronte	Scarabée rhinocéros
escarabajo rinoceronte europeo	Scarabée rhinocéros
escarabajo sanjuanero	Hanneton
escarcho del cabo	Grondin du Cap, poisson de l’océan indien
escatima el palo y malcría al hijo	Qui aime bien, châtie bien
escaña menor	Petit épeautre
escena de riesgo	Cascade
escena del crimen	Scène de crime
escena peligrosa	Cascade
escepticismo climático	Climatoscepticisme
esclavitud salarial	Esclavage salarié
esclavo profugo	Marron
esclerosis de placas	Sclérose en plaques
esclerosis lateral amiotrófica	Sclérose latérale amyotrophique
esclerosis múltiple	Sclérose en plaques
escoba de trapear	Balai espagnol, serpillière espagnole, serpillère espagnole
esconder la cabeza bajo el ala	Faire l’autruche
escopeta con acción de bombeo	Fusil à pompe
escorpión rojo	Rascasse rouge, poisson marin benthique au
escote de espalda	Dos nu
escribano aureolado	Bruant auréole
escribano cabecinegro	Bruant mélanocéphale
escribano ceniciento	Bruant cendrillard
escribano cerillo	Bruant jaune
escribano collarejo	Plectrophane à ventre noir
escribano de gmelin	Bruant à calotte blanche
escribano de mccown	Plectrophane de McCown
escribano de mckay	Plectrophane blanc
escribano de smith	Plectrophane de Smith
escribano hortelano	Bruant ortolan
escribano lapón	Plectrophane lapon
escribano montesino	Bruant fou
escribano nival	Plectrophane des neiges
escribano palustre	Bruant des roseaux
escribano rustico	Bruant rustique
escribano soteño	Bruant zizi
escribir a máquina	Dactylographier, taper
escrito de acusación	Acte d’accusation
escritor de folletines	Feuilletoniste
escritor fantasma	Nègre littéraire, prête-plume
escritora de folletines	Feuilletoniste
escritura especular	Écriture spéculaire
escritura matriz	Minute
escritura notarial	Acte notarié
escrivano cinereo	Bruant cendré
escuadrón de la muerte	Escadron de la mort
escucha telefónica	Écoute téléphonique
escudo de armas	Armoiries
escudo portugués	Escudo portugais
escuela cirenaica	Cyrénaïsme
escuela de enseñanza media	Lycée
escuela de música	École de musique
escuela neoclásica	École néoclassique
escuela primaria	École primaire
escupiña grabada	Praire commune
escúa polar	Labbe de McCormick
ese eja	Ese eja, ese ejja
esencia de trementina	Essence de térébenthine
esfenopalatino ganglioneuralgia	Ganglioneuralgie sphénopalatine, sphénopalatineganglioneuralgie
esfera armilar	Sphère armillaire
esfera celeste	Sphère céleste
esfera de dyson	Sphère de Dyson
esfera de influencia	Sphère d’influence
esfera pública	Sphère publique
esfinge abejorro de orla ancha	Sphinx du chèvrefeuille
esfinge abejorro de orla estrecha	Sphinx-bourdon
esfinge colibrí	Moro sphinx
esfinge de la adelfa	Sphinx du laurier-rose
esfinge de la calavera	Sphinx tête de mort
esfinge de la lechetrezna	Sphinx de l’euphorbe
esfinge morada pequeña	Petit sphinx de la vigne
esfinge ocelada	Sphinx demi-paon
esfinge proserpina	Sphinx de l’épilobe
esforzar se	Efforcer
esgrima en silla de ruedas	Escrime en fauteuil roulant
esgrima escénica	Escrime artistique
eslabón débil	Maillon faible
eslabón perdido	Chaînon manquant
eslizón común	Seps strié
esmalte de uñas	Vernis à ongles
esmeralda oriental	Émeraude orientale
eso es	C’est
espacio cislunar	Espace cislunaire
espacio de no separación	Espace insécable
espacio de nombres	Espace de noms
espacio duro	Espace insécable
espacio euclídeo	Espace euclidien
espacio exterior	Milieu interstellaire, espace intersidéral; Cosmos
espacio fino duro	Espace fine insécable
espacio liminal	Espace liminal
espacio metrico	Espace métrique
espacio público	Espace public
espacio sideral	Milieu interstellaire, espace intersidéral; Cosmos
espacio topológico	Espace topologique
espacio vectorial	Espace vectoriel
espacio verde	Espace vert
espada de damocles	Épée de Damoclès
espada romana	Glaive
espalda baja	Chute des reins
espalda plateada	Dos argenté
esparceta roja	Sulla
esparreguera boscana	Asperge sauvage
español medieval	Vieil espagnol
especialista en salsas	Saucière
especie desaparecida	Espèce éteinte
especie en peligro de extinción	Espèce en voie de disparition
especie extinguida	Espèce éteinte
especie extinta	Espèce éteinte
especie tipo	Espèce type
espectro electromagnético	Spectre électromagnétique
espectro rojo	Farfadet, sylphe rouge
espectroscopia de absorción atómica	Spectrométrie d’absorption atomique
espectroscopia electrónica auger	Spectrométrie Auger
espectrómetro de masas	Spectromètre de masse
espectáculo en vivo	Spectacle vivant
esperanza de vida	Espérance de vie
espiga de agua	Potamot nageant, potamot à feuilles de renouée
espina dorsal	Épine dorsale
espinaca china	Baselle
espinaca de indias	Méchoacan
espinaca de malabar	Baselle
espinaca de nueva zelanda	Tétragone cornue
espinaca de nueva zelandia	Épinard de Nouvelle-Zélande
espinas de cristo	Paliure
espinillo blanco	Cassier
espino albar	Aubépine
espino amarillo	Argousier
espino blanco	Aubépine
espino egipcio	Piquant loulou
espino negro	Nerprun
espinos de fuego	Pyracantha
espoleta de proximidad	Fusée de proximité
espuela de caballero	Pied-d’alouette
espárrago blanco	Asperge blanche
espárrago del cabo	Asperge du Cap
espárrago del rey enrique	Bon-henri
espárrago silvestre	Asperge sauvage
espárrago verde	Asperge verte
espátula común	Spatule blanche
espíritu crítico	Esprit critique
espíritu de contradicción	Esprit de contradiction
espíritu de cuerpo	Esprit de corps
espíritu de ginebra	Esprit de Genève
espíritu de hartshorn	Ammoniac, azane (NH₃)
espíritu de nitro	Synonyme de ácido nitroso (acide nitreux)
espíritu de sal	Esprit de sel
espíritu de salitre	Synonyme de ácido nitroso (acide nitreux)
espíritu de vino	Esprit-de-vin
espíritu de vitriolo	Esprit de vitriol (acide sulfurique)
espíritu libre	Électron libre
esquema corporal	Schéma corporel
esquema de conexión a tierra	Schéma de liaison à la terre
esquema de ponzi	Pyramide de Ponzi
esquema de vacunación	Schéma vaccinal
esquema ponzi	Pyramide de Ponzi
esquema vacunal	Schéma vaccinal
esquisto bituminoso	Schiste bitumineux
esquivar un tema	Botter en touche
esquí acuático	Ski nautique
esquí de travesía	Ski de randonnée
establecimiento de vegetación	Végétalisation
estacion numérica	Station de nombres
estación balnearia	Station balnéaire
estación de autobús	Gare routière
estación de esquí	Station de ski
estación de metro	Station de métro
estación de policía	Gendarmerie
estación de servicio	Station-service
estación espacial	Station spatiale
estación fría	Saison froide
estación manual	Alarme incendie
estación total	Tachéomètre
estadio del espejo	Stade du miroir
estadio olímpico	Stade olympique
estadio trófico	Degré trophique
estadio tróficos	Degré trophique
estado civil	État civil
estado de agregación de la materia	État de la matière
estado de emergencia	État d’urgence
estado de excepción	État d’exception
estado de guerra	État de guerre
estado de méxico	État de Mexico
estado de resultados	Compte de résultat
estado de salud	État de santé
estado de sitio	État de siège
estado de ánimo	État d’esprit, état d’âme
estado del bienestar	État-providence
estado fallido	État failli
estado gaseoso	État gazeux
estado líquido	État liquide
estado niñera	État-nounou
estado oniroide	État oniroïde
estado plasma	État plasma
estado profundo	État profond
estado providencia	État-providence
estado supercrítico	État supercritique
estado sólido	État solide
estados bálticos	Pays baltes, pays baltes
estallar en lágrimas	Éplorer
estampar en relieve	Estampiller
estar a caldo	Laisser des plumes
estar a la altura	Être à la hauteur
estar a la muerte	À l’article de la mort
estar a la sopa boba	Vivre aux crochets de
estar agradecido	Savoir gré
estar al ajo	Être au parfum
estar al día	Être au parfum
estar al quite	Veiller au grain
estar al sol que ma calienta	Retourner sa veste
estar atento	Faire attention
estar bien visto	Être bien vu
estar boquiabierto	Béer
estar calado hasta los huesos	Trempé comme une soupe, être trempé jusqu’aux os, trempé comme une lavette
estar clavado a la cama	Être cloué au lit
estar como en ascuas	Être sur des charbons
estar como en brasas	Être sur des charbons
estar como una cabra	Être dérangé, un peu fou
estar como una chiva	Devenir chèvre
estar como una moto	Être surexcité, un peu fou
estar comprometido	Engager
estar con la lanza en ristre	Attendre de pied ferme, être disposé ou pr
estar con un pie en el hoyo	Avoir un pied dans la tombe
estar con un pie en la sepultura	Avoir un pied dans la tombe
estar con un pie en la tumba	Avoir un pied dans la tombe
estar de acuerdo	Être d’accord
estar de pie	Être debout
estar de plantón	Faire le poireau
estar de punta en blanco	Être sur son trente-et-un
estar descompuesto	Tomber en panne, tomber en rideau, tomber en rade
estar en apuros	Être dans la mouise
estar en ascuas	Être sur des charbons
estar en brasas	Être sur des charbons
estar en condiciones de	Être à même de
estar en definición	Être défini, avoir une définition musculai
estar en el punto de partida	Boucler la boucle
estar en el séptimo cielo	Être au septième ciel
estar en forma	Avoir la forme
estar en la luna	Être dans la lune
estar en la misma sintonía	Être sur la même longueur d’onde
estar en las mismas	Boucler la boucle
estar en las nubes	Avoir la tête dans les nuages
estar en lo cierto	Être dans le vrai
estar en numéros rojos	Être dans le rouge
estar en rojo	Être dans le rouge
estar en sintonía	Être sur la même longueur d’onde
estar entre dos fuegos	Entre le marteau et l’enclume
estar equivocado	Se fourvoyer
estar hasta la coronilla	En avoir assez, en avoir jusque-là
estar hasta las narices	En avoir assez, en avoir marre, être fatig
estar hasta los cojones	En avoir marre, en avoir par dessus la têt
estar la polla	Être le pied
estar loco de	Être fou de
estar loco por	Être fou de
estar mal visto	Être mal vu
estar mosca	Mettre la puce à l’oreille
estar más sano que una manzana	Se porter comme un charme
estar pendiente de un cabello	Ne tenir qu’à un cheveu
estar pendiente de un pelo	Ne tenir qu’à un cheveu
estar por	Être pour
estar postrado en cama	Être cloué au lit
estar sentado	Seoir
estar totalmente abierto	Béer
estar un paso adelante	Avoir une longueur d’avance
estar un paso por delante	Avoir une longueur d’avance
estar zarpa a la greña	S’arracher les cheveux
estatus social	Statut social
este nordeste	Est-nord-est
este quarto al norte	Est-quart-nord-est
este quarto al sueste	Est-quart-sud-est
este sudeste	Est-sud-est
esteatohepatitis no alcohólica	Maladie du foie gras, maladie du soda, stéatose hépatique non alcoolique
estela química	Chemtrail
estella de camp	Adonis d’automne
estepa de mamuts	Steppe à mammouths
estepa de montaña	Ciste à feuilles de laurier
estilo braza	Brasse
estilo de vida	Mode de vie, hygiène de vie
estilo mariposa	Papillon
estilo trovador	Style troubadour
estimulante de la memoria	Nootrope
estira y afloje	Bras de fer
estira y encoje	Bras de fer
estirar la pata	Manger les pissenlits par la racine
estornino común	Étourneau sansonnet
estornino europeo	Étourneau sansonnet
estornino negro	Étourneau unicolore (oiseau)
estornino pinto	Étourneau sansonnet
estornino rosado	Étourneau roselin
estrechez de espíritu	Étroitesse d’esprit
estrechez de miras	Étroitesse d’esprit
estrella amarilla	Étoile jaune
estrella de david	Étoile de David, sceau de Salomon
estrella de mar	Étoile de mer, astérie
estrella de neutrones	Étoile à neutrons
estrella de tierra	Astrée hygrométrique
estrella del alba	Étoile du matin
estrella fugaz	Étoile filante
estrella polar	Étoile polaire
estrella roja	Étoile rouge
estrella variable	Étoile variable
estrilda azuleda	Astrild queue-de-vinaigre
estrilda capirotada	Astrild à tête noire
estrilda carinaranja	Astrild à joues orange
estrilda cenicienta	Astrild de Sao Tomé
estrilda común	Astrild ondulé
estrilda culinegra	Bec-de-corail
estrilda culirroja	Astrild à croupion rose
estrilda de abisinia	Astrild abyssinien
estrilda de cabeza negra	Astrild à tête noire
estrilda de cara negra	Astrild à masque noir
estrilda de cola negra	Astrild à queue noire
estrilda de corona negra	Astrild nonnette
estrilda de kandt	Astrild de Kandt
estrilda de upemba	Astrild à masque noir
estrilda de vientre rosado	Astrild des fées
estrilda del níger	Astrild du Niger
estrilda monjita	Astrild nonnette
estrilda pecho de abanico	Astrild à poitrine fauve
estrilda swee de áfrica oriental	Astrild à ventre jaune
estrilda ventrigualda meridional	Astrild à joues noires
estrilda árabe	Astrild barbe-rousse
estrofa de once versos	Onzain
estrofa manriqueña	Douzain
estropajo de cuba	Papengaye
estructura disipativa	Structure dissipative
estrés térmico	Stress thermique
estudiante investigador	Étudiant-chercheur
estudios de género	Études de genre
estudios de traducción	Traductologie
estudios internacionales	Relations internationales
estufa de carbón	Poêle à charbon
esturión beluga	Grand esturgeon
está bien	Ça marche
está claro	C’est clair
esvástica vasca	Croix basque
etimología popular	Étymologie populaire
etnografía de lo digital	Netnographie
etnografía digital	Netnographie
etnografía virtual	Netnographie
eucalipto azul	Eucalyptus commun
eucalipto blanco	Eucalyptus commun
eucalipto común	Eucalyptus commun
euforbia ciprés	Euphorbe petit-cyprès
euforbio enano	Euphorbe fluette
euforbio verrucoso	Euphorbe verruqueuse
euforia de género	Euphorie de genre
euskera batúa	Basque unifié
eva mitocondrial	Ève africaine
evangelio de la prosperidad	Évangile de la prospérité
evaporación en vacío	Évaporation sous vide
evasión fiscal	Évasion fiscale
evitar un tema	Botter en touche
evolución concertada	Coévolution
evolución convergente	Convergence évolutive
ex cathedra	Ex cathedra
ex marido	Ex-mari
ex mujer	Ex-femme
ex situ	Ex situ
examen parcial	Partiel
examen rectal	Toucher rectal
excavadora a vapor	Pelle à vapeur, grue-terrassier
exceso de celo	Excès de zèle
exceso de inversión	Surinvestissement
exceso de velocidad	Excès de vitesse
exclusión digital	Exclusion numérique
exclusión mutua	Exclusion mutuelle
excursión escolar a la montaña	Classe de neige
excursión escolar a la nieve	Classe de neige
excusa de mal pagador	Fausse excuse, avancée avec mauvaise foi p
exhalar el último suspiro	Rendre le dernier soupir
expansión urbana	Étalement urbain
experiencia cercana a la muerte	Expérience de mort imminente
exploración de datos	Exploration de données
exploración urbana	Urbex
explosivo plástico	Plastic
expresión oral	Expression orale
exprimidor de citrico	Presse-agrume
extensión algebraica	Extension algébrique
extensión delantera de la carrocería	Capucine
extensión semántica	Extension sémantique
extensión sobre la cabina	Capucine
extinción blanca	Génocide blanc
extracto seco	Matière sèche
extrema derecha	Extrême droite
extrema izquierda	Extrême gauche
extrema unción	Extrême-onction
extremo oriente	Extrême-Orient
eyaculación precoz	Éjaculation précoce
eyección de masa coronal	Éjection de masse coronale
fabricación de colchones	Matelasserie
factor de conversión	Rapport de conversion, taux de conversion, facteur de conversion
factor de necrosis tumoral	TNF
factor de producción	Facteur de production
factor primo	Facteur premier
faisan venerado	Faisan vénéré
faisancillo de ceilán	Galloperdrix de Ceylan
faisancillo moteado	Galloperdrix lunulée
faisancillo rojo	Galloperdrix rouge
faisán coliblanco	Faisan de Bulwer
faisán común	Faisan de Colchide
faisán de amherst	Faisan de Lady Amherst, faisan de lady Amherst
faisán de bulwer	Faisan de Bulwer
faisán de elliot	Faisan d’Elliot
faisán de lady amherst	Faisan de Lady Amherst
faisán de salvadori	Faisan de Salvadori
faisán de swinhoe	Faisan de Swinhoe
faisán dorado	Faisan doré
faisán koklas	Eulophe koklass
faisán mikado	Faisan mikado
faisán plateado	Faisan argenté
faja de distribución	Courroie de distribution
faja para hernia	Bandage herniaire
falaris de los banados	Baldingère
falaropo de pico grueso	Phalarope à bec large
falaropo de wilson	Phalarope de Wilson
falaropo picofino	Phalarope à bec étroit
falda pantalon	Jupe-culotte
falsa alegría	Fausse joie
falsa coral	Couleuvre tachetée
falsa escuadra	Fausse équerre
falsa fresa	Faux fraisier
falsa orca	Fausse orque
falsa oronja	Amanite tue-mouche, amanite tue-mouches
falsa palmera	Cycas du Japon
falsa regla	Fausse équerre
falsa tsuga verde de las rocosas	Sapin de Douglas
falso amigo	Faux-ami
falso carpe	Charme-houblon
falso ciprés hinoki	Faux cyprès du Japon
falso cognado	Faux-ami
falso documental	Documenteur
falso girasol	Tournesol mexicain
falso negativo	Faux négatif
falso níscalo	Lactaire à toison
falso plátano	Sycomore, érable sycomore
falso positivo	Faux positif
falso recuerdo	Faux souvenir, souvenir d’un évènement qui
falso zumaque	Vernis de Chine
familia de acogida	Famille d’accueil
familia de lenguas	Famille de langues
familia ensamblada	Famille recomposée
familia lingüística	Famille de langues
familia monoparental	Famille monoparentale
familia nuclear	Famille nucléaire
familia política	Belle-famille
familia reconstituida	Famille recomposée
fanega de sembradura	Mesure agraire qui correspond à la surface
fantasma lexicográfico	Mot fantôme
fardo funerario	Chez les Paracas et les Hurai, sorte de gr
faro antiniebla	Antibrouillard
faro de cruce	Feu de croisement
faro delantero	Phare
faro giratorio	Gyrophare
faro giratorio de emergencia	Gyrophare
faro rotativo	Gyrophare
farol de gas	Bec de gaz
farola de gas	Bec de gaz
fasces romanas	Faisceau
fascismo clerical	Fascisme clérical
fascículo arqueado	Faisceau arqué
fase de vapor	Phase vapeur
fase del espejo	Phase du miroir
fase estacionaria	Phase stationnaire
fase líquida	Phase liquide
fase lútea	Phase lutéale
fase móvil	Phase mobile
fase sólida	Phase solide
fast fashion	Fast fashion
favor ilícito	Passe-droit
fecha de caducidad	Date de péremption
fecha de nacimiento	Date de naissance
fecha juliana	Jour julien
fecha limite	Date limite
felandrio acuático	Œnanthe aquatique
feldespato calcosódico	Feldspath calcosodique
felices años veinte	Années folles
feliz año nuevo	Bonne année
feliz cumpleaños	Joyeux anniversaire
feliz navidad	Joyeux Noël
feminicidio de masa	Féminicide de masse
feminismo cristiano	Féminisme chrétien
feminismo gitano	Féminisme gitan
feminismo islámico	Féminisme islamique
feminismo lesbiano	Féminisme lesbien
feminismo liberal	Féminisme libéral
feminismo lésbico	Féminisme lesbien
feminismo masculino	Féminisme masculin
feminismo negro	Féminisme noir
feminismo radical	Féminisme radical
feng shui	Feng shui
feria de muestras	Foire-exposition
fermentación láctica	Fermentation lactique
ferrocarril de cremallera	Train à crémaillère
fet y de las jons	Parti unique de l’Espagne franquiste
fibra alimentaria	Fibre alimentaire
fibra de carbono	Fibre de carbone
fibra de vidrio	Fibre de verre
fibra óptica	Fibre optique
fibrilación auricular	Fibrillation atriale, fibrillation auricul
ficción política	Politique-fiction
fichero de texto	Fichier texte
fideo inflado	Confiserie vendue sur les foires, préparée
fideos instantáneos	Nouilles instantanées
fiducia cum creditore	Fiducie-sûreté
fiebre aftosa	Fièvre aphteuse
fiebre aftosa humana	Syndrome pieds-mains-bouche
fiebre amarilla	Fièvre jaune
fiebre del nilo occidental	Fièvre du Nil occidental
fiebre pappataci	Fièvre pappataci
fiesta de bienvenida	Pendaison de crémaillère
fiesta de inauguración	Pendaison de crémaillère
fiesta de los muertos	Fête des morts
figura destacada	Figure de proue
figura prominente	Figure de proue
figura retórica	Figure de style, figure de rhétorique
figura yacente	Gisant
figurón de proa	Figure de proue, sculpture à l’avant d’un
fila brasileño	Fila brasileiro
fila de entrada	File de travaux
fila de espera	File de travaux
fila india	File indienne
filandro centroamericano	Opossum laineux de Derby
filandro incaico	Opossum à épaules noires
filandro pardo	Opossum brun à quatre yeux
filandro parduzco	Opossum laineux jaune
film alveolar	Papier bulle
filologia francesa	Francistique
filtro antipartículas	Filtre à particules
filtro de aire	Filtre à air
filtro de café	Filtre à café
filtro paso bajo	Filtre passe-bas
filtro passivo	filtre passif
filtro prensa	Filtre-presse
fin de semana	Week-end, fin de semaine
fin del mundo	Fin du monde
final de carrera	Fin de course
final del otoño	Arrière-saison
final feliz	Happy end
finanzas conductuales	Finance comportementale
firma digital	Signature électronique
firmar su sentencia de muerte	Signer son arrêt de mort
fisión nuclear	Fission nucléaire
fisura labial	Bec-de-lièvre
fisuras de timidez	Fissure de timidité
flabelina de líneas rojas	Flabelline à lignes rouges
flamenco andino	Flamant des Andes
flamenco chico	Flamant nain
flamenco chileno	Flamant du Chili
flamenco de james	Flamant de James
flamenco del caribe	Flamant des Caraïbes
flamenco occidental	Flamand occidental
flauta de pan	Flûte de Pan
flauta dulce	Flûte à bec, flute à bec
flauta travesera	Flûte traversière
flavin mononucleótido	Flavine mononucléotide
flecha del tiempo	Flèche du temps
fleo de los prados	Fléole des prés
flete debido	Port dû
fletán del atlántico	Flétan de l’Atlantique, très gros poisson
fletán negro	Flétan noir
flexión de brazos	Pompe
flor amarilla	Diplotaxis à feuilles étroites
flor de agua	Renoncule à feuilles de lierre
flor de azahar	Fleur d’oranger
flor de bora	Jacinthe d’eau
flor de cinc	Hydrozincite
flor de harina	Fleur de farine
flor de jamaica	Karkadé, oseille de Guinée, roselle
flor de las nieves	Edelweiss
flor de lis	Fleur de lys
flor de muerto	Chrysanthème couronné, rose d’Inde
flor de navidad	Étoile de Noël, poinsettia
flor de papel	Bougainvillée glabre
flor de pascua	Étoile de Noël
flor de sal	Fleur de sel
flor de san pallari	Trolle d’Europe
flor del viento	Anémone
flor y nata	Crème de la crème
flora acuática	Flore aquatique
flora intestinal	Flore intestinale
flora nectarífera	Plante nectarifère
flores de zinc	Zincosine
fluido supercrítico	Fluide supercritique
flujo calorífico	Flux thermique
flujo de energía	Flux d’énergie
flujo luminoso	Flux lumineux
flujo magnético	Flux magnétique
flujo piroclástico	Nuée ardente
flujo térmico	Flux thermique
fluoruro de amonio	Fluorure d’ammonium
fluoruro de hidrógeno	Fluorure d’hydrogène (HF)
fluz fluz	Pschitt-pschitt
foca anillada	Phoque annelé
foca barbuda	Phoque barbu
foca cangrejera	Phoque crabier
foca capuchina	Phoque à capuchon
foca común	Phoque commun
foca de groenlandia	Phoque du Groenland
foca de weddell	Phoque de Weddell
foca del caspio	Phoque de la Caspienne
foca gris	Phoque gris
foca leopardo	Léopard de mer
foca manchada	Veau marin tacheté
foca monje	Phoque moine
foca monje del mediterráneo	Phoque moine de Méditerranée
foca ocelada	Phoque annelé
focha común	Foulque macroule
focha cornuda	Foulque à crête
focha moruna	Foulque à crête
foco rotativo	Gyrophare
foie gras	Foie gras
fold escocés	Scottish fold
fondo blanco	Cul sec
fondo buitre	Fonds vautour
fondo de comercio	Fonds de commerce
fondo de saco	Cul-de-sac
fondo del cielo	Fond du Ciel
fondo soberano de inversión	Fonds souverain
fonética sintáctica	Phonétique syntaxique
forma académica	Forme savante
forma de la expresión	Forme de l’expression
forma de pensar	Tour d’esprit, tournure d’esprit
forma de vida	Forme de vie
forma del contenido	Forme du contenu
forma normal	Forme normale
formación de hierro bandeado	Formation ferrifère rubanée
formación ferrífera	Formation ferrifère
formación rocosa	Formation rocheuse
formar coalición	Coaliser
formular un deseo	Faire un vœu
forro de cuaderno	Protège-cahier
fosa común	Fosse commune
fosa de atacama	Fosse d’Atacama ou fosse du Pérou-Chili
fosa de los osos	Fosse aux ours
fosa de perú-chile	Fosse du Pérou-Chili
fosa nasal	Cavité nasale
fosa séptica	Fausse sceptique, fosse septique
foseta loreal	Fossette loréale
fosfato de lactoflavina	Flavine mononucléotide
fox terrier	Fox-terrier
foxhound americano	Foxhound américain
fracción algebraica racional	Fraction rationnelle
fracción parlamentaria	Groupe parlementaire
fracción racional	Fraction rationnelle
fractura hidráulica	Fracturation hydraulique
framboyán azul	Flamboyant bleu
frambuesa negra	Framboisier noir
franco belga	Franc belge
franco francés	Franc français
franco suizo	Franc suisse
francés antiguo	Ancien français
francés de silla	Selle français
francés del quebec	Québécois
francés medio	Moyen français
frase de contraseña	Phrase de passe, phrase secrète
frase hecha	Locution figée
fraude electoral	Fraude électorale
frecuencia respiratoria	Fréquence respiratoire
fregar los platos	Faire la vaisselle
frenado electrodinámico	Freinage électrodynamique
frenillo corto	Frenulum breve
frenillo del pene	Frein du pénis
frenillo lingual	Frein lingual
freno de aire combinado	Frein à air automatique
freno de boca	Frein de bouche
freno de emergencia	Frein de secours
freno de mano	Frein à main
freno de motor	Frein moteur
freno westinghouse	Frein Westinghouse
frente a	Face à
frente cálido	Front chaud
frente frío	Front froid
fresa chilena	Fraise du Chili
fresa del bosque	Fraise des bois
fresa india	Fraisier des Indes
fresa silvestre	Fraise des bois
fresno de flor	Frêne à fleurs
fresno de hojas estrechas	Frêne à feuilles étroites
fresno del maná	Frêne à fleurs
freír espárragos	Faire quelque chose d’inconsistant, inutil
frijol bótil	Haricot d’Espagne
frijol cabecita negra	Cornille
frijol castilla	Cornille
frijol negro	Haricot noir
frijoles saltarines	Pois sauteurs
frisón de saterland	Frison saterlandais
front office	Guichet
fruncir las cejas	Froncer les sourcils
fruta confitada	Fruit confit
fruta de la pasión	Fruit de la passion
fruta de pan	Fruit à pain
fruta del diablo	Noni
fruta milagrosa	Fruit miraculeux
frutas encubiertas	Fruit déguisé
frutas y verduras	Fruits et légumes
frutilla blanca	Fraise du Chili, frutiller
frutilla chilena	Fraise du Chili, frutiller
frutilla de arena	Fraise du Chili
frutilla de la costa de chiloé	Fraise du Chili
frutilla silvestre	Frutiller
fruto de huevo	Aki (fruit)
fruto estrella	Carambole
fruto prohibido	Fruit défendu
fruto seco	Noix, fruit sec
fuego amigo	Tir ami
fuego artificial	Feu d’artifice
fuego cruzado	Tir croisé
fuego de san antón	Feu sacré de Saint Antoine
fuego de san marcial	Feu sacré de Saint Antoine
fuego de san telmo	Feu de Saint-Elme
fuego de santelmo	Feu de Saint-Elme
fuego fatuo	Feu follet
fuego forestal	Feu de forêt
fuego griego	Feu grégeois
fuego pérsico	Feu persique (zona)
fuente del caso	Source proche de la procédure, source proche de l’affaire
fuente web	Fil d’actualité
fuera como fuese	Advienne que pourra
fuera de	En dehors de
fuera de control	Hors de contrôle
fuera de juego	Hors-jeu
fuera de lo común	Hors du commun
fuera de lugar	Hors-jeu
fuera de precio	Hors de prix
fuera de servicio	Hors service, en panne
fuera de si	Hors de soi
fuera de sí	Forcené
fuera de uso	Hors d’usage
fuero interno	For intérieur
fueron felices y comieron perdices	Ils vécurent heureux et eurent beaucoup d’enfants
fuerza aérea	Armée de l'air
fuerza de marea	Force de marée
fuerza electromotriz	Force électromotrice
fuerza mayor	Force majeure
fuga de memoria	Fuite de mémoire
fulguración solar	Éruption solaire
full house	Main pleine
fulmar boreal	Fulmar boréal
fumarel aliblanco	Guifette leucoptère
fumarel cariblanco	Guifette moustac
fumarel común	Guifette noire
fumaria blanca	Fumeterre grimpante
fumarola blanca	Fumeur blanc
fumarola negra	Fumeur noir
fumársela verde	Fumer la moquette
función algebraica	Fonction algébrique
función analítica	Fonction analytique
función biyectiva	Fonction bijective
función continua	Fonction continue
función de trabajo	Travail de sortie
función de transferencia	Fonction de transfert
función distancia con signo	Fonction distance signée
función gamma	Fonction gamma
función gramatical	Fonction syntaxique
función holomorfa	Fonction holomorphe
función racional	Fonction rationnelle
función semiótica	Fonction sémiotique
función trascendente	Fonction transcendante
función trigonométrica	Fonction trigonométrique
funda de almohada	Taie d’oreiller
fundición de tipos	Fonderie typographique
fundición gris	Fonte
fundir una biela	Couler une bielle
fusidato sódico	Fusidate
fusil de francotirador	Fusil de précision
fusión de núcleo	Fusion du cœur d'un réacteur nucléaire
fusión nuclear	Fusion nucléaire
fusión y adquisición	Fusion-acquisition
fábrica de cemento	Cimenterie
fábrica de chocolate	Chocolaterie
fábrica de diplomas	Usine à diplômes
fábrica de gas	Usine à gaz
férula dental	Protège-dent
física ragdoll	Ragdoll
físico médico	Physicien médical
fórmula de cortesía	Formule de politesse
fórmula de de moivre	Formule de Moivre
fórmula de euler	Formule d'Euler
fórmula molecular	Formule brute
fórmula química	Formule chimique
fórmula semidesarrollada	Formule semi-développée
fósforo blanco	Phosphore blanc
fútbol americano	Football américain
fútbol de mesa	Babyfoot, baby-foot
fútbol sala	Futsal
gabán peonío	Cigogne maguari
gacela común	Gazelle dorcas
gacela de grant	Gazelle de Grant
gacela de thomson	Gazelle de Thomson
gacela saltarina	Springbok
gafas de protección	Lunettes de sécurité
gafas de sol	Lunettes de soleil
gafas solares	Lunettes de soleil ou lunettes solaires
gala dorada	Gauloise dorée
galaxia activa	Galaxie active
galaxia con brote estelar	Galaxie à sursaut d’étoiles
galaxia satélite	Galaxie satellite
galería abierta	Loggia
galería porticada	Galerie
galgo español	Lévrier galgo
galgo inglés	Lévrier greyhound
galgo italiano	Petit lévrier italien
galleta de la fortuna	Biscuit chinois
galleta de la suerte	Biscuit chinois
galleta de mantequilla	Sablé
gallina ciega	Colin-maillard
gallina cuello desnudo	Cou nu
gallina de guinea	Pintade, pintade de Numidie
gallina piroca	Cou nu
gallinazo de cabeza negra	Urubu noir
gallinazo negro	Urubu noir
gallineta de agua	Poule d’eau
gallo bankiva	Coq sauvage
gallo canadiense	Tétras du Canada
gallo de abedul	Coq de bruyère, tétras
gallo de java	Coq de Java
gallo de las praderas rabudo	Tétras à queue fine
gallo de las rocosas	Tétras sombre
gallo gris	Baliste commun
gallo lira	Tétras lyre
gallo lira caucasiano	Tétras du Caucase
gallo oscuro	Tétras sombre
galán de noche	Jasmin de nuit, galant de nuit
galápago de bosque	Tortue des bois
galápago europeo	Cistude d’Europe
galápago leproso	Émyde lépreuse
game jam	Game jam
gamo común	Daim européen
gamón blanco	Asphodèle blanc
ganado jersey	Jersiaise
ganancia de función	Gain de fonction
ganar el bote	Décaver
ganar tiempo	Gagner du temps
ganarse la vida	Gagner sa vie
gancho de remolque	Crochet d’attelage
ganga común	Ganga cata
ganga de pallas	Syrrhapte paradoxal
ganga ibérica	Ganga cata
ganga ortega	Ganga unibande
ganso andino	Ouette des Andes
ganso común	Oie cendrée
ganso con espolones	Oie de Gambie, plectroptère
ganso de hawái	Bernache néné
ganso de tolosa	Oie de Toulouse
ganso de toulouse	Oie de Toulouse
ganso espolonado	Oie de Gambie, plectroptère
ganso flamenco	Oie flamande
ganso urraca	Canaroie semipalmée
gansos urracas	Canaroies semipalmées
garbanzo negro	Mouton noir
garceta grande	Grande aigrette
garceta negra	Aigrette ardoisée
garceta nivosa	Aigrette neigeuse
garceta nívea	Aigrette neigeuse
garceta pía	Héron pie
garcilla bueyera	Garde-bœuf
garcilla cangrejera	Héron crabier
garcilla de lava	Héron des Galapagos
garcilla malgache	Crabier blanc
garcilla peinada	Héron coiffé
garcita blanca	Aigrette neigeuse
garcita estriada	Héron strié
garcita verde	Héron vert
garcita verdosa	Héron vert
garra de bruja	Figue des Hottentots
garra de la bruja	Figue des Hottentots
garrapatero asurcado	Ani à bec cannelé
garrapatero curtidor	Ani à bec cannelé
garrapatero pijuy	Ani à bec cannelé
garza agami	Héron agami
garza amarilla	Héron flûte-du-soleil
garza azulada	Grand héron
garza blanca	Grande aigrette
garza capirotada	Héron coiffé
garza ceniza	Grand héron
garza chica	Aigrette neigeuse
garza chiflona	Héron flûte-du-soleil
garza cuca	Héron cocoi
garza de cabeza negra	Héron mélanocéphale
garza de cuello blanco	Héron à tête blanche
garza de sumatra	Héron typhon
garza de vientre blanco	Héron impérial
garza dedos dorados	Aigrette neigeuse
garza enana de las galápagos	Héron des Galapagos
garza goliat	Héron goliath
garza imperial	Héron pourpré
garza intermedia	Héron intermédiaire
garza malgache	Héron de Humblot
garza mediana	Héron intermédiaire
garza mora	Héron cocoi
garza pileada	Héron coiffé
garza plomiza	Héron des Galapagos
garza real	Héron cendré
garza real europea	Héron cendré
garza silbadora	Héron flûte-du-soleil
gas carbonoso	Synonyme de monóxido de carbono (monoxyde
gas carbónico	Gaz carbonique (dioxyde de carbone)
gas de amonio	Ammoniac, azane (NH₃)
gas de efecto invernadero	Gaz à effet de serre
gas de esquisto	Gaz de schiste
gas de la risa	Synonyme de monóxido de dinitrógeno (proto
gas de proceso	Gaz de procédé
gas hilarante	Synonyme de monóxido de dinitrógeno (proto
gas ideal	Gaz parfait
gas inerte	Gaz inerte
gas lacrimógeno	Gaz lacrymogène
gas mostaza	Ypérite
gas natural	Gaz naturel
gas natural licuado	Gaz naturel liquéfié
gas noble	Gaz noble
gases de escape	Gaz d’échappement
gastos imprevistos	Faux frais
gastos varios	Faux frais
gastronomía molecular	Gastronomie moléculaire
gato americano de pelo corto	Américain à poils courts
gato americano de pelo áspero	Américain à poils durs
gato bombay	Bombay
gato británico de pelo corto	British shorthair
gato chino del desierto	Chat de Biet, chat de Gobi (Felis bieti ou; Chat de Biet, chat de Gobi (individu
gato colorado	Jaguarondi
gato de bengala	Chat-léopard
gato de biet	Chat de Biet, chat de Gobi (Felis bieti ou; Chat de Biet, chat de Gobi (individu
gato de borneo	Chat bai
gato de cristal	Silure de verre, petit poisson osseux d’ea
gato de la jungla	Chaus, chat de jungle, chat des marais (Fe
gato de la suerte	Korat
gato de las arenas	Chat des sables (Felis margarita); Chat des sables (individu appartenant à ce
gato de los pantanos	Chaus, chat de jungle, chat des marais (Fe
gato de nueve colas	Chat à neuf queues
gato de pallas	Chat des steppes, manul
gato de patas negras	Chat à pieds noirs (Felis nigripes); Chat à pieds noirs (individu appartenant à
gato de pies negros	Chat à pieds noirs (Felis nigripes); Chat à pieds noirs (individu appartenant à
gato del desierto	Synonyme de gato de las arenas (chat des s; Synonyme de gato montés africano (ch
gato del sahara	Chat des sables (Felis margarita)
gato doméstico	Chat domestique
gato dorado	Chat doré
gato dorado africano	Chat doré africain
gato escaldado del agua fría huye	Chat échaudé craint l’eau froide
gato exótico	Exotic shorthair
gato himalayo	Himalayen
gato indio del desierto	Chat orné (Felis lybica ornata); Chat orné (individu appartenant à cette so
gato montés	Nom vernaculaire de divers félidés dont Le; Nom vernaculaire de felis sylvestri
gato montés africano	Chat sauvage d’Afrique (Felis lybica)
gato montés chino	Chat de Biet, chat de Gobi (Felis bieti ou; Chat de Biet, chat de Gobi (individu
gato montés euroasiático	Chat sauvage
gato montés europeo	Chat sauvage d’Europe
gato moro	Jaguarondi
gato negro	Chat noir
gato oriental	Oriental
gato oriental de pelo largo	Javanais
gato ornado	Chat orné (Felis lybica ornata); Chat orné (individu appartenant à cette so
gato patinegro	Chat à pieds noirs (Felis nigripes); Chat à pieds noirs (individu appartenant à
gato persa	Persan
gato salvaje	Chat sauvage
gato salvaje asiático	Chat orné (Felis lybica ornata); Chat orné (individu appartenant à cette so
gato salvaje del áfrica austral	Chat sauvage d’Afrique subsaharienne (Feli
gato serengeti	Serengeti
gato silvestre	Chat sauvage
gato tigre	Margay
gato tonkinés	Tonkinois
gato van turco	Turc de Van
gavilan pintado	Raie léopard
gavilán acanelado	Buse de Harris, buse à ailes marron
gavilán azor	Autour des palombes
gavilán cabecigrís	Autour à tête grise
gavilán cangrejero colorado	Buse roussâtre
gavilán de célebes	Autour des Célèbes
gavilán de dorso negro	Autour à manteau noir
gavilán de las fiyi	Autour des Fidji
gavilán de nueva bretaña	Autour bleu et gris
gavilán de nueva caledonia	Autour à ventre blanc
gavilán de nueva guinea	Autour à tête grise
gavilán flanquirrojo	Autour à flancs roux
gavilán gabar	Autour gabar
gavilán griego	Épervier à pieds courts
gavilán imitador	Autour imitateur
gavilán mixto	Buse de Harris, buse à ailes marron
gavilán pío	Autour pie
gavilán rabiblanco	Buse de Harris, buse à ailes marron
gavilán rufinegro	Autour à manteau noir
gaviota argéntea	Goéland argenté
gaviota cabecinegra	Mouette mélanocéphale
gaviota cana	Goéland cendré
gaviota de audouin	Goéland d’Audouin
gaviota de bonaparte	Mouette de Bonaparte
gaviota de ross	Mouette rosée
gaviota de sabine	Mouette de Sabine
gaviota enana	Mouette pygmée
gaviota hiperbórea	Goéland bourgmestre
gaviota marfil	Mouette ivoire
gaviota marfileña	Mouette ivoire
gaviota polar	Goéland à ailes blanches
gaviota reidora	Mouette rieuse
gaviota sombría	Goéland brun
gaviota tridáctila	Mouette tridactyle
gavión atlántico	Goéland marin
gavión hiperbóreo	Goéland bourgmestre
gaya ciencia	Gai savoir
gaélico escocés	Gaélique écossais
gañar el terreno	Gagner du terrain
gañar terreno	Gagner du terrain
gel de ducha	Gel douche
gel hidroalcohólico	Solution hydroalcoolique
gemelo digital	Jumeau numérique
general de brigada	Général de brigade, général de brigade aérienne
general de división	Général de division, général de division aérienne
general de ejército	Général d’armée
general del aire	Général d’armée aérienne
genio y figura hasta la sepultura	Chassez le naturel, il revient au galop
genitivo sajón	Génitif saxon
genocidio blanco	Génocide blanc
genocidio climático	Génocide climatique
gente pequeña	Personne de petite taille
geografía física	Géographie physique
geografía humana	Géographie humaine
geografía lingüística	Géographie linguistique
geología planetaria	Astrogéologie
geometría algebraica	Géométrie algébrique
geometría analítica	Géométrie analytique
geometría cartesiana	Géométrie analytique
geranio malva	Géranium, pélargonium
geranio rosa	Géranium, pélargonium
german rex	German rex
gestación subrogada	Gestation pour autrui
gestión de ideas	Gestion des idées
gestión de la calidad	gestion de la qualité
gestión de negocios	Gestion d’affaires
gestión de proyectos	gestion de projet
gestión de recursos humanos	Gestion des ressources humaines
gestión diplomática	Requête
gibón de hainan	Gibbon de Hainan
gigante de hungría	Hongrois géant
gigante helado	Géante de glace
gin tonic	Gin tonic, gin-tonic
ginseng peruano	Ginseng péruvien, maca
giro angular	Gyrus angulaire
giro poscentral	Gyrus postcentral
giro postal	Mandat-poste
giro precentral	Gyrus précentral
giro supramarginal	Gyrus supramarginal
glande del clítoris	Gland du clitoris
glande del pene	Gland du pénis
glen of imaal terrier	Terrier irlandais Glen of Imaal
glicinia japonesa	Glycine du Japon
glironia gris	Opossum à queue touffue
globito antillano	Sépiole mignonne
globito cabezudo	Sépiole bouledogue
globito del pacífico boreal	Sépiole du Pacifique boréal
globito pequeño	Sépiole bobie
globito tierno	Sépiole calamarette
globo aerostático	Aérostat
globo dirigible	Dirigeable
globo terráqueo	Globe planétaire
glucosuria renal	Glycosurie rénale
glándula endocrina	Glande endocrine
glándula exocrina	Glande exocrine
glándula lagrimal	Glande lacrymale
glándula suprarrenal	Glande surrénale
glándula tiroides	Glande thyroïde
glóbulo blanco	Globule blanc
glóbulo rojo	Globule rouge
glúteo mayor	Grand glutéal
gobio común	Goujon commun, gobie tacheté
godiva anaranjada	Godive, godive orange
gol en propia puerta	But contre son camp
golondrina común	Hirondelle rustique
golondrina del mar	Poisson volant à ailes noires
golondrina dáurica	Hirondelle rousseline
golondrina zapadora	Hirondelle de rivage
golpe bajo	Coup bas
golpe de ariete	Coup de bélier
golpe de efecto	Coup de théâtre
golpe de estado	Coup d’État
golpe de gracia	Coup de grâce
golpe militar	Coup d’État
golpe turco	Coup turc
goma arábiga	Gomme arabique
goma tragacanto	Gomme adragante
gorgojo de la manzana	Anthonome du pommier
gorgojo del pino	Pissode
gorrión alpino	Niverolle alpine
gorrión chillón	Moineau soulcie
gorrión común	Moineau domestique
gorrión gris	Moineau gris
gorrión molinero	Moineau friquet
gorrión moruno	Moineau espagnol
gorro de natación	Bonnet de bain
gota de sangre	Adonis d’automne
gota fría	Goutte froide
governador general	Gouverneur général
grabado en madera	Gravure sur bois
gracias a	Grâce à
gracias a dios	Dieu merci
gracias de antemano	D’avance
gracias por adelantado	D’avance
gradiente geotérmico	Géotherme
grado académico	Grade universitaire
grado celsius	Degré Celsius
grado de libertad	Degré de liberté
grado del polinomio	Degré d'un polynôme
grado universitario	Grade universitaire
grajilla daurica	Choucas de Daourie
grajilla occidental	Choucas des tours
grajilla oriental	Choucas de Daourie
gralaria rufa	Grallaire rousse
grama de las dunas	Oyat, ammophile
gran aguja	Syngnathe aiguille
gran artejo	Gros orteil
gran berta	Grosse Bertha
gran boyero suizo	Grand bouvier suisse
gran búho blanco	Harfang des neiges
gran civeta india	Grande civette indienne, zibeth
gran civeta oriental	Grande civette indienne, zibeth
gran cosa	Grand-chose
gran cruz	Grand-croix, grand’croix
gran danés	Dogue allemand
gran esfinge morada	Grand sphinx de la vigne
gran maestre	Grand maître
gran montero	Grand veneur
gran ortejo	Gros orteil
gran pantalla	grand écran
gran pavón	Grand paon de nuit
gran pingüino	Grand pingouin
gran pulpo azul	Poulpe diurne
gran sabueso azul de gascuña	Grand bleu de Gascogne
gran sábado	Synonyme de Sábado Santo (Samedi saint)
gran tiburón blanco	Grand requin blanc
gran zorro volador	Grand renard volant, roussette de Malaisie
granadero común	Cordonbleu grenadin
granadero de roca	Grenadier de roche, poisson abyssal de la
granadero meridional	Cordonbleu grenadin
granadero morado	Cordonbleu violacé
granadero oriental	Cordonbleu violacé
granadilla de fresco	Barbadine
granadilla dulce	Grenadille douce
granadilla grande	Barbadine
granadilla para refrescos	Barbadine
granadilla real	Barbadine
granadillo negro	Ébène rouge
granado blanco	Hibiscus de Syrie
granado común	Grenadier commun
granate almandino	Almandin
grand veneur	Grand veneur
grande guerra patriótica	Grande Guerre patriotique
grande publico	Grand public
grandes éxitos	Best of
granizo fino	Grésil
granizo suave	Neige roulée
granja de visones	Visonnière
grano de café	Fève de café
grano de calentura	Bouton de fièvre
grano de fiebre	Bouton de fièvre
granos del paraíso	Maniguette
gratamente sorprendido	Déçu en bien
grecia antigua	Grèce antique
griego antiguo	Grec ancien
grifo de cierre	Robinet d’arrêt
grifón azul de gascuña	Griffon bleu de Gascogne
grifón belga	Griffon belge
grifón de bruselas	Griffon bruxellois
grifón de pelo duro	Chien d’arrêt allemand à poil raide
grifón korthal	Griffon à poil dur
grifón nivernais	Griffon nivernais
grifón vandeano basset pequeño	Petit basset griffon vendéen
grifón vandeano grande	Grand griffon vendéen
grigio perla	Gris perle
grillo doméstico	Grillon domestique
gripa porcina	Grippe porcine
gripe aviaria	Grippe aviaire
gripe española	Grippe espagnole
gripe porcina	Grippe porcine
gris ceniza	Gris de cendre
gris de payne	Gris de Payne. #677179; De couleur gris de Payne
gris estriada	Azuré de la luzerne
gris plata	Gris argent
gris plomo	Gris de plomb
gris rata	Gris souris
gris verdoso	Gris-vert
gritar a los cuatro vientos	Crier sur les toits
grito de guerra	Cri de guerre
grosella de agrazón	Groseille
grosella espinosa	Groseille à maquereau
grosella negra	Cassis
grosella roja	Groseille
grosellero negro	Cassissier
grosso modo	Grosso-modo
grulla canadiense	Grue du Canada
grulla común	Grue cendrée
grulla damisela	Grue demoiselle
grulla de cola blanca	Grue antigone
grulla de manchuria	Grue du Japon
grulla del paraíso	Grue de paradis
grulla real gris	Grue royale
grulla siberiana	Grue de Sibérie
grulla trompetera	Grue blanche
grupo aditivo	Groupe additif
grupo consonántico	Groupe consonantique
grupo de apoyo	Groupe de parole
grupo de batalla	Groupement tactique
grupo de interés	Groupe d’intérêt
grupo de la muerte	Groupe de la mort
grupo de la tabla periódica	Groupe du tableau périodique
grupo de lie	Groupe de Lie
grupo de presión	Groupe de pression
grupo electrógeno	Groupe électrogène
grupo funcional	Groupe fonctionnel
grupo nominal	Groupe nominal, syntagme nominal
grupo parlamentario	Groupe parlementaire
grupo sanguíneo	Groupe sanguin
grupo social	Groupe social
gráfico circular	Diagramme circulaire
grévol chino	Gélinotte de Severtzov
grévol engolado	Gélinotte huppée
grúa horquilla	Chariot élévateur
grúa pórtico	Portique de levage
grúa volante	Grue volante
guacamaya roja	Ara rouge
guacamayo acollarado	Ara à collier jaune
guacamayo aliverde	Ara à ailes vertes
guacamayo azul y amarillo	Ara bleu
guacamayo barbazul	Ara à gorge bleue
guacamayo cabeciazul	Ara de Coulon
guacamayo de lear	Ara de Lear
guacamayo de spix	Ara de Spix
guacamayo dorado	Ara de Lafresnaye
guacamayo jacinto	Ara hyacinthe
guacamayo macao	Ara rouge
guacamayo noble	Ara noble
guacamayo ventrirrojo	Ara macavouanne
guacamayo verde	Ara militaire
guacamayo verde grande	Ara de Buffon
guacharaca culirroja	Ortalide à ventre roux
guacharaca de agua	Hoazin, hoazin huppé
guacharaca moteada	Ortalide maillée
guan negro	Pénélope pajuil
guante de aseo	Gant de toilette
guante de boxeo	Gant de boxe
guardabosques acollarado	Piauhau à collier
guardabosques gritón	Piauhau hurleur
guardabosques oscuro	Piauhau sombre
guardabosques rojizo	Piauhau roux
guardar rencor	Tenir rigueur
guardarse de	Se garder de
guardia civil	Agent de police, gendarme; Exemple d’utilisation manquant. (Ajouter)
guardia de la bandera	Garde au drapeau
guayaba chilena	Feijoa
guayabita del perú	Goyavier-fraise
guayabo fresa	Goyavier-fraise
guayabo pequeño	Goyave-fraise
guayana francesa	Guyane française
guerilla urbana	Guérilla urbaine
guerra civil	Guerre civile
guerra de atrición	Guerre d’attrition, guerre d’usure
guerra de desgaste	Guerre d’attrition, guerre d’usure
guerra de ediciones	Guerre d’édition
guerra de la information	Infoguerre
guerra de los cien años	Guerre de Cent Ans
guerra de pacificación	Guerre de pacification
guerra de posiciones	Guerre de position
guerra de trincheras	Guerre des tranchées
guerra fría	guerre froide
guerra informática	Cyberguerre
guerra mundial	Guerre mondiale
guerra psicológica	Guerre psychologique
guerra relámpago	Guerre-éclair
guerra santa	Guerre sainte
guerra subsidiaria	Guerre par procuration
guerra total	Guerre totale
gueule cassée	Gueule cassée
guineo plumífero	Pintade plumifère
guion africano	Râle des prés
guion bajo	Tiret bas
guion de codornices	Râle des genêts
guion menos	Trait d’union-signe moins
guisante de tierra	Pois de terre
guiso de maní	Mafé
guitarra acústica	Guitare acoustique
guitarra bajo	Guitare basse, basse
guitarra clásica	Guitare classique
guitarra del sol	Bouzouki
guitarra electro-acústica	Guitare électro-acoustique
guitarra eléctrica	Guitare électrique
guitarra portuguesa	Guitare portugaise
guiñar un ojo	Faire de l’œil
gura de scheepmaker	Goura de Scheepmaker
gura occidental	Goura couronné
gura sureña	Goura de Scheepmaker
gura victoria	Goura de Victoria
gusano cogollero	Noctuelle de la tomate
gusano de barco	Taret commun
gusano de seda	Ver à soie, bombyx du mûrier
gusano del saco	Cul-brun
gusano negro	Colaspidème
guía de onda ranurada	Antenne à fentes
guía telefónica	Annuaire téléphonique, bottin téléphonique
género de punto	Bonneterie
género literario	Genre littéraire
género musical	Genre musical
género neutro	Genre neutre
géneros de punto	Bonneterie
gününa yajich	Gününa yajich
h aspirada	H aspiré
h muda	H muet
haba de lima	Haricot de Lima
habana brown	Havana
haber de	Devoir
haber gato encerrado	Y avoir anguille sous roche
haber que	Falloir
haber sido acunado muy cerca de la pared	Avoir été bercé trop près du mur
habilidad manual	Coup de main
habitación para huéspedes	Chambre d’amis
hablando del rey de roma	Proverbe équivalent au français quand on p
hablar a calzón quitado	Jouer cartes sur table
hablar bajo	Parler à voix basse
hablar de lo divino y de lo humano	Parler de tout et de rien
hablar del tiempo	Parler de la pluie et du beau temps
hablar en lenguas	Parler en langues
hablar mucho y hacer poco	Se payer de mots
hablar para no decir nada	Parler pour ne rien dire
hablar por hablar	Parler pour ne rien dire, parler pour parler
hablar por la nariz	Parler du nez
hablar sin decir nada	Parler pour ne rien dire
hablar tonterías	Raconter des salades
había una vez	Il était une fois, il y avait une fois
hace tiempo	Jadis, belle lurette
hace un rato	Tout à l’heure
hacer agosto	Faire son beurre
hacer agua	Faire eau
hacer aguas	Faire eau; Uriner
hacer autostop	Faire de l’autostop
hacer balance	Faire le point, faire un point
hacer borrón y cuenta nueva	Faire table rase
hacer caso	Faire attention
hacer caso omiso	Ne pas tenir compte de
hacer caso omiso de	Faire fi de
hacer castillos en el aire	Bâtir des châteaux en Espagne
hacer clic	Cliquer
hacer cola	Faire la queue
hacer como si nada	Ne rien laisser paraître
hacer como si tal cosa	Ne rien laisser paraître
hacer cosquillas	Chatouiller
hacer cumplidos	Complimenter
hacer de	Faire office de
hacer de carabina	Tenir la chandelle
hacer de la necesidad virtud	Faire de nécessité vertu
hacer de tripas corazón	Prendre son courage à deux mains
hacer de una pulga un elefante	Faire d’une mouche un éléphant
hacer de vientre	Aller à la selle, déféquer
hacer desaparecer	Enlever
hacer el amor	Faire l’amour
hacer el retrato de	Portraiturer
hacer el trabajo sucio	Faire le sale boulot
hacer el verso	Jeter de la poudre aux yeux
hacer fajos	Enliasser
hacer falta	Faire défaut, être nécessaire et manquant
hacer fortuna	Faire fortune
hacer fracasar	Enterrer
hacer guardia	Monter la garde
hacer hincapié en	Mettre l’accent sur
hacer la cama	Faire le lit
hacer la cimarra	Faire l’école buissonnière
hacer la colada	Faire la lessive
hacer la compra	Faire les courses
hacer la limpieza	Faire le ménage
hacer la rana	Ricochet
hacer la rosca	Faire tourner en bourrique, flatter pour o
hacer la tijera	Pratique entre lesbiennes consistant à se; Se mettre en portefeuille, pour un ca
hacer la vida impossible	En faire voir
hacer las maletas	Faire ses valises
hacer leña	Bûcher
hacer limpieza	Faire le ménage
hacer lo posible	Faire de son mieux, faire tout son possible
hacer los posibles	Faire tout son possible
hacer luz de gas	Gaslighting
hacer malabarismos	Jongler
hacer muescas	Encocher
hacer nacer	Engendrer
hacer novillos	Buissonner
hacer orejas de mercader	Faire la sourde oreille
hacer oídos de mercader	Faire la sourde oreille
hacer papilla	Réduire en bouillie
hacer parte	Faire partie
hacer pedazos	Réduire en bouillie
hacer pellas	Buissonner
hacer pereza	Faire la grasse matinée
hacer picadillo	Réduire en bouillie
hacer piecito	Courte échelle
hacer pinitos	Faire ses premiers pas
hacer pipí	Faire pipi, uriner
hacer pis	Faire pipi
hacer poco caso	Faire peu de cas
hacer punto de aguja	Tricoter
hacer remolinos	Tournoyer, tourbillonner
hacer responsable a	Responsabiliser
hacer sapitos	Ricochet
hacer señas	Faire signe
hacer su agosto	Faire son beurre
hacer su mejor	Faire de son mieux
hacer su mejor esfuerzo	Faire de son mieux
hacer tiempo	Atermoyer
hacer todo lo posible	Faire tout son possible
hacer todos los posibles	Faire tout son possible
hacer trizas	Concasser
hacer un signo	Désigner
hacer una comida	Faire une bouffe
hacer una cura	Panser
hacer una montaña de un grano de arena	Faire d’une mouche un éléphant
hacer una plancha	Se mettre le doigt dans l’œil
hacer uso	Faire usage
hacer uso de	faire usage de
hacer volar	S’envoler
hacer zapping	Zapper, zaper
hacerse cargo de	Prendre en charge
hacerse mala sangre	Se faire du mauvais sang
hacerse mierda	Se casser la gueule
hacerse rico	Faire fortune
hacerse tarde	Se faire tard
hacerse un lío	S’emmêler les pinceaux
hacerse una montaña de algo	Faire d’une mouche un éléphant
hacerse una paja	Branler, se masturber, palucher
hache aspirada	H aspiré
hache muda	H muet
hachis parmentier	Cottage pie, hachis parmentier
hacienda pública	Trésor public, trésor public
halconcito colorado	Crécerelle d’Amérique
halcón abejero	Bondrée apivore
halcón borni	Faucon lanier
halcón de bosque	Carnifex
halcón de eleonor	Faucon d'Éléonore
halcón de harris	Buse de Harris, buse à ailes marron
halcón gerifalte	Gerfaut
halcón montés	Carnifex
halcón peregrino	Faucon pèlerin
halcón reidor	Macagua rieur
halcón sacre	Faucon sacre
halcón selvático	Carnifex
hall de entrada	Hall d’entrée
hamaca paraguaya	Hamac
hambre canina	Boulimie; Très grande faim, faim de loup; Désir très violent
hamburguesa con queso	Cheeseburger
harai goshi	Harai-goshi
hard edge	Hard-edge
hard rock	Hard rock
harina de arroz	Farine de riz
harina de maiz	Farine de maïs
harina de tapioca	Farine de tapioca
harina de trigo	Farine de blé
hasta ahora	Jusque-là
hasta cuando	Jusqu’à ce que
hasta donde yo sé	Autant que je sache
hasta el caracú	Jusqu’à la moelle
hasta el final	Jusqu’au bout
hasta el tuétano	Jusqu’à la moelle, totalement, absolument
hasta la muerte	Jusqu’à ce que mort s’ensuive
hasta la vista	Au revoir, à bientôt
hasta los caracuses	Jusqu’à la moelle
hasta los cimientos	De fond en comble
hasta luego	À plus tard
hasta lueguín	À bientôt, à plus tard
hasta mañana	À demain
hasta morir	Jusqu’à ce que mort s’ensuive
hasta pronto	À bientôt
hasta próximo aviso	Jusqu’à nouvel ordre
hasta que	(Suivi du subjonctif) Jusqu’à ce que
hawk tuah	Hawk tuah
hay gato encerrado	Y avoir anguille sous roche
hay más días que longanizas	Il est inutile et improductif d’être trop
haya del asia menor	Hêtre d’Orient (Fagus orientalis), arbre à
haya del sur	Hêtre austral
haya oriental	Hêtre d’Orient (Fagus orientalis), arbre à
haz de electrones	Faisceau d’électrons
haz de iones	Faisceau d’ions
haz de isoglosas	Faisceau d’isoglosses
haz de partículas	Faisceau de particules
haz electrónico	Faisceau d’électrons
haz iónico	Faisceau d’ions
haz lo que digo no lo que hago	Fais ce que je dis, pas ce que je fais, faites ce que je dis, ne faites pas ce que je fais
he ahí	Voilà
he allí	Voilà
he aquí	Voici
heavy metal	Heavy metal
hecho a mano	Fait-main
hecho consumado	Fait accompli
hecho en casa	Fait maison
hecho histórico	Fait historique
hecho jirones	En lambeaux
hecho social	Fait social
hecho trizas	En lambeaux
hechos alternativos	Fait alternatif
helada blanca	Gelée blanche
helado de agua	Glace à l’eau
helado suave	Glace à l’italienne
helar la sangre	Glacer le sang
heleborina rojo oscuro	Épipactis rouge sombre
helecho acuático	Osmonde royal
helecho común	Pteridium aquilinum ^([1]), la fougère aig
helecho florido	Osmonde royal
helecho real	Osmonde royal
heléboro fétido	Hellébore fétide
hemisferio norte	Hémisphère Nord
hemorragia intracraneal	Hémorragie cérébrale
hepatitis a	Hépatite A
hepatitis b	Hépatite B
hepatitis c	Hépatite C
hepatitis f	Hépatite F
hepatitis g	Hépatite G
heptaoxodicromato de potasio	(nom UICPA) Synonyme de dicromato de potas
herbes de provence	Herbes de Provence
heredero natural	Héritier apparent
heredero presunto	Héritier présomptif
herido de gravedad	Grièvement blessé
hermana mayor	Grande sœur
hermana menor	Petite sœur
hermana pequeña	Petite sœur
hermana política	Demi-sœur, fille du conjoint d’un parent
hermano de leche	Frère de lait
hermano político	Demi-frère, fils du conjoint d’un parent
hermano salvador	Bébé-médicament
hernia de hiato	Hernie hiatale
hernia discal	Hernie discale
hernia hiatal	Hernie hiatale
herpes zoster	Herpès zoster
herpes zóster	Herpès zoster
herrerillo capuchino	Mésange huppée
herrerillo cianeo	Mésange azurée
herrerillo común	Mésange bleue
hervir a fuego lento	Bouilloter
hervir de impaciencia	Ronger son frein
hexágono lógico	Hexagone logique
hic et nunc	Hic et nunc
hicoria ovada	Hickory blanc
hidalgo de aldea	Hobereau, littéralement noble de village,
hidalgo de bragueta	Homme qui a reçu le titre de gentilhomme p
hidalgo de cuatro costados	Noble de quatre lignes, littéralement nobl
hidalgo de devengar quinientos sueldos	Noble qui, par les anciennes coutumes cast
hidalgo de ejecutoria	Littéralement noble de lettres de noblesse
hidalgo de gotera	Nobliau, noblaillon, littéralement noble d
hidalgo de privilegio	Noble de finance, personne qui a acheté de
hidalgo de sangre	Gentilhomme, noble, littéralement noble de
hidalgo de solar conocido	Littéralement noble de maison connue, nobl
hidrante de incendio	Bouche d’incendie
hidrato de potasio	Hydroxyde de potassium, potasse caustique
hidrato de sodio	Hydroxyde de sodium, soude caustique (NaOH
hidruro de litio	Hydrure de lithium (LiH)
hidruro de metilo	Méthane (CH₄)
hidruro de plomo	Plombane (PbH₄)
hidruro fosforoso	Hydrure de phosphore, phosphane
hidrógeno triatómico	Hydrogène triatomique
hidrólisis alcalina	Aquamation
hidróxido de amonio	Hhydroxyde d’ammonium, ammoniaque (NH₄⁺ +
hidróxido de potasio	(nom UICPA) Hydroxyde de potassium, potass
hidróxido de sodio	(nom UICPA) Hydroxyde de sodium, soude cau
hidróxido sódico	Hydroxyde de sodium, soude caustique (NaOH
hiedra terrestre	Lierre terrestre
hiedra venenosa	Sumac vénéneux
hielo azul	Glace bleue
hielo glaseado	Verglas
hielo marino	Banquise
hielo seco	Glace carbonique, neige carbonique, carboglace
hiena manchada	Hyène tachetée
hiena moteada	Hyène tachetée
hiena parda	Hyène brune
hiena rayada	Hyène rayée
hierba azul	Vipérine commune, véronique cresson de cheval, véronique des ruisseaux
hierba belida	Renoncule âcre
hierba blesa	Dentelaire d’Europe
hierba buena	Menthe verte
hierba carmín	Méchoacan
hierba carnicera	Vergerette du Canada
hierba cañamera	Guimauve, guimauve officinale
hierba corral	Mouron rouge
hierba cupido	Cupidone bleue
hierba de ballesteros	Hellébore fétide
hierba de caballo	Encensière
hierba de gato	Pulicaire dysentérique
hierba de la araña	Phalangère à fleurs de lis
hierba de la esquinancia	Aspérule à l’esquinancie
hierba de la fiebre	Gratiole
hierba de la golondrina	Euphorbe prostrée
hierba de la matriz	Clandestine écailleuse
hierba de la moneda	Herbe aux écus
hierba de la mujer apaleada	Tamier commun
hierba de la oblea	Méchoacan
hierba de la plata	Argyrolobe de Linné
hierba de la seda	Asclépiade
hierba de las calenturas	Micromérie de Grèce
hierba de las coyunturas	Brède chevrette
hierba de las pampas	Herbe de la pampa
hierba de las siete sangría	Aspérule odorante
hierba de los anteojos	Biscutella auriculata ^([1]), la lunetière
hierba de los arrozales	Limnophile
hierba de los dientes	Cresson de Para
hierba de pares	Parisette à quatre feuilles
hierba de san benito	Benoîte
hierba de sotierra	Lathrée clandestine
hierba de temblor	Brize
hierba del ajo	Alliaire
hierba del clavo	Benoîte du Chili
hierba del cuchillo	Pimprenelle
hierba del espíritu santo	Angélique
hierba del guisopo	Micromérie de Grèce
hierba del maná	Glycérie flottante
hierba del paño	Molène thapsus, molène Bouillon-blanc
hierba doncella	Pervenche
hierba gallinera	Morgeline (Stellaria media)
hierba lagunera	Renoncule capillaire
hierba loca	Jusquiame noire
hierba luisa	Verveine odorante
hierba mora	Brunelle commune, petite consoude, morelle noire
hierba pincel	Coris de Montpellier
hierba santa	Menthe verte; Épazote; Piper auritum
hierba sosa	Nom vernaculaire de l'aubergine pois (Sola; Nom vernaculaire de l'orobranche ram
hierba turmera	Hélianthème tacheté
hierba velluda	Renoncule bulbeuse
hierbas aromáticas	Fines herbes
hierbas de provenza	Herbes de Provence
hieros gamos	Hiérogamie
hierro de flecha	Fer de flèche
hifoloma de láminas verdes	Hypholome en touffe
higiene pública	Hygiène publique
higo chumbo	Opuntia
higróforo de olor agradable	Hygrophore à odeur agréable
higuera africana	Sycomore, figuier sycomore
higuera de chumbo	Figuier de Barbarie
higuera de pala	Figuier de Barbarie
higuera egipcia	Sycomore, figuier sycomore
hija de puta	Fille de pute
hija pródiga	Enfant prodigue, fils prodigue
hija única	Fille unique
hijo de la chingada	Individu méprisable, notamment coupable de; Mexicain
hijo de la malinche	Personne fourbe, sans foi ni loi, par exte
hijo de la tiznada	Personne fourbe, sans foi ni loi, par exte
hijo de perra	Fils de chienne
hijo de puta	Fils de pute
hijo del hombre	Fils de l’homme, un des titres que les éva
hijo natural	Enfant naturel, enfant illégitime, bâtard
hijo pródigo	Enfant prodigue, fils prodigue
hijo único	Fils unique, enfant unique
hilar muy fino	Enculer les mouches, pinailler
hilo conductor	Fil rouge
hilo de solda	Fil de brasage
hilo dental	Fil dentaire
himno nacional	Hymne national
hincar el pico	Crever, mourir, avaler son bulletin de nai
hinojo marino	Fenouil marin
hip hop	Hip hop
hipercromía de piel	Hyperchromie
hiperlaxitud articular	Hyperlaxité
hipersensibilidad electromagnética	Électrohypersensibilité
hipervisor de almacenamiento	Hyperviseur de stockage
hiperémesis gravídica	Hyperemesis gravidarum
hipoclorito de calcio	Hypochlorite de calcium
hipoclorito de sodio	Hypochlorite de sodium
hipopótamo pigmeo	Hippopotame pygmée
hipótesis de la sabana	Hypothèse de la savane
hipótesis del continuo	Hypothèse du continu
hipótrago equino	Hippotrague rouan
hisopo de algodon	Coton-tige
hisopo de algodón	Coton-tige
historia del arte	Histoire de l’art
historia fabulosa	Conte bleu
historia natural	Histoire naturelle
historia y geografía	Histoire-géographie
historial web	Historique Web
hmong luopohe	Miao de Luobohe
hobo fraile	Bois café
hocico de tenca	Ostium utérin
hockey sobre patines en línea	Roller in line hockey
hogar de ancianos	Maison de retraite
hogar de retiro	Maison de retraite
hoja de laurel	Feuille de laurier
hoja de papiro	Papyrus
hoja de personaje	Fiche de personnage
hoja de ruta	Feuille de route, carte routière
hoja sonora	Scie musicale, lame sonore
hola de nuevo	Rebonjour
holandesa moñuda	Hollandaise huppée
hombre al agua	Un homme à la mer
hombre anuncio	Homme-sandwich
hombre apercibido vale por ciento	Un homme averti en vaut deux
hombre apercibido vale por dos	Un homme averti en vaut deux
hombre blanco	Homme blanc
hombre cis	Homme cis
hombre de cromañón	Cro-Magnon
hombre de dios	Homme de Dieu
hombre de estado	Homme d’État
hombre de la limpieza	Homme de ménage
hombre de las cavernas	Homme des cavernes
hombre de negocios	Homme d’affaires
hombre de paja	Homme de paille
hombre del tiempo	Présentateur du bulletin de prévisions mét
hombre libre	Homme libre
hombre lobo	Loup-garou
hombre muerto	Homme mort
hombre orquesta	Homme-orchestre
hombre prevenido vale por ciento	Un homme averti en vaut deux
hombre prevenido vale por dos	Un homme averti en vaut deux
hombre trans	Homme trans
hombrecillo verde	Petit homme vert
homo faber	Homo faber
hongo atómico	Champignon atomique
hongo bistec	Fistuline hépatique
hongo blanco	Cèpe de Bordeaux
hongo de miel	Armillaire
hongo del árbol shii	Lentin du chêne
hongo negro	Cèpe bronzé
hongo pambazo	Cèpe de Bordeaux
hongo para zurcir	Champignon à repriser
hongo pata de caballo	Amadouvier
hongo yesca	Amadouvier
hongo yesquero	Amadouvier
hora azul	Heure bleue
hora dorada	Heure dorée
hora legal	Heure légale
hora pico	Heure de pointe
hora punta	Heure de pointe
horario de verano	Heure d’été
horas extraordinarias	Heures supplémentaires
horas extras	Heures supplémentaires
horca de doble mango	Grelinette
horchata de chufa	Horchata
horizonte cosmológico	Horizon cosmologique
hormiga carpintera	Fourmi charpentière
hormiga león	Fourmilion
hormiguera de lunares	Azuré du serpolet
hormiguero compadre	Grallaire à tête rousse
hormiguero de anteojos	Grallaire à lunettes
hormiguero escamado	Grallaire écaillée
hormiguero marsupial	Fourmilier marsupial, numbat
hormiguero pechicanelo	Grallaire buissonnière
hormiguero pechirrayado	Grallaire à lunettes
hormiguero pichón punteado	Grallaire tachetée
hormiguero torero	Grallaire à dos uni
hormiguita de fuego	Fourmi électrique
hormigón armado	Béton armé
hormigón pretensado	Béton précontraint
hormona antimülleriana	Hormone anti-müllérienne
hormona tiroidea	Hormone thyroïdienne
hornilla de atanor	Athanor
horno crematorio	Four crématoire
horno de barro	Tandoor
horno de cal	Four à chaux
horquilla de cabello	Épingle à cheveux
hospital militar	Hôpital militaire
hospital psiquiátrico	Hôpital psychiatrique
hot cake	Pancake
hotel de ciudad	Hôtel de ville
hoy día	Aujourd’hui
hoy en día	Aujourd’hui, de nos jours, actuellement, c
hoyo en uno	Trou-en-un
hoyo negro	Trou noir
hoz y martillo	Faucille et marteau
hueco de electrón	Trou d’électron
huelga de celo	Grève du zèle
huelga de hambre	Grève de la faim
huelga de sexo	Grève du sexe
huelga del hambre	Grève de la faim
huelga general	Grève générale
huelga sexual	Grève du sexe
huella dactilar	Empreinte digitale
huella de carbono	Empreinte carbone
huella digital	Empreinte numérique
huella ecológica	Empreinte écologique, empreinte environnementale
hueso alveolar	Os alvéolaire
hueso cigomático	Os zygomatique
hueso coxal	Os coxal
hueso esfenoides	Os sphénoïde
hueso etmoides	Os ethmoïde
hueso frontal	Os frontal
hueso ilíaco	Os coxal
hueso lacrimal	Os lacrymal
hueso lagrimal	Os lacrymal
hueso malar	Os malaire
hueso maxilar	Os maxillaire
hueso nasal	Os nasal
hueso navicular	Os naviculaire
hueso occipital	Os occipital
hueso parietal	Os pariétal
hueso piramidal	Os triquetrum
hueso pómulo	Os de la pommette
hueso temporal	Os temporal
huevo centenario	Œuf de cent ans, spécialité culinaire chin
huevo cocido	Œuf à la coque
huevo de colón	Œuf de Colomb
huevo de juanelo	Œuf de Colomb
huevo de pascua	Œuf de Pâques
huevo de pulpo	Lièvre de mer
huevo de zurcir	Œuf à repriser
huevo duro	Œuf dur
huevo en cáscara	Œuf à la coque
huevo escalfado	Œuf poché
huevo estrellado	Œuf au plat, œuf sur le plat
huevo frito	Œuf au plat, œuf sur le plat
huevo huero	Œuf clair
huevo mollet	Œuf mollet
huevo pasado por agua	Œuf à la coque
huevo relleno	Œuf mimosa
huevo tibio	Œuf à la coque
huevo vegetal	Aki (fruit)
huevos benedict	Œufs Bénédicte
huevos revueltos	Œufs brouillés
huir del fuego y dar en las brasas	Tomber de la poêle dans la braise, tomber
humo de pajas	Feu de paille, chose inconsistante, de peu
humo de segunda mano	Fumée secondaire
humor negro	Humour noir
humor vítreo	Corps vitré, humeur vitrée
humor ácido	Humour noir
husky siberiano	Husky sibérien
huso horario	Fuseau horaire
huída hacia adelante	Fuite en avant
háblale a la mano	Parle à ma main
hágase la luz	Que la lumière soit
hámster dorado	Hamster doré
hámster vulgar	Hamster commun
hígado de azufre	Foie de soufre
i griega	I grec, nom de la lettre latine Y/y
i herida	i barré
i latina	I
i tachada	i rayé
ia generativa	IA générative
ibis carunculado	Ibis caronculé
ibis eremita	Ibis chauve
ibis malgache	Ibis malgache
ibis nipón	Ibis nippon
ibis sagrado	Ibis sacré
ibis sagrado de madagascar	Ibis malgache
ida y vuelta	Aller-retour
idas y venidas	Allées et venues
idea fija	Idée fixe
identidad cultural	Identité culturelle
identidad de género	Identité de genre
identidad numérica	Identité numérique
identidad sexual	Identité sexuelle
identita digitale	Identité numérique
ideología de género	Idéologie du genre
idioma hausa	Haoussa
idioma limburgués	Limbourgeois
idioma megreliano	Mingrélien
idioma sículo	Sicule
idiota útil	Idiot utile
iglesia monolítica	Église monolithe, église monolithique, église rupestre
iglesia parroquial	Église paroissiale
iglesia rupestre	Église monolithe, église monolithique, église rupestre
ignición espontánea	Combustion spontanée
igualdad de oportunidades	Égalité des chances
ilustración botánica	Illustration botanique
imagen inversa	Préimage
imagen mental	Image mentale
imperialismo lingüístico	Impérialisme linguistique
imperio bizantino	Empire Byzantin
imperio en el que nunca se pone el sol	Empire sur lequel le soleil ne se couche jamais
implantar el chip	Pucer
implante dental	Implant dentaire
importar un pito	Se ficher, en avoir quelque chose à fiche
importarse un pepino	Se foutre comme de l’an quarante de
impresión offset	Offset
impresión ófset	Offset
impresor librero	Imprimeur-libraire
impresora a color	Imprimante couleur
impresora láser	Imprimante laser
improvisación libre	Improvisation libre
impuesto de capitación	Capitation
impuesto de consumos	Impôt sur les biens de consommation
impuesto de sangre	Impôt du sang
impuesto rosa	Taxe rose
impuesto sobre el valor agregado	Taxe sur la valeur ajoutée
impuesto sobre el valor añadido	Taxe sur la valeur ajoutée
impulso financiero	Financement incitatif
in extenso	In extenso
in extremis	In extremis
in situ	In situ
in solidum	In solidum
in tiempo real	Temps réel
incendio forestal	Feu de forêt
inconsciente colectivo	Inconscient collectif
indicación geográfica protegida	Indication géographique protégée
indicador myers-briggs	MBTI
individualismo metodológico	Individualisme méthodologique
inducir a error	Porter à confusion
induir a error	Induire en erreur
industria editorial	Édition
industria petrolera	Industrie pétrolière
industria textil	Textile
inercia química	Inertie
infección de vías urinarias	Infection urinaire
infección oportunista	Maladie opportuniste
infección por clamidias	Chlamydiose
infección urinaria	Infection urinaire
infinitivo completo	Infinitif avec sa désinence; Infinitif complet, infinitif avec la parti
inflación cósmica	Inflation cosmique
influenza porcina	Grippe porcine
influenzavirus a	Virus de la grippe A
información falsa	Information fallacieuse, infox
ingeniera de sonido	Ingénieuse du son, ingénieure du son
ingeniero asesor	Ingénieur-conseil
ingeniero consultor	Ingénieur-conseil
ingeniero de sonido	Ingénieur du son
ingeniería automática	Automatique
ingeniería civil	Génie civil
ingeniería del vacío	Technique du vide
ingeniería genética	Génie génétique
ingeniería inversa	Rétro-ingénierie
ingeniería política	Ingénierie politique
ingeniería social	Ingénierie sociale, manipulation psychosociale
inglés antiguo	Anglo-saxon
inglés medio	Moyen anglais
ingreso básico universal	Revenu universel
ingreso ciudadano	Revenu de citoyenneté
iniciativa popular	Initiative populaire
injerto de hendidura	Greffe en fente
injerto de yema	Greffe en écusson
inmaculada concepción	Immaculée Conception
inmigración irregular	Immigration illégale, immigration irrégulière, immigration clandestine
inmortal menor	Immortelle fermée
inmueble de alquiler	Hôtel de rapport
inmueble de inversión	Hôtel de rapport
inmueble de renta	Hôtel de rapport
inmunidad adquirida	Immunité acquise
inmunidad innata	Immunité innée
innovación radical	Innovation radicale
insecto acuático	Insecte aquatique
insecto hoja	Phasme
insecto social	Insecte social
inseminación artificial	Insémination artificielle
inseparable abisinio	Inséparable d’Abyssinie
inseparable acollarado	Inséparable à collier noir
inseparable cabecinegro	Inséparable masqué
inseparable cachetón	Inséparable à joues noires
inseparable carirrojo	Inséparable à tête rouge
inseparable de cabeza gris	Inséparable à tête grise
inseparable de fischer	Inséparable de Fischer
inseparable de frente roja	Inséparable d’Abyssinie
inseparable de namibia	Inséparable rosegorge
inseparable del nyasa	Inséparable de Lilian
inseparable malgache	Inséparable à tête grise
insertar un inserto	Encarter
insignia amarilla	Étoile jaune
inspección del trabajo	Inspection du travail
inspección laboral	Inspection du travail
inspector de trabajo	Inspecteur du travail
inspectora de trabajo	Inspectrice du travail
instituto de belleza	Institut de beauté
instrucciones previas	Directive anticipée
instrumentalizar como arma	Arsenaliser
instrumentar un arma con	Arsenaliser
instrumento de cuerda	Instrument à cordes
instrumento de medición	Instrument de mesure
instrumento de navegación	Instrument de navigation
instrumento musical	Instrument de musique
instrumento transpositor	Instrument transpositeur
integración sensorial	Intégration sensorielle
integral de riemann	Intégrale de Riemann
integrated drive electronics	Parallel ATA
integridad territorial	Intégrité territoriale
inteligencia artificial	Intelligence artificielle
inteligencia artificial generativa	Intelligence artificielle générative
inteligencia colectiva	Intelligence collective
inteligencia emocional	Intelligence émotionnelle
intensidad energética	Intensité énergétique
intensidad luminosa	Intensité lumineuse
intensidad radiante	Intensité énergétique
interacción biológica	Interaction biologique
interacción social	Interaction sociale
intercambiador aire-suelo	Échangeur air-sol
intercambiador vial	Échangeur
intercambio de pareja	Échangisme
interrupción voluntaria del embarazo	Interruption volontaire de grossesse, IVG
interruptor automático	Disjoncteur
interruptor de batería	Coupe-batterie
interruptor diferencial	Disjoncteur différentiel
interruptor magnetotérmico	Disjoncteur
intersección vial	Échangeur
intervalo abierto	Intervalle ouvert
intervalo cerrado	Intervalle fermé
intervalo de confianza	Intervalle de confiance
intervalo de tolerancia	Intervalle de tolérance
intervalo musical	Intervalle musical
intervalos cerrados	Intervalle fermé
interventor de cuentas	Commissaire aux comptes
interés general	Intérêt général
interés legítimo	Intérêt légitime
interés público	Intérêt général
intestino ciego	Cæcum
intestino delgado	Intestin grêle
intestino grueso	Gros intestin
intolerancia ambiental idiopática atribuida a campos electromagnéticos	Électrohypersensibilité
intolerancia hereditaria a la fructosa	Intolérance héréditaire au fructose, fructosémie, fructosémie congénitale
investigación de operaciones	Recherche opérationnelle
investigación operativa	Recherche opérationnelle
investigador privado	Détective
inyección de dependencias	Injection de dépendances
inyección intravenosa	Injection intraveineuse
ion hidronio	Ion hydronium
ion oxonio	Ion hydronium
ir a	Aller
ir a ciegas	Naviguer à vue
ir a la deriva	Aller à la dérive
ir a la par	Aller de pair
ir a lo que interesa	En venir au fait
ir a por todas	Le tout pour le tout
ir a saber	Aller savoir
ir a tomar por culo	Aller se faire mettre, aller se faire foutre, aller se faire enculer
ir a tomar por el culo	Aller se faire mettre, aller se faire foutre, aller se faire enculer
ir a tomar por el saco	Aller se faire mettre, aller se faire foutre, aller se faire enculer
ir al asunto	Aller droit au but
ir al grano	Aller au fait
ir al lío	Aller droit au but
ir aparejado	Aller de pair
ir de cara al asunto	Aller droit au but
ir de compras	Faire les courses
ir de empalmada	Nuit blanche
ir de escaparates	Faire du lèche-vitrine
ir de etiqueta	Sur son trente et un, tiré à quatre épingles, être tiré à quatre épingles
ir de juerga	Sortir, faire la fête
ir de primera comunión	Sur son trente et un, tiré à quatre épingles, être tiré à quatre épingles
ir de punta en blanco	Sur son trente et un, tiré à quatre épingles, être tiré à quatre épingles
ir de putas	Aller aux putes
ir de tiros largos	Sur son trente et un, tiré à quatre épingles, être tiré à quatre épingles
ir de un lado para el otro	Faire les cent pas
ir de veinticinco alfileres	Sur son trente et un, tiré à quatre épingles, être tiré à quatre épingles
ir directo al grano	Aller droit au but
ir en autostop	Faire de l’auto-stop
ir hecho un brazo de mar	Sur son trente et un, tiré à quatre épingles, être tiré à quatre épingles
ir sin rodeos	Ne pas y aller par quatre chemins, ne pas mâcher ses mots
ir sobre seguro	Jouer la prudence
ir y venir	Aller et venir
irish moiled	Moiled irlandais
irish soft coated wheaten terrier	Terrier irlandais à poil doux
irlandés antiguo	Vieil irlandais
irse a hacer gárgaras	Aller se faire voir
irse a la chingada	Mettre le bouts, larguer les amarres, se c; Généralement dans une formule impéra
irse a la francesa	Filer à l’anglaise
irse a la fregada	Aller se faire mettre, aller se faire foutre, aller se faire enculer
irse a la mierda	Aller se faire mettre, aller se faire foutre, aller se faire enculer
irse a la verga	Partir; Exprime le refus ou le mépris, dans des to; Partir en couille, foutre le
irse a tomar por culo	Aller se faire mettre, aller se faire foutre, aller se faire enculer
irse a tomar por el culo	Aller se faire mettre, aller se faire foutre, aller se faire enculer
irse a tomar por el saco	Aller se faire mettre, aller se faire foutre, aller se faire enculer
irse al carajo	Aller se faire mettre, aller se faire foutre, aller se faire enculer
irse al diablo	Aller se faire mettre, aller se faire foutre, aller se faire enculer
irse al garete	Partir à la dérive, dériver; Se corrompre, se démembrer, courir à sa pe
irse al infierno	Aller se faire mettre, aller se faire foutre, aller se faire enculer
irse de cabeza	Perdre la tête
irse de la lengua	Vendre la mèche
irse de la olla	Perdre la tête
irse de las manos	Perdre le contrôle, ne pas gérer, échapper
irse de pinta	Buissonner
irse por las ramas	Noyer le poisson, du coq à l’âne
irse por los cerros de úbeda	Du coq à l’âne
irse volando	S’envoler
isla de estabilidad	Îlot de stabilité
isla fantasma	Île fantôme
islamofobia de género	Islamophobie genrée
islas jónicas	Îles Ioniennes
isomorfismo mineral	Isomorphisme
isómero de cadena	Isomère de chaîne
isómero de posición	Isomère de position
isótopo estable	Isotope stable
isótopo radioactivo	Isotope radioactif
jabalí barbudo	Sanglier à moustaches (Sus barbatus barbat; Individu appartenant à cette espèce
jabalí barbudo de palawan	Sanglier géant de Palawan (Sus ahoenobarbu; Individu appartenant à cette espèce
jabalí de las bisayas	Sanglier des Visayas (Sus cebifrons); Individu appartenant à cette espèce
jabalí enano	Sanglier nain, sanglier pygmée
jabalí filipino	Sanglier des Philippines (Sus philippensis; Individu appartenant à cette espèce
jabalí pigmeo	Sanglier nain, sanglier pygmée
jabalí verrugoso de bisayas	Sanglier des Visayas (Sus cebifrons); Individu appartenant à cette espèce
jabalí verrugoso de java	Sanglier de Java (Sus verrucosus); Individu appartenant à cette espèce
jabalí verrugoso de las célebes	Sanglier des Célèbes (Sus celebensis); Individu appartenant à cette espèce
jabalí verrugoso de mindoro	Sanglier de Mindoro (Sus oliveri)
jabalí verrugoso de oliver	Sanglier de Mindoro (Sus oliveri)
jabalí vietnamita	Sanglier du Vietnam (Sus bucculentus); Individu de cette espèce
jabirú africano	Jabiru d’Afrique
jabirú americano	Jabiru d’Amérique
jabirú asiático	Jabiru d’Asie
jabon de sastre	Craie de tailleur
jaboncillo de sastre	Craie de tailleur
jabón de castilla	Savon de Castille
jabón de marsella	Savon de Marseille
jabón de nablus	Savon de Naplouse
jabón de piedra	Hydroxyde de sodium, soude caustique (NaOH
jabón suave	Savon noir
jaca burgalesa	Losino
jaca castellana	Losino
jacamará piquigualdo	Jacamar à bec jaune
jacinto de agua	Jacinthe d’eau
jacinto de los bosques	Jacinthe des bois
jack russell terrier	Terrier Jack Russell
jaguarzo morisco	Ciste à feuilles de sauge
jaguarzo negro	Ciste de Montpellier (Cistus monspeliensis
jai alai	Jaï-alaï
jaibas rellenas	Crabes (crabe bleu) farcis, plat typique d
jam session	Faire un bœuf
jamón de bellota	Jambon issu de porc nourri exclusivement d
jamón serrano	Jambon cru
jamón york	Jambon cuit
japonés medio	Moyen japonais
jaque mate	Échec et mat
jara blanca	Ciste cotonneux
jara estepa	Ciste à feuilles de laurier
jara pringosa	Ciste à gomme
jara rizada	Ciste crépu
jarabe de arce	Sirop d’érable
jarana jarocha	Guitare folklorique mexicaine à cordes pin; Danse et fête traditionnelle populai
jardín botánico	Jardin botanique
jardín de edén	Jardin d’Éden
jardín de las hespérides	Jardin des Hespérides
jardín infantil	Jardin d'enfants
jardín infiltrante	Jardin de pluie
jardín inglés	Jardin anglais
jardín trasero	Jardin arrière
jardín vertical	Jardin vertical
jardín zoológico	Zoo
jarra de agua	Broc d’eau
jarrón chino	Potiche
jaula de faraday	Cage de Faraday
jaula de grillos	Foire d’empoigne
jaula de locos	Foire d’empoigne
jazmin de leche	Faux jasmin
jazmin estrella	Faux jasmin
jazmín chileno	Jasmin du Chili
jazmín del país	Jasmin d’Espagne
jazz afrocubano	Musique cubaine
jefa de cocina	Maître-queux
jefe de cocina	Chef cuisinier, maître-queux
jefe de estado	Chef d’État
jefe de reporteros	Chef de pupitre
jefe del gobierno	Chef du gouvernement
jefe del narcotráfico	Baron de la drogue
jefe máximo	Éminence grise
jemer antiguo	Vieux khmer
jeroglífico luvita	Louvite hiéroglyphique
jersey de punto	Chandail
jet lag	Décalage horaire
jibia africana	Seiche africaine
jilguero lúgano	Tarin des aulnes
jilguero tibetano	Serin du Tibet
jin yu	Jinyu
jirafa borracha	Girafe réticulée
jirafa de rothschild	Girafe de Rothschild
jirafa de uganda	Girafe de Rothschild
jirafa del baringo	Girafe de Rothschild
jirafa reticulada	Girafe réticulée
jobo de la india	Mangoustanier
jochi colorado	Agouti ponctué
joko garbi	Joko garbi
jornada a tiempo parcial	Travail à temps partiel
jornada parcial	Temps partiel
joyas de la corona	Joyaux de la couronne
joyas de opar	Gros pourpier
judía de careta	Cornille
judía de egipto	Dolique d’Égypte
judía de españa	Haricot d’Espagne
judía de lima	Haricot de Lima
judía escarlata	Haricot d’Espagne
judía pinta	Haricot d’Espagne
judía roja	Haricot d’Espagne
judía urd	Haricot urd
judía verde	Haricot vert
judío errante	Juif errant
juego de acción en primera persona	Jeu de tir subjectif
juego de ajedrez	Jeu d’échecs
juego de azar	Jeu de hasard
juego de beber	Jeu à boire
juego de damas	Dames
juego de guerra	Jeu de guerre
juego de la bebida	Jeu à boire
juego de la galleta	Jeu de la biscotte
juego de manos	Tour de passe-passe, tour de main
juego de mesa	Jeu de société
juego de palabras	Jeu de mots
juego de raspa y gana	Jeu à gratter, jeu de grattage
juego de rol	Jeu de rôle
juego de tablero	Jeu de société
juego del foulard	Jeu du foulard
juego del fular	Jeu du foulard
juego del molino	Jeu du moulin
juego educativo	Jeu éducatif
juego electrónico	Jeu électronique
juego limpio	Franc-jeu
juego real de ur	Jeu royal d’Ur
juegos malabares	Tour de passe-passe, jongler
juegos olímpicos	Jeux olympiques
juegos olímpicos modernos	Jeux olympiques modernes
juegos paralímpicos	Jeux paralympiques
juerga flamenca	En Andalousie, réunion bruyante où on boit
jueves gordo	Jeudi gras
jueves lardero	Jeudi gras
jueves santo	Jeudi saint
juez de línea	Juge de ligne
jueza de línea	Juge de ligne
jugador de baloncesto	Basketteur
jugar a las escondidas	Jouer à cache-cache
jugar con fuego	Jouer avec le feu
jugar sobre seguro	Jouer la prudence
jugar un papel	Jouer un rôle
jugarse el todo por el todo	Le tout pour le tout
jugarse hasta la camisa	Laisser des plumes
juglar africano	Griot
jugo de manzana	Jus de pomme
jugársela todo a una carta	Mettre tous les œufs dans le même panier
jugárselo todo a una sola carta	Le tout pour le tout
julepe de menta	Mint julep
junco ojioscuro	Junco ardoisé
junta de culata	Joint de culasse
junta tórica	Joint torique
junto a	À côté de, près de
jurar poner a dios por testigo	Jurer
jurisdicción universal	Compétence universelle
justicia social	Justice sociale
justo medio	Juste milieu
jóquey sobre hierba	Hockey sur gazon
júpiter caliente	Jupiter chaud
kelpie australiano	Australian kelpie
kerry blue terrier	Terrier Kerry blue
kilogramo por metro cúbico	Kilogramme par mètre cube
kilómetro cuadrado	Kilomètre carré
kilómetro por hora	Kilomètre par heure
kir royal	Kir royal
kiwi amarillo	Kiwi jaune
kiwi común	Kiwi austral
kiwi de okarito	Kiwi d’Okarito
kiwi dorado	Kiwi jaune
kiwi marrón de la isla norte	Kiwi de Mantell
kiwi moteado mayor	Kiwi roa
kiwi moteado menor	Kiwi d’Owen
kiwi pardo de okarito	Kiwi d’Okarito
kiwi sureño	Kiwi austral
kiwi verde	Kiwi vert
kopov eslovaco	Chien courant slovaque
krait a bandas	Bongare annelé, bongare fascié
krait cabeza roja	Bongare à tête rouge
krait común	Bongare indien
krait con muchas bandas de taiwán	Bongare rayé
krait malayo	Bongare candide
krait rayado	Bongare annelé, bongare fascié
krav magá	Krav maga
kétchup de plátano	Ketchup de bananes
la bolsa o la vida	La bourse ou la vie
la cabra siempre tira al monte	Un lièvre va toujours mourir au gîte
la cabra tira al monte	Chassez le naturel, il revient au galop
la caridad bien entendida empieza por uno mismo	Chacun pour soi, Dieu pour tous
la carne es débil	La chair est faible
la cereza sobre el pastel	Cerise sur le gâteau
la ciudad condal	Barcelone
la concha de la lora	Le con de Manon, le con de sa mère
la concha de tu madre	Littéralement : le con de ta mère, la chat
la curiosidad mató al gato	La curiosité est un vilain défaut
la desconfianza aparta el engaño	Prudence est mère de sûreté
la desconfianza es madre de la seguridad	Prudence est mère de sûreté
la esencia en tarro pequeño se vende	C’est dans les vieux pots qu’on fait la meilleure soupe
la gallina de mi vecina más huevos pone que la mía	L’herbe est plus verte ailleurs
la gallina de mi vecina siempre es más gorda que la mía	L’herbe est plus verte ailleurs
la gallina vieja hace buen caldo	C’est dans les vieux pots qu’on fait la meilleure soupe
la gota que colma el vaso	La goutte d’eau qui fait déborder le vase
la hierba parece más verde al otro lado de la valla	L’herbe est plus verte ailleurs
la hierba siempre crece más verde al otro lado de la valla	L’herbe est toujours plus verte ailleurs
la legitima	Mélipone
la llorona	Banshee
la marcha altrás	Déconner
la misma	Elle-même
la montaña parió un ratón	La montagne a accouché d’une souris
la mía	La mienne
la necesidad aguza el ingenio	La nécessité est mère de l’invention, nécessité est mère d’invention
la nuestra	La nôtre
la ocasion hace el ladron	L’occasion fait le larron
la ocasión la pintan calva	Saisir l’occasion aux cheveux
la ociasidad es madre de todo los vicios	L’oisiveté est la mère de tous les vices
la pelota está en el campo de alguien	La balle est dans le camp de quelqu’un
la pelota está en el tejado de alguien	La balle est dans le camp de quelqu’un
la pluma es más poderosa que la espada	La plume est plus forte que l’épée
la procesión va por dentro	Ne rien laisser paraître
la profesión más antigua del mundo	Le plus vieux métier du monde
la práctica hace la perfección	C’est en forgeant que l’on devient forgeron, c’est en forgeant qu’on devient forgeron
la sartén le dijo al cazo	C’est la poêle qui se moque du chaudron
la suerte está echada	Le sort en est jeté
la suya	La leur, la sienne
la tuya	La tienne
la unión hace la fuerza	L’union fait la force
la venganza es un plato que se sirve frío	La vengeance est un plat qui se mange froid
la vieja gallina es la que hace el caldo gordo	C’est dans les vieux pots qu’on fait la meilleure soupe
la vieja gallina hace gorda la cocina	C’est dans les vieux pots qu’on fait la meilleure soupe
la vuestra	La vôtre
laberinto antiradiación	Chicane
labio inferior	Lèvre inférieure
labio leporino	Bec-de-lièvre, fente labiale
labio superior	Lèvre supérieure
labios menores	Petites lèvres, nymphe
labor de parto	Travail
lacha pelada	Alose-écaille fluviale
lactario anaranjado	Lactaire à lait abondant
lactario aterciopelado	Lactaire velouté
lactario picante	Lactaire poivré
lado oscuro de la fuerza	Côté obscur de la force
lagartija de fabián	Lézard de Fabian
lagartija de horvath	Lézard de Horvath
lagartija de turbera	Lézard vivipare
lagartija pirenaica	Lézard des Pyrénées, lézard de Bonnal
lagartija roquera	Lézard des murailles
lagartija vivípara	Lézard vivipare
lagarto ocelado	Lézard ocellé
lagarto verde	Lézard vert
lagarto ágil	Lézard des souches
lago de atolón	Lagune d’atoll
lago de salmuera	Lac de saumure
lago en herradura	Bras mort
lago marino	Lac marin
lagos de rosario	Lacs à chapelet
lagotto romagnolo	Chien d’eau romagnol
lagópodo alpino	Lagopède alpin
lagópodo coliblanco	Lagopède à queue blanche
lagópodo común	Lagopède des saules
lagópodo escandinavo	Lagopède des saules
lagópodo escocés	Lagopède d’Écosse
laissez faire	Laissez faire
lakeland terrier	Lakeland terrier
lamerle las botas	Lécher les bottes
lamerle las suelas	Lécher les bottes
lamio púrpura	Lamier pourpre
lamprea de río	Lamproie de rivière
lamprea marina	Lamproie marine
lana de acero	Laine d’acier
lanza castellana	Lancier
lanza jineta	Genette, lance courte à la lame dorée, pou
lanza porquera	Lance courte, sorte de pique, littéralemen
lanzador de alerta	Lanceur d’alerte
lanzamiento de bala	Lancer du poids
lanzamiento de disco	Lancer du disque
lanzamiento de enanos	Lancer de nain
lanzamiento de esquina	Corner
lanzamiento de jabalina	Lancer du javelot
lanzamiento de martillo	Lancer du marteau
lanzamiento de peso	Lancer du poids
lanzamiento penal	Penalty
lanzarse de cabeza	Se jeter la tête la première
largas vacaciones	Grandes vacances
large white	Large white, grand porc blanc anglais
largo tiempo	Longtemps
las armas las carga el diablo	Il ne faut pas jouer avec les armes; Il ne faut pas jouer avec le feu
las cosas buenas vienen a aquellos que esperan	Tout vient à point à qui sait attendre
las desgracias nunca vienen solas	Un malheur ne vient jamais seul
las mías	Les miennes
las nuestras	Les nôtres
las palabras se las lleva el viento	Verba volant, scripta manent
las paredes oyen	Les murs ont des oreilles
las suyas	Les leurs, les siennes
las tuyas	Les tiennes
las vuestras	Les vôtres
lata de bebida	Boîte boisson
latte macchiato	Latte macchiato
latín eclesiástico	Latin ecclésiastique
latín escolástico	Latin scolastique
latín tardío	Bas latin
latín vulgar	Latin vulgaire
laurel alejandrino	Laurier d’Alexandrie
laurel canario	Laurier des Canaries
laurel cerezo	Laurier-cerise
laurel común	Laurier sauce (Laurus nobilis
laurel criollo	Nom vernaculaire de Ocotea acutifolia, arb
laurel de alejandría	Laurier-tin
laurel de azores	Laurier des Açores
laurel de flor	Laurier-rose
laurel de nudos	Laurier-tin
laurel de orlando	Laurier-tin
laurel de poetas	Laurier-tin
laurel follado	Laurier-tin
laurel portugués	Laurier du Portugal
laurel real	Laurier-cerise
laurel rosa	Laurier-rose
laurel salvaje	Laurier-tin
lavado de cerebro	Lavage de cerveau
lavado de dinero	Blanchiment d'argent
lavado en seco	Pressing, dégraissage
lavanda de mar	Saladelle commune
lavandera blanca	Bergeronnette grise
lavandera boyera	Bergeronnette printanière
lavandera cascadeña	Bergeronnette des ruisseaux
lavandera de los bosques	Bergeronnette de forêt
lavandera forestal	Bergeronnette de forêt
lavar la ropa	Faire la lessive
lavarse la cara	Se débarbouiller
lavarse las manos	S’en laver les mains
lazo de amor	Plante araignée
le dice la cazuela al cazo	C’est l’hôpital qui se moque de la charité
lebrel escocés	Deerhound
lebrel húngaro	Lévrier hongrois
lebrel inglés	Lévrier greyhound
lebrel polaco	Lévrier polonais
lechada de cal	Lait de chaux
lechada de cemento	Laitance
leche agria	Babeurre
leche con chocolate	Chocolat au lait
leche de ave	Dame d’onze heures
leche de coco	Lait de coco
leche de gallina	Dame d’onze heures
leche de magnesia	Lait de magnésie
leche de pájaro	Dame d’onze heures
leche de soja	Lait de soja
leche descremada	Lait écrémé
leche en polvo	Lait en poudre
leche evaporada	Lait évaporé
leche pasteurizada	Lait pasteurisé
leche ácida	Babeurre
lechetrezna común	Euphorbe réveille-matin
lechetrezna serrada	Euphorbe dentée
lecho de muerte	Lit de mort
lecho de rosas	Lit de roses
lechucita vizcachera	Chevêche des terriers
lechuga de mar	Laitue de mer, ulve
lechuga del minero	Pourpier d’hiver
lechuga romana	Laitue romaine
lechuza blanca	Effraie des clochers
lechuza campestre	Hibou des marais
lechuza común	Chouette effraie, effraie des clochers
lechuza de los campanarios	Effraie des clochers
lechuza de tengmalm	Chouette de Tengmalm
lechuza gavilana	Chouette épervière
lechuza norteña	Petite nyctale
lector de libros electrónicos	Liseuse
lector de tabaquería	Personne lisant des livres dans les usines
lector electrónico	Liseuse
lectora de tabaquería	Femme lisant des livres dans les usines de
lectura a primera vista	Déchiffrage
lectura de labios	Lecture labiale, labiolecture
lectura labial	Lecture labiale, labiolecture
lectura pública	Lecture publique
leer entre líneas	Lire entre les lignes
leer sin cesar	Bouquiner
leerle las cartas a	Tirer les cartes
legumbre de flor	Légume-fleur
legumbre de fruto	Légume-fruit
legumbre de tallo	Légume-tige
legítima defensa	Légitime défense
lejano oriente	Extrême-Orient
lemming vulgar	Lemming des toundras de Norvège
lengua aglutinante	Langue agglutinante
lengua aislada	Isolat
lengua aragonesa propia de las áreas pirenaica y prepirenaica	Dans la communauté autonome d’Aragon, dési
lengua aragonesa propia del área oriental	En Aragon, désignation officielle des parl
lengua arahuaca	Langue arawakienne
lengua celta	Langue celtique
lengua cervina	Scolopendre
lengua céltica	Langue celtique
lengua de buey	Langue de bœuf, fistuline hépatique
lengua de gato	Pied-de-mouton
lengua de oc	Langue d’oc
lengua de oíl	Langue d’oïl
lengua de res	Langue de bœuf
lengua de serpiente	Ophioglosse
lengua de señas	Langue des signes
lengua de señas francesa	Langue des signes française
lengua de signos	Langue des signes
lengua de signos americana	Langue des signes américaine
lengua de vaca	Vipérine commune
lengua materna	Langue maternelle
lengua muerta	Langue morte
lengua muskogueana	Langue muskogéenne
lengua natal	Langue maternelle
lengua nativa	Langue maternelle
lengua oficial	Langue officielle
lengua vehicular	Langue véhiculaire
lengua vernácula	Langue vernaculaire
lenguado común	Sole commune
lenguaje de género neutro	Écriture inclusive
lenguaje de programación	Langage de programmation
lenguaje de programación de cuarta generación	L4G
lenguaje fuente	Langage source
lenguaje inclusivo	Écriture inclusive
lenguaje no sexista	Écriture inclusive
lenguaje orientado a objetos	Langage orienté objet
lenguaje silbado	Langue sifflée
lenguaje soez	Registre de langue grossier, cru, vulgaire
lenguas algonquinas	Langues algonquiennes
lenguas amamis	Langues amami
lenguas coreánicas	Langues coréaniques
lenguas heibán	Langues heiban
lenguas hmong	Langues hmongiques
lenguas hmong mien	Langues hmong-mien
lenguas hmong-mien	Langues hmong-mien
lenguas japónicas	Langues japoniques
lenguas japónicas insulares	Langues japoniques insulaires
lenguas miao yao	Langues hmong-mien
lenguas miao-yao	Langues hmong-mien
lenguas miyako	Langues miyako
lenguas okinawenses	Langues okinawaïennes
lenguas ryukyuenses	Langues ryūkyū
lenguas ryukyuenses meridionales	Langues ryūkyū du Sud
lenguas ryukyuenses septentrionales	Langues ryūkyū du Nord
lenguas saharianas	Langues sahariennes
lenguas saharianas occidental	Langues sahariennes occidentales
lenguas talodí-heibán	Langues talodi-heiban
lenguas viéticas	Langues viétiques
lenguas yaeyama	Langues yaeyama
lente gravitacional	Mirage gravitationnel, lentille gravitatio
lente gravitatoria	Mirage gravitationnel, lentille gravitatio
lenteja de agua	Lentille d’eau
lenteja verde	Lentille verte
lenteja verdina	Lentille verte
lentisco del perú	Faux-poivrier, faux-poivrier odorant
leopardo africano	Panthère d’Afrique
leopardo de las nieves	Once
leopardo del amur	Panthère de l’Amour
leopardo longibando	Panthère nébuleuse
leopardo melánico	Panthère noire
leopardo tigre	Oncille
lepenización de los espíritus	Lepénisation des esprits
lepiota maloliente	Lépiote crêtée
lesa majestad	Lèse-majesté
lesión por movimientos repetitivos	Microtraumatismes répétés
letra bastardilla	Cursive
letra cursiva	Cursif
letra de cambio	Lettre de change, traite
letra de llamada	Lettrine
letra florida	Lettrine
letra mayúscula	Majuscule
letra minúscula	Bas-de-casse
levantar el vuelo	S’envoler
levantarse con el pie izquierdo	Se lever du pied gauche
levantarse del lado equivocado de la cama	Se lever du pied gauche
levantarse una polvareda	Poudroyer
levar anclas	Lever l’ancre
ley de la selva	Loi de la jungle
ley de los gases ideales	Loi des gaz parfaits
ley de murphy	Loi de Murphy
ley de stefan-boltzmann	Loi de Stefan-Boltzmann
ley del embudo	Deux poids, deux mesures
ley del más fuerte	Loi du plus fort
ley del silencio	Loi du silence, omerta
ley del talión	Loi du talion
ley marcial	Loi martiale
ley marco	Loi-cadre
ley mosaica	Loi mosaïque
león americano	Cougar, puma
león de montaña	Lion des montagnes, cougar
león de nemea	Lion de Némée
león marino	Otarie, otarie à crinière
león sudafricano	Lion du Transvaal
lhasa apso	Lhassa apso
liar el petate	Prendre ses cliques et ses claques
liar los bártulos	Prendre ses cliques et ses claques
liberación sexual	Libération sexuelle
libertad de asociación	Liberté d’association
libertad de culto	Liberté de religion, liberté de culte
libertad de expresión	Liberté d'expression
libertad de pensamiento	Liberté de pensée, liberté d’opinion
libertad de prensa	Liberté de la presse
libertad religiosa	Liberté de religion
libra esterlina	Livre sterling
libre albedrío	Libre arbitre
libre como un pájaro	Libre comme l’air
librero de viejo	Bouquiniste
libreta de conducir	Permis de conduire
libro de artista	Livre d’artiste
libro de rima	Dictionnaire de rimes
libro de texto	Manuel scolaire
libro de visitas	Livre d’or
libro digital	Livre numérique
libro electrónico	Livre numérique
libro mayor	Grand livre
libélula de cuatro puntos	Libellule à quatre taches
libélula de vientre plano	Libellule déprimée
libélula emperador	Anax empereur
libélula rayadora de alas manchadas	Pantale bimaculée
libélula rayadora naranja	Libellule globe-trotter, pantale flavescente, pantale globe-trotteur
libélula viuda	Libellule mélancolique
libélula zurcidora de junio	Anax de juin
libélula zurcidora verde	Anax de juin
licantropía clínica	Lycanthropie clinique
licencia de conducir	Permis de conduire
licencia de construcción	Permis de construire
licencia de manejo	Permis de conduire
licencia de pesca	Permis de pêche
licencia médica	Congé maladie
licencia por enfermedad	Arrêt maladie, congé maladie
licor café	Liqueur de café
licor de café	Liqueur de café
licor de fehling	Liqueur de Fehling
licor de vitriolo	Synonyme de ácido sulfúrico (acide sulfuri
licuadora de mano	Mixeur plongeur
liebre americana	Lièvre à raquettes, lièvre d’Amérique
liebre antílope	Lièvre antilope
liebre china	Lièvre de Chine
liebre corsa	Lièvre corse, lièvre italique
liebre criola	Lièvre de Patagonie
liebre de california	Lièvre de Californie
liebre de castroviejo	Lièvre de Castroviejo
liebre de cola blanca	Lièvre de Townsend
liebre de cola negra	Lièvre de Californie
liebre de corea	Lièvre coréen
liebre de el cabo	Lièvre du Cap
liebre de etiopía	Lièvre éthiopien
liebre de flancos blancos	Lièvre à flancs blancs
liebre de las tierras altas de etiopía	Lièvre des hauts-plateaux éthiopiens, lièvre de Starck
liebre de los matorrales	Lièvre des rochers, lièvre des buissons
liebre de manchuria	Lièvre de Mandchourie
liebre de mar	Lièvre de mer
liebre de montaña	Lièvre variable
liebre de piornal	Lièvre de Castroviejo
liebre de sabana africana	Lièvre des savanes
liebre de tehuantepec	Lièvre de Tehuantepec
liebre de tolai	Tolai, tolaï
liebre europea	Lièvre d’Europe
liebre ibérica	Lièvre ibérique
liebre india	Lièvre indien, lièvre à collier noir
liebre japonesa	Lièvre du Japon
liebre lanuda	Lièvre laineux
liebre patagónica	Lièvre de Patagonie
liebre polar	Lièvre arctique
liebre torda	Lièvre à flancs blancs
liebre ártica	Lièvre arctique
ligamento periodontal	Ligament alvéolo-dentaire
lila de agua	Potamot
lila del campo	Laurier-tin
lima boba	Citron gallet
lima de uñas	Lime à ongles
lima dulce de palestina	Limettier doux de Palestine
lima triangular	Tiers-point
limetta dulce	Limette
limoncillo cimarrón	Poivre de la Jamaïque, quatre-épices
limonera grande	Nom vernaculaire de Papilio thoas ou macha
limones negros	Citron noir
limpiar el polvo	Épousseter
limpiar la casa	Faire le ménage
limpieza criogénica	Nettoyage cryogénique
limpieza de primavera	Nettoyage de printemps
limpieza general	Nettoyage de printemps
limpieza étnica	Nettoyage ethnique
limón criollo	Citron gallet
limón de mar	Citron de mer, doris citron
limón dulce mediterráneo	Limette
limón negro	Citron noir
limón sutil	Citron gallet
lince boreal	Lynx boréal
lince de polonia	Lynx de Pologne
lince ibérico	Lynx pardelle
lince rojo	Lynx roux
lineal b	Linéaire B
lingüística comparativa	Linguistique comparative
lingüística diacrónica	Linguistique diachronique
lingüística histórica	Linguistique historique
lino azul	Lin de Narbonne
lino bienal	Lin sauvage
lino bravo	Lin sauvage
lino de narbona	Lin de Narbonne
lino pálido	Lin sauvage
linsang africano	Linsang africain
linterna de papel	Lampion
linterna frontal	Phare
lipschitz continuo	Lipschitzien
liquen de islandia	Lichen d’Islande
liquen geográfico	Lichen géographique
lira de creta	Lyre crétoise
lirio compuesto	Encensière
lirio de día	Hémérocalle
lirio de la mañana	Hémérocalle
lirio de los incas	Alstrœmère
lirio de los valles	Muguet
lirio de san juan	Hémérocalle
lirio del perú	Alstrœmère
lirio hediondo	Iris fétide
lirio japonés	Hémérocalle
liruro de abedul	Coq de bruyère, tétras
lirón balcánico	Lérotin commun
lirón careto	Lérot
lirón castaño	Muscardin
lirón enano	Muscardin
lirón gris	Loir gris
lisa dorada	Mulet doré
lista con viñetas	Liste à puces
lista de correos	Poste restante
lista de materias	Table des matières
lista de reproducción	Liste de lecture
lista de éxitos	Hit-parade
lista negra	Liste noire
literatura de tradición oral	Littérature orale
literatura gris	Littérature grise
literatura oral	Littérature orale
lividez cadavérica	Lividités cadavériques
livro blanco	Livre blanc
llagas de cristo	Capucine
llama olímpica	Flamme olympique
llamada de nota	Appel de note
llanta de refacción	Roue de secours
llantén acuático	Plantain d’eau
llantén de agua	Plantain d’eau
llantén de la india	Plantain des Indes
llantén marítimo	Plantain maritime
llanura de inundación	Lit majeur
llardoner blanco	Grenache blanc
llave allen	Clé Allen
llave con trinquete	Cliquet
llave danesa	Clé à ergot
llave de contacto	Clé de contact
llave de cruceta	Clé en croix
llave de paso	Robinet d’arrêt
llave inglesa	Clé anglaise
llave maestra	Passe-partout
llave térmica	Disjoncteur
llaves del reino	Clés du royaume
llegado el caso	Le cas échéant
llegar a final de mes	Joindre les deux bouts
llegar a ser	Devenir
llegar al grano	En venir au fait
llegar al punto	En venir au fait
llenar de fango a alguien	Traîner dans la boue
llenar de grano	Engrener
lleno a más no poder	Archicomble
lleno de lagunas	Lacunaire
llevar a cabo	Accomplir, assurer, remplir, réaliser, men
llevar a confusión	Porter à confusion
llevar a sua cruz	Porter sa croix
llevar agua al molino de	Apporter de l’eau au moulin de
llevar al rey en el cuerpo	Se croire le premier moutardier du pape
llevar de nuevo	Reprendre
llevar en carretilla	Brouetter
llevar gallo	Faire la cour
llevar la negra	Avoir la poisse, être profondément malchan
llevar las riendas	Tenir les rênes
llevar por el narigón	Mener par le bout du nez
llevar por la calle de la amargura	En faire voir
llevarse las manos a la cabeza	Se prendre la tête dans les mains
lllave de pipa	Clé à pipe
llorar a mares	Pleurer toutes les larmes de son corps, pleurer des litres, pleurer comme une Madeleine
llorar a moco tendido	Pleurer toutes les larmes de son corps
llorar como una magdalena	Pleurer comme une Madeleine
llover a chorros	Pleuvoir à verse
llover a cántaros	Pleuvoir à verse
llover a jarros	Pleuvoir à verse, pleuvoir à seaux
llover a mares	Pleuvoir à verse, pleuvoir à seaux
llover chuzos de punta	Pleuvoir des hallebardes
lluvia de ideas	Remue-méninges, brainstorming, remue-méninge
lluvia ácida	Pluie acide
lo antes posible	Dès que possible, aussitôt que possible
lo juro por mi vida	Croix de bois, croix de fer, si je mens, je vais en enfer
lo mismo	Le même
lo no dicho	Non-dit
lo nuestro	Le nôtre
lo perfecto es enemigo de lo bueno	Le mieux est l’ennemi du bien
lo prometido es deuda	Chose promise, chose due
lo que	Ce que, ce qui
lo que abunda no daña	Abondance de biens ne nuit pas
lo que el viento a juárez	L’effet d’un cautère sur une jambe de bois
lo que faltaba	Il ne manquait plus que ça
lo que no mata engorda	Ce qui ne tue pas rend plus fort
lo que sea	Quoi que ce soit, n’importe quoi
lo siento	Désolé
loaghtan manés	Loaghtan
lobero irlandés	Irish wolfhound
lobina negra	Achigan à grande bouche
lobito agreste	Amaryllis
lobito de río	Loutre à longue queue
lobito listado	Ocellé rubané
lobo colorado	Loup à crinière
lobo de crin	Loup à crinière
lobo de mar	Loup de mer, otarie à crinière
lobo de tasmania	Thylacine
lobo de tierra	Protèle
lobo de tundra	Loup de Sibérie
lobo de vancouver	Loup de Vancouver
lobo etíope	Loup d’Abyssinie, loup d’Éthiopie
lobo gris	Loup commun
lobo marino	Otarie à crinière
lobo marsupial	Thylacine
lobo rojo	Loup rouge
lobo solitario	Loup solitaire
lobo ártico	Loup arctique
loca de los gatos	Femme à chats
locomotora de vapor	Locomotive à vapeur
locomotora eléctrica	Locomotive électrique
locus cerúleo	Locus cœruleus
locus de control	Locus de contrôle
lodo bentonítico	Boue de forage
lofóforo chino	Lophophore de Lhuys
lofóforo de sclater	Lophophore de Sclater
lofóforo del himalaya	Lophophore resplendissant
logaritmo natural	Logarithme naturel
logaritmo neperiano	Logarithme népérien
logros sociales	Acquis sociaux
loica cejiblanca	Sturnelle à sourcils blancs
loica común	Sturnelle australe
loica pampeana	Sturnelle des pampas
loica pechirroja	Sturnelle militaire
loica peruana	Sturnelle du Pérou
lombriz de tierra	Lombric, ver de terre
lombriz solitaria	Ver solitaire
lomo embuchado	Muscle ilio-psoas de porc, appelé aussi fi
longitud de onda	Longueur d'onde
longitud de planck	Longueur de Planck
lora amazónica	Amazone aourou
lora andina	Amazone mercenaire
lora colicorta	Caïque à queue courte
lora coroniblanca	Pione à couronne blanche
lorem ipsum	Faux-texte, lorem ipsum
lori acollarado	Lori à collier jaune
lori adornado	Loriquet orné
lori alinegro	Lori à joues bleues
lori almizclero	Lori à bandeau rouge
lori arcoiris	Loriquet arc-en-ciel
lori barbirrojo	Lori à menton rouge
lori bigotudo	Lori bridé
lori cardenal	Lori cardinal
lori carirrojo	Lori à masque rouge
lori chispeado	Lori flamméché
lori coronipúrpura	Lori à couronne pourpre
lori cuellirrojo	Loriquet à col rouge
lori damisela	Lori des dames
lori de biak	Loriquet de Biak
lori de buru	Lori de Buru
lori de cocotero	Loriquet à tête bleue
lori de flores	Loriquet de Weber
lori de goldie	Loriquet de Goldie
lori de josefina	Lori de Josephine
lori de las sangihe	Lori arlequin
lori de las tanimbar	Lori réticulé
lori de margarita	Lori de Margaret
lori de meek	Lori de Meek
lori de mindanao	Loriquet de Johnstone
lori de ponapé	Loriquet de Ponapé
lori de rimatara	Lori de Kuhl
lori de samoa	Lori fringillaire
lori de seram	Lori masqué
lori de stephen	Lori de Stephen
lori diadema	Lori à diadème
lori embridado	Loriquet harnaché
lori escamoso	Lori écaillé
lori escuamiverde	Loriquet vert
lori estriado	Lori strié
lori flanquirrojo	Lori coquet
lori frentirrojo	Lori à front rouge
lori gorjirrojo	Lori à gorge rouge
lori gárrulo	Lori noira
lori humilde	Loriquet eutèle
lori iris	Loriquet iris
lori lindo	Lori féerique
lori monjita	Lori nonnette
lori montano chico	Lori émeraude
lori montano grande	Lori de Musschenbroek
lori negro	Lori noir
lori nuquiblanco	Lori à nuque blanche
lori palmero	Lori des palmiers
lori pardo	Lori de Duyvenbode
lori pechiescarlata	Loriquet de Forsten
lori pigmeo	Lori de Wilhelmina
lori rabilargo	Lori papou
lori rojo	Lori écarlate
lori solitario	Lori des Fidji
lori sombrío	Lori sombre
lori tricolor	Lori tricolore
lori ultramar	Lori ultramarin
lori ventrivinoso	Lori à ventre violet
lori verdigualdo	Loriquet jaune et vert
lori versicolor	Loriquet versicolore
lorito acollarado	Perruche à col bleu
lorito alinegro	Caïque à ailes noires
lorito amazonino	Caïque à face rousse
lorito cabecigualdo	Caïque de Bonaparte
lorito cabecipardo	Perroquet à tête brune
lorito caica	Caïque à tête noire
lorito calvo	Caïque chauve
lorito carigualdo	Perroquet à face jaune
lorito carinaranja	Caïque de Barraband
lorito carirrojo	Perruche de Geoffroy
lorito carirrosado	Caïque à joues roses
lorito chirlecrés	Caïque maïpourri
lorito colicorto	Caïque à queue courte
lorito de desmarest	Psittacule de Desmarest
lorito de edwards	Psittacule d’Edwards
lorito de fuertes	Caïque de Fuertes
lorito de meyer	Perroquet de Meyer
lorito de rüppell	Perroquet de Rüppell
lorito de salvadori	Psittacule de Salvadori
lorito dobleojo	Psittacule double-œil
lorito dorsiazul	Perruche à croupion bleu
lorito ecuatoriano	Caïque de Salvin
lorito encapuchado	Caïque à capuchon
lorito frentirrojo	Perroquet à calotte rouge
lorito guayabero	Guaiabero lunulé, psittacule lunulé
lorito heteróclito	Perruche hétéroclite
lorito momoto	Palette
lorito momoto amarillento	Palette de Cassin
lorito momoto coroniazul	Palette à couronne bleue
lorito momoto de buru	Palette de Buru
lorito momoto de las sulu	Palette des Sulu
lorito momoto de luzón	Palette verte
lorito momoto de mindanao	Palette de Mindanao
lorito momoto de palawan	Palette de Palawan
lorito momoto dorsidorado	Palette à manteau d’or
lorito momoto montano	Palette momot
lorito nianiam	Perroquet des Niam-niams
lorito pechinaranja	Psittacule à poitrine orange
lorito pileado	Caïque mitré
lorito robusto	Perroquet robuste
lorito rubio	Caïque à ventre blanc
lorito senegalés	Perroquet youyou
lorito tigre de brehm	Perruche de Brehm
lorito tigre de madarasz	Perruche de Madarasz
lorito tigre modesto	Perruche modeste
lorito ventrirrojo	Perroquet à ventre rouge
lorito vulturino	Caïque vautourin
lorito-tigre pintado	Perruche peinte
loro aguileño	Psittrichas de Pesquet
loro alibronceado	Pione noire
loro barranquero	Conure de Patagonie
loro cabeciazul	Pione à tête bleue
loro cabeza amarilla	Amazone à tête jaune
loro cacique	Papegeai maillé
loro cariamarillo	Amazone à face jaune, amazone à lores rouges
loro choclero	Pione de Maximilien
loro choroy	Conure à long bec
loro coroniblanco	Pione à couronne blanche
loro de buru	Perruche de Buru
loro de cabeza roja	Conure à tête rouge
loro de müller	Perruche de Müller
loro de pesquet	Psittrichas de Pesquet
loro de seychelles	Vaza des Seychelles
loro ecléctico	Éclecte, éclectus
loro frente blanca	Amazone à front blanc
loro gris	Perroquet jaco
loro guaro	Amazone aourou
loro morado	Pione violette
loro negro	Vaza noir
loro nuca amarilla	Amazone à nuque d’or
loro nuquiazul	Perruche de Luçon
loro palencano	Amazone à lores rouges
loro picogordo	Perruche à bec de sang
loro piquirrojo	Pione à bec rouge
loro senil	Pione à couronne blanche
loro seniloide	Pione givrée
loro tumultuoso	Pione pailletée
loro vasa	Grand vaza
loro ventriazul	Crick à ventre bleu
loro verde	Amazone mercenaire
loro vináceo	Amazone vineuse
loro yaco	Perroquet jaco
lorículo amable	Coryllis des Moluques
lorículo coroniazul	Coryllis à tête bleue
lorículo de camiguin	Coryllis de Camiguin
lorículo de ceilán	Coryllis de Ceylan
lorículo de célebes	Coryllis des Célèbes
lorículo de flores	Coryllis de Wallace
lorículo de java	Coryllis à gorge jaune
lorículo de la sangihe	Coryllis des Sangir
lorículo de las bismarck	Coryllis des Bismarck
lorículo de las sula	Coryllis des Sula
lorículo exiguo	Coryllis vert
lorículo filipino	Coryllis des Philippines
lorículo papú	Coryllis à front orange
lorículo vernal	Coryllis vernal
los caminos del señor son inescrutables	Les voies de Dieu sont impénétrables
los cuales	Lequel
los míos	Les miens
los negocios son los negocios	Les affaires sont les affaires
los nuestros	Les nôtres
los prójimos	Autrui
los siete días de la semana	Sept jours sur sept
los siglos de los siglos	Les siècles des siècles
los suyos	Les leurs, les siens
los tuyos	Les tiens
los vuestros	Les vôtres
loto americano	Lotus jaune
loto corniculado	Lotier corniculé
loto egipcio blanco	Lotus tigré
loto indio	Lotus sacré
loto sagrado	Lotus sacré
loto tigre	Lotus tigré
lubina negra	Achigan à grande bouche
lubricante íntimo	Gel lubrifiant
lucero del alba	Étoile du matin
luces altas	Feu de route
lucha biológica	Lutte biologique
lucha de clases	Lutte des classes
lucha grecorromana	Lutte gréco-romaine
lucha libre	Catch
lucha social	Lutte sociale
luchador del siam	Combattant
luche verde	Laitue de mer
lucio europeo	Grand brochet
luego de	Au bout de
lugar común	Stéréotype
lugar de culto	Lieu de culte
lugar de trabajo	Lieu de travail
lugar negro	Site noir
lugar perdido	Trou perdu
lujo silencioso	Luxe discret
lumen segundo	Lumen-seconde
luminosidad solar	Luminosité solaire
luna de miel	Lune de miel
luna extrasolar	Exolune
luna llena	Pleine lune
luna negra	Lune noire
luna nueva	Nouvelle lune
lunares de piata	Grand nacré
lunes de pascua	Lundi de Pâques
lunes santo	Lundi saint
lupus eritematoso	Lupus érythémateux
luz blanca	Lumière blanche
luz cenicienta	Clair de Terre
luz de bengala	Feu de bengale
luz de cruce	Feu de croisement
luz de gas	Gaslighting
luz de giro	Clignotant
luz de la luna	Clair de lune
luz de navegación	Feu de position
luz de posición	Feu de position
luz de wood	Lumière de Wood
luz delantera	Phare
luz giratoria	Gyrophare
luz visible	Lumière visible
luz zodiacal	Lumière zodiacale
lágrima de job	Coix
lágrimas de cocodrilo	Larmes de crocodile
lágrimas de cupido	Plante corail
lámpara de aceite	Lampe à huile
lámpara de hendidura	Lampe à fente
lámpara de mesita de noche	Lampe de chevet
lámpara de petróleo	Lampe à pétrole
lámpara de vapor de mercurio	Lampe à vapeur de mercure
lámpara de wood	Lampe de Wood
lámpara led	Lampe à diode électroluminescente, lampe à
lápiz de carbón	Crayon
lápiz de color	Crayon de couleur
lápiz de pasta	Stylo à bille
lápiz pastel	Pastel
líder asegurador	Apériteur
límite convencional de elasticidad	Limite conventionnelle d’élasticité
límite de explosividad	Limite d’explosivité
límite de hayflick	Limite de Hayflick
límma pitagórico	Limma pythagoricien
línea alba	Ligne blanche
línea de alta tensión	Ligne à haute tension
línea de alto voltaje	Ligne à haute tension
línea de comandos	Ligne de commande
línea de entrada	File de travaux
línea de flotación	Ligne de flottaison
línea de fuego	Première ligne
línea de medición	Ligne de mensuration
línea de pobreza	Seuil de pauvreté
línea de puntos	Pointillé
línea divisoria	Ligne de partage des eaux
línea ecuatorial	Équateur
línea ferroviaria	Ligne de chemin de fer
línea fija	Ligne fixe
línea recta	Droite, ligne droite
línea telefónica	Ligne téléphonique
línea verde	Ligne verte
líquenes perrunos	Peltigère
líquido amniótico	Liquide amniotique
líquido cefalorraquídeo	Liquide cérébro-spinal
lóbulo frontal	Lobe frontal
lógica formal	Logique mathématique, logique formelle
machacando se aprende el oficio	C’est en forgeant que l’on devient forgeron, c’est en forgeant qu’on devient forgeron
madera de iroko	Iroko
madera de panamá	Bois de Panama
madre biológica	Mère biologique
madre de alquiler	Femme porteuse, mère porteuse
madre de cacao	Gliricidie du Mexique; Gliricidie tachetée
madre fuerte	Mère courage
madre patria	Mère patrie
madre valiente	Mère courage
maestro chasquilla	Touche-à-tout, homme à tout faire
maestro de capilla	Maître de chapelle
maestro de esgrima	Maître d’armes
maestro limpio	Monsieur Propre
maestro mayor de obras	Maîtrise d’œuvre
magarza hedionda	Anthémis fétide
magnetón de bohr	Magnéton de Bohr
magnitud aparente	Magnitude apparente
magnitud de estado	Grandeur d’état
magnitud de proceso	Grandeur de processus
magnitud física	Grandeur
magnolia tulípera	Magnolia de Soulange
magra consolación	Maigre consolation
maguey de costa	Nom vernaculaire de Agave antillarum plant
maillot amarillo	Maillot jaune
maine coon	Maine coon
maiz chapalote	Maïs perlé
maiz de palomitas	Maïs perlé
maiz palomero	Maïs perlé
maiz reventon	Maïs perlé
mal de alzheimer	Synonyme de enfermedad de Alzheimer (malad
mal de amores	Déprime amoureuse
mal de montaña	Mal des montagnes
mal de ojo	Mauvais œil
mal francés	Syphilis
mal humor	Mauvaise humeur
mal menor	Pis-aller
mal perdedor	Mauvais perdant
mal que bien	Tant bien que mal
mal tiempo	Mauvais temps
mal vestido	Débraillé
mala fe	Mauvaise foi
mala hierba	Mauvaise herbe
mala leche	Mauvaise humeur, mauvais poil; Malhonnête, mauvaise intention
mala pasada	Tour, action néfaste
mala pata	Guigne
mala suerte	Guigne, mauvaise chance, mauvais sort
mala vida	Vie difficile, pleine de tourments; Vie de débauche
malcarado de parin	Dirette de Parin
malcarado plateado	Dirette argentée
malditamente bendecir	bénir très mal : c’est-à-dire dire le bien
malformación congénita	Malformation congénitale
maltrato animal	Maltraitance animale
maltrato emocional	Violence psychologique
maltrato psicológico	Violence psychologique
maluro amable	Mérion ravissant
maluro coronado	Mérion couronné
maluro coronirrufo	Queue-de-gaze à calotte rousse
maluro de alas blancas	Mérion leucoptère
maluro de hombros blancos	Mérion à épaulettes
maluro de wallace	Mérion de Wallace
maluro del mallee	Queue-de-gaze du mallee
maluro dorsirrojo	Mérion à dos rouge
maluro elegante	Mérion élégant
maluro espléndido	Mérion splendide
maluro meridional	Queue-de-gaze du Sud
maluro pechiazul	Mérion à gorge bleue
maluro soberbio	Mérion superbe
maluro variegado	Mérion de Lambert
malva común	Mauve sylvestre
malva real	Rose trémière
malva rosa de cuba	Rose de Chine
malvasía cabeciblanca	Érismature à tête blanche
malvavisco rizado	Lavatère d’Hyères
mamba común	Mamba vert de l’est
mamba negra	Mamba noir
mamba verde de áfrica occidental	Mamba vert de l’ouest
mamba verde occidental	Mamba vert de l’ouest
mamba verde oriental	Mamba vert de l’est
mamey amarillo	Abricotier des Antilles
mamey zapote	Sapotier
manaquín cabeza roja	Manakin à cuisses jaunes
manaquín cuello blanco	Manakin à col blanc
manatí africano	Lamantin d’Afrique
manatí amazónico	Lamantin d’Amazonie
mancha de nacimiento	Tache de vin, tache de naissance
mancha leonada	Céphale
mancha mongólica	Tache bleue, tache mongole, tache bleue mongoloïde
mancha solar	Tache solaire
manchester terrier	Manchester terrier
mandamiento de detención	Mandat d’amener
mandar a paseo	Envoyer promener
mandar a tomar por culo	Aller se faire foutre ; se faire congédier
mandato imperativo	Mandat impératif
mando a distancia	Télécommande (boîtier à boutons permettant
mandrágora común	Mandragore officinale
mandufia de río	Alose-écaille fluviale
manduvé cucharon	Silure-spatule, poisson osseux d’eau douce
manera de ver las cosas	Tournure d’esprit
manga de agua	Trombe tornadique, trombe mésocyclonique
mangabeye ágil	Cercocèbe agile
mango ciruelo	Mombin
mango del esternón	Manubrium
mangosta amarilla	Mangouste jaune
mangosta de cola gruesa	Mangouste jaune
maniaco depresiva	Maniaco-dépressive
maniaco depresivo	Maniaco-dépressif
manjar blanco	Blanc-manger
mano a mano	Main dans la main, mano à mano
mano de dios	Main de Dieu
mano de fátima	Main de Fatima
mano de obra	Main-d'œuvre
mano derecha	Main droite
mano invisible	Main invisible
mano invisible del mercado	Main invisible du marché
manso como un cordero	Doux comme un agneau
manta ignífuga	Couverture antifeu
manteca de cerdo	Saindoux
manteca de coco	Huile de coco
mantelado en curva	Chapé-ployé
mantelados en jefe	Mantelé renversé
mantelados en punta	Mantelé
mantener a raya	Tenir en respect
mantener el rumbo	Garder le cap
mantener el tipo	Tenir bon
mantener la boca cerrada	Tenir sa langue
mantener la cabeza fría	Garder la tête froide
mantener la calma	Garder la tête froide
mantener las apariencias	Sauver les apparences
mantener los ojos abiertos	Sur le qui-vive
mantener un perfil bajo	Faire profil bas
mantenerse firme	Tenir le coup
mantequilla de cacahuete	Beurre de cacahouète, beurre de cacahuète,
mantequilla de maní	Beurre de cacahouète
mantis religiosa	Mante religieuse, mante, cheval du diable
manu militari	Manu militari
manual gráfico	Charte graphique
manzana de adán	Pomme d’Adam
manzana de agua	Jambosier rouge
manzana de la discordia	Pomme de discorde
manzana rosa	Jambosier
manzanilla de burro	Anthémis fétide
manzanilla de castilla	Camomille
manzanilla de la muerte	Mancenillier, mancenille
manzanilla hedionda	Anthémis fétide
manzanilla loca	Anthémis fétide
manzanilla yesquera	Phagnalon des rochers
manzano de sodoma	Pommier de Sodome
maníaco depresiva	Maniaco-dépressive
maníaco depresivo	Maniaco-dépressif
mapa geológico	Carte géologique
maquinaria agrícola	Machinisme agricole
maquinaria de construcción	Engin de chantier
mar adentro	Offshore
mar báltico	Mer Baltique
mar de fondo	Lame de fond, houle
mar del norte	Mer du Nord
mar en calma	Mer d’huile
mar mediterráneo	Mer Méditerranée
mar negro	Mer Noire
mar rojo	Mer Rouge
mar tranquilo	Mer d’huile
marabú argala	Marabout argala
maracaná cara afeitada	Ara d’Illiger
maracaná de cabeza azul	Ara de Coulon
maracaná de cuello dorado	Ara à collier jaune
maracaná grande	Ara vert
maracaná lomo rojo	Ara d’Illiger
maravilla silvestre	Souci des champs
marca blanca	Marque blanche
marca de comercio	Marque commerciale
marca registrada	Marque commerciale
marcar el compás	Battre la mesure
marcar el ritmo	Battre la mesure
marcha militar	Marche militaire
marcha nupcial	Marche nuptiale
marchar de cabeza	Être sur les dents
marchitamiento fúngico	Fonte des semis
marco alemán	Mark allemand
marea alta	Marée haute
marea baja	Marée basse
marea negra	Marée noire
marea roja	Marée rouge
marear la perdiz	Faire lambiner, faire perdre son temps, fa
marejada ciclónica	Onde de tempête
mareo por realidad virtual	Cybercinétose
mareo por rv	Cybercinétose
margarita annual	Pâquerette annuelle
margarita común	Pâquerette vivace
margarita silvestre	Pâquerette des bois, pâquerette; Aster
margen de acción	Marge de manœuvre
margen de maniobra	Marge de manœuvre
mari de las praderas	Mari des prairies
marico triste	Homosexuel masculin refoulé; Personne ne sachant pas quoi faire de sa v
marina de guerra	Flotte, marine militaire
marino de agua dulce	Marin d’eau douce
mariposa atlas	Atlas, bombyx atlas
mariposa aurora	Aurore, piéride du cresson, Anthocharis ca
mariposa de cola dorada	Cul-brun
mariposa de la col	Piéride du chou, papillon blanc, Pieris br
mariposa de la muerte	Sphinx tête de mort
mariposa del abedul	Phalène du bouleau
mariposa emperador	Agrippine, ver mopane
mariposa gusano de seda	Bombyx
mariposa luna	Papillon lune
mariposa luna de la india	Papillon lune chinois
mariposa manto de oro	Cuivré de la verge-d’or
mariposa monarca	Grand monarque
mariposa musgosa	Aurore, piéride du cresson, Anthocharis ca
mariposa nocturna	Papillon de nuit
mariposa pavo real	Paon du jour
mariposa rosada del arce	Anisote de l’érable
mariposa tigre	Petit monarque
mariquita asiática multicolor	Coccinelle asiatique
marketing en linea	Cybermarketing
marketing por internet	Cybermarketing
marlín del mediterráneo	Marlin commun
marmita de gigante	Marmite de géant
marmosa elegante	Opossum-souris élégant
marmosa grande baya	Opossum-souris bai (Marmosa constantiae O.
marmota alpina	Marmotte des Alpes
marmota bobac	Marmotte des steppes
marmota canadiense	Marmotte américaine
mars frito	Mars frit
marsopa común	Marsouin commun
marsopa de anteojos	Marsouin à lunettes
marsopa de dall	Marsouin de Dall
marsopa de puerto	Marsouin commun
marsopa espinosa	Marsouin de Burmeister
marsopa lisa	Marsouin aptère
marsopa negra	Marsouin de Burmeister, marsouin aptère
marsopa sin aleta	Marsouin aptère
marta cibelina	Zibeline
marta zebelina	Martre-zibeline
martes de carnaval	Mardi gras, Mardi-gras, mardi gras
martes santo	Mardi saint
martillo de guerra	Marteau d’armes
martillo mecánico	Marteau-piqueur
martillo neumático	Marteau-piqueur
martillo pilón	Marteau-pilon
martinete común	Bihoreau gris
martín gigante norteamericano	Martin-pêcheur d’Amérique
martín pescador	Martin-pêcheur
martín pescador común	Martin-pêcheur d’Europe
marxismo cultural	Marxisme culturel
marxismo-leninismo-maoísmo pensamiento gonzalo principalmente pensamiento gonzalo	Marxisme-léninisme-maoïsme pensée Gonzalo principalement pensée Gonzalo
marxismo-leninismo-maoísmo-pensamiento gonzalo	Marxisme-léninisme-maoïsme pensée Gonzalo
mas aun cuando	D’autant plus que
mas feo que un pecado	Laid comme le péché, laid comme un péché mortel, laid comme les sept péchés capitaux
mas o menos	Grosso-modo, peu ou prou, couci-couça
masa atómica	Masse atomique
masa crítica	Masse critique
masa del cacao	Pâte de cacao
masa en reposo	Masse au repos, masse propre
masa madre	Levain
masa molar	Masse molaire
masa molecular	Masse moléculaire
masa muscular	Masse musculaire
masa patrimonial	Masse bilantaire
masa puntual	Masse ponctuelle
mascara del zorro	Masque de Zorro
mascarón de proa	Figure de proue
masculinidad tóxica	Masculinité toxique
masilla para injertos	Mastic à greffer
mastuerzo de indias	Capucine
mastuerzo de prados	Cardamine pratensis, la cardamine des prés
mastín de los pirineos	Mâtin des Pyrénées
mastín inglés	Mastiff
mastín leonés	Mâtin espagnol
mastín napolitano	Mâtin napolitain
mata de galería	Ripisylve
matalote blanco	Meunier noir, poisson d’eau douce d’Amériq
matalote de río	Couette ou brème d’Amérique, poisson d’eau
matar de hambre a la bestia	Dégraisser le mammouth
matar dos pájaros de un tiro	Faire d’une pierre deux coups
matarse unos a otros	Entretuer
mate del pasillo	Mat du couloir
mate del tubo	Mat du couloir
matemáticas puras	Mathématiques pures
materia extraña	Matière étrange
materia fecal	Matière fécale
materia orgánica	Matière organique
materia oscura	Matière noire
materia prima	Matière première
materia seca	Matière sèche
material biocompatible	Biomatériau
material de construcción	Matériau de construction
material fotocrómico	Photochrome
maternidad subrogada	Gestation pour autrui
matilla cañamera	Guimauve à feuilles de cannabis
matrimonio arreglado	Mariage arrangé
matrimonio concertado	Mariage arrangé
matrimonio de conveniencia	Mariage blanc
matrimonio igualitario	Mariage pour tous
matrimonio mixto	Mariage mixte
matrimonio rato	Mariage blanc
matriz cuadrada	Matrice carrée
matriz de adyacencia	Matrice d’adjacence
matriz de rejilla de bolas	Matrice de billes
matriz diagonal	Matrice diagonale
matriz extracelular	Matrice extracellulaire
matriz hessiana	Matrice hessienne
matriz identidad	Matrice identité
matriz ortonormal	Matrice orthonormée
matriz traspuesta	Matrice transposée
mau egipcio	Mau égyptien
maxilar superior	Maxillaire supérieur, os maxillaire
maya yucateco	Maya yucatèque
mayor de edad	Majeur
mayoría absoluta	Majorité absolue
maza de armas	Masse d’armes
mazateco de eloxochitlán	Mazatèque d’Eloxochitlán
mazateco de san bartolomé ayautla	Mazatèque de San Bartolomé Ayautla
mazel tov	Mazel tov
maíz amarillo	Maïs corné
maíz amiláceo	Maïs tendre
maíz azul	Maïs bleu
maíz diente de cabllo	Maïs denté
maíz dulce	Maïs doux
maíz morocho	Maïs corné
maíz negro	Millet à chandelle, millet perlé
mañana es otro día	À chaque jour suffit sa peine
mañana pasado	Après-demain
mañana por la mañana	Demain matin
mañana será otro día	Demain est un autre jour
me cago en dios	Interjection exprimant la colère, l’irrita
me cago en la hostia	Interjection exprimant la colère, l’irrita
me cago en la leche	Interjection exprimant la colère, l’irrita
me cago en la leche que mamaste	Interjection adressée à quelqu'un afin de
me cago en la leche que te han dado	Interjection adressée à quelqu'un afin de
me cago en la mierda	Interjection exprimant la colère, l’irrita
me cago en la puta madre que te parió	Interjection adressée à quelqu’un afin de
me cago en tu cara	Interjection adressée à quelqu'un afin de
me cago en tus muertos	Interjection adressée à quelqu’un afin de
me da en los cojones	Ça me gonfle, ça me fait chier, ça me cass
me da igual	Ça m’est égal
me gusta	Like, j’aime
me importa un rábano	S’en ficher
me la suda	Cela m’en touche une sans faire bouger l’autre
me sorprendes	Tu m’étonnes
me vale un comino	Je t’en foutrais
mea culpa	Mea culpa
meandro abandonado	Méandre abandonné
mearse de risa	Pisser de rire
meato uretral	Méat urétral
mecanismo limitador de velocidad	Limiteur de vitesse
mecánica cuántica	Mécanique quantique
mecánica ondulatoria	Mécanique ondulatoire
medalla de bronce	Médaille de bronze
medalla de oro	Médaille d’or
medalla de plata	Médaille d’argent
media armónica	Moyenne harmonique
media docena	Demi-douzaine
media figura	Demi-figure
media hora	Demi-heure
media naranja	Âme sœur; Cupule
media panty	Collants
media vuelta	Demi-tour
mediación familiar	Médiation familiale
medias de malla	Bas résille
medias de rejilla	Bas résille
medicamento huérfano	Médicament orphelin
medicia legal	Médecine légale
medicina del trabajo	Médecine du travail
medida del cuello	Tour de cou
medidor de decibelios	Sonomètre
medio ambiente	Environnement (milieu naturel)
medio de apertura	Demi d’ouverture
medio de comunicación	Moyen de communication
medio de contraste	Produit de contraste
medio de playa	Playa
medio de transporte	Moyen de transport
medio de vida	Moyen de subsistance
medio florín	Demi-florin
medio melé	Demi de mêlée
medio scrum	Demi de mêlée
medioluto ibérica	Échiquier de l’Ibérie
medioluto norteña	Demi-deuil
medir el terreno	Tâter le terrain
mega aserradero	Mégascierie
megaconstelación de satélites	Mégaconstellation de satellites
mejillón cebra	Moule zébrée
mejillón mediterráneo	Moule de Méditerranée
mejor postor	Plus offrant
mejor solo que mal acompañado	Mieux vaut être seul que mal accompagné
mela appiola	Pomme d’api
melaza de abedul	Sirop de bouleau
membrana celular	Membrane cellulaire
membrana endoplasmática	Membrane cytoplasmique
membrana mucosa	Muqueuse
membrana plasmática	Membrane cytoplasmique
memento quia pulvis es	Memento quia pulvis es
memoria absoluta	Mémoire absolue
memoria autobiográfica	Mémoire autobiographique
memoria caché	Cache, mémoire cache
memoria colectiva	Mémoire collective
memoria de elefante	Mémoire d’éléphant
memoria declarativa	Mémoire déclarative
memoria dinámica de acceso aleatorio	Mémoire vive dynamique
memoria eidética	Mémoire eidétique
memoria flash	Mémoire flash
memoria fotográfica	Mémoire photographique, mémoire eidétique
memoria holográfica	Mémoire holographique
memoria inmunitaria	Mémoire immunologique
memoria inmunológica	Mémoire immunologique
memoria olfativa	Mémoire olfactive
memoria ram	Barrette
memoria semántica	Mémoire sémantique
memoria traumática	Mémoire traumatique
memoria usb	Clé USB
memoria virtual	Mémoire virtuelle
memorial a la guerra	Monument aux morts
menor de edad	Mineur
menos y menos	De moins en moins
mensaje de aliento	Message d’encouragement
mensaje de texto	Texto
mensaje en una botella	Bouteille jetée à la mer
mensaje subliminal	Message subliminal, information (image, so
mensajera de belleza alemana	Pigeon de beauté allemand
menta de caballo	Menthe sylvestre
menta romana	Menthe verte
mente sana en cuerpo sano	Un esprit sain dans un corps sain
mentir como un bellaco	Mentir comme un arracheur de dents
mentira blanca	Mensonge blanc, pieux mensonge
mentira oficiosa	Mensonge officieux
mentira piadosa	Pieux mensonge
mera tenencia	Détention
mercado de futuros	Bourse de commerce
mercado laboral	Marché du travail
mercado negro	Marché noir, contrebande
mercancías pesadas	Pondéreux
merey del diablo	Aki (fruit)
mergansa de pico largo	Harle huppé
meridiano de greenwich	Méridien de Greenwich
mero de roca	Cernier commun
mero jorobado	Panthère de mer
mesa de camping	Table de camping
mesa de noche	Table de chevet
mesa de trabajo	Plan de travail
mesa de té	Table à thé
mesa electoral	Bureau de vote
mesa giratoria	Plaque tournante
mesa redonda	Table ronde
mesita de luz	Table de chevet
metal alcalino	Métal alcalin
metal alcalinotérreo	Métal alcalino-terreux
metal campanil	Métal de cloche, métal campanaire
metal de transición	Métal de transition
metal desplegado	Métal déployé
metal nativo	Métal natif
metal noble	Métal noble
metal sinfónico	Metal symphonique
metedura de pata	Bourde, gaffe, étourderie, action maladroi
meter baza	Fouiner, se mêler, être indiscret
meter el dedo en la llaga	Mettre le doigt sur la plaie
meter el pico en el ojo	Entuber, niquer, la mettre bien profond (d
meter en el mismo saco	Mettre dans le même sac
meter en tarros	Empoter
meter en tiestos	Empoter
meter la pata	Mettre les pieds dans le plat, commettre u
meter la pata hasta el corvejón	Se mettre le doigt dans l’œil
meterse en la boca del lobo	Se jeter dans la gueule du loup
metida de pata	Bourde
metro cuadrado	Mètre carré
metro cúbico	Mètre cube
metro plegable	Mètre pliant
metro por segundo	Mètre par seconde
metro por segundo al cuadrado	Mètre par seconde carrée
metérsele en la cabeza	Se mettre dans la tête
mezcla gruesa	Crépi
meñique del pie	Petit orteil
miao luobohe	Miao de Luobohe
miao xijia	Miao de Luobohe
miao ximahe	Miao de Luobohe
microlente gravitacional	Microlentille gravitationnelle
microlente gravitatoria	Microlentille gravitationnelle
microloro de finsch	Micropsitte de Finsch
microloro de geelvink	Micropsitte de Geelvink
microloro de las kai	Micropsitte pygmée
microloro de meek	Micropsitte de Meek
microloro pechirrojo	Micropsitte de Bruijn
microloro pusio	Micropsitte à tête fauve
microscopio cuántico	Microscope à effet tunnel
microscopio de luz polarizada	Microscope polarisant
microscopio petrográfico	Microscope polarisant
microscopio polarizador	Microscope polarisant
miedo escénico	Trac
miel en panal	Miel au couteau, miel en rayon, miel en brèche
mielero adornado	Méliphage orné
mielero ahumado	Méliphage enfumé
mielero alifuego	Méliphage à croissants
mielero alirrufo	Méliphage à gouttelettes
mielero amarillento	Méliphage flavescent
mielero barrado	Méliphage barré
mielero bulbul	Méliphage ocré
mielero cabecigrís	Méliphage à tête grise
mielero cantarín	Méliphage chanteur
mielero cariazul	Méliphage à oreillons bleus
mielero cariblanco	Méliphage fardé
mielero carigualdo	Méliphage à joues d’or
mielero carinaranja	Méliphage des Maoke
mielero carunculado	Méliphage barbe-rouge
mielero carunculado de taveuni	Méliphage de Taveuni
mielero carunculado de viti levu	Méliphage d’Ovalau
mielero cejinegro	Méliphage à sourcils noirs
mielero chico de célebes	Méliphage des Célèbes
mielero chillón	Méliphage bruyant
mielero coronado	Méliphage à calotte fauve
mielero cuelligualdo	Méliphage à gorge jaune
mielero cuervo	Méliphage toulou
mielero de boqueras	Méliphage grimé
mielero de carlota	Méliphage de Carol
mielero de cockerell	Méliphage de Cockerell
mielero de garganta amarilla	Méliphage à gorge jaune
mielero de guadalcanal	Méliphage de Guadalcanal
mielero de hindwood	Méliphage de Hindwood
mielero de la kandavu	Méliphage de Kadavu
mielero de las arfak	Méliphage à ventre tacheté
mielero de macgregor	Méliphage de MacGregor
mielero de macleay	Méliphage de Macleay
mielero de manglar	Méliphage des mangroves
mielero de nueva holanda	Méliphage de Nouvelle-Hollande
mielero de plumón	Méliphage à plumet noir
mielero de san cristóbal	Méliphage de San Cristobal
mielero embridado	Méliphage bridé
mielero empenachado	Méliphage serti
mielero foulehaio	Méliphage foulehaio
mielero frentiblanco	Méliphage à front blanc
mielero fusco	Méliphage grisâtre
mielero gigante	Méliphage vert
mielero golicanelo	Méliphage à bavette
mielero goligualdo	Méliphage à cou jaune
mielero golirrufo	Méliphage à gorge rousse
mielero grande de célebes	Méliphage à points
mielero jaspeado	Méliphage marbré
mielero lanceolado	Méliphage lancéolé
mielero lunulado	Méliphage mineur
mielero manchado	Méliphage moucheté
mielero mao	Méliphage mao
mielero maorí	Méliphage carillonneur
mielero modesto	Méliphage modeste
mielero ojigualdo	Méliphage cornu
mielero orejiblanco	Méliphage leucotique
mielero orejinegro	Méliphage à oreillons noirs
mielero pechibarrado	Méliphage fascié
mielero pechirrufo	Méliphage à gorge blanche
mielero pintado	Méliphage peint
mielero piquilargo	Méliphage à long bec
mielero pío	Méliphage varié
mielero regente	Méliphage régent
mielero tui	Méliphage tui
mielero ventriamarillo	Méliphage à pendeloques
mielero versicolor	Méliphage versicolore
mielga de discos	Luzerne orbiculaire
miembro de honor	Membre d’honneur
miembro inferior	Membre inférieur
miembro superior	Membre supérieur
mientras que	tandis que
mientras tanto	Pendant ce temps, cependant, entre-temps
migas del pastor	Plat traditionnel des bergers espagnols co
mijo candela	Millet perle
mijo común	Millet commun
mijo fonio	Fonio blanc
mijo major	Millet commun
mijo menor	Millet des oiseaux
mijo negro	Millet à chandelle, millet perlé
mijo perla	Millet perle
mil gracias	Mille mercis
mil hojas de agua	Cératophylle immergé
mil miliones	Milliard
mil millones	Milliard
milano de pecho negro	Milan à plastron
milano indio	Milan sacré
milano negro	Milan noir
milano real	Milan royal
milano silbador	Milan siffleur
milenrama de agua	Myriophylle
milla náutica	Mille nautique
milímetro de mercurio	Millimètre de mercure
mimbre púrpura	Saule pourpre
mimbrera púrpura	Saule pourpre
mimetismo de hormigas	Myrmécomorphisme
mimosa plateada	Mimosa blanchissant ou (Acacia dealbata
min dong	Min dong
min nan	Minnan
mina antipersonal	Mine antipersonnel
mineral accesorio	Minéral accessoire
minería de datos	Data mining, exploration de données
minke antártico	Petit rorqual de l’Antarctique
minoría de bloqueo	Minorité de blocage
miocito uterino	Myomètre
mira el pajarito	Le petit oiseau va sortir
mirada masculina	Male gaze
mirla cabecinegra	Merle à froc noir
mirla cacao	Merle cacao
mirla patinaranja	Merle géant
mirlo acollarado	Merle à collier blanc
mirlo acuático	Cincle
mirlo acuático europeo	Cincle plongeur
mirlo americano	Merle d’Amérique
mirlo capiblanco	Merle à plastron
mirlo chiguanco	Merle chiguanco
mirlo collarizo	Merle à plastron
mirlo común	Merle noir
mirlo de pecho café	Merle à col roux
mirlo ecuatoriano	Merle d’Équateur
mirlo gorgiblanco	Merle à gorge blanche
mirlo guatemalteco	Merle enfumé
mirlo negro	Merle enfumé
mirlo negruzco	Merle fuligineux
mirlo pardo	Merle fauve
mirlo primavera	Merle d’Amérique
mis huevos	Et mon cul, c’est du poulet
misa negra	Messe noire
mise en abyme	Mise en abyme
misil balístico	Missile balistique
misterio dionisíaco	Mystère dionysiaque
misterios eleusinos	Mystères d’Éleusis
mitología comparada	Mythologie comparée
mitología griega	Mythologie grecque
mixteco de mixtepec	Mixtèque de Mixtepec
mixteco de tezoatlán	Mixtèque de Tezoatlán
mixteco de xochapa	Mixtèque de Xochapa
mixteco de yosondúa	Mixtèque de Yosondúa
miércoles de ceniza	Mercredi des Cendres
miércoles santo	Mercredi saint
mochuelo alpino	Chevêchette d’Europe
mochuelo boreal	Chouette de Tengmalm
mochuelo canela	Nyctale de Harris
mochuelo chico	Chevêchette d’Europe
mochuelo de hoyo	Chevêche des terriers
mochuelo de madriguera	Chevêche des terriers
mochuelo europeo	Chouette chevêche
moción de censura	Motion de censure
moco de guajolote	Pendeloque (appendice charnu du dindon)
moco de pavo	Pendeloque, appendice charnu érectile au d; Amarante; Amarante queue de renard,
moda pronta	Fast fashion
moda rápida	Fast fashion
modalidad de género	Modalité de genre
modelado facial	Contouring
modelo de niza	Modèle de Nice
modelo del lenguaje	Modèle de langage
modelo superior	Ontologie fondationnelle
modisto creador	Couturier
modo avión	Mode avion
modo condicional	Conditionnel
modo de producción primitivo	Communisme primitif
modo de vida	Mode de vie
modo del silogismo	Mode de syllogisme
modo indicativo	Indicatif
modo subjuntivo	Mode subjonctif, subjonctif
modo texto	Mode texte
modo ventana	Mode fenêtré
modraszek baton	Azuré de la sarriette
modus vivendi	Modus vivendi
moho ampolla del pino blanco	Rouille vésiculeuse du pin blanc
molinillo de café	Moulin à café
molinillo de pimiento	Moulin à poivre
molinillo de sal	Moulin à sel
molino de aceite	Moulin à huile
molino de agua	Moulin à eau
molino de café	Moulin à café
molino de casca	Moulin à tan
molino de corteza de roble	Moulin à tan
molino de viento	Moulin à vent
molino para quebrantar la casca para las tenerías	Moulin à tan
momento de fuerza	Couple
momento magnético	Moment magnétique
mona araña	Singe-araignée
monal coliblanco	Lophophore de Sclater
monal colirrojo	Lophophore resplendissant
monal coliverde	Lophophore de Lhuys
monarquía constitucional	Monarchie constitutionnelle
moneda de necesidad	Monnaie de nécessité
monedero falso	Faux-monnayeur
monitor argus	Varan des sables
monitor de bebé	Babyphone
monitor de manchas amarillas	Varan des sables
monkey patch	Monkey patch
mono del nuevo mundo	Singe du Nouveau Monde
mono del viejo mundo	Singe de l’Ancien Monde
mono nocturno	Douroucouli
mono tigre	Douroucouli
monoamino oxidasa	Monoamine oxydase
monopolio de la violencia	Monopole de la violence
monopolio natural	Monopole naturel
monopolo magnético	Monopôle magnétique
monosomía x	Syndrome de Turner
monstruo del lago ness	Monstre du loch Ness
monstruo marino	Monstre marin
montacargas apilador	Gerbeur
montacargas de elevación	Chariot élévateur
montacargas elevador	Chariot élévateur
montacargas plataforma elevadora	Chariot cavalier
montacargas telescópico	Chariot télescopique
montaje superficial	Montage en surface
montar guardia	Monter la garde
montar los cachos	Cocufier, encorner
montar una comilona	Faire une bouffe
montarse historias	Se faire des idées
montaña rusa	Montagnes russes pluriel, grand huit
monte alto	Futaie
monte calvario	Calvaire
monte cristo sándwich	Monte Cristo
monte de piedad	Mont-de-piété
monte de venus	Mont de Vénus
monte hueco	Forêt claire
monumento a los caídos	Monument aux morts
monumento conmemorativo	Mémorial
monumento funerario	Monument funéraire
monólogo cómico	Stand-up
monóxido de carbono	(nom UICPA) Monoxyde de carbone
monóxido de dihidrógeno	Monoxyde de dihydrogène (eau : composé chi
monóxido de dinitrógeno	(nom UICPA) Protoxyde d’azote
monóxido de nitrógeno	Monoxyde d’azote
mora común	Moro commun
mora de la india	Noni
mora de los pantanos	Mûre des marais, ronce des tourbières, pla
moral blanco	Mûrier blanc, mûrier commun (Morus alba L.
moral negro	Mûrier noir
mordaza de bola	Bâillon-boule
morder la mano que te da de comer	Mordre la main qui nourrit
morderse la lengua	Se mordre la langue
morderse las manos	S’en mordre les doigts
morena del mediterráneo	Murène commune
morera blanca	Mûrier blanc, mûrier commun (Morus alba L.
morera del papel	Mûrier à papier
morera negra	Mûrier noir
morfología de disolución	Morphologie de dissolution
morito común	Ibis falcinelle
moros y cristianos	Fêtes en Espagne qui commémorent la Reconq; Plat de riz et haricots noirs typiqu
moscatel negro	Muscat de Hambourg
mosquita muerta	Sainte-nitouche
mosquitero bilistado	Pouillot à grands sourcils
mosquitero boreal	Pouillot boréal
mosquitero común	Pouillot véloce
mosquitero de hume	Pouillot de Hume
mosquitero de pallas	Pouillot de Pallas
mosquitero de schwarz	Pouillot de Schwarz
mosquitero musical	Pouillot fitis
mosquitero papialbo	Pouillot de Bonelli
mosquitero silbador	Pouillot siffleur
mosquitero troquiloide	Pouillot verdâtre
mosquito aedes	Aède
mostacilla brava	Tabouret perfolié
mostajo blanco	Alisier blanc
mostajo común	Alisier blanc
mostajo de perucos	Alisier torminal
mostaza blanca	Sinapis alba ^([1]), la moutarde blanche
mostaza de campo	Moutarde des champs
mostaza de dijon	Moutarde de Dijon
mostaza negra	Brassica nigra ^([1]), la moutarde noire; Brassica napus var. napus, le colza
mostrar excesivo celo	Faire du zèle
mota de armiño	Moucheture d’hermine
mote con huesillo	Mote con huesillo
moto acuática	Motomarine
moto de agua	Jet ski
moto de nieve	Motoneige
motocicleta todo terreno	Trail
motor asíncrono	Moteur asynchrone
motor de búsqueda	Moteur de recherche
motor de combustión	Moteur à combustion
motor de combustión interna	Moteur à combustion interne
motor de cuatro tiempos	Moteur quatre temps, moteur à quatre temps
motor de dos tiempos	Moteur deux temps, moteur à deux temps
motor de explosión	Moteur à explosion, moteur à combustion in
motor de inducción	Moteur asynchrone
motor de reacción	Moteur à réaction
motor diesel	Moteur Diesel
motor diésel	Moteur Diesel
motor eléctrico	Moteur électrique
motor fueraborda	Moteur hors-bord
motor rotativo sin pistones	Moteur à piston rotatif
motor stirling	Moteur Stirling
motor síncrono	Moteur synchrone
motor térmico	Moteur thermique
motor wankel	Moteur Wankel
mover el esqueleto	Danser
mover los hilos	Tirer les ficelles
movilidad de los factores de producción	Mobilité des facteurs de production
movilidad sostenible	Mobilité durable, écomobilité
movimiento autónomo	Mouvement autonome
movimiento social	Mouvement social
movimiento telúrico	Tremblement de terre, séisme
mozo conductor de carretilla	Cariste
mozo de espadas	Valet d’épée
mozo de estoques	Valet d’épée
moñudo de picard	Huppé picard
muay thai	Muay thaï
mucha guerra	Du fil à retordre
muchas cosas	Beaucoup
muchas felicidades	Meilleurs vœux
muchas gracias	Merci beaucoup
mucho gusto	Pas de quoi, enchanté
mucho ruido y pocas nueces	Beaucoup de bruit pour rien
muchos pocos hacen un mucho	Les petits ruisseaux font les grandes rivières
mueble bar	Bar
muela del juicio	Dent de sagesse
muerte civil	Mort civile
muerte social	Mort sociale
muerte súbita	Mort subite
muerto viviente	Mort-vivant
muerto y bien muerto	Mort et enterré
muerto y enterrado	Mort et enterré
muestra de manos	Vote à main levée
muflón común	Mouflon corse
mujer cis	Femme cis
mujer de confort	Femme de réconfort
mujer de estado	Femme d’État
mujer de letras	Femme de lettres
mujer fantástica	Bombasse
mujer fatal	Femme fatale, vamp
mujer increíble	Bombasse
mujer maravillosa	Bombasse
mujer trans	Femme trans
multímetro analógico	Multimètre analogique
multímetro digital	Multimètre numérique
mundo acuático	Planète-océan
mundo libre	Monde libre
mundo superhabitable	Monde super-habitable ou planète super-hab
murciélago de bosque	Barbastelle d’Europe
murciélago de cola de ratón	Rhinopome
murciélago de cueva	Minioptère
murciélago de herradura	Rhinolophe
murciélago de herradura mediano	Rhinolophe de Méhely
murciélago de herradura mediterráneo	Rhinolophe euryale
murciélago de hoyuelo	Nyctère
murciélago de la fruta de mauricio	Roussette noire
murciélago de la fruta de nariz corta	Cynoptère à nez court
murciélago diadema de filipinas	Renard volant des Philippines, roussette à couronne dorée
murciélago dálmata de herradura	Rhinolophe de Blasius
murciélago egipcio	Nyctère de Thébaïde
murciélago frugívoro de livingstone	Roussette de Livingstone
murciélago grande de herradura	Grand rhinolophe
murciélago hortelano	Sérotine commune
murciélago moreno	Sérotine brune
murciélago moscardón	Chauve-souris bourdon, kitti à nez de porc
murciélago nariz de cerdo de kitti	Kitti à nez de porc
murciélago norteño	Sérotine boréale, sérotine de Nilsson
murciélago orejudo alpino	Oreillard montagnard
murciélago orejudo dorado	Oreillard roux
murciélago orejudo gris	Oreillard gris
murciélago rabudo	Molosse de Cestoni
murciélago vampiro	Chauve-souris vampire
muro atlántico	Mur de l’Atlantique
muro cortafuego	Mur coupe-feu
muro de contención	Mur de soutènement
muro de pago	Paywall
muro del ojo	Mur de l’œil
murtilla de magallanes	Camarine rouge ou Empetrum rubrum; Drupes comestibles de cet arbrisseau
musaraña alpina	Musaraigne alpine
musaraña de campo	Musaraigne des jardins
musaraña enana	Musaraigne pygmée
musaraña gris	Musaraigne musette
musaraña mínima	Musaraigne minuscule
museo de cera	Musée de cire
museo de los horrores	Musée des horreurs
musgaño de dientes blancos	Musaraigne bicolore
musgo español	Mousse espagnole
musola dentuda	Émissole tachetée
musolón de aleta larga	Requin à longue dorsale
mutación genética	Mutation génétique
mutilación genital femenina	Excision, mutilation génitale féminine, MGF
muñeca rusa	Poupée russe
muñecas rusas	Mise en abyme
muñeco de nieve	Bonhomme de neige
muñeco vudú	Poupée vaudou
mágica negra	Magie noire
máquina afiladora	Fusil
máquina agrícola	Machine agricole
máquina bordadora	Brodeuse
máquina de afeitar	Rasoir électrique
máquina de café	Machine à café
máquina de coser	Machine à coudre
máquina de escribir	Machine à écrire
máquina de extrusión	Boudineuse
máquina de rube goldberg	Machine de Rube Goldberg
máquina de vapor	Machine à vapeur
máquina desnuda	Bare metal
máquina expendedora	Distributeur automatique
máquina herramienta	Machine-outil
máquina registradora	Caisse enregistreuse
más adelante	Après, ensuite, puis
más allá	Par-delà
más allá de	Outre
más alto	Supérieur
más bien	Plutôt
más claro que el agua	Clair comme de l’eau de roche
más claro que la luz	Très clair, extrêmement clair, « clair com
más conocido que la ruda	Connu comme le loup blanc, connu comme Barabbas dans la Passion
más moscas se cogen con miel que con hiel	On n’attrape pas des mouches avec du vinaigre
más muerto que vivo	Plus mort que vif
más o menos	Plus ou moins; comme ci comme ça, ni bien ni mal
más papista que el papa	Être plus catholique que le pape
más pobre que las ratas	Pauvre comme Job, pauvre comme la gale
más que	Que
más tarde	Plus tard
más vale	Il vaut mieux
más vale poco que nada	Les petits ruisseaux font les grandes rivières
más vale prevenir que curar	Mieux vaut prévenir que guérir
más vale pájaro en mano que ciento volando	Un tiens vaut mieux que deux tu l’auras
más vale ser martillo que yunque	Il vaut mieux être marteau qu’enclume
más vale tarde que nunca	Mieux vaut tard que jamais
máscara antigás	Masque à gaz
máscara fotográfica	Masque photographique
máximas de grice	Maximes de Grice
máximo común divisor	Plus grand commun diviseur
médica de cabecera	Généraliste
médica general	Généraliste
médica generalista	Généraliste
médico de cabecera	Médecin de famille
médico forense	Médecin légiste
médico general	Généraliste
médico generalista	Généraliste
médico social	Médicosocial
médula espinal	Moelle épinière
médula ósea	Moelle osseuse
mérgulo antiguo	Guillemot à cou blanc
mérgulo atlántico	Mergule, mergule nain
método científico	Méthode scientifique
método de coué	Méthode Coué
método de los elementos finitos	Méthode des éléments finis
método dialéctico	Méthode dialectique
método gravimétrico	Méthode gravimétrique
método socrático	Maïeutique
método volumétrico	Méthode volumétrique
mínimo común múltiplo	Plus petit commun multiple
mísil rastreador	Missile à tête chercheuse
módulo elástico	Module d’élasticité
músculo diafragmático	Diaphragme
músculo elevador del ángulo de la boca	Muscle canin, muscle élévateur de l’angle de la bouche
músculo esternocleidomastoideo	Muscle sterno-cléido-mastoïdien
músculo liso	Muscle lisse
músculo oponente del meñique de la mano	Muscle opposant du petit doigt de la main
músculo pectoral mayor	Muscle grand pectoral
músculo sartorio	Muscle sartorius
música clásica	Musique classique
música contemporánea	Musique contemporaine
música culta	Musique savante
música electrónica	Musique électronique
música tonal	Musique tonale
nabo del diablo	Bryone dioïque, œnanthe safranée
nacer con una flor en el culo	Naître coiffé
nacional socialismo	National-socialisme
nacionalismo de la vacuna	Vaccinationalisme
nacionalismo vacunal	Vaccinationalisme
nada de nada	Que dalle
nada mas y nada menos que	Rien de moins que
nada menos	D’autant moins que
nada más	À peine
nada que hacer	Rien à foutre
nada que ver	Rien à voir
nadie es profeta en su tierra	Nul n’est prophète en son pays
naranja agria	Bigarade, orange amère
naranja amarga	Bigarade
naranja andaluza	Bigarade
naranja bigarade	Bigarade
naranja cachorreña	Bigarade
naranja cajera	Bigarade
naranjas de la china	Et mon cul, c’est du poulet
naranjitas rabicorta	Porte-queue
naranjo chino	Kumquat
naranjo enano	Limequat
naranjo espinoso	Citronnier épineux
naranjo mejicano	Oranger du Mexique
naranjo moruno	Chinotto
narciso de los poetas	Narcisse des poètes
nariz griega	Nez grec
narodna muzika	Turbo folk
nata de coco	Nata de coco
nata montada	Crème fouettée
naufragio invisible	Naufrage invisible
navaja barbera	Rasoir
navaja de afeitar	Couteau de barbier, coupe-choux
navaja de muelle	Couteau automatique
navaja de occam	Rasoir d’Ockham
navaja mariposa	Couteau papillon
navaja suiza	Couteau suisse
navajón azul	Chirurgien bleu, chirurgien bayolle
navajón cariblanco	Chirurgien à joue blanche
navajón cebra	Chirurgien-clown, chirurgien rayé
nave espacial	Vaisseau spatial
nave lateral	Bas-côté
navegar de bolina	Louvoyer
navidad al balcón pascua al tizón	Noël au balcon, Pâques au tison
ndyuká tongo	Ndjuka
necrosis avascular	Ostéonécrose
negación lógica	Négation logique
negocios electrónico	E-business
negro blanco	Nègre blanc
negro como el azabache	Noir de jais
negro de hollín	Noir de fumée
negro de humo	Noir de fumée
negro sobre blanco	Noir sur blanc
negrón común	Macreuse noire
negrón especulado	Macreuse brune
nenúfar blanco	Nymphéa
nenúfar blanco europeo	Nénuphar blanc
nervio cubital	Nerf ulnaire, nerf cubital
nervio neumogástrico	Nerf vague
nervio patético	Nerf trochléaire
nervio ulnar	Nerf ulnaire, nerf cubital
nervio vago	Nerf vague
nervio óptico	Nerf optique
neurona bipolar	Neurone bipolaire
neurona espejo	Neurone miroir
neurona multipolar	Neurone multipolaire
neurona piramidal	Cellule pyramidale
neurona pseudounipolar	Neurone pseudo-unipolaire
neurona unipolar	Neurone unipolaire
neutralidad de género	Neutralité de genre
newton metro	Newton-mètre
nez percé	Nez-Percé
ni carne ni pescado	Mi-figue mi-raisin
ni chicha ni limoná	Mi-figue mi-raisin
ni con mucho	tant s'en faut
ni de coña	Même pas en rêve, en aucune manière, jamai; Hors de question
ni de lejos	loin s'en faut; absolument pas, en aucune manière
ni en sueños	Même pas en rêve
ni fu ni fa	Ne faire ni chaud ni froid
ni hablar	Hors de question, même pas en rêve, n’y pe
ni me va ni me viene	Je n’en ai rien à faire, ça m’est égal, ce
ni modo	Pas moyen
ni mucho menos	Ne … nullement, pas du tout
ni más ni menos	Ni plus ni moins
ni no	Pin-pon
ni papa	Rien
ni pensarlo	Hors de question
ni por asomo	Loin de là
ni puta idea	Aucune idée
ni que decir tiene que	Il va sans dire
ni siquiera	Même pas
ni siquiera un poco	Loin de là
nicho ecológico	Niche écologique
niebla de guerra	Brouillard de guerre
nieve en granos	Neige roulée
nieve granulada	Neige roulée
nieve marina	Neige marine
nieve visual	Neige visuelle
nieves eternas	Neiges éternelles
nieves perpetuas	Neiges éternelles
ninfa de arroyos	Sylvain azuré
ninfa de bosque	Petit sylvain
ninfa de linneo	Procris
ninguna parte	Nulle part
ningún sitio	Nulle part
nisperero del japón	Néflier du Japon
nitrato de amonio	Nitrate d’ammonium
nitrato de plata	Nitrate d’argent
nitrato de potasio	Nitrate de potassium (KNO₃)
nitrito de hidrógeno	Synonyme de ácido nitroso (acide nitreux)
nitruro de hidrógeno	Ammoniac, azane (NH₃)
nitruro de trihidrógeno	Ammoniac, azane (NH₃)
nitrógeno líquido	Azote liquide
nitrógeno molecular	Synonyme de dinitrógeno (diazote)
nivel de burbuja	Niveau à bulle
nivel de vida	Niveau de vie
nivel trófico	Niveau trophique
nivelar a la baja	Niveler par le bas
nivelar hacia abajo	Niveler par le bas
nivelar para abajo	Niveler par le bas
nivelar por lo bajo	Niveler par le bas
niña celeste rastrillo	Azuré bleu céleste
niña coridon	Argus bleu nacré
niña de sus ojos	Prunelle de ses yeux
niño burbuja	Enfant-bulle
niño probeta	Bébé-éprouvette
niño prodigio	Enfant prodige
no alineamiento	Non-alignement
no andar con rodeos	Ne pas y aller avec le dos de la cuillère
no andarse por las ramas	Aller droit au but, ne pas y aller par quatre chemins
no aparentar nada	Ne rien laisser paraître
no binaridad	Non-binarité
no binarie	Non-binaire
no binariedad	Non-binarité
no binario	Non-binaire; Personne non-binaire, enby
no binarix	Non-binaire, nonbinaire
no cabe la posibilidad de	Il n’est pas question
no caber duda de que	Ne faire aucun doute
no caer en saco roto	ce n’est pas tombé dans l’oreille d’un sou
no comparecencia	Non-comparution
no conformidad	Non-conformité
no dar ni frío ni calor	Ne faire ni chaud ni froid
no decir chus ni mus	Sans piper mot
no decir esta boca es mía	Sans piper mot
no decir ni chus ni mus	Sans piper mot
no decir ni fu ni fa	Sans piper mot
no decir ni mu	Sans piper mot
no decir ni pío	Sans piper mot
no decir palabra	Sans piper mot
no dejar transparentar nada	Ne rien laisser paraître
no es así	N’est-ce pas
no es cierto	N’est-ce pas
no es el fin del mundo	Ce n’est pas la fin du monde
no es nada del otro mundo	Ce n’est pas la mer à boire
no es oro todo lo que reluce	Tout ce qui brille n’est pas or
no estar en consonancia	Être en porte-à-faux
no esteroideo	Non stéroïdien
no ficción	Non-fiction
no fumador	Non-fumeur
no fumadores	Non-fumeurs
no gastar contemplaciones	Ne pas y aller par quatre chemins
no hace falta decir que	Il va sans dire
no hace falta decirlo	Il va sans dire
no hacer caso	Méconnaître
no hay atajo sin trabajo	On n’a rien sans rien
no hay de qué	Pas de quoi, il n’y a pas de quoi
no hay dos sin tres	Jamais deux sans trois
no hay humo sin fuego	Il n’y a pas de fumée sans feu
no hay mal que por bien no venga	À quelque chose malheur est bon
no hay nada de qué	Il n’y a pas de quoi
no hay ni que decir que	Il va sans dire
no hay ni que decirlo	Il va sans dire, cela va sans dire
no hay olla sin tocino	Littéralement il n'y a pas de marmite sans; Change de disque ! Utilisé pour sign
no hay para tanto	Ce n’est pas la mer à boire
no hay peor ciego que el que no quiere ver	Il n’est pire sourd que celui qui ne veut pas entendre
no hay problema	Pas de problème ; sans problème
no impide que	Il n’en reste pas moins que
no importa	Peu importer, ce n’est pas grave, qu’à cela ne tienne
no ir en zaga	Ne pas être en reste, n’avoir rien à envie
no irse por las ramas	Aller droit au but
no llegarle a alguien a la suela del zapato	Ne pas arriver à la cheville de
no llegarle a alguien a los talones	Ne pas arriver à la cheville de
no lo entiende ni dios	Absolument personne ne le comprend, c'est
no lo niego	Certes
no me digas	Exprime l’incrédulité, la surprise, l’exas
no me extraña	Tu m’étonnes
no me importa un cojón	Se battre les couilles de
no metal	Non-métal
no más	Non plus
no negativo	Positif
no newtoniano	Non-newtonien
no obstante	Cependant, nonobstant
no pegar ojo	Ne pas fermer l’œil de la nuit
no por mucho madrugar amanece más temprano	Rien ne sert de courir , il faut partir à point
no problema	Ce n’est pas grave
no puede ser	C’est pas possible
no puedes enseñarle nuevos trucos a un perro viejo	Ce n’est pas à un vieux singe qu’on apprend à faire des grimaces
no saber a qué carta quedarse	Ne pas savoir sur quel pied danser
no se cogen truchas a bragas enjutas	On ne fait pas d’omelette sans casser des œufs
no se hizo la miel para la boca del asno	Donner de la confiture à des cochons
no se puede estar en misa y repicando	Être au four et au moulin
no se puede pedir la luna	Avec des si on mettrait Paris en bouteille
no se puede repicar y andar en la procesión	Être au four et au moulin
no ser todo de color de rosa	Tout n’est pas rose dans la vie
no sirve de nada	Servir à rien
no solamente	Mais pas que
no sólo	Non seulement
no te preocupes	T’inquiète
no tener nada que ver	N’avoir rien à voir
no tener ni pies ni cabeza	N’avoir ni queue ni tête
no tener pelos en la lengua	Ne pas mâcher ses mots
no tener un chavo	Pauvre comme Job
no tener un céntimo	Pauvre comme Job
no todo el monte es orégano	Tout n’est pas rose dans la vie
no todo es color de rosa	Ce n’est pas rose
no vale un potosí	Ce n’est pas le Pérou
no vender la piel del oso antes de cazarlo	Il ne faut pas vendre la peau de l’ours avant de l’avoir tué
no verbal	Non-verbal
no violencia	Non-violence
no violento	Non-violent
noche toledana	Nuit blanche
noche y día	Tout le temps
nogal de castilla	Noyer commun, noyer (Juglans regia L.)
nogal pacanero	Noix de pécan
nogal silvestre	Noyer d’Arizona
nombre abstracto	Nom abstrait
nombre artístico	Nom de scène
nombre científico	Nom scientifique
nombre compuesto	Prénom composé
nombre común	Nom commun
nombre concreto	Nom concret
nombre contable	Nom comptable
nombre de agente	Nom d’agent
nombre de pila	Nom de baptême
nombre de usuario	Nom d’utilisateur
nombre discontinuo	Nom comptable
nombre discreto	Nom comptable
nombre propio	Nom propre
nombre sustantivo	Substantif
nombre vernáculo	Nom vernaculaire
nopal estricto	Oponce stricte
nopal tunero costero	Oponce stricte
nordeste cuarto al este	Nord-est-quart-est
nordeste cuarto al norte	Nord-est-quart-nord
norfolk terrier	Norfolk terrier
norma de seguridad	Norme de sécurité
noroeste quarto al norte	Nord-ouest-quart-nord
noroeste quarto al oeste	Nord-ouest-quart-ouest
norte cuarto al nordeste	Nord-quart-nord-est
norte quarto al noroeste	Nord-quart-nord-ouest
norwich terrier	Norwich terrier
nos vemos	À plus; À
nota bene	Nota bene
nota de cabeza	Note de tête
nota de corazón	Note de cœur
nota de fondo	Note de fond
nota media	Note de cœur
notación científica	Notation scientifique
notación fonética	Transcription phonétique
notas guía	À défaut
noticias falsas	Information fallacieuse, infox
novela artúrica	Cycle arthurien
novela de aeropuerto	Roman de gare
novela gráfica	Roman graphique, bande dessinée romanesque
novela ligera	Light novel
novela sonora	Roman vidéoludique
novela visual	Roman vidéoludique
noventa y cinco	Quatre-vingt-quinze
noventa y cuatro	Quatre-vingt-quatorze
noventa y dos	Quatre-vingt-douze
noventa y nueve	Quatre-vingt-dix-neuf, Nonante-neuf
noventa y ocho	Quatre-vingt-dix-huit
noventa y seis	Quatre-vingt-seize
noventa y siete	Quatre-vingt-dix-sept
noventa y tres	Quatre-vingt-treize
noventa y uno	Quatre-vingt-onze
novio de la muerte	Surnom donné au membre de la légion espagn
nu metal	Nu metal
nube arco	Arcus
nube de oort	Nuage d’Oort
nube mesosférica polar	Nuage nocturne lumineux, nuage noctulescent, nuage polaire mésosphérique
nube noctilucente	Nuage nocturne lumineux, nuage noctulescent, nuage polaire mésosphérique
nuda propiedad	Nue-propriété
nudo as de guía	Nœud de chaise
nudo ayustado	Ajuste, ajust, ahut
nudo cabeza de turco	Bonnet turc
nudo conway	Nœud de Conway
nudo corredizo	Nœud coulant
nudo de cinta	Nœud de sangle
nudo de ocho	Nœud de huit
nudo de rizo	Nœud plat
nudo en ocho	Nœud en huit, nœud de huit
nudo gordiano	Nœud gordien
nudo propietario	Nu-propriétaire
nueva objetividad	Nouvelle objectivité
nuevas tecnologías	Nouvelles technologies
nuevo alimento	Nouvel aliment
nuevo miembro	Récipiendaire
nuevo realismo	Nouveau réalisme
nuevo rico	Nouveau riche
nuevo testamento	Nouveau Testament
nuez de adán	Pomme d’Adam
nuez de anacardo	Noix de cajou
nuez de areca	Noix d’arec
nuez de betel	Noix de bétel
nuez de brasil	Noix du Brésil
nuez de ciprés	Noix de cyprès
nuez de cola	Noix de cola
nuez de especia	Noix de muscade
nuez de nogal	Noix
nuez encarcelada	Noix de pécan
nuez moscada	Noix de muscade
nuez póntica	Noisette
nuez vómica	Noix vomique
nueza negra	Tamier, tamier commun
nulo y sin efecto	Nul et non avenu
nunca digas de esta agua no beberé	Il ne faut pas dire : fontaine, je ne boirai pas de ton eau
nunca segundas partes fueron buenas	Il est vain ou indigne d’essayer ou préten
nutria europea	Loutre d’Europe
nutria gigante	Loutre géante
nutria marina	Loutre de mer
náhuatl central	Nàhuatl central
náhuatl clásico	Nahuatl classique
náhuatl de guerrero	Nahuatl de Guerrero
náhuatl de la huasteca central	Nahuatl de la Huasteca centrale
náhuatl de mecayapan	Nahuatl de Mecayapan
náyade cisne	Anodonte des cygnes, anodonte des étangs
náyade pato	Anodonte des rivières
nécoras rellenas	Crabes farcis, plat typique de la cuisine
níspero japonés	Néflier du Japon
núcleo activo de galaxia	Noyau actif de galaxie, NAG
núcleo atómico	Noyau atomique
núcleo de condensación	Noyau de condensation
núcleo lenticular	Noyau lenticulaire
número algebraico	Nombre algébrique
número atómico	Numéro atomique
número cardinal	Nombre cardinal
número complejo	Nombre complexe
número compuesto	Nombre composé
número cuántico	Nombre quantique
número de avogadro	Nombre d’Avogadro, constante d’Avogadro
número de teléfono	Numéro de téléphone
número decimal	Nombre décimal
número entero	Entier relatif
número entero algebraico	Entier algébrique
número imaginario	Nombre imaginaire
número irracional	Nombre irrationnel
número mágico	Nombre magique
número másico	Nombre de masse
número natural	Entier naturel
número normal	Nombre normal
número ordinal	Nombre ordinal
número perfecto	Nombre parfait
número primo	Nombre premier
número primo de sophie germain	Nombre premier de Sophie Germain
número racional	Nombre rationnel
número real	Nombre réel
número trascendental	Nombre transcendant
número trascendente	Nombre transcendant
número áureo	Nombre d’or
o lo tomas o lo dejas	À prendre ou à laisser
o sea	C’est-à-dire
obediencia anticipada	Obéissance anticipée
obesidad mórbida	Obésité morbide
obispo de mar	Évêque de mer
obispo rojo	Euplecte ignicolore
objeción de conciencia	Objection de conscience
objeto de burlas	Souffre-douleur
objeto de mofa	Souffre-douleur
objeto directo	Complément d'objet direct
objeto indirecto	Complément d’objet indirect
objeto interestelar	Objet interstellaire
objeto pesado	Pondéreux
objeto volador no identificado	Objet volant non identifié
objetor de conciencia	Objecteur de conscience
objetora de conciencia	Objectrice de conscience
objetos perdidos y encontrados	Objets trouvés
oblicuo externo	Oblique externe
oboe barroco	Hautbois baroque
oboe de amor	Hautbois d’amour
oboe de caza	Hautbois de chasse
oboe vienés	Hautbois viennois
obra de aguja	Ouvrage
obra de arte	Artwork, œuvre d’art
obra de ingeniería	Ouvrage d’art
obra de teatro	Pièce de théâtre
obra gruesa	Gros œuvre
obra hidráulica	Ouvrage hydraulique
obra huérfana	Œuvre orpheline
obra maestra	Chef-d’œuvre
obra muerta	Œuvres mortes
obra teatral	Pièce de théâtre
obra viva	Œuvres vives, carène
obsolescencia planificada	Obsolescence programmée
obsolescencia prematura	Obsolescence programmée
obsolescencia programada	Obsolescence programmée
obstrucción a la justicia	Obstruction à la justice
oca del nilo	Ouette d’Égypte
ochenta y cinco	Quatre-vingt-cinq
ochenta y cuatro	Quatre-vingt-quatre
ochenta y dos	Quatre-vingt-deux
ochenta y nueve	Quatre-vingt-neuf
ochenta y ocho	Quatre-vingt-huit
ochenta y seis	Quatre-vingt-six
ochenta y siete	Quatre-vingt-sept
ochenta y tres	Quatre-vingt-trois
ochenta y uno	Quatre-vingt-un
oclusiva glotal	Coup de glotte
octava italiana	Huitain
octava real	Huitain
ocumo chino	Taro
ocuparse de	S'occuper de
océano mundial	Océan mondial
oeste quarto al noroeste	Ouest-quart-nord-ouest
oeste quarto al sud-oeste	Ouest-quart-sud-ouest
oferta y demanda	Offre et demande
oficial de policía	Policière
oficial de reserva	Officier de réserve
oficina bancaria	Agence bancaire
oficina de cambio	Bureau de change
oficina de correos	Bureau de poste
ojo avizor	Aux aguets
ojo brillante	Euphraise
ojo de bruja susanita	Suzanne aux yeux noirs
ojo de buey	Œil de bœuf
ojo de cerradura	Trou de la serrure
ojo de cristal	Œil de verre
ojo de mar	Dans la cordillère des Andes, plan d'eau s
ojo de perdiz	Adonis écarlate, adonis couleur de feu, ad
ojo de poeta	Suzanne aux yeux noirs
ojo morado	Cocard, œil poché, œil au beurre noir
ojo por ojo	Œil pour œil
ojos azules	Grand nègre des bois
ojos que no ven corazón que no siente	Loin des yeux, loin du cœur
okinawense antiguo	Vieil okinawaïen
okinawense medio	Moyen okinawaïen
ol maa	Maa
ola de calor marina	Canicule marine
ola de frío	Vague de froid
oler a chabacano	Sentir le fauve
oler los pies	Camembérer
olla a presión	Cocotte-minute, autocuiseur, récipient de
olla carnicera	Marmite dans laquelle on peut faire cuire
olla ciega	Tirelire, littéralement pot aveugle
olla de campaña	Marmite servant à cuire la soupe de la tro
olla de carne	Plat de légumes, viande et de riz qui se m
olla de cocción lenta	Mijoteuse
olla de cohetes	Risque important, grand danger, littéralem
olla de mono	Marmite de singe
olla de presión	Cocotte-minute, autocuiseur, récipient de
olla exprés	Autocuiseur, cocotte-minute
olla podrida	Pot-pourri, ragout de viandes et de légume
ollas comunes	Soupe populaire
olmo americano	Orme d’Amérique
olor a cerrado	Remugle
olor a humedad	Remugle
ombligo de venus	Nombril de Vénus
onda acústica	Onde acoustique, onde sonore
onda de choque	Onde de choc
onda electromagnética	Onde électromagnétique
onda estacionaria	Onde stationnaire
onda gravitacional	Onde gravitationnelle
onda martenot	Onde Martenot
onda sísmica	Onde sismique
ontología básica	Ontologie fondationnelle
ontología de nivel superior	Ontologie fondationnelle
ontología superior	Ontologie fondationnelle
operación militar especial	Opération militaire spéciale
operador de incremento	Opérateur incrémentation
operador de montacargas	Cariste
operador de servicios esenciales	Opérateur de services essentiels
operador diferencial	Opérateur différentiel
operador turístico	Organisateur de voyages, voyagiste
opinión pública	Opinion publique
oración subordinada	Proposition subordonnée
orbital atómico	Orbitale atomique
orden alfabético	Ordre alphabétique
orden cronológico	Ordre chronologique
orden de arresto	Mandat d’amener
orden de comparecencia	Mandat d’amener
orden de compra	Ordre d'achat
orden de detención	Mandat d’amener
orden del día	Ordre du jour
orden judicial de detención	Mandat d’amener
orden mundial	Ordre mondial
orden sexual	Ordre sexuel
ordenación de burbuja	Tri à bulles
ordenación territorial	Aménagement du territoire
ordenador de sobremesa	Ordinateur de bureau, ordinateur de table
oreja de mar	Ormeau
oreo dory	Saint-pierre, poisson du Pacifique sud de
oreo liso	Saint-pierre, poisson du Pacifique sud de
oreo puntiagudo	Saint-pierre, poisson de la famille des Or
organismo internacional	Organisation internationale
organismo público	Organisme public
organismo unicelular	Organisme unicellulaire
organización científica del trabajo	Organisation scientifique du travail
organización social	Organisation sociale
orgullo de madeira	Vipérine de Madère
orientación general	Orientation générale
orientación sexual	Orientation sexuelle
oro de zimbabue	Or du Zimbabwe
oro negro	Or noir
oronja verde	Amanite phalloïde
oropéndola europea	Loriot d’Europe
ororoi de pecho ocráceo	Grallaire ocrée
orquesta filarmónica	Orchestre philharmonique
orquesta sinfónica	Orchestre symphonique
orquídea abeja	Ophrys jaune, ophrys abeille
orquídea abeja negra	Ophrys brun
orquídea fragante	Orchis moucheron
orquídea gigante	Orchis géant
orquídea olorosa negra	Nigritelle noire
orso spirito	Ours Kermode
ortiga blanca	Lamier blanc
ortiga mayor	Ortie dioïque
ortiga muerta	Lamier blanc
ortiga muerta amarilla	Ortie jaune, lamier jaune
ortiga muerta purpúrea	Lamier pourpre
ortiga roja	Lamier pourpre
ortiga romana	Ortie à pilules
oruga de mar	Cakilier maritime
oruga de zurrón	Cul-brun
oruga maritima	Cakilier maritime
oruga marítima	Cakile maritima ^([1]), le cakilier mariti
oscilación térmica	Cyclage thermique
oscurecimiento global	Assombrissement global, obscurcissement global
osito de peluche	Ours en peluche
osito lavador	Raton crabier
oso americano de florida	Ours noir de Floride
oso andino	Ours à lunettes
oso bezudo	Prochile
oso blanco	Ours blanc
oso canela	Ours noir cannelle
oso cavernario	Ours des cavernes
oso de agua	Tardigrade, ourson d’eau
oso de anteojos	Ours à lunettes
oso de hocico corto	Ours à face courte
oso de las cavernas	Ours des cavernes
oso frontino	Ours à lunettes
oso hormiguero	Fourmilier (mammifère)
oso kermode	Ours Kermode
oso labiado	Prochile
oso lavador	Raton laveur
oso negro	Ours noir
oso negro americano	Ours noir
oso negro glaciar	Ours noir argenté
oso negro haida gwaii	Ours noir de Haïda Gwaii
oso negro olímpico	Ours bleu
oso pardo	Ours brun
oso perezoso	Prochile
oso polar	Ours polaire
oso sudamericano	Ours à lunettes
oso tibetano	Ours noir d’Asie
ostión de virginia	Huître de Virginie
ostión del norte	Pétoncle chilien
ostra común	Huître plate
ostra del pacífico	Huître creuse du Pacifique
ostra japonesa	Huître creuse du Pacifique
ostra vegetal	Salsifi, salsifi blanc
ostrero común euroasiático	Huîtrier pie
otomí de mezquital	Otomi de la vallée de Mezquital
otra vez	De nouveau
oveja de soay	Soay
oveja de somalia	Somali à tête noire
oveja doméstica	Mouton domestique
oveja madre	Brebis
oveja negra	Mouton noir
oxicloruro de carbono	Phosgène
oxidación anaerobia del ión amonio	Oxydation anaérobie de l’ammonium
oxidemeton metil	Oxydéméton-méthyl
oído absoluto	Oreille absolue
pabellón auricular	Pavillon, auricule
pabellón de conveniencia	Pavillon de complaisance
pacú blanco	Pacu
pacú panza roja	Pacu
pada común	Cérithe commun
padre biológico	Père biologique
padre conscripto	Père conscrit
padre nuestro	Notre Père
paga extra	Prime
pagamecera mayor	Glouteron
pagar con la misma moneda	Rendre la pareille
pagar el pato	Essuyer les plâtres
pagar los platos rotos	Payer les pots cassés
pagaza piconegra	Sterne hansel
pagaza piquirroja	Sterne caspienne
pago a cuenta	Acompte
pago de ecualización	Péréquation
pago indebido	Indu
paja cubana	Cravate de notaire
paja francesa	Cravate de notaire
paja mental	Branlette intellectuelle
paja rusa	Branlette espagnole, cravate de notaire
paja turca	Cravate de notaire
pala ancha	Paleta gomme pleine
pala corta	Pala corta
pala de lavar	Battoir
pala de nieve	Poussoir
pala excavadora	Pelleteuse
palabra cenemática	Mot-outil
palabra culta	Mot savant
palabra fantasma	Mot fantôme
palabra funcional	Mot-outil
palabra gramatical	Mot-outil
palabra lexical	Mot lexical
palabra léxica	Mot lexical
palabra maleta	Mot-valise
palabra mágica	Mot magique
palabra pleremática	Mot lexical
palabras encadenadas	Jeu des kyrielles
palabras finales	Mot de la fin
palacio de justicia	Palais de justice
paladar hendido	Fente palatine
paleta cuero	Paleta cuir
paleta de agua	Glace à l’eau
paleta de caramelo	Sucette
paleta goma	Paleta gomme creuse
palila de hawái	Psittirostre palila
palila de laysan	Psittirostre de Laysan
palillo de dientes	Cure-dent
palitos de pescado	Poisson pané
palma aceitera	Palmier à huile
palma africana de aceite	Palmier à huile
palma carnaúba	Palmier carnauba
palma chilena	Cocotier du Chili
palma datilera	Palmier-dattier
palma de azúcar	Palmier à sucre
palma de betel	Aréquier ou palmier à bétel (Areca catechu
palma de ceilán	Tallipot
palma de cera del quindio	Palmier à cire du Quindio
palma de la mano	Paume
palma gris	Palmier bleu du Mexique
palma negra	Palmier à cire carnauba.
palma sago	Cycas du Japon
palmera azul	Palmier bleu du Mexique
palmera canaria	Palmier des Canaries
palmera de aceite	Palmier à huile
palmera de la jalea	Palmier abricot
palmera dum	Doum, palmier doum
palmera que camina	Palmier à échasses
palmera real	Palmier-dattier
palo amargo	Nom vernaculaire de Hintonia latiflora, ar; Nom vernaculaire de Rauvolfia nitida
palo amarillo	Nom vernaculaire de Maclura tinctoria, arb; Nom vernaculaire de Terminalia austr
palo blanco	Nom vernaculaire de Sapindus saponaria, ar; Nom vernaculaire de Mariosousa heter
palo bobo	Nom vernaculaire de Tessaria integrifolia,; Autre nom du tecomajuche; Nom vernac
palo borracho	Un des noms vernaculaires de Ceiba specios
palo brea	Nom vernaculaire de Parkinsonia microphyll; Autre nom du palo verde (Parkinsonia
palo bronco	Nom vernaculaire de Malpighia urens, arbre
palo campeche	Nom vernaculaire de Haematoxylum campechia
palo canela	Nom vernaculaire de Canella winterana, pet
palo cenizo	Nom vernaculaire de Tabebuia berterii, pet; Nom de plusieurs arbres ou plantes d
palo chonta	Nom vernaculaire de Celtis schippii, arbre
palo colorado	Nom vernaculaire de Bursera simaruba, arbr; Nom vernaculaire de Luma apiculata,
palo compadre	Nom vernaculaire de Toxicodendron striatum
palo cuadrado	Nom vernaculaire de Macrocnemum roseum, gr
palo curtidor	Nom vernaculaire de Hieronyma alchorneoide
palo de abejas	Nom vernaculaire de Moringa oleifera, peti
palo de aceite	Nom vernaculaire de Copaifera officinalis
palo de aceituna	Nom vernaculaire de Symplocos martinicensi
palo de adán	Nom vernaculaire de Fouquieria columnaris,
palo de agua	Nom vernaculaire de Trichanthera gigantea,; Synonyme de palo de lluvia
palo de algodón	Nom vernaculairede Gossypium barbadense ou
palo de amasar	Rouleau à pâtisserie
palo de anastasio	Nom vernaculaire de Trichilia hirta arbre
palo de asta	Nom vernaculaire de Cordia sonorae arbre d
palo de avispas	Nom vernaculaire de Casearia aculeata, arb
palo de balsa	Balsa (Ochroma pyramidale)
palo de brujo	Nom vernaculaire de Hura crepitans, arbre
palo de burro	Nom vernaculaire de Andira inermis, arbre
palo de cabra	Nom vernaculaire de Trema micranthum, arbr
palo de cabrilla	Nom vernaculaire de Trema lamarckiana, arb
palo de cachumba	Synonyme de palo de cachumca
palo de cachumca	Nom vernaculaire de Dendropanax laurifoliu
palo de café	Caféier
palo de campeche	Synonyme de palo campeche
palo de caya prieto	Nom vernaculaire de Meliosma herbertii arb
palo de ceniza	Synonyme de cazahuate
palo de cincho	Nom vernaculaire de Solanum argentinum ain
palo de cotorra	Nom vernaculaire de Casearia sylvestris, p
palo de cruz	Nom vernaculaire de Garcinia aristata, pet; Nom vernaculaire de Garcinia madruno
palo de cuasia	Nom vernaculaire de Quassia amara, petit a
palo de cuba	Bois café
palo de fierro	Nom vernaculaire de Olneya tesota, arbre d
palo de fraile	Nom vernaculaire de Jatropha multifida ou
palo de gallina	Nom vernaculaire de Alchorneopsis portoric; Nom vernaculaire de Lycium martii, a
palo de golf	Club de golf
palo de golpe	Nom vernaculaire de Schoepfia schreberi, a
palo de guaco	Nom vernaculaire de Crateva tapia arbre po
palo de guanábana	Nom vernaculaire de Annona muricata ou cor
palo de hacha	Nom vernaculaire de Prunus myrtifolia, pet
palo de hierro	Synonyme de palo de fierro
palo de hoz	Nom vernaculaire de Machaerium lunatum, ar
palo de huevo	Nom vernaculaire de Calycophyllum candidis
palo de hule	Nom vernaculaire de Castilla elastica, arb
palo de jacob	Arbalestrille
palo de jazmín	Nom vernaculaire de Styrax portoricencis,
palo de jiote	Gommier rouge
palo de lama	Nom vernaculaire de Alnus acuminata, arbre
palo de lana	Nom vernaculaire de Ceiba pentandra, arbre
palo de leche	Nom vernaculaire de Sebastiania brasiliens; Nom vernaculaire de Pseudolmedia spu
palo de lija	Nom vernaculaire de Cecropia pachystachya
palo de lluvia	Bâton de pluie
palo de mamey	Abricotier des Antilles
palo de maría	Nom vernaculaire de Calophyllum brasiliens; Nom vernaculaire de Calophyllum inop
palo de mora	Nom vernaculaire de Maclura tinctoria, arb
palo de panamá	Bois de Panama
palo de pollo negro	Synonyme de palo de cachumca
palo de rosa	Bois de rose
palo de seso	Aki
palo de tinte	Synonyme de palo campeche
palo de tombo	Pénis
palo de vaca	Synonyme de palo de cachumca
palo madroño	Myrte à écorce orange
palo mayor	Grand mât
palo mulato	Gommier rouge
palo nareida	Autre nom du palo de guaco
palo para autofoto	Perche à selfie, perche à égoportrait
palo rosa	Nom vernaculaire de Tipuana tipu, arbre d’
palo santo de la india	Palissandre des Indes
palo verde	Nom vernaculaire de Parkinsonia praecox, p
palo villa	Sablier
palo violeta	Bois de violette
paloma antártica	Bec-en-fourreau, chionis blanc
paloma antártica de cara negra	Petit chionis
paloma apuñalada	Gallicolombe
paloma araucana	Pigeon du Chili
paloma bravía	Pigeon biset
paloma coronada	Pigeon couronné
paloma coronada occidental	Goura couronné
paloma de mulhouse	Mulhousien
paloma faisán	Otidiphaps
paloma manumea	Diduncule, manumea, manuméa
paloma mensajera	Pigeon voyageur
paloma migratoria	Tourte voyageuse
paloma perdiz	Gallicolombe
paloma terrestre	Trugon
paloma torcaz	Ramier, pigeon ramier, palombe
paloma zurita	Pigeon colombin
palometa colorada	Piranha à ventre rouge, poisson téléostéen
palometa fiatola	Fiatole commune
palometa negra	Grande castagnole, brème de mer
palometa real	Oscar, poisson tropical de la famille des
palomilla de tintes	Orcanette des teinturiers
palomino fino	Palomino fino
palomita de la virgen	Colombe picui
palé desechable	Palette perdue
pame norte	Pame du Nord
pampero chico	Petit puffin
pan comido	C'est du gâteau
pan de cuco	Orpin âcre
pan de especias	Pain d’épice
pan de jengibre	Pain d’épice
pan de molde	Pain de mie
pan de yema	Brioche
pan integral	Pain complet
pan lactal	Pain de mie
pan y quesillo	Capsella bursa-pastoris, la capselle bours; Primula veris, la primevère officina
pan y quesito	Nom vernaculaire de la bourse-à-pasteur (C; Nom vernaculaire de la drave printan
pan ácimo	Pain azyme
pan ázimo	Pain azyme
panel fotovoltaico	Panneau solaire, panneau photovoltaïque
panizo negro	Millet à chandelle, millet perlé, sorgho
panna cotta	Panna cotta
panqué espacial	Space cake
pantalla de cristal líquido	Écran à cristaux liquides
pantalla de plasma	Écran à plasma
pantalones acampanados	Pattes d’éléphant
pantalones de equitación	Jodhpurs
pantalones de montar	Jodhpurs
pantalón corto	Culotte courte, short
pantalón de equitación	Culotte de cheval
pantalón para equitación	Culotte de cheval
pantano de alimentos	Marécage alimentaire
pantera de florida	Panthère de Floride, cougar de Floride
pantera nebulosa	Panthère nébuleuse
pantera negra	Panthère noire
panti abierto	Collant ouvert
papa a la francesa	Frite
papa arrugada	Pomme de terre ridée
papa china	Taro
papa lisa	Ulluco (Ullucus tuberosus)
papa oca	Oca
papa quinegua	Variété de pommes de terre propre aux îles
papagayo alirrojo	Perruche érythroptère
papagayo australiano	Perruche royale
papagayo de alas azules	Perruche à bouche d’or
papagayo de timor	Perruche jonquille
papagayo enmascarado	Perruche masquée
papagayo escarlata	Perruche écarlate
papagayo granate	Perruche pompadour
papagayo moluqueño	Perruche tricolore
papagayo papú	Perruche à ailes vertes
papamoscas cerrojillo	Gobemouche noir
papamoscas collarino	Gobemouche à collier
papamoscas gris	Gobemouche gris
papamoscas papirrojo	Gobemouche nain
paparda del atlántico norte	Balaou de l’Atlantique, poisson osseux don
paparda del pacífico	Saury
papas fritas	Chips, frite, patate frite
papas fritas a la francesa	Frite
papas fritas a la inglesa	Chips
papel aluminio	Papier d’aluminium
papel cebolla	Papier pelure
papel de arroz	Papier de riz
papel de calco	Papier calque
papel de carta	Papier à lettres
papel de estraza	Papier kraft
papel de lija	Papier de verre
papel de piel de elefante	Papier peau d’éléphant
papel de regalo	Papier cadeau
papel de tornasol	Papier de tournesol
papel electrónico	Papier électronique
papel higiénico	Papier toilette, papier hygiénique
papel jaspeado	Papier marbré
papel kraft	Papier kraft
papel madera	Papier kraft
papel mural	Papier peint
papel para cartas	Papier à lettres
papel pintado	Papier peint
papel plata	Papier d’aluminium
papel secante	Papier buvard
papel sulfurizado	Papier cuisson
papel tornasol	Papier de tournesol
papelera de reciclaje	Corbeille
papión chacma	Chacma
papión de anubis	Babouin olive
papión oliva	Babouin olive
papá estado	État-nounou
papá noel	Père Noël
paquete chileno	Arnaque qui consiste à mettre au sol au fa
par de francia	Pair de France
par mínimo	Paire minimale
para dejar sin aliento	À couper le souffle
para desgracia de	Au grand dam de
para el arrastre	Au bout du rouleau
para ello	Pour ce faire, à cet effet
para ese efecto	À cet effet
para gustos hay colores	Des goûts et des couleurs, on ne discute pas
para que	Afin que, pour que
para quitar el aliento	À couper le souffle
para quitar el hipo	À couper le souffle
para siempre	Pour toujours; Pour de bon
paraboloide hiperbólica	Paraboloïde hyperbolique
parada de autobús	Arrêt de bus
parada de metro	Station de métro
paradoja del mentiroso	Paradoxe du menteur
paralaje horizontal	Parallaxe horizontale
parar bolas	Faire attention
parar el golpe	Tenir le coup
paraulata acanelada	Merle cacao
paraulata morera	Merle géant
paraulata ojos de candil	Merle à lunettes
paraíso fiscal	Paradis fiscal
parcha de guinea	Barbadine
parcha granadilla	Barbadine
parche curita	Pansement
parda alpina	Brune
pardalote cejirrojo	Pardalote à sourcils rouges
pardalote de puntas amarillas	Pardalote à point jaune
pardalote estriado	Pardalote à point jaune
pardalote moteado	Pardalote pointillé
pardalote tasmano	Pardalote de Tasmanie
pardela atlántica	Puffin cendré
pardela balear	Puffin des Baléares
pardela cabeza negra	Puffin majeur
pardela canaria	Puffin cendré
pardela canosa	Puffin leucomèle
pardela capirotada	Puffin majeur
pardela cenicienta caboverdiana	Puffin du Cap-Vert
pardela cenicienta canaria	Puffin cendré
pardela cenicienta mediterránea	Puffin de Scopoli
pardela chica	Petit puffin
pardela chica de cabo verde	Puffin de Boyd
pardela chica del norte	Puffin de Macaronésie
pardela culinegra	Puffin cul-noir
pardela de anteojos	Puffin à lunettes
pardela de audubon	Puffin d’Audubon
pardela de bannerman	Puffin de Bannerman
pardela de barolo	Puffin de Macaronésie
pardela de bryan	Puffin de Bryan
pardela de cabo verde	Puffin du Cap-Vert
pardela de heinroth	Puffin de Heinroth
pardela de hutton	Puffin de Hutton
pardela de la macaronesia	Puffin de Macaronésie
pardela de las bonin	Puffin de Bannerman
pardela de las galápagos	Puffin des Galapagos
pardela de navidad	Puffin de la Nativité
pardela de newell	Puffin de Newell
pardela de parkinson	Puffin de Parkinson
pardela de pascua	Puffin de la Nativité
pardela de revillagigedo	Puffin de Townsend
pardela de tasmania	Puffin à bec grêle
pardela de townsend	Puffin de Townsend
pardela de westland	Puffin du Westland
pardela del pacífico	Puffin fouquet
pardela dorsigrís	Puffin de Buller
pardela gavia	Puffin volage
pardela gorgiblanca	Puffin à menton blanc
pardela gris	Puffin gris
pardela mayor	Puffin majeur
pardela mediterránea	Puffin yelkouan
pardela negruzca	Puffin à pieds pâles
pardela oscura	Puffin fuligineux
pardela paticlara	Puffin à pieds pâles
pardela patirrosa	Puffin à pieds roses
pardela persa	Puffin persique
pardela pichoneta	Puffin des Anglais
pardela sombría	Puffin fuligineux
pardela tropical	Puffin de Baillon
pardillo común	Linotte mélodieuse
pardillo del artico	Sizerin blanchâtre
pardillo piquigualdo	Linotte à bec jaune
pardillo sizerín	Sizerin flammé
pardo corzo	Fauve
pared abdominal	Paroi abdominale
pared del ojo	Mur de l’œil
pared medianera	Mur mitoyen
pared primaria	Paroi primaire
pared secundaria	Paroi secondaire
pared uterina	Paroi utérine
pareja franco-alemana	Couple franco-allemand
pargo de llama	Vivaneau flamme
paridad de género	Parité de genre
parina grande	Flamant des Andes
parlamento europeo	Parlement européen
paro técnico	Chômage technique
parque acuático	Parc aquatique
parque de atracciones	Parc d’attractions
parque de bomberos	Caserne de pompiers
parque eólico	Parc éolien
parque nacional	Parc national
parque natural	Parc naturel, réserve naturelle
parque para bebés	Parc à bébé
parque zoológico	Parc zoologique
parra de madeira	Boussingaultie
parson russell terrier	Terrier du révérend Russell
parte contraria	Partie adverse
parte de la oración	Partie du discours
parte del león	Part du lion
parte por millón	Partie par million
parte resolutiva	Dispositif
parterre bordado	Parterre de broderie
parti pris	Parti pris
participio pasado	Participe passé
participio presente	Participe présent
particula de higgs	Boson de Higgs
partido político	Parti politique
partir la madre	Casser la gueule, niquer sa mère
partirle el morro	Casser la gueule
partirse el pecho	Se fendre la pêche
partícula alfa	Particule α, particule alpha
partícula elemental	Particule élémentaire
partícula subatómica	Particule subatomique
parálisis cerebral	Paralysie cérébrale
parálisis del sueño	Paralysie du sommeil
parálisis por picadura de garrapata	Paralysie à tiques
paréntesis angular	Crochet oblique, chevron
paréntesis triples	(((écho))), triple parenthèse
pasa de corinto	Raisin de Corinthe
pasadizo secreto	Passage secret
pasado de moda	Démodé
pasado mañana	Après-demain
pasaje oculto	Passage secret
pasaje secreto	Passage secret
pasaporte de vacunación	Passeport vaccinal
pasaporte vacunal	Passeport vaccinal
pasar a la acción	Passer à l’acte
pasar al acto	Passer à l’acte
pasar al otro lado	Dépasser, passer
pasar de castaño oscuro	Dépasser les bornes
pasar de largo	Dépasser, passer
pasar de las palabras a los hechos	Joindre le geste à la parole
pasar el rubicón	Franchir le Rubicon
pasar la noche	Coucher
pasar la página	Tourner la page
pasar lista	Faire l’appel
pasar por alto	Ignorer, passer outre, se moquer de
pasar por la experiencia	Apprendre par l’expérience, subir
pasar por la quilla	Supplice de la cale
pasar por las narices	Faire preuve d’une insistance excessive à
pasar un examen	Passer un examen
pasar un ángel	Un ange passe
pasarla bien	Se la couler douce
pasarse la luz roja	Brûler un feu rouge
pascua judía	Pâques, fête juive
pase de abordaje	Carte d’embarquement
pase de abordar	Carte d’embarquement
paseo virtual	Visite virtuelle
pasillo humanitario	Couloir humanitaire
pasillo rodante	Tapis roulant
paso a nivel	Passage à niveau
paso a paso	Pas à pas
paso al acto	Passage à l’acte
paso canadiense	Passage canadien, barrière canadienne, bovistop
paso de cebra	Passage protégé, passage piéton
paso de fauna	Écoduc
paso de montaña	Col, passage de montagne
paso doble	Paso doble
paso en falso	Faux pas
paso relámpago	Passage éclair
pasta choux	Pâte à choux
pasta de dientes	Dentifrice
pasta de frutas	Pâte de fruit
pasta de soldar	Crème à braser
pasta de tomate	Concentré de tomates, concentré de tomate
pasta de zapatos	Cirage
pasta para papel	Pâte à papier
pastel de belém	Nata
pastel de carne	Hachis parmentier, pain de viande, rôti haché
pastel de fruta	Cake (gâteau)
pastel de luna	Gâteau de lune
pastel de nata	Nata
pastel de queso	Cheesecake
pastel del diablo	Gâteau du diable
pastel espacial	Space cake
pastel vasco	Gâteau basque
pastizal seco	Pelouse aride
pasto de agua	Potamot
pasto de limon	Citronnelle
pasto dentado	Panic
pasto diente de perro	Chiendent pied de poule
pasto verde	Pâture verte, pré enherbé ; par opposition
pastor alemán	Berger allemand
pastor australiano	Berger australien
pastor belga groenendael	Berger belge groenendael
pastor belga laekenois	Berger belge laekenois
pastor belga malinois	Berger belge malinois
pastor belga tervuerense	Berger belge tervuren
pastor blanco suizo	Berger blanc suisse
pastor catalán	Berger catalan
pastor caucásico	Berger du Caucase
pastor de anatolia	Berger d’Anatolie
pastor de brie	Berger de Brie
pastor de karst	Berger du karst
pastor de los pirineos	Berger des Pyrénées
pastor de picardía	Berger de Picardie
pastor de tatra	Berger des Tatras
pastor del sur de rusia	Berger de Russie méridionale
pastor eléctrico	Poste de clôture
pastor ganadero australiano	Bouvier australien
pastor holandés	Berger hollandais
pastor lapón	Berger finnois de Laponie
pastor lapón de suecia	Lapphund suédois
pastor polaco de valée	Berger polonais de plaine
pastor protestante	Pasteur protestant
pata de cabra	Pied-de-biche
pata de gallo	Ride, patte-d’oie; Panic, pied-de-coq; Pied-de-poule
pata negra	Pata negra
patas arriba	Sens dessus dessous
patas de gallo	Patte-d’oie
patata caliente	Patate chaude
patata de caña	Topinambour, artichaut de Jérusalem; Tubercule de topinambour
patata de telinga	Cambarre de Java
patata dulce	Patate douce (plante); Tubercule de patate douce
patata frita	Frite
patatas bravas	Plat espagnol servi comme tapa et composé
patatas revolconas	Purée épaisse de pommes de terre, spéciali
patente de corso	Lettre de marque
patinaje artístico	Patinage artistique
patinaje de velocidad	Patinage de vitesse
patinaje sobre ruedas	Patinage à roulettes
patinete eléctrico	(trottinette électrique)
patio cubierto	Préau
patio de butacas	Parterre
patito feo	Vilain petit canard
pato arlequín	Arlequin plongeur
pato capuchino	Sarcelle bariolée
pato castaño	Nette brune
pato colorado	Nette rousse
pato cortacorrientes	Merganette des torrents
pato crestudo	Sarcidiorne à bosse
pato criollo	Canard de barbarie, canard musqué
pato cuchara	Canard spatule
pato de anteojos	Canard à lunettes
pato de berbería	Canard de Barbarie
pato de filipinas	Canard des Philippines
pato de hawái	Canard des Hawaï
pato de monte	Sarcidiorne à bosse
pato de pico amarillo	Canard à bec jaune
pato doméstico	Canard colvert
pato gargantillo	Canard des bahamas
pato havelda	Harelde boréale
pato jergón grande	Canard à queue pointue
pato joyuyo	Canard carolin
pato mandarín	Canard mandarin
pato negro	Nette demi-deuil
pato petrel	Prion
pato petrel picofino	Prion de Belcher
pato petrel picogrueso	Prion à bec épais
pato rana de pico delgado	Érismature ornée
pato real	Canard de chiloé
pato rinconero	Hétéronette à tête noire
pato salvaje	Canard sauvage
pato silbón	Dendrocygne fauve
pato-petrel antártico	Prion de la Désolation
pato-petrel de salvin	Prion de Salvin
pato-petrel piquiancho	Prion de Forster
pato-petrel piquicorto	Prion colombe
patois jamaiquino	Créole jamaïcain
patos aguja	Anhinga
patria potestad	Autorité parentale
patrimonio industrial	Patrimoine industriel
patrones de turing	Motifs de Turing
patrón de ojo	Diagramme de l’œil
patrón oro	Étalon-or
patín sobre ruedas	Patin à roulettes
paujil amazónico	Hocco globuleux
paujil colombiano	Hocco d’Albert
paujil culiblanco	Hocco alector
paujil de turbante	Hocco de Daubenton
pava cabeza blanca	Pénélope de Goudot
pava chica	Pénélope péoa
pava chillona	Pénélope de Goudot
pava cojolita	Pénélope panachée
pava crestiblanca	Pénélope à poitrine rousse
pava falcialar	Pénélope de Goudot
pava hedionda	Hoazin, hoazin huppé
pava maraquera	Pénélope de Goudot
pava negra	Pénélope pajuil
pava pajuil	Pénélope pajuil
pava real	Paonne
pava serere	Hoazin, hoazin huppé
pavo real	Paon
pavo ruan	Paon
pavón carunculado	Hocco globuleux
pavón colombiano	Hocco d’Albert
pavón guayanés	Hocco alector
pavón moquiamarillo	Hocco de Daubenton
pavón nocturno	Grand paon de nuit
pavón piquiazul	Hocco d’Albert
pax americana	Pax americana
país constituyente	Pays constitutif
país de nunca jamás	Pays imaginaire
país desarrollado	Pays développé
países bajos españoles	Pays-Bas espagnols
países negros	Pays noir
pañuelo de bolsillo	Mouchoir de poche
pañuelo de cuello	Cache-cou, cache-col
pecado capital	Péché capital
pecado original	Péché originel
pececillo de plata	Lépisme
peces espátula	Spatule
peces linterna	Poisson-lanterne
peces planos	Pleuronecte
peces relojes	Trachichthyidé
peces sierra	Poisson-scie
pecho de paloma	Thorax en carène
pectus carinatum	Thorax en carène, pectus carinatum
pectus excavatum	Thorax en entonnoir, pectus excavatum
pedal de freno	Pédale de frein
pedal del freno	Pédale de frein
pedir la luna	Demander la lune
pedir la mano	Demander la main
pedir noticias	Prendre des nouvelles
pedir por alguien	Prendre des nouvelles
pedir prestado	Emprunter
pedo de lobo	Vesse-de-loup perlée
pedo pinton	Pet de boulanger, pet de maçon
pedregosa menor	Gorgone
pegar en tela	Entoiler
pegarse un tiro en el pie	Se tirer une balle dans le pied
pejerrey mediterráneo	Joël
pejerrey mocho	Athérine grognon, capucette barrée
pejerrey pescadillo	Athérine grognon, capucette barrée
pelaguer plomós	Stipe pennée
pelaya miseres	Phrynorhombe unimaculé
pelea de bolas de nieve	Bataille de boules de neige
peligro amarillo	Péril jaune
pellizcado cutáneo compulsivo	Dermatillomanie
pellona de río de aletas amarillas	Alose-écaille fluviale
pelo crespo	Cheveu crépu
pelo descuidado	Tête de lit
pelo desordenado	Tête de lit
pelo despeinado	Tête de lit
pelo malo	Cheveu crépu
pelo recien salido de la cama	Tête de lit
pelos de punta	Chair de poule
pelota vasca	Pelote basque
pelotas de newton	Pendule de Newton
pelotón de fusilamiento	Peloton d’exécution
pelícano australiano	Pélican à lunettes
pelícano blanco	Pélican d’Amérique, pélican blanc (Pelecan
pelícano blanco americano	Pélican d’Amérique
pelícano ceñudo	Pélican frisé
pelícano oriental	Pélican à bec tacheté
pelícano pardo	Pélican brun
pelícano rosado	Pélican gris
pelícano vulgar	Pélican blanc
película del oeste	Western
película exploitation	Film d’exploitation
pena capital	Peine de mort, peine capitale
pena de muerte	Peine de mort
pender de un hilo	Tenir avec de la broche
pendiente resbaladiza	Pente savonneuse
pensamiento crítico	Esprit critique
pensamiento de grupo	Pensée de groupe
pensamiento gonzalo	Marxisme-léninisme-maoïsme pensée Gonzalo
pensamiento grupal	Pensée de groupe
pensamiento silvestre	Pensée des champs
pensamiento único	Pensée unique
pensarselo dos veces	Y regarder à deux fois
pensión complementaria	Retraite complémentaire
pensión puente	prépension
pentaóxido de dinitrógeno	Pentaoxyde de diazote
pentotal sódico	Thiopental sodique
pentóxido de dinitrógeno	(nom UICPA) Variante de pentaóxido de dini
pepinillo del diablo	Concombre du diable
pepino cimarrón	Tindola
pepino de sabana	Concombre des Antilles
pepino dulce	Pépino
pequeña mariposa de la col	Piéride de la rave
pequeña pantalla	Petit écran
pequeño brabantino	Petit brabançon
pequeño lebrel italiano	Petit lévrier italien
pequeño pavón	Petit paon de nuit
pequeño perro león	Petit chien lion
pequeño sabueso de suiza	Petit chien courant suisse
pequeño sabueso suizo	Petit chien courant suisse
pequeño tres	Tresillo
pequeños pueblos del norte	Petits peuples du Nord
pera de decantación	Ampoule à décanter
pera roja	Aki (fruit)
peral de hojas de almendro	Poirier à feuilles d’amandier
perca americana	Achigan à grande bouche
perca de río	Perche commune
perca del nilo	Perche du Nil
perca regia	Maigre commun, courbine
perca sol	Perche-soleil commune
percepción extrasensorial	Perceptions extra-sensorielles
perder aceite	Être homosexuel
perder coraje	Perdre courage
perder el conocimiento	Perdre connaissance
perder el juicio	Perdre la tête
perder el norte	Perdre son latin
perder el sentido	Perdre connaissance
perder el tiempo	S’amuser
perder la cabeza	Perdre la tête
perder la chaveta	Perdre la tête
perder la consciencia	Perdre connaissance
perder la paciencia	Perdre patience
perder la razón	Perdre la raison
perder las orejas	Laisser des plumes
perder los estribos	Perdre son sang froid
perder los nervios	Perdre son sang froid
perder terreno	Perdre du terrain
perdición del lobo	Hellébore d’hiver
perdiendo también se gana	À quelque chose malheur est bon
perdiguero de burgos	Braque de Burgos
perdiguero de drenthe	Drentse patrijshond
perdiguero frisón	Chien d’arrêt frison
perdiguero portugués	Braque portugais
perdiz blanca	Lagopède
perdiz de chukar	Perdrix choukar
perdiz griega	Bartavelle, perdrix bartavelle
perdiz moruna	Perdrix gambra
perdiz nival	Lagopède
perdiz pardilla	Perdrix grise
perdiz roja	Perdrix rouge
perdonar la vida	Sauver la vie
perejil francés	Cerfeuil
perejil gigante	Berce géante
perejil marino	Fenouil marin
perfilado facial	Contouring
perforador de huevos	Pique-œuf
pericardio fibroso	Péricarde fibreux
perico aligualdo	Perruche à ailes d’or
perico capelo	Perruche à tête pourpre
perico capirotado	Perruche à capuchon noir
perico cariazul	Perruche à bonnet bleu
perico carigualdo	Perruche à oreilles jaunes
perico cornudo	Perruche cornue
perico de corona azul	Conure à tête bleue
perico de el oro	Conure d’Orcés
perico de frente escarlata	Conure de Wagler
perico de garganta oliva	Conure aztèque
perico de garganta roja	Conure à gorge rouge
perico de las antípodas	Perruche des Antipodes
perico de las chatham	Perruche des Chatham
perico de norfolk	Perruche de Norfolk
perico de port lincoln	Perruche à collier jaune
perico de socorro	Conure de Socorro
perico de tasmania	Perruche à ventre jaune
perico de uvea	Perruche d’Ouvéa
perico de vientre rojo	Conure de Vieillot
perico dorsirrojo	Perruche à croupion rouge
perico elegante	Perruche de Pennant
perico frentinaranja	Conure à front rouge
perico frentirrojo	Conure de Finsch
perico gorjirrojo	Conure à gorge rouge
perico gracioso	Perruche gracieuse
perico grande	Conure tiriba
perico maorí cabecigualdo	Perruche à tête d’or
perico maorí montano	Perruche de Malherbe
perico maorí rojo	Perruche de Sparrman
perico multicolor	Perruche omnicolore
perico nocturno	Perruche nocturne
perico ojiblanco	Conure pavouane
perico princesa	Perruche d’Alexandra
perico pálido	Perruche à tête pâle
perico regente	Perruche mélanure
perico soberbio	Perruche de Barraband
perico terrestre	Perruche terrestre
perico variado	Perruche multicolore
perifollo bulboso	Cerfeuil tubéreux
perifollo oloroso	Cerfeuil musqué
perifollo verde	Cerfeuil sauvage
periodista ciudadano	Journaliste citoyen
periodista reportero de imágenes	Journaliste reporteur d’images
peripheral component interconnect	PCI
periquito barbinaranja	Toui à menton d’or
periquito cara sucia	Conure cuivrée
periquito común	Perruche ondulée
periquito crisóstomo	Perruche à bouche d’or
periquito elegante	Perruche élégante
periquito espléndido	Perruche splendide
periquito hondureño	Conure à gorge rouge
periquito migrador	Perruche de Latham
periquito pacífico	Conure de Ridgway
periquito roquero	Perruche des rochers
periquito rosado	Perruche de Bourke
periquito turquesa	Perruche turquoisine
periquito ventrinaranja	Perruche à ventre orange
perito mercantil	Expert-comptable
perla de las cavernas	Perle des cavernes
perla de los andes	Dragon de Patagonie
permanganato de sodio	Permanganate de sodium
permeabilidad magnética	Perméabilité magnétique
permiso de caza	Permis de chasse
permiso de conducción	Permis de conduire
permiso de conducir	Permis de conduire
permiso de pesca	Permis de pêche
permiso de trabajo	Congé
perpetua silvestre	Immortelle commune
perrito faldero	Bichon
perro caliente	Hot-dog
perro cazador de mapaches negro y bronce	Chien noir et feu pour la chasse au raton laveur
perro cobrador	Retriever
perro cobrador de cubierta lisa	Retriever à poil plat
perro crestado	Ridgeback
perro crestado rodesiano	Rhodesian ridgeback
perro de agua	Chien d’eau
perro de agua americano	Chien d’eau américain
perro de agua español	Chien d’eau espagnol
perro de agua irlandés	Épagneul d’eau irlandais
perro de aguas frisón	Chien d’eau frison
perro de canaán	Chien de Canaan
perro de caza polaco	Chien courant polonais
perro de chindo	Jindo coréen
perro de compañía	Chien de compagnie
perro de groenlandia	Chien du Groenland
perro de montaña de los pirineos	Patou
perro de muestra	Chien d’arrêt
perro de muestra alemán de pelo largo	Épagneul allemand
perro de osos de carelia	Chien d’ours de Carélie
perro de pastor mallorquín	Berger de Majorque
perro de presa mallorquin	Dogue de Majorque
perro de san huberto	Chien de Saint-Hubert
perro de trineo	Chien d’attelage
perro del atlas	Chien de montagne de l’Atlas
perro dogo mallorquín	Dogue de Majorque
perro doméstico	Chien domestique
perro esquimal canadiense	Esquimau du Canada
perro guardián	Chien de garde
perro lazarillo	Chien d’aveugle
perro lobo	Chien-loup
perro lobo checoslovaco	Chien-loup tchécoslovaque
perro pastor	Chien de berger
perro pastor belga	Berger belge
perro pastor de asia central	Berger d’Asie centrale
perro pastor de las islas shetland	Berger des Shetland
perro pastor de los cárpatos	Berger roumain des Carpates
perro real de egipto	Lévrier persan
perro rojo	Chien rouge, dhole
perro sarnoso	Brebis galeuse
perro sin pelo del perú	Chien nu du Pérou
perro venadero	Chien des buissons
persona con discapacidad	Personne en situation de handicap, personne handicapée
persona con talla baja	Personne de petite taille
persona de muchos oficios	Homme-orchestre, femme-orchestre
persona depresiva	Dépressif
persona física	Personne physique
persona juridica	Personne juridique
persona moral	Personne morale
persona sin hogar	SDF
personaje fantasma	Arlésienne
personal médico	Personnel de santé, personnel soignant
personal sanitario	Personnel de santé, personnel soignant
personalidad jurídica	Personnalité juridique
perspectiva axonométrica	Perspective axonométrique
perspectiva de género	Perspective de genre
perspectiva torcida	Perspective tordue
perverso narcisista	Pervers narcissique
pervertido narcisista	Pervers narcissique
pervinca del madagascar	Bonjour-bonsoir
período antes de la guerra	Avant-guerre
período edo	Époque d’Edo
peróxido de hidrógeno	Peroxyde d’hydrogène, eau oxygénée (H₂O₂)
pesa de telar	Peson
pesca con dinamita	Pêche à la dynamite
pesca con explosivos	Pêche à l’explosif
pesca con granada	Pêche à la grenade
pescado frito	Friture
pescador furtivo	Braconnier
pese a	Malgré
peseta guineana	Peseta guinéenne
peseta saharaui	Peseta sahraouie
peso atómico	Masse atomique, poids atomique
peso de ocho	Pièce de huit
peso muerto	Soulevé de terre
peso neto	Poids net
pestaña doble	Soyage
peste negra	Peste noire
petición de mano	Demande en mariage
petición de principio	Pétition de principe
petirrojo americano	Merle d’Amérique
petit four	Petit four
petitio principii	Pétition de principe
petrel azulado	Prion bleu
petrel de anteojos	Puffin à lunettes
petrel de barba blanca	Puffin à menton blanc
petrel de mentón blanco	Puffin à menton blanc
petrel níveo	Pétrel des neiges, fulmar des neiges
petroleo espeso	Pissasphalte
petróleo de esquisto	Huile de schiste
petróleo de esquisto bituminoso	Huile de schiste
petróleo de lutita	Huile de schiste
pez antonio	Cichlidé-brochet de Johanna
pez borrón	Poisson-blob, blobfish
pez cabeza de toro	Barbotte brune
pez cebra	Poisson-zèbre
pez chato	Pacu
pez chino	Alose-écaille fluviale, poisson d’eau douc
pez cirujano	Poisson-chirurgien
pez cirujano amarillo	Chirurgien jaune
pez cirujano azul	Chirurgien bleu, chirurgien-palette
pez cirujano convicto	Chirurgien-bagnard
pez cofre amarillo	Poisson-coffre jaune, poisson de récif cor
pez cofre moteado	Poisson-coffre jaune, poisson de récif cor
pez con colmillos largos	Poisson-ogre
pez corneta	Cornette
pez de abedul	Goudron de bouleau, poix de bouleau, brai de bouleau
pez de abril	Poisson d’avril (blague); Poisson d’avril (personne trompée)
pez de arena	Poisson de sable
pez de borgoña	Poix de Bourgogne
pez de las anémonas	Amphiprion
pez de leche	Poisson-lait
pez de limón	Sériole couronnée, sériole ambrée
pez de san pedro	Saint-pierre, poisson de l’Atlantique nord
pez diablo	Tétra vampire
pez erizo	Diodon
pez escorpión	Grande vive
pez espada	Espadon (poisson)
pez gato	Silure, barbotte brune
pez gato americano	Barbue de rivière, poisson-chat fréquent e
pez gato caminador	Silure grenouille, poisson osseux d’eau do
pez gato del mekong	Poisson-chat géant du Mékong, poisson-chat
pez globo	Tétrodon
pez gordo	Grosse légume
pez jabón	Cichlidé-brochet de Johanna
pez león	Rascasse à nageoires blanches
pez león con barra de cola	Rascasse à nageoires blanches
pez león de aleta clara	Rascasse à nageoires blanches, poisson de
pez lobo	Loup de l’Atlantique
pez luna	Môle
pez mandarín	Poisson-mandarin
pez mantequilla	Flétan de l’Atlantique, très gros poisson
pez mariposa	Poisson-papillon
pez mariposa africano	Poisson-papillon d’eau douce, poisson de l
pez mariposa barbero	Poisson-papillon à nez noir, poisson de la
pez mariposa de agua dulce	Poisson-papillon d’eau douce, poisson de l
pez mariposa de color azul	Poisson-papillon à tache bleue, poisson ja
pez mariposa de meyer	Poisson-papillon de Meyer
pez millón	Guppy
pez mosquito	Gambusie
pez mular	Syngnathe aiguille
pez murciélago	Poisson chauve-souris
pez navaja africano	Gymnarque du Nil
pez obispo	Aigle vachette
pez payaso	Poisson-clown, amphiprion
pez piedra de arrecife	Poisson-pierre
pez piloto	Poisson pilote
pez pipa de rayas negras	Petite aiguille de mer
pez piña	Poisson pomme de pin, poisson ananas
pez remo gigante	Régalec
pez renacuajo	Grenouille de mer
pez sable	Abadèche barbiche, poisson de la famille d
pez sapo	Crapaud lusitanien
pez unicornio	Nason
pez vela	Voilier
pez vela del atlántico	Voilier de l’Atlantique
pez volador	Poisson volant, exocet
pez ángel	Scalaire, poisson au corps aplati et aux g
pharaoh hound	Chien du pharaon
piano de cola	Piano à queue
piano de media cola	Demi-queue
pibí occidental	Pioui de l’Ouest
pibí oriental	Pioui de l’Est
picar un ojo	Faire de l’œil
pico de coral común	Astrild ondulé
pico de coral de lomo negro	Bec-de-corail
pico de loro	Pince multiprise
pico dorsiblanco	Pic à dos blanc
pico mediano	Pic mar
pico menor	Pic épeichette
pico picapinos	Pic épeiche
pico sirio	Pic syriaque
pico tridactilo	Pic tridactyle
picoespina occidental	Méliphage festonné
picoespina oriental	Méliphage à bec grêle
picopando canelo	Barge marbrée
picovaina de las kerguelen	Petit chionis
picovaina de malvinas	Chionis blanc
picovaina nival	Chionis blanc
picudo de la fresa	Anthonome du framboisier
picudo de la manzana	Anthonome du pommier
picudo rojo	Charançon rouge des palmiers
pie bot	Pied-bot
pie de atleta	Pied d’athlète
pie de caballo	Tussilage
pie de hielo	Ice-foot
pie de león	Alchémille
pie de metro	Vernier
pie de oso	Berce sphondyle
pie de página	Pied de page
pie de pájaro	Ornithope
pie de rey	Pied à coulisse
pie de trinchera	Pied de tranchée
pie egipcio	Pied égyptien
pie equino varo	Pied-bot
pie equinovaro	Pied-bot
pie griego	Pied grec
pie romano	Pied romain
pie varo	Pied bot
pie zambo	Pied-bot
piedra aguzadera	Grès dur
piedra alumbre	Alun, pierre d’alun (sulfate d’aluminium e
piedra amoladera	Grès dur
piedra angular	Pierre angulaire
piedra balanceante	Pierre branlante
piedra caliza	Calcaire
piedra de alumbre	Pierre d’alun
piedra de ciervo	Pierre à cerf, pierre à cerfs
piedra de escándalo	Pierre de scandale
piedra de luna	Pierre de lune
piedra de toque	Pierre de touche (jaspe noir); Pierre de touche
piedra de tropiezo	Pierre d’achoppement
piedra del escándalo	Pierre de scandale
piedra del hambre	Pierre de la faim
piedra del sol	Pierre de soleil
piedra filosofal	Pierre philosophale
piedra latte	Pierre de latte
piedra preciosa	Pierre précieuse
piedra pómez	Ponce
piedra que rueda no cría musgo	Pierre qui roule n’amasse pas mousse
piedra semipreciosa	Pierre semi-précieuse
piedra solar	Pierre de soleil
piel contra piel	Peau à peau
piel de gallina	Chair de poule
piel roja	Peau-rouge
pierna de cordero	Gigot
pieza anatómica	Pièce anatomique
pieza bucal	Pièce buccale
pieza de pan grande	Miche
pieza de teatro	Pièce de théâtre
pieza maestra	Chef-d’œuvre
pigargo europeo	Pygargue à queue blanche
pigargo vocinglero	Pygargue vocifère
pila bautismal	Fonts baptismaux
pila de agua bendita	Bénitier
pillar a desprevenido	Prendre par surprise, prendre au dépourvu
pillar a la desprovista	Prendre par surprise, prendre au dépourvu
pillar descuidado	Prendre par surprise, prendre au dépourvu
piloto automático	Pilote automatique
pimentero falso	Faux-poivrier
pimienta acuática	Hydropiper
pimienta de guinea	Maniguette
pimienta melegueta	Maniguette
pimienta molida	Mignonnette
pimienta negra	Poivre noire
pimienta rosa	Poivre rose
pimpinella morada	Pied bleu, pied-bleu
pinchazo telefónico	Écoute téléphonique
pingüino adelia	Manchot Adélie (oiseau)
pingüino azul	Manchot pygmée
pingüino azul patas rayadas de blanco	Manchot à ailerons blancs (oiseau)
pingüino barbijo	Manchot à jugulaire (oiseau)
pingüino crestado	Gorfou huppé (oiseau)
pingüino de el cabo	Manchot du Cap (oiseau)
pingüino de humboldt	Manchot de Humboldt (oiseau)
pingüino de las galápagos	Manchot des Galapagos (oiseau)
pingüino de los galápagos	Manchot des Galapagos (oiseau)
pingüino de magallanes	Manchot de Magellan
pingüino de ojo amarillo	Manchot à œil jaune (oiseau)
pingüino de ojos amarillos	Manchot à œil jaune (oiseau)
pingüino de sclater	Gorfou huppé (oiseau)
pingüino emperador	Manchot empereur (oiseau)
pingüino juanito	Manchot papou (oiseau)
pingüino magallánico	Manchot de Magellan (oiseau)
pingüino ojigualdo	Manchot à œil jaune
pingüino papúa	Manchot papou (oiseau)
pingüino patagónico	Manchot de Magellan (oiseau)
pingüino pequeño	Manchot pygmée (oiseau)
pingüino rey	Manchot royal (oiseau)
pino albar	Pin sylvestre
pino amarillo	Pin de l’Arizona
pino carrasco	Pin d’Alep
pino chileno	Araucaria du Chili, désespoir des singes
pino chino de bunges	Pin Napoléon
pino de arizona	Pin de l’Arizona
pino de chipre	Pin de Turquie
pino de colorado	Pin aristé
pino de corea	Pin blanc de Corée
pino de cuba	Nom vernaculaire de Pinus caribaea, grand
pino de macedonia	Pin de Macédoine
pino de oregón	Sapin de Douglas
pino hembra	Nom vernaculaire de Pinus tropicalis, gran
pino longevo	Pin Bristlecone
pino macho	Nom vernaculaire de Pinus caribaea, grand
pino manso	Pin parasol
pino marítimo	Pin maritime
pino moro	Pin mugho
pino negro	Pin à crochets
pino piñonero	Pin parasol
pino plateado	Pin Napoléon
pino ponderosa	Pin ponderosa
pino ponderoso	Pin ponderosa
pino real blanco	Sapin du Colorado, sapin concolore, sapin
pino rodeno	Pin maritime, pin de Bordeaux, pinastre
pino rubial	Pin maritime
pino silvestre	Pin sylvestre
pinscher alemán	Pinscher allemand
pinscher miniatura	Pinscher nain
pintada gris	Pintade de Numidie
pintada moñuda	Pintade huppée
pintada negra	Pintade noire
pintada pechiblanca	Pintade à poitrine blanche
pintada vulturina	Pintade vulturine
pintar la mona	Peigner la girafe
pintarroja bocanegra	Chien espagnol
pintura al agua	Peinture à l’eau
pintura al temple	Tempera
pintura al óleo	Peinture à l’huile
pintura corporal	Peinture corporelle
pintura de uñas	Vernis à ongles
pintura monocroma	Monochrome
pintura monocromática	Monochrome
pinza de la ropa	Pince à linge
pinza nariz	Pince-nez
pinza para pezón	Pince à téton
pinza sujetapapeles	Pince-notes
pinzas de depilar	Pince à épiler
pinzón cebra	Diamant mandarin
pinzón común	Pinson des arbres
pinzón de anteojos	Roselin de Burton
pinzón montano de brandt	Roselin de Brandt
pinzón nuquigualdo	Pyrrhoplecte à nuque d’or
pinzón real	Pinson du Nord
pinzón vulgar	Pinson des arbres
pipa de agua	Narguilé
pipa ritual	Calumet
piquero enmascarado	Fou masqué
piquituerto común	Bec-croisé des sapins
piquituerto escocés	Bec-croisé d’Écosse
piquituerto franjeado	Bec-croisé bifascié
piquituerto lorito	Bec-croisé perroquet
piraña colorada	Piranha à ventre rouge
piraña de vientre rojo	Piranha à ventre rouge
piraña natt	Piranha à ventre rouge
piraña roja	Piranha à ventre rouge
pirámide de edades	Pyramide des âges
pirámide de fragancias	Pyramide olfactive
pirámide de población	Pyramide des âges
pirámide demográfica	Pyramide des âges
pirámide truncada	Pyramide tronquée
pisar la manguera	Marcher sur les pieds
piscina para niños	Pataugeoire
piso bajo	Rez-de-chaussée
piso compartido	Colocation
piso de niebla	Étage des brouillards
piso de vegetación	Étage de végétation
piso piloto	Appartement-témoin
pista de baile	Piste de danse
pista de esquí seco	Piste de ski sèche
pista de hielo	Patinoire
pista de tenis	Court de tennis
pista fósil	Empreinte fossile
pistola de agua	Pistolet à eau
pistola de aire	Soufflette
pistola de aire caliente	Pistolet à air chaud
pistola de calor	Pistolet à air chaud
pit bull terrier americano	American pit bull terrier
pita aliazul	Brève à ailes bleues
pita angoleña	Brève d’Angola
pita arcoiris	Brève iris
pita azul	Brève bleue
pita bandeada	Brève à bandeau
pita barrada de borneo	Brève de Schwaner
pita barrada de java	Brève azurine
pita barrada malaya	Brève de Malaisie
pita bulliciosa	Brève versicolore
pita cabeciazul	Brève à tête bleue
pita carinegra	Brève masquée
pita de cabeza azul	Brève à tête bleue
pita de elliot	Brève d’Elliot
pita de gurney	Brève de Gurney
pita de halmahera	Brève d’Halmahera
pita de los mangles	Brève des palétuviers
pita de luzón	Brève de Koch
pita de manglar	Brève des palétuviers
pita de mindanao	Brève de Steere
pita de schneider	Brève de Schneider
pita elegante	Brève élégante
pita encapuchada	Brève à capuchon
pita gigante	Brève géante
pita graciosa	Brève gracieuse
pita granate	Brève grenadine
pita gritona	Brève versicolore
pita india	Brève du Bengale
pita lomiazul	Brève à dos bleu
pita ninfa	Brève migratrice
pita nuquiazul	Brève à nuque bleue
pita orejuda	Brève ornée
pita pechiverde	Brève à poitrine verte
pita rojiza	Brève à nuque fauve
pita soberbia	Brève superbe
pita ventrirroja	Brève à ventre rouge
pito cano	Pic cendré
pito negro	Pic noir
pito verde	Pivert
pitotoy chico	Petit chevalier à pattes jaunes
pitón de la india	Python molure
pizarrón blanco	Tableau blanc
pizza blanca	Pizza blanche
piña colada	Piña colada
piñón fijo	Idée fixe
placa base	Carte mère
placa de calle	Plaque de rue
placa de la aguja	Plaque d’aiguille
placa de petri	Boîte de Petri
placa dental	Plaque dentaire
placa giratoria	Pivotement
placa madre	Carte mère
placa tectónica	Plaque tectonique
placer solitario	Plaisir solitaire
plan general	Plan directeur
plan marshall	Plan Marshall
plancha de aforo	Ajutage, ajoutage, ajoutoir
plancha de ropa	Fer à repasser
planeta enano	Planète naine
planeta gigante	Planète géante
planeta interestelar	Planète errante
planeta océano	Planète-océan
planeta pegasiano	Jupiter chaud
planeta rojo	Planète rouge
planeta superhabitable	Planète super-habitable
planeta terrestre	Planète tellurique
planificación familiar	Planning familial
planificación territorial	Aménagement du territoire
plano americano	Plan américain
plano complejo	Plan complexe
plano de inmanencia	Plan d’immanence
plano de la expresión	Plan de l’expression
plano de referencia	Plan de référence
plano de trascendencia	Plan de transcendance
plano de tres cuartos	Plan américain
plano del contenido	Plan de contenu
plano inclinado	Plan incliné
plano secuencia	Plan-séquence
planta acuática	Plante aquatique
planta baja	Rez-de-chaussée
planta china del dinero	Plante à monnaie chinoise
planta de concreto	Centrale à béton
planta de interior	Plante d’intérieur
planta de ostras	Salsifi, salsifi blanc
planta de té	Théier
planta del pie	Plante du pied
planta fantasma	Porcelaine
planta hambrienta	Limodore à feuilles avortées
planta madre perla	Porcelaine
planta melífera	Plante mellifère
planta misionera	Plante à monnaie chinoise
planta ornamental	Plante ornementale
planta primera	Premier étage
planta trepadora	Plante grimpante
planta vascular	Plante vasculaire
plaqueta sanguina	Plaquette sanguine
plasma sanguíneo	Plasma sanguin
plasticidad neural	Plasticité cérébrale
plasticidad neuronal	Plasticité cérébrale
plata o plomo	Accepter un pot-de-vin ou subir les conséq
plataforma continental	Plateau continentale
plataforma de lanzamiento	Pas de tir
plataforma elevadora tipo montacargas	Chariot cavalier
plataforma en línea	Plateforme en ligne
platillo volador	Soucoupe volante
platillo volante	Soucoupe volante
plato fuerte	Pièce de résistance
plato giradiscos	Platine
plató de rodaje	Plateau de tournage
playerito blanco	Bécasseau sanderling
playerito pectoral	Bécasseau tacheté
playero común	Bécasseau variable
playero ártico	Bécasseau maubèche
plaza de soberanía	Place de souveraineté, petit territoire, s
plaza de toros	Arènes
plaza mayor	Grand-place
pleno empleo	Plein emploi, plein-emploi
pleuroto en forma de ostra	Pleurote en huître
plexo celiaco	Plexus cœliaque
plexo celíaco	Plexus cœliaque
plexo solar	Plexus cœliaque
pliego de condiciones	Cahier des charges
pliego de principios	Liminaire
pluma estilográfica	Stylo-plume
plumbago azul	Dentelaire du Cap
plumero de la pampa	Herbe de la pampa
plurale tantum	Plurale tantum
pluralia tantum	Plurale tantum
plus de peligrosidad	Prime de risque
plástico de burbuja	Papier bulle
plátano de sombra	Platane
plátano de virginia	Platane d’Amérique
plátano falso	Érable sycomore
plátano guineo	Banane
plátano macho	Banane plantain
plátano oriental	Platane d’Orient
plúteo cervino	Plutée couleur de cerf
poblar el tiempo	Passer le temps
pobre de caridad	Pauvre comme Job
pobre de solemnidad	Pauvre comme Job
poc chuc	Préparation de porc mariné, typique de la
poco a poco	Peu à peu, petit à petit
poco a poco hila la vieja el copo	Petit à petit, l’oiseau fait son nid
poco a poco se llega lejos	Petit à petit, l’oiseau fait son nid
poco atractivo	Rébarbatif
poco después	Peu après
poco recomendable	Infréquentable
poda de topiaria	Topiaire
podargo australiano	Podarge gris
podargo colicorto	Podarge à tête grise
podargo colilargo	Podarge de Hodgson
podargo cornudo	Podarge cornu
podargo de blyth	Podarge de Blyth
podargo de borneo	Podarge de Bornéo
podargo de ceilán	Podarge de Ceylan
podargo de dulit	Podarge de Hartert
podargo de java	Podarge de Java
podargo de las salomón	Podarge des Salomon
podargo de palawan	Podarge de Palawan
podargo estrellado	Podarge étoilé
podargo filipino	Podarge des Philippines
podargo ocelado	Podarge ocellé
podargo orejudo	Podarge oreillard
podargo papú	Podarge papou
podenco canario	Chien de garenne des Canaries
podenco ibicenco	Podenco d’Ibiza
podenco portugués	Podengo portugais
poder absoluto	Plein pouvoir
poder adquisitivo	Pouvoir d’achat
poder de adquisición	Pouvoir d’achat
poder de compra	Pouvoir d’achat
poder de decisión	Pouvoir de contrôle
poder de resolución	Pouvoir de résolution
poder edulcorante	Pouvoir sucrant
poder ejecutivo	Pouvoir exécutif
poder endulzante	Pouvoir sucrant
poder inteligente	Pouvoir intelligent
poder judicial	Pouvoir judiciaire
poder legislativo	Pouvoir législatif
poder simbólico	Pouvoir symbolique
poder temporal	Pouvoir temporel
poderes públicos	Pouvoirs publics
poderoso caballero es don dinero	Argent comptant fait content
podredumbre noble	Pourriture noble
poema sinfónico	Poème symphonique
pointer inglés	Pointer
pole dance	Pole dance
poleo blanco	Micromérie du Liban
poleo de varillas	Micromérie de Grèce
policia acostado	Gendarme couché
policía científica	Police scientifique
policía local	Police municipale
policía montada	Police montée
policía municipal	Police municipale
polilla cinabrio	Goutte-de-sang
polilla crepuscular de madagascar	Uranie de Madagascar
polilla de la hierba cana	Goutte-de-sang
polilla penacho	Ptérophore blanc
polinización cruzada	Allopollinisation
polipodio del sur	Polypode du Sud
polla de agua	Poule d’eau
polla gris	Gallinule poule d’eau
pollo arturo	Poulet frit
pollo kiev	Poulet à la mode de Kiev, poulet à la kiév
pollona negra	Gallinule poule d’eau
polluela bastarda	Marouette poussin
polluela chica	Marouette de Baillon
polluela pintoja	Marouette ponctuée
polo celeste	Pôle céleste
polo de inaccesibilidad de eurasia	Pôle eurasien d’inaccessibilité
polo norte	Pôle Nord
polo norte celeste	Pôle Nord céleste
polo sur celeste	Pôle Sud céleste
polvos de madre celestina	Poudre de perlimpinpin
polímetro digital	Multimètre numérique
política de avestruz	Politique de l’autruche
política del avestruz	Politique de l’autruche
política lingüística	Politique linguistique
políticamente correcto	Politiquement correct
pomada para labios	Baume à lèvres
pomelo rosa	Pamplemousse rose
pompa de jabón	Bulle
pompas fúnebres	Pompes funèbres
ponchito de pecho ocre	Grallaire ocrée
ponchito enano	Grallaire naine
ponchito ocráceo	Grallaire ocrée
ponciana enana	Flamboyant, petit flamboyant, œillet d’Espagne
ponciana real	Flamboyant
ponente alternativo	Rapporteur fictif
ponente principal	Orateur principal
poner a cien	Exciter quelqu'un
poner a pensar a	Donner du grain à moudre
poner a precio la cabeza de uno	Mettre la tête à prix
poner a prueba	Mettre à l’épreuve, éprouver
poner al revés	Renverser
poner atención	Faire gaffe, braquer
poner cara de circunstancias	Prendre un air sérieux
poner chinitas	Mettre des bâtons dans les roues
poner contra la pared	Mettre au pied du mur
poner de realce	Mettre en exergue
poner el carro delante de los bueyes	Mettre la charrue avant les bœufs, mettre la charrue devant les bœufs
poner en claro	Mettre au clair
poner en duda	Mettre en doute
poner en escena	Mettre en scène
poner en evidencia	Mettre en avant
poner en libertad	Libérer, relâcher, mettre en liberté
poner en marcha	Enclencher
poner en subasta	Crier
poner en tela de juicio	Remettre en question
poner la cabeza bajo el ala	Faire l’autruche
poner la mesa	Mettre la table
poner las bragas	Culotter
poner las cartas sobre la mesa	Jouer cartes sur table
poner las cosas en orden	Faire le ménage
poner los cachos	Cocufier, encorner
poner los cuernos	Cocufier
poner los pies	Mettre les pieds
poner los puntos sobre las íes	Mettre les points sur les i
poner mala cara	Faire grise mine, faire la moue
poner malo	Révolter
poner palos en las ruedas	Mettre des bâtons dans les roues
poner pies en polvorosa	Prendre la poudre d’escampette
poner termino	Mettre un terme
poner toda la carne en el asador	Mettre tous ses œufs dans le même panier
poner todos los huevos en la misma cesta	Mettre tous ses œufs dans le même panier
ponerse a gusto	Aiser, se mettre à l’aise
ponerse de pie	Se mettre debout
ponerse de punta y blanco	Se mettre sur son trente-et-un
ponerse de rodillas	Agenouiller
ponerse en pie	Surgir, sursauter
ponerse las pilas	Mettre au pas
ponerse manos a la obra	Mettre la main à la pâte
ponerse nervioso	Énerver
ponerse uno mismo la soga al cuello	Tendre le bâton pour se faire battre
poni de las shetland	Shetland
ponte cubierto	Pont couvert
popoloca de san juan atzingo	Popoloca de San Juan Atzingo
popoloca de san marcos tlacoyalco	Popoloca de San Marcos Tlacoyalco
por abajo	En bas
por adelantado	D’avance, à l’avance
por anticipado	D’avance, à l’avance
por añadidura	De surcroît
por casualidad	Par hasard
por ciento	Pour cent
por cierto	À propos
por completo	En entier
por consiguiente	Ensuite
por debajo	Par-dessous
por decir poco	Pour dire peu
por decirlo así	Pour ainsi dire
por defecto	Par défaut
por delante de	Au-delà de
por descontado	Bien entendu
por descortado	bien entendu
por detrás de	À l’insu de
por ejemplo	Par exemple
por el amor de dios	Pour l’amour de Dieu
por el bien de la conciencia	Par acquit de conscience
por el contrario	Au contraire
por el momento	Pour l’instant
por ello	De ce fait
por encima	En haut, au-dessus
por ende	Donc
por eso	Donc, c'est pourquoi
por este motivo	Aussi
por excelencia	Par excellence
por extensión	Par extension
por favor	S’il vous plaît, s’il te plaît (exprime un; Je vous en prie, je t’en prie (expri
por fin	Enfin
por fortuna	Heureusement
por fuerza	De force, par force
por hache o por be	pour une raison quelconque
por iniciativa propia	De son propre chef
por la face	Gratuitement, à l’œil
por la izquierda	À gauche, vers la gauche; Au marché noir
por la mañana	Le matin
por la noche	Le soir
por la tarde	Après-midi; Le soir
por lo bajini	Sans tambour ni trompette
por lo demás	Par ailleurs, à part cela
por lo menos	Au moins, du moins
por lo más	Tout au plus
por lo que respecta a	En ce qui concerne
por lo que yo sé	Autant que je sache
por lo tanto	Donc; Aussi, c’est pourquoi
por lo tocante a	Concernant, quant à; Vis-à-vis, en relation avec; Au sujet de, de, en
por los montes y por los valles	Par monts et par vaux
por medio de	Au moyen de, par
por menos de nada	pour aucune raison
por mi parte	Pour ma part
por miedo a que	De peur que
por mil	Pour mille
por momentos	Par moments
por nada del mundo	À aucun prix
por naturaleza	Par nature
por ninguna causa	À cause de rien
por ningún motivo	À cause de rien
por no decir	Pour ne pas dire
por otra parte	D'ailleurs, et puis
por otro lado	D’autre part
por qué	Pourquoi
por qué no	Pourquoi pas
por seguro	Pour sûr
por semejante	Également, similairement
por separado	Particulièrement
por si acaso	Au cas que, au cas où, à tout hasard
por si misma	Elle-même
por si mismo	En tant que tel
por suerte	Par chance, par hasard
por supuesto	Certainement, bien sûr
por tanto	Donc, partant, par suite
por temor a que	De peur que
por tierra y por mar	Par monts et par vaux
por toda causa	Pour toutes sortes de raisons
por todas partes	partout
por un lado	D’autre part
por un pedazo de pan	Bouchée de pain
por un tubo	À tour de bras
por último	Enfin (utilisé à la fin d’une énumération,
porcelana de pasta blanda	Porcelaine tendre
porcelana de pasta dura	Porcelaine dure
porn chic	Porno chic
porno chic	Porno chic
poroto de españa	Haricot d’Espagne
porrón americano	Fuligule à tête rouge
porrón bastardo	Fuligule milouinan
porrón europeo	Fuligule milouin
porrón islándico	Garrot d’Islande
porrón moñudo	Fuligule morillon
porrón osculado	Garrot à œil d’or
porrón pardo	Fuligule nyroca
portador de carga	Porteur de charge
porte debido	Port dû
porte pagado	Port payé, POP
portero electrónico	Interphone
portero eléctrico	Interphone
posa mouse	Tapis de souris
posar la vista	Poser les yeux
posición de loto	Lotus
posición decúbito	Décubitus
posición lateral de seguridad	Position latérale de sécurité
poso de café	Marc de café
post festum	Après coup ou trop tard
postrado en la cama	Grabataire
potasa cáustica	Hydroxyde de potassium, potasse caustique
potasa lejía	Hydroxyde de potassium, potasse caustique
potencia de fuego	Puissance de feu
potencia radiada aparente	Puissance apparente rayonnée
potenciador cognitivo	Nootrope
potenciador del sabor	Exhausteur de goût
poto sucio	Pouilleux
pound cake	Quatre-quarts
pow wow	Pow-wow
pozo canadiense	Puits canadien
pozo de brea	Fosse à bitume
pozo de ciencia	Abîme de science
pozo de sabiduría	Puits de science
pozo de visita	Trou d’homme
pozo provenzal	Puits provençal
pradero común	Sturnelle des prés
pradero de lilian	Sturnelle de Lilian
pradero gorjeador	Sturnelle de l’Ouest
precio de intervención	Prix d’intervention
precio natural	Prix de revient
predicar agua y beber vino	Fais ce que je dis, pas ce que je fais, faites ce que je dis, ne faites pas ce que je fais
predicar con el ejemplo	Prêcher d’exemple
prefijo delante del verbo	Pré-verbe
pregunta capciosa	Question piège
pregunta retórica	Question rhétorique
preguntar por	S’enquérir
preguntas frecuentes	Foire aux questions
prejuicio racista	Préjugé racial
premio nobel	Prix Nobel
prenda de vestir	Vêtement
prenda interior	Sous-vêtement
prender fuego	Incendier
prensa de ajos	Presse-ail
prensa de extruir	Boudineuse
prensa de extrusión	Boudineuse
prensa hidráulica	Presse hydraulique
preocuparse por	Avoir soin de, se soucier de, s'occuper, v
presa canario	Dogue des Canaries
prescindir de	Se passer de
prescripción adquisitiva	Usucapion
presencia marítima coordinada	Présence maritime coordonnée
presentar su candidatura	Candidater
presentarse como candidato	Candidater
presidente municipal	Maire
presilla de alondra	Nœud en tête d’alouette
presión atmosférica	Pression atmosphérique
presión de saturación de vapor	Pression de vapeur saturante
presión de vapor de saturación	Pression de vapeur saturante
presión evolutiva	Pression de sélection
presión oncótica	Pression oncotique
presión osmótica	Pression osmotique
presión sanguínea	Pression artérielle, tension artérielle
preso político	Prisonnier politique
press de banca	Développé couché
prestación por hijo	Allocation familiale
prestación social	Prestation sociale
prestar atención	Prêter attention
prestar auxilio	Porter secours
prestar juramento	Prêter serment
prestar servicio	Servir
presunción de inocencia	Présomption d’innocence
presupuesto de carbono	Budget carbone
pretium doloris	Pretium doloris
prima de riesgo	Prime de risque
prima donna	Prima donna
prima hermana	Cousine germaine
prima segunda	Cousine deuxième
primaria presidencial	Primaires de l'élection présidentielle
prime time	Prime time
primer bailarín	Danseur étoile
primer ministro	Premier ministre
primer mundo	Premier monde
primer plato	Entrée
primer testimonio	Grosse
primera bailarina	Danseuse étoile
primera comunión	Première communion
primera de la clase	Premier de la classe
primera guerra mundial	Première Guerre mondiale
primera línea	Première ligne
primera ministra	Premier ministre, première ministre
primera noticia	Première nouvelle
primera orquídea araña	Ophrys araignée
primera persona	Première personne
primera persona del plural	Première personne du pluriel
primera persona del singular	Première personne du singulier
primero de la clase	Premier de la classe
primeros auxilios	Premiers secours
primo esquídor	cousin squiteur
primo hermano	Cousin germain
primo segundo	Arrière-cousin
primo tercero	Cousin au troisième degré
primos entre sí	Premiers entre eux
principio antrópico	Principe anthropique
principio contaminador-pagador	Principe du pollueur-payeur
principio de hanlon	Rasoir de Hanlon
principio de inmanencia	Principe d’immanence
principio de la pitufina	Syndrome de la Schtroumpfette
principio de precaución	Principe de précaution
principio quien contamina paga	Principe du pollueur-payeur
prion picofino	Prion de Belcher
prionopo crestiblanco	Bagadais casqué
prisionero de guerra	Prisonnier de guerre
privación de sueño	Privation de sommeil
privación del sueño	Privation de sommeil
privar el paso	Barrer le chemin
privilegio blanco	Privilège blanc
prión antártico	Prion de la Désolation
prión picofino	Prion de Belcher
prión picogrueso	Prion à bec épais
prión piquiancho	Prion de Forster
probar las aguas	Tâter le terrain, tâter l’eau
probeta de tracción	Éprouvette de traction
problema de la parada	Problème de l’arrêt
proceder de	S’ensuivre
procedimiento civil	Procédure civile
procesamiento de texto	Traitement de texte
procesamiento por lotes	Batch
procesionaria del pino	Processionnaire du pin
proceso de mejora continua	Processus d’amélioration continue
proceso isotérmico	Transformation isotherme
processo de paz	Processus de paix
procurador del estado	Procureur
procurador general	Procureur général
procurar que	Faire en sorte que
productividad primaria	Productivité primaire
producto de belleza	Produit de beauté
producto de consumo	Produit de consommation
producto de lujo	Produit de luxe
producto derivado	Sous-produit
producto escalar	Produit scalaire
producto estrella	Produit phare
producto notable	Identité remarquable
producto punto	Produit scalaire
producto segundario	Sous-produit
productor de manzana	Pomiculteur
productor primario	Producteur primaire
profecía autocumplida	Prophétie autoréalisatrice
profecía autorrealizada	Prophétie autoréalisatrice
profesión liberal	Profession libérale
profesor de universidad	Maître de conférences
programa informático	Programme informatique
programación funcional	Programmation fonctionnelle
programación imperativa	Programmation impérative
programación orientada a objetos	Programmation objet, programmation par objets, programmation orientée objet
programación orientada al objeto	Programmation objet, programmation par objets, programmation orientée objet
progresión aritmética	Suite arithmétique
progresión geométrica	Suite géométrique
proliferación de algas	Efflorescence algale
promesa de venta	Promesse de vente
prometer el oro y el moro	Promettre monts et merveilles
pronombre demostrativo	Pronom démonstratif
pronombre indefinido	Pronom indéfini
pronombre interrogativo	Pronom interrogatif
pronombre personal	Pronom personnel
pronombre posesivo	Pronom possessif
pronombre preferido	Pronom de préférence
pronombre reflexivo	Pronom réfléchi
pronombre relativo	Pronom relatif
pronunciación recibida	Received pronunciation
propaganda por el hecho	Propagande par le fait
propelente de proyectiles	Propergol
propiamente dicha	Proprement dit
propiamente dicho	Proprement dit, à proprement parler
propiedad intelectual	Propriété intellectuelle
proponer matrimonio	Demander en mariage
proporción de clics	Taux de clics
proposición de ley	Proposition de loi
propuesta de ley	Proposition de loi
propulsión a chorro	Propulsion par réaction
propulsión térmica	Propulsion thermique
prosopopeya inversa	Prosopopée inversée
protección de datos personales	Protection des données personnelles
protección de la salud	Protection de la santé
protección del medio ambiente	Protection de l’environnement
protector contra las excitaciones	Pare-excitation
protector de escritorio	Sous-main
protector de pantalla	économiseur d'écran
protector genital	Coquille
protector solar	Crème solaire
protoryukyuense septentrional	Proto-ryūkyū du Nord
prototai del suroeste	Proto-taï du Sud-Ouest
protésico dental	Prothésiste dentaire
protóxido de nitrógeno	Synonyme de monóxido de dinitrógeno (proto
proveedor de servicios	Prestataire de services
provincia de ultramar	Province ultramarine, province d’outre-mer
provincia ultramarina	Province ultramarine, province d’outre-mer
proyecto de ley	Projet de loi
proyector cinematográfico	Cinématographe
proyector de video	Vidéoprojecteur
prueba de integración	Test d’intégration
prueba de intrusión	Test d’intrusion
prueba de sonido	Balance
prueba de tiempo	Contre-la-montre
prueba del nueve	Preuve par neuf
prueba unitaria	Test unitaire
prusiano antiguo	Vieux prussien
préstamo lingüístico	Emprunt lexical
préstamo léxico	Emprunt lexical
príncipe azul	Prince charmant
príncipe de gales	Prince de Galles
príncipe heredero	Dauphin
próspero año nuevo	Bonne année
prótesis dental	Prothèse dentaire
psicología cognitiva	Psychologie cognitive
psicología social	Psychologie sociale
psiquiatra infantil	Pédopsychiatre
psiquiatría pediátrica	Pédopsychiatrie
pueblo de mala muerte	Trou perdu
pueblo llano	Petit peuple, bas peuple
pueblo no contactado	Peuple non contacté
pueblo perdido	Trou perdu
pueblo raso	Petit peuple, bas peuple
puente acuífero	Pont-canal
puente atirantado	Pont à haubans
puente basculante	Pont basculant
puente colgante	Pont suspendu
puente de barcas	Pont flottant
puente de cuerda	Pont de singe
puente de levante	Pont levant
puente de mando	Passerelle
puente del pie	Voûte plantaire
puente giratorio	Pont tournant
puente levadizo	Pont-levis
puente norte	Northbridge
puente rectificador	Pont de diodes
puente sur	Southbridge
puente suscrito	pontet souscrit
puercoespín crestado	Porc-épic à crête
puercoespín de cola grande	Athérure
puerta de gaviota	Porte papillon
puerta de tijera	Élytre
puerta giratoria	Porte à tambour
puerta vidriera	Porte vitrée
puerto de arrebatacapas	Lieu très venteux; Maison mal tenue, sale, en désordre
puerto paralelo	Port parallèle
pues bien	Qu’à cela ne tienne
puesta de la tierra	Coucher de Terre
puesta del sol	Coucher de soleil
puesta en abismo	Mise en abyme
puesta en escena	Mise en scène
puesta en funcionamiento	Mise en service
puesta en servicio	Mise en service
puestar los vellos de punta	Avoir la chair de poule
puesto de trabajo	Lieu de travail
puesto fronterizo	Poste-frontière
puesto que	Attendu que, car, parce que, puisque, vu q
pulga de mar	Puce de mer
pulmón artificial	Poumon d’acier
pulmón de acero	Poumon d’acier
pulpa cameral	Pulpe camérale
pulpa coronal	Pulpe coronaire
pulpa de celulosa	Pâte à papier
pulpa de papel	Pâte à papier
pulpa dentaria	Pulpe dentaire
pulpa radicular	Pulpe radiculaire
pulpo común	Pieuvre commune
pulpo de roca	Pieuvre commune
pulpo del día	Poulpe diurne
pulpo del pacífico norte	Pieuvre géante du Pacifique
pulpo gigante	Pieuvre géante du Pacifique
pulpo gigante de california	Pieuvre géante du Pacifique
pulpo imitador	Pieuvre mimétique
pulpo mimo	Pieuvre mimétique
pulpo mimético	Pieuvre mimétique
pulpo patudo	Pieuvre à longs bras
pulsador manual de alarma	Alarme incendie
pulsatila común	Anémone pulsatille
pulsatila negruzca	Pulsatille des prés
puma norteamericano	Panthère de Floride, cougar de Floride
punta de lanza	Fer de lance
punta del iceberg	Partie émergée de l’iceberg, sommet de l’iceberg
puntada corrida	Point droit
puntada recta	Point droit
puntas abiertas	Fourchu
punto a	Point A
punto b	Point B
punto base	Point de base
punto caliente	Point chaud
punto cardinal	Point cardinal
punto ciego	Point aveugle, tache aveugle, tache de Mariotte
punto crítico	Point critique
punto de articulación	Point d’articulation
punto de biselado del clavo	Affilure
punto de conveniencia	Point relais
punto de cruz	Point de croix
punto de código	Point de code
punto de destello	Point d’éclair, point d’inflammabilité
punto de ebullición	Point d’ébullition
punto de equilibrio	Seuil de rentabilité
punto de equivalencia	Point équivalent
punto de fuga	Point de fuite, foyer
punto de fusión	Point de fusion
punto de golpeo	Point de vie
punto de guía	Point de conduite
punto de inflamabilidad	Point d’éclair, point d’inflammabilité
punto de inflamación	Point d’inflammation
punto de inflexión	Point d'inflexion
punto de lagrange	Point de Lagrange
punto de lectura	Marque-page
punto de libro	Marque-page
punto de recogida	Point relais
punto de resistencia	Point de vie
punto de rocío	Point de rosée
punto de ruptura	Point de rupture
punto de salud	Point de vie
punto de vida	Point de vie
punto de vista	Point de vue
punto de vista neutral	Point de vue neutre
punto decimal	Séparateur décimal
punto débil	Point faible
punto estacionario	Point stationnaire
punto final	Point final
punto focal	Foyer
punto g	Point G
punto gatillo	Point détente, point gâchette
punto medio	Point médian
punto muerto	Impasse
punto porcentual	Point de pourcentage
punto redondo	Point final
punto seguido	Point à la ligne
punto trifinio	Tripoint
punto triple	Point triple
punto y a la raya	Point à la ligne
punto y coma	Point-virgule
punto y seguido	Point à la ligne
punto álgido	Point d’orgue
puntos suspensivos	Points de suspension
pura vida	Cool, super; Ça va ? Ça va !; Merci. De rien
puta la wea	Putain de merde !
puta madre	Enfoiré, enculé, putain de ta mère, fils d
puño de escota	Point d'écoute
puño de hierro	poigne de fer, main de fer
puño de mono	Poing de singe
puño francés	Poignet mousquetaire
puño rotante	Fulguropoing
págalo antártico	Labbe de McCormick
págalo grande	Grand labbe
págalo pardo antártico	Labbe brun
págalo polar	Labbe de McCormick
págalo pomarino	Stercoraire pomarin
págalo rabero	Labbe à longue queue
págalo subantártico	Labbe antarctique
págalo sureño	Labbe de McCormick
página de inicio	Page d’accueil
página de usuario	Page utilisateur
página en blanco	Page blanche
página web	Page web
páginas preliminares	Liminaire
pájaro arañero	Tichodrome échelette
pájaro azul del este	Merlebleu de l’Est
pájaro azúcar lunado	Méliphage à croissants
pájaro bobo de las galápagos	Manchot des Galapagos (oiseau)
pájaro carpintero	Pic
pájaro de mal agüero	Oiseau de malheur, oiseau de mauvais augure
pájaro del trueno	Oiseau-tonnerre
pájaro mosca	Oiseau-mouche
pájaro moscón	Rémiz penduline
pájaro ratón	Oiseau souris
páramo andino	Biotope andin situé en zone tropicale (du
péndulo de newton	Pendule de Newton
pérdida de función	Perte de fonction
pícea blanca	Épinette blanche
pícea común	Épicéa commun
pícea de noruega	Épicéa commun
pícea de wilson	Épicéa de Wilson
píldora anticonceptiva de emergencia	Pilule du lendemain
píldora del día después	Pilule du lendemain
píldora del día siguiente	Pilule du lendemain
póliza de seguro	Police d’assurance
pólvora de cañón	Poudre à canon
pólvora negra	Poudre noire
pórfido andesítico	Porphyre andésitique
pórfido picrítico	Porphyre picritique
quark extraño	Quark étrange
que aproveche	Bon appétit
que así sea	Ainsi soit-il
que dios te lo pague	Dieu vous le rende
que en paz descanse	Repose en paix
que folle un pez	Aller se faire mettre, aller se faire foutre, aller se faire enculer
que jodan	Aller se faire mettre, aller se faire foutre, aller se faire enculer
que lastima	Tant pis
que su madre	Nique sa mère
que te deja de espaldas	À tomber par terre
que te jodan	S’emploie pour manifester avec virulence à
que tira de espaldas	À tomber par terre
que todo sea eso	Phrase relativisant les petites tracasseri
que yo sepa	Que je sache
quebracho blanco	Nom vernaculaire de Aspidosperma quebracho
quebracho colorado	Nom vernaculaire en Uruguay de Schinopsis
quebracho colorado chaqueño	Quebracho rouge
quebracho colorado santiagueño	Quebracho rouge
quebrar algo el corazón	Briser le cœur
quechua cuzqueño	Quechua de Cuzco
quedar bien	Être bien vu
quedar mal	Être mal vu
quedar sin aliento	Essouffler, époumoner
quedarse a dos velas	Laisser des plumes
quedarse ahí	En rester là
quedarse atrás	Rester en arrière
quedarse con una espina clavada	Rester sur sa faim
quedarse dormido	Piquer du nez, s’endormir
quedarse en cueros	Laisser des plumes
quedarse en nada	S’anéantir, disparaître, être un échec, to
quedarse sin aire	Essouffler
quejigo andaluz	Chêne zéen
quelite de monte	Gros pourpier
quemadura de sol	Coup de soleil
quemadura solar	Coup de soleil
quemar las naves	Brûler ses vaisseaux, bruler ses vaisseaux
quemarse las pestañas	Potasser
quenopodio blanco	Chénopode blanc
querer bien	Aimer
querer decir	Vouloir dire
querer es poder	Vouloir c'est pouvoir, quand on veut, on peut
querer saber cómo está alguien	Prendre des nouvelles
querer saber de alguien	Prendre des nouvelles
querquera serrana	Thécla de l’yeuse
querria japonesa	Corète du Japon
queso azul	Bleu
queso de cabeza	Fromage de tête
queso de cabra	Fromage de chèvre
queso fresco	Fromage frais
quetru no volador	Brassemer cendré
quetzal amazónico	Quetzal pavonin
quetzal cabecidorado	Quetzal doré
quetzal crestado	Quetzal antisien
quetzal de cabeza dorada	Quetzal doré
quetzal fúlgido	Quetzal brillant
quetzal pavonino	Quetzal pavonin
qui pro quo	Quiproquo
quiasma óptico	Chiasma optique
quien a hierro mata a hierro muere	Tel est pris qui croyait prendre
quien corresponda	Qui de droit
quien fue a sevilla perdió su silla	Qui va à la chasse perd sa place
quien mal anda mal acaba	Tel est pris qui croyait prendre
quien mucho abarca poco aprieta	Qui trop embrasse mal étreint
quien parte y reparte se lleva la mejor parte	On n’est jamais aussi bien servi que par soi-même, on n’est jamais mieux servi que par soi-même
quien pueda concernir	Qui de droit
quien sea	N’importe qui, qui que ce soit
quien siembra vientos recoge tempestades	Comme on fait son lit on se couche
quien va a la villa pierde su silla	Qui va à la chasse perd sa place
quiera que no	Malgré tout
quiera que sea	N’importe
quil amargo	Tournesol mexicain
quinta columna	Cinquième colonne
quinta justa	Quinte juste
quitar hierro	Minimiser, présenter quelque chose moins i
quitar la hojaldre al pastel	Découvrir le pot aux roses
quitarle la palabra	Couper la parole
quitarse el sombrero	Tirer son chapeau
quién sabe	Qui sait
quiérase o no	Bon gré mal gré
qué asco	C'est dégoûtant, c'est répugnant
qué caso tiene	À quoi bon
qué cosa	Plaît-il
qué es esto	Qu’est-ce que c’est
qué gracia tiene	À quoi bon
qué hay de bueno en	À quoi bon
qué hay de nuevo	Quoi de neuf
qué hora	Quelle heure
qué onda	¿Qué onda?, question adressée lors d’un co
qué pachuca por toluca	Formule de salutation plaisante employée p
qué tal	question adressée lors d’un contact avec u; Comment
qué tanto	combien
qué utilidad tiene	À quoi bon
quédese con el cambio	Gardez la monnaie
quédese con el vuelto	Gardez la monnaie
química analítica	Chimie analytique
química orgánica	Chimie organique
rabo de junco	Paille-en-queue
racismo antinegro	Racisme anti-noir
racismo sistémico	Racisme systémique
radar de tráfico	Radar automatique
radiación de cherenkov	Effet Cerenkov
radiación de cuerpo negro	Rayonnement du corps noir
radiación de hawking	Rayonnement de Hawking
radiación electromagnética	Rayonnement électromagnétique
radiación infrarroja	Rayonnement infrarouge
radiación térmica	Rayonnement thermique
radiación ultravioleta	Rayonnement ultraviolet
radical libre	Radical libre
radicalismo nacional	National-radicalisme
radio de acción	Rayon d’action
radio macuto	Téléphone arabe
rafeiro do alentejo	Rafeiro de l’Alentejo
raficero común	Steinbock
ramo grande	Ramo grande
rana arbórea	Rainette
rana arbórea gris	Rainette versicolore
rana comun de celdillas	Pipa
rana común	Grenouille de Pérez
rana tablacha	Pipa
rango de marea	Marnage
ranillo glacial	Renoncule des glaciers
ranita meridional	Rainette méridionale
ranúnculo acuático	Renoncule aquatique, renoncule peltée
ranúnculo bulboso	Renoncule bulbeuse
ranúnculo de montaña	Renoncule des montagnes
ranúnculo pirenaico	Renoncule des Pyrénées
raposa colorada	Renard de Magellan, culpeau
raposa lanuda occidental	Opossum laineux roux
rascarse los bolsillos	Raquer
rascón común	Râle d’eau
rascón europeo	Râle d’eau
rastra de dientes	Herse
rastreador brasileño	Rastreador brasileiro
rata almizclada	Ondatra, rat musqué
rata almizclera	Ondatra, rat musqué
rata arquitecto	Rat architecte
rata de crin	Rat à crête, rat à crinière
rata de laboratorio	Rat de laboratoire
rata druida	Rat géant de Gambie
rata negra	Rat noir
rata parda	Rat brun
ratio de cliqueo	Taux de clics
raton espinoso	Rat épineux
ratona australiana	Mérion
ratona australiana amable	Mérion ravissant
ratona australiana azul	Mérion superbe
ratona australiana blanca y negra	Mérion à épaulettes
ratona australiana de alas blancas	Mérion leucoptère
ratona australiana de alas rojas	Mérion élégant
ratona australiana de corona morada	Mérion couronné
ratona australiana de lomo rojo	Mérion à dos rouge
ratona australiana de pecho azul	Mérion à gorge bleue
ratona australiana franjeada	Mérion splendide
ratona australiana variada	Mérion de Lambert
ratoncito pérez	Petite souris
ratonero calzado	Buse pattue
ratonero común	Buse variable
ratonero moro	Buse féroce
ratos perdidos	Moments perdus
ratón casero	Souris grise
ratón de biblioteca	Rat de bibliothèque
ratón espiguero	Rat des moissons
ratón espinoso egipcio	Rat épineux du Caire
ratón lavandero	Raton laveur (Procyon lotor Linnaeus, 1758
ratón listado	Rat rayé
ratón moruno	Souris à queue courte
raya aguila	Raie léopard
raya de claros	Raie bouclée
raya del culo	Raie des fesses
raya gavilán	Raie léopard
raya mariposa	Raie-papillon
raya murciélago moteada	Raie léopard
raya pico de pato	Raie léopard
raya torpedo	Torpille
raya águila	Raie léopard
rayo alfa	Rayons alpha
rayo gamma	Rayons gamma
rayo x	Rayon X
rayos y centellas	Expression qui exprime la surprise
razón de estado	Raison d’État
razón de sexo	Sex-ratio
razón social	Raison sociale
raíz aérea	Racine aérienne
raíz cuadrada	Racine carrée
raíz cúbica	Racine cubique
raíz de china	Nom vernaculaire de Smilax domingensis, pl
reacción de lucha o huida	Réponse combat-fuite
reacción en cadena	Réaction en chaîne
reacción inmune	Réaction immunitaire
reacción química	Réaction chimique
reactivo de fehling	Liqueur de Fehling
reactivo de schweizer	Liqueur de Schweizer
reactor de sal fundida	Réacteur à sels fondus, RSF
reactor nuclear	Réacteur nucléaire
real academia de la lengua vasca	Académie de la langue basque
real de a ocho	Pièce de huit
realismo social	Réalisme social
reality show	Téléréalité
realizar a horcajadas	Enjamber
reanimación cardiopulmonar	Réanimation cardio-pulmonaire
recaer en	Rejaillir
receptor universal	Receveur universel
receptáculo de ducha	Receveur
rechinar los dientes	Faire grincer des dents
recinto ferial	Champ de foire
recién llegado	Nouveau venu
recién nacido	Nouveau-né
recobrar el juicio	Reprendre ses esprits
recolección de hongos	Chasse aux champignons
recolector de basura	Ramasse-poussières, ramasse-miette, ripeur
recollida selectiva	Tri sélectif
reconocer el terreno	Tâter le terrain
reconocimiento de deuda	Reconnaissance de dette
reconocimiento facial	Reconnaissance faciale
reconocimiento óptico de caracteres	Reconnaissance optique de caractères
recreación histórica	Reconstitution historique
recta final	Dernière ligne droite
recto abdominal	Muscle droit de l’abdomen
recuerda que vas a morir	Memento mori
recuerdo encubridor	Souvenir-écran
recuperación del equilibrio	Rétablissement
recurso de casación	Recours en cassation
recurso natural	Ressource naturelle
recursos humanos	Ressources humaines
red de deriva	Filet dérivant
red de hartig	Réseau de Hartig
red de pesca	Filet de pêche
red neuronal	Réseau neuronal
red neuronal artificial	Réseau de neurones artificiels
red poll	Red poll
red social	Réseau social
red telefónica conmutada	Réseau téléphonique commuté
red trófica	Réseau trophique
redes sociales	Réseaux sociaux
redoble de tambor	Roulement de tambour
redondear el presupuesto	Mettre du beurre dans les épinards
reductor de velocidad	Ralentisseur, dos d’âne
redunca bohor	Cobe rédunca
redunca meridional	Grand rédunca
reentrada atmosférica	Rentrée atmosphérique
refinería de azúcar	Sucrerie
reforzar con tela	Entoiler
regalo envenenado	Cadeau empoisonné
registro civil	État civil
registro de conductor	Permis de conduire
región biogeográfica	Région biogéographique
región ultraperiférica	Région ultrapériphérique
región valenciana	Région valencienne
regla de oro	Règle d’or
regla de tres	Règle de trois
regla t	Té
regla zombie	Règle zombie
reguero de pólvora	Traînée de poudre
regulación de empleo	Licenciement économique, licenciement pour motif économique
regulador-limitador de velocidad	Limiteur de vitesse
reina de los bosques	Aspérule odorante
reina de los prados	Reine-des-prés (Filipendula ulmaria)
reina de tréboles	Dame de trèfle
reina madre	Reine mère
reina margarita	Reine-marguerite
reingreso atmosférico	Rentrée atmosphérique
reinita amarilla	Paruline jaune
reinita dorada	Paruline jaune
reino animal	Règne animal
reino de dios	Royaume de Dieu
reino de la mancomunidad	Royaume du Commonwealth
reino de valencia	Royaume de Valence
reino jerifiano	Royaume chérifien
reir a carcajadas	Rire à gorge déployée
reirse a carcajadas	Rire aux éclats
relacionarse con	Avoir trait à
relaciones exteriores	Affaires étrangères
relaciones internacionales	Relations internationales
relación binaria	Relation binaire
relación biyectiva	Application bijective
relación de fuerzas	Rapport de force
relación queerplatónica	Relation queerplatonique
relación sexual	Rapport sexuel
reloj atómico	Horloge atomique
reloj de arena	Sablier
reloj de bolsillo	Montre à gousset
reloj de pulsera	Montre-bracelet, bracelet-montre, montre
reloj de sol	Cadran solaire
remisión de deuda	Remise de dette
remolacha azucarera	Betterave à sucre
remolcador de altura	Remorquer de haute mer
rendimiento de pulverización	Rendement de pulvérisation
rendir homenaje	Rendre hommage
renta básica incondicional	Revenu universel
renta básica universal	Revenu universel
renta vitalicia	Rente viagère
repercutir sobre	Rejaillir
repisa de ventana	Appui de fenêtre
repoblación de peces	Empoissonnement
repollo morado	Chou rouge
repostería fina	Petit four
representación mental	Représentation mentale
representante comercial	Représentant de commerce, représentante de commerce
representante de ventas	Représentant de commerce, représentante de commerce
representante permanente	Représentant permanent
reproducción asistida	PMA
reproducción sexual	Reproduction sexuée
república bananera	République bananière
república de kalmukia	Kalmoukie
república de nicaragua	République du Nicaragua
república islámica	République islamique
república popular	République populaire
república socialista soviética	République socialiste soviétique
resarcimiento de daños	Dommages-intérêts
reserva fraccionaria	Réserve fractionnaire
reserva natural	Parc naturel, réserve naturelle
reservorio de biodiversidad	Réservoir de biodiversité
residencia de ancianos	Maison de retraite
residuo radiactivo	Déchet radioactif
resistencia a la cizalladura	Résistance au cisaillement
resistencia a la compresión	Résistance à la compression
resistencia a la cortadura	Résistance au cisaillement
resistencia a la tracción	Résistance à la traction
resistencia al cizallamiento	Résistance au cisaillement
resistencia al corte	Résistance au cisaillement
resistencia de materiales	Résistance des matériaux
resistencia eléctrica	Résistance (opposition au passage d’un cou
resistencia interna	Résistance interne
resistencia negativa	Résistance négative
resistencia numantina	Baroud d’honneur
resonancia magnética nuclear	Résonance magnétique nucléaire
respecto a	À propos
respecto de	Concernant, quant à; Vis-à-vis, en relation avec, en ce qui con; Au sujet de, de
respiración anaerobia	Respiration anaérobie
respiración vegetal	Respiration végétale
respuesta de estrés agudo	Réponse combat-fuite
respuesta inmunitaria	Réponse immunitaire
restaurante de poca monta	Gargote
restos mortales	Dépouille mortelle
resultar de	S’ensuivre
retama de olor	Spartier à tiges de jonc
retama espinosa	Calicotome épineux
retama negra	Genêt
retinta del guadalquivir	Retinta
retorno de carro	Retour chariot
retorno de inversión	Retour sur investissement
retorno sobre inversión	Retour sur investissement
retratar a	Portraiturer
retrato colectivo	Portrait de groupe
retriever de chesapeake	Retriever de la baie de Chesapeake
retriever de nueva escocia	Retriever de la Nouvelle-Écosse
retriever de pelo rizado	Retriever à poil bouclé
retículo endoplasmático	Réticulum endoplasmique
retículo endoplásmico	Réticulum endoplasmique
reunir coraje	Prendre son courage à deux mains
reunir el coraje	Prendre son courage à deux mains
reunir su coraje	Prendre son courage à deux mains
reunión familiar	Réunion de famille
revanchismo urbano	Revanchisme urbain
revelador de secretos	Lanceur d’alerte
revista de prensa	Revue de presse
revista ilustrada	Illustré
revolución informática	Révolution numérique
revolución por minuto	Tour par minute
rey de codornices	Râle des genêts
rey de los arenques	Régalec
rey de reyes	Roi des rois
rey mozo	Silène
reyes magos	Rois mages, appelés en espagnol Gaspar, Ba
reyezuelo listado	Roitelet à triple bandeau
reyezuelo sencillo	Roitelet huppé
rezar el rosario	Égrener
reír para sus adentros	Rire sous cape
reírse por bajines	Rire sous cape
reírse por lo bajo	Rire sous cape
rhythm and blues	Rhythm and blues
ribete de burton	Liseré de Burton
rico como creso	Riche comme Crésus
rictus grin	Rire sardonique
rigor mortis	Rigidité cadavérique
rin gong	Bol chantant, bol tibétain
rinoceronte lanudo	Rhinocéros laineux
rio arriba	En amont
risa de conejo	Rire jaune, rire sous cape
risa sardónica	Rire sardonique
rito de paso	Rite de passage
ritual de cortejo	Parade nuptiale
rizador de pestañas	Recourbe-cils
rizar el rizo	Chercher midi à quatorze heures, boucler la boucle
rizo en la sien	Accroche-cœur
rizos de agua	Potamot crépu
riñón de herradura	Rein en fer à cheval
riñón flotante	Néphroptose
robar protagonismo	Voler la vedette
roble albar	Rouvre
roble andaluz	Chêne zéen
roble australiano	Chêne soyeux d’Australie
roble azul	Chêne bleu
roble blanco americano	Chêne blanc d’Amérique
roble de hungría	Chêne de Hongrie
roble de los valles	Chêne blanc de Californie
roble de neuquén	Nom vernaculaire de Nothofagus obliqua, ar
roble de sabana	Arbre de la famille des bignognacées de no
roble del invierno	Rouvre
roble negro	Quercitron (chêne noir)
roble plateado	Chêne soyeux d’Australie
roble pubescente	Chêne pubescent
roble rojo americano	Chêne rouge
roble sedoso	Chêne soyeux d’Australie
robín americano	Merle d’Amérique
roca carbonatada	Roche carbonatée
roca carbonosa	Roche carbonée
roca clástica	Roche clastique
roca endógena	Roche endogène
roca estéril	Gangue
roca exógena	Roche exogène
roca fosfatada	Roche phosphatée
roca madre	Roche mère
roca metamórfica	Roche métamorphique
roca plutónica	Roche plutonique
roca química	Roche chimique
roca sedimentaria	Roche sédimentaire
roca tarpeya	Roche Tarpéienne
roca ultramáfica	Roche ultramafique
roca volcánica	Roche volcanique
roca ígnea	Roche magmatique
rock and roll	Rock & roll, rock and roll
rock duro	Hard rock
rock pesado	Hard rock
roda de popa	Étambot
roda de proa	Étrave
rodar como una bola	Bouler
rodillo de cocina	Rouleau à pâtisserie
roele de sinople	Pomme
roja danesa	Rouge danoise
rojo de falun	Rouge de Falun
rojo falun	Rouge de Falun
rol de género	Rôle de genre
rol en vivo	Jeu de rôle grandeur nature, jeu de rôles grandeur nature
rol semántico	Rôle sémantique
rol temático	Rôle sémantique
roller derby	Roller derby
roma antigua	Rome antique
roma no se hizo en un dia	Rome ne s’est pas faite en un jour
roma no se hizo en un día	Rome ne s’est pas faite en un jour, Paris ne s'est pas fait en un jour
romance andalusí	Mozarabe, langue romane mâtinée d’arabe pa
romper el hielo	Briser la glace
romper el silencio	Sortir du silence
romper las bolas	Casser les couilles, enculer
romper las pelotas	Casser les couilles, enculer
romper los cojones	Casser les couilles
romper los huevos	Casser les couilles, enculer
romperle la cara	Casser la gueule
romperle la jeta	Casser la gueule
ropa blanca	Linge de maison
ropa de casa	Linge de maison
ropa interior	Dessous, sous-vêtement
roquero rojo	Merle de roche, bécasseau minuscule
roquero solitario	Merle bleu
rorcual aliblanco	Petit rorqual
rorcual austral	Petit rorqual de l’Antarctique
rorcual azul	Baleine bleue
rorcual común	Rorqual commun
rorcual norteño	Rorqual boréal
rosa antiguo	Vieux rose
rosa chicle	Rose bonbon
rosa cuarzo	Rose quartz
rosa de abisinia	Oseille de Guinée, nom vernaculaire de Hib
rosa de bengala	Rose bengale
rosa de damasco	Rose de Damas, rosier de Damas
rosa de jamaica	Oseille de Guinée, nom vernaculaire de Hib
rosa de las rocas blanca	Hélianthème des Apennins
rosa de los vientos	Rose des vents
rosa de navidad	Hellébore noir
rosa de siria	Hibiscus de Syrie
rosa del desierto	Rose des sables
rosa empolvado	Rose poudré
rosa japonesa	Corète du Japon
rosa laurel	Laurier-rose
rosa mosqueta	Églantier
rosa mountbatten	Rose Mountbatten
rosa vivo	Rose vif
rosal silvestre	Églantier
rosalia alpina	Rosalie des Alpes
roseta de portugal	Urosperme de Daléchamp
rosh hashaná	Roch Hachana
rotulador de fieltro	Stylo-feutre
rubia gallega	Rouge de Galice
rubia roja	Garance des teinturiers
rubia silvestre	Garance voyageuse
rubia veneciana	Blond vénitien
rubio azul	Trigle à ailes bleues, poisson marin d’Amé
rubio veneciano	Blond vénitien
rueda de la fortuna	Grande roue (manège forain)
rueda de libros	Roue à livres
rueda de palas	Roue à aubes
rueda de paletas	Roue à aubes
rueda de prensa	Conférence de presse
rueda de queso	Roue de fromage
rueda de repuesto	Roue de secours
rueda de wartenberg	Roulette de Wartenberg
rueda del timón	Gouvernail
rueda hidráulica	Roue hydraulique
rueda medicinal	Roue de médecine
ruido blanco	Bruit blanc
ruido de sables	Rodomontade, bruits de bottes
ruido de tripas	Gargouillement, borborygme
ruidos de sables	Bruits de bottes, signes augurant d’une co
ruiseñor bastardo	Bouscarle de Cetti
ruiseñor común	Rossignol philomèle
ruiseñor ruso	Rossignol progné
ruleta rusa	Roulette russe
rumbo verdadero	Route vraie
ruptura de aneurisma	Rupture d’anévrisme
ruta bravía	Rue à feuilles étroites
ruta de la seda	Route de la soie
ruta del vino	Route des vins
ruta nacional	Route nationale
rutilo del danubio	Gardon galant, poisson de rivière européen
rutilo del mar negro	Gardon de la mer Noire, poisson de la fami
rábano magistro	Armoracia rusticana, le raifort
rábano picante	Armoracia rusticana, le raifort
rábano rusticano	Raifort (Armoracia rusticana)
rábano salvaje	Armoracia rusticana, le raifort
rábano silvestre	Raphanus raphanistrum, la ravenelle; Armoracia rusticana ^([2]), le raifort
rábano vagisco	Armoracia rusticana, le raifort
ráfaga descendente	Rafale descendante
régimen de kiev	Régime de Kiev
régimen de los mulás	Régime des mollahs
rémora común	Rémora commun
rémora rayada	Rémora fuselé
río arriba	En amont
río atmosférico	Rivière atmosphérique
rúsula comestible	Russule comestible
rúsula dorada	Russule dorée
rúsula emética	Russule émétique
rúsula fétida	Russule fétide
s de rl	SARL
saber hacer	Savoir-faire
sabiendo que	Eu égard à
sabina albar	Genévrier thurifère
sabina negral	Genévrier de Phénicie
sabina rastrera	Genévrier sabine
sable de luz	Sabre laser
sabor raíz	Bière de sassafras, racinette
sabueso afgano	Lévrier afghan
sabueso artesiano	Chien d’Artois
sabueso bosnio	Chien courant de Bosnie à poil dur
sabueso bávaro de montaña	Chien de rouge de Bavière
sabueso de halden	Chien courant de Halden
sabueso de hannover	Chien de rouge du Hanovre
sabueso de istria de pelo cort	Chien courant d’Istrie à poil ras
sabueso de istria de pelo duro	Chien courant d’Istrie à poil dur
sabueso de sangre de baviera	Brachet allemand
sabueso de suiza	Chien courant suisse
sabueso de transilvania	Chien courant de Transylvanie
sabueso español	Chien courant espagnol
sabueso español ligero	Variété de petite taille du chien courant
sabueso polaco	Chien courant polonais
sabueso serbio tricolor	Chien courant tricolore serbe
sabueso suizo	Chien courant suisse
saca agrafos	Ôte-agrafes
sacar a alguien de sus casillas	Courir sur le haricot
sacar adelante	Faire avancer, faire aller de l’avant
sacar de la galera	Sortir de son chapeau
sacar de quicio	Sortir de ses gonds
sacar del error	Désabuser
sacar el pecho	Bomber le torse
sacar fuerzas de flaqueza	Prendre son courage à deux mains
sacar la lengua	Tirer la langue
sacar partido	Tirer parti
sacar pecho	Bomber le torse
sacerdote obrero	Prêtre ouvrier
saciar la sed	Désaltérer
saco de boxeo	Sac de frappe ou sac de frappes
saco de dormir	Sac de couchage
saco lacrimal	Sac lacrymal
sacrificio humano	Sacrifice humain
sacristán de amén	Béni-oui-oui
sagrado corazón de jesús	Sacré-cœur
sagrado de birmania	Sacré de Birmanie, sacré de Birmanie
sagú verdadero de la india	Cycas du Japon
saisine hereditaria	Saisine
sal amoniacal	Chlorure d’ammonium (NH₄Cl)
sal amoníaco	Chlorure d’ammonium (NH₄Cl)
sal de amoníaco	Chlorure d’ammonium (NH₄Cl)
sal de calatayud	Sulfate de magnésium
sal de cocina	Sel de table, sel de cuisine
sal de epsom	Sulfate de magnésium
sal de glauber	Mirabilite
sal de higuera	Sulfate de magnésium
sal diamónica	Synonyme de carbonato de amonio
sal gema	Sel gemme
sal infernal	Nitrate d’argent
sal marina	Sel marin
sal negra	Sel noir
sala blanca	Salle propre, salle blanche
sala capitular	Salle capitulaire
sala de alimentación	Biberonnerie
sala de audiciones	Salle d’audience
sala de baile	Salle de bal
sala de cine	Salle de cinéma
sala de cirugía	Bloc opératoire
sala de ducha	Salle de douches
sala de espectáculos	Salle de spectacle
sala de espera	Salle d’attente
sala de lectura	Salle de lecture
sala de lo penal	Cour d’assises
sala de operaciones	Salle d’opération
sala de operación	Salle d’opération
sala de profesores	Salle des professeurs
sala de visitas	Salon
sala segunda	Cour d’assises
salamandra común	Salamandre terrestre
salamandra gigante japonesa	Salamandre géante du Japon
salamandra moteada	Salamandre maculée
salamanquesa común	Tarente commune
salamanquesa rosada	Hémidactyle verruqueux
salario de navidad	Treizième mois
salce colorado	Saule pourpre
salchicha de frankfurt	Saucisse de Francfort
salchicha de toulouse	Saucisse de Toulouse
salchicha de viena	Saucisse de Francfort
sales amargas	Sulfate de magnésium
salida a hombros	Sortie en triomphe d’un matador par la por
salida de auxilio	Sortie de secours
salida de emergencia	Sortie de secours
salida de vía	sortie de voie
salida del camino	Sortie de route
salida en falso	Faux départ
salidad del sol	Lever de soleil
salir adelante	Aller de l’avant, se tirer d’affaire, s’en
salir airoso	Tirer son épingle du jeu
salir al paso	Couper court à, aller au devant
salir de guatemala para entrar en guatepeor	De Charybde en Scylla
salir del armario	Sortir du placard
salir del atolladero	Sortir de l’ornière
salir del paso	Se tirer d’affaire
salir el tiro por la culata	Se tirer une balle dans le pied
salir las cuentas	Joindre les deux bouts
salir pitando	Prendre ses jambes à son cou
salirse de esa	S’en sortir
salirse de sus casillas	Sortir de ses gonds
salitre de chile	Salpêtre du Chili
salmon ahumado	Saumon fumé
salmonete de fango	Rouget de vase, poisson osseux marin, un r
salmonete de roca	Rouget-barbet de roche, poisson osseux mar
salmón chum	Saumon du Pacifique
salmón del atlántico	Saumon atlantique
salmón del danubio	Saumon du Danube
salmón real	Saumon quinnat, saumon présent en Amérique
salsa agridulce	Sauce aigre-douce
salsa aurora	Sauce aurore
salsa barbacoa	Sauce barbecue, sauce BBQ
salsa bearnesa	Sauce béarnaise
salsa cazadora	Sauce chasseur
salsa de chile	Sauce piquante
salsa de ostras	Sauce d’huître
salsa de pescado	Nuoc mam
salsa de soja	Sauce de soja
salsa de soya	Sauce de soja
salsa de tomate	Sauce tomate
salsa española	Sauce espagnole, sauce élaborée à partir d
salsa inglesa	Worcestershire sauce
salsa lionesa	Sauce lyonnaise
salsa mantequilla de cangrejo	Beurre d’écrevisse
salsa marinera	Sauce marinara
salsa marrón	Sauce espagnole
salsa nantua	Sauce Nantua
salsa oscura	Sauce espagnole
salsa perrins	Worcestershire sauce
salsa picante	Sauce piquante
salsa tártara	Sauce tartare
salsa worcester	Worcestershire sauce
salsa worcestershire	Worcestershire sauce
salsifí blanco	Salsifi, salsifi blanc
salsifí de prado	Salsifis des prés
salsifí negro	Scorzonère, scorzonère noire, scorzonère d'Espagne
saltar a la palestra	Monter au créneau
saltar a la vista	Sauter aux yeux
saltar de un tema a otro	Du coq à l’âne
saltar la cuerda	Corde à saute, corde à danser
saltar por los aires	Voler en éclats, foutre en l’air
saltarse un curso	Sauter une classe
saltarse un grado	Sauter une classe
saltarín alidorado	Manakin à ailes d’or
saltarín alitorcido	Manakin à ailes blanches
saltarín azul	Manakin à longue queue
saltarín barbiamarillo	Manakin à col d’or
saltarín barbiblanco	Manakin casse-noisette
saltarín cabeciblanco	Manakin à tête blanche
saltarín cabecidorado	Manakin à tête d’or
saltarín cabecinaranja	Manakin auréole
saltarín cabecirrojo norteño	Manakin à cuisses jaunes
saltarín cabecirrojo sureño	Manakin à tête rouge
saltarín cola de alambre	Manakin filifère
saltarín cola de hilo	Manakin filifère
saltarín colilargo	Manakin fastueux
saltarín collarejo	Manakin à bandeau jaune
saltarín corona de oro	Manakin à panache doré
saltarín coronado	Manakin à tête bleue
saltarín coroniazul	Manakin à tête bleue
saltarín coroniblanco	Manakin à tête blanche
saltarín coroniceleste	Manakin à tête bleue
saltarín coronigualdo	Manakin à panache doré
saltarín crestiamarillo	Manakin à bandeau jaune
saltarín crestinaranja	Manakin à bandeau orange
saltarín cuelliblanco	Manakin à col blanc
saltarín cuellidorado	Manakin à col d’or
saltarín de araripe	Manakin de Bokermann
saltarín de barba blanca	Manakin casse-noisette
saltarín de cabeza dorada	Manakin à tête d’or
saltarín de cabeza roja	Manakin à tête rouge
saltarín de cola larga	Manakin fastueux
saltarín de corona azul	Manakin à tête bleue
saltarín de corona naranja	Manakin à bandeau orange
saltarín de yelmo	Manakin casqué
saltarín del fango de líneas plateadas	Périophtalme rayé d’argent, poisson amphib
saltarín dorsiazul	Manakin tijé
saltarín gargantiplateado	Manakin à bandeau jaune
saltarín maraquero	Manakin casse-noisette
saltarín moñudo	Manakin à ailes d’or
saltarín naranja	Manakin à queue barrée
saltarín rayado oriental	Manakin rubis
saltarín relámpago	Manakin à ailes blanches
saltarín toledo	Manakin fastueux
saltarín uirapuru	Manakin filifère
saltarín ventriblanco	Manakin à ventre blanc
saltarín-tirano de cresta azafrán	Manakin à panache doré
salteador chileno	Labbe du Chili
salteador pardo antártico	Labbe brun
salteador pomarino	Stercoraire pomarin
salterio de los apalaches	Cithare des Appalaches, dulcimer, dulcimer des Appalaches
salto a lo desconocido	Saut dans l’inconnu
salto con garrocha	Saut à la perche
salto con pértiga	Saut à la perche
salto de altura	Saut en hauteur
salto de longitud	Saut en longueur
salto del ángel	Saut de l’ange
salto ecuestre	Saut d’obstacles
salto mortal	Saut périlleux
salud mental	Santé mentale
salud ocupacional	Santé au travail
salud organizacional	Santé organisationnelle
salud pública	Santé publique
saludo vulcano	Salut vulcain
salvar el pellejo	Sauver sa peau
salvar la cara	Sauver la face
salvar la piel	Sauver sa peau
salvar la vida	Sauver la vie
salvarse por los pelos	L’avoir échappé belle, l’échapper belle
salvia de la montaña	Salvia rubrifaux
salvia morada	Sauge sagittée (Salvia sagittata)
salón de baile	Salle de bal
salón de belleza	Salon de beauté
salón de espectáculos	Salle de spectacle
salón de té	Salon de thé
sami septentrional	Same du Nord
san antonio	Pyrrhocore
san bernardo	Saint-bernard
san esteban	Saint Etienne
san jacobo	Cordon bleu
san judas	Judas
san lucas	Luc, Lucas
san mateo	Matthieu
sandía de pasión	Barbadine
sangrado colgante	Composition en sommaire
sangrado de implantación	Saignement d’implantation
sangrador azul	Chirurgien bleu, chirurgien bayolle
sangrador carcelario	Chirurgien-bagnard
sangrador herradura	Chirurgien-lieutenant
sangrador rayado	Chirurgien rayé
sangre azul	Sang bleu
sangre de cristo	Fumeterre officinale
sangre fría	Sang-froid
sano y salvo	Sain et sauf
santa comunión	Saint Sacrement, saint-sacrement
santo de los últimos días	Saint des derniers jours
santo patrón	Saint patron
santo tomé	São Tomé
santo tomé y príncipe	Sao Tomé-et-Principe
santo y seña	Mot d'ordre
santos de hielo	Saints de glace
santísimo sacramento	Saint Sacrement, saint-sacrement
sapillo moteado común	Pélodyte ponctué
sapillo pintojo mediterráneo	Discoglosse peint
sapo chinelo	Pipa
sapo chola	Pipa
sapo común	Crapaud commun
sapo corredor	Crapaud calamite
sapo de caña	Crapaud buffle, crapaud-buffle
sapo de celdas	Pipa
sapo de espuelas	Pélobate cultripède
sapo europeo	Crapaud commun
sapo gigante	Crapaud buffle, crapaud-buffle
sapo marino	Crapaud buffle, crapaud-buffle
sapo partero común	Crapaud accoucheur
saque de esquina	Coup de pied de coin
saque inicial	Coup d’envoi
sarcoma de kaposi	Sarcome de Kaposi
sardina de río	Alose-écaille fluviale
sardinela blanca	Sardinelle blanche
sardinela rabo negro	Sardinelle queue noire
sargazo vejigoso	Fucus vésiculeux
sargazo vesiculoso	Fucus vésiculeux
sargento alirrojo	Carouge à épaulettes
sargento cubano	Carouge de Cuba
sargento mayor	Sergent-major
sargento puertorriqueño	Carouge de Porto Rico
sargento tricolor	Carouge de Californie
sargo común	Sar commun
sastre negro	Galathée noire
sata andagi	Sata andagi
satiro moreno	Faune
sauce blanco	Saule blanc
sauce chileno	Saule du Chili
sauce criollo	Saule du Chili
sauce de babilonia	Saule pleureur
sauce llorón	Saule pleureur, Salix babylonica
sauro atlántico	Balaou de l’Atlantique, poisson osseux don
saxofón bajo	Saxophone basse
saxófono bajo	Saxophone basse
sayete de armas	Jaque, jacque, gambison
saúco menor	Sureau hièble
schnauzer estándar	Schnauzer moyen
schnauzer gigante	Schnauzer géant
schnauzer miniatura	Schnauzer miniature
script kiddie	Script kiddie
se acabó lo que se daba	Les carottes sont cuites
se lo contaré a mi abuela	J’en parlerai à mon cheval
se parecen como un huevo a una castaña	Comme le jour et la nuit
se puede	Vous permettez?
se requiere a una vieja gallina para poner los huevos	C’est dans les vieux pots qu’on fait la meilleure soupe
se supone que	Censément
se vende	À vendre
sea dicho de paso	Soit dit en passant
sea lo que sea	Toujours est-il que
sealyham terrier	Terrier Sealyham
secador de manos	Sèche-mains
secador de pelo	Sèche-cheveux
sección cónica	Conique
sección del catastro	Section cadastrale
sección introductoria	Résumé introductif
secreción vaginal	Cyprine
secretaria ejecutiva	Secrétaire de direction
secretaria judicial	Greffière
secretario ejecutivo	Secrétaire de direction
secretario general	Premier secrétaire, secrétaire général
secretario judicial	Greffier
secreto a voces	Secret de Polichinelle
secreto de alcoba	Secret d’alcôve
secreto de estado	Secret d’État
secreto médico	Secret médical
sector primario	Secteur primaire
sector privado	Secteur privé
sector público	Secteur public
sector secundario	Secteur secondaire
sector servicios	Secteur tertiaire
sector terciario	Secteur tertiaire
secuencia principal	Séquence principale
seda dental	Fil dentaire
sede social	Siège social
sedimento clástico	Sédiment clastique
segmento esférico	Segment sphérique
seguir adelante	Tenir le coup
seguir el rumbo	Garder le cap
seguir estando	Demeurer
seguir siendo	Demeurer
segunda derivada	Dérivée seconde
segunda guerra mundial	Seconde Guerre mondiale
segunda intención	Arrière-pensée
segunda persona	Deuxième personne
segunda persona del plural	Deuxième personne du pluriel
segunda persona del singular	Deuxième personne du singulier
segunda vuelta instantánea	Vote à second tour instantané
segundo cuadrante	Deuxième quadrant
segundo cuchillo	Second couteau
segundo menor	Seconde mineure
segundo violín	Second violon
seguridad activa	Sécurité active
seguridad en el trabajo	Sécurité au travail
seguridad laboral	Sécurité au travail
seguridad ocupacional	Sécurité au travail
seguridad pasiva	Sécurité passive
seguridad social	Sécurité sociale
seguridad y salud en el trabajo	Sécurité et santé au travail
seguridad y salud laboral	Sécurité et santé au travail
seguridad y salud ocupacional	Sécurité et santé au travail
seguro de desempleo	Assurance-chômage
seguro social	Sécurité sociale
según si	Selon que
selección natural	Sélection naturelle
seleniuro de hidrógeno	Séléniure d’hydrogène (H₂Se)
selkirk rex	Selkirk rex
sellado de tiempo	Horodatage
sello de correos	Timbre-poste, timbre
sello postal	Timbre
selva negra	Forêt noire
selva tropical	Forêt tropicale
selva virgen	Forêt vierge
semana santa	Semaine sante
sembrado hidráulico	Hydroensemencement
semillero de germinación	Germoir
semitono cromático	Demi-ton chromatique
semitono diatónico	Demi-ton diatonique
semiótica connotativa	Sémiotique connotative
semiótica denotativa	Sémiotique dénotative
seno cardinal	Sinus cardinal
sensación térmica	Refroidissement éolien. Effet du vent sur
sensibilidad eléctrica	Électrohypersensibilité
sensible al tiempo	Météo-sensible
sentarse a horcajadas	Chevaucher
sentarse de cuclillas	Accroupir
sentenciada a muerte	Condamnée à mort
sentenciado a muerte	Condamné à mort
sentido común	Sens commun
sentido contrario al de las agujas del reloj	Sens contraire des aiguilles d’une montre
sentido contrario al de las manecillas del reloj	Sens contraire des aiguilles d’une montre
sentido crítico	Sens critique
sentido de la moral	Sens moral
sentido de la orientación	Sens de l’orientation
sentido de orientación	Sens de l’orientation
sentido del humor	Sens de l’humour, état d’esprit qui permet
sentido horario	Sens horaire
sentido inverso al de las agujas del reloj	Sens inverse des aiguilles d’une montre
sentido inverso al de las manecillas del reloj	Sens inverse des aiguilles d’une montre
separación conyugal	Séparation de corps
separación de bienes	Séparation des biens
separación matrimonial	Séparation de corps
separador decimal	Séparateur décimal
sepia andreana	Seiche andreana
sepia arábiga	Seiche d’Arabie
sepia austral	Seiche australe
sepia caperuza	Seiche capuchon
sepia común	Seiche commune
sepia con punta	Seiche aiguille
sepia dorada	Seiche dorée
sepia faraónica	Seiche pharaon
sepia ganchuda	Seiche hameçon
sepia gigante	Seiche géante
sepia grácil	Seiche gracile
sepia guineana	Seiche de Guinée
sepia inerme	Sépia inerme
sepia kobi	Seiche kobi
sepia labiada	Seiche baisers
sepia loriga	Seiche araignée
sepia madokai	Seiche madokai
sepia mazicorta	Seiche petites mains
sepia mazuda	Seiche à grandes mains
sepia mozada	Seiche à grandes mains
sepia omani	Seiche d’Oman
sepia ranuds	Seiche grenouille
sepia robusta	Seiche gros dos
sepia segadora	Seiche moisson
sepia tintero	Seiche encrier
sepia tridente	Seiche trident
sepieta común	Sépiole commune
sepiola atlántica	Sépiole atlantique, sépiole grandes oreilles
sepiola colibrí	Sépiole colibri
sepiola mimika	Sépiole mimika
sepiolilla de koch	Sépiolette de Koch
sepiolilla sureña	Sépiolette du sud
ser a chino	Être du chinois
ser blanco de	Faire l’objet
ser de la misma madera	Être taillé de la même étoffe
ser de la piel del diablo	Avoir le diable au corps
ser dueño de	Posséder
ser erudito	Avoir la grosse tête
ser humano	Être humain
ser indudable que	Ne faire aucun doute
ser la consecuencia de	S’ensuivre
ser la polla	Être le pied
ser legendario	Être fabuleux
ser lógico	Avoir du sens
ser más papista que el papa	Être plus royaliste que le roi
ser más tonto que abundio	Être très bête
ser objeto de	Faire l’objet
ser pretencioso	Avoir la tête qui ne passe plus dans la porte, avoir la grosse tête
ser quisquilloso	Pinailler
ser reacio a hacer algo	Répugner
ser resistente al alcohol	Tenir l’alcool
ser tal para cual	Être taillé de la même étoffe
ser todo orejas	Être tout oreilles
ser todo oídos	Être tout ouïe
ser tonto como una piedra	Être très bête
ser tonto del bote	Être stupide
ser un completo idiota	Être fini à la pisse
ser un mal augurio	Être de mauvais augure
ser una lanza	Être habile et sûr de soi, désinvolte, lit
ser vivo	Être vivant
ser útil	Rendre service
serapias en corazón	Sérapias en cœur
serbal común	Cormier
serbal de los cazadores	Sorbier des oiseleurs
serbal de suecia	Alisier de Suède
serbal silvestre	Alisier torminal
serial ata	Serial ATA
serie cronológica	Série temporelle
serie de potencias	Série entière
serie de taylor	Série de Taylor
serie de televisión	Série télévisée
serie formal de potencias	Série formelle
serie temporal	Série temporelle
serpiente de agua del norte	Couleuvre d’eau
serpiente de cascabel	Serpent à sonnette
serpiente de cascabel diamante rojo	Crotale diamantin rouge
serpiente de coral	Serpent corail
serpiente de hocico de cerdo oriental	Couleuvre à nez plat
serpiente de jarretera	Couleuvre rayée
serpiente marina	Serpent de mer
serpiente pene	Serpent pénis
serreta chica	Harle piette
serreta grande	Harle bièvre
serreta mediana	Harle huppé
serrucho de costilla	Scie à dos
serrucho de punta	Scie à guichet
servicio al cliente	Service client, service clientèle
servicio comunitario	TIG
servicio de inteligencia	Service de renseignement
servicio de mesa	Service de table
servicio o centro de informacion y regulacion regional de las urgencias medicas	Service d’aide médicale urgente
servicio posventa	Service après-vente
servicio público	Service public
servicio secreto	Service secret
servicio web	Service web
servidor proxy	Serveur mandataire
servidora de ametralladoras	Mitrailleuse
servir a dios y al diablo	Manger à tous les râteliers
servir de	Faire office de
servirse de	S’aider de
serín africano	Serin est-africain
serín cabecinegro	Serin à tête noire
serín canario	Canari
serín carinegro	Serin à masque noir
serín de diadema	Serin à diadème
serín dorsiestriado	Serin à ventre blanc
serín dorsigrís	Serin du Cap
serín etíope	Serin d’Abyssinie
serín frentiamarillo	Serin du Mozambique
serín frentirrojo	Serin à front d’or
serín gorjiblanco	Serin à gorge blanche
serín gorjinegro	Serin à gorge noire
serín montano	Serin malais
serín pechilimón	Serin à poitrine citron
serín verdecillo	Serin cini
sesenta y cinco	Soixante-cinq
sesenta y cuatro	Soixante-quatre
sesenta y dos	Soixante-deux
sesenta y nueve	Soixante-neuf
sesenta y ocho	Soixante-huit
sesenta y seis	Soixante-six
sesenta y siete	Soixante-sept
sesenta y tres	Soixante-trois
sesenta y uno	Soixante-et-un
sesgo confirmatorio	Biais de confirmation
sesgo de confirmación	Biais de confirmation
sesgo de género	Biais de genre
seso vegetal	Aki, fisanier
set de filmación	Plateau de tournage
set de grabación	Plateau de tournage
seta coliflor	Clavaire crépue
seta de cardo	Pleurote du panicaut
seta de los caballeros	Tricholome équestre
seta de marzo	Hygrophore de mars
seta de olivo	Pleurote de l’olivier
seta de pie azul	Pied bleu, pied-bleu
seta de primavera	Tricholome de la Saint-Georges
seta de san jorge	Tricholome de la Saint-Georges
seta engañosa	Entolome livide
seta rocosa	Rocher champignon, rocher-champignon
setenta y cinco	Soixante-quinze
setenta y cuatro	Soixante-quatorze
setenta y dos	Soixante-douze
setenta y nueve	Soixante-dix-neuf
setenta y ocho	Soixante-dix-huit
setenta y seis	Soixante-seize
setenta y siete	Soixante-dix-sept
setenta y tres	Soixante-treize
setenta y uno	Soixante-et-onze
setter escocés	Setter gordon
setter inglés	Setter anglais
setter irlandés	Setter irlandais
setter irlandés rojo y blanco	Setter irlandais rouge et blanc
seven a side	Rugby à 7
sex on the beach	Sex on the beach
sex shop	Sex-shop
sexo anal	Sodomie
sexo oral	Coït buccal
sexo telefónico	Téléphone rose
sexta rima	Sixain
señal analógica	Signal analogique
señal de alarma	Signal d’alarme
señal de alerta	Signal d’alerte
señal de la cruz	Signe de croix
señal de tráfico	Panneau de signalisation
señal digital	Signal numérique
señal luminosa	Feu
señalar con el dedo	Montrer du doigt
señalización celular	Signalisation cellulaire
señor de la casa	Maître de maison
señor de la guerra	Seigneur de la guerre
señor fulano	Monsieur Tout-le-monde
señora claus	Mère Noël
señora de la limpieza	Femme de chambre
señoras y señores	Messieurs-dames, Mesdames et Messieurs
shale oil	Huile de schiste
shar pei	Shar-peï
shiba inu	Shiba inu
shih tzu	Shih tzu
shikoku inu	Shikoku
shock anafiláctico	Choc anaphylactique
si bien	Aunque
si fuera el caso	Le cas échéant
si fuera necesario	Au besoin
si la montaña no viene a mahoma	Si la montagne ne va pas à toi, va à la montagne
si no	Sinon
si y solo si	Si et seulement si
si y sólo si	Si et seulement si
siamés tradicional	Thaï
sicista nórdica	Siciste des bouleaux
sidra de hielo	Cidre de glace
siembra de nubes	Ensemencement des nuages
siempre es más verde la hierba del vecino	L’herbe est toujours plus verte ailleurs
siempre y cuando	Pour autant que, pourvu que
siempre y cuando las circunstancias no varíen	Toutes choses égales par ailleurs
siempreviva de telarañas	Joubarbe à toile d’araignée
siempreviva mayor	Joubarbe
sierra circular	Scie circulaire
sierra copora	Poisson-chat épineux, poisson d’eau douce
sierra de punta	Scie à guichet
sierra de sable	Scie sabre
sierra eléctrica	Tronçonneuse, scie mécanique, scie à chaîne
sierra musical	Scie musicale, lame sonore
siervo albedrío	Serf arbitre
siesta del carnero	Sieste que l’on fait avant le repas de mid
siete mares	Sept mers
siete pecados capitales	Sept péchés capitaux
sigmatismo interdental	Sigmatisme interdental
signo de exclamación	Point d’exclamation
signo de interrogación	Point d’interrogation
signo de puntuación	Signe de ponctuation
signo del zodiaco	Signe du zodiaque
signo del zodíaco	Signe du zodiaque
signo diacrítico	Signe diacritique
signo zodiacal	Signe du zodiaque
sigue al dorso	TSVP
silbador enano	Pachycare nain
silbato de la muerte	Sifflet de la mort
silbato de la muerte azteca	Sifflet de la mort aztèque
silbón americano	Canard siffleur d’Amérique
silencio de blanca	Demi-pause
silencio de corchea	Demi-soupir
silencio de garrapatea	Trente-deuxième de soupir
silencio de negra	Soupir
silencio de piedra	Silence de mort
silencio de radio	Silence radio
silencio sepulcral	Silence de mort
silicato de aluminio	Silicate d’aluminium
silla balancín	Fauteuil à bascule
silla de montar	Selle
silla de ruedas	Fauteuil roulant, chaise roulante
silla eléctrica	Chaise électrique
silla ergonómica	Chaise ergonomique
silla ginecológica	Fauteuil gynécologique
silla mecedora	Fauteuil à bascule
silla poltrona	Fauteuil
sillón de ginecología	Fauteuil de gynécologie
sillón de hamaca	Chaise à bascule
sillón de reconocimiento ginecológico	Fauteuil de gynécologie
sillón orejero	Fauteuil à oreilles
simple y llanamente	Purement et simplement
simulacro de guerra	Jeu de guerre
simón dice	Jacques a dit
sin abreviar	En toutes lettres
sin ambages	Sans ambages
sin cargo	Gratuit
sin cesar	Sans cesse
sin contar	Sans compter
sin cuartel	Sans merci
sin cumplidos	Sans façon
sin dificultad	Haut la main
sin discernimiento	À tort et à travers
sin duda	Certainement
sin duda alguna	Sans aucun doute
sin el conocimiento de	À l’insu de
sin embargo	Cependant, néanmoins, pourtant
sin escrúpulos	Sans scrupules
sin excepción	Sans exception
sin igual	Hors pair
sin interrupción	De suite
sin lugar a dudas	De loin, bel et bien
sin ninguna duda	Sans aucun doute
sin olor	Inodore
sin orden ni concierto	Pêle-mêle
sin par	Sans égal
sin peligro	Sûr
sin pelo	Glabre
sin piedad	Sans merci
sin precedentes	Sans précédent
sin previo aviso	Tout de go
sin que	Sans que
sin querer	Involontairement
sin razón	À tort
sin rencores	Sans rancune
sin reír	Sans rire
sin reírse	Sans rire
sin rodeos	Sans détour
sin ropa	Nu
sin sombra de duda	Sans l’ombre d’un doute
sin sospechas	À l’insu de
sin techo	Sans-abri
sin un centavo	Désargenté
sinapsis eléctrica	Synapse électrique
sinarmonía vocálica	Harmonie vocalique
singulare tantum	Singulare tantum
singularidad gravitacional	Singularité gravitationnelle
singularidad tecnológica	Singularité technologique
sintagma nominal	Groupe nominal, syntagme nominal
sintagma preposicional	Syntagme prépositionnel
sistema cardiovascular	Système cardiovasculaire; Las vitaminas son básicas para el cuerpo h
sistema conjugado	Système conjugué
sistema de alimentación ininterrumpida	Onduleur
sistema de archivos	Système de fichiers
sistema de archivos virtual	Virtual File System
sistema de coordenadas	Système de coordonnées
sistema de crédito social	Crédit social, système de crédit social
sistema de ecuaciones	Système d’équations
sistema de escritura	Système d’écriture
sistema de gestión	Système de gestion
sistema de numeración	Système de numération
sistema de salud	Système de santé
sistema de signos	Système de signes
sistema decimal	Système décimal
sistema endocrino	Système endocrinien
sistema estructural	Gros œuvre
sistema físico	Système physique
sistema glinfático	Système glymphatique
sistema inmunológico	Système immunitaire
sistema internacional	Système international
sistema internacional de unidades	Système International d’Unités, Système International
sistema nervioso	Système nerveux
sistema nervioso autónomo	Système nerveux autonome
sistema nervioso entérico	Système nerveux entérique
sistema nervioso parasimpático	Système nerveux parasympathique
sistema nervioso simpático	Système nerveux sympathique
sistema olfativo	Système olfactif
sistema olfatorio	Système olfactif
sistema operativo	Système d’exploitation
sistema sanitario	Système de santé
sistema semiótico	Système sémiotique
sistema solar	Système solaire (notre propre système sola; Système solaire (en désignant n’impo
sistema triclínico	Système triclinique
sistema trigonal	Système trigonal
sistemas gestores de bases de datos	Système de gestion de base de données
sisón común	Outarde canepetière
sitio arqueológico	Site archéologique, lieu où subsistent des
sitio web	Site web
situación de salud	État de santé
skye terrier	Skye terrier
skúa parda antártica	Labbe brun
slip de baño	Slip de bain
sloppy joe	Sloppy joe
small computer system interface	Small Computer System Interface
soberanía alimentaria	Souveraineté alimentaire
soberanía nacional	Souveraineté nationale
sobre de mesana	Cacatois de perruche
sobre de proa	Cacatois de misaine
sobre gustos no hay nada escrito	Tous les goûts sont dans la nature
sobre la marcha	Au fur et à mesure
sobre mayor	Grand cacatois
sobre todo	surtout, particulièrement, spécialement, p
sobrecarga informativa	Infobésité
sociedad anónima	Société anonyme
sociedad de consumo	Société de consommation
sociedad de la información	Société de l’information
sociedad en comandita	Société en commandite
sociedad secreta	Société secrète
socorro frumentario	Secours frumentaire
soda cáustica	Soude caustique, hydroxyde de sodium (NaOH
software didáctico	Didacticiel
sofá cama	Canapé-lit
sol bemol mayor	Sol bémol majeur
sol con uñas	Expression imagée qui désigne le moment où
sol negro	Soleil noir
solamente que	À condition que
solar edificable	Terrain à bâtir
soldada de a pie	Fantassine
soldada de infantería	Fantassine
soldado advertido no muere en guerra	Un homme averti en vaut deux
soldado de a pie	Fantassin
soldado de infantería	Fantassin
soldado raya-negra	Poisson-soldat à bande noire
soldadura blanda	Brasage tendre, brasure tendre
soldadura dura	Brasage fort, brasure forte
soldadura fuerte	Brasage fort, brasure forte, brasure tendre
solicitante de asilo	Demandeur d’asile
solo sé que no sé nada	Je ne sais qu’une chose c’est que je ne sais rien
soltar las amarras	Larguer les amarres
solución de continuidad	Solution de continuité
sombra de ojos	Ombre à paupières, fard à paupières
sombras chinescas	Ombres chinoises
sombrero canotier	Canotier
sombrero de canal	Chapeau romain, saturne
sombrero de canoa	Chapeau romain, saturne
sombrero de copa	Haut de forme, haut-de-forme
sombrero de fieltro	Feutre
sombrero de paja	Chapeau de paille
sombrero de plumas	Chapeau à plumes
sombrero de teja	Chapeau romain, saturne
sombrero de tres picos	Tricorne
sombrero mexicano	Sombréro
somormujo cuellirrojo	Grèbe jougris
somormujo lavanco	Grèbe huppé
sonda espacial	Sonde spatiale
sopa nutricia	Soupe primordiale
sopa prebiótica	Soupe primordiale
sopa primitiva	Soupe primordiale
sopesar los pros y los contras	Peser le pour et le contre
soplador de vidrio	Souffleur de verre
sopladora de vidrio	Souffleuse de verre
soporte de gato	Chandelle
soporte del gato	Chandelle
soporte físico	Matériel
soporte lógico	Logiciel
sorbato de sodio	Sorbate de sodium
sortear la situación	Faire le dos rond
sosa blanca	Soude en buisson
sosa cáustica	Soude caustique, hydroxyde de sodium (NaOH
sosa lejía	Soude caustique, hydroxyde de sodium (NaOH
sotho norteño	Sotho du nord
soy yo	Moi
soñar despierto	Rêvasser
space cake	Space cake
spaniel bretón	Épagneul breton
spaniel de campo	Field Spaniel, field spaniel
spaniel del tibet	Épagneul tibétain
spaniel japonés	Épagneul japonais
spitz japonés	Spitz japonais
spray lacrimógeno	Gaz lacrymogène
springer spaniel galés	Épagneul springer gallois
springer spaniel inglés	Springer anglais
staffordshire bull terrier	Staffordshire bull terrier
stas purege	C’est nickel
statu quo	Statu quo
street workout	Entraînement de rue
strudel de manzana	Apfelstrudel
su alteza	Vos Altesses
su excelencia	Votre Excellence
su majestad	Sa Majesté, Votre Majesté
suavizador de agua	Adoucisseur d’eau
subestación eléctrica	Poste électrique
subido de tono	Olé olé
subir al trono	Monter sur le trône
subirle el sueldo a	Augmenter
subirse al carro	Suivre le mouvement
subirse al tren	Suivre le mouvement
subirse los humos a la cabeza	Prendre la grosse tête
subjuntivo presente	Présent du subjonctif, subjonctif présent
sublimación en vacío	Sublimation sous vide
sublimación inversa	Désublimation
sublimación regresiva	Désublimation
submarino volador	Sous-marin volant
suboficial de reserva	Sous-officier de réserve
subsalicilato de bismuto	Sous-salicylate de bismuth
subsidio de paro	Allocation chômage
sucesión aritmética	Suite arithmétique
sucesión convergente	Convergent sequence
sucesión ecológica	Succession écologique
sucesión geométrica	Suite géométrique
sucursal bancaria	Agence bancaire
sud quarto al sud-oeste	Sud-quart-sud-ouest
sud quarto al sudeste	Sud-quart-sud-est
sud-oeste quarto al oeste	Sud-ouest-quart-ouest
sud-oeste quarto al sud	Sud-ouest-quart-sud
suelo de tundra	Sol de toundra
suelo flotante	Parquet flottant
suelo radiante	Plancher chauffant
suero de mantequilla	Lait battu
suero fisiológico	Sérum physiologique
suero sanguíneo	Sérum sanguin
sueste quarto al este	Sud-est-quart-est
sueste quarto al sud	Sud-est-quart-sud
sueño americano	Rêve américain
sueño despierto	Rêve éveillé
sueño eterno	Sommeil éternel
sueño paradójico	Sommeil paradoxal
sufijo derivativo	Suffixe dérivatif
sufijo flexivo	Suffixe flexionnel
sufrir el martirio	Souffrir le martyre
suicidio asistido	Suicide assisté
suicidio forzado	Suicide forcé
suicidio político	Suicide politique
sulfato de amonio	Sulfate d’ammonium
sulfato de calcio	Sulfate de calcium
sulfato de magnesio	Sulfate de magnésium
sulfato magnésico	Sulfate de magnésium
sulfuro de hidrógeno	Sulfure d’hydrogène
suma de los dígitos	Somme des chiffres
suma de verificación	Somme de contrôle
suma sacerdotisa	Grande prêtresse
sumidero de carbono	Puits de carbone
sumisión química	Soumission chimique
sumo pontífice	Souverain pontife
sumo sacerdote	Grand prêtre
sunarse a algo	Suivre le mouvement
superficie de trabajo	Plan de travail
superlativo absoluto	Superlatif absolu
superlativo relativo	Superlatif relatif
suplemento dietético	Complément alimentaire
supremacismo blanco	Suprémacisme blanc
supresión disimulada	Bannissement furtif
surf con remo	Stand up paddle
sus majestades	Leurs Majestés
sus ojos son más grandes que su estómago	Avoir les yeux plus gros que le ventre, avoir les yeux plus grands que le ventre
suslik europeo	Spermophile d’Europe
suslik moteado	Spermophile tacheté
sussex spaniel	Sussex spaniel
sustancia de la expresión	Substance de l’expression
sustancia del contenido	Substance du contenu
sustantivo abstracto	Nom abstrait
sustantivo colectivo	Nom collectif
sustantivo común	Nom commun
sustantivo concreto	Nom concret
sustantivo contable	Nom comptable
sustantivo discontinuo	Nom comptable
sustantivo discreto	Nom comptable
sustantivo propio	Nom propre
sustituto de carne	Simili-carné
sutura sagital	Suture sagittale
suño cornudo	Requin dormeur cornu
sábado de gloria	Synonyme de Sábado Santo (Samedi saint)
sábado santo	Samedi saint
sálvese quien pueda	Sauve qui peut
séptimo arte	Septième art
séptimo cielo	Septième ciel
sétimo arte	Septième art
sí mismo	Soi-même
sí mismos	Eux-mêmes
símbolo niceno-constantinopolitano	Symbole de Nicée
síncope vasovagal	Malaise vagal
síndrome alcohólico fetal	Syndrome d’alcoolisation fœtale
síndrome coronario agudo	Syndrome coronaire aigu
síndrome de angelman	Syndrome d’Angelman
síndrome de cabina	Syndrome de la cabane
síndrome de diógenes	Syndrome de Diogène
síndrome de estocolmo	Syndrome de Stockholm
síndrome de estrés postraumático	Syndrome de stress post-traumatique
síndrome de inmunodeficiencia adquirida	Syndrome d’immunodéficience acquise
síndrome de la impostora	Syndrome de l’impostrice
síndrome de la página en blanco	Syndrome de la page blanche
síndrome de lejeune	Maladie du cri du chat, syndrome de Lejeun
síndrome de los husos horarios	Décalage horaire
síndrome de marfan	Syndrome de Marfan
síndrome de parís	Syndrome de Paris
síndrome de peter pan	Syndrome de Peter Pan
síndrome de prader-willi	Syndrome de Prader-Willi
síndrome de turner	Syndrome de Turner
síndrome de west	Syndrome de West
síndrome de williams	Syndrome de Williams
síndrome de williams-beuren	Syndrome de Williams
síndrome de wolf-hirschhorn	Syndrome de Wolf-Hirschhorn
síndrome del choque tóxico	Syndrome du choc toxique
síndrome del cri du chat	Syndrome du cri du chat, syndrome de Lejeu
síndrome del edificio enfermo	Syndrome du bâtiment malsain
síndrome del impostor	Syndrome de l’imposteur
síndrome del maullido del gato	Syndrome du cri du chat, syndrome de Lejeu
síndrome del niño sacudido	Syndrome du bébé secoué
síndrome del niño torpe	Synonyme de dispraxia (dyspraxie)
síndrome del niño zarandeado o agitado	Syndrome du bébé secoué
síndrome hemolítico-urémico	Syndrome hémolytique et urémique
síndrome metabólico	Syndrome métabolique
síndrome premenstrual	Syndrome prémenstruel
síndrome respiratorio agudo grave	Syndrome respiratoire aigu sévère
síndrome respiratorio agudo severo	Syndrome respiratoire aigu sévère
síndrome ullrich-turner	Syndrome de Turner
síndrome x frágil	Syndrome de l’X fragile
síndromo de asperger	Syndrome d’Asperger
síntesis aditiva	Synthèse additive
síntesis sustractiva	Synthèse soustractive
sólido en suspensión	Matière en suspension
sólido suspendido	Matière en suspension
sólo tener que	N’avoir qu’à
tabaco cimarrón	Morelle noire
tabaco de montaña	Arnica des montagnes
tabaco negro	Brune
tabernero de profundidad	Acantholabre
tabique de panderete	Galandage
tabique nasal	Septum nasal
tabla astronómica	Table astronomique
tabla de doble entrada	Tableau à double entrée
tabla de encaminamiento	Table de routage
tabla de enrutamiento	Table de routage
tabla de lavar	Planche à laver
tabla de planchar	Planche à repasser
tabla de verdad	Table de vérité
tabla periódica	Tableau périodique (des éléments)
tabla periódica de los elementos	Tableau périodique des éléments
table dance	Strip club
tablero contador	Abaque
tablero de ajedrez	Échiquier
tablero de damas	Fritillaire pintade
tablero de instrumentos	Tableau de bord
tableta de chocolate	Tablette de chocolat
tablilla de arcilla	Tablette d’argile
tablilla de barro	Tablette d’argile
tacso amarillo	Curuba
tacto rectal	Toucher rectal
tacón de aguja	Talon aiguille
tai lü	Taï lü
tailandés septentrional	Thaï du Nord
tal cual	Tel quel
tal es el poco mordedor	Tel est pris qui croyait prendre
tal vez	Peut-être
tala rasa	Coupe rase, taillis
taladradora de papel	Perforatrice, trouilloteuse
taladro amarillo	Zeuzère du marronnier, zeuzère du poirier
talla dulce	Taille-douce
taller textil	Tissage
tallo cerebral	Tronc cérébral
talégalo de las marianas	Mégapode de La Pérouse
talégalo de reinwardt	Mégapode de Reinwardt
talón de aquiles	Talon d’Achille
talón de judas	Morceau de viande grillé très dure; Sale gamin, enfant turbulant
tan pronto como	Dès que, aussitôt que
tan tonto como un burro	Con comme la lune, con comme un balai
tanga masculina	Slip de bain
tanino condensado	Tanin condensé
tantear el terreno	Tâter le terrain
tanto como	Aussi bien, autant que
tanto es así que	À telle enseigne que
tanto mejor	Tant mieux
tanto peor	Tant pis
tanto por ciento	Pourcentage
tanto que	Si bien que
tanto va el cántaro a la fuente hasta que se rompe	Tant va la cruche à l’eau qu’à la fin elle se casse
tanto va el cántaro a la fuente que al fin se rompe	Tant va la cruche à l’eau qu’à la fin elle se casse
tanto va el cántaro a la fuente que al final se rompe	Pousser sa chance, tant va la cruche à l’eau qu’à la fin elle se casse
tapir andino	Non usuel de Tapirus pinchaque, tapir endé
tapón corona	Bouchon couronne
tarabilla común europea	Traquet pâtre
tarabilla norteña	Traquet tarier
tarde o temprano	Tôt ou tard
tarde que temprano	Tôt ou tard
tarea doméstica	Tâche domestique, tâche ménagère
tarifa plana	Forfait
tarjeta amarilla	Carton jaune
tarjeta de crédito	Carte de crédit
tarjeta de débito	Carte de débit
tarjeta de embarque	Carte d’embarquement
tarjeta de felicitación	Carte de vœux
tarjeta de pago	Carte bancaire
tarjeta de raspa y gana	Jeu à gratter, jeu de grattage
tarjeta de regalo	Carte cadeau
tarjeta de video	Carte graphique
tarjeta gráfica	Carte graphique
tarjeta perforada	Carte perforée
tarjeta postal	Carte postale
tarjeta regalo	Carte cadeau
tarjeta roja	Carton rouge
tarjeta verde	Carte verte, carte de résident permanent a
tarot de marsella	Tarot de Marseille
tarro blanco	Tadorne de Belon
tarro canelo	Tadorne casarca
tarta de arroz	Tarte au riz
tarta de crema	Tarte à la crème
tarta de manzana	Tarte aux pommes
tarta de manzanas	Tarte aux pommes
tarta espacial	Space cake
tarta sacher	Tarte Sacher
tarántula europea	Lycose de Narbonne
tasa bruta de mortalidad	Taux de mortalité
tasa de crecimiento	Taux de croissance
tasa de flujo de calor	Flux thermique
tasa de interés	Taux d’intérêt
tasa de natalidad	Taux de natalité
tasa de pulsación pasante	Taux de clics
tasa de urbanización	Taux d’urbanisation
tasa rosa	Taxe rose
tatuaje corneal	Kératopigmentation
taza de café	Tasse à café
taza de té	Tasse de thé
taza del inodoro	Cuvette de toilette
taza del váter	Cuvette de toilette
tazón cantador	Bol chantant
tazón himalayo	Bol chantant
tazón tibetano	Bol chantant, bol tibétain
te amo	Je t’aime
te leo como un libro abierto	Lire en quelqu’un comme dans un livre ouvert
te quiero	Je t’aime
teatro anatómico	Théâtre anatomique
teatro callejero	Théâtre de rue
teatro de calle	Théâtre de rue
teatro de sombras	Théâtre d’ombres
teatro de varietés	Variété
techo de bambú	Plafond de bambou
techo de cristal	Plafond de verre
techo verde	Toit végétalisé
tecla aceleradora	Raccourci clavier
tecolote afilador	Petite nyctale
tecolote oriental	Petit-duc maculé
tectónica de placas	Tectonique des plaques
tejado de dos vertientes	Toit en pente
tejedor cogullado	Tisserin gendarme
tejedor común	Tisserin gendarme
tejido de punto	Bonneterie
tejido linfático	Réseau lymphatique
tejido social	Tissu social
tejido vegetal	Tissu végétal
tejo común	If commun
tejonero de westfalia	Basset de Westphalie
tejón común	Blaireau européen
tejón de la miel	Ratel
tejón norteamericano	Blaireau américain
tejón turón	Blaireau-furet
tejón turón birmano	Blaireau-furet de Birmanie
tejón turón chino	Blaireau-furet de Chine
tejón turón de java	Blaireau-furet de Java
tela de araña	Toile d’araignée
telar para bordar	Métier à broder
telefonía fija	Ligne fixe
teleportación cuántica	Téléportation quantique
telescopio de cassegrain	Télescope de type Cassegrain
telescopio espacial	Télescope spatial
televisión de plasma	Écran à plasma
telururo de hidrógeno	Tellurure d’hydrogène (H₂Tel)
teléfono celular	Téléphone cellulaire
teléfono fijo	Téléphone fixe
teléfono inteligente	Smartphone
teléfono móvil	Portable
teléfono público	Cabine téléphonique
telégalo de freycinet	Mégapode de Freycinet
telón de acero	Rideau de fer
tema central	Fil rouge
temperatura absoluta	Température absolue
temperatura ambiente	Température ambiante
temperatura de autoignición	Point d’auto-inflammation, point d’auto-ig
temperatura de color	Température de couleur
temperatura de rocío	Température de rosée
temperatura homóloga	Température homologue
temperatura termodinámica	Température thermodynamique
temporada alta	Haute saison
tendero de ultramarinos	Épicier
tendón de aquiles	Tendon d’Achille
tenedor de pescado	Fourchette à poisson
tener a alguien agarrado por las narices	Mener par le bout du nez
tener agallas	Avoir du cœur au ventre
tener al rey en el cuerpo	Se croire le premier moutardier du pape
tener algo mejor que hacer	Avoir d’autres chats à fouetter
tener algo que ver con	Avoir à voir
tener alguien que ver con	Avoir à voir
tener buena pinta	Avoir un bon aspect, être agréable, faire
tener buena prensa	Avoir bonne presse
tener cara	Avoir du culot
tener carta blanca	Avoir carte blanche
tener cosas más importantes que hacer	Avoir d’autres chats à fouetter
tener cuidado	Faire attention
tener dedos verdes	Avoir la main verte
tener dificultades para	Avoir du mal
tener dolor	Avoir mal
tener donde elegir	Embarras du choix
tener el corazón en la mano	Avoir le cœur sur la main
tener en alta estima	Estimer
tener en cuenta	Prendre en compte, tenir compte de
tener esperanza	Espérer
tener ganas	Vouloir, avoir envie
tener ganas de	Avoir hâte
tener hambre	Avoir faim
tener huevos	Avoir des couilles
tener ideas negras	Avoir le cafard
tener la cabeza bien amueblada	Avoir la tête sur les épaules
tener la conciencia tranquila	En avoir le cœur net
tener la mirada vacía	Avoir le regard vide
tener la mosca detras de la oreja	Mettre la puce à l’oreille
tener la mosca en la oreja	Mettre la puce à l’oreille
tener los cojones bien puestos	Avoir des couilles au cul
tener los ojos solo en	N’avoir d’yeux que pour
tener los plomillos fundidos	Avoir un plomb de sauté
tener lugar	Arriver, avoir lieu, survenir
tener madera de	Avoir l’étoffe de
tener manos de trapo	Avoir deux mains gauches
tener miedo	Avoir peur
tener más de un as bajo la manga	Avoir plus d’une corde à son arc
tener narices	Avoir du toupet, avoir du cran, être audac
tener ojos solo para	N’avoir d’yeux que pour
tener olfato	Avoir du flair
tener otras cosas de que ocuparse	Avoir d’autres chats à fouetter
tener pensado	Avoir hâte
tener pesadillas	Cauchemarder
tener pinta	Avoir l'air bon
tener que	Devoir
tener que cogerse con pinzas	Être à prendre avec des pincettes
tener que ver	Avoir à voir
tener que ver con	Avoir à voir
tener sangre de atole	Avoir du sang de navet
tener sed	Avoir soif
tener sentido	Avoir du sens
tener sucias las manos	Avoir les mains sales
tener suerte	Avoir de la chance
tener suficiente	En avoir assez
tener tiempo	Avoir le temps
tener un papel	Jouer un rôle
tener una avería	Tomber en panne, tomber en rideau, tomber en rade
tener una hambre canina	Avoir une faim de loup
tener una mente guarra	Avoir l’esprit mal tourné
tener una mente pervertida	Avoir l’esprit mal tourné
tener unos pelillos	Avoir du plomb dans l’aile
tener valor	Valoir
tener vara alta	Avoir la haute main, tenir la queue de la poêle
tener éxito	Arriver
tenerlo presente	Se le tenir pour dit
tenerlos bien puestos	Avoir des couilles au cul
teniente coronel	Lieutenant-colonel
teniente general	lieutenant-général
tenis de mesa	Tennis de table, ping-pong
tensión de tracción	Contrainte de traction
tensión eléctrica	Différence de potentiel
tensión mecánica	Contrainte mécanique
tensor de deformaciones	Tenseur des déformations
tensor de esfuerzos	Tenseur des contraintes
tensor de tensiones	Tenseur des contraintes
tensor deformación	Tenseur des déformations
tensor tensión	Tenseur des contraintes
tentar a la suerte	Tenter le diable
tentar al diablo	Tenter le diable
teología moral	Théologie morale
teorema de pitágoras	Théorème de Pythagore
teorema del apretón	Théorème des gendarmes
teorema del emparedado	Théorème des gendarmes
teorema del sándwich	Théorème des gendarmes
teoría conspirativa	Théorie du complot
teoría cuántica	Théorie des quanta
teoría de conjuntos	Théorie des ensembles
teoría de cuerdas	Théorie des cordes
teoría de juegos	Théorie des jeux
teoría de la conspiración	Théorie du complot
teoría de la filtración	Théorie du ruissellement
teoría de la mente	Théorie de l’esprit
teoría del género	Théorie du genre
teoría musical	Théorie de la musique
terapeuta respiratorio	Inhalothérapeute
terapia de conversión	Thérapie de conversion, thérapie de réorientation sexuelle, thérapie réparatrice
terapia de ventosas	Ventousothérapie
terapia del bosque	Sylvothérapie
terapia del color	Cure des couleurs, chromothérapie, chromathérapie
terapia electroconvulsiva	Électroconvulsivothérapie
terapia gestáltica	Gestalt-thérapie
terapia génica	Thérapie génique
tercer grado	Semi-liberté
tercer mundo	Tiers-monde
tercer riel	Troisième rail
tercer sector	Économie sociale
tercer sexo	Troisième genre
tercera clase	Troisième classe
tercera de picardía	Tierce picarde
tercera edad	Troisième âge
tercera persona	Troisième personne
tercera persona del plural	Troisième personne du pluriel
tercera persona del singular	Troisième personne du singulier
tercera vía	Troisième voie
terciado en banda	Tiercé en bande
terciado en barra	Tiercé en barre
terciado en cabrio	Tiercé en chevron
terciado en cabrio invertido	Tiercé en chevron renversé
terciado en faja	Tiercé en fasce
terciado en pal	Tiercé en pal
terciado en perla	Tiercé en pairle, tiercé en pairle renversé
tercio de libre disposición	Quotité disponible
termostato de parafina	Calorstat
terra rosa	Terra rossa
terranova y labrador	Terre-Neuve-et-Labrador
terraza marina	Platier
terrera común	Alouette calandrelle
terrera marismeña	Alouette pispolette
terrier alemán	Terrier de chasse allemand
terrier brasileño	Terrier brésilien
terrier checo	Terrier tchèque
terrier de australia	Terrier australien
terrier de japón	Terrier japonais
terrier escocés	Terrier écossais
terrier galés	Terrier gallois
terrier irlandés	Terrier irlandais
terrier tibetano	Terrier tibétain
territorio histórico	Territoire historique
terrorismo electrónico	Cyberterrorisme
terrorismo intelectual	Terrorisme intellectuel
test de intrusión	Test d’intrusion
test de rorschach	Test de Rorschach
test unitario	Test unitaire
testamento vital	Directive anticipée
testigo de jehová	Témoin de Jéhovah
testigo directo	Témoin oculaire
testigo ocular	Témoin oculaire
testimonio ulterio	Expédition
testosterona libre	Testostérone libre
tetra ambar	Tétra amande
tetra bandera negra	Néon noir
tetra cardenal	Tétra cardinal
tetra gota de sangre	Tétra joyau
tetra limón	Tétra citron
tetra negro	Tétra noir
tetra neón	Tétra néon
tetra neón negro	Néon noir
tetra serpae	Tétra joyau
tetraedro truncado	Tétraèdre tronqué
tetrahidruro de carbono	Méthane (CH₄)
tetraóxido de dinitrógeno	Peroxyde d’azote
tetróxido de dinitrógeno	(nom UICPA) Peroxyde d’azote (tétraoxyde d
texas longhorn	Longhorn du Texas
textos apócrifos	Apocryphe
teñir de rojo	Empourprer
teñirse de rojo	S’empourprer
thrash metal alemán	Thrash metal allemand
tiburón anguila	Requin lézard
tiburón azotador	Requin-renard commun
tiburón azul	Requin bleu
tiburón ballena	Requin-baleine
tiburón blanco	Requin blanc
tiburón cailón	Requin-taupe commun
tiburón de arrecife de punta blanca	Requin-corail
tiburón de groenlandia	Requin du Groenland
tiburón de siete branquias	Requin perlon
tiburón duende	Requin-lutin
tiburón duende rosado	Requin-lutin
tiburón globo	Holbiche ventrue
tiburón liso	Requin féroce
tiburón mako	Requin-taupe bleu
tiburón martillo	Requin-marteau
tiburón martillo común	Requin-marteau halicorne
tiburón martillo liso	Requin-marteau commun
tiburón nocturno	Requin de nuit
tiburón peregrino	Requin pèlerin
tiburón punta negra	Requin à pointes noires
tiburón tigre	Requin-tigre
tiburón toro	Requin-taureau
tiburón trozo	Requin d’estuaire
tiempo de planck	Temps de Planck
tiempo geológico	Temps géologique
tiempo libre	Temps libre
tiempo magnífico	Temps magnifique
tiempo parcial	Temps partiel
tiempo pascual	Temps pascal
tiempo sidéreo	Temps sidéral
tiempo universal coordinado	Temps universel coordonné
tienda de abarrotes	Arabe du coin
tienda de animales	Animalerie
tienda de bicicletas	Magasin de cycles
tienda de calzado	Magasin de chaussures
tienda de campaña	Tente
tienda de comestibles	Épicerie
tienda de conveniencia	Dépanneur
tienda de mascotas	Animalerie
tienda de ropa	Magasin de vêtements
tienda de techo	Tente de toit
tienda de ultramarinos	Épicerie
tienda por departamentos	Grand magasin
tiene una atadura	Avoir un fil à la patte
tierra batida	Terre battue
tierra de cultivo	Sol, terre cultivée
tierra de nadie	No man’s land
tierra de siena	Terre de Sienne
tierra firme	Terre ferme
tierra labrantía	Charruage
tierra quemada	Terre brûlée
tierra rara	Terre rare, (élément du groupe 3)
tieso muerto	Raide mort
tigre de bengala	Tigre du Bengale
tigre de dientes de sable	Tigre à dents de sabre
tigre de tasmania	Thylacine
tigre siberiano	Tigre de Sibérie
tijera para setos	Taille-haie
tijeras de jardín	Sécateur
tijeras de podar	Sécateur
tijereta de las pajas	Moucherolle à longue queue, moucherolle à queue large
tilo de hoja ancha	Tilleul à grandes feuilles
tilo de tiesto	Tilleul d’appartement
tilo norteño	Tilleul à petites feuilles
timón de profundidad	Gouverne de profondeur
tinta china	Encre de Chine
tinta electrónica	Encre électronique
tinto de verano	Mélange de vin rouge et de limonade
tintura madre	Teinture-mère
tiopentato de sodio	Synonyme de pentotal sódico (« thiopental
tipo abstracto	Classe abstraite
tipo de cambio	Taux de change
tipo móvil	Caractère mobile
tira cómica	Bande dessinée, bande, strip
tira y afloja	Bras de fer, valse-hésitation
tirar al niño con el agua de bañarlo	Jeter le bébé avec l’eau du bain
tirar de	Tenir de
tirar la casa por la ventana	Mettre les petits plats dans les grands
tirar la esponja	Rendre les armes
tirar la primera piedra	Jeter la pierre
tirar la toalla	Rendre les armes, jeter l’éponge
tirar latas	Jeu de massacre
tirar piedras a su propio tejado	Tendre le bâton pour se faire battre
tirar piedras al propio tejado	Se tirer une balle dans le pied
tirar piedras contra el propio tejado	Se tirer une balle dans le pied
tirar piedras sobre el propio tejado	se tirer une balle dans le pied
tirarse a	Se taper
tirarse de cabeza	Piquer une tête
tirarse de las greñas	S’arracher les cheveux
tirarse del moño	S’arracher les cheveux
tirarse un pedo	Lâcher, lâcher une caisse
tirarse una plancha	Se mettre le doigt dans l’œil
tirejeta rosada	Tyran à longue queue
tiro con arco	Tir à l'arc
tiro de esquina	Coup de pied de coin
tiro de volea	Reprise de volée
tizón de la papa	Mildiou de la pomme de terre
tlacuache común	Opossum commun
tlacuache cuatro ojos	Opossum brun à quatre yeux
tlacuache sureño	Opossum commun, opossum austral (Didelphis
tlaxcala no existe	Formule employée au Mexique pour plaisante
tlaxcala sí existe	Slogan employé pour affirmer et promouvoir
toalla higiénica	Serviette hygiénique
toalla sanitaria	Serviette hygiénique
toallita de ducha	Gant de toilette
toallita para lavarse	Gant de toilette
toba calcárea	Tuf calcaire, tuffeau
tobogán de emociones	Ascenseur émotionnel
tocar el claxon	Klaxonner
tocar el timbre	Sonner
tocar fondo	Toucher le fond
tocar la bocina	Klaxonner
tocar la campanilla	Sonner, sonner à la porte
tocar la fibra sensible	Toucher la corde sensible
tocar los cojones a alguien	Faire chier quelqu'un, emmerder quelqu'un
tocar los huevos	Casser les couilles, enculer
tocar madera	Toucher du bois
tocarse las narices	Perdre son temps, être inutile; Aller se faire voir
tocino entreverado	Bacon, lardon, lard
toda clase de	Toutes sortes de
todavía no	Pas encore
todo a la vez	Tout à la fois
todo el mundo	Tout le monde, tous
todo el oro del mundo	Tout l’or du monde. Note d’usage : Utilisé
todo el rato	Tout le temps, à chaque instant
todo el tiempo	Tout le temps
todo en uno	Tout-en-un
todo eso	Tout ça
todo lo nuevo agrada	Tout nouveau, tout beau
todo lo que necesita	Tout son saoul
todo sonrisa	Tout sourire
todo tiene su tiempo	Il y a un temps pour tout
todo viene del huevo	Ex ovo omnia
todos ganan	Gagnant-gagnant
todos los caminos llevan a roma	Tous les chemins mènent à Rome
todos zarpan	Toutes voiles dehors
tok pisin	Tok pisin, néo-mélanésien
toma de mechero	Allume-cigare
toma de rehenes	Prise d’otage
toma de sangre	Prise de sang
toma de vistas	Prise de vue
toma del poder	Prise de pouvoir
tomadura de pelo	Moquerie
tomar a la desprovista	Prendre par surprise, prendre au dépourvu
tomar a pecho	Prendre à cœur
tomar café	Prendre le petit déjeuner
tomar con la guardia baja	Prendre par surprise, prendre au dépourvu
tomar con pinzas	Prendre avec des pincettes
tomar cuerpo	Prendre forme
tomar de revés	Prendre à revers
tomar de sorpresa	Prendre par surprise
tomar del pelo	Mettre en boïte
tomar descuidado	Prendre par surprise, prendre au dépourvu
tomar desprevenido	Prendre par surprise, prendre au dépourvu
tomar el hábito	Rentrer dans les ordres, entrer dans les ordres
tomar el pelo	Se moquer de quelqu’un
tomar el relevo	Prendre le relai
tomar en consideración	Prendre en considération
tomar en cuenta	Donner suite
tomar en serio	Prendre au sérieux
tomar forma	Prendre forme
tomar la palabra	Prendre au mot
tomar las riendas	Prendre les rênes
tomar nota	Prendre note
tomar partido	Prendre parti
tomar por sorpresa	Prendre par surprise
tomar represalias	Rendre la pareille
tomar una curva cerrada	Prendre un virage à la corde
tomar una ducha	Prendre une douche
tomarla con	S’en prendre à
tomarse el último	Boire le coup de l’étrier
tomarse la molestia	Prendre la peine
tomarse muy a pecho	Tenir à cœur
tomarse su tiempo	Prendre son temps
tomate andino	Tamarillo
tomate cereza	Tomate cerise
tomate cherri	Tomate cerise
tomate de mar	Tomate de mer
tomate de árbol	Tamarillo
tomate serrano	Tamarillo
tomatillo del diablo	Morelle noire, morelle de Linné
tomillo blanco	Fabrègue
tomillo borriquero	Lavande stéchade
tomillo de gato	Germandrée maritime
tomillo morisco	Fumana à feuilles de thym
tomografía por emisión de positrones	Tomographie par émission de positons
tonelada métrica	Tonne, mille kilogrammes
tonina overa	Dauphin de Commerson, céphalorhynque de Commerson
tonto como un burro	Bête comme un chou
tonto del bote	Stupide, très bête
tonto del culo	Stupide, très bête
tonto del pueblo	Idiot du village
topillo campesino	Campagnol commun
topillo nórdico	Campagnol nordique
topillo rojo	Campagnol roussâtre
topo ciego	Taupe aveugle
topo común	Taupe d’Europe
topo de nariz estrellada	Condylure étoilé
toque de queda	Couvre-feu
toque final	Touche finale
torcer la vista	Regarder de travers
tordo acanelado	Merle cacao
tordo aligrís	Merle à ailes grises
tordo de collar blanco	Merle à col blanc
tordo de pico negro	Merle à bec noir
tordo de vientre rufo	Merle à ventre roux
tordo negro	Merle enfumé
tordo verde	Tourd
torito coronado	Oranvert
tormenta de nieve	Tempête de neige
tormenta de polvo	Tempête de sable
tormenta en un vaso de agua	Tempête dans un verre d’eau
tormenta sucia	Orage volcanique
tormenta volcánica	Orage volcanique
tornasol mexicano	Tournesol mexicain
tornillo de banco	Étau
tornillo de purga	Vis de purge
torno de hilar	Rouet
toro bravo	Taureau de combat
toro de fuego	Toro de fuego
toro de la camarga	Camargue
toro de lidia	Taureau de combat
toro doméstico	Bœuf domestique
toronjil cuyano	Marrube blanc, marrube commun
tororoi buchicanelo	Grallaire à ventre fauve
tororoi buchifulvo	Grallaire buissonnière
tororoi carimanchado	Grallaire tachetée
tororoi cejinegro	Pittasome à sourcils noirs
tororoi chusquero	Grallaire à nuque rousse
tororoi comprapán	Grallaire à tête rousse
tororoi de cabeza listada	Grallaire des Andes
tororoi de corona castaña	Grallaire à tête rousse
tororoi de corona pizarrosa	Grallaire naine
tororoi de dorso llano	Grallaire à dos uni
tororoi de lores blancas	Grallaire à ventre fauve
tororoi de miller	Grallaire ceinturée
tororoi de nuca castaña	Grallaire à nuque rousse
tororoi de vientre blanco	Grallaire à ventre blanc
tororoi dorsiescamado	Grallaire écaillée
tororoi enano	Grallaire naine
tororoi escamoso	Grallaire écaillée
tororoi estriado	Grallaire flammée
tororoi evasivo	Grallaire secrète
tororoi loriblanca	Grallaire à ventre fauve
tororoi ocre listado	Grallaire flammée
tororoi ondeado	Grallaire ondée
tororoi ondulado	Grallaire ondée
tororoi pechiblanco	Grallaire à ventre blanc
tororoi pechicanelo	Grallaire buissonnière
tororoi pechiescamado	Pittasome à tête noire
tororoi piquigualdo	Grallaire ocrée
tororoi rufoamarillo	Grallaire à poitrine jaune
tororoi rufocenizo	Grallaire bicolore
tororoi variegado	Grallaire roi
tororoí andino	Grallaire des Andes
tororoí bandeado	Grallaire ceinturée
tororoí bayo	Grallaire châtaine
tororoí bicolor	Grallaire bicolore
tororoí bigotudo	Grallaire à moustaches
tororoí capinegro	Pittasome à tête noire
tororoí capirrufo	Pittasome à sourcils noirs
tororoí carirrufo	Grallaire masquée
tororoí castaño	Grallaire de Blake
tororoí cholino	Grallaire écaillée
tororoí compadre	Grallaire à tête rousse
tororoí de anteojos	Grallaire à lunettes
tororoí de carriker	Grallaire de Carriker
tororoí de cundinamarca	Grallaire de Kaestner
tororoí de cuzco	Grallaire de Cuzco
tororoí de santa marta	Grallaire des Santa Marta
tororoí de táchira	Grallaire du Tachira
tororoí del napo	Grallaire flammée
tororoí del ucayali	Grallaire secrète
tororoí enmascarado	Grallaire oreillarde
tororoí excelso	Grande grallaire
tororoí flautista	Grallaire sobre
tororoí gigante	Grallaire géante
tororoí gorgiblanco	Grallaire à gorge blanche
tororoí jocotoco	Grallaire de Ridgely
tororoí leonado	Grallaire de Quito
tororoí matorralero	Grallaire de Watkins
tororoí moteado	Grallaire tachetée
tororoí nuquicastaño	Grallaire à nuque rousse
tororoí nuquigrís	Grallaire à nuque grise
tororoí ondoso	Grallaire ondée
tororoí pechiamarillo	Grallaire à poitrine jaune
tororoí pintado	Grallaire roi
tororoí rojizo	Grallaire de Przewalski
tororoí rufo	Grallaire rousse
tororoí teguá	Grallaire teguy
tororoí torero	Grallaire à dos uni
tororoí ventriblanco	Grallaire à ventre blanc
tororoí ventricanela colombiano	Grallaire buissonnière
tororoí ventricanela ecuatoriano	Grallaire à ventre fauve
torre de babel	Tour de Babel
torre de control	Tour de contrôle
torre de mando	Kiosque
torre de marfil	Tour d’ivoire
torre del homenaje	Donjon
torre eléctrica	Pylône, pylône électrique
torrente circulatorio	Appareil circulatoire, système circulatoire
torrente sanguíneo	Appareil circulatoire, système circulatoir
torsión testicular	Torsion testiculaire
torta de cumpleaños	Gâteau d’anniversaire
torta espacial	Space cake
tortilla de harina	Galette faite à partir de farine de blé
tortolita cuyana	Colombe picui
tortolita quiguagua	Colombe à bec jaune
tortolita rojiza	Colombe rousse
tortuga araña de madagascar	Pyxide arachnoïde
tortuga bastarda	Tortue de Kemp
tortuga boba	Caouanne
tortuga caguama	Caouanne
tortuga carey	Tortue imbriquée
tortuga de cola plana	Pyxide à queue plate
tortuga escurridiza	Tortue de Floride
tortuga golfina	Tortue olivâtre
tortuga lagarto	Tortue serpentine
tortuga lagarto norteño	Tortue serpentine
tortuga laúd	Tortue luth
tortuga lora	Tortue de Kemp
tortuga marina	Tortue marine
tortuga mediterránea	Tortue d’Hermann
tortuga mora	Tortue mauresque
tortuga mordedora	Tortue serpentine
tortuga olivácea	Tortue olivâtre
tortuga pintada	Tortue de Floride
tortuga plana	Tortue à dos plat
tortuga satán	Tortue serpentine
tortuga serpentina	Tortue serpentine
tortuga toro	Tortue serpentine
tortuga verde	Tortue verte
tos ferina	Coqueluche
tosa inu	Tosa-inu
tour operador	Organisateur de voyages
toxina botulínica	Botuline
toy spaniel inglés	Épagneul king Charles
trabajador de mudanzas	Déménageur
trabajador sexual	Travailleur du sexe
trabajador social	Travailleur social
trabajadora sexual	Travailleuse du sexe
trabajadora social	Travailleuse sociale
trabajadores pobres	Travailleurs pauvres
trabajo compartido	Cotravail
trabajo cooperativo	Cotravail
trabajo de equipo	Travail d’équipe
trabajo de extracción	Travail de sortie
trabajo de parto	Travail
trabajo de sustento	Travail alimentaire
trabajo doméstico	Travail domestique
trabajo emocional	Travail émotionnel
trabajo en cadena de montaje	Travail à la chaîne
trabajo en cooperación	Cotravail
trabajo en la línea de montaje	Travail à la chaîne
trabajo en negro	Travail au noir
trabajo escolar	Devoir à la maison
trabajo intelectual	Travail intellectuel
trabajo invisible	Travail invisible
trabajo mecánico	Travail mécanique
trabajo para subsistir	Travail alimentaire
trabajo reproductivo	Travail reproductif
trabajo sexual	Travail du sexe
trabajo social	Travail social
trabajo temporero	Travail temporaire
trabajos forzados	Travaux forcés
tractor oruga	Chenille
tradición oral	Tradition orale
traducción a la vista	Traduction à vue
traducción automática	Traduction automatique
traductor automático	Traducteur automatique
traer a casa el pan de cada día	Faire bouillir la marmite
traer al mundo	Donner le jour
traer al rey en el cuerpo	Se croire le premier moutardier du pape
traer consigo	Entraîner
traer mala suerte	Porter malheur
traer por la calle de la amargura	En faire voir
tragar quina	Endurer quelque chose avec patience et sag
tragarse la píldora	Créer de toute pièce une histoire, raconte
tragedia de los bienes comunales	Tragédie des biens communs
tragedia del horizonte	Tragédie de l’horizon
trail running	Trail running
traje acuático	Combinaison de plongée
traje de adán	Costume d’Adam, habit d’Adam
traje de baño	Maillot de bain
traje de luces	Habit de lumières
transbordador espacial	Navette spatiale
transcripción fonética	Transcription phonétique
transformación afín	Transformation affine
transformar en arma	Arsenaliser
transición de género	Transition de genre
transición democrática	Transition démocratique
transición demográfica	Transition démographique
transición ecológica	Transition écologique
transporte hectométrico	Transport hectométrique
transporte público	Transport public
transversal de gravedad	Médiane
trapo de cocina	Serpillière
trapo sucio	Linge sale
tras bambalinas	En coulisse
traslación de significado	Glissement sémantique
trastorno alimenticio	Trouble du comportement alimentaire
trastorno bipolar	Trouble bipolaire
trastorno cognitivo	Trouble cognitif
trastorno de la conducta alimentaria	Trouble du comportement alimentaire
trastorno de omisión	Négligence spatiale unilatérale
trastorno de personalidad	Trouble de la personnalité
trastorno dismórfico corporal	Dysmorphophobie
trastorno hipercinético	Hyperkinésie
trastorno hiperquinético	Hyperkinésie
trastorno límite de la personalidad	Trouble de la personnalité borderline
trastorno obsesivo compulsivo	Trouble obsessionnel compulsif
trastorno por déficit de atención con hiperactividad	Trouble du déficit de l’attention avec ou sans hyperactivité
trastorno por estrés postraumático	État de stress post-traumatique, trouble de stress post-traumatique, TSPT
tratado de paz	Traité de paix
tratamiento de texto	Traitement de texte
tratamiento especial	Traitement de faveur
tratamiento superficial	Traitement de surface
tratar de	Avoir trait à
tratar de tú	Tutoyer
trauma psicológico	Psycho-traumatisme, psychotraumatisme
trauma psíquico	Psycho-traumatisme, psychotraumatisme
travesía del desierto	Traversée du désert
través de	Par
traído por los pelos	Tiré par les cheveux
tregua olímpica	Trêve olympique
treinta y cinco	Trente-cinq
treinta y cuatro	Trente-quatre
treinta y dos	Trente-deux
treinta y nueve	Trente-neuf
treinta y ocho	Trente-huit
treinta y seis	Trente-six
treinta y siete	Trente-sept
treinta y tres	Trente-trois
treinta y uno	Trente-et-un
tren de alta velocidad	Train à grande vitesse
tren de aterrizaje	Train d'atterrissage
tren de carretera	Train routier
tren de la bruja	Train fantôme
tren de potencia	Groupe motopropulseur
tren del terror	Train fantôme
tren eléctrico a escala	Train électrique
tren fantasma	Train fantôme
tren infernal	Train fantôme
tren ligero	Métro léger
trepador azul	Sittelle torchepot
trepador rupestre	Sittelle des rochers
tres en raya	Morpion
tres hermanas	Trois sœurs
tres leches	Gâteau aux trois laits
trescientasava parte	Trois-centième
tribunal constitucional	Cour constitutionnelle
tribunal de excepción	Tribunal d’exception
tribunal penal	Cour d’assises
tribunal supremo	Cour suprême
tridacna estriada	Grand bénitier gaufré
trifluoruro de cloro	Trifluorure de chlore
trifosfato de adenosina	Adénosine triphosphate
trigo almidonero	Amidonnier
trigo bastardo	Égilope ovale
trigo cabezorro	Blé compact, blé hérisson
trigo de invierno	Blé d’hiver
trigo de primavera	Blé de printemps
trigo duro	Blé dur
trigo harinero	Blé tendre
trigo otoñal	Blé d’automne
trigo pan	Blé tendre
trigo sarraceno	Sarrasin
trihidruro de antimonio	(nom UICPA) Hydrure d’antimoine (SbH₃)
trihidruro de fósforo	hydrure de phosphore, Phosphane (PH₃)
triki traki	Pétard, feux d’artifice utilisé surtout à
trineo pequeño	Luge
triperóxido de triacetona	TATP
triple salto	Triple saut
triples paréntesis	(((écho))), triple parenthèse
trique de copala	Trique de Copala
tritón americano de lunares rojos	Triton vert
tritón del este	Triton vert
tritón del este americano	Triton vert
tritón jaspeado	Triton marbré
tritón palmeado	Triton palmé
tritón verde americano	Triton vert
triángulo acutángulo	Triangle acutangle
triángulo agudo	Triangle acutangle
triángulo ambligonio	Triangle obtusangle
triángulo amoroso	Triangle amoureux
triángulo culinario	Triangle culinaire
triángulo equilátero	Triangle équilatéral
triángulo escaleno	Triangle scalène
triángulo esférico	Triangle sphérique
triángulo isósceles	Triangle isocèle
triángulo obtuso	Triangle obtusangle
triángulo obtusángulo	Triangle obtusangle
triángulo ortogonio	Triangle rectangle
triángulo oxigonio	Triangle acutangle
triángulo rectángulo	Triangle rectangle
triángulo vocalico	Triangle vocalique
trióxido de dinitrógeno	Trioxyde de diazote
tromba marina	Trombe tornadique, trombe mésocyclonique
trompa de caza	Cor naturel
trompa del elefante	Trompe d’éléphant
trompa natural	Cor naturel
trompa vienesa	Cor viennois
trompeta baja	Trompette basse
tronco celestial	Tige céleste
tronco cerebral	Tronc cérébral
trono del crisantemo	Trône du Chrysanthème
trucha adriática	Truite à lèvres molles, poisson osseux d’e
trucha alpina	Omble chevalier, poisson de la famille des
trucha arcoiris	Truite arc-en-ciel
trucha de manantial	Omble de fontaine
trucha europea	Truite de mer, dont le nom scientifique es
trucha marina	Truite de mer, poisson dont le nom scienti
trucha marrón	Truite d’Europe
trucha ártica	Omble chevalier, poisson de la famille des
truco de rosser	Astuce de Rosser
truco o trato	Farce ou friandise
trufa negra	Truffe noire
tráfico de drogas	Trafic de stupéfiants
tráfico de estupefacientes	Trafic de stupéfiants
tráfico de influencias	Trafic d’influence
trébol de cuatro hojas	Trèfle à quatre feuilles
trébol hediondo	Psoralée bitumineuse
trébol lapáceo	Trèfle fausse bardane
tsessebe común	Sassabi
tuba wagner	Tuben, tüben
tuba wagneriana	Tuben, tüben
tubería de gas	Gazoduc
tubería nombrada	Tube nommé
tubo capilar	Tube capillaire
tubo de ensayo	Tube à essai
tubo de prueba	Tube à essai
tubo de rayos catódicos	Tube cathodique
tubo digestivo	Tube digestif
tubo enfriados subterráneo	Échangeur air-sol
tubo fluorescente	Lampe fluorescente
tubo nixie	Tube nixie
tucán gigante	Toucan toco
tucán grande	Toucan toco
tucán morado de pico pintado	Toucan montagnard
tucán toco	Toucan toco
tuerca mariposa	Écrou à oreilles
tufa calcárea	Tuf calcaire
tumbo costero	Barbadine
tumor benigno	Tumeur bénigne
tur del cáucaso occidental	Bouquetin du Caucase
turbina de aire de impacto	Éolienne de secours
turbina marina	Hydrolienne
turismo de compras	Tourisme d'achats
turismo responsable	Tourisme équitable
turismo sexual	Tourisme sexuel
turismo virtual	Tourisme virtuel
turpial gorjeador	Sturnelle de l’Ouest
turpial oriental	Sturnelle des prés
turón búlgaro	Putois marbré
tylodina amarilla	Tylodine jaune, tylodine perverse
táctica de avestruz	Technique de l’autruche
táctica del avestruz	Technique de l’autruche
táctica del salami	Tactique du salami
táctica salami	Tactique du salami
tántalo africano	Tantale ibis
tártago de hoja serrada	Euphorbe dentée
tártaro dental	Tartre dentaire
tártaro emético	Tartre émétique
té blanco	Thé blanc
té de burbujas	Thé aux perles, bubble tea
té de diente de león	Café de pissenlit
té de milpa	Épazote
té de perlas	Thé aux perles, bubble tea
té de valladolid	Chenopodium botrys, le botrys
té helado	Thé glacé
té moro	Micromérie de Grèce
té negro	Thé noir
té noruego	Mûre arctique
té verde	Thé vert
técnica de vacío	Technique du vide
técnicas asistenciales de urgencia	Secourisme
técnico de laboratorio	Laborantin
técnico electromecánico	Électromécanicien
término municipal	Commune, territoire communal, finage
tímalo común	Ombre commun
tórax en embudo	Thorax en entonnoir, pectus excavatum
tórax en quilla	Thorax en carène, pectus carinatum
tórtola cuco	Phasianelle
tórtola europea	Tourterelle des bois
tórtola senegalesa	Tourterelle des palmiers
tórtola turca	Tourterelle turque
túmulo funerario	Tertre
túnel de viento	Soufflerie
túnel secreto	Passage secret
ulcus péptico	Ulcère gastro-duodénal
umbral de pobreza	Seuil de pauvreté
umbral de rentabilidad	Seuil de rentabilité
umbral epidemiológico	Seuil épidémique
umbral epidémico	Seuil épidémique
umbral medio	Seuil moyen
umbral máximo	Seuil élevé
umbral mínimo	Seuil bas
un chingo	Un max, des tas, des masses, vachement (be
un huevo	Beaucoup, vachement
un metro cúbico de leña	Stère
un pajarito me dijo	Mon petit doigt m’a dit
un poco	Un peu
un poquito	Un petit peu
un punto es todo	Un point c’est tout
una buena vez para todas	Une bonne fois pour toutes
una de dos	De deux choses l’une
una golondrina no hace verano	Une hirondelle ne fait pas le printemps
una imagen vale más que mil palabras	Une image vaut mille mots
una o la otra	Tel ou tel
una pluralidad de	Une pluralité de
una vez	Par le passé, un certain jour ou à un cert
una vez al año no hace daño	Une fois n’est pas coutume
una vez más	Encore une fois
una vez por todas	Une fois pour toutes
unicornio elegante	Licornet
unidad apaisada	Unité paysagère
unidad arbitraria	Unité arbitraire
unidad astronómica	Unité astronomique
unidad de masa atómica	Unité de masse atomique
unidad de medida	Unité de mesure
unidad internacional	Unité internationale
unidad lógica	Unité logique
unidades arbitrarias	Unité arbitraire
universo paralelo	Univers parallèle
unión neuromuscular	Plaque motrice
uno a uno	Un à un
uno después de otro	À tour de rôle
uno mismo	Soi-même
uno o más	Un ou plusieurs
uno o varios	Un ou plusieurs
uranio empobrecido	Uranium appauvri
urna funeraria	Urne funéraire, urne cinéraire
urogallo común	Coq de bruyère, grand tétras
urogallo de las artemisas	Tétras des armoises
urraca copetona de garganta blanca	Geai à face blanche
urraca de sumatra	Témia coiffée
urraca pinta	Geai panaché
urubú de la selva	Grand urubu
urubú grande de cabeza amarilla	Grand urubu
usuario títere	Faux-nez
utensilios de cocina	Ustensile de cuisine
utilizar como arma	Arsenaliser
uva camarona	Nom vernaculaire de Macleania rupestris; Nom donné aux fruits de Macleania rupes
uva de américa	Méchoacan
uva de gato	Orpin blanc
uva de la cordillera	If aux prunes
uva de mesa	Raisin de table
uva de raposa	Parisette à quatre feuilles
uva de zorra	Parisette, parisette à quatre feuilles
uva espina	Groseille à maquereau
uva lupina	Aconit
uva pasa	Raisin sec
uvas de perro	Laurier-tin
uve doble	Double vé, double-vé
uña de caballo	Tussilage
uña de gato	Figue des Hottentots
uña de pie	Ongle de pied
uña retráctil	Griffe rétractile
uña y carne	Cul et chemise
vaca andaluza	Andalouse
vaca canaria	Canaria
vaca cárdena andaluza	Andalouse
vaca de san antón	Coccinelle
vaca doméstica	Bœuf domestique
vaca frisona	Holstein
vaca holstein	Holstein
vaca lechera	Vache laitière, vache à lait
vaca negra andaluza	Andalouse
vaca que ríe	Vache qui rit
vaca retinta	Retinta
vacaciones de verano	Vacances d’été
vacas y rubios	Grondin
vacuna candidata	Candidat-vaccin
vacuna monovalente	Monovalent
vagón bar	Voiture-bar
vagón cisterna	Wagon-citerne
vagón restaurante	Voiture-restaurant
vale decir	C’est-à-dire
valenciano central	Valencien central
valenciano septentrional	Valencien septentrional
valer la pena	Valoir le coup, valoir la peine
valer madre	Ne pas avoir d’importance; (Souvent au passé) Être foutu
valer madres	Ne pas importer, indifférer; Partir en couille, foirer (ne pas aller co
valeriana azul	Polémoine bleue
valeriana griega	Polémoine bleue
valerse de	S’aider de
valla publicitaria	Panneau publicitaire
valle inquietante	Vallée dérangeante
valle seco	Vallée sèche
vallhund sueco	Vallhund suédois
valor absoluto	Valeur absolue, module
valor añadido	Valeur ajoutée
valor característico	Valeur propre
valor de mercado	Valeur de marché
valor de uso	Valeur d’usage
valor de verdad	Valeur de vérité
valor eficaz	Valeur efficace
valor meta	Valeur cible
valor mobiliario	Valeur mobilière
valor nominal	Valeur nominale, valeur faciale
valor objetivo	Valeur cible
valor propio	Valeur propre
vamos a ver	Voyons voir
vanesa de los cardos	Belle-dame
vapor de agua	Vapeur d’eau
vaquita marina	Marsouin du golfe de Californie
vaquita suiza	Doris dalmatien
vara de durillo	Laurier-tin
vara de esculapio	Bâton d’Esculape
vara de jacob	Arbalestrille
vara de oro	Solidago, solidage
varano arborícola	Varan bigarré
varano de sabana	Varan des savanes
varano del desierto	Varan du désert
varano del nilo	Varan du Nil
variable estática	Variable statique
variable global	Variable globale
variable local	Variable locale
variación diatópica	Variation diatopique
variador de velocidad	Variateur de vitesse
varilla de oro	Arbalestrille
varilla de san josé	Asphodèle blanc
varillero capuchino	Carouge à capuchon
varillero congo	Carouge à calotte rousse
varillero ojipálido	Carouge à œil clair
varita de pescado	Poisson pané
varita mágica	Baguette magique
vaso sanguíneo	Vaisseau sanguin
vecino de arriba	Voisin du dessus
vector característico	Vecteur propre
vector de interrupciones	Vecteur d’interruption
vector propio	Vecteur propre
vehículo aéreo no tripulado	Drone
vehículo de dos ruedas	Deux-roues
vehículo de la empresa	Voiture de société
vehículo de movilidad personal	Engin de déplacement personnel
vehículo espacial	Véhicule spatial
vejiga natatoria	Vessie natatoire
vela al tercio	Voile au tiers
vela de mar	Vélelle
vela latina	Voile latine
vela ligera	Dériveur
vela solar	Voile solaire
velero de cuatro mástiles	Quatre-mâts
velero de tres mástiles	Trois-mâts
vello púbico	Poil pubien
velo de flor	Voile
velocidad de crucero	Vitesse de croisière
velocidad de la luz	Vitesse de la lumière
vena porta hepática	Veine porte
venado de las pampas	Cerf des Pampas
venado pampero	Cerf des Pampas
vencejo arborícola	Hémiprocné
vencejo común	Martinet noir
vencejo moro	Martinet des maisons
vencejo pálido	Martinet pâle
vencejo real	Martinet à ventre blanc
vencetósigo negro	Dompte-venin noir
vendedor ambulante	Colporteur
vendedora de ropa blanca	Lingère
vendedores ambulantes	À la sauvette
vender un riñón	Se saigner aux quatre veines
venderse como churros	Se vendre comme des petits pains
venderse como pan caliente	Se vendre comme des petits pains
venderse como panes calientes	Se vendre comme des petits pains
venderse como rosquillas	Se vendre comme des petits pains
veneno de neutrones	Poison neutronique
veneno nuclear	Poison neutronique
venganza de moctezuma	Tourista
venir de perlas	Tomber à pic
ventaja comparativa	Avantage comparatif
ventana de bruja	Fenêtre de sorcière
ventana de oportunidad	Fenêtre d’opportunité
ventana de overton	Fenêtre d’Overton
ventana de vermont	Fenêtre de sorcière
ventana emergente	Pop-up
ventanilla única	Guichet unique
ventilador de presión negativa	Poumon d’acier
ver con buenos ojos	Voir d’un bon œil
ver el vaso medio lleno	Voir le verre à moitié plein
ver la luz	Faire surface
ver las estrellas	Voir trente-six chandelles
ver todo de color de rosa	Voir la vie en rose
ver venir venir la tormenta	Faire le dos rond
verbena de indias	Verveine odorante
verbo auxiliar	Auxiliaire
verbo copulativo	Copule
verbo estrictamente pronominal	Verbe pronominal
verbo matiz	Verbe pronominal
verbo pronominado	Verbe pronominal
verbo pronominal	Verbe pronominal
verbo reflexivo	Verbe pronominal
verbo transitivo	Verbe transitif
verde agua	Vert d’eau
verde botella	Vert bouteille
verde de parís	Vert de Paris
verde de scheele	Vert de Scheele
verde de schweinfurth	Vert de Schweinfurt
verde esmeralda	Vert émeraude
verde pistacho	Vert pistache
verderón común	Verdier d’Europe
verderón europeo	Verdier d’Europe
verderón serrano	Venturon montagnard
verdicto de inocencia	Acquittement
verdolaga de cuba	Pourpier d’hiver
verdolaga francesa	Gros pourpier
verle el ojo a la papa	Perdre son pucelage (avoir sa première rel; Voir la feuille à l’envers, tremper
verse tonto	Avoir l’air fin
verso ascelpiadeo	Asclépiade
verso libre	Vers libre
vertedero de semen	Garage à bites
vestido de novia	Robe de mariée
vesícula aérea	Alvéole pulmonaire
vesícula biliar	Vésicule biliaire
vete a la chingada	Va te faire enculer
vete a la mierda	S’emploie pour manifester avec virulence à
vete a tomar por culo	Va te faire enculer
veza hirsuta	Vesce hérissée
via muerta	Voie de garage
viajante comercial	Voyageur de commerce, commis-voyageur
viaje de negocios	Voyage d’affaires
viaje escolar a la nieve	Classe de neige
viajero de comercio	Voyageur de commerce, commis-voyageur
victoria a lo pirro	Victoire à la Pyrrhus
victoria pírrica	Victoire à la pyrrhus
vida especular	Vie miroir
vida espejo	Vie miroir
vidrio aislante	Double vitrage
vidrio de uranio	Ouraline
vidrio pulverizado	Calcin
vidrio templado	Verre trempé
vidrio volcánico	Verre volcanique
vieira del mediterráneo	Coquille Saint-Jacques de Méditerranée
vieja colorada	Poisson-perroquet méditerranéen, scare
viejo del monte	Tayra
viejo demonio	Vieux démon
viento del noroeste	Noroît
viento del sudoeste	Suroît
viento del suroeste	Suroît
viento estelar	Vent stellaire
viento polar	Vent polaire
viento solar	Vent solaire
vientre de alquiler	Ventre à louer, femme porteuse, mère porteuse
viernes santo	Vendredi saint
viernes trece	Vendredi treize
viga maestra	Maîtresse poutre
vigilancia sindrómica	Surveillance syndromique
vigilante de seguridad	Agent de sécurité, gardien
vigilia pascual	Veillée pascale
vigésima primera	Vingt-et-unième
vigésima segunda	Vingt-deuxième
vigésimo primero	Vingt-et-unième
vigésimo segundo	Vingt-deuxième
vigésimo tercero	Vingt-troisième
vihuela de arco	Vièle
vihuela de mano	Vihuela
vihuela de rueda	Vielle à roue
vihuela española	Vihuela
villa olímpica	Village olympique
vinagre balsámico	Vinaigre balsamique
vincularse con	Avoir trait à
vino blanco	Vin blanc
vino caliente	Vin chaud
vino de arroz	Vin de riz
vino de borgoña	Bourgogne
vino de crianza	Vin de garde
vino de hielo	Vin de glace
vino de yema	Vin de goutte
vino natural	Vin naturel
vino rosado	Vin rosé
vino tinto	Vin rouge; Couleur de vin rouge, lie-de-vin
viola da gamba	Viole de gambe
viola de amor	Viole d’amour
violación colectiva	Viol en réunion, viol collectif
violación conyugal	Viol conjugal
violación en grupo	Viol en réunion
violación marital	Viol conjugal
violencia conyugal	Violence conjugale
violencia de género	Violence conjugale
violencia de pareja	Violence conjugale
violencia doméstica	Violence domestique
violencia estructural	Violence structurelle
violencia física	Violence physique
violencia institucional	Violence institutionnelle
violencia intrafamiliar	Violence conjugale
violencia marital	Violence conjugale
violencia médica	Violence médicale
violencia política	Violence politique
violencia psicológica	Violence psychologique
violencia sexual	Violence sexuelle, forme de violence haute
violencia simbólica	Violence symbolique
violencia verbal	Violence verbale
violencia vicaria	Violence vicariante
violeta común	Violette odorante
virgen abridera	Vierge ouvrante
viruela de los monos	Variole du singe (zoonose)
viruela del mono	Variole du singe
viruela del simio	Variole du singe (zoonose)
viruela símica	Variole du singe, variole simienne
virus adn	Virus à ADN
virus arn	Virus à ARN
virus de epstein-barr	Virus d’Epstein-Barr
virus de la inmunodeficiencia humana	Virus de l’immunodéficience humaine
virus del nilo occidental	Virus du Nil occidental
virus del zika	synonyme de zika
virus zoonótico	Zoovirus
visita relámpago	Passage éclair
visitar de nuevo	Revisiter
visitar el pesebre	Faire un cunnilingus
visión de conjunto	Vue d’ensemble
visión nocturna	Nyctalopie
visto bueno	Satisfecit
visón europeo	Vison d’Europe
vitriolo amoniacal	Vitriol ammoniacal
vitriolo azul	Vitriol bleu
vitriolo blanco	Vitriol blanc
viuda alegre	Veuve joyeuse
viuda negra	Veuve noire
viuda que goza de una pensión	Douairière
viuda silvestre	Knautie des champs
vivienda compartida	Colocation
vivienda social	Logement social
vivir como un rajá	Mener une vie de pacha, vivre dans le luxe
vivir en pareja	Se mettre en ménage
viznaga roja	Cactus citron mexicain
viña virgen	Vigne vierge
viñedo de beaujolais	Beaujolais
vocal cerrada	Voyelle fermée
vocal semiabierta	Voyelle mi-ouverte
vocal semicerrada	Voyelle mi-fermée
volador tropical	Poisson volant commun
volante de inercia	Roue cinétique, volant d’inertie
volar a la altura máxima	Plafonner
volar a otra parte	Envoler
volar con sus propias alas	Voler de ses propres ailes
volcas arecómicos	Volques Arécomiques
volcán activo	Volcan actif
volcán apagado	Volcan endormi
volcán submarino	Volcan sous-marin
voleibol de playa	Volley-ball de plage
volet costal	Volet thoracique
volpino italiano	Volpino italien
voltear la página	Tourner la page
volumen de negocios	Chiffre d’affaires
voluntad de poder	Volonté de puissance
voluntad de potencia	Volonté de puissance
voluntad de pujanza	Volonté de puissance
voluntad de sentido	Volonté de sens
voluntades anticipadas	Directive anticipée
volver a analizar	Revisiter
volver a arrancar	Redémarrer
volver a capturar	Rattraper
volver a dorar	Redorer
volver a la infancia	Retomber en enfance
volver a plantear	Revisiter
volver a poner en funcionamiento	Remettre en état
volver a ratrapar	Rattraper
volver a tirar	Rejeter
volver a tragar	Ravaler
volver a visitar	Revisiter
volver en sí	Revenir à soi, reprendre ses esprits
volver loco	Rendre fou
volverte loco	Péter les plombs
vomito negro	Chapetonnade
votación a mano alzada	Vote à main levée
voto en blanco	Vote blanc
vox pópuli	Vox populi
voz activa	Voix active
voz en off	Voix off
voz fuerte	Grosse voix
voz media	Voix moyenne
voz pasiva	Voix passive
vuelo de la muerte	Vol de la mort
vuelo nupcial	Vol nuptial
vuelo salvaje	Aviation de brousse
vuelta a las aulas	Rentrée des classes
vuelta al cole	Rentrée, rentrée des classes
vuelta de calentamiento	Tour de chauffe
vuelta de escota	Nœud d’écoute
vuelvepiedras común	Tournepierre à collier
vuestra merced	Vôtre grace
válgame la expresión	Passez-moi l’expression
válvula cardiaca	Valve cardiaque
válvula cardíaca	Valve cardiaque
válvula mezcladora	Vanne mélangeuse
válvula termoiónica	Tube électronique
válvulas de tres vías	Vanne à trois voies
vérselas con	Faire face à quelqu’un, avoir affaire à qu
vérselas negras	En voir des vertes et des pas mûres
vértebra lumbar	Vertèbre lombaire
vía crucis	Chemin de croix
vía de hecho	Voie de fait
vía estrecha	Voie étroite
vía férrea	Voie ferrée
vía láctea	Voie lactée
vía urinaria	Voie urinaire
vía verde	Voie verte
vías respiratorias inferiores	Voies aériennes inférieures
vías respiratorias superiores	Voies aériennes supérieures
víbora cantábrica	Vipère de Séoane
víbora común europea	Vipère péliade
víbora de arena	Vipère ammodyte
víbora de cascabel	Serpent à sonnette
víbora de foseta	Crotale
víbora de kaznakov	Vipère du Caucase, vipère de Kaznakov
víbora de la costa	Vipère ottomane
víbora de lataste	Vipère de Lataste
víbora de muerte común	Vipère de la mort
víbora de orsini	Vipère d’Orsini
víbora de seoane	Vipère de Séoane
víbora del cuerno	Vipère ammodyte
víbora del cáucaso	Vipère du Caucase, vipère de Kaznakov
víbora hocicuda	Vipère de Lataste
víbora otomana	Vipère ottomane
víbora áspid	Vipère aspic
vómito negro	Fièvre jaune
vómito prieto	Fièvre jaune
washingtonia de california	Palmier de Californie
west highland white terrier	Terrier blanc West Highland
whisky escocés	Scotch
wikimedista residente	Wikimédien en résidence
wikipedista residente	Wikimédienne en résidence
wombat de nariz peluda del norte	Wombat à nez poilu du Nord
wombat del norte	Wombat à nez poilu du Nord
wómbat común	Wombat commun
wómbat de hocico peludo	Wombat à nez poilu
wómbat de hocico peludo sureño	Wombat à nez poilu du Sud
xerodermia pigmentaria	Synonyme de xerodermia pigmentosa (xeroder
xerodermia pigmentosa	Xeroderma pigmentosum
xerrar los ojos	Faire l’autruche
y así sucesivamente	Et ainsi de suite
y basta	Point final
y bla bla bla	Et tout le tralala
y con razón	Et pour cause
y los demás	Tout ça
y otros	Et al.
y pico	Se dit pour donner une quantité en plus, i
y punto	Point final
y punto final	Point final
y se acabó	Point final
y si	Et si
y tal y cual	Et ci et ça, et patin-couffin, etc
ya está	Ça y est
ya no	Plus, non plus
ya que	Étant donné que, une fois que; Parce que
yacimiento arqueológico	Site archéologique
yacú poí	Pénélope péoa
yal austral	Bruant de Patagonie, bruant patagon à gorge noire, mélanodère à sourcils blancs
yana mota	Poisson d’eau douce siluriforme natif d’Am
yautía coco	Taro, taro d’eau
yerba cana	Séneçon
yerba del pollo	Herniaria glabra
yerba del susto	Cerastium sp
yerba forrajera	Herbe
yerba mate	Maté
yetapá acollarado	Moucherolle à longue queue, moucherolle à queue large
yetapá de collar	Moucherolle à longue queue, moucherolle à queue large
yo mismo	Moi-même
yoduro de hidrógeno	(nom UICPA) Iodure d’hydrogène (HI)
yorkshire terrier	Terrier du Yorkshire
yuca banana	Yucca banane, yuccactus
yugo escocés	Système manivelle-cadre, mécanisme permett
yugo y flechas	Joug et flèches, symbole espagnol monarchi
zafras de esquito	Schistes stériles
zamarrilla de los muros	Germandrée petit-chêne
zampullín chico	Grèbe castagneux
zampullín común	Grèbe castagneux
zampullín cuellinegro	Grèbe à cou noir
zampullín cuellirrojo	Grèbe esclavon
zanate jamaicano	Carouge de Jamaïque
zapallo italiano	Courgette
zapaticos de la virgen	Lotier corniculé
zapatilla de dama	Cypripède
zapatillas deportivas	Basket
zapato de tacón	Escarpin
zapato de tacón de aguja	Talon aiguille
zapato de venus	Sabot de Vénus, sabot-de-Vénus
zapato náutico	Chaussure bateau
zapote negro	Sapote noire
zapoteco de lachixío	Zapotèque de Lachixío
zapoteco de mitla	Zapotèque de Mitla
zapoteco de ocotlán	Zapotèque d’Ocotlán
zapoteco de san baltazar chichicápam	Zapotèque de San Baltazar Chichicápam
zapoteco de san bartolomé zoogocho	Zapotèque de San Bartolomé Zoogocho
zapoteco de san francisco ozolotepec	Zapotèque de San Francisco Ozolotepec
zapoteco de san juan guelavía	Zapotèque de San Juan Guelavía
zapoteco istmeño	Zapotèque de l’Isthme
zarapito boreal	Courlis esquimau
zarapito chico	Courlis nain
zarapito de pico recto	Barge hudsonienne
zarapito fino	Courlis à bec grêle
zarapito real	Courlis cendré
zarapito trinador	Courlis corlieu
zarcero común	Hypolaïs polyglotte
zarcero grande	Hypolaïs des oliviers
zarcero icterino	Hypolaïs ictérine
zarcero pálido oriental	Hypolaïs pâle
zarigüeya brasileña	Sarigue du Sud-Est brésilien
zarigüeya cangrejera	Opossum commun
zarigüeya común americana	Opossum commun
zarigüeya de agua	Yapock
zarigüeya de cola de pincel	Opossum à queue touffue
zarigüeya de cola gruesa	Opossum à grosse queue
zarigüeya de virginia	Opossum de Virginie
zarigüeya lanosa	Opossum laineux
zarigüeya lanuda	Opossum laineux
zarigüeya lanuda centroamericana	Opossum laineux de Derby
zarigüeya lanuda de cola desnuda	Opossum laineux jaune
zarigüeya lanuda de cola pelona	Opossum laineux jaune
zarigüeya lanuda de hombros negros	Opossum à épaules noires
zarigüeya lanuda inca	Opossum à épaules noires
zarigüeya lanuda occidental	Opossum laineux roux
zarigüeya lanuda parda	Opossum laineux jaune
zarigüeya norteamericana	Opossum de Virginie
zarigüeya orejiblanca	Opossum à oreilles blanches
zarigüeya orejiblanca andina	Opossum à oreilles blanches des Andes
zarigüeya orejiblanca de guayana	Pian à oreilles blanches
zarigüeya orejuda	Sarigue du Sud-Est brésilien
zarigüeyas lanosas	Opossums laineux
zarigüeyas lanudas	Opossums laineux
zarigüeyita de estola negra	Opossum à épaules noires
zarza de logan	Mûre de Logan
zarza morisca	Salsepareille, salsepareille d’Europe
zarzaparrilla alemana	Laîche des sables
zifio calderón austral	Hypérodon austral
zifio calderón boreal	Baleine à bec commune
zifio de andrew	Baleine à bec d’Andrews
zifio de arnoux	Bérardie d’Arnoux
zifio de baird	Bérardie de Baird
zifio de blainville	Baleine à bec de Blainville
zifio de cuvier	Baleine à bec de Cuvier
zifio de gervais	Baleine à bec de Gervais
zifio de gray	Baleine à bec de Gray
zifio de hector	Baleine à bec d’Hector
zifio de hubbs	Baleine à bec de Hubbs
zifio de layard	Baleine à bec de Layard
zifio de longman	Baleine à bec de Longman
zifio de perrin	Baleine à bec de Perrin
zifio de shepherd	Tasmacète
zifio de sowerby	Baleine à bec de Sowerby
zifio de stejneger	Baleine à bec de Stejneger
zifio de travers	Baleine à bec de Travers
zifio de true	Baleine à bec de True
zifio del atlántico norte	Baleine à bec de Sowerby
zifio del mar de bering	Baleine à bec de Stejneger
zifio europeo	Baleine à bec de Gervais
zifio indo-pacífico	Baleine à bec de Longman
zifio japonés	Mésoplodon japonais
zifio menor	Baleine à bec pygmée
zifio peruano	Baleine à bec pygmée
ziygena de las seis puntos	Zygène de la spirée
zona azul	Zone bleue
zona comercial	Zone commerciale
zona de confort	Zone de confort
zona de exclusión	Zone d’exclusion
zona de fresnel	Ellipsoïde de Fresnel
zona desmilitarizada	Zone démilitarisée
zona económica exclusiva	ZEE
zona erógena	Zone érogène
zona esférica	Zone sphérique
zona gris	Zone grise
zona intermareal	Estran, zone intertidale
zona libre	Zone libre
zona monetaria óptima	Zone monétaire optimale
zona peatonal	Zone piétonne
zona tampón	Zone tampon
zopilote cabecigualdo	Urubu à tête jaune
zopilote negro	Urubu noir
zopilote real	Vautour pape
zopilote rey	Sarcoramphe roi
zopilote sabanero	Urubu à tête jaune
zorra chucha	Opossum commun
zorra de vía	Draisine
zorrito de palo	Opossum laineux
zorritos de palo	Opossums laineux
zorro afgano	Renard afghan, renard de Blanford
zorro chilote	Renard de Darwin
zorro colorado	Renard de Magellan, culpeau
zorro común	Renard roux
zorro culpeo	Culpeau
zorro de blanford	Renard afghan, renard de Blanford
zorro de darwin	Renard de Darwin
zorro del cabo	Renard du Cap
zorro estepario	Renard afghan, renard de Blanford
zorro grande	Loup à crinière
zorro gris	Renard gris d’Argentine
zorro orejudo	Otocyon
zorro pitoco	Chien des buissons
zorro polar	Renard polaire
zorro rojo	Renard roux
zorro tibetano	Renard tibétain
zorro vinagre	Chien des buissons
zorro volador de amboina	Roussette d’Amboine
zorro volador de anteojos	Renard volant à lunettes
zorro volador de barba negra	Renard volant à barbe noire
zorro volador de la india	Chauve-souris géante d’Inde, renard volant d’Inde
zorro volador de las molucas	Roussette d’Amboine
zorro volador de las seychelles	Roussette des Seychelles
zorro volador de madagascar	Renard volant roux, roussette de Madagascar
zorro volador de ryukyu	Roussette des Ryukyu
zorro volador filipino	Renard volant des Philippines, roussette à couronne dorée
zorro volador negro	Renard volant noir
zorro volador negro de mauricio	Roussette noire
zorsal dorsirrufo	Merle à dos roux
zorzal abisinio	Merle abyssinien
zorzal africano	Merle africain
zorzal alirrojo	Grive mauvis
zorzal cabecinegro	Merle à froc noir
zorzal cabecipardo	Merle à flancs roux
zorzal campana	Merle à calotte grise
zorzal castaño	Merle à tête grise
zorzal ceniciento	Merle cendré
zorzal chalchalero	Merle à ventre clair
zorzal charlo	Grive draine
zorzal chiguanco	Merle chiguanco
zorzal chocolate	Merle cacao
zorzal colorado	Merle à ventre roux
zorzal común	Grive musicienne
zorzal cuelliblanco	Merle à col blanc
zorzal cuelliblanco norteño	Merle à gorge blanche
zorzal cuelliblanco sureño	Merle à col blanc
zorzal cuellirrufo	Merle à col roux
zorzal de barbilla blanca	Merle à miroir
zorzal de fea	Merle de Fea
zorzal de hauxwell	Merle de Hauxwell
zorzal de kessler	Merle de Kessler
zorzal de kurrichane	Merle kurrichane
zorzal de la española	Merle de La Selle
zorzal de las comores	Merle des Comores
zorzal de santo tomé	Merle de Sao Tomé
zorzal del marañón	Merle du Maranon
zorzal dorado	Grive dorée, grive dama
zorzal dorsicanelo	Merle à dos roux
zorzal dorsigrís	Merle à dos gris
zorzal dorsiplomizo	Merle de Reeve
zorzal ecuatoriano	Merle d’Équateur
zorzal eunomo	Grive à ailes rousses
zorzal gorgiblanco	Merle à miroir
zorzal gorjiblanco	Merle à gorge blanche
zorzal herrero	Merle à calotte grise
zorzal imitador	Merle de Lawrence
zorzal insular	Merle des îles
zorzal jamaicano	Merle aux yeux blancs
zorzal japonés	Merle du Japon
zorzal litsitsirupa	Merle litsitsirupa
zorzal montañés	Merle enfumé
zorzal negro	Merle lustré
zorzal oliváceo	Merle olivâtre
zorzal papinegro	Grive à gorge noire
zorzal pardo	Merle fauve
zorzal patagón	Merle austral
zorzal patagónico	Merle austral
zorzal patirrojo	Merle vantard
zorzal pechinegro	Merle à poitrine noire
zorzal petirrojo	Merle d’Amérique
zorzal piquinegro	Merle à bec noir
zorzal plomizo	Merle ardoisé
zorzal plomizo andino	Merle ardoisé
zorzal pálido	Merle pâle
zorzal real	Litorne, grive litorne
zorzal rojigris	Grive obscure
zorzal sabiá	Merle leucomèle
zorzal serrano	Merle de montagne
zorzal somalí	Merle de Somalie
zorzal unicolor	Merle unicolore
zorzal ustulado	Grive à dos olive
zorzal ventricastaño	Merle à ventre fauve
zorzal ventripálido	Merle cul-blanc
zorzal yemení	Merle du Yémen
zorzalito de swainson	Grive à dos olive
zumo de manzana	Jus de pomme
zurcido japonés	Réparation quasiment invisible de la déchi; Suture réparatrice de l’hymen, hymén
zurrón boliviano	Herbe aux écus
á cántaro	En abondance, en grande quantité
ábrete sésamo	Sésame, ouvre-toi
ácido acetilsalicílico	Acide acétylsalicylique
ácido acrílico	Acide acrylique
ácido acético	Acide acétique
ácido acético glacial	Acide acétique glacial
ácido alfa-linolénico	Acide α-linolénique (acide octadéca-9Z,12Z
ácido algínico	Acide alginique
ácido araquidónico	Acide arachidonique
ácido araquídico	Acide eicosanoïque (acide icosanoïque)
ácido arsénico	Acide arsénique
ácido ascórbico	Acide ascorbique
ácido azotoso	Synonyme de ácido nitroso (acide nitreux)
ácido azul	Cyanure d’hydrogène, acide cyanhydrique (H
ácido behénico	Acide béhénique (acide docosanoïque)
ácido benzoico	Acide benzoïque
ácido bromhídrico	Acide bromhydrique
ácido butírico	Acide butyrique (acide butanoïque)
ácido bórico	Acide borique (acide orthoborique) — H₃BO₃
ácido caproico	Acide caproïque (acide hexanoïque)
ácido caprílico	Acide caprylique (acide octanoïque)
ácido caprónico	Synonyme de ácido caproico (acide caproïqu
ácido carboxílico	Acide carboxylique
ácido carbónico	Acide carbonique
ácido cervónico	Synonyme de ácido docosahexaenoico (acide
ácido cianhídrico	Cyanure d’hydrogène, acide cyanhydrique (H
ácido ciánico	Acide cyanique
ácido clorhídrico	Acide chlorhydrique (H₃O⁺ + Cl_⁻)
ácido cloroacético	Acide chloroacétique
ácido clórico	Acide chlorique
ácido cáprico	Acide caprique (acide décanoïque)
ácido cítrico	Acide citrique
ácido de chile	Synonyme de ácido nitroso (acide nitreux)
ácido de nitro	Synonyme de ácido nitroso (acide nitreux)
ácido de salitre	Synonyme de ácido nitroso (acide nitreux)
ácido decanoico	(nom UICPA) Synonyme de ácido cáprico (aci
ácido desoxirribonucleico	Acide désoxyribonucléique
ácido dicloroacético	Acide dichloroacétique
ácido dioxonítrico	(nom UICPA) Synonyme de ácido nitroso (aci
ácido docosahexaenoico	Acide docosahexaénoïque (acide docosa-4Z,7
ácido docosanoico	(nom UICPA) Synonyme de ácido behénico (ac
ácido dodecanóico	(nom UICPA) Synonyme de ácido láurico (aci
ácido dodecílico	Synonyme de ácido láurico (acide laurique)
ácido dodecóico	Synonyme de ácido láurico (acide laurique)
ácido débil	Acide faible
ácido eicocsatetraenoico	Synonyme de ácido araquidónico (acide arac
ácido eicosanoico	Synonyme de ácido araquídico (acide eicosa
ácido eicosapentaenoico	Acide eicosapentaénoïque (acide icosa-5Z,8
ácido estearidónico	Acide stéaridonique (acide octadéca-6Z,9Z,
ácido esteárico	Acide stéarique (acide octadécanoïque)
ácido etanocarboxílico	Synonyme de ácido propanoico (acide propio
ácido etanoico	(nom UICPA) Acide éthanoïque
ácido fluorhídrico	Acide fluorhydrique (H₃O⁺ + F⁻)
ácido fosfórico	Acide phosphorique
ácido fuerte	Acide fort
ácido fumárico	Acide fumarique
ácido fítico	Acide phytique
ácido fórmico	Acide formique
ácido gamma-aminobutírico	Synonyme de ácido γ-aminobutírico (acide γ
ácido gamma-linolénico	Acide γ-linolénique (acide octadéca-6Z,9Z,
ácido graso	Acide gras
ácido graso esencial	Acide gras essentiel
ácido graso insaturado	Acide gras insaturé
ácido graso saturado	Acide gras saturé
ácido gálico	Acide gallique
ácido hexadecanoico	(nom systémique) Acide hexadécanoïque (aci
ácido hexanoico	Synonyme de ácido caproico (acide caproïqu
ácido hialurónico	Acide hyaluronique
ácido hidrazoico	Acide azothydrique
ácido hipocloroso	Acide hypochloreux
ácido icosanoico	Synonyme de ácido araquídico (acide eicosa
ácido icosapentaenoico	Synonyme de ácido eicosapentaenoico (acide
ácido isobutírico	Acide isobutyrique (acide 2-méthylpropanoï
ácido linoleico	Acide linoléique (acide octadéca-9Z,12Z-di
ácido linoleico conjugado	Acide linoléique conjugué
ácido lipoico	Acide lipoïque
ácido láctico	Acide lactique
ácido láurico	Acide laurique (acide dodécanoïque)
ácido maleico	Acide maléique
ácido malónico	Acide malonique
ácido metanoico	(nom UICPA) Synonyme de ácido fórmico (aci
ácido metilcarboxílico	Synonyme de ácido acético (acide acétique)
ácido mirístico	Acide myristique (acide tétradécanoïque)
ácido montánico	Acide montanique (acide octacosanoïque)
ácido moróctico	Synonyme de ácido estearidónico (acide sté
ácido málico	Acide malique
ácido n-dodecanóico	Synonyme de ácido láurico (acide laurique)
ácido n-hexanoico	(nom UICPA) Synonyme de ácido caproico (ac
ácido nitrhídrico	Acide azothydrique
ácido nitroso	Acide nitreux
ácido nítrico	Acide nitrique
ácido octacosanoico	(nom UICPA) Synonyme de ácido montánico (a
ácido octadecanoico	(nom UICPA) Synonyme de ácido esteárico (a
ácido octanóico	(nom UICPA) Synonyme de ácido caprílico (a
ácido oleico	Acide oléique
ácido ortobórico	Acide borique (acide orthoborique) — H₃BO₃
ácido ortofosfórico	Acide orthophosphorique
ácido oxálico	Acide oxalique
ácido palmitoleico	Acide palmitoléique (acide hexadéc-9Z-énoï
ácido palmítico	Acide palmitique (acide hexadécanoïque)
ácido pentanoico	(nom UICPA) Synonyme de ácido valérico (ac
ácido perclórico	Acide perchlorique
ácido propanoico	(nom UICPA) Acide propionique (acide propa
ácido propiónico	Synonyme de ácido propanoico (acide propio
ácido prúsico	Acide prussique
ácido pícrico	Acide picrique (2,4,6-trinitrophénol)
ácido racémico	Acide racémique
ácido ribonucleico	Acide ribonucléique
ácido salicílico	Acide salicylique
ácido selenhídrico	Séléniure d’hydrogène (H₂Se)
ácido silícico	Acide silicique
ácido succínico	Acide succinique
ácido sulfhídrico	Synonyme de sulfuro de hidrógeno (sulfure
ácido sulfuroso	Acide sulfureux
ácido sulfúrico	Acide sulfurique
ácido telurhídrico	Tellurure d’hydrogène (H₂Tel)
ácido tetradecanoico	(nom UICPA) Synonyme de ácido mirístico (a
ácido tetraoxosulfúrico	(nom UICPA) Synonyme de ácido sulfúrico (a
ácido trioxosulfúrico	(nom UICPA) Synonyme de ácido sulfuroso (a
ácido tánico	Acide tannique
ácido valeriánico	Acide valérianique
ácido valérico	Acide valérique (acide pentanoïque)
ácido yodhídico	Acide iodhydrique (H₃O⁺ + I⁻)
ácido yodhídrico	Acide iodhydrique (HI)
ácido úrico	Acide urique
áfrica negra	Afrique noire
áfrica subsahariana	Afrique subsaharienne
águila audaz	Aigle d’Australie
águila azor africano	Aigle fascié
águila bicéfala	Aigle bicéphale
águila cafre	Aigle de Verreaux
águila calva	Pygargue à tête blanche
águila calzada	Aigle botté
águila culebrera	Circaète Jean-le-Blanc
águila de gurney	Aigle de Gurney
águila de las molucas	Aigle de Gurney
águila esteparia	Aigle des steppes
águila harpía	Harpie féroce
águila imperial	Aigle impérial
águila imperial ibérica	Aigle ibérique
águila marcial	Aigle martial
águila monera	Aigle des singes
águila monera filipina	Aigle des singes
águila moteada	Aigle criard
águila moteada hindú	Aigle lancéolé
águila negra africana	Aigle de Verreaux
águila negra asiática	Aigle noir
águila perdicera	Aigle de Bonelli
águila pescadora	Balbuzard, balbuzard pêcheur
águila pomerana	Aigle pomarin
águila rapaz	Aigle ravisseur
águila real	Aigle royal
águila volatinera	Bateleur
águila-azor congoleña	Aigle de Cassin
álamo blanco	Peuplier blanc
álamo carolino	Peuplier deltoïde, peuplier de Virginie (P
álamo común	Peuplier blanc
álamo de la carolina	Peuplier deltoïde, peuplier de Virginie
álamo negro	Peuplier noir
álamo temblón	Tremble, Populus tremula; Tremble, Populus tremuloides
álbum conceptual	Album concept, album-concept
álgebra lineal	Algèbre linéaire
álgebra relacional	Algèbre relationnelle
áloe de barbados	Aloès des Barbades
áloe de curazao	Aloès des Barbades
álter ego	Alter ego
ámbar amarillo	Ambre jaune
ámbar facticio	Ambréade
ámbar gris	Ambre gris, ambre
ámbar negro	Jais
ámbar pardillo	Ambre gris
ámbito social	Social
ánade friso	Canard chipeau
ánade rabudo	Canard pilet
ánade real	Colvert
ánade silbón	Canard siffleur
ángel caído	Ange déchu
ángel custodio	Ange gardien
ángel de la guarda	Ange gardien
ángel guardián	Ange gardien
ángulo adyacente	Angle adjacent
ángulo agudo	Angle aigu
ángulo llano	Angle plat
ángulo obtuso	Angle obtus
ángulo recto	Angle droit
ángulo sólido	Angle solide
ángulos adyacentes	Angles adjacents
ángulos complementarios	Angles complémentaires
ángulos del viento	Allure
ángulos suplementarios	Angles supplémentaires
ánsar campestre	Oie des moissons
ánsar careto chico	Oie naine
ánsar careto grande	Oie rieuse
ánsar cisne	Oie cygnoïde
ánsar común	Oie cendrée
ánsar piquicorto	Oie à bec court
árabe andalusí	Arabe andalou, dialecte arabe parlée dans
árabe clásico	Arabe littéral
árabe hispánico	Arabe andalou
árabe libio	Arabe libyen
árabe magrebí	Darija
árabe marroquí	Arabe marocain
árabe sudanés	Arabe soudanais
árbol caído	Chablis
árbol coreano de arce	Érable de Corée
árbol de fallas	Arbre de défaillances
árbol de hierro	Synonyme de palo de fierro
árbol de iroko	Iroko
árbol de josué	Arbre de Josué
árbol de judas	Arbre de Judée
árbol de la manteca	Karité
árbol de la muerte	Mancenillier
árbol de la pelucas	Fustet
árbol de las pasas	Hovénie sucrée, raisinier de Chine
árbol de levas	Arbre à cames
árbol de navidad	Sapin de Noël, arbre de Noël; Synonyme de oyamel (Abies religiosa (Kunth
árbol de pomelo	Pamplemoussier
árbol de té	Théier
árbol del amor	Arbre de Judée
árbol del caucho	Arbre à caoutchouc, hévéa, hévéa du Brésil
árbol del cielo	Vernis de Chine, ailante glanduleux
árbol del clavo	Giroflier
árbol del huevo	Aki
árbol del pan	Arbre à pain
árbol del paraíso	Olivier de Bohême
árbol desraízado	Chablis
árbol excepcional	Arbre remarquable
árbol filogenético	Arbre phylogénétique
árbol frutal	Arbre fruitier
árbol genealógico	Arbre généalogique
árbol maravilla	Tournesol mexicain
árbol monumental	Arbre remarquable
árbol notable	Arbre remarquable
árbol ornamental	Arbre d’ornement
árbol podado en vertical	Houppier
árbol singular	Arbre remarquable
árbol sobresaliente	Arbre remarquable
árbol veterano	Arbre remarquable
área de descanso	Aire de repos
área metropolitana	Aire urbaine
época dorada	Âge d’or
érase una vez	il était une fois
éter dietílico	Éther diéthylique
éter etílico	Éther diéthylique
ética de la red	Nétiquette
éxodo rural	Exode rural
íbice de nubia	Bouquetin de Nubie
íbice siberiano	Bouquetin de Sibérie
ídolo moro	Zancle
índice de envejecimiento	Indice de vieillissement
índice de masa corporal	Indice de masse corporelle
índice de natalidad	Taux de natalité
índice de quetelet	Indice de Quetelet
índice de urbanización	Taux d’urbanisation
ñam ñam	Miam
ñame africano	Pois patate
ñandú común	Nandou d’Amérique
ñandú cordillerano	Nandou de Darwin
ñandú petiso	Nandou de Darwin
ñu azul	Gnou bleu
ñu negro	Gnou noir
órbita cementerio	Orbite de rebut, orbite de satellite au rebut
órbita cislunar	Orbite cislunaire
órice beisa	Oryx beisa
órice de arabia	Oryx d’Arabie
órice de el cabo	Oryx gazelle
órix de cuernos de cimitarra	Oryx algazelle
óxido de deuterio	Oxyde de deutérium
óxido de etileno	Oxyde d’éthylène
óxido de itrio	Yttria
óxido de nitrógeno	N’importe quel oxyde d’azote; Synonyme de monóxido de nitrógeno (le mono; Synony
óxido férrico	Oxyde ferrique
óxido jaloso	Synonyme de monóxido de dinitrógeno (proto
óxido nitroso	Synonyme de monóxido de dinitrógeno (proto
óxido nítrico	Synonyme de monóxido de nitrógeno (monoxyd
úlcera de buruli	Ulcère de Buruli
úlcera péptica	Ulcère gastro-duodénal
última cena	Cène
última palabra	Mot de la fin
últimas palabras	Dernières paroles
último cartucho	Baroud d’honneur
último combate	Baroud d’honneur
último esfuerzo	Dernière ligne droite
último grito	Dernier cri
